guest_id,customer_key,preferred_room_type,smoking_preference,special_request,created_at
CUS0000001,1,DLX,Non-Smoking,Late Check-In,2025-04-02
CUS0000002,2,DLX,Non-Smoking,High Floor,2026-02-23
CUS0000003,3,DLX,Non-Smoking,High Floor,2026-01-07
CUS0000004,4,EXC,Non-Smoking,None,2024-08-30
CUS0000005,5,DLX,Non-Smoking,None,2025-02-22
CUS0000006,6,DLX,Non-Smoking,None,2025-11-14
CUS0000007,7,EXC,Non-Smoking,Late Check-In,2025-05-28
CUS0000008,8,STD,Non-Smoking,Late Check-In,2026-05-10
CUS0000009,9,DLX,Non-Smoking,Late Check-In,2024-07-06
CUS0000010,10,DLX,Smoking,Late Check-In,2024-09-02
CUS0000011,11,EXC,Non-Smoking,Baby Cot,2025-12-18
CUS0000012,12,DLX,Non-Smoking,Near Elevator,2026-03-26
CUS0000013,13,STD,Non-Smoking,High Floor,2025-12-02
CUS0000014,14,STD,Non-Smoking,Baby Cot,2025-09-01
CUS0000015,15,STD,Non-Smoking,Late Check-In,2026-01-19
CUS0000016,16,SUP,Smoking,None,2025-12-25
CUS0000017,17,SUP,Non-Smoking,Near Elevator,2024-09-17
CUS0000018,18,EXC,Non-Smoking,None,2025-09-08
CUS0000019,19,DLX,Non-Smoking,High Floor,2025-04-06
CUS0000020,20,DLX,Non-Smoking,Baby Cot,2024-08-28
CUS0000021,21,SUP,Smoking,Near Elevator,2024-08-06
CUS0000022,22,STD,Non-Smoking,Baby Cot,2024-08-24
CUS0000023,23,STD,Non-Smoking,Late Check-In,2024-09-12
CUS0000024,24,EXC,Non-Smoking,Baby Cot,2025-01-08
CUS0000025,25,DLX,Non-Smoking,Near Elevator,2024-10-06
CUS0000026,26,DLX,Non-Smoking,Baby Cot,2024-10-08
CUS0000027,27,STD,Non-Smoking,High Floor,2025-04-07
CUS0000028,28,STD,Non-Smoking,None,2024-09-14
CUS0000029,29,SUT,Non-Smoking,Near Elevator,2026-05-11
CUS0000030,30,SUP,Non-Smoking,High Floor,2024-11-01
CUS0000031,31,DLX,Non-Smoking,Near Elevator,2026-04-07
CUS0000032,32,SUP,Non-Smoking,High Floor,2025-08-02
CUS0000033,33,SUT,Non-Smoking,High Floor,2025-01-26
CUS0000034,34,SUP,Non-Smoking,Baby Cot,2026-01-12
CUS0000035,35,DLX,Non-Smoking,Baby Cot,2025-06-15
CUS0000036,36,DLX,Smoking,Baby Cot,2026-02-02
CUS0000037,37,STD,Non-Smoking,None,2024-11-21
CUS0000038,38,SUP,Non-Smoking,Baby Cot,2026-03-12
CUS0000039,39,DLX,Smoking,High Floor,2024-12-10
CUS0000040,40,STD,Non-Smoking,Baby Cot,2024-08-23
CUS0000041,41,STD,Non-Smoking,None,2026-03-21
CUS0000042,42,STD,Non-Smoking,None,2026-02-21
CUS0000043,43,DLX,Non-Smoking,Late Check-In,2025-02-28
CUS0000044,44,DLX,Non-Smoking,High Floor,2024-10-15
CUS0000045,45,SUT,Non-Smoking,Baby Cot,2025-11-01
CUS0000046,46,EXC,Non-Smoking,High Floor,2024-07-19
CUS0000047,47,DLX,Smoking,Late Check-In,2025-06-17
CUS0000048,48,SUP,Non-Smoking,Late Check-In,2025-01-02
CUS0000049,49,SUT,Non-Smoking,Baby Cot,2024-06-01
CUS0000050,50,SUP,Non-Smoking,Near Elevator,2025-08-21
CUS0000051,51,DLX,Non-Smoking,Baby Cot,2026-03-01
CUS0000052,52,SUT,Non-Smoking,Late Check-In,2024-06-30
CUS0000053,53,SUT,Non-Smoking,Baby Cot,2025-02-10
CUS0000054,54,STD,Non-Smoking,High Floor,2024-11-08
CUS0000055,55,STD,Non-Smoking,Baby Cot,2025-03-12
CUS0000056,56,SUP,Non-Smoking,High Floor,2025-03-29
CUS0000057,57,STD,Non-Smoking,Late Check-In,2025-02-09
CUS0000058,58,STD,Non-Smoking,Baby Cot,2026-02-21
CUS0000059,59,SUT,Non-Smoking,Near Elevator,2026-02-13
CUS0000060,60,STD,Non-Smoking,High Floor,2025-03-30
CUS0000061,61,SUT,Non-Smoking,Late Check-In,2025-03-19
CUS0000062,62,SUT,Smoking,Near Elevator,2025-04-10
CUS0000063,63,EXC,Non-Smoking,High Floor,2026-02-15
CUS0000064,64,SUT,Non-Smoking,High Floor,2025-03-08
CUS0000065,65,SUP,Non-Smoking,Near Elevator,2025-07-13
CUS0000066,66,STD,Smoking,None,2024-08-03
CUS0000067,67,STD,Non-Smoking,Baby Cot,2024-10-11
CUS0000068,68,SUT,Non-Smoking,Near Elevator,2026-04-07
CUS0000069,69,EXC,Non-Smoking,Late Check-In,2024-06-22
CUS0000070,70,STD,Non-Smoking,Baby Cot,2026-05-10
CUS0000071,71,DLX,Smoking,Near Elevator,2025-03-09
CUS0000072,72,STD,Non-Smoking,Baby Cot,2025-12-05
CUS0000073,73,SUT,Non-Smoking,Late Check-In,2026-03-20
CUS0000074,74,SUP,Smoking,High Floor,2025-03-29
CUS0000075,75,DLX,Non-Smoking,High Floor,2026-01-12
CUS0000076,76,SUP,Non-Smoking,Baby Cot,2025-05-03
CUS0000077,77,SUP,Non-Smoking,Late Check-In,2024-11-18
CUS0000078,78,SUP,Non-Smoking,Near Elevator,2025-01-20
CUS0000079,79,STD,Non-Smoking,High Floor,2026-03-17
CUS0000080,80,SUT,Non-Smoking,Late Check-In,2025-10-14
CUS0000081,81,DLX,Non-Smoking,Baby Cot,2024-11-15
CUS0000082,82,SUP,Smoking,Late Check-In,2025-10-13
CUS0000083,83,STD,Non-Smoking,Late Check-In,2025-12-04
CUS0000084,84,STD,Smoking,None,2025-01-20
CUS0000085,85,EXC,Non-Smoking,Near Elevator,2024-08-14
CUS0000086,86,SUT,Non-Smoking,None,2026-04-03
CUS0000087,87,SUP,Non-Smoking,Near Elevator,2025-11-09
CUS0000088,88,SUT,Non-Smoking,Near Elevator,2025-12-04
CUS0000089,89,DLX,Non-Smoking,None,2025-01-22
CUS0000090,90,SUT,Non-Smoking,None,2024-11-09
CUS0000091,91,SUT,Smoking,Late Check-In,2026-01-07
CUS0000092,92,SUT,Smoking,High Floor,2026-02-11
CUS0000093,93,SUT,Smoking,High Floor,2025-11-27
CUS0000094,94,STD,Non-Smoking,High Floor,2025-10-29
CUS0000095,95,SUT,Smoking,Near Elevator,2025-11-27
CUS0000096,96,DLX,Non-Smoking,Late Check-In,2024-12-03
CUS0000097,97,STD,Non-Smoking,None,2025-03-17
CUS0000098,98,STD,Non-Smoking,Baby Cot,2025-01-09
CUS0000099,99,DLX,Smoking,Baby Cot,2025-04-29
CUS0000100,100,SUP,Non-Smoking,None,2025-12-28
CUS0000101,101,DLX,Non-Smoking,High Floor,2024-07-25
CUS0000102,102,DLX,Smoking,None,2026-04-09
CUS0000103,103,SUP,Non-Smoking,None,2025-04-29
CUS0000104,104,STD,Non-Smoking,Near Elevator,2025-04-16
CUS0000105,105,EXC,Non-Smoking,Baby Cot,2026-04-28
CUS0000106,106,SUP,Non-Smoking,Late Check-In,2024-12-09
CUS0000107,107,STD,Non-Smoking,None,2024-07-17
CUS0000108,108,DLX,Non-Smoking,Baby Cot,2025-06-18
CUS0000109,109,SUP,Non-Smoking,None,2025-01-06
CUS0000110,110,STD,Non-Smoking,Near Elevator,2026-04-28
CUS0000111,111,DLX,Non-Smoking,Near Elevator,2025-11-06
CUS0000112,112,DLX,Non-Smoking,Near Elevator,2026-04-03
CUS0000113,113,SUT,Non-Smoking,Baby Cot,2025-01-28
CUS0000114,114,EXC,Non-Smoking,Baby Cot,2026-01-26
CUS0000115,115,SUP,Non-Smoking,High Floor,2025-05-29
CUS0000116,116,DLX,Smoking,High Floor,2025-07-12
CUS0000117,117,DLX,Non-Smoking,Near Elevator,2024-08-30
CUS0000118,118,STD,Non-Smoking,Near Elevator,2026-05-16
CUS0000119,119,SUT,Non-Smoking,High Floor,2026-04-19
CUS0000120,120,SUT,Non-Smoking,Baby Cot,2024-12-09
CUS0000121,121,STD,Non-Smoking,High Floor,2025-04-23
CUS0000122,122,EXC,Non-Smoking,Baby Cot,2026-04-08
CUS0000123,123,STD,Non-Smoking,High Floor,2025-01-04
CUS0000124,124,SUP,Non-Smoking,Baby Cot,2025-04-06
CUS0000125,125,DLX,Non-Smoking,Late Check-In,2025-10-17
CUS0000126,126,STD,Non-Smoking,Near Elevator,2026-02-24
CUS0000127,127,EXC,Non-Smoking,Baby Cot,2025-09-10
CUS0000128,128,EXC,Non-Smoking,Baby Cot,2024-09-24
CUS0000129,129,STD,Smoking,Near Elevator,2024-12-29
CUS0000130,130,DLX,Non-Smoking,Late Check-In,2025-03-14
CUS0000131,131,STD,Non-Smoking,Late Check-In,2025-11-01
CUS0000132,132,EXC,Non-Smoking,High Floor,2025-11-01
CUS0000133,133,SUP,Smoking,None,2025-09-05
CUS0000134,134,STD,Non-Smoking,Near Elevator,2026-03-25
CUS0000135,135,SUT,Non-Smoking,Late Check-In,2025-09-16
CUS0000136,136,SUT,Non-Smoking,High Floor,2025-10-23
CUS0000137,137,STD,Smoking,None,2025-11-30
CUS0000138,138,EXC,Non-Smoking,Late Check-In,2025-04-30
CUS0000139,139,EXC,Non-Smoking,Baby Cot,2024-10-22
CUS0000140,140,DLX,Non-Smoking,Near Elevator,2025-03-15
CUS0000141,141,SUT,Non-Smoking,High Floor,2025-02-09
CUS0000142,142,STD,Non-Smoking,None,2026-04-13
CUS0000143,143,EXC,Non-Smoking,Baby Cot,2024-10-24
CUS0000144,144,SUP,Non-Smoking,High Floor,2025-02-16
CUS0000145,145,DLX,Non-Smoking,Near Elevator,2024-05-27
CUS0000146,146,STD,Non-Smoking,Near Elevator,2025-10-24
CUS0000147,147,SUT,Smoking,None,2025-02-23
CUS0000148,148,SUT,Non-Smoking,Baby Cot,2025-11-14
CUS0000149,149,SUP,Non-Smoking,Baby Cot,2025-01-08
CUS0000150,150,SUP,Non-Smoking,Late Check-In,2026-03-15
CUS0000151,151,DLX,Non-Smoking,Baby Cot,2024-10-21
CUS0000152,152,EXC,Non-Smoking,Late Check-In,2026-04-16
CUS0000153,153,STD,Non-Smoking,None,2025-10-22
CUS0000154,154,DLX,Non-Smoking,Baby Cot,2025-10-24
CUS0000155,155,DLX,Non-Smoking,Baby Cot,2024-10-04
CUS0000156,156,EXC,Non-Smoking,Late Check-In,2026-01-27
CUS0000157,157,SUT,Non-Smoking,High Floor,2025-10-03
CUS0000158,158,DLX,Smoking,None,2024-12-12
CUS0000159,159,DLX,Non-Smoking,Baby Cot,2025-10-16
CUS0000160,160,SUT,Smoking,None,2025-04-12
CUS0000161,161,STD,Non-Smoking,High Floor,2025-12-22
CUS0000162,162,STD,Non-Smoking,Late Check-In,2025-12-29
CUS0000163,163,DLX,Non-Smoking,None,2026-03-27
CUS0000164,164,SUP,Non-Smoking,Late Check-In,2025-11-23
CUS0000165,165,STD,Non-Smoking,Near Elevator,2024-11-19
CUS0000166,166,EXC,Non-Smoking,Late Check-In,2025-04-06
CUS0000167,167,SUT,Non-Smoking,High Floor,2026-03-23
CUS0000168,168,SUP,Non-Smoking,Baby Cot,2026-03-24
CUS0000169,169,DLX,Non-Smoking,Late Check-In,2025-02-16
CUS0000170,170,SUT,Non-Smoking,High Floor,2025-10-15
CUS0000171,171,STD,Non-Smoking,Near Elevator,2025-03-30
CUS0000172,172,EXC,Non-Smoking,Late Check-In,2024-05-26
CUS0000173,173,SUT,Non-Smoking,High Floor,2024-08-19
CUS0000174,174,STD,Non-Smoking,Baby Cot,2025-06-17
CUS0000175,175,SUT,Non-Smoking,Baby Cot,2025-07-11
CUS0000176,176,DLX,Non-Smoking,Near Elevator,2024-10-28
CUS0000177,177,SUP,Smoking,High Floor,2024-05-25
CUS0000178,178,EXC,Non-Smoking,High Floor,2025-07-03
CUS0000179,179,SUT,Non-Smoking,High Floor,2025-01-20
CUS0000180,180,STD,Non-Smoking,Near Elevator,2025-10-28
CUS0000181,181,STD,Non-Smoking,Late Check-In,2025-12-25
CUS0000182,182,SUP,Non-Smoking,None,2024-09-30
CUS0000183,183,SUP,Non-Smoking,None,2025-06-24
CUS0000184,184,DLX,Non-Smoking,Near Elevator,2026-01-23
CUS0000185,185,DLX,Non-Smoking,Baby Cot,2026-02-08
CUS0000186,186,SUP,Non-Smoking,High Floor,2025-05-03
CUS0000187,187,SUP,Non-Smoking,Near Elevator,2026-05-18
CUS0000188,188,STD,Non-Smoking,None,2024-10-30
CUS0000189,189,DLX,Non-Smoking,High Floor,2024-12-14
CUS0000190,190,EXC,Non-Smoking,Late Check-In,2025-12-26
CUS0000191,191,SUP,Non-Smoking,High Floor,2026-03-16
CUS0000192,192,SUP,Non-Smoking,Near Elevator,2025-12-18
CUS0000193,193,DLX,Smoking,Baby Cot,2025-04-12
CUS0000194,194,STD,Non-Smoking,None,2025-05-22
CUS0000195,195,STD,Non-Smoking,None,2025-08-02
CUS0000196,196,SUT,Non-Smoking,None,2025-07-10
CUS0000197,197,EXC,Non-Smoking,Near Elevator,2025-09-22
CUS0000198,198,SUT,Smoking,Near Elevator,2025-09-17
CUS0000199,199,SUP,Non-Smoking,Near Elevator,2026-01-10
CUS0000200,200,EXC,Non-Smoking,High Floor,2025-09-26
CUS0000201,201,SUP,Non-Smoking,High Floor,2026-02-28
CUS0000202,202,EXC,Non-Smoking,Late Check-In,2026-01-08
CUS0000203,203,DLX,Non-Smoking,Near Elevator,2025-09-06
CUS0000204,204,SUT,Non-Smoking,High Floor,2026-01-11
CUS0000205,205,SUT,Non-Smoking,Baby Cot,2025-01-02
CUS0000206,206,SUT,Non-Smoking,Near Elevator,2024-10-26
CUS0000207,207,EXC,Smoking,Late Check-In,2025-12-19
CUS0000208,208,EXC,Non-Smoking,Late Check-In,2024-06-09
CUS0000209,209,DLX,Non-Smoking,Late Check-In,2024-08-13
CUS0000210,210,SUP,Non-Smoking,Late Check-In,2026-02-09
CUS0000211,211,STD,Non-Smoking,High Floor,2025-01-17
CUS0000212,212,SUT,Non-Smoking,High Floor,2024-07-21
CUS0000213,213,STD,Non-Smoking,High Floor,2025-08-17
CUS0000214,214,STD,Smoking,Near Elevator,2024-06-17
CUS0000215,215,EXC,Non-Smoking,None,2024-07-08
CUS0000216,216,SUT,Non-Smoking,Near Elevator,2025-04-12
CUS0000217,217,SUT,Non-Smoking,None,2025-01-11
CUS0000218,218,STD,Non-Smoking,Near Elevator,2025-03-06
CUS0000219,219,SUP,Non-Smoking,Baby Cot,2025-07-30
CUS0000220,220,DLX,Non-Smoking,Late Check-In,2025-09-22
CUS0000221,221,SUT,Non-Smoking,None,2025-11-27
CUS0000222,222,STD,Non-Smoking,Baby Cot,2025-08-23
CUS0000223,223,SUP,Non-Smoking,None,2025-08-13
CUS0000224,224,SUP,Non-Smoking,Near Elevator,2025-01-08
CUS0000225,225,SUP,Non-Smoking,Late Check-In,2024-10-21
CUS0000226,226,SUP,Non-Smoking,None,2026-01-01
CUS0000227,227,DLX,Non-Smoking,None,2024-08-09
CUS0000228,228,STD,Non-Smoking,Late Check-In,2026-03-25
CUS0000229,229,DLX,Non-Smoking,Baby Cot,2026-01-30
CUS0000230,230,DLX,Non-Smoking,Late Check-In,2025-03-26
CUS0000231,231,SUT,Non-Smoking,High Floor,2025-03-29
CUS0000232,232,STD,Non-Smoking,None,2026-01-27
CUS0000233,233,EXC,Non-Smoking,None,2024-10-04
CUS0000234,234,DLX,Non-Smoking,High Floor,2024-12-15
CUS0000235,235,EXC,Non-Smoking,High Floor,2025-05-16
CUS0000236,236,SUP,Non-Smoking,High Floor,2025-02-03
CUS0000237,237,DLX,Non-Smoking,High Floor,2024-08-31
CUS0000238,238,SUP,Non-Smoking,Late Check-In,2026-04-05
CUS0000239,239,STD,Smoking,Near Elevator,2024-09-02
CUS0000240,240,SUP,Non-Smoking,Late Check-In,2026-04-24
CUS0000241,241,SUP,Non-Smoking,High Floor,2025-05-05
CUS0000242,242,SUT,Non-Smoking,None,2026-03-29
CUS0000243,243,SUT,Smoking,None,2026-03-15
CUS0000244,244,STD,Smoking,Near Elevator,2025-11-14
CUS0000245,245,STD,Non-Smoking,High Floor,2025-11-20
CUS0000246,246,DLX,Non-Smoking,High Floor,2025-03-22
CUS0000247,247,STD,Non-Smoking,Baby Cot,2025-04-13
CUS0000248,248,EXC,Non-Smoking,High Floor,2025-08-03
CUS0000249,249,EXC,Non-Smoking,Baby Cot,2025-11-30
CUS0000250,250,STD,Non-Smoking,None,2024-10-09
CUS0000251,251,DLX,Non-Smoking,None,2025-02-27
CUS0000252,252,STD,Non-Smoking,None,2024-12-04
CUS0000253,253,EXC,Non-Smoking,Late Check-In,2024-11-01
CUS0000254,254,SUP,Non-Smoking,Baby Cot,2024-12-22
CUS0000255,255,DLX,Non-Smoking,Late Check-In,2025-05-18
CUS0000256,256,SUT,Non-Smoking,Late Check-In,2025-08-11
CUS0000257,257,STD,Non-Smoking,Baby Cot,2026-03-10
CUS0000258,258,DLX,Non-Smoking,None,2026-04-15
CUS0000259,259,EXC,Non-Smoking,Near Elevator,2025-11-18
CUS0000260,260,SUP,Non-Smoking,None,2025-03-17
CUS0000261,261,STD,Non-Smoking,Baby Cot,2024-10-13
CUS0000262,262,STD,Smoking,High Floor,2026-02-25
CUS0000263,263,EXC,Non-Smoking,Late Check-In,2026-05-02
CUS0000264,264,DLX,Non-Smoking,Late Check-In,2026-05-21
CUS0000265,265,SUP,Non-Smoking,High Floor,2025-05-31
CUS0000266,266,STD,Non-Smoking,Near Elevator,2025-08-11
CUS0000267,267,SUT,Non-Smoking,Near Elevator,2026-04-17
CUS0000268,268,SUT,Non-Smoking,Near Elevator,2025-09-22
CUS0000269,269,SUT,Non-Smoking,None,2026-04-14
CUS0000270,270,SUP,Non-Smoking,Late Check-In,2026-05-05
CUS0000271,271,SUP,Non-Smoking,None,2025-05-28
CUS0000272,272,STD,Non-Smoking,High Floor,2025-10-22
CUS0000273,273,DLX,Smoking,Near Elevator,2024-10-02
CUS0000274,274,SUP,Smoking,High Floor,2024-07-21
CUS0000275,275,SUT,Smoking,Baby Cot,2025-07-10
CUS0000276,276,SUT,Non-Smoking,Late Check-In,2024-11-26
CUS0000277,277,DLX,Non-Smoking,Near Elevator,2025-05-16
CUS0000278,278,SUP,Non-Smoking,High Floor,2025-07-04
CUS0000279,279,EXC,Non-Smoking,Baby Cot,2024-06-04
CUS0000280,280,DLX,Non-Smoking,High Floor,2024-08-21
CUS0000281,281,SUT,Non-Smoking,None,2025-02-04
CUS0000282,282,SUP,Non-Smoking,None,2026-02-01
CUS0000283,283,STD,Non-Smoking,Baby Cot,2025-06-11
CUS0000284,284,SUT,Non-Smoking,Near Elevator,2024-07-19
CUS0000285,285,EXC,Smoking,High Floor,2025-02-08
CUS0000286,286,STD,Non-Smoking,Near Elevator,2025-10-14
CUS0000287,287,DLX,Non-Smoking,None,2025-12-14
CUS0000288,288,STD,Non-Smoking,None,2024-05-27
CUS0000289,289,SUT,Non-Smoking,Late Check-In,2025-08-09
CUS0000290,290,SUP,Non-Smoking,Baby Cot,2025-11-03
CUS0000291,291,EXC,Non-Smoking,Baby Cot,2025-07-12
CUS0000292,292,EXC,Non-Smoking,Baby Cot,2024-12-23
CUS0000293,293,EXC,Non-Smoking,High Floor,2025-09-28
CUS0000294,294,DLX,Non-Smoking,Baby Cot,2024-06-02
CUS0000295,295,SUP,Smoking,Baby Cot,2025-08-19
CUS0000296,296,STD,Non-Smoking,High Floor,2025-01-26
CUS0000297,297,DLX,Non-Smoking,Baby Cot,2025-04-10
CUS0000298,298,DLX,Smoking,None,2024-12-13
CUS0000299,299,SUT,Non-Smoking,Baby Cot,2024-09-29
CUS0000300,300,EXC,Non-Smoking,None,2024-09-06
CUS0000301,301,EXC,Non-Smoking,Near Elevator,2025-08-23
CUS0000302,302,EXC,Non-Smoking,Baby Cot,2026-05-08
CUS0000303,303,SUT,Non-Smoking,None,2024-06-29
CUS0000304,304,EXC,Non-Smoking,Late Check-In,2025-03-28
CUS0000305,305,DLX,Non-Smoking,None,2024-06-21
CUS0000306,306,SUP,Non-Smoking,None,2024-06-30
CUS0000307,307,EXC,Non-Smoking,Baby Cot,2025-02-13
CUS0000308,308,EXC,Smoking,High Floor,2025-06-25
CUS0000309,309,EXC,Non-Smoking,Late Check-In,2024-11-18
CUS0000310,310,SUT,Non-Smoking,None,2025-07-29
CUS0000311,311,STD,Non-Smoking,Near Elevator,2025-12-31
CUS0000312,312,SUP,Non-Smoking,Late Check-In,2025-01-05
CUS0000313,313,SUT,Smoking,Late Check-In,2024-09-24
CUS0000314,314,STD,Non-Smoking,Baby Cot,2026-03-05
CUS0000315,315,SUT,Non-Smoking,None,2025-04-30
CUS0000316,316,STD,Non-Smoking,Near Elevator,2024-07-07
CUS0000317,317,EXC,Non-Smoking,High Floor,2025-11-15
CUS0000318,318,SUT,Non-Smoking,Late Check-In,2026-01-15
CUS0000319,319,STD,Non-Smoking,None,2025-04-13
CUS0000320,320,SUP,Non-Smoking,High Floor,2024-11-18
CUS0000321,321,SUT,Non-Smoking,Near Elevator,2026-02-08
CUS0000322,322,DLX,Non-Smoking,High Floor,2024-10-17
CUS0000323,323,EXC,Non-Smoking,Late Check-In,2024-08-23
CUS0000324,324,STD,Non-Smoking,High Floor,2025-06-04
CUS0000325,325,SUP,Non-Smoking,Late Check-In,2024-10-04
CUS0000326,326,STD,Non-Smoking,Late Check-In,2024-12-21
CUS0000327,327,DLX,Non-Smoking,High Floor,2024-12-23
CUS0000328,328,EXC,Non-Smoking,Baby Cot,2025-10-16
CUS0000329,329,EXC,Non-Smoking,None,2025-03-03
CUS0000330,330,DLX,Non-Smoking,High Floor,2024-07-17
CUS0000331,331,SUP,Non-Smoking,Late Check-In,2025-08-01
CUS0000332,332,DLX,Non-Smoking,None,2026-05-07
CUS0000333,333,SUP,Non-Smoking,Near Elevator,2024-10-24
CUS0000334,334,DLX,Non-Smoking,Baby Cot,2026-01-16
CUS0000335,335,EXC,Non-Smoking,Late Check-In,2025-08-01
CUS0000336,336,STD,Non-Smoking,None,2024-10-05
CUS0000337,337,STD,Non-Smoking,Baby Cot,2025-11-20
CUS0000338,338,DLX,Smoking,Late Check-In,2025-02-22
CUS0000339,339,EXC,Non-Smoking,Near Elevator,2025-10-12
CUS0000340,340,SUT,Non-Smoking,Late Check-In,2026-02-16
CUS0000341,341,SUP,Non-Smoking,None,2025-07-13
CUS0000342,342,SUP,Non-Smoking,None,2024-07-26
CUS0000343,343,DLX,Non-Smoking,None,2025-12-22
CUS0000344,344,SUP,Non-Smoking,None,2025-11-01
CUS0000345,345,SUT,Non-Smoking,Late Check-In,2024-08-20
CUS0000346,346,SUT,Non-Smoking,None,2025-12-07
CUS0000347,347,DLX,Non-Smoking,Near Elevator,2024-08-29
CUS0000348,348,SUP,Smoking,Baby Cot,2026-02-23
CUS0000349,349,DLX,Non-Smoking,Near Elevator,2024-09-07
CUS0000350,350,STD,Non-Smoking,Near Elevator,2024-09-17
CUS0000351,351,STD,Non-Smoking,Near Elevator,2025-07-21
CUS0000352,352,STD,Non-Smoking,Near Elevator,2024-07-30
CUS0000353,353,SUP,Non-Smoking,None,2024-06-18
CUS0000354,354,SUP,Non-Smoking,None,2026-01-03
CUS0000355,355,SUT,Non-Smoking,High Floor,2025-06-26
CUS0000356,356,STD,Non-Smoking,Late Check-In,2025-10-08
CUS0000357,357,STD,Non-Smoking,High Floor,2025-03-14
CUS0000358,358,STD,Non-Smoking,High Floor,2024-09-30
CUS0000359,359,SUP,Non-Smoking,Baby Cot,2025-02-22
CUS0000360,360,DLX,Non-Smoking,Near Elevator,2026-03-31
CUS0000361,361,STD,Non-Smoking,Baby Cot,2026-01-21
CUS0000362,362,SUP,Smoking,High Floor,2025-12-01
CUS0000363,363,SUT,Non-Smoking,None,2024-11-19
CUS0000364,364,STD,Non-Smoking,Late Check-In,2025-09-13
CUS0000365,365,SUT,Non-Smoking,Baby Cot,2025-09-08
CUS0000366,366,DLX,Non-Smoking,Baby Cot,2026-01-04
CUS0000367,367,STD,Non-Smoking,Late Check-In,2025-09-10
CUS0000368,368,STD,Non-Smoking,Baby Cot,2024-09-26
CUS0000369,369,SUT,Non-Smoking,Near Elevator,2025-02-12
CUS0000370,370,DLX,Non-Smoking,Near Elevator,2026-01-14
CUS0000371,371,SUT,Non-Smoking,None,2024-07-04
CUS0000372,372,SUP,Non-Smoking,Baby Cot,2026-04-17
CUS0000373,373,SUT,Non-Smoking,Late Check-In,2025-02-13
CUS0000374,374,SUP,Non-Smoking,Near Elevator,2026-02-11
CUS0000375,375,SUT,Non-Smoking,Baby Cot,2025-09-21
CUS0000376,376,EXC,Smoking,High Floor,2025-04-27
CUS0000377,377,DLX,Non-Smoking,Late Check-In,2024-10-17
CUS0000378,378,DLX,Non-Smoking,Late Check-In,2025-01-17
CUS0000379,379,EXC,Smoking,Near Elevator,2024-10-10
CUS0000380,380,DLX,Non-Smoking,Late Check-In,2025-12-18
CUS0000381,381,SUT,Non-Smoking,Baby Cot,2024-08-18
CUS0000382,382,DLX,Non-Smoking,High Floor,2024-09-14
CUS0000383,383,STD,Non-Smoking,High Floor,2025-06-13
CUS0000384,384,EXC,Non-Smoking,Baby Cot,2025-10-05
CUS0000385,385,EXC,Non-Smoking,Near Elevator,2025-07-02
CUS0000386,386,SUP,Non-Smoking,Near Elevator,2025-12-12
CUS0000387,387,DLX,Non-Smoking,High Floor,2026-05-16
CUS0000388,388,EXC,Smoking,Late Check-In,2024-06-02
CUS0000389,389,DLX,Smoking,Baby Cot,2024-11-19
CUS0000390,390,SUP,Smoking,Near Elevator,2025-03-12
CUS0000391,391,EXC,Non-Smoking,Near Elevator,2026-05-06
CUS0000392,392,SUT,Non-Smoking,High Floor,2025-11-04
CUS0000393,393,STD,Non-Smoking,Near Elevator,2026-01-30
CUS0000394,394,EXC,Non-Smoking,Near Elevator,2024-08-07
CUS0000395,395,STD,Non-Smoking,High Floor,2026-01-21
CUS0000396,396,SUT,Non-Smoking,Near Elevator,2026-01-31
CUS0000397,397,SUT,Non-Smoking,High Floor,2024-11-22
CUS0000398,398,STD,Smoking,Baby Cot,2025-08-07
CUS0000399,399,DLX,Non-Smoking,Near Elevator,2025-05-03
CUS0000400,400,SUP,Non-Smoking,Late Check-In,2025-12-14
CUS0000401,401,DLX,Non-Smoking,Baby Cot,2026-01-29
CUS0000402,402,SUP,Non-Smoking,Near Elevator,2025-09-03
CUS0000403,403,DLX,Smoking,High Floor,2026-04-03
CUS0000404,404,SUT,Smoking,Baby Cot,2026-04-15
CUS0000405,405,SUT,Non-Smoking,High Floor,2024-07-25
CUS0000406,406,EXC,Non-Smoking,Baby Cot,2026-04-04
CUS0000407,407,STD,Non-Smoking,Baby Cot,2026-02-17
CUS0000408,408,STD,Non-Smoking,Baby Cot,2024-09-26
CUS0000409,409,STD,Non-Smoking,Near Elevator,2026-04-03
CUS0000410,410,EXC,Non-Smoking,Baby Cot,2026-04-15
CUS0000411,411,STD,Non-Smoking,Baby Cot,2026-03-06
CUS0000412,412,SUT,Non-Smoking,High Floor,2024-09-30
CUS0000413,413,EXC,Non-Smoking,Baby Cot,2026-01-15
CUS0000414,414,STD,Non-Smoking,Baby Cot,2025-05-03
CUS0000415,415,EXC,Non-Smoking,Late Check-In,2025-03-09
CUS0000416,416,SUT,Smoking,Late Check-In,2024-12-06
CUS0000417,417,SUT,Non-Smoking,Near Elevator,2025-01-22
CUS0000418,418,EXC,Non-Smoking,High Floor,2025-08-24
CUS0000419,419,SUP,Non-Smoking,High Floor,2024-06-28
CUS0000420,420,SUT,Non-Smoking,None,2025-08-20
CUS0000421,421,SUP,Non-Smoking,Baby Cot,2025-03-27
CUS0000422,422,DLX,Non-Smoking,High Floor,2024-06-08
CUS0000423,423,SUP,Non-Smoking,Near Elevator,2025-01-12
CUS0000424,424,EXC,Non-Smoking,Late Check-In,2024-09-24
CUS0000425,425,STD,Smoking,Baby Cot,2024-09-04
CUS0000426,426,STD,Non-Smoking,None,2024-06-01
CUS0000427,427,SUP,Non-Smoking,None,2026-04-08
CUS0000428,428,SUP,Non-Smoking,Near Elevator,2024-12-31
CUS0000429,429,DLX,Smoking,None,2026-02-11
CUS0000430,430,SUT,Non-Smoking,None,2025-07-29
CUS0000431,431,SUP,Non-Smoking,Near Elevator,2025-01-08
CUS0000432,432,SUT,Non-Smoking,Late Check-In,2025-01-04
CUS0000433,433,DLX,Non-Smoking,Late Check-In,2024-08-28
CUS0000434,434,STD,Non-Smoking,Late Check-In,2025-06-10
CUS0000435,435,DLX,Non-Smoking,Baby Cot,2025-04-21
CUS0000436,436,EXC,Non-Smoking,Baby Cot,2026-02-05
CUS0000437,437,SUT,Non-Smoking,Late Check-In,2024-07-19
CUS0000438,438,SUT,Non-Smoking,None,2024-06-24
CUS0000439,439,EXC,Non-Smoking,None,2025-02-22
CUS0000440,440,SUP,Non-Smoking,Late Check-In,2024-09-28
CUS0000441,441,SUT,Non-Smoking,Late Check-In,2025-09-07
CUS0000442,442,SUT,Smoking,Near Elevator,2025-11-05
CUS0000443,443,EXC,Non-Smoking,Baby Cot,2025-01-25
CUS0000444,444,STD,Non-Smoking,None,2026-03-12
CUS0000445,445,STD,Non-Smoking,None,2025-02-07
CUS0000446,446,EXC,Non-Smoking,High Floor,2025-10-21
CUS0000447,447,SUT,Non-Smoking,None,2025-02-01
CUS0000448,448,STD,Non-Smoking,None,2026-02-08
CUS0000449,449,EXC,Non-Smoking,Near Elevator,2026-02-26
CUS0000450,450,SUT,Non-Smoking,High Floor,2024-06-19
CUS0000451,451,DLX,Non-Smoking,Late Check-In,2025-03-12
CUS0000452,452,EXC,Non-Smoking,Near Elevator,2026-02-15
CUS0000453,453,EXC,Non-Smoking,None,2024-12-20
CUS0000454,454,STD,Non-Smoking,Near Elevator,2025-09-10
CUS0000455,455,DLX,Non-Smoking,Near Elevator,2024-11-16
CUS0000456,456,STD,Non-Smoking,Near Elevator,2025-07-23
CUS0000457,457,SUT,Non-Smoking,Baby Cot,2024-09-18
CUS0000458,458,STD,Non-Smoking,Near Elevator,2025-11-13
CUS0000459,459,STD,Smoking,Baby Cot,2025-10-29
CUS0000460,460,EXC,Non-Smoking,Near Elevator,2024-06-07
CUS0000461,461,SUT,Non-Smoking,Late Check-In,2026-01-07
CUS0000462,462,DLX,Non-Smoking,Baby Cot,2026-03-25
CUS0000463,463,STD,Non-Smoking,None,2026-05-23
CUS0000464,464,DLX,Non-Smoking,Near Elevator,2025-01-03
CUS0000465,465,SUT,Non-Smoking,Late Check-In,2025-12-18
CUS0000466,466,SUT,Smoking,Late Check-In,2025-03-30
CUS0000467,467,SUT,Non-Smoking,Baby Cot,2025-04-14
CUS0000468,468,EXC,Non-Smoking,None,2025-06-25
CUS0000469,469,EXC,Non-Smoking,None,2025-11-30
CUS0000470,470,SUP,Non-Smoking,Baby Cot,2026-04-24
CUS0000471,471,STD,Non-Smoking,Near Elevator,2026-01-15
CUS0000472,472,STD,Non-Smoking,High Floor,2024-11-16
CUS0000473,473,STD,Non-Smoking,None,2024-10-06
CUS0000474,474,STD,Non-Smoking,High Floor,2025-07-05
CUS0000475,475,SUT,Non-Smoking,Late Check-In,2025-04-04
CUS0000476,476,SUP,Non-Smoking,Baby Cot,2024-07-05
CUS0000477,477,STD,Non-Smoking,Late Check-In,2024-11-04
CUS0000478,478,DLX,Smoking,Late Check-In,2024-11-27
CUS0000479,479,SUP,Non-Smoking,High Floor,2025-10-09
CUS0000480,480,SUP,Non-Smoking,Baby Cot,2024-12-11
CUS0000481,481,EXC,Non-Smoking,None,2024-09-28
CUS0000482,482,SUP,Smoking,None,2026-03-10
CUS0000483,483,STD,Non-Smoking,Late Check-In,2025-08-07
CUS0000484,484,SUP,Non-Smoking,None,2024-08-04
CUS0000485,485,SUP,Non-Smoking,High Floor,2025-04-26
CUS0000486,486,DLX,Smoking,High Floor,2024-05-27
CUS0000487,487,SUP,Non-Smoking,Baby Cot,2025-08-06
CUS0000488,488,SUT,Non-Smoking,None,2024-06-15
CUS0000489,489,EXC,Smoking,None,2026-03-05
CUS0000490,490,STD,Smoking,Near Elevator,2024-10-27
CUS0000491,491,STD,Smoking,None,2024-09-03
CUS0000492,492,SUT,Non-Smoking,Baby Cot,2026-04-23
CUS0000493,493,DLX,Non-Smoking,None,2024-10-10
CUS0000494,494,STD,Smoking,Near Elevator,2025-09-24
CUS0000495,495,SUP,Non-Smoking,High Floor,2025-01-12
CUS0000496,496,EXC,Smoking,High Floor,2024-07-10
CUS0000497,497,SUP,Non-Smoking,Baby Cot,2026-04-07
CUS0000498,498,EXC,Non-Smoking,High Floor,2024-12-07
CUS0000499,499,STD,Non-Smoking,Late Check-In,2024-10-13
CUS0000500,500,SUP,Non-Smoking,Late Check-In,2025-08-17
CUS0000501,501,SUT,Non-Smoking,None,2026-01-07
CUS0000502,502,DLX,Non-Smoking,Near Elevator,2025-04-23
CUS0000503,503,SUP,Non-Smoking,Near Elevator,2024-09-16
CUS0000504,504,SUP,Non-Smoking,None,2024-05-26
CUS0000505,505,SUP,Non-Smoking,Near Elevator,2026-05-18
CUS0000506,506,EXC,Non-Smoking,None,2025-10-05
CUS0000507,507,STD,Non-Smoking,Near Elevator,2024-06-20
CUS0000508,508,SUP,Non-Smoking,High Floor,2025-06-18
CUS0000509,509,SUT,Smoking,None,2025-03-27
CUS0000510,510,DLX,Non-Smoking,Baby Cot,2026-05-21
CUS0000511,511,STD,Non-Smoking,Near Elevator,2025-05-05
CUS0000512,512,SUT,Non-Smoking,Near Elevator,2024-07-20
CUS0000513,513,SUP,Non-Smoking,Baby Cot,2024-09-29
CUS0000514,514,EXC,Non-Smoking,None,2025-08-23
CUS0000515,515,SUT,Non-Smoking,None,2024-11-21
CUS0000516,516,DLX,Non-Smoking,High Floor,2025-02-13
CUS0000517,517,SUT,Non-Smoking,Baby Cot,2025-04-26
CUS0000518,518,EXC,Smoking,High Floor,2024-09-03
CUS0000519,519,SUP,Non-Smoking,Baby Cot,2025-05-30
CUS0000520,520,STD,Non-Smoking,High Floor,2026-05-06
CUS0000521,521,EXC,Non-Smoking,None,2025-09-11
CUS0000522,522,EXC,Non-Smoking,Baby Cot,2024-08-02
CUS0000523,523,SUP,Non-Smoking,Near Elevator,2025-03-07
CUS0000524,524,SUT,Non-Smoking,Baby Cot,2025-06-17
CUS0000525,525,EXC,Non-Smoking,Baby Cot,2024-09-25
CUS0000526,526,STD,Smoking,Near Elevator,2024-11-20
CUS0000527,527,SUP,Non-Smoking,Near Elevator,2025-12-14
CUS0000528,528,STD,Smoking,None,2025-08-11
CUS0000529,529,SUP,Non-Smoking,High Floor,2025-06-04
CUS0000530,530,SUT,Non-Smoking,None,2024-11-01
CUS0000531,531,SUT,Non-Smoking,Near Elevator,2025-11-30
CUS0000532,532,DLX,Non-Smoking,None,2026-03-18
CUS0000533,533,SUT,Non-Smoking,High Floor,2024-08-10
CUS0000534,534,STD,Non-Smoking,Late Check-In,2025-04-27
CUS0000535,535,SUT,Non-Smoking,None,2025-09-10
CUS0000536,536,DLX,Non-Smoking,Near Elevator,2024-10-27
CUS0000537,537,EXC,Non-Smoking,Late Check-In,2026-04-27
CUS0000538,538,DLX,Non-Smoking,High Floor,2026-02-04
CUS0000539,539,STD,Non-Smoking,Near Elevator,2024-10-05
CUS0000540,540,SUP,Non-Smoking,Near Elevator,2024-09-05
CUS0000541,541,SUT,Non-Smoking,None,2025-05-28
CUS0000542,542,STD,Smoking,High Floor,2025-12-18
CUS0000543,543,STD,Smoking,None,2026-04-21
CUS0000544,544,SUT,Non-Smoking,High Floor,2024-12-02
CUS0000545,545,SUP,Smoking,Late Check-In,2024-10-04
CUS0000546,546,DLX,Non-Smoking,High Floor,2026-03-08
CUS0000547,547,EXC,Smoking,None,2025-11-08
CUS0000548,548,EXC,Non-Smoking,Baby Cot,2024-12-09
CUS0000549,549,SUP,Non-Smoking,Late Check-In,2024-10-01
CUS0000550,550,DLX,Non-Smoking,None,2025-10-12
CUS0000551,551,SUT,Non-Smoking,Near Elevator,2025-06-28
CUS0000552,552,DLX,Non-Smoking,Baby Cot,2025-10-28
CUS0000553,553,DLX,Non-Smoking,Baby Cot,2026-02-04
CUS0000554,554,EXC,Non-Smoking,Baby Cot,2025-06-19
CUS0000555,555,SUP,Non-Smoking,Near Elevator,2026-05-06
CUS0000556,556,SUT,Non-Smoking,Near Elevator,2026-03-31
CUS0000557,557,SUT,Non-Smoking,Late Check-In,2026-03-15
CUS0000558,558,SUT,Non-Smoking,High Floor,2025-07-19
CUS0000559,559,SUP,Non-Smoking,None,2024-07-23
CUS0000560,560,STD,Smoking,Near Elevator,2024-11-22
CUS0000561,561,STD,Non-Smoking,High Floor,2024-11-26
CUS0000562,562,SUP,Non-Smoking,High Floor,2025-07-05
CUS0000563,563,DLX,Non-Smoking,Near Elevator,2024-11-16
CUS0000564,564,STD,Smoking,Baby Cot,2025-11-08
CUS0000565,565,SUP,Smoking,Late Check-In,2025-11-22
CUS0000566,566,SUP,Non-Smoking,High Floor,2025-04-15
CUS0000567,567,EXC,Non-Smoking,Late Check-In,2025-03-27
CUS0000568,568,DLX,Non-Smoking,Near Elevator,2025-07-05
CUS0000569,569,DLX,Smoking,None,2025-08-03
CUS0000570,570,EXC,Non-Smoking,High Floor,2024-07-19
CUS0000571,571,EXC,Non-Smoking,Baby Cot,2024-11-27
CUS0000572,572,STD,Non-Smoking,High Floor,2024-12-04
CUS0000573,573,DLX,Non-Smoking,None,2025-01-30
CUS0000574,574,EXC,Non-Smoking,Late Check-In,2026-01-09
CUS0000575,575,DLX,Non-Smoking,Late Check-In,2025-08-05
CUS0000576,576,DLX,Non-Smoking,Late Check-In,2025-02-07
CUS0000577,577,SUP,Non-Smoking,None,2025-06-13
CUS0000578,578,STD,Non-Smoking,Baby Cot,2024-10-17
CUS0000579,579,SUP,Non-Smoking,Near Elevator,2024-08-07
CUS0000580,580,EXC,Non-Smoking,High Floor,2026-01-30
CUS0000581,581,EXC,Non-Smoking,Late Check-In,2025-09-23
CUS0000582,582,DLX,Non-Smoking,High Floor,2024-06-15
CUS0000583,583,EXC,Non-Smoking,None,2024-06-22
CUS0000584,584,SUT,Smoking,High Floor,2025-04-28
CUS0000585,585,SUP,Non-Smoking,Near Elevator,2024-07-11
CUS0000586,586,STD,Smoking,Baby Cot,2025-01-23
CUS0000587,587,SUT,Non-Smoking,Near Elevator,2024-10-18
CUS0000588,588,DLX,Non-Smoking,High Floor,2026-05-12
CUS0000589,589,SUT,Non-Smoking,None,2024-07-01
CUS0000590,590,STD,Non-Smoking,Near Elevator,2025-10-20
CUS0000591,591,SUT,Non-Smoking,High Floor,2025-01-06
CUS0000592,592,EXC,Non-Smoking,Baby Cot,2024-10-14
CUS0000593,593,DLX,Non-Smoking,None,2024-12-18
CUS0000594,594,SUT,Non-Smoking,None,2026-04-23
CUS0000595,595,EXC,Smoking,Baby Cot,2026-05-11
CUS0000596,596,SUT,Non-Smoking,Late Check-In,2025-10-27
CUS0000597,597,DLX,Smoking,None,2024-12-07
CUS0000598,598,STD,Non-Smoking,Near Elevator,2024-05-31
CUS0000599,599,STD,Non-Smoking,Late Check-In,2025-08-15
CUS0000600,600,SUP,Non-Smoking,High Floor,2025-07-09
CUS0000601,601,EXC,Non-Smoking,High Floor,2025-01-08
CUS0000602,602,SUT,Non-Smoking,High Floor,2024-10-23
CUS0000603,603,SUT,Non-Smoking,None,2025-12-08
CUS0000604,604,SUP,Non-Smoking,Near Elevator,2025-03-03
CUS0000605,605,SUT,Non-Smoking,High Floor,2024-08-20
CUS0000606,606,SUP,Smoking,Near Elevator,2024-09-24
CUS0000607,607,STD,Non-Smoking,High Floor,2025-02-15
CUS0000608,608,STD,Smoking,Late Check-In,2025-03-22
CUS0000609,609,STD,Non-Smoking,Baby Cot,2024-09-11
CUS0000610,610,EXC,Non-Smoking,Baby Cot,2025-11-16
CUS0000611,611,SUT,Non-Smoking,High Floor,2025-01-15
CUS0000612,612,SUT,Non-Smoking,Baby Cot,2025-07-10
CUS0000613,613,SUP,Non-Smoking,None,2024-12-12
CUS0000614,614,STD,Non-Smoking,None,2024-10-24
CUS0000615,615,DLX,Non-Smoking,Near Elevator,2025-05-10
CUS0000616,616,SUP,Non-Smoking,None,2024-07-06
CUS0000617,617,STD,Non-Smoking,Baby Cot,2024-06-14
CUS0000618,618,SUT,Non-Smoking,Late Check-In,2025-02-23
CUS0000619,619,SUP,Non-Smoking,Late Check-In,2024-11-19
CUS0000620,620,SUT,Non-Smoking,None,2024-09-10
CUS0000621,621,EXC,Non-Smoking,Late Check-In,2025-09-08
CUS0000622,622,STD,Smoking,Baby Cot,2024-07-23
CUS0000623,623,EXC,Non-Smoking,Late Check-In,2026-03-03
CUS0000624,624,STD,Non-Smoking,Near Elevator,2026-03-23
CUS0000625,625,EXC,Smoking,None,2025-03-14
CUS0000626,626,DLX,Non-Smoking,Late Check-In,2024-06-07
CUS0000627,627,SUP,Non-Smoking,None,2025-02-26
CUS0000628,628,SUT,Non-Smoking,High Floor,2025-01-25
CUS0000629,629,SUP,Non-Smoking,Near Elevator,2026-04-15
CUS0000630,630,STD,Smoking,Late Check-In,2025-03-11
CUS0000631,631,DLX,Non-Smoking,Late Check-In,2024-11-30
CUS0000632,632,DLX,Non-Smoking,Baby Cot,2025-07-16
CUS0000633,633,STD,Non-Smoking,Near Elevator,2024-09-20
CUS0000634,634,SUT,Non-Smoking,Baby Cot,2026-01-19
CUS0000635,635,SUP,Non-Smoking,Near Elevator,2024-07-20
CUS0000636,636,EXC,Non-Smoking,None,2024-06-09
CUS0000637,637,SUT,Non-Smoking,Near Elevator,2024-06-15
CUS0000638,638,DLX,Non-Smoking,Baby Cot,2024-10-07
CUS0000639,639,SUT,Non-Smoking,High Floor,2024-11-04
CUS0000640,640,SUT,Non-Smoking,Late Check-In,2024-11-12
CUS0000641,641,EXC,Non-Smoking,Baby Cot,2025-02-14
CUS0000642,642,STD,Non-Smoking,Near Elevator,2025-09-18
CUS0000643,643,DLX,Non-Smoking,None,2024-12-08
CUS0000644,644,STD,Non-Smoking,Near Elevator,2026-01-04
CUS0000645,645,SUP,Non-Smoking,Late Check-In,2024-07-17
CUS0000646,646,SUP,Non-Smoking,None,2025-10-06
CUS0000647,647,EXC,Non-Smoking,High Floor,2024-05-24
CUS0000648,648,STD,Non-Smoking,Late Check-In,2025-04-26
CUS0000649,649,EXC,Non-Smoking,High Floor,2024-08-20
CUS0000650,650,SUT,Smoking,Late Check-In,2025-10-16
CUS0000651,651,EXC,Smoking,High Floor,2025-04-27
CUS0000652,652,STD,Non-Smoking,None,2024-07-25
CUS0000653,653,STD,Non-Smoking,High Floor,2025-11-12
CUS0000654,654,EXC,Non-Smoking,Near Elevator,2026-03-10
CUS0000655,655,DLX,Non-Smoking,None,2025-12-09
CUS0000656,656,SUP,Non-Smoking,Baby Cot,2025-03-07
CUS0000657,657,STD,Non-Smoking,Near Elevator,2025-06-14
CUS0000658,658,DLX,Non-Smoking,High Floor,2025-04-18
CUS0000659,659,SUP,Non-Smoking,Near Elevator,2025-07-31
CUS0000660,660,EXC,Non-Smoking,Late Check-In,2026-04-04
CUS0000661,661,EXC,Non-Smoking,Baby Cot,2025-03-11
CUS0000662,662,SUT,Smoking,High Floor,2026-01-10
CUS0000663,663,SUP,Non-Smoking,None,2025-08-01
CUS0000664,664,SUP,Non-Smoking,High Floor,2026-04-26
CUS0000665,665,DLX,Non-Smoking,Baby Cot,2025-10-06
CUS0000666,666,DLX,Non-Smoking,Baby Cot,2024-12-14
CUS0000667,667,SUT,Non-Smoking,None,2025-02-02
CUS0000668,668,SUP,Non-Smoking,None,2025-11-28
CUS0000669,669,STD,Non-Smoking,Baby Cot,2025-02-15
CUS0000670,670,EXC,Non-Smoking,High Floor,2026-02-10
CUS0000671,671,EXC,Non-Smoking,Late Check-In,2024-08-22
CUS0000672,672,EXC,Non-Smoking,None,2024-12-22
CUS0000673,673,EXC,Non-Smoking,High Floor,2025-07-10
CUS0000674,674,STD,Non-Smoking,Near Elevator,2024-11-29
CUS0000675,675,DLX,Non-Smoking,Late Check-In,2024-07-13
CUS0000676,676,SUT,Smoking,None,2026-05-16
CUS0000677,677,SUP,Non-Smoking,Baby Cot,2024-06-18
CUS0000678,678,SUP,Smoking,Near Elevator,2024-11-10
CUS0000679,679,DLX,Non-Smoking,None,2024-12-17
CUS0000680,680,DLX,Non-Smoking,None,2025-02-01
CUS0000681,681,STD,Non-Smoking,Late Check-In,2025-09-18
CUS0000682,682,DLX,Non-Smoking,None,2024-08-11
CUS0000683,683,DLX,Non-Smoking,High Floor,2024-12-20
CUS0000684,684,SUT,Non-Smoking,None,2026-04-04
CUS0000685,685,STD,Non-Smoking,Baby Cot,2025-01-17
CUS0000686,686,STD,Non-Smoking,Late Check-In,2025-09-18
CUS0000687,687,EXC,Non-Smoking,Baby Cot,2025-09-21
CUS0000688,688,STD,Non-Smoking,High Floor,2024-11-28
CUS0000689,689,SUT,Non-Smoking,None,2024-11-05
CUS0000690,690,STD,Non-Smoking,Late Check-In,2025-05-02
CUS0000691,691,SUP,Non-Smoking,Near Elevator,2025-10-22
CUS0000692,692,STD,Non-Smoking,Near Elevator,2025-05-04
CUS0000693,693,SUT,Non-Smoking,None,2025-07-03
CUS0000694,694,DLX,Non-Smoking,None,2024-06-06
CUS0000695,695,DLX,Non-Smoking,High Floor,2025-09-03
CUS0000696,696,EXC,Non-Smoking,Late Check-In,2025-12-22
CUS0000697,697,DLX,Non-Smoking,Late Check-In,2024-12-13
CUS0000698,698,STD,Non-Smoking,Near Elevator,2024-07-23
CUS0000699,699,DLX,Non-Smoking,Late Check-In,2026-01-17
CUS0000700,700,DLX,Non-Smoking,None,2025-03-17
CUS0000701,701,STD,Non-Smoking,Near Elevator,2024-08-26
CUS0000702,702,SUP,Non-Smoking,High Floor,2025-12-17
CUS0000703,703,SUP,Non-Smoking,Near Elevator,2024-06-06
CUS0000704,704,DLX,Non-Smoking,None,2024-12-29
CUS0000705,705,SUP,Non-Smoking,None,2025-06-11
CUS0000706,706,DLX,Non-Smoking,High Floor,2026-01-07
CUS0000707,707,SUT,Non-Smoking,High Floor,2026-04-24
CUS0000708,708,DLX,Non-Smoking,Near Elevator,2026-02-09
CUS0000709,709,EXC,Non-Smoking,High Floor,2025-11-21
CUS0000710,710,SUP,Non-Smoking,Baby Cot,2025-05-01
CUS0000711,711,SUT,Non-Smoking,High Floor,2025-04-19
CUS0000712,712,STD,Non-Smoking,Late Check-In,2026-01-30
CUS0000713,713,SUP,Non-Smoking,Near Elevator,2026-05-15
CUS0000714,714,STD,Non-Smoking,Near Elevator,2025-12-31
CUS0000715,715,SUT,Non-Smoking,Near Elevator,2025-01-28
CUS0000716,716,SUT,Smoking,Late Check-In,2025-06-23
CUS0000717,717,EXC,Non-Smoking,Baby Cot,2024-11-22
CUS0000718,718,SUP,Smoking,Late Check-In,2025-09-05
CUS0000719,719,SUP,Non-Smoking,Late Check-In,2025-11-13
CUS0000720,720,DLX,Smoking,Near Elevator,2025-07-13
CUS0000721,721,EXC,Smoking,Late Check-In,2026-05-10
CUS0000722,722,EXC,Smoking,Near Elevator,2026-03-31
CUS0000723,723,SUP,Non-Smoking,Late Check-In,2026-03-28
CUS0000724,724,STD,Non-Smoking,None,2024-08-14
CUS0000725,725,SUP,Non-Smoking,High Floor,2026-05-05
CUS0000726,726,STD,Non-Smoking,Late Check-In,2025-01-01
CUS0000727,727,SUT,Non-Smoking,Late Check-In,2025-03-29
CUS0000728,728,DLX,Non-Smoking,None,2026-01-16
CUS0000729,729,DLX,Non-Smoking,None,2024-11-01
CUS0000730,730,SUP,Non-Smoking,Near Elevator,2024-07-15
CUS0000731,731,SUT,Non-Smoking,Near Elevator,2025-08-26
CUS0000732,732,EXC,Non-Smoking,Late Check-In,2026-05-12
CUS0000733,733,DLX,Non-Smoking,Late Check-In,2024-12-27
CUS0000734,734,DLX,Non-Smoking,Late Check-In,2025-05-11
CUS0000735,735,EXC,Non-Smoking,Late Check-In,2025-12-21
CUS0000736,736,SUT,Non-Smoking,Late Check-In,2025-06-08
CUS0000737,737,DLX,Non-Smoking,High Floor,2025-02-10
CUS0000738,738,SUP,Non-Smoking,High Floor,2025-08-29
CUS0000739,739,DLX,Non-Smoking,Baby Cot,2024-07-29
CUS0000740,740,EXC,Non-Smoking,Baby Cot,2025-11-16
CUS0000741,741,EXC,Non-Smoking,Baby Cot,2024-06-08
CUS0000742,742,SUP,Smoking,None,2024-06-29
CUS0000743,743,SUT,Non-Smoking,None,2025-08-04
CUS0000744,744,SUT,Non-Smoking,Near Elevator,2024-07-27
CUS0000745,745,SUP,Non-Smoking,Late Check-In,2025-09-28
CUS0000746,746,EXC,Non-Smoking,High Floor,2024-09-01
CUS0000747,747,SUP,Non-Smoking,Near Elevator,2026-03-24
CUS0000748,748,STD,Non-Smoking,None,2025-04-07
CUS0000749,749,STD,Non-Smoking,Late Check-In,2024-10-20
CUS0000750,750,EXC,Non-Smoking,Near Elevator,2025-04-17
CUS0000751,751,EXC,Non-Smoking,High Floor,2026-04-09
CUS0000752,752,SUP,Non-Smoking,High Floor,2025-10-20
CUS0000753,753,SUT,Non-Smoking,High Floor,2025-10-16
CUS0000754,754,STD,Non-Smoking,High Floor,2025-08-22
CUS0000755,755,DLX,Non-Smoking,Near Elevator,2025-08-16
CUS0000756,756,EXC,Non-Smoking,Baby Cot,2024-06-06
CUS0000757,757,EXC,Non-Smoking,High Floor,2024-06-08
CUS0000758,758,DLX,Non-Smoking,None,2024-08-26
CUS0000759,759,DLX,Non-Smoking,Baby Cot,2026-02-03
CUS0000760,760,EXC,Non-Smoking,Near Elevator,2025-01-27
CUS0000761,761,SUT,Non-Smoking,None,2024-11-09
CUS0000762,762,EXC,Non-Smoking,None,2024-10-29
CUS0000763,763,SUT,Non-Smoking,Baby Cot,2025-10-24
CUS0000764,764,SUT,Non-Smoking,Late Check-In,2025-10-03
CUS0000765,765,DLX,Smoking,Baby Cot,2024-08-15
CUS0000766,766,DLX,Non-Smoking,Baby Cot,2024-06-02
CUS0000767,767,STD,Non-Smoking,Near Elevator,2025-04-22
CUS0000768,768,SUT,Smoking,High Floor,2026-02-27
CUS0000769,769,DLX,Non-Smoking,None,2026-05-23
CUS0000770,770,SUT,Smoking,Near Elevator,2026-04-06
CUS0000771,771,SUP,Non-Smoking,Near Elevator,2025-01-01
CUS0000772,772,STD,Non-Smoking,Near Elevator,2024-10-13
CUS0000773,773,SUT,Smoking,Near Elevator,2026-03-05
CUS0000774,774,SUP,Non-Smoking,Late Check-In,2024-09-05
CUS0000775,775,STD,Non-Smoking,Late Check-In,2026-02-19
CUS0000776,776,DLX,Non-Smoking,High Floor,2026-01-15
CUS0000777,777,EXC,Non-Smoking,Late Check-In,2025-11-11
CUS0000778,778,SUP,Smoking,Baby Cot,2025-01-01
CUS0000779,779,STD,Non-Smoking,Late Check-In,2024-10-08
CUS0000780,780,STD,Non-Smoking,Late Check-In,2025-11-23
CUS0000781,781,SUT,Non-Smoking,High Floor,2025-04-11
CUS0000782,782,EXC,Non-Smoking,Late Check-In,2024-08-13
CUS0000783,783,SUP,Smoking,Late Check-In,2025-01-19
CUS0000784,784,STD,Smoking,Near Elevator,2026-03-08
CUS0000785,785,SUP,Non-Smoking,High Floor,2024-10-14
CUS0000786,786,EXC,Non-Smoking,Baby Cot,2025-12-28
CUS0000787,787,EXC,Non-Smoking,Near Elevator,2025-04-14
CUS0000788,788,SUP,Non-Smoking,High Floor,2025-03-19
CUS0000789,789,SUP,Non-Smoking,None,2025-09-26
CUS0000790,790,SUP,Non-Smoking,Near Elevator,2024-08-06
CUS0000791,791,EXC,Non-Smoking,Baby Cot,2024-07-23
CUS0000792,792,SUT,Non-Smoking,Near Elevator,2024-12-18
CUS0000793,793,EXC,Non-Smoking,High Floor,2025-07-06
CUS0000794,794,SUP,Smoking,None,2025-01-15
CUS0000795,795,SUP,Non-Smoking,High Floor,2024-12-04
CUS0000796,796,EXC,Non-Smoking,Baby Cot,2026-03-14
CUS0000797,797,SUT,Non-Smoking,Late Check-In,2025-12-09
CUS0000798,798,DLX,Non-Smoking,None,2024-09-23
CUS0000799,799,SUT,Non-Smoking,Near Elevator,2025-12-29
CUS0000800,800,EXC,Non-Smoking,Late Check-In,2024-12-22
CUS0000801,801,DLX,Non-Smoking,Baby Cot,2025-12-10
CUS0000802,802,SUT,Smoking,High Floor,2024-08-28
CUS0000803,803,STD,Non-Smoking,None,2024-06-20
CUS0000804,804,EXC,Non-Smoking,Late Check-In,2025-12-26
CUS0000805,805,STD,Smoking,Baby Cot,2025-09-05
CUS0000806,806,DLX,Non-Smoking,Near Elevator,2026-02-26
CUS0000807,807,SUT,Non-Smoking,High Floor,2024-07-17
CUS0000808,808,STD,Non-Smoking,Late Check-In,2024-12-04
CUS0000809,809,DLX,Non-Smoking,None,2025-05-26
CUS0000810,810,SUP,Non-Smoking,High Floor,2025-03-23
CUS0000811,811,SUT,Non-Smoking,Near Elevator,2024-08-31
CUS0000812,812,STD,Smoking,High Floor,2026-04-14
CUS0000813,813,STD,Non-Smoking,Baby Cot,2025-01-04
CUS0000814,814,STD,Smoking,High Floor,2025-08-31
CUS0000815,815,STD,Non-Smoking,None,2025-06-04
CUS0000816,816,STD,Non-Smoking,None,2024-11-08
CUS0000817,817,SUP,Non-Smoking,Late Check-In,2026-03-12
CUS0000818,818,DLX,Smoking,Late Check-In,2026-03-24
CUS0000819,819,SUP,Non-Smoking,Near Elevator,2026-01-11
CUS0000820,820,SUT,Non-Smoking,High Floor,2025-06-17
CUS0000821,821,EXC,Non-Smoking,None,2025-01-17
CUS0000822,822,SUP,Non-Smoking,Baby Cot,2026-02-26
CUS0000823,823,STD,Non-Smoking,Late Check-In,2025-05-06
CUS0000824,824,SUT,Non-Smoking,Near Elevator,2024-12-05
CUS0000825,825,SUP,Smoking,High Floor,2025-06-16
CUS0000826,826,DLX,Non-Smoking,None,2024-12-06
CUS0000827,827,EXC,Smoking,Late Check-In,2025-09-28
CUS0000828,828,SUP,Smoking,Late Check-In,2024-10-14
CUS0000829,829,EXC,Non-Smoking,None,2025-05-15
CUS0000830,830,EXC,Non-Smoking,Late Check-In,2024-12-29
CUS0000831,831,EXC,Non-Smoking,Near Elevator,2024-09-16
CUS0000832,832,STD,Non-Smoking,Near Elevator,2024-10-18
CUS0000833,833,STD,Non-Smoking,Near Elevator,2025-02-03
CUS0000834,834,DLX,Non-Smoking,None,2025-06-24
CUS0000835,835,STD,Non-Smoking,High Floor,2024-09-01
CUS0000836,836,EXC,Non-Smoking,Baby Cot,2026-02-05
CUS0000837,837,EXC,Non-Smoking,None,2025-06-18
CUS0000838,838,SUP,Non-Smoking,Baby Cot,2024-11-18
CUS0000839,839,SUT,Non-Smoking,None,2025-09-12
CUS0000840,840,STD,Non-Smoking,Near Elevator,2025-02-23
CUS0000841,841,SUP,Smoking,High Floor,2025-09-03
CUS0000842,842,SUT,Non-Smoking,Baby Cot,2025-06-28
CUS0000843,843,STD,Non-Smoking,Late Check-In,2024-07-17
CUS0000844,844,STD,Non-Smoking,Baby Cot,2024-11-16
CUS0000845,845,SUP,Non-Smoking,Late Check-In,2025-07-29
CUS0000846,846,DLX,Non-Smoking,Late Check-In,2025-04-26
CUS0000847,847,EXC,Non-Smoking,High Floor,2026-01-20
CUS0000848,848,STD,Non-Smoking,Baby Cot,2024-09-13
CUS0000849,849,SUP,Non-Smoking,High Floor,2025-08-11
CUS0000850,850,DLX,Non-Smoking,High Floor,2024-05-24
CUS0000851,851,SUT,Smoking,Baby Cot,2025-02-10
CUS0000852,852,EXC,Non-Smoking,High Floor,2025-12-08
CUS0000853,853,SUP,Non-Smoking,None,2026-01-24
CUS0000854,854,SUP,Non-Smoking,Near Elevator,2025-12-14
CUS0000855,855,SUP,Smoking,None,2025-03-30
CUS0000856,856,SUP,Non-Smoking,None,2025-08-18
CUS0000857,857,SUP,Non-Smoking,Late Check-In,2026-01-30
CUS0000858,858,SUP,Non-Smoking,Near Elevator,2024-07-26
CUS0000859,859,EXC,Non-Smoking,Near Elevator,2024-06-01
CUS0000860,860,SUP,Smoking,High Floor,2025-04-16
CUS0000861,861,STD,Non-Smoking,Near Elevator,2024-07-31
CUS0000862,862,DLX,Non-Smoking,Late Check-In,2025-04-19
CUS0000863,863,SUT,Smoking,Baby Cot,2025-05-14
CUS0000864,864,DLX,Non-Smoking,None,2024-08-14
CUS0000865,865,SUP,Non-Smoking,Late Check-In,2024-07-27
CUS0000866,866,DLX,Non-Smoking,Late Check-In,2024-05-27
CUS0000867,867,EXC,Non-Smoking,High Floor,2024-10-22
CUS0000868,868,DLX,Non-Smoking,High Floor,2026-03-30
CUS0000869,869,EXC,Smoking,Baby Cot,2026-05-18
CUS0000870,870,SUT,Non-Smoking,Baby Cot,2024-07-31
CUS0000871,871,STD,Non-Smoking,Baby Cot,2026-01-17
CUS0000872,872,SUP,Non-Smoking,Baby Cot,2024-11-27
CUS0000873,873,EXC,Non-Smoking,Baby Cot,2025-01-11
CUS0000874,874,STD,Non-Smoking,Late Check-In,2024-10-19
CUS0000875,875,STD,Non-Smoking,Near Elevator,2024-08-20
CUS0000876,876,SUP,Non-Smoking,High Floor,2024-09-14
CUS0000877,877,EXC,Smoking,None,2025-12-13
CUS0000878,878,SUT,Non-Smoking,Late Check-In,2024-12-10
CUS0000879,879,SUP,Smoking,High Floor,2025-11-24
CUS0000880,880,SUP,Non-Smoking,Near Elevator,2025-01-20
CUS0000881,881,EXC,Non-Smoking,Late Check-In,2024-10-05
CUS0000882,882,DLX,Non-Smoking,High Floor,2026-02-24
CUS0000883,883,SUT,Non-Smoking,Near Elevator,2025-07-29
CUS0000884,884,EXC,Smoking,Baby Cot,2025-10-31
CUS0000885,885,DLX,Non-Smoking,None,2025-10-03
CUS0000886,886,STD,Non-Smoking,High Floor,2024-10-18
CUS0000887,887,EXC,Non-Smoking,None,2024-08-01
CUS0000888,888,EXC,Non-Smoking,Baby Cot,2025-09-14
CUS0000889,889,SUP,Non-Smoking,Near Elevator,2024-08-18
CUS0000890,890,DLX,Smoking,Baby Cot,2025-01-30
CUS0000891,891,SUP,Non-Smoking,Baby Cot,2024-06-12
CUS0000892,892,STD,Non-Smoking,None,2026-03-05
CUS0000893,893,SUP,Non-Smoking,None,2024-11-09
CUS0000894,894,DLX,Non-Smoking,Baby Cot,2025-01-10
CUS0000895,895,DLX,Non-Smoking,High Floor,2025-04-03
CUS0000896,896,DLX,Non-Smoking,Late Check-In,2025-02-08
CUS0000897,897,STD,Smoking,None,2025-06-19
CUS0000898,898,SUT,Non-Smoking,Late Check-In,2024-06-26
CUS0000899,899,SUT,Non-Smoking,High Floor,2025-05-03
CUS0000900,900,SUP,Non-Smoking,None,2025-10-09
CUS0000901,901,EXC,Smoking,Near Elevator,2024-12-04
CUS0000902,902,DLX,Non-Smoking,Near Elevator,2025-05-31
CUS0000903,903,EXC,Non-Smoking,Late Check-In,2025-07-19
CUS0000904,904,EXC,Non-Smoking,Late Check-In,2025-09-14
CUS0000905,905,SUP,Non-Smoking,High Floor,2025-02-19
CUS0000906,906,SUP,Non-Smoking,High Floor,2024-11-09
CUS0000907,907,EXC,Non-Smoking,Baby Cot,2025-02-18
CUS0000908,908,SUT,Non-Smoking,Late Check-In,2024-09-02
CUS0000909,909,EXC,Non-Smoking,None,2024-06-26
CUS0000910,910,STD,Non-Smoking,None,2025-11-21
CUS0000911,911,DLX,Non-Smoking,Near Elevator,2025-01-31
CUS0000912,912,EXC,Non-Smoking,None,2025-11-15
CUS0000913,913,SUT,Non-Smoking,None,2026-05-02
CUS0000914,914,STD,Smoking,Baby Cot,2025-07-27
CUS0000915,915,EXC,Non-Smoking,High Floor,2025-10-28
CUS0000916,916,STD,Non-Smoking,Near Elevator,2026-05-03
CUS0000917,917,EXC,Non-Smoking,None,2024-11-19
CUS0000918,918,SUP,Non-Smoking,Late Check-In,2026-03-15
CUS0000919,919,STD,Non-Smoking,Late Check-In,2024-11-02
CUS0000920,920,SUP,Non-Smoking,High Floor,2026-02-12
CUS0000921,921,EXC,Smoking,Near Elevator,2026-02-03
CUS0000922,922,STD,Non-Smoking,High Floor,2025-09-23
CUS0000923,923,SUT,Non-Smoking,High Floor,2025-07-04
CUS0000924,924,SUP,Smoking,Baby Cot,2025-09-05
CUS0000925,925,DLX,Non-Smoking,Late Check-In,2025-04-18
CUS0000926,926,DLX,Non-Smoking,Near Elevator,2025-12-02
CUS0000927,927,SUT,Non-Smoking,High Floor,2025-05-28
CUS0000928,928,EXC,Non-Smoking,None,2024-09-28
CUS0000929,929,DLX,Non-Smoking,None,2025-09-04
CUS0000930,930,DLX,Non-Smoking,Late Check-In,2025-02-17
CUS0000931,931,EXC,Non-Smoking,Near Elevator,2025-07-30
CUS0000932,932,SUP,Non-Smoking,Baby Cot,2024-10-08
CUS0000933,933,STD,Non-Smoking,Late Check-In,2025-12-10
CUS0000934,934,SUT,Non-Smoking,None,2025-06-30
CUS0000935,935,SUP,Non-Smoking,High Floor,2026-03-11
CUS0000936,936,SUP,Non-Smoking,Near Elevator,2026-02-03
CUS0000937,937,DLX,Non-Smoking,Late Check-In,2025-07-12
CUS0000938,938,SUP,Non-Smoking,Near Elevator,2025-01-17
CUS0000939,939,SUP,Non-Smoking,Near Elevator,2024-06-08
CUS0000940,940,SUP,Non-Smoking,High Floor,2024-06-05
CUS0000941,941,EXC,Non-Smoking,None,2025-09-06
CUS0000942,942,DLX,Non-Smoking,High Floor,2025-08-27
CUS0000943,943,SUP,Smoking,Late Check-In,2025-02-15
CUS0000944,944,SUP,Non-Smoking,High Floor,2024-09-19
CUS0000945,945,SUT,Non-Smoking,None,2024-08-31
CUS0000946,946,DLX,Non-Smoking,Late Check-In,2025-04-27
CUS0000947,947,DLX,Non-Smoking,High Floor,2024-06-28
CUS0000948,948,SUP,Non-Smoking,Near Elevator,2024-07-16
CUS0000949,949,SUT,Non-Smoking,High Floor,2025-07-12
CUS0000950,950,SUP,Non-Smoking,Late Check-In,2025-01-27
CUS0000951,951,SUP,Non-Smoking,Late Check-In,2025-10-29
CUS0000952,952,SUT,Non-Smoking,Baby Cot,2025-07-31
CUS0000953,953,SUT,Non-Smoking,Baby Cot,2025-01-06
CUS0000954,954,SUP,Non-Smoking,None,2026-03-02
CUS0000955,955,SUT,Non-Smoking,Late Check-In,2025-03-01
CUS0000956,956,EXC,Smoking,High Floor,2024-10-05
CUS0000957,957,EXC,Non-Smoking,High Floor,2025-07-27
CUS0000958,958,STD,Non-Smoking,Late Check-In,2025-02-03
CUS0000959,959,EXC,Non-Smoking,Baby Cot,2025-11-13
CUS0000960,960,SUP,Non-Smoking,Late Check-In,2026-01-14
CUS0000961,961,SUT,Non-Smoking,Late Check-In,2025-11-09
CUS0000962,962,SUP,Non-Smoking,Near Elevator,2024-08-10
CUS0000963,963,DLX,Non-Smoking,Baby Cot,2025-12-09
CUS0000964,964,SUP,Non-Smoking,Baby Cot,2025-07-24
CUS0000965,965,STD,Smoking,Late Check-In,2025-01-08
CUS0000966,966,SUP,Non-Smoking,Late Check-In,2024-06-18
CUS0000967,967,SUP,Non-Smoking,Late Check-In,2025-10-24
CUS0000968,968,DLX,Non-Smoking,Baby Cot,2026-04-29
CUS0000969,969,STD,Non-Smoking,High Floor,2025-02-14
CUS0000970,970,SUP,Non-Smoking,Late Check-In,2025-04-18
CUS0000971,971,DLX,Non-Smoking,Late Check-In,2024-10-25
CUS0000972,972,DLX,Non-Smoking,Baby Cot,2025-09-29
CUS0000973,973,SUP,Non-Smoking,High Floor,2024-09-23
CUS0000974,974,DLX,Non-Smoking,Baby Cot,2024-06-24
CUS0000975,975,SUP,Non-Smoking,High Floor,2024-10-07
CUS0000976,976,STD,Non-Smoking,Near Elevator,2025-09-24
CUS0000977,977,DLX,Smoking,Near Elevator,2024-08-03
CUS0000978,978,DLX,Non-Smoking,Near Elevator,2025-05-27
CUS0000979,979,DLX,Non-Smoking,Baby Cot,2025-03-23
CUS0000980,980,SUT,Smoking,Near Elevator,2025-04-22
CUS0000981,981,SUT,Non-Smoking,Near Elevator,2026-03-28
CUS0000982,982,SUT,Non-Smoking,Baby Cot,2025-07-20
CUS0000983,983,DLX,Non-Smoking,Late Check-In,2025-07-21
CUS0000984,984,DLX,Non-Smoking,None,2025-03-14
CUS0000985,985,EXC,Smoking,Near Elevator,2025-03-09
CUS0000986,986,DLX,Non-Smoking,High Floor,2025-08-26
CUS0000987,987,SUT,Smoking,None,2025-10-04
CUS0000988,988,STD,Non-Smoking,High Floor,2026-03-01
CUS0000989,989,DLX,Non-Smoking,None,2026-05-10
CUS0000990,990,SUP,Non-Smoking,Baby Cot,2025-03-13
CUS0000991,991,DLX,Non-Smoking,Baby Cot,2024-12-11
CUS0000992,992,SUT,Non-Smoking,Near Elevator,2024-08-13
CUS0000993,993,SUP,Non-Smoking,Late Check-In,2026-05-07
CUS0000994,994,SUT,Non-Smoking,Baby Cot,2024-10-29
CUS0000995,995,SUT,Non-Smoking,High Floor,2026-01-18
CUS0000996,996,EXC,Non-Smoking,Near Elevator,2025-02-21
CUS0000997,997,EXC,Non-Smoking,Baby Cot,2024-09-05
CUS0000998,998,SUT,Smoking,Near Elevator,2024-07-12
CUS0000999,999,SUP,Non-Smoking,Late Check-In,2024-12-13
CUS0001000,1000,DLX,Non-Smoking,Baby Cot,2025-11-03
CUS0001001,1001,STD,Non-Smoking,Near Elevator,2024-08-08
CUS0001002,1002,SUT,Non-Smoking,Late Check-In,2026-05-07
CUS0001003,1003,DLX,Non-Smoking,High Floor,2024-05-27
CUS0001004,1004,STD,Non-Smoking,Late Check-In,2025-03-05
CUS0001005,1005,SUT,Non-Smoking,Baby Cot,2025-03-23
CUS0001006,1006,STD,Smoking,High Floor,2025-01-22
CUS0001007,1007,EXC,Non-Smoking,Baby Cot,2025-08-27
CUS0001008,1008,EXC,Non-Smoking,None,2024-11-24
CUS0001009,1009,DLX,Non-Smoking,Near Elevator,2025-08-28
CUS0001010,1010,EXC,Smoking,Baby Cot,2024-08-28
CUS0001011,1011,STD,Non-Smoking,Late Check-In,2025-09-05
CUS0001012,1012,DLX,Non-Smoking,Late Check-In,2025-10-21
CUS0001013,1013,SUT,Non-Smoking,Baby Cot,2025-01-03
CUS0001014,1014,STD,Non-Smoking,None,2026-05-18
CUS0001015,1015,EXC,Non-Smoking,None,2024-12-24
CUS0001016,1016,STD,Non-Smoking,High Floor,2025-04-05
CUS0001017,1017,SUP,Non-Smoking,Late Check-In,2026-04-19
CUS0001018,1018,SUT,Non-Smoking,Baby Cot,2024-09-01
CUS0001019,1019,SUP,Non-Smoking,Late Check-In,2024-09-05
CUS0001020,1020,SUT,Non-Smoking,Late Check-In,2025-10-24
CUS0001021,1021,SUT,Non-Smoking,Late Check-In,2026-04-12
CUS0001022,1022,STD,Non-Smoking,None,2026-03-08
CUS0001023,1023,DLX,Non-Smoking,Late Check-In,2024-09-01
CUS0001024,1024,DLX,Non-Smoking,Late Check-In,2025-01-02
CUS0001025,1025,SUT,Smoking,Late Check-In,2025-11-19
CUS0001026,1026,DLX,Non-Smoking,None,2025-10-19
CUS0001027,1027,EXC,Smoking,Late Check-In,2026-01-22
CUS0001028,1028,STD,Smoking,Late Check-In,2026-01-10
CUS0001029,1029,DLX,Non-Smoking,None,2026-03-20
CUS0001030,1030,SUT,Smoking,Baby Cot,2024-06-14
CUS0001031,1031,STD,Non-Smoking,Near Elevator,2025-07-23
CUS0001032,1032,DLX,Smoking,Late Check-In,2025-06-22
CUS0001033,1033,SUP,Non-Smoking,High Floor,2025-07-13
CUS0001034,1034,DLX,Non-Smoking,Late Check-In,2024-12-13
CUS0001035,1035,EXC,Non-Smoking,High Floor,2024-09-11
CUS0001036,1036,DLX,Non-Smoking,None,2024-12-01
CUS0001037,1037,DLX,Non-Smoking,Late Check-In,2025-04-08
CUS0001038,1038,SUP,Non-Smoking,Late Check-In,2025-07-04
CUS0001039,1039,SUP,Non-Smoking,Baby Cot,2025-07-27
CUS0001040,1040,DLX,Smoking,High Floor,2024-08-31
CUS0001041,1041,SUP,Non-Smoking,None,2024-12-15
CUS0001042,1042,EXC,Non-Smoking,High Floor,2025-01-14
CUS0001043,1043,SUT,Non-Smoking,Late Check-In,2025-04-26
CUS0001044,1044,SUP,Non-Smoking,Near Elevator,2025-12-21
CUS0001045,1045,SUT,Smoking,Near Elevator,2025-03-18
CUS0001046,1046,SUP,Smoking,High Floor,2024-08-03
CUS0001047,1047,SUP,Non-Smoking,None,2026-03-05
CUS0001048,1048,SUT,Non-Smoking,Late Check-In,2025-02-16
CUS0001049,1049,STD,Non-Smoking,None,2024-06-15
CUS0001050,1050,STD,Non-Smoking,Near Elevator,2026-04-20
CUS0001051,1051,EXC,Smoking,Late Check-In,2025-06-10
CUS0001052,1052,SUP,Non-Smoking,High Floor,2024-11-17
CUS0001053,1053,SUP,Smoking,None,2025-05-30
CUS0001054,1054,SUT,Non-Smoking,Baby Cot,2025-10-11
CUS0001055,1055,STD,Non-Smoking,Late Check-In,2024-07-14
CUS0001056,1056,EXC,Non-Smoking,Near Elevator,2025-06-16
CUS0001057,1057,SUP,Non-Smoking,Baby Cot,2026-04-07
CUS0001058,1058,STD,Non-Smoking,High Floor,2025-01-13
CUS0001059,1059,EXC,Non-Smoking,Late Check-In,2024-11-27
CUS0001060,1060,SUP,Non-Smoking,High Floor,2026-01-19
CUS0001061,1061,STD,Smoking,Near Elevator,2025-06-22
CUS0001062,1062,SUP,Non-Smoking,High Floor,2024-06-22
CUS0001063,1063,SUT,Smoking,None,2024-08-30
CUS0001064,1064,DLX,Non-Smoking,Near Elevator,2025-05-11
CUS0001065,1065,STD,Non-Smoking,High Floor,2026-02-13
CUS0001066,1066,EXC,Non-Smoking,None,2026-01-29
CUS0001067,1067,DLX,Smoking,Near Elevator,2024-07-17
CUS0001068,1068,SUP,Non-Smoking,Near Elevator,2026-05-11
CUS0001069,1069,DLX,Smoking,Late Check-In,2025-02-23
CUS0001070,1070,SUP,Non-Smoking,Near Elevator,2025-08-03
CUS0001071,1071,DLX,Non-Smoking,Near Elevator,2024-09-01
CUS0001072,1072,EXC,Non-Smoking,Baby Cot,2025-10-05
CUS0001073,1073,DLX,Non-Smoking,Near Elevator,2026-05-14
CUS0001074,1074,STD,Non-Smoking,None,2025-02-23
CUS0001075,1075,DLX,Smoking,High Floor,2026-01-16
CUS0001076,1076,DLX,Non-Smoking,High Floor,2025-12-20
CUS0001077,1077,SUT,Non-Smoking,None,2025-07-14
CUS0001078,1078,SUP,Non-Smoking,Near Elevator,2024-06-24
CUS0001079,1079,STD,Non-Smoking,Baby Cot,2024-07-13
CUS0001080,1080,SUP,Non-Smoking,Baby Cot,2024-06-04
CUS0001081,1081,DLX,Non-Smoking,Late Check-In,2026-02-26
CUS0001082,1082,SUT,Non-Smoking,None,2024-11-07
CUS0001083,1083,SUT,Non-Smoking,Late Check-In,2025-12-07
CUS0001084,1084,SUP,Non-Smoking,Late Check-In,2025-12-15
CUS0001085,1085,STD,Non-Smoking,High Floor,2026-05-18
CUS0001086,1086,SUP,Smoking,None,2024-06-05
CUS0001087,1087,SUT,Non-Smoking,Near Elevator,2025-05-09
CUS0001088,1088,SUP,Non-Smoking,High Floor,2024-10-28
CUS0001089,1089,SUP,Non-Smoking,Baby Cot,2025-10-05
CUS0001090,1090,EXC,Non-Smoking,Baby Cot,2025-07-05
CUS0001091,1091,STD,Non-Smoking,Near Elevator,2026-01-05
CUS0001092,1092,STD,Non-Smoking,Near Elevator,2025-05-14
CUS0001093,1093,STD,Smoking,None,2025-06-13
CUS0001094,1094,DLX,Non-Smoking,Near Elevator,2025-09-29
CUS0001095,1095,DLX,Non-Smoking,Near Elevator,2025-12-02
CUS0001096,1096,STD,Non-Smoking,Near Elevator,2024-05-26
CUS0001097,1097,SUT,Non-Smoking,None,2024-11-08
CUS0001098,1098,DLX,Non-Smoking,Near Elevator,2025-12-10
CUS0001099,1099,SUT,Non-Smoking,None,2024-06-27
CUS0001100,1100,SUT,Non-Smoking,Near Elevator,2025-09-07
CUS0001101,1101,DLX,Non-Smoking,Late Check-In,2024-11-11
CUS0001102,1102,SUT,Smoking,Late Check-In,2024-09-21
CUS0001103,1103,SUP,Non-Smoking,High Floor,2025-10-03
CUS0001104,1104,DLX,Non-Smoking,None,2025-04-24
CUS0001105,1105,EXC,Non-Smoking,Late Check-In,2024-10-14
CUS0001106,1106,DLX,Non-Smoking,Baby Cot,2026-04-13
CUS0001107,1107,DLX,Non-Smoking,Near Elevator,2024-08-29
CUS0001108,1108,SUP,Non-Smoking,Baby Cot,2026-03-23
CUS0001109,1109,STD,Non-Smoking,Late Check-In,2026-05-06
CUS0001110,1110,DLX,Non-Smoking,None,2026-02-10
CUS0001111,1111,EXC,Non-Smoking,None,2025-07-24
CUS0001112,1112,SUP,Non-Smoking,Near Elevator,2025-05-14
CUS0001113,1113,EXC,Non-Smoking,Baby Cot,2025-01-03
CUS0001114,1114,SUT,Non-Smoking,High Floor,2026-03-03
CUS0001115,1115,EXC,Non-Smoking,Near Elevator,2025-09-08
CUS0001116,1116,DLX,Non-Smoking,Late Check-In,2024-06-09
CUS0001117,1117,SUP,Non-Smoking,Near Elevator,2026-01-12
CUS0001118,1118,DLX,Non-Smoking,Baby Cot,2026-03-01
CUS0001119,1119,SUP,Non-Smoking,High Floor,2025-12-06
CUS0001120,1120,SUP,Non-Smoking,Baby Cot,2026-02-16
CUS0001121,1121,EXC,Non-Smoking,High Floor,2024-06-18
CUS0001122,1122,DLX,Non-Smoking,None,2025-01-13
CUS0001123,1123,DLX,Non-Smoking,None,2024-07-06
CUS0001124,1124,SUP,Non-Smoking,High Floor,2025-09-21
CUS0001125,1125,STD,Non-Smoking,Late Check-In,2024-06-18
CUS0001126,1126,SUP,Non-Smoking,High Floor,2025-11-08
CUS0001127,1127,SUP,Non-Smoking,Baby Cot,2024-12-03
CUS0001128,1128,STD,Non-Smoking,Late Check-In,2025-08-09
CUS0001129,1129,STD,Non-Smoking,Near Elevator,2025-03-25
CUS0001130,1130,STD,Non-Smoking,Late Check-In,2026-03-14
CUS0001131,1131,SUT,Non-Smoking,Baby Cot,2025-03-08
CUS0001132,1132,DLX,Smoking,None,2026-05-22
CUS0001133,1133,SUP,Non-Smoking,Near Elevator,2026-01-04
CUS0001134,1134,STD,Non-Smoking,Near Elevator,2025-06-15
CUS0001135,1135,SUT,Non-Smoking,Near Elevator,2026-01-07
CUS0001136,1136,EXC,Non-Smoking,High Floor,2024-09-06
CUS0001137,1137,EXC,Non-Smoking,Baby Cot,2024-12-30
CUS0001138,1138,SUT,Non-Smoking,None,2025-08-12
CUS0001139,1139,SUP,Non-Smoking,None,2025-02-18
CUS0001140,1140,EXC,Non-Smoking,Late Check-In,2025-11-16
CUS0001141,1141,SUP,Non-Smoking,Baby Cot,2026-04-15
CUS0001142,1142,DLX,Non-Smoking,None,2024-09-17
CUS0001143,1143,DLX,Non-Smoking,Near Elevator,2025-11-12
CUS0001144,1144,SUP,Non-Smoking,High Floor,2026-05-09
CUS0001145,1145,SUP,Smoking,Late Check-In,2024-06-17
CUS0001146,1146,DLX,Non-Smoking,Late Check-In,2026-01-25
CUS0001147,1147,EXC,Non-Smoking,Baby Cot,2025-02-04
CUS0001148,1148,SUP,Smoking,Late Check-In,2025-08-14
CUS0001149,1149,SUT,Smoking,High Floor,2026-02-22
CUS0001150,1150,SUP,Smoking,None,2025-03-09
CUS0001151,1151,STD,Non-Smoking,Baby Cot,2025-07-14
CUS0001152,1152,DLX,Non-Smoking,Late Check-In,2026-03-08
CUS0001153,1153,SUT,Non-Smoking,Near Elevator,2024-10-27
CUS0001154,1154,SUP,Non-Smoking,Near Elevator,2025-10-23
CUS0001155,1155,STD,Non-Smoking,Late Check-In,2025-04-11
CUS0001156,1156,SUT,Smoking,High Floor,2025-10-31
CUS0001157,1157,STD,Non-Smoking,None,2024-12-15
CUS0001158,1158,DLX,Non-Smoking,Near Elevator,2024-10-08
CUS0001159,1159,STD,Non-Smoking,Late Check-In,2025-06-26
CUS0001160,1160,STD,Non-Smoking,Baby Cot,2024-12-07
CUS0001161,1161,DLX,Non-Smoking,Near Elevator,2025-05-30
CUS0001162,1162,DLX,Non-Smoking,None,2026-03-08
CUS0001163,1163,SUT,Non-Smoking,Baby Cot,2024-07-24
CUS0001164,1164,DLX,Non-Smoking,Baby Cot,2025-03-22
CUS0001165,1165,STD,Smoking,High Floor,2025-11-24
CUS0001166,1166,EXC,Non-Smoking,Near Elevator,2025-04-09
CUS0001167,1167,SUT,Non-Smoking,High Floor,2025-12-04
CUS0001168,1168,DLX,Non-Smoking,Late Check-In,2024-12-12
CUS0001169,1169,STD,Non-Smoking,Late Check-In,2025-09-06
CUS0001170,1170,STD,Non-Smoking,Late Check-In,2025-01-14
CUS0001171,1171,DLX,Non-Smoking,Late Check-In,2025-05-31
CUS0001172,1172,STD,Non-Smoking,Baby Cot,2024-05-24
CUS0001173,1173,SUT,Non-Smoking,None,2025-07-30
CUS0001174,1174,DLX,Non-Smoking,Near Elevator,2024-10-04
CUS0001175,1175,STD,Non-Smoking,None,2026-01-12
CUS0001176,1176,DLX,Non-Smoking,Near Elevator,2024-06-16
CUS0001177,1177,DLX,Non-Smoking,High Floor,2025-11-20
CUS0001178,1178,DLX,Non-Smoking,Baby Cot,2024-12-04
CUS0001179,1179,EXC,Non-Smoking,Near Elevator,2024-11-20
CUS0001180,1180,EXC,Non-Smoking,None,2024-10-05
CUS0001181,1181,EXC,Non-Smoking,Late Check-In,2026-04-26
CUS0001182,1182,DLX,Non-Smoking,None,2025-10-29
CUS0001183,1183,SUT,Non-Smoking,None,2026-04-05
CUS0001184,1184,SUP,Non-Smoking,Late Check-In,2025-11-28
CUS0001185,1185,STD,Non-Smoking,None,2026-03-08
CUS0001186,1186,SUP,Non-Smoking,Late Check-In,2024-06-06
CUS0001187,1187,DLX,Non-Smoking,Late Check-In,2024-09-24
CUS0001188,1188,DLX,Non-Smoking,Late Check-In,2025-07-08
CUS0001189,1189,STD,Non-Smoking,Late Check-In,2026-03-24
CUS0001190,1190,SUP,Non-Smoking,Near Elevator,2024-11-12
CUS0001191,1191,SUT,Non-Smoking,Baby Cot,2025-01-11
CUS0001192,1192,DLX,Non-Smoking,Late Check-In,2024-12-08
CUS0001193,1193,STD,Non-Smoking,Late Check-In,2025-01-29
CUS0001194,1194,STD,Non-Smoking,Baby Cot,2025-03-25
CUS0001195,1195,SUT,Non-Smoking,High Floor,2025-02-26
CUS0001196,1196,DLX,Non-Smoking,Late Check-In,2025-03-31
CUS0001197,1197,SUP,Smoking,Baby Cot,2024-09-26
CUS0001198,1198,SUT,Non-Smoking,High Floor,2026-04-10
CUS0001199,1199,EXC,Non-Smoking,High Floor,2024-12-15
CUS0001200,1200,SUT,Non-Smoking,Baby Cot,2025-03-10
CUS0001201,1201,SUP,Non-Smoking,Baby Cot,2026-01-21
CUS0001202,1202,DLX,Non-Smoking,Near Elevator,2024-09-29
CUS0001203,1203,STD,Non-Smoking,Late Check-In,2024-05-28
CUS0001204,1204,SUP,Non-Smoking,Near Elevator,2024-09-21
CUS0001205,1205,STD,Non-Smoking,Late Check-In,2025-07-22
CUS0001206,1206,STD,Non-Smoking,Late Check-In,2025-05-19
CUS0001207,1207,DLX,Non-Smoking,None,2025-05-19
CUS0001208,1208,SUP,Non-Smoking,Near Elevator,2024-12-25
CUS0001209,1209,STD,Non-Smoking,High Floor,2025-12-16
CUS0001210,1210,DLX,Non-Smoking,Near Elevator,2026-03-06
CUS0001211,1211,SUT,Non-Smoking,Baby Cot,2025-06-01
CUS0001212,1212,STD,Non-Smoking,High Floor,2025-09-25
CUS0001213,1213,SUT,Non-Smoking,Near Elevator,2025-01-26
CUS0001214,1214,SUT,Smoking,None,2025-12-13
CUS0001215,1215,DLX,Non-Smoking,None,2025-09-26
CUS0001216,1216,SUP,Non-Smoking,Baby Cot,2024-10-08
CUS0001217,1217,SUP,Smoking,Baby Cot,2025-02-02
CUS0001218,1218,EXC,Non-Smoking,Baby Cot,2025-08-07
CUS0001219,1219,SUT,Non-Smoking,None,2024-09-10
CUS0001220,1220,DLX,Non-Smoking,High Floor,2025-11-11
CUS0001221,1221,SUP,Smoking,High Floor,2025-09-15
CUS0001222,1222,EXC,Non-Smoking,Baby Cot,2024-06-30
CUS0001223,1223,DLX,Non-Smoking,Baby Cot,2025-06-18
CUS0001224,1224,SUP,Non-Smoking,Late Check-In,2025-03-29
CUS0001225,1225,EXC,Smoking,None,2025-07-28
CUS0001226,1226,STD,Non-Smoking,None,2025-10-24
CUS0001227,1227,SUP,Smoking,Baby Cot,2025-08-23
CUS0001228,1228,DLX,Non-Smoking,Baby Cot,2024-09-20
CUS0001229,1229,STD,Non-Smoking,Baby Cot,2026-01-31
CUS0001230,1230,DLX,Non-Smoking,High Floor,2025-05-21
CUS0001231,1231,EXC,Non-Smoking,None,2024-11-04
CUS0001232,1232,DLX,Smoking,Near Elevator,2025-06-16
CUS0001233,1233,SUP,Non-Smoking,None,2024-08-23
CUS0001234,1234,EXC,Non-Smoking,None,2026-01-30
CUS0001235,1235,SUP,Smoking,None,2025-11-09
CUS0001236,1236,SUP,Non-Smoking,Late Check-In,2025-03-28
CUS0001237,1237,SUT,Non-Smoking,Late Check-In,2025-02-04
CUS0001238,1238,EXC,Non-Smoking,Late Check-In,2026-01-14
CUS0001239,1239,SUT,Smoking,High Floor,2025-04-17
CUS0001240,1240,DLX,Non-Smoking,Near Elevator,2025-07-11
CUS0001241,1241,DLX,Non-Smoking,Baby Cot,2025-01-24
CUS0001242,1242,DLX,Non-Smoking,Late Check-In,2025-02-03
CUS0001243,1243,SUT,Non-Smoking,Late Check-In,2024-11-07
CUS0001244,1244,SUP,Non-Smoking,Late Check-In,2025-11-21
CUS0001245,1245,STD,Non-Smoking,Baby Cot,2024-07-13
CUS0001246,1246,SUP,Non-Smoking,Late Check-In,2024-08-01
CUS0001247,1247,SUT,Non-Smoking,Baby Cot,2024-11-13
CUS0001248,1248,SUT,Non-Smoking,Baby Cot,2025-09-24
CUS0001249,1249,SUP,Non-Smoking,None,2026-01-03
CUS0001250,1250,EXC,Non-Smoking,Near Elevator,2024-12-02
CUS0001251,1251,EXC,Non-Smoking,Late Check-In,2026-01-31
CUS0001252,1252,STD,Non-Smoking,Near Elevator,2025-03-20
CUS0001253,1253,STD,Non-Smoking,Near Elevator,2024-09-22
CUS0001254,1254,STD,Non-Smoking,Late Check-In,2024-11-29
CUS0001255,1255,SUP,Non-Smoking,High Floor,2025-11-28
CUS0001256,1256,SUP,Non-Smoking,High Floor,2025-04-05
CUS0001257,1257,SUP,Non-Smoking,High Floor,2024-11-18
CUS0001258,1258,SUP,Smoking,Near Elevator,2025-02-12
CUS0001259,1259,SUT,Non-Smoking,None,2024-07-25
CUS0001260,1260,STD,Non-Smoking,Near Elevator,2024-10-14
CUS0001261,1261,STD,Non-Smoking,Near Elevator,2024-07-09
CUS0001262,1262,DLX,Non-Smoking,High Floor,2025-12-07
CUS0001263,1263,SUT,Non-Smoking,High Floor,2024-07-06
CUS0001264,1264,DLX,Non-Smoking,Baby Cot,2024-07-29
CUS0001265,1265,SUP,Non-Smoking,None,2025-09-25
CUS0001266,1266,DLX,Non-Smoking,High Floor,2025-05-24
CUS0001267,1267,DLX,Non-Smoking,High Floor,2025-03-14
CUS0001268,1268,SUP,Non-Smoking,Near Elevator,2024-11-07
CUS0001269,1269,STD,Non-Smoking,Late Check-In,2025-12-11
CUS0001270,1270,DLX,Non-Smoking,None,2024-12-13
CUS0001271,1271,SUP,Non-Smoking,Baby Cot,2025-04-28
CUS0001272,1272,DLX,Non-Smoking,High Floor,2025-02-11
CUS0001273,1273,EXC,Non-Smoking,Baby Cot,2025-06-20
CUS0001274,1274,EXC,Non-Smoking,Late Check-In,2024-05-29
CUS0001275,1275,SUT,Non-Smoking,Near Elevator,2024-10-12
CUS0001276,1276,SUT,Non-Smoking,Baby Cot,2025-10-12
CUS0001277,1277,SUP,Smoking,Near Elevator,2025-07-29
CUS0001278,1278,EXC,Non-Smoking,Baby Cot,2025-09-30
CUS0001279,1279,SUT,Non-Smoking,None,2025-04-21
CUS0001280,1280,SUT,Smoking,High Floor,2025-08-30
CUS0001281,1281,SUP,Non-Smoking,High Floor,2026-04-01
CUS0001282,1282,SUP,Non-Smoking,Late Check-In,2025-10-06
CUS0001283,1283,SUT,Non-Smoking,Late Check-In,2025-04-26
CUS0001284,1284,SUP,Non-Smoking,High Floor,2025-01-26
CUS0001285,1285,SUT,Non-Smoking,Baby Cot,2024-12-25
CUS0001286,1286,EXC,Non-Smoking,Late Check-In,2025-12-17
CUS0001287,1287,SUP,Non-Smoking,None,2024-10-01
CUS0001288,1288,DLX,Non-Smoking,High Floor,2025-09-19
CUS0001289,1289,SUT,Non-Smoking,Late Check-In,2026-05-11
CUS0001290,1290,SUP,Non-Smoking,Baby Cot,2024-09-12
CUS0001291,1291,STD,Non-Smoking,None,2025-06-01
CUS0001292,1292,DLX,Non-Smoking,Near Elevator,2025-08-08
CUS0001293,1293,STD,Non-Smoking,None,2025-03-10
CUS0001294,1294,SUP,Non-Smoking,Near Elevator,2025-11-11
CUS0001295,1295,EXC,Non-Smoking,Baby Cot,2026-03-09
CUS0001296,1296,EXC,Non-Smoking,Near Elevator,2024-09-06
CUS0001297,1297,SUT,Non-Smoking,Late Check-In,2025-06-03
CUS0001298,1298,SUP,Non-Smoking,None,2025-05-03
CUS0001299,1299,STD,Non-Smoking,Near Elevator,2025-05-19
CUS0001300,1300,SUT,Non-Smoking,Late Check-In,2024-10-13
CUS0001301,1301,STD,Non-Smoking,Near Elevator,2025-05-12
CUS0001302,1302,SUT,Non-Smoking,None,2025-11-08
CUS0001303,1303,SUT,Non-Smoking,None,2025-06-30
CUS0001304,1304,DLX,Non-Smoking,Near Elevator,2025-06-06
CUS0001305,1305,SUT,Non-Smoking,Baby Cot,2025-08-30
CUS0001306,1306,EXC,Non-Smoking,None,2025-08-29
CUS0001307,1307,SUP,Non-Smoking,Baby Cot,2025-01-11
CUS0001308,1308,DLX,Non-Smoking,Late Check-In,2025-07-14
CUS0001309,1309,SUT,Non-Smoking,Near Elevator,2025-05-05
CUS0001310,1310,DLX,Non-Smoking,Baby Cot,2025-09-13
CUS0001311,1311,STD,Non-Smoking,Near Elevator,2025-05-19
CUS0001312,1312,SUT,Non-Smoking,Near Elevator,2026-01-19
CUS0001313,1313,SUT,Non-Smoking,Baby Cot,2024-08-08
CUS0001314,1314,DLX,Smoking,Late Check-In,2025-06-03
CUS0001315,1315,EXC,Smoking,Near Elevator,2024-06-18
CUS0001316,1316,EXC,Non-Smoking,Baby Cot,2026-05-08
CUS0001317,1317,SUT,Smoking,Late Check-In,2026-04-24
CUS0001318,1318,STD,Non-Smoking,None,2025-10-30
CUS0001319,1319,SUP,Non-Smoking,Late Check-In,2025-05-12
CUS0001320,1320,EXC,Non-Smoking,Near Elevator,2024-10-20
CUS0001321,1321,EXC,Non-Smoking,Baby Cot,2024-08-26
CUS0001322,1322,SUP,Non-Smoking,High Floor,2025-02-16
CUS0001323,1323,STD,Non-Smoking,Late Check-In,2025-06-08
CUS0001324,1324,SUT,Non-Smoking,None,2024-06-02
CUS0001325,1325,SUP,Non-Smoking,Baby Cot,2025-03-15
CUS0001326,1326,DLX,Non-Smoking,Baby Cot,2025-04-27
CUS0001327,1327,STD,Smoking,Late Check-In,2026-04-14
CUS0001328,1328,SUP,Non-Smoking,Late Check-In,2025-01-23
CUS0001329,1329,EXC,Non-Smoking,Late Check-In,2026-02-26
CUS0001330,1330,DLX,Non-Smoking,Baby Cot,2024-07-09
CUS0001331,1331,EXC,Non-Smoking,High Floor,2025-12-11
CUS0001332,1332,EXC,Non-Smoking,Late Check-In,2024-10-22
CUS0001333,1333,DLX,Smoking,None,2024-08-30
CUS0001334,1334,DLX,Non-Smoking,Baby Cot,2026-04-05
CUS0001335,1335,SUT,Smoking,Baby Cot,2026-01-22
CUS0001336,1336,SUP,Non-Smoking,None,2024-08-26
CUS0001337,1337,DLX,Non-Smoking,None,2026-05-18
CUS0001338,1338,SUP,Non-Smoking,Near Elevator,2026-04-30
CUS0001339,1339,SUT,Non-Smoking,Baby Cot,2025-07-23
CUS0001340,1340,SUP,Non-Smoking,Late Check-In,2025-04-22
CUS0001341,1341,EXC,Non-Smoking,Baby Cot,2025-07-18
CUS0001342,1342,EXC,Smoking,None,2026-05-16
CUS0001343,1343,SUP,Non-Smoking,Near Elevator,2025-12-31
CUS0001344,1344,DLX,Non-Smoking,None,2026-03-28
CUS0001345,1345,SUP,Smoking,High Floor,2024-05-24
CUS0001346,1346,SUP,Non-Smoking,Late Check-In,2024-08-19
CUS0001347,1347,SUT,Non-Smoking,High Floor,2024-08-30
CUS0001348,1348,EXC,Non-Smoking,Late Check-In,2025-08-24
CUS0001349,1349,EXC,Non-Smoking,High Floor,2025-12-23
CUS0001350,1350,DLX,Smoking,Late Check-In,2024-10-17
CUS0001351,1351,SUP,Non-Smoking,Near Elevator,2024-09-04
CUS0001352,1352,SUT,Non-Smoking,Baby Cot,2024-11-11
CUS0001353,1353,SUP,Non-Smoking,None,2026-01-13
CUS0001354,1354,STD,Non-Smoking,High Floor,2026-01-11
CUS0001355,1355,SUT,Non-Smoking,Near Elevator,2024-12-07
CUS0001356,1356,SUP,Non-Smoking,Late Check-In,2024-06-08
CUS0001357,1357,DLX,Non-Smoking,Late Check-In,2025-02-16
CUS0001358,1358,SUP,Non-Smoking,Baby Cot,2025-11-22
CUS0001359,1359,SUP,Non-Smoking,High Floor,2024-07-09
CUS0001360,1360,SUT,Non-Smoking,High Floor,2024-06-26
CUS0001361,1361,SUP,Non-Smoking,High Floor,2026-01-09
CUS0001362,1362,STD,Non-Smoking,Late Check-In,2024-10-26
CUS0001363,1363,SUP,Non-Smoking,High Floor,2024-06-23
CUS0001364,1364,EXC,Non-Smoking,None,2024-10-20
CUS0001365,1365,STD,Smoking,Near Elevator,2024-11-10
CUS0001366,1366,EXC,Non-Smoking,High Floor,2026-05-23
CUS0001367,1367,SUP,Non-Smoking,High Floor,2025-09-04
CUS0001368,1368,EXC,Non-Smoking,None,2024-10-31
CUS0001369,1369,STD,Non-Smoking,None,2024-11-05
CUS0001370,1370,EXC,Non-Smoking,High Floor,2025-06-29
CUS0001371,1371,SUP,Non-Smoking,Near Elevator,2025-12-30
CUS0001372,1372,SUT,Non-Smoking,Late Check-In,2024-05-29
CUS0001373,1373,EXC,Non-Smoking,High Floor,2024-10-13
CUS0001374,1374,SUP,Non-Smoking,Baby Cot,2025-05-17
CUS0001375,1375,EXC,Non-Smoking,Late Check-In,2024-12-15
CUS0001376,1376,SUT,Non-Smoking,Late Check-In,2025-05-28
CUS0001377,1377,STD,Non-Smoking,None,2025-02-21
CUS0001378,1378,DLX,Non-Smoking,Baby Cot,2026-02-26
CUS0001379,1379,STD,Non-Smoking,High Floor,2025-03-04
CUS0001380,1380,SUP,Non-Smoking,High Floor,2025-02-17
CUS0001381,1381,EXC,Non-Smoking,Late Check-In,2026-05-04
CUS0001382,1382,STD,Non-Smoking,Near Elevator,2026-04-23
CUS0001383,1383,EXC,Smoking,High Floor,2025-02-10
CUS0001384,1384,SUT,Non-Smoking,Baby Cot,2024-11-29
CUS0001385,1385,STD,Non-Smoking,None,2025-01-06
CUS0001386,1386,DLX,Smoking,High Floor,2024-06-06
CUS0001387,1387,SUP,Non-Smoking,None,2025-10-07
CUS0001388,1388,STD,Non-Smoking,None,2025-05-09
CUS0001389,1389,SUP,Non-Smoking,Baby Cot,2024-08-13
CUS0001390,1390,STD,Non-Smoking,None,2024-10-01
CUS0001391,1391,SUT,Smoking,Late Check-In,2025-08-18
CUS0001392,1392,SUT,Non-Smoking,Baby Cot,2024-06-24
CUS0001393,1393,SUP,Non-Smoking,Late Check-In,2026-02-21
CUS0001394,1394,DLX,Non-Smoking,Near Elevator,2026-03-31
CUS0001395,1395,EXC,Smoking,Late Check-In,2026-05-21
CUS0001396,1396,EXC,Non-Smoking,Late Check-In,2026-04-08
CUS0001397,1397,STD,Non-Smoking,High Floor,2024-11-05
CUS0001398,1398,SUT,Non-Smoking,Late Check-In,2026-02-03
CUS0001399,1399,STD,Non-Smoking,Late Check-In,2026-04-03
CUS0001400,1400,EXC,Non-Smoking,High Floor,2025-03-30
CUS0001401,1401,EXC,Non-Smoking,High Floor,2026-05-04
CUS0001402,1402,SUP,Non-Smoking,None,2026-02-02
CUS0001403,1403,EXC,Smoking,Late Check-In,2024-12-29
CUS0001404,1404,STD,Non-Smoking,Near Elevator,2026-01-13
CUS0001405,1405,SUP,Non-Smoking,None,2026-02-15
CUS0001406,1406,SUP,Non-Smoking,Near Elevator,2026-03-05
CUS0001407,1407,SUP,Smoking,High Floor,2025-03-06
CUS0001408,1408,SUT,Non-Smoking,Near Elevator,2025-02-12
CUS0001409,1409,EXC,Non-Smoking,Near Elevator,2024-10-15
CUS0001410,1410,SUP,Non-Smoking,Late Check-In,2025-11-24
CUS0001411,1411,DLX,Non-Smoking,Near Elevator,2025-10-31
CUS0001412,1412,SUT,Non-Smoking,None,2025-05-24
CUS0001413,1413,EXC,Non-Smoking,High Floor,2025-02-07
CUS0001414,1414,STD,Non-Smoking,Near Elevator,2025-10-13
CUS0001415,1415,EXC,Smoking,Baby Cot,2025-01-13
CUS0001416,1416,SUT,Non-Smoking,Near Elevator,2026-01-25
CUS0001417,1417,SUT,Non-Smoking,High Floor,2025-10-06
CUS0001418,1418,STD,Non-Smoking,Near Elevator,2025-05-31
CUS0001419,1419,DLX,Smoking,None,2025-10-09
CUS0001420,1420,DLX,Non-Smoking,None,2025-06-11
CUS0001421,1421,SUT,Non-Smoking,Near Elevator,2024-06-04
CUS0001422,1422,DLX,Smoking,None,2025-05-23
CUS0001423,1423,DLX,Non-Smoking,Baby Cot,2024-06-15
CUS0001424,1424,EXC,Non-Smoking,Near Elevator,2024-12-08
CUS0001425,1425,EXC,Non-Smoking,Late Check-In,2025-07-14
CUS0001426,1426,DLX,Non-Smoking,Late Check-In,2025-09-05
CUS0001427,1427,DLX,Non-Smoking,None,2024-08-02
CUS0001428,1428,SUT,Non-Smoking,High Floor,2025-02-05
CUS0001429,1429,SUT,Non-Smoking,Baby Cot,2024-08-15
CUS0001430,1430,EXC,Non-Smoking,Baby Cot,2026-05-19
CUS0001431,1431,STD,Smoking,Baby Cot,2024-06-14
CUS0001432,1432,DLX,Non-Smoking,Baby Cot,2025-04-18
CUS0001433,1433,SUP,Non-Smoking,Baby Cot,2025-11-27
CUS0001434,1434,SUT,Non-Smoking,Baby Cot,2026-05-13
CUS0001435,1435,SUP,Non-Smoking,Near Elevator,2026-05-11
CUS0001436,1436,SUP,Non-Smoking,Near Elevator,2025-03-09
CUS0001437,1437,EXC,Non-Smoking,None,2025-11-10
CUS0001438,1438,SUT,Non-Smoking,Baby Cot,2026-05-03
CUS0001439,1439,STD,Non-Smoking,Late Check-In,2026-05-13
CUS0001440,1440,EXC,Non-Smoking,None,2025-11-22
CUS0001441,1441,SUP,Non-Smoking,Near Elevator,2024-05-26
CUS0001442,1442,SUT,Non-Smoking,High Floor,2024-10-06
CUS0001443,1443,DLX,Smoking,Baby Cot,2025-03-09
CUS0001444,1444,SUT,Smoking,Baby Cot,2025-02-26
CUS0001445,1445,STD,Non-Smoking,Near Elevator,2025-03-03
CUS0001446,1446,SUT,Non-Smoking,Late Check-In,2025-08-24
CUS0001447,1447,SUT,Non-Smoking,None,2025-02-11
CUS0001448,1448,EXC,Non-Smoking,Near Elevator,2025-10-29
CUS0001449,1449,DLX,Non-Smoking,Late Check-In,2024-12-19
CUS0001450,1450,STD,Non-Smoking,Baby Cot,2025-01-27
CUS0001451,1451,SUT,Non-Smoking,Late Check-In,2026-05-06
CUS0001452,1452,EXC,Non-Smoking,Near Elevator,2025-12-22
CUS0001453,1453,STD,Non-Smoking,Near Elevator,2026-04-18
CUS0001454,1454,DLX,Non-Smoking,Near Elevator,2026-05-20
CUS0001455,1455,EXC,Non-Smoking,Baby Cot,2026-05-10
CUS0001456,1456,DLX,Non-Smoking,Late Check-In,2024-12-16
CUS0001457,1457,SUP,Non-Smoking,Near Elevator,2025-03-23
CUS0001458,1458,STD,Smoking,High Floor,2024-09-30
CUS0001459,1459,SUP,Non-Smoking,Baby Cot,2025-09-04
CUS0001460,1460,STD,Non-Smoking,Late Check-In,2026-02-26
CUS0001461,1461,DLX,Non-Smoking,Baby Cot,2024-11-19
CUS0001462,1462,DLX,Non-Smoking,Near Elevator,2025-10-22
CUS0001463,1463,STD,Non-Smoking,Near Elevator,2025-01-18
CUS0001464,1464,STD,Non-Smoking,High Floor,2026-03-03
CUS0001465,1465,SUP,Non-Smoking,Near Elevator,2026-05-01
CUS0001466,1466,EXC,Smoking,High Floor,2025-07-16
CUS0001467,1467,DLX,Non-Smoking,High Floor,2024-07-24
CUS0001468,1468,EXC,Non-Smoking,High Floor,2024-07-31
CUS0001469,1469,SUT,Smoking,Near Elevator,2025-10-25
CUS0001470,1470,SUP,Non-Smoking,Late Check-In,2025-06-02
CUS0001471,1471,DLX,Non-Smoking,High Floor,2024-07-18
CUS0001472,1472,EXC,Non-Smoking,Late Check-In,2026-01-26
CUS0001473,1473,SUP,Non-Smoking,None,2024-07-26
CUS0001474,1474,STD,Non-Smoking,High Floor,2025-11-03
CUS0001475,1475,SUT,Non-Smoking,Baby Cot,2024-10-28
CUS0001476,1476,SUP,Smoking,Near Elevator,2024-08-18
CUS0001477,1477,STD,Non-Smoking,High Floor,2025-02-15
CUS0001478,1478,DLX,Non-Smoking,Near Elevator,2025-03-21
CUS0001479,1479,DLX,Smoking,None,2026-03-24
CUS0001480,1480,EXC,Non-Smoking,Late Check-In,2025-01-28
CUS0001481,1481,SUP,Non-Smoking,Near Elevator,2024-11-11
CUS0001482,1482,SUP,Non-Smoking,High Floor,2026-03-21
CUS0001483,1483,DLX,Smoking,Near Elevator,2024-11-30
CUS0001484,1484,DLX,Non-Smoking,High Floor,2024-07-04
CUS0001485,1485,STD,Non-Smoking,High Floor,2026-03-05
CUS0001486,1486,EXC,Non-Smoking,High Floor,2024-09-04
CUS0001487,1487,DLX,Non-Smoking,None,2025-07-27
CUS0001488,1488,STD,Non-Smoking,Near Elevator,2024-12-05
CUS0001489,1489,SUT,Non-Smoking,Near Elevator,2026-02-06
CUS0001490,1490,STD,Non-Smoking,Near Elevator,2025-08-03
CUS0001491,1491,DLX,Non-Smoking,Near Elevator,2025-03-28
CUS0001492,1492,SUT,Non-Smoking,Baby Cot,2024-10-01
CUS0001493,1493,DLX,Non-Smoking,None,2026-03-09
CUS0001494,1494,SUT,Non-Smoking,None,2025-10-11
CUS0001495,1495,SUP,Non-Smoking,Baby Cot,2024-05-29
CUS0001496,1496,SUT,Non-Smoking,High Floor,2026-03-30
CUS0001497,1497,STD,Smoking,Near Elevator,2025-02-12
CUS0001498,1498,SUT,Non-Smoking,High Floor,2025-01-23
CUS0001499,1499,SUT,Non-Smoking,High Floor,2024-10-19
CUS0001500,1500,SUT,Non-Smoking,High Floor,2025-03-12
CUS0001501,1501,SUT,Non-Smoking,None,2024-12-18
CUS0001502,1502,EXC,Non-Smoking,Baby Cot,2025-06-14
CUS0001503,1503,SUT,Non-Smoking,Baby Cot,2025-12-16
CUS0001504,1504,SUT,Non-Smoking,High Floor,2026-01-30
CUS0001505,1505,SUT,Non-Smoking,Baby Cot,2024-10-09
CUS0001506,1506,EXC,Non-Smoking,High Floor,2024-10-02
CUS0001507,1507,STD,Non-Smoking,None,2026-04-05
CUS0001508,1508,EXC,Non-Smoking,High Floor,2025-11-26
CUS0001509,1509,DLX,Smoking,Baby Cot,2025-08-16
CUS0001510,1510,EXC,Non-Smoking,High Floor,2026-01-23
CUS0001511,1511,SUT,Non-Smoking,Late Check-In,2026-04-04
CUS0001512,1512,SUP,Non-Smoking,Late Check-In,2025-10-26
CUS0001513,1513,STD,Smoking,Late Check-In,2024-06-10
CUS0001514,1514,DLX,Non-Smoking,High Floor,2025-10-15
CUS0001515,1515,DLX,Non-Smoking,Baby Cot,2024-07-11
CUS0001516,1516,SUP,Non-Smoking,High Floor,2024-09-21
CUS0001517,1517,STD,Non-Smoking,Late Check-In,2024-06-18
CUS0001518,1518,SUT,Non-Smoking,Late Check-In,2025-01-16
CUS0001519,1519,STD,Non-Smoking,High Floor,2025-02-22
CUS0001520,1520,SUP,Non-Smoking,None,2025-05-23
CUS0001521,1521,SUT,Smoking,Late Check-In,2024-09-13
CUS0001522,1522,DLX,Non-Smoking,Late Check-In,2024-07-09
CUS0001523,1523,STD,Non-Smoking,Baby Cot,2024-09-07
CUS0001524,1524,STD,Non-Smoking,Near Elevator,2025-01-02
CUS0001525,1525,SUT,Non-Smoking,High Floor,2025-10-11
CUS0001526,1526,SUP,Non-Smoking,Baby Cot,2025-02-22
CUS0001527,1527,STD,Non-Smoking,Near Elevator,2025-08-16
CUS0001528,1528,SUP,Non-Smoking,Near Elevator,2024-12-11
CUS0001529,1529,SUT,Non-Smoking,None,2024-12-02
CUS0001530,1530,SUT,Non-Smoking,Baby Cot,2025-01-23
CUS0001531,1531,SUT,Non-Smoking,None,2026-05-13
CUS0001532,1532,EXC,Non-Smoking,Near Elevator,2024-11-25
CUS0001533,1533,DLX,Non-Smoking,Near Elevator,2024-07-11
CUS0001534,1534,SUP,Non-Smoking,Late Check-In,2024-12-02
CUS0001535,1535,SUP,Non-Smoking,None,2024-12-06
CUS0001536,1536,SUT,Non-Smoking,Late Check-In,2025-04-24
CUS0001537,1537,SUT,Non-Smoking,Late Check-In,2026-05-18
CUS0001538,1538,SUT,Non-Smoking,Near Elevator,2024-08-19
CUS0001539,1539,SUP,Non-Smoking,Baby Cot,2026-02-23
CUS0001540,1540,STD,Non-Smoking,Baby Cot,2025-08-31
CUS0001541,1541,SUT,Non-Smoking,None,2024-07-28
CUS0001542,1542,SUT,Non-Smoking,Late Check-In,2026-02-09
CUS0001543,1543,STD,Smoking,Late Check-In,2025-08-01
CUS0001544,1544,EXC,Non-Smoking,Late Check-In,2024-10-07
CUS0001545,1545,SUT,Non-Smoking,High Floor,2024-05-24
CUS0001546,1546,SUT,Non-Smoking,None,2025-09-30
CUS0001547,1547,DLX,Non-Smoking,None,2025-08-26
CUS0001548,1548,SUT,Smoking,None,2025-11-07
CUS0001549,1549,SUT,Non-Smoking,Baby Cot,2024-10-20
CUS0001550,1550,DLX,Non-Smoking,Baby Cot,2025-01-25
CUS0001551,1551,EXC,Non-Smoking,Baby Cot,2025-06-08
CUS0001552,1552,SUT,Non-Smoking,High Floor,2025-03-18
CUS0001553,1553,STD,Non-Smoking,Near Elevator,2025-02-27
CUS0001554,1554,DLX,Non-Smoking,Late Check-In,2024-09-09
CUS0001555,1555,SUT,Non-Smoking,High Floor,2025-09-14
CUS0001556,1556,EXC,Non-Smoking,Late Check-In,2026-03-05
CUS0001557,1557,DLX,Non-Smoking,Baby Cot,2026-04-03
CUS0001558,1558,EXC,Non-Smoking,None,2026-01-17
CUS0001559,1559,EXC,Non-Smoking,High Floor,2024-11-20
CUS0001560,1560,SUT,Non-Smoking,Near Elevator,2024-11-06
CUS0001561,1561,SUT,Smoking,Near Elevator,2026-05-16
CUS0001562,1562,STD,Non-Smoking,Baby Cot,2025-04-21
CUS0001563,1563,SUT,Non-Smoking,Near Elevator,2026-02-16
CUS0001564,1564,SUP,Non-Smoking,Near Elevator,2025-06-23
CUS0001565,1565,STD,Smoking,None,2025-05-11
CUS0001566,1566,SUT,Smoking,None,2024-12-28
CUS0001567,1567,SUP,Smoking,None,2025-04-12
CUS0001568,1568,SUT,Non-Smoking,Baby Cot,2026-03-25
CUS0001569,1569,SUT,Non-Smoking,Near Elevator,2026-04-06
CUS0001570,1570,SUP,Non-Smoking,Baby Cot,2024-10-23
CUS0001571,1571,DLX,Non-Smoking,High Floor,2025-05-05
CUS0001572,1572,DLX,Non-Smoking,Baby Cot,2024-11-16
CUS0001573,1573,DLX,Non-Smoking,Near Elevator,2026-04-14
CUS0001574,1574,EXC,Non-Smoking,Near Elevator,2025-12-29
CUS0001575,1575,STD,Non-Smoking,None,2024-12-28
CUS0001576,1576,STD,Smoking,Near Elevator,2025-06-30
CUS0001577,1577,SUP,Smoking,Late Check-In,2024-06-22
CUS0001578,1578,EXC,Non-Smoking,Near Elevator,2025-11-30
CUS0001579,1579,SUP,Non-Smoking,Near Elevator,2024-11-09
CUS0001580,1580,SUP,Non-Smoking,None,2026-04-03
CUS0001581,1581,EXC,Non-Smoking,Near Elevator,2025-02-12
CUS0001582,1582,DLX,Non-Smoking,Near Elevator,2025-05-21
CUS0001583,1583,SUP,Non-Smoking,Baby Cot,2026-01-23
CUS0001584,1584,DLX,Non-Smoking,Near Elevator,2025-12-17
CUS0001585,1585,STD,Non-Smoking,Late Check-In,2024-10-30
CUS0001586,1586,EXC,Non-Smoking,None,2024-08-10
CUS0001587,1587,DLX,Non-Smoking,High Floor,2025-07-28
CUS0001588,1588,SUT,Non-Smoking,None,2025-11-21
CUS0001589,1589,SUP,Non-Smoking,None,2025-12-02
CUS0001590,1590,EXC,Smoking,None,2024-06-22
CUS0001591,1591,EXC,Smoking,High Floor,2024-10-06
CUS0001592,1592,EXC,Non-Smoking,Late Check-In,2024-06-17
CUS0001593,1593,DLX,Non-Smoking,Near Elevator,2024-10-24
CUS0001594,1594,EXC,Non-Smoking,Baby Cot,2024-12-21
CUS0001595,1595,STD,Non-Smoking,Near Elevator,2026-03-24
CUS0001596,1596,DLX,Non-Smoking,Near Elevator,2026-03-13
CUS0001597,1597,SUT,Non-Smoking,High Floor,2025-04-28
CUS0001598,1598,SUT,Non-Smoking,Late Check-In,2024-06-04
CUS0001599,1599,DLX,Non-Smoking,Near Elevator,2024-07-17
CUS0001600,1600,DLX,Non-Smoking,High Floor,2024-07-30
CUS0001601,1601,SUT,Non-Smoking,Near Elevator,2024-10-02
CUS0001602,1602,STD,Non-Smoking,Late Check-In,2024-06-05
CUS0001603,1603,SUT,Non-Smoking,Baby Cot,2024-12-03
CUS0001604,1604,STD,Non-Smoking,Late Check-In,2024-07-31
CUS0001605,1605,EXC,Non-Smoking,None,2024-08-27
CUS0001606,1606,EXC,Non-Smoking,Baby Cot,2024-07-20
CUS0001607,1607,SUT,Smoking,Baby Cot,2024-07-16
CUS0001608,1608,STD,Non-Smoking,Late Check-In,2024-07-24
CUS0001609,1609,SUP,Non-Smoking,None,2024-06-07
CUS0001610,1610,DLX,Non-Smoking,High Floor,2025-12-06
CUS0001611,1611,DLX,Non-Smoking,High Floor,2026-03-23
CUS0001612,1612,STD,Non-Smoking,High Floor,2026-05-09
CUS0001613,1613,DLX,Non-Smoking,Near Elevator,2024-12-19
CUS0001614,1614,SUT,Non-Smoking,Late Check-In,2026-02-02
CUS0001615,1615,EXC,Non-Smoking,Baby Cot,2026-04-02
CUS0001616,1616,SUT,Non-Smoking,None,2026-02-18
CUS0001617,1617,STD,Smoking,None,2025-03-08
CUS0001618,1618,SUP,Non-Smoking,Late Check-In,2026-01-19
CUS0001619,1619,STD,Non-Smoking,Near Elevator,2025-03-11
CUS0001620,1620,SUT,Non-Smoking,Baby Cot,2024-10-06
CUS0001621,1621,DLX,Non-Smoking,High Floor,2025-05-04
CUS0001622,1622,SUT,Non-Smoking,Baby Cot,2025-03-19
CUS0001623,1623,SUP,Non-Smoking,High Floor,2025-09-01
CUS0001624,1624,EXC,Non-Smoking,Late Check-In,2024-06-29
CUS0001625,1625,DLX,Non-Smoking,Baby Cot,2025-04-21
CUS0001626,1626,DLX,Non-Smoking,High Floor,2024-10-10
CUS0001627,1627,SUT,Non-Smoking,None,2025-05-23
CUS0001628,1628,EXC,Non-Smoking,Late Check-In,2024-10-23
CUS0001629,1629,EXC,Non-Smoking,None,2025-06-26
CUS0001630,1630,EXC,Non-Smoking,Near Elevator,2025-05-18
CUS0001631,1631,DLX,Non-Smoking,Near Elevator,2025-01-28
CUS0001632,1632,SUP,Smoking,Near Elevator,2026-05-11
CUS0001633,1633,EXC,Smoking,Near Elevator,2024-07-22
CUS0001634,1634,EXC,Smoking,Late Check-In,2025-02-23
CUS0001635,1635,STD,Smoking,None,2024-10-06
CUS0001636,1636,EXC,Non-Smoking,Near Elevator,2025-11-10
CUS0001637,1637,DLX,Non-Smoking,Baby Cot,2025-01-20
CUS0001638,1638,EXC,Non-Smoking,Baby Cot,2025-10-18
CUS0001639,1639,STD,Non-Smoking,Late Check-In,2026-02-20
CUS0001640,1640,DLX,Non-Smoking,Baby Cot,2025-01-17
CUS0001641,1641,SUP,Non-Smoking,Late Check-In,2025-09-01
CUS0001642,1642,STD,Non-Smoking,None,2024-06-26
CUS0001643,1643,STD,Non-Smoking,Late Check-In,2025-10-01
CUS0001644,1644,DLX,Non-Smoking,None,2024-11-08
CUS0001645,1645,STD,Non-Smoking,Baby Cot,2025-10-27
CUS0001646,1646,STD,Non-Smoking,Near Elevator,2024-10-26
CUS0001647,1647,SUP,Non-Smoking,Near Elevator,2024-06-27
CUS0001648,1648,DLX,Non-Smoking,High Floor,2025-06-28
CUS0001649,1649,DLX,Non-Smoking,Near Elevator,2025-07-26
CUS0001650,1650,SUT,Non-Smoking,High Floor,2025-01-24
CUS0001651,1651,STD,Non-Smoking,None,2025-12-26
CUS0001652,1652,EXC,Non-Smoking,High Floor,2025-10-12
CUS0001653,1653,DLX,Non-Smoking,Baby Cot,2024-11-22
CUS0001654,1654,STD,Non-Smoking,High Floor,2025-09-11
CUS0001655,1655,EXC,Non-Smoking,High Floor,2025-05-21
CUS0001656,1656,SUT,Non-Smoking,Near Elevator,2024-08-17
CUS0001657,1657,SUT,Non-Smoking,Baby Cot,2024-12-19
CUS0001658,1658,SUT,Non-Smoking,Baby Cot,2026-03-22
CUS0001659,1659,STD,Non-Smoking,Late Check-In,2025-07-28
CUS0001660,1660,STD,Non-Smoking,Baby Cot,2025-04-12
CUS0001661,1661,EXC,Non-Smoking,Late Check-In,2025-12-23
CUS0001662,1662,SUP,Non-Smoking,Near Elevator,2024-11-04
CUS0001663,1663,EXC,Non-Smoking,High Floor,2024-08-28
CUS0001664,1664,STD,Non-Smoking,High Floor,2024-06-19
CUS0001665,1665,DLX,Smoking,High Floor,2024-09-27
CUS0001666,1666,SUT,Non-Smoking,None,2025-06-01
CUS0001667,1667,DLX,Non-Smoking,Near Elevator,2026-02-06
CUS0001668,1668,SUT,Non-Smoking,Baby Cot,2024-08-24
CUS0001669,1669,DLX,Non-Smoking,Late Check-In,2026-01-29
CUS0001670,1670,EXC,Smoking,Baby Cot,2025-12-29
CUS0001671,1671,SUP,Non-Smoking,None,2024-10-12
CUS0001672,1672,DLX,Non-Smoking,Near Elevator,2024-10-27
CUS0001673,1673,STD,Non-Smoking,Near Elevator,2024-09-02
CUS0001674,1674,STD,Non-Smoking,Baby Cot,2024-10-04
CUS0001675,1675,DLX,Non-Smoking,Baby Cot,2025-09-22
CUS0001676,1676,DLX,Non-Smoking,Near Elevator,2025-04-19
CUS0001677,1677,SUP,Non-Smoking,Near Elevator,2026-03-09
CUS0001678,1678,EXC,Smoking,Baby Cot,2024-07-23
CUS0001679,1679,SUP,Non-Smoking,None,2025-08-23
CUS0001680,1680,STD,Non-Smoking,Baby Cot,2026-04-30
CUS0001681,1681,DLX,Non-Smoking,None,2026-03-19
CUS0001682,1682,STD,Non-Smoking,Baby Cot,2024-12-15
CUS0001683,1683,STD,Non-Smoking,Baby Cot,2024-07-25
CUS0001684,1684,SUP,Non-Smoking,Near Elevator,2026-01-22
CUS0001685,1685,SUP,Smoking,Near Elevator,2024-11-28
CUS0001686,1686,DLX,Non-Smoking,Near Elevator,2024-11-02
CUS0001687,1687,SUP,Non-Smoking,Baby Cot,2026-03-02
CUS0001688,1688,SUP,Smoking,Late Check-In,2025-06-29
CUS0001689,1689,SUP,Non-Smoking,Baby Cot,2026-01-10
CUS0001690,1690,SUT,Non-Smoking,Near Elevator,2026-05-15
CUS0001691,1691,SUP,Smoking,Near Elevator,2025-07-14
CUS0001692,1692,STD,Non-Smoking,None,2024-06-07
CUS0001693,1693,STD,Non-Smoking,Near Elevator,2025-10-31
CUS0001694,1694,SUP,Non-Smoking,None,2025-09-15
CUS0001695,1695,STD,Non-Smoking,Baby Cot,2025-05-01
CUS0001696,1696,SUP,Non-Smoking,Near Elevator,2025-11-01
CUS0001697,1697,DLX,Non-Smoking,Baby Cot,2025-09-08
CUS0001698,1698,SUP,Non-Smoking,High Floor,2025-05-11
CUS0001699,1699,STD,Non-Smoking,Baby Cot,2025-09-17
CUS0001700,1700,SUP,Smoking,Near Elevator,2024-12-20
CUS0001701,1701,SUP,Non-Smoking,Late Check-In,2025-12-22
CUS0001702,1702,STD,Non-Smoking,Baby Cot,2025-08-15
CUS0001703,1703,STD,Non-Smoking,Late Check-In,2024-12-07
CUS0001704,1704,EXC,Non-Smoking,Late Check-In,2025-07-01
CUS0001705,1705,EXC,Non-Smoking,Near Elevator,2025-05-01
CUS0001706,1706,EXC,Non-Smoking,High Floor,2024-09-01
CUS0001707,1707,SUP,Non-Smoking,Near Elevator,2025-08-01
CUS0001708,1708,DLX,Non-Smoking,None,2026-01-12
CUS0001709,1709,SUT,Non-Smoking,None,2025-12-26
CUS0001710,1710,SUT,Non-Smoking,Near Elevator,2025-05-19
CUS0001711,1711,SUT,Non-Smoking,Near Elevator,2025-07-15
CUS0001712,1712,SUP,Non-Smoking,Near Elevator,2025-02-15
CUS0001713,1713,STD,Non-Smoking,Near Elevator,2026-05-19
CUS0001714,1714,SUT,Non-Smoking,Near Elevator,2025-12-29
CUS0001715,1715,EXC,Non-Smoking,None,2025-05-30
CUS0001716,1716,DLX,Non-Smoking,Late Check-In,2025-12-28
CUS0001717,1717,EXC,Non-Smoking,Late Check-In,2024-11-30
CUS0001718,1718,SUP,Non-Smoking,None,2026-01-29
CUS0001719,1719,DLX,Non-Smoking,None,2025-06-25
CUS0001720,1720,STD,Non-Smoking,Near Elevator,2025-09-08
CUS0001721,1721,SUT,Non-Smoking,None,2026-03-29
CUS0001722,1722,SUT,Non-Smoking,Baby Cot,2024-08-16
CUS0001723,1723,DLX,Smoking,Late Check-In,2026-04-06
CUS0001724,1724,STD,Non-Smoking,None,2024-09-05
CUS0001725,1725,SUT,Non-Smoking,High Floor,2024-07-16
CUS0001726,1726,STD,Non-Smoking,Near Elevator,2026-03-29
CUS0001727,1727,STD,Non-Smoking,High Floor,2026-04-25
CUS0001728,1728,DLX,Non-Smoking,Late Check-In,2025-10-04
CUS0001729,1729,EXC,Non-Smoking,None,2024-07-17
CUS0001730,1730,STD,Non-Smoking,None,2024-10-04
CUS0001731,1731,STD,Non-Smoking,Baby Cot,2025-09-03
CUS0001732,1732,SUT,Non-Smoking,Baby Cot,2024-11-22
CUS0001733,1733,EXC,Non-Smoking,High Floor,2026-04-10
CUS0001734,1734,DLX,Smoking,Baby Cot,2026-04-03
CUS0001735,1735,SUP,Non-Smoking,High Floor,2025-07-08
CUS0001736,1736,SUP,Non-Smoking,Late Check-In,2024-08-29
CUS0001737,1737,DLX,Smoking,High Floor,2025-07-04
CUS0001738,1738,STD,Non-Smoking,Late Check-In,2025-08-21
CUS0001739,1739,EXC,Non-Smoking,Near Elevator,2025-04-14
CUS0001740,1740,SUT,Non-Smoking,None,2026-01-04
CUS0001741,1741,SUT,Non-Smoking,None,2025-10-18
CUS0001742,1742,DLX,Non-Smoking,None,2025-01-05
CUS0001743,1743,SUP,Non-Smoking,Late Check-In,2026-02-03
CUS0001744,1744,SUP,Non-Smoking,High Floor,2024-06-05
CUS0001745,1745,STD,Non-Smoking,Baby Cot,2024-12-29
CUS0001746,1746,DLX,Non-Smoking,None,2025-03-19
CUS0001747,1747,STD,Smoking,Late Check-In,2024-10-15
CUS0001748,1748,SUP,Non-Smoking,Near Elevator,2025-10-27
CUS0001749,1749,STD,Non-Smoking,None,2025-02-28
CUS0001750,1750,SUP,Non-Smoking,Late Check-In,2026-04-06
CUS0001751,1751,STD,Non-Smoking,None,2026-04-27
CUS0001752,1752,SUP,Non-Smoking,High Floor,2025-08-31
CUS0001753,1753,SUT,Non-Smoking,Baby Cot,2024-07-03
CUS0001754,1754,SUP,Non-Smoking,High Floor,2024-07-19
CUS0001755,1755,STD,Non-Smoking,Near Elevator,2025-09-02
CUS0001756,1756,SUT,Non-Smoking,Late Check-In,2024-10-24
CUS0001757,1757,EXC,Non-Smoking,Baby Cot,2025-12-30
CUS0001758,1758,EXC,Non-Smoking,Baby Cot,2025-06-23
CUS0001759,1759,SUP,Smoking,Late Check-In,2025-12-24
CUS0001760,1760,DLX,Non-Smoking,High Floor,2024-12-05
CUS0001761,1761,STD,Non-Smoking,Near Elevator,2025-02-28
CUS0001762,1762,SUP,Non-Smoking,Near Elevator,2024-09-04
CUS0001763,1763,STD,Non-Smoking,None,2024-09-21
CUS0001764,1764,EXC,Non-Smoking,Baby Cot,2025-09-25
CUS0001765,1765,EXC,Non-Smoking,Late Check-In,2026-01-20
CUS0001766,1766,DLX,Non-Smoking,Baby Cot,2025-06-02
CUS0001767,1767,STD,Non-Smoking,Baby Cot,2025-02-19
CUS0001768,1768,SUP,Non-Smoking,Baby Cot,2025-08-08
CUS0001769,1769,DLX,Non-Smoking,High Floor,2026-03-16
CUS0001770,1770,SUP,Non-Smoking,Baby Cot,2025-05-18
CUS0001771,1771,STD,Non-Smoking,Near Elevator,2024-10-01
CUS0001772,1772,SUT,Non-Smoking,None,2025-02-14
CUS0001773,1773,EXC,Non-Smoking,High Floor,2025-03-09
CUS0001774,1774,STD,Non-Smoking,Near Elevator,2025-10-29
CUS0001775,1775,STD,Non-Smoking,Baby Cot,2024-11-28
CUS0001776,1776,STD,Smoking,Late Check-In,2024-11-02
CUS0001777,1777,SUT,Smoking,High Floor,2025-10-24
CUS0001778,1778,SUP,Non-Smoking,Baby Cot,2024-12-26
CUS0001779,1779,STD,Non-Smoking,Near Elevator,2024-12-25
CUS0001780,1780,DLX,Non-Smoking,Baby Cot,2024-11-12
CUS0001781,1781,SUP,Non-Smoking,High Floor,2025-09-10
CUS0001782,1782,SUT,Non-Smoking,Baby Cot,2025-06-21
CUS0001783,1783,SUP,Non-Smoking,Near Elevator,2025-08-27
CUS0001784,1784,SUP,Non-Smoking,High Floor,2024-08-10
CUS0001785,1785,SUT,Non-Smoking,Near Elevator,2025-12-13
CUS0001786,1786,EXC,Non-Smoking,Baby Cot,2026-02-09
CUS0001787,1787,STD,Non-Smoking,None,2025-06-02
CUS0001788,1788,SUT,Smoking,Late Check-In,2025-11-17
CUS0001789,1789,SUT,Smoking,Near Elevator,2025-08-11
CUS0001790,1790,SUP,Smoking,None,2024-08-29
CUS0001791,1791,STD,Non-Smoking,None,2025-05-28
CUS0001792,1792,STD,Non-Smoking,None,2024-12-26
CUS0001793,1793,STD,Non-Smoking,Near Elevator,2025-10-09
CUS0001794,1794,STD,Non-Smoking,Late Check-In,2024-12-09
CUS0001795,1795,SUP,Non-Smoking,None,2025-05-15
CUS0001796,1796,STD,Non-Smoking,High Floor,2026-03-25
CUS0001797,1797,SUT,Non-Smoking,High Floor,2026-04-22
CUS0001798,1798,EXC,Smoking,Late Check-In,2024-10-05
CUS0001799,1799,EXC,Non-Smoking,Late Check-In,2024-11-07
CUS0001800,1800,SUT,Non-Smoking,Near Elevator,2026-05-12
CUS0001801,1801,DLX,Non-Smoking,None,2025-09-19
CUS0001802,1802,SUT,Non-Smoking,High Floor,2025-01-15
CUS0001803,1803,SUT,Non-Smoking,Late Check-In,2025-12-28
CUS0001804,1804,DLX,Non-Smoking,Baby Cot,2024-06-15
CUS0001805,1805,SUT,Non-Smoking,Late Check-In,2025-07-03
CUS0001806,1806,DLX,Non-Smoking,None,2025-05-15
CUS0001807,1807,SUP,Non-Smoking,High Floor,2024-12-27
CUS0001808,1808,SUT,Non-Smoking,High Floor,2024-06-06
CUS0001809,1809,STD,Non-Smoking,None,2026-03-15
CUS0001810,1810,DLX,Non-Smoking,Late Check-In,2025-03-03
CUS0001811,1811,EXC,Non-Smoking,Near Elevator,2024-06-04
CUS0001812,1812,SUP,Non-Smoking,High Floor,2026-01-12
CUS0001813,1813,DLX,Non-Smoking,None,2026-05-21
CUS0001814,1814,SUT,Smoking,None,2025-03-14
CUS0001815,1815,STD,Non-Smoking,Baby Cot,2025-12-30
CUS0001816,1816,SUP,Smoking,None,2024-08-30
CUS0001817,1817,SUP,Non-Smoking,Near Elevator,2025-09-18
CUS0001818,1818,STD,Non-Smoking,Late Check-In,2025-07-14
CUS0001819,1819,STD,Non-Smoking,Baby Cot,2024-12-21
CUS0001820,1820,SUT,Non-Smoking,Baby Cot,2025-08-03
CUS0001821,1821,SUT,Non-Smoking,Near Elevator,2024-08-02
CUS0001822,1822,SUT,Non-Smoking,High Floor,2024-09-08
CUS0001823,1823,SUP,Non-Smoking,Late Check-In,2025-03-22
CUS0001824,1824,SUT,Non-Smoking,Late Check-In,2026-01-05
CUS0001825,1825,SUP,Non-Smoking,Near Elevator,2025-06-26
CUS0001826,1826,STD,Non-Smoking,None,2026-03-12
CUS0001827,1827,DLX,Non-Smoking,Late Check-In,2025-08-12
CUS0001828,1828,SUP,Non-Smoking,None,2025-09-06
CUS0001829,1829,SUP,Non-Smoking,Near Elevator,2024-10-12
CUS0001830,1830,SUT,Smoking,High Floor,2025-07-15
CUS0001831,1831,STD,Non-Smoking,Late Check-In,2025-03-08
CUS0001832,1832,SUT,Non-Smoking,Near Elevator,2024-10-22
CUS0001833,1833,STD,Non-Smoking,None,2024-09-22
CUS0001834,1834,SUP,Non-Smoking,High Floor,2026-02-25
CUS0001835,1835,SUP,Non-Smoking,High Floor,2024-06-11
CUS0001836,1836,DLX,Non-Smoking,Near Elevator,2026-01-30
CUS0001837,1837,EXC,Non-Smoking,Baby Cot,2025-06-25
CUS0001838,1838,EXC,Non-Smoking,Late Check-In,2024-08-11
CUS0001839,1839,DLX,Non-Smoking,Baby Cot,2025-06-02
CUS0001840,1840,SUP,Non-Smoking,Near Elevator,2024-08-13
CUS0001841,1841,DLX,Non-Smoking,High Floor,2025-09-06
CUS0001842,1842,EXC,Non-Smoking,None,2026-04-07
CUS0001843,1843,SUP,Non-Smoking,None,2025-04-26
CUS0001844,1844,SUT,Non-Smoking,Near Elevator,2025-01-15
CUS0001845,1845,STD,Non-Smoking,High Floor,2025-10-22
CUS0001846,1846,SUT,Non-Smoking,Baby Cot,2025-06-20
CUS0001847,1847,SUP,Non-Smoking,Late Check-In,2026-05-08
CUS0001848,1848,EXC,Non-Smoking,Baby Cot,2025-03-29
CUS0001849,1849,SUP,Non-Smoking,High Floor,2026-01-17
CUS0001850,1850,STD,Non-Smoking,None,2025-08-20
CUS0001851,1851,SUT,Non-Smoking,Baby Cot,2026-04-05
CUS0001852,1852,SUP,Non-Smoking,High Floor,2025-07-01
CUS0001853,1853,STD,Non-Smoking,Near Elevator,2025-12-21
CUS0001854,1854,DLX,Non-Smoking,Late Check-In,2025-06-05
CUS0001855,1855,STD,Smoking,Near Elevator,2024-05-26
CUS0001856,1856,STD,Non-Smoking,Late Check-In,2025-09-11
CUS0001857,1857,SUT,Non-Smoking,Near Elevator,2024-07-28
CUS0001858,1858,STD,Non-Smoking,Baby Cot,2025-05-12
CUS0001859,1859,EXC,Non-Smoking,Baby Cot,2025-08-16
CUS0001860,1860,DLX,Non-Smoking,Baby Cot,2026-03-23
CUS0001861,1861,SUT,Non-Smoking,Baby Cot,2025-08-23
CUS0001862,1862,EXC,Non-Smoking,Late Check-In,2025-08-30
CUS0001863,1863,SUP,Non-Smoking,Near Elevator,2025-03-06
CUS0001864,1864,EXC,Non-Smoking,High Floor,2024-11-29
CUS0001865,1865,STD,Non-Smoking,Baby Cot,2025-02-15
CUS0001866,1866,STD,Non-Smoking,Near Elevator,2025-01-30
CUS0001867,1867,EXC,Non-Smoking,Near Elevator,2024-08-11
CUS0001868,1868,SUP,Non-Smoking,High Floor,2025-11-10
CUS0001869,1869,SUT,Non-Smoking,Baby Cot,2025-11-01
CUS0001870,1870,STD,Non-Smoking,Late Check-In,2024-06-12
CUS0001871,1871,DLX,Non-Smoking,None,2025-10-05
CUS0001872,1872,DLX,Non-Smoking,Baby Cot,2024-08-24
CUS0001873,1873,SUT,Non-Smoking,High Floor,2026-01-27
CUS0001874,1874,SUP,Non-Smoking,Late Check-In,2024-09-26
CUS0001875,1875,SUT,Smoking,High Floor,2025-12-24
CUS0001876,1876,EXC,Non-Smoking,High Floor,2024-11-29
CUS0001877,1877,SUP,Non-Smoking,Baby Cot,2025-11-23
CUS0001878,1878,EXC,Non-Smoking,Late Check-In,2024-12-30
CUS0001879,1879,EXC,Smoking,Baby Cot,2026-04-20
CUS0001880,1880,DLX,Non-Smoking,None,2025-08-04
CUS0001881,1881,EXC,Non-Smoking,Late Check-In,2024-11-02
CUS0001882,1882,SUT,Non-Smoking,Baby Cot,2026-02-02
CUS0001883,1883,DLX,Non-Smoking,Baby Cot,2024-11-17
CUS0001884,1884,SUP,Non-Smoking,High Floor,2025-08-06
CUS0001885,1885,SUP,Non-Smoking,Late Check-In,2025-05-29
CUS0001886,1886,DLX,Non-Smoking,High Floor,2026-01-27
CUS0001887,1887,STD,Non-Smoking,Near Elevator,2024-06-27
CUS0001888,1888,STD,Non-Smoking,Late Check-In,2025-01-19
CUS0001889,1889,DLX,Non-Smoking,Late Check-In,2024-11-09
CUS0001890,1890,SUP,Non-Smoking,None,2025-03-17
CUS0001891,1891,STD,Non-Smoking,High Floor,2026-02-19
CUS0001892,1892,STD,Non-Smoking,None,2025-10-25
CUS0001893,1893,EXC,Non-Smoking,None,2025-05-18
CUS0001894,1894,EXC,Smoking,Late Check-In,2026-03-06
CUS0001895,1895,DLX,Non-Smoking,Near Elevator,2024-12-08
CUS0001896,1896,DLX,Non-Smoking,Near Elevator,2026-05-04
CUS0001897,1897,SUP,Smoking,None,2026-03-16
CUS0001898,1898,SUT,Smoking,High Floor,2025-12-04
CUS0001899,1899,SUT,Non-Smoking,None,2024-07-07
CUS0001900,1900,SUT,Non-Smoking,Near Elevator,2024-10-08
CUS0001901,1901,DLX,Non-Smoking,Late Check-In,2024-10-31
CUS0001902,1902,SUT,Non-Smoking,Baby Cot,2025-08-25
CUS0001903,1903,STD,Non-Smoking,Near Elevator,2024-07-30
CUS0001904,1904,EXC,Non-Smoking,Baby Cot,2024-07-27
CUS0001905,1905,SUT,Non-Smoking,Late Check-In,2025-03-16
CUS0001906,1906,STD,Non-Smoking,High Floor,2024-10-14
CUS0001907,1907,SUP,Non-Smoking,Near Elevator,2025-07-11
CUS0001908,1908,SUT,Non-Smoking,Late Check-In,2025-04-28
CUS0001909,1909,DLX,Smoking,Near Elevator,2025-11-10
CUS0001910,1910,EXC,Non-Smoking,High Floor,2025-09-20
CUS0001911,1911,DLX,Non-Smoking,Late Check-In,2024-09-14
CUS0001912,1912,SUT,Non-Smoking,Near Elevator,2024-11-02
CUS0001913,1913,SUP,Non-Smoking,None,2025-08-08
CUS0001914,1914,EXC,Non-Smoking,Baby Cot,2025-04-21
CUS0001915,1915,SUP,Non-Smoking,Baby Cot,2026-04-16
CUS0001916,1916,STD,Non-Smoking,Near Elevator,2025-01-10
CUS0001917,1917,SUT,Smoking,Near Elevator,2026-02-11
CUS0001918,1918,SUT,Non-Smoking,Baby Cot,2024-08-14
CUS0001919,1919,EXC,Non-Smoking,Near Elevator,2024-07-27
CUS0001920,1920,SUP,Non-Smoking,Baby Cot,2026-04-15
CUS0001921,1921,SUP,Non-Smoking,Baby Cot,2024-07-16
CUS0001922,1922,STD,Non-Smoking,Late Check-In,2026-02-26
CUS0001923,1923,EXC,Non-Smoking,High Floor,2025-02-05
CUS0001924,1924,SUP,Non-Smoking,Near Elevator,2026-01-23
CUS0001925,1925,SUT,Non-Smoking,Late Check-In,2025-06-07
CUS0001926,1926,EXC,Non-Smoking,Late Check-In,2024-09-13
CUS0001927,1927,SUT,Smoking,High Floor,2024-11-20
CUS0001928,1928,SUT,Smoking,Near Elevator,2026-02-25
CUS0001929,1929,SUP,Non-Smoking,Baby Cot,2025-06-19
CUS0001930,1930,EXC,Smoking,Late Check-In,2026-05-15
CUS0001931,1931,DLX,Non-Smoking,High Floor,2024-07-23
CUS0001932,1932,SUP,Non-Smoking,High Floor,2024-07-16
CUS0001933,1933,EXC,Non-Smoking,Late Check-In,2025-03-30
CUS0001934,1934,SUP,Non-Smoking,Late Check-In,2024-12-01
CUS0001935,1935,EXC,Non-Smoking,None,2025-06-26
CUS0001936,1936,STD,Non-Smoking,High Floor,2025-01-06
CUS0001937,1937,DLX,Non-Smoking,Near Elevator,2025-05-26
CUS0001938,1938,DLX,Non-Smoking,None,2024-10-25
CUS0001939,1939,STD,Non-Smoking,Baby Cot,2026-03-25
CUS0001940,1940,SUT,Non-Smoking,Baby Cot,2025-08-02
CUS0001941,1941,EXC,Smoking,Near Elevator,2026-01-30
CUS0001942,1942,STD,Non-Smoking,Baby Cot,2025-12-13
CUS0001943,1943,SUT,Non-Smoking,High Floor,2025-02-04
CUS0001944,1944,STD,Non-Smoking,High Floor,2025-08-22
CUS0001945,1945,SUT,Non-Smoking,None,2025-04-24
CUS0001946,1946,STD,Non-Smoking,Baby Cot,2026-04-20
CUS0001947,1947,STD,Non-Smoking,Near Elevator,2025-08-24
CUS0001948,1948,EXC,Smoking,Baby Cot,2025-09-05
CUS0001949,1949,STD,Non-Smoking,Near Elevator,2025-02-01
CUS0001950,1950,EXC,Non-Smoking,Baby Cot,2025-12-13
CUS0001951,1951,SUP,Non-Smoking,Baby Cot,2024-10-03
CUS0001952,1952,SUT,Non-Smoking,High Floor,2025-05-07
CUS0001953,1953,EXC,Non-Smoking,Near Elevator,2024-09-06
CUS0001954,1954,SUP,Non-Smoking,Late Check-In,2025-12-22
CUS0001955,1955,DLX,Non-Smoking,Near Elevator,2024-11-19
CUS0001956,1956,SUP,Non-Smoking,Baby Cot,2024-09-11
CUS0001957,1957,STD,Non-Smoking,Baby Cot,2025-04-05
CUS0001958,1958,SUT,Non-Smoking,Baby Cot,2025-05-19
CUS0001959,1959,SUP,Non-Smoking,Near Elevator,2025-06-02
CUS0001960,1960,SUT,Non-Smoking,High Floor,2024-12-06
CUS0001961,1961,EXC,Smoking,Near Elevator,2026-04-09
CUS0001962,1962,DLX,Non-Smoking,None,2025-03-10
CUS0001963,1963,EXC,Non-Smoking,Baby Cot,2025-11-14
CUS0001964,1964,SUP,Non-Smoking,Late Check-In,2025-03-14
CUS0001965,1965,EXC,Non-Smoking,Near Elevator,2025-02-20
CUS0001966,1966,SUT,Non-Smoking,Near Elevator,2024-07-21
CUS0001967,1967,DLX,Non-Smoking,Baby Cot,2025-09-18
CUS0001968,1968,STD,Smoking,Baby Cot,2025-06-27
CUS0001969,1969,SUT,Non-Smoking,Baby Cot,2024-06-28
CUS0001970,1970,SUT,Non-Smoking,Near Elevator,2024-11-06
CUS0001971,1971,SUT,Non-Smoking,Near Elevator,2025-06-09
CUS0001972,1972,SUP,Non-Smoking,Baby Cot,2025-07-01
CUS0001973,1973,EXC,Non-Smoking,High Floor,2025-11-01
CUS0001974,1974,DLX,Non-Smoking,Near Elevator,2025-07-12
CUS0001975,1975,SUP,Smoking,Baby Cot,2024-06-09
CUS0001976,1976,SUT,Non-Smoking,Late Check-In,2025-05-02
CUS0001977,1977,SUP,Non-Smoking,High Floor,2025-11-01
CUS0001978,1978,SUT,Non-Smoking,Baby Cot,2026-04-05
CUS0001979,1979,SUP,Non-Smoking,None,2025-04-20
CUS0001980,1980,DLX,Non-Smoking,Baby Cot,2025-07-10
CUS0001981,1981,STD,Non-Smoking,High Floor,2024-07-07
CUS0001982,1982,DLX,Non-Smoking,None,2025-10-29
CUS0001983,1983,SUT,Non-Smoking,Near Elevator,2024-11-09
CUS0001984,1984,DLX,Non-Smoking,Late Check-In,2026-05-21
CUS0001985,1985,SUP,Non-Smoking,Baby Cot,2024-08-04
CUS0001986,1986,SUP,Non-Smoking,High Floor,2025-05-02
CUS0001987,1987,EXC,Non-Smoking,Baby Cot,2025-08-25
CUS0001988,1988,STD,Non-Smoking,Baby Cot,2026-03-25
CUS0001989,1989,SUT,Non-Smoking,Late Check-In,2025-09-22
CUS0001990,1990,EXC,Non-Smoking,Near Elevator,2025-04-07
CUS0001991,1991,STD,Smoking,Near Elevator,2025-05-31
CUS0001992,1992,STD,Non-Smoking,Baby Cot,2024-06-07
CUS0001993,1993,EXC,Non-Smoking,None,2024-10-16
CUS0001994,1994,STD,Non-Smoking,Late Check-In,2024-11-14
CUS0001995,1995,SUT,Smoking,None,2024-07-21
CUS0001996,1996,SUP,Non-Smoking,None,2024-12-02
CUS0001997,1997,DLX,Non-Smoking,Near Elevator,2025-07-11
CUS0001998,1998,SUT,Non-Smoking,Late Check-In,2025-10-09
CUS0001999,1999,DLX,Non-Smoking,Baby Cot,2025-03-21
CUS0002000,2000,DLX,Non-Smoking,None,2024-10-04
CUS0002001,2001,DLX,Non-Smoking,Late Check-In,2024-09-10
CUS0002002,2002,SUP,Non-Smoking,Near Elevator,2025-10-09
CUS0002003,2003,SUP,Non-Smoking,None,2024-11-14
CUS0002004,2004,SUT,Non-Smoking,Near Elevator,2025-01-22
CUS0002005,2005,STD,Smoking,Baby Cot,2025-03-17
CUS0002006,2006,STD,Non-Smoking,Late Check-In,2025-10-11
CUS0002007,2007,EXC,Non-Smoking,Baby Cot,2026-03-06
CUS0002008,2008,DLX,Non-Smoking,Late Check-In,2026-04-28
CUS0002009,2009,DLX,Smoking,Near Elevator,2025-12-25
CUS0002010,2010,EXC,Non-Smoking,Near Elevator,2025-10-17
CUS0002011,2011,EXC,Non-Smoking,High Floor,2025-02-25
CUS0002012,2012,EXC,Non-Smoking,Late Check-In,2025-11-16
CUS0002013,2013,SUT,Non-Smoking,High Floor,2024-07-12
CUS0002014,2014,SUP,Non-Smoking,Baby Cot,2025-08-21
CUS0002015,2015,SUP,Non-Smoking,Near Elevator,2026-01-10
CUS0002016,2016,STD,Smoking,Baby Cot,2025-08-11
CUS0002017,2017,SUT,Non-Smoking,None,2025-09-27
CUS0002018,2018,SUT,Non-Smoking,Late Check-In,2025-05-31
CUS0002019,2019,STD,Non-Smoking,High Floor,2024-06-17
CUS0002020,2020,DLX,Non-Smoking,Near Elevator,2025-12-31
CUS0002021,2021,STD,Non-Smoking,High Floor,2024-10-24
CUS0002022,2022,SUP,Non-Smoking,Baby Cot,2025-04-09
CUS0002023,2023,DLX,Smoking,Baby Cot,2025-07-29
CUS0002024,2024,EXC,Non-Smoking,High Floor,2025-04-02
CUS0002025,2025,EXC,Non-Smoking,None,2026-04-27
CUS0002026,2026,EXC,Smoking,Near Elevator,2026-02-10
CUS0002027,2027,SUP,Non-Smoking,High Floor,2026-04-05
CUS0002028,2028,SUP,Non-Smoking,High Floor,2025-12-24
CUS0002029,2029,STD,Non-Smoking,Near Elevator,2024-09-05
CUS0002030,2030,DLX,Non-Smoking,High Floor,2024-05-31
CUS0002031,2031,EXC,Smoking,Late Check-In,2026-04-19
CUS0002032,2032,EXC,Non-Smoking,None,2025-01-23
CUS0002033,2033,STD,Non-Smoking,High Floor,2025-07-14
CUS0002034,2034,STD,Smoking,Late Check-In,2025-01-28
CUS0002035,2035,SUP,Non-Smoking,None,2024-10-22
CUS0002036,2036,SUT,Non-Smoking,Late Check-In,2024-12-19
CUS0002037,2037,DLX,Non-Smoking,High Floor,2025-03-03
CUS0002038,2038,SUP,Non-Smoking,Baby Cot,2024-08-26
CUS0002039,2039,SUT,Non-Smoking,None,2024-12-01
CUS0002040,2040,SUT,Non-Smoking,High Floor,2025-05-26
CUS0002041,2041,SUP,Non-Smoking,None,2025-01-08
CUS0002042,2042,DLX,Non-Smoking,Near Elevator,2025-05-16
CUS0002043,2043,SUT,Non-Smoking,None,2025-03-06
CUS0002044,2044,EXC,Non-Smoking,Near Elevator,2025-09-20
CUS0002045,2045,STD,Non-Smoking,Baby Cot,2026-01-25
CUS0002046,2046,EXC,Non-Smoking,High Floor,2025-03-23
CUS0002047,2047,SUT,Non-Smoking,None,2026-05-12
CUS0002048,2048,SUP,Non-Smoking,High Floor,2026-01-24
CUS0002049,2049,SUT,Non-Smoking,Late Check-In,2025-10-31
CUS0002050,2050,DLX,Non-Smoking,None,2025-12-20
CUS0002051,2051,STD,Non-Smoking,Baby Cot,2024-09-23
CUS0002052,2052,EXC,Non-Smoking,High Floor,2026-05-18
CUS0002053,2053,SUT,Non-Smoking,Near Elevator,2024-06-14
CUS0002054,2054,SUT,Smoking,Near Elevator,2024-07-20
CUS0002055,2055,STD,Non-Smoking,Baby Cot,2026-02-22
CUS0002056,2056,DLX,Non-Smoking,None,2025-08-19
CUS0002057,2057,SUP,Non-Smoking,Late Check-In,2025-06-26
CUS0002058,2058,STD,Smoking,Near Elevator,2024-06-27
CUS0002059,2059,DLX,Non-Smoking,Near Elevator,2025-07-04
CUS0002060,2060,SUP,Non-Smoking,Near Elevator,2026-04-28
CUS0002061,2061,SUT,Non-Smoking,Near Elevator,2026-04-28
CUS0002062,2062,EXC,Non-Smoking,Baby Cot,2025-12-22
CUS0002063,2063,SUT,Non-Smoking,High Floor,2025-01-25
CUS0002064,2064,STD,Smoking,None,2025-06-17
CUS0002065,2065,STD,Non-Smoking,Late Check-In,2026-02-20
CUS0002066,2066,SUP,Non-Smoking,None,2025-01-04
CUS0002067,2067,EXC,Non-Smoking,High Floor,2025-05-18
CUS0002068,2068,STD,Smoking,Baby Cot,2024-06-21
CUS0002069,2069,SUP,Non-Smoking,None,2026-03-17
CUS0002070,2070,DLX,Non-Smoking,Baby Cot,2026-02-10
CUS0002071,2071,SUT,Non-Smoking,Late Check-In,2025-12-18
CUS0002072,2072,STD,Non-Smoking,None,2024-06-28
CUS0002073,2073,SUP,Smoking,Late Check-In,2025-05-26
CUS0002074,2074,DLX,Smoking,High Floor,2024-10-15
CUS0002075,2075,STD,Non-Smoking,Near Elevator,2024-09-22
CUS0002076,2076,EXC,Non-Smoking,None,2026-03-23
CUS0002077,2077,DLX,Non-Smoking,Near Elevator,2025-01-02
CUS0002078,2078,DLX,Non-Smoking,Late Check-In,2026-05-09
CUS0002079,2079,DLX,Smoking,Late Check-In,2025-09-28
CUS0002080,2080,STD,Non-Smoking,High Floor,2025-03-12
CUS0002081,2081,EXC,Non-Smoking,Baby Cot,2025-02-03
CUS0002082,2082,SUT,Non-Smoking,Near Elevator,2024-06-21
CUS0002083,2083,SUP,Non-Smoking,High Floor,2024-10-21
CUS0002084,2084,STD,Non-Smoking,None,2025-10-27
CUS0002085,2085,EXC,Non-Smoking,Near Elevator,2024-12-19
CUS0002086,2086,STD,Non-Smoking,Baby Cot,2025-08-11
CUS0002087,2087,SUT,Smoking,None,2025-05-31
CUS0002088,2088,SUT,Non-Smoking,Near Elevator,2025-08-09
CUS0002089,2089,EXC,Non-Smoking,Late Check-In,2025-08-17
CUS0002090,2090,STD,Non-Smoking,None,2025-08-25
CUS0002091,2091,SUP,Non-Smoking,Near Elevator,2025-12-12
CUS0002092,2092,DLX,Non-Smoking,Baby Cot,2025-03-27
CUS0002093,2093,STD,Smoking,Late Check-In,2024-06-19
CUS0002094,2094,DLX,Non-Smoking,Late Check-In,2024-10-27
CUS0002095,2095,SUP,Non-Smoking,Late Check-In,2025-08-31
CUS0002096,2096,STD,Smoking,Near Elevator,2026-03-31
CUS0002097,2097,DLX,Non-Smoking,Late Check-In,2024-07-30
CUS0002098,2098,SUT,Non-Smoking,Near Elevator,2025-06-15
CUS0002099,2099,SUP,Non-Smoking,Late Check-In,2025-07-09
CUS0002100,2100,SUT,Non-Smoking,Baby Cot,2024-09-20
CUS0002101,2101,SUT,Non-Smoking,Near Elevator,2024-11-08
CUS0002102,2102,SUP,Non-Smoking,Late Check-In,2024-09-28
CUS0002103,2103,SUP,Non-Smoking,High Floor,2025-11-30
CUS0002104,2104,STD,Non-Smoking,None,2026-01-19
CUS0002105,2105,STD,Smoking,Baby Cot,2025-05-28
CUS0002106,2106,STD,Non-Smoking,Near Elevator,2025-02-04
CUS0002107,2107,DLX,Non-Smoking,Baby Cot,2024-08-23
CUS0002108,2108,EXC,Non-Smoking,None,2025-05-26
CUS0002109,2109,STD,Non-Smoking,Baby Cot,2025-06-16
CUS0002110,2110,STD,Non-Smoking,Late Check-In,2024-08-17
CUS0002111,2111,SUT,Non-Smoking,Late Check-In,2025-05-09
CUS0002112,2112,DLX,Non-Smoking,Baby Cot,2025-11-28
CUS0002113,2113,SUP,Non-Smoking,Late Check-In,2025-09-02
CUS0002114,2114,SUT,Non-Smoking,Near Elevator,2026-04-22
CUS0002115,2115,SUT,Smoking,High Floor,2025-12-17
CUS0002116,2116,STD,Non-Smoking,Near Elevator,2025-09-20
CUS0002117,2117,STD,Non-Smoking,Near Elevator,2024-09-13
CUS0002118,2118,DLX,Non-Smoking,None,2024-07-08
CUS0002119,2119,EXC,Smoking,Baby Cot,2025-12-28
CUS0002120,2120,STD,Non-Smoking,Near Elevator,2025-07-08
CUS0002121,2121,EXC,Smoking,Late Check-In,2024-09-20
CUS0002122,2122,EXC,Non-Smoking,Baby Cot,2025-03-24
CUS0002123,2123,SUT,Non-Smoking,High Floor,2024-11-17
CUS0002124,2124,SUP,Non-Smoking,Baby Cot,2026-02-15
CUS0002125,2125,STD,Non-Smoking,Baby Cot,2024-11-15
CUS0002126,2126,EXC,Non-Smoking,Baby Cot,2024-12-07
CUS0002127,2127,EXC,Non-Smoking,Near Elevator,2026-04-20
CUS0002128,2128,STD,Non-Smoking,Near Elevator,2026-05-06
CUS0002129,2129,SUP,Smoking,None,2025-12-05
CUS0002130,2130,EXC,Smoking,Baby Cot,2024-09-06
CUS0002131,2131,SUT,Non-Smoking,Baby Cot,2025-10-03
CUS0002132,2132,DLX,Non-Smoking,Near Elevator,2024-09-11
CUS0002133,2133,STD,Non-Smoking,None,2024-06-09
CUS0002134,2134,STD,Non-Smoking,Late Check-In,2024-12-09
CUS0002135,2135,DLX,Non-Smoking,Near Elevator,2024-12-26
CUS0002136,2136,DLX,Non-Smoking,Near Elevator,2025-02-17
CUS0002137,2137,STD,Non-Smoking,Near Elevator,2025-05-23
CUS0002138,2138,EXC,Non-Smoking,Baby Cot,2026-02-10
CUS0002139,2139,SUT,Non-Smoking,Baby Cot,2024-10-25
CUS0002140,2140,DLX,Non-Smoking,Baby Cot,2025-03-16
CUS0002141,2141,SUT,Non-Smoking,None,2025-05-02
CUS0002142,2142,SUP,Non-Smoking,Baby Cot,2025-08-06
CUS0002143,2143,EXC,Non-Smoking,Near Elevator,2026-03-22
CUS0002144,2144,STD,Non-Smoking,Baby Cot,2026-03-19
CUS0002145,2145,EXC,Non-Smoking,Late Check-In,2025-01-20
CUS0002146,2146,SUT,Non-Smoking,Late Check-In,2024-08-06
CUS0002147,2147,SUT,Non-Smoking,High Floor,2025-06-28
CUS0002148,2148,EXC,Non-Smoking,None,2025-06-16
CUS0002149,2149,STD,Smoking,Baby Cot,2026-04-25
CUS0002150,2150,DLX,Smoking,Late Check-In,2025-09-30
CUS0002151,2151,STD,Non-Smoking,Late Check-In,2026-05-16
CUS0002152,2152,SUP,Non-Smoking,None,2025-12-05
CUS0002153,2153,SUT,Smoking,Near Elevator,2026-02-12
CUS0002154,2154,SUT,Non-Smoking,None,2024-07-03
CUS0002155,2155,SUP,Smoking,Near Elevator,2025-10-29
CUS0002156,2156,SUT,Non-Smoking,High Floor,2025-03-07
CUS0002157,2157,SUP,Non-Smoking,None,2024-11-16
CUS0002158,2158,SUP,Smoking,High Floor,2025-10-07
CUS0002159,2159,EXC,Non-Smoking,Near Elevator,2026-02-13
CUS0002160,2160,DLX,Non-Smoking,Near Elevator,2024-08-31
CUS0002161,2161,SUP,Non-Smoking,Near Elevator,2025-01-26
CUS0002162,2162,EXC,Non-Smoking,Late Check-In,2024-06-01
CUS0002163,2163,STD,Non-Smoking,Late Check-In,2024-05-24
CUS0002164,2164,EXC,Non-Smoking,None,2026-01-30
CUS0002165,2165,EXC,Non-Smoking,High Floor,2025-11-10
CUS0002166,2166,SUP,Non-Smoking,Baby Cot,2024-09-04
CUS0002167,2167,EXC,Non-Smoking,Late Check-In,2025-04-24
CUS0002168,2168,STD,Non-Smoking,Baby Cot,2025-06-26
CUS0002169,2169,DLX,Smoking,Late Check-In,2024-05-30
CUS0002170,2170,STD,Non-Smoking,None,2025-02-13
CUS0002171,2171,SUT,Non-Smoking,Baby Cot,2025-07-02
CUS0002172,2172,SUT,Non-Smoking,High Floor,2025-04-26
CUS0002173,2173,STD,Non-Smoking,None,2026-01-21
CUS0002174,2174,EXC,Non-Smoking,High Floor,2026-03-10
CUS0002175,2175,SUT,Non-Smoking,None,2026-04-16
CUS0002176,2176,EXC,Non-Smoking,None,2026-01-20
CUS0002177,2177,DLX,Non-Smoking,Baby Cot,2025-03-14
CUS0002178,2178,EXC,Non-Smoking,High Floor,2025-12-03
CUS0002179,2179,STD,Non-Smoking,Late Check-In,2026-04-15
CUS0002180,2180,SUT,Non-Smoking,None,2026-03-11
CUS0002181,2181,EXC,Non-Smoking,High Floor,2025-03-08
CUS0002182,2182,SUT,Non-Smoking,Near Elevator,2026-03-30
CUS0002183,2183,SUP,Non-Smoking,Baby Cot,2024-11-18
CUS0002184,2184,EXC,Non-Smoking,None,2026-01-10
CUS0002185,2185,DLX,Smoking,Near Elevator,2025-12-04
CUS0002186,2186,STD,Non-Smoking,Baby Cot,2024-07-15
CUS0002187,2187,SUT,Non-Smoking,Baby Cot,2025-02-15
CUS0002188,2188,EXC,Smoking,High Floor,2025-08-15
CUS0002189,2189,DLX,Non-Smoking,Near Elevator,2025-11-26
CUS0002190,2190,STD,Non-Smoking,Near Elevator,2024-09-28
CUS0002191,2191,SUP,Non-Smoking,High Floor,2025-09-15
CUS0002192,2192,STD,Non-Smoking,Late Check-In,2026-04-24
CUS0002193,2193,STD,Non-Smoking,None,2024-09-10
CUS0002194,2194,SUP,Smoking,None,2026-01-06
CUS0002195,2195,STD,Non-Smoking,Near Elevator,2024-08-16
CUS0002196,2196,EXC,Non-Smoking,Near Elevator,2026-02-11
CUS0002197,2197,SUT,Non-Smoking,Near Elevator,2024-06-22
CUS0002198,2198,SUT,Non-Smoking,Baby Cot,2025-07-21
CUS0002199,2199,STD,Smoking,Near Elevator,2025-02-21
CUS0002200,2200,DLX,Non-Smoking,Near Elevator,2025-03-31
CUS0002201,2201,SUP,Non-Smoking,Late Check-In,2024-06-21
CUS0002202,2202,EXC,Smoking,Near Elevator,2025-02-01
CUS0002203,2203,SUT,Non-Smoking,Late Check-In,2025-11-09
CUS0002204,2204,EXC,Non-Smoking,None,2026-05-21
CUS0002205,2205,SUT,Non-Smoking,Baby Cot,2025-01-03
CUS0002206,2206,SUT,Non-Smoking,Baby Cot,2026-04-13
CUS0002207,2207,STD,Non-Smoking,High Floor,2024-12-10
CUS0002208,2208,EXC,Non-Smoking,Near Elevator,2024-09-16
CUS0002209,2209,SUT,Non-Smoking,Near Elevator,2025-12-08
CUS0002210,2210,SUT,Non-Smoking,Late Check-In,2024-07-23
CUS0002211,2211,SUP,Non-Smoking,High Floor,2024-11-30
CUS0002212,2212,SUP,Non-Smoking,None,2025-10-15
CUS0002213,2213,SUP,Non-Smoking,None,2024-07-04
CUS0002214,2214,SUT,Non-Smoking,High Floor,2025-01-01
CUS0002215,2215,STD,Non-Smoking,Baby Cot,2024-08-07
CUS0002216,2216,STD,Non-Smoking,Near Elevator,2025-07-11
CUS0002217,2217,STD,Non-Smoking,High Floor,2024-07-28
CUS0002218,2218,EXC,Smoking,None,2025-09-13
CUS0002219,2219,DLX,Non-Smoking,Late Check-In,2026-03-26
CUS0002220,2220,SUT,Non-Smoking,Late Check-In,2025-04-28
CUS0002221,2221,STD,Non-Smoking,Late Check-In,2025-07-03
CUS0002222,2222,STD,Non-Smoking,High Floor,2024-08-14
CUS0002223,2223,SUP,Smoking,High Floor,2025-01-12
CUS0002224,2224,SUT,Non-Smoking,Near Elevator,2025-06-20
CUS0002225,2225,DLX,Non-Smoking,Late Check-In,2024-08-08
CUS0002226,2226,SUT,Non-Smoking,Baby Cot,2026-04-25
CUS0002227,2227,STD,Non-Smoking,Late Check-In,2026-04-02
CUS0002228,2228,DLX,Non-Smoking,None,2025-05-18
CUS0002229,2229,STD,Non-Smoking,Late Check-In,2024-11-13
CUS0002230,2230,EXC,Non-Smoking,High Floor,2024-09-21
CUS0002231,2231,EXC,Smoking,Near Elevator,2025-12-21
CUS0002232,2232,SUP,Non-Smoking,High Floor,2024-09-06
CUS0002233,2233,SUP,Non-Smoking,Late Check-In,2026-02-18
CUS0002234,2234,SUP,Non-Smoking,Baby Cot,2025-02-28
CUS0002235,2235,SUT,Non-Smoking,Near Elevator,2025-11-08
CUS0002236,2236,DLX,Non-Smoking,Baby Cot,2024-08-11
CUS0002237,2237,DLX,Non-Smoking,Late Check-In,2025-02-01
CUS0002238,2238,SUP,Non-Smoking,None,2025-06-23
CUS0002239,2239,SUP,Non-Smoking,Baby Cot,2024-12-11
CUS0002240,2240,SUP,Non-Smoking,None,2026-04-10
CUS0002241,2241,SUP,Non-Smoking,High Floor,2026-03-08
CUS0002242,2242,SUP,Non-Smoking,None,2025-04-22
CUS0002243,2243,EXC,Non-Smoking,Baby Cot,2024-07-18
CUS0002244,2244,STD,Non-Smoking,Near Elevator,2024-11-05
CUS0002245,2245,STD,Non-Smoking,High Floor,2026-04-07
CUS0002246,2246,EXC,Non-Smoking,Near Elevator,2026-03-01
CUS0002247,2247,DLX,Non-Smoking,None,2025-08-24
CUS0002248,2248,STD,Smoking,Baby Cot,2026-01-06
CUS0002249,2249,SUP,Smoking,High Floor,2025-06-09
CUS0002250,2250,SUP,Non-Smoking,High Floor,2025-11-12
CUS0002251,2251,SUP,Smoking,High Floor,2024-10-16
CUS0002252,2252,EXC,Non-Smoking,Near Elevator,2025-02-15
CUS0002253,2253,SUT,Non-Smoking,None,2025-10-04
CUS0002254,2254,DLX,Non-Smoking,Near Elevator,2025-11-27
CUS0002255,2255,SUP,Non-Smoking,High Floor,2025-07-19
CUS0002256,2256,DLX,Non-Smoking,Near Elevator,2025-08-21
CUS0002257,2257,STD,Non-Smoking,None,2024-12-19
CUS0002258,2258,DLX,Non-Smoking,Baby Cot,2026-04-15
CUS0002259,2259,EXC,Non-Smoking,Baby Cot,2026-01-13
CUS0002260,2260,SUT,Non-Smoking,High Floor,2025-06-04
CUS0002261,2261,SUP,Non-Smoking,Near Elevator,2026-03-25
CUS0002262,2262,SUT,Non-Smoking,Baby Cot,2025-09-24
CUS0002263,2263,EXC,Non-Smoking,Baby Cot,2024-08-26
CUS0002264,2264,EXC,Non-Smoking,High Floor,2025-09-02
CUS0002265,2265,SUP,Non-Smoking,High Floor,2024-06-04
CUS0002266,2266,STD,Non-Smoking,Baby Cot,2024-09-26
CUS0002267,2267,SUP,Non-Smoking,None,2025-09-06
CUS0002268,2268,DLX,Non-Smoking,Near Elevator,2024-06-23
CUS0002269,2269,EXC,Smoking,Baby Cot,2024-07-15
CUS0002270,2270,DLX,Non-Smoking,High Floor,2026-04-04
CUS0002271,2271,STD,Non-Smoking,Late Check-In,2024-11-17
CUS0002272,2272,SUT,Non-Smoking,High Floor,2025-02-15
CUS0002273,2273,DLX,Smoking,None,2025-06-25
CUS0002274,2274,STD,Smoking,High Floor,2025-05-06
CUS0002275,2275,DLX,Non-Smoking,Near Elevator,2025-07-06
CUS0002276,2276,SUP,Non-Smoking,High Floor,2024-11-08
CUS0002277,2277,DLX,Non-Smoking,High Floor,2026-04-13
CUS0002278,2278,SUT,Smoking,Near Elevator,2025-08-25
CUS0002279,2279,SUP,Smoking,None,2025-10-01
CUS0002280,2280,DLX,Non-Smoking,Near Elevator,2025-12-23
CUS0002281,2281,DLX,Non-Smoking,Late Check-In,2026-02-22
CUS0002282,2282,STD,Non-Smoking,None,2025-03-18
CUS0002283,2283,SUT,Non-Smoking,High Floor,2025-11-21
CUS0002284,2284,STD,Smoking,Baby Cot,2025-05-05
CUS0002285,2285,SUT,Non-Smoking,Late Check-In,2024-10-07
CUS0002286,2286,DLX,Non-Smoking,Near Elevator,2024-10-24
CUS0002287,2287,STD,Non-Smoking,Late Check-In,2025-06-15
CUS0002288,2288,STD,Non-Smoking,Near Elevator,2025-09-05
CUS0002289,2289,STD,Non-Smoking,High Floor,2025-02-09
CUS0002290,2290,EXC,Smoking,Late Check-In,2025-01-18
CUS0002291,2291,SUP,Non-Smoking,None,2026-02-16
CUS0002292,2292,EXC,Non-Smoking,Near Elevator,2026-01-26
CUS0002293,2293,SUT,Non-Smoking,Late Check-In,2025-05-07
CUS0002294,2294,EXC,Non-Smoking,None,2026-03-28
CUS0002295,2295,SUP,Non-Smoking,Baby Cot,2024-08-27
CUS0002296,2296,STD,Non-Smoking,High Floor,2024-05-24
CUS0002297,2297,SUT,Non-Smoking,Baby Cot,2025-08-24
CUS0002298,2298,EXC,Non-Smoking,High Floor,2024-06-29
CUS0002299,2299,DLX,Smoking,High Floor,2025-02-11
CUS0002300,2300,STD,Non-Smoking,Late Check-In,2025-03-26
CUS0002301,2301,DLX,Non-Smoking,Baby Cot,2024-12-06
CUS0002302,2302,DLX,Smoking,Baby Cot,2026-04-11
CUS0002303,2303,SUP,Non-Smoking,Near Elevator,2024-11-26
CUS0002304,2304,SUP,Smoking,Near Elevator,2025-01-12
CUS0002305,2305,SUT,Smoking,High Floor,2025-01-15
CUS0002306,2306,SUT,Non-Smoking,Baby Cot,2025-12-07
CUS0002307,2307,EXC,Non-Smoking,Near Elevator,2024-08-02
CUS0002308,2308,EXC,Non-Smoking,Late Check-In,2026-04-24
CUS0002309,2309,EXC,Non-Smoking,Baby Cot,2024-09-01
CUS0002310,2310,EXC,Non-Smoking,High Floor,2025-08-18
CUS0002311,2311,EXC,Non-Smoking,None,2024-07-03
CUS0002312,2312,DLX,Non-Smoking,Near Elevator,2024-07-17
CUS0002313,2313,SUP,Non-Smoking,High Floor,2025-02-01
CUS0002314,2314,SUP,Non-Smoking,Baby Cot,2026-02-01
CUS0002315,2315,SUT,Non-Smoking,Baby Cot,2026-05-12
CUS0002316,2316,STD,Non-Smoking,None,2025-08-10
CUS0002317,2317,STD,Non-Smoking,Late Check-In,2025-02-11
CUS0002318,2318,SUP,Non-Smoking,High Floor,2025-08-15
CUS0002319,2319,SUT,Non-Smoking,None,2026-03-11
CUS0002320,2320,SUP,Non-Smoking,High Floor,2024-10-22
CUS0002321,2321,STD,Non-Smoking,Baby Cot,2024-10-12
CUS0002322,2322,DLX,Non-Smoking,None,2024-11-16
CUS0002323,2323,EXC,Smoking,Near Elevator,2025-11-28
CUS0002324,2324,SUP,Non-Smoking,None,2025-04-22
CUS0002325,2325,STD,Non-Smoking,Late Check-In,2024-10-04
CUS0002326,2326,SUP,Non-Smoking,Late Check-In,2024-11-02
CUS0002327,2327,SUT,Non-Smoking,None,2024-06-30
CUS0002328,2328,STD,Non-Smoking,Baby Cot,2025-08-20
CUS0002329,2329,SUP,Non-Smoking,Near Elevator,2024-06-28
CUS0002330,2330,SUP,Non-Smoking,High Floor,2025-12-08
CUS0002331,2331,SUT,Non-Smoking,Baby Cot,2026-02-07
CUS0002332,2332,EXC,Non-Smoking,None,2024-05-26
CUS0002333,2333,SUP,Non-Smoking,None,2025-01-30
CUS0002334,2334,STD,Non-Smoking,Late Check-In,2024-06-16
CUS0002335,2335,SUT,Non-Smoking,Late Check-In,2025-04-23
CUS0002336,2336,STD,Non-Smoking,Baby Cot,2025-05-06
CUS0002337,2337,EXC,Non-Smoking,Baby Cot,2024-12-10
CUS0002338,2338,STD,Smoking,Baby Cot,2025-11-26
CUS0002339,2339,SUT,Non-Smoking,Baby Cot,2025-03-08
CUS0002340,2340,EXC,Non-Smoking,Late Check-In,2024-10-20
CUS0002341,2341,EXC,Non-Smoking,Baby Cot,2025-07-14
CUS0002342,2342,SUP,Non-Smoking,None,2024-11-13
CUS0002343,2343,STD,Non-Smoking,High Floor,2026-01-18
CUS0002344,2344,DLX,Non-Smoking,Near Elevator,2025-04-15
CUS0002345,2345,STD,Non-Smoking,Baby Cot,2024-12-02
CUS0002346,2346,SUP,Non-Smoking,Late Check-In,2025-12-21
CUS0002347,2347,DLX,Non-Smoking,Near Elevator,2026-03-08
CUS0002348,2348,EXC,Non-Smoking,High Floor,2025-08-17
CUS0002349,2349,EXC,Smoking,Late Check-In,2024-12-22
CUS0002350,2350,EXC,Non-Smoking,Late Check-In,2026-04-21
CUS0002351,2351,EXC,Non-Smoking,None,2025-10-24
CUS0002352,2352,STD,Non-Smoking,High Floor,2024-11-21
CUS0002353,2353,SUT,Non-Smoking,Near Elevator,2026-04-14
CUS0002354,2354,DLX,Non-Smoking,Near Elevator,2026-02-26
CUS0002355,2355,DLX,Non-Smoking,Late Check-In,2024-08-15
CUS0002356,2356,DLX,Non-Smoking,None,2025-02-09
CUS0002357,2357,EXC,Non-Smoking,Baby Cot,2024-07-04
CUS0002358,2358,SUT,Non-Smoking,Baby Cot,2024-05-25
CUS0002359,2359,SUT,Non-Smoking,High Floor,2025-12-15
CUS0002360,2360,SUT,Non-Smoking,Baby Cot,2024-07-26
CUS0002361,2361,SUP,Non-Smoking,High Floor,2024-07-21
CUS0002362,2362,DLX,Non-Smoking,Near Elevator,2025-09-08
CUS0002363,2363,EXC,Non-Smoking,None,2025-11-01
CUS0002364,2364,EXC,Smoking,None,2025-09-06
CUS0002365,2365,STD,Smoking,Baby Cot,2024-06-30
CUS0002366,2366,STD,Non-Smoking,Near Elevator,2026-05-06
CUS0002367,2367,SUT,Non-Smoking,Near Elevator,2026-03-06
CUS0002368,2368,SUT,Non-Smoking,Baby Cot,2025-10-20
CUS0002369,2369,SUP,Non-Smoking,Baby Cot,2025-03-29
CUS0002370,2370,SUT,Non-Smoking,Near Elevator,2024-10-12
CUS0002371,2371,SUT,Non-Smoking,Baby Cot,2024-11-13
CUS0002372,2372,EXC,Non-Smoking,Near Elevator,2025-07-17
CUS0002373,2373,EXC,Non-Smoking,Near Elevator,2025-08-05
CUS0002374,2374,EXC,Non-Smoking,Baby Cot,2024-07-31
CUS0002375,2375,DLX,Non-Smoking,High Floor,2026-02-21
CUS0002376,2376,STD,Non-Smoking,None,2025-08-29
CUS0002377,2377,EXC,Non-Smoking,None,2025-11-30
CUS0002378,2378,DLX,Non-Smoking,Late Check-In,2026-04-17
CUS0002379,2379,SUT,Smoking,High Floor,2024-12-04
CUS0002380,2380,DLX,Non-Smoking,Late Check-In,2025-02-19
CUS0002381,2381,SUP,Non-Smoking,None,2025-05-01
CUS0002382,2382,SUT,Non-Smoking,None,2026-04-12
CUS0002383,2383,STD,Non-Smoking,Baby Cot,2025-08-18
CUS0002384,2384,STD,Non-Smoking,High Floor,2025-04-05
CUS0002385,2385,DLX,Non-Smoking,None,2024-08-29
CUS0002386,2386,EXC,Non-Smoking,None,2024-12-08
CUS0002387,2387,SUT,Non-Smoking,Late Check-In,2025-04-01
CUS0002388,2388,STD,Non-Smoking,Baby Cot,2024-10-28
CUS0002389,2389,SUP,Smoking,Late Check-In,2025-05-07
CUS0002390,2390,SUP,Non-Smoking,Near Elevator,2025-01-18
CUS0002391,2391,EXC,Non-Smoking,High Floor,2025-03-17
CUS0002392,2392,DLX,Non-Smoking,High Floor,2025-05-13
CUS0002393,2393,SUP,Non-Smoking,Late Check-In,2026-01-14
CUS0002394,2394,STD,Non-Smoking,Near Elevator,2026-02-10
CUS0002395,2395,DLX,Non-Smoking,None,2024-12-12
CUS0002396,2396,SUT,Non-Smoking,Near Elevator,2025-02-18
CUS0002397,2397,STD,Non-Smoking,Near Elevator,2025-06-09
CUS0002398,2398,SUP,Non-Smoking,High Floor,2026-03-17
CUS0002399,2399,DLX,Non-Smoking,None,2026-01-26
CUS0002400,2400,DLX,Non-Smoking,High Floor,2025-09-03
CUS0002401,2401,DLX,Non-Smoking,High Floor,2025-09-08
CUS0002402,2402,SUP,Non-Smoking,None,2025-07-01
CUS0002403,2403,SUT,Non-Smoking,Near Elevator,2024-11-10
CUS0002404,2404,SUP,Non-Smoking,Baby Cot,2025-12-12
CUS0002405,2405,DLX,Smoking,Late Check-In,2025-06-06
CUS0002406,2406,SUP,Non-Smoking,None,2025-11-17
CUS0002407,2407,EXC,Non-Smoking,Late Check-In,2025-10-03
CUS0002408,2408,EXC,Non-Smoking,Near Elevator,2025-07-26
CUS0002409,2409,SUT,Smoking,Near Elevator,2024-09-09
CUS0002410,2410,DLX,Smoking,None,2025-03-09
CUS0002411,2411,SUT,Non-Smoking,High Floor,2024-11-07
CUS0002412,2412,STD,Non-Smoking,Baby Cot,2025-08-16
CUS0002413,2413,EXC,Non-Smoking,None,2025-12-12
CUS0002414,2414,DLX,Non-Smoking,Near Elevator,2026-05-12
CUS0002415,2415,SUP,Non-Smoking,High Floor,2025-08-01
CUS0002416,2416,EXC,Non-Smoking,Late Check-In,2025-04-13
CUS0002417,2417,EXC,Non-Smoking,Late Check-In,2026-03-29
CUS0002418,2418,STD,Non-Smoking,Near Elevator,2025-10-21
CUS0002419,2419,EXC,Smoking,Near Elevator,2024-12-15
CUS0002420,2420,SUP,Non-Smoking,Near Elevator,2025-04-30
CUS0002421,2421,SUP,Non-Smoking,None,2025-07-03
CUS0002422,2422,EXC,Non-Smoking,Late Check-In,2025-01-07
CUS0002423,2423,SUT,Non-Smoking,High Floor,2025-01-12
CUS0002424,2424,SUT,Non-Smoking,Baby Cot,2026-03-18
CUS0002425,2425,STD,Non-Smoking,None,2025-01-15
CUS0002426,2426,SUT,Smoking,Late Check-In,2025-02-26
CUS0002427,2427,DLX,Non-Smoking,Near Elevator,2024-10-28
CUS0002428,2428,SUT,Non-Smoking,Baby Cot,2024-12-12
CUS0002429,2429,EXC,Non-Smoking,None,2024-10-06
CUS0002430,2430,SUT,Non-Smoking,Baby Cot,2025-01-02
CUS0002431,2431,STD,Non-Smoking,Baby Cot,2024-08-07
CUS0002432,2432,STD,Non-Smoking,None,2025-01-10
CUS0002433,2433,STD,Smoking,None,2024-07-01
CUS0002434,2434,SUP,Non-Smoking,None,2025-01-08
CUS0002435,2435,STD,Non-Smoking,High Floor,2025-04-21
CUS0002436,2436,STD,Non-Smoking,Near Elevator,2025-10-28
CUS0002437,2437,DLX,Non-Smoking,Baby Cot,2025-08-21
CUS0002438,2438,DLX,Non-Smoking,Baby Cot,2024-10-21
CUS0002439,2439,SUP,Non-Smoking,High Floor,2026-01-08
CUS0002440,2440,EXC,Non-Smoking,High Floor,2025-05-07
CUS0002441,2441,DLX,Non-Smoking,None,2026-03-28
CUS0002442,2442,STD,Non-Smoking,Near Elevator,2026-03-08
CUS0002443,2443,DLX,Non-Smoking,None,2026-03-18
CUS0002444,2444,STD,Non-Smoking,Late Check-In,2024-08-27
CUS0002445,2445,SUT,Non-Smoking,Near Elevator,2025-03-31
CUS0002446,2446,SUP,Non-Smoking,High Floor,2024-10-07
CUS0002447,2447,SUT,Non-Smoking,Late Check-In,2025-03-23
CUS0002448,2448,SUT,Smoking,High Floor,2024-08-06
CUS0002449,2449,DLX,Non-Smoking,Baby Cot,2025-05-17
CUS0002450,2450,DLX,Non-Smoking,Baby Cot,2025-08-28
CUS0002451,2451,SUT,Non-Smoking,None,2025-05-16
CUS0002452,2452,SUT,Smoking,Near Elevator,2024-11-19
CUS0002453,2453,EXC,Non-Smoking,Near Elevator,2024-07-04
CUS0002454,2454,DLX,Non-Smoking,Late Check-In,2024-06-14
CUS0002455,2455,STD,Non-Smoking,Baby Cot,2025-08-03
CUS0002456,2456,SUT,Non-Smoking,Baby Cot,2025-06-11
CUS0002457,2457,DLX,Non-Smoking,Near Elevator,2025-08-20
CUS0002458,2458,DLX,Non-Smoking,High Floor,2025-07-20
CUS0002459,2459,DLX,Non-Smoking,Baby Cot,2025-11-06
CUS0002460,2460,SUP,Non-Smoking,Near Elevator,2026-03-06
CUS0002461,2461,EXC,Smoking,Near Elevator,2025-09-07
CUS0002462,2462,SUP,Non-Smoking,None,2024-11-08
CUS0002463,2463,DLX,Non-Smoking,Baby Cot,2024-06-19
CUS0002464,2464,EXC,Smoking,Late Check-In,2024-08-15
CUS0002465,2465,SUT,Non-Smoking,None,2024-07-08
CUS0002466,2466,EXC,Non-Smoking,None,2025-01-24
CUS0002467,2467,SUP,Non-Smoking,Baby Cot,2025-06-10
CUS0002468,2468,SUT,Non-Smoking,Near Elevator,2025-07-03
CUS0002469,2469,SUP,Smoking,High Floor,2024-11-19
CUS0002470,2470,STD,Non-Smoking,Late Check-In,2025-08-27
CUS0002471,2471,SUT,Smoking,Baby Cot,2025-01-17
CUS0002472,2472,DLX,Non-Smoking,High Floor,2024-11-27
CUS0002473,2473,DLX,Smoking,High Floor,2025-11-07
CUS0002474,2474,SUP,Non-Smoking,High Floor,2024-12-11
CUS0002475,2475,DLX,Non-Smoking,High Floor,2025-11-20
CUS0002476,2476,SUT,Non-Smoking,Late Check-In,2025-02-05
CUS0002477,2477,STD,Non-Smoking,Late Check-In,2025-08-18
CUS0002478,2478,DLX,Non-Smoking,Late Check-In,2026-02-23
CUS0002479,2479,SUP,Smoking,Late Check-In,2025-03-25
CUS0002480,2480,EXC,Non-Smoking,Near Elevator,2024-08-25
CUS0002481,2481,SUT,Non-Smoking,Baby Cot,2024-08-07
CUS0002482,2482,SUT,Non-Smoking,None,2024-08-25
CUS0002483,2483,STD,Smoking,Late Check-In,2025-05-16
CUS0002484,2484,STD,Non-Smoking,Near Elevator,2024-10-04
CUS0002485,2485,STD,Non-Smoking,High Floor,2026-04-10
CUS0002486,2486,EXC,Non-Smoking,Baby Cot,2026-04-14
CUS0002487,2487,SUT,Non-Smoking,High Floor,2024-10-29
CUS0002488,2488,EXC,Non-Smoking,Late Check-In,2025-07-28
CUS0002489,2489,SUP,Non-Smoking,Near Elevator,2024-10-20
CUS0002490,2490,STD,Smoking,None,2025-10-16
CUS0002491,2491,EXC,Non-Smoking,Near Elevator,2025-09-24
CUS0002492,2492,EXC,Smoking,Near Elevator,2024-05-28
CUS0002493,2493,EXC,Non-Smoking,Baby Cot,2024-09-14
CUS0002494,2494,STD,Non-Smoking,Near Elevator,2025-07-28
CUS0002495,2495,DLX,Smoking,None,2025-07-11
CUS0002496,2496,SUT,Non-Smoking,Late Check-In,2026-03-23
CUS0002497,2497,STD,Non-Smoking,None,2026-05-19
CUS0002498,2498,STD,Non-Smoking,High Floor,2025-06-22
CUS0002499,2499,SUT,Non-Smoking,Near Elevator,2024-11-07
CUS0002500,2500,STD,Non-Smoking,Baby Cot,2025-11-28
CUS0002501,2501,EXC,Non-Smoking,High Floor,2025-02-15
CUS0002502,2502,DLX,Non-Smoking,None,2024-09-17
CUS0002503,2503,DLX,Non-Smoking,Baby Cot,2025-01-08
CUS0002504,2504,EXC,Non-Smoking,Baby Cot,2024-10-15
CUS0002505,2505,EXC,Non-Smoking,None,2026-02-25
CUS0002506,2506,EXC,Non-Smoking,None,2026-01-03
CUS0002507,2507,EXC,Smoking,Late Check-In,2026-01-08
CUS0002508,2508,DLX,Non-Smoking,High Floor,2024-06-13
CUS0002509,2509,STD,Non-Smoking,Late Check-In,2025-03-05
CUS0002510,2510,SUP,Non-Smoking,None,2025-02-11
CUS0002511,2511,DLX,Smoking,None,2024-12-16
CUS0002512,2512,SUP,Non-Smoking,High Floor,2024-08-21
CUS0002513,2513,SUT,Smoking,None,2024-07-13
CUS0002514,2514,SUP,Non-Smoking,None,2024-10-21
CUS0002515,2515,SUP,Non-Smoking,Near Elevator,2025-07-10
CUS0002516,2516,DLX,Non-Smoking,Baby Cot,2025-03-02
CUS0002517,2517,STD,Non-Smoking,High Floor,2025-09-29
CUS0002518,2518,SUT,Non-Smoking,None,2025-01-07
CUS0002519,2519,SUP,Non-Smoking,None,2025-04-03
CUS0002520,2520,EXC,Non-Smoking,None,2026-05-03
CUS0002521,2521,DLX,Non-Smoking,Baby Cot,2026-04-06
CUS0002522,2522,DLX,Non-Smoking,Late Check-In,2026-04-14
CUS0002523,2523,EXC,Smoking,High Floor,2026-04-03
CUS0002524,2524,DLX,Smoking,None,2025-09-21
CUS0002525,2525,SUT,Non-Smoking,Late Check-In,2024-10-18
CUS0002526,2526,EXC,Smoking,Late Check-In,2025-01-30
CUS0002527,2527,SUT,Smoking,Baby Cot,2025-01-03
CUS0002528,2528,DLX,Non-Smoking,High Floor,2025-03-18
CUS0002529,2529,DLX,Non-Smoking,High Floor,2024-12-19
CUS0002530,2530,SUP,Non-Smoking,High Floor,2026-04-11
CUS0002531,2531,DLX,Non-Smoking,Near Elevator,2025-07-11
CUS0002532,2532,EXC,Non-Smoking,High Floor,2024-07-30
CUS0002533,2533,EXC,Non-Smoking,High Floor,2025-08-12
CUS0002534,2534,DLX,Non-Smoking,Baby Cot,2025-04-02
CUS0002535,2535,EXC,Non-Smoking,Late Check-In,2025-10-06
CUS0002536,2536,SUP,Non-Smoking,Baby Cot,2024-08-05
CUS0002537,2537,SUP,Non-Smoking,Baby Cot,2025-02-08
CUS0002538,2538,SUT,Non-Smoking,Late Check-In,2025-09-15
CUS0002539,2539,SUP,Non-Smoking,Late Check-In,2024-05-25
CUS0002540,2540,DLX,Non-Smoking,Baby Cot,2025-06-15
CUS0002541,2541,STD,Non-Smoking,High Floor,2026-03-12
CUS0002542,2542,SUT,Non-Smoking,Baby Cot,2025-07-31
CUS0002543,2543,EXC,Non-Smoking,Near Elevator,2026-04-05
CUS0002544,2544,EXC,Non-Smoking,None,2024-08-13
CUS0002545,2545,SUP,Non-Smoking,Baby Cot,2026-02-28
CUS0002546,2546,EXC,Non-Smoking,Near Elevator,2025-02-23
CUS0002547,2547,SUT,Smoking,Late Check-In,2024-09-08
CUS0002548,2548,STD,Smoking,None,2024-10-14
CUS0002549,2549,SUP,Non-Smoking,High Floor,2026-03-01
CUS0002550,2550,SUP,Non-Smoking,Near Elevator,2026-05-22
CUS0002551,2551,SUP,Non-Smoking,Late Check-In,2025-04-25
CUS0002552,2552,SUP,Non-Smoking,Near Elevator,2025-05-20
CUS0002553,2553,SUP,Non-Smoking,Baby Cot,2025-02-18
CUS0002554,2554,DLX,Non-Smoking,High Floor,2024-07-14
CUS0002555,2555,STD,Smoking,Late Check-In,2025-03-30
CUS0002556,2556,DLX,Non-Smoking,Baby Cot,2024-10-14
CUS0002557,2557,SUT,Non-Smoking,Near Elevator,2025-06-01
CUS0002558,2558,STD,Smoking,High Floor,2025-05-26
CUS0002559,2559,DLX,Non-Smoking,Baby Cot,2025-03-17
CUS0002560,2560,SUP,Non-Smoking,Baby Cot,2025-01-28
CUS0002561,2561,STD,Non-Smoking,Near Elevator,2025-05-09
CUS0002562,2562,STD,Non-Smoking,Near Elevator,2025-09-09
CUS0002563,2563,SUP,Non-Smoking,None,2026-01-03
CUS0002564,2564,EXC,Non-Smoking,Late Check-In,2026-05-15
CUS0002565,2565,SUT,Non-Smoking,Near Elevator,2026-04-22
CUS0002566,2566,STD,Non-Smoking,Near Elevator,2025-04-28
CUS0002567,2567,DLX,Non-Smoking,Late Check-In,2024-10-17
CUS0002568,2568,DLX,Non-Smoking,Late Check-In,2025-08-23
CUS0002569,2569,DLX,Smoking,High Floor,2025-06-02
CUS0002570,2570,STD,Non-Smoking,None,2024-12-12
CUS0002571,2571,DLX,Non-Smoking,High Floor,2024-08-23
CUS0002572,2572,EXC,Non-Smoking,Late Check-In,2026-03-22
CUS0002573,2573,SUP,Non-Smoking,Late Check-In,2024-08-25
CUS0002574,2574,EXC,Non-Smoking,Late Check-In,2025-08-20
CUS0002575,2575,DLX,Non-Smoking,Near Elevator,2025-10-18
CUS0002576,2576,EXC,Smoking,None,2024-09-21
CUS0002577,2577,EXC,Non-Smoking,Late Check-In,2025-06-11
CUS0002578,2578,SUP,Smoking,Near Elevator,2026-03-18
CUS0002579,2579,STD,Non-Smoking,High Floor,2026-05-06
CUS0002580,2580,DLX,Non-Smoking,None,2025-01-07
CUS0002581,2581,EXC,Non-Smoking,High Floor,2024-10-02
CUS0002582,2582,EXC,Non-Smoking,Late Check-In,2026-02-03
CUS0002583,2583,DLX,Non-Smoking,Near Elevator,2026-04-21
CUS0002584,2584,SUP,Non-Smoking,Late Check-In,2025-05-03
CUS0002585,2585,STD,Non-Smoking,Baby Cot,2025-07-15
CUS0002586,2586,SUP,Non-Smoking,Late Check-In,2025-03-20
CUS0002587,2587,DLX,Non-Smoking,High Floor,2024-08-23
CUS0002588,2588,DLX,Non-Smoking,None,2024-06-04
CUS0002589,2589,STD,Non-Smoking,Baby Cot,2025-08-30
CUS0002590,2590,STD,Non-Smoking,None,2026-05-10
CUS0002591,2591,SUP,Non-Smoking,High Floor,2025-01-19
CUS0002592,2592,SUP,Non-Smoking,Near Elevator,2024-06-24
CUS0002593,2593,EXC,Smoking,None,2024-05-24
CUS0002594,2594,DLX,Non-Smoking,Near Elevator,2024-07-15
CUS0002595,2595,DLX,Non-Smoking,High Floor,2025-08-17
CUS0002596,2596,SUT,Non-Smoking,Late Check-In,2024-05-29
CUS0002597,2597,EXC,Non-Smoking,Baby Cot,2024-07-03
CUS0002598,2598,SUT,Non-Smoking,Late Check-In,2025-04-19
CUS0002599,2599,STD,Non-Smoking,High Floor,2025-03-12
CUS0002600,2600,DLX,Non-Smoking,Near Elevator,2026-02-25
CUS0002601,2601,STD,Non-Smoking,Baby Cot,2025-01-19
CUS0002602,2602,DLX,Non-Smoking,Baby Cot,2025-08-29
CUS0002603,2603,STD,Non-Smoking,Baby Cot,2025-02-02
CUS0002604,2604,STD,Non-Smoking,Baby Cot,2025-10-17
CUS0002605,2605,SUP,Non-Smoking,Late Check-In,2025-03-18
CUS0002606,2606,SUP,Non-Smoking,Late Check-In,2024-08-27
CUS0002607,2607,SUP,Non-Smoking,None,2025-07-15
CUS0002608,2608,STD,Non-Smoking,Baby Cot,2025-09-27
CUS0002609,2609,SUP,Smoking,Late Check-In,2024-09-13
CUS0002610,2610,STD,Non-Smoking,Late Check-In,2025-04-30
CUS0002611,2611,EXC,Non-Smoking,Late Check-In,2026-01-26
CUS0002612,2612,STD,Non-Smoking,None,2024-08-28
CUS0002613,2613,STD,Non-Smoking,None,2025-04-22
CUS0002614,2614,SUT,Non-Smoking,Baby Cot,2025-05-10
CUS0002615,2615,EXC,Non-Smoking,None,2024-11-05
CUS0002616,2616,STD,Non-Smoking,High Floor,2026-03-04
CUS0002617,2617,STD,Non-Smoking,Near Elevator,2024-09-03
CUS0002618,2618,SUP,Non-Smoking,Baby Cot,2025-10-26
CUS0002619,2619,EXC,Non-Smoking,Near Elevator,2024-07-09
CUS0002620,2620,SUT,Non-Smoking,Late Check-In,2026-01-25
CUS0002621,2621,DLX,Non-Smoking,Near Elevator,2025-06-04
CUS0002622,2622,SUP,Non-Smoking,Near Elevator,2024-05-24
CUS0002623,2623,SUP,Non-Smoking,High Floor,2026-04-05
CUS0002624,2624,SUT,Non-Smoking,Near Elevator,2024-12-12
CUS0002625,2625,STD,Non-Smoking,Near Elevator,2024-06-22
CUS0002626,2626,SUT,Smoking,Late Check-In,2024-07-21
CUS0002627,2627,STD,Non-Smoking,Near Elevator,2024-06-30
CUS0002628,2628,STD,Non-Smoking,None,2025-03-26
CUS0002629,2629,SUP,Non-Smoking,Baby Cot,2024-10-06
CUS0002630,2630,SUT,Smoking,Near Elevator,2024-06-17
CUS0002631,2631,SUT,Non-Smoking,High Floor,2025-03-29
CUS0002632,2632,EXC,Non-Smoking,None,2025-08-12
CUS0002633,2633,DLX,Non-Smoking,Baby Cot,2024-07-14
CUS0002634,2634,SUT,Non-Smoking,High Floor,2025-01-29
CUS0002635,2635,SUT,Non-Smoking,High Floor,2024-11-09
CUS0002636,2636,SUP,Non-Smoking,Baby Cot,2025-11-12
CUS0002637,2637,EXC,Non-Smoking,None,2026-04-22
CUS0002638,2638,EXC,Non-Smoking,High Floor,2024-11-15
CUS0002639,2639,STD,Non-Smoking,None,2025-10-04
CUS0002640,2640,EXC,Non-Smoking,Baby Cot,2025-02-24
CUS0002641,2641,SUT,Non-Smoking,Near Elevator,2025-10-20
CUS0002642,2642,SUT,Non-Smoking,Late Check-In,2025-06-25
CUS0002643,2643,SUT,Smoking,Near Elevator,2025-12-25
CUS0002644,2644,SUT,Non-Smoking,Near Elevator,2024-12-25
CUS0002645,2645,DLX,Non-Smoking,None,2026-04-01
CUS0002646,2646,SUT,Non-Smoking,Near Elevator,2025-08-23
CUS0002647,2647,SUP,Non-Smoking,Near Elevator,2024-08-25
CUS0002648,2648,DLX,Non-Smoking,None,2025-06-28
CUS0002649,2649,EXC,Non-Smoking,Late Check-In,2024-12-08
CUS0002650,2650,SUT,Non-Smoking,None,2025-11-26
CUS0002651,2651,EXC,Smoking,None,2024-06-06
CUS0002652,2652,DLX,Non-Smoking,None,2024-07-10
CUS0002653,2653,SUT,Non-Smoking,None,2025-02-08
CUS0002654,2654,STD,Non-Smoking,Late Check-In,2025-10-26
CUS0002655,2655,SUP,Non-Smoking,High Floor,2024-09-08
CUS0002656,2656,SUP,Non-Smoking,Late Check-In,2025-02-26
CUS0002657,2657,STD,Non-Smoking,High Floor,2025-09-30
CUS0002658,2658,EXC,Non-Smoking,None,2025-09-06
CUS0002659,2659,SUP,Non-Smoking,High Floor,2025-11-11
CUS0002660,2660,SUT,Non-Smoking,Late Check-In,2024-05-29
CUS0002661,2661,SUP,Non-Smoking,High Floor,2025-05-06
CUS0002662,2662,DLX,Non-Smoking,High Floor,2025-05-27
CUS0002663,2663,SUT,Non-Smoking,None,2025-08-23
CUS0002664,2664,SUP,Non-Smoking,High Floor,2025-11-01
CUS0002665,2665,SUT,Non-Smoking,None,2025-07-22
CUS0002666,2666,STD,Non-Smoking,Near Elevator,2024-10-11
CUS0002667,2667,EXC,Smoking,None,2025-05-13
CUS0002668,2668,SUT,Non-Smoking,Late Check-In,2024-08-07
CUS0002669,2669,EXC,Smoking,Near Elevator,2024-08-18
CUS0002670,2670,SUT,Non-Smoking,Near Elevator,2024-07-04
CUS0002671,2671,SUT,Non-Smoking,Baby Cot,2025-03-24
CUS0002672,2672,EXC,Non-Smoking,Near Elevator,2024-12-19
CUS0002673,2673,SUT,Non-Smoking,None,2026-02-08
CUS0002674,2674,DLX,Non-Smoking,High Floor,2024-10-01
CUS0002675,2675,SUP,Non-Smoking,Late Check-In,2025-12-23
CUS0002676,2676,EXC,Non-Smoking,Late Check-In,2024-07-22
CUS0002677,2677,SUT,Non-Smoking,None,2026-04-05
CUS0002678,2678,SUT,Non-Smoking,Late Check-In,2026-01-16
CUS0002679,2679,SUT,Non-Smoking,Baby Cot,2026-04-20
CUS0002680,2680,SUT,Non-Smoking,Near Elevator,2026-01-21
CUS0002681,2681,DLX,Non-Smoking,Baby Cot,2026-03-15
CUS0002682,2682,STD,Non-Smoking,High Floor,2025-05-16
CUS0002683,2683,STD,Non-Smoking,High Floor,2025-03-24
CUS0002684,2684,STD,Non-Smoking,High Floor,2024-10-18
CUS0002685,2685,SUT,Non-Smoking,Baby Cot,2025-12-26
CUS0002686,2686,EXC,Non-Smoking,Near Elevator,2025-02-19
CUS0002687,2687,EXC,Non-Smoking,High Floor,2026-03-15
CUS0002688,2688,SUT,Non-Smoking,High Floor,2025-02-01
CUS0002689,2689,DLX,Non-Smoking,High Floor,2024-06-14
CUS0002690,2690,SUP,Non-Smoking,Late Check-In,2024-10-02
CUS0002691,2691,SUP,Non-Smoking,None,2025-01-13
CUS0002692,2692,SUP,Non-Smoking,Near Elevator,2024-12-02
CUS0002693,2693,STD,Non-Smoking,None,2025-08-09
CUS0002694,2694,DLX,Non-Smoking,None,2025-11-15
CUS0002695,2695,SUP,Non-Smoking,High Floor,2025-03-22
CUS0002696,2696,SUT,Smoking,None,2026-01-20
CUS0002697,2697,SUT,Smoking,None,2024-07-07
CUS0002698,2698,SUT,Non-Smoking,Near Elevator,2024-07-07
CUS0002699,2699,SUT,Non-Smoking,Baby Cot,2026-05-24
CUS0002700,2700,SUT,Non-Smoking,Near Elevator,2026-01-29
CUS0002701,2701,DLX,Smoking,Late Check-In,2025-09-07
CUS0002702,2702,SUT,Non-Smoking,None,2026-05-15
CUS0002703,2703,SUP,Non-Smoking,Baby Cot,2026-02-20
CUS0002704,2704,EXC,Non-Smoking,Late Check-In,2025-07-27
CUS0002705,2705,SUT,Smoking,Late Check-In,2025-11-16
CUS0002706,2706,SUT,Non-Smoking,None,2024-08-21
CUS0002707,2707,DLX,Non-Smoking,Late Check-In,2026-03-10
CUS0002708,2708,SUP,Non-Smoking,Late Check-In,2025-07-09
CUS0002709,2709,SUP,Non-Smoking,Baby Cot,2025-09-19
CUS0002710,2710,SUT,Non-Smoking,Late Check-In,2025-01-23
CUS0002711,2711,SUP,Non-Smoking,Near Elevator,2025-09-29
CUS0002712,2712,STD,Non-Smoking,Late Check-In,2025-08-30
CUS0002713,2713,STD,Smoking,Baby Cot,2025-08-26
CUS0002714,2714,SUT,Non-Smoking,Baby Cot,2024-05-31
CUS0002715,2715,EXC,Smoking,Late Check-In,2026-05-13
CUS0002716,2716,DLX,Non-Smoking,None,2024-06-24
CUS0002717,2717,DLX,Non-Smoking,Late Check-In,2024-09-20
CUS0002718,2718,DLX,Non-Smoking,High Floor,2025-03-11
CUS0002719,2719,SUT,Non-Smoking,Late Check-In,2025-01-13
CUS0002720,2720,STD,Non-Smoking,Baby Cot,2025-01-01
CUS0002721,2721,DLX,Non-Smoking,High Floor,2024-10-05
CUS0002722,2722,STD,Smoking,Baby Cot,2026-01-08
CUS0002723,2723,EXC,Non-Smoking,High Floor,2025-03-10
CUS0002724,2724,DLX,Non-Smoking,Baby Cot,2024-07-17
CUS0002725,2725,SUT,Non-Smoking,High Floor,2024-08-10
CUS0002726,2726,DLX,Non-Smoking,Late Check-In,2024-09-06
CUS0002727,2727,DLX,Non-Smoking,Late Check-In,2025-11-12
CUS0002728,2728,SUT,Non-Smoking,Near Elevator,2025-10-16
CUS0002729,2729,SUT,Non-Smoking,Late Check-In,2025-03-11
CUS0002730,2730,EXC,Non-Smoking,High Floor,2025-11-23
CUS0002731,2731,STD,Smoking,Late Check-In,2024-12-22
CUS0002732,2732,STD,Smoking,Baby Cot,2024-10-25
CUS0002733,2733,EXC,Smoking,None,2025-11-05
CUS0002734,2734,SUT,Non-Smoking,Baby Cot,2025-07-24
CUS0002735,2735,SUT,Non-Smoking,High Floor,2024-10-24
CUS0002736,2736,SUT,Smoking,Near Elevator,2026-05-08
CUS0002737,2737,STD,Non-Smoking,Late Check-In,2024-12-27
CUS0002738,2738,DLX,Smoking,Near Elevator,2025-06-04
CUS0002739,2739,SUP,Non-Smoking,Baby Cot,2025-12-21
CUS0002740,2740,EXC,Non-Smoking,Baby Cot,2025-12-06
CUS0002741,2741,DLX,Non-Smoking,None,2025-06-20
CUS0002742,2742,STD,Non-Smoking,Baby Cot,2024-06-03
CUS0002743,2743,EXC,Non-Smoking,Near Elevator,2024-09-01
CUS0002744,2744,SUT,Non-Smoking,Near Elevator,2025-08-01
CUS0002745,2745,EXC,Non-Smoking,Near Elevator,2024-09-20
CUS0002746,2746,SUP,Non-Smoking,Baby Cot,2025-04-10
CUS0002747,2747,SUP,Non-Smoking,Near Elevator,2025-01-14
CUS0002748,2748,DLX,Non-Smoking,Near Elevator,2025-11-23
CUS0002749,2749,STD,Non-Smoking,Near Elevator,2025-01-30
CUS0002750,2750,SUP,Non-Smoking,Baby Cot,2024-06-13
CUS0002751,2751,SUT,Non-Smoking,Baby Cot,2025-03-25
CUS0002752,2752,SUP,Non-Smoking,Late Check-In,2025-07-31
CUS0002753,2753,SUT,Non-Smoking,Baby Cot,2025-10-31
CUS0002754,2754,SUT,Non-Smoking,Late Check-In,2026-05-05
CUS0002755,2755,SUT,Non-Smoking,Late Check-In,2024-10-04
CUS0002756,2756,SUT,Non-Smoking,High Floor,2025-07-14
CUS0002757,2757,DLX,Non-Smoking,Late Check-In,2025-03-12
CUS0002758,2758,EXC,Smoking,None,2025-03-26
CUS0002759,2759,EXC,Non-Smoking,Baby Cot,2025-03-22
CUS0002760,2760,SUT,Smoking,Late Check-In,2024-10-17
CUS0002761,2761,DLX,Smoking,Baby Cot,2024-08-21
CUS0002762,2762,SUP,Smoking,Late Check-In,2024-09-04
CUS0002763,2763,EXC,Non-Smoking,High Floor,2025-01-06
CUS0002764,2764,STD,Non-Smoking,High Floor,2025-04-26
CUS0002765,2765,SUP,Non-Smoking,Baby Cot,2025-07-07
CUS0002766,2766,EXC,Non-Smoking,Late Check-In,2025-04-09
CUS0002767,2767,SUT,Non-Smoking,Baby Cot,2025-06-30
CUS0002768,2768,DLX,Non-Smoking,High Floor,2025-08-11
CUS0002769,2769,EXC,Non-Smoking,Baby Cot,2025-11-08
CUS0002770,2770,SUP,Non-Smoking,Baby Cot,2024-08-06
CUS0002771,2771,EXC,Non-Smoking,None,2024-11-29
CUS0002772,2772,STD,Non-Smoking,None,2025-02-19
CUS0002773,2773,DLX,Non-Smoking,Late Check-In,2025-04-01
CUS0002774,2774,SUT,Non-Smoking,Late Check-In,2026-03-06
CUS0002775,2775,EXC,Non-Smoking,Near Elevator,2024-05-28
CUS0002776,2776,STD,Non-Smoking,Baby Cot,2024-08-16
CUS0002777,2777,EXC,Non-Smoking,High Floor,2025-01-04
CUS0002778,2778,EXC,Non-Smoking,None,2024-11-16
CUS0002779,2779,EXC,Non-Smoking,None,2025-12-23
CUS0002780,2780,EXC,Non-Smoking,High Floor,2026-03-06
CUS0002781,2781,DLX,Smoking,Baby Cot,2025-10-31
CUS0002782,2782,DLX,Smoking,Near Elevator,2024-11-25
CUS0002783,2783,SUP,Non-Smoking,Late Check-In,2025-09-02
CUS0002784,2784,DLX,Non-Smoking,Baby Cot,2025-03-25
CUS0002785,2785,SUP,Non-Smoking,High Floor,2025-09-05
CUS0002786,2786,SUP,Non-Smoking,Late Check-In,2025-09-09
CUS0002787,2787,DLX,Smoking,None,2025-05-31
CUS0002788,2788,STD,Non-Smoking,Late Check-In,2026-05-11
CUS0002789,2789,EXC,Non-Smoking,Late Check-In,2025-06-22
CUS0002790,2790,EXC,Non-Smoking,Baby Cot,2026-04-27
CUS0002791,2791,EXC,Non-Smoking,Near Elevator,2025-04-14
CUS0002792,2792,SUP,Non-Smoking,Late Check-In,2024-06-07
CUS0002793,2793,EXC,Smoking,Late Check-In,2025-06-20
CUS0002794,2794,SUT,Non-Smoking,High Floor,2026-02-03
CUS0002795,2795,EXC,Non-Smoking,Baby Cot,2025-07-05
CUS0002796,2796,STD,Non-Smoking,High Floor,2026-01-29
CUS0002797,2797,SUT,Non-Smoking,High Floor,2025-01-17
CUS0002798,2798,SUP,Smoking,Baby Cot,2024-11-01
CUS0002799,2799,EXC,Non-Smoking,Baby Cot,2025-11-20
CUS0002800,2800,DLX,Non-Smoking,None,2026-03-02
CUS0002801,2801,SUP,Non-Smoking,None,2024-06-24
CUS0002802,2802,EXC,Non-Smoking,None,2024-08-20
CUS0002803,2803,STD,Non-Smoking,Baby Cot,2025-10-14
CUS0002804,2804,EXC,Non-Smoking,None,2024-10-12
CUS0002805,2805,SUP,Non-Smoking,Late Check-In,2024-06-19
CUS0002806,2806,EXC,Non-Smoking,High Floor,2025-06-22
CUS0002807,2807,STD,Non-Smoking,Near Elevator,2025-01-26
CUS0002808,2808,DLX,Non-Smoking,High Floor,2024-05-30
CUS0002809,2809,DLX,Non-Smoking,None,2025-01-25
CUS0002810,2810,DLX,Non-Smoking,Near Elevator,2026-04-28
CUS0002811,2811,EXC,Non-Smoking,Late Check-In,2026-01-10
CUS0002812,2812,STD,Non-Smoking,Near Elevator,2025-12-11
CUS0002813,2813,SUT,Non-Smoking,High Floor,2024-10-31
CUS0002814,2814,EXC,Non-Smoking,Baby Cot,2024-12-04
CUS0002815,2815,EXC,Non-Smoking,None,2025-04-05
CUS0002816,2816,SUT,Smoking,Near Elevator,2024-10-18
CUS0002817,2817,EXC,Non-Smoking,Near Elevator,2025-05-13
CUS0002818,2818,EXC,Non-Smoking,Near Elevator,2024-11-07
CUS0002819,2819,SUP,Non-Smoking,Near Elevator,2024-07-05
CUS0002820,2820,DLX,Non-Smoking,None,2026-01-14
CUS0002821,2821,STD,Non-Smoking,High Floor,2025-10-09
CUS0002822,2822,SUP,Non-Smoking,Near Elevator,2025-12-21
CUS0002823,2823,EXC,Smoking,Baby Cot,2024-10-13
CUS0002824,2824,STD,Non-Smoking,Late Check-In,2025-04-22
CUS0002825,2825,DLX,Smoking,Late Check-In,2024-08-05
CUS0002826,2826,SUP,Non-Smoking,None,2025-11-26
CUS0002827,2827,DLX,Non-Smoking,High Floor,2026-05-14
CUS0002828,2828,SUT,Smoking,None,2024-10-16
CUS0002829,2829,EXC,Non-Smoking,High Floor,2025-06-04
CUS0002830,2830,SUT,Non-Smoking,None,2025-02-17
CUS0002831,2831,EXC,Non-Smoking,Near Elevator,2024-11-29
CUS0002832,2832,SUP,Non-Smoking,High Floor,2025-10-04
CUS0002833,2833,SUP,Smoking,None,2025-04-24
CUS0002834,2834,SUT,Non-Smoking,None,2025-03-03
CUS0002835,2835,SUP,Non-Smoking,None,2025-06-17
CUS0002836,2836,EXC,Non-Smoking,Late Check-In,2025-04-12
CUS0002837,2837,SUP,Non-Smoking,Near Elevator,2026-01-28
CUS0002838,2838,SUP,Smoking,Late Check-In,2026-02-24
CUS0002839,2839,SUT,Non-Smoking,High Floor,2024-11-24
CUS0002840,2840,EXC,Smoking,Baby Cot,2025-11-10
CUS0002841,2841,STD,Non-Smoking,Near Elevator,2024-09-18
CUS0002842,2842,DLX,Non-Smoking,None,2026-04-30
CUS0002843,2843,STD,Non-Smoking,High Floor,2026-04-27
CUS0002844,2844,SUP,Non-Smoking,None,2026-03-05
CUS0002845,2845,DLX,Non-Smoking,High Floor,2026-03-31
CUS0002846,2846,SUP,Smoking,Baby Cot,2024-09-05
CUS0002847,2847,SUP,Non-Smoking,Late Check-In,2026-01-28
CUS0002848,2848,STD,Non-Smoking,Near Elevator,2024-06-10
CUS0002849,2849,DLX,Non-Smoking,Late Check-In,2025-11-10
CUS0002850,2850,SUT,Non-Smoking,High Floor,2024-12-30
CUS0002851,2851,DLX,Non-Smoking,High Floor,2025-06-08
CUS0002852,2852,STD,Non-Smoking,Late Check-In,2025-10-29
CUS0002853,2853,EXC,Non-Smoking,None,2026-01-20
CUS0002854,2854,SUP,Smoking,Late Check-In,2025-12-13
CUS0002855,2855,DLX,Non-Smoking,Baby Cot,2026-04-04
CUS0002856,2856,DLX,Smoking,None,2026-04-13
CUS0002857,2857,DLX,Non-Smoking,Baby Cot,2026-03-31
CUS0002858,2858,DLX,Smoking,None,2024-12-08
CUS0002859,2859,DLX,Non-Smoking,High Floor,2024-08-07
CUS0002860,2860,SUT,Smoking,High Floor,2025-08-20
CUS0002861,2861,DLX,Non-Smoking,Near Elevator,2024-11-27
CUS0002862,2862,EXC,Non-Smoking,Near Elevator,2025-10-23
CUS0002863,2863,DLX,Non-Smoking,None,2024-12-13
CUS0002864,2864,SUT,Non-Smoking,Near Elevator,2026-05-15
CUS0002865,2865,SUT,Non-Smoking,Near Elevator,2025-10-06
CUS0002866,2866,STD,Non-Smoking,Late Check-In,2026-01-07
CUS0002867,2867,SUT,Smoking,Near Elevator,2024-06-09
CUS0002868,2868,EXC,Non-Smoking,Baby Cot,2025-07-25
CUS0002869,2869,STD,Non-Smoking,None,2026-02-20
CUS0002870,2870,STD,Non-Smoking,None,2025-12-09
CUS0002871,2871,SUP,Non-Smoking,Late Check-In,2026-04-03
CUS0002872,2872,EXC,Non-Smoking,Baby Cot,2026-02-01
CUS0002873,2873,STD,Non-Smoking,Baby Cot,2024-11-25
CUS0002874,2874,STD,Non-Smoking,Late Check-In,2025-03-29
CUS0002875,2875,EXC,Non-Smoking,High Floor,2024-12-01
CUS0002876,2876,DLX,Non-Smoking,Near Elevator,2025-12-20
CUS0002877,2877,SUP,Non-Smoking,Near Elevator,2026-02-16
CUS0002878,2878,SUP,Non-Smoking,Near Elevator,2024-07-27
CUS0002879,2879,EXC,Non-Smoking,Baby Cot,2025-05-15
CUS0002880,2880,SUP,Non-Smoking,Late Check-In,2026-03-13
CUS0002881,2881,SUT,Non-Smoking,High Floor,2024-10-26
CUS0002882,2882,SUT,Non-Smoking,High Floor,2025-07-10
CUS0002883,2883,STD,Non-Smoking,Late Check-In,2025-05-20
CUS0002884,2884,SUT,Non-Smoking,None,2024-09-13
CUS0002885,2885,STD,Non-Smoking,Near Elevator,2024-08-17
CUS0002886,2886,STD,Non-Smoking,High Floor,2024-11-17
CUS0002887,2887,STD,Non-Smoking,Late Check-In,2025-11-29
CUS0002888,2888,SUT,Non-Smoking,Late Check-In,2025-12-26
CUS0002889,2889,SUT,Non-Smoking,High Floor,2025-07-14
CUS0002890,2890,SUT,Non-Smoking,High Floor,2026-02-17
CUS0002891,2891,STD,Non-Smoking,Late Check-In,2025-04-30
CUS0002892,2892,DLX,Non-Smoking,Near Elevator,2026-05-24
CUS0002893,2893,SUP,Non-Smoking,Baby Cot,2026-05-12
CUS0002894,2894,SUT,Non-Smoking,None,2024-07-17
CUS0002895,2895,SUP,Non-Smoking,Baby Cot,2026-03-10
CUS0002896,2896,DLX,Non-Smoking,Baby Cot,2025-03-11
CUS0002897,2897,SUP,Non-Smoking,Near Elevator,2024-10-30
CUS0002898,2898,DLX,Non-Smoking,Near Elevator,2025-08-05
CUS0002899,2899,DLX,Non-Smoking,Baby Cot,2025-03-08
CUS0002900,2900,EXC,Non-Smoking,Baby Cot,2025-02-24
CUS0002901,2901,SUT,Non-Smoking,Baby Cot,2025-05-12
CUS0002902,2902,SUP,Smoking,High Floor,2024-08-19
CUS0002903,2903,SUP,Non-Smoking,None,2024-07-30
CUS0002904,2904,EXC,Non-Smoking,None,2026-03-21
CUS0002905,2905,SUT,Non-Smoking,Late Check-In,2024-10-04
CUS0002906,2906,SUP,Non-Smoking,High Floor,2025-02-03
CUS0002907,2907,STD,Non-Smoking,High Floor,2025-01-30
CUS0002908,2908,DLX,Non-Smoking,Near Elevator,2024-06-10
CUS0002909,2909,SUP,Non-Smoking,Late Check-In,2025-12-23
CUS0002910,2910,STD,Non-Smoking,None,2025-05-06
CUS0002911,2911,DLX,Non-Smoking,Baby Cot,2025-05-06
CUS0002912,2912,DLX,Smoking,Baby Cot,2025-02-13
CUS0002913,2913,SUT,Non-Smoking,Near Elevator,2024-11-20
CUS0002914,2914,SUP,Non-Smoking,High Floor,2025-12-11
CUS0002915,2915,EXC,Non-Smoking,Near Elevator,2025-11-07
CUS0002916,2916,SUP,Non-Smoking,None,2025-04-12
CUS0002917,2917,SUP,Non-Smoking,None,2026-03-21
CUS0002918,2918,DLX,Non-Smoking,High Floor,2024-12-04
CUS0002919,2919,DLX,Non-Smoking,Late Check-In,2025-04-30
CUS0002920,2920,DLX,Non-Smoking,Baby Cot,2025-04-14
CUS0002921,2921,SUP,Non-Smoking,Late Check-In,2025-03-17
CUS0002922,2922,DLX,Non-Smoking,High Floor,2024-08-18
CUS0002923,2923,SUT,Non-Smoking,High Floor,2024-12-23
CUS0002924,2924,STD,Non-Smoking,Near Elevator,2026-03-09
CUS0002925,2925,STD,Non-Smoking,Late Check-In,2025-07-13
CUS0002926,2926,SUP,Non-Smoking,High Floor,2024-07-16
CUS0002927,2927,SUT,Non-Smoking,Late Check-In,2024-09-04
CUS0002928,2928,SUP,Non-Smoking,High Floor,2024-07-20
CUS0002929,2929,SUT,Non-Smoking,None,2024-07-14
CUS0002930,2930,DLX,Non-Smoking,Baby Cot,2025-12-15
CUS0002931,2931,SUT,Non-Smoking,Late Check-In,2025-10-26
CUS0002932,2932,SUT,Smoking,Late Check-In,2025-09-01
CUS0002933,2933,SUT,Smoking,Near Elevator,2024-09-10
CUS0002934,2934,SUT,Non-Smoking,Late Check-In,2025-01-30
CUS0002935,2935,SUP,Non-Smoking,Late Check-In,2025-11-20
CUS0002936,2936,SUT,Non-Smoking,None,2025-01-26
CUS0002937,2937,STD,Non-Smoking,Late Check-In,2025-09-11
CUS0002938,2938,DLX,Smoking,Baby Cot,2026-01-02
CUS0002939,2939,STD,Non-Smoking,Late Check-In,2025-10-06
CUS0002940,2940,DLX,Non-Smoking,High Floor,2025-02-15
CUS0002941,2941,SUT,Non-Smoking,Late Check-In,2026-03-25
CUS0002942,2942,SUT,Non-Smoking,Near Elevator,2026-05-14
CUS0002943,2943,DLX,Smoking,Late Check-In,2026-04-27
CUS0002944,2944,STD,Non-Smoking,High Floor,2024-07-10
CUS0002945,2945,DLX,Non-Smoking,Near Elevator,2025-02-14
CUS0002946,2946,SUP,Non-Smoking,None,2024-07-22
CUS0002947,2947,STD,Non-Smoking,High Floor,2024-09-20
CUS0002948,2948,STD,Non-Smoking,None,2025-06-30
CUS0002949,2949,DLX,Non-Smoking,High Floor,2024-11-28
CUS0002950,2950,SUT,Smoking,High Floor,2024-11-26
CUS0002951,2951,DLX,Smoking,High Floor,2024-06-02
CUS0002952,2952,SUT,Non-Smoking,None,2024-06-25
CUS0002953,2953,DLX,Non-Smoking,Late Check-In,2024-12-18
CUS0002954,2954,SUT,Non-Smoking,Baby Cot,2025-06-01
CUS0002955,2955,STD,Non-Smoking,Late Check-In,2025-09-01
CUS0002956,2956,DLX,Non-Smoking,None,2026-04-15
CUS0002957,2957,SUT,Smoking,Late Check-In,2025-10-20
CUS0002958,2958,SUP,Smoking,High Floor,2025-04-08
CUS0002959,2959,SUP,Non-Smoking,Late Check-In,2024-09-28
CUS0002960,2960,SUP,Smoking,Late Check-In,2025-04-17
CUS0002961,2961,DLX,Non-Smoking,None,2025-10-13
CUS0002962,2962,SUT,Non-Smoking,Near Elevator,2026-02-11
CUS0002963,2963,STD,Non-Smoking,Baby Cot,2025-05-24
CUS0002964,2964,SUT,Non-Smoking,High Floor,2026-03-25
CUS0002965,2965,DLX,Non-Smoking,None,2025-08-10
CUS0002966,2966,DLX,Smoking,Late Check-In,2024-10-19
CUS0002967,2967,EXC,Non-Smoking,High Floor,2025-01-13
CUS0002968,2968,SUP,Non-Smoking,Baby Cot,2025-11-17
CUS0002969,2969,SUT,Non-Smoking,High Floor,2025-10-06
CUS0002970,2970,DLX,Non-Smoking,High Floor,2025-10-19
CUS0002971,2971,SUP,Non-Smoking,High Floor,2025-10-07
CUS0002972,2972,EXC,Non-Smoking,Late Check-In,2025-01-03
CUS0002973,2973,STD,Non-Smoking,None,2026-01-08
CUS0002974,2974,SUT,Non-Smoking,None,2024-07-20
CUS0002975,2975,STD,Non-Smoking,Near Elevator,2024-07-04
CUS0002976,2976,SUT,Non-Smoking,None,2026-02-11
CUS0002977,2977,EXC,Smoking,Late Check-In,2024-08-09
CUS0002978,2978,SUP,Non-Smoking,Baby Cot,2024-11-05
CUS0002979,2979,DLX,Non-Smoking,Near Elevator,2026-01-09
CUS0002980,2980,STD,Non-Smoking,Late Check-In,2025-05-03
CUS0002981,2981,EXC,Non-Smoking,Late Check-In,2026-02-05
CUS0002982,2982,DLX,Non-Smoking,High Floor,2025-05-05
CUS0002983,2983,SUT,Smoking,Near Elevator,2026-03-30
CUS0002984,2984,SUT,Smoking,Near Elevator,2025-12-11
CUS0002985,2985,SUT,Non-Smoking,High Floor,2026-05-11
CUS0002986,2986,SUP,Non-Smoking,Late Check-In,2025-08-13
CUS0002987,2987,STD,Non-Smoking,High Floor,2026-02-15
CUS0002988,2988,SUT,Smoking,High Floor,2025-12-12
CUS0002989,2989,SUP,Non-Smoking,Baby Cot,2025-08-22
CUS0002990,2990,EXC,Non-Smoking,Baby Cot,2026-04-19
CUS0002991,2991,SUP,Non-Smoking,Near Elevator,2025-10-12
CUS0002992,2992,SUP,Smoking,High Floor,2025-01-24
CUS0002993,2993,STD,Non-Smoking,None,2024-06-05
CUS0002994,2994,STD,Non-Smoking,None,2025-10-04
CUS0002995,2995,STD,Non-Smoking,High Floor,2025-12-03
CUS0002996,2996,DLX,Non-Smoking,Near Elevator,2025-03-19
CUS0002997,2997,DLX,Non-Smoking,None,2026-02-25
CUS0002998,2998,DLX,Non-Smoking,None,2025-03-21
CUS0002999,2999,SUP,Smoking,High Floor,2024-06-12
CUS0003000,3000,SUP,Non-Smoking,None,2025-01-13
CUS0003001,3001,SUP,Smoking,High Floor,2026-02-24
CUS0003002,3002,SUT,Smoking,Late Check-In,2026-03-16
CUS0003003,3003,SUT,Non-Smoking,High Floor,2025-03-10
CUS0003004,3004,STD,Non-Smoking,None,2025-11-23
CUS0003005,3005,SUT,Non-Smoking,None,2024-06-25
CUS0003006,3006,SUP,Non-Smoking,High Floor,2026-01-05
CUS0003007,3007,DLX,Non-Smoking,Baby Cot,2025-04-22
CUS0003008,3008,DLX,Non-Smoking,None,2025-05-15
CUS0003009,3009,EXC,Smoking,Baby Cot,2024-11-02
CUS0003010,3010,SUP,Non-Smoking,Late Check-In,2024-12-15
CUS0003011,3011,EXC,Non-Smoking,High Floor,2025-04-15
CUS0003012,3012,DLX,Non-Smoking,Near Elevator,2025-02-05
CUS0003013,3013,EXC,Non-Smoking,Near Elevator,2024-06-04
CUS0003014,3014,SUP,Non-Smoking,Near Elevator,2024-10-15
CUS0003015,3015,EXC,Non-Smoking,Late Check-In,2026-02-06
CUS0003016,3016,DLX,Non-Smoking,None,2025-01-19
CUS0003017,3017,SUT,Non-Smoking,None,2026-04-24
CUS0003018,3018,STD,Non-Smoking,High Floor,2025-03-09
CUS0003019,3019,SUT,Non-Smoking,Late Check-In,2025-09-17
CUS0003020,3020,SUT,Smoking,Baby Cot,2026-04-24
CUS0003021,3021,STD,Non-Smoking,Near Elevator,2025-03-30
CUS0003022,3022,EXC,Smoking,None,2025-03-24
CUS0003023,3023,SUT,Non-Smoking,Near Elevator,2024-09-06
CUS0003024,3024,DLX,Smoking,None,2026-03-17
CUS0003025,3025,EXC,Non-Smoking,Late Check-In,2024-10-25
CUS0003026,3026,SUT,Smoking,None,2025-04-10
CUS0003027,3027,EXC,Smoking,Near Elevator,2025-09-27
CUS0003028,3028,STD,Non-Smoking,High Floor,2025-06-02
CUS0003029,3029,SUP,Non-Smoking,None,2024-07-12
CUS0003030,3030,SUP,Non-Smoking,Near Elevator,2025-01-23
CUS0003031,3031,EXC,Smoking,High Floor,2025-04-27
CUS0003032,3032,EXC,Non-Smoking,High Floor,2025-11-08
CUS0003033,3033,SUP,Non-Smoking,Near Elevator,2026-04-18
CUS0003034,3034,EXC,Non-Smoking,Late Check-In,2026-05-04
CUS0003035,3035,SUP,Non-Smoking,Baby Cot,2025-04-28
CUS0003036,3036,SUP,Non-Smoking,Late Check-In,2026-03-01
CUS0003037,3037,SUT,Non-Smoking,Near Elevator,2024-10-03
CUS0003038,3038,STD,Non-Smoking,None,2025-07-16
CUS0003039,3039,EXC,Non-Smoking,None,2025-02-18
CUS0003040,3040,EXC,Non-Smoking,Late Check-In,2025-03-03
CUS0003041,3041,DLX,Non-Smoking,High Floor,2025-05-23
CUS0003042,3042,SUP,Non-Smoking,Baby Cot,2024-10-15
CUS0003043,3043,SUP,Non-Smoking,High Floor,2025-12-05
CUS0003044,3044,EXC,Non-Smoking,Near Elevator,2024-06-21
CUS0003045,3045,SUT,Non-Smoking,High Floor,2024-09-16
CUS0003046,3046,SUP,Non-Smoking,Near Elevator,2024-06-19
CUS0003047,3047,STD,Smoking,Near Elevator,2026-05-08
CUS0003048,3048,SUT,Non-Smoking,Near Elevator,2025-10-20
CUS0003049,3049,STD,Non-Smoking,Baby Cot,2025-12-24
CUS0003050,3050,EXC,Non-Smoking,None,2025-08-07
CUS0003051,3051,STD,Non-Smoking,Late Check-In,2025-01-30
CUS0003052,3052,SUT,Smoking,Near Elevator,2026-03-03
CUS0003053,3053,SUP,Smoking,Late Check-In,2026-03-22
CUS0003054,3054,SUT,Non-Smoking,Near Elevator,2026-02-21
CUS0003055,3055,SUT,Non-Smoking,Late Check-In,2024-11-25
CUS0003056,3056,STD,Non-Smoking,High Floor,2025-04-02
CUS0003057,3057,EXC,Smoking,Baby Cot,2024-08-17
CUS0003058,3058,SUP,Smoking,Baby Cot,2026-02-03
CUS0003059,3059,SUT,Non-Smoking,Near Elevator,2025-01-21
CUS0003060,3060,SUT,Smoking,Late Check-In,2024-07-19
CUS0003061,3061,SUP,Non-Smoking,None,2025-02-21
CUS0003062,3062,EXC,Smoking,Late Check-In,2024-12-15
CUS0003063,3063,SUP,Non-Smoking,High Floor,2024-07-14
CUS0003064,3064,STD,Non-Smoking,High Floor,2024-06-22
CUS0003065,3065,SUT,Non-Smoking,None,2026-03-06
CUS0003066,3066,SUT,Non-Smoking,Near Elevator,2024-12-13
CUS0003067,3067,STD,Non-Smoking,Baby Cot,2026-04-18
CUS0003068,3068,SUP,Non-Smoking,Baby Cot,2024-09-13
CUS0003069,3069,STD,Smoking,None,2026-03-09
CUS0003070,3070,SUT,Non-Smoking,Baby Cot,2024-12-18
CUS0003071,3071,SUT,Non-Smoking,High Floor,2025-09-20
CUS0003072,3072,DLX,Non-Smoking,None,2024-12-12
CUS0003073,3073,SUT,Non-Smoking,Baby Cot,2025-05-12
CUS0003074,3074,DLX,Non-Smoking,None,2024-08-23
CUS0003075,3075,SUT,Non-Smoking,High Floor,2025-05-07
CUS0003076,3076,EXC,Non-Smoking,None,2025-08-18
CUS0003077,3077,SUT,Non-Smoking,Late Check-In,2025-09-10
CUS0003078,3078,DLX,Non-Smoking,High Floor,2026-03-08
CUS0003079,3079,DLX,Non-Smoking,High Floor,2026-01-12
CUS0003080,3080,STD,Non-Smoking,Near Elevator,2025-01-11
CUS0003081,3081,DLX,Non-Smoking,Near Elevator,2024-11-05
CUS0003082,3082,SUT,Non-Smoking,High Floor,2025-03-27
CUS0003083,3083,EXC,Non-Smoking,Baby Cot,2025-07-19
CUS0003084,3084,SUP,Smoking,High Floor,2024-05-31
CUS0003085,3085,EXC,Non-Smoking,High Floor,2026-04-02
CUS0003086,3086,DLX,Non-Smoking,High Floor,2024-09-02
CUS0003087,3087,SUT,Non-Smoking,High Floor,2025-11-17
CUS0003088,3088,SUP,Non-Smoking,None,2025-12-20
CUS0003089,3089,STD,Smoking,None,2025-10-20
CUS0003090,3090,SUP,Non-Smoking,Late Check-In,2024-07-01
CUS0003091,3091,DLX,Non-Smoking,Late Check-In,2026-03-18
CUS0003092,3092,SUP,Non-Smoking,Baby Cot,2025-02-17
CUS0003093,3093,SUT,Non-Smoking,Baby Cot,2025-06-09
CUS0003094,3094,SUP,Smoking,High Floor,2024-09-28
CUS0003095,3095,SUP,Non-Smoking,High Floor,2024-08-17
CUS0003096,3096,SUT,Non-Smoking,High Floor,2024-12-03
CUS0003097,3097,SUT,Non-Smoking,Late Check-In,2024-07-04
CUS0003098,3098,STD,Non-Smoking,Near Elevator,2025-06-01
CUS0003099,3099,SUT,Non-Smoking,Late Check-In,2024-05-30
CUS0003100,3100,SUT,Non-Smoking,Near Elevator,2025-06-29
CUS0003101,3101,STD,Non-Smoking,Near Elevator,2024-10-13
CUS0003102,3102,EXC,Non-Smoking,High Floor,2025-08-24
CUS0003103,3103,SUP,Non-Smoking,Near Elevator,2025-11-08
CUS0003104,3104,EXC,Non-Smoking,Late Check-In,2024-12-28
CUS0003105,3105,SUT,Non-Smoking,None,2025-10-04
CUS0003106,3106,DLX,Smoking,Near Elevator,2026-01-08
CUS0003107,3107,SUT,Smoking,Baby Cot,2025-07-23
CUS0003108,3108,EXC,Non-Smoking,Late Check-In,2024-08-04
CUS0003109,3109,EXC,Non-Smoking,Baby Cot,2024-07-03
CUS0003110,3110,SUT,Smoking,Near Elevator,2024-08-07
CUS0003111,3111,SUP,Non-Smoking,None,2026-04-08
CUS0003112,3112,STD,Non-Smoking,Near Elevator,2025-01-23
CUS0003113,3113,EXC,Non-Smoking,Baby Cot,2025-01-23
CUS0003114,3114,EXC,Non-Smoking,Baby Cot,2026-02-25
CUS0003115,3115,SUP,Non-Smoking,Near Elevator,2025-07-30
CUS0003116,3116,DLX,Non-Smoking,High Floor,2024-10-01
CUS0003117,3117,DLX,Non-Smoking,Near Elevator,2026-04-15
CUS0003118,3118,SUP,Non-Smoking,None,2025-11-26
CUS0003119,3119,SUT,Non-Smoking,Baby Cot,2026-03-15
CUS0003120,3120,SUT,Non-Smoking,None,2024-11-08
CUS0003121,3121,DLX,Non-Smoking,Baby Cot,2025-01-08
CUS0003122,3122,STD,Non-Smoking,Late Check-In,2025-11-09
CUS0003123,3123,EXC,Non-Smoking,Late Check-In,2024-10-04
CUS0003124,3124,SUP,Non-Smoking,Near Elevator,2026-01-22
CUS0003125,3125,SUP,Non-Smoking,None,2025-12-09
CUS0003126,3126,SUT,Non-Smoking,None,2025-08-26
CUS0003127,3127,SUT,Smoking,Near Elevator,2024-08-06
CUS0003128,3128,SUT,Smoking,Near Elevator,2024-12-13
CUS0003129,3129,EXC,Smoking,Late Check-In,2025-05-08
CUS0003130,3130,SUT,Non-Smoking,None,2026-02-27
CUS0003131,3131,SUT,Non-Smoking,None,2025-08-14
CUS0003132,3132,DLX,Non-Smoking,None,2025-12-11
CUS0003133,3133,STD,Non-Smoking,Baby Cot,2024-06-17
CUS0003134,3134,SUT,Non-Smoking,Baby Cot,2024-10-22
CUS0003135,3135,STD,Non-Smoking,Baby Cot,2026-02-08
CUS0003136,3136,EXC,Non-Smoking,None,2025-06-17
CUS0003137,3137,EXC,Smoking,Near Elevator,2026-01-21
CUS0003138,3138,SUT,Non-Smoking,Baby Cot,2024-07-03
CUS0003139,3139,SUP,Smoking,High Floor,2026-02-05
CUS0003140,3140,STD,Non-Smoking,Late Check-In,2026-03-17
CUS0003141,3141,STD,Non-Smoking,High Floor,2025-07-06
CUS0003142,3142,STD,Non-Smoking,None,2024-09-15
CUS0003143,3143,SUP,Non-Smoking,High Floor,2024-07-27
CUS0003144,3144,EXC,Non-Smoking,Baby Cot,2025-02-28
CUS0003145,3145,DLX,Non-Smoking,Near Elevator,2026-02-26
CUS0003146,3146,DLX,Non-Smoking,None,2025-11-09
CUS0003147,3147,STD,Non-Smoking,Baby Cot,2024-06-27
CUS0003148,3148,SUP,Smoking,High Floor,2025-10-26
CUS0003149,3149,SUP,Non-Smoking,None,2024-11-29
CUS0003150,3150,STD,Non-Smoking,Late Check-In,2024-08-04
CUS0003151,3151,SUT,Non-Smoking,Late Check-In,2025-04-15
CUS0003152,3152,STD,Non-Smoking,High Floor,2024-06-15
CUS0003153,3153,SUP,Smoking,None,2025-07-13
CUS0003154,3154,EXC,Non-Smoking,Late Check-In,2024-08-21
CUS0003155,3155,SUT,Non-Smoking,None,2025-02-13
CUS0003156,3156,SUT,Non-Smoking,Near Elevator,2026-01-22
CUS0003157,3157,EXC,Non-Smoking,High Floor,2025-03-20
CUS0003158,3158,EXC,Non-Smoking,Late Check-In,2024-06-12
CUS0003159,3159,STD,Non-Smoking,Late Check-In,2025-05-31
CUS0003160,3160,STD,Smoking,Baby Cot,2024-07-28
CUS0003161,3161,DLX,Non-Smoking,None,2025-01-11
CUS0003162,3162,SUT,Non-Smoking,Late Check-In,2024-08-06
CUS0003163,3163,DLX,Non-Smoking,High Floor,2026-02-22
CUS0003164,3164,STD,Smoking,Late Check-In,2024-07-01
CUS0003165,3165,SUT,Non-Smoking,Near Elevator,2025-05-18
CUS0003166,3166,SUP,Non-Smoking,Near Elevator,2024-08-12
CUS0003167,3167,SUT,Non-Smoking,Near Elevator,2026-02-18
CUS0003168,3168,STD,Non-Smoking,None,2026-02-07
CUS0003169,3169,DLX,Non-Smoking,None,2025-06-05
CUS0003170,3170,STD,Non-Smoking,None,2024-11-24
CUS0003171,3171,EXC,Smoking,Late Check-In,2026-02-15
CUS0003172,3172,EXC,Non-Smoking,Late Check-In,2025-10-30
CUS0003173,3173,SUP,Non-Smoking,High Floor,2024-11-11
CUS0003174,3174,DLX,Smoking,Baby Cot,2026-03-07
CUS0003175,3175,SUT,Non-Smoking,Baby Cot,2025-02-17
CUS0003176,3176,SUT,Non-Smoking,Baby Cot,2024-10-16
CUS0003177,3177,SUT,Non-Smoking,None,2024-09-20
CUS0003178,3178,SUT,Smoking,Late Check-In,2025-07-21
CUS0003179,3179,SUP,Non-Smoking,Baby Cot,2026-04-14
CUS0003180,3180,SUT,Non-Smoking,None,2024-06-01
CUS0003181,3181,STD,Non-Smoking,Baby Cot,2025-01-08
CUS0003182,3182,STD,Non-Smoking,Near Elevator,2025-07-02
CUS0003183,3183,DLX,Non-Smoking,Late Check-In,2024-11-15
CUS0003184,3184,SUP,Non-Smoking,Late Check-In,2024-10-07
CUS0003185,3185,DLX,Non-Smoking,Late Check-In,2025-11-21
CUS0003186,3186,SUT,Non-Smoking,Baby Cot,2026-03-29
CUS0003187,3187,STD,Non-Smoking,High Floor,2025-09-29
CUS0003188,3188,DLX,Smoking,Late Check-In,2025-06-03
CUS0003189,3189,EXC,Non-Smoking,Baby Cot,2026-03-19
CUS0003190,3190,STD,Non-Smoking,High Floor,2025-09-17
CUS0003191,3191,SUT,Smoking,Baby Cot,2025-05-25
CUS0003192,3192,SUP,Non-Smoking,High Floor,2025-06-21
CUS0003193,3193,DLX,Non-Smoking,High Floor,2025-10-20
CUS0003194,3194,EXC,Non-Smoking,None,2026-05-08
CUS0003195,3195,EXC,Non-Smoking,Near Elevator,2024-06-13
CUS0003196,3196,SUP,Smoking,Near Elevator,2025-10-09
CUS0003197,3197,STD,Non-Smoking,Late Check-In,2026-02-15
CUS0003198,3198,DLX,Non-Smoking,High Floor,2025-10-03
CUS0003199,3199,DLX,Non-Smoking,High Floor,2024-08-25
CUS0003200,3200,SUT,Non-Smoking,Baby Cot,2025-08-08
CUS0003201,3201,EXC,Non-Smoking,Near Elevator,2026-02-19
CUS0003202,3202,STD,Non-Smoking,Late Check-In,2025-02-18
CUS0003203,3203,SUP,Non-Smoking,Late Check-In,2025-07-31
CUS0003204,3204,DLX,Smoking,Near Elevator,2024-10-30
CUS0003205,3205,STD,Non-Smoking,Near Elevator,2026-04-16
CUS0003206,3206,STD,Smoking,None,2026-01-02
CUS0003207,3207,SUT,Non-Smoking,Near Elevator,2026-01-01
CUS0003208,3208,EXC,Non-Smoking,None,2024-10-23
CUS0003209,3209,SUT,Non-Smoking,None,2025-02-16
CUS0003210,3210,SUP,Smoking,High Floor,2025-04-11
CUS0003211,3211,DLX,Smoking,None,2025-04-24
CUS0003212,3212,SUP,Non-Smoking,High Floor,2026-03-25
CUS0003213,3213,DLX,Non-Smoking,Late Check-In,2025-11-29
CUS0003214,3214,EXC,Non-Smoking,Baby Cot,2025-12-22
CUS0003215,3215,STD,Smoking,None,2024-10-17
CUS0003216,3216,SUT,Smoking,Near Elevator,2024-08-19
CUS0003217,3217,EXC,Non-Smoking,Late Check-In,2024-05-26
CUS0003218,3218,STD,Non-Smoking,Late Check-In,2025-06-28
CUS0003219,3219,SUP,Non-Smoking,Near Elevator,2025-03-07
CUS0003220,3220,SUP,Smoking,Near Elevator,2024-08-02
CUS0003221,3221,SUP,Smoking,Baby Cot,2025-02-07
CUS0003222,3222,DLX,Non-Smoking,Near Elevator,2026-02-24
CUS0003223,3223,SUP,Non-Smoking,Baby Cot,2026-03-24
CUS0003224,3224,SUP,Smoking,Near Elevator,2024-10-09
CUS0003225,3225,EXC,Non-Smoking,None,2025-12-11
CUS0003226,3226,SUT,Non-Smoking,High Floor,2025-07-04
CUS0003227,3227,STD,Non-Smoking,None,2025-03-10
CUS0003228,3228,DLX,Non-Smoking,High Floor,2025-10-19
CUS0003229,3229,EXC,Non-Smoking,Near Elevator,2025-07-15
CUS0003230,3230,SUT,Non-Smoking,Late Check-In,2025-03-05
CUS0003231,3231,SUP,Smoking,Late Check-In,2025-12-30
CUS0003232,3232,SUT,Non-Smoking,Near Elevator,2025-01-11
CUS0003233,3233,DLX,Smoking,Near Elevator,2025-10-14
CUS0003234,3234,SUT,Non-Smoking,High Floor,2025-08-17
CUS0003235,3235,SUP,Non-Smoking,High Floor,2025-08-28
CUS0003236,3236,EXC,Non-Smoking,Late Check-In,2025-10-22
CUS0003237,3237,SUT,Non-Smoking,Near Elevator,2026-04-15
CUS0003238,3238,EXC,Non-Smoking,Near Elevator,2024-05-28
CUS0003239,3239,SUP,Non-Smoking,High Floor,2024-09-22
CUS0003240,3240,SUT,Non-Smoking,Baby Cot,2024-11-12
CUS0003241,3241,SUP,Smoking,Late Check-In,2024-07-04
CUS0003242,3242,SUT,Non-Smoking,None,2025-10-12
CUS0003243,3243,SUP,Non-Smoking,Baby Cot,2024-10-22
CUS0003244,3244,SUT,Non-Smoking,Near Elevator,2025-08-27
CUS0003245,3245,DLX,Non-Smoking,Near Elevator,2025-10-31
CUS0003246,3246,SUP,Non-Smoking,Late Check-In,2025-10-30
CUS0003247,3247,DLX,Non-Smoking,Near Elevator,2025-02-15
CUS0003248,3248,DLX,Non-Smoking,Baby Cot,2024-11-22
CUS0003249,3249,DLX,Non-Smoking,None,2025-08-02
CUS0003250,3250,DLX,Non-Smoking,Near Elevator,2026-05-18
CUS0003251,3251,SUT,Non-Smoking,Late Check-In,2025-10-09
CUS0003252,3252,DLX,Non-Smoking,Late Check-In,2025-09-03
CUS0003253,3253,SUP,Non-Smoking,Late Check-In,2025-07-25
CUS0003254,3254,DLX,Smoking,High Floor,2024-08-10
CUS0003255,3255,STD,Non-Smoking,Near Elevator,2025-10-06
CUS0003256,3256,SUP,Non-Smoking,Near Elevator,2024-10-22
CUS0003257,3257,EXC,Smoking,Late Check-In,2025-03-28
CUS0003258,3258,STD,Non-Smoking,High Floor,2026-03-25
CUS0003259,3259,EXC,Smoking,Late Check-In,2026-02-20
CUS0003260,3260,EXC,Non-Smoking,None,2025-05-28
CUS0003261,3261,SUT,Non-Smoking,None,2025-01-03
CUS0003262,3262,DLX,Non-Smoking,Late Check-In,2025-06-20
CUS0003263,3263,SUT,Non-Smoking,Late Check-In,2026-02-09
CUS0003264,3264,STD,Non-Smoking,Near Elevator,2025-02-06
CUS0003265,3265,SUP,Smoking,High Floor,2024-12-31
CUS0003266,3266,SUP,Non-Smoking,Baby Cot,2025-06-12
CUS0003267,3267,EXC,Non-Smoking,Late Check-In,2026-03-13
CUS0003268,3268,DLX,Non-Smoking,None,2024-12-11
CUS0003269,3269,SUT,Non-Smoking,Near Elevator,2025-04-12
CUS0003270,3270,DLX,Non-Smoking,Baby Cot,2025-04-29
CUS0003271,3271,EXC,Non-Smoking,Baby Cot,2025-07-22
CUS0003272,3272,DLX,Non-Smoking,High Floor,2025-02-11
CUS0003273,3273,DLX,Non-Smoking,Late Check-In,2025-10-31
CUS0003274,3274,EXC,Non-Smoking,Late Check-In,2026-03-16
CUS0003275,3275,DLX,Smoking,Late Check-In,2024-12-08
CUS0003276,3276,SUP,Non-Smoking,None,2025-08-27
CUS0003277,3277,EXC,Non-Smoking,Baby Cot,2024-11-05
CUS0003278,3278,SUP,Non-Smoking,None,2026-04-08
CUS0003279,3279,STD,Non-Smoking,None,2026-04-03
CUS0003280,3280,STD,Non-Smoking,Late Check-In,2024-11-13
CUS0003281,3281,SUP,Non-Smoking,Near Elevator,2024-12-07
CUS0003282,3282,DLX,Non-Smoking,Baby Cot,2026-02-06
CUS0003283,3283,DLX,Non-Smoking,Near Elevator,2025-09-09
CUS0003284,3284,SUP,Non-Smoking,Near Elevator,2025-12-18
CUS0003285,3285,DLX,Non-Smoking,None,2025-04-23
CUS0003286,3286,SUP,Non-Smoking,Late Check-In,2024-06-30
CUS0003287,3287,DLX,Non-Smoking,High Floor,2025-06-08
CUS0003288,3288,SUP,Non-Smoking,High Floor,2024-12-21
CUS0003289,3289,SUP,Non-Smoking,High Floor,2025-04-01
CUS0003290,3290,SUT,Non-Smoking,Near Elevator,2026-03-11
CUS0003291,3291,SUT,Non-Smoking,Baby Cot,2025-05-01
CUS0003292,3292,STD,Non-Smoking,High Floor,2024-05-30
CUS0003293,3293,STD,Non-Smoking,None,2026-01-05
CUS0003294,3294,DLX,Non-Smoking,Baby Cot,2024-08-30
CUS0003295,3295,STD,Non-Smoking,Near Elevator,2025-05-23
CUS0003296,3296,SUT,Non-Smoking,High Floor,2024-11-19
CUS0003297,3297,EXC,Non-Smoking,Baby Cot,2025-04-11
CUS0003298,3298,SUT,Non-Smoking,High Floor,2025-07-28
CUS0003299,3299,SUT,Smoking,High Floor,2024-11-20
CUS0003300,3300,SUT,Non-Smoking,Baby Cot,2025-11-04
CUS0003301,3301,SUT,Non-Smoking,Late Check-In,2025-06-05
CUS0003302,3302,DLX,Smoking,Baby Cot,2025-06-24
CUS0003303,3303,DLX,Non-Smoking,High Floor,2026-03-22
CUS0003304,3304,EXC,Non-Smoking,Near Elevator,2024-12-07
CUS0003305,3305,DLX,Non-Smoking,None,2025-03-05
CUS0003306,3306,EXC,Non-Smoking,Near Elevator,2026-04-15
CUS0003307,3307,STD,Smoking,None,2025-04-03
CUS0003308,3308,SUP,Non-Smoking,None,2026-04-09
CUS0003309,3309,SUT,Non-Smoking,Late Check-In,2025-04-28
CUS0003310,3310,SUP,Non-Smoking,Late Check-In,2026-05-13
CUS0003311,3311,EXC,Non-Smoking,Late Check-In,2024-12-09
CUS0003312,3312,SUP,Smoking,Late Check-In,2026-03-26
CUS0003313,3313,SUT,Non-Smoking,None,2026-05-20
CUS0003314,3314,STD,Non-Smoking,Baby Cot,2025-11-28
CUS0003315,3315,SUP,Smoking,High Floor,2025-02-25
CUS0003316,3316,STD,Non-Smoking,High Floor,2024-09-07
CUS0003317,3317,EXC,Non-Smoking,High Floor,2024-10-21
CUS0003318,3318,SUP,Non-Smoking,High Floor,2026-04-05
CUS0003319,3319,DLX,Non-Smoking,Near Elevator,2024-09-13
CUS0003320,3320,SUP,Non-Smoking,None,2026-02-26
CUS0003321,3321,EXC,Smoking,None,2026-02-03
CUS0003322,3322,EXC,Non-Smoking,High Floor,2026-03-15
CUS0003323,3323,STD,Non-Smoking,None,2025-07-14
CUS0003324,3324,SUP,Non-Smoking,None,2025-03-14
CUS0003325,3325,SUP,Non-Smoking,Near Elevator,2025-07-23
CUS0003326,3326,STD,Non-Smoking,Near Elevator,2025-05-22
CUS0003327,3327,EXC,Non-Smoking,Near Elevator,2025-09-19
CUS0003328,3328,EXC,Non-Smoking,None,2025-07-03
CUS0003329,3329,DLX,Non-Smoking,Late Check-In,2025-11-11
CUS0003330,3330,SUP,Non-Smoking,Near Elevator,2024-09-22
CUS0003331,3331,DLX,Non-Smoking,None,2025-05-09
CUS0003332,3332,SUT,Non-Smoking,Baby Cot,2026-03-30
CUS0003333,3333,STD,Non-Smoking,Near Elevator,2024-08-22
CUS0003334,3334,SUP,Smoking,Near Elevator,2026-02-07
CUS0003335,3335,STD,Non-Smoking,None,2024-10-05
CUS0003336,3336,SUP,Non-Smoking,Baby Cot,2025-07-30
CUS0003337,3337,SUT,Non-Smoking,High Floor,2025-05-03
CUS0003338,3338,EXC,Non-Smoking,Near Elevator,2025-01-09
CUS0003339,3339,DLX,Non-Smoking,High Floor,2024-08-15
CUS0003340,3340,EXC,Non-Smoking,Baby Cot,2025-09-04
CUS0003341,3341,SUP,Non-Smoking,None,2024-07-10
CUS0003342,3342,STD,Non-Smoking,None,2025-04-07
CUS0003343,3343,EXC,Non-Smoking,None,2025-09-02
CUS0003344,3344,SUT,Non-Smoking,High Floor,2026-05-07
CUS0003345,3345,DLX,Non-Smoking,None,2025-04-04
CUS0003346,3346,SUT,Non-Smoking,Near Elevator,2025-10-09
CUS0003347,3347,DLX,Non-Smoking,Near Elevator,2026-01-30
CUS0003348,3348,DLX,Non-Smoking,None,2025-12-24
CUS0003349,3349,SUT,Non-Smoking,None,2025-07-26
CUS0003350,3350,SUT,Non-Smoking,None,2025-11-25
CUS0003351,3351,STD,Smoking,Baby Cot,2025-04-28
CUS0003352,3352,DLX,Non-Smoking,Late Check-In,2025-07-05
CUS0003353,3353,SUT,Smoking,None,2025-08-12
CUS0003354,3354,SUP,Non-Smoking,None,2025-09-24
CUS0003355,3355,SUT,Non-Smoking,High Floor,2025-06-05
CUS0003356,3356,DLX,Non-Smoking,None,2024-08-24
CUS0003357,3357,STD,Non-Smoking,Baby Cot,2026-05-24
CUS0003358,3358,STD,Non-Smoking,Near Elevator,2025-08-06
CUS0003359,3359,DLX,Non-Smoking,High Floor,2024-10-06
CUS0003360,3360,STD,Non-Smoking,Late Check-In,2024-12-20
CUS0003361,3361,STD,Non-Smoking,Baby Cot,2024-07-17
CUS0003362,3362,EXC,Non-Smoking,Late Check-In,2025-08-27
CUS0003363,3363,SUP,Non-Smoking,Late Check-In,2025-07-27
CUS0003364,3364,STD,Smoking,Late Check-In,2026-01-01
CUS0003365,3365,EXC,Non-Smoking,None,2024-09-13
CUS0003366,3366,STD,Non-Smoking,Near Elevator,2025-02-01
CUS0003367,3367,EXC,Smoking,High Floor,2026-05-11
CUS0003368,3368,STD,Non-Smoking,Late Check-In,2024-12-07
CUS0003369,3369,SUP,Non-Smoking,Baby Cot,2026-05-19
CUS0003370,3370,SUP,Non-Smoking,Late Check-In,2025-02-18
CUS0003371,3371,STD,Non-Smoking,None,2024-11-24
CUS0003372,3372,EXC,Non-Smoking,Baby Cot,2024-06-10
CUS0003373,3373,DLX,Smoking,Late Check-In,2026-05-22
CUS0003374,3374,EXC,Smoking,Near Elevator,2025-10-12
CUS0003375,3375,STD,Non-Smoking,None,2024-11-04
CUS0003376,3376,SUT,Non-Smoking,None,2025-12-02
CUS0003377,3377,DLX,Non-Smoking,Late Check-In,2024-09-13
CUS0003378,3378,SUT,Non-Smoking,High Floor,2025-04-08
CUS0003379,3379,EXC,Non-Smoking,High Floor,2024-12-01
CUS0003380,3380,SUT,Non-Smoking,None,2025-08-15
CUS0003381,3381,EXC,Non-Smoking,None,2026-03-30
CUS0003382,3382,STD,Non-Smoking,Near Elevator,2026-04-11
CUS0003383,3383,SUT,Smoking,Baby Cot,2026-05-20
CUS0003384,3384,SUT,Non-Smoking,None,2026-04-05
CUS0003385,3385,SUT,Non-Smoking,Baby Cot,2026-04-03
CUS0003386,3386,STD,Non-Smoking,None,2025-02-17
CUS0003387,3387,SUT,Non-Smoking,None,2025-01-27
CUS0003388,3388,DLX,Non-Smoking,None,2025-05-03
CUS0003389,3389,DLX,Smoking,Near Elevator,2025-08-10
CUS0003390,3390,SUP,Non-Smoking,Baby Cot,2026-04-13
CUS0003391,3391,SUT,Smoking,Late Check-In,2025-07-02
CUS0003392,3392,SUT,Non-Smoking,Late Check-In,2024-10-16
CUS0003393,3393,SUT,Non-Smoking,Near Elevator,2025-09-11
CUS0003394,3394,EXC,Non-Smoking,Baby Cot,2024-08-28
CUS0003395,3395,STD,Non-Smoking,Baby Cot,2024-07-20
CUS0003396,3396,SUT,Non-Smoking,Baby Cot,2025-04-08
CUS0003397,3397,STD,Non-Smoking,Late Check-In,2026-01-22
CUS0003398,3398,EXC,Non-Smoking,Late Check-In,2026-01-29
CUS0003399,3399,EXC,Smoking,High Floor,2026-04-01
CUS0003400,3400,STD,Non-Smoking,Baby Cot,2025-04-04
CUS0003401,3401,SUP,Non-Smoking,Near Elevator,2025-01-25
CUS0003402,3402,EXC,Non-Smoking,Late Check-In,2025-01-01
CUS0003403,3403,SUP,Non-Smoking,High Floor,2024-09-04
CUS0003404,3404,STD,Non-Smoking,Late Check-In,2024-05-25
CUS0003405,3405,EXC,Non-Smoking,Near Elevator,2025-04-19
CUS0003406,3406,EXC,Smoking,None,2025-02-04
CUS0003407,3407,EXC,Smoking,High Floor,2024-11-14
CUS0003408,3408,EXC,Smoking,High Floor,2024-07-10
CUS0003409,3409,EXC,Smoking,High Floor,2024-12-20
CUS0003410,3410,SUP,Non-Smoking,Late Check-In,2025-01-23
CUS0003411,3411,SUT,Non-Smoking,Late Check-In,2024-10-25
CUS0003412,3412,EXC,Non-Smoking,Near Elevator,2024-06-07
CUS0003413,3413,DLX,Non-Smoking,Near Elevator,2025-01-08
CUS0003414,3414,SUT,Non-Smoking,High Floor,2024-10-08
CUS0003415,3415,SUP,Non-Smoking,None,2025-07-07
CUS0003416,3416,STD,Smoking,None,2025-06-12
CUS0003417,3417,DLX,Non-Smoking,None,2025-08-27
CUS0003418,3418,SUT,Non-Smoking,None,2025-03-06
CUS0003419,3419,DLX,Non-Smoking,Baby Cot,2024-10-07
CUS0003420,3420,DLX,Non-Smoking,Baby Cot,2026-04-23
CUS0003421,3421,STD,Non-Smoking,Baby Cot,2024-08-24
CUS0003422,3422,STD,Non-Smoking,Late Check-In,2025-06-15
CUS0003423,3423,DLX,Smoking,Near Elevator,2026-02-06
CUS0003424,3424,DLX,Non-Smoking,Late Check-In,2024-10-13
CUS0003425,3425,EXC,Non-Smoking,High Floor,2025-07-29
CUS0003426,3426,SUP,Smoking,Near Elevator,2024-10-12
CUS0003427,3427,STD,Non-Smoking,High Floor,2024-08-20
CUS0003428,3428,SUP,Non-Smoking,Baby Cot,2025-03-20
CUS0003429,3429,SUT,Non-Smoking,Late Check-In,2025-04-01
CUS0003430,3430,EXC,Non-Smoking,Baby Cot,2026-02-17
CUS0003431,3431,STD,Non-Smoking,None,2024-07-29
CUS0003432,3432,DLX,Non-Smoking,Near Elevator,2024-10-12
CUS0003433,3433,SUT,Non-Smoking,None,2025-11-05
CUS0003434,3434,STD,Smoking,None,2026-05-19
CUS0003435,3435,SUT,Non-Smoking,Near Elevator,2024-07-30
CUS0003436,3436,SUT,Non-Smoking,None,2025-06-12
CUS0003437,3437,SUP,Non-Smoking,None,2024-07-22
CUS0003438,3438,EXC,Non-Smoking,High Floor,2024-09-16
CUS0003439,3439,SUT,Non-Smoking,Late Check-In,2025-05-21
CUS0003440,3440,DLX,Non-Smoking,Baby Cot,2025-07-02
CUS0003441,3441,SUP,Non-Smoking,Late Check-In,2026-01-06
CUS0003442,3442,DLX,Non-Smoking,High Floor,2024-12-14
CUS0003443,3443,DLX,Non-Smoking,Baby Cot,2025-07-07
CUS0003444,3444,STD,Smoking,Late Check-In,2026-03-24
CUS0003445,3445,STD,Smoking,None,2024-12-29
CUS0003446,3446,SUP,Smoking,None,2025-11-23
CUS0003447,3447,DLX,Non-Smoking,Late Check-In,2026-03-29
CUS0003448,3448,SUP,Smoking,Baby Cot,2025-06-30
CUS0003449,3449,DLX,Non-Smoking,None,2025-07-11
CUS0003450,3450,DLX,Smoking,None,2026-01-26
CUS0003451,3451,SUT,Smoking,Late Check-In,2026-02-21
CUS0003452,3452,EXC,Non-Smoking,Baby Cot,2025-08-22
CUS0003453,3453,EXC,Non-Smoking,High Floor,2025-04-13
CUS0003454,3454,STD,Non-Smoking,None,2025-04-26
CUS0003455,3455,EXC,Non-Smoking,High Floor,2025-03-03
CUS0003456,3456,EXC,Non-Smoking,Near Elevator,2026-05-24
CUS0003457,3457,STD,Non-Smoking,Near Elevator,2025-04-19
CUS0003458,3458,SUP,Non-Smoking,None,2024-10-26
CUS0003459,3459,STD,Non-Smoking,Baby Cot,2024-08-11
CUS0003460,3460,SUP,Non-Smoking,Baby Cot,2024-09-14
CUS0003461,3461,SUT,Non-Smoking,High Floor,2025-05-17
CUS0003462,3462,DLX,Non-Smoking,Near Elevator,2025-12-30
CUS0003463,3463,SUP,Non-Smoking,High Floor,2025-07-09
CUS0003464,3464,SUT,Non-Smoking,High Floor,2025-08-08
CUS0003465,3465,STD,Non-Smoking,None,2026-02-09
CUS0003466,3466,DLX,Non-Smoking,Late Check-In,2024-08-19
CUS0003467,3467,SUT,Non-Smoking,Near Elevator,2024-11-10
CUS0003468,3468,DLX,Non-Smoking,High Floor,2025-06-24
CUS0003469,3469,SUP,Smoking,Baby Cot,2025-09-05
CUS0003470,3470,SUP,Non-Smoking,High Floor,2024-11-21
CUS0003471,3471,EXC,Non-Smoking,Late Check-In,2025-02-22
CUS0003472,3472,STD,Non-Smoking,High Floor,2025-01-10
CUS0003473,3473,EXC,Non-Smoking,None,2026-03-21
CUS0003474,3474,SUP,Non-Smoking,Baby Cot,2025-05-26
CUS0003475,3475,DLX,Non-Smoking,Near Elevator,2025-10-14
CUS0003476,3476,STD,Non-Smoking,None,2025-12-03
CUS0003477,3477,DLX,Smoking,None,2025-11-24
CUS0003478,3478,EXC,Smoking,High Floor,2024-10-04
CUS0003479,3479,SUP,Non-Smoking,Baby Cot,2025-01-06
CUS0003480,3480,EXC,Non-Smoking,Baby Cot,2024-11-21
CUS0003481,3481,DLX,Non-Smoking,High Floor,2026-04-13
CUS0003482,3482,SUP,Non-Smoking,Baby Cot,2025-12-28
CUS0003483,3483,EXC,Smoking,Near Elevator,2026-01-12
CUS0003484,3484,EXC,Smoking,Near Elevator,2025-07-07
CUS0003485,3485,EXC,Non-Smoking,None,2025-06-02
CUS0003486,3486,SUP,Non-Smoking,Near Elevator,2025-05-21
CUS0003487,3487,SUP,Non-Smoking,Baby Cot,2026-04-30
CUS0003488,3488,SUP,Non-Smoking,Near Elevator,2025-01-26
CUS0003489,3489,EXC,Non-Smoking,Late Check-In,2024-06-20
CUS0003490,3490,SUT,Non-Smoking,High Floor,2026-05-22
CUS0003491,3491,SUT,Non-Smoking,Near Elevator,2024-12-18
CUS0003492,3492,SUT,Non-Smoking,High Floor,2024-12-03
CUS0003493,3493,DLX,Non-Smoking,Near Elevator,2024-08-19
CUS0003494,3494,EXC,Non-Smoking,Late Check-In,2025-04-01
CUS0003495,3495,DLX,Smoking,Baby Cot,2025-12-31
CUS0003496,3496,SUP,Non-Smoking,None,2024-08-13
CUS0003497,3497,STD,Non-Smoking,Near Elevator,2026-05-04
CUS0003498,3498,DLX,Non-Smoking,High Floor,2026-05-02
CUS0003499,3499,DLX,Non-Smoking,Near Elevator,2025-09-23
CUS0003500,3500,SUP,Non-Smoking,High Floor,2025-10-28
CUS0003501,3501,EXC,Non-Smoking,None,2025-11-30
CUS0003502,3502,DLX,Non-Smoking,High Floor,2024-09-25
CUS0003503,3503,STD,Smoking,High Floor,2025-03-20
CUS0003504,3504,SUT,Non-Smoking,Baby Cot,2026-01-25
CUS0003505,3505,DLX,Smoking,High Floor,2024-08-12
CUS0003506,3506,SUT,Non-Smoking,Late Check-In,2024-10-31
CUS0003507,3507,STD,Smoking,Late Check-In,2025-05-15
CUS0003508,3508,EXC,Non-Smoking,Near Elevator,2025-04-04
CUS0003509,3509,SUT,Non-Smoking,Baby Cot,2025-11-09
CUS0003510,3510,SUT,Smoking,Near Elevator,2026-03-31
CUS0003511,3511,STD,Non-Smoking,Near Elevator,2025-07-22
CUS0003512,3512,SUT,Non-Smoking,Baby Cot,2026-05-08
CUS0003513,3513,EXC,Non-Smoking,Late Check-In,2026-02-01
CUS0003514,3514,SUP,Non-Smoking,Near Elevator,2024-12-10
CUS0003515,3515,DLX,Non-Smoking,Baby Cot,2026-05-05
CUS0003516,3516,EXC,Non-Smoking,High Floor,2025-09-28
CUS0003517,3517,DLX,Smoking,None,2024-06-20
CUS0003518,3518,SUP,Non-Smoking,None,2025-08-02
CUS0003519,3519,SUT,Non-Smoking,Late Check-In,2024-11-01
CUS0003520,3520,STD,Non-Smoking,High Floor,2025-05-24
CUS0003521,3521,EXC,Non-Smoking,Late Check-In,2024-08-03
CUS0003522,3522,EXC,Non-Smoking,High Floor,2026-01-29
CUS0003523,3523,EXC,Non-Smoking,Near Elevator,2024-09-10
CUS0003524,3524,SUT,Non-Smoking,Near Elevator,2024-09-22
CUS0003525,3525,SUT,Non-Smoking,Baby Cot,2024-08-22
CUS0003526,3526,SUT,Non-Smoking,Late Check-In,2025-07-03
CUS0003527,3527,STD,Non-Smoking,Late Check-In,2025-08-28
CUS0003528,3528,SUP,Non-Smoking,Late Check-In,2024-11-03
CUS0003529,3529,SUT,Non-Smoking,Baby Cot,2024-08-31
CUS0003530,3530,SUP,Smoking,Late Check-In,2024-12-15
CUS0003531,3531,DLX,Non-Smoking,Near Elevator,2025-09-30
CUS0003532,3532,DLX,Non-Smoking,Near Elevator,2025-01-14
CUS0003533,3533,STD,Smoking,High Floor,2025-12-03
CUS0003534,3534,DLX,Non-Smoking,Late Check-In,2025-09-17
CUS0003535,3535,EXC,Non-Smoking,High Floor,2025-02-01
CUS0003536,3536,STD,Non-Smoking,Near Elevator,2024-07-03
CUS0003537,3537,SUT,Non-Smoking,Near Elevator,2025-06-03
CUS0003538,3538,DLX,Non-Smoking,Baby Cot,2025-07-31
CUS0003539,3539,STD,Non-Smoking,None,2024-12-17
CUS0003540,3540,DLX,Smoking,Late Check-In,2025-02-02
CUS0003541,3541,EXC,Non-Smoking,High Floor,2025-05-12
CUS0003542,3542,SUP,Smoking,Near Elevator,2024-09-21
CUS0003543,3543,EXC,Non-Smoking,Late Check-In,2025-10-12
CUS0003544,3544,DLX,Non-Smoking,Baby Cot,2025-06-14
CUS0003545,3545,EXC,Smoking,None,2025-10-12
CUS0003546,3546,STD,Non-Smoking,High Floor,2026-04-13
CUS0003547,3547,EXC,Non-Smoking,Baby Cot,2024-09-16
CUS0003548,3548,DLX,Non-Smoking,None,2025-08-11
CUS0003549,3549,STD,Non-Smoking,Baby Cot,2024-10-10
CUS0003550,3550,SUT,Non-Smoking,Late Check-In,2026-03-27
CUS0003551,3551,SUP,Non-Smoking,None,2026-01-28
CUS0003552,3552,SUT,Non-Smoking,Baby Cot,2024-12-19
CUS0003553,3553,SUT,Non-Smoking,Near Elevator,2025-08-07
CUS0003554,3554,STD,Non-Smoking,Baby Cot,2025-04-25
CUS0003555,3555,SUT,Non-Smoking,Near Elevator,2026-01-04
CUS0003556,3556,STD,Smoking,Baby Cot,2026-04-30
CUS0003557,3557,EXC,Non-Smoking,Near Elevator,2024-07-30
CUS0003558,3558,DLX,Non-Smoking,Near Elevator,2026-04-14
CUS0003559,3559,EXC,Non-Smoking,Late Check-In,2025-10-23
CUS0003560,3560,STD,Non-Smoking,Late Check-In,2025-06-07
CUS0003561,3561,SUP,Non-Smoking,None,2025-09-25
CUS0003562,3562,DLX,Smoking,Late Check-In,2025-07-13
CUS0003563,3563,SUP,Smoking,Near Elevator,2026-01-26
CUS0003564,3564,STD,Smoking,Late Check-In,2024-08-15
CUS0003565,3565,EXC,Non-Smoking,Near Elevator,2025-11-03
CUS0003566,3566,DLX,Non-Smoking,None,2024-09-17
CUS0003567,3567,DLX,Non-Smoking,Late Check-In,2024-11-23
CUS0003568,3568,SUP,Smoking,High Floor,2025-06-09
CUS0003569,3569,EXC,Non-Smoking,High Floor,2025-01-07
CUS0003570,3570,SUP,Smoking,High Floor,2025-12-12
CUS0003571,3571,EXC,Non-Smoking,Baby Cot,2025-07-04
CUS0003572,3572,STD,Non-Smoking,None,2025-07-22
CUS0003573,3573,SUT,Non-Smoking,High Floor,2026-05-15
CUS0003574,3574,STD,Non-Smoking,None,2025-01-06
CUS0003575,3575,SUP,Non-Smoking,High Floor,2025-07-27
CUS0003576,3576,SUT,Non-Smoking,None,2024-11-27
CUS0003577,3577,SUP,Smoking,High Floor,2025-09-17
CUS0003578,3578,SUP,Smoking,Baby Cot,2025-04-09
CUS0003579,3579,STD,Non-Smoking,Baby Cot,2024-06-28
CUS0003580,3580,STD,Non-Smoking,Near Elevator,2025-06-11
CUS0003581,3581,STD,Smoking,Late Check-In,2025-11-12
CUS0003582,3582,EXC,Smoking,High Floor,2024-10-24
CUS0003583,3583,SUT,Smoking,High Floor,2026-01-06
CUS0003584,3584,EXC,Non-Smoking,Baby Cot,2025-12-16
CUS0003585,3585,SUT,Non-Smoking,None,2024-06-15
CUS0003586,3586,EXC,Non-Smoking,Near Elevator,2025-08-02
CUS0003587,3587,SUT,Non-Smoking,Late Check-In,2024-12-03
CUS0003588,3588,STD,Smoking,Near Elevator,2024-06-29
CUS0003589,3589,EXC,Smoking,Late Check-In,2026-02-28
CUS0003590,3590,SUP,Non-Smoking,Late Check-In,2024-05-30
CUS0003591,3591,SUP,Smoking,Near Elevator,2026-03-02
CUS0003592,3592,DLX,Non-Smoking,Late Check-In,2024-06-10
CUS0003593,3593,STD,Non-Smoking,Baby Cot,2026-02-25
CUS0003594,3594,EXC,Non-Smoking,Near Elevator,2024-08-12
CUS0003595,3595,SUT,Non-Smoking,None,2025-05-10
CUS0003596,3596,STD,Smoking,Baby Cot,2026-03-11
CUS0003597,3597,STD,Non-Smoking,High Floor,2024-10-27
CUS0003598,3598,STD,Non-Smoking,Late Check-In,2025-04-08
CUS0003599,3599,SUP,Smoking,None,2026-03-30
CUS0003600,3600,EXC,Non-Smoking,None,2025-09-08
CUS0003601,3601,SUT,Non-Smoking,High Floor,2025-05-05
CUS0003602,3602,EXC,Non-Smoking,Near Elevator,2025-10-12
CUS0003603,3603,SUP,Non-Smoking,High Floor,2024-07-15
CUS0003604,3604,EXC,Non-Smoking,None,2024-07-12
CUS0003605,3605,SUT,Non-Smoking,Baby Cot,2024-07-31
CUS0003606,3606,EXC,Non-Smoking,Near Elevator,2024-08-13
CUS0003607,3607,STD,Non-Smoking,Near Elevator,2024-07-12
CUS0003608,3608,DLX,Non-Smoking,Near Elevator,2025-05-04
CUS0003609,3609,STD,Non-Smoking,None,2025-08-30
CUS0003610,3610,STD,Non-Smoking,High Floor,2026-03-04
CUS0003611,3611,STD,Non-Smoking,Baby Cot,2025-09-13
CUS0003612,3612,SUT,Non-Smoking,Near Elevator,2025-07-17
CUS0003613,3613,DLX,Non-Smoking,High Floor,2024-12-28
CUS0003614,3614,STD,Non-Smoking,High Floor,2024-12-22
CUS0003615,3615,EXC,Non-Smoking,Late Check-In,2026-04-13
CUS0003616,3616,EXC,Non-Smoking,Near Elevator,2025-06-06
CUS0003617,3617,SUP,Smoking,High Floor,2026-01-15
CUS0003618,3618,SUT,Non-Smoking,Near Elevator,2025-01-16
CUS0003619,3619,SUP,Smoking,Late Check-In,2026-03-06
CUS0003620,3620,SUT,Non-Smoking,Near Elevator,2025-02-06
CUS0003621,3621,STD,Smoking,Baby Cot,2025-03-23
CUS0003622,3622,SUT,Non-Smoking,None,2025-07-23
CUS0003623,3623,STD,Non-Smoking,Baby Cot,2024-12-07
CUS0003624,3624,DLX,Smoking,None,2025-10-30
CUS0003625,3625,DLX,Non-Smoking,Near Elevator,2025-09-11
CUS0003626,3626,EXC,Non-Smoking,None,2025-04-13
CUS0003627,3627,SUP,Non-Smoking,Near Elevator,2025-05-02
CUS0003628,3628,SUT,Smoking,None,2025-01-21
CUS0003629,3629,SUT,Non-Smoking,High Floor,2026-03-22
CUS0003630,3630,EXC,Non-Smoking,Baby Cot,2024-06-24
CUS0003631,3631,DLX,Non-Smoking,Late Check-In,2024-07-10
CUS0003632,3632,SUT,Non-Smoking,None,2024-07-03
CUS0003633,3633,EXC,Non-Smoking,High Floor,2026-04-23
CUS0003634,3634,SUT,Smoking,Late Check-In,2025-08-02
CUS0003635,3635,EXC,Non-Smoking,Near Elevator,2024-12-30
CUS0003636,3636,SUP,Non-Smoking,Near Elevator,2025-11-07
CUS0003637,3637,DLX,Non-Smoking,Near Elevator,2025-04-04
CUS0003638,3638,EXC,Non-Smoking,Near Elevator,2025-08-12
CUS0003639,3639,EXC,Non-Smoking,High Floor,2026-03-07
CUS0003640,3640,EXC,Non-Smoking,Baby Cot,2026-05-18
CUS0003641,3641,DLX,Non-Smoking,High Floor,2024-08-01
CUS0003642,3642,SUP,Non-Smoking,None,2025-11-23
CUS0003643,3643,EXC,Non-Smoking,Near Elevator,2025-05-23
CUS0003644,3644,STD,Non-Smoking,High Floor,2025-09-22
CUS0003645,3645,EXC,Non-Smoking,Near Elevator,2025-08-18
CUS0003646,3646,DLX,Non-Smoking,None,2026-03-07
CUS0003647,3647,SUT,Non-Smoking,High Floor,2025-07-21
CUS0003648,3648,EXC,Non-Smoking,Late Check-In,2025-09-02
CUS0003649,3649,DLX,Smoking,Baby Cot,2024-09-05
CUS0003650,3650,EXC,Non-Smoking,None,2024-10-29
CUS0003651,3651,SUP,Non-Smoking,Late Check-In,2025-11-28
CUS0003652,3652,SUT,Non-Smoking,Late Check-In,2024-05-31
CUS0003653,3653,DLX,Non-Smoking,None,2025-07-20
CUS0003654,3654,DLX,Non-Smoking,High Floor,2025-11-30
CUS0003655,3655,STD,Non-Smoking,Near Elevator,2025-11-12
CUS0003656,3656,SUT,Non-Smoking,High Floor,2025-09-13
CUS0003657,3657,SUT,Non-Smoking,Baby Cot,2024-07-18
CUS0003658,3658,EXC,Non-Smoking,Near Elevator,2024-11-13
CUS0003659,3659,STD,Non-Smoking,Near Elevator,2025-11-15
CUS0003660,3660,SUP,Non-Smoking,Baby Cot,2025-04-13
CUS0003661,3661,SUP,Non-Smoking,None,2025-07-10
CUS0003662,3662,EXC,Non-Smoking,Near Elevator,2024-08-05
CUS0003663,3663,DLX,Non-Smoking,Baby Cot,2025-08-05
CUS0003664,3664,DLX,Non-Smoking,High Floor,2025-08-11
CUS0003665,3665,STD,Non-Smoking,High Floor,2025-02-03
CUS0003666,3666,STD,Non-Smoking,High Floor,2026-05-15
CUS0003667,3667,STD,Non-Smoking,Baby Cot,2025-02-25
CUS0003668,3668,DLX,Non-Smoking,Baby Cot,2025-02-17
CUS0003669,3669,SUT,Non-Smoking,None,2025-05-29
CUS0003670,3670,SUT,Non-Smoking,Late Check-In,2024-08-22
CUS0003671,3671,EXC,Non-Smoking,Late Check-In,2025-12-29
CUS0003672,3672,DLX,Non-Smoking,Near Elevator,2025-10-17
CUS0003673,3673,SUT,Non-Smoking,Near Elevator,2024-09-06
CUS0003674,3674,EXC,Smoking,High Floor,2026-01-02
CUS0003675,3675,EXC,Non-Smoking,None,2024-05-31
CUS0003676,3676,SUT,Non-Smoking,Near Elevator,2024-09-13
CUS0003677,3677,STD,Non-Smoking,Late Check-In,2026-02-21
CUS0003678,3678,SUP,Non-Smoking,None,2024-08-02
CUS0003679,3679,SUT,Non-Smoking,High Floor,2026-02-19
CUS0003680,3680,STD,Non-Smoking,Near Elevator,2025-03-04
CUS0003681,3681,SUP,Non-Smoking,Late Check-In,2024-07-21
CUS0003682,3682,SUT,Non-Smoking,Baby Cot,2026-02-07
CUS0003683,3683,SUT,Non-Smoking,Baby Cot,2025-09-07
CUS0003684,3684,DLX,Non-Smoking,Late Check-In,2025-08-19
CUS0003685,3685,EXC,Non-Smoking,Near Elevator,2025-03-13
CUS0003686,3686,EXC,Smoking,Near Elevator,2025-09-28
CUS0003687,3687,STD,Non-Smoking,None,2025-03-10
CUS0003688,3688,DLX,Non-Smoking,Late Check-In,2025-11-19
CUS0003689,3689,SUT,Non-Smoking,Near Elevator,2025-11-23
CUS0003690,3690,EXC,Non-Smoking,Near Elevator,2025-12-30
CUS0003691,3691,EXC,Non-Smoking,High Floor,2025-07-11
CUS0003692,3692,SUT,Non-Smoking,Near Elevator,2026-03-22
CUS0003693,3693,SUT,Non-Smoking,High Floor,2025-01-01
CUS0003694,3694,SUT,Non-Smoking,None,2025-02-25
CUS0003695,3695,DLX,Non-Smoking,None,2025-07-09
CUS0003696,3696,SUP,Non-Smoking,None,2025-10-23
CUS0003697,3697,STD,Smoking,High Floor,2025-09-03
CUS0003698,3698,SUT,Non-Smoking,High Floor,2024-10-27
CUS0003699,3699,DLX,Non-Smoking,Baby Cot,2025-05-08
CUS0003700,3700,SUT,Non-Smoking,Baby Cot,2025-10-24
CUS0003701,3701,SUT,Non-Smoking,Late Check-In,2026-01-19
CUS0003702,3702,STD,Smoking,Near Elevator,2024-06-25
CUS0003703,3703,EXC,Non-Smoking,Baby Cot,2026-04-28
CUS0003704,3704,STD,Non-Smoking,Baby Cot,2025-03-29
CUS0003705,3705,DLX,Non-Smoking,Near Elevator,2025-01-09
CUS0003706,3706,DLX,Non-Smoking,Late Check-In,2024-10-15
CUS0003707,3707,EXC,Smoking,None,2024-07-18
CUS0003708,3708,SUT,Non-Smoking,Late Check-In,2025-11-09
CUS0003709,3709,SUP,Non-Smoking,Baby Cot,2025-09-27
CUS0003710,3710,SUT,Non-Smoking,None,2024-09-10
CUS0003711,3711,STD,Smoking,Near Elevator,2026-03-03
CUS0003712,3712,EXC,Non-Smoking,Late Check-In,2025-11-07
CUS0003713,3713,STD,Non-Smoking,High Floor,2024-10-11
CUS0003714,3714,STD,Non-Smoking,None,2026-03-23
CUS0003715,3715,SUP,Non-Smoking,None,2025-12-29
CUS0003716,3716,DLX,Smoking,None,2024-06-08
CUS0003717,3717,SUP,Non-Smoking,Baby Cot,2025-04-07
CUS0003718,3718,DLX,Non-Smoking,Baby Cot,2024-07-06
CUS0003719,3719,DLX,Non-Smoking,None,2025-09-24
CUS0003720,3720,DLX,Non-Smoking,Baby Cot,2025-07-22
CUS0003721,3721,EXC,Non-Smoking,Baby Cot,2024-07-24
CUS0003722,3722,SUP,Non-Smoking,High Floor,2025-01-05
CUS0003723,3723,SUT,Smoking,None,2025-03-28
CUS0003724,3724,SUP,Non-Smoking,Baby Cot,2025-06-15
CUS0003725,3725,SUT,Non-Smoking,Baby Cot,2025-11-19
CUS0003726,3726,STD,Non-Smoking,None,2026-01-26
CUS0003727,3727,SUT,Non-Smoking,Late Check-In,2024-08-12
CUS0003728,3728,SUP,Non-Smoking,Late Check-In,2025-10-22
CUS0003729,3729,SUT,Non-Smoking,High Floor,2024-11-20
CUS0003730,3730,DLX,Non-Smoking,High Floor,2025-10-13
CUS0003731,3731,SUT,Non-Smoking,Late Check-In,2025-12-07
CUS0003732,3732,SUT,Non-Smoking,Near Elevator,2026-04-03
CUS0003733,3733,SUP,Non-Smoking,High Floor,2026-02-14
CUS0003734,3734,STD,Non-Smoking,Late Check-In,2024-08-06
CUS0003735,3735,SUP,Smoking,High Floor,2025-11-16
CUS0003736,3736,SUP,Smoking,Baby Cot,2024-07-16
CUS0003737,3737,SUP,Non-Smoking,Near Elevator,2025-11-19
CUS0003738,3738,STD,Non-Smoking,Near Elevator,2025-07-09
CUS0003739,3739,SUT,Non-Smoking,High Floor,2025-03-19
CUS0003740,3740,SUT,Non-Smoking,Late Check-In,2025-09-05
CUS0003741,3741,SUP,Non-Smoking,Baby Cot,2026-02-23
CUS0003742,3742,SUP,Non-Smoking,Late Check-In,2025-02-27
CUS0003743,3743,EXC,Non-Smoking,High Floor,2024-10-16
CUS0003744,3744,SUP,Non-Smoking,High Floor,2025-02-23
CUS0003745,3745,SUP,Non-Smoking,None,2026-02-28
CUS0003746,3746,STD,Non-Smoking,Near Elevator,2024-10-26
CUS0003747,3747,EXC,Non-Smoking,None,2024-08-23
CUS0003748,3748,DLX,Non-Smoking,Baby Cot,2025-06-25
CUS0003749,3749,EXC,Non-Smoking,None,2025-02-21
CUS0003750,3750,EXC,Non-Smoking,Late Check-In,2025-10-30
CUS0003751,3751,STD,Non-Smoking,Baby Cot,2025-03-01
CUS0003752,3752,SUP,Non-Smoking,High Floor,2026-03-23
CUS0003753,3753,SUT,Non-Smoking,Late Check-In,2025-12-02
CUS0003754,3754,DLX,Non-Smoking,Near Elevator,2026-02-19
CUS0003755,3755,SUP,Non-Smoking,Late Check-In,2026-04-03
CUS0003756,3756,DLX,Smoking,Near Elevator,2026-02-19
CUS0003757,3757,STD,Smoking,Near Elevator,2025-01-09
CUS0003758,3758,EXC,Non-Smoking,Near Elevator,2025-11-27
CUS0003759,3759,DLX,Non-Smoking,High Floor,2024-10-05
CUS0003760,3760,EXC,Non-Smoking,High Floor,2026-01-27
CUS0003761,3761,EXC,Non-Smoking,Near Elevator,2025-04-22
CUS0003762,3762,STD,Non-Smoking,None,2024-09-25
CUS0003763,3763,DLX,Non-Smoking,Baby Cot,2025-08-05
CUS0003764,3764,EXC,Non-Smoking,Near Elevator,2025-09-20
CUS0003765,3765,SUP,Non-Smoking,High Floor,2026-01-01
CUS0003766,3766,SUP,Non-Smoking,None,2024-09-07
CUS0003767,3767,STD,Non-Smoking,None,2025-11-28
CUS0003768,3768,SUP,Non-Smoking,Baby Cot,2025-04-27
CUS0003769,3769,SUT,Smoking,None,2025-07-29
CUS0003770,3770,SUP,Non-Smoking,None,2026-01-29
CUS0003771,3771,STD,Non-Smoking,Baby Cot,2025-10-20
CUS0003772,3772,SUT,Non-Smoking,None,2026-05-19
CUS0003773,3773,SUT,Non-Smoking,Near Elevator,2025-12-29
CUS0003774,3774,DLX,Smoking,Baby Cot,2024-07-02
CUS0003775,3775,STD,Non-Smoking,None,2025-12-09
CUS0003776,3776,SUP,Smoking,None,2025-11-29
CUS0003777,3777,SUP,Smoking,Near Elevator,2025-12-02
CUS0003778,3778,STD,Non-Smoking,None,2026-03-25
CUS0003779,3779,SUP,Non-Smoking,Near Elevator,2025-10-05
CUS0003780,3780,DLX,Non-Smoking,High Floor,2024-10-29
CUS0003781,3781,STD,Non-Smoking,Late Check-In,2026-04-04
CUS0003782,3782,EXC,Non-Smoking,Baby Cot,2025-04-11
CUS0003783,3783,STD,Non-Smoking,Late Check-In,2026-02-07
CUS0003784,3784,STD,Smoking,High Floor,2024-08-07
CUS0003785,3785,SUP,Non-Smoking,Near Elevator,2024-06-24
CUS0003786,3786,DLX,Non-Smoking,Late Check-In,2026-02-05
CUS0003787,3787,STD,Non-Smoking,Baby Cot,2025-02-06
CUS0003788,3788,STD,Non-Smoking,High Floor,2025-01-20
CUS0003789,3789,DLX,Non-Smoking,Near Elevator,2024-11-13
CUS0003790,3790,STD,Non-Smoking,None,2026-02-26
CUS0003791,3791,DLX,Non-Smoking,High Floor,2024-12-06
CUS0003792,3792,SUP,Non-Smoking,Baby Cot,2026-04-20
CUS0003793,3793,STD,Non-Smoking,Baby Cot,2024-07-02
CUS0003794,3794,SUT,Non-Smoking,None,2024-11-10
CUS0003795,3795,SUT,Non-Smoking,Baby Cot,2024-08-20
CUS0003796,3796,STD,Non-Smoking,Near Elevator,2025-10-13
CUS0003797,3797,EXC,Non-Smoking,Near Elevator,2025-05-15
CUS0003798,3798,STD,Non-Smoking,High Floor,2024-12-22
CUS0003799,3799,SUP,Non-Smoking,High Floor,2024-08-03
CUS0003800,3800,EXC,Non-Smoking,High Floor,2025-04-27
CUS0003801,3801,EXC,Non-Smoking,None,2024-10-03
CUS0003802,3802,DLX,Non-Smoking,Near Elevator,2024-06-22
CUS0003803,3803,STD,Smoking,Near Elevator,2024-08-06
CUS0003804,3804,SUT,Smoking,None,2026-03-23
CUS0003805,3805,SUT,Non-Smoking,High Floor,2024-10-13
CUS0003806,3806,SUT,Non-Smoking,Near Elevator,2025-08-06
CUS0003807,3807,DLX,Non-Smoking,Near Elevator,2025-08-16
CUS0003808,3808,EXC,Smoking,Baby Cot,2025-08-01
CUS0003809,3809,DLX,Non-Smoking,None,2024-06-06
CUS0003810,3810,STD,Non-Smoking,Near Elevator,2025-04-30
CUS0003811,3811,SUP,Non-Smoking,Near Elevator,2026-05-13
CUS0003812,3812,STD,Non-Smoking,Late Check-In,2024-05-28
CUS0003813,3813,DLX,Non-Smoking,Baby Cot,2024-07-19
CUS0003814,3814,DLX,Non-Smoking,Baby Cot,2024-07-13
CUS0003815,3815,DLX,Non-Smoking,None,2025-03-04
CUS0003816,3816,STD,Non-Smoking,High Floor,2026-02-02
CUS0003817,3817,DLX,Non-Smoking,Late Check-In,2026-05-15
CUS0003818,3818,DLX,Non-Smoking,Near Elevator,2025-08-12
CUS0003819,3819,EXC,Non-Smoking,High Floor,2024-06-01
CUS0003820,3820,DLX,Non-Smoking,Late Check-In,2025-03-31
CUS0003821,3821,DLX,Non-Smoking,Near Elevator,2025-10-16
CUS0003822,3822,STD,Non-Smoking,Near Elevator,2024-06-24
CUS0003823,3823,SUP,Smoking,Baby Cot,2025-09-11
CUS0003824,3824,SUP,Non-Smoking,None,2025-11-07
CUS0003825,3825,STD,Non-Smoking,Late Check-In,2025-04-02
CUS0003826,3826,STD,Non-Smoking,Late Check-In,2024-10-06
CUS0003827,3827,DLX,Non-Smoking,Baby Cot,2024-12-13
CUS0003828,3828,SUP,Non-Smoking,High Floor,2024-11-19
CUS0003829,3829,DLX,Non-Smoking,Near Elevator,2024-06-09
CUS0003830,3830,SUT,Non-Smoking,Late Check-In,2024-08-04
CUS0003831,3831,SUT,Non-Smoking,Baby Cot,2026-01-20
CUS0003832,3832,SUT,Non-Smoking,None,2024-05-29
CUS0003833,3833,SUT,Non-Smoking,Baby Cot,2026-04-23
CUS0003834,3834,EXC,Non-Smoking,Baby Cot,2025-03-03
CUS0003835,3835,DLX,Non-Smoking,High Floor,2025-09-27
CUS0003836,3836,DLX,Non-Smoking,Late Check-In,2025-10-01
CUS0003837,3837,DLX,Non-Smoking,High Floor,2025-09-10
CUS0003838,3838,SUP,Smoking,Late Check-In,2024-09-06
CUS0003839,3839,DLX,Non-Smoking,Late Check-In,2024-07-15
CUS0003840,3840,EXC,Non-Smoking,None,2025-05-16
CUS0003841,3841,STD,Non-Smoking,Baby Cot,2026-04-29
CUS0003842,3842,DLX,Non-Smoking,Baby Cot,2025-05-23
CUS0003843,3843,SUP,Smoking,High Floor,2026-04-23
CUS0003844,3844,SUP,Non-Smoking,Late Check-In,2025-04-12
CUS0003845,3845,SUP,Non-Smoking,Late Check-In,2024-11-23
CUS0003846,3846,SUT,Non-Smoking,Baby Cot,2025-01-24
CUS0003847,3847,STD,Non-Smoking,High Floor,2026-02-12
CUS0003848,3848,EXC,Non-Smoking,High Floor,2025-10-27
CUS0003849,3849,SUT,Non-Smoking,Late Check-In,2026-02-27
CUS0003850,3850,SUP,Non-Smoking,None,2024-10-27
CUS0003851,3851,EXC,Non-Smoking,Near Elevator,2026-05-01
CUS0003852,3852,DLX,Non-Smoking,Baby Cot,2026-01-30
CUS0003853,3853,SUT,Non-Smoking,High Floor,2025-11-04
CUS0003854,3854,DLX,Non-Smoking,Baby Cot,2026-04-26
CUS0003855,3855,SUP,Non-Smoking,Near Elevator,2025-05-11
CUS0003856,3856,DLX,Non-Smoking,Baby Cot,2024-10-09
CUS0003857,3857,STD,Non-Smoking,High Floor,2024-07-12
CUS0003858,3858,SUT,Non-Smoking,Near Elevator,2025-05-27
CUS0003859,3859,DLX,Non-Smoking,Near Elevator,2026-05-15
CUS0003860,3860,SUP,Non-Smoking,Baby Cot,2025-11-16
CUS0003861,3861,EXC,Non-Smoking,Late Check-In,2026-02-08
CUS0003862,3862,SUP,Non-Smoking,Baby Cot,2025-10-22
CUS0003863,3863,EXC,Non-Smoking,High Floor,2025-11-07
CUS0003864,3864,DLX,Non-Smoking,Near Elevator,2024-07-06
CUS0003865,3865,EXC,Non-Smoking,Late Check-In,2025-11-05
CUS0003866,3866,EXC,Non-Smoking,High Floor,2024-06-24
CUS0003867,3867,STD,Non-Smoking,Late Check-In,2026-01-01
CUS0003868,3868,EXC,Non-Smoking,Near Elevator,2025-01-10
CUS0003869,3869,SUT,Non-Smoking,High Floor,2026-02-23
CUS0003870,3870,STD,Non-Smoking,None,2024-10-06
CUS0003871,3871,DLX,Smoking,None,2025-09-17
CUS0003872,3872,SUT,Non-Smoking,Late Check-In,2025-02-18
CUS0003873,3873,SUP,Non-Smoking,Late Check-In,2025-08-10
CUS0003874,3874,STD,Smoking,Near Elevator,2024-11-12
CUS0003875,3875,EXC,Non-Smoking,Near Elevator,2024-07-15
CUS0003876,3876,SUT,Non-Smoking,High Floor,2024-12-11
CUS0003877,3877,DLX,Smoking,None,2025-07-05
CUS0003878,3878,SUP,Non-Smoking,Near Elevator,2025-03-26
CUS0003879,3879,SUT,Smoking,Baby Cot,2025-09-10
CUS0003880,3880,DLX,Non-Smoking,Baby Cot,2026-03-20
CUS0003881,3881,DLX,Smoking,High Floor,2024-10-08
CUS0003882,3882,EXC,Non-Smoking,High Floor,2025-09-29
CUS0003883,3883,DLX,Non-Smoking,Late Check-In,2025-03-02
CUS0003884,3884,EXC,Non-Smoking,Baby Cot,2025-07-31
CUS0003885,3885,SUT,Non-Smoking,Baby Cot,2026-03-30
CUS0003886,3886,STD,Non-Smoking,High Floor,2024-11-04
CUS0003887,3887,DLX,Non-Smoking,None,2025-01-05
CUS0003888,3888,SUT,Non-Smoking,Near Elevator,2024-08-26
CUS0003889,3889,DLX,Non-Smoking,Baby Cot,2025-10-15
CUS0003890,3890,EXC,Non-Smoking,Late Check-In,2024-07-01
CUS0003891,3891,DLX,Non-Smoking,Near Elevator,2024-11-22
CUS0003892,3892,DLX,Smoking,Baby Cot,2025-05-18
CUS0003893,3893,SUT,Smoking,Late Check-In,2025-11-13
CUS0003894,3894,EXC,Non-Smoking,Near Elevator,2025-07-31
CUS0003895,3895,STD,Non-Smoking,Near Elevator,2025-10-28
CUS0003896,3896,SUP,Non-Smoking,Baby Cot,2026-02-15
CUS0003897,3897,DLX,Non-Smoking,High Floor,2025-04-30
CUS0003898,3898,SUP,Non-Smoking,Late Check-In,2026-01-25
CUS0003899,3899,SUP,Non-Smoking,High Floor,2025-10-18
CUS0003900,3900,EXC,Smoking,Baby Cot,2024-05-29
CUS0003901,3901,EXC,Non-Smoking,Near Elevator,2026-04-14
CUS0003902,3902,SUP,Non-Smoking,High Floor,2024-06-12
CUS0003903,3903,STD,Non-Smoking,Near Elevator,2024-07-21
CUS0003904,3904,EXC,Non-Smoking,None,2026-05-22
CUS0003905,3905,STD,Non-Smoking,Late Check-In,2025-12-25
CUS0003906,3906,EXC,Non-Smoking,Late Check-In,2026-01-08
CUS0003907,3907,SUP,Non-Smoking,High Floor,2025-09-05
CUS0003908,3908,EXC,Non-Smoking,None,2024-09-25
CUS0003909,3909,EXC,Non-Smoking,Late Check-In,2024-12-22
CUS0003910,3910,DLX,Non-Smoking,Baby Cot,2025-10-22
CUS0003911,3911,SUT,Non-Smoking,Late Check-In,2025-05-09
CUS0003912,3912,DLX,Non-Smoking,Near Elevator,2026-01-27
CUS0003913,3913,STD,Non-Smoking,Late Check-In,2026-01-08
CUS0003914,3914,SUT,Non-Smoking,None,2025-08-15
CUS0003915,3915,SUP,Non-Smoking,Baby Cot,2026-05-12
CUS0003916,3916,EXC,Non-Smoking,High Floor,2024-07-13
CUS0003917,3917,EXC,Non-Smoking,High Floor,2024-12-30
CUS0003918,3918,SUP,Smoking,Late Check-In,2025-09-21
CUS0003919,3919,SUT,Non-Smoking,Baby Cot,2024-12-28
CUS0003920,3920,STD,Smoking,High Floor,2024-09-12
CUS0003921,3921,EXC,Smoking,High Floor,2024-06-08
CUS0003922,3922,STD,Non-Smoking,Near Elevator,2024-10-06
CUS0003923,3923,EXC,Non-Smoking,Late Check-In,2025-09-29
CUS0003924,3924,DLX,Non-Smoking,Late Check-In,2025-11-30
CUS0003925,3925,EXC,Non-Smoking,Late Check-In,2025-07-04
CUS0003926,3926,SUP,Non-Smoking,Baby Cot,2025-08-26
CUS0003927,3927,SUP,Non-Smoking,Baby Cot,2026-01-11
CUS0003928,3928,SUT,Non-Smoking,None,2025-05-03
CUS0003929,3929,EXC,Smoking,Late Check-In,2026-01-11
CUS0003930,3930,SUP,Non-Smoking,Baby Cot,2025-08-17
CUS0003931,3931,SUP,Non-Smoking,High Floor,2024-09-16
CUS0003932,3932,SUP,Smoking,Baby Cot,2026-01-07
CUS0003933,3933,SUT,Non-Smoking,Baby Cot,2025-05-10
CUS0003934,3934,SUP,Non-Smoking,Late Check-In,2024-10-26
CUS0003935,3935,EXC,Non-Smoking,None,2025-05-01
CUS0003936,3936,STD,Non-Smoking,High Floor,2024-11-23
CUS0003937,3937,SUP,Non-Smoking,Late Check-In,2025-01-14
CUS0003938,3938,STD,Non-Smoking,Baby Cot,2024-06-25
CUS0003939,3939,EXC,Non-Smoking,None,2025-08-20
CUS0003940,3940,SUP,Smoking,Late Check-In,2024-12-15
CUS0003941,3941,EXC,Non-Smoking,High Floor,2024-10-12
CUS0003942,3942,EXC,Non-Smoking,Late Check-In,2026-02-15
CUS0003943,3943,DLX,Non-Smoking,Late Check-In,2025-12-30
CUS0003944,3944,STD,Non-Smoking,Late Check-In,2025-10-18
CUS0003945,3945,STD,Smoking,Late Check-In,2024-07-03
CUS0003946,3946,SUT,Smoking,High Floor,2026-03-25
CUS0003947,3947,EXC,Non-Smoking,High Floor,2024-12-14
CUS0003948,3948,SUP,Non-Smoking,None,2025-10-16
CUS0003949,3949,DLX,Non-Smoking,Near Elevator,2025-11-01
CUS0003950,3950,SUP,Non-Smoking,Baby Cot,2025-12-01
CUS0003951,3951,SUP,Non-Smoking,High Floor,2026-03-11
CUS0003952,3952,DLX,Non-Smoking,Late Check-In,2026-01-07
CUS0003953,3953,SUT,Non-Smoking,Baby Cot,2026-01-24
CUS0003954,3954,EXC,Smoking,High Floor,2025-04-13
CUS0003955,3955,EXC,Smoking,None,2025-12-31
CUS0003956,3956,SUP,Non-Smoking,Baby Cot,2025-06-20
CUS0003957,3957,SUP,Non-Smoking,None,2025-01-31
CUS0003958,3958,EXC,Non-Smoking,None,2025-11-09
CUS0003959,3959,EXC,Non-Smoking,High Floor,2024-09-24
CUS0003960,3960,EXC,Non-Smoking,Near Elevator,2026-04-27
CUS0003961,3961,SUP,Non-Smoking,None,2025-03-16
CUS0003962,3962,STD,Smoking,Near Elevator,2026-04-08
CUS0003963,3963,SUP,Non-Smoking,None,2024-07-16
CUS0003964,3964,SUT,Smoking,Baby Cot,2025-05-09
CUS0003965,3965,SUT,Non-Smoking,Near Elevator,2024-09-03
CUS0003966,3966,SUP,Non-Smoking,Late Check-In,2025-06-05
CUS0003967,3967,SUP,Non-Smoking,Late Check-In,2025-08-11
CUS0003968,3968,DLX,Non-Smoking,Baby Cot,2024-10-17
CUS0003969,3969,EXC,Smoking,None,2024-07-28
CUS0003970,3970,SUP,Non-Smoking,Baby Cot,2026-01-09
CUS0003971,3971,STD,Non-Smoking,High Floor,2025-02-02
CUS0003972,3972,EXC,Non-Smoking,Near Elevator,2025-05-01
CUS0003973,3973,DLX,Non-Smoking,High Floor,2026-02-13
CUS0003974,3974,STD,Non-Smoking,Late Check-In,2025-03-23
CUS0003975,3975,EXC,Smoking,Near Elevator,2025-05-27
CUS0003976,3976,EXC,Non-Smoking,Baby Cot,2024-11-06
CUS0003977,3977,EXC,Non-Smoking,High Floor,2024-06-25
CUS0003978,3978,SUT,Non-Smoking,Baby Cot,2025-10-18
CUS0003979,3979,SUP,Non-Smoking,Baby Cot,2026-02-26
CUS0003980,3980,SUT,Non-Smoking,High Floor,2025-05-21
CUS0003981,3981,STD,Non-Smoking,Late Check-In,2026-01-03
CUS0003982,3982,SUP,Non-Smoking,Near Elevator,2024-08-31
CUS0003983,3983,DLX,Non-Smoking,None,2024-11-14
CUS0003984,3984,SUT,Non-Smoking,High Floor,2024-11-28
CUS0003985,3985,STD,Non-Smoking,Baby Cot,2025-09-27
CUS0003986,3986,SUP,Non-Smoking,Baby Cot,2025-03-03
CUS0003987,3987,DLX,Smoking,None,2025-07-15
CUS0003988,3988,EXC,Non-Smoking,Late Check-In,2025-08-26
CUS0003989,3989,SUT,Non-Smoking,Near Elevator,2024-10-09
CUS0003990,3990,EXC,Non-Smoking,Near Elevator,2024-12-03
CUS0003991,3991,SUP,Non-Smoking,Late Check-In,2025-04-28
CUS0003992,3992,SUP,Non-Smoking,Near Elevator,2025-05-25
CUS0003993,3993,SUP,Non-Smoking,Late Check-In,2025-07-16
CUS0003994,3994,STD,Non-Smoking,Baby Cot,2024-10-22
CUS0003995,3995,DLX,Non-Smoking,Late Check-In,2024-05-24
CUS0003996,3996,EXC,Non-Smoking,High Floor,2024-07-07
CUS0003997,3997,DLX,Non-Smoking,Baby Cot,2025-09-12
CUS0003998,3998,STD,Non-Smoking,Baby Cot,2024-10-20
CUS0003999,3999,SUP,Non-Smoking,Late Check-In,2024-12-18
CUS0004000,4000,SUT,Non-Smoking,Near Elevator,2026-01-23
CUS0004001,4001,EXC,Non-Smoking,High Floor,2025-07-23
CUS0004002,4002,SUP,Non-Smoking,High Floor,2024-08-20
CUS0004003,4003,SUP,Smoking,Late Check-In,2026-04-12
CUS0004004,4004,EXC,Non-Smoking,High Floor,2025-09-29
CUS0004005,4005,DLX,Smoking,Late Check-In,2024-07-12
CUS0004006,4006,EXC,Non-Smoking,None,2024-10-04
CUS0004007,4007,DLX,Non-Smoking,Baby Cot,2025-10-01
CUS0004008,4008,DLX,Non-Smoking,None,2026-05-17
CUS0004009,4009,SUP,Non-Smoking,Late Check-In,2025-03-14
CUS0004010,4010,DLX,Non-Smoking,Late Check-In,2025-06-19
CUS0004011,4011,SUT,Non-Smoking,High Floor,2025-04-09
CUS0004012,4012,DLX,Non-Smoking,Baby Cot,2026-04-18
CUS0004013,4013,STD,Non-Smoking,High Floor,2024-06-03
CUS0004014,4014,SUP,Non-Smoking,Near Elevator,2026-05-15
CUS0004015,4015,EXC,Non-Smoking,Baby Cot,2025-11-14
CUS0004016,4016,DLX,Non-Smoking,None,2025-07-14
CUS0004017,4017,DLX,Non-Smoking,Late Check-In,2024-08-15
CUS0004018,4018,SUT,Non-Smoking,Late Check-In,2026-03-24
CUS0004019,4019,DLX,Non-Smoking,Near Elevator,2025-06-21
CUS0004020,4020,SUT,Non-Smoking,Late Check-In,2025-11-29
CUS0004021,4021,DLX,Non-Smoking,High Floor,2025-02-07
CUS0004022,4022,SUT,Non-Smoking,Near Elevator,2024-08-09
CUS0004023,4023,DLX,Non-Smoking,Baby Cot,2025-07-10
CUS0004024,4024,EXC,Non-Smoking,Baby Cot,2024-07-27
CUS0004025,4025,SUT,Non-Smoking,High Floor,2025-06-27
CUS0004026,4026,SUT,Smoking,High Floor,2025-01-10
CUS0004027,4027,SUP,Non-Smoking,Baby Cot,2026-03-07
CUS0004028,4028,SUP,Smoking,Near Elevator,2025-04-13
CUS0004029,4029,STD,Non-Smoking,High Floor,2024-08-03
CUS0004030,4030,SUT,Non-Smoking,Baby Cot,2025-08-27
CUS0004031,4031,EXC,Non-Smoking,High Floor,2026-04-12
CUS0004032,4032,SUP,Non-Smoking,High Floor,2025-10-28
CUS0004033,4033,SUP,Smoking,High Floor,2025-01-22
CUS0004034,4034,EXC,Non-Smoking,Baby Cot,2025-06-18
CUS0004035,4035,STD,Non-Smoking,None,2025-11-03
CUS0004036,4036,SUT,Non-Smoking,High Floor,2026-03-17
CUS0004037,4037,DLX,Non-Smoking,Near Elevator,2025-12-05
CUS0004038,4038,SUP,Non-Smoking,Baby Cot,2024-06-11
CUS0004039,4039,EXC,Smoking,Late Check-In,2025-02-16
CUS0004040,4040,EXC,Smoking,None,2025-09-28
CUS0004041,4041,EXC,Non-Smoking,Late Check-In,2026-01-16
CUS0004042,4042,EXC,Non-Smoking,Late Check-In,2025-07-01
CUS0004043,4043,SUT,Smoking,Late Check-In,2025-10-06
CUS0004044,4044,SUT,Non-Smoking,Baby Cot,2025-05-06
CUS0004045,4045,SUP,Non-Smoking,Baby Cot,2025-01-23
CUS0004046,4046,SUT,Non-Smoking,Late Check-In,2026-03-11
CUS0004047,4047,SUT,Smoking,None,2025-12-01
CUS0004048,4048,EXC,Non-Smoking,Baby Cot,2025-12-09
CUS0004049,4049,SUP,Non-Smoking,None,2026-03-01
CUS0004050,4050,SUT,Smoking,None,2026-01-06
CUS0004051,4051,SUT,Non-Smoking,Near Elevator,2025-01-07
CUS0004052,4052,DLX,Non-Smoking,Late Check-In,2024-12-30
CUS0004053,4053,STD,Non-Smoking,Near Elevator,2024-07-15
CUS0004054,4054,SUT,Non-Smoking,Baby Cot,2026-03-14
CUS0004055,4055,SUT,Non-Smoking,Near Elevator,2025-03-31
CUS0004056,4056,STD,Non-Smoking,High Floor,2024-06-07
CUS0004057,4057,STD,Non-Smoking,High Floor,2025-11-08
CUS0004058,4058,EXC,Non-Smoking,Baby Cot,2026-05-23
CUS0004059,4059,STD,Non-Smoking,Near Elevator,2025-07-07
CUS0004060,4060,STD,Smoking,Late Check-In,2024-11-08
CUS0004061,4061,EXC,Non-Smoking,High Floor,2024-08-30
CUS0004062,4062,EXC,Non-Smoking,None,2026-04-12
CUS0004063,4063,DLX,Non-Smoking,Baby Cot,2026-04-04
CUS0004064,4064,STD,Non-Smoking,Baby Cot,2025-12-14
CUS0004065,4065,DLX,Non-Smoking,Late Check-In,2026-02-07
CUS0004066,4066,SUT,Non-Smoking,High Floor,2025-09-13
CUS0004067,4067,STD,Non-Smoking,Baby Cot,2026-05-16
CUS0004068,4068,SUT,Non-Smoking,Baby Cot,2026-01-10
CUS0004069,4069,SUP,Non-Smoking,None,2025-08-09
CUS0004070,4070,EXC,Non-Smoking,Baby Cot,2025-03-10
CUS0004071,4071,STD,Non-Smoking,Near Elevator,2024-07-12
CUS0004072,4072,SUT,Smoking,Late Check-In,2024-06-25
CUS0004073,4073,SUP,Non-Smoking,Late Check-In,2024-06-17
CUS0004074,4074,DLX,Smoking,Near Elevator,2026-03-22
CUS0004075,4075,SUT,Non-Smoking,Baby Cot,2025-07-17
CUS0004076,4076,DLX,Non-Smoking,None,2025-12-06
CUS0004077,4077,SUP,Non-Smoking,High Floor,2025-03-19
CUS0004078,4078,EXC,Smoking,Near Elevator,2024-05-29
CUS0004079,4079,DLX,Non-Smoking,High Floor,2026-04-24
CUS0004080,4080,EXC,Non-Smoking,Late Check-In,2026-01-23
CUS0004081,4081,STD,Non-Smoking,Late Check-In,2024-07-11
CUS0004082,4082,EXC,Non-Smoking,Baby Cot,2025-07-20
CUS0004083,4083,STD,Non-Smoking,Near Elevator,2025-09-08
CUS0004084,4084,SUT,Smoking,High Floor,2025-04-27
CUS0004085,4085,DLX,Non-Smoking,None,2024-09-25
CUS0004086,4086,SUT,Non-Smoking,Baby Cot,2024-05-30
CUS0004087,4087,DLX,Non-Smoking,Baby Cot,2025-10-08
CUS0004088,4088,EXC,Non-Smoking,Near Elevator,2025-03-08
CUS0004089,4089,SUP,Non-Smoking,Baby Cot,2025-01-21
CUS0004090,4090,EXC,Non-Smoking,Late Check-In,2025-12-12
CUS0004091,4091,SUP,Non-Smoking,Late Check-In,2025-10-12
CUS0004092,4092,DLX,Smoking,None,2025-06-14
CUS0004093,4093,STD,Smoking,None,2026-05-20
CUS0004094,4094,SUP,Non-Smoking,Late Check-In,2025-04-15
CUS0004095,4095,STD,Non-Smoking,Baby Cot,2026-04-01
CUS0004096,4096,EXC,Non-Smoking,Near Elevator,2024-06-02
CUS0004097,4097,DLX,Non-Smoking,Baby Cot,2024-06-06
CUS0004098,4098,DLX,Smoking,Late Check-In,2026-05-04
CUS0004099,4099,SUP,Non-Smoking,Near Elevator,2025-04-03
CUS0004100,4100,EXC,Non-Smoking,Late Check-In,2025-01-20
CUS0004101,4101,SUT,Non-Smoking,None,2025-12-09
CUS0004102,4102,EXC,Non-Smoking,High Floor,2024-11-07
CUS0004103,4103,EXC,Non-Smoking,Baby Cot,2024-11-24
CUS0004104,4104,STD,Non-Smoking,Near Elevator,2026-01-12
CUS0004105,4105,DLX,Non-Smoking,Baby Cot,2024-07-24
CUS0004106,4106,DLX,Non-Smoking,Baby Cot,2026-02-02
CUS0004107,4107,EXC,Non-Smoking,None,2026-04-25
CUS0004108,4108,EXC,Smoking,High Floor,2025-01-30
CUS0004109,4109,SUP,Smoking,Near Elevator,2025-01-28
CUS0004110,4110,SUP,Non-Smoking,High Floor,2024-09-18
CUS0004111,4111,STD,Non-Smoking,None,2024-08-24
CUS0004112,4112,STD,Non-Smoking,Baby Cot,2024-06-08
CUS0004113,4113,DLX,Non-Smoking,Late Check-In,2026-02-05
CUS0004114,4114,STD,Non-Smoking,Baby Cot,2026-03-04
CUS0004115,4115,SUP,Non-Smoking,Near Elevator,2025-06-16
CUS0004116,4116,EXC,Non-Smoking,High Floor,2025-11-30
CUS0004117,4117,STD,Smoking,High Floor,2026-01-26
CUS0004118,4118,SUT,Smoking,Late Check-In,2025-10-08
CUS0004119,4119,DLX,Non-Smoking,Near Elevator,2026-03-22
CUS0004120,4120,STD,Non-Smoking,High Floor,2025-11-15
CUS0004121,4121,EXC,Smoking,Baby Cot,2026-04-13
CUS0004122,4122,STD,Non-Smoking,High Floor,2025-07-21
CUS0004123,4123,DLX,Smoking,Near Elevator,2024-12-16
CUS0004124,4124,EXC,Smoking,Baby Cot,2024-10-27
CUS0004125,4125,EXC,Non-Smoking,Baby Cot,2026-05-11
CUS0004126,4126,EXC,Non-Smoking,High Floor,2024-10-17
CUS0004127,4127,SUT,Non-Smoking,None,2026-02-06
CUS0004128,4128,DLX,Non-Smoking,None,2024-12-15
CUS0004129,4129,SUP,Non-Smoking,Near Elevator,2025-07-27
CUS0004130,4130,EXC,Smoking,Late Check-In,2025-04-18
CUS0004131,4131,SUP,Smoking,Baby Cot,2024-10-03
CUS0004132,4132,EXC,Non-Smoking,Late Check-In,2025-05-29
CUS0004133,4133,SUP,Non-Smoking,Near Elevator,2026-03-05
CUS0004134,4134,STD,Non-Smoking,Late Check-In,2025-07-01
CUS0004135,4135,DLX,Non-Smoking,Late Check-In,2026-02-02
CUS0004136,4136,EXC,Non-Smoking,None,2024-10-11
CUS0004137,4137,EXC,Non-Smoking,Baby Cot,2024-10-28
CUS0004138,4138,DLX,Non-Smoking,Near Elevator,2025-11-06
CUS0004139,4139,SUP,Smoking,None,2025-08-13
CUS0004140,4140,DLX,Non-Smoking,High Floor,2025-06-24
CUS0004141,4141,STD,Non-Smoking,Late Check-In,2025-09-13
CUS0004142,4142,SUT,Non-Smoking,High Floor,2025-01-26
CUS0004143,4143,DLX,Non-Smoking,Late Check-In,2026-05-22
CUS0004144,4144,STD,Non-Smoking,Baby Cot,2025-08-04
CUS0004145,4145,STD,Non-Smoking,Late Check-In,2025-09-07
CUS0004146,4146,EXC,Non-Smoking,High Floor,2025-04-30
CUS0004147,4147,SUP,Non-Smoking,Late Check-In,2025-05-31
CUS0004148,4148,SUP,Non-Smoking,None,2026-04-23
CUS0004149,4149,STD,Non-Smoking,Near Elevator,2026-01-27
CUS0004150,4150,SUP,Non-Smoking,Late Check-In,2025-02-03
CUS0004151,4151,SUP,Non-Smoking,Baby Cot,2026-04-04
CUS0004152,4152,EXC,Smoking,None,2025-07-07
CUS0004153,4153,SUT,Non-Smoking,None,2024-05-26
CUS0004154,4154,SUP,Non-Smoking,Late Check-In,2025-12-13
CUS0004155,4155,DLX,Non-Smoking,Baby Cot,2025-05-30
CUS0004156,4156,SUP,Smoking,Late Check-In,2026-05-21
CUS0004157,4157,SUT,Non-Smoking,Near Elevator,2024-10-24
CUS0004158,4158,EXC,Non-Smoking,Baby Cot,2025-05-14
CUS0004159,4159,DLX,Smoking,None,2025-03-28
CUS0004160,4160,EXC,Non-Smoking,Late Check-In,2024-08-19
CUS0004161,4161,DLX,Smoking,High Floor,2024-06-27
CUS0004162,4162,DLX,Non-Smoking,None,2025-11-12
CUS0004163,4163,SUP,Non-Smoking,None,2025-07-12
CUS0004164,4164,EXC,Non-Smoking,Late Check-In,2024-07-09
CUS0004165,4165,SUT,Non-Smoking,Baby Cot,2024-06-26
CUS0004166,4166,SUT,Smoking,Near Elevator,2025-11-28
CUS0004167,4167,STD,Non-Smoking,Near Elevator,2025-06-12
CUS0004168,4168,SUT,Non-Smoking,Late Check-In,2025-11-30
CUS0004169,4169,SUP,Smoking,None,2025-11-25
CUS0004170,4170,SUT,Non-Smoking,Baby Cot,2024-11-21
CUS0004171,4171,SUT,Smoking,Near Elevator,2025-11-07
CUS0004172,4172,DLX,Non-Smoking,Baby Cot,2025-12-21
CUS0004173,4173,DLX,Smoking,High Floor,2025-04-01
CUS0004174,4174,DLX,Non-Smoking,Baby Cot,2025-01-12
CUS0004175,4175,DLX,Non-Smoking,High Floor,2024-06-25
CUS0004176,4176,DLX,Non-Smoking,Near Elevator,2025-06-29
CUS0004177,4177,EXC,Non-Smoking,None,2025-08-13
CUS0004178,4178,DLX,Non-Smoking,Near Elevator,2026-02-14
CUS0004179,4179,STD,Non-Smoking,Late Check-In,2024-08-26
CUS0004180,4180,STD,Non-Smoking,Late Check-In,2026-03-28
CUS0004181,4181,SUP,Non-Smoking,None,2024-12-06
CUS0004182,4182,SUP,Non-Smoking,Near Elevator,2024-11-17
CUS0004183,4183,SUT,Non-Smoking,Late Check-In,2026-04-06
CUS0004184,4184,DLX,Non-Smoking,None,2026-02-07
CUS0004185,4185,STD,Non-Smoking,None,2026-03-20
CUS0004186,4186,DLX,Smoking,None,2024-09-24
CUS0004187,4187,DLX,Non-Smoking,Near Elevator,2026-04-06
CUS0004188,4188,SUT,Smoking,None,2024-09-23
CUS0004189,4189,SUP,Non-Smoking,None,2025-02-21
CUS0004190,4190,DLX,Non-Smoking,Near Elevator,2024-11-07
CUS0004191,4191,EXC,Non-Smoking,None,2026-03-11
CUS0004192,4192,SUT,Non-Smoking,Near Elevator,2025-02-11
CUS0004193,4193,EXC,Non-Smoking,Late Check-In,2025-03-19
CUS0004194,4194,STD,Smoking,Near Elevator,2025-03-13
CUS0004195,4195,EXC,Smoking,None,2025-07-12
CUS0004196,4196,SUT,Non-Smoking,Late Check-In,2025-01-06
CUS0004197,4197,SUT,Non-Smoking,Baby Cot,2025-09-26
CUS0004198,4198,DLX,Smoking,Baby Cot,2026-03-14
CUS0004199,4199,EXC,Non-Smoking,Baby Cot,2025-01-19
CUS0004200,4200,EXC,Non-Smoking,Late Check-In,2025-02-28
CUS0004201,4201,DLX,Non-Smoking,Baby Cot,2024-12-02
CUS0004202,4202,DLX,Smoking,High Floor,2025-06-01
CUS0004203,4203,EXC,Non-Smoking,Near Elevator,2026-02-05
CUS0004204,4204,DLX,Non-Smoking,Late Check-In,2026-01-23
CUS0004205,4205,EXC,Non-Smoking,Near Elevator,2025-07-03
CUS0004206,4206,STD,Non-Smoking,Late Check-In,2025-01-24
CUS0004207,4207,STD,Non-Smoking,Near Elevator,2026-04-15
CUS0004208,4208,DLX,Non-Smoking,Late Check-In,2024-12-30
CUS0004209,4209,EXC,Non-Smoking,High Floor,2024-06-09
CUS0004210,4210,DLX,Non-Smoking,None,2025-05-05
CUS0004211,4211,SUT,Non-Smoking,Near Elevator,2025-06-13
CUS0004212,4212,SUP,Non-Smoking,Late Check-In,2026-02-23
CUS0004213,4213,STD,Non-Smoking,Late Check-In,2025-03-29
CUS0004214,4214,STD,Non-Smoking,Near Elevator,2025-03-12
CUS0004215,4215,SUT,Non-Smoking,None,2025-11-13
CUS0004216,4216,SUP,Non-Smoking,Near Elevator,2025-02-06
CUS0004217,4217,SUT,Non-Smoking,High Floor,2025-10-10
CUS0004218,4218,STD,Non-Smoking,High Floor,2024-10-04
CUS0004219,4219,STD,Non-Smoking,Near Elevator,2026-03-26
CUS0004220,4220,SUP,Non-Smoking,High Floor,2026-05-23
CUS0004221,4221,STD,Non-Smoking,Near Elevator,2024-07-14
CUS0004222,4222,SUP,Non-Smoking,Late Check-In,2026-01-13
CUS0004223,4223,SUP,Non-Smoking,Near Elevator,2025-12-17
CUS0004224,4224,SUP,Non-Smoking,Baby Cot,2025-03-19
CUS0004225,4225,SUP,Smoking,High Floor,2024-12-26
CUS0004226,4226,SUT,Non-Smoking,Near Elevator,2025-08-24
CUS0004227,4227,EXC,Non-Smoking,Near Elevator,2025-02-20
CUS0004228,4228,STD,Non-Smoking,High Floor,2024-06-25
CUS0004229,4229,SUT,Non-Smoking,High Floor,2025-12-22
CUS0004230,4230,STD,Non-Smoking,None,2025-03-21
CUS0004231,4231,SUP,Non-Smoking,None,2025-08-30
CUS0004232,4232,SUP,Non-Smoking,High Floor,2025-04-09
CUS0004233,4233,SUP,Smoking,None,2025-01-24
CUS0004234,4234,EXC,Smoking,None,2025-01-26
CUS0004235,4235,EXC,Non-Smoking,Late Check-In,2025-04-24
CUS0004236,4236,EXC,Non-Smoking,None,2026-04-10
CUS0004237,4237,SUT,Non-Smoking,Baby Cot,2025-01-05
CUS0004238,4238,DLX,Non-Smoking,High Floor,2025-12-16
CUS0004239,4239,SUP,Non-Smoking,High Floor,2025-01-14
CUS0004240,4240,DLX,Non-Smoking,None,2025-08-19
CUS0004241,4241,EXC,Non-Smoking,Near Elevator,2025-05-10
CUS0004242,4242,DLX,Non-Smoking,Near Elevator,2024-12-22
CUS0004243,4243,EXC,Smoking,Near Elevator,2024-11-18
CUS0004244,4244,EXC,Non-Smoking,High Floor,2025-10-19
CUS0004245,4245,SUP,Non-Smoking,None,2025-03-06
CUS0004246,4246,SUP,Non-Smoking,Near Elevator,2024-08-26
CUS0004247,4247,EXC,Non-Smoking,None,2024-06-07
CUS0004248,4248,DLX,Smoking,High Floor,2024-08-23
CUS0004249,4249,SUT,Non-Smoking,Baby Cot,2026-03-26
CUS0004250,4250,SUP,Non-Smoking,Late Check-In,2024-12-03
CUS0004251,4251,DLX,Non-Smoking,Late Check-In,2024-11-12
CUS0004252,4252,DLX,Non-Smoking,Late Check-In,2026-01-18
CUS0004253,4253,DLX,Non-Smoking,High Floor,2024-07-07
CUS0004254,4254,DLX,Non-Smoking,None,2025-08-22
CUS0004255,4255,SUT,Smoking,High Floor,2025-03-28
CUS0004256,4256,STD,Non-Smoking,Late Check-In,2025-04-06
CUS0004257,4257,STD,Non-Smoking,Late Check-In,2026-04-29
CUS0004258,4258,EXC,Smoking,High Floor,2026-01-04
CUS0004259,4259,SUP,Non-Smoking,None,2025-06-06
CUS0004260,4260,SUT,Non-Smoking,Late Check-In,2025-04-25
CUS0004261,4261,SUP,Non-Smoking,Baby Cot,2025-03-12
CUS0004262,4262,EXC,Non-Smoking,Late Check-In,2025-05-16
CUS0004263,4263,DLX,Non-Smoking,Late Check-In,2024-12-26
CUS0004264,4264,SUT,Non-Smoking,High Floor,2025-03-10
CUS0004265,4265,SUT,Non-Smoking,None,2024-08-30
CUS0004266,4266,EXC,Non-Smoking,High Floor,2025-06-20
CUS0004267,4267,EXC,Non-Smoking,Near Elevator,2026-04-27
CUS0004268,4268,SUP,Non-Smoking,None,2025-06-08
CUS0004269,4269,STD,Non-Smoking,None,2025-05-30
CUS0004270,4270,EXC,Smoking,Near Elevator,2024-11-23
CUS0004271,4271,SUT,Smoking,None,2024-09-20
CUS0004272,4272,DLX,Non-Smoking,Near Elevator,2025-11-21
CUS0004273,4273,EXC,Non-Smoking,High Floor,2026-05-03
CUS0004274,4274,SUP,Non-Smoking,None,2024-05-24
CUS0004275,4275,STD,Non-Smoking,Near Elevator,2025-09-12
CUS0004276,4276,STD,Smoking,Late Check-In,2026-01-17
CUS0004277,4277,STD,Non-Smoking,High Floor,2026-03-03
CUS0004278,4278,STD,Non-Smoking,Baby Cot,2026-04-13
CUS0004279,4279,SUT,Smoking,None,2026-02-19
CUS0004280,4280,SUT,Non-Smoking,Late Check-In,2025-04-05
CUS0004281,4281,DLX,Non-Smoking,High Floor,2024-08-29
CUS0004282,4282,SUP,Non-Smoking,None,2024-10-09
CUS0004283,4283,SUP,Non-Smoking,None,2025-09-02
CUS0004284,4284,EXC,Non-Smoking,High Floor,2025-06-22
CUS0004285,4285,SUT,Non-Smoking,High Floor,2024-08-18
CUS0004286,4286,SUP,Non-Smoking,None,2026-05-06
CUS0004287,4287,DLX,Non-Smoking,Near Elevator,2025-09-08
CUS0004288,4288,EXC,Non-Smoking,High Floor,2024-10-27
CUS0004289,4289,SUP,Non-Smoking,Late Check-In,2025-10-06
CUS0004290,4290,EXC,Non-Smoking,None,2026-03-04
CUS0004291,4291,STD,Non-Smoking,Baby Cot,2025-07-15
CUS0004292,4292,STD,Non-Smoking,Near Elevator,2026-01-11
CUS0004293,4293,STD,Non-Smoking,High Floor,2025-07-11
CUS0004294,4294,SUT,Non-Smoking,None,2025-08-11
CUS0004295,4295,DLX,Non-Smoking,Baby Cot,2025-01-12
CUS0004296,4296,DLX,Non-Smoking,Late Check-In,2025-10-22
CUS0004297,4297,STD,Non-Smoking,Near Elevator,2025-01-18
CUS0004298,4298,SUP,Non-Smoking,Late Check-In,2025-04-17
CUS0004299,4299,EXC,Non-Smoking,Baby Cot,2025-08-14
CUS0004300,4300,EXC,Non-Smoking,Baby Cot,2024-07-03
CUS0004301,4301,EXC,Non-Smoking,High Floor,2026-03-28
CUS0004302,4302,STD,Non-Smoking,Near Elevator,2024-06-02
CUS0004303,4303,STD,Non-Smoking,High Floor,2026-04-29
CUS0004304,4304,STD,Non-Smoking,None,2024-05-28
CUS0004305,4305,EXC,Non-Smoking,Baby Cot,2025-10-26
CUS0004306,4306,STD,Non-Smoking,Late Check-In,2025-01-27
CUS0004307,4307,EXC,Non-Smoking,Late Check-In,2025-08-08
CUS0004308,4308,STD,Smoking,Baby Cot,2025-12-12
CUS0004309,4309,DLX,Non-Smoking,Baby Cot,2026-05-07
CUS0004310,4310,SUP,Non-Smoking,Late Check-In,2025-09-01
CUS0004311,4311,SUP,Non-Smoking,Late Check-In,2024-10-28
CUS0004312,4312,SUP,Non-Smoking,Baby Cot,2026-03-02
CUS0004313,4313,SUP,Non-Smoking,High Floor,2025-11-13
CUS0004314,4314,SUP,Smoking,Baby Cot,2025-11-14
CUS0004315,4315,STD,Non-Smoking,Near Elevator,2025-04-29
CUS0004316,4316,STD,Non-Smoking,Near Elevator,2026-04-01
CUS0004317,4317,SUP,Smoking,Late Check-In,2026-01-18
CUS0004318,4318,EXC,Non-Smoking,None,2025-04-16
CUS0004319,4319,EXC,Non-Smoking,Baby Cot,2024-10-29
CUS0004320,4320,STD,Non-Smoking,None,2025-09-02
CUS0004321,4321,DLX,Non-Smoking,Late Check-In,2024-11-26
CUS0004322,4322,SUT,Non-Smoking,Near Elevator,2025-02-05
CUS0004323,4323,EXC,Smoking,Near Elevator,2025-04-18
CUS0004324,4324,SUP,Non-Smoking,Baby Cot,2025-02-14
CUS0004325,4325,EXC,Non-Smoking,High Floor,2024-08-03
CUS0004326,4326,DLX,Non-Smoking,Late Check-In,2026-03-31
CUS0004327,4327,STD,Non-Smoking,High Floor,2025-07-09
CUS0004328,4328,SUP,Non-Smoking,Baby Cot,2024-07-20
CUS0004329,4329,EXC,Non-Smoking,Near Elevator,2026-02-22
CUS0004330,4330,SUT,Non-Smoking,None,2025-11-05
CUS0004331,4331,DLX,Smoking,Baby Cot,2024-08-17
CUS0004332,4332,STD,Non-Smoking,High Floor,2025-09-24
CUS0004333,4333,SUP,Non-Smoking,Late Check-In,2025-04-21
CUS0004334,4334,DLX,Non-Smoking,Late Check-In,2026-03-28
CUS0004335,4335,DLX,Non-Smoking,Late Check-In,2024-09-22
CUS0004336,4336,EXC,Non-Smoking,Near Elevator,2025-08-31
CUS0004337,4337,EXC,Non-Smoking,Late Check-In,2025-12-28
CUS0004338,4338,EXC,Non-Smoking,None,2025-03-13
CUS0004339,4339,SUP,Non-Smoking,Baby Cot,2025-12-08
CUS0004340,4340,SUT,Smoking,Near Elevator,2024-12-20
CUS0004341,4341,SUT,Non-Smoking,Near Elevator,2024-12-18
CUS0004342,4342,SUP,Smoking,Baby Cot,2026-02-12
CUS0004343,4343,DLX,Non-Smoking,Late Check-In,2026-04-02
CUS0004344,4344,SUT,Non-Smoking,Baby Cot,2026-03-17
CUS0004345,4345,EXC,Non-Smoking,High Floor,2024-08-15
CUS0004346,4346,SUT,Non-Smoking,None,2025-11-30
CUS0004347,4347,STD,Non-Smoking,Baby Cot,2024-08-11
CUS0004348,4348,SUP,Smoking,None,2025-02-11
CUS0004349,4349,STD,Non-Smoking,Baby Cot,2026-01-19
CUS0004350,4350,SUT,Non-Smoking,Late Check-In,2025-12-05
CUS0004351,4351,SUP,Non-Smoking,Near Elevator,2026-01-27
CUS0004352,4352,EXC,Non-Smoking,None,2025-07-22
CUS0004353,4353,SUP,Non-Smoking,High Floor,2024-07-31
CUS0004354,4354,STD,Non-Smoking,High Floor,2024-10-16
CUS0004355,4355,SUP,Non-Smoking,High Floor,2025-11-14
CUS0004356,4356,DLX,Non-Smoking,Baby Cot,2024-12-28
CUS0004357,4357,STD,Non-Smoking,Near Elevator,2024-09-26
CUS0004358,4358,DLX,Smoking,Near Elevator,2026-01-24
CUS0004359,4359,SUT,Non-Smoking,None,2026-05-12
CUS0004360,4360,SUT,Non-Smoking,High Floor,2025-04-06
CUS0004361,4361,STD,Smoking,None,2025-11-10
CUS0004362,4362,SUT,Non-Smoking,Baby Cot,2025-12-27
CUS0004363,4363,EXC,Non-Smoking,High Floor,2025-03-31
CUS0004364,4364,STD,Non-Smoking,High Floor,2025-09-15
CUS0004365,4365,SUP,Non-Smoking,None,2026-02-17
CUS0004366,4366,SUT,Non-Smoking,Late Check-In,2026-05-12
CUS0004367,4367,DLX,Non-Smoking,None,2025-06-13
CUS0004368,4368,SUP,Non-Smoking,Late Check-In,2025-08-05
CUS0004369,4369,SUP,Smoking,None,2024-09-20
CUS0004370,4370,SUT,Non-Smoking,None,2025-07-23
CUS0004371,4371,STD,Smoking,None,2025-04-06
CUS0004372,4372,DLX,Non-Smoking,Late Check-In,2025-09-11
CUS0004373,4373,SUP,Non-Smoking,Late Check-In,2026-01-14
CUS0004374,4374,STD,Non-Smoking,Baby Cot,2025-12-20
CUS0004375,4375,STD,Non-Smoking,High Floor,2024-08-22
CUS0004376,4376,STD,Smoking,High Floor,2024-10-25
CUS0004377,4377,SUT,Smoking,Near Elevator,2025-06-29
CUS0004378,4378,SUT,Non-Smoking,Baby Cot,2025-06-30
CUS0004379,4379,EXC,Non-Smoking,High Floor,2025-08-31
CUS0004380,4380,EXC,Non-Smoking,None,2025-09-05
CUS0004381,4381,STD,Smoking,Late Check-In,2025-07-02
CUS0004382,4382,SUT,Smoking,Near Elevator,2025-06-11
CUS0004383,4383,SUP,Non-Smoking,None,2024-11-24
CUS0004384,4384,EXC,Non-Smoking,Late Check-In,2025-01-03
CUS0004385,4385,SUP,Smoking,High Floor,2025-08-17
CUS0004386,4386,SUP,Non-Smoking,None,2025-10-24
CUS0004387,4387,DLX,Non-Smoking,None,2026-02-01
CUS0004388,4388,DLX,Non-Smoking,Baby Cot,2024-06-07
CUS0004389,4389,DLX,Non-Smoking,None,2025-05-17
CUS0004390,4390,STD,Non-Smoking,None,2025-05-22
CUS0004391,4391,STD,Non-Smoking,Baby Cot,2026-03-16
CUS0004392,4392,DLX,Non-Smoking,High Floor,2025-04-30
CUS0004393,4393,SUT,Non-Smoking,Near Elevator,2024-07-02
CUS0004394,4394,STD,Smoking,Late Check-In,2024-11-01
CUS0004395,4395,EXC,Non-Smoking,None,2025-03-04
CUS0004396,4396,EXC,Smoking,None,2025-12-24
CUS0004397,4397,SUP,Non-Smoking,High Floor,2024-06-28
CUS0004398,4398,DLX,Non-Smoking,Near Elevator,2025-03-17
CUS0004399,4399,EXC,Non-Smoking,Baby Cot,2025-08-01
CUS0004400,4400,SUP,Smoking,Near Elevator,2024-10-06
CUS0004401,4401,EXC,Non-Smoking,Near Elevator,2025-05-03
CUS0004402,4402,EXC,Non-Smoking,Near Elevator,2025-08-20
CUS0004403,4403,SUP,Non-Smoking,Near Elevator,2025-09-24
CUS0004404,4404,SUP,Non-Smoking,Baby Cot,2024-11-26
CUS0004405,4405,SUP,Non-Smoking,Near Elevator,2025-07-27
CUS0004406,4406,DLX,Non-Smoking,Baby Cot,2025-02-06
CUS0004407,4407,SUP,Non-Smoking,Baby Cot,2026-01-19
CUS0004408,4408,EXC,Non-Smoking,High Floor,2025-10-25
CUS0004409,4409,DLX,Non-Smoking,None,2025-06-12
CUS0004410,4410,STD,Non-Smoking,None,2025-11-12
CUS0004411,4411,STD,Smoking,Baby Cot,2026-04-23
CUS0004412,4412,EXC,Non-Smoking,Near Elevator,2025-09-15
CUS0004413,4413,STD,Non-Smoking,Late Check-In,2025-06-24
CUS0004414,4414,EXC,Non-Smoking,None,2025-01-03
CUS0004415,4415,DLX,Smoking,High Floor,2024-10-30
CUS0004416,4416,SUP,Non-Smoking,None,2024-10-04
CUS0004417,4417,STD,Non-Smoking,Near Elevator,2024-08-24
CUS0004418,4418,SUT,Non-Smoking,None,2024-09-22
CUS0004419,4419,DLX,Non-Smoking,None,2024-08-13
CUS0004420,4420,EXC,Non-Smoking,Baby Cot,2024-08-15
CUS0004421,4421,EXC,Non-Smoking,Near Elevator,2024-11-22
CUS0004422,4422,SUT,Smoking,High Floor,2024-05-25
CUS0004423,4423,STD,Non-Smoking,High Floor,2025-02-13
CUS0004424,4424,SUT,Non-Smoking,None,2025-09-05
CUS0004425,4425,SUT,Non-Smoking,None,2025-03-24
CUS0004426,4426,EXC,Non-Smoking,None,2025-08-15
CUS0004427,4427,SUT,Non-Smoking,High Floor,2024-09-18
CUS0004428,4428,EXC,Non-Smoking,High Floor,2025-01-22
CUS0004429,4429,SUT,Non-Smoking,None,2026-03-22
CUS0004430,4430,DLX,Non-Smoking,None,2025-12-15
CUS0004431,4431,STD,Non-Smoking,None,2024-08-26
CUS0004432,4432,STD,Non-Smoking,Near Elevator,2024-07-18
CUS0004433,4433,DLX,Non-Smoking,Late Check-In,2025-09-13
CUS0004434,4434,STD,Non-Smoking,Baby Cot,2025-06-25
CUS0004435,4435,DLX,Non-Smoking,Late Check-In,2024-09-04
CUS0004436,4436,EXC,Non-Smoking,High Floor,2025-07-17
CUS0004437,4437,SUT,Non-Smoking,Baby Cot,2026-01-09
CUS0004438,4438,EXC,Non-Smoking,Near Elevator,2025-01-07
CUS0004439,4439,SUT,Smoking,Late Check-In,2025-02-07
CUS0004440,4440,DLX,Non-Smoking,Near Elevator,2025-09-29
CUS0004441,4441,STD,Non-Smoking,None,2024-09-13
CUS0004442,4442,STD,Smoking,High Floor,2024-09-06
CUS0004443,4443,EXC,Non-Smoking,None,2025-07-01
CUS0004444,4444,SUP,Non-Smoking,Near Elevator,2025-01-01
CUS0004445,4445,SUT,Non-Smoking,Baby Cot,2025-10-29
CUS0004446,4446,DLX,Non-Smoking,Baby Cot,2025-08-15
CUS0004447,4447,STD,Non-Smoking,None,2024-12-21
CUS0004448,4448,SUT,Non-Smoking,Near Elevator,2025-06-08
CUS0004449,4449,SUP,Non-Smoking,High Floor,2024-08-05
CUS0004450,4450,DLX,Non-Smoking,High Floor,2025-03-17
CUS0004451,4451,SUP,Non-Smoking,High Floor,2025-10-06
CUS0004452,4452,SUT,Non-Smoking,Near Elevator,2026-02-16
CUS0004453,4453,SUP,Non-Smoking,Baby Cot,2024-12-06
CUS0004454,4454,DLX,Non-Smoking,None,2024-05-31
CUS0004455,4455,SUP,Smoking,Late Check-In,2026-05-23
CUS0004456,4456,STD,Non-Smoking,High Floor,2025-06-23
CUS0004457,4457,STD,Non-Smoking,High Floor,2025-10-27
CUS0004458,4458,DLX,Non-Smoking,None,2026-02-27
CUS0004459,4459,STD,Non-Smoking,High Floor,2024-09-22
CUS0004460,4460,DLX,Non-Smoking,Baby Cot,2025-05-06
CUS0004461,4461,EXC,Non-Smoking,Baby Cot,2025-11-18
CUS0004462,4462,SUP,Smoking,Near Elevator,2026-02-19
CUS0004463,4463,SUP,Non-Smoking,Baby Cot,2025-01-12
CUS0004464,4464,SUT,Non-Smoking,Near Elevator,2024-06-07
CUS0004465,4465,SUP,Non-Smoking,Late Check-In,2024-12-30
CUS0004466,4466,DLX,Non-Smoking,Late Check-In,2024-05-30
CUS0004467,4467,SUP,Non-Smoking,High Floor,2025-06-24
CUS0004468,4468,SUP,Non-Smoking,Near Elevator,2025-05-22
CUS0004469,4469,EXC,Non-Smoking,Late Check-In,2026-05-12
CUS0004470,4470,DLX,Non-Smoking,Late Check-In,2026-04-23
CUS0004471,4471,SUP,Non-Smoking,Baby Cot,2024-08-14
CUS0004472,4472,STD,Non-Smoking,Near Elevator,2024-12-27
CUS0004473,4473,EXC,Non-Smoking,Baby Cot,2025-12-01
CUS0004474,4474,DLX,Non-Smoking,Baby Cot,2026-04-30
CUS0004475,4475,DLX,Non-Smoking,Near Elevator,2025-01-09
CUS0004476,4476,SUP,Smoking,Baby Cot,2024-09-14
CUS0004477,4477,DLX,Non-Smoking,High Floor,2025-05-04
CUS0004478,4478,SUP,Non-Smoking,None,2025-02-13
CUS0004479,4479,DLX,Non-Smoking,High Floor,2024-06-09
CUS0004480,4480,EXC,Non-Smoking,None,2025-07-12
CUS0004481,4481,EXC,Non-Smoking,None,2026-03-07
CUS0004482,4482,DLX,Non-Smoking,High Floor,2024-06-06
CUS0004483,4483,SUT,Non-Smoking,Near Elevator,2025-03-18
CUS0004484,4484,STD,Non-Smoking,Late Check-In,2026-02-22
CUS0004485,4485,DLX,Non-Smoking,Near Elevator,2024-10-03
CUS0004486,4486,EXC,Non-Smoking,None,2026-01-14
CUS0004487,4487,STD,Non-Smoking,None,2024-06-22
CUS0004488,4488,SUP,Non-Smoking,Near Elevator,2026-01-14
CUS0004489,4489,DLX,Non-Smoking,Near Elevator,2025-11-12
CUS0004490,4490,SUP,Non-Smoking,None,2026-01-25
CUS0004491,4491,STD,Non-Smoking,Late Check-In,2025-10-18
CUS0004492,4492,DLX,Smoking,None,2026-01-27
CUS0004493,4493,EXC,Non-Smoking,Late Check-In,2026-04-10
CUS0004494,4494,DLX,Non-Smoking,High Floor,2025-08-08
CUS0004495,4495,DLX,Non-Smoking,Near Elevator,2024-06-19
CUS0004496,4496,STD,Non-Smoking,Near Elevator,2024-10-24
CUS0004497,4497,STD,Non-Smoking,High Floor,2026-02-26
CUS0004498,4498,EXC,Smoking,Near Elevator,2025-11-29
CUS0004499,4499,STD,Non-Smoking,High Floor,2025-01-04
CUS0004500,4500,STD,Non-Smoking,High Floor,2025-12-09
CUS0004501,4501,SUP,Non-Smoking,Baby Cot,2025-02-05
CUS0004502,4502,EXC,Non-Smoking,Baby Cot,2024-10-18
CUS0004503,4503,EXC,Non-Smoking,Baby Cot,2024-07-29
CUS0004504,4504,EXC,Non-Smoking,None,2025-01-16
CUS0004505,4505,DLX,Non-Smoking,Baby Cot,2026-03-25
CUS0004506,4506,DLX,Smoking,High Floor,2025-01-26
CUS0004507,4507,EXC,Non-Smoking,Baby Cot,2024-08-28
CUS0004508,4508,DLX,Non-Smoking,Near Elevator,2024-12-22
CUS0004509,4509,STD,Non-Smoking,Late Check-In,2024-09-03
CUS0004510,4510,SUP,Non-Smoking,None,2024-07-20
CUS0004511,4511,DLX,Non-Smoking,High Floor,2025-09-19
CUS0004512,4512,DLX,Non-Smoking,High Floor,2025-11-30
CUS0004513,4513,SUP,Non-Smoking,None,2025-10-04
CUS0004514,4514,SUP,Non-Smoking,Baby Cot,2025-06-21
CUS0004515,4515,DLX,Non-Smoking,High Floor,2025-06-18
CUS0004516,4516,EXC,Non-Smoking,Near Elevator,2025-02-13
CUS0004517,4517,SUP,Non-Smoking,Baby Cot,2026-02-16
CUS0004518,4518,SUT,Non-Smoking,None,2024-10-04
CUS0004519,4519,SUT,Non-Smoking,High Floor,2026-03-17
CUS0004520,4520,STD,Non-Smoking,Near Elevator,2024-10-02
CUS0004521,4521,SUT,Non-Smoking,Baby Cot,2025-11-09
CUS0004522,4522,DLX,Non-Smoking,Late Check-In,2025-09-02
CUS0004523,4523,EXC,Non-Smoking,High Floor,2026-05-03
CUS0004524,4524,SUP,Non-Smoking,Baby Cot,2025-08-24
CUS0004525,4525,EXC,Non-Smoking,High Floor,2025-06-03
CUS0004526,4526,DLX,Non-Smoking,Baby Cot,2025-04-19
CUS0004527,4527,DLX,Smoking,Late Check-In,2024-12-12
CUS0004528,4528,SUP,Non-Smoking,Late Check-In,2024-08-14
CUS0004529,4529,SUP,Smoking,None,2025-08-03
CUS0004530,4530,STD,Non-Smoking,Late Check-In,2025-07-05
CUS0004531,4531,EXC,Non-Smoking,None,2024-11-02
CUS0004532,4532,STD,Smoking,Baby Cot,2025-08-28
CUS0004533,4533,EXC,Non-Smoking,Near Elevator,2025-02-22
CUS0004534,4534,EXC,Smoking,High Floor,2025-08-23
CUS0004535,4535,SUT,Non-Smoking,Near Elevator,2026-04-13
CUS0004536,4536,SUT,Non-Smoking,None,2024-10-03
CUS0004537,4537,EXC,Non-Smoking,Near Elevator,2025-08-17
CUS0004538,4538,DLX,Non-Smoking,None,2025-12-01
CUS0004539,4539,DLX,Non-Smoking,None,2025-03-12
CUS0004540,4540,DLX,Non-Smoking,Late Check-In,2025-03-18
CUS0004541,4541,DLX,Non-Smoking,Baby Cot,2025-08-09
CUS0004542,4542,DLX,Non-Smoking,High Floor,2025-01-04
CUS0004543,4543,SUP,Non-Smoking,Near Elevator,2025-12-01
CUS0004544,4544,EXC,Non-Smoking,None,2025-02-05
CUS0004545,4545,DLX,Smoking,Late Check-In,2025-03-23
CUS0004546,4546,DLX,Non-Smoking,Baby Cot,2025-07-22
CUS0004547,4547,DLX,Non-Smoking,Late Check-In,2026-02-25
CUS0004548,4548,SUT,Non-Smoking,None,2025-10-09
CUS0004549,4549,EXC,Non-Smoking,None,2025-12-04
CUS0004550,4550,SUT,Non-Smoking,None,2024-11-09
CUS0004551,4551,EXC,Non-Smoking,Near Elevator,2026-01-17
CUS0004552,4552,SUP,Smoking,None,2025-11-01
CUS0004553,4553,SUT,Non-Smoking,Near Elevator,2024-07-12
CUS0004554,4554,EXC,Non-Smoking,High Floor,2026-01-29
CUS0004555,4555,SUP,Non-Smoking,None,2025-10-05
CUS0004556,4556,EXC,Non-Smoking,Baby Cot,2025-08-16
CUS0004557,4557,STD,Non-Smoking,Near Elevator,2025-03-04
CUS0004558,4558,SUT,Non-Smoking,High Floor,2025-02-23
CUS0004559,4559,SUP,Non-Smoking,High Floor,2025-08-25
CUS0004560,4560,SUT,Non-Smoking,Near Elevator,2024-07-31
CUS0004561,4561,SUP,Non-Smoking,High Floor,2024-06-28
CUS0004562,4562,EXC,Non-Smoking,Near Elevator,2024-07-08
CUS0004563,4563,EXC,Non-Smoking,Near Elevator,2025-04-13
CUS0004564,4564,STD,Non-Smoking,Late Check-In,2025-12-06
CUS0004565,4565,SUT,Smoking,Near Elevator,2025-06-25
CUS0004566,4566,STD,Non-Smoking,None,2024-09-22
CUS0004567,4567,DLX,Non-Smoking,Baby Cot,2025-08-24
CUS0004568,4568,SUT,Non-Smoking,Late Check-In,2024-06-25
CUS0004569,4569,EXC,Non-Smoking,None,2025-01-22
CUS0004570,4570,SUT,Non-Smoking,Near Elevator,2024-10-04
CUS0004571,4571,STD,Non-Smoking,Late Check-In,2024-06-16
CUS0004572,4572,STD,Non-Smoking,Late Check-In,2024-12-23
CUS0004573,4573,EXC,Non-Smoking,Baby Cot,2024-06-17
CUS0004574,4574,DLX,Non-Smoking,Late Check-In,2025-11-16
CUS0004575,4575,EXC,Non-Smoking,None,2025-12-16
CUS0004576,4576,SUT,Non-Smoking,Baby Cot,2025-04-07
CUS0004577,4577,DLX,Non-Smoking,Baby Cot,2026-02-24
CUS0004578,4578,STD,Non-Smoking,Late Check-In,2025-06-30
CUS0004579,4579,DLX,Non-Smoking,Baby Cot,2026-02-13
CUS0004580,4580,DLX,Non-Smoking,Near Elevator,2026-03-07
CUS0004581,4581,SUP,Non-Smoking,Near Elevator,2025-04-29
CUS0004582,4582,SUP,Non-Smoking,None,2024-06-01
CUS0004583,4583,DLX,Non-Smoking,Late Check-In,2025-02-24
CUS0004584,4584,EXC,Non-Smoking,Late Check-In,2025-06-24
CUS0004585,4585,EXC,Non-Smoking,High Floor,2026-03-24
CUS0004586,4586,SUT,Non-Smoking,High Floor,2025-02-06
CUS0004587,4587,SUP,Non-Smoking,None,2025-04-09
CUS0004588,4588,SUT,Non-Smoking,High Floor,2026-02-09
CUS0004589,4589,STD,Non-Smoking,Late Check-In,2025-10-23
CUS0004590,4590,SUT,Non-Smoking,Near Elevator,2026-05-22
CUS0004591,4591,SUP,Non-Smoking,None,2025-09-29
CUS0004592,4592,SUP,Non-Smoking,Baby Cot,2025-12-15
CUS0004593,4593,SUT,Non-Smoking,Baby Cot,2026-04-25
CUS0004594,4594,SUP,Non-Smoking,Late Check-In,2025-12-10
CUS0004595,4595,EXC,Non-Smoking,High Floor,2026-04-16
CUS0004596,4596,EXC,Non-Smoking,High Floor,2026-03-02
CUS0004597,4597,EXC,Non-Smoking,None,2025-04-30
CUS0004598,4598,SUT,Non-Smoking,None,2025-07-07
CUS0004599,4599,DLX,Non-Smoking,High Floor,2025-03-05
CUS0004600,4600,SUP,Non-Smoking,None,2025-01-23
CUS0004601,4601,STD,Non-Smoking,Late Check-In,2025-04-12
CUS0004602,4602,DLX,Non-Smoking,Late Check-In,2026-04-12
CUS0004603,4603,SUP,Non-Smoking,Late Check-In,2024-09-19
CUS0004604,4604,DLX,Non-Smoking,None,2025-10-08
CUS0004605,4605,STD,Non-Smoking,Baby Cot,2026-03-01
CUS0004606,4606,STD,Non-Smoking,Near Elevator,2025-05-04
CUS0004607,4607,SUT,Non-Smoking,Near Elevator,2024-08-19
CUS0004608,4608,DLX,Non-Smoking,Late Check-In,2024-08-04
CUS0004609,4609,STD,Non-Smoking,Late Check-In,2025-09-06
CUS0004610,4610,EXC,Non-Smoking,None,2024-07-02
CUS0004611,4611,DLX,Non-Smoking,Near Elevator,2024-06-19
CUS0004612,4612,EXC,Non-Smoking,Baby Cot,2026-02-04
CUS0004613,4613,SUT,Non-Smoking,High Floor,2026-05-23
CUS0004614,4614,SUT,Non-Smoking,Baby Cot,2025-04-29
CUS0004615,4615,DLX,Non-Smoking,Baby Cot,2025-05-09
CUS0004616,4616,STD,Non-Smoking,Baby Cot,2024-09-10
CUS0004617,4617,SUT,Non-Smoking,High Floor,2025-01-16
CUS0004618,4618,SUP,Non-Smoking,High Floor,2025-11-26
CUS0004619,4619,STD,Non-Smoking,Baby Cot,2025-11-24
CUS0004620,4620,DLX,Non-Smoking,Baby Cot,2025-08-08
CUS0004621,4621,DLX,Non-Smoking,Late Check-In,2025-03-09
CUS0004622,4622,EXC,Non-Smoking,Late Check-In,2025-11-08
CUS0004623,4623,SUP,Non-Smoking,Late Check-In,2024-06-30
CUS0004624,4624,EXC,Smoking,High Floor,2024-07-17
CUS0004625,4625,STD,Non-Smoking,Baby Cot,2024-11-17
CUS0004626,4626,STD,Non-Smoking,Late Check-In,2025-11-22
CUS0004627,4627,EXC,Non-Smoking,Near Elevator,2024-11-28
CUS0004628,4628,STD,Non-Smoking,None,2024-11-15
CUS0004629,4629,STD,Non-Smoking,None,2024-06-17
CUS0004630,4630,STD,Non-Smoking,High Floor,2025-08-09
CUS0004631,4631,SUP,Non-Smoking,Baby Cot,2025-06-17
CUS0004632,4632,SUP,Non-Smoking,Near Elevator,2026-02-03
CUS0004633,4633,SUT,Non-Smoking,None,2026-03-02
CUS0004634,4634,EXC,Non-Smoking,Near Elevator,2026-04-17
CUS0004635,4635,EXC,Non-Smoking,Baby Cot,2026-05-05
CUS0004636,4636,DLX,Non-Smoking,Late Check-In,2026-03-30
CUS0004637,4637,EXC,Non-Smoking,Late Check-In,2025-03-03
CUS0004638,4638,SUP,Non-Smoking,Late Check-In,2025-04-30
CUS0004639,4639,SUT,Smoking,Late Check-In,2025-02-27
CUS0004640,4640,SUP,Non-Smoking,High Floor,2025-05-02
CUS0004641,4641,SUT,Non-Smoking,High Floor,2025-12-15
CUS0004642,4642,EXC,Non-Smoking,High Floor,2024-11-06
CUS0004643,4643,SUT,Non-Smoking,Late Check-In,2025-01-20
CUS0004644,4644,SUP,Non-Smoking,Baby Cot,2026-02-28
CUS0004645,4645,SUT,Non-Smoking,None,2025-08-13
CUS0004646,4646,DLX,Non-Smoking,High Floor,2025-04-07
CUS0004647,4647,DLX,Non-Smoking,High Floor,2025-12-26
CUS0004648,4648,STD,Non-Smoking,Late Check-In,2024-12-12
CUS0004649,4649,SUT,Non-Smoking,Baby Cot,2025-02-16
CUS0004650,4650,SUT,Non-Smoking,None,2025-05-24
CUS0004651,4651,SUP,Non-Smoking,High Floor,2026-03-01
CUS0004652,4652,DLX,Non-Smoking,Late Check-In,2026-02-05
CUS0004653,4653,STD,Non-Smoking,Late Check-In,2024-11-10
CUS0004654,4654,EXC,Non-Smoking,High Floor,2025-07-11
CUS0004655,4655,SUT,Non-Smoking,Near Elevator,2025-09-23
CUS0004656,4656,SUP,Non-Smoking,None,2025-04-02
CUS0004657,4657,STD,Non-Smoking,Near Elevator,2024-11-16
CUS0004658,4658,SUP,Non-Smoking,None,2025-07-03
CUS0004659,4659,DLX,Non-Smoking,Near Elevator,2025-06-12
CUS0004660,4660,SUP,Non-Smoking,High Floor,2026-01-31
CUS0004661,4661,SUT,Non-Smoking,Near Elevator,2026-03-12
CUS0004662,4662,SUP,Non-Smoking,Near Elevator,2024-08-06
CUS0004663,4663,SUT,Non-Smoking,High Floor,2024-09-25
CUS0004664,4664,EXC,Non-Smoking,High Floor,2025-10-16
CUS0004665,4665,SUP,Non-Smoking,Late Check-In,2025-05-22
CUS0004666,4666,SUT,Non-Smoking,Baby Cot,2025-04-24
CUS0004667,4667,SUP,Non-Smoking,Late Check-In,2025-02-18
CUS0004668,4668,SUT,Non-Smoking,Baby Cot,2024-07-04
CUS0004669,4669,EXC,Non-Smoking,Near Elevator,2024-12-12
CUS0004670,4670,DLX,Non-Smoking,High Floor,2026-04-03
CUS0004671,4671,DLX,Non-Smoking,High Floor,2024-11-01
CUS0004672,4672,EXC,Non-Smoking,High Floor,2026-01-24
CUS0004673,4673,SUT,Non-Smoking,Near Elevator,2025-10-14
CUS0004674,4674,EXC,Non-Smoking,Near Elevator,2025-01-10
CUS0004675,4675,SUT,Non-Smoking,High Floor,2025-12-08
CUS0004676,4676,STD,Non-Smoking,High Floor,2025-06-01
CUS0004677,4677,DLX,Smoking,High Floor,2024-11-19
CUS0004678,4678,SUP,Non-Smoking,Late Check-In,2026-03-14
CUS0004679,4679,STD,Non-Smoking,Near Elevator,2025-11-22
CUS0004680,4680,SUT,Smoking,High Floor,2025-07-13
CUS0004681,4681,SUT,Non-Smoking,Baby Cot,2025-04-07
CUS0004682,4682,SUT,Non-Smoking,None,2025-12-02
CUS0004683,4683,EXC,Non-Smoking,Late Check-In,2024-06-16
CUS0004684,4684,DLX,Non-Smoking,Late Check-In,2024-11-09
CUS0004685,4685,EXC,Non-Smoking,Baby Cot,2025-04-07
CUS0004686,4686,SUP,Non-Smoking,Near Elevator,2024-06-20
CUS0004687,4687,SUT,Non-Smoking,None,2024-06-22
CUS0004688,4688,SUT,Non-Smoking,Near Elevator,2024-08-26
CUS0004689,4689,SUT,Non-Smoking,Baby Cot,2024-10-26
CUS0004690,4690,SUT,Non-Smoking,Near Elevator,2025-09-29
CUS0004691,4691,STD,Non-Smoking,High Floor,2024-11-15
CUS0004692,4692,EXC,Non-Smoking,Baby Cot,2025-04-25
CUS0004693,4693,STD,Non-Smoking,Late Check-In,2025-03-16
CUS0004694,4694,SUP,Non-Smoking,High Floor,2025-06-30
CUS0004695,4695,EXC,Smoking,High Floor,2025-12-30
CUS0004696,4696,EXC,Smoking,Near Elevator,2025-11-18
CUS0004697,4697,STD,Non-Smoking,Late Check-In,2025-04-22
CUS0004698,4698,SUT,Non-Smoking,High Floor,2025-05-12
CUS0004699,4699,SUT,Non-Smoking,Baby Cot,2026-02-16
CUS0004700,4700,SUT,Non-Smoking,Near Elevator,2025-02-10
CUS0004701,4701,EXC,Non-Smoking,Near Elevator,2026-04-23
CUS0004702,4702,STD,Non-Smoking,Baby Cot,2025-12-27
CUS0004703,4703,DLX,Non-Smoking,Late Check-In,2026-04-05
CUS0004704,4704,SUP,Smoking,Baby Cot,2026-01-10
CUS0004705,4705,STD,Non-Smoking,High Floor,2026-02-13
CUS0004706,4706,EXC,Non-Smoking,Baby Cot,2024-12-09
CUS0004707,4707,DLX,Non-Smoking,High Floor,2025-06-06
CUS0004708,4708,EXC,Non-Smoking,Near Elevator,2024-06-09
CUS0004709,4709,SUT,Non-Smoking,High Floor,2025-03-27
CUS0004710,4710,STD,Non-Smoking,High Floor,2026-05-12
CUS0004711,4711,SUT,Non-Smoking,Near Elevator,2026-01-31
CUS0004712,4712,SUP,Non-Smoking,None,2026-03-13
CUS0004713,4713,SUP,Non-Smoking,Baby Cot,2024-06-30
CUS0004714,4714,DLX,Non-Smoking,Near Elevator,2025-05-05
CUS0004715,4715,EXC,Non-Smoking,None,2025-12-22
CUS0004716,4716,STD,Non-Smoking,Near Elevator,2026-04-05
CUS0004717,4717,EXC,Non-Smoking,Near Elevator,2026-03-26
CUS0004718,4718,STD,Smoking,High Floor,2025-06-05
CUS0004719,4719,DLX,Smoking,Near Elevator,2024-06-16
CUS0004720,4720,SUP,Non-Smoking,High Floor,2025-11-10
CUS0004721,4721,DLX,Non-Smoking,High Floor,2024-09-05
CUS0004722,4722,STD,Non-Smoking,Late Check-In,2025-07-06
CUS0004723,4723,DLX,Smoking,None,2025-02-05
CUS0004724,4724,EXC,Non-Smoking,Late Check-In,2025-08-10
CUS0004725,4725,STD,Non-Smoking,None,2024-07-02
CUS0004726,4726,DLX,Non-Smoking,High Floor,2026-01-22
CUS0004727,4727,EXC,Non-Smoking,Baby Cot,2026-01-12
CUS0004728,4728,EXC,Non-Smoking,Late Check-In,2025-02-02
CUS0004729,4729,EXC,Non-Smoking,Late Check-In,2025-08-08
CUS0004730,4730,EXC,Non-Smoking,High Floor,2026-04-16
CUS0004731,4731,DLX,Non-Smoking,High Floor,2024-12-01
CUS0004732,4732,SUP,Smoking,None,2024-07-05
CUS0004733,4733,SUP,Non-Smoking,None,2024-11-07
CUS0004734,4734,SUP,Non-Smoking,Near Elevator,2025-03-20
CUS0004735,4735,STD,Non-Smoking,High Floor,2025-03-26
CUS0004736,4736,EXC,Non-Smoking,High Floor,2024-11-06
CUS0004737,4737,EXC,Smoking,None,2024-11-06
CUS0004738,4738,SUT,Smoking,High Floor,2026-05-13
CUS0004739,4739,EXC,Non-Smoking,Late Check-In,2025-08-08
CUS0004740,4740,EXC,Smoking,Near Elevator,2024-12-10
CUS0004741,4741,DLX,Non-Smoking,Baby Cot,2026-03-10
CUS0004742,4742,SUT,Non-Smoking,None,2024-09-16
CUS0004743,4743,SUT,Smoking,Baby Cot,2024-07-08
CUS0004744,4744,EXC,Non-Smoking,Near Elevator,2026-03-11
CUS0004745,4745,SUP,Non-Smoking,Near Elevator,2025-01-11
CUS0004746,4746,SUT,Non-Smoking,High Floor,2025-12-19
CUS0004747,4747,DLX,Non-Smoking,Baby Cot,2024-11-29
CUS0004748,4748,DLX,Non-Smoking,Near Elevator,2024-08-11
CUS0004749,4749,SUP,Smoking,Near Elevator,2024-08-22
CUS0004750,4750,DLX,Non-Smoking,High Floor,2024-09-07
CUS0004751,4751,DLX,Non-Smoking,Late Check-In,2025-05-11
CUS0004752,4752,DLX,Non-Smoking,None,2025-03-05
CUS0004753,4753,EXC,Non-Smoking,High Floor,2025-12-10
CUS0004754,4754,DLX,Non-Smoking,Late Check-In,2024-12-07
CUS0004755,4755,SUP,Non-Smoking,Late Check-In,2025-08-27
CUS0004756,4756,SUP,Non-Smoking,Baby Cot,2025-06-17
CUS0004757,4757,EXC,Non-Smoking,None,2024-08-26
CUS0004758,4758,STD,Smoking,None,2024-12-18
CUS0004759,4759,DLX,Non-Smoking,None,2025-10-11
CUS0004760,4760,STD,Non-Smoking,High Floor,2024-07-29
CUS0004761,4761,STD,Non-Smoking,None,2025-04-17
CUS0004762,4762,DLX,Smoking,Late Check-In,2025-10-27
CUS0004763,4763,SUT,Non-Smoking,Near Elevator,2025-06-25
CUS0004764,4764,SUT,Non-Smoking,None,2025-09-22
CUS0004765,4765,EXC,Non-Smoking,Baby Cot,2024-08-24
CUS0004766,4766,SUP,Non-Smoking,Late Check-In,2024-08-21
CUS0004767,4767,STD,Non-Smoking,High Floor,2024-07-12
CUS0004768,4768,DLX,Non-Smoking,High Floor,2025-12-28
CUS0004769,4769,SUT,Non-Smoking,High Floor,2024-12-01
CUS0004770,4770,STD,Non-Smoking,Baby Cot,2024-06-06
CUS0004771,4771,STD,Non-Smoking,Near Elevator,2025-10-26
CUS0004772,4772,STD,Non-Smoking,Late Check-In,2025-11-16
CUS0004773,4773,DLX,Non-Smoking,Near Elevator,2025-01-21
CUS0004774,4774,SUP,Non-Smoking,None,2025-03-24
CUS0004775,4775,DLX,Non-Smoking,High Floor,2025-06-23
CUS0004776,4776,SUT,Non-Smoking,None,2024-10-24
CUS0004777,4777,EXC,Non-Smoking,High Floor,2024-11-25
CUS0004778,4778,DLX,Non-Smoking,Late Check-In,2024-08-28
CUS0004779,4779,DLX,Non-Smoking,None,2025-01-17
CUS0004780,4780,SUP,Non-Smoking,High Floor,2024-07-21
CUS0004781,4781,SUP,Non-Smoking,None,2025-05-28
CUS0004782,4782,STD,Smoking,Near Elevator,2025-07-02
CUS0004783,4783,DLX,Non-Smoking,High Floor,2025-05-13
CUS0004784,4784,EXC,Non-Smoking,Late Check-In,2025-10-03
CUS0004785,4785,SUP,Non-Smoking,Baby Cot,2025-12-14
CUS0004786,4786,DLX,Non-Smoking,Baby Cot,2024-07-23
CUS0004787,4787,SUT,Non-Smoking,Near Elevator,2024-08-15
CUS0004788,4788,EXC,Non-Smoking,Late Check-In,2025-08-10
CUS0004789,4789,EXC,Non-Smoking,High Floor,2024-07-08
CUS0004790,4790,DLX,Smoking,Late Check-In,2024-12-23
CUS0004791,4791,SUT,Non-Smoking,Near Elevator,2026-02-22
CUS0004792,4792,SUT,Non-Smoking,Near Elevator,2026-03-02
CUS0004793,4793,EXC,Non-Smoking,None,2024-11-06
CUS0004794,4794,STD,Non-Smoking,Late Check-In,2024-12-13
CUS0004795,4795,SUP,Non-Smoking,Late Check-In,2025-02-06
CUS0004796,4796,SUT,Non-Smoking,High Floor,2025-08-23
CUS0004797,4797,EXC,Non-Smoking,Baby Cot,2024-07-24
CUS0004798,4798,EXC,Non-Smoking,Baby Cot,2025-07-07
CUS0004799,4799,SUP,Smoking,Late Check-In,2025-10-06
CUS0004800,4800,SUP,Smoking,Near Elevator,2025-08-16
CUS0004801,4801,SUT,Non-Smoking,High Floor,2025-08-03
CUS0004802,4802,SUT,Smoking,Near Elevator,2025-09-01
CUS0004803,4803,SUT,Non-Smoking,Near Elevator,2026-02-25
CUS0004804,4804,STD,Non-Smoking,Near Elevator,2026-04-24
CUS0004805,4805,STD,Non-Smoking,None,2024-05-30
CUS0004806,4806,DLX,Non-Smoking,Near Elevator,2025-02-02
CUS0004807,4807,SUT,Smoking,Near Elevator,2025-01-29
CUS0004808,4808,SUT,Non-Smoking,Near Elevator,2025-04-07
CUS0004809,4809,EXC,Non-Smoking,Baby Cot,2024-07-01
CUS0004810,4810,EXC,Non-Smoking,Late Check-In,2025-03-02
CUS0004811,4811,SUP,Non-Smoking,Baby Cot,2024-06-24
CUS0004812,4812,EXC,Smoking,Near Elevator,2026-02-23
CUS0004813,4813,STD,Non-Smoking,Late Check-In,2025-05-27
CUS0004814,4814,SUT,Non-Smoking,High Floor,2025-05-24
CUS0004815,4815,SUP,Non-Smoking,Baby Cot,2025-09-30
CUS0004816,4816,STD,Smoking,Late Check-In,2025-04-03
CUS0004817,4817,SUP,Non-Smoking,High Floor,2025-02-16
CUS0004818,4818,STD,Non-Smoking,High Floor,2025-01-02
CUS0004819,4819,DLX,Non-Smoking,Baby Cot,2026-01-17
CUS0004820,4820,SUT,Non-Smoking,Near Elevator,2025-08-28
CUS0004821,4821,EXC,Smoking,None,2026-01-23
CUS0004822,4822,SUT,Smoking,Baby Cot,2024-12-12
CUS0004823,4823,DLX,Non-Smoking,Baby Cot,2024-08-18
CUS0004824,4824,STD,Smoking,Near Elevator,2024-09-21
CUS0004825,4825,SUT,Non-Smoking,Late Check-In,2025-09-20
CUS0004826,4826,EXC,Non-Smoking,None,2025-10-18
CUS0004827,4827,DLX,Non-Smoking,High Floor,2025-08-09
CUS0004828,4828,SUT,Non-Smoking,Late Check-In,2024-12-20
CUS0004829,4829,STD,Non-Smoking,High Floor,2025-07-11
CUS0004830,4830,DLX,Non-Smoking,High Floor,2025-04-02
CUS0004831,4831,STD,Smoking,Near Elevator,2024-12-27
CUS0004832,4832,SUT,Smoking,Near Elevator,2025-02-19
CUS0004833,4833,STD,Non-Smoking,High Floor,2025-06-15
CUS0004834,4834,STD,Non-Smoking,High Floor,2026-01-20
CUS0004835,4835,DLX,Non-Smoking,Late Check-In,2024-07-11
CUS0004836,4836,SUP,Non-Smoking,Near Elevator,2024-08-14
CUS0004837,4837,SUP,Non-Smoking,Near Elevator,2025-05-04
CUS0004838,4838,DLX,Smoking,Baby Cot,2026-02-02
CUS0004839,4839,STD,Non-Smoking,High Floor,2025-09-07
CUS0004840,4840,EXC,Non-Smoking,Near Elevator,2024-10-12
CUS0004841,4841,SUT,Non-Smoking,Near Elevator,2025-11-20
CUS0004842,4842,EXC,Non-Smoking,High Floor,2024-09-24
CUS0004843,4843,SUP,Non-Smoking,High Floor,2025-05-07
CUS0004844,4844,SUP,Non-Smoking,Late Check-In,2025-10-22
CUS0004845,4845,SUT,Non-Smoking,Late Check-In,2024-09-30
CUS0004846,4846,STD,Non-Smoking,Near Elevator,2025-11-06
CUS0004847,4847,DLX,Non-Smoking,High Floor,2025-12-27
CUS0004848,4848,SUP,Non-Smoking,Baby Cot,2025-07-21
CUS0004849,4849,SUP,Non-Smoking,Late Check-In,2025-12-02
CUS0004850,4850,DLX,Smoking,None,2025-02-28
CUS0004851,4851,DLX,Smoking,High Floor,2026-02-23
CUS0004852,4852,EXC,Non-Smoking,High Floor,2025-08-02
CUS0004853,4853,EXC,Non-Smoking,Late Check-In,2024-08-28
CUS0004854,4854,SUP,Non-Smoking,Baby Cot,2024-09-16
CUS0004855,4855,SUT,Non-Smoking,Baby Cot,2025-06-26
CUS0004856,4856,EXC,Non-Smoking,None,2024-11-26
CUS0004857,4857,STD,Non-Smoking,Late Check-In,2025-10-26
CUS0004858,4858,SUT,Non-Smoking,None,2024-08-14
CUS0004859,4859,EXC,Non-Smoking,Late Check-In,2024-12-14
CUS0004860,4860,EXC,Non-Smoking,None,2025-04-24
CUS0004861,4861,EXC,Non-Smoking,Baby Cot,2025-11-28
CUS0004862,4862,EXC,Non-Smoking,Late Check-In,2025-04-12
CUS0004863,4863,DLX,Non-Smoking,High Floor,2025-10-14
CUS0004864,4864,SUP,Non-Smoking,Late Check-In,2025-08-14
CUS0004865,4865,EXC,Non-Smoking,High Floor,2025-12-30
CUS0004866,4866,SUT,Non-Smoking,Near Elevator,2025-10-27
CUS0004867,4867,SUP,Smoking,Near Elevator,2025-06-04
CUS0004868,4868,SUT,Non-Smoking,Near Elevator,2025-03-08
CUS0004869,4869,SUT,Non-Smoking,Late Check-In,2025-09-18
CUS0004870,4870,STD,Non-Smoking,Near Elevator,2024-07-11
CUS0004871,4871,DLX,Non-Smoking,Baby Cot,2025-06-27
CUS0004872,4872,SUP,Non-Smoking,Near Elevator,2025-11-26
CUS0004873,4873,DLX,Non-Smoking,High Floor,2025-06-09
CUS0004874,4874,SUT,Non-Smoking,None,2025-12-04
CUS0004875,4875,SUP,Non-Smoking,Near Elevator,2024-10-03
CUS0004876,4876,EXC,Smoking,Near Elevator,2025-12-11
CUS0004877,4877,SUT,Non-Smoking,Near Elevator,2026-05-14
CUS0004878,4878,EXC,Non-Smoking,Baby Cot,2025-04-09
CUS0004879,4879,SUT,Non-Smoking,Late Check-In,2024-10-16
CUS0004880,4880,STD,Smoking,Baby Cot,2025-06-10
CUS0004881,4881,SUT,Non-Smoking,High Floor,2025-12-17
CUS0004882,4882,DLX,Non-Smoking,Near Elevator,2026-05-01
CUS0004883,4883,DLX,Smoking,Late Check-In,2026-03-25
CUS0004884,4884,SUP,Non-Smoking,Near Elevator,2024-10-27
CUS0004885,4885,DLX,Non-Smoking,High Floor,2025-09-08
CUS0004886,4886,STD,Non-Smoking,Late Check-In,2024-09-09
CUS0004887,4887,DLX,Smoking,Near Elevator,2024-09-13
CUS0004888,4888,EXC,Smoking,High Floor,2025-06-11
CUS0004889,4889,SUP,Non-Smoking,Near Elevator,2024-07-05
CUS0004890,4890,STD,Non-Smoking,None,2025-08-29
CUS0004891,4891,EXC,Non-Smoking,Late Check-In,2025-12-18
CUS0004892,4892,SUT,Non-Smoking,Baby Cot,2024-12-13
CUS0004893,4893,STD,Non-Smoking,Baby Cot,2026-01-26
CUS0004894,4894,EXC,Non-Smoking,Near Elevator,2024-10-18
CUS0004895,4895,SUP,Smoking,Baby Cot,2025-06-14
CUS0004896,4896,EXC,Non-Smoking,None,2024-12-19
CUS0004897,4897,EXC,Non-Smoking,High Floor,2025-10-25
CUS0004898,4898,SUP,Non-Smoking,None,2026-04-20
CUS0004899,4899,SUT,Non-Smoking,Late Check-In,2025-12-05
CUS0004900,4900,DLX,Non-Smoking,Baby Cot,2026-03-15
CUS0004901,4901,STD,Non-Smoking,Baby Cot,2025-07-01
CUS0004902,4902,SUP,Non-Smoking,Near Elevator,2024-07-20
CUS0004903,4903,DLX,Non-Smoking,Late Check-In,2024-11-07
CUS0004904,4904,EXC,Smoking,Near Elevator,2025-03-29
CUS0004905,4905,SUT,Non-Smoking,None,2026-05-10
CUS0004906,4906,SUT,Non-Smoking,High Floor,2025-09-28
CUS0004907,4907,SUP,Non-Smoking,High Floor,2026-02-09
CUS0004908,4908,SUP,Non-Smoking,Near Elevator,2025-11-11
CUS0004909,4909,DLX,Non-Smoking,Baby Cot,2025-09-14
CUS0004910,4910,EXC,Non-Smoking,Baby Cot,2025-08-03
CUS0004911,4911,STD,Non-Smoking,Late Check-In,2026-02-24
CUS0004912,4912,DLX,Smoking,High Floor,2024-08-21
CUS0004913,4913,DLX,Non-Smoking,Near Elevator,2025-08-19
CUS0004914,4914,EXC,Non-Smoking,Near Elevator,2025-08-02
CUS0004915,4915,SUT,Non-Smoking,Late Check-In,2026-03-28
CUS0004916,4916,DLX,Non-Smoking,None,2024-11-21
CUS0004917,4917,DLX,Non-Smoking,Near Elevator,2025-02-15
CUS0004918,4918,EXC,Non-Smoking,None,2025-03-29
CUS0004919,4919,DLX,Smoking,Near Elevator,2024-09-14
CUS0004920,4920,SUT,Non-Smoking,Baby Cot,2026-01-22
CUS0004921,4921,STD,Smoking,Late Check-In,2025-12-02
CUS0004922,4922,DLX,Non-Smoking,Late Check-In,2024-11-16
CUS0004923,4923,DLX,Non-Smoking,None,2024-10-01
CUS0004924,4924,DLX,Non-Smoking,High Floor,2024-07-06
CUS0004925,4925,SUT,Non-Smoking,High Floor,2025-12-07
CUS0004926,4926,EXC,Non-Smoking,High Floor,2025-03-02
CUS0004927,4927,STD,Non-Smoking,Near Elevator,2024-09-07
CUS0004928,4928,SUT,Non-Smoking,Baby Cot,2025-01-22
CUS0004929,4929,EXC,Non-Smoking,None,2025-12-15
CUS0004930,4930,SUP,Non-Smoking,Baby Cot,2024-12-20
CUS0004931,4931,SUT,Non-Smoking,None,2024-12-31
CUS0004932,4932,STD,Non-Smoking,High Floor,2026-03-20
CUS0004933,4933,SUT,Non-Smoking,Late Check-In,2024-10-07
CUS0004934,4934,SUT,Non-Smoking,None,2025-09-15
CUS0004935,4935,SUT,Smoking,Baby Cot,2025-05-13
CUS0004936,4936,STD,Smoking,None,2025-07-01
CUS0004937,4937,SUT,Non-Smoking,Late Check-In,2024-12-22
CUS0004938,4938,EXC,Non-Smoking,Late Check-In,2026-03-27
CUS0004939,4939,SUP,Non-Smoking,High Floor,2025-03-14
CUS0004940,4940,STD,Non-Smoking,Near Elevator,2026-03-20
CUS0004941,4941,STD,Smoking,High Floor,2025-02-03
CUS0004942,4942,STD,Non-Smoking,Baby Cot,2025-12-05
CUS0004943,4943,SUT,Non-Smoking,None,2025-08-30
CUS0004944,4944,EXC,Non-Smoking,None,2024-11-04
CUS0004945,4945,SUT,Non-Smoking,Near Elevator,2025-03-29
CUS0004946,4946,DLX,Non-Smoking,High Floor,2025-04-29
CUS0004947,4947,SUT,Non-Smoking,Near Elevator,2024-12-15
CUS0004948,4948,SUT,Non-Smoking,Baby Cot,2024-08-04
CUS0004949,4949,DLX,Non-Smoking,Near Elevator,2025-09-01
CUS0004950,4950,STD,Non-Smoking,Baby Cot,2024-06-15
CUS0004951,4951,SUP,Non-Smoking,Baby Cot,2024-10-17
CUS0004952,4952,EXC,Smoking,Near Elevator,2024-08-02
CUS0004953,4953,STD,Smoking,High Floor,2025-12-21
CUS0004954,4954,EXC,Smoking,Near Elevator,2025-03-20
CUS0004955,4955,SUT,Smoking,Near Elevator,2024-07-04
CUS0004956,4956,SUP,Non-Smoking,High Floor,2025-01-25
CUS0004957,4957,SUT,Smoking,High Floor,2025-07-23
CUS0004958,4958,DLX,Non-Smoking,Baby Cot,2025-02-01
CUS0004959,4959,STD,Non-Smoking,None,2025-06-30
CUS0004960,4960,EXC,Non-Smoking,Baby Cot,2025-12-02
CUS0004961,4961,DLX,Non-Smoking,None,2025-12-13
CUS0004962,4962,SUP,Non-Smoking,None,2025-03-10
CUS0004963,4963,EXC,Non-Smoking,High Floor,2026-04-16
CUS0004964,4964,DLX,Non-Smoking,None,2025-01-18
CUS0004965,4965,DLX,Non-Smoking,High Floor,2024-12-06
CUS0004966,4966,STD,Non-Smoking,High Floor,2025-05-04
CUS0004967,4967,STD,Non-Smoking,None,2026-05-16
CUS0004968,4968,STD,Non-Smoking,None,2024-08-14
CUS0004969,4969,SUT,Non-Smoking,Near Elevator,2025-02-21
CUS0004970,4970,DLX,Non-Smoking,Baby Cot,2024-08-12
CUS0004971,4971,SUP,Smoking,High Floor,2024-11-07
CUS0004972,4972,EXC,Non-Smoking,High Floor,2024-08-06
CUS0004973,4973,SUP,Non-Smoking,None,2026-01-23
CUS0004974,4974,SUT,Non-Smoking,None,2024-10-04
CUS0004975,4975,SUP,Non-Smoking,Late Check-In,2024-12-09
CUS0004976,4976,SUP,Non-Smoking,Baby Cot,2024-12-15
CUS0004977,4977,EXC,Non-Smoking,Baby Cot,2025-09-17
CUS0004978,4978,SUP,Non-Smoking,Late Check-In,2025-08-16
CUS0004979,4979,STD,Non-Smoking,None,2025-03-06
CUS0004980,4980,SUP,Non-Smoking,Late Check-In,2026-04-15
CUS0004981,4981,STD,Smoking,Late Check-In,2025-08-06
CUS0004982,4982,SUT,Non-Smoking,Near Elevator,2025-05-25
CUS0004983,4983,SUP,Non-Smoking,High Floor,2024-11-19
CUS0004984,4984,STD,Non-Smoking,Baby Cot,2026-01-11
CUS0004985,4985,SUT,Non-Smoking,Near Elevator,2024-12-10
CUS0004986,4986,STD,Non-Smoking,Late Check-In,2026-01-14
CUS0004987,4987,SUT,Non-Smoking,None,2025-01-19
CUS0004988,4988,STD,Non-Smoking,Late Check-In,2025-07-01
CUS0004989,4989,SUP,Non-Smoking,High Floor,2026-03-15
CUS0004990,4990,SUP,Non-Smoking,Late Check-In,2025-11-22
CUS0004991,4991,SUP,Non-Smoking,Baby Cot,2026-04-25
CUS0004992,4992,DLX,Non-Smoking,None,2025-01-24
CUS0004993,4993,EXC,Non-Smoking,Late Check-In,2025-02-15
CUS0004994,4994,SUT,Non-Smoking,High Floor,2025-08-18
CUS0004995,4995,SUT,Non-Smoking,Late Check-In,2026-05-06
CUS0004996,4996,EXC,Non-Smoking,Near Elevator,2025-03-07
CUS0004997,4997,SUP,Non-Smoking,High Floor,2025-06-07
CUS0004998,4998,STD,Non-Smoking,Near Elevator,2025-11-29
CUS0004999,4999,DLX,Non-Smoking,None,2024-11-12
CUS0005000,5000,SUT,Non-Smoking,Baby Cot,2025-09-21
