passenger_key,passenger_id,first_name,last_name,gender,date_of_birth,age_group,nationality,loyalty_tier,loyalty_miles_balance,email,phone_country
1,PAX0000001,Brian,Figueroa,M,1993-11-27,26-35,Indonesian,None,2346,jeffreydoyle@example.net,+60
2,PAX0000002,Stephanie,Miller,F,2000-10-17,18-25,Indonesian,None,15050,fjohnson@example.org,+60
3,PAX0000003,Jonathan,Johnson,M,1966-03-23,51-65,Malaysian,None,6583,jennifermiles@example.com,+61
4,PAX0000004,Jerry,Ramirez,M,1965-05-24,51-65,Indonesian,None,4564,blakeerik@example.com,+60
5,PAX0000005,Diana,Lewis,F,1973-07-18,51-65,American,None,848,curtis61@example.com,+65
6,PAX0000006,Gregory,Baker,M,2008-01-24,18-25,Indonesian,None,847,blairamanda@example.com,+62
7,PAX0000007,Juan,Calderon,M,1955-10-03,65+,Indonesian,None,299,barbara10@example.net,+61
8,PAX0000008,Raymond,Galloway,M,1965-11-25,51-65,Indonesian,Silver,10056,michellejames@example.com,+61
9,PAX0000009,Sandra,Martin,F,1993-08-26,26-35,Other,Gold,4595,jason41@example.net,+62
10,PAX0000010,Christopher,Daniel,M,1993-08-08,26-35,Malaysian,Silver,6156,stevennelson@example.net,+60
11,PAX0000011,Kristin,Cohen,F,1997-03-22,26-35,Indonesian,None,103,perezantonio@example.com,+61
12,PAX0000012,Derek,Clark,M,1977-09-10,36-50,Other,Gold,17517,jason76@example.net,+60
13,PAX0000013,Charles,Taylor,M,1981-08-13,36-50,Indonesian,None,8932,julie69@example.com,+60
14,PAX0000014,Daniel,Bright,M,1975-01-10,36-50,Indonesian,Gold,1193,ddavis@example.org,+62
15,PAX0000015,Lori,Conner,F,1960-10-16,51-65,Indonesian,None,1003,ycarlson@example.com,+60
16,PAX0000016,Whitney,Rice,F,1990-12-10,26-35,Indonesian,None,1013,frazierdanny@example.net,+62
17,PAX0000017,Derek,Davidson,M,2001-06-28,18-25,Australian,Gold,1813,cartereric@example.org,+65
18,PAX0000018,Shawn,Baker,M,1999-07-13,18-25,Malaysian,Platinum,3719,williamrodriguez@example.net,+65
19,PAX0000019,Sarah,Romero,F,1970-09-13,51-65,Indonesian,Silver,2827,ericfarmer@example.net,+65
20,PAX0000020,Thomas,Sellers,M,2003-05-18,18-25,Malaysian,None,1721,tracy15@example.com,+60
21,PAX0000021,Amy,Humphrey,F,1966-09-08,51-65,American,None,4731,millertodd@example.org,+65
22,PAX0000022,Joseph,Martinez,M,2002-02-24,18-25,Indonesian,None,751,karroyo@example.com,+65
23,PAX0000023,Shane,Henderson,M,1986-04-20,36-50,Indonesian,Silver,1727,sarahcampos@example.net,+62
24,PAX0000024,Micheal,Ross,M,1964-01-30,51-65,Indonesian,None,2281,samuel87@example.org,+60
25,PAX0000025,Danny,Morgan,M,1967-04-06,51-65,Indonesian,None,3044,briannasmith@example.net,+61
26,PAX0000026,Anthony,Jones,M,1993-05-04,26-35,Indonesian,Silver,7689,heathchad@example.org,+61
27,PAX0000027,Michael,Lewis,M,1969-05-05,51-65,Japanese,Gold,1113,jenniferkhan@example.net,+65
28,PAX0000028,David,Kennedy,M,1982-07-23,36-50,Indonesian,None,3610,glee@example.net,+61
29,PAX0000029,Heather,Jenkins,F,1979-09-22,36-50,Indonesian,Silver,4487,nuneztracey@example.org,+62
30,PAX0000030,James,Morgan,M,1954-07-08,65+,Indonesian,None,237,wrightjames@example.com,+62
31,PAX0000031,Javier,Ramirez,M,1959-12-07,51-65,Indonesian,Silver,4676,nancyjones@example.net,+65
32,PAX0000032,Amber,Kidd,F,1957-01-20,65+,Indonesian,None,934,novaksara@example.org,+62
33,PAX0000033,Jennifer,Olson,F,1961-09-16,51-65,Japanese,Gold,336,kbarrera@example.com,+62
34,PAX0000034,William,Baker,M,1950-07-16,65+,Malaysian,Silver,14868,smitchell@example.net,+62
35,PAX0000035,Justin,Higgins,M,2003-09-13,18-25,American,Gold,16853,jamesrobinson@example.org,+65
36,PAX0000036,Nancy,Brown,F,1989-10-21,26-35,Indonesian,None,8261,brian97@example.net,+61
37,PAX0000037,Christopher,Yu,M,1986-07-15,36-50,Indonesian,None,1816,yorkcasey@example.org,+61
38,PAX0000038,Shannon,Powell,F,1996-05-04,26-35,American,Gold,513,bethwilliams@example.org,+60
39,PAX0000039,Mary,Cunningham,F,1978-12-02,36-50,Malaysian,Silver,5763,sarah35@example.org,+61
40,PAX0000040,James,Powers,M,1968-06-19,51-65,Indonesian,None,2900,stephen10@example.com,+62
41,PAX0000041,Zachary,Ferrell,M,1992-08-29,26-35,Australian,None,650,medinawilliam@example.org,+61
42,PAX0000042,Stanley,Suarez,M,1974-02-21,36-50,Indonesian,Silver,3417,justin78@example.net,+65
43,PAX0000043,Logan,Archer,M,1970-12-24,51-65,Singaporean,Silver,174,contrerasangela@example.net,+65
44,PAX0000044,Teresa,Taylor,F,1957-06-10,65+,Indonesian,Gold,12002,prestonjulia@example.org,+65
45,PAX0000045,Douglas,Clark,M,1968-12-04,51-65,Singaporean,None,1497,james48@example.com,+60
46,PAX0000046,Susan,Mathis,F,1967-06-25,51-65,Indonesian,Silver,5431,waltersmaria@example.org,+65
47,PAX0000047,Felicia,Anderson,F,1950-08-20,65+,Indonesian,Silver,1867,evan78@example.net,+60
48,PAX0000048,Kristina,Rodriguez,F,1979-07-01,36-50,Indonesian,Gold,3670,amydavenport@example.net,+62
49,PAX0000049,Charles,Anderson,M,1987-12-29,36-50,Indonesian,Platinum,3956,michael05@example.org,+62
50,PAX0000050,David,Garcia,M,1996-10-21,26-35,Indonesian,Silver,1021,vdickson@example.org,+65
51,PAX0000051,Sharon,Cherry,F,1966-07-03,51-65,American,Gold,17464,nicolejohnson@example.net,+60
52,PAX0000052,Rachel,Jenkins,F,1972-12-30,51-65,Indonesian,Gold,7461,josephcobb@example.org,+60
53,PAX0000053,Shane,Garrison,M,1976-06-04,36-50,Malaysian,Silver,14025,jamessellers@example.com,+62
54,PAX0000054,Robert,Savage,M,1971-02-28,51-65,Indonesian,Gold,11260,andrewlee@example.com,+65
55,PAX0000055,Sharon,Rasmussen,F,1969-05-08,51-65,Indonesian,None,4555,michael86@example.net,+60
56,PAX0000056,Joshua,Crosby,M,2007-10-21,18-25,Malaysian,Gold,12747,wileyjose@example.net,+61
57,PAX0000057,Amanda,Carlson,F,1968-06-16,51-65,American,Gold,463,jessica56@example.net,+62
58,PAX0000058,Ashley,Lam,F,1985-03-12,36-50,Japanese,None,1090,jonathanfletcher@example.org,+60
59,PAX0000059,Timothy,Ryan,M,1985-10-09,36-50,Singaporean,None,231,michaeljones@example.net,+61
60,PAX0000060,Lisa,Alvarado,F,1972-11-11,51-65,Singaporean,None,1967,cortezkevin@example.com,+65
61,PAX0000061,Jason,Powell,M,1995-10-10,26-35,British,Silver,2460,angela36@example.net,+65
62,PAX0000062,Megan,Orr,F,1976-03-11,36-50,Indonesian,None,1582,richard04@example.com,+62
63,PAX0000063,Jessica,Carpenter,F,1964-09-11,51-65,Indonesian,None,8822,steven73@example.net,+62
64,PAX0000064,Rebecca,Moyer,F,1982-08-05,36-50,Japanese,Gold,2206,donnacampbell@example.net,+61
65,PAX0000065,Manuel,Davis,M,1993-06-18,26-35,American,None,1649,emilywalker@example.org,+65
66,PAX0000066,Alexander,Sanchez,M,1960-06-02,51-65,American,None,3912,xcarr@example.org,+60
67,PAX0000067,Jennifer,Soto,F,1981-05-20,36-50,Japanese,Gold,759,jennifercruz@example.com,+65
68,PAX0000068,Brittany,Watts,F,1966-12-30,51-65,Indonesian,Silver,8102,osbornejeffery@example.net,+61
69,PAX0000069,John,Grant,M,1985-08-21,36-50,British,None,387,bryantlaurie@example.net,+61
70,PAX0000070,Victoria,Larson,F,1986-07-15,36-50,Indonesian,Gold,21670,usalazar@example.net,+65
71,PAX0000071,Ronald,Kelley,M,1979-06-07,36-50,Indonesian,None,7397,juliawells@example.com,+60
72,PAX0000072,Danielle,Walsh,F,2001-07-20,18-25,British,Platinum,1107,rsims@example.com,+60
73,PAX0000073,Michelle,Young,F,1955-08-31,65+,Singaporean,None,27,luis81@example.org,+60
74,PAX0000074,David,Benson,M,1960-08-27,51-65,Indonesian,Platinum,8449,calebrussell@example.net,+65
75,PAX0000075,Jennifer,Clark,F,1982-02-05,36-50,Indonesian,Silver,6135,xprice@example.net,+60
76,PAX0000076,Alicia,Gilmore,F,1997-09-21,26-35,Indonesian,Platinum,6528,wwoods@example.com,+62
77,PAX0000077,Jean,Snow,F,2001-08-31,18-25,American,None,7376,vmedina@example.net,+62
78,PAX0000078,Lindsey,Walker,F,2004-10-27,18-25,Indonesian,Platinum,384,joshuatucker@example.com,+65
79,PAX0000079,Maureen,Yates,F,1973-04-07,51-65,Indonesian,Platinum,2219,marycalhoun@example.net,+60
80,PAX0000080,Alyssa,Long,F,1986-09-27,36-50,Malaysian,None,615,millerroy@example.com,+60
81,PAX0000081,Amber,Gray,F,1962-10-04,51-65,Malaysian,None,9942,shawnrogers@example.com,+60
82,PAX0000082,Paul,Decker,M,1969-04-30,51-65,Indonesian,Silver,4881,mary70@example.net,+61
83,PAX0000083,Anthony,Crane,M,1987-02-06,36-50,Singaporean,None,2009,debraharrington@example.net,+62
84,PAX0000084,Nicole,Herring,F,1953-02-17,65+,Indonesian,None,328,maryhowell@example.org,+60
85,PAX0000085,Kara,Wilson,F,1958-12-25,65+,Indonesian,Silver,1862,stevenscott@example.com,+61
86,PAX0000086,Larry,Stuart,M,1961-10-23,51-65,Malaysian,None,1966,stricklandfrank@example.com,+60
87,PAX0000087,Kenneth,Hickman,M,1957-09-30,65+,Japanese,Gold,6539,tsanders@example.org,+60
88,PAX0000088,Kevin,Rivas,M,1955-07-25,65+,Japanese,None,5074,curtisbarton@example.net,+62
89,PAX0000089,Robert,Hogan,M,1991-04-02,26-35,Other,Silver,10911,reedross@example.com,+62
90,PAX0000090,Katie,Peterson,F,1955-01-31,65+,Indonesian,Silver,3195,gshort@example.com,+65
91,PAX0000091,Madison,Poole,F,1975-01-15,36-50,Indonesian,None,636,ryangross@example.net,+62
92,PAX0000092,Luis,Gillespie,M,1968-10-08,51-65,Australian,None,6245,umarshall@example.net,+61
93,PAX0000093,Frank,Sanchez,M,1968-08-28,51-65,Singaporean,Platinum,7151,ramirezshannon@example.com,+62
94,PAX0000094,Lisa,Gray,F,1989-03-03,26-35,Indonesian,None,4119,snydermark@example.com,+60
95,PAX0000095,Heather,Green,F,1964-10-29,51-65,Singaporean,Silver,7369,nicole48@example.org,+61
96,PAX0000096,Tiffany,Miller,F,1985-07-19,36-50,American,Silver,3404,wfreeman@example.org,+61
97,PAX0000097,Karen,Joseph,F,1997-05-22,26-35,Indonesian,None,3698,fmcguire@example.com,+60
98,PAX0000098,Jennifer,Sanchez,F,1965-06-21,51-65,Singaporean,None,2789,thomas85@example.com,+62
99,PAX0000099,Krista,Bell,F,2001-02-25,18-25,Indonesian,None,128,qnelson@example.org,+62
100,PAX0000100,Nathan,Stewart,M,1958-08-08,65+,Indonesian,None,570,jamesrodgers@example.com,+65
101,PAX0000101,Kevin,Wolf,M,1999-09-13,18-25,Indonesian,None,159,tina34@example.org,+61
102,PAX0000102,Cassie,Smith,F,1974-12-13,36-50,Indonesian,Gold,5058,joshuamccann@example.net,+61
103,PAX0000103,Michael,Martinez,M,1970-04-10,51-65,British,Gold,1886,agarcia@example.net,+61
104,PAX0000104,Julie,Alexander,F,1969-09-28,51-65,Indonesian,None,3552,tammyking@example.com,+61
105,PAX0000105,Samantha,Morales,F,1958-02-26,65+,Indonesian,Silver,11906,rayglenda@example.org,+65
106,PAX0000106,Roberta,Avery,F,1960-07-18,51-65,Indonesian,None,1433,mcknightdavid@example.com,+62
107,PAX0000107,Linda,Montgomery,F,1991-08-27,26-35,Indonesian,Silver,2641,chayes@example.com,+61
108,PAX0000108,William,Torres,M,1990-06-10,26-35,British,Platinum,7043,lynchjody@example.org,+62
109,PAX0000109,Christine,Guerrero,F,1992-12-16,26-35,Singaporean,Silver,1299,johnarnold@example.org,+62
110,PAX0000110,Jennifer,Norris,F,1950-07-29,65+,Indonesian,None,400,ocarter@example.com,+62
111,PAX0000111,Diane,Heath,F,1998-07-02,26-35,Indonesian,None,1710,mcdanielsandra@example.net,+60
112,PAX0000112,Mary,Peck,F,1990-07-12,26-35,Australian,None,879,owilson@example.net,+61
113,PAX0000113,Susan,Serrano,F,1960-07-13,51-65,British,None,13274,brownlaura@example.net,+62
114,PAX0000114,Samantha,Morse,F,2001-05-11,18-25,Indonesian,None,8254,smartinez@example.com,+62
115,PAX0000115,James,Nelson,M,1998-01-03,26-35,Other,None,5017,mkim@example.org,+62
116,PAX0000116,Nicholas,Munoz,M,1979-10-17,36-50,Indonesian,None,10257,davissuzanne@example.net,+62
117,PAX0000117,Trevor,Key,M,1990-05-07,26-35,Indonesian,None,8139,barbara27@example.net,+60
118,PAX0000118,Jeremy,Ramirez,M,1994-09-23,26-35,Singaporean,Platinum,1032,fwalters@example.org,+62
119,PAX0000119,Gregory,Cook,M,1982-05-18,36-50,Other,None,11154,hodgemark@example.net,+62
120,PAX0000120,Donna,Landry,F,1984-02-09,36-50,Singaporean,Platinum,3875,gibsonleonard@example.com,+61
121,PAX0000121,Tracy,Powell,F,1958-04-13,65+,Other,None,8236,sandovalamy@example.com,+65
122,PAX0000122,Cody,Cox,M,1954-01-30,65+,Malaysian,None,11321,wgarrett@example.org,+62
123,PAX0000123,Derek,Anderson,M,1964-03-30,51-65,Indonesian,None,1913,samuel71@example.org,+60
124,PAX0000124,Lee,Allen,M,1993-04-07,26-35,Indonesian,None,582,lancesmith@example.com,+61
125,PAX0000125,Courtney,Skinner,F,1956-09-25,65+,Indonesian,Platinum,1293,murraydavid@example.org,+61
126,PAX0000126,Timothy,Carter,M,1984-04-22,36-50,Indonesian,Silver,2785,robert77@example.org,+60
127,PAX0000127,Kristen,Reyes,F,1981-06-23,36-50,Indonesian,Gold,8519,michellehill@example.com,+60
128,PAX0000128,Taylor,Romero,F,1973-07-09,51-65,British,Gold,9856,campbellkenneth@example.net,+62
129,PAX0000129,Yvonne,Burns,F,1989-11-09,26-35,American,None,34,seanwashington@example.com,+61
130,PAX0000130,Pamela,Bennett,F,1987-12-13,36-50,Indonesian,None,3574,molly39@example.com,+60
131,PAX0000131,Scott,Jenkins,M,1966-04-15,51-65,Indonesian,None,2701,julie66@example.net,+60
132,PAX0000132,Samantha,Pollard,F,2004-04-25,18-25,Indonesian,Silver,1255,ihanna@example.net,+60
133,PAX0000133,Gary,Garcia,M,1990-07-22,26-35,Indonesian,None,638,dgarcia@example.org,+65
134,PAX0000134,Brianna,Pitts,F,1999-07-22,18-25,Indonesian,Gold,2059,charlesharrington@example.com,+61
135,PAX0000135,Lisa,Sanders,F,1973-06-06,51-65,Indonesian,None,14315,christianmelissa@example.net,+60
136,PAX0000136,Troy,Sims,M,1976-04-02,36-50,Indonesian,None,1951,cbrennan@example.net,+60
137,PAX0000137,Cynthia,Cohen,F,1955-01-18,65+,Singaporean,None,3657,wendy16@example.org,+60
138,PAX0000138,Madeline,Brennan,F,2002-02-19,18-25,Malaysian,None,6070,tjackson@example.org,+60
139,PAX0000139,Frederick,Brown,M,1953-07-10,65+,Indonesian,None,2259,nicholas23@example.net,+62
140,PAX0000140,Keith,Sparks,M,1978-06-07,36-50,Indonesian,Silver,17838,gregorylynch@example.com,+60
141,PAX0000141,Melanie,Jimenez,F,1992-07-24,26-35,Other,Gold,16410,jesselittle@example.com,+60
142,PAX0000142,Michael,Nolan,M,1967-10-08,51-65,Indonesian,None,1450,rsantana@example.net,+65
143,PAX0000143,Angela,Landry,F,1961-02-21,51-65,Indonesian,None,3438,danielle64@example.com,+60
144,PAX0000144,Eric,Kidd,M,2007-12-01,18-25,Singaporean,Gold,1789,yrodriguez@example.net,+62
145,PAX0000145,Kenneth,Haney,M,1974-10-26,36-50,Singaporean,None,1676,andrew64@example.org,+61
146,PAX0000146,Sharon,Osborne,F,1988-11-26,36-50,Indonesian,None,187,lozanojulie@example.com,+61
147,PAX0000147,Robert,Lawson,M,2003-03-08,18-25,Japanese,None,4702,jeffery39@example.com,+62
148,PAX0000148,Perry,Saunders,M,1996-07-06,26-35,Indonesian,Gold,3492,courtneyberger@example.net,+60
149,PAX0000149,Eric,Alexander,M,1953-01-27,65+,Other,None,264,jessica14@example.com,+61
150,PAX0000150,Jason,Gonzalez,M,2001-04-04,18-25,Australian,None,1633,alyssa42@example.com,+61
151,PAX0000151,Terry,Coffey,F,2006-07-06,18-25,British,Platinum,11944,julie51@example.com,+60
152,PAX0000152,Charles,Levy,M,1955-07-08,65+,Singaporean,Silver,1369,zcoffey@example.net,+65
153,PAX0000153,Brandon,Foster,M,1975-04-14,36-50,Indonesian,None,782,amanda75@example.net,+65
154,PAX0000154,Michael,Richards,M,2001-05-12,18-25,Singaporean,None,3361,daniel37@example.org,+61
155,PAX0000155,Stacey,Hoffman,F,1992-07-20,26-35,Malaysian,None,21220,deborahreid@example.com,+62
156,PAX0000156,Eric,Ortiz,M,1998-02-06,26-35,Indonesian,None,1385,brandonjohnson@example.com,+61
157,PAX0000157,Brent,Clay,M,1958-04-18,65+,Malaysian,Platinum,5575,paulwatson@example.net,+65
158,PAX0000158,Theresa,Barnes,F,1997-10-15,26-35,Indonesian,None,7169,nicolepena@example.com,+65
159,PAX0000159,Jennifer,Lynn,F,1992-04-15,26-35,Japanese,None,1356,vaughnjeff@example.com,+65
160,PAX0000160,Savannah,Garcia,F,1966-06-17,51-65,Singaporean,Gold,6513,amy50@example.com,+60
161,PAX0000161,Cheryl,Martinez,F,1969-03-02,51-65,Indonesian,Silver,2292,ndavis@example.net,+61
162,PAX0000162,Linda,Smith,F,1993-11-28,26-35,Indonesian,None,5002,john29@example.org,+62
163,PAX0000163,Ronald,Spencer,M,1955-01-23,65+,American,Silver,5019,lisahall@example.org,+60
164,PAX0000164,Steven,Smith,M,2004-01-22,18-25,Indonesian,Platinum,3836,vanessafernandez@example.org,+62
165,PAX0000165,Mary,Johnson,F,1957-11-15,65+,Singaporean,Gold,473,howardkristina@example.net,+65
166,PAX0000166,Alexis,Baker,F,1972-06-04,51-65,Indonesian,None,9018,judyfox@example.net,+60
167,PAX0000167,John,Strickland,M,1954-09-19,65+,Other,None,1934,hayesjeffrey@example.net,+61
168,PAX0000168,Nicholas,Kerr,M,1953-05-05,65+,Indonesian,None,1032,stephen00@example.com,+60
169,PAX0000169,James,Parks,M,2008-01-19,18-25,British,None,208,cjoseph@example.org,+61
170,PAX0000170,Erica,Hernandez,F,1955-11-22,65+,Malaysian,None,4468,joshuaschultz@example.net,+62
171,PAX0000171,Erika,Vang,F,1998-11-08,26-35,Indonesian,None,5659,shawn96@example.org,+62
172,PAX0000172,Mia,Farrell,F,2004-05-12,18-25,British,Gold,83,russellbeasley@example.com,+62
173,PAX0000173,Samantha,Ross,F,1973-06-16,51-65,Indonesian,None,3588,edwardslarry@example.com,+60
174,PAX0000174,Tiffany,Mcdaniel,F,1975-11-12,36-50,Singaporean,Gold,1284,fjones@example.org,+65
175,PAX0000175,Anne,Rodgers,F,1979-10-13,36-50,Indonesian,Platinum,5180,angelawillis@example.net,+61
176,PAX0000176,Erin,Martinez,F,1988-08-12,36-50,Indonesian,Platinum,958,morgan60@example.com,+65
177,PAX0000177,Erik,Garcia,M,1991-04-02,26-35,Indonesian,None,5871,ericolson@example.org,+61
178,PAX0000178,Ryan,Richardson,M,1974-03-21,36-50,Indonesian,Gold,2444,audrey68@example.net,+62
179,PAX0000179,Megan,Hawkins,F,1992-02-23,26-35,Other,Silver,13801,anthony44@example.com,+65
180,PAX0000180,Abigail,Kane,F,1974-04-12,36-50,Other,None,739,vjones@example.net,+60
181,PAX0000181,Anna,Moreno,F,1952-06-23,65+,British,Platinum,2085,vbarnes@example.org,+65
182,PAX0000182,Emily,Nguyen,F,1975-07-29,36-50,Singaporean,None,602,wareeric@example.net,+65
183,PAX0000183,Michael,Nelson,M,1953-10-11,65+,Indonesian,Gold,12930,ctucker@example.com,+61
184,PAX0000184,Cindy,Hunt,F,1968-12-24,51-65,Other,Silver,10491,russell49@example.com,+62
185,PAX0000185,Mary,Williams,F,1986-04-02,36-50,Malaysian,Gold,1491,djoyce@example.org,+61
186,PAX0000186,Eric,Clark,M,1964-04-20,51-65,Indonesian,None,5393,kathrynroberts@example.org,+60
187,PAX0000187,Kathleen,Jordan,F,1950-12-02,65+,Indonesian,None,8497,omarpadilla@example.net,+65
188,PAX0000188,Roy,Drake,M,1988-05-31,36-50,Singaporean,None,4050,sandersjudy@example.com,+61
189,PAX0000189,Joe,Miller,M,1951-09-01,65+,Indonesian,None,3771,barbara96@example.net,+61
190,PAX0000190,Jennifer,Wilson,F,1993-12-14,26-35,Other,Gold,1384,burchgeorge@example.net,+65
191,PAX0000191,Sandra,Gillespie,F,1981-09-13,36-50,Other,None,488,kimdaniel@example.com,+60
192,PAX0000192,James,Miller,M,1990-06-19,26-35,British,None,11375,julie35@example.org,+61
193,PAX0000193,Jordan,Wilson,M,1955-08-04,65+,Malaysian,None,11533,rebeccabailey@example.net,+65
194,PAX0000194,Matthew,Hernandez,M,2006-02-14,18-25,Indonesian,Platinum,5013,thomasjames@example.net,+60
195,PAX0000195,Paige,Rios,F,1960-10-17,51-65,Singaporean,Gold,2070,stephanieburton@example.com,+61
196,PAX0000196,Kristy,Riley,F,2001-09-24,18-25,Singaporean,Gold,2147,michelle52@example.com,+61
197,PAX0000197,John,Welch,M,1955-01-15,65+,Singaporean,None,6472,brittany58@example.org,+60
198,PAX0000198,Joel,Johnson,M,1971-07-08,51-65,Australian,None,11370,marie11@example.net,+62
199,PAX0000199,Jonathon,Ford,M,1990-10-26,26-35,Indonesian,Silver,10905,colelisa@example.net,+62
200,PAX0000200,Frank,Alvarez,M,1963-03-15,51-65,Indonesian,None,7567,susanhayes@example.com,+60
201,PAX0000201,Angela,Lucas,F,1999-01-01,26-35,Indonesian,None,5136,wrightsamuel@example.com,+61
202,PAX0000202,Joseph,Moore,M,1986-01-20,36-50,Indonesian,None,439,samantha66@example.com,+61
203,PAX0000203,Kyle,Mccormick,M,1996-08-04,26-35,Indonesian,Silver,881,cameron18@example.net,+65
204,PAX0000204,Diane,Cummings,F,1976-09-12,36-50,Singaporean,None,11441,mathewaguilar@example.org,+62
205,PAX0000205,Emily,Douglas,F,1974-03-13,36-50,American,Silver,4662,tanderson@example.org,+65
206,PAX0000206,Justin,Schneider,M,1971-06-17,51-65,Indonesian,None,46,lisa81@example.net,+60
207,PAX0000207,Jessica,Cox,F,1996-01-07,26-35,Malaysian,None,534,kyle35@example.com,+60
208,PAX0000208,Darrell,Taylor,M,1963-06-17,51-65,Other,Gold,5445,phillipskristin@example.net,+62
209,PAX0000209,Joshua,Rodgers,M,2002-11-07,18-25,Indonesian,None,25,stanleynancy@example.net,+60
210,PAX0000210,Linda,Moore,F,1959-04-24,51-65,Indonesian,Gold,876,mariewise@example.org,+61
211,PAX0000211,Jessica,Jenkins,F,1999-06-21,18-25,Indonesian,Gold,3978,tarabishop@example.net,+62
212,PAX0000212,Joann,Ferguson,F,2003-09-24,18-25,British,Platinum,5886,tammy73@example.com,+65
213,PAX0000213,Theresa,Joyce,F,1996-07-20,26-35,Indonesian,None,5277,xhammond@example.com,+60
214,PAX0000214,Joseph,Burch,M,1984-08-12,36-50,Singaporean,Platinum,1269,laurietaylor@example.com,+62
215,PAX0000215,Margaret,Sawyer,F,1953-12-10,65+,Japanese,None,6227,dawsonzachary@example.org,+60
216,PAX0000216,Bradley,Martin,M,1969-10-16,51-65,Indonesian,None,1354,jwhitehead@example.com,+61
217,PAX0000217,Travis,Walker,M,1956-08-19,65+,Indonesian,Gold,1968,bwilkerson@example.com,+60
218,PAX0000218,Jennifer,Brooks,F,1954-01-06,65+,British,None,6861,xvang@example.org,+61
219,PAX0000219,Emma,Garcia,F,1952-04-23,65+,Australian,None,5243,lacey20@example.com,+62
220,PAX0000220,Kaitlyn,Guerra,F,2006-11-09,18-25,Other,None,9459,awest@example.org,+65
221,PAX0000221,Dawn,Conley,F,1951-09-08,65+,Other,Gold,5359,srodriguez@example.org,+60
222,PAX0000222,Bryan,Allen,M,1970-11-20,51-65,Japanese,None,4200,fbrown@example.net,+62
223,PAX0000223,Alexis,Robertson,F,1986-11-14,36-50,Indonesian,Silver,491,jennifercarter@example.org,+60
224,PAX0000224,Heather,Duncan,F,1992-03-25,26-35,Japanese,Platinum,2292,elizabethmiller@example.com,+62
225,PAX0000225,Troy,Stephens,M,1954-12-31,65+,Indonesian,Silver,1540,myerstheodore@example.net,+60
226,PAX0000226,William,King,M,1976-09-19,36-50,Singaporean,Silver,1398,kellycarlos@example.org,+61
227,PAX0000227,Mary,Garcia,F,2000-04-08,18-25,Singaporean,None,18061,dennis58@example.com,+62
228,PAX0000228,Marvin,Greer,M,2005-10-01,18-25,Indonesian,None,2496,epollard@example.net,+62
229,PAX0000229,Robert,Brown,M,1962-10-18,51-65,American,None,11130,mjohnson@example.org,+61
230,PAX0000230,Christina,Williams,F,2004-03-24,18-25,Malaysian,Silver,4986,zachary87@example.com,+61
231,PAX0000231,Paul,Lee,M,1952-11-19,65+,American,Silver,7919,michelle05@example.com,+61
232,PAX0000232,Rebecca,Kim,F,1958-11-11,65+,Other,None,3492,ypaul@example.com,+60
233,PAX0000233,Jon,Jimenez,M,1963-02-08,51-65,Indonesian,Platinum,4300,laurie61@example.com,+60
234,PAX0000234,Zachary,White,M,1991-05-23,26-35,Other,None,3391,manuel15@example.net,+60
235,PAX0000235,Eric,Morrison,M,1970-07-06,51-65,Indonesian,None,1086,cjackson@example.com,+62
236,PAX0000236,Amanda,Berg,F,1980-10-26,36-50,Indonesian,None,6408,christina64@example.net,+62
237,PAX0000237,Travis,Jones,M,2004-04-02,18-25,Japanese,None,1647,zcox@example.net,+65
238,PAX0000238,Christopher,Johnson,M,1996-08-16,26-35,Indonesian,Gold,123,ejohnson@example.org,+65
239,PAX0000239,Matthew,Cox,M,2003-05-16,18-25,Japanese,None,5184,jacobserika@example.com,+65
240,PAX0000240,Jeremy,Jones,M,1975-09-16,36-50,Indonesian,Platinum,974,alyssasanders@example.net,+65
241,PAX0000241,Danielle,Wilson,F,1969-05-10,51-65,Japanese,None,14105,victorhughes@example.net,+62
242,PAX0000242,Dennis,Green,M,1958-05-28,65+,Indonesian,Gold,15387,nlewis@example.com,+65
243,PAX0000243,Sydney,Henry,F,1997-08-13,26-35,Indonesian,None,12317,taylorcharles@example.org,+65
244,PAX0000244,Jill,Miller,F,1998-12-08,26-35,Indonesian,Silver,2311,elizabeth18@example.net,+61
245,PAX0000245,Stephanie,York,F,1970-02-24,51-65,Australian,Silver,77,laurahicks@example.org,+62
246,PAX0000246,Rebecca,Young,F,1964-01-26,51-65,Indonesian,Platinum,13177,jjohnson@example.net,+62
247,PAX0000247,Julie,Bird,F,1975-07-01,36-50,Indonesian,Platinum,2794,cherylmiller@example.com,+62
248,PAX0000248,Yvonne,Higgins,F,1977-06-27,36-50,British,None,17004,khammond@example.org,+62
249,PAX0000249,Valerie,Day,F,1958-12-03,65+,Malaysian,None,16568,howens@example.com,+62
250,PAX0000250,Sherry,Deleon,F,1959-02-15,51-65,Singaporean,None,9586,katrinaanderson@example.net,+60
251,PAX0000251,Sandra,Holmes,F,1954-03-01,65+,Indonesian,Silver,1743,fred53@example.com,+60
252,PAX0000252,Stephanie,Singleton,F,1985-09-14,36-50,Indonesian,None,2431,james84@example.org,+62
253,PAX0000253,Eric,Ferguson,M,1992-12-04,26-35,Indonesian,Gold,9523,brittanycarpenter@example.org,+61
254,PAX0000254,Lori,Winters,F,1995-03-21,26-35,Japanese,None,1905,megan90@example.org,+62
255,PAX0000255,Amber,May,F,1955-12-02,65+,Indonesian,Silver,928,debra96@example.net,+60
256,PAX0000256,Andre,Small,M,1993-11-16,26-35,Malaysian,None,4068,dawn47@example.org,+62
257,PAX0000257,Robert,Sullivan,M,2005-02-24,18-25,Indonesian,None,13756,djones@example.org,+60
258,PAX0000258,Jason,Marshall,M,1980-04-22,36-50,Singaporean,Silver,5954,catherine55@example.net,+60
259,PAX0000259,William,Anderson,M,1973-11-23,51-65,Indonesian,Gold,4220,zachary15@example.org,+61
260,PAX0000260,Bryan,Cole,M,1982-02-19,36-50,Other,Silver,511,colinroberts@example.com,+60
261,PAX0000261,Jason,Estes,M,1992-04-08,26-35,Singaporean,None,4772,lisapeck@example.net,+61
262,PAX0000262,Colton,Moore,M,1971-09-03,51-65,British,None,23052,tjimenez@example.com,+60
263,PAX0000263,Brandon,Long,M,1951-12-21,65+,Australian,Silver,754,nlevy@example.net,+61
264,PAX0000264,Anthony,Campbell,M,1974-05-29,36-50,Singaporean,Silver,3652,amitchell@example.org,+60
265,PAX0000265,Cesar,Baker,M,1979-09-19,36-50,Indonesian,Silver,10493,kathryn50@example.com,+60
266,PAX0000266,Laura,Lee,F,1953-11-15,65+,Indonesian,None,6750,charles87@example.net,+65
267,PAX0000267,Samantha,Hanson,F,1969-06-05,51-65,Indonesian,Silver,5970,andersoncolin@example.com,+62
268,PAX0000268,William,Grant,M,2004-06-26,18-25,Australian,None,6061,kari39@example.net,+61
269,PAX0000269,Kathryn,Williams,F,1977-09-15,36-50,Indonesian,None,2227,jenniferbrock@example.net,+60
270,PAX0000270,Chase,Barry,M,1981-06-28,36-50,American,None,1737,markaustin@example.org,+62
271,PAX0000271,William,Stevenson,M,1977-02-17,36-50,Indonesian,Silver,8286,brittney88@example.net,+61
272,PAX0000272,Michelle,Evans,F,1983-09-23,36-50,Indonesian,None,8306,richardsonemily@example.com,+62
273,PAX0000273,Elizabeth,Roach,F,1990-02-10,26-35,Indonesian,None,10089,carlsonjoseph@example.net,+61
274,PAX0000274,Valerie,Lane,F,2003-09-02,18-25,Indonesian,None,12223,jennifersilva@example.org,+62
275,PAX0000275,Mark,Harvey,M,1986-01-24,36-50,Indonesian,Platinum,3580,rhernandez@example.org,+65
276,PAX0000276,Laura,Graves,F,1952-07-16,65+,Indonesian,None,3480,andrewedwards@example.org,+61
277,PAX0000277,Melissa,Jenkins,F,1978-06-30,36-50,Indonesian,None,8004,vsalas@example.net,+65
278,PAX0000278,Michele,Stone,F,1954-08-19,65+,Indonesian,Gold,5248,whitney78@example.com,+62
279,PAX0000279,Tina,Stevens,F,1971-09-29,51-65,Indonesian,Platinum,6052,amy49@example.com,+60
280,PAX0000280,Tina,Ramirez,F,1963-06-23,51-65,Singaporean,Silver,7943,jeffrey44@example.net,+61
281,PAX0000281,Melissa,Burns,F,1964-06-30,51-65,Indonesian,None,11036,ybailey@example.net,+60
282,PAX0000282,Dwayne,Berry,M,1968-12-31,51-65,Japanese,Silver,2062,zhuang@example.com,+60
283,PAX0000283,Robert,Roberts,M,2002-12-31,18-25,Indonesian,None,2354,stephanie15@example.com,+61
284,PAX0000284,Dawn,Mendoza,F,1995-01-12,26-35,Indonesian,None,493,marianelson@example.net,+60
285,PAX0000285,Denise,Rodriguez,F,1997-10-07,26-35,Indonesian,Gold,4317,johnsantiago@example.net,+62
286,PAX0000286,Mark,Williams,M,1965-10-01,51-65,Indonesian,None,183,erivera@example.org,+60
287,PAX0000287,Patricia,Smith,F,1996-09-30,26-35,Malaysian,Gold,3133,richarddonovan@example.com,+65
288,PAX0000288,Matthew,Avila,M,1982-11-19,36-50,Indonesian,None,3911,manuel01@example.net,+65
289,PAX0000289,David,Rodgers,M,1989-06-18,26-35,Australian,Silver,1688,gentrygregory@example.org,+65
290,PAX0000290,Yolanda,Sanders,F,1952-11-12,65+,Indonesian,Silver,4468,vlopez@example.com,+61
291,PAX0000291,Alexandra,Bradley,F,1952-12-10,65+,British,Silver,154,hebertmatthew@example.com,+65
292,PAX0000292,Kimberly,Snyder,F,1994-01-12,26-35,Indonesian,None,190,melissamcdonald@example.org,+60
293,PAX0000293,Ashley,Martin,F,2005-06-07,18-25,Singaporean,None,8646,twong@example.org,+62
294,PAX0000294,Nancy,Gibbs,F,1951-05-09,65+,Indonesian,None,2232,gregorychase@example.com,+60
295,PAX0000295,Jessica,Murphy,F,2006-09-01,18-25,Indonesian,Gold,679,lcaldwell@example.org,+62
296,PAX0000296,Erica,Wright,F,1982-11-19,36-50,Indonesian,Silver,3693,patrick74@example.com,+62
297,PAX0000297,Lauren,Berry,F,1970-12-09,51-65,American,Silver,7348,desiree30@example.net,+65
298,PAX0000298,Julie,Moore,F,1958-06-09,65+,Singaporean,Silver,1215,hannah45@example.net,+62
299,PAX0000299,Colleen,Anderson,F,1965-06-03,51-65,Indonesian,Gold,4876,spencerzhang@example.com,+60
300,PAX0000300,Michael,Durham,M,1978-09-09,36-50,Indonesian,None,446,kathleenbecker@example.net,+65
301,PAX0000301,Angela,Griffin,F,2003-12-22,18-25,Other,Silver,265,christian91@example.org,+65
302,PAX0000302,Kimberly,Wagner,F,2006-10-16,18-25,Indonesian,None,3789,franklinbond@example.com,+61
303,PAX0000303,Melanie,Love,F,1958-04-21,65+,Malaysian,None,3889,gdavis@example.com,+60
304,PAX0000304,Anthony,Anderson,M,2005-06-04,18-25,Indonesian,Silver,5072,dbryant@example.net,+61
305,PAX0000305,Megan,Parker,F,1981-11-09,36-50,Indonesian,Gold,6474,fosterlisa@example.net,+65
306,PAX0000306,Laura,Williams,F,1965-03-21,51-65,Indonesian,Silver,18617,isabella80@example.org,+60
307,PAX0000307,Amanda,Ortiz,F,1982-07-08,36-50,Other,Silver,3631,katiegood@example.net,+61
308,PAX0000308,James,Vance,M,1978-12-31,36-50,Singaporean,Platinum,1950,ykane@example.com,+60
309,PAX0000309,Melanie,Stanley,F,1955-11-08,65+,Singaporean,None,7928,desireebailey@example.org,+65
310,PAX0000310,James,Anderson,M,1986-12-14,36-50,Singaporean,None,1579,maryavila@example.com,+60
311,PAX0000311,Michael,Stephens,M,1981-11-25,36-50,Indonesian,None,2889,pmorrow@example.com,+65
312,PAX0000312,Brittney,Lopez,F,1973-12-12,51-65,Other,None,408,johnsondonna@example.net,+65
313,PAX0000313,Timothy,Small,M,2002-07-10,18-25,Indonesian,None,128,jamiegarcia@example.org,+62
314,PAX0000314,Kyle,Warner,M,1980-10-09,36-50,Malaysian,Gold,16436,sanchezbradley@example.com,+65
315,PAX0000315,Kimberly,Webster,F,1966-05-04,51-65,Indonesian,None,9038,taylorvictoria@example.org,+65
316,PAX0000316,Sydney,Johnston,F,2005-11-27,18-25,Indonesian,None,5953,joel28@example.org,+65
317,PAX0000317,Elizabeth,Brown,F,1978-07-15,36-50,Singaporean,Gold,2629,conniesimmons@example.com,+61
318,PAX0000318,William,David,M,1953-08-01,65+,Indonesian,None,951,ufloyd@example.net,+61
319,PAX0000319,Jason,Evans,M,1978-09-21,36-50,Indonesian,Platinum,850,karenwells@example.org,+61
320,PAX0000320,Shannon,Thomas,F,1970-11-09,51-65,Australian,Gold,1440,jmelendez@example.com,+61
321,PAX0000321,Justin,Anderson,M,1978-09-26,36-50,Japanese,Gold,3983,jonathanrivera@example.org,+65
322,PAX0000322,Sarah,Davis,F,1980-12-31,36-50,Indonesian,None,6269,brettbennett@example.net,+60
323,PAX0000323,Andrew,Jones,M,1991-06-03,26-35,Malaysian,Silver,5396,timothybooth@example.com,+62
324,PAX0000324,Tina,Smith,F,1971-01-09,51-65,Indonesian,None,1642,suzannewilson@example.com,+61
325,PAX0000325,Michael,Padilla,M,1966-11-25,51-65,British,None,15490,jherman@example.com,+65
326,PAX0000326,Diane,Owens,F,2003-03-02,18-25,American,Platinum,6695,kyle58@example.com,+61
327,PAX0000327,Brett,Zavala,M,1982-02-07,36-50,Indonesian,None,4041,ugill@example.org,+61
328,PAX0000328,Erik,Williams,M,1975-08-14,36-50,Indonesian,None,4730,joycesmith@example.net,+62
329,PAX0000329,Lauren,Butler,F,1990-02-19,26-35,Japanese,None,2720,jameshall@example.net,+60
330,PAX0000330,Danielle,Pierce,F,2007-02-07,18-25,Malaysian,None,1423,jonathan77@example.com,+61
331,PAX0000331,Morgan,Bell,F,1961-11-03,51-65,Singaporean,Platinum,2200,jenniferfreeman@example.net,+62
332,PAX0000332,Tina,Warren,F,1994-01-25,26-35,Indonesian,None,7090,landryelizabeth@example.org,+61
333,PAX0000333,Chad,Mccoy,M,1978-06-16,36-50,Australian,None,72,mannalbert@example.net,+62
334,PAX0000334,Jake,Williamson,M,1981-06-04,36-50,Indonesian,Silver,616,bhopkins@example.org,+61
335,PAX0000335,Juan,Smith,M,1986-08-11,36-50,Indonesian,Platinum,235,amanda40@example.net,+62
336,PAX0000336,Michael,Jordan,M,2005-09-23,18-25,Malaysian,None,207,danieldavis@example.org,+62
337,PAX0000337,Cheryl,Fox,F,1966-10-16,51-65,Indonesian,None,9671,joseph61@example.com,+62
338,PAX0000338,Judy,Sanchez,F,1978-01-08,36-50,Indonesian,Silver,6081,kevinclayton@example.org,+62
339,PAX0000339,Wendy,Santos,F,1994-11-17,26-35,British,None,3213,davisnicholas@example.net,+61
340,PAX0000340,Amy,Smith,F,1982-10-14,36-50,Indonesian,None,514,christopherbruce@example.net,+62
341,PAX0000341,Erin,Madden,F,2003-10-08,18-25,Indonesian,Silver,3382,jacobsonsamantha@example.org,+62
342,PAX0000342,Stephanie,Schwartz,F,1964-10-11,51-65,Indonesian,None,3207,enelson@example.net,+60
343,PAX0000343,Steven,Elliott,M,1969-06-21,51-65,British,Silver,950,whitemelissa@example.org,+61
344,PAX0000344,Kevin,Goodwin,M,1964-06-27,51-65,Japanese,None,2844,thickman@example.org,+61
345,PAX0000345,David,Davenport,M,1988-10-08,36-50,Indonesian,None,2541,irhodes@example.com,+65
346,PAX0000346,Perry,Taylor,M,1976-07-06,36-50,Indonesian,None,4783,masonterri@example.org,+61
347,PAX0000347,Jessica,Roberson,F,1957-01-14,65+,Indonesian,Gold,5040,cassie99@example.com,+65
348,PAX0000348,Erin,Walters,F,2003-01-12,18-25,Indonesian,Gold,231,whenry@example.net,+60
349,PAX0000349,Jessica,Frazier,F,1975-12-10,36-50,Indonesian,None,2346,nmiller@example.com,+61
350,PAX0000350,Danielle,Jones,F,2004-09-12,18-25,American,None,4915,eric26@example.com,+65
351,PAX0000351,Ashley,Smith,F,1974-12-09,36-50,Malaysian,None,3497,sean41@example.org,+60
352,PAX0000352,Cody,Cole,M,1956-05-01,65+,Malaysian,None,9706,fgarcia@example.com,+65
353,PAX0000353,Anna,George,F,1988-02-09,36-50,Indonesian,None,5374,michelle04@example.com,+60
354,PAX0000354,Peggy,Hardy,F,1976-10-12,36-50,Indonesian,Silver,889,ashleyjackson@example.com,+65
355,PAX0000355,Brenda,Turner,F,1961-12-04,51-65,Indonesian,None,365,kthomas@example.com,+60
356,PAX0000356,Jennifer,Washington,F,1969-03-04,51-65,Indonesian,Platinum,5141,wardsheryl@example.net,+62
357,PAX0000357,Jon,Jensen,M,1992-12-04,26-35,Malaysian,None,134,trodriguez@example.org,+65
358,PAX0000358,Gary,Oliver,M,1977-04-26,36-50,Indonesian,Silver,4406,scott69@example.org,+61
359,PAX0000359,Frank,Valentine,M,1970-11-02,51-65,Indonesian,None,14086,timothythompson@example.com,+60
360,PAX0000360,Doris,Neal,F,1972-02-10,51-65,Indonesian,Silver,4283,yfaulkner@example.org,+65
361,PAX0000361,Jamie,Velasquez,F,1972-07-26,51-65,Other,None,2456,kdiaz@example.org,+62
362,PAX0000362,Zachary,White,M,1990-09-10,26-35,Indonesian,None,5154,bentonsteven@example.net,+60
363,PAX0000363,Jeffrey,Carter,M,1964-08-28,51-65,Other,None,3064,fuenteslaura@example.com,+65
364,PAX0000364,Kathryn,Schultz,F,1996-03-09,26-35,Indonesian,Platinum,3944,johnnymoore@example.com,+62
365,PAX0000365,Jamie,Cole,F,2004-02-02,18-25,Australian,Silver,14190,iaguilar@example.net,+65
366,PAX0000366,Jennifer,Johnson,F,1997-06-18,26-35,Malaysian,Platinum,2439,jacqueline89@example.net,+65
367,PAX0000367,Brian,Wright,M,1956-03-05,65+,Indonesian,None,16245,gabriel90@example.net,+65
368,PAX0000368,Megan,Ross,F,1994-04-15,26-35,Other,Gold,11787,tammy61@example.org,+60
369,PAX0000369,Deanna,Dixon,F,1957-02-06,65+,Malaysian,Silver,1089,seanmyers@example.net,+60
370,PAX0000370,Melissa,Hernandez,F,1990-06-12,26-35,British,Silver,359,webbkenneth@example.org,+65
371,PAX0000371,Sandra,Cross,F,1958-04-16,65+,Indonesian,None,531,larry73@example.net,+65
372,PAX0000372,Gregory,Davis,M,1983-04-04,36-50,Indonesian,None,91,tflores@example.org,+60
373,PAX0000373,Michelle,Johnson,F,2005-07-11,18-25,Indonesian,Platinum,496,deborah23@example.net,+65
374,PAX0000374,Juan,Rivera,M,1962-04-07,51-65,Indonesian,None,5744,omullen@example.com,+61
375,PAX0000375,Cathy,Davidson,F,1993-03-31,26-35,Australian,Gold,369,vfoster@example.net,+62
376,PAX0000376,Jerry,Jordan,M,1963-10-27,51-65,Other,Silver,1920,bushjamie@example.net,+61
377,PAX0000377,Rebecca,Ray,F,2005-06-05,18-25,Malaysian,None,9317,michaelgonzalez@example.org,+65
378,PAX0000378,Michael,Burns,M,1968-03-30,51-65,Indonesian,Platinum,117,candice96@example.net,+62
379,PAX0000379,Gregory,Bruce,M,1958-03-02,65+,Indonesian,None,8422,lisamccarthy@example.com,+65
380,PAX0000380,Leslie,Powers,F,1992-03-17,26-35,Other,None,1655,david41@example.org,+60
381,PAX0000381,Michael,Dixon,M,1975-10-18,36-50,Indonesian,Silver,628,kcarlson@example.com,+60
382,PAX0000382,Cody,Reid,M,1979-03-07,36-50,Singaporean,Silver,5965,angelaburns@example.org,+62
383,PAX0000383,Ernest,Hayes,M,1963-02-15,51-65,Singaporean,Silver,4956,glennstephanie@example.com,+65
384,PAX0000384,Chloe,Cruz,F,1959-09-07,51-65,British,Silver,10497,fortiz@example.com,+62
385,PAX0000385,Ryan,Burns,M,1998-09-19,26-35,Indonesian,Silver,6641,cunninghamlaura@example.org,+60
386,PAX0000386,Andrew,Walker,M,1970-04-08,51-65,Australian,None,8134,gary79@example.net,+62
387,PAX0000387,Pamela,Dunn,F,2002-12-18,18-25,American,Silver,1656,armstrongjoseph@example.net,+60
388,PAX0000388,Wendy,Weaver,F,2006-06-01,18-25,Indonesian,Gold,976,wolfscott@example.org,+61
389,PAX0000389,Ashley,Greer,F,1979-04-29,36-50,Indonesian,Silver,6943,kennethkidd@example.com,+65
390,PAX0000390,Hannah,Montoya,F,1968-04-11,51-65,Indonesian,None,8221,hgrimes@example.org,+60
391,PAX0000391,Robert,Matthews,M,1964-09-03,51-65,Indonesian,Silver,23285,michelle96@example.org,+60
392,PAX0000392,Brenda,Clark,F,1992-04-27,26-35,Indonesian,None,2660,lindahudson@example.net,+62
393,PAX0000393,Linda,Jackson,F,1969-07-09,51-65,Indonesian,None,2326,keith48@example.net,+61
394,PAX0000394,Brandon,Estes,M,2005-11-12,18-25,Indonesian,None,7489,rsellers@example.net,+61
395,PAX0000395,Meredith,Anderson,F,1959-01-10,65+,Indonesian,Gold,2083,jenniferpoole@example.net,+65
396,PAX0000396,Katherine,Ray,F,1977-02-11,36-50,Other,Silver,13350,courtney67@example.org,+65
397,PAX0000397,Robert,Mack,M,1993-07-05,26-35,Indonesian,Silver,9774,rrobertson@example.net,+61
398,PAX0000398,Jordan,Freeman,F,1975-07-05,36-50,Indonesian,None,2801,meltonmelanie@example.org,+61
399,PAX0000399,Valerie,Reid,F,2000-02-18,18-25,Other,None,6948,melissa86@example.org,+60
400,PAX0000400,Roger,Simpson,M,1979-08-18,36-50,Indonesian,None,7023,maria58@example.net,+61
401,PAX0000401,Kylie,Washington,F,1959-04-12,51-65,Indonesian,Gold,544,patricia00@example.org,+61
402,PAX0000402,Richard,Stevens,M,1993-01-01,26-35,American,Silver,11642,nobleeric@example.com,+61
403,PAX0000403,Wendy,Patterson,F,1950-06-09,65+,Indonesian,None,3518,nicoleturner@example.com,+65
404,PAX0000404,Mary,Wright,F,1956-09-28,65+,Singaporean,None,8756,elizabeth20@example.com,+61
405,PAX0000405,Elizabeth,Lyons,F,1992-12-18,26-35,Japanese,Silver,1928,rubendavis@example.org,+62
406,PAX0000406,Daniel,Miller,M,1950-06-20,65+,Other,None,11293,aprilwallace@example.org,+60
407,PAX0000407,Gwendolyn,Martinez,F,1997-09-23,26-35,Australian,None,2464,ebenson@example.org,+61
408,PAX0000408,James,Cross,M,1965-12-21,51-65,Indonesian,None,54,garciamichael@example.com,+60
409,PAX0000409,Janet,Li,F,1959-09-22,51-65,Indonesian,None,11789,darlenebyrd@example.org,+65
410,PAX0000410,Kristine,Bishop,F,1986-06-29,36-50,Other,None,478,scottbowen@example.net,+61
411,PAX0000411,Brittany,Jenkins,F,2001-04-24,18-25,Singaporean,Silver,1923,fheath@example.org,+61
412,PAX0000412,Nicole,Lawrence,F,1959-12-03,51-65,Indonesian,None,14984,bbell@example.com,+60
413,PAX0000413,Charles,Hill,M,2004-03-23,18-25,Other,Silver,15039,wrightcarolyn@example.net,+62
414,PAX0000414,Dominique,Pugh,F,1991-09-27,26-35,Indonesian,Silver,4259,abbottdominique@example.com,+65
415,PAX0000415,Joseph,Hicks,M,1964-05-16,51-65,Singaporean,None,4996,dphillips@example.org,+61
416,PAX0000416,James,Allen,M,1984-01-26,36-50,Japanese,None,2975,ricetiffany@example.com,+62
417,PAX0000417,Carlos,Valencia,M,1971-12-05,51-65,Indonesian,None,1735,rdiaz@example.org,+65
418,PAX0000418,Kaitlin,Archer,F,2002-04-18,18-25,Malaysian,None,1992,smithcarlos@example.com,+61
419,PAX0000419,Andrew,Brown,M,1965-01-27,51-65,Malaysian,Silver,5581,ohunter@example.net,+60
420,PAX0000420,Pamela,Henderson,F,1984-06-27,36-50,Indonesian,None,6979,imiller@example.net,+65
421,PAX0000421,Brittany,Miller,F,1992-04-24,26-35,American,None,7840,dixonjames@example.org,+60
422,PAX0000422,Erin,Willis,F,1986-11-23,36-50,Singaporean,None,7794,collinssamuel@example.org,+65
423,PAX0000423,Dana,Middleton,F,1954-05-02,65+,Singaporean,None,478,chavezchelsea@example.com,+60
424,PAX0000424,Natalie,Yang,F,1995-09-20,26-35,Malaysian,Silver,3410,smithderrick@example.org,+61
425,PAX0000425,Kathleen,Reed,F,1961-07-17,51-65,Indonesian,Silver,296,gary24@example.net,+60
426,PAX0000426,Patricia,Johnson,F,1958-06-05,65+,Indonesian,Silver,3987,enelson@example.com,+61
427,PAX0000427,Vanessa,Burton,F,1998-11-12,26-35,Japanese,Platinum,2912,xgibson@example.org,+65
428,PAX0000428,Shannon,Jackson,F,1984-05-22,36-50,Indonesian,Platinum,10933,jonathangarcia@example.net,+62
429,PAX0000429,Miranda,Perez,F,1996-04-07,26-35,American,Silver,2160,williamsmichelle@example.org,+61
430,PAX0000430,John,Reyes,M,1953-07-09,65+,Indonesian,Silver,622,haroldhorne@example.org,+60
431,PAX0000431,Robert,Klein,M,1988-01-06,36-50,Indonesian,Silver,771,pwalker@example.com,+65
432,PAX0000432,Francisco,Mckenzie,M,1999-05-29,18-25,Indonesian,Platinum,7167,david02@example.org,+65
433,PAX0000433,Jose,Williams,M,2005-02-15,18-25,Indonesian,None,4814,djones@example.com,+61
434,PAX0000434,Ryan,Murphy,M,2003-01-12,18-25,Malaysian,None,533,msmith@example.com,+65
435,PAX0000435,Rachel,Stevenson,F,1988-10-04,36-50,Malaysian,Gold,439,stevenvargas@example.com,+61
436,PAX0000436,Patty,Oconnor,F,2002-12-20,18-25,Malaysian,Gold,6036,edwardrandolph@example.org,+60
437,PAX0000437,Kimberly,Fields,F,1966-04-01,51-65,Indonesian,None,377,tapiaaaron@example.net,+62
438,PAX0000438,Samuel,Acosta,M,1975-12-31,36-50,Indonesian,Silver,8625,harristonya@example.com,+62
439,PAX0000439,Tyrone,Kaufman,M,1983-11-16,36-50,Indonesian,Gold,6124,jenniferdavis@example.org,+62
440,PAX0000440,Kelly,Haynes,F,2007-12-06,18-25,Japanese,None,424,stephen19@example.org,+60
441,PAX0000441,Casey,Wilkins,M,1984-10-14,36-50,Indonesian,Silver,443,vargasbryan@example.net,+62
442,PAX0000442,Cynthia,Green,F,1959-04-15,51-65,Indonesian,Platinum,21577,sara65@example.com,+61
443,PAX0000443,Dillon,Jones,M,1981-03-15,36-50,British,None,2344,derekcarrillo@example.org,+65
444,PAX0000444,Brian,Cole,M,1960-12-19,51-65,Indonesian,Silver,2315,richard85@example.org,+60
445,PAX0000445,Eric,Baker,M,1981-02-22,36-50,Indonesian,None,8377,davislindsey@example.com,+60
446,PAX0000446,Michael,Morrison,M,2006-08-17,18-25,Indonesian,Gold,14710,marymurphy@example.org,+61
447,PAX0000447,Danielle,Kelly,F,1998-10-14,26-35,Indonesian,None,21343,byrdjorge@example.org,+62
448,PAX0000448,Tristan,Bond,M,1952-07-04,65+,Other,None,6999,codygarcia@example.org,+65
449,PAX0000449,Adam,Greer,M,1958-08-28,65+,Indonesian,None,2360,davidcolon@example.com,+60
450,PAX0000450,Lorraine,Newman,F,1997-02-03,26-35,Indonesian,Silver,435,samantha10@example.org,+62
451,PAX0000451,Stephanie,Ramos,F,1963-11-07,51-65,Malaysian,Silver,7506,christopherboone@example.com,+62
452,PAX0000452,Andrew,Murray,M,1958-09-24,65+,Indonesian,None,4086,sandrahamilton@example.net,+60
453,PAX0000453,Jon,Reyes,M,1977-04-09,36-50,Singaporean,Platinum,2760,nthompson@example.org,+60
454,PAX0000454,Douglas,Stephenson,M,1969-02-07,51-65,Indonesian,None,11841,mendezchristina@example.net,+65
455,PAX0000455,Kathleen,Andrade,F,1970-06-22,51-65,Australian,Silver,589,rbrown@example.com,+61
456,PAX0000456,Jennifer,Day,F,1959-09-25,51-65,Australian,Gold,3392,crystalpham@example.org,+65
457,PAX0000457,Richard,Howard,M,1976-06-03,36-50,Malaysian,Silver,57,kcooper@example.net,+62
458,PAX0000458,Jasmine,White,F,1972-04-11,51-65,Indonesian,None,3161,carla04@example.org,+62
459,PAX0000459,William,Moreno,M,2005-06-03,18-25,Japanese,Platinum,289,terrigarcia@example.net,+65
460,PAX0000460,Derek,Velasquez,M,1966-10-20,51-65,Indonesian,Gold,632,gallagherstacie@example.net,+61
461,PAX0000461,William,Price,M,2007-12-30,18-25,Malaysian,Silver,625,gregorywatkins@example.net,+61
462,PAX0000462,Ian,Vargas,M,1997-11-12,26-35,American,None,5237,stacey92@example.net,+62
463,PAX0000463,Sara,Cochran,F,1963-03-15,51-65,Indonesian,None,6852,lweaver@example.com,+62
464,PAX0000464,Ann,Hall,F,1952-12-22,65+,Malaysian,None,4377,andrewwoods@example.com,+62
465,PAX0000465,Christina,Anderson,F,1992-03-08,26-35,Indonesian,None,16373,samantharichard@example.com,+65
466,PAX0000466,Alex,Willis,M,1954-06-12,65+,Indonesian,None,2348,kimmathis@example.com,+62
467,PAX0000467,James,Mcmahon,M,1955-04-30,65+,Other,None,1682,vwillis@example.com,+61
468,PAX0000468,Chad,Moore,M,1972-05-06,51-65,Indonesian,None,10147,fconner@example.net,+65
469,PAX0000469,Carrie,Novak,F,1971-12-26,51-65,Indonesian,Gold,1265,jeffrey92@example.com,+61
470,PAX0000470,Morgan,Phillips,F,1971-04-10,51-65,Indonesian,Silver,16514,jessicarush@example.net,+65
471,PAX0000471,Sarah,Townsend,F,1977-01-15,36-50,Indonesian,Platinum,61,whitelucas@example.net,+61
472,PAX0000472,Mark,Garcia,M,1965-06-04,51-65,Malaysian,None,17512,vtaylor@example.org,+62
473,PAX0000473,Gregory,Flores,M,1966-08-03,51-65,Other,None,220,underwoodelizabeth@example.net,+61
474,PAX0000474,Jillian,Baker,F,1973-03-29,51-65,Japanese,None,11088,heatherbell@example.org,+60
475,PAX0000475,Aaron,Cruz,M,1999-06-01,18-25,Indonesian,Platinum,3750,acosta@example.com,+62
476,PAX0000476,Gregory,Bennett,M,1976-02-29,36-50,Japanese,None,24784,kkramer@example.net,+62
477,PAX0000477,Michael,Martin,M,2001-12-28,18-25,Indonesian,None,383,lloydarthur@example.org,+62
478,PAX0000478,Debbie,Garcia,F,1972-01-30,51-65,Singaporean,Silver,4035,george62@example.net,+62
479,PAX0000479,Joshua,Villanueva,M,1955-07-01,65+,Australian,None,17417,morgantricia@example.com,+65
480,PAX0000480,Andre,Dunlap,M,1998-05-02,26-35,Australian,Gold,3702,catherinehamilton@example.org,+65
481,PAX0000481,Erin,Mccann,F,1957-04-13,65+,Indonesian,Platinum,4963,uterry@example.net,+60
482,PAX0000482,Deborah,Campbell,F,1987-02-23,36-50,Indonesian,Gold,5949,codylong@example.net,+65
483,PAX0000483,Katherine,Brown,F,2007-07-18,18-25,Indonesian,None,3030,pattersonkelly@example.net,+65
484,PAX0000484,Lindsay,Gonzalez,F,1992-12-05,26-35,Singaporean,None,4938,clarkdanielle@example.org,+60
485,PAX0000485,Sarah,Parker,F,1982-08-14,36-50,Japanese,None,4389,qruiz@example.com,+61
486,PAX0000486,Maria,Hughes,F,1956-08-05,65+,Indonesian,None,11571,nicole52@example.com,+61
487,PAX0000487,Dennis,Marshall,M,1953-06-05,65+,British,None,232,maryelliott@example.org,+65
488,PAX0000488,Melissa,Davis,F,2001-07-31,18-25,American,Silver,1649,lindsey69@example.org,+61
489,PAX0000489,Antonio,Hughes,M,1988-01-24,36-50,Indonesian,None,15019,rsheppard@example.com,+60
490,PAX0000490,Stephen,Alvarez,M,1989-05-13,26-35,American,Gold,11048,fostermelissa@example.org,+62
491,PAX0000491,Kenneth,Black,M,1984-07-23,36-50,Indonesian,None,3040,davidtodd@example.org,+62
492,PAX0000492,William,Stokes,M,1961-10-07,51-65,Indonesian,Gold,4839,bradmiller@example.net,+65
493,PAX0000493,Christina,Carson,F,1980-01-08,36-50,Indonesian,Platinum,1624,maryscott@example.net,+60
494,PAX0000494,Austin,Hughes,M,2005-05-01,18-25,Indonesian,None,1042,rarnold@example.net,+62
495,PAX0000495,Sylvia,Smith,F,1981-07-27,36-50,American,Silver,3115,jrodriguez@example.org,+65
496,PAX0000496,Leah,Chang,F,1988-12-12,36-50,American,Silver,2179,buckleyanna@example.org,+60
497,PAX0000497,Donna,Nichols,F,2003-11-11,18-25,Indonesian,Silver,4381,natalie46@example.net,+60
498,PAX0000498,Laura,Kennedy,F,1983-06-09,36-50,Indonesian,Gold,404,joshuathomas@example.net,+61
499,PAX0000499,Michael,Williams,M,1996-09-20,26-35,Japanese,Silver,18324,hannah07@example.com,+60
500,PAX0000500,Alejandro,Roth,M,1975-09-27,36-50,Indonesian,None,21419,larry71@example.org,+65
501,PAX0000501,Eric,Manning,M,1959-07-16,51-65,Indonesian,Silver,5989,joseph69@example.net,+61
502,PAX0000502,Chelsea,Lewis,F,1956-06-20,65+,Indonesian,None,3840,wfigueroa@example.net,+61
503,PAX0000503,Roberto,Robertson,M,1975-11-02,36-50,Indonesian,Silver,1851,cameronmckinney@example.com,+60
504,PAX0000504,Phyllis,Warren,F,1959-08-16,51-65,Australian,None,8404,thompsonnancy@example.org,+61
505,PAX0000505,Amy,Johnson,F,2007-05-08,18-25,Indonesian,Gold,5771,hulljanet@example.com,+65
506,PAX0000506,Rodney,Wagner,M,1975-06-17,36-50,Malaysian,None,887,maldonadojohn@example.com,+62
507,PAX0000507,Jeremy,Horne,M,1990-10-26,26-35,British,None,12091,wmatthews@example.com,+62
508,PAX0000508,Ryan,Green,M,1961-07-09,51-65,Indonesian,Gold,8644,mitchellpaul@example.org,+65
509,PAX0000509,Richard,Lewis,M,1989-05-02,26-35,Malaysian,None,14958,deborahbyrd@example.com,+61
510,PAX0000510,Jennifer,Smith,F,1994-09-25,26-35,Indonesian,Silver,6468,wellsdavid@example.org,+61
511,PAX0000511,Rebecca,Walker,F,1991-04-20,26-35,Indonesian,Silver,4752,jennifer46@example.com,+61
512,PAX0000512,Gregory,King,M,2008-05-05,18-25,Indonesian,Silver,2708,hturner@example.net,+60
513,PAX0000513,Kevin,Smith,M,1977-06-02,36-50,Indonesian,Silver,13495,anna99@example.com,+61
514,PAX0000514,Michael,Olson,M,1970-09-14,51-65,Indonesian,None,10051,vanessa54@example.com,+65
515,PAX0000515,Michael,Stafford,M,1995-01-15,26-35,Indonesian,Silver,231,jacob83@example.org,+60
516,PAX0000516,Shannon,Patrick,F,2005-03-15,18-25,Japanese,None,133,rguerrero@example.org,+61
517,PAX0000517,Allison,Jimenez,F,1999-06-23,18-25,Singaporean,Platinum,2361,jordan66@example.com,+65
518,PAX0000518,Amanda,Erickson,F,2000-07-11,18-25,Malaysian,Gold,8318,matthewreeves@example.net,+62
519,PAX0000519,Mark,Alvarez,M,1986-10-10,36-50,Indonesian,None,21821,william28@example.org,+61
520,PAX0000520,Brent,Anderson,M,1970-05-21,51-65,Singaporean,Silver,815,jessica82@example.net,+62
521,PAX0000521,Martha,Walker,F,1973-03-26,51-65,British,Silver,4508,julieparker@example.com,+60
522,PAX0000522,David,Carter,M,1975-09-08,36-50,American,Platinum,2397,ruizmichelle@example.net,+65
523,PAX0000523,Tony,Jones,M,1989-11-18,26-35,American,Silver,17518,vincentdillon@example.com,+61
524,PAX0000524,Elizabeth,Brown,F,1986-06-13,36-50,Indonesian,None,9229,derrickgonzalez@example.com,+60
525,PAX0000525,Steven,Hatfield,M,1989-02-20,26-35,Indonesian,Gold,9110,lesliebaldwin@example.org,+62
526,PAX0000526,Gary,Hatfield,M,1983-07-28,36-50,Singaporean,Gold,3162,cynthia07@example.com,+61
527,PAX0000527,Philip,Jackson,M,1964-08-22,51-65,Indonesian,Silver,2679,tracygallagher@example.org,+61
528,PAX0000528,Lisa,Schultz,F,1959-03-14,51-65,Indonesian,Silver,1596,epatterson@example.com,+62
529,PAX0000529,Amanda,Gonzalez,F,1950-09-17,65+,Indonesian,None,290,stephanie58@example.org,+62
530,PAX0000530,Megan,Sims,F,1951-08-12,65+,Singaporean,Silver,10002,jeremywiley@example.com,+61
531,PAX0000531,Ashley,Gordon,F,1959-03-02,51-65,Indonesian,None,8380,gary04@example.com,+61
532,PAX0000532,Monica,Carlson,F,1981-06-02,36-50,Indonesian,Silver,40862,ryan25@example.com,+61
533,PAX0000533,Nicole,Martin,F,1974-11-03,36-50,Indonesian,Silver,28474,osmith@example.net,+61
534,PAX0000534,Daniel,Johnson,M,1959-04-28,51-65,Australian,None,4053,daviddawson@example.org,+65
535,PAX0000535,Shawn,Scott,M,1975-12-04,36-50,Indonesian,None,7326,wheelerbrandon@example.org,+65
536,PAX0000536,Sara,Williams,F,1994-11-13,26-35,Indonesian,None,14480,butleromar@example.net,+62
537,PAX0000537,Kara,Hernandez,F,1967-08-04,51-65,Indonesian,Gold,9473,turnerdorothy@example.net,+62
538,PAX0000538,Devin,Obrien,M,1985-10-19,36-50,Indonesian,None,1420,robertroach@example.net,+61
539,PAX0000539,Luke,Campbell,M,1999-04-22,18-25,Indonesian,None,2994,jimenezchelsea@example.com,+62
540,PAX0000540,Kelly,Harris,F,2006-12-23,18-25,British,None,691,cphillips@example.net,+61
541,PAX0000541,Susan,Watts,F,1984-03-02,36-50,Australian,Silver,15401,arivera@example.org,+65
542,PAX0000542,Brandon,Rodriguez,M,1996-02-05,26-35,Malaysian,None,4659,fhernandez@example.net,+60
543,PAX0000543,Misty,Garcia,F,1955-07-02,65+,Indonesian,None,1298,dawn74@example.com,+65
544,PAX0000544,Amber,Li,F,1981-12-26,36-50,Indonesian,None,5569,phelpsmichael@example.net,+62
545,PAX0000545,Jessica,Wilson,F,1971-09-03,51-65,Indonesian,None,4813,smithdevon@example.net,+61
546,PAX0000546,Gary,Kline,M,1961-12-30,51-65,Indonesian,None,2217,natalie15@example.com,+62
547,PAX0000547,Ashley,Ross,F,1962-11-02,51-65,Indonesian,Silver,602,ynelson@example.net,+60
548,PAX0000548,Karen,Fisher,F,2008-04-12,18-25,Indonesian,Gold,5567,danielhorton@example.org,+65
549,PAX0000549,Caitlin,Perry,F,2007-11-07,18-25,Indonesian,Platinum,3673,rpham@example.com,+65
550,PAX0000550,Lisa,Maxwell,F,1962-09-23,51-65,Indonesian,Platinum,7399,huffmannichole@example.net,+60
551,PAX0000551,Karen,Freeman,F,1959-04-14,51-65,Australian,Silver,3671,ealexander@example.com,+65
552,PAX0000552,Emily,Bush,F,1994-12-18,26-35,Indonesian,Gold,9558,tiffanysantiago@example.com,+61
553,PAX0000553,Kelly,Haynes,F,1985-09-19,36-50,Indonesian,Silver,4013,reynoldsjessica@example.com,+65
554,PAX0000554,Matthew,Davidson,M,1973-12-02,51-65,Other,None,4115,marygrant@example.net,+65
555,PAX0000555,Alexandra,Michael,F,1954-02-08,65+,Japanese,Gold,10463,kchristian@example.org,+62
556,PAX0000556,Katherine,Allen,F,2001-07-11,18-25,Malaysian,None,2583,brent38@example.net,+60
557,PAX0000557,Jamie,Young,M,1976-02-28,36-50,Indonesian,None,719,kwallace@example.com,+61
558,PAX0000558,Shannon,West,F,1956-05-19,65+,Indonesian,Platinum,146,hooperjulie@example.org,+61
559,PAX0000559,Jennifer,Johnson,F,1957-05-18,65+,Indonesian,Platinum,7035,petersenlatoya@example.net,+61
560,PAX0000560,Eric,Romero,M,1993-10-11,26-35,Japanese,None,4841,diamondbryant@example.com,+62
561,PAX0000561,Roger,Velasquez,M,1975-02-12,36-50,Australian,Silver,6088,xrivera@example.net,+60
562,PAX0000562,John,Sandoval,M,1991-03-21,26-35,Singaporean,None,1197,wwilson@example.net,+61
563,PAX0000563,April,Kelly,F,1965-06-25,51-65,Other,None,733,amy51@example.org,+62
564,PAX0000564,Johnathan,Underwood,M,1961-07-25,51-65,Indonesian,Silver,73,nrodriguez@example.org,+65
565,PAX0000565,Barbara,Phelps,F,1963-02-26,51-65,Indonesian,None,2158,stephenharrington@example.net,+65
566,PAX0000566,Ashley,Perry,F,1973-05-22,51-65,Other,None,4456,bartonshannon@example.net,+60
567,PAX0000567,Tina,Taylor,F,1990-06-30,26-35,American,None,2489,vsmith@example.org,+65
568,PAX0000568,Taylor,Roberson,F,1988-01-15,36-50,Indonesian,None,2876,xglass@example.org,+65
569,PAX0000569,Laura,Cross,F,1997-06-21,26-35,Indonesian,None,11725,dalesandoval@example.net,+61
570,PAX0000570,Kathy,Cruz,F,1972-04-17,51-65,Indonesian,None,2140,joshuastuart@example.com,+62
571,PAX0000571,Robert,Taylor,M,1981-03-17,36-50,British,Silver,3607,megan85@example.net,+65
572,PAX0000572,Timothy,Chen,M,2000-07-13,18-25,Indonesian,Silver,7654,jasonklein@example.net,+60
573,PAX0000573,Tammy,Anderson,F,1973-11-21,51-65,Other,None,2525,williambenson@example.com,+61
574,PAX0000574,Brian,Bell,M,1998-09-24,26-35,Indonesian,Silver,4865,qaguilar@example.net,+61
575,PAX0000575,Michael,English,M,1978-10-20,36-50,Australian,Gold,9915,natalie60@example.net,+61
576,PAX0000576,Allison,Thomas,F,1957-08-21,65+,Indonesian,Silver,14930,gonzalezkaren@example.org,+65
577,PAX0000577,Melinda,Thomas,F,1969-11-23,51-65,Australian,Gold,795,vaughnkenneth@example.net,+62
578,PAX0000578,Ian,Chavez,M,1952-08-03,65+,Japanese,Silver,13058,juliahoffman@example.org,+60
579,PAX0000579,Rachel,Lindsey,F,1985-02-28,36-50,Indonesian,None,3387,heather06@example.com,+61
580,PAX0000580,Tina,Daugherty,F,1978-09-27,36-50,Singaporean,Silver,1493,tammy00@example.net,+62
581,PAX0000581,Christina,Melton,F,1967-07-01,51-65,Indonesian,None,3072,ogreer@example.net,+65
582,PAX0000582,Maria,Fischer,F,1998-09-04,26-35,American,Silver,19568,kimberlybrandt@example.com,+65
583,PAX0000583,Cassandra,Fleming,F,1980-12-07,36-50,Indonesian,None,3392,sydneymoss@example.org,+65
584,PAX0000584,Amanda,Ramirez,F,1976-01-23,36-50,Malaysian,Silver,1993,david94@example.org,+61
585,PAX0000585,John,Pineda,M,1972-11-20,51-65,Singaporean,None,5017,hernandezmarcus@example.org,+61
586,PAX0000586,Timothy,Gilbert,M,2003-01-15,18-25,Singaporean,None,1373,tracy98@example.com,+65
587,PAX0000587,Richard,Stewart,M,1955-05-09,65+,Indonesian,None,394,susanmeyer@example.net,+62
588,PAX0000588,Jennifer,Herrera,F,1961-03-28,51-65,Other,None,689,baileynicole@example.net,+65
589,PAX0000589,Erin,Carter,F,1972-12-23,51-65,Other,Silver,685,wbarajas@example.net,+61
590,PAX0000590,Ashley,Reed,F,1950-12-28,65+,Malaysian,None,823,rebeccaaustin@example.net,+61
591,PAX0000591,Tina,Fleming,F,1966-12-26,51-65,Indonesian,Silver,747,patrick16@example.com,+65
592,PAX0000592,Misty,Johnson,F,1987-02-26,36-50,Indonesian,None,5120,willie87@example.com,+60
593,PAX0000593,Edward,Pearson,M,1953-05-17,65+,Japanese,Silver,1003,willie12@example.net,+61
594,PAX0000594,Adam,Jones,M,1986-09-04,36-50,Singaporean,None,2120,michellecoleman@example.org,+60
595,PAX0000595,Joshua,Park,M,1964-05-19,51-65,Australian,None,11354,elucas@example.net,+65
596,PAX0000596,Brittany,Stevens,F,1997-01-28,26-35,Indonesian,Gold,3211,benjamin10@example.org,+65
597,PAX0000597,Darlene,Jones,F,2004-06-09,18-25,British,None,5506,rhondarussell@example.com,+60
598,PAX0000598,Jennifer,Stewart,F,1993-04-12,26-35,British,None,945,inunez@example.org,+62
599,PAX0000599,Nathan,Brown,M,1994-01-15,26-35,Indonesian,Silver,1067,haynescharles@example.net,+60
600,PAX0000600,Donna,Jennings,F,1957-08-13,65+,Indonesian,None,208,campbellsara@example.com,+65
601,PAX0000601,Rodney,Johnson,M,1977-04-12,36-50,Japanese,Silver,925,amandataylor@example.com,+60
602,PAX0000602,Robert,Gardner,M,2004-08-11,18-25,Indonesian,Silver,1632,kennetheaton@example.net,+60
603,PAX0000603,Jacqueline,Herring,F,1994-06-26,26-35,Other,Silver,974,davidsmith@example.net,+62
604,PAX0000604,Joshua,Arroyo,M,1977-03-17,36-50,Other,Gold,464,jason53@example.com,+62
605,PAX0000605,Sarah,Thomas,F,1994-05-07,26-35,British,None,642,jeffreydavenport@example.org,+65
606,PAX0000606,Christopher,Marsh,M,1958-03-11,65+,Indonesian,None,3088,yorksarah@example.net,+65
607,PAX0000607,Maria,Jones,F,1981-10-12,36-50,Indonesian,Silver,1155,kingjames@example.net,+60
608,PAX0000608,Tiffany,Howard,F,1983-07-19,36-50,Indonesian,None,2264,craigharvey@example.org,+62
609,PAX0000609,Katelyn,Murphy,F,1972-01-07,51-65,Indonesian,None,3500,heather29@example.net,+60
610,PAX0000610,Rhonda,Benjamin,F,1975-03-13,36-50,Other,None,5862,adamsanchez@example.org,+62
611,PAX0000611,Patrick,Graham,M,1998-11-09,26-35,Australian,None,200,dennis57@example.com,+60
612,PAX0000612,Ian,Torres,M,1980-09-12,36-50,Japanese,None,8032,thompsoncatherine@example.com,+61
613,PAX0000613,Charles,Ryan,M,2006-08-19,18-25,Indonesian,None,4942,jessica11@example.org,+60
614,PAX0000614,Katie,Johnson,F,2008-03-16,18-25,Indonesian,None,426,nhammond@example.org,+61
615,PAX0000615,Debbie,Shannon,F,1987-12-05,36-50,American,Gold,10340,jvaldez@example.com,+62
616,PAX0000616,Daniel,Barton,M,1977-02-06,36-50,Singaporean,Gold,12683,dennis88@example.org,+62
617,PAX0000617,Jack,Smith,M,1977-05-24,36-50,American,None,315,melaniedrake@example.net,+61
618,PAX0000618,Christopher,Palmer,M,1996-12-12,26-35,Other,None,1620,kmoore@example.net,+65
619,PAX0000619,Shelby,Thomas,F,1995-04-07,26-35,Indonesian,Platinum,8204,ccrosby@example.org,+60
620,PAX0000620,John,Brown,M,2002-03-18,18-25,Malaysian,None,6896,jim38@example.com,+60
621,PAX0000621,John,Gibson,M,1976-10-20,36-50,Indonesian,Silver,1019,williamsdeborah@example.org,+65
622,PAX0000622,Tracy,Schultz,F,1998-04-13,26-35,Malaysian,Silver,1174,mary49@example.net,+62
623,PAX0000623,Christopher,Valdez,M,1989-03-11,26-35,Indonesian,None,2313,briana18@example.com,+65
624,PAX0000624,Valerie,Walker,F,1976-01-01,36-50,Indonesian,Silver,3313,wgomez@example.com,+62
625,PAX0000625,Karen,Munoz,F,2004-05-01,18-25,Malaysian,None,4815,scotthall@example.net,+65
626,PAX0000626,Diana,Hernandez,F,1994-03-07,26-35,Indonesian,Gold,2301,michaellove@example.org,+62
627,PAX0000627,Crystal,Shepherd,F,1995-05-19,26-35,Indonesian,None,3104,olsontimothy@example.org,+61
628,PAX0000628,Christopher,Whitaker,M,1990-08-06,26-35,Singaporean,Silver,6881,sanchezdavid@example.net,+62
629,PAX0000629,Chad,Hunt,M,1961-05-10,51-65,Singaporean,None,186,brianscott@example.org,+60
630,PAX0000630,Tyler,Greene,M,1985-07-20,36-50,Singaporean,None,1454,johnsjessica@example.com,+61
631,PAX0000631,Claire,Obrien,F,1956-03-24,65+,British,None,6247,kdillon@example.org,+62
632,PAX0000632,Jason,Thomas,M,2006-11-24,18-25,Australian,Silver,11278,cindydixon@example.org,+61
633,PAX0000633,Melissa,Nielsen,F,1999-09-03,18-25,Other,None,3583,hallpaul@example.org,+65
634,PAX0000634,Dale,Heath,M,1951-07-09,65+,Indonesian,None,3797,mserrano@example.org,+60
635,PAX0000635,John,Mendez,M,1962-06-19,51-65,British,Silver,566,richamanda@example.org,+60
636,PAX0000636,John,Anderson,M,1956-09-25,65+,Indonesian,Silver,2965,princekimberly@example.net,+61
637,PAX0000637,Kelly,Wood,F,1979-10-03,36-50,Singaporean,Gold,3803,wolferoy@example.com,+65
638,PAX0000638,Patricia,Bell,F,2004-02-14,18-25,Indonesian,None,1388,colemanjonathan@example.org,+62
639,PAX0000639,Douglas,Mcdowell,M,1956-02-05,65+,Other,Platinum,1568,ascott@example.net,+65
640,PAX0000640,Rachel,Lane,F,2000-12-30,18-25,British,Silver,2368,meyernicholas@example.org,+60
641,PAX0000641,Robert,Ortiz,M,1997-03-12,26-35,Australian,Platinum,101,mooredenise@example.com,+62
642,PAX0000642,Scott,Henderson,M,1968-03-04,51-65,Singaporean,None,1943,cheryl63@example.com,+65
643,PAX0000643,Richard,Olson,M,1987-12-18,36-50,American,Platinum,1187,angie74@example.com,+61
644,PAX0000644,Haley,Thornton,F,1989-09-13,26-35,Singaporean,Silver,1983,melissahopkins@example.net,+61
645,PAX0000645,Jillian,Lyons,F,1966-01-10,51-65,Malaysian,None,637,craigromero@example.com,+65
646,PAX0000646,Krista,Terry,F,2004-11-21,18-25,Indonesian,None,11060,martintamara@example.org,+65
647,PAX0000647,Brandon,Thomas,M,2005-02-16,18-25,Indonesian,None,4501,qdavis@example.org,+62
648,PAX0000648,Angela,Johnson,F,1975-08-18,36-50,Malaysian,Silver,5683,zarias@example.net,+65
649,PAX0000649,Joseph,Dawson,M,1995-01-17,26-35,Indonesian,Platinum,7783,bautistalori@example.net,+62
650,PAX0000650,Jessica,Harris,F,1984-01-13,36-50,Singaporean,None,3450,james98@example.net,+65
651,PAX0000651,David,Jackson,M,1997-12-03,26-35,Indonesian,None,454,warddiana@example.org,+62
652,PAX0000652,Zachary,Chan,M,1956-04-20,65+,Indonesian,None,3851,elizabeth69@example.org,+60
653,PAX0000653,Adrian,Padilla,M,1985-08-16,36-50,Indonesian,Silver,4419,dunnjessica@example.net,+60
654,PAX0000654,Gregory,Richmond,M,1990-01-22,26-35,Australian,None,6841,jeremy37@example.com,+61
655,PAX0000655,Abigail,Thompson,F,1989-07-07,26-35,Indonesian,None,2825,hansenwesley@example.com,+62
656,PAX0000656,Regina,Frye,F,1958-05-10,65+,Indonesian,None,682,heather69@example.com,+61
657,PAX0000657,David,Morgan,M,2002-10-15,18-25,Indonesian,None,1668,lmaldonado@example.org,+62
658,PAX0000658,Brian,Jones,M,1983-03-11,36-50,Indonesian,Silver,2255,ericahall@example.com,+62
659,PAX0000659,Tyler,Black,M,1978-06-16,36-50,Indonesian,None,5191,haynesjose@example.com,+61
660,PAX0000660,James,Goodman,M,1956-09-20,65+,Indonesian,Platinum,4228,charles27@example.com,+62
661,PAX0000661,Colleen,Berry,F,1974-06-14,36-50,Indonesian,None,2201,staceyvega@example.org,+60
662,PAX0000662,Nancy,Young,F,1984-05-07,36-50,Japanese,Silver,21530,moniqueclark@example.org,+62
663,PAX0000663,David,Montgomery,M,2007-03-18,18-25,Indonesian,Gold,4654,kimberlywilson@example.org,+62
664,PAX0000664,Tina,Vasquez,F,1996-05-19,26-35,Indonesian,None,1353,duranamber@example.org,+60
665,PAX0000665,Karen,Oliver,F,2008-02-06,18-25,Indonesian,Silver,536,kvillanueva@example.com,+62
666,PAX0000666,Catherine,Duran,F,1983-10-17,36-50,Indonesian,Silver,829,raymond92@example.org,+60
667,PAX0000667,Robert,Mendoza,M,1986-03-03,36-50,Indonesian,Silver,1411,shawphillip@example.net,+61
668,PAX0000668,Christopher,Bray,M,2003-03-12,18-25,Australian,Silver,875,astewart@example.org,+65
669,PAX0000669,Daniel,Carpenter,M,1996-04-06,26-35,Indonesian,None,1032,michael42@example.net,+65
670,PAX0000670,Cynthia,Ruiz,F,1968-04-12,51-65,Singaporean,Silver,1678,michael76@example.org,+62
671,PAX0000671,Mercedes,Watson,F,1978-11-29,36-50,Indonesian,Silver,952,lramirez@example.net,+60
672,PAX0000672,William,Parks,M,1959-04-26,51-65,Indonesian,Platinum,11353,lelinda@example.net,+61
673,PAX0000673,Selena,Gonzalez,F,1979-10-21,36-50,Other,Platinum,418,thomassmith@example.com,+65
674,PAX0000674,Brandy,Barry,F,1984-05-22,36-50,Indonesian,Platinum,3717,kristen44@example.net,+61
675,PAX0000675,Amber,Garcia,F,1989-01-12,26-35,Indonesian,Silver,2641,briancervantes@example.com,+62
676,PAX0000676,Mark,Cole,M,2007-06-26,18-25,Singaporean,None,20193,jordan58@example.net,+62
677,PAX0000677,Deanna,Smith,F,2005-07-07,18-25,Malaysian,None,594,bellerin@example.net,+60
678,PAX0000678,Laura,Santos,F,1963-12-07,51-65,British,Platinum,2536,tiffanymitchell@example.com,+61
679,PAX0000679,Kayla,Hampton,F,1996-03-15,26-35,Indonesian,None,17445,ypreston@example.net,+62
680,PAX0000680,John,Frye,M,1969-11-21,51-65,Indonesian,Gold,10031,daniellemcfarland@example.com,+62
681,PAX0000681,Logan,Sullivan,M,1993-05-08,26-35,Indonesian,None,8493,millermatthew@example.com,+60
682,PAX0000682,Marissa,Page,F,1971-12-16,51-65,Indonesian,None,1491,cnelson@example.com,+65
683,PAX0000683,Laurie,Sheppard,F,2001-04-15,18-25,Indonesian,None,936,bjackson@example.org,+62
684,PAX0000684,David,King,M,1999-12-01,18-25,Indonesian,Silver,5522,clarkrandy@example.org,+62
685,PAX0000685,Timothy,Kennedy,M,1954-09-25,65+,British,None,13251,johnsonrandy@example.org,+62
686,PAX0000686,Dennis,Moore,M,1957-06-19,65+,Other,None,4068,pparker@example.net,+62
687,PAX0000687,Jessica,Martinez,F,1969-09-24,51-65,Indonesian,Platinum,4238,anthonyalvarado@example.com,+62
688,PAX0000688,Julie,Pitts,F,1982-10-17,36-50,British,Silver,1642,amy28@example.org,+65
689,PAX0000689,Kyle,Welch,M,1990-08-07,26-35,Indonesian,Gold,7337,omills@example.net,+65
690,PAX0000690,Terry,Olson,M,1971-06-19,51-65,Indonesian,Gold,1035,lindaramos@example.com,+65
691,PAX0000691,David,Torres,M,1978-06-11,36-50,Indonesian,None,1955,millskatherine@example.org,+62
692,PAX0000692,Donna,Nichols,F,1973-10-17,51-65,American,None,2770,earroyo@example.com,+62
693,PAX0000693,Ralph,Yates,M,1951-01-05,65+,American,None,3542,laurakelley@example.org,+65
694,PAX0000694,Stephen,Kim,M,1978-05-30,36-50,American,Gold,1388,frankmclaughlin@example.com,+60
695,PAX0000695,James,Baker,M,2006-10-07,18-25,Indonesian,None,609,hgarrett@example.net,+65
696,PAX0000696,Melissa,Nelson,F,2005-05-07,18-25,Japanese,None,4715,robert12@example.org,+62
697,PAX0000697,Ashley,Gibson,F,1970-02-05,51-65,Malaysian,None,1702,nnelson@example.com,+65
698,PAX0000698,Frank,Hernandez,M,1963-03-04,51-65,Indonesian,None,4352,lopezcurtis@example.com,+65
699,PAX0000699,Mike,Acosta,M,1958-11-25,65+,Singaporean,Silver,838,christophersmith@example.org,+60
700,PAX0000700,Jennifer,Floyd,F,1973-08-29,51-65,Indonesian,Silver,3280,dbolton@example.net,+62
701,PAX0000701,Andres,Miller,M,2004-03-31,18-25,Indonesian,None,3802,brianrowe@example.org,+65
702,PAX0000702,John,Lee,M,1987-05-11,36-50,Singaporean,Gold,266,lisa01@example.net,+62
703,PAX0000703,Janice,Proctor,F,1967-05-02,51-65,Japanese,None,2051,joanjohnson@example.com,+61
704,PAX0000704,Patricia,Boyd,F,2000-06-06,18-25,American,Silver,721,thomasmaldonado@example.com,+61
705,PAX0000705,Caitlin,Chandler,F,1972-05-17,51-65,Indonesian,None,327,kingdanielle@example.org,+65
706,PAX0000706,Stephen,Boyer,M,1974-12-02,36-50,American,Gold,23006,teresayoung@example.com,+62
707,PAX0000707,Alexis,Bauer,F,1972-06-22,51-65,Indonesian,Gold,1945,fosterjohn@example.org,+65
708,PAX0000708,Richard,Alvarez,M,1989-12-07,26-35,Indonesian,Silver,8300,nathandavis@example.org,+60
709,PAX0000709,Brandon,Montgomery,M,1984-05-30,36-50,Australian,Platinum,1469,browndeanna@example.net,+61
710,PAX0000710,Rebecca,Martinez,F,1986-11-22,36-50,Other,Platinum,5720,levigrant@example.net,+65
711,PAX0000711,Gregory,Snow,M,2001-11-19,18-25,Indonesian,None,7140,andrewgray@example.net,+60
712,PAX0000712,David,Williams,M,1959-07-24,51-65,Malaysian,None,4527,ihansen@example.net,+65
713,PAX0000713,Colton,Lopez,M,1983-09-29,36-50,British,Gold,3189,mario74@example.net,+61
714,PAX0000714,Caitlyn,Schmidt,F,1988-02-16,36-50,Indonesian,None,2653,qphillips@example.net,+62
715,PAX0000715,Jesse,Parsons,M,1975-05-17,36-50,Singaporean,None,2145,bgross@example.net,+61
716,PAX0000716,Ricardo,Allen,M,1975-03-03,36-50,Indonesian,Silver,13262,barrettamber@example.com,+65
717,PAX0000717,Kelly,Jimenez,F,1963-04-25,51-65,Malaysian,Platinum,8878,chloemorris@example.net,+60
718,PAX0000718,Brian,Mills,M,1972-04-21,51-65,Indonesian,Silver,16765,williamssharon@example.org,+65
719,PAX0000719,Dale,Washington,M,1952-07-09,65+,British,Gold,663,johnsondarlene@example.com,+62
720,PAX0000720,Katherine,Hanson,F,1995-03-01,26-35,Malaysian,Silver,6562,brandon39@example.net,+62
721,PAX0000721,Alexis,Mccall,F,1955-03-20,65+,Indonesian,None,13930,fhebert@example.com,+65
722,PAX0000722,Margaret,Ward,F,2004-11-25,18-25,Japanese,Platinum,999,yshort@example.net,+60
723,PAX0000723,Rodney,Baker,M,1954-05-12,65+,Malaysian,Silver,344,navarromary@example.org,+60
724,PAX0000724,Tyler,Davis,M,1965-01-31,51-65,Malaysian,Gold,6756,amandalopez@example.net,+61
725,PAX0000725,Danielle,Garrett,F,1995-02-03,26-35,Australian,None,4272,angelagrant@example.net,+65
726,PAX0000726,Ralph,Ray,M,1957-07-28,65+,Other,Platinum,9220,bpark@example.org,+61
727,PAX0000727,Ricky,Pierce,M,1961-09-29,51-65,Indonesian,None,752,diane89@example.com,+65
728,PAX0000728,Steven,Pierce,M,1974-05-15,36-50,Other,None,7930,megan66@example.net,+62
729,PAX0000729,Lee,Hart,M,1972-05-27,51-65,Indonesian,None,1125,nicholaspierce@example.net,+62
730,PAX0000730,Heather,Chavez,F,1967-09-07,51-65,Indonesian,None,893,csmith@example.com,+65
731,PAX0000731,Alan,Taylor,M,1990-12-07,26-35,Indonesian,Gold,897,adam33@example.com,+62
732,PAX0000732,Raymond,Harding,M,1951-11-14,65+,Indonesian,Silver,8425,samantha88@example.net,+65
733,PAX0000733,Brittney,Johnson,F,1989-04-16,26-35,Indonesian,None,5471,eric45@example.net,+61
734,PAX0000734,David,Shepherd,M,1967-05-25,51-65,Japanese,Gold,3701,duncanashley@example.org,+65
735,PAX0000735,Billy,Nguyen,M,2000-05-11,18-25,Indonesian,Gold,2222,sthompson@example.net,+62
736,PAX0000736,Sabrina,Davis,F,1989-08-09,26-35,Indonesian,None,10486,benjamin96@example.org,+62
737,PAX0000737,Anthony,Wise,M,2003-06-25,18-25,Indonesian,Gold,2491,nichole66@example.org,+65
738,PAX0000738,Darrell,Delgado,M,2002-10-26,18-25,Indonesian,Gold,8480,walterscrystal@example.org,+62
739,PAX0000739,Kelly,Flores,F,1971-02-18,51-65,Singaporean,Silver,2891,markwolfe@example.org,+61
740,PAX0000740,Michael,Osborn,M,1953-10-30,65+,Indonesian,Silver,2365,kmullins@example.net,+61
741,PAX0000741,Daniel,Roberts,M,1956-07-10,65+,Indonesian,None,3105,vhernandez@example.org,+65
742,PAX0000742,Laura,Williams,F,1982-10-10,36-50,Malaysian,Silver,1793,zbaker@example.net,+60
743,PAX0000743,Patricia,Anderson,F,1979-12-17,36-50,Indonesian,None,6883,timothygonzalez@example.com,+61
744,PAX0000744,Laura,Hoffman,F,1994-10-11,26-35,Indonesian,None,3493,johnadams@example.com,+61
745,PAX0000745,Michael,Johnston,M,1972-05-26,51-65,Indonesian,Silver,1321,powersrodney@example.com,+61
746,PAX0000746,Frank,Wheeler,M,1963-05-10,51-65,Indonesian,None,11491,carrillogary@example.com,+60
747,PAX0000747,Roberto,Lang,M,1992-04-29,26-35,Indonesian,None,2421,scottglass@example.org,+61
748,PAX0000748,Melissa,Moore,F,1963-12-25,51-65,Indonesian,Silver,3921,rodriguezbrian@example.net,+62
749,PAX0000749,Sheila,Wilkins,F,1960-06-10,51-65,Indonesian,Gold,11847,cooperlinda@example.com,+60
750,PAX0000750,John,Rivera,M,1981-01-07,36-50,Indonesian,None,4893,jamesmills@example.com,+61
751,PAX0000751,Karen,Blair,F,1987-09-27,36-50,Indonesian,None,621,heatherbarnett@example.com,+62
752,PAX0000752,Taylor,Rose,M,1990-01-24,26-35,Australian,Silver,14053,george43@example.net,+62
753,PAX0000753,Denise,Marshall,F,1992-06-11,26-35,Japanese,None,4940,jonesdonna@example.net,+65
754,PAX0000754,Thomas,Ward,M,2008-05-17,18-25,British,Gold,2039,smithmichelle@example.net,+61
755,PAX0000755,Crystal,James,F,1976-09-11,36-50,Singaporean,None,749,mckeetodd@example.net,+60
756,PAX0000756,Brandon,Gonzalez,M,1986-07-26,36-50,Indonesian,Gold,7900,tcastro@example.org,+62
757,PAX0000757,David,Moreno,M,1953-02-05,65+,Indonesian,Gold,4838,tracy20@example.com,+65
758,PAX0000758,Harold,Garrett,M,1996-12-16,26-35,Other,Gold,3812,wendyirwin@example.com,+65
759,PAX0000759,Antonio,Scott,M,2005-08-22,18-25,Indonesian,Platinum,11216,bzamora@example.net,+61
760,PAX0000760,Darius,Peterson,M,1969-06-17,51-65,Other,Silver,7769,fsandoval@example.net,+60
761,PAX0000761,Kelly,Gregory,F,1976-05-26,36-50,American,Platinum,822,robertberry@example.com,+62
762,PAX0000762,Theodore,Murphy,M,1971-08-26,51-65,Indonesian,None,1867,jamietaylor@example.net,+60
763,PAX0000763,Rebecca,Huffman,F,1996-12-10,26-35,Indonesian,Platinum,1428,haley82@example.com,+62
764,PAX0000764,Brianna,Fitzpatrick,F,2002-10-17,18-25,Indonesian,None,6811,lonniegrant@example.net,+62
765,PAX0000765,Clinton,Franco,M,1958-06-13,65+,Singaporean,None,170,jessicacannon@example.com,+60
766,PAX0000766,Elizabeth,Reese,F,1978-05-18,36-50,British,None,4218,edwin31@example.org,+61
767,PAX0000767,Allison,Odom,F,1962-12-18,51-65,Indonesian,None,7187,catherine93@example.net,+65
768,PAX0000768,Crystal,Johnson,F,1966-03-11,51-65,Indonesian,Gold,10468,wattsthomas@example.net,+60
769,PAX0000769,Larry,Joseph,M,2007-12-21,18-25,Indonesian,None,2093,jack67@example.com,+60
770,PAX0000770,Carla,Perez,F,1959-10-01,51-65,Indonesian,Gold,8609,aduran@example.com,+60
771,PAX0000771,Courtney,Powers,F,1978-07-02,36-50,Indonesian,None,586,katherinejones@example.com,+62
772,PAX0000772,John,Nguyen,M,1992-05-20,26-35,Indonesian,Platinum,9368,bclay@example.com,+61
773,PAX0000773,Amanda,Moss,F,2003-03-19,18-25,Indonesian,None,681,zcortez@example.net,+62
774,PAX0000774,Kenneth,Herrera,M,2000-12-01,18-25,Indonesian,Platinum,2531,meyershannon@example.org,+61
775,PAX0000775,Kelly,Foster,F,1967-02-11,51-65,Australian,Gold,7980,grantzachary@example.net,+62
776,PAX0000776,Colton,Gonzales,M,1953-09-30,65+,Indonesian,Silver,812,kim47@example.org,+61
777,PAX0000777,Edward,Ellison,M,1979-02-21,36-50,Japanese,Silver,1301,stevenlucas@example.org,+62
778,PAX0000778,Jonathan,White,M,1999-07-27,18-25,Indonesian,Gold,6405,phillipmorris@example.org,+62
779,PAX0000779,Jesse,Mosley,M,1962-07-26,51-65,Indonesian,None,6365,nicoledavis@example.com,+60
780,PAX0000780,Matthew,Dawson,M,1997-06-18,26-35,Indonesian,Gold,5124,jennifermartinez@example.org,+61
781,PAX0000781,Jerry,Cox,M,1998-06-14,26-35,Malaysian,None,5920,gacosta@example.net,+61
782,PAX0000782,Jamie,James,F,1961-04-10,51-65,Indonesian,Gold,3912,rhondacunningham@example.net,+60
783,PAX0000783,Carla,Thomas,F,1960-08-09,51-65,Indonesian,Gold,1450,barneskyle@example.com,+62
784,PAX0000784,Lori,Wilson,F,1970-01-16,51-65,Indonesian,None,2120,susansmith@example.com,+65
785,PAX0000785,Jimmy,Foley,M,1951-03-23,65+,Singaporean,Silver,1002,franklintrevor@example.org,+60
786,PAX0000786,Mary,Chavez,F,1990-06-19,26-35,Indonesian,Gold,11954,mmiller@example.org,+62
787,PAX0000787,Sonia,Ramirez,F,1967-01-17,51-65,American,Silver,4378,brandonhernandez@example.net,+62
788,PAX0000788,Andrew,Nash,M,1974-02-21,36-50,Indonesian,Gold,2561,mark10@example.org,+60
789,PAX0000789,Wendy,Martin,F,1978-10-07,36-50,Indonesian,None,3099,cheryl99@example.net,+60
790,PAX0000790,Tracy,Curry,F,1962-06-19,51-65,Indonesian,None,14714,sarah14@example.com,+61
791,PAX0000791,Steven,Wilkins,M,1975-06-22,36-50,Indonesian,Platinum,832,ebridges@example.com,+60
792,PAX0000792,Brandy,Neal,F,1982-06-07,36-50,Indonesian,None,4412,mark68@example.org,+62
793,PAX0000793,Christine,Brown,F,1997-09-28,26-35,Other,Silver,3524,webbhaley@example.net,+60
794,PAX0000794,Jessica,Abbott,F,1969-12-08,51-65,Malaysian,Platinum,4726,alicia95@example.org,+60
795,PAX0000795,Justin,Stone,M,1992-03-12,26-35,Indonesian,Gold,91,lvasquez@example.net,+62
796,PAX0000796,Michelle,Krause,F,1966-03-25,51-65,Malaysian,Silver,10283,wilsonsteven@example.org,+62
797,PAX0000797,Sarah,Marsh,F,2000-07-29,18-25,Other,None,13449,vgutierrez@example.com,+61
798,PAX0000798,Renee,Lewis,F,1988-07-12,36-50,Indonesian,None,4163,hannahking@example.org,+65
799,PAX0000799,Elizabeth,Pierce,F,1971-05-03,51-65,Malaysian,None,5964,wilsonmathew@example.com,+61
800,PAX0000800,Laura,Choi,F,1999-09-08,18-25,Indonesian,Gold,12787,jamesbass@example.net,+65
801,PAX0000801,Sydney,Robles,F,1982-12-30,36-50,Indonesian,None,6141,timothyburton@example.net,+60
802,PAX0000802,Joel,Olsen,M,1973-03-13,51-65,Other,Gold,827,conleykevin@example.net,+62
803,PAX0000803,Ethan,Herrera,M,1996-07-17,26-35,Indonesian,Silver,4293,barbararivera@example.com,+60
804,PAX0000804,Tracy,Ramirez,F,1954-11-24,65+,Japanese,None,4666,morgannicholas@example.net,+60
805,PAX0000805,Carol,Obrien,F,2007-09-20,18-25,Indonesian,None,2759,brookehancock@example.com,+62
806,PAX0000806,Scott,Mckinney,M,1998-05-21,26-35,Indonesian,None,6667,robert73@example.com,+62
807,PAX0000807,Sandra,Turner,F,1981-02-22,36-50,Indonesian,None,13618,gregory50@example.org,+65
808,PAX0000808,Jeremy,Johnson,M,1956-09-10,65+,Other,None,12989,jstein@example.org,+61
809,PAX0000809,Thomas,Oconnor,M,1973-07-15,51-65,Indonesian,Silver,2996,kimberly21@example.net,+62
810,PAX0000810,Wendy,Harris,F,1996-06-10,26-35,Indonesian,Platinum,600,stevensjennifer@example.net,+60
811,PAX0000811,Aaron,Randolph,M,1958-04-11,65+,Indonesian,None,20945,cookpamela@example.org,+65
812,PAX0000812,Ralph,Reese,M,1985-10-26,36-50,Indonesian,Gold,9128,lanelarry@example.org,+62
813,PAX0000813,Curtis,Mitchell,M,1972-03-24,51-65,Singaporean,Silver,665,kendra14@example.org,+61
814,PAX0000814,Denise,Smith,F,1961-02-09,51-65,Other,None,12681,clarkmichael@example.com,+62
815,PAX0000815,Charles,Bush,M,1968-11-02,51-65,Australian,Platinum,10197,audrey21@example.com,+60
816,PAX0000816,Steven,Fernandez,M,1992-02-15,26-35,Indonesian,None,3657,andersonthomas@example.net,+65
817,PAX0000817,Brian,Brown,M,1953-10-29,65+,Malaysian,None,4473,tmyers@example.net,+65
818,PAX0000818,Mark,Vaughn,M,1990-09-24,26-35,Indonesian,Silver,2545,tjensen@example.com,+65
819,PAX0000819,Craig,Chang,M,2006-01-07,18-25,Japanese,None,281,beltrankatelyn@example.com,+60
820,PAX0000820,Bonnie,Hess,F,1989-01-11,26-35,Malaysian,Silver,2041,tdavis@example.net,+60
821,PAX0000821,Michelle,Marshall,F,1994-03-31,26-35,American,Platinum,8119,staceythomas@example.net,+60
822,PAX0000822,Susan,Myers,F,1967-12-14,51-65,Indonesian,None,23,kristina57@example.com,+61
823,PAX0000823,Austin,Rodriguez,M,1952-06-14,65+,Indonesian,Silver,2028,kmurray@example.com,+65
824,PAX0000824,Gregory,Andrews,M,2002-08-26,18-25,Australian,Silver,2538,sullivanjennifer@example.org,+65
825,PAX0000825,Justin,Jones,M,1972-07-26,51-65,Indonesian,Silver,3854,amanda69@example.com,+62
826,PAX0000826,Lisa,Kelley,F,1966-08-17,51-65,British,None,12619,vreyes@example.org,+62
827,PAX0000827,Michael,Reynolds,M,2005-10-11,18-25,Malaysian,Silver,2125,vbradley@example.net,+62
828,PAX0000828,David,Bates,M,1997-08-17,26-35,Malaysian,None,2130,stevensonjennifer@example.com,+61
829,PAX0000829,Kevin,Ford,M,1958-03-04,65+,Indonesian,None,6687,shortgregory@example.com,+65
830,PAX0000830,Kyle,Jennings,M,1955-02-17,65+,Malaysian,Silver,3009,pmurphy@example.net,+60
831,PAX0000831,Ann,Montoya,F,1954-07-30,65+,Malaysian,Silver,1271,shermandonna@example.com,+60
832,PAX0000832,Eddie,Gilbert,M,1986-07-18,36-50,Indonesian,Gold,3011,rgonzalez@example.com,+62
833,PAX0000833,Laura,Gentry,F,1970-10-15,51-65,Indonesian,None,759,samantha65@example.org,+65
834,PAX0000834,Adam,Downs,M,1990-01-17,26-35,Australian,Gold,970,sabbott@example.org,+65
835,PAX0000835,Stephanie,Faulkner,F,1975-07-09,36-50,Malaysian,None,3449,warnerlori@example.com,+62
836,PAX0000836,Shannon,Glenn,F,1957-11-09,65+,American,Silver,2714,ryanlawrence@example.net,+61
837,PAX0000837,Michelle,Sullivan,F,1972-01-16,51-65,Indonesian,None,12316,qgardner@example.org,+62
838,PAX0000838,Charles,Peters,M,1982-09-15,36-50,British,Silver,2250,mary24@example.net,+65
839,PAX0000839,Chad,Jones,M,1958-12-08,65+,Australian,None,4344,thomasnicole@example.net,+62
840,PAX0000840,Vanessa,Taylor,F,1980-02-11,36-50,Singaporean,None,5001,dawnperry@example.com,+60
841,PAX0000841,Melissa,Conrad,F,2004-01-29,18-25,Indonesian,None,65,shawncoleman@example.com,+65
842,PAX0000842,Henry,Lopez,M,1976-07-28,36-50,British,None,5446,lanemelanie@example.org,+60
843,PAX0000843,Kathryn,Jenkins,F,1998-11-08,26-35,Australian,None,980,arthur09@example.com,+62
844,PAX0000844,Jacob,Carpenter,M,1998-05-11,26-35,British,Silver,16229,thomasjessica@example.com,+65
845,PAX0000845,Kelly,Mills,F,1982-01-12,36-50,Indonesian,None,804,sanchezcrystal@example.net,+60
846,PAX0000846,Blake,Schultz,M,1995-11-25,26-35,Indonesian,None,2677,chloe58@example.org,+62
847,PAX0000847,Jordan,Escobar,F,1982-04-19,36-50,Indonesian,None,446,robert44@example.org,+61
848,PAX0000848,Melissa,Harper,F,1952-10-18,65+,Japanese,Silver,28840,jessica94@example.org,+65
849,PAX0000849,John,Jackson,M,1993-03-20,26-35,Indonesian,Silver,3487,douglaskelly@example.net,+65
850,PAX0000850,Alexander,Washington,M,1992-11-16,26-35,Indonesian,Silver,4524,williamyork@example.com,+61
851,PAX0000851,Casey,Campbell,M,1967-07-18,51-65,Singaporean,Gold,347,alexis19@example.org,+62
852,PAX0000852,Patrick,Hopkins,M,1990-08-30,26-35,Indonesian,None,6930,lindsey43@example.com,+61
853,PAX0000853,Rebecca,Atkins,F,1962-09-12,51-65,Indonesian,None,1178,tracey29@example.org,+60
854,PAX0000854,Jon,Chaney,M,2007-05-24,18-25,Malaysian,Silver,11416,cyoung@example.net,+65
855,PAX0000855,Carol,Lane,F,1993-10-12,26-35,Indonesian,Silver,1147,brian41@example.org,+62
856,PAX0000856,Julie,Alvarez,F,1961-10-18,51-65,Malaysian,None,1057,wreese@example.net,+60
857,PAX0000857,Jamie,Thornton,F,1966-04-17,51-65,Indonesian,Gold,186,hbaker@example.com,+62
858,PAX0000858,Dylan,Salinas,M,1951-03-14,65+,Singaporean,None,3193,hgregory@example.net,+61
859,PAX0000859,Anne,Schmidt,F,1953-03-08,65+,British,None,4160,stephanie69@example.net,+61
860,PAX0000860,Frances,Adams,F,1968-12-10,51-65,Indonesian,Platinum,339,scottbreanna@example.com,+62
861,PAX0000861,Michael,Allen,M,2003-01-02,18-25,Singaporean,None,7470,aprilbyrd@example.org,+65
862,PAX0000862,Joshua,Chambers,M,1971-09-17,51-65,Indonesian,Gold,3019,smithconnor@example.org,+61
863,PAX0000863,Jeremy,Robinson,M,1997-01-15,26-35,British,None,3715,johnathan00@example.net,+62
864,PAX0000864,Amy,Wheeler,F,1956-08-25,65+,Australian,None,2905,stephanielittle@example.net,+61
865,PAX0000865,Angelica,Jacobs,F,1958-07-23,65+,Indonesian,Silver,2560,pdouglas@example.net,+62
866,PAX0000866,Tracy,Kemp,F,2005-01-18,18-25,American,Silver,4100,jonowens@example.org,+61
867,PAX0000867,Jody,Carney,F,1993-11-10,26-35,Indonesian,None,843,qschwartz@example.com,+65
868,PAX0000868,Candice,Jones,F,1967-11-27,51-65,Indonesian,Gold,1004,reyesmarvin@example.org,+61
869,PAX0000869,Tina,Baker,F,1967-12-19,51-65,Malaysian,None,9894,mjones@example.net,+65
870,PAX0000870,Christopher,Vasquez,M,1977-02-09,36-50,Indonesian,Gold,14604,amberreynolds@example.net,+60
871,PAX0000871,Ashley,Alexander,F,1994-03-04,26-35,Malaysian,None,2336,dakota11@example.net,+65
872,PAX0000872,Danielle,Griffin,F,1999-11-26,18-25,Indonesian,Silver,1578,ohernandez@example.org,+61
873,PAX0000873,Matthew,Adams,M,1952-12-19,65+,Indonesian,None,5164,rebecca90@example.net,+62
874,PAX0000874,Teresa,Henry,F,1998-07-18,26-35,Indonesian,Gold,2627,upowell@example.org,+65
875,PAX0000875,Courtney,Cruz,F,1987-02-23,36-50,Indonesian,None,128,imartinez@example.com,+62
876,PAX0000876,Melanie,Morales,F,1973-01-30,51-65,Indonesian,Silver,848,diazmelissa@example.com,+65
877,PAX0000877,Sarah,Hodges,F,1955-11-13,65+,Indonesian,Silver,6293,deborah28@example.org,+61
878,PAX0000878,Mary,Evans,F,1976-07-14,36-50,American,Gold,5378,omosley@example.net,+65
879,PAX0000879,John,Mcclure,M,1974-11-03,36-50,Australian,None,137,imoss@example.org,+61
880,PAX0000880,Allison,Davies,F,1963-07-14,51-65,Indonesian,None,1254,tracybrown@example.net,+65
881,PAX0000881,Elizabeth,Ferguson,F,1994-03-05,26-35,Indonesian,None,1313,blevy@example.org,+60
882,PAX0000882,Amy,French,F,1973-06-24,51-65,Japanese,None,5572,sullivanjason@example.net,+60
883,PAX0000883,Kelly,Bentley,F,1995-10-21,26-35,Malaysian,Platinum,99,joycehall@example.org,+65
884,PAX0000884,Nicolas,Burns,M,1952-11-25,65+,Indonesian,Silver,549,ruizsamantha@example.org,+60
885,PAX0000885,Michael,Anderson,M,1966-11-27,51-65,Other,Silver,8045,cynthiaconway@example.org,+65
886,PAX0000886,Lisa,Conley,F,1981-06-08,36-50,Malaysian,Gold,983,meyersdaniel@example.com,+61
887,PAX0000887,Rebecca,Walker,F,1990-11-18,26-35,Malaysian,Gold,5288,ronaldcain@example.net,+60
888,PAX0000888,Jennifer,Martinez,F,1996-07-22,26-35,Japanese,Silver,1360,marcoconnell@example.org,+62
889,PAX0000889,Amber,Thompson,F,2002-05-25,18-25,Indonesian,Silver,523,martinezdonald@example.com,+65
890,PAX0000890,Melissa,Tran,F,1961-10-29,51-65,Australian,None,1393,lsanchez@example.org,+60
891,PAX0000891,Ariel,Boone,F,1959-06-20,51-65,Indonesian,None,6405,bstrickland@example.com,+60
892,PAX0000892,Aaron,White,M,1955-11-20,65+,Australian,None,9679,mannbrittney@example.com,+61
893,PAX0000893,Michael,Sparks,M,1978-09-19,36-50,Singaporean,Silver,8866,nschwartz@example.org,+65
894,PAX0000894,Denise,Cole,F,1993-12-06,26-35,Indonesian,Gold,2530,sharonbishop@example.org,+60
895,PAX0000895,Christopher,Porter,M,1990-12-20,26-35,American,None,5514,burtonkimberly@example.com,+60
896,PAX0000896,Aaron,Young,M,1978-11-21,36-50,Indonesian,None,1146,downstiffany@example.net,+61
897,PAX0000897,Scott,Hatfield,M,1975-01-08,36-50,American,Silver,1734,stevensims@example.org,+60
898,PAX0000898,Anthony,Rodriguez,M,1969-03-15,51-65,Australian,Platinum,11332,ginaschmitt@example.com,+60
899,PAX0000899,Cassandra,Santiago,F,1984-03-31,36-50,Indonesian,Silver,65,brownmichael@example.org,+65
900,PAX0000900,David,Jensen,M,1979-12-21,36-50,Australian,None,446,vwilliams@example.org,+62
901,PAX0000901,Casey,Floyd,F,1986-12-17,36-50,Indonesian,None,1165,erobertson@example.org,+65
902,PAX0000902,Jill,Riley,F,1999-06-26,18-25,Indonesian,None,134,rgonzalez@example.com,+65
903,PAX0000903,Richard,Nguyen,M,1966-01-18,51-65,Indonesian,None,1001,youngrobert@example.org,+62
904,PAX0000904,Stephanie,Jones,F,1975-12-12,36-50,Indonesian,Silver,4373,bbrown@example.org,+60
905,PAX0000905,Timothy,Gibson,M,1965-02-06,51-65,Japanese,None,2735,dbrooks@example.net,+65
906,PAX0000906,Mark,Cantrell,M,1963-08-09,51-65,Indonesian,Gold,11159,matthewjohnson@example.net,+65
907,PAX0000907,Diana,Rodriguez,F,1954-06-14,65+,Indonesian,None,8503,kellis@example.com,+60
908,PAX0000908,Stephen,Munoz,M,1965-05-09,51-65,American,Silver,2091,belindatran@example.org,+60
909,PAX0000909,Jennifer,Boyd,F,1956-04-11,65+,Indonesian,Platinum,1501,brittanyhood@example.com,+61
910,PAX0000910,Nicholas,Fitzgerald,M,1951-05-19,65+,Indonesian,None,2387,johnhamilton@example.org,+65
911,PAX0000911,Tracy,Mcintyre,M,1990-08-30,26-35,Other,Silver,4461,butlerbradley@example.com,+60
912,PAX0000912,Patricia,Johnson,F,2000-04-21,18-25,American,Platinum,1560,zmendoza@example.net,+61
913,PAX0000913,Annette,Simpson,F,2006-04-13,18-25,Indonesian,None,4892,hansenalexander@example.net,+60
914,PAX0000914,Tiffany,Anderson,F,1978-01-23,36-50,Indonesian,None,2633,john10@example.com,+65
915,PAX0000915,Elizabeth,Warner,F,1995-12-02,26-35,Indonesian,Platinum,4015,braysteven@example.org,+65
916,PAX0000916,Jared,Clarke,M,1998-03-29,26-35,Singaporean,None,2864,courtney01@example.com,+65
917,PAX0000917,Faith,Johnson,F,1997-05-25,26-35,British,None,1743,smullins@example.net,+61
918,PAX0000918,Kenneth,Clark,M,1987-04-22,36-50,Australian,None,14826,olivermatthew@example.org,+61
919,PAX0000919,Theresa,Leonard,F,1985-06-02,36-50,Indonesian,None,7211,rodriguezmichael@example.net,+65
920,PAX0000920,Holly,Thompson,F,1953-03-04,65+,Singaporean,Silver,754,castrokim@example.org,+65
921,PAX0000921,Cynthia,Wilson,F,1973-03-08,51-65,Indonesian,None,10142,wmclaughlin@example.net,+61
922,PAX0000922,Christine,Mcgee,F,1998-03-22,26-35,Indonesian,None,3341,lukehurst@example.net,+62
923,PAX0000923,Jay,Brown,M,1996-09-06,26-35,Singaporean,Silver,11247,michael78@example.net,+62
924,PAX0000924,Bryan,Mckinney,M,2006-11-04,18-25,Indonesian,Silver,8043,shannon51@example.org,+60
925,PAX0000925,Anita,Myers,F,1981-07-20,36-50,Singaporean,None,2768,keithfrye@example.org,+61
926,PAX0000926,Desiree,Terry,F,1961-08-09,51-65,Indonesian,Silver,113,nhernandez@example.net,+61
927,PAX0000927,Alexander,Butler,M,1993-01-29,26-35,Indonesian,None,1564,thomasfisher@example.net,+61
928,PAX0000928,Alison,Lopez,F,1994-04-06,26-35,Other,None,3900,wigginsjesse@example.net,+60
929,PAX0000929,George,Lane,M,1994-04-06,26-35,Singaporean,Silver,5018,todd88@example.com,+62
930,PAX0000930,Eric,Anderson,M,1981-07-23,36-50,Indonesian,Silver,1491,george43@example.com,+62
931,PAX0000931,Tracy,Carrillo,F,1975-09-13,36-50,Indonesian,Silver,750,hernandezjustin@example.org,+60
932,PAX0000932,Thomas,Joseph,M,1992-06-28,26-35,Indonesian,Silver,9006,ian22@example.org,+65
933,PAX0000933,Bruce,Chaney,M,1966-08-01,51-65,Indonesian,Silver,20803,scottwood@example.org,+60
934,PAX0000934,Michael,Wade,M,1988-09-01,36-50,Indonesian,Silver,3729,earl78@example.org,+62
935,PAX0000935,Elizabeth,Knapp,F,1986-09-15,36-50,Singaporean,None,941,xvelazquez@example.org,+62
936,PAX0000936,Tanya,Moore,F,1981-07-24,36-50,Indonesian,Silver,1589,deborah47@example.com,+61
937,PAX0000937,Veronica,Berry,F,2001-09-17,18-25,Indonesian,Silver,92,laurenchandler@example.com,+65
938,PAX0000938,Michael,Dennis,M,1973-06-10,51-65,Indonesian,None,12284,taylorandrea@example.com,+65
939,PAX0000939,Jennifer,Randall,F,1952-01-30,65+,Indonesian,None,626,uhoward@example.org,+60
940,PAX0000940,Martin,Silva,M,1991-10-11,26-35,Singaporean,None,4296,kimberlywang@example.org,+60
941,PAX0000941,Angela,Atkinson,F,1951-12-05,65+,Indonesian,None,1601,daughertypreston@example.com,+65
942,PAX0000942,Lindsey,Hunt,F,1972-01-06,51-65,Indonesian,None,4039,kerrmichael@example.org,+60
943,PAX0000943,Sarah,Wood,F,1999-02-11,18-25,Indonesian,None,5269,alexander55@example.com,+60
944,PAX0000944,Shelly,Miller,F,1980-09-17,36-50,Singaporean,None,8852,afigueroa@example.com,+62
945,PAX0000945,Carla,Luna,F,1970-01-13,51-65,British,None,1156,achandler@example.org,+65
946,PAX0000946,Laurie,Miller,F,2007-04-01,18-25,Australian,Silver,55,kevinmcneil@example.net,+62
947,PAX0000947,Austin,Choi,M,1973-03-20,51-65,British,Silver,736,adavis@example.net,+61
948,PAX0000948,Jason,Peters,M,1968-12-28,51-65,American,Silver,11513,jamescollier@example.com,+61
949,PAX0000949,John,Carson,M,1988-01-31,36-50,Indonesian,None,10353,mary47@example.net,+60
950,PAX0000950,John,Johnson,M,2000-09-27,18-25,Indonesian,Silver,4549,moorekevin@example.net,+61
951,PAX0000951,Mallory,Martinez,F,2007-03-01,18-25,Indonesian,Silver,4587,robert73@example.org,+65
952,PAX0000952,Phillip,Snyder,M,1958-07-07,65+,Indonesian,None,5468,georgemichael@example.com,+65
953,PAX0000953,Jessica,Scott,F,1988-11-17,36-50,Other,None,964,hmccann@example.com,+61
954,PAX0000954,Nicholas,Smith,M,1985-04-08,36-50,Indonesian,None,12291,francisco02@example.com,+62
955,PAX0000955,Shawn,Taylor,M,1981-10-07,36-50,Indonesian,Gold,2713,brianward@example.net,+61
956,PAX0000956,Amber,Carter,F,1974-08-14,36-50,American,Gold,2415,palmerkatie@example.org,+62
957,PAX0000957,Anna,Goodwin,F,2002-06-06,18-25,Indonesian,Platinum,3658,monique44@example.net,+60
958,PAX0000958,Melissa,Davis,F,1997-11-21,26-35,Singaporean,Silver,240,madeline02@example.net,+61
959,PAX0000959,Jacqueline,Washington,F,1969-07-17,51-65,Indonesian,Silver,909,samantha21@example.org,+62
960,PAX0000960,Kathy,Decker,F,1960-11-28,51-65,Indonesian,Platinum,6697,butlersabrina@example.org,+61
961,PAX0000961,Bonnie,Smith,F,2006-02-11,18-25,Japanese,None,432,larry52@example.com,+61
962,PAX0000962,Joseph,Cordova,M,1991-01-23,26-35,Indonesian,None,4621,jenniferjohnson@example.org,+65
963,PAX0000963,Carl,Benson,M,1965-07-10,51-65,Indonesian,Silver,1407,kyleclark@example.org,+65
964,PAX0000964,Michael,Bowers,M,1979-04-20,36-50,Indonesian,None,2465,smithtodd@example.com,+62
965,PAX0000965,Craig,Johnson,M,1953-04-14,65+,Indonesian,None,1703,harrisonrebekah@example.org,+62
966,PAX0000966,Elizabeth,Smith,F,1954-11-25,65+,Malaysian,None,2197,pattonsamantha@example.org,+65
967,PAX0000967,Stephanie,Lopez,F,1990-05-18,26-35,Indonesian,None,6347,anthony24@example.net,+65
968,PAX0000968,Harold,Wyatt,M,1974-01-23,36-50,Singaporean,None,1762,williamjones@example.net,+65
969,PAX0000969,Adrian,Robinson,M,2002-05-01,18-25,Indonesian,Platinum,4178,tamarajackson@example.net,+61
970,PAX0000970,William,Garcia,M,1950-09-08,65+,British,Silver,3231,samanthayork@example.com,+60
971,PAX0000971,Michael,Lopez,M,1975-05-01,36-50,Indonesian,Silver,5448,whitemichael@example.com,+61
972,PAX0000972,Cindy,Perez,F,1979-04-02,36-50,Indonesian,Gold,13809,juarezleon@example.com,+65
973,PAX0000973,Joseph,Simpson,M,1957-11-24,65+,Singaporean,Silver,6594,janet80@example.org,+65
974,PAX0000974,Katherine,Cruz,F,1972-09-20,51-65,American,Silver,1209,tburke@example.net,+62
975,PAX0000975,Jeremy,Spencer,M,2007-08-18,18-25,Indonesian,None,158,traci63@example.org,+62
976,PAX0000976,Robert,Crosby,M,2007-08-17,18-25,Indonesian,Platinum,1520,harry71@example.com,+61
977,PAX0000977,Joseph,Rhodes,M,1980-03-14,36-50,Singaporean,None,4520,thomasrichard@example.net,+62
978,PAX0000978,Patrick,Stafford,M,1957-04-25,65+,Indonesian,Silver,263,calvinhester@example.com,+62
979,PAX0000979,Linda,Ewing,F,1964-01-08,51-65,Indonesian,None,3429,hallroger@example.com,+62
980,PAX0000980,Pamela,Miranda,F,1969-05-06,51-65,Indonesian,Gold,4542,katelyn65@example.com,+61
981,PAX0000981,Lindsey,Sullivan,F,1995-10-05,26-35,Singaporean,Silver,2034,jdixon@example.com,+62
982,PAX0000982,Barbara,Burns,F,1957-09-29,65+,Indonesian,None,7368,courtneytaylor@example.org,+65
983,PAX0000983,Anthony,Jones,M,2000-08-07,18-25,Indonesian,Gold,563,stantonpatrick@example.net,+61
984,PAX0000984,Brittany,Howell,F,1972-08-22,51-65,Indonesian,Silver,390,wolfdonna@example.net,+62
985,PAX0000985,Johnathan,Owens,M,2002-08-17,18-25,Indonesian,None,6513,ebony78@example.com,+65
986,PAX0000986,Gwendolyn,Heath,F,1987-04-22,36-50,Indonesian,None,3420,cisnerosanthony@example.com,+61
987,PAX0000987,Janet,Edwards,F,1958-07-02,65+,Indonesian,Silver,5830,cramos@example.org,+60
988,PAX0000988,Kristin,Dalton,F,1962-06-06,51-65,Other,None,2853,nicole27@example.com,+65
989,PAX0000989,Emily,Price,F,1959-07-18,51-65,Singaporean,Silver,1414,carrolltracy@example.net,+65
990,PAX0000990,Kimberly,Harrison,F,1997-01-12,26-35,Singaporean,None,8549,williammyers@example.com,+60
991,PAX0000991,Tricia,Jensen,F,1990-08-12,26-35,Australian,None,8032,katie45@example.org,+65
992,PAX0000992,Kevin,Anderson,M,1952-04-22,65+,Australian,None,5932,michael90@example.net,+65
993,PAX0000993,James,Patterson,M,1973-08-12,51-65,Indonesian,None,1588,robert03@example.org,+60
994,PAX0000994,Matthew,Watkins,M,1966-05-11,51-65,Indonesian,Platinum,4460,meltondanny@example.org,+62
995,PAX0000995,Joshua,Johnson,M,1951-09-25,65+,Japanese,None,2239,abradley@example.com,+61
996,PAX0000996,Michael,Chapman,M,1951-10-13,65+,Indonesian,None,480,nicholas65@example.net,+62
997,PAX0000997,Robert,Garcia,M,1957-01-15,65+,Malaysian,Platinum,12463,matthewshaw@example.net,+61
998,PAX0000998,Carol,Evans,F,1973-07-01,51-65,Malaysian,Silver,735,oharris@example.org,+65
999,PAX0000999,Sarah,Lewis,F,2007-07-31,18-25,Indonesian,None,15002,brandon96@example.org,+60
1000,PAX0001000,Patrick,Davis,M,1992-11-22,26-35,Indonesian,Silver,2953,vargasjoshua@example.net,+65
1001,PAX0001001,Joseph,Simmons,M,2004-11-29,18-25,Malaysian,None,1023,laura48@example.com,+62
1002,PAX0001002,Matthew,Edwards,M,1979-11-08,36-50,Indonesian,None,3903,nmorales@example.net,+61
1003,PAX0001003,Megan,Kelley,F,1981-03-27,36-50,Malaysian,None,10315,burtonzachary@example.org,+65
1004,PAX0001004,Jonathan,Guerrero,M,1989-08-24,26-35,Australian,None,6588,oadams@example.net,+62
1005,PAX0001005,Lisa,Hammond,F,2005-06-10,18-25,Malaysian,Silver,8213,umichael@example.net,+60
1006,PAX0001006,Kelly,Diaz,F,1954-06-20,65+,Other,None,5376,johnfrancis@example.com,+65
1007,PAX0001007,Jessica,Flores,F,2007-11-01,18-25,American,Silver,5892,waltersmeghan@example.com,+60
1008,PAX0001008,Dustin,Martin,M,2006-06-12,18-25,Indonesian,None,9458,richardwilson@example.org,+62
1009,PAX0001009,Danielle,Wilcox,F,1952-04-11,65+,Indonesian,None,1436,bwashington@example.com,+60
1010,PAX0001010,Susan,Harris,F,1994-06-01,26-35,Malaysian,Platinum,3361,derek44@example.net,+61
1011,PAX0001011,Christopher,Phelps,M,1987-11-13,36-50,Australian,Platinum,1250,dcasey@example.org,+61
1012,PAX0001012,Lindsay,Camacho,F,1971-10-03,51-65,American,Gold,21977,qmosley@example.net,+61
1013,PAX0001013,James,Larsen,M,1956-07-15,65+,Indonesian,None,14417,joelduncan@example.net,+65
1014,PAX0001014,Joseph,Calderon,M,1958-08-08,65+,Japanese,None,201,tyler13@example.net,+60
1015,PAX0001015,Raymond,Edwards,M,1958-09-18,65+,Malaysian,None,6113,vshaffer@example.org,+60
1016,PAX0001016,Daniel,Rodriguez,M,1979-03-03,36-50,Indonesian,Silver,12967,taragonzales@example.com,+60
1017,PAX0001017,Anthony,Ferguson,M,1990-07-04,26-35,Singaporean,None,995,stewartrodney@example.net,+60
1018,PAX0001018,Tracey,Suarez,F,1967-02-26,51-65,Indonesian,Silver,4196,michaelbaldwin@example.com,+65
1019,PAX0001019,Matthew,Stein,M,1951-10-29,65+,Indonesian,None,12354,skinnereileen@example.org,+65
1020,PAX0001020,Sylvia,Powers,F,1997-05-24,26-35,Indonesian,None,172,angela45@example.net,+65
1021,PAX0001021,Kimberly,Young,F,1958-09-12,65+,Indonesian,None,5977,zprice@example.com,+62
1022,PAX0001022,Ann,Carson,F,1970-11-13,51-65,Singaporean,Gold,1764,kennethvillarreal@example.org,+62
1023,PAX0001023,Lynn,Suarez,F,1980-04-03,36-50,Indonesian,None,12911,rmccormick@example.org,+60
1024,PAX0001024,Penny,Vasquez,F,2006-05-30,18-25,Indonesian,Gold,17712,vhouse@example.net,+60
1025,PAX0001025,Sherri,Wilkins,F,1979-02-18,36-50,Indonesian,Silver,14435,hollyhunter@example.com,+62
1026,PAX0001026,Lindsey,Li,F,1979-01-12,36-50,Indonesian,Silver,3214,shawn00@example.net,+60
1027,PAX0001027,Catherine,Ramos,F,1994-01-19,26-35,British,Gold,9904,aarongonzalez@example.com,+61
1028,PAX0001028,Kenneth,Rodriguez,M,1971-09-28,51-65,Malaysian,None,9307,zacharybooker@example.net,+62
1029,PAX0001029,Carlos,Wheeler,M,2002-04-29,18-25,Malaysian,None,1921,usparks@example.com,+62
1030,PAX0001030,Shelley,Anderson,F,1982-12-11,36-50,Indonesian,Gold,8827,graceserrano@example.com,+65
1031,PAX0001031,Angela,Richardson,F,1963-11-29,51-65,Indonesian,None,188,kwalter@example.org,+60
1032,PAX0001032,Tiffany,Leblanc,F,1951-10-21,65+,Indonesian,None,4535,rebeccamccann@example.org,+61
1033,PAX0001033,Meredith,Jackson,F,1968-03-16,51-65,Indonesian,None,1306,mwilliamson@example.com,+61
1034,PAX0001034,Brandon,Richardson,M,1960-07-19,51-65,Singaporean,Platinum,642,smithalicia@example.com,+65
1035,PAX0001035,Michael,Wilson,M,2006-09-08,18-25,Malaysian,Gold,400,jamesatkins@example.com,+61
1036,PAX0001036,Nicole,Reyes,F,1969-12-27,51-65,Indonesian,Gold,5958,mgates@example.org,+65
1037,PAX0001037,Diane,Byrd,F,2006-06-21,18-25,Japanese,None,2076,ywhite@example.org,+61
1038,PAX0001038,Dylan,Green,M,1952-05-08,65+,Other,Gold,6450,xsolomon@example.net,+60
1039,PAX0001039,Maria,Miller,F,1996-12-15,26-35,Indonesian,Silver,337,uanderson@example.net,+62
1040,PAX0001040,Melissa,Reeves,F,1977-06-12,36-50,Indonesian,None,1893,qfitzgerald@example.org,+65
1041,PAX0001041,Kristin,Williams,F,1956-11-16,65+,Indonesian,Silver,3877,thomasgomez@example.net,+61
1042,PAX0001042,Tracy,George,F,1996-01-15,26-35,Indonesian,None,7820,smithwilliam@example.com,+60
1043,PAX0001043,Vanessa,Lambert,F,1970-12-23,51-65,Indonesian,None,1919,tammyhansen@example.net,+65
1044,PAX0001044,David,Gordon,M,1962-08-07,51-65,Other,None,4916,natalie21@example.com,+60
1045,PAX0001045,Kerry,Thomas,F,1998-09-22,26-35,Australian,None,10856,edwardstiffany@example.com,+62
1046,PAX0001046,Diana,Ward,F,2007-03-15,18-25,Singaporean,None,4783,qcampbell@example.net,+65
1047,PAX0001047,Philip,Baker,M,2006-11-05,18-25,Singaporean,Platinum,1326,ryan25@example.net,+61
1048,PAX0001048,Pamela,Hernandez,F,1983-10-28,36-50,British,None,123,jbrown@example.org,+65
1049,PAX0001049,Catherine,Harrison,F,1966-01-13,51-65,Indonesian,None,10204,janicegraham@example.com,+60
1050,PAX0001050,Jessica,Zhang,F,1953-03-02,65+,Singaporean,None,107,hellis@example.net,+61
1051,PAX0001051,Becky,Davis,F,1960-06-19,51-65,Australian,Silver,10385,henry28@example.com,+61
1052,PAX0001052,Stephanie,Willis,F,1988-09-20,36-50,Indonesian,Gold,3763,foxashley@example.com,+65
1053,PAX0001053,David,Jimenez,M,1955-08-15,65+,Malaysian,Platinum,13989,clayanthony@example.net,+62
1054,PAX0001054,Bryan,Brooks,M,1996-09-16,26-35,Indonesian,None,8016,hooderic@example.org,+62
1055,PAX0001055,Sandra,Keller,F,1981-09-17,36-50,Indonesian,None,30910,rfuller@example.net,+61
1056,PAX0001056,Aaron,Booker,M,1995-03-03,26-35,Indonesian,Silver,2159,unguyen@example.net,+62
1057,PAX0001057,Laura,Lewis,F,2004-08-18,18-25,Indonesian,None,7287,solisjustin@example.org,+60
1058,PAX0001058,Andrea,Crane,F,2001-01-03,18-25,Singaporean,None,2570,qdavis@example.org,+65
1059,PAX0001059,Vincent,Glenn,M,1966-09-24,51-65,Indonesian,None,3268,smithjared@example.com,+60
1060,PAX0001060,Jennifer,Holland,F,2003-06-09,18-25,Indonesian,Gold,4937,davidhenry@example.com,+60
1061,PAX0001061,Renee,Collins,F,2000-06-20,18-25,Indonesian,Platinum,10344,michaeldavis@example.com,+65
1062,PAX0001062,Christina,Griffin,F,1985-04-12,36-50,Singaporean,Silver,20701,kalvarez@example.net,+61
1063,PAX0001063,Ann,Henderson,F,1979-03-08,36-50,American,None,7310,christina66@example.org,+65
1064,PAX0001064,Jose,Mcpherson,M,1953-02-22,65+,Indonesian,None,2704,deborahreeves@example.com,+60
1065,PAX0001065,Mark,Warren,M,1986-04-10,36-50,Indonesian,None,2735,taylor17@example.com,+65
1066,PAX0001066,Victoria,Sutton,F,1960-07-03,51-65,Indonesian,Silver,6689,mckenzie86@example.com,+61
1067,PAX0001067,Amber,Jones,F,1989-01-30,26-35,Indonesian,Gold,1364,palmerwilliam@example.com,+60
1068,PAX0001068,John,Cortez,M,1956-10-27,65+,Japanese,Silver,585,michael91@example.net,+65
1069,PAX0001069,Ashley,Stanley,F,1951-07-02,65+,American,None,2189,kristicameron@example.org,+65
1070,PAX0001070,Jason,Bush,M,1956-01-23,65+,Malaysian,Silver,1693,brenda77@example.net,+61
1071,PAX0001071,Derek,Levy,M,2005-05-13,18-25,Indonesian,None,1757,jasonmiller@example.net,+65
1072,PAX0001072,Shelby,Rodriguez,F,1968-01-15,51-65,Indonesian,Silver,1330,smithdarryl@example.org,+60
1073,PAX0001073,Karen,Holt,F,1995-01-08,26-35,Indonesian,None,215,nturner@example.com,+65
1074,PAX0001074,Megan,Vaughn,F,1997-05-23,26-35,Indonesian,None,90,fballard@example.org,+61
1075,PAX0001075,Alexis,Rodriguez,F,1959-08-03,51-65,Malaysian,None,21999,hortonjacob@example.org,+60
1076,PAX0001076,John,Thomas,M,1964-08-18,51-65,Indonesian,Platinum,2791,ryangarrett@example.net,+62
1077,PAX0001077,Brandon,Carrillo,M,1963-05-21,51-65,Other,None,2425,thomasjohnson@example.org,+65
1078,PAX0001078,Nancy,Wallace,F,1960-10-06,51-65,Malaysian,None,5691,cruiz@example.net,+65
1079,PAX0001079,Dakota,Hudson,M,1966-11-26,51-65,Indonesian,None,1231,awilliams@example.org,+60
1080,PAX0001080,Sarah,Reynolds,F,1993-04-16,26-35,Other,None,14974,vallison@example.net,+62
1081,PAX0001081,Monique,Duarte,F,1990-12-09,26-35,Indonesian,Gold,7716,freemantodd@example.net,+65
1082,PAX0001082,Logan,Gregory,M,1999-09-14,18-25,Indonesian,None,468,dhall@example.net,+61
1083,PAX0001083,Javier,Stewart,M,1951-09-08,65+,Indonesian,Gold,2702,adamsdeborah@example.com,+61
1084,PAX0001084,Johnny,Mcmillan,M,1958-05-08,65+,Indonesian,Gold,10564,shane60@example.org,+65
1085,PAX0001085,Molly,Harrison,F,1969-12-28,51-65,Australian,None,14477,ohall@example.net,+62
1086,PAX0001086,Gerald,Guzman,M,1997-01-02,26-35,Indonesian,Gold,3149,sanderson@example.net,+65
1087,PAX0001087,Jeanette,Butler,F,1998-10-20,26-35,Indonesian,Platinum,4751,laura29@example.org,+60
1088,PAX0001088,Michael,Miller,M,1969-08-12,51-65,Singaporean,None,913,manderson@example.org,+62
1089,PAX0001089,Katherine,Leon,F,1991-08-12,26-35,Indonesian,None,23647,ntorres@example.net,+60
1090,PAX0001090,Zachary,Howard,M,1953-08-05,65+,British,None,1317,michael22@example.net,+62
1091,PAX0001091,Robert,Morgan,M,1952-07-26,65+,Singaporean,None,14300,williamsondavid@example.org,+65
1092,PAX0001092,Deanna,Peterson,F,1983-06-28,36-50,Singaporean,None,5244,kayla84@example.org,+65
1093,PAX0001093,Shane,Munoz,M,1997-05-10,26-35,Other,Silver,4679,mccarthysara@example.com,+61
1094,PAX0001094,Jim,Skinner,M,2004-10-05,18-25,Indonesian,None,3594,villegaskimberly@example.net,+65
1095,PAX0001095,Shannon,Garcia,F,2003-08-14,18-25,Indonesian,Silver,1311,romerogary@example.org,+62
1096,PAX0001096,Thomas,Moore,M,1964-05-14,51-65,Indonesian,None,971,jean87@example.net,+62
1097,PAX0001097,Christian,Cox,M,1957-02-23,65+,Indonesian,None,1245,davidharris@example.com,+60
1098,PAX0001098,Patricia,Sanchez,F,2002-09-27,18-25,Australian,None,1031,gpeterson@example.org,+61
1099,PAX0001099,Deborah,Espinoza,F,1956-03-11,65+,Malaysian,None,7561,qward@example.org,+62
1100,PAX0001100,Nicole,Moreno,F,1960-09-16,51-65,Malaysian,Silver,2154,devinpatterson@example.com,+61
1101,PAX0001101,Trevor,Black,M,1981-08-11,36-50,Singaporean,Silver,297,sherry72@example.org,+60
1102,PAX0001102,Renee,Acevedo,F,1999-03-24,18-25,Indonesian,Gold,17385,morganrichard@example.org,+65
1103,PAX0001103,Antonio,Malone,M,1979-12-06,36-50,Indonesian,None,10761,rachelbrown@example.net,+60
1104,PAX0001104,Rebecca,Liu,F,1998-12-08,26-35,Indonesian,Gold,13138,robert84@example.net,+61
1105,PAX0001105,Erik,Cooper,M,2000-12-06,18-25,American,Silver,26400,rachel92@example.net,+60
1106,PAX0001106,Jeremy,Harris,M,1977-11-17,36-50,Indonesian,None,955,zterry@example.net,+61
1107,PAX0001107,Reginald,Ibarra,M,1977-12-02,36-50,Indonesian,None,2522,johnsonmatthew@example.net,+65
1108,PAX0001108,Natalie,Martinez,F,1999-04-24,18-25,Indonesian,Silver,7099,jason88@example.com,+62
1109,PAX0001109,Glen,Reid,M,1985-11-13,36-50,Indonesian,None,5953,johnsonlaura@example.net,+65
1110,PAX0001110,David,Schroeder,M,1967-12-30,51-65,British,None,835,hbenitez@example.net,+61
1111,PAX0001111,Ryan,Green,M,1954-06-21,65+,Indonesian,Silver,8459,david17@example.com,+61
1112,PAX0001112,Nancy,Chavez,F,1989-05-06,26-35,Indonesian,Silver,1270,lindazhang@example.net,+60
1113,PAX0001113,Steven,Burton,M,1999-01-09,18-25,Indonesian,Silver,1266,michaelmitchell@example.net,+62
1114,PAX0001114,Michael,Klein,M,1989-05-15,26-35,Other,None,3849,danielblack@example.org,+61
1115,PAX0001115,Richard,Gibson,M,2006-05-21,18-25,Indonesian,Silver,4493,jenniferpoole@example.org,+60
1116,PAX0001116,Amy,Beasley,F,1956-09-01,65+,Japanese,Gold,4338,elewis@example.com,+62
1117,PAX0001117,Kelsey,Chapman,F,1996-06-13,26-35,Indonesian,Silver,479,lwiggins@example.com,+60
1118,PAX0001118,Jay,Alexander,M,1993-09-14,26-35,Other,Platinum,10496,adennis@example.org,+62
1119,PAX0001119,Jonathan,Washington,M,1960-03-19,51-65,Malaysian,Silver,1543,tanderson@example.net,+65
1120,PAX0001120,Bruce,Lewis,M,1986-05-26,36-50,Indonesian,None,693,kjohnson@example.net,+65
1121,PAX0001121,Tammy,Wilson,F,1975-07-11,36-50,Australian,Gold,10979,xrodriguez@example.net,+60
1122,PAX0001122,Amanda,Hernandez,F,1970-02-05,51-65,Malaysian,None,15578,kevin54@example.com,+62
1123,PAX0001123,Alfred,Thomas,M,1983-06-17,36-50,Japanese,Silver,9907,twilliams@example.com,+60
1124,PAX0001124,Clayton,Singh,M,1965-01-23,51-65,Indonesian,Silver,8290,martinezmichael@example.org,+60
1125,PAX0001125,Karen,Collins,F,1978-10-22,36-50,Singaporean,Platinum,5324,ymccullough@example.com,+60
1126,PAX0001126,Sandra,Bass,F,1982-09-24,36-50,Australian,None,4002,kathleenwagner@example.com,+60
1127,PAX0001127,Jerry,Cole,M,2002-03-23,18-25,Singaporean,None,455,christopher99@example.com,+60
1128,PAX0001128,Crystal,Foster,F,1976-09-28,36-50,Other,None,2625,rubiopamela@example.net,+61
1129,PAX0001129,Matthew,Cline,M,1969-04-08,51-65,Malaysian,Platinum,2331,armstronglaura@example.net,+62
1130,PAX0001130,Justin,Martinez,M,1971-05-30,51-65,Other,None,1503,leechristine@example.net,+60
1131,PAX0001131,Anthony,Hudson,M,2001-12-12,18-25,Indonesian,None,6426,karenshaw@example.org,+60
1132,PAX0001132,Matthew,Schmidt,M,1958-07-30,65+,Indonesian,None,3424,hilljamie@example.net,+65
1133,PAX0001133,Stephen,Wallace,M,2007-06-25,18-25,Indonesian,Gold,422,richard07@example.org,+65
1134,PAX0001134,Jeffrey,Perry,M,1973-07-11,51-65,Indonesian,None,1243,patrick11@example.org,+61
1135,PAX0001135,Christopher,Thomas,M,1987-04-05,36-50,Australian,Silver,5748,kayla24@example.com,+61
1136,PAX0001136,Christopher,Mendez,M,1996-07-27,26-35,Indonesian,Gold,395,howard04@example.com,+62
1137,PAX0001137,Erica,Gutierrez,F,1957-02-10,65+,Indonesian,Gold,9525,jonathan10@example.org,+61
1138,PAX0001138,Paul,Willis,M,1966-09-12,51-65,Japanese,Platinum,3417,gromero@example.com,+60
1139,PAX0001139,Debra,Flores,F,1958-03-23,65+,British,None,3275,bjones@example.com,+62
1140,PAX0001140,David,Mercado,M,1993-07-03,26-35,Australian,Gold,4487,angela91@example.org,+62
1141,PAX0001141,Kristen,Glover,F,2002-04-24,18-25,Indonesian,Silver,8705,ashley71@example.net,+60
1142,PAX0001142,Dalton,Faulkner,M,1984-06-12,36-50,Indonesian,Silver,2137,amber23@example.net,+65
1143,PAX0001143,Tyrone,Peters,M,1979-03-25,36-50,Malaysian,Platinum,5666,smithsteven@example.net,+61
1144,PAX0001144,Matthew,Jackson,M,1970-01-28,51-65,Indonesian,None,4170,mahoneytimothy@example.net,+61
1145,PAX0001145,Ryan,James,M,1967-06-19,51-65,Indonesian,None,1553,megan39@example.net,+62
1146,PAX0001146,Amber,Stevenson,F,1969-07-15,51-65,Indonesian,None,10544,turnerrandall@example.org,+61
1147,PAX0001147,Charles,Hawkins,M,2006-11-28,18-25,Australian,None,7983,natalie39@example.net,+65
1148,PAX0001148,Emily,Fleming,F,2004-12-21,18-25,Indonesian,Silver,5371,cynthia74@example.org,+65
1149,PAX0001149,William,Peterson,M,1995-06-17,26-35,Indonesian,Gold,9505,vhaley@example.org,+60
1150,PAX0001150,Casey,Nielsen,M,1997-06-21,26-35,Indonesian,None,10098,asmith@example.net,+60
1151,PAX0001151,Jennifer,Woodard,F,1962-03-15,51-65,Indonesian,None,6161,ifarmer@example.org,+62
1152,PAX0001152,Sherri,Curtis,F,2003-12-20,18-25,Indonesian,None,9070,staffordlisa@example.com,+61
1153,PAX0001153,Caleb,Stanton,M,1996-02-20,26-35,Indonesian,Platinum,5977,wcarey@example.com,+65
1154,PAX0001154,Ryan,Cain,M,1962-06-13,51-65,Malaysian,None,5699,martinezmitchell@example.org,+62
1155,PAX0001155,Adam,Paul,M,1980-08-24,36-50,Australian,None,4819,erin53@example.org,+65
1156,PAX0001156,Lisa,Turner,F,2005-12-09,18-25,Indonesian,Silver,6986,jimsnyder@example.com,+62
1157,PAX0001157,Diana,Conway,F,1952-11-23,65+,Indonesian,None,863,adrianjoyce@example.net,+65
1158,PAX0001158,Brian,Ramirez,M,1977-05-06,36-50,Indonesian,Silver,10637,mjackson@example.net,+60
1159,PAX0001159,Krystal,Fleming,F,2000-09-01,18-25,Singaporean,Platinum,10272,cameronanderson@example.org,+62
1160,PAX0001160,Debbie,Hudson,F,1959-01-24,51-65,Singaporean,Silver,148,nicoledaniel@example.com,+62
1161,PAX0001161,Sarah,Johnson,F,1963-06-13,51-65,Indonesian,None,8738,erin70@example.com,+60
1162,PAX0001162,Michael,Santos,M,1994-01-04,26-35,Indonesian,Platinum,689,ryan64@example.org,+62
1163,PAX0001163,Kelly,Simpson,F,1996-09-04,26-35,Malaysian,Silver,2040,stephensonjeffrey@example.com,+60
1164,PAX0001164,Joseph,Stewart,M,1978-12-23,36-50,Indonesian,Gold,6803,flee@example.net,+61
1165,PAX0001165,Alexander,Mclaughlin,M,2005-05-09,18-25,Other,Silver,876,prosario@example.org,+62
1166,PAX0001166,Erin,Brown,F,1961-08-02,51-65,Indonesian,Silver,8517,johnsonryan@example.org,+62
1167,PAX0001167,Robert,Mcconnell,M,1990-09-18,26-35,Indonesian,Platinum,8922,john73@example.com,+62
1168,PAX0001168,Anthony,Cook,M,2007-01-17,18-25,Indonesian,Silver,3540,sherryparsons@example.net,+60
1169,PAX0001169,Pamela,Garrett,F,1980-03-26,36-50,Indonesian,None,32,millerbruce@example.org,+60
1170,PAX0001170,Emily,Abbott,F,1976-01-28,36-50,Indonesian,None,1691,pattonbryan@example.com,+60
1171,PAX0001171,Eric,Sims,M,1954-02-13,65+,Singaporean,Gold,4797,garciabrian@example.org,+62
1172,PAX0001172,Sarah,Morales,F,1970-06-18,51-65,Indonesian,None,19865,mhall@example.net,+61
1173,PAX0001173,Adam,Reyes,M,1992-11-08,26-35,Indonesian,None,4995,nhobbs@example.org,+65
1174,PAX0001174,Marilyn,Lowe,F,1973-07-03,51-65,Indonesian,None,1504,gibsonmark@example.org,+60
1175,PAX0001175,Ashley,Larson,F,1957-09-28,65+,Indonesian,None,5025,watkinsmary@example.net,+65
1176,PAX0001176,Mark,Scott,M,1958-12-19,65+,British,None,3882,nolson@example.com,+65
1177,PAX0001177,Dana,Robles,F,1963-01-17,51-65,Other,Platinum,7567,andersonbreanna@example.net,+65
1178,PAX0001178,Paul,Collins,M,1994-09-28,26-35,Indonesian,Silver,565,dylanparker@example.com,+62
1179,PAX0001179,Jacob,Smith,M,1970-03-14,51-65,Indonesian,Gold,7157,brianhunter@example.net,+62
1180,PAX0001180,Jennifer,Gonzalez,F,1954-02-09,65+,American,None,3896,danielleharris@example.org,+61
1181,PAX0001181,Chelsey,Alvarez,F,1973-08-20,51-65,Indonesian,Platinum,16483,vgreene@example.net,+60
1182,PAX0001182,Victor,Jensen,M,1988-11-30,36-50,Australian,None,2091,gmurphy@example.com,+65
1183,PAX0001183,Thomas,Crawford,M,2004-02-05,18-25,Australian,Silver,5006,fowlerheather@example.com,+60
1184,PAX0001184,Daniel,Castillo,M,1992-11-06,26-35,Singaporean,None,13443,lindsay63@example.com,+62
1185,PAX0001185,Samantha,Smith,F,1962-12-06,51-65,Indonesian,Gold,540,jonesanthony@example.org,+65
1186,PAX0001186,Donna,Lee,F,1960-01-31,51-65,Malaysian,None,13841,bradley03@example.org,+61
1187,PAX0001187,Carrie,Mcclure,F,1969-09-22,51-65,Indonesian,None,5821,matthewspencer@example.org,+65
1188,PAX0001188,Alex,Cameron,M,1963-09-24,51-65,Indonesian,Platinum,351,smitherica@example.com,+60
1189,PAX0001189,Rachel,Rodriguez,F,1994-12-15,26-35,Indonesian,Silver,1790,kevinallen@example.com,+65
1190,PAX0001190,Christopher,Rose,M,1995-05-14,26-35,Indonesian,Platinum,6157,ejohns@example.org,+61
1191,PAX0001191,Sonya,Anderson,F,1960-03-21,51-65,Malaysian,Gold,348,jamesgray@example.com,+65
1192,PAX0001192,Linda,Rowland,F,1972-01-11,51-65,Indonesian,None,4363,samanthahines@example.net,+61
1193,PAX0001193,Sarah,Phillips,F,1963-04-06,51-65,Indonesian,Platinum,2122,markbrown@example.com,+62
1194,PAX0001194,Samuel,Schmitt,M,1958-12-31,65+,Indonesian,Gold,4849,fclark@example.com,+62
1195,PAX0001195,Matthew,Brown,M,2004-03-21,18-25,Indonesian,None,234,ppotter@example.net,+62
1196,PAX0001196,Kathleen,Marshall,F,1975-11-11,36-50,Indonesian,Silver,10260,jennifer87@example.net,+62
1197,PAX0001197,John,Perkins,M,1984-01-24,36-50,Indonesian,None,18150,clarkpatricia@example.com,+60
1198,PAX0001198,Jennifer,Torres,F,1966-05-05,51-65,Indonesian,None,17349,xduncan@example.com,+62
1199,PAX0001199,Bradley,Walton,M,1987-11-10,36-50,Indonesian,Silver,6924,sean53@example.net,+62
1200,PAX0001200,John,Oliver,M,1953-03-11,65+,Indonesian,Silver,696,bhayes@example.com,+65
1201,PAX0001201,Regina,Stewart,F,1975-05-27,36-50,Indonesian,None,7099,cjohnson@example.org,+65
1202,PAX0001202,Maria,Howard,F,1968-06-20,51-65,Singaporean,Silver,124,phillipswarren@example.net,+65
1203,PAX0001203,Angela,Hill,F,1994-03-12,26-35,Indonesian,None,111,coreyjones@example.org,+65
1204,PAX0001204,Curtis,Gonzalez,M,1987-07-20,36-50,Indonesian,Silver,1954,john43@example.net,+60
1205,PAX0001205,Zachary,Murillo,M,1991-07-01,26-35,Indonesian,None,3353,alan44@example.com,+65
1206,PAX0001206,Yesenia,Bautista,F,2003-09-07,18-25,Singaporean,None,7357,kennedywilliam@example.org,+65
1207,PAX0001207,Crystal,Cummings,F,1977-06-11,36-50,Singaporean,Silver,5748,thomasblack@example.net,+65
1208,PAX0001208,John,Olsen,M,2001-12-12,18-25,British,None,2952,latoya53@example.com,+62
1209,PAX0001209,Teresa,Butler,F,2002-10-19,18-25,Indonesian,Silver,1598,jcole@example.org,+61
1210,PAX0001210,Brenda,Russo,F,1975-11-22,36-50,Singaporean,None,29257,sherry07@example.net,+65
1211,PAX0001211,Henry,Perez,M,2007-03-02,18-25,Indonesian,Gold,2777,zjennings@example.net,+62
1212,PAX0001212,Elizabeth,Matthews,F,1986-12-23,36-50,Indonesian,None,3001,weekseric@example.com,+62
1213,PAX0001213,Lori,Morrison,F,1989-01-21,26-35,Indonesian,Silver,893,nbaird@example.com,+61
1214,PAX0001214,Kimberly,Lopez,F,1954-09-23,65+,Indonesian,None,7919,murphysuzanne@example.net,+62
1215,PAX0001215,Brandon,Garcia,M,1971-02-15,51-65,American,None,5915,antoniobarker@example.com,+65
1216,PAX0001216,Cody,Jones,M,1952-03-21,65+,Indonesian,None,1247,ocampbell@example.com,+60
1217,PAX0001217,Joseph,Gibson,M,1995-04-11,26-35,Indonesian,None,429,april25@example.com,+60
1218,PAX0001218,Brooke,Rodriguez,F,1977-01-02,36-50,American,None,5704,emendoza@example.com,+61
1219,PAX0001219,Carlos,Harris,M,1964-06-11,51-65,Indonesian,None,5313,qmeyers@example.com,+65
1220,PAX0001220,Lindsey,Crosby,F,1961-03-13,51-65,Australian,None,1595,waynecohen@example.com,+62
1221,PAX0001221,Adam,Thomas,M,1964-02-13,51-65,Australian,None,15065,summerscassidy@example.org,+61
1222,PAX0001222,Gary,Carroll,M,1986-03-06,36-50,Australian,Gold,818,kstevens@example.org,+62
1223,PAX0001223,Anna,Lucas,F,2000-07-25,18-25,Indonesian,None,2831,treed@example.com,+60
1224,PAX0001224,Lisa,Patrick,F,1977-01-02,36-50,Indonesian,Silver,14377,robertwhite@example.net,+65
1225,PAX0001225,Jeffrey,Cruz,M,2000-04-15,18-25,Indonesian,Silver,2721,hollydavis@example.net,+62
1226,PAX0001226,Cynthia,Harrell,F,1953-05-13,65+,Malaysian,Silver,5087,nicole84@example.net,+60
1227,PAX0001227,Melissa,Bowen,F,1954-12-07,65+,Singaporean,None,2534,reginajenkins@example.net,+60
1228,PAX0001228,Zachary,Jones,M,1958-08-23,65+,Singaporean,None,1602,gordonkimberly@example.com,+61
1229,PAX0001229,Carmen,Clark,F,1981-01-29,36-50,Japanese,Gold,20668,murraycharles@example.net,+65
1230,PAX0001230,Nicole,James,F,1996-05-14,26-35,Other,None,2632,zfoley@example.org,+62
1231,PAX0001231,Danielle,Fletcher,F,1951-02-14,65+,Singaporean,None,11226,markgoodman@example.com,+65
1232,PAX0001232,Andrea,Kelley,F,1981-10-15,36-50,Indonesian,None,1306,jenniferkim@example.com,+65
1233,PAX0001233,Douglas,Martin,M,2006-03-22,18-25,Singaporean,Silver,1198,lawsongregory@example.org,+60
1234,PAX0001234,Patrick,Jackson,M,1986-10-10,36-50,Indonesian,Silver,158,byrderic@example.com,+60
1235,PAX0001235,Daniel,Johnson,M,1962-07-02,51-65,Indonesian,None,5272,scottwilliams@example.net,+61
1236,PAX0001236,Joseph,Bates,M,2005-08-13,18-25,British,None,2298,myerskyle@example.org,+60
1237,PAX0001237,Abigail,Barton,F,1991-02-06,26-35,American,Gold,9988,sarahbrooks@example.org,+65
1238,PAX0001238,Anna,Fisher,F,1964-01-01,51-65,Indonesian,None,3204,rogersjames@example.net,+60
1239,PAX0001239,Connie,Khan,F,1954-09-10,65+,Japanese,None,17240,jenniferwilliams@example.net,+62
1240,PAX0001240,Robyn,Morris,F,1957-09-20,65+,Singaporean,Silver,1026,colleenvilla@example.com,+62
1241,PAX0001241,Bryan,Lewis,M,1979-07-06,36-50,Singaporean,None,10148,marcus06@example.net,+60
1242,PAX0001242,Adam,Lewis,M,1971-11-30,51-65,Other,None,7493,cameronbriggs@example.net,+62
1243,PAX0001243,Jackie,Jones,F,1992-11-06,26-35,Other,Silver,7368,robertsaunders@example.com,+65
1244,PAX0001244,Michelle,Moody,F,1957-04-27,65+,Indonesian,None,9314,johnathandavis@example.com,+60
1245,PAX0001245,Melissa,Gregory,F,1993-04-28,26-35,Malaysian,None,7156,martinreid@example.net,+62
1246,PAX0001246,Vanessa,Estrada,F,1972-01-12,51-65,British,None,4920,rogerscharlotte@example.net,+60
1247,PAX0001247,James,Davidson,M,1980-12-09,36-50,Indonesian,None,703,wesleybush@example.org,+60
1248,PAX0001248,Alex,Blake,M,1966-03-22,51-65,Australian,Platinum,165,parkerjoann@example.org,+61
1249,PAX0001249,Bobby,Taylor,M,1992-07-26,26-35,Japanese,Platinum,12681,jphillips@example.com,+65
1250,PAX0001250,Martin,Young,M,1964-04-20,51-65,Indonesian,None,4794,vstevenson@example.org,+60
1251,PAX0001251,Emily,Buchanan,F,1969-04-26,51-65,Indonesian,Gold,7961,meyertiffany@example.net,+65
1252,PAX0001252,Dylan,Johnson,M,2005-09-12,18-25,Malaysian,None,3284,matthew38@example.org,+62
1253,PAX0001253,William,Solis,M,1995-08-24,26-35,Indonesian,None,623,cathyjames@example.com,+62
1254,PAX0001254,Jessica,Smith,F,1962-11-19,51-65,Indonesian,None,668,mjones@example.org,+60
1255,PAX0001255,Willie,Mays,M,1993-07-24,26-35,Singaporean,None,5784,christopherwatkins@example.org,+65
1256,PAX0001256,Katie,Simmons,F,1966-06-22,51-65,Indonesian,None,2813,ucollins@example.org,+60
1257,PAX0001257,Jessica,Obrien,F,1967-01-22,51-65,Malaysian,None,1118,justin73@example.com,+65
1258,PAX0001258,Karen,Tapia,F,2003-07-24,18-25,Indonesian,Platinum,3382,raymond27@example.com,+62
1259,PAX0001259,Jonathan,Moss,M,1979-02-27,36-50,Indonesian,Silver,331,lorileon@example.org,+60
1260,PAX0001260,James,Dickerson,M,2002-03-29,18-25,Other,Gold,4361,brooke28@example.net,+65
1261,PAX0001261,David,Ford,M,1962-05-08,51-65,Indonesian,Silver,1566,jcampbell@example.net,+60
1262,PAX0001262,Andrea,Taylor,F,1983-02-11,36-50,Indonesian,None,7986,mgonzalez@example.org,+62
1263,PAX0001263,Scott,Cross,M,1951-04-07,65+,Indonesian,None,1857,travis66@example.net,+61
1264,PAX0001264,James,Parker,M,1975-10-14,36-50,Malaysian,Gold,3036,ortizbenjamin@example.org,+61
1265,PAX0001265,Tara,Martin,F,1976-07-30,36-50,Indonesian,Gold,58,xkrueger@example.net,+62
1266,PAX0001266,Katrina,Burns,F,1974-02-10,36-50,Singaporean,None,376,heather66@example.net,+61
1267,PAX0001267,David,Johnson,M,1967-03-10,51-65,Indonesian,Silver,2491,crystal02@example.com,+61
1268,PAX0001268,Joy,Becker,F,1991-08-05,26-35,Indonesian,None,3269,john92@example.org,+60
1269,PAX0001269,Patricia,Newman,F,1958-05-03,65+,Indonesian,Silver,4581,lsanders@example.org,+60
1270,PAX0001270,Susan,Liu,F,1985-09-05,36-50,Indonesian,None,1724,mariaking@example.com,+61
1271,PAX0001271,Walter,Barrett,M,1984-06-17,36-50,Indonesian,None,5936,uwillis@example.com,+65
1272,PAX0001272,Sherri,Luna,F,2001-08-06,18-25,Australian,Silver,9834,rodriguezashley@example.com,+65
1273,PAX0001273,Charles,Goodman,M,2005-10-19,18-25,Indonesian,Silver,7567,ahale@example.org,+62
1274,PAX0001274,Katherine,Davis,F,2005-12-12,18-25,Singaporean,None,202,pwarren@example.com,+60
1275,PAX0001275,Jessica,Thompson,F,2000-04-10,18-25,Indonesian,None,3274,janegonzalez@example.org,+65
1276,PAX0001276,Travis,Hayes,M,1984-08-05,36-50,Other,None,554,jacobbrown@example.org,+60
1277,PAX0001277,Peter,Green,M,2005-06-16,18-25,Japanese,Silver,1385,nalexander@example.org,+61
1278,PAX0001278,Carol,Carter,F,1993-09-13,26-35,Indonesian,None,21585,emartinez@example.com,+62
1279,PAX0001279,Laurie,Woods,F,1952-05-30,65+,Indonesian,Silver,768,smithjoseph@example.org,+60
1280,PAX0001280,Kevin,Huerta,M,1995-09-01,26-35,Japanese,None,3454,clarklatoya@example.com,+61
1281,PAX0001281,Joseph,Hayden,M,1991-06-05,26-35,Singaporean,Silver,4813,sarah75@example.net,+61
1282,PAX0001282,Gabrielle,Maldonado,F,1979-08-14,36-50,Indonesian,Silver,6061,yvonne35@example.net,+62
1283,PAX0001283,James,Brown,M,1977-07-05,36-50,Japanese,Gold,4100,morgan10@example.com,+62
1284,PAX0001284,James,Houston,M,1997-11-29,26-35,Malaysian,None,49,anthonymartinez@example.net,+60
1285,PAX0001285,Tiffany,Walton,F,1969-05-30,51-65,Singaporean,None,1976,miguelmontgomery@example.net,+65
1286,PAX0001286,Kayla,Keller,F,1982-09-24,36-50,Indonesian,Gold,3646,andersensusan@example.com,+60
1287,PAX0001287,Madeline,Marks,F,1951-07-11,65+,Malaysian,Platinum,459,erica39@example.com,+62
1288,PAX0001288,Patrick,Bauer,M,1977-08-16,36-50,Singaporean,Silver,2158,ronnie71@example.net,+65
1289,PAX0001289,Elizabeth,Lee,F,1976-07-31,36-50,Indonesian,Platinum,168,mollywalter@example.net,+62
1290,PAX0001290,Andres,Jimenez,M,1984-09-24,36-50,Malaysian,Gold,409,turneremily@example.net,+60
1291,PAX0001291,Christopher,Griffin,M,1982-02-27,36-50,British,Gold,2528,olsonamber@example.org,+65
1292,PAX0001292,Carolyn,Raymond,F,1964-10-17,51-65,Malaysian,None,711,garciavictoria@example.org,+60
1293,PAX0001293,Tanya,Nguyen,F,1961-04-18,51-65,Indonesian,None,4191,omiranda@example.net,+65
1294,PAX0001294,Maxwell,Lynn,M,1967-12-04,51-65,Indonesian,None,5847,wadesandra@example.net,+61
1295,PAX0001295,Katherine,Pope,F,1999-10-04,18-25,British,None,8061,monica99@example.org,+65
1296,PAX0001296,Greg,Kent,M,1994-03-20,26-35,Indonesian,Silver,1116,yvaldez@example.net,+65
1297,PAX0001297,Rhonda,Walker,F,1980-02-16,36-50,Malaysian,Platinum,916,carterdaniel@example.com,+65
1298,PAX0001298,Kevin,Lopez,M,2000-10-15,18-25,Indonesian,Gold,552,berrydavid@example.com,+61
1299,PAX0001299,Laura,Smith,F,1976-04-06,36-50,Singaporean,None,5058,lawrencejames@example.com,+61
1300,PAX0001300,Emma,Diaz,F,1979-03-24,36-50,Indonesian,None,6128,aprilguzman@example.org,+61
1301,PAX0001301,James,Medina,M,1957-08-24,65+,Singaporean,Gold,160,sstewart@example.org,+65
1302,PAX0001302,Melanie,Hernandez,F,1984-05-28,36-50,Indonesian,Silver,13760,dustin09@example.com,+60
1303,PAX0001303,Jonathan,Barker,M,1971-05-31,51-65,Other,Silver,266,wendy97@example.net,+60
1304,PAX0001304,Daniel,Carter,M,2006-10-14,18-25,Singaporean,Platinum,3896,zbrown@example.com,+62
1305,PAX0001305,Ronald,Clark,M,1960-10-13,51-65,Australian,Silver,6173,isabellawilliams@example.org,+60
1306,PAX0001306,Monica,Evans,F,1983-07-26,36-50,Indonesian,Silver,10238,vickiekelley@example.com,+62
1307,PAX0001307,Michael,Mooney,M,1979-02-20,36-50,Indonesian,Silver,6260,hmyers@example.net,+62
1308,PAX0001308,Diane,Leblanc,F,1969-08-26,51-65,Singaporean,Platinum,8090,udavis@example.net,+62
1309,PAX0001309,Amy,Michael,F,2005-03-06,18-25,Indonesian,Platinum,2073,stephen29@example.org,+60
1310,PAX0001310,Melissa,Carter,F,1980-06-18,36-50,Indonesian,Platinum,8432,jasonbrock@example.org,+60
1311,PAX0001311,Marilyn,Cox,F,2000-06-06,18-25,Indonesian,Silver,417,gregoryvanessa@example.org,+60
1312,PAX0001312,Tiffany,Simmons,F,1976-01-07,36-50,Indonesian,None,11260,saradavis@example.com,+65
1313,PAX0001313,Tony,Wilson,M,1962-08-13,51-65,Malaysian,None,3965,brittney26@example.org,+62
1314,PAX0001314,Barbara,Sanders,F,1952-09-14,65+,Indonesian,None,8499,hailey26@example.net,+62
1315,PAX0001315,Megan,Davis,F,2004-07-06,18-25,Indonesian,Silver,3010,phancock@example.com,+60
1316,PAX0001316,Mackenzie,Wallace,F,1969-02-13,51-65,Indonesian,None,5158,wilsonchristopher@example.com,+65
1317,PAX0001317,Michael,Hicks,M,1994-01-15,26-35,Malaysian,None,3736,matthewsvanessa@example.com,+65
1318,PAX0001318,Melissa,Davis,F,1969-01-07,51-65,Japanese,None,6576,patrickcooke@example.net,+65
1319,PAX0001319,Edwin,Martinez,M,1979-11-26,36-50,Indonesian,None,425,bryan82@example.com,+65
1320,PAX0001320,Michael,Long,M,2005-09-15,18-25,British,Gold,311,lbrown@example.net,+61
1321,PAX0001321,Sabrina,Pearson,F,1998-12-18,26-35,Indonesian,None,1419,tammymerritt@example.org,+65
1322,PAX0001322,Michael,Smith,M,1991-02-28,26-35,Singaporean,Gold,869,hmcbride@example.org,+62
1323,PAX0001323,Laura,Delgado,F,1959-02-27,51-65,Australian,None,10270,hartmelissa@example.org,+65
1324,PAX0001324,Veronica,Hunter,F,1956-02-25,65+,Indonesian,None,1237,tammy26@example.net,+65
1325,PAX0001325,Danielle,Williams,F,1950-05-26,65+,Malaysian,None,18620,donna72@example.net,+60
1326,PAX0001326,Michael,Mills,M,1983-10-08,36-50,Indonesian,None,2054,catherine83@example.net,+60
1327,PAX0001327,Mary,Williams,F,1957-02-16,65+,Indonesian,None,1005,lopezkevin@example.org,+62
1328,PAX0001328,Lance,Robinson,M,1959-07-11,51-65,American,Silver,7796,joshua96@example.org,+61
1329,PAX0001329,Dawn,James,F,1987-10-23,36-50,Indonesian,None,5375,ricardomiller@example.com,+62
1330,PAX0001330,Jessica,Neal,F,1996-06-06,26-35,Malaysian,None,3447,chadoconnor@example.net,+65
1331,PAX0001331,Matthew,Klein,M,1997-10-23,26-35,Indonesian,Silver,4052,roberthernandez@example.com,+65
1332,PAX0001332,Allison,Munoz,F,1976-03-06,36-50,Indonesian,Silver,6350,nelsonamanda@example.net,+62
1333,PAX0001333,Jason,Murphy,M,1987-09-16,36-50,Indonesian,Silver,1296,coxmatthew@example.com,+61
1334,PAX0001334,Sheila,Perez,F,1960-05-08,51-65,Indonesian,None,28043,garciatiffany@example.org,+65
1335,PAX0001335,Trevor,Patton,M,1976-02-27,36-50,Indonesian,None,18403,thompsonjessica@example.com,+65
1336,PAX0001336,Roberto,Burns,M,1990-06-18,26-35,Malaysian,None,5253,jackie48@example.com,+65
1337,PAX0001337,Annette,Williams,F,1991-09-24,26-35,Malaysian,Gold,1112,stacey62@example.com,+65
1338,PAX0001338,Patrick,Faulkner,M,2005-03-31,18-25,Malaysian,None,5700,iwoods@example.com,+61
1339,PAX0001339,Michael,Reeves,M,1951-01-15,65+,Singaporean,Platinum,374,douglasbradley@example.com,+60
1340,PAX0001340,Tamara,Fowler,F,1953-12-27,65+,Malaysian,Silver,155,jasmine39@example.com,+60
1341,PAX0001341,Judith,Gonzales,F,1998-06-28,26-35,Indonesian,None,1489,lauren84@example.com,+62
1342,PAX0001342,Kelly,Higgins,F,1979-07-03,36-50,Indonesian,Platinum,3105,kevinhodge@example.com,+60
1343,PAX0001343,Patricia,Bruce,F,1978-01-20,36-50,Indonesian,None,10135,jonesjohn@example.org,+65
1344,PAX0001344,Laura,Miller,F,1961-08-17,51-65,Indonesian,None,6494,angela70@example.com,+65
1345,PAX0001345,Katie,Cross,F,1996-06-18,26-35,Indonesian,Silver,6787,rjimenez@example.net,+61
1346,PAX0001346,Melissa,Sullivan,F,1986-08-16,36-50,Indonesian,None,2771,rhondareese@example.net,+60
1347,PAX0001347,Michele,Brady,F,1979-04-24,36-50,Indonesian,None,2122,virginiaguerrero@example.net,+62
1348,PAX0001348,Lee,Lawson,M,1996-12-10,26-35,Malaysian,None,2318,emilymacias@example.net,+60
1349,PAX0001349,Carrie,Richardson,F,1965-09-16,51-65,Singaporean,Silver,21970,williefarley@example.com,+61
1350,PAX0001350,Jamie,Brooks,F,1984-02-10,36-50,Indonesian,Gold,204,morganerika@example.net,+62
1351,PAX0001351,Randall,Wilson,M,2008-04-15,18-25,Indonesian,Platinum,10088,timothy43@example.org,+61
1352,PAX0001352,Mark,Long,M,2000-08-12,18-25,Singaporean,Platinum,4321,sarah80@example.com,+60
1353,PAX0001353,Sarah,Brown,F,1992-06-06,26-35,Malaysian,None,2886,gilbertmark@example.com,+62
1354,PAX0001354,Abigail,Zamora,F,1957-09-07,65+,Indonesian,Platinum,6459,richardsmith@example.com,+62
1355,PAX0001355,Christina,Rice,F,1983-11-16,36-50,Australian,None,3334,robertgentry@example.org,+65
1356,PAX0001356,Randy,Wright,M,1960-12-25,51-65,Singaporean,Platinum,10334,tfoster@example.com,+65
1357,PAX0001357,Stephanie,Herrera,F,1979-07-17,36-50,Malaysian,Gold,11548,daniel77@example.org,+60
1358,PAX0001358,Heather,Hamilton,F,1959-11-29,51-65,Indonesian,Silver,2738,nicole31@example.org,+65
1359,PAX0001359,Andrew,Foster,M,1969-10-12,51-65,Indonesian,None,1620,rachel23@example.com,+65
1360,PAX0001360,Victoria,Wilson,F,1995-08-30,26-35,Indonesian,Gold,4486,zpierce@example.net,+60
1361,PAX0001361,Bethany,Potter,F,1999-01-01,26-35,Indonesian,Gold,12172,vshaw@example.com,+61
1362,PAX0001362,Brian,Rodriguez,M,1959-05-03,51-65,Indonesian,None,1182,martinezmaurice@example.org,+62
1363,PAX0001363,Melinda,Williams,F,2002-08-12,18-25,Indonesian,Gold,4877,russell90@example.com,+61
1364,PAX0001364,Dylan,Tucker,M,1983-01-26,36-50,Australian,None,4992,jwright@example.net,+62
1365,PAX0001365,Cody,Campbell,M,1985-03-07,36-50,Australian,None,6604,linvirginia@example.org,+62
1366,PAX0001366,Samantha,Gonzalez,F,1995-09-26,26-35,American,Silver,705,hayneswayne@example.org,+65
1367,PAX0001367,Willie,Garza,M,1963-03-26,51-65,Indonesian,Silver,6290,jeromeanderson@example.org,+60
1368,PAX0001368,William,Hickman,M,1969-01-10,51-65,Indonesian,None,11986,msmith@example.org,+62
1369,PAX0001369,James,Warren,M,1953-11-10,65+,Indonesian,Silver,990,jeffreysimmons@example.org,+65
1370,PAX0001370,Jeffery,Williams,M,1985-02-01,36-50,Japanese,None,1356,adamsjuan@example.com,+61
1371,PAX0001371,Jennifer,Flores,F,1998-10-25,26-35,Indonesian,Silver,17770,whiteaaron@example.net,+65
1372,PAX0001372,Erica,Mitchell,F,2001-01-26,18-25,British,Gold,998,rebekah16@example.org,+62
1373,PAX0001373,Travis,Cox,M,1967-07-24,51-65,Indonesian,None,9633,daniel08@example.org,+65
1374,PAX0001374,Heather,Patrick,F,1972-12-06,51-65,Indonesian,None,3389,john43@example.net,+65
1375,PAX0001375,Anita,Rodriguez,F,1976-07-11,36-50,Indonesian,Silver,1419,williamstanya@example.net,+65
1376,PAX0001376,Connor,Bush,M,2006-01-06,18-25,Japanese,Silver,10230,jonesamy@example.com,+61
1377,PAX0001377,Nicholas,Mayo,M,1970-11-28,51-65,Indonesian,None,2946,amandahernandez@example.org,+62
1378,PAX0001378,Jason,Dawson,M,1963-06-09,51-65,Indonesian,None,3616,patricia71@example.com,+60
1379,PAX0001379,Karen,Mills,F,1954-12-31,65+,Malaysian,Gold,2225,jacksonjoshua@example.org,+61
1380,PAX0001380,Angel,Knight,M,1970-02-07,51-65,Indonesian,Silver,4494,joysanders@example.net,+61
1381,PAX0001381,Sheila,Mata,F,1986-08-17,36-50,Indonesian,None,892,samuelhicks@example.net,+62
1382,PAX0001382,James,Lawson,M,2003-06-06,18-25,Malaysian,Silver,2480,jackmoore@example.org,+62
1383,PAX0001383,Melissa,Suarez,F,1990-09-08,26-35,Indonesian,None,17435,ugordon@example.net,+65
1384,PAX0001384,Eric,Robinson,M,1968-01-03,51-65,Indonesian,Silver,1492,andrea23@example.org,+62
1385,PAX0001385,Cynthia,Williams,F,1986-09-13,36-50,British,Platinum,5346,sheriramirez@example.org,+65
1386,PAX0001386,Shelley,Williams,F,1968-10-17,51-65,Australian,Silver,1966,veronicaclark@example.org,+60
1387,PAX0001387,Matthew,Chen,M,1950-06-27,65+,Indonesian,Gold,7424,mark84@example.net,+61
1388,PAX0001388,Jennifer,Carr,F,1959-06-26,51-65,Indonesian,Silver,701,tracie05@example.org,+62
1389,PAX0001389,Vincent,Thompson,M,2000-02-07,18-25,Singaporean,None,17503,medinatiffany@example.net,+61
1390,PAX0001390,Miranda,Watts,F,1957-08-20,65+,Indonesian,Gold,3023,molly98@example.org,+61
1391,PAX0001391,Jeremy,Nguyen,M,2005-12-23,18-25,Indonesian,None,1346,bonniemorton@example.com,+65
1392,PAX0001392,Jeremy,Blair,M,1960-12-25,51-65,Japanese,None,381,erichardson@example.org,+62
1393,PAX0001393,Christopher,Lopez,M,1984-02-22,36-50,American,Silver,930,jacobhenry@example.net,+60
1394,PAX0001394,Maria,Smith,F,1962-09-02,51-65,Indonesian,Silver,3667,nicoleroth@example.net,+60
1395,PAX0001395,Cole,Thomas,M,1991-10-03,26-35,Australian,None,2054,psanchez@example.com,+62
1396,PAX0001396,Nathaniel,Taylor,M,1957-03-19,65+,Australian,Gold,8827,morrisonnicholas@example.org,+61
1397,PAX0001397,Ronald,Hines,M,1957-11-17,65+,Indonesian,Silver,2818,andersonkayla@example.com,+62
1398,PAX0001398,Teresa,Greene,F,1960-02-06,51-65,Indonesian,Platinum,1429,rosariodaniel@example.net,+61
1399,PAX0001399,George,Zimmerman,M,2006-01-27,18-25,Indonesian,None,4800,donaldmalone@example.com,+65
1400,PAX0001400,Carla,Rivera,F,2005-11-19,18-25,Other,None,6134,johnstephens@example.com,+65
1401,PAX0001401,Joshua,Smith,M,1993-02-03,26-35,Malaysian,None,913,garciakenneth@example.net,+65
1402,PAX0001402,Jason,Smith,M,2007-04-25,18-25,British,None,917,andrewsimmons@example.org,+65
1403,PAX0001403,Mary,Perez,F,1974-06-08,36-50,Indonesian,None,186,tmcdaniel@example.org,+65
1404,PAX0001404,Christopher,Rodriguez,M,1983-11-11,36-50,Singaporean,Silver,6666,huberjuan@example.org,+65
1405,PAX0001405,Gene,Ward,M,1992-04-16,26-35,Indonesian,Silver,5450,huangcassandra@example.org,+65
1406,PAX0001406,Kerry,Greene,F,1979-07-24,36-50,British,None,3218,qhernandez@example.net,+61
1407,PAX0001407,Mario,Mitchell,M,1970-11-30,51-65,Indonesian,None,9294,nelsonvictor@example.com,+65
1408,PAX0001408,Robert,Dawson,M,1968-06-14,51-65,American,Gold,8190,mccormickmichelle@example.org,+61
1409,PAX0001409,Matthew,Flores,M,2003-04-27,18-25,Indonesian,None,4401,ygriffin@example.com,+62
1410,PAX0001410,Andrea,Lane,F,2005-10-30,18-25,Indonesian,None,10135,duane52@example.org,+62
1411,PAX0001411,Janice,Flores,F,2002-08-16,18-25,Indonesian,None,1152,aolson@example.net,+62
1412,PAX0001412,Mallory,Taylor,F,2004-05-22,18-25,Other,None,593,patrickdunn@example.net,+60
1413,PAX0001413,Johnathan,Herrera,M,1986-09-18,36-50,Singaporean,None,1571,patrickcarpenter@example.com,+61
1414,PAX0001414,Laura,Steele,F,1986-04-02,36-50,Indonesian,None,293,jacquelineyoung@example.org,+62
1415,PAX0001415,Wendy,Smith,F,1964-03-23,51-65,Indonesian,None,3787,hrosario@example.org,+61
1416,PAX0001416,Isaac,Atkinson,M,1974-03-02,36-50,Japanese,None,13791,kenneththomas@example.net,+61
1417,PAX0001417,David,Carey,M,1979-01-17,36-50,British,None,200,burgessdavid@example.net,+60
1418,PAX0001418,Charles,Quinn,M,1998-04-19,26-35,Indonesian,Gold,651,swatson@example.org,+65
1419,PAX0001419,Kevin,Woods,M,1995-06-29,26-35,Singaporean,None,3009,anthonydiaz@example.org,+62
1420,PAX0001420,Angela,Carroll,F,1967-01-25,51-65,American,None,13581,lhernandez@example.com,+60
1421,PAX0001421,Brenda,Rose,F,2000-12-28,18-25,Singaporean,None,1900,theodore57@example.net,+65
1422,PAX0001422,Adam,Rodriguez,M,1997-09-14,26-35,Singaporean,Gold,3538,ibarraantonio@example.org,+65
1423,PAX0001423,Caitlyn,Sanders,F,1984-08-22,36-50,Indonesian,None,212,dfrazier@example.net,+61
1424,PAX0001424,Ronald,Ellison,M,1998-10-21,26-35,Australian,Gold,802,jenna62@example.com,+60
1425,PAX0001425,Kelly,Spence,F,1956-08-25,65+,American,Silver,21573,juliamorales@example.org,+61
1426,PAX0001426,Jenna,Carson,F,1965-04-15,51-65,Indonesian,None,16779,velasqueztaylor@example.com,+61
1427,PAX0001427,Maria,Wilcox,F,1994-10-22,26-35,Indonesian,Gold,24,brianwatson@example.com,+61
1428,PAX0001428,Debra,Garcia,F,1963-08-24,51-65,Indonesian,None,15163,carrie50@example.org,+62
1429,PAX0001429,Christopher,Rodriguez,M,1969-08-06,51-65,American,None,5096,carlaavila@example.com,+62
1430,PAX0001430,Kristen,Little,F,1963-03-03,51-65,American,None,10121,allenchristopher@example.net,+62
1431,PAX0001431,Andrew,Downs,M,1988-10-29,36-50,Indonesian,None,3032,uwilliams@example.org,+65
1432,PAX0001432,Alejandra,Kelly,F,1971-05-24,51-65,Indonesian,None,3624,susan83@example.com,+62
1433,PAX0001433,Jeanette,Kelly,F,2001-07-22,18-25,Indonesian,Silver,3355,jacquelinedavis@example.com,+65
1434,PAX0001434,Kathy,Shaw,F,2000-11-05,18-25,Indonesian,None,5496,andrewflynn@example.com,+62
1435,PAX0001435,Sheila,Johnson,F,1990-04-18,26-35,Indonesian,None,752,edwardford@example.net,+65
1436,PAX0001436,Tiffany,Hall,F,1956-09-27,65+,Indonesian,None,152,lindseypena@example.net,+60
1437,PAX0001437,Wendy,Mason,F,1961-05-08,51-65,Singaporean,Silver,1840,seth25@example.com,+61
1438,PAX0001438,Loretta,Bentley,F,1974-11-29,36-50,Indonesian,None,6098,macdonaldkim@example.com,+60
1439,PAX0001439,Daniel,Bishop,M,1966-08-31,51-65,Japanese,None,1127,rubioashley@example.com,+60
1440,PAX0001440,Regina,Thomas,F,1957-01-08,65+,Australian,None,5595,amy17@example.org,+60
1441,PAX0001441,Emily,Villa,F,1981-05-05,36-50,Indonesian,None,17518,carlosray@example.com,+65
1442,PAX0001442,Andrea,Page,F,1956-06-18,65+,Indonesian,None,493,escott@example.com,+65
1443,PAX0001443,Shawn,Santos,M,2002-04-29,18-25,Indonesian,None,5582,shelbybonilla@example.com,+60
1444,PAX0001444,Jack,Mitchell,M,1953-02-01,65+,Indonesian,None,2932,rvincent@example.org,+65
1445,PAX0001445,Jacob,Kirk,M,1980-05-22,36-50,Malaysian,Platinum,10130,nathaniel68@example.com,+65
1446,PAX0001446,Sherry,Esparza,F,1968-04-11,51-65,Indonesian,Platinum,974,oliverdawn@example.net,+60
1447,PAX0001447,David,Nicholson,M,2004-03-11,18-25,American,None,5898,mooredaniel@example.com,+61
1448,PAX0001448,Kelly,Nash,M,1961-02-27,51-65,Other,Platinum,9104,paulford@example.org,+65
1449,PAX0001449,John,Day,M,1974-02-19,36-50,Other,Silver,14467,lrodriguez@example.net,+60
1450,PAX0001450,Sylvia,Nielsen,F,1957-10-07,65+,Indonesian,None,5748,vgonzalez@example.org,+65
1451,PAX0001451,Grace,Munoz,F,1971-12-26,51-65,Indonesian,None,3437,jacquelinealvarez@example.com,+61
1452,PAX0001452,Andrew,Moore,M,1981-04-29,36-50,Indonesian,Silver,4809,nthomas@example.com,+60
1453,PAX0001453,Andre,Burke,M,1989-01-21,26-35,Indonesian,Gold,10159,zbrown@example.com,+61
1454,PAX0001454,Jessica,Kennedy,F,2004-02-14,18-25,Indonesian,None,4226,lewisandrew@example.net,+65
1455,PAX0001455,Derrick,Reid,M,1979-03-04,36-50,Japanese,Gold,154,thomasjoshua@example.org,+65
1456,PAX0001456,Shane,Hayes,M,1970-09-11,51-65,Indonesian,Gold,13364,qwarren@example.com,+62
1457,PAX0001457,Sandra,Davis,F,1962-12-02,51-65,Indonesian,None,5848,wpeterson@example.com,+62
1458,PAX0001458,Christina,Mcmahon,F,1961-08-03,51-65,Indonesian,Silver,5642,salvarez@example.org,+61
1459,PAX0001459,Jessica,Gaines,F,1997-10-20,26-35,Indonesian,None,1214,jmorrow@example.net,+60
1460,PAX0001460,Angela,Contreras,F,1963-11-27,51-65,Indonesian,None,5377,mariodowns@example.net,+62
1461,PAX0001461,Roger,Quinn,M,2000-12-10,18-25,Malaysian,None,2503,hernandezstephen@example.org,+61
1462,PAX0001462,Sharon,Wilson,F,1984-05-18,36-50,Indonesian,Gold,5266,ubaker@example.org,+61
1463,PAX0001463,Terri,Mathews,F,1981-01-19,36-50,Indonesian,Silver,563,lfowler@example.org,+62
1464,PAX0001464,Daniel,Werner,M,1952-11-15,65+,Indonesian,None,5362,xhorton@example.org,+60
1465,PAX0001465,James,Bailey,M,1991-04-15,26-35,Other,Silver,37208,teresaray@example.org,+61
1466,PAX0001466,Robert,Smith,M,1975-08-03,36-50,Indonesian,Silver,247,wayne17@example.net,+60
1467,PAX0001467,Jennifer,Bell,F,1981-06-03,36-50,Indonesian,None,18899,wmills@example.com,+65
1468,PAX0001468,Timothy,Ellis,M,1958-02-09,65+,Indonesian,None,2612,gregory92@example.net,+61
1469,PAX0001469,James,Bruce,M,1980-01-20,36-50,Japanese,None,10230,swalters@example.net,+60
1470,PAX0001470,Whitney,Shaffer,F,1957-02-22,65+,Singaporean,None,7625,davisallen@example.com,+62
1471,PAX0001471,Jon,Walton,M,1957-06-12,65+,Indonesian,None,4185,schultzwesley@example.org,+61
1472,PAX0001472,Dylan,Fisher,M,1995-10-31,26-35,Malaysian,Gold,6705,kimberlyarnold@example.org,+61
1473,PAX0001473,Scott,Sampson,M,1963-09-13,51-65,Indonesian,Silver,10539,tammy76@example.net,+65
1474,PAX0001474,Richard,Foster,M,1998-04-15,26-35,Indonesian,None,2588,kimberly84@example.com,+62
1475,PAX0001475,Deborah,Roberson,F,1995-03-20,26-35,Singaporean,Silver,1980,anunez@example.com,+60
1476,PAX0001476,Alexis,Hernandez,F,1952-08-13,65+,Other,Gold,5506,mary89@example.com,+60
1477,PAX0001477,Christopher,Armstrong,M,1973-03-12,51-65,British,None,8247,zallen@example.org,+62
1478,PAX0001478,Matthew,Poole,M,1992-04-30,26-35,Indonesian,Gold,7183,oanderson@example.com,+65
1479,PAX0001479,Carrie,Strong,F,1999-12-10,18-25,Indonesian,None,7992,samuelgarcia@example.org,+61
1480,PAX0001480,Bailey,Ray,F,1984-09-15,36-50,Indonesian,None,2859,ocameron@example.com,+62
1481,PAX0001481,Juan,Fry,M,2007-05-17,18-25,Australian,None,8514,christopherjohnson@example.org,+62
1482,PAX0001482,Randy,Hernandez,M,1993-03-10,26-35,Indonesian,Gold,640,armstronganthony@example.net,+60
1483,PAX0001483,Victoria,Walters,F,1959-04-11,51-65,Malaysian,Silver,3931,jacob34@example.org,+62
1484,PAX0001484,Sara,Barber,F,1986-10-29,36-50,Japanese,None,28,qtownsend@example.org,+60
1485,PAX0001485,Angela,Thomas,F,1969-02-07,51-65,Australian,None,1962,littlebeth@example.org,+65
1486,PAX0001486,Jimmy,Carlson,M,1957-12-10,65+,Indonesian,Silver,2282,thomasjose@example.org,+65
1487,PAX0001487,Billy,Kirk,M,1956-09-14,65+,Indonesian,Platinum,2522,peterhenry@example.org,+62
1488,PAX0001488,Benjamin,Chung,M,1978-07-19,36-50,American,None,5944,clarkrobert@example.com,+60
1489,PAX0001489,Susan,Stokes,F,1993-07-04,26-35,Indonesian,None,2459,kentberger@example.net,+60
1490,PAX0001490,Mark,Bond,M,1988-12-30,36-50,Malaysian,None,2977,daughertyvictoria@example.com,+62
1491,PAX0001491,Kyle,Smith,M,1992-03-05,26-35,Indonesian,Silver,1356,sara39@example.org,+65
1492,PAX0001492,Allison,Hunt,F,1986-11-12,36-50,Indonesian,None,2336,javierdiaz@example.org,+62
1493,PAX0001493,Erin,Robinson,F,1952-05-26,65+,Malaysian,Gold,1289,josepholson@example.org,+62
1494,PAX0001494,Michael,Pearson,M,1974-02-10,36-50,Australian,Gold,380,fmcgee@example.com,+62
1495,PAX0001495,Travis,Nielsen,M,1985-04-12,36-50,Indonesian,Gold,4624,gerald46@example.org,+62
1496,PAX0001496,Rebecca,Matthews,F,1990-02-09,26-35,Indonesian,None,5516,lauramckay@example.com,+62
1497,PAX0001497,Sonya,Henderson,F,1979-11-21,36-50,Malaysian,Gold,4831,lisa91@example.net,+62
1498,PAX0001498,Jeffrey,Bradley,M,1976-06-16,36-50,Singaporean,None,3113,rachael17@example.org,+60
1499,PAX0001499,Tyler,King,M,1952-09-09,65+,Indonesian,Gold,2388,pcarter@example.net,+60
1500,PAX0001500,Jennifer,Wilson,F,1974-05-13,36-50,Indonesian,Gold,9951,ruben25@example.org,+65
1501,PAX0001501,Daniel,Watson,M,1955-05-03,65+,Indonesian,Silver,3660,kimberlymartinez@example.com,+62
1502,PAX0001502,Adam,Murphy,M,1997-03-25,26-35,Malaysian,Platinum,3261,ubradley@example.org,+65
1503,PAX0001503,Austin,Campbell,M,1988-08-11,36-50,Other,None,129,alisongarcia@example.com,+65
1504,PAX0001504,Lisa,Ware,F,1999-02-18,18-25,Indonesian,Silver,2087,berrydebbie@example.net,+61
1505,PAX0001505,Jeffrey,Li,M,2001-11-07,18-25,Indonesian,None,2391,jameslang@example.com,+61
1506,PAX0001506,Wanda,Fisher,F,1953-07-30,65+,Indonesian,None,2544,chavezcarolyn@example.net,+62
1507,PAX0001507,Cynthia,Smith,F,1976-06-11,36-50,Indonesian,None,4339,schneidermelissa@example.org,+65
1508,PAX0001508,Diane,Skinner,F,1981-10-25,36-50,Australian,Silver,3813,ijohnson@example.net,+62
1509,PAX0001509,George,Smith,M,1953-01-20,65+,Indonesian,None,4681,zdavis@example.com,+60
1510,PAX0001510,Elizabeth,Stewart,F,1999-08-11,18-25,Singaporean,None,7238,richard85@example.com,+61
1511,PAX0001511,Anthony,Evans,M,1992-01-23,26-35,Singaporean,None,8382,psnyder@example.org,+61
1512,PAX0001512,James,Williamson,M,2007-10-06,18-25,British,Gold,6331,walkermargaret@example.org,+61
1513,PAX0001513,Wendy,Callahan,F,1957-07-19,65+,Indonesian,Platinum,15563,fperez@example.org,+61
1514,PAX0001514,Steven,Wood,M,1999-09-01,18-25,Indonesian,Silver,92,villamiranda@example.com,+62
1515,PAX0001515,Andrew,Williams,M,2003-10-22,18-25,Indonesian,None,1089,charles59@example.com,+62
1516,PAX0001516,Michael,Buckley,M,1968-10-04,51-65,Indonesian,Platinum,37,uwilson@example.org,+60
1517,PAX0001517,Kevin,Horn,M,2001-08-20,18-25,Singaporean,Platinum,5213,qwalsh@example.org,+62
1518,PAX0001518,Joseph,Lane,M,1985-11-24,36-50,British,Silver,11415,ubray@example.net,+60
1519,PAX0001519,Courtney,Baker,F,1983-03-29,36-50,Australian,Gold,1395,jennifer58@example.org,+61
1520,PAX0001520,Maria,Foley,F,1995-04-09,26-35,Indonesian,Silver,13088,jonestroy@example.org,+61
1521,PAX0001521,Meagan,Mcdonald,F,1951-04-15,65+,Indonesian,None,310,glopez@example.com,+61
1522,PAX0001522,Robert,Gill,M,1964-08-04,51-65,Indonesian,None,13623,kathleen47@example.net,+65
1523,PAX0001523,Ryan,Garcia,M,1960-11-14,51-65,Indonesian,Silver,2166,jefferycox@example.com,+62
1524,PAX0001524,Kayla,Deleon,F,1992-08-13,26-35,Malaysian,Platinum,534,caseyhenderson@example.net,+61
1525,PAX0001525,Tiffany,Ray,F,1971-04-18,51-65,Indonesian,Silver,3326,thomasnancy@example.net,+62
1526,PAX0001526,David,Shannon,M,1957-11-22,65+,Malaysian,Silver,1483,josephalvarez@example.net,+61
1527,PAX0001527,Heather,Wilson,F,1981-03-12,36-50,Indonesian,Silver,1676,gomezjason@example.com,+61
1528,PAX0001528,Jessica,Cook,F,1984-07-26,36-50,Indonesian,Gold,1835,gnelson@example.org,+62
1529,PAX0001529,James,Reilly,M,1994-07-13,26-35,Other,Gold,8123,kellypowell@example.net,+62
1530,PAX0001530,Kendra,Snyder,F,1969-03-03,51-65,Indonesian,Gold,3873,drodriguez@example.net,+61
1531,PAX0001531,Tina,Robinson,F,1967-05-02,51-65,Indonesian,None,1864,jacobsonbarbara@example.org,+60
1532,PAX0001532,Joseph,Hill,M,1954-11-15,65+,Indonesian,None,4712,gmyers@example.org,+61
1533,PAX0001533,Samantha,Holt,F,2000-05-02,18-25,Australian,Silver,6296,yharris@example.org,+61
1534,PAX0001534,Mallory,Mccarthy,F,1974-01-18,36-50,Indonesian,Gold,1591,jessica12@example.net,+62
1535,PAX0001535,Lisa,Stevenson,F,1998-01-22,26-35,Indonesian,Silver,2668,georgemaldonado@example.org,+61
1536,PAX0001536,Evelyn,Gibson,F,1963-02-21,51-65,Australian,None,649,waderonnie@example.org,+62
1537,PAX0001537,William,Ibarra,M,1962-06-22,51-65,Singaporean,None,999,erincastaneda@example.net,+60
1538,PAX0001538,Tracy,Aguilar,F,1974-05-10,36-50,Japanese,Silver,5714,emarks@example.org,+60
1539,PAX0001539,Sabrina,Bradley,F,1953-06-19,65+,Indonesian,None,1001,mary88@example.org,+60
1540,PAX0001540,Bridget,Davis,F,2001-10-08,18-25,Indonesian,Silver,3723,linda57@example.com,+65
1541,PAX0001541,Gregory,Gardner,M,2000-05-24,18-25,Singaporean,Silver,6172,dking@example.org,+62
1542,PAX0001542,Heather,Mckinney,F,2006-09-20,18-25,Indonesian,None,565,rrodriguez@example.net,+60
1543,PAX0001543,Mark,Hernandez,M,1999-12-12,18-25,Indonesian,Gold,4188,qchase@example.org,+61
1544,PAX0001544,Kathleen,Sanchez,F,1974-09-13,36-50,Indonesian,None,1482,vhoward@example.org,+62
1545,PAX0001545,Tammie,Gray,F,1963-08-01,51-65,Indonesian,None,16474,sheppardnatalie@example.net,+62
1546,PAX0001546,Stephanie,Cole,F,1987-06-22,36-50,Indonesian,Silver,3303,josephshelton@example.com,+60
1547,PAX0001547,Leah,Landry,F,1977-01-01,36-50,Indonesian,Gold,8199,kyle09@example.net,+60
1548,PAX0001548,Greg,Salazar,M,1998-02-25,26-35,Singaporean,None,3995,kpope@example.com,+61
1549,PAX0001549,Brian,Smith,M,1970-01-07,51-65,Indonesian,Gold,221,stevenhernandez@example.com,+62
1550,PAX0001550,Justin,Martin,M,1992-11-03,26-35,Indonesian,None,5014,zroberts@example.com,+61
1551,PAX0001551,Jesse,Robinson,M,1951-06-15,65+,Singaporean,Platinum,15121,brownkevin@example.com,+62
1552,PAX0001552,Mary,Smith,F,1974-05-13,36-50,Indonesian,Silver,4601,devin48@example.net,+61
1553,PAX0001553,Kristina,Mckay,F,2002-09-18,18-25,Indonesian,Gold,8551,douglas36@example.net,+60
1554,PAX0001554,Donna,Johnson,F,1955-11-20,65+,Indonesian,Silver,10779,john66@example.com,+65
1555,PAX0001555,Stephanie,Mora,F,1957-01-26,65+,Indonesian,Silver,1294,glen65@example.net,+61
1556,PAX0001556,Michael,Gonzalez,M,1959-11-12,51-65,American,Silver,1191,robertgonzalez@example.com,+65
1557,PAX0001557,Elizabeth,Ho,F,1956-03-20,65+,Indonesian,Platinum,4720,ygardner@example.com,+61
1558,PAX0001558,Brenda,Ramos,F,1956-12-05,65+,Other,Silver,2646,william57@example.com,+61
1559,PAX0001559,John,Ali,M,1979-06-30,36-50,Indonesian,None,9158,jjohnson@example.org,+65
1560,PAX0001560,Jason,Campos,M,2002-07-28,18-25,Indonesian,Silver,11514,kristin98@example.com,+60
1561,PAX0001561,Lisa,Yoder,F,1959-01-20,51-65,Indonesian,Gold,2180,brian62@example.com,+62
1562,PAX0001562,Aaron,Aguirre,M,1995-12-28,26-35,British,None,1351,fcombs@example.org,+60
1563,PAX0001563,Ronald,Santos,M,1968-10-11,51-65,Indonesian,Silver,7582,brooke49@example.com,+61
1564,PAX0001564,Gary,Brown,M,1997-05-21,26-35,Indonesian,None,1606,mileszachary@example.net,+65
1565,PAX0001565,Tracy,Taylor,F,2000-10-11,18-25,Indonesian,Silver,8647,kevincollins@example.org,+61
1566,PAX0001566,Karina,Watts,F,2005-03-19,18-25,Singaporean,None,2755,joneseric@example.org,+65
1567,PAX0001567,Anne,Harris,F,1985-10-07,36-50,Indonesian,None,5506,gjohnson@example.com,+60
1568,PAX0001568,Anthony,Martinez,M,1976-12-24,36-50,Singaporean,None,502,lwebb@example.org,+61
1569,PAX0001569,Ryan,Green,M,2007-09-03,18-25,Indonesian,Gold,4888,nvillarreal@example.org,+60
1570,PAX0001570,Brianna,Smith,F,1979-10-25,36-50,British,Platinum,3005,lorisandoval@example.org,+61
1571,PAX0001571,Natalie,Payne,F,1985-03-14,36-50,Malaysian,Gold,4416,scastillo@example.net,+61
1572,PAX0001572,Tyler,Vasquez,M,1957-03-14,65+,Indonesian,Silver,919,peter17@example.com,+62
1573,PAX0001573,Jessica,Johnson,F,2005-10-01,18-25,Indonesian,None,6675,ywilson@example.org,+62
1574,PAX0001574,Elizabeth,Brewer,F,1989-11-24,26-35,Indonesian,Silver,9931,wwilliams@example.org,+61
1575,PAX0001575,Stephen,Ellis,M,1982-03-26,36-50,Other,None,1221,holdenmichael@example.net,+62
1576,PAX0001576,Gregory,Mccarthy,M,1964-09-25,51-65,Indonesian,None,503,lpalmer@example.net,+61
1577,PAX0001577,Heather,Ball,F,1960-09-11,51-65,British,None,119,stephen24@example.net,+60
1578,PAX0001578,Thomas,Jones,M,1971-01-03,51-65,Indonesian,None,5135,ebennett@example.net,+65
1579,PAX0001579,Catherine,Erickson,F,1995-03-27,26-35,British,Platinum,4670,david59@example.net,+60
1580,PAX0001580,Lauren,Gallegos,F,1974-01-29,36-50,Malaysian,Gold,3955,williamsmelissa@example.org,+62
1581,PAX0001581,Brent,Rodriguez,M,1966-02-28,51-65,British,Silver,1319,omorris@example.net,+62
1582,PAX0001582,David,Yoder,M,2004-07-13,18-25,Indonesian,None,2478,jessicacruz@example.com,+60
1583,PAX0001583,Antonio,King,M,1954-10-09,65+,Indonesian,None,4512,bradfordcharles@example.com,+61
1584,PAX0001584,Lynn,Johnson,F,1991-09-01,26-35,Indonesian,Platinum,3433,manuelhale@example.com,+60
1585,PAX0001585,Virginia,Berry,F,1959-06-17,51-65,Indonesian,Gold,22025,jameshenry@example.net,+65
1586,PAX0001586,Courtney,Harmon,F,1969-11-10,51-65,Indonesian,Gold,733,zcervantes@example.org,+61
1587,PAX0001587,Lauren,Soto,F,1956-03-30,65+,British,Gold,5939,harrislisa@example.org,+61
1588,PAX0001588,Raymond,Carroll,M,1974-11-10,36-50,Indonesian,None,2590,petersonfaith@example.net,+61
1589,PAX0001589,Kelsey,Lee,F,1994-02-04,26-35,Australian,Platinum,2794,ashleywells@example.com,+60
1590,PAX0001590,Lisa,Hansen,F,1974-08-26,36-50,British,Gold,6322,lauriegonzales@example.net,+65
1591,PAX0001591,Shelly,Carroll,F,1975-12-27,36-50,Indonesian,None,5895,kimberlyevans@example.org,+60
1592,PAX0001592,Crystal,Guzman,F,1984-04-30,36-50,Malaysian,Gold,23696,andrew44@example.com,+65
1593,PAX0001593,Heather,Brennan,F,1998-04-01,26-35,Japanese,None,687,tammyjones@example.net,+61
1594,PAX0001594,Samuel,Frederick,M,1966-10-26,51-65,Singaporean,None,549,reginald08@example.net,+62
1595,PAX0001595,Kevin,Giles,M,1957-12-08,65+,Indonesian,Silver,6442,denise05@example.com,+65
1596,PAX0001596,Christina,Barron,F,1968-02-23,51-65,Japanese,None,4318,tayloramy@example.net,+61
1597,PAX0001597,Thomas,Alvarado,M,1972-10-27,51-65,Indonesian,Silver,1602,youngcharles@example.net,+60
1598,PAX0001598,Michele,Cannon,F,1991-11-26,26-35,Indonesian,None,413,reedchad@example.com,+65
1599,PAX0001599,Nancy,Noble,F,1991-02-05,26-35,British,Platinum,447,rpotts@example.net,+65
1600,PAX0001600,Brian,Crawford,M,1953-03-26,65+,Other,Platinum,11230,debrareynolds@example.com,+65
1601,PAX0001601,Samuel,Mata,M,2003-07-30,18-25,Other,None,1065,velazquezanthony@example.org,+65
1602,PAX0001602,Lee,Gray,M,1986-09-29,36-50,Indonesian,None,1953,tranbrett@example.com,+60
1603,PAX0001603,Calvin,Miles,M,1997-09-19,26-35,Indonesian,None,1285,darrellwilson@example.net,+62
1604,PAX0001604,Guy,Cooper,M,1975-06-01,36-50,Malaysian,None,2192,allenchristopher@example.org,+61
1605,PAX0001605,Jennifer,Goodwin,F,1965-11-06,51-65,Indonesian,Silver,359,ritteralexis@example.net,+65
1606,PAX0001606,Robin,Jones,F,1967-05-26,51-65,Indonesian,None,3660,samuelcampbell@example.com,+65
1607,PAX0001607,Lindsey,Zamora,F,1974-03-10,36-50,British,Silver,350,david67@example.net,+60
1608,PAX0001608,Matthew,Jones,M,1958-09-20,65+,Indonesian,None,8056,troymoss@example.com,+65
1609,PAX0001609,Jeremy,Turner,M,1965-05-20,51-65,Indonesian,None,1330,kimberly43@example.net,+61
1610,PAX0001610,Fernando,Weaver,M,1968-08-06,51-65,Indonesian,Silver,3882,brownrachel@example.net,+61
1611,PAX0001611,John,Miller,M,1992-09-16,26-35,Indonesian,None,10604,maureenmeyer@example.com,+60
1612,PAX0001612,Kristen,Martinez,F,2000-11-17,18-25,Malaysian,Silver,5261,barryyoung@example.com,+61
1613,PAX0001613,Pamela,Benton,F,1994-08-14,26-35,Indonesian,Silver,3806,porterarthur@example.com,+62
1614,PAX0001614,Janet,Wilcox,F,1990-06-03,26-35,Other,None,1960,brownmelissa@example.com,+60
1615,PAX0001615,Albert,Reyes,M,1984-02-07,36-50,Indonesian,Silver,2024,nwilliams@example.com,+61
1616,PAX0001616,Mary,Patel,F,1962-12-10,51-65,Other,Silver,5535,anthony50@example.net,+65
1617,PAX0001617,Steven,Livingston,M,2001-09-25,18-25,Singaporean,None,25697,lisa93@example.org,+61
1618,PAX0001618,Molly,Howell,F,1973-08-05,51-65,British,None,5421,vpatton@example.org,+60
1619,PAX0001619,Ashley,Hughes,F,2005-05-02,18-25,Indonesian,None,4079,michele87@example.com,+62
1620,PAX0001620,Nathan,Mack,M,1989-05-11,26-35,Indonesian,Platinum,6558,francisco67@example.net,+60
1621,PAX0001621,Bonnie,Smith,F,1966-08-09,51-65,American,None,3129,christopher38@example.com,+60
1622,PAX0001622,Laura,Johnson,F,1973-05-12,51-65,Indonesian,None,310,michael49@example.org,+65
1623,PAX0001623,Elizabeth,Guerrero,F,1958-11-07,65+,Australian,None,4131,melanie77@example.org,+65
1624,PAX0001624,Alexa,Johnson,F,1980-04-30,36-50,Indonesian,None,15806,timothy83@example.com,+65
1625,PAX0001625,Kevin,Miller,M,1954-05-19,65+,Indonesian,None,963,stephanie72@example.com,+61
1626,PAX0001626,Rachel,Green,F,2002-07-08,18-25,Indonesian,Gold,5855,omartinez@example.org,+61
1627,PAX0001627,Seth,Douglas,M,1960-05-22,51-65,Indonesian,Platinum,1121,dannyjohnson@example.net,+61
1628,PAX0001628,Shannon,Riley,F,1984-11-15,36-50,Indonesian,Gold,3837,tranjeremy@example.net,+65
1629,PAX0001629,William,Smith,M,1968-01-08,51-65,Indonesian,None,508,amber09@example.org,+60
1630,PAX0001630,Brian,Hunter,M,1974-03-11,36-50,British,Silver,2992,dixonjoel@example.com,+60
1631,PAX0001631,Jacob,Carson,M,1989-03-16,26-35,Singaporean,Platinum,7056,bjones@example.com,+65
1632,PAX0001632,Allison,Lawson,F,1960-02-17,51-65,American,None,2135,matthew65@example.com,+61
1633,PAX0001633,Marco,Martin,M,1970-05-27,51-65,American,None,5466,carteredward@example.net,+62
1634,PAX0001634,Ashley,Lewis,F,1952-02-17,65+,Indonesian,Platinum,7934,william89@example.net,+62
1635,PAX0001635,Teresa,Gray,F,1973-10-21,51-65,Indonesian,None,13098,sandovaledward@example.net,+61
1636,PAX0001636,Tina,Benjamin,F,1955-09-24,65+,Singaporean,None,1337,arianacuevas@example.net,+62
1637,PAX0001637,Morgan,Ryan,F,1987-09-13,36-50,Other,Silver,2548,abbottallison@example.org,+61
1638,PAX0001638,Kaitlyn,Warren,F,1991-09-15,26-35,Other,Platinum,826,mstewart@example.net,+65
1639,PAX0001639,Thomas,Murphy,M,1970-05-03,51-65,British,Gold,24453,jerry51@example.net,+60
1640,PAX0001640,Jill,Rosario,F,1966-10-18,51-65,Japanese,Silver,13086,wcox@example.net,+61
1641,PAX0001641,Billy,Cox,M,1984-10-19,36-50,Indonesian,None,3882,cjacobs@example.com,+61
1642,PAX0001642,Keith,Serrano,M,1966-01-10,51-65,Indonesian,None,9226,sarasanchez@example.com,+61
1643,PAX0001643,Lauren,Taylor,F,1996-04-06,26-35,Indonesian,Gold,3679,laura55@example.org,+65
1644,PAX0001644,Jason,Wagner,M,1955-12-09,65+,Indonesian,Gold,4885,barbarachen@example.org,+60
1645,PAX0001645,Shawn,Smith,M,1962-08-20,51-65,Indonesian,None,466,barneskathy@example.net,+60
1646,PAX0001646,Patrick,Martinez,M,1982-05-14,36-50,Indonesian,Gold,7038,bassandrew@example.org,+61
1647,PAX0001647,Brandi,Camacho,F,1955-05-12,65+,Singaporean,None,683,wstrong@example.org,+61
1648,PAX0001648,Melissa,Allen,F,1977-10-08,36-50,Singaporean,None,8745,david59@example.net,+61
1649,PAX0001649,Brian,Bowen,M,1992-05-09,26-35,Indonesian,None,7616,rodgersmichael@example.com,+61
1650,PAX0001650,Mark,Yang,M,1978-03-20,36-50,Singaporean,Silver,6167,eroberts@example.net,+61
1651,PAX0001651,Nicholas,Cummings,M,1959-07-21,51-65,Indonesian,None,184,hernandezalan@example.net,+61
1652,PAX0001652,Megan,Chavez,F,1975-07-25,36-50,Indonesian,None,1805,samuel89@example.com,+60
1653,PAX0001653,Brent,Evans,M,2002-12-30,18-25,Indonesian,None,1526,brandon88@example.net,+62
1654,PAX0001654,Ryan,Simmons,M,1984-12-23,36-50,American,Silver,2232,patrick22@example.org,+61
1655,PAX0001655,Theresa,Khan,F,2005-10-13,18-25,Indonesian,Silver,458,russellramirez@example.net,+60
1656,PAX0001656,Ariana,Mitchell,F,1971-10-14,51-65,Indonesian,None,13819,robertstommy@example.org,+62
1657,PAX0001657,Dylan,Hardin,M,1961-11-30,51-65,Australian,None,4034,middletonelizabeth@example.org,+65
1658,PAX0001658,Christine,Roberson,F,1956-12-03,65+,Indonesian,None,1822,anthonyorr@example.net,+60
1659,PAX0001659,Rebecca,Smith,F,1986-12-30,36-50,Singaporean,None,2529,woodjuan@example.net,+61
1660,PAX0001660,Monique,Meyer,F,1979-06-01,36-50,Indonesian,Platinum,2963,hphillips@example.net,+65
1661,PAX0001661,Thomas,Wilson,M,1998-06-16,26-35,Indonesian,Silver,4588,fsnyder@example.org,+60
1662,PAX0001662,Nicholas,Wilson,M,1969-05-04,51-65,Indonesian,None,3625,linda31@example.com,+61
1663,PAX0001663,Jonathon,Hill,M,1961-01-21,51-65,Indonesian,Silver,12590,mannleroy@example.org,+61
1664,PAX0001664,Ashlee,Thornton,F,1979-11-19,36-50,British,Platinum,3435,james80@example.net,+61
1665,PAX0001665,Aimee,Taylor,F,1993-01-29,26-35,Singaporean,Platinum,24241,owiggins@example.net,+60
1666,PAX0001666,Deborah,Hernandez,F,1963-09-16,51-65,Japanese,None,9533,jessicacampbell@example.org,+65
1667,PAX0001667,Shawn,Tapia,M,1993-08-03,26-35,Indonesian,Gold,1169,aaronjones@example.net,+65
1668,PAX0001668,Daniel,Thompson,M,1991-12-26,26-35,Indonesian,Silver,13338,nwatts@example.com,+65
1669,PAX0001669,Lauren,Little,F,1993-05-02,26-35,British,Gold,618,lmoreno@example.com,+65
1670,PAX0001670,David,Carter,M,2007-08-08,18-25,Indonesian,None,8503,ohenry@example.com,+61
1671,PAX0001671,Heather,Castillo,F,1991-01-28,26-35,Indonesian,None,2395,robinsonsydney@example.com,+65
1672,PAX0001672,Tracy,Nguyen,F,1978-12-12,36-50,Other,None,10517,dwilson@example.com,+61
1673,PAX0001673,Brian,Terry,M,1995-05-07,26-35,Indonesian,Silver,10126,kimwebb@example.com,+61
1674,PAX0001674,Jason,Young,M,1991-04-18,26-35,Indonesian,None,8197,joseph36@example.org,+61
1675,PAX0001675,Patricia,Green,F,1988-08-26,36-50,British,Silver,7803,robert76@example.com,+60
1676,PAX0001676,Thomas,Adams,M,1968-02-18,51-65,Indonesian,None,1816,matthewcardenas@example.com,+61
1677,PAX0001677,Jason,Armstrong,M,1980-11-08,36-50,Malaysian,Silver,421,amandachan@example.org,+61
1678,PAX0001678,Lisa,Anderson,F,1992-02-16,26-35,Singaporean,None,2579,clementsandrew@example.com,+61
1679,PAX0001679,Phyllis,Cook,F,1956-07-14,65+,Indonesian,Silver,952,katie81@example.net,+60
1680,PAX0001680,Kelly,Cox,F,1953-09-28,65+,Malaysian,None,5936,traciemassey@example.com,+60
1681,PAX0001681,Dave,Solis,M,1999-03-29,18-25,Indonesian,None,2124,martin38@example.net,+65
1682,PAX0001682,Teresa,Johnson,F,1967-04-26,51-65,American,Gold,18567,fischeralisha@example.net,+61
1683,PAX0001683,Rick,Williams,M,1977-06-21,36-50,American,Silver,5121,kevin33@example.org,+61
1684,PAX0001684,Nicole,Hess,F,1968-12-06,51-65,British,Silver,8643,irios@example.net,+60
1685,PAX0001685,Shannon,Jones,F,1968-10-06,51-65,Japanese,Gold,710,vsmith@example.net,+65
1686,PAX0001686,Tamara,Davis,F,1991-07-22,26-35,Malaysian,None,9903,mlee@example.com,+61
1687,PAX0001687,Franklin,Hunt,M,2003-10-18,18-25,Indonesian,None,12804,turnerstephen@example.org,+61
1688,PAX0001688,Wayne,Johnston,M,1968-05-17,51-65,Japanese,Platinum,3338,fcarter@example.org,+61
1689,PAX0001689,Kristina,Webb,F,1978-01-16,36-50,Indonesian,Silver,4660,patrickkaiser@example.net,+62
1690,PAX0001690,Tiffany,Farmer,F,1977-03-07,36-50,American,None,7236,chavezbecky@example.org,+65
1691,PAX0001691,Ray,West,M,1977-06-07,36-50,Japanese,Gold,960,phart@example.com,+62
1692,PAX0001692,Charles,Soto,M,1973-01-05,51-65,Indonesian,None,3491,davisgary@example.com,+65
1693,PAX0001693,David,Thomas,M,1990-10-10,26-35,Singaporean,None,2542,kmills@example.org,+60
1694,PAX0001694,Pamela,King,F,1954-05-27,65+,Australian,Gold,791,joy20@example.com,+60
1695,PAX0001695,Keith,Russell,M,1997-04-12,26-35,British,Gold,2290,adamsjason@example.net,+62
1696,PAX0001696,John,Porter,M,2004-06-21,18-25,American,None,353,marcfletcher@example.net,+61
1697,PAX0001697,Scott,Haney,M,1988-02-23,36-50,Other,Gold,130,morseronald@example.org,+62
1698,PAX0001698,Cameron,Smith,M,1975-12-16,36-50,Indonesian,None,726,martinsamuel@example.org,+62
1699,PAX0001699,Stephen,Simpson,M,1953-01-18,65+,American,None,16499,jtaylor@example.com,+60
1700,PAX0001700,Alexandra,Wilson,F,1977-07-28,36-50,Australian,None,3987,jennifer48@example.com,+62
1701,PAX0001701,Steve,Elliott,M,1992-04-01,26-35,Singaporean,None,16880,donaldmills@example.org,+65
1702,PAX0001702,Lucas,Klein,M,2005-01-09,18-25,British,None,2832,thomas35@example.net,+61
1703,PAX0001703,Zachary,Reilly,M,1999-05-25,18-25,Indonesian,Gold,1868,alicecalderon@example.org,+60
1704,PAX0001704,Jennifer,Hernandez,F,1972-01-05,51-65,Indonesian,None,3527,holderadam@example.net,+60
1705,PAX0001705,Christina,Davis,F,1963-03-01,51-65,Indonesian,Silver,2894,drivera@example.net,+65
1706,PAX0001706,Linda,Jones,F,1982-04-15,36-50,Japanese,None,558,michaelsmith@example.org,+61
1707,PAX0001707,Diane,Buck,F,1969-01-28,51-65,American,Gold,5119,tsilva@example.com,+60
1708,PAX0001708,Randall,Villa,M,1992-11-21,26-35,Indonesian,Gold,1216,chrishernandez@example.net,+62
1709,PAX0001709,Douglas,Baker,M,1965-02-13,51-65,Indonesian,None,4832,martinezalexa@example.net,+65
1710,PAX0001710,Janet,Johnston,F,2002-07-10,18-25,Indonesian,Gold,5251,tammy97@example.org,+65
1711,PAX0001711,Aaron,Hall,M,1961-10-31,51-65,Other,Platinum,824,christopherpratt@example.org,+60
1712,PAX0001712,Carmen,Baxter,F,1960-02-23,51-65,Indonesian,Silver,316,christian02@example.net,+60
1713,PAX0001713,Jessica,Ortega,F,2005-04-28,18-25,American,None,7587,kevin13@example.net,+60
1714,PAX0001714,James,Cruz,M,1977-02-25,36-50,Malaysian,None,3079,hkelly@example.com,+65
1715,PAX0001715,Angela,Jacobs,F,1986-07-04,36-50,Malaysian,Gold,299,stephaniedougherty@example.com,+61
1716,PAX0001716,Charles,Kim,M,1998-10-19,26-35,American,None,26359,yhenry@example.com,+60
1717,PAX0001717,Barbara,Yoder,F,1997-01-11,26-35,Malaysian,Silver,297,gregory57@example.net,+65
1718,PAX0001718,Monica,Lewis,F,1973-12-08,51-65,Indonesian,Silver,5937,patrickwhite@example.net,+60
1719,PAX0001719,Christina,Ward,F,1951-02-13,65+,Australian,None,20576,adamcollins@example.org,+62
1720,PAX0001720,Sydney,Shaw,F,1975-06-30,36-50,Indonesian,Gold,1366,lawsonarthur@example.com,+61
1721,PAX0001721,John,Williams,M,1994-01-21,26-35,Australian,Gold,767,joshua09@example.org,+60
1722,PAX0001722,Tanya,Osborn,F,1999-04-03,18-25,Indonesian,Gold,647,ehenry@example.net,+62
1723,PAX0001723,Nicole,Aguirre,F,1994-06-16,26-35,Indonesian,Silver,1806,woodchloe@example.net,+61
1724,PAX0001724,Michele,Thompson,F,1960-10-25,51-65,Other,Gold,532,christopherflowers@example.org,+65
1725,PAX0001725,Jill,Page,F,1954-03-17,65+,Indonesian,Silver,5890,connor84@example.org,+65
1726,PAX0001726,Lisa,Smith,F,1994-12-21,26-35,Indonesian,None,321,rachael29@example.net,+60
1727,PAX0001727,Jose,Shepard,M,1975-04-26,36-50,Japanese,None,3560,qbutler@example.net,+62
1728,PAX0001728,Austin,Bryan,M,1954-07-30,65+,Malaysian,Gold,28564,jessicamiller@example.com,+62
1729,PAX0001729,Donald,Gonzalez,M,1953-06-03,65+,Indonesian,Gold,8409,vthompson@example.org,+61
1730,PAX0001730,Donald,Bell,M,1971-07-27,51-65,Indonesian,None,4775,steven19@example.com,+61
1731,PAX0001731,Audrey,Davis,F,1956-05-23,65+,British,Silver,1828,lopezbrittany@example.org,+61
1732,PAX0001732,Caroline,Smith,F,2002-07-26,18-25,Malaysian,Platinum,4889,steven34@example.net,+61
1733,PAX0001733,Tommy,Hancock,M,1994-02-06,26-35,Indonesian,None,3743,lancegray@example.com,+61
1734,PAX0001734,Douglas,Cunningham,M,1962-07-04,51-65,Other,Silver,2776,mperez@example.com,+62
1735,PAX0001735,Christopher,Phillips,M,1963-12-13,51-65,Indonesian,None,700,fbaker@example.com,+65
1736,PAX0001736,Heidi,Barton,F,1989-10-09,26-35,American,None,10884,rgallegos@example.org,+61
1737,PAX0001737,Travis,Richards,M,1952-11-21,65+,Indonesian,Silver,2987,amandaclark@example.net,+62
1738,PAX0001738,Gregory,Cochran,M,1979-12-01,36-50,Indonesian,None,1082,jared88@example.net,+60
1739,PAX0001739,Debra,Palmer,F,2004-06-11,18-25,Indonesian,None,2292,jonathanmcdonald@example.org,+65
1740,PAX0001740,Jose,Welch,M,1958-03-28,65+,Japanese,None,2673,ltaylor@example.com,+60
1741,PAX0001741,Kristy,Barrett,F,1975-09-23,36-50,Indonesian,Gold,8787,morrisdaniel@example.com,+61
1742,PAX0001742,Christopher,Alvarez,M,1950-12-06,65+,Indonesian,None,6614,deborah12@example.com,+62
1743,PAX0001743,Carla,Payne,F,1971-03-27,51-65,Indonesian,None,7333,gonzaleschristina@example.net,+61
1744,PAX0001744,Melissa,Simon,F,1989-08-02,26-35,Japanese,None,55,qflowers@example.net,+65
1745,PAX0001745,Kyle,Olson,M,1975-10-16,36-50,Indonesian,None,2690,oevans@example.net,+61
1746,PAX0001746,Jennifer,Schroeder,F,1957-09-24,65+,Indonesian,Silver,3282,kwatkins@example.net,+62
1747,PAX0001747,Tammy,Tanner,F,1961-09-18,51-65,Indonesian,Platinum,96,stephaniebradley@example.org,+60
1748,PAX0001748,Matthew,Kramer,M,1959-03-26,51-65,Other,Gold,1504,wallerkyle@example.org,+60
1749,PAX0001749,Gregory,Foster,M,2004-12-07,18-25,British,Silver,7141,jsmith@example.org,+60
1750,PAX0001750,Eric,Miller,M,1962-02-06,51-65,Singaporean,None,737,michaelakim@example.net,+62
1751,PAX0001751,Christian,Peters,M,1967-01-17,51-65,Australian,Silver,3831,adam25@example.org,+62
1752,PAX0001752,Joshua,Long,M,1982-06-06,36-50,Malaysian,Silver,1211,robertabarnett@example.com,+62
1753,PAX0001753,Dana,Stark,F,1998-06-14,26-35,Japanese,None,60,wanderson@example.org,+61
1754,PAX0001754,Raymond,Villanueva,M,1977-08-09,36-50,Japanese,Silver,1380,icarlson@example.org,+61
1755,PAX0001755,John,Yang,M,1973-12-30,51-65,Indonesian,Platinum,18622,walkercharlotte@example.org,+60
1756,PAX0001756,Heidi,Mason,F,1975-07-06,36-50,Indonesian,None,8085,bishopkaren@example.org,+60
1757,PAX0001757,Crystal,Porter,F,1994-04-28,26-35,Indonesian,None,16041,clarkryan@example.com,+62
1758,PAX0001758,Matthew,Simmons,M,1976-07-12,36-50,Indonesian,None,3345,larry70@example.com,+62
1759,PAX0001759,Christopher,Sanders,M,1979-02-03,36-50,Indonesian,None,581,marshallchristopher@example.net,+65
1760,PAX0001760,Brian,Huffman,M,2000-04-01,18-25,Singaporean,None,3969,martindavid@example.net,+62
1761,PAX0001761,Michael,Smith,M,1976-07-10,36-50,Indonesian,None,3029,dhenderson@example.com,+65
1762,PAX0001762,Deanna,Walters,F,1979-04-24,36-50,American,None,9300,xshaw@example.com,+62
1763,PAX0001763,George,Nichols,M,1998-11-05,26-35,Indonesian,Gold,516,daniel26@example.net,+65
1764,PAX0001764,Janet,Leonard,F,2002-01-31,18-25,Indonesian,Silver,3349,adamvaughan@example.net,+62
1765,PAX0001765,Deanna,Robertson,F,1990-07-21,26-35,Indonesian,None,812,dgraham@example.com,+61
1766,PAX0001766,Bryan,Burns,M,1953-02-07,65+,Indonesian,None,1962,brendan95@example.com,+65
1767,PAX0001767,George,Phillips,M,1979-05-12,36-50,Indonesian,Platinum,6684,danielsguy@example.com,+62
1768,PAX0001768,Alan,Nguyen,M,1978-10-10,36-50,Australian,Silver,3231,larsonmichael@example.org,+65
1769,PAX0001769,Nancy,Wright,F,1986-07-18,36-50,Singaporean,None,2357,nicholsdavid@example.org,+65
1770,PAX0001770,Johnny,Orozco,M,1993-06-18,26-35,Indonesian,Platinum,2508,teresa93@example.net,+65
1771,PAX0001771,Kelly,Ellis,F,2006-03-24,18-25,Other,Silver,3075,nguyenbenjamin@example.net,+62
1772,PAX0001772,Mark,Macias,M,1999-08-25,18-25,Japanese,Platinum,7685,uhunt@example.org,+60
1773,PAX0001773,Timothy,Curry,M,1973-05-18,51-65,Indonesian,Platinum,11132,lmorales@example.net,+61
1774,PAX0001774,Mikayla,Newton,F,1967-11-15,51-65,Singaporean,Gold,15542,copelandryan@example.org,+61
1775,PAX0001775,Cheryl,Green,F,2004-05-26,18-25,British,None,7730,christina83@example.net,+60
1776,PAX0001776,Anthony,Berry,M,2004-10-05,18-25,Indonesian,Silver,1894,kathleenkim@example.net,+62
1777,PAX0001777,Paula,Hill,F,1997-04-08,26-35,Indonesian,Silver,5825,jacobsrenee@example.net,+65
1778,PAX0001778,Denise,Russell,F,1969-10-12,51-65,British,None,2877,caseydiane@example.com,+60
1779,PAX0001779,Julia,Tyler,F,1968-07-25,51-65,Singaporean,Platinum,1469,colton30@example.net,+61
1780,PAX0001780,Connie,Carr,F,1972-06-25,51-65,Indonesian,Platinum,9190,omatthews@example.net,+60
1781,PAX0001781,Joshua,Alvarez,M,1972-10-06,51-65,Indonesian,Silver,195,cooperluis@example.com,+62
1782,PAX0001782,Joel,Newton,M,1960-09-20,51-65,Singaporean,None,11601,amandajackson@example.com,+61
1783,PAX0001783,Jamie,Guerrero,M,1967-10-17,51-65,American,Silver,3094,welchanna@example.com,+61
1784,PAX0001784,Christine,Mercer,F,1956-01-18,65+,Australian,Silver,5069,kevin57@example.net,+62
1785,PAX0001785,Allen,Weber,M,1982-03-13,36-50,American,Gold,5384,claudiacunningham@example.com,+61
1786,PAX0001786,Alexander,Mcpherson,M,2002-06-12,18-25,Indonesian,Gold,11274,yfritz@example.net,+60
1787,PAX0001787,Jamie,Rush,F,1959-05-10,51-65,Indonesian,Gold,5062,davisjeffery@example.org,+62
1788,PAX0001788,Dylan,Hancock,M,1989-03-25,26-35,Indonesian,Platinum,4758,wpierce@example.org,+61
1789,PAX0001789,Steven,Ramirez,M,1978-11-06,36-50,Indonesian,None,344,crystal58@example.net,+60
1790,PAX0001790,Jenna,Trevino,F,1986-08-18,36-50,Indonesian,Gold,3653,ssherman@example.com,+60
1791,PAX0001791,Thomas,Thompson,M,1961-01-27,51-65,Indonesian,None,813,aaron57@example.net,+60
1792,PAX0001792,Michael,Garcia,M,1962-02-11,51-65,Indonesian,Platinum,6686,amccann@example.org,+65
1793,PAX0001793,Allen,Walker,M,1993-09-13,26-35,Indonesian,Gold,3589,greenejessica@example.org,+61
1794,PAX0001794,Leonard,Jackson,M,1972-07-05,51-65,British,Silver,5700,xcohen@example.org,+61
1795,PAX0001795,Kyle,Clarke,M,2000-12-13,18-25,Singaporean,Silver,212,marnold@example.org,+65
1796,PAX0001796,Jacob,Baxter,M,1981-07-17,36-50,Singaporean,Silver,443,thomasmarquez@example.org,+65
1797,PAX0001797,Brandi,Brown,F,1972-05-09,51-65,Other,Gold,6299,clarksteven@example.org,+60
1798,PAX0001798,Larry,Fritz,M,1996-11-30,26-35,British,None,374,teresaporter@example.org,+60
1799,PAX0001799,Lindsey,Rivera,F,2005-01-30,18-25,Indonesian,None,369,johnbowen@example.org,+62
1800,PAX0001800,Nicole,Fleming,F,1950-11-11,65+,Indonesian,Platinum,60,ecamacho@example.com,+60
1801,PAX0001801,Richard,Rosario,M,1955-03-07,65+,Malaysian,None,15675,baldwincatherine@example.net,+60
1802,PAX0001802,Alexander,Castillo,M,1999-01-12,18-25,American,None,6687,carterraymond@example.net,+60
1803,PAX0001803,Amanda,Ross,F,2002-09-15,18-25,Indonesian,None,2178,hpatterson@example.org,+61
1804,PAX0001804,Ryan,Chang,M,1960-04-29,51-65,Indonesian,Gold,1758,bowenmichael@example.net,+62
1805,PAX0001805,Charles,Sanchez,M,1973-07-08,51-65,Other,None,2151,gclark@example.com,+62
1806,PAX0001806,Michael,Ellis,M,1994-01-30,26-35,Indonesian,None,7450,wgoodwin@example.com,+62
1807,PAX0001807,Edward,Wallace,M,1973-09-11,51-65,Indonesian,None,5414,klyons@example.com,+62
1808,PAX0001808,Amanda,Taylor,F,1990-11-04,26-35,British,None,1024,anthony59@example.com,+61
1809,PAX0001809,Eddie,Duffy,M,1998-12-19,26-35,Other,Gold,956,ashleytorres@example.net,+60
1810,PAX0001810,Michael,Moore,M,1980-04-28,36-50,Other,Gold,517,dwaynecarter@example.com,+61
1811,PAX0001811,Mark,Johnson,M,1967-11-26,51-65,Singaporean,Silver,5398,brandyhernandez@example.org,+62
1812,PAX0001812,Jackson,Romero,M,1968-01-17,51-65,American,None,7227,kwoods@example.com,+62
1813,PAX0001813,Christopher,Farrell,M,1994-03-17,26-35,Indonesian,Gold,1539,alexandra67@example.net,+62
1814,PAX0001814,Shelby,Olson,F,1961-11-25,51-65,Singaporean,None,105,aprince@example.net,+62
1815,PAX0001815,Gordon,Parker,M,1954-10-19,65+,Singaporean,None,428,edwardfranklin@example.net,+61
1816,PAX0001816,Barbara,Gonzalez,F,2004-02-07,18-25,Indonesian,Gold,17188,ostevens@example.org,+65
1817,PAX0001817,Paul,Fuentes,M,2007-07-21,18-25,Indonesian,None,1750,judithcox@example.org,+61
1818,PAX0001818,Mark,Crane,M,1977-07-05,36-50,Indonesian,Platinum,7331,nelsonsuzanne@example.net,+62
1819,PAX0001819,Shelia,Waller,F,1986-12-26,36-50,Indonesian,Silver,4899,griffinalexandra@example.org,+62
1820,PAX0001820,Robert,White,M,1967-10-26,51-65,Indonesian,Silver,2405,jeremylove@example.org,+65
1821,PAX0001821,William,Baker,M,1953-02-16,65+,Singaporean,None,1151,christopher31@example.org,+61
1822,PAX0001822,Elizabeth,Clark,F,1985-12-14,36-50,Malaysian,None,647,brendaperkins@example.com,+65
1823,PAX0001823,Joshua,Harrington,M,1957-01-29,65+,Japanese,None,4772,kristy13@example.com,+60
1824,PAX0001824,Jessica,Alvarez,F,1958-04-25,65+,Indonesian,Silver,7450,danielsjason@example.com,+60
1825,PAX0001825,Laura,Perkins,F,1970-10-21,51-65,Singaporean,Silver,5162,cortezscott@example.net,+65
1826,PAX0001826,Kevin,Reid,M,1963-08-25,51-65,Indonesian,Silver,3778,qgay@example.com,+60
1827,PAX0001827,Debra,Welch,F,1991-04-25,26-35,Other,Silver,214,william84@example.net,+65
1828,PAX0001828,Dennis,Patel,M,1970-10-13,51-65,Indonesian,Gold,17287,joshua88@example.com,+62
1829,PAX0001829,Jessica,Rowland,F,1992-12-26,26-35,Indonesian,Platinum,8015,tonyflores@example.net,+65
1830,PAX0001830,Jon,White,M,1982-05-30,36-50,Indonesian,Silver,1732,gchambers@example.com,+61
1831,PAX0001831,Margaret,Ryan,F,1973-09-11,51-65,British,Silver,19552,jamesrodriguez@example.org,+60
1832,PAX0001832,Elizabeth,Torres,F,1964-11-25,51-65,Indonesian,None,4605,tgarcia@example.net,+61
1833,PAX0001833,Kenneth,Moore,M,1964-09-13,51-65,Indonesian,Platinum,4366,jamesfoster@example.org,+65
1834,PAX0001834,Leonard,Moore,M,1961-02-20,51-65,Indonesian,None,6893,yvaldez@example.com,+61
1835,PAX0001835,Molly,Perez,F,2003-06-15,18-25,Japanese,None,8350,thomas45@example.org,+61
1836,PAX0001836,Gene,Gomez,M,1971-03-26,51-65,Japanese,None,5342,shannon69@example.com,+62
1837,PAX0001837,Jason,Gill,M,2002-04-17,18-25,Indonesian,Silver,685,abrown@example.com,+65
1838,PAX0001838,Renee,Proctor,F,1994-05-04,26-35,Indonesian,Silver,2064,andrew33@example.net,+60
1839,PAX0001839,David,Wall,M,1999-02-28,18-25,Other,None,13161,morriskrystal@example.com,+60
1840,PAX0001840,Justin,Gonzalez,M,1988-05-14,36-50,Indonesian,None,1271,christinaalexander@example.com,+65
1841,PAX0001841,Angela,Martin,F,1957-08-30,65+,British,None,2327,ldavid@example.com,+65
1842,PAX0001842,Richard,Price,M,1953-07-10,65+,Indonesian,None,2828,mwright@example.net,+62
1843,PAX0001843,Anthony,Brown,M,1975-11-30,36-50,British,None,2893,joshua57@example.com,+62
1844,PAX0001844,Kaitlyn,Gilmore,F,1957-12-12,65+,Other,None,4745,nguyenkimberly@example.com,+65
1845,PAX0001845,Brittany,Hernandez,F,2006-06-27,18-25,Japanese,Silver,14330,audrey81@example.com,+61
1846,PAX0001846,Garrett,Payne,M,1967-01-30,51-65,Indonesian,Gold,1376,angela40@example.org,+65
1847,PAX0001847,Randy,Harrell,M,2002-12-07,18-25,Indonesian,None,647,susan57@example.net,+60
1848,PAX0001848,Cathy,Mcdonald,F,1965-01-04,51-65,Singaporean,Platinum,1099,mcox@example.net,+65
1849,PAX0001849,David,Munoz,M,1998-04-21,26-35,Australian,Silver,10898,taylordawn@example.com,+60
1850,PAX0001850,Robert,Yates,M,1977-05-12,36-50,Indonesian,None,5189,durhamwilliam@example.org,+60
1851,PAX0001851,Jeffrey,Johnson,M,1988-11-20,36-50,British,Platinum,1683,kristy74@example.net,+61
1852,PAX0001852,Mark,Navarro,M,1973-02-07,51-65,Malaysian,Gold,8462,mccannkimberly@example.net,+62
1853,PAX0001853,Robert,Mathis,M,1961-02-27,51-65,Indonesian,Gold,9879,berrytaylor@example.net,+60
1854,PAX0001854,Nicole,Wang,F,1963-05-20,51-65,Indonesian,None,9370,dmeyers@example.com,+60
1855,PAX0001855,Brittany,Rivera,F,2000-09-04,18-25,Malaysian,None,12561,deborahmorgan@example.net,+60
1856,PAX0001856,Melissa,Wilkins,F,2003-07-19,18-25,Singaporean,Gold,1453,zpreston@example.net,+62
1857,PAX0001857,Aaron,Clayton,M,1970-05-21,51-65,Indonesian,None,7033,smithmarcus@example.org,+65
1858,PAX0001858,Savannah,Silva,F,1968-01-03,51-65,Indonesian,None,3085,amanda39@example.com,+61
1859,PAX0001859,Sean,Hernandez,M,1999-01-16,18-25,Other,None,9225,jamiewhite@example.org,+62
1860,PAX0001860,Lance,Kirk,M,1986-09-10,36-50,Australian,None,6518,amberblevins@example.com,+60
1861,PAX0001861,Timothy,Barrett,M,1971-11-07,51-65,Singaporean,None,7490,kevincoleman@example.com,+60
1862,PAX0001862,Taylor,Robinson,F,1966-03-31,51-65,Indonesian,None,5337,anthony71@example.com,+60
1863,PAX0001863,Jill,Manning,F,1952-02-14,65+,Indonesian,None,976,omargriffin@example.com,+65
1864,PAX0001864,Christine,James,F,1963-11-29,51-65,Indonesian,Silver,3937,davisgregory@example.net,+60
1865,PAX0001865,Jose,Martin,M,1999-09-12,18-25,Indonesian,Silver,20889,davidburns@example.net,+62
1866,PAX0001866,Nicole,Stewart,F,1974-10-12,36-50,American,None,13853,jasondavis@example.net,+62
1867,PAX0001867,Karen,Hicks,F,1974-11-18,36-50,Indonesian,None,220,ysmith@example.com,+65
1868,PAX0001868,Tonya,Garcia,F,1977-08-19,36-50,Indonesian,Silver,900,sonya16@example.net,+60
1869,PAX0001869,Dave,Haynes,M,1970-11-08,51-65,Malaysian,Platinum,706,bliu@example.com,+60
1870,PAX0001870,Matthew,Morris,M,2000-01-17,18-25,Australian,None,6472,melaniethompson@example.org,+60
1871,PAX0001871,Kelly,Taylor,F,1959-02-06,51-65,Other,Gold,8512,dfarmer@example.net,+62
1872,PAX0001872,Christine,Singh,F,2004-12-29,18-25,Malaysian,Platinum,1200,nathan62@example.com,+65
1873,PAX0001873,Carrie,Stone,F,1962-02-15,51-65,Indonesian,Silver,3524,judypatrick@example.org,+65
1874,PAX0001874,Sherry,Rodriguez,F,1975-03-27,36-50,Indonesian,Silver,9184,anthonyharris@example.com,+61
1875,PAX0001875,Jacqueline,Skinner,F,1992-12-11,26-35,Indonesian,None,6598,anthony05@example.org,+65
1876,PAX0001876,Amanda,Wiggins,F,1982-05-30,36-50,Australian,Silver,3907,ywilliams@example.net,+65
1877,PAX0001877,Kelly,Moore,F,1999-07-24,18-25,Indonesian,Silver,4462,baileyjeffrey@example.com,+60
1878,PAX0001878,Brian,Alvarez,M,1954-11-27,65+,Singaporean,None,3550,ichase@example.com,+62
1879,PAX0001879,Shannon,Pacheco,F,1959-07-16,51-65,Japanese,Gold,1765,collinsterrance@example.com,+60
1880,PAX0001880,Frank,Fernandez,M,1959-02-12,51-65,Indonesian,Silver,4162,woodskaitlyn@example.net,+61
1881,PAX0001881,Beth,Robertson,F,1963-10-01,51-65,Indonesian,None,5837,jeremiahmiller@example.org,+62
1882,PAX0001882,Jared,Eaton,M,1999-03-15,18-25,Indonesian,Platinum,10330,wrightjohn@example.net,+60
1883,PAX0001883,Elizabeth,Page,F,1995-04-06,26-35,Other,None,5057,hbarnett@example.net,+61
1884,PAX0001884,William,Adams,M,1989-09-01,26-35,Indonesian,None,7159,markbrooks@example.org,+62
1885,PAX0001885,Nancy,Rosales,F,1989-10-26,26-35,Singaporean,None,872,ywelch@example.org,+60
1886,PAX0001886,Adrian,Walters,M,1962-10-15,51-65,Indonesian,Silver,3095,fernandomorris@example.net,+65
1887,PAX0001887,John,Cooper,M,1983-02-09,36-50,Japanese,Silver,46,nhayes@example.com,+62
1888,PAX0001888,Dennis,Gonzales,M,1992-09-02,26-35,Indonesian,Platinum,1416,diana85@example.com,+61
1889,PAX0001889,Dawn,Roman,F,1963-01-26,51-65,Indonesian,None,6481,dingram@example.net,+62
1890,PAX0001890,Mary,Peterson,F,1956-12-16,65+,Indonesian,Silver,24024,bryan56@example.net,+65
1891,PAX0001891,Traci,Martinez,F,1952-02-14,65+,British,None,522,theresagreer@example.org,+65
1892,PAX0001892,Micheal,Martinez,M,1987-11-07,36-50,Indonesian,None,2566,kurt68@example.org,+62
1893,PAX0001893,Catherine,Wilkins,F,1984-09-26,36-50,Other,Gold,8048,donaldbecker@example.org,+65
1894,PAX0001894,Nicholas,Gomez,M,1963-11-30,51-65,Indonesian,Gold,1141,annaschmidt@example.org,+61
1895,PAX0001895,Joseph,Ryan,M,2004-11-06,18-25,Singaporean,Platinum,4049,nicholasgarcia@example.org,+65
1896,PAX0001896,Madison,Montgomery,F,1993-08-06,26-35,Indonesian,None,6603,amberfriedman@example.com,+65
1897,PAX0001897,Diana,Haley,F,1964-02-25,51-65,Indonesian,None,4785,hphillips@example.com,+65
1898,PAX0001898,Julie,Taylor,F,1982-10-27,36-50,American,Gold,1041,aaron48@example.net,+61
1899,PAX0001899,Christine,Quinn,F,1971-08-06,51-65,Singaporean,Silver,2195,brownrobert@example.org,+60
1900,PAX0001900,Samantha,Duran,F,1983-02-13,36-50,Indonesian,Gold,7657,petermoore@example.com,+60
1901,PAX0001901,Leslie,Wright,F,1976-12-31,36-50,Singaporean,Gold,4039,chad42@example.com,+65
1902,PAX0001902,Molly,Willis,F,1958-10-17,65+,Indonesian,Gold,26,jamiethomas@example.com,+61
1903,PAX0001903,Erin,Walsh,F,2002-02-24,18-25,Indonesian,Silver,7156,alexandria97@example.org,+62
1904,PAX0001904,Jessica,Short,F,1995-05-02,26-35,Malaysian,None,179,whernandez@example.net,+65
1905,PAX0001905,Sheri,Herring,F,1973-08-15,51-65,American,Silver,6846,jamespatricia@example.org,+62
1906,PAX0001906,John,Richards,M,1993-01-19,26-35,American,None,1131,oblake@example.net,+62
1907,PAX0001907,Ann,Dennis,F,1957-05-28,65+,Indonesian,None,15859,john76@example.com,+60
1908,PAX0001908,Margaret,Grimes,F,1954-04-01,65+,Indonesian,None,2293,megan44@example.net,+62
1909,PAX0001909,Erin,Estrada,F,1984-12-13,36-50,Indonesian,Silver,1979,tonya10@example.org,+61
1910,PAX0001910,Renee,Sanchez,F,1998-12-02,26-35,Indonesian,None,806,bwalker@example.net,+65
1911,PAX0001911,Ashley,Norman,F,1968-06-23,51-65,Indonesian,None,1823,kcastro@example.com,+65
1912,PAX0001912,Kelly,Schaefer,F,1991-09-03,26-35,Malaysian,None,10463,gwilliams@example.net,+61
1913,PAX0001913,Ricky,Finley,M,2007-06-07,18-25,Indonesian,Silver,28043,wilsonkathryn@example.com,+61
1914,PAX0001914,Michael,Mckee,M,1989-11-14,26-35,Indonesian,None,2296,tochoa@example.net,+65
1915,PAX0001915,Gregory,French,M,1953-02-07,65+,British,Silver,2976,hberry@example.org,+65
1916,PAX0001916,Robin,Fuller,F,1977-07-10,36-50,Indonesian,Silver,6401,bcaldwell@example.org,+65
1917,PAX0001917,Christopher,Mccoy,M,1988-12-21,36-50,Malaysian,None,10866,corey60@example.net,+60
1918,PAX0001918,Samuel,King,M,1981-06-19,36-50,Indonesian,None,4495,michael34@example.com,+62
1919,PAX0001919,Anthony,Ellis,M,2003-09-22,18-25,Indonesian,None,2484,kayla23@example.net,+62
1920,PAX0001920,Sharon,Wong,F,2002-11-05,18-25,Malaysian,None,2660,xmullins@example.org,+62
1921,PAX0001921,Jonathan,Davis,M,2007-11-16,18-25,Australian,Gold,5947,christina35@example.com,+65
1922,PAX0001922,Suzanne,Davis,F,1957-04-14,65+,American,None,16,fedwards@example.net,+62
1923,PAX0001923,Nicole,Harris,F,1963-01-23,51-65,Indonesian,None,4832,zbell@example.com,+65
1924,PAX0001924,Paul,Chung,M,1974-12-28,36-50,Indonesian,Gold,2196,allen39@example.com,+65
1925,PAX0001925,Michael,Castro,M,1984-10-31,36-50,Indonesian,Silver,7904,raymonddominguez@example.org,+60
1926,PAX0001926,Ann,Harper,F,1956-09-29,65+,Singaporean,None,488,jphelps@example.net,+65
1927,PAX0001927,Kim,Sanders,F,1973-07-16,51-65,Other,None,4436,vgarcia@example.com,+65
1928,PAX0001928,Kelly,Miller,M,1992-02-19,26-35,Indonesian,None,3278,scottwilliams@example.net,+61
1929,PAX0001929,Mary,Hill,F,1960-12-09,51-65,Indonesian,None,5140,swalker@example.org,+65
1930,PAX0001930,Shaun,Alexander,M,1967-02-02,51-65,Malaysian,None,335,dustinphillips@example.org,+60
1931,PAX0001931,John,Gonzales,M,1992-01-20,26-35,Indonesian,None,4337,robertabbott@example.net,+60
1932,PAX0001932,Lori,Oneal,F,1977-08-02,36-50,Other,None,4121,tfrancis@example.com,+65
1933,PAX0001933,Rebecca,Reynolds,F,2005-01-24,18-25,Other,Silver,4112,rachel35@example.net,+61
1934,PAX0001934,Billy,Steele,M,1974-09-10,36-50,Indonesian,Silver,4625,michelle38@example.net,+60
1935,PAX0001935,Anne,Lowery,F,1959-02-26,51-65,Indonesian,None,5642,gnichols@example.net,+61
1936,PAX0001936,Michelle,Robbins,F,1965-11-23,51-65,Indonesian,Silver,8173,stevenandrews@example.org,+62
1937,PAX0001937,Malik,Crawford,M,1981-09-17,36-50,Indonesian,Gold,1572,kbrown@example.org,+62
1938,PAX0001938,Joan,Santos,F,1988-06-30,36-50,Indonesian,None,8716,thomas21@example.net,+65
1939,PAX0001939,Austin,Higgins,M,1974-07-05,36-50,Indonesian,None,3448,stacey09@example.com,+60
1940,PAX0001940,Michael,Bender,M,1979-09-17,36-50,Indonesian,None,400,clewis@example.com,+62
1941,PAX0001941,Michael,Torres,M,1987-01-11,36-50,American,Silver,301,ashleyliu@example.com,+61
1942,PAX0001942,Pamela,Baird,F,1960-03-16,51-65,Indonesian,None,2034,michelle90@example.net,+62
1943,PAX0001943,Heather,Wilson,F,2001-09-25,18-25,Singaporean,None,7683,austinalyssa@example.net,+62
1944,PAX0001944,Nicholas,Wright,M,1961-05-12,51-65,British,None,6149,maryjohnson@example.com,+65
1945,PAX0001945,Bryan,Davis,M,1999-12-24,18-25,Indonesian,Platinum,7770,rberry@example.com,+65
1946,PAX0001946,Jason,Horton,M,2005-03-02,18-25,Singaporean,None,3641,melaniewhite@example.com,+60
1947,PAX0001947,Christopher,Jordan,M,1974-07-24,36-50,Indonesian,None,2900,victor24@example.com,+61
1948,PAX0001948,Darrell,Duke,M,1964-01-17,51-65,Other,None,797,morgankaren@example.net,+65
1949,PAX0001949,Alex,Obrien,M,1967-12-07,51-65,Indonesian,None,1988,flemingcody@example.org,+65
1950,PAX0001950,Adam,Murphy,M,1986-05-26,36-50,Indonesian,None,2845,anthony99@example.com,+61
1951,PAX0001951,Tina,Lopez,F,1955-02-11,65+,Indonesian,None,463,nwhite@example.com,+61
1952,PAX0001952,Shane,Gaines,M,1956-12-28,65+,Singaporean,None,1246,audrey72@example.net,+61
1953,PAX0001953,Robert,Wallace,M,1960-07-09,51-65,Indonesian,Gold,4559,mcconnellpamela@example.org,+62
1954,PAX0001954,Taylor,Donovan,F,2005-04-28,18-25,Indonesian,None,6652,baileyhenry@example.net,+61
1955,PAX0001955,Stephanie,Jimenez,F,1961-10-13,51-65,Indonesian,Silver,32027,wendymora@example.com,+65
1956,PAX0001956,Kimberly,Price,F,1995-03-15,26-35,Indonesian,None,13523,qraymond@example.net,+62
1957,PAX0001957,Gina,Diaz,F,1954-11-06,65+,Singaporean,None,5144,susanhenry@example.com,+65
1958,PAX0001958,Heather,Rangel,F,1953-03-22,65+,Indonesian,None,2734,qcochran@example.net,+60
1959,PAX0001959,Sara,Garcia,F,2001-09-28,18-25,Singaporean,None,5055,alvaradoluke@example.net,+60
1960,PAX0001960,Kenneth,Patel,M,1988-09-14,36-50,Malaysian,None,7700,psherman@example.org,+65
1961,PAX0001961,Frank,West,M,1969-08-15,51-65,Indonesian,Silver,629,kellysims@example.com,+60
1962,PAX0001962,Jamie,Henry,F,1980-01-02,36-50,Indonesian,None,2637,jgarcia@example.com,+61
1963,PAX0001963,Jasmine,Jimenez,F,1991-11-18,26-35,Indonesian,None,9156,kelli08@example.org,+62
1964,PAX0001964,Theresa,Parker,F,1963-03-11,51-65,American,Platinum,2421,daniellestevenson@example.net,+62
1965,PAX0001965,Amber,Turner,F,1952-04-18,65+,Other,None,4241,michaelmedina@example.net,+61
1966,PAX0001966,Nancy,Warren,F,1979-11-30,36-50,Australian,Gold,4430,williammaldonado@example.org,+60
1967,PAX0001967,Annette,Dodson,F,1964-12-27,51-65,Singaporean,None,1019,jenniferjones@example.org,+62
1968,PAX0001968,Christine,Bowman,F,1984-02-05,36-50,American,Silver,2248,williamspatrick@example.net,+65
1969,PAX0001969,Tammy,Smith,F,1958-04-23,65+,Indonesian,Gold,2036,donnaherman@example.com,+62
1970,PAX0001970,William,Serrano,M,1962-06-10,51-65,Indonesian,None,132,samantha60@example.org,+65
1971,PAX0001971,Linda,Howell,F,1960-01-13,51-65,Indonesian,Silver,122,nicole69@example.net,+65
1972,PAX0001972,Eric,Bentley,M,1993-01-02,26-35,Indonesian,None,8909,robert06@example.com,+61
1973,PAX0001973,Diana,Santana,F,1976-01-21,36-50,Malaysian,Platinum,1594,aking@example.net,+62
1974,PAX0001974,James,Dominguez,M,1997-07-08,26-35,British,None,3649,sanderson@example.org,+61
1975,PAX0001975,Marcia,Wilson,F,1955-03-11,65+,Malaysian,Silver,1774,ijones@example.com,+61
1976,PAX0001976,Terri,Scott,F,1961-10-12,51-65,Australian,Gold,14123,smitchell@example.com,+62
1977,PAX0001977,Dean,Juarez,M,1989-03-10,26-35,Singaporean,Gold,1500,mcarson@example.org,+60
1978,PAX0001978,Ryan,Gonzalez,M,1988-02-22,36-50,Indonesian,None,2807,harrisondaniel@example.org,+61
1979,PAX0001979,Sandra,Lopez,F,1952-12-24,65+,Indonesian,None,10307,allenchristina@example.com,+61
1980,PAX0001980,Charles,Harper,M,2000-08-20,18-25,Indonesian,Gold,9223,bateswilliam@example.org,+61
1981,PAX0001981,Christine,Stewart,F,2002-09-10,18-25,Malaysian,Silver,1029,frymatthew@example.com,+65
1982,PAX0001982,Gregory,Gonzalez,M,1962-05-03,51-65,Indonesian,Silver,8113,myerseric@example.com,+65
1983,PAX0001983,Amy,White,F,1984-10-18,36-50,Indonesian,Platinum,3064,matthewgriffith@example.org,+61
1984,PAX0001984,Benjamin,Sanchez,M,1980-05-15,36-50,Indonesian,None,3298,angela28@example.com,+65
1985,PAX0001985,Brian,Brown,M,1954-04-02,65+,Indonesian,Platinum,716,montgomerygeoffrey@example.com,+61
1986,PAX0001986,Amanda,Valenzuela,F,1975-08-06,36-50,Singaporean,Silver,420,adamsmith@example.org,+65
1987,PAX0001987,James,Bradley,M,2005-10-06,18-25,Indonesian,None,6508,kathleenjohnson@example.net,+60
1988,PAX0001988,Alejandro,Holloway,M,1955-06-04,65+,Indonesian,Silver,3430,ppineda@example.com,+61
1989,PAX0001989,Melissa,Hughes,F,1969-08-12,51-65,Malaysian,None,2871,feliciasalazar@example.com,+62
1990,PAX0001990,Jordan,Calhoun,F,1993-09-20,26-35,Australian,None,6537,shawnsuarez@example.org,+62
1991,PAX0001991,Dustin,Simon,M,1960-03-21,51-65,Indonesian,Gold,7251,kkidd@example.com,+61
1992,PAX0001992,Alisha,Trujillo,F,2000-09-30,18-25,Other,None,865,bradjenkins@example.net,+60
1993,PAX0001993,Crystal,Morales,F,2008-05-07,18-25,Indonesian,Silver,4710,jared66@example.com,+60
1994,PAX0001994,Morgan,Wallace,F,1981-09-25,36-50,Japanese,Platinum,727,vford@example.com,+61
1995,PAX0001995,Jennifer,Cummings,F,1995-09-02,26-35,Singaporean,Platinum,6959,johnmarquez@example.net,+60
1996,PAX0001996,Travis,Daniel,M,1963-08-20,51-65,Indonesian,Gold,5349,rachel86@example.com,+61
1997,PAX0001997,Eric,Long,M,1994-03-20,26-35,Indonesian,None,15688,prodriguez@example.com,+60
1998,PAX0001998,Tanner,Sosa,M,1970-10-30,51-65,Indonesian,Silver,357,nwilliams@example.com,+61
1999,PAX0001999,Stacy,Keller,F,1987-12-08,36-50,Malaysian,None,293,cwhite@example.org,+60
2000,PAX0002000,Daniel,Bradley,M,1997-08-13,26-35,Singaporean,Gold,1657,joshuareese@example.net,+60
2001,PAX0002001,Brittney,Morales,F,2002-09-27,18-25,Indonesian,None,1517,edwardstewart@example.org,+62
2002,PAX0002002,Bianca,Velazquez,F,2000-08-23,18-25,Indonesian,Platinum,1418,cheryl98@example.net,+61
2003,PAX0002003,Shawn,Lowe,M,1993-02-18,26-35,Australian,None,11835,milleralan@example.org,+65
2004,PAX0002004,Samuel,Edwards,M,1972-12-13,51-65,British,Gold,1435,james23@example.com,+62
2005,PAX0002005,Austin,Hanson,M,2007-08-08,18-25,Indonesian,None,1586,brandy77@example.com,+61
2006,PAX0002006,Christopher,Turner,M,1998-04-10,26-35,American,Platinum,7123,rachelhernandez@example.com,+61
2007,PAX0002007,Joseph,Montgomery,M,1958-06-14,65+,Indonesian,None,2986,annafuller@example.net,+62
2008,PAX0002008,Michael,Mckee,M,1969-07-13,51-65,Indonesian,Silver,7496,beckdwayne@example.com,+65
2009,PAX0002009,Nicole,Taylor,F,1956-12-30,65+,American,Gold,338,ekennedy@example.org,+65
2010,PAX0002010,Alicia,Watts,F,2002-08-06,18-25,Malaysian,Platinum,3342,sarah99@example.org,+62
2011,PAX0002011,Steven,Waller,M,1980-10-31,36-50,American,Silver,170,nicole15@example.org,+61
2012,PAX0002012,Chad,Evans,M,1962-06-15,51-65,Japanese,None,323,hrangel@example.net,+65
2013,PAX0002013,Tyrone,Flores,M,1963-10-22,51-65,Singaporean,None,11845,gomeztonya@example.com,+61
2014,PAX0002014,Lisa,Garza,F,1951-06-24,65+,Japanese,None,749,michaelking@example.net,+62
2015,PAX0002015,Vicki,Strong,F,1969-06-18,51-65,Indonesian,None,3800,burnsrebecca@example.org,+65
2016,PAX0002016,David,Parker,M,1994-08-02,26-35,Singaporean,None,2647,vferrell@example.org,+60
2017,PAX0002017,Nicole,Wolf,F,1968-12-16,51-65,Singaporean,None,2133,vhopkins@example.net,+62
2018,PAX0002018,Carlos,Good,M,1952-07-11,65+,British,Platinum,11504,navarroandrew@example.com,+60
2019,PAX0002019,Summer,James,F,1963-12-24,51-65,Japanese,Platinum,110,dominguezjoseph@example.com,+65
2020,PAX0002020,Jacob,Hunt,M,1973-03-26,51-65,Indonesian,None,5450,vrussell@example.org,+61
2021,PAX0002021,Michelle,Tran,F,1973-12-14,51-65,Indonesian,Platinum,16537,fcampbell@example.com,+65
2022,PAX0002022,Angela,Wade,F,1996-02-09,26-35,Malaysian,None,4106,michelle10@example.org,+60
2023,PAX0002023,Philip,Sanchez,M,2005-04-03,18-25,Australian,Gold,13809,nathanielmoore@example.org,+62
2024,PAX0002024,Anita,Jones,F,2003-05-25,18-25,Indonesian,Platinum,268,doylematthew@example.net,+62
2025,PAX0002025,Brooke,Sims,F,1955-03-08,65+,Other,Silver,2713,vwelch@example.net,+61
2026,PAX0002026,Lonnie,Brown,M,1957-08-05,65+,Indonesian,Silver,1506,jamesreese@example.org,+61
2027,PAX0002027,Brandon,Bean,M,1963-01-08,51-65,Other,None,6561,hamiltongina@example.org,+65
2028,PAX0002028,Mitchell,Hughes,M,1953-10-17,65+,Malaysian,None,19895,thomasgonzalez@example.com,+65
2029,PAX0002029,Michelle,Harrison,F,1991-08-05,26-35,Malaysian,None,1482,ramoswilliam@example.org,+65
2030,PAX0002030,William,Baker,M,1962-05-11,51-65,Indonesian,None,5309,hollywarner@example.org,+61
2031,PAX0002031,Chelsea,Morris,F,1963-03-14,51-65,Australian,None,1103,franciscoreid@example.net,+60
2032,PAX0002032,Lindsay,Hunter,F,1970-08-02,51-65,Malaysian,None,4165,jeffery45@example.net,+61
2033,PAX0002033,Joseph,Pena,M,1966-10-11,51-65,Indonesian,Gold,3117,juan21@example.org,+62
2034,PAX0002034,Kathleen,Orr,F,1954-08-31,65+,Indonesian,None,17878,harveylisa@example.org,+65
2035,PAX0002035,Pamela,Moran,F,1996-04-05,26-35,Malaysian,None,4689,rowlandemily@example.com,+65
2036,PAX0002036,Raymond,Rocha,M,1990-06-01,26-35,Indonesian,Silver,2150,carrolljessica@example.com,+62
2037,PAX0002037,Heather,Shepherd,F,1981-01-25,36-50,Malaysian,Silver,605,victor75@example.net,+65
2038,PAX0002038,Cheryl,Matthews,F,2001-02-01,18-25,Other,None,819,vazquezrobert@example.com,+65
2039,PAX0002039,Thomas,Mathis,M,1972-06-19,51-65,Indonesian,Platinum,1276,dford@example.com,+65
2040,PAX0002040,Charles,Christensen,M,1960-10-13,51-65,Indonesian,Silver,1444,iherring@example.com,+60
2041,PAX0002041,Wanda,Chen,F,1976-05-08,36-50,Other,Silver,9506,bdiaz@example.net,+61
2042,PAX0002042,Chris,Shah,M,1962-02-24,51-65,Indonesian,None,4118,codymyers@example.org,+61
2043,PAX0002043,Gail,Smith,F,1968-10-29,51-65,Malaysian,Platinum,3705,jmoore@example.com,+61
2044,PAX0002044,Colton,Lawson,M,1965-11-21,51-65,Australian,Gold,609,kreynolds@example.com,+61
2045,PAX0002045,Amy,Ali,F,1995-09-13,26-35,Singaporean,None,9835,bentonjanice@example.net,+62
2046,PAX0002046,Charles,Stone,M,1970-01-30,51-65,Indonesian,None,6415,alara@example.com,+65
2047,PAX0002047,Tyler,Welch,M,1951-04-11,65+,Singaporean,Platinum,350,crystal96@example.net,+61
2048,PAX0002048,Linda,Moreno,F,1958-09-07,65+,Malaysian,None,6152,jenny25@example.net,+65
2049,PAX0002049,Amy,West,F,1982-08-13,36-50,Indonesian,Silver,3921,usanchez@example.net,+61
2050,PAX0002050,Susan,Orr,F,1966-04-12,51-65,Singaporean,None,426,jbuchanan@example.com,+62
2051,PAX0002051,Riley,Hale,M,1989-09-02,26-35,Indonesian,Silver,3065,tammyharrington@example.net,+61
2052,PAX0002052,Michelle,Lynch,F,1965-12-21,51-65,Indonesian,Gold,3314,tracyharrison@example.org,+62
2053,PAX0002053,Jorge,Davis,M,1971-09-22,51-65,Other,Gold,906,cindymiller@example.com,+65
2054,PAX0002054,Lance,Macdonald,M,1981-11-17,36-50,Indonesian,None,14565,carl63@example.com,+60
2055,PAX0002055,Charles,Abbott,M,1998-11-02,26-35,Indonesian,Silver,9484,wellsjeffrey@example.org,+65
2056,PAX0002056,Henry,Oliver,M,1972-08-28,51-65,Singaporean,Gold,5528,kristenfrye@example.com,+62
2057,PAX0002057,Larry,Herrera,M,1971-10-09,51-65,Other,Silver,3102,susanharper@example.org,+60
2058,PAX0002058,Nicholas,Moss,M,1970-07-05,51-65,Indonesian,Platinum,2653,alexandragordon@example.org,+62
2059,PAX0002059,James,Haynes,M,2004-03-14,18-25,Indonesian,Platinum,5263,evansjames@example.com,+60
2060,PAX0002060,Alyssa,Schneider,F,1952-02-11,65+,Indonesian,None,3942,dmiller@example.org,+60
2061,PAX0002061,Lori,Peters,F,1980-10-15,36-50,Singaporean,Silver,321,gblake@example.com,+62
2062,PAX0002062,Donald,Mccarthy,M,1981-06-02,36-50,Indonesian,None,3592,lmitchell@example.org,+60
2063,PAX0002063,Tyler,Martinez,M,1972-05-11,51-65,Other,Silver,8209,angela52@example.com,+65
2064,PAX0002064,Michelle,Pierce,F,2006-12-30,18-25,Indonesian,Silver,3073,zlucas@example.org,+61
2065,PAX0002065,Louis,Hodges,M,1972-08-13,51-65,Indonesian,None,266,mario90@example.net,+65
2066,PAX0002066,Miranda,Reeves,F,1954-03-12,65+,Indonesian,Platinum,7715,ebrown@example.org,+61
2067,PAX0002067,Brian,Martin,M,1960-09-15,51-65,Indonesian,None,1124,christopherward@example.com,+60
2068,PAX0002068,Brad,Cooper,M,1973-05-27,51-65,Malaysian,Silver,1496,vasquezamy@example.net,+65
2069,PAX0002069,Maria,Foster,F,1978-09-22,36-50,Japanese,None,899,amydavis@example.org,+61
2070,PAX0002070,Caitlin,Farmer,F,1980-11-29,36-50,Indonesian,Silver,2003,jeremy08@example.org,+62
2071,PAX0002071,Maria,Terry,F,1953-12-18,65+,Indonesian,None,7068,owilliams@example.org,+61
2072,PAX0002072,Troy,Taylor,M,1960-10-11,51-65,Indonesian,None,3663,marcus60@example.net,+60
2073,PAX0002073,Donna,Johnson,F,2002-06-27,18-25,Indonesian,Gold,1146,cpierce@example.org,+60
2074,PAX0002074,Andrew,Perez,M,1990-07-09,26-35,Indonesian,Platinum,10511,ssmith@example.org,+65
2075,PAX0002075,Sierra,Hicks,F,1989-12-20,26-35,Other,Gold,10583,randyhernandez@example.org,+62
2076,PAX0002076,Patrick,Campbell,M,1993-02-08,26-35,Indonesian,Gold,10223,william23@example.net,+61
2077,PAX0002077,George,Murphy,M,1967-10-31,51-65,Indonesian,Silver,1364,philip47@example.org,+60
2078,PAX0002078,Lindsey,Curtis,F,1980-09-17,36-50,Singaporean,Gold,3000,hharris@example.org,+65
2079,PAX0002079,Regina,Newton,F,1976-10-04,36-50,Other,None,20995,jameshudson@example.net,+60
2080,PAX0002080,Sandra,Craig,F,1970-09-17,51-65,Indonesian,None,7392,michael03@example.net,+62
2081,PAX0002081,David,Dixon,M,2007-10-18,18-25,Malaysian,None,137,alexander25@example.org,+60
2082,PAX0002082,Travis,Price,M,1984-05-22,36-50,American,Silver,337,stephen69@example.org,+60
2083,PAX0002083,John,Carlson,M,1983-11-07,36-50,Malaysian,None,3117,chrisrodriguez@example.org,+61
2084,PAX0002084,Manuel,Vincent,M,1952-07-07,65+,Indonesian,None,11996,sarah47@example.com,+61
2085,PAX0002085,Laura,Moore,F,1999-12-26,18-25,Indonesian,None,3868,richardsondebbie@example.com,+65
2086,PAX0002086,Sherri,Jones,F,2000-11-15,18-25,Singaporean,None,3443,tvaldez@example.org,+60
2087,PAX0002087,Elizabeth,Baker,F,1958-07-25,65+,Australian,Gold,557,davidfields@example.net,+62
2088,PAX0002088,Andre,Galvan,M,2004-05-04,18-25,Malaysian,Platinum,5346,hthompson@example.org,+65
2089,PAX0002089,David,Kane,M,1999-09-19,18-25,Indonesian,None,8632,joseph97@example.org,+61
2090,PAX0002090,Michael,Lewis,M,2000-03-01,18-25,Other,None,2393,bgregory@example.org,+65
2091,PAX0002091,Jessica,Owens,F,1984-03-29,36-50,Indonesian,Silver,7471,teresaray@example.org,+62
2092,PAX0002092,Amy,Hammond,F,1995-01-28,26-35,Indonesian,None,16687,jennifer73@example.com,+62
2093,PAX0002093,Megan,Richmond,F,1952-01-20,65+,Malaysian,Silver,1139,jimmywest@example.org,+65
2094,PAX0002094,Andrew,Hart,M,1994-08-21,26-35,Singaporean,Platinum,3704,shansen@example.com,+65
2095,PAX0002095,David,Allison,M,2004-04-14,18-25,Indonesian,Gold,1692,mitchellchristopher@example.com,+60
2096,PAX0002096,Robert,Stephens,M,1981-06-10,36-50,Indonesian,None,7871,donna58@example.net,+60
2097,PAX0002097,Frank,Fowler,M,1960-04-22,51-65,Indonesian,Silver,4308,zthompson@example.com,+62
2098,PAX0002098,Victoria,Saunders,F,1982-03-16,36-50,Indonesian,None,5033,lisawalton@example.com,+65
2099,PAX0002099,Joshua,Ward,M,1996-05-16,26-35,Australian,Silver,7995,qmiller@example.org,+65
2100,PAX0002100,Tammy,Brewer,F,1973-01-14,51-65,American,Platinum,2520,rmolina@example.org,+62
2101,PAX0002101,Gwendolyn,Hull,F,1953-04-20,65+,American,Gold,12330,carolfernandez@example.net,+62
2102,PAX0002102,Sarah,Berry,F,1961-03-29,51-65,Indonesian,None,3807,makaylasanders@example.com,+60
2103,PAX0002103,Wanda,Stephens,F,1958-01-02,65+,Indonesian,None,859,johnstonjonathan@example.net,+65
2104,PAX0002104,Terri,Singh,F,1995-08-15,26-35,Indonesian,None,5951,tracy55@example.net,+61
2105,PAX0002105,Joseph,Weiss,M,1977-04-08,36-50,Indonesian,Silver,7881,barbarabrady@example.net,+65
2106,PAX0002106,Victoria,Perez,F,2001-07-15,18-25,Indonesian,None,1904,smoore@example.org,+65
2107,PAX0002107,April,Leon,F,1999-02-17,18-25,Indonesian,None,9730,simpsonruth@example.net,+60
2108,PAX0002108,Dana,Sullivan,F,1971-04-03,51-65,Indonesian,None,11829,amberdavis@example.org,+60
2109,PAX0002109,Alan,Phillips,M,1951-12-29,65+,Other,Silver,1621,jacobparsons@example.org,+61
2110,PAX0002110,David,Tapia,M,1954-12-14,65+,Indonesian,Silver,20528,qduffy@example.com,+62
2111,PAX0002111,Melissa,Evans,F,1951-02-10,65+,American,Silver,758,tbrooks@example.com,+62
2112,PAX0002112,Kevin,Mendoza,M,1992-07-13,26-35,Indonesian,None,1128,sheltontiffany@example.com,+61
2113,PAX0002113,Heather,Scott,F,1972-02-22,51-65,American,None,1018,ycallahan@example.net,+65
2114,PAX0002114,Annette,Barker,F,2002-10-11,18-25,Other,Platinum,11221,stacy70@example.com,+62
2115,PAX0002115,Tonya,Blake,F,1953-01-09,65+,Indonesian,None,5310,wellsamy@example.org,+65
2116,PAX0002116,Misty,Baldwin,F,1967-02-03,51-65,Australian,Gold,824,gibsonkaitlyn@example.org,+61
2117,PAX0002117,Victoria,Johnson,F,1991-06-20,26-35,Indonesian,Platinum,2901,angela73@example.net,+62
2118,PAX0002118,Brandon,Sutton,M,1978-05-02,36-50,Indonesian,Silver,4776,wallssean@example.net,+65
2119,PAX0002119,Joel,Terry,M,1962-09-22,51-65,Malaysian,None,435,isolis@example.net,+62
2120,PAX0002120,Amber,Richards,F,1999-09-07,18-25,Indonesian,None,10703,cthompson@example.com,+62
2121,PAX0002121,Amanda,Burke,F,1961-06-20,51-65,Indonesian,None,8138,jrodriguez@example.org,+65
2122,PAX0002122,John,Wright,M,1963-12-11,51-65,Indonesian,None,3518,zparsons@example.net,+60
2123,PAX0002123,Raymond,Williams,M,1962-05-31,51-65,Malaysian,None,17075,jeffreyglenn@example.net,+61
2124,PAX0002124,Johnny,Reeves,M,2007-12-06,18-25,Malaysian,Silver,2704,garciadonald@example.net,+65
2125,PAX0002125,Justin,Kim,M,1991-07-30,26-35,Other,Silver,20710,laura60@example.net,+65
2126,PAX0002126,Steven,Richardson,M,1986-02-17,36-50,Indonesian,None,5511,barnesarthur@example.com,+60
2127,PAX0002127,Michael,Jones,M,1988-04-25,36-50,American,None,5034,bakerstacy@example.com,+65
2128,PAX0002128,James,Calhoun,M,1982-09-09,36-50,British,None,907,davidmartin@example.net,+60
2129,PAX0002129,Matthew,Griffin,M,1963-02-07,51-65,Indonesian,None,10682,angela71@example.net,+62
2130,PAX0002130,Lauren,Wilson,F,1963-01-06,51-65,Singaporean,None,2788,halldylan@example.org,+60
2131,PAX0002131,Meredith,Smith,F,2001-03-14,18-25,Indonesian,None,885,dixonalexander@example.net,+61
2132,PAX0002132,Derek,Moreno,M,1995-09-16,26-35,Indonesian,None,63,nicole25@example.org,+62
2133,PAX0002133,Robert,Lopez,M,1983-01-31,36-50,Indonesian,Silver,4102,nmendoza@example.org,+65
2134,PAX0002134,Jasmine,Schultz,F,1962-02-15,51-65,Indonesian,Platinum,3747,thomasdavid@example.net,+62
2135,PAX0002135,Shannon,Jones,F,1960-04-15,51-65,Indonesian,Platinum,6353,knightjohn@example.com,+60
2136,PAX0002136,Lori,Pace,F,2007-07-16,18-25,Indonesian,None,11048,richard60@example.com,+62
2137,PAX0002137,James,Lee,M,2003-07-07,18-25,Indonesian,Silver,413,peter93@example.net,+60
2138,PAX0002138,Karen,Avery,F,1959-01-21,51-65,Indonesian,None,6574,wlucas@example.net,+61
2139,PAX0002139,David,Boyd,M,1961-02-04,51-65,American,None,1037,bmejia@example.net,+62
2140,PAX0002140,Jason,Hoffman,M,1952-06-30,65+,Singaporean,Platinum,9765,kendrawilliams@example.com,+65
2141,PAX0002141,Douglas,Santos,M,1977-02-25,36-50,Malaysian,Platinum,8548,kevin89@example.com,+62
2142,PAX0002142,Savannah,Harrison,F,1971-05-12,51-65,Indonesian,None,3891,shughes@example.net,+65
2143,PAX0002143,Justin,Fleming,M,1997-09-14,26-35,Indonesian,None,6193,taylordavis@example.com,+60
2144,PAX0002144,Kim,Jensen,F,1973-09-10,51-65,American,None,1886,kingjoseph@example.com,+62
2145,PAX0002145,Linda,Perez,F,1970-01-20,51-65,Indonesian,None,3185,rebecca93@example.com,+62
2146,PAX0002146,Corey,Rogers,M,1971-03-29,51-65,Singaporean,Silver,8619,mramirez@example.com,+65
2147,PAX0002147,Mary,Tate,F,1995-12-19,26-35,Indonesian,Silver,3074,leahbarker@example.org,+65
2148,PAX0002148,Melissa,Marquez,F,1997-02-24,26-35,Indonesian,Silver,2214,james79@example.net,+62
2149,PAX0002149,Bruce,Sharp,M,1962-03-12,51-65,Indonesian,Silver,3408,danielle39@example.net,+61
2150,PAX0002150,Gail,Clay,F,2006-11-25,18-25,Singaporean,None,8808,zbrooks@example.com,+62
2151,PAX0002151,Devin,Carroll,M,1999-03-10,18-25,Singaporean,Silver,2041,dustin91@example.com,+62
2152,PAX0002152,Tracy,Li,F,1958-11-10,65+,Indonesian,Silver,954,msmith@example.com,+60
2153,PAX0002153,Jordan,Ewing,F,1984-01-30,36-50,British,None,6224,william63@example.com,+60
2154,PAX0002154,William,Fuller,M,1953-11-11,65+,Indonesian,None,8742,elarson@example.com,+65
2155,PAX0002155,Emily,Taylor,F,1976-09-20,36-50,Indonesian,None,530,wardlaurie@example.org,+60
2156,PAX0002156,Ryan,Ramirez,M,1953-03-08,65+,Indonesian,Gold,1371,david16@example.org,+65
2157,PAX0002157,Steven,Knight,M,1953-02-09,65+,Indonesian,None,765,rodrigueztiffany@example.net,+60
2158,PAX0002158,Diane,Allen,F,1969-04-03,51-65,Indonesian,Platinum,2138,christineduncan@example.com,+60
2159,PAX0002159,Hayden,Young,M,1987-12-31,36-50,Indonesian,Silver,2992,spencerlevi@example.org,+60
2160,PAX0002160,Robert,Bryan,M,1962-02-01,51-65,Singaporean,None,6908,ambersmith@example.org,+60
2161,PAX0002161,Kenneth,Mendez,M,1956-08-06,65+,Australian,None,5265,lisa11@example.org,+60
2162,PAX0002162,Jason,Allen,M,2007-12-03,18-25,Indonesian,Platinum,4850,patricialowery@example.com,+62
2163,PAX0002163,April,Lambert,F,1957-09-13,65+,Other,None,2172,mriley@example.com,+65
2164,PAX0002164,Cindy,Garcia,F,1980-10-02,36-50,Indonesian,None,9208,ortizsean@example.org,+61
2165,PAX0002165,Stephen,Jefferson,M,2000-09-10,18-25,Indonesian,Silver,3186,wjohnson@example.com,+61
2166,PAX0002166,Sierra,Henry,F,1964-05-08,51-65,Indonesian,None,19341,marc78@example.net,+61
2167,PAX0002167,Ryan,Obrien,M,1976-10-15,36-50,Indonesian,Gold,5027,drew19@example.net,+65
2168,PAX0002168,James,French,M,1996-11-20,26-35,Singaporean,Platinum,674,jefferygomez@example.com,+65
2169,PAX0002169,Michelle,Roach,F,1967-04-28,51-65,Indonesian,None,5637,eburke@example.org,+65
2170,PAX0002170,Taylor,Sanchez,F,1997-02-08,26-35,Malaysian,None,1965,chavezlauren@example.com,+65
2171,PAX0002171,Gregory,James,M,1989-04-17,26-35,Indonesian,None,5797,cgraham@example.com,+61
2172,PAX0002172,Jeffrey,Bailey,M,1956-06-24,65+,Malaysian,None,360,michael47@example.org,+62
2173,PAX0002173,Daniel,Richards,M,1961-11-11,51-65,Indonesian,None,961,meghanwerner@example.com,+62
2174,PAX0002174,Philip,Davis,M,1953-08-28,65+,Indonesian,Gold,9680,christopherdominguez@example.org,+60
2175,PAX0002175,Bobby,Frederick,M,1967-06-07,51-65,Other,Silver,1288,jhernandez@example.com,+62
2176,PAX0002176,Seth,Lopez,M,1969-05-06,51-65,Indonesian,Gold,9071,hcollins@example.org,+62
2177,PAX0002177,Shane,Oliver,M,1966-03-02,51-65,Indonesian,Gold,1637,keithharrison@example.com,+61
2178,PAX0002178,David,Morton,M,1961-10-26,51-65,Indonesian,None,5148,carriejones@example.org,+65
2179,PAX0002179,Robert,White,M,1968-09-13,51-65,Indonesian,None,5923,maxwellangela@example.com,+62
2180,PAX0002180,Christopher,Ferguson,M,1999-08-10,18-25,Japanese,None,3593,johnsmith@example.org,+60
2181,PAX0002181,Dominic,Li,M,2002-07-17,18-25,Indonesian,Gold,1821,longgary@example.com,+65
2182,PAX0002182,Ryan,Allen,M,1961-01-01,51-65,American,None,1195,audrey47@example.org,+61
2183,PAX0002183,Casey,Rodriguez,F,1981-05-08,36-50,Indonesian,Silver,168,fernandoobrien@example.org,+65
2184,PAX0002184,Victoria,Taylor,F,1954-12-16,65+,Malaysian,Silver,1811,steven76@example.net,+62
2185,PAX0002185,Molly,Oneal,F,1987-03-29,36-50,Indonesian,None,5294,hhayden@example.com,+62
2186,PAX0002186,Lisa,Higgins,F,2003-11-27,18-25,Indonesian,Silver,13927,hwalton@example.com,+62
2187,PAX0002187,Kathy,Porter,F,1961-10-01,51-65,American,Platinum,10247,clarkcarol@example.com,+62
2188,PAX0002188,Edwin,Munoz,M,2007-09-08,18-25,Indonesian,Silver,7263,treyes@example.com,+65
2189,PAX0002189,Emily,Gonzalez,F,1952-01-07,65+,Indonesian,Silver,7766,lewiskimberly@example.org,+60
2190,PAX0002190,Sharon,Gibbs,F,1981-01-04,36-50,Indonesian,None,5467,deborahturner@example.org,+61
2191,PAX0002191,Alexis,Perez,F,1960-01-29,51-65,Other,Gold,1507,zking@example.com,+62
2192,PAX0002192,John,Khan,M,1998-11-26,26-35,British,Platinum,11886,danderson@example.org,+65
2193,PAX0002193,Stephanie,Livingston,F,1960-04-18,51-65,Indonesian,None,5554,nathaniel57@example.com,+61
2194,PAX0002194,Shane,Miller,M,1994-11-10,26-35,Indonesian,None,4109,michael88@example.com,+60
2195,PAX0002195,Timothy,Melton,M,1953-02-24,65+,Indonesian,Platinum,588,vjones@example.org,+65
2196,PAX0002196,Tammy,Martin,F,1971-07-06,51-65,Indonesian,None,2962,thomasjennifer@example.com,+61
2197,PAX0002197,Allison,Robinson,F,1954-06-20,65+,Singaporean,Silver,3084,andrew65@example.net,+65
2198,PAX0002198,Gregory,Nguyen,M,1981-09-18,36-50,Indonesian,Silver,9996,brent89@example.org,+61
2199,PAX0002199,Peter,Hamilton,M,1980-03-23,36-50,Indonesian,Silver,3955,estradaamy@example.net,+61
2200,PAX0002200,Jonathan,Lutz,M,1988-12-06,36-50,Malaysian,None,2393,sarahgray@example.net,+62
2201,PAX0002201,Jeremiah,Sharp,M,1998-12-31,26-35,Other,None,18818,douglas31@example.net,+61
2202,PAX0002202,Donald,Robinson,M,1976-07-07,36-50,American,None,586,turnerstephanie@example.org,+60
2203,PAX0002203,Laura,Butler,F,1978-11-11,36-50,British,Gold,2745,ronaldcarroll@example.org,+65
2204,PAX0002204,Wendy,Martin,F,1950-06-07,65+,Indonesian,Gold,214,bakertimothy@example.org,+61
2205,PAX0002205,John,Zavala,M,1965-04-20,51-65,Indonesian,None,6733,qwilson@example.com,+65
2206,PAX0002206,Steven,Jensen,M,2005-08-17,18-25,Other,Silver,12509,melissa49@example.net,+61
2207,PAX0002207,Stephen,Olsen,M,1987-09-05,36-50,Malaysian,None,1642,crystal58@example.org,+62
2208,PAX0002208,Michael,Moran,M,1995-11-01,26-35,Malaysian,None,9771,linda33@example.org,+65
2209,PAX0002209,John,Murphy,M,1979-12-01,36-50,Indonesian,None,1728,victor60@example.net,+65
2210,PAX0002210,Robert,Scott,M,1970-10-31,51-65,Indonesian,Gold,12082,angelarichard@example.org,+61
2211,PAX0002211,John,Hernandez,M,1967-04-27,51-65,Australian,None,7011,terrywilliam@example.com,+65
2212,PAX0002212,Jennifer,Knight,F,2000-12-02,18-25,Indonesian,Silver,8171,christopher29@example.com,+61
2213,PAX0002213,Austin,Edwards,M,1995-07-03,26-35,Indonesian,None,90,grahamlisa@example.org,+62
2214,PAX0002214,John,Johnson,M,1978-07-31,36-50,Indonesian,None,16458,david37@example.com,+61
2215,PAX0002215,Leah,Sullivan,F,1977-05-13,36-50,Singaporean,Gold,6485,justinbishop@example.org,+60
2216,PAX0002216,Christopher,Murphy,M,1973-04-07,51-65,Indonesian,None,1817,gcastaneda@example.org,+62
2217,PAX0002217,Rebecca,Smith,F,1955-12-29,65+,Other,None,8842,fvasquez@example.net,+65
2218,PAX0002218,Brittany,Williams,F,1994-06-27,26-35,Singaporean,None,1653,ithompson@example.com,+65
2219,PAX0002219,Jacob,Jennings,M,2007-10-19,18-25,Japanese,None,10308,elizabeth10@example.org,+60
2220,PAX0002220,Erin,Williams,F,1971-06-22,51-65,Japanese,None,597,mcneilchristina@example.org,+60
2221,PAX0002221,Carolyn,Myers,F,2004-02-14,18-25,Indonesian,None,6081,lrodriguez@example.com,+62
2222,PAX0002222,Sara,Jones,F,1992-04-09,26-35,Singaporean,Gold,3890,dillon79@example.com,+62
2223,PAX0002223,Mason,Graves,M,1961-02-07,51-65,Indonesian,Silver,507,crawfordjeffrey@example.com,+62
2224,PAX0002224,James,Morgan,M,1952-07-28,65+,Singaporean,Gold,1384,heatherpatrick@example.com,+60
2225,PAX0002225,Eric,Valdez,M,1985-01-08,36-50,Singaporean,Silver,62,pbutler@example.com,+62
2226,PAX0002226,Gabriel,Allen,M,1995-09-24,26-35,Indonesian,Platinum,3162,jacquelinejohnson@example.org,+62
2227,PAX0002227,Sheri,Hernandez,F,1990-05-20,26-35,Indonesian,None,1792,umartinez@example.org,+60
2228,PAX0002228,Randy,Watts,M,1969-08-12,51-65,Other,Gold,4560,jennifergraham@example.org,+61
2229,PAX0002229,Michael,Powers,M,1994-03-28,26-35,Indonesian,None,1763,sharon37@example.net,+60
2230,PAX0002230,Jackson,Myers,M,1952-09-11,65+,Malaysian,None,1782,carl04@example.com,+61
2231,PAX0002231,Robert,Ford,M,1963-02-02,51-65,Indonesian,Gold,6797,ubowers@example.com,+62
2232,PAX0002232,Robyn,Mcgee,F,1959-06-09,51-65,Indonesian,Gold,246,wbarrett@example.net,+62
2233,PAX0002233,Catherine,Booth,F,1998-01-06,26-35,Indonesian,Silver,11659,stephanieperry@example.com,+62
2234,PAX0002234,Charles,Henson,M,1973-02-27,51-65,Other,None,9561,williamsimpson@example.com,+65
2235,PAX0002235,Nathan,Butler,M,1964-02-27,51-65,Australian,None,5510,welchjennifer@example.net,+60
2236,PAX0002236,Gabrielle,Garcia,F,1975-10-11,36-50,Japanese,None,4497,jasoncook@example.net,+60
2237,PAX0002237,Natasha,Hill,F,2000-07-06,18-25,Indonesian,Silver,11142,lpreston@example.net,+61
2238,PAX0002238,Craig,Carrillo,M,1992-01-20,26-35,Indonesian,Silver,1024,gibsonjennifer@example.net,+62
2239,PAX0002239,Joshua,Campos,M,1970-02-20,51-65,Singaporean,Platinum,411,mitchellandrew@example.net,+62
2240,PAX0002240,Vincent,Brown,M,1993-01-23,26-35,Indonesian,Gold,1368,mhickman@example.net,+62
2241,PAX0002241,Tammy,Davenport,F,1966-02-09,51-65,Indonesian,None,7913,shannonevans@example.net,+60
2242,PAX0002242,Andrew,Perez,M,2008-05-19,18-25,Indonesian,Silver,176,ralph08@example.org,+60
2243,PAX0002243,Daniel,Underwood,M,1953-02-24,65+,Indonesian,Silver,4371,randyjordan@example.org,+61
2244,PAX0002244,Regina,Nichols,F,2004-12-29,18-25,Other,Platinum,26949,usmith@example.net,+61
2245,PAX0002245,Eric,Burke,M,2004-01-06,18-25,Other,Platinum,9679,crawfordbetty@example.net,+61
2246,PAX0002246,Juan,Chan,M,1995-05-24,26-35,Indonesian,None,3684,saraprice@example.net,+61
2247,PAX0002247,Christopher,Douglas,M,1972-10-02,51-65,Indonesian,Silver,328,cohenchristopher@example.net,+60
2248,PAX0002248,Theresa,Smith,F,1967-02-08,51-65,Indonesian,None,8900,sarahsimon@example.org,+61
2249,PAX0002249,Ebony,Scott,F,1995-02-18,26-35,British,Platinum,4568,rebeccaharris@example.org,+62
2250,PAX0002250,Brent,Huynh,M,1974-12-27,36-50,Australian,None,610,whitney81@example.org,+62
2251,PAX0002251,Shane,Farrell,M,1960-12-23,51-65,British,None,492,mckaycameron@example.com,+65
2252,PAX0002252,Ashley,Hayes,F,1962-07-28,51-65,British,None,12019,masonmary@example.net,+61
2253,PAX0002253,Jorge,Olson,M,1982-01-21,36-50,Indonesian,None,5531,kristen51@example.com,+61
2254,PAX0002254,James,Lopez,M,1962-05-25,51-65,Indonesian,Silver,8838,jessica91@example.org,+61
2255,PAX0002255,Brianna,Martin,F,1961-06-08,51-65,Indonesian,None,10558,timothymiddleton@example.net,+60
2256,PAX0002256,Amanda,Castaneda,F,1974-04-21,36-50,Other,None,4240,ggarcia@example.com,+61
2257,PAX0002257,Christopher,Oliver,M,1964-11-04,51-65,Indonesian,None,3643,vayala@example.net,+65
2258,PAX0002258,Vanessa,Garner,F,1954-12-11,65+,Indonesian,None,2814,dgrant@example.com,+62
2259,PAX0002259,Maria,Gonzalez,F,1972-04-26,51-65,Indonesian,Gold,1905,johnsonjacob@example.net,+61
2260,PAX0002260,Alicia,Beck,F,1974-07-31,36-50,Indonesian,None,2851,deborah60@example.com,+62
2261,PAX0002261,Angela,Cameron,F,1981-12-06,36-50,Indonesian,Silver,7433,watkinsthomas@example.net,+62
2262,PAX0002262,Nicholas,Peterson,M,1987-12-06,36-50,Indonesian,None,4605,hartmandanielle@example.org,+60
2263,PAX0002263,Kimberly,Coleman,F,1971-08-18,51-65,British,Silver,11152,trevinobrian@example.com,+60
2264,PAX0002264,Victor,Taylor,M,1995-08-20,26-35,British,None,2929,lisa24@example.com,+61
2265,PAX0002265,Jennifer,Jones,F,2008-03-20,18-25,Other,None,4670,charles44@example.com,+65
2266,PAX0002266,Allison,Mitchell,F,1951-12-10,65+,Other,None,4988,jenniferkane@example.net,+65
2267,PAX0002267,Linda,Garcia,F,1991-06-03,26-35,Indonesian,Silver,4478,davisjoseph@example.com,+61
2268,PAX0002268,Stephen,White,M,1972-01-20,51-65,Singaporean,Gold,6063,brandimiller@example.org,+65
2269,PAX0002269,Eric,Hodges,M,1969-03-17,51-65,Malaysian,Silver,1355,cainana@example.net,+65
2270,PAX0002270,Kimberly,Escobar,F,1997-05-19,26-35,Malaysian,Gold,3590,craig60@example.com,+60
2271,PAX0002271,Brandon,Cook,M,1978-12-26,36-50,Indonesian,None,550,taylorclinton@example.net,+65
2272,PAX0002272,Ashley,Woods,F,1950-08-31,65+,British,None,2426,zpacheco@example.net,+61
2273,PAX0002273,Deborah,Garza,F,1957-08-31,65+,Indonesian,None,3343,christopherjackson@example.net,+61
2274,PAX0002274,Michael,Garcia,M,1989-02-10,26-35,Singaporean,Silver,5280,ruizjessica@example.org,+62
2275,PAX0002275,Oscar,Short,M,1961-12-01,51-65,Indonesian,Platinum,15032,veronicasmith@example.net,+61
2276,PAX0002276,Kenneth,Blair,M,1968-12-28,51-65,Singaporean,None,4589,travisyoung@example.com,+65
2277,PAX0002277,Louis,Price,M,1964-10-01,51-65,Other,Silver,6804,max69@example.com,+62
2278,PAX0002278,Donna,Wright,F,1989-09-30,26-35,Japanese,None,3528,mannjonathan@example.net,+60
2279,PAX0002279,Aaron,Wilson,M,1984-04-04,36-50,Malaysian,Silver,5027,julievazquez@example.net,+61
2280,PAX0002280,Robin,Carpenter,F,1962-12-09,51-65,Indonesian,None,367,davidwilliams@example.org,+61
2281,PAX0002281,Amber,Jones,F,2001-01-30,18-25,Indonesian,None,1467,nanderson@example.com,+61
2282,PAX0002282,Laura,Pearson,F,1958-01-21,65+,Indonesian,Silver,2245,greeralexander@example.org,+61
2283,PAX0002283,Christine,Thomas,F,1973-08-15,51-65,Indonesian,Silver,3197,meltonmark@example.com,+61
2284,PAX0002284,Mary,Becker,F,1976-03-01,36-50,Malaysian,Platinum,233,oalvarado@example.org,+62
2285,PAX0002285,James,Lopez,M,1964-06-18,51-65,Japanese,None,754,tracyavery@example.com,+62
2286,PAX0002286,Darlene,Hamilton,F,1953-09-21,65+,Indonesian,Silver,1620,bryansmall@example.org,+62
2287,PAX0002287,Judy,Roberts,F,2001-04-25,18-25,Indonesian,Gold,17794,srodriguez@example.org,+60
2288,PAX0002288,Diana,Simmons,F,1969-09-06,51-65,Indonesian,Gold,2012,kennedykathryn@example.org,+61
2289,PAX0002289,Jesse,Turner,M,1990-04-21,26-35,Indonesian,None,3289,shannonbarker@example.com,+62
2290,PAX0002290,Karen,Myers,F,2007-07-09,18-25,Other,Platinum,1091,timothykim@example.org,+61
2291,PAX0002291,Priscilla,Brewer,F,1951-07-24,65+,Indonesian,None,4718,jrobinson@example.net,+65
2292,PAX0002292,Taylor,Rodriguez,F,1994-01-27,26-35,Indonesian,Silver,1647,alexa14@example.net,+60
2293,PAX0002293,Rebecca,Francis,F,1985-07-16,36-50,Malaysian,None,1159,brownsusan@example.org,+61
2294,PAX0002294,Steven,King,M,1966-10-22,51-65,Indonesian,None,3634,katherinebarnett@example.net,+60
2295,PAX0002295,Laura,Middleton,F,1992-02-23,26-35,Indonesian,Platinum,27,courtneymadden@example.org,+61
2296,PAX0002296,Tyler,Murphy,M,1960-07-15,51-65,Singaporean,None,38,abradley@example.com,+61
2297,PAX0002297,Cody,Oconnor,M,1963-07-22,51-65,Japanese,Silver,1236,zking@example.com,+65
2298,PAX0002298,Christina,Morales,F,1990-04-13,26-35,Other,None,187,cody79@example.org,+60
2299,PAX0002299,Frederick,Hodge,M,1967-01-21,51-65,Indonesian,None,571,thomas38@example.com,+65
2300,PAX0002300,Darren,Bernard,M,1983-12-14,36-50,Singaporean,Gold,2068,norrisdakota@example.org,+60
2301,PAX0002301,Jason,Williams,M,1966-02-18,51-65,Other,None,8112,vgutierrez@example.org,+62
2302,PAX0002302,Michael,Daugherty,M,1957-05-17,65+,Indonesian,Silver,4243,ohiggins@example.net,+65
2303,PAX0002303,Daniel,Davis,M,1964-12-28,51-65,Singaporean,Silver,3594,alexander96@example.org,+62
2304,PAX0002304,Maria,Wu,F,1969-06-22,51-65,Indonesian,Silver,1737,claytonmclean@example.net,+61
2305,PAX0002305,Anna,Wright,F,1958-06-23,65+,Indonesian,Silver,13423,bradleybarker@example.net,+65
2306,PAX0002306,Mary,Dominguez,F,1961-10-04,51-65,Indonesian,Gold,2529,howetracy@example.org,+61
2307,PAX0002307,Jennifer,Rivera,F,2004-07-16,18-25,Malaysian,None,455,gordonjerome@example.net,+65
2308,PAX0002308,Aaron,Horton,M,1969-04-15,51-65,Singaporean,Silver,4799,karen82@example.org,+62
2309,PAX0002309,Brent,Burton,M,2000-09-03,18-25,Indonesian,Silver,604,contrerasjames@example.org,+62
2310,PAX0002310,Omar,Oconnor,M,1966-05-01,51-65,Indonesian,Gold,2117,margaretgonzalez@example.com,+62
2311,PAX0002311,Antonio,Cole,M,1981-10-02,36-50,Indonesian,None,3540,anthonyswanson@example.net,+65
2312,PAX0002312,Holly,Sherman,F,1964-04-14,51-65,Indonesian,Gold,10366,mary62@example.net,+61
2313,PAX0002313,Roy,Moore,M,1954-09-12,65+,Indonesian,Silver,3401,xsmith@example.org,+65
2314,PAX0002314,Carrie,Cameron,F,1986-08-31,36-50,Indonesian,None,6057,wrodriguez@example.org,+61
2315,PAX0002315,Benjamin,Perry,M,1964-10-20,51-65,Indonesian,None,24680,kperez@example.com,+65
2316,PAX0002316,Joseph,Peters,M,1998-12-17,26-35,Indonesian,None,704,olivia29@example.net,+60
2317,PAX0002317,Latoya,Mckay,F,1995-05-05,26-35,Other,Silver,1606,yjackson@example.com,+62
2318,PAX0002318,Ethan,Obrien,M,1969-05-22,51-65,Indonesian,None,2509,gonzalezkenneth@example.net,+62
2319,PAX0002319,Timothy,Baxter,M,1982-01-10,36-50,Singaporean,Silver,2739,hogandavid@example.org,+65
2320,PAX0002320,Omar,Ferguson,M,1966-01-10,51-65,British,None,2646,castroralph@example.net,+65
2321,PAX0002321,Micheal,Velasquez,M,1989-11-27,26-35,Indonesian,None,11908,holmesamber@example.org,+65
2322,PAX0002322,Beth,Odonnell,F,2004-10-04,18-25,Indonesian,None,6259,allenandrea@example.com,+62
2323,PAX0002323,Kimberly,Green,F,1986-02-14,36-50,Malaysian,Silver,4681,ana20@example.com,+61
2324,PAX0002324,Sarah,Harris,F,1983-10-09,36-50,Indonesian,Platinum,1850,hollydavis@example.org,+65
2325,PAX0002325,Jessica,Henderson,F,1992-11-29,26-35,Indonesian,Silver,8680,rojasmarc@example.org,+60
2326,PAX0002326,Desiree,Boone,F,1996-10-03,26-35,Indonesian,Gold,15512,johnsonalexander@example.org,+60
2327,PAX0002327,Maurice,Johnson,M,2003-02-25,18-25,Japanese,Platinum,8607,millerfrederick@example.net,+61
2328,PAX0002328,Mandy,Miller,F,2005-05-17,18-25,American,None,7,timothytrujillo@example.com,+60
2329,PAX0002329,Stephanie,Holland,F,2003-09-20,18-25,Singaporean,Silver,5058,cobbkaitlyn@example.net,+61
2330,PAX0002330,Nathan,Mcneil,M,1952-02-25,65+,Singaporean,None,262,nicholas18@example.net,+62
2331,PAX0002331,Nicole,Green,F,1970-02-12,51-65,Indonesian,None,1489,gardnerdylan@example.net,+60
2332,PAX0002332,Kimberly,Mitchell,F,1989-08-13,26-35,Indonesian,Gold,306,hernandezmadison@example.com,+60
2333,PAX0002333,Lisa,Williams,F,1984-07-06,36-50,Indonesian,None,4629,gharrison@example.com,+60
2334,PAX0002334,Allison,Greene,F,1982-03-12,36-50,Japanese,None,5801,stanleynina@example.com,+62
2335,PAX0002335,Mark,Davis,M,1973-11-22,51-65,Malaysian,None,607,alyssa66@example.net,+60
2336,PAX0002336,David,Hernandez,M,1958-10-04,65+,Indonesian,Silver,2421,william55@example.net,+60
2337,PAX0002337,Jacob,Underwood,M,1953-09-22,65+,Indonesian,Gold,3046,jblair@example.net,+65
2338,PAX0002338,Mario,Brown,M,1953-01-26,65+,Indonesian,Silver,2302,johnguzman@example.net,+65
2339,PAX0002339,Joe,Kelly,M,1988-05-19,36-50,Singaporean,Silver,644,bartonkimberly@example.net,+62
2340,PAX0002340,Beth,Brown,F,1962-12-19,51-65,Malaysian,None,2714,hebertmichelle@example.com,+60
2341,PAX0002341,Joseph,Zamora,M,2007-03-17,18-25,Indonesian,Gold,6955,greenjessica@example.net,+61
2342,PAX0002342,Joshua,Wells,M,1962-06-20,51-65,Other,None,368,zacharygray@example.org,+62
2343,PAX0002343,Maria,Ross,F,1986-05-06,36-50,Indonesian,None,417,ericjones@example.net,+61
2344,PAX0002344,Manuel,Phillips,M,1977-08-14,36-50,Singaporean,None,2190,aimeebrewer@example.net,+62
2345,PAX0002345,Elizabeth,Evans,F,2000-02-08,18-25,Indonesian,Gold,14212,sanchezrobert@example.net,+61
2346,PAX0002346,Jacob,Hardy,M,1959-04-10,51-65,American,Platinum,5521,tlewis@example.com,+62
2347,PAX0002347,Julia,Williams,F,1955-12-26,65+,Singaporean,None,5676,ocarter@example.com,+62
2348,PAX0002348,Heather,Christensen,F,1961-01-20,51-65,Malaysian,None,2246,michelle02@example.com,+60
2349,PAX0002349,Crystal,Lowe,F,2004-01-23,18-25,Indonesian,Gold,4502,amy24@example.org,+61
2350,PAX0002350,Alexander,Miller,M,2000-01-07,18-25,Indonesian,Silver,50,yparker@example.com,+61
2351,PAX0002351,Kayla,Choi,F,1970-03-02,51-65,British,Platinum,5054,ingramjessica@example.com,+62
2352,PAX0002352,Kristi,Mason,F,1966-10-28,51-65,Other,None,12225,mariahill@example.net,+65
2353,PAX0002353,John,Decker,M,1959-07-12,51-65,Japanese,None,4741,nunezmatthew@example.com,+60
2354,PAX0002354,Margaret,Kaiser,F,1997-02-17,26-35,Indonesian,None,10345,john33@example.com,+60
2355,PAX0002355,Ronald,Scott,M,1963-08-14,51-65,Other,Gold,6436,nicole16@example.net,+60
2356,PAX0002356,Robert,Shaffer,M,1965-06-28,51-65,Indonesian,Platinum,642,daviscarol@example.net,+62
2357,PAX0002357,Michelle,Cobb,F,1982-02-18,36-50,Indonesian,Silver,11637,obrienjames@example.net,+61
2358,PAX0002358,Lynn,Gonzalez,F,1956-08-12,65+,Malaysian,Platinum,343,dennisschneider@example.org,+61
2359,PAX0002359,Stephen,Bond,M,1953-01-22,65+,Indonesian,Gold,3817,hubersamantha@example.net,+61
2360,PAX0002360,Kathy,Chang,F,2002-03-15,18-25,Malaysian,Silver,766,victoria17@example.net,+65
2361,PAX0002361,Peggy,Cortez,F,1978-02-06,36-50,Malaysian,Platinum,58,smithjack@example.org,+60
2362,PAX0002362,Alyssa,Rodriguez,F,2005-07-23,18-25,Indonesian,None,2741,irodriguez@example.net,+60
2363,PAX0002363,Tim,Sanchez,M,1986-01-15,36-50,Indonesian,Gold,1748,ocook@example.net,+65
2364,PAX0002364,Dennis,Campbell,M,1984-03-27,36-50,Malaysian,None,3327,hornerebecca@example.org,+61
2365,PAX0002365,Michael,Myers,M,1992-08-27,26-35,Indonesian,Silver,4304,dennis01@example.com,+61
2366,PAX0002366,Andrea,Martinez,F,1991-06-22,26-35,Indonesian,None,223,daniel43@example.org,+65
2367,PAX0002367,Kendra,Cooper,F,1977-05-29,36-50,Australian,None,656,williskatherine@example.com,+61
2368,PAX0002368,Christopher,Sharp,M,1963-08-23,51-65,British,None,4089,catherinewagner@example.org,+65
2369,PAX0002369,Jerry,Rogers,M,1966-09-25,51-65,American,None,2101,qjones@example.org,+61
2370,PAX0002370,Paul,Cross,M,1997-09-18,26-35,Japanese,None,6531,aprilrussell@example.net,+60
2371,PAX0002371,Sandra,Mccoy,F,1953-04-23,65+,Indonesian,None,5281,john66@example.com,+62
2372,PAX0002372,Patrick,Stone,M,2004-03-14,18-25,Indonesian,None,9341,wilsondavid@example.org,+62
2373,PAX0002373,Tony,Golden,M,1953-04-05,65+,Indonesian,None,5896,meyerjames@example.com,+60
2374,PAX0002374,Stephen,Davis,M,1977-06-19,36-50,Indonesian,Silver,2809,hughesgail@example.org,+60
2375,PAX0002375,Teresa,Lewis,F,1972-03-12,51-65,Indonesian,Silver,5588,katrinaking@example.com,+60
2376,PAX0002376,Amy,Jordan,F,1974-08-09,36-50,Indonesian,None,1610,ryanrodriguez@example.net,+61
2377,PAX0002377,Karina,Hines,F,2008-01-23,18-25,Indonesian,None,1828,christineriggs@example.com,+62
2378,PAX0002378,Paul,Williams,M,1970-02-25,51-65,Singaporean,Silver,7779,kevinspencer@example.net,+61
2379,PAX0002379,Richard,Cooper,M,1980-11-02,36-50,Indonesian,None,2956,thomasestrada@example.net,+60
2380,PAX0002380,Stephanie,Taylor,F,2000-07-09,18-25,Indonesian,None,8006,lewisdeanna@example.net,+62
2381,PAX0002381,Caleb,Garcia,M,1999-08-26,18-25,Other,None,8641,shannon09@example.org,+62
2382,PAX0002382,Jacob,Cunningham,M,1984-12-02,36-50,Singaporean,None,9744,prattjustin@example.org,+62
2383,PAX0002383,Michelle,Chavez,F,1951-06-20,65+,Indonesian,Silver,12422,brandi26@example.net,+61
2384,PAX0002384,Laura,Bender,F,1998-06-12,26-35,Indonesian,None,2819,kwang@example.com,+60
2385,PAX0002385,Mary,Greer,F,2003-07-04,18-25,Indonesian,Gold,1919,hdavis@example.com,+60
2386,PAX0002386,Kimberly,Diaz,F,1960-04-09,51-65,Malaysian,None,4363,kwalsh@example.org,+62
2387,PAX0002387,Gary,Garcia,M,1960-05-23,51-65,Indonesian,Platinum,2319,bartonpaige@example.net,+61
2388,PAX0002388,Rebecca,Vincent,F,1992-07-01,26-35,British,Silver,4594,pamelarodriguez@example.org,+65
2389,PAX0002389,Phyllis,Parsons,F,1970-06-06,51-65,Malaysian,None,6113,jpowell@example.org,+60
2390,PAX0002390,Lisa,Johnson,F,1978-02-22,36-50,Indonesian,None,5830,omoore@example.org,+61
2391,PAX0002391,Pamela,Compton,F,1981-07-03,36-50,Indonesian,None,2346,maygordon@example.org,+60
2392,PAX0002392,Justin,Vang,M,1971-06-15,51-65,Indonesian,Gold,912,abigailrobinson@example.net,+62
2393,PAX0002393,Lindsey,Cox,F,1995-06-24,26-35,Other,Silver,2815,rachelmeyer@example.net,+61
2394,PAX0002394,Peter,Huff,M,1988-07-30,36-50,Indonesian,None,769,maria56@example.net,+62
2395,PAX0002395,Vicki,Barrera,F,1958-05-30,65+,British,Silver,11040,jpeterson@example.org,+65
2396,PAX0002396,Kevin,Howard,M,1978-01-13,36-50,Australian,None,2122,ryanadams@example.net,+60
2397,PAX0002397,Laura,Cooper,F,1976-06-01,36-50,Indonesian,None,838,mcleanjay@example.net,+60
2398,PAX0002398,Rhonda,Garcia,F,1983-03-10,36-50,Indonesian,None,128,katieaguirre@example.com,+60
2399,PAX0002399,Gabrielle,Bradshaw,F,1989-04-13,26-35,Malaysian,Gold,5189,kingjames@example.com,+61
2400,PAX0002400,Joshua,Allen,M,1977-07-10,36-50,Indonesian,Silver,5065,melissa40@example.org,+62
2401,PAX0002401,Tyler,Mendoza,M,2007-01-17,18-25,Other,Gold,2082,aaroncontreras@example.net,+65
2402,PAX0002402,Lindsay,Solomon,F,1979-12-11,36-50,Indonesian,None,372,dbrown@example.org,+61
2403,PAX0002403,Veronica,Hughes,F,2007-02-15,18-25,Indonesian,None,2635,charlesbarnett@example.net,+61
2404,PAX0002404,Rodney,Morrow,M,1973-03-06,51-65,Other,Gold,1864,williamscarl@example.net,+61
2405,PAX0002405,Logan,Ramirez,M,1954-03-15,65+,Indonesian,Silver,5652,crystal15@example.org,+60
2406,PAX0002406,Jennifer,Thompson,F,1981-03-24,36-50,Singaporean,Platinum,4654,monicaavery@example.net,+60
2407,PAX0002407,Lori,Williams,F,1978-05-15,36-50,Indonesian,Silver,2267,jeffrey44@example.org,+60
2408,PAX0002408,Jeremiah,George,M,1984-02-04,36-50,Indonesian,None,1228,tmartin@example.com,+60
2409,PAX0002409,Molly,Hines,F,1959-11-26,51-65,Indonesian,None,22129,mpowers@example.org,+65
2410,PAX0002410,Alicia,Lindsey,F,1973-11-02,51-65,Malaysian,Silver,3025,ehardy@example.com,+60
2411,PAX0002411,William,Cunningham,M,1953-08-21,65+,Indonesian,None,5828,hammondjoseph@example.com,+60
2412,PAX0002412,Michael,Baker,M,1986-01-18,36-50,Indonesian,None,757,jameschavez@example.org,+62
2413,PAX0002413,Troy,Edwards,M,1959-06-03,51-65,Indonesian,None,3323,jamesmoon@example.com,+60
2414,PAX0002414,John,Ho,M,1957-10-16,65+,Indonesian,None,139,ksmith@example.net,+60
2415,PAX0002415,Blake,Martin,M,1957-04-23,65+,Other,Silver,3520,wrodriguez@example.com,+65
2416,PAX0002416,Roger,Petty,M,1966-08-02,51-65,Indonesian,Platinum,16623,david78@example.net,+60
2417,PAX0002417,James,Lee,M,1973-11-13,51-65,Indonesian,Platinum,2424,qjones@example.net,+65
2418,PAX0002418,Elizabeth,Watkins,F,1970-08-02,51-65,Indonesian,Platinum,198,michellemorris@example.org,+62
2419,PAX0002419,Elizabeth,Williams,F,1977-04-24,36-50,American,Silver,157,reynoldsjustin@example.org,+65
2420,PAX0002420,Jodi,Fleming,F,1966-06-27,51-65,Malaysian,None,2455,rossamanda@example.org,+65
2421,PAX0002421,Patrick,Porter,M,1981-11-30,36-50,Indonesian,None,871,rosejones@example.org,+65
2422,PAX0002422,Anna,Vasquez,F,1993-11-17,26-35,Indonesian,None,118,curtislee@example.net,+61
2423,PAX0002423,Christopher,Payne,M,1978-12-18,36-50,Indonesian,Gold,7057,rmueller@example.net,+61
2424,PAX0002424,David,Simmons,M,1980-03-11,36-50,Indonesian,None,3067,nancyryan@example.org,+60
2425,PAX0002425,Kaylee,Stephens,F,2008-02-08,18-25,Indonesian,None,1707,ricky53@example.net,+61
2426,PAX0002426,Joanna,Rodgers,F,2001-06-13,18-25,Indonesian,Platinum,11517,lfloyd@example.net,+62
2427,PAX0002427,Mallory,Powell,F,1999-05-02,18-25,Indonesian,None,617,chavezisabel@example.com,+60
2428,PAX0002428,David,Sullivan,M,1984-03-05,36-50,Singaporean,None,15608,michellesmith@example.org,+60
2429,PAX0002429,Joshua,Miller,M,1975-12-27,36-50,Australian,None,1884,henrysoto@example.com,+61
2430,PAX0002430,Christopher,Gay,M,1996-04-01,26-35,Indonesian,Gold,10964,alexis58@example.com,+61
2431,PAX0002431,Michael,Sullivan,M,1957-07-13,65+,Indonesian,None,4618,jessicamills@example.org,+62
2432,PAX0002432,Vicki,Taylor,F,1955-05-06,65+,Singaporean,Gold,8763,wnovak@example.net,+61
2433,PAX0002433,Kristin,Ferguson,F,1953-01-28,65+,British,None,20679,joe99@example.net,+62
2434,PAX0002434,Richard,Parrish,M,1970-01-17,51-65,Indonesian,Silver,1701,davidsellers@example.com,+61
2435,PAX0002435,Andrew,Jacobs,M,2004-09-20,18-25,Indonesian,Silver,16238,eileendaniels@example.net,+65
2436,PAX0002436,Michelle,King,F,1991-02-06,26-35,Singaporean,Silver,2467,deborah49@example.com,+62
2437,PAX0002437,Nancy,Hunt,F,2007-12-21,18-25,Singaporean,None,2434,hollandjustin@example.com,+62
2438,PAX0002438,Joshua,Ellis,M,1992-12-29,26-35,Indonesian,Gold,2080,dominguezscott@example.com,+62
2439,PAX0002439,David,Stephens,M,1962-07-30,51-65,Indonesian,None,3897,mmyers@example.net,+61
2440,PAX0002440,Valerie,Lopez,F,2002-09-24,18-25,Indonesian,None,837,xhill@example.org,+61
2441,PAX0002441,Amy,Burton,F,1992-03-05,26-35,Other,Gold,4033,isimpson@example.com,+60
2442,PAX0002442,Kimberly,Vincent,F,1976-07-22,36-50,British,Silver,3901,twagner@example.org,+61
2443,PAX0002443,Roy,Flores,M,2007-05-09,18-25,Singaporean,None,7175,troybrady@example.net,+65
2444,PAX0002444,Evan,Warren,M,1986-08-09,36-50,Indonesian,Silver,8968,rschneider@example.net,+65
2445,PAX0002445,Cynthia,Williams,F,2004-04-25,18-25,Indonesian,None,2903,nicole56@example.com,+62
2446,PAX0002446,Lisa,Jennings,F,1999-11-29,18-25,Indonesian,None,1800,johnsondavid@example.com,+61
2447,PAX0002447,Christopher,Francis,M,1987-04-05,36-50,Indonesian,Gold,1501,joseph28@example.com,+65
2448,PAX0002448,Kevin,Gonzalez,M,1981-09-28,36-50,Indonesian,None,1082,margaret94@example.org,+61
2449,PAX0002449,David,Lynn,M,1993-10-30,26-35,Singaporean,None,296,kristine33@example.net,+61
2450,PAX0002450,Timothy,Peterson,M,1989-05-10,26-35,American,None,2096,josecohen@example.com,+65
2451,PAX0002451,Kim,Morgan,F,1963-02-03,51-65,American,None,1575,vthompson@example.com,+62
2452,PAX0002452,Wayne,Jackson,M,1961-10-20,51-65,Indonesian,Gold,16968,mirandawalker@example.net,+65
2453,PAX0002453,Rachael,Wood,F,1991-10-06,26-35,American,Silver,4078,michelleayers@example.org,+62
2454,PAX0002454,Michael,Wood,M,1988-06-30,36-50,Malaysian,None,2133,lynntracy@example.com,+60
2455,PAX0002455,Tiffany,Hansen,F,1976-09-05,36-50,Malaysian,Gold,4343,bishopkatelyn@example.net,+60
2456,PAX0002456,Samantha,Walker,F,1969-12-10,51-65,American,None,749,kristopherhanson@example.net,+61
2457,PAX0002457,Samantha,Jones,F,1985-04-03,36-50,Other,Silver,2935,sloancarol@example.org,+65
2458,PAX0002458,Christina,Whitaker,F,1953-08-01,65+,Indonesian,None,4920,brandi40@example.org,+60
2459,PAX0002459,Helen,Foster,F,2007-06-16,18-25,Indonesian,None,3355,nguyenshawn@example.com,+65
2460,PAX0002460,Garrett,Rodriguez,M,2006-09-17,18-25,Indonesian,None,2568,michaelmercado@example.com,+61
2461,PAX0002461,Monica,Sampson,F,1982-10-10,36-50,Australian,Platinum,25455,allenronald@example.com,+65
2462,PAX0002462,Alan,Oliver,M,1953-07-05,65+,American,None,10614,heidischneider@example.org,+61
2463,PAX0002463,Tiffany,Sparks,F,1969-09-06,51-65,American,None,4882,parsonsgregory@example.com,+60
2464,PAX0002464,Joseph,Bright,M,1992-04-16,26-35,Indonesian,Silver,4212,mhoffman@example.net,+61
2465,PAX0002465,Bonnie,Woods,F,2007-03-17,18-25,Singaporean,Gold,4846,michael38@example.net,+65
2466,PAX0002466,Selena,Bailey,F,1988-05-08,36-50,Indonesian,None,1123,pamelamcconnell@example.net,+65
2467,PAX0002467,Thomas,Parsons,M,2005-06-14,18-25,Indonesian,None,2513,ubrown@example.net,+60
2468,PAX0002468,Jason,Webster,M,1984-11-08,36-50,Indonesian,None,201,kramirez@example.org,+65
2469,PAX0002469,Michael,Dixon,M,1983-12-03,36-50,Singaporean,Silver,3226,amber59@example.com,+62
2470,PAX0002470,Robert,Stewart,M,1975-02-22,36-50,Indonesian,None,3915,gregory24@example.net,+62
2471,PAX0002471,Tracy,Burnett,F,1958-06-20,65+,Australian,Silver,1292,bduke@example.org,+62
2472,PAX0002472,Abigail,Williams,F,2008-04-21,18-25,Indonesian,Silver,16625,lauriewatson@example.org,+61
2473,PAX0002473,Matthew,Hall,M,1990-04-17,26-35,British,Silver,12009,davidwiley@example.org,+61
2474,PAX0002474,Erika,Stewart,F,2004-10-14,18-25,Indonesian,Gold,6403,adammorgan@example.org,+65
2475,PAX0002475,Damon,Schultz,M,1985-11-25,36-50,Indonesian,Silver,3811,evelyncampbell@example.com,+62
2476,PAX0002476,Joseph,Jensen,M,2008-04-23,18-25,Indonesian,Silver,10199,twillis@example.com,+62
2477,PAX0002477,Jonathan,Jefferson,M,1960-03-12,51-65,Indonesian,None,700,rodneynolan@example.com,+60
2478,PAX0002478,Travis,Day,M,1999-05-06,18-25,Indonesian,Platinum,7815,julieanderson@example.net,+60
2479,PAX0002479,Michele,Calhoun,F,2000-08-30,18-25,Malaysian,None,666,jason18@example.org,+65
2480,PAX0002480,Robin,Zimmerman,F,2005-03-13,18-25,Indonesian,Silver,7904,mclaughlinjames@example.org,+60
2481,PAX0002481,Christina,Thomas,F,1958-12-27,65+,Singaporean,Silver,1613,simsclaire@example.org,+62
2482,PAX0002482,Nancy,Mcclure,F,1976-01-22,36-50,Other,Platinum,10481,robertburns@example.org,+62
2483,PAX0002483,Juan,Cooper,M,1999-03-22,18-25,Indonesian,None,14415,katiepowell@example.net,+60
2484,PAX0002484,Maurice,Thompson,M,1956-04-26,65+,Indonesian,Silver,805,rachelcastillo@example.com,+60
2485,PAX0002485,Paul,Cox,M,1968-02-09,51-65,Indonesian,None,3105,timothy62@example.net,+62
2486,PAX0002486,Erika,Montgomery,F,1952-08-13,65+,Other,Platinum,19813,qreyes@example.net,+62
2487,PAX0002487,Monica,Long,F,1966-10-19,51-65,Other,None,3302,jenniferhorne@example.net,+62
2488,PAX0002488,Christopher,Bryant,M,1982-04-17,36-50,Indonesian,Silver,9958,jamescobb@example.net,+60
2489,PAX0002489,Tammy,Rios,F,1965-03-06,51-65,Indonesian,Gold,4442,suehowe@example.com,+65
2490,PAX0002490,Christopher,Ray,M,1962-10-06,51-65,Other,None,2352,joycekeith@example.org,+65
2491,PAX0002491,Jessica,Murphy,F,2000-04-04,18-25,Malaysian,Silver,1682,bowmanjoel@example.net,+61
2492,PAX0002492,David,Jackson,M,1960-03-07,51-65,Indonesian,None,1135,jacqueline39@example.net,+65
2493,PAX0002493,Erica,Case,F,1964-03-21,51-65,Malaysian,Silver,7173,robert77@example.net,+62
2494,PAX0002494,Sonya,Robinson,F,2000-12-30,18-25,Indonesian,Silver,2443,broberts@example.net,+60
2495,PAX0002495,Debbie,King,F,1973-01-10,51-65,Indonesian,None,3579,ucarr@example.org,+62
2496,PAX0002496,Steven,Munoz,M,1962-09-03,51-65,Indonesian,Silver,3389,ksmith@example.org,+65
2497,PAX0002497,Andrea,Brown,F,1980-05-05,36-50,Australian,Gold,4305,elizabethcarlson@example.net,+62
2498,PAX0002498,Nathan,Lewis,M,1984-04-05,36-50,British,None,10033,devon88@example.org,+62
2499,PAX0002499,Chase,Burnett,M,1959-04-14,51-65,Indonesian,None,19748,taylormichael@example.net,+60
2500,PAX0002500,Nicholas,Brown,M,2004-03-11,18-25,Indonesian,Silver,2617,glenware@example.com,+65
2501,PAX0002501,Kristen,Obrien,F,2002-03-06,18-25,Indonesian,None,8787,gstone@example.net,+62
2502,PAX0002502,Gregory,Clark,M,1980-03-22,36-50,Indonesian,Platinum,7230,elizabeth52@example.org,+65
2503,PAX0002503,Kimberly,Glass,F,1993-10-08,26-35,Malaysian,Gold,4261,harrisjoshua@example.com,+65
2504,PAX0002504,Tammy,Brewer,F,1966-06-21,51-65,Malaysian,Platinum,15623,daniel15@example.org,+60
2505,PAX0002505,Shane,Duncan,M,1964-09-07,51-65,Indonesian,None,1118,johnsonedward@example.net,+62
2506,PAX0002506,Richard,Blair,M,1961-10-15,51-65,Indonesian,None,578,elizabeth14@example.org,+61
2507,PAX0002507,Destiny,Parrish,F,1982-12-01,36-50,Indonesian,Platinum,9619,brianmorrow@example.org,+65
2508,PAX0002508,Jennifer,Harrison,F,1989-08-17,26-35,Australian,None,2891,gloriaporter@example.net,+60
2509,PAX0002509,Charles,Williams,M,1958-03-25,65+,Indonesian,None,9385,jessicawilson@example.org,+61
2510,PAX0002510,Sharon,Bradshaw,F,1958-06-05,65+,Other,None,11178,wortiz@example.net,+62
2511,PAX0002511,Amy,Obrien,F,1959-11-23,51-65,Indonesian,None,322,wilsonpatrick@example.org,+62
2512,PAX0002512,Thomas,Williams,M,1959-03-16,51-65,Indonesian,Silver,10747,griffinjennifer@example.net,+61
2513,PAX0002513,Timothy,Wolf,M,2000-12-03,18-25,British,None,2973,jamesdean@example.net,+62
2514,PAX0002514,Andrew,Armstrong,M,1964-12-17,51-65,Indonesian,None,3571,njames@example.net,+61
2515,PAX0002515,Matthew,Gibson,M,1951-04-22,65+,Malaysian,None,4925,kimberly12@example.com,+60
2516,PAX0002516,Brian,Mitchell,M,1962-05-18,51-65,American,Gold,13044,igarrett@example.com,+60
2517,PAX0002517,Laura,Nguyen,F,1950-12-27,65+,Japanese,Silver,96,edwardmitchell@example.org,+62
2518,PAX0002518,Sara,Vargas,F,1951-07-23,65+,Malaysian,Silver,3239,virginia56@example.org,+61
2519,PAX0002519,Patrick,Rios,M,2005-07-18,18-25,Japanese,Silver,5819,jennifercarroll@example.com,+60
2520,PAX0002520,Peggy,Silva,F,1959-02-12,51-65,Indonesian,Silver,6413,frankjeremy@example.com,+60
2521,PAX0002521,Charles,Lee,M,1958-06-20,65+,Other,None,5896,andrea85@example.com,+65
2522,PAX0002522,Phillip,Anderson,M,1971-04-13,51-65,American,None,721,greencharles@example.net,+60
2523,PAX0002523,Christopher,Thomas,M,2003-05-16,18-25,Other,Gold,1779,bconrad@example.org,+60
2524,PAX0002524,Lisa,Mendoza,F,1975-01-06,36-50,Singaporean,None,2221,kramirez@example.net,+60
2525,PAX0002525,Amy,Higgins,F,1992-07-17,26-35,Indonesian,None,8159,reynoldsmichelle@example.org,+62
2526,PAX0002526,Darren,Martinez,M,1978-06-14,36-50,Indonesian,Silver,1633,amanda15@example.com,+60
2527,PAX0002527,Troy,Moore,M,1968-02-27,51-65,Indonesian,None,1183,walkerjennifer@example.com,+62
2528,PAX0002528,Danielle,Martinez,F,1952-08-05,65+,Indonesian,None,15785,rebecca67@example.net,+65
2529,PAX0002529,Margaret,Richardson,F,2002-09-06,18-25,Indonesian,Platinum,44,cindy57@example.net,+60
2530,PAX0002530,Paula,Bailey,F,1996-06-19,26-35,Other,None,30644,ronald23@example.com,+60
2531,PAX0002531,Sarah,Taylor,F,1983-01-10,36-50,Indonesian,None,5647,steven01@example.org,+65
2532,PAX0002532,Anthony,Wilson,M,1988-02-27,36-50,Indonesian,Silver,8814,williamsanthony@example.net,+62
2533,PAX0002533,Jason,Hall,M,2004-04-28,18-25,Indonesian,None,1745,wross@example.org,+61
2534,PAX0002534,Candice,Black,F,1983-09-01,36-50,Indonesian,Silver,72,blacklisa@example.net,+62
2535,PAX0002535,Jo,Hernandez,F,1975-04-26,36-50,Other,None,6694,oneilldaniel@example.com,+60
2536,PAX0002536,Antonio,Miller,M,1998-04-27,26-35,Singaporean,None,8983,ortizcristian@example.org,+62
2537,PAX0002537,Michelle,Cook,F,1981-10-29,36-50,Indonesian,None,6744,hesskeith@example.net,+65
2538,PAX0002538,Katherine,Gonzalez,F,1969-02-21,51-65,Singaporean,Gold,770,tthompson@example.org,+61
2539,PAX0002539,Alan,Graham,M,1952-01-30,65+,Singaporean,Gold,7000,amanda85@example.com,+65
2540,PAX0002540,Michael,Carlson,M,1979-05-18,36-50,Indonesian,Gold,7325,hjohnson@example.net,+60
2541,PAX0002541,Felicia,Cooke,F,1950-10-06,65+,American,None,5372,catherinemoore@example.com,+60
2542,PAX0002542,Ryan,Preston,M,1967-09-10,51-65,Indonesian,None,7264,fmorrow@example.com,+65
2543,PAX0002543,Austin,Allen,M,1990-03-18,26-35,Indonesian,None,9351,hollyalvarez@example.org,+60
2544,PAX0002544,Veronica,Powell,F,1954-04-24,65+,Other,None,4754,vgarcia@example.net,+62
2545,PAX0002545,Alexander,Jones,M,1990-06-30,26-35,Indonesian,Platinum,463,williamsbrianna@example.net,+62
2546,PAX0002546,Caleb,King,M,1982-03-13,36-50,Other,Platinum,3343,curryjose@example.org,+61
2547,PAX0002547,Randy,Arnold,M,1987-05-28,36-50,British,Silver,404,audrey53@example.net,+62
2548,PAX0002548,Andrea,Mueller,F,1998-07-21,26-35,Malaysian,Silver,2617,scottchelsea@example.org,+60
2549,PAX0002549,Leah,Lucas,F,2005-05-13,18-25,Indonesian,Silver,2613,znoble@example.net,+65
2550,PAX0002550,Wanda,Fowler,F,1986-05-28,36-50,Indonesian,Gold,341,gonzalezbrittany@example.net,+60
2551,PAX0002551,Robert,Reyes,M,1958-07-30,65+,Indonesian,Silver,2144,curtis61@example.org,+62
2552,PAX0002552,John,Cisneros,M,1965-02-09,51-65,Indonesian,Platinum,588,rcastillo@example.org,+61
2553,PAX0002553,Sandra,Gill,F,1966-04-08,51-65,Indonesian,Silver,8257,vwhite@example.net,+62
2554,PAX0002554,Mckenzie,Larson,F,1985-06-19,36-50,Malaysian,Silver,14752,forbessean@example.org,+61
2555,PAX0002555,Michelle,Bartlett,F,1954-12-14,65+,Indonesian,Gold,375,nicolecharles@example.net,+65
2556,PAX0002556,Alexander,Mcdonald,M,1959-11-21,51-65,Australian,None,15518,iweiss@example.org,+65
2557,PAX0002557,Ann,Brown,F,1957-08-01,65+,Japanese,None,3696,donnahopkins@example.net,+62
2558,PAX0002558,Matthew,Green,M,2005-01-19,18-25,Indonesian,Silver,1780,younggabrielle@example.net,+65
2559,PAX0002559,Kayla,Gordon,F,1989-04-15,26-35,Singaporean,Gold,399,hlester@example.org,+65
2560,PAX0002560,Tonya,Simon,F,1980-08-21,36-50,Indonesian,None,3471,sarah80@example.org,+60
2561,PAX0002561,Tanya,Shannon,F,1987-08-04,36-50,Australian,None,7911,amanda21@example.com,+62
2562,PAX0002562,Kelly,Mclaughlin,F,1974-08-15,36-50,Indonesian,None,6139,ashleyalexander@example.net,+62
2563,PAX0002563,Jeffrey,Smith,M,1975-10-30,36-50,Indonesian,Silver,257,bryanjohnson@example.net,+61
2564,PAX0002564,Jennifer,Flores,F,1953-07-30,65+,Indonesian,None,378,poolehector@example.org,+65
2565,PAX0002565,Kristine,Evans,F,1976-04-08,36-50,Indonesian,Gold,2578,pdavis@example.net,+60
2566,PAX0002566,Timothy,Dixon,M,1956-02-10,65+,Other,None,1749,lcraig@example.com,+60
2567,PAX0002567,Carmen,Santiago,F,2004-04-01,18-25,American,Silver,1322,stevengoodwin@example.net,+61
2568,PAX0002568,Tara,Woods,F,1996-01-02,26-35,Australian,Silver,1649,adamsbrianna@example.org,+65
2569,PAX0002569,Bruce,Conway,M,1998-12-09,26-35,Indonesian,None,8135,tylerrodney@example.com,+60
2570,PAX0002570,Amanda,Lam,F,1979-06-17,36-50,Indonesian,None,13241,gregorymitchell@example.net,+60
2571,PAX0002571,Justin,Cook,M,1988-01-15,36-50,Indonesian,None,2596,xgomez@example.com,+62
2572,PAX0002572,Rebecca,Ballard,F,1989-12-06,26-35,Indonesian,None,11828,owhite@example.org,+65
2573,PAX0002573,Timothy,Miles,M,1991-07-19,26-35,Indonesian,Platinum,1939,mary66@example.net,+65
2574,PAX0002574,Michelle,Walls,F,1967-04-25,51-65,Indonesian,Silver,3235,cjohnson@example.net,+60
2575,PAX0002575,Christian,Wallace,M,1971-08-26,51-65,Indonesian,None,1281,anngarcia@example.org,+60
2576,PAX0002576,Vicki,Kelly,F,1961-04-08,51-65,Indonesian,None,5114,margaretrussell@example.net,+65
2577,PAX0002577,Beth,Shaw,F,1987-08-06,36-50,Other,None,19311,josephross@example.net,+62
2578,PAX0002578,Darren,Williams,M,1984-07-16,36-50,Malaysian,None,4625,qtaylor@example.com,+65
2579,PAX0002579,Christian,Archer,M,1983-01-09,36-50,Indonesian,Platinum,2214,eguzman@example.com,+65
2580,PAX0002580,Marcus,Brown,M,1951-11-23,65+,Indonesian,Gold,5218,charles19@example.net,+60
2581,PAX0002581,Hunter,Campos,M,1967-04-16,51-65,Indonesian,Platinum,655,yolandamarks@example.net,+61
2582,PAX0002582,Ashley,Lewis,F,1978-02-11,36-50,Indonesian,Gold,10975,vkline@example.org,+60
2583,PAX0002583,Andrew,Scott,M,1967-04-24,51-65,Malaysian,Platinum,3496,moraleskimberly@example.net,+62
2584,PAX0002584,Susan,Ward,F,1951-11-20,65+,American,None,2983,karen72@example.com,+62
2585,PAX0002585,Luis,Patterson,M,1958-11-14,65+,Other,Silver,4407,marksheidi@example.com,+62
2586,PAX0002586,Rachel,Butler,F,1952-04-25,65+,Japanese,Silver,4901,harrisonjoy@example.net,+65
2587,PAX0002587,Raymond,Martinez,M,1954-11-02,65+,Indonesian,Silver,372,brooke98@example.net,+60
2588,PAX0002588,Kimberly,Huber,F,1953-03-28,65+,Singaporean,Silver,5738,clinesteven@example.net,+62
2589,PAX0002589,Anne,Miller,F,1960-04-16,51-65,American,None,1384,robert13@example.com,+62
2590,PAX0002590,Cathy,Foster,F,1992-10-03,26-35,Indonesian,Silver,6257,ivalentine@example.com,+62
2591,PAX0002591,Matthew,Williamson,M,1992-05-05,26-35,Indonesian,Silver,8644,hollyperkins@example.net,+65
2592,PAX0002592,Joshua,Collins,M,1992-06-26,26-35,Indonesian,None,8147,sbradley@example.org,+65
2593,PAX0002593,Gina,Green,F,1972-08-31,51-65,Indonesian,None,4020,linda01@example.org,+62
2594,PAX0002594,Chad,George,M,1992-02-26,26-35,Indonesian,None,3671,brianmcdaniel@example.com,+65
2595,PAX0002595,David,Mcfarland,M,1974-12-24,36-50,Indonesian,Silver,770,bellchad@example.org,+61
2596,PAX0002596,Michael,Brown,M,1979-02-21,36-50,Singaporean,None,7465,uclark@example.org,+65
2597,PAX0002597,Vanessa,Holland,F,1978-05-07,36-50,British,Gold,1583,robertsonjordan@example.com,+61
2598,PAX0002598,Amy,Washington,F,1991-03-10,26-35,Japanese,None,3432,johnsondiana@example.net,+60
2599,PAX0002599,Renee,Evans,F,1970-11-19,51-65,Indonesian,None,1672,harold46@example.com,+60
2600,PAX0002600,Sharon,Floyd,F,1996-10-30,26-35,Other,None,718,areynolds@example.org,+61
2601,PAX0002601,Richard,Baker,M,1972-08-20,51-65,Indonesian,Platinum,4965,wilkinssarah@example.com,+62
2602,PAX0002602,Sharon,Burns,F,1979-03-21,36-50,Malaysian,Silver,279,bmorgan@example.net,+61
2603,PAX0002603,Rachel,Parker,F,1981-01-21,36-50,Singaporean,Silver,6904,tami38@example.net,+62
2604,PAX0002604,Jessica,Sanchez,F,1952-05-11,65+,Indonesian,None,1910,jonathan66@example.org,+61
2605,PAX0002605,Cody,Barnes,M,1993-07-03,26-35,Singaporean,None,0,brian65@example.net,+60
2606,PAX0002606,Hannah,Schaefer,F,1991-10-13,26-35,Indonesian,None,3578,nealemma@example.org,+61
2607,PAX0002607,Bailey,Hernandez,F,1963-02-06,51-65,American,None,239,sylviayates@example.com,+65
2608,PAX0002608,Melissa,Wells,F,1982-12-11,36-50,Singaporean,None,1615,utaylor@example.net,+61
2609,PAX0002609,Jeanette,Garcia,F,1954-12-22,65+,Indonesian,Gold,6137,juanlucero@example.org,+65
2610,PAX0002610,Thomas,Christian,M,1975-09-28,36-50,Other,Silver,323,amanda86@example.org,+60
2611,PAX0002611,Philip,Krause,M,1950-10-23,65+,Singaporean,None,9142,rodriguezbrianna@example.com,+62
2612,PAX0002612,Michelle,Frey,F,1983-02-20,36-50,Indonesian,Silver,19,jamesmiller@example.net,+60
2613,PAX0002613,Stephen,Howard,M,1990-12-01,26-35,Malaysian,Silver,1417,galvanjoshua@example.org,+60
2614,PAX0002614,Jason,Baker,M,1999-04-09,18-25,Other,Gold,6752,daniellecoleman@example.org,+61
2615,PAX0002615,Brian,Martin,M,2000-02-06,18-25,Indonesian,None,1900,allisonperez@example.com,+60
2616,PAX0002616,Crystal,Reed,F,1973-09-04,51-65,Indonesian,Silver,537,idelacruz@example.org,+65
2617,PAX0002617,Julian,Beltran,M,1981-10-11,36-50,Indonesian,None,2233,miguelbaker@example.net,+62
2618,PAX0002618,Emily,Martinez,F,1962-04-16,51-65,Japanese,None,1576,wesleyjohns@example.com,+60
2619,PAX0002619,Nicole,Dodson,F,2004-08-15,18-25,Indonesian,Silver,9248,johnsonshirley@example.com,+65
2620,PAX0002620,Matthew,Mitchell,M,1971-03-08,51-65,Indonesian,None,1879,jmorgan@example.org,+61
2621,PAX0002621,Sheryl,Rodriguez,F,2007-12-06,18-25,Indonesian,Silver,7777,ericmarquez@example.com,+60
2622,PAX0002622,Randy,Mendez,M,1969-10-26,51-65,Indonesian,Silver,11122,nfleming@example.net,+61
2623,PAX0002623,William,Hayes,M,2005-11-22,18-25,Indonesian,Gold,2844,pduran@example.net,+65
2624,PAX0002624,Matthew,Gregory,M,1970-05-13,51-65,Australian,Gold,12036,tracyjohnson@example.net,+65
2625,PAX0002625,Jamie,Jackson,F,1987-01-24,36-50,Japanese,None,2368,hurstmichael@example.org,+62
2626,PAX0002626,Kimberly,Solis,F,1994-12-20,26-35,Indonesian,None,16632,lawsonpaul@example.org,+60
2627,PAX0002627,Amanda,Murphy,F,2006-08-25,18-25,Indonesian,None,467,arthurlynch@example.org,+65
2628,PAX0002628,Michelle,Shaw,F,1972-07-04,51-65,Singaporean,None,5808,josephenglish@example.com,+65
2629,PAX0002629,Crystal,Torres,F,2008-01-31,18-25,Indonesian,None,3404,hodgemichelle@example.net,+61
2630,PAX0002630,Ashley,Jones,F,2000-10-08,18-25,Australian,Silver,2452,galexander@example.com,+61
2631,PAX0002631,Taylor,Kirby,M,1985-05-20,36-50,Singaporean,None,5008,vanessa44@example.com,+65
2632,PAX0002632,Tina,Green,F,1995-12-27,26-35,Indonesian,Silver,6084,ibrown@example.org,+60
2633,PAX0002633,Kimberly,Ward,F,2006-02-26,18-25,Indonesian,Silver,21,alvarezchristine@example.com,+62
2634,PAX0002634,Richard,Rodriguez,M,1998-05-04,26-35,Singaporean,None,913,john91@example.org,+61
2635,PAX0002635,Jesus,Shaw,M,1986-11-29,36-50,Indonesian,None,6242,morgan69@example.net,+61
2636,PAX0002636,Jeffery,Willis,M,1989-10-24,26-35,Indonesian,None,5488,nicoleduran@example.net,+61
2637,PAX0002637,Elizabeth,Galloway,F,1954-07-16,65+,Australian,Gold,16913,iriley@example.com,+62
2638,PAX0002638,Denise,Cole,F,1957-07-07,65+,Malaysian,Silver,7157,jonhall@example.org,+62
2639,PAX0002639,Victoria,Fernandez,F,1999-12-29,18-25,Malaysian,Gold,15056,lpage@example.com,+61
2640,PAX0002640,Summer,Decker,F,1959-05-22,51-65,Indonesian,Silver,6062,brittanymartin@example.org,+60
2641,PAX0002641,Laura,Garcia,F,1966-08-10,51-65,Malaysian,Silver,1769,gallowaydonna@example.com,+62
2642,PAX0002642,James,Montoya,M,1952-06-09,65+,Indonesian,None,556,tonyaholmes@example.net,+65
2643,PAX0002643,Michael,Hawkins,M,1953-10-02,65+,Indonesian,Silver,7612,garymartinez@example.org,+65
2644,PAX0002644,Cody,Thompson,M,1951-05-29,65+,Indonesian,Platinum,5166,smithheather@example.com,+62
2645,PAX0002645,Jessica,Wilson,F,1981-10-13,36-50,Indonesian,Silver,246,romerocrystal@example.net,+61
2646,PAX0002646,Thomas,Rhodes,M,1988-05-15,36-50,Australian,Silver,2231,jmartinez@example.org,+61
2647,PAX0002647,Edward,Watson,M,2006-01-17,18-25,Indonesian,None,15709,robertssamantha@example.org,+60
2648,PAX0002648,Donna,Flores,F,1988-01-10,36-50,Indonesian,Silver,3469,daniellemiller@example.net,+60
2649,PAX0002649,Anthony,Olson,M,2001-10-11,18-25,Indonesian,Silver,2834,xlogan@example.net,+65
2650,PAX0002650,Brenda,Edwards,F,1994-01-17,26-35,Indonesian,None,3059,lcline@example.com,+61
2651,PAX0002651,Michael,Davis,M,2007-01-05,18-25,Other,Platinum,1171,gonzalezkendra@example.org,+65
2652,PAX0002652,Russell,Powell,M,1981-06-29,36-50,Indonesian,Gold,2299,adamroth@example.com,+62
2653,PAX0002653,Tiffany,Chapman,F,1972-10-22,51-65,Indonesian,None,2308,vflowers@example.org,+62
2654,PAX0002654,Angel,Reynolds,M,1997-04-12,26-35,Indonesian,None,268,fhenderson@example.org,+62
2655,PAX0002655,Susan,Long,F,1951-04-13,65+,Indonesian,None,7295,kerry11@example.net,+61
2656,PAX0002656,Steven,Bender,M,2007-08-09,18-25,Indonesian,Silver,2693,aaron78@example.com,+65
2657,PAX0002657,Jennifer,Meyers,F,1957-03-27,65+,Singaporean,Platinum,8634,kelsey70@example.net,+60
2658,PAX0002658,Alexis,Mejia,F,1992-04-03,26-35,Japanese,Gold,9497,russellkelley@example.com,+60
2659,PAX0002659,Brenda,Ferguson,F,1988-02-02,36-50,Singaporean,None,1191,mmoore@example.com,+60
2660,PAX0002660,Alan,Young,M,2003-10-22,18-25,Indonesian,None,5355,hgrant@example.net,+65
2661,PAX0002661,Bailey,Rice,F,1988-11-21,36-50,Indonesian,Silver,3195,eharrington@example.com,+65
2662,PAX0002662,Jacqueline,Garza,F,1952-06-23,65+,Indonesian,Gold,10607,michaelanthony@example.net,+60
2663,PAX0002663,Stephanie,Johnson,F,1981-04-26,36-50,Indonesian,None,1215,davidharding@example.org,+65
2664,PAX0002664,Stanley,Gallagher,M,1979-10-06,36-50,Indonesian,Gold,5663,shawn89@example.net,+65
2665,PAX0002665,Shane,James,M,2006-12-11,18-25,Indonesian,Gold,4679,tiffany80@example.net,+60
2666,PAX0002666,Timothy,Everett,M,1975-06-22,36-50,American,None,1749,gward@example.com,+61
2667,PAX0002667,Julia,Bryant,F,1958-05-29,65+,Malaysian,None,734,lambertdevin@example.com,+62
2668,PAX0002668,Lance,Bowers,M,1976-08-06,36-50,Singaporean,None,5272,weaverlaura@example.net,+61
2669,PAX0002669,Brianna,Davis,F,1987-12-01,36-50,Indonesian,Gold,6708,bcase@example.com,+60
2670,PAX0002670,Christopher,Morrison,M,1962-06-10,51-65,American,Gold,1896,lcook@example.org,+65
2671,PAX0002671,Amy,Mann,F,1980-12-18,36-50,Malaysian,Gold,5175,jennifer54@example.org,+61
2672,PAX0002672,Samantha,Reed,F,1957-07-21,65+,Malaysian,None,2513,nathan05@example.com,+62
2673,PAX0002673,Katie,Smith,F,2003-06-09,18-25,Malaysian,None,6244,davidkane@example.com,+60
2674,PAX0002674,April,Andrews,F,2006-11-28,18-25,Australian,None,1110,brownreginald@example.net,+61
2675,PAX0002675,Jason,Sampson,M,1973-09-04,51-65,Singaporean,Gold,11046,ijackson@example.com,+65
2676,PAX0002676,Sharon,Braun,F,2008-01-27,18-25,Indonesian,Platinum,1694,samanthacarr@example.net,+62
2677,PAX0002677,Douglas,Brown,M,2003-12-26,18-25,Indonesian,Silver,2292,hmeyer@example.org,+62
2678,PAX0002678,Melissa,Love,F,1961-05-05,51-65,Indonesian,Platinum,299,christopherchaney@example.org,+60
2679,PAX0002679,Todd,Daniels,M,1976-11-23,36-50,Singaporean,None,591,adam10@example.com,+60
2680,PAX0002680,Margaret,Mullins,F,1988-08-31,36-50,Indonesian,Platinum,3626,davisautumn@example.org,+60
2681,PAX0002681,Cassandra,Marshall,F,1991-12-07,26-35,Singaporean,Platinum,1557,zavaladiane@example.com,+62
2682,PAX0002682,Jessica,Adkins,F,1963-01-17,51-65,Other,Silver,9023,manningjeremy@example.com,+61
2683,PAX0002683,Robert,Taylor,M,1954-01-06,65+,Indonesian,Gold,74,johnsonchad@example.com,+62
2684,PAX0002684,Erik,Smith,M,1990-10-16,26-35,Indonesian,Silver,2382,sscott@example.net,+65
2685,PAX0002685,Shawn,Berry,M,1956-04-15,65+,British,None,2057,anna54@example.org,+61
2686,PAX0002686,Matthew,Salinas,M,2005-07-24,18-25,Indonesian,Silver,97,jgutierrez@example.net,+62
2687,PAX0002687,Sharon,Jenkins,F,1964-11-28,51-65,Indonesian,Silver,664,brookeramirez@example.com,+65
2688,PAX0002688,Brian,Huff,M,2002-07-08,18-25,Indonesian,Silver,2669,chunglaura@example.net,+60
2689,PAX0002689,William,Harris,M,1960-01-02,51-65,American,Silver,3394,lisa13@example.net,+60
2690,PAX0002690,Benjamin,Scott,M,2003-01-10,18-25,Other,None,2590,hernandezkim@example.net,+62
2691,PAX0002691,Jamie,Cohen,M,1991-12-15,26-35,Indonesian,Gold,3785,mcdonaldkenneth@example.net,+65
2692,PAX0002692,Jessica,Warren,F,1974-11-20,36-50,Indonesian,None,4520,matthewhull@example.com,+60
2693,PAX0002693,Antonio,Atkins,M,1986-06-15,36-50,Malaysian,None,49,bwilliams@example.com,+62
2694,PAX0002694,Leah,Robinson,F,1963-07-30,51-65,Indonesian,None,3118,patricia88@example.org,+60
2695,PAX0002695,Elizabeth,Thompson,F,1987-08-17,36-50,Singaporean,Silver,16552,patrickjarvis@example.net,+61
2696,PAX0002696,Edward,Herman,M,2008-03-22,18-25,Indonesian,None,3659,riverabrian@example.com,+62
2697,PAX0002697,Michael,Long,M,1969-03-22,51-65,Indonesian,Silver,5658,wharvey@example.org,+62
2698,PAX0002698,Tyler,Moore,M,1975-03-06,36-50,Japanese,None,1868,jessicasmith@example.org,+60
2699,PAX0002699,Taylor,Barrera,F,1987-03-13,36-50,Indonesian,Silver,7435,daniel74@example.net,+65
2700,PAX0002700,Mary,Greene,F,1952-04-07,65+,British,Silver,7412,corymiller@example.org,+65
2701,PAX0002701,Richard,Pugh,M,1981-11-17,36-50,Indonesian,None,3683,burkegloria@example.org,+60
2702,PAX0002702,Robert,Padilla,M,1972-09-30,51-65,Indonesian,Silver,18651,dfleming@example.net,+61
2703,PAX0002703,Christopher,Schultz,M,1998-03-18,26-35,British,None,670,xlove@example.org,+65
2704,PAX0002704,Robert,Randolph,M,1971-11-02,51-65,Other,None,85,flemingwhitney@example.org,+61
2705,PAX0002705,Brandy,Kim,F,1995-10-09,26-35,Indonesian,None,7351,kristen95@example.org,+60
2706,PAX0002706,Brooke,Butler,F,1951-02-10,65+,Australian,Silver,8229,millerdaniel@example.org,+65
2707,PAX0002707,Timothy,Knox,M,1999-05-09,18-25,Other,Silver,640,tammy94@example.com,+65
2708,PAX0002708,Steven,Morgan,M,1993-07-08,26-35,Other,None,1543,fcampbell@example.org,+60
2709,PAX0002709,Jeremy,Lee,M,2002-06-13,18-25,Indonesian,Platinum,88,stevenpierce@example.com,+60
2710,PAX0002710,Patrick,Craig,M,1998-08-04,26-35,Indonesian,None,1735,mcintyreelizabeth@example.org,+65
2711,PAX0002711,Alexandra,Long,F,1953-09-01,65+,Indonesian,Platinum,7417,taramejia@example.org,+65
2712,PAX0002712,Melissa,Riley,F,1964-03-23,51-65,Indonesian,Silver,3648,ramirezdavid@example.org,+60
2713,PAX0002713,Jessica,Hunter,F,1964-12-27,51-65,Malaysian,Platinum,2139,caleb84@example.net,+60
2714,PAX0002714,Theodore,Moses,M,1992-02-19,26-35,Singaporean,Gold,2324,nicole92@example.net,+62
2715,PAX0002715,Gregory,Brady,M,1974-11-01,36-50,Indonesian,None,6,gina52@example.org,+62
2716,PAX0002716,James,Johnson,M,1974-12-25,36-50,American,None,1781,kstuart@example.net,+61
2717,PAX0002717,Mathew,Sanders,M,1951-04-13,65+,Australian,None,5198,jhahn@example.org,+61
2718,PAX0002718,Kimberly,Love,F,1955-05-29,65+,Australian,None,18285,xbaker@example.net,+65
2719,PAX0002719,Whitney,Mason,F,1966-11-01,51-65,Malaysian,Silver,9388,jenniferhuber@example.net,+61
2720,PAX0002720,Laura,Roberts,F,1963-08-02,51-65,Indonesian,Platinum,119,michelle00@example.com,+65
2721,PAX0002721,Jimmy,Blake,M,1983-10-16,36-50,Indonesian,Gold,11441,matthewsmith@example.org,+61
2722,PAX0002722,Gregory,Smith,M,1993-06-17,26-35,Indonesian,None,7643,ylewis@example.com,+60
2723,PAX0002723,Carlos,Myers,M,1967-10-02,51-65,Other,Silver,7579,daniel84@example.org,+65
2724,PAX0002724,Antonio,Lopez,M,1990-01-02,26-35,Malaysian,Gold,3062,jefferywalker@example.com,+62
2725,PAX0002725,Benjamin,Mclaughlin,M,1956-11-15,65+,Indonesian,Gold,2537,duncandawn@example.com,+60
2726,PAX0002726,Megan,Kelly,F,2007-06-25,18-25,Indonesian,None,1804,walshsusan@example.net,+65
2727,PAX0002727,Jordan,Sanchez,M,1978-07-26,36-50,American,None,339,oliviawilson@example.com,+62
2728,PAX0002728,Jeremy,Norton,M,1977-02-08,36-50,Indonesian,None,1295,campbellerika@example.com,+62
2729,PAX0002729,Paul,Ferrell,M,1973-02-15,51-65,Indonesian,Silver,1415,kmorris@example.org,+60
2730,PAX0002730,Christopher,Mclaughlin,M,1956-05-12,65+,Indonesian,None,3308,zcollins@example.org,+61
2731,PAX0002731,Tiffany,Allen,F,1966-02-09,51-65,Malaysian,Platinum,6880,lauradyer@example.org,+61
2732,PAX0002732,Jacqueline,Meyer,F,1981-07-13,36-50,Malaysian,Gold,3210,scotttonya@example.org,+62
2733,PAX0002733,Linda,Smith,F,1997-09-05,26-35,Indonesian,Gold,297,zwilson@example.com,+65
2734,PAX0002734,Carla,Reeves,F,2007-09-06,18-25,Australian,Gold,15825,whiteryan@example.org,+61
2735,PAX0002735,Maria,Franklin,F,1957-02-16,65+,Indonesian,None,14299,carlosmeadows@example.net,+62
2736,PAX0002736,Caleb,Berry,M,2003-11-10,18-25,American,None,7689,rsharp@example.com,+65
2737,PAX0002737,Anna,Rodriguez,F,1988-11-16,36-50,Indonesian,Silver,23738,gordonjason@example.com,+62
2738,PAX0002738,Krista,Miller,F,1973-01-02,51-65,American,Silver,3931,ashley77@example.org,+65
2739,PAX0002739,Melissa,James,F,1998-04-19,26-35,Indonesian,None,16452,fletcherkaren@example.com,+61
2740,PAX0002740,John,Cannon,M,1966-06-23,51-65,Indonesian,Silver,393,carloswerner@example.net,+61
2741,PAX0002741,Jordan,Perkins,M,1960-11-28,51-65,Indonesian,None,2276,lindahill@example.com,+61
2742,PAX0002742,Matthew,Cowan,M,1954-01-10,65+,Indonesian,Platinum,1276,garywebster@example.org,+65
2743,PAX0002743,Anthony,Arnold,M,1950-06-23,65+,Indonesian,Silver,1089,amanda32@example.net,+62
2744,PAX0002744,Amy,Davis,F,1960-12-21,51-65,Japanese,None,758,tony43@example.net,+62
2745,PAX0002745,Tammy,Dalton,F,1959-05-09,51-65,Japanese,None,4869,jonesterri@example.com,+60
2746,PAX0002746,Lance,Gonzalez,M,1989-09-04,26-35,Singaporean,None,7600,nunezjill@example.net,+61
2747,PAX0002747,Cameron,Walters,M,1951-04-13,65+,Indonesian,Platinum,4317,hilljennifer@example.org,+61
2748,PAX0002748,Sarah,Anderson,F,1965-04-18,51-65,Australian,None,794,ijimenez@example.net,+60
2749,PAX0002749,David,Robbins,M,1957-06-01,65+,Singaporean,Gold,8333,roachkatherine@example.net,+61
2750,PAX0002750,Jennifer,Mercado,F,1956-10-03,65+,Japanese,Silver,5052,mking@example.org,+60
2751,PAX0002751,William,Brown,M,1996-10-24,26-35,Japanese,Platinum,2456,sarahgonzales@example.com,+61
2752,PAX0002752,James,Richards,M,1974-08-10,36-50,Indonesian,None,5606,davidjones@example.org,+60
2753,PAX0002753,Christopher,George,M,1994-09-29,26-35,Indonesian,Silver,1504,rfleming@example.net,+61
2754,PAX0002754,Julie,Gray,F,1955-06-06,65+,Indonesian,None,2117,valenciaerik@example.net,+62
2755,PAX0002755,Colleen,Raymond,F,1986-07-09,36-50,Indonesian,None,12473,bakermegan@example.net,+60
2756,PAX0002756,Samantha,Jones,F,1987-03-22,36-50,Indonesian,Silver,1716,jmyers@example.net,+62
2757,PAX0002757,Rebecca,Harris,F,1955-12-01,65+,Indonesian,None,3174,barnesalexis@example.org,+62
2758,PAX0002758,Jennifer,Dyer,F,1975-05-12,36-50,Indonesian,Silver,11042,zskinner@example.com,+62
2759,PAX0002759,Sherri,Williams,F,2001-08-23,18-25,Australian,Silver,6150,jackiespears@example.org,+61
2760,PAX0002760,Jose,Long,M,1989-03-15,26-35,Indonesian,Silver,321,bruce94@example.com,+65
2761,PAX0002761,Matthew,Alexander,M,1970-11-04,51-65,Singaporean,None,796,mmyers@example.net,+60
2762,PAX0002762,Lindsey,Lopez,F,1971-03-24,51-65,Other,Silver,39,ashleycooper@example.com,+65
2763,PAX0002763,Lindsey,Jackson,F,1994-06-08,26-35,Indonesian,None,4983,davidjackson@example.org,+62
2764,PAX0002764,Stephen,Wilson,M,1979-12-01,36-50,Singaporean,Silver,2968,tanya43@example.com,+62
2765,PAX0002765,Brenda,Poole,F,1995-09-05,26-35,Indonesian,Silver,720,shelley85@example.com,+60
2766,PAX0002766,Brittany,Shelton,F,1996-03-23,26-35,Indonesian,None,15842,fergusontrevor@example.net,+60
2767,PAX0002767,Luke,Singh,M,1997-02-27,26-35,British,None,3771,phernandez@example.net,+62
2768,PAX0002768,Terry,Dawson,M,1971-07-26,51-65,Singaporean,Platinum,1384,mbaker@example.net,+65
2769,PAX0002769,Robert,Clay,M,1973-06-13,51-65,Indonesian,None,3471,stacey25@example.net,+61
2770,PAX0002770,Holly,Young,F,1954-04-24,65+,Australian,Gold,5691,joseharris@example.org,+60
2771,PAX0002771,Michael,Jones,M,2005-06-09,18-25,Singaporean,Platinum,396,melinda87@example.com,+60
2772,PAX0002772,Jacqueline,Higgins,F,1952-04-18,65+,Indonesian,None,1605,michelle69@example.net,+61
2773,PAX0002773,Jonathan,Flynn,M,1968-09-01,51-65,Indonesian,None,8224,umatthews@example.com,+60
2774,PAX0002774,Raymond,Valenzuela,M,1999-07-05,18-25,Indonesian,None,3077,stacey53@example.com,+60
2775,PAX0002775,Justin,Ritter,M,1975-08-15,36-50,Indonesian,None,3954,phillip98@example.com,+61
2776,PAX0002776,Amy,Clark,F,2005-04-20,18-25,Singaporean,None,2835,david25@example.com,+61
2777,PAX0002777,Alison,Wolfe,F,1975-07-26,36-50,American,None,224,armstrongsara@example.net,+60
2778,PAX0002778,Katie,Briggs,F,1971-03-29,51-65,Indonesian,None,906,kathleencarlson@example.com,+61
2779,PAX0002779,Teresa,Johnston,F,2003-12-01,18-25,Indonesian,Silver,2948,cturner@example.org,+61
2780,PAX0002780,Sarah,Allen,F,1958-01-26,65+,Indonesian,Silver,1173,rberg@example.org,+62
2781,PAX0002781,Isabel,Love,F,1966-09-12,51-65,Singaporean,None,256,bakerpaul@example.com,+65
2782,PAX0002782,Yolanda,Mckay,F,1953-12-22,65+,Indonesian,Gold,9278,johnmerritt@example.com,+61
2783,PAX0002783,Audrey,Frank,F,2005-12-17,18-25,Indonesian,Silver,19867,jason07@example.net,+65
2784,PAX0002784,Connie,Townsend,F,1978-06-22,36-50,Singaporean,None,7878,damonsolomon@example.org,+62
2785,PAX0002785,Kimberly,Parks,F,1952-06-07,65+,Singaporean,None,9613,simpsonalyssa@example.com,+65
2786,PAX0002786,Brenda,Martinez,F,1961-10-04,51-65,American,None,1385,jessica71@example.net,+62
2787,PAX0002787,Fernando,Clark,M,1969-07-03,51-65,Indonesian,None,16173,jocelyn26@example.net,+62
2788,PAX0002788,Julia,Adams,F,2004-08-30,18-25,Indonesian,None,1096,fwilliams@example.org,+61
2789,PAX0002789,Traci,Kane,F,1994-02-19,26-35,Indonesian,None,15123,holtrobert@example.com,+60
2790,PAX0002790,Samantha,Walker,F,2000-11-18,18-25,Australian,Silver,26314,iford@example.net,+60
2791,PAX0002791,Jennifer,Nguyen,F,1979-08-27,36-50,Indonesian,None,6219,jamessmith@example.com,+61
2792,PAX0002792,Maria,Williams,F,1954-08-10,65+,Japanese,None,19854,lisa78@example.org,+65
2793,PAX0002793,Tanya,Richardson,F,1952-01-25,65+,Indonesian,Silver,4214,johnsonsamantha@example.com,+60
2794,PAX0002794,Cassandra,Anderson,F,1996-10-30,26-35,Malaysian,Silver,1502,jacob73@example.org,+62
2795,PAX0002795,Allison,Turner,F,1979-05-05,36-50,Singaporean,None,2872,hammondjeff@example.com,+61
2796,PAX0002796,Renee,Benson,F,1986-05-25,36-50,Indonesian,None,4501,cholder@example.org,+65
2797,PAX0002797,Craig,Dean,M,1958-09-01,65+,Singaporean,Silver,379,jenna86@example.org,+62
2798,PAX0002798,Alyssa,Newman,F,1999-06-12,18-25,Other,None,4868,wbowers@example.org,+65
2799,PAX0002799,James,Gilbert,M,1999-05-01,18-25,Singaporean,None,19863,reneehernandez@example.org,+62
2800,PAX0002800,Melissa,Briggs,F,1993-12-09,26-35,Indonesian,Silver,1054,hollylee@example.net,+61
2801,PAX0002801,Lawrence,Smith,M,1991-06-15,26-35,British,None,7865,melissa35@example.org,+60
2802,PAX0002802,Darrell,Simmons,M,1959-03-09,51-65,Indonesian,Platinum,11924,teresa76@example.org,+65
2803,PAX0002803,Kristen,Stevens,F,1953-09-21,65+,Indonesian,None,14385,pauljimenez@example.org,+62
2804,PAX0002804,Jonathan,Moore,M,2002-06-01,18-25,Singaporean,None,16111,patrickgarcia@example.com,+61
2805,PAX0002805,Christopher,Garcia,M,1958-11-16,65+,Japanese,Platinum,3685,patriciagrant@example.net,+62
2806,PAX0002806,Tonya,Mccarthy,F,1993-05-29,26-35,British,Platinum,18928,owade@example.com,+65
2807,PAX0002807,Pamela,Ferguson,F,1998-07-14,26-35,Malaysian,None,7079,kimberly73@example.com,+62
2808,PAX0002808,Nicole,Anderson,F,1980-07-06,36-50,British,Platinum,881,tinabrandt@example.net,+61
2809,PAX0002809,Charles,Martin,M,1960-10-15,51-65,Japanese,Platinum,3239,walterskaren@example.com,+62
2810,PAX0002810,Zachary,Reed,M,1967-08-30,51-65,Indonesian,Gold,6335,jenniferortega@example.net,+62
2811,PAX0002811,Shannon,White,F,1993-05-09,26-35,Japanese,Gold,1420,richard62@example.net,+62
2812,PAX0002812,Christine,Douglas,F,1973-05-12,51-65,Indonesian,Platinum,5116,oallen@example.net,+61
2813,PAX0002813,Sharon,Sanchez,F,1982-12-22,36-50,Japanese,None,5492,schmidtjoseph@example.net,+60
2814,PAX0002814,John,Garcia,M,2004-05-09,18-25,Malaysian,None,887,adamcaldwell@example.org,+60
2815,PAX0002815,Travis,Barton,M,1988-06-04,36-50,American,Gold,4163,eddie13@example.com,+65
2816,PAX0002816,Jennifer,Brown,F,1962-04-08,51-65,Indonesian,Silver,7383,elizabeth39@example.net,+62
2817,PAX0002817,Mary,Hughes,F,1982-08-13,36-50,American,None,3454,jessica70@example.com,+65
2818,PAX0002818,Darlene,Jones,F,1972-01-23,51-65,Indonesian,Silver,60,sharonkeller@example.com,+60
2819,PAX0002819,Jessica,Le,F,1956-04-11,65+,Malaysian,Silver,45,joneskatie@example.net,+62
2820,PAX0002820,Gary,Nelson,M,1973-09-05,51-65,Indonesian,None,2208,johnstonnicholas@example.org,+65
2821,PAX0002821,Erica,Payne,F,1990-08-09,26-35,Singaporean,Silver,13031,linda07@example.org,+60
2822,PAX0002822,Chad,King,M,2005-08-05,18-25,Singaporean,None,1298,qbray@example.org,+61
2823,PAX0002823,Lisa,Pearson,F,1955-03-26,65+,Indonesian,Gold,5030,taylordorothy@example.org,+65
2824,PAX0002824,Benjamin,Harris,M,1971-04-26,51-65,Singaporean,Gold,1255,karenjordan@example.net,+60
2825,PAX0002825,Joel,Knight,M,1977-11-07,36-50,Indonesian,None,1940,ksullivan@example.net,+60
2826,PAX0002826,Daniel,Martin,M,1982-09-08,36-50,Singaporean,None,9420,obarry@example.org,+61
2827,PAX0002827,Lindsay,Townsend,F,2004-09-08,18-25,Singaporean,None,6525,samuelprice@example.org,+60
2828,PAX0002828,Tyler,Dominguez,M,1981-09-20,36-50,Singaporean,Silver,501,awong@example.com,+60
2829,PAX0002829,Sara,Boyle,F,1966-07-15,51-65,British,None,2799,james91@example.net,+65
2830,PAX0002830,Janet,Parker,F,2002-10-15,18-25,Indonesian,Gold,148,mckayemily@example.net,+62
2831,PAX0002831,George,Hall,M,1993-09-26,26-35,Indonesian,None,3278,brandonmartinez@example.org,+65
2832,PAX0002832,Ryan,Hampton,M,1974-05-06,36-50,Indonesian,Gold,5429,raguirre@example.com,+62
2833,PAX0002833,Mark,Marsh,M,1988-09-15,36-50,Indonesian,None,630,timothy00@example.org,+62
2834,PAX0002834,Walter,Marshall,M,1979-01-12,36-50,Australian,None,1704,kyle67@example.com,+62
2835,PAX0002835,Laura,Watkins,F,1970-08-27,51-65,Singaporean,Platinum,2536,nicole16@example.org,+62
2836,PAX0002836,Stephanie,Simmons,F,1976-08-20,36-50,Singaporean,Silver,12599,scottmark@example.org,+62
2837,PAX0002837,David,Edwards,M,1978-01-25,36-50,Indonesian,Silver,24994,thomasjohnson@example.net,+65
2838,PAX0002838,Vanessa,Cunningham,F,1976-09-01,36-50,Japanese,None,229,sydneyalexander@example.org,+65
2839,PAX0002839,Keith,Howard,M,1993-08-08,26-35,Malaysian,None,7156,nwalker@example.org,+62
2840,PAX0002840,Jacqueline,Owens,F,1997-09-01,26-35,Singaporean,None,2323,whitemichael@example.org,+65
2841,PAX0002841,Christopher,Gutierrez,M,1986-05-23,36-50,American,None,2491,ronaldyoung@example.org,+60
2842,PAX0002842,Lucas,Hendricks,M,1971-10-05,51-65,Indonesian,None,7017,cheryl54@example.com,+61
2843,PAX0002843,Jessica,Evans,F,1995-02-18,26-35,Indonesian,Gold,12531,karen43@example.com,+62
2844,PAX0002844,Deanna,Jones,F,1998-08-23,26-35,Japanese,None,15072,cheryl69@example.net,+61
2845,PAX0002845,David,Lawson,M,1990-06-24,26-35,Indonesian,None,4303,joshua74@example.org,+62
2846,PAX0002846,Stanley,Wiley,M,1989-07-07,26-35,Singaporean,None,2208,andre82@example.org,+62
2847,PAX0002847,Amber,Murphy,F,1965-09-02,51-65,British,None,7745,uanderson@example.com,+61
2848,PAX0002848,Timothy,Mcneil,M,1999-08-18,18-25,Singaporean,Silver,1445,cory21@example.org,+61
2849,PAX0002849,Kenneth,Anderson,M,2002-02-16,18-25,Indonesian,None,4151,dariusmendoza@example.org,+60
2850,PAX0002850,Erin,Lam,F,1982-12-25,36-50,Singaporean,None,2220,james65@example.com,+61
2851,PAX0002851,Rebecca,Anderson,F,1982-07-21,36-50,Other,None,5344,benjaminsmith@example.com,+65
2852,PAX0002852,Lacey,Charles,F,1969-04-27,51-65,Indonesian,Silver,1374,jhickman@example.net,+60
2853,PAX0002853,Courtney,Brown,F,1991-12-19,26-35,Indonesian,Gold,1063,thomasjo@example.com,+65
2854,PAX0002854,Brandy,Wilson,F,1957-08-25,65+,Indonesian,Gold,12519,zcook@example.com,+61
2855,PAX0002855,Michelle,Myers,F,1986-05-17,36-50,Indonesian,None,536,brandi70@example.net,+61
2856,PAX0002856,Tricia,Miller,F,1979-09-02,36-50,Indonesian,Gold,3525,sherylgreen@example.com,+60
2857,PAX0002857,Edwin,Green,M,1987-12-29,36-50,Indonesian,None,1247,randy31@example.org,+65
2858,PAX0002858,Timothy,Pierce,M,1965-07-22,51-65,Indonesian,None,198,dyerkenneth@example.org,+61
2859,PAX0002859,Ronald,Moore,M,1963-05-10,51-65,Malaysian,Platinum,183,arthurwright@example.com,+65
2860,PAX0002860,Edward,Baker,M,1981-07-11,36-50,Indonesian,None,963,dianasmith@example.org,+61
2861,PAX0002861,Jerry,Riley,M,1995-07-13,26-35,British,Silver,10078,iharrington@example.org,+65
2862,PAX0002862,Kristen,Valenzuela,F,1952-08-13,65+,Other,Platinum,1659,jennifer29@example.com,+61
2863,PAX0002863,Nicole,Chung,F,1976-05-07,36-50,Indonesian,None,15024,oliviavaldez@example.net,+60
2864,PAX0002864,Valerie,Kim,F,1995-06-27,26-35,Indonesian,None,4356,caleb43@example.org,+60
2865,PAX0002865,Christine,Flores,F,1970-12-13,51-65,Indonesian,None,2868,jeremybauer@example.com,+61
2866,PAX0002866,Carla,Briggs,F,1953-08-02,65+,Indonesian,Platinum,4338,robert52@example.com,+62
2867,PAX0002867,Gabrielle,Wiggins,F,2001-07-16,18-25,Indonesian,Gold,3635,jamesanderson@example.org,+61
2868,PAX0002868,Rebecca,Smith,F,1992-10-29,26-35,Indonesian,Silver,7110,taylorrichard@example.org,+65
2869,PAX0002869,Christine,Smith,F,1965-01-21,51-65,Indonesian,None,1659,robinsonjon@example.com,+60
2870,PAX0002870,Andrea,Schwartz,F,1980-05-26,36-50,Japanese,None,2177,xlogan@example.org,+65
2871,PAX0002871,Scott,Thomas,M,1980-03-02,36-50,Singaporean,None,11226,wlynch@example.com,+60
2872,PAX0002872,Steven,Brown,M,1967-05-06,51-65,Indonesian,None,14636,darlene30@example.org,+61
2873,PAX0002873,Susan,Navarro,F,1962-03-02,51-65,Other,Platinum,11154,lisa23@example.org,+61
2874,PAX0002874,Denise,Hardin,F,1965-02-22,51-65,Indonesian,Platinum,2718,brandonfernandez@example.com,+61
2875,PAX0002875,Travis,Marsh,M,1955-01-10,65+,Indonesian,Silver,7578,davisjennifer@example.org,+60
2876,PAX0002876,Rebecca,Carter,F,1995-06-09,26-35,Indonesian,None,3234,brian64@example.net,+61
2877,PAX0002877,Joel,Parsons,M,1987-07-31,36-50,American,None,3441,deckerthomas@example.net,+61
2878,PAX0002878,Jon,Summers,M,1997-05-31,26-35,British,Silver,1145,yrodriguez@example.net,+65
2879,PAX0002879,Timothy,Williams,M,1962-11-02,51-65,Indonesian,None,4471,danielle38@example.com,+60
2880,PAX0002880,Rachel,Harrison,F,1960-11-16,51-65,Malaysian,None,1029,matthewbrennan@example.org,+62
2881,PAX0002881,Brittney,George,F,1962-08-19,51-65,Other,None,2014,paul84@example.net,+61
2882,PAX0002882,Thomas,Hardy,M,1967-09-23,51-65,Indonesian,None,9656,staceywashington@example.net,+61
2883,PAX0002883,Jocelyn,Hammond,F,1963-02-28,51-65,Indonesian,Silver,1160,bauercory@example.org,+60
2884,PAX0002884,Veronica,Wilson,F,1956-03-29,65+,Singaporean,Platinum,369,cchurch@example.org,+65
2885,PAX0002885,Gregory,Barker,M,1997-10-25,26-35,Singaporean,None,357,vaguirre@example.net,+61
2886,PAX0002886,Michael,Macdonald,M,1953-10-17,65+,British,None,14132,gibsonbrandon@example.com,+60
2887,PAX0002887,Michael,Yates,M,1970-03-21,51-65,Singaporean,Platinum,3535,carmengomez@example.net,+60
2888,PAX0002888,Lisa,Benson,F,1992-07-17,26-35,Indonesian,None,2633,carlymoss@example.org,+62
2889,PAX0002889,Brian,Thompson,M,1984-01-04,36-50,Singaporean,Platinum,8326,vdougherty@example.com,+62
2890,PAX0002890,Daniel,Gibson,M,1967-05-23,51-65,Japanese,Gold,9034,andrewvincent@example.org,+62
2891,PAX0002891,Ashley,Thompson,F,1960-03-19,51-65,Singaporean,Platinum,2018,gina49@example.net,+62
2892,PAX0002892,Sarah,Lee,F,1976-06-03,36-50,Japanese,None,5914,jodysmith@example.net,+65
2893,PAX0002893,Christie,Cherry,F,2005-12-14,18-25,Indonesian,Silver,7372,kevin04@example.net,+60
2894,PAX0002894,Kelly,Romero,F,2007-08-06,18-25,Indonesian,Silver,5315,alexander70@example.org,+61
2895,PAX0002895,Scott,Austin,M,1951-02-04,65+,Indonesian,None,821,rcannon@example.com,+61
2896,PAX0002896,Logan,Golden,M,1955-04-01,65+,Indonesian,None,10432,kristinwest@example.com,+65
2897,PAX0002897,Michaela,White,F,1992-11-06,26-35,British,Silver,3872,nwalters@example.org,+60
2898,PAX0002898,Natalie,Gutierrez,F,1991-01-25,26-35,Malaysian,None,1659,jackson77@example.com,+60
2899,PAX0002899,Christopher,Barr,M,2004-06-23,18-25,Indonesian,None,2768,andresmiller@example.com,+60
2900,PAX0002900,Joshua,Thomas,M,1974-02-28,36-50,Indonesian,Silver,191,anthonywood@example.net,+62
2901,PAX0002901,Chris,Mitchell,M,1961-02-13,51-65,Indonesian,Platinum,684,morrismichelle@example.com,+60
2902,PAX0002902,Amanda,Vargas,F,1965-04-02,51-65,American,Silver,7252,katherine96@example.org,+65
2903,PAX0002903,Dana,Barnett,F,1980-01-21,36-50,Indonesian,Platinum,0,debbiejackson@example.net,+65
2904,PAX0002904,Edward,Gallagher,M,1999-07-29,18-25,Australian,None,2694,bradbennett@example.com,+61
2905,PAX0002905,David,Robertson,M,1995-07-12,26-35,British,None,3696,colton31@example.org,+61
2906,PAX0002906,Joshua,York,M,1994-12-11,26-35,Indonesian,None,280,nelsonamanda@example.org,+61
2907,PAX0002907,Scott,Brown,M,1998-04-29,26-35,Indonesian,None,18074,thompsonedwin@example.org,+62
2908,PAX0002908,Billy,Curry,M,2003-08-13,18-25,Other,Silver,1281,dawsonamanda@example.com,+62
2909,PAX0002909,Jason,Porter,M,1987-05-17,36-50,Australian,None,1813,aevans@example.org,+61
2910,PAX0002910,Lauren,Schmidt,F,2002-05-09,18-25,Australian,None,1811,angela06@example.com,+65
2911,PAX0002911,Paul,Hood,M,1971-03-10,51-65,Other,Gold,1309,williamspaul@example.net,+60
2912,PAX0002912,Suzanne,Jimenez,F,1984-08-02,36-50,Indonesian,None,7,usanchez@example.net,+61
2913,PAX0002913,Ricardo,Moyer,M,1972-08-30,51-65,Indonesian,Gold,6534,zcampbell@example.net,+61
2914,PAX0002914,Reginald,Wilson,M,1971-07-17,51-65,Indonesian,Platinum,17032,nramsey@example.com,+62
2915,PAX0002915,Catherine,Bishop,F,1995-03-16,26-35,Other,Silver,1269,lstokes@example.org,+65
2916,PAX0002916,Clayton,Torres,M,1963-07-19,51-65,Malaysian,Gold,5439,williamsfrank@example.com,+61
2917,PAX0002917,Daniel,Kaufman,M,1986-08-03,36-50,Other,None,6771,jessica89@example.net,+60
2918,PAX0002918,Brandon,Huffman,M,1958-01-03,65+,Indonesian,None,9433,whernandez@example.com,+62
2919,PAX0002919,Leon,Davila,M,1990-05-31,26-35,Indonesian,None,2746,barbara81@example.net,+61
2920,PAX0002920,Jose,Gonzalez,M,1961-05-04,51-65,Indonesian,Gold,1804,brownnancy@example.com,+60
2921,PAX0002921,Alisha,Watts,F,1978-04-13,36-50,Singaporean,Gold,1967,jasminbrown@example.com,+61
2922,PAX0002922,Paul,Ryan,M,1963-10-12,51-65,Indonesian,Silver,6234,amylopez@example.org,+65
2923,PAX0002923,Frank,Williams,M,1950-08-27,65+,Indonesian,Platinum,8485,josephmercado@example.org,+65
2924,PAX0002924,Michael,Mcconnell,M,1987-10-23,36-50,Indonesian,None,1002,sarakirby@example.net,+60
2925,PAX0002925,Mary,Cunningham,F,1962-01-09,51-65,Singaporean,None,2317,brownraymond@example.net,+62
2926,PAX0002926,Carly,Ellis,F,1979-10-21,36-50,Indonesian,None,11610,omahoney@example.org,+65
2927,PAX0002927,Kristi,Preston,F,2007-10-25,18-25,Indonesian,None,8217,nnunez@example.org,+65
2928,PAX0002928,John,Mccullough,M,2005-10-27,18-25,Indonesian,None,20951,wagnercynthia@example.net,+65
2929,PAX0002929,Thomas,Brady,M,1987-04-19,36-50,Indonesian,None,7017,dthompson@example.org,+61
2930,PAX0002930,Jessica,Torres,F,1967-04-04,51-65,Other,Gold,2497,smithcharles@example.org,+61
2931,PAX0002931,Jonathan,Moore,M,1995-07-26,26-35,British,Gold,4465,jenniferhernandez@example.net,+62
2932,PAX0002932,Sarah,Simon,F,1987-03-06,36-50,Indonesian,Gold,5408,michaellopez@example.net,+60
2933,PAX0002933,Nicholas,Brown,M,1991-03-25,26-35,Indonesian,Silver,408,wnguyen@example.net,+62
2934,PAX0002934,Alicia,Cisneros,F,1998-01-18,26-35,Indonesian,Gold,3931,gsnyder@example.net,+65
2935,PAX0002935,Jay,Soto,M,1953-05-07,65+,Indonesian,None,6177,margaret20@example.net,+65
2936,PAX0002936,Joseph,Chase,M,1987-01-07,36-50,Malaysian,Silver,915,john19@example.org,+61
2937,PAX0002937,Lisa,Huber,F,1982-03-06,36-50,American,None,7585,murraywesley@example.org,+65
2938,PAX0002938,Tracy,Barnes,F,1974-05-15,36-50,Indonesian,Silver,4382,amberevans@example.net,+60
2939,PAX0002939,Cassandra,Lowe,F,1984-03-30,36-50,Malaysian,Silver,15205,jacquelinebennett@example.net,+60
2940,PAX0002940,James,Cruz,M,2006-04-30,18-25,Indonesian,None,216,cherylgomez@example.org,+65
2941,PAX0002941,Franklin,Harris,M,1959-10-23,51-65,Australian,Gold,1541,matthewwalker@example.com,+62
2942,PAX0002942,Jeffrey,Fields,M,1996-01-24,26-35,Other,None,4600,irojas@example.net,+62
2943,PAX0002943,Alexander,Adams,M,1991-10-03,26-35,Indonesian,None,1758,nthomas@example.com,+61
2944,PAX0002944,Leslie,Shea,F,1979-03-07,36-50,British,None,6266,duranaudrey@example.com,+61
2945,PAX0002945,Alison,Smith,F,1983-05-11,36-50,Other,None,7114,rparker@example.com,+60
2946,PAX0002946,Kristin,Jennings,F,1967-09-27,51-65,Indonesian,None,540,richard18@example.org,+60
2947,PAX0002947,Lisa,Gordon,F,2005-01-06,18-25,Other,None,3606,daniel73@example.com,+60
2948,PAX0002948,Judy,Acevedo,F,2007-06-24,18-25,Australian,None,3555,jamie98@example.net,+62
2949,PAX0002949,Yolanda,Carter,F,1957-08-29,65+,Australian,None,2304,bakerleslie@example.net,+60
2950,PAX0002950,Mary,Robertson,F,1961-09-25,51-65,Singaporean,Platinum,13509,uliu@example.org,+65
2951,PAX0002951,Russell,Downs,M,1958-06-10,65+,Indonesian,None,8786,raymondwoodward@example.org,+62
2952,PAX0002952,James,Tran,M,1977-05-22,36-50,Singaporean,None,5973,smithamy@example.com,+60
2953,PAX0002953,Sandra,Howard,F,1986-10-10,36-50,Indonesian,Silver,6264,carrilloaaron@example.net,+62
2954,PAX0002954,Justin,Golden,M,1989-05-24,26-35,Indonesian,Platinum,3096,riverakevin@example.net,+65
2955,PAX0002955,David,Larson,M,1987-11-22,36-50,British,None,12691,vgreen@example.org,+62
2956,PAX0002956,Gregory,Joyce,M,1988-01-18,36-50,Australian,None,5930,alexisschaefer@example.com,+65
2957,PAX0002957,Jacob,Smith,M,2004-01-14,18-25,Japanese,None,6527,lewiserin@example.net,+65
2958,PAX0002958,Peter,Powell,M,1976-12-15,36-50,Indonesian,None,9891,deanna05@example.com,+65
2959,PAX0002959,Brent,Green,M,1970-04-26,51-65,British,Gold,1601,margaretirwin@example.net,+65
2960,PAX0002960,Stephanie,Phillips,F,2007-11-15,18-25,British,None,8227,ghudson@example.com,+61
2961,PAX0002961,Susan,Valdez,F,1999-06-16,18-25,Indonesian,Silver,1086,pmartin@example.org,+61
2962,PAX0002962,Ashley,Christensen,F,1952-07-08,65+,Indonesian,None,2118,swatson@example.org,+60
2963,PAX0002963,David,Ellison,M,1953-08-19,65+,Indonesian,Silver,2044,stephanie42@example.net,+60
2964,PAX0002964,Todd,Long,M,1990-11-26,26-35,American,Silver,19204,elizabeth68@example.com,+62
2965,PAX0002965,Thomas,Martin,M,2006-02-02,18-25,Australian,None,9708,graykristin@example.org,+61
2966,PAX0002966,Franklin,Cooper,M,1958-05-05,65+,Australian,Gold,6039,ibrennan@example.com,+65
2967,PAX0002967,Patricia,Lopez,F,1979-05-07,36-50,Japanese,Silver,6492,davidsmith@example.org,+61
2968,PAX0002968,Timothy,Holland,M,1965-01-20,51-65,Indonesian,None,4128,scott04@example.com,+65
2969,PAX0002969,Karen,Price,F,1971-04-22,51-65,Indonesian,None,14695,gail55@example.net,+65
2970,PAX0002970,Kyle,Nguyen,M,1965-07-22,51-65,Indonesian,Silver,3428,charleslisa@example.net,+60
2971,PAX0002971,Erik,Burns,M,1965-09-19,51-65,Singaporean,Silver,2394,monteskarl@example.net,+62
2972,PAX0002972,Colleen,Martin,F,1974-01-20,36-50,Indonesian,None,889,smithjohn@example.org,+62
2973,PAX0002973,Cathy,Davis,F,1995-03-13,26-35,Indonesian,Gold,7713,noblekimberly@example.org,+60
2974,PAX0002974,Margaret,Schultz,F,2003-05-23,18-25,Other,None,6629,bsimpson@example.com,+60
2975,PAX0002975,Marvin,Dennis,M,1986-11-15,36-50,Singaporean,None,2425,angela58@example.com,+65
2976,PAX0002976,Catherine,Barnett,F,1962-01-10,51-65,Australian,None,127,erinreed@example.net,+62
2977,PAX0002977,Brian,Wilson,M,1971-09-01,51-65,Other,Silver,9131,tracy91@example.com,+60
2978,PAX0002978,Anthony,Hendricks,M,1954-12-03,65+,British,Silver,57,coxcarol@example.com,+61
2979,PAX0002979,Jordan,Adams,F,1980-11-22,36-50,Indonesian,None,6081,kathyfowler@example.com,+60
2980,PAX0002980,Brenda,Gonzales,F,2002-12-14,18-25,American,Silver,17575,daniel71@example.com,+60
2981,PAX0002981,Elizabeth,Shaffer,F,1989-11-25,26-35,Malaysian,None,2878,sgonzalez@example.net,+60
2982,PAX0002982,Andrew,Hall,M,1964-03-20,51-65,Indonesian,Silver,1339,walkerdavid@example.org,+61
2983,PAX0002983,Bradley,Cobb,M,1979-01-23,36-50,Singaporean,None,6101,johnnewman@example.net,+61
2984,PAX0002984,Jessica,Johnson,F,1962-10-17,51-65,Indonesian,Gold,8494,lhunter@example.net,+61
2985,PAX0002985,Heather,Thompson,F,1955-01-16,65+,Singaporean,Gold,3953,sgonzalez@example.net,+61
2986,PAX0002986,Clinton,Sutton,M,1979-12-24,36-50,Singaporean,Silver,17061,hunter74@example.com,+62
2987,PAX0002987,Ronald,Lewis,M,1972-08-16,51-65,Indonesian,Gold,265,jessica78@example.org,+60
2988,PAX0002988,Kayla,Boyer,F,1957-04-20,65+,Japanese,Silver,3513,roger73@example.com,+62
2989,PAX0002989,Sheila,Crawford,F,1969-05-23,51-65,Singaporean,None,6337,yramos@example.org,+61
2990,PAX0002990,Robert,Chapman,M,1990-09-17,26-35,Other,Gold,9925,benitezjeffrey@example.com,+61
2991,PAX0002991,Kevin,Johnston,M,1959-09-08,51-65,Indonesian,None,987,bsoto@example.com,+60
2992,PAX0002992,Anthony,Matthews,M,1973-08-17,51-65,Indonesian,None,8047,norrisdaniel@example.net,+62
2993,PAX0002993,Kristen,Castillo,F,1990-12-03,26-35,British,None,4022,schmidtjesus@example.net,+60
2994,PAX0002994,Gina,Davis,F,1998-08-19,26-35,Other,None,2525,fernandezrobert@example.net,+61
2995,PAX0002995,Tanner,Jackson,M,1970-02-28,51-65,Indonesian,Silver,706,peter88@example.com,+60
2996,PAX0002996,Paul,Santana,M,1992-07-13,26-35,Indonesian,Gold,10023,caguilar@example.org,+60
2997,PAX0002997,Susan,Watson,F,1988-07-27,36-50,Australian,Gold,855,tmurphy@example.net,+65
2998,PAX0002998,Nicole,Martinez,F,1974-02-09,36-50,British,None,1853,kirbybrett@example.org,+65
2999,PAX0002999,Jessica,Silva,F,1955-04-04,65+,Japanese,None,1712,wilkinskevin@example.net,+62
3000,PAX0003000,Margaret,Solomon,F,1963-02-26,51-65,Indonesian,None,10255,droach@example.org,+65
