profile_key,passenger_id,frequent_flyer_num,preferred_seat,preferred_meal,special_assistance,marketing_consent,lifetime_segments_flown,lifetime_miles_earned,customer_segment,scd_effective_date,scd_expiry_date,scd_current_flag,scd_version
1,PAX0000001,FF00000001,Window,Halal,Wheelchair,False,13,47789,Student,2022-01-01,9999-12-31,True,1
2,PAX0000002,FF00000002,Aisle,Vegetarian,WCHR,False,3,29414,Business Traveler,2022-01-01,2023-03-31,False,1
3002,PAX0000002,FF00000002,Aisle,Vegetarian,WCHR,False,17,49304,Family,2023-04-01,9999-12-31,True,2
3,PAX0000003,FF00000003,No Preference,Child,None,True,10,53662,Senior,2022-01-01,9999-12-31,True,1
4,PAX0000004,FF00000004,Window,Standard,None,False,28,366,Student,2022-01-01,2023-03-31,False,1
3004,PAX0000004,FF00000004,Window,Standard,None,False,44,11866,Student,2023-04-01,9999-12-31,True,2
5,PAX0000005,FF00000005,Aisle,Standard,Wheelchair,False,13,1596,Family,2022-01-01,9999-12-31,True,1
6,PAX0000006,FF00000006,Window,Vegan,Wheelchair,True,9,10174,Family,2022-01-01,2023-03-31,False,1
3006,PAX0000006,FF00000006,Window,Vegan,Wheelchair,True,14,23275,Student,2023-04-01,9999-12-31,True,2
7,PAX0000007,FF00000007,No Preference,Vegetarian,None,True,4,13060,Senior,2022-01-01,9999-12-31,True,1
8,PAX0000008,FF00000008,Window,Halal,None,True,11,12196,Family,2022-01-01,9999-12-31,True,1
9,PAX0000009,FF00000009,No Preference,Child,WCHC,True,15,15551,Senior,2022-01-01,2023-03-31,False,1
3009,PAX0000009,FF00000009,No Preference,Child,WCHC,True,32,30827,Family,2023-04-01,9999-12-31,True,2
10,PAX0000010,FF00000010,Aisle,None,None,False,0,45940,Student,2022-01-01,9999-12-31,True,1
11,PAX0000011,FF00000011,Window,Halal,None,True,4,17009,Leisure,2022-01-01,9999-12-31,True,1
12,PAX0000012,FF00000012,No Preference,Vegetarian,None,True,13,12124,Business Traveler,2022-01-01,9999-12-31,True,1
13,PAX0000013,FF00000013,No Preference,None,None,False,0,14048,Business Traveler,2022-01-01,9999-12-31,True,1
14,PAX0000014,FF00000014,No Preference,Halal,None,True,34,30794,Senior,2022-01-01,9999-12-31,True,1
15,PAX0000015,FF00000015,Aisle,Child,None,False,13,30013,Business Traveler,2022-01-01,9999-12-31,True,1
16,PAX0000016,FF00000016,No Preference,Vegan,None,True,2,16255,Student,2022-01-01,9999-12-31,True,1
17,PAX0000017,FF00000017,Window,None,None,False,16,3206,Family,2022-01-01,9999-12-31,True,1
18,PAX0000018,FF00000018,Window,None,None,False,3,9702,Leisure,2022-01-01,9999-12-31,True,1
19,PAX0000019,FF00000019,Aisle,Halal,None,False,6,117918,Student,2022-01-01,9999-12-31,True,1
20,PAX0000020,FF00000020,No Preference,Vegan,None,False,0,21937,Business Traveler,2022-01-01,9999-12-31,True,1
21,PAX0000021,FF00000021,Aisle,Child,None,True,2,105881,Family,2022-01-01,2023-03-31,False,1
3021,PAX0000021,FF00000021,Aisle,Child,None,True,12,122883,Senior,2023-04-01,9999-12-31,True,2
22,PAX0000022,FF00000022,No Preference,Vegetarian,Wheelchair,True,1,15505,Senior,2022-01-01,9999-12-31,True,1
23,PAX0000023,FF00000023,Window,Vegan,None,False,16,36578,Senior,2022-01-01,9999-12-31,True,1
24,PAX0000024,FF00000024,Aisle,Vegetarian,None,False,6,12763,Leisure,2022-01-01,9999-12-31,True,1
25,PAX0000025,FF00000025,Aisle,Standard,None,False,6,9207,Leisure,2022-01-01,9999-12-31,True,1
26,PAX0000026,FF00000026,No Preference,Standard,None,True,2,19793,Family,2022-01-01,9999-12-31,True,1
27,PAX0000027,FF00000027,Window,Child,None,False,3,10167,Business Traveler,2022-01-01,2023-03-31,False,1
3027,PAX0000027,FF00000027,Window,Child,None,False,8,15243,Family,2023-04-01,9999-12-31,True,2
28,PAX0000028,FF00000028,Aisle,Standard,Wheelchair,False,12,103768,Business Traveler,2022-01-01,9999-12-31,True,1
29,PAX0000029,FF00000029,No Preference,Vegan,None,True,11,2403,Student,2022-01-01,2023-03-31,False,1
3029,PAX0000029,FF00000029,No Preference,Vegan,None,True,27,16807,Leisure,2023-04-01,9999-12-31,True,2
30,PAX0000030,FF00000030,Aisle,None,Wheelchair,True,0,90738,Family,2022-01-01,2023-03-31,False,1
3030,PAX0000030,FF00000030,Aisle,None,Wheelchair,True,5,105930,Senior,2023-04-01,9999-12-31,True,2
31,PAX0000031,FF00000031,No Preference,Standard,Wheelchair,False,4,2897,Student,2022-01-01,2023-03-31,False,1
3031,PAX0000031,FF00000031,No Preference,Standard,Wheelchair,False,14,22646,Leisure,2023-04-01,9999-12-31,True,2
32,PAX0000032,FF00000032,Window,Child,None,False,10,29316,Senior,2022-01-01,9999-12-31,True,1
33,PAX0000033,FF00000033,Aisle,Vegan,WCHR,True,12,9334,Student,2022-01-01,9999-12-31,True,1
34,PAX0000034,FF00000034,Aisle,Vegetarian,None,True,0,100585,Student,2022-01-01,2023-03-31,False,1
3034,PAX0000034,FF00000034,Aisle,Vegetarian,None,True,8,119474,Senior,2023-04-01,9999-12-31,True,2
35,PAX0000035,FF00000035,No Preference,None,None,False,3,33812,Family,2022-01-01,9999-12-31,True,1
36,PAX0000036,FF00000036,Window,Vegan,None,False,14,28248,Senior,2022-01-01,9999-12-31,True,1
37,PAX0000037,FF00000037,Aisle,Standard,None,False,4,9486,Family,2022-01-01,9999-12-31,True,1
38,PAX0000038,FF00000038,Aisle,Halal,None,True,10,60318,Family,2022-01-01,9999-12-31,True,1
39,PAX0000039,FF00000039,Window,Halal,Wheelchair,True,35,3358,Student,2022-01-01,9999-12-31,True,1
40,PAX0000040,FF00000040,Window,Halal,None,False,2,86869,Family,2022-01-01,2023-03-31,False,1
3040,PAX0000040,FF00000040,Window,Halal,None,False,12,100204,Senior,2023-04-01,9999-12-31,True,2
41,PAX0000041,FF00000041,No Preference,Standard,WCHR,True,16,64365,Senior,2022-01-01,9999-12-31,True,1
42,PAX0000042,FF00000042,No Preference,Halal,None,True,2,26571,Senior,2022-01-01,9999-12-31,True,1
43,PAX0000043,FF00000043,Window,Standard,WCHR,True,14,34193,Business Traveler,2022-01-01,9999-12-31,True,1
44,PAX0000044,FF00000044,Window,None,Wheelchair,False,6,465,Leisure,2022-01-01,9999-12-31,True,1
45,PAX0000045,FF00000045,Aisle,Vegan,None,True,10,8754,Family,2022-01-01,9999-12-31,True,1
46,PAX0000046,FF00000046,Aisle,None,None,False,7,94804,Leisure,2022-01-01,9999-12-31,True,1
47,PAX0000047,FF00000047,Aisle,Vegan,None,False,6,54940,Senior,2022-01-01,9999-12-31,True,1
48,PAX0000048,FF00000048,Window,Vegan,None,True,2,33484,Senior,2022-01-01,2023-03-31,False,1
3048,PAX0000048,FF00000048,Window,Vegan,None,True,11,49345,Senior,2023-04-01,9999-12-31,True,2
49,PAX0000049,FF00000049,Window,None,None,True,45,3223,Senior,2022-01-01,2023-03-31,False,1
3049,PAX0000049,FF00000049,Window,None,None,True,60,10965,Family,2023-04-01,9999-12-31,True,2
50,PAX0000050,FF00000050,Aisle,None,None,False,0,17052,Student,2022-01-01,9999-12-31,True,1
51,PAX0000051,FF00000051,No Preference,Halal,None,True,1,41395,Senior,2022-01-01,9999-12-31,True,1
52,PAX0000052,FF00000052,Window,Child,Wheelchair,True,29,17075,Leisure,2022-01-01,9999-12-31,True,1
53,PAX0000053,FF00000053,Aisle,Standard,None,True,3,17096,Senior,2022-01-01,2023-03-31,False,1
3053,PAX0000053,FF00000053,Aisle,Standard,None,True,15,29238,Business Traveler,2023-04-01,9999-12-31,True,2
54,PAX0000054,FF00000054,Aisle,None,None,True,15,272,Family,2022-01-01,9999-12-31,True,1
55,PAX0000055,FF00000055,Window,None,None,True,10,28502,Leisure,2022-01-01,9999-12-31,True,1
56,PAX0000056,FF00000056,Window,Halal,None,True,12,8313,Senior,2022-01-01,9999-12-31,True,1
57,PAX0000057,FF00000057,No Preference,Standard,None,True,15,2875,Student,2022-01-01,9999-12-31,True,1
58,PAX0000058,FF00000058,Aisle,Standard,Wheelchair,False,2,62981,Family,2022-01-01,2023-03-31,False,1
3058,PAX0000058,FF00000058,Aisle,Standard,Wheelchair,False,17,68910,Family,2023-04-01,9999-12-31,True,2
59,PAX0000059,FF00000059,Window,Vegan,None,True,16,415,Family,2022-01-01,9999-12-31,True,1
60,PAX0000060,FF00000060,Aisle,Halal,None,True,3,7239,Leisure,2022-01-01,2023-03-31,False,1
3060,PAX0000060,FF00000060,Aisle,Halal,None,True,9,25570,Business Traveler,2023-04-01,9999-12-31,True,2
61,PAX0000061,FF00000061,No Preference,Standard,Wheelchair,True,3,8533,Family,2022-01-01,9999-12-31,True,1
62,PAX0000062,FF00000062,Aisle,Child,None,False,0,18426,Family,2022-01-01,9999-12-31,True,1
63,PAX0000063,FF00000063,Window,None,None,False,15,27997,Student,2022-01-01,9999-12-31,True,1
64,PAX0000064,FF00000064,Aisle,Vegetarian,None,False,13,2538,Leisure,2022-01-01,2023-03-31,False,1
3064,PAX0000064,FF00000064,Aisle,Vegetarian,None,False,30,11752,Leisure,2023-04-01,9999-12-31,True,2
65,PAX0000065,FF00000065,Aisle,None,None,False,36,54695,Leisure,2022-01-01,2023-03-31,False,1
3065,PAX0000065,FF00000065,Aisle,None,None,False,48,66285,Senior,2023-04-01,9999-12-31,True,2
66,PAX0000066,FF00000066,No Preference,Halal,None,False,19,51945,Senior,2022-01-01,9999-12-31,True,1
67,PAX0000067,FF00000067,Aisle,Vegan,WCHR,False,32,23574,Student,2022-01-01,9999-12-31,True,1
68,PAX0000068,FF00000068,Window,None,None,True,2,28774,Leisure,2022-01-01,9999-12-31,True,1
69,PAX0000069,FF00000069,No Preference,None,None,False,16,40172,Senior,2022-01-01,9999-12-31,True,1
70,PAX0000070,FF00000070,Aisle,Halal,None,True,8,2127,Senior,2022-01-01,2023-03-31,False,1
3070,PAX0000070,FF00000070,Aisle,Halal,None,True,27,12047,Business Traveler,2023-04-01,9999-12-31,True,2
71,PAX0000071,FF00000071,No Preference,Vegan,None,True,5,76060,Student,2022-01-01,9999-12-31,True,1
72,PAX0000072,FF00000072,Aisle,Child,None,False,10,23187,Business Traveler,2022-01-01,9999-12-31,True,1
73,PAX0000073,FF00000073,No Preference,Vegetarian,None,True,3,13787,Senior,2022-01-01,9999-12-31,True,1
74,PAX0000074,FF00000074,Window,Vegan,None,True,27,32940,Leisure,2022-01-01,9999-12-31,True,1
75,PAX0000075,FF00000075,No Preference,Child,None,True,18,18173,Business Traveler,2022-01-01,9999-12-31,True,1
76,PAX0000076,FF00000076,Window,Standard,None,True,11,8565,Student,2022-01-01,9999-12-31,True,1
77,PAX0000077,FF00000077,No Preference,Vegetarian,WCHR,False,14,16737,Business Traveler,2022-01-01,9999-12-31,True,1
78,PAX0000078,FF00000078,No Preference,Vegan,None,True,7,31436,Student,2022-01-01,9999-12-31,True,1
79,PAX0000079,FF00000079,Window,Vegetarian,None,True,33,1984,Family,2022-01-01,9999-12-31,True,1
80,PAX0000080,FF00000080,No Preference,Child,None,False,20,10375,Leisure,2022-01-01,9999-12-31,True,1
81,PAX0000081,FF00000081,Window,Vegan,None,True,7,664,Leisure,2022-01-01,9999-12-31,True,1
82,PAX0000082,FF00000082,Aisle,Vegetarian,None,False,4,20952,Senior,2022-01-01,9999-12-31,True,1
83,PAX0000083,FF00000083,Window,Vegan,WCHR,False,0,20264,Student,2022-01-01,9999-12-31,True,1
84,PAX0000084,FF00000084,Window,Vegetarian,None,False,31,3341,Senior,2022-01-01,9999-12-31,True,1
85,PAX0000085,FF00000085,No Preference,Vegetarian,WCHC,False,17,15812,Student,2022-01-01,9999-12-31,True,1
86,PAX0000086,FF00000086,Window,Halal,None,False,12,9042,Business Traveler,2022-01-01,9999-12-31,True,1
87,PAX0000087,FF00000087,Window,Halal,Wheelchair,True,2,5247,Family,2022-01-01,9999-12-31,True,1
88,PAX0000088,FF00000088,Window,Vegan,None,True,0,6160,Business Traveler,2022-01-01,9999-12-31,True,1
89,PAX0000089,FF00000089,Aisle,Vegan,WCHC,False,13,64033,Business Traveler,2022-01-01,9999-12-31,True,1
90,PAX0000090,FF00000090,No Preference,Vegan,None,False,20,34668,Family,2022-01-01,2023-03-31,False,1
3090,PAX0000090,FF00000090,No Preference,Vegan,None,False,25,51704,Family,2023-04-01,9999-12-31,True,2
91,PAX0000091,FF00000091,Aisle,Vegan,None,False,1,10240,Senior,2022-01-01,9999-12-31,True,1
92,PAX0000092,FF00000092,Aisle,None,None,False,4,8628,Family,2022-01-01,9999-12-31,True,1
93,PAX0000093,FF00000093,Aisle,None,None,False,8,23007,Student,2022-01-01,9999-12-31,True,1
94,PAX0000094,FF00000094,Aisle,Standard,WCHR,True,5,13098,Student,2022-01-01,9999-12-31,True,1
95,PAX0000095,FF00000095,Window,Vegetarian,Wheelchair,True,21,46718,Leisure,2022-01-01,2023-03-31,False,1
3095,PAX0000095,FF00000095,Window,Vegetarian,Wheelchair,True,28,54241,Student,2023-04-01,9999-12-31,True,2
96,PAX0000096,FF00000096,Window,Standard,Wheelchair,True,4,73528,Business Traveler,2022-01-01,9999-12-31,True,1
97,PAX0000097,FF00000097,No Preference,Standard,None,False,36,11868,Student,2022-01-01,9999-12-31,True,1
98,PAX0000098,FF00000098,Window,Standard,None,True,5,21134,Business Traveler,2022-01-01,2023-03-31,False,1
3098,PAX0000098,FF00000098,Window,Standard,None,True,10,33227,Business Traveler,2023-04-01,9999-12-31,True,2
99,PAX0000099,FF00000099,Window,Vegetarian,None,True,33,62701,Senior,2022-01-01,9999-12-31,True,1
100,PAX0000100,FF00000100,Aisle,Vegetarian,None,False,1,14963,Family,2022-01-01,9999-12-31,True,1
101,PAX0000101,FF00000101,No Preference,None,None,True,9,20982,Senior,2022-01-01,2023-03-31,False,1
3101,PAX0000101,FF00000101,No Preference,None,None,True,16,28863,Business Traveler,2023-04-01,9999-12-31,True,2
102,PAX0000102,FF00000102,Aisle,Vegetarian,Wheelchair,True,2,58730,Business Traveler,2022-01-01,9999-12-31,True,1
103,PAX0000103,FF00000103,Window,Halal,None,True,13,54587,Leisure,2022-01-01,9999-12-31,True,1
104,PAX0000104,FF00000104,Aisle,Child,None,False,23,41392,Leisure,2022-01-01,9999-12-31,True,1
105,PAX0000105,FF00000105,No Preference,Vegetarian,None,False,6,28290,Student,2022-01-01,9999-12-31,True,1
106,PAX0000106,FF00000106,Window,Vegan,None,True,2,33593,Family,2022-01-01,9999-12-31,True,1
107,PAX0000107,FF00000107,No Preference,None,None,True,2,35520,Student,2022-01-01,9999-12-31,True,1
108,PAX0000108,FF00000108,Aisle,None,None,True,3,3751,Family,2022-01-01,9999-12-31,True,1
109,PAX0000109,FF00000109,Aisle,Halal,None,False,2,59,Student,2022-01-01,9999-12-31,True,1
110,PAX0000110,FF00000110,Aisle,Child,WCHC,True,15,39547,Leisure,2022-01-01,9999-12-31,True,1
111,PAX0000111,FF00000111,Aisle,Vegan,None,False,8,5279,Student,2022-01-01,9999-12-31,True,1
112,PAX0000112,FF00000112,Aisle,Vegan,Wheelchair,False,1,579,Senior,2022-01-01,2023-03-31,False,1
3112,PAX0000112,FF00000112,Aisle,Vegan,Wheelchair,False,19,5980,Senior,2023-04-01,9999-12-31,True,2
113,PAX0000113,FF00000113,Aisle,Vegan,WCHC,True,2,66452,Senior,2022-01-01,9999-12-31,True,1
114,PAX0000114,FF00000114,No Preference,Vegetarian,None,True,3,13121,Leisure,2022-01-01,2023-03-31,False,1
3114,PAX0000114,FF00000114,No Preference,Vegetarian,None,True,23,20576,Senior,2023-04-01,9999-12-31,True,2
115,PAX0000115,FF00000115,Window,Standard,None,True,1,7544,Student,2022-01-01,9999-12-31,True,1
116,PAX0000116,FF00000116,Aisle,Vegetarian,None,False,8,28075,Senior,2022-01-01,9999-12-31,True,1
117,PAX0000117,FF00000117,Aisle,None,None,True,3,1783,Business Traveler,2022-01-01,9999-12-31,True,1
118,PAX0000118,FF00000118,No Preference,Halal,None,False,5,8005,Leisure,2022-01-01,9999-12-31,True,1
119,PAX0000119,FF00000119,Aisle,None,None,False,2,96463,Family,2022-01-01,9999-12-31,True,1
120,PAX0000120,FF00000120,Window,Child,None,False,11,24417,Leisure,2022-01-01,9999-12-31,True,1
121,PAX0000121,FF00000121,Window,Standard,None,False,6,16808,Leisure,2022-01-01,9999-12-31,True,1
122,PAX0000122,FF00000122,Window,Halal,None,False,9,35764,Student,2022-01-01,9999-12-31,True,1
123,PAX0000123,FF00000123,Aisle,None,None,True,14,5651,Student,2022-01-01,9999-12-31,True,1
124,PAX0000124,FF00000124,Window,None,None,True,8,15928,Leisure,2022-01-01,9999-12-31,True,1
125,PAX0000125,FF00000125,Window,Halal,None,True,24,29942,Senior,2022-01-01,9999-12-31,True,1
126,PAX0000126,FF00000126,Window,Child,None,False,9,3678,Business Traveler,2022-01-01,9999-12-31,True,1
127,PAX0000127,FF00000127,Aisle,None,None,True,11,3739,Senior,2022-01-01,9999-12-31,True,1
128,PAX0000128,FF00000128,Aisle,Halal,Wheelchair,False,4,4623,Family,2022-01-01,2023-03-31,False,1
3128,PAX0000128,FF00000128,Aisle,Halal,Wheelchair,False,19,17564,Student,2023-04-01,9999-12-31,True,2
129,PAX0000129,FF00000129,No Preference,Child,None,True,14,6929,Family,2022-01-01,9999-12-31,True,1
130,PAX0000130,FF00000130,Window,None,Wheelchair,False,5,67807,Leisure,2022-01-01,9999-12-31,True,1
131,PAX0000131,FF00000131,Window,Halal,None,True,2,21266,Student,2022-01-01,2023-03-31,False,1
3131,PAX0000131,FF00000131,Window,Halal,None,True,9,32305,Senior,2023-04-01,9999-12-31,True,2
132,PAX0000132,FF00000132,Window,Vegan,None,True,6,548,Family,2022-01-01,9999-12-31,True,1
133,PAX0000133,FF00000133,Aisle,Vegan,None,False,18,2146,Student,2022-01-01,2023-03-31,False,1
3133,PAX0000133,FF00000133,Aisle,Vegan,None,False,33,7423,Leisure,2023-04-01,9999-12-31,True,2
134,PAX0000134,FF00000134,Aisle,Child,None,True,7,24675,Student,2022-01-01,9999-12-31,True,1
135,PAX0000135,FF00000135,Window,None,None,False,11,35003,Senior,2022-01-01,2023-03-31,False,1
3135,PAX0000135,FF00000135,Window,None,None,False,17,50548,Family,2023-04-01,9999-12-31,True,2
136,PAX0000136,FF00000136,No Preference,Child,None,True,3,300,Leisure,2022-01-01,9999-12-31,True,1
137,PAX0000137,FF00000137,Window,Vegetarian,None,True,15,23013,Leisure,2022-01-01,2023-03-31,False,1
3137,PAX0000137,FF00000137,Window,Vegetarian,None,True,31,33553,Student,2023-04-01,9999-12-31,True,2
138,PAX0000138,FF00000138,Aisle,Standard,None,True,21,51676,Family,2022-01-01,9999-12-31,True,1
139,PAX0000139,FF00000139,No Preference,Vegetarian,None,True,22,19913,Leisure,2022-01-01,9999-12-31,True,1
140,PAX0000140,FF00000140,Aisle,Vegetarian,None,True,4,47042,Business Traveler,2022-01-01,9999-12-31,True,1
141,PAX0000141,FF00000141,Aisle,Standard,None,True,7,6079,Leisure,2022-01-01,9999-12-31,True,1
142,PAX0000142,FF00000142,Aisle,Halal,None,False,23,64254,Business Traveler,2022-01-01,9999-12-31,True,1
143,PAX0000143,FF00000143,Window,None,None,False,7,2361,Family,2022-01-01,2023-03-31,False,1
3143,PAX0000143,FF00000143,Window,None,None,False,13,10782,Leisure,2023-04-01,9999-12-31,True,2
144,PAX0000144,FF00000144,Aisle,Standard,None,True,5,48818,Family,2022-01-01,9999-12-31,True,1
145,PAX0000145,FF00000145,Window,Vegan,None,True,27,6824,Family,2022-01-01,9999-12-31,True,1
146,PAX0000146,FF00000146,No Preference,Vegan,None,True,0,62952,Family,2022-01-01,9999-12-31,True,1
147,PAX0000147,FF00000147,Aisle,Vegan,None,False,5,23410,Senior,2022-01-01,2023-03-31,False,1
3147,PAX0000147,FF00000147,Aisle,Vegan,None,False,22,31762,Family,2023-04-01,9999-12-31,True,2
148,PAX0000148,FF00000148,Window,Vegan,Wheelchair,True,41,2066,Leisure,2022-01-01,9999-12-31,True,1
149,PAX0000149,FF00000149,Aisle,None,None,False,12,2309,Student,2022-01-01,9999-12-31,True,1
150,PAX0000150,FF00000150,Window,Child,Wheelchair,False,5,48860,Leisure,2022-01-01,9999-12-31,True,1
151,PAX0000151,FF00000151,Window,Vegetarian,Wheelchair,True,6,176155,Senior,2022-01-01,9999-12-31,True,1
152,PAX0000152,FF00000152,Aisle,Vegan,WCHC,True,9,11621,Senior,2022-01-01,9999-12-31,True,1
153,PAX0000153,FF00000153,No Preference,Vegetarian,None,True,2,12947,Business Traveler,2022-01-01,9999-12-31,True,1
154,PAX0000154,FF00000154,Window,Halal,WCHR,False,5,2135,Senior,2022-01-01,9999-12-31,True,1
155,PAX0000155,FF00000155,Window,Standard,None,True,5,18721,Leisure,2022-01-01,9999-12-31,True,1
156,PAX0000156,FF00000156,Aisle,Standard,None,True,15,32077,Student,2022-01-01,9999-12-31,True,1
157,PAX0000157,FF00000157,Aisle,Vegetarian,None,True,14,251,Business Traveler,2022-01-01,9999-12-31,True,1
158,PAX0000158,FF00000158,No Preference,Standard,Wheelchair,False,2,32513,Leisure,2022-01-01,2023-03-31,False,1
3158,PAX0000158,FF00000158,No Preference,Standard,Wheelchair,False,14,44971,Business Traveler,2023-04-01,9999-12-31,True,2
159,PAX0000159,FF00000159,No Preference,None,None,False,7,159,Business Traveler,2022-01-01,9999-12-31,True,1
160,PAX0000160,FF00000160,No Preference,None,None,True,19,44459,Senior,2022-01-01,9999-12-31,True,1
161,PAX0000161,FF00000161,Aisle,Vegan,Wheelchair,False,9,2063,Leisure,2022-01-01,9999-12-31,True,1
162,PAX0000162,FF00000162,Window,None,None,False,17,26291,Student,2022-01-01,9999-12-31,True,1
163,PAX0000163,FF00000163,Aisle,Standard,None,True,18,41799,Leisure,2022-01-01,9999-12-31,True,1
164,PAX0000164,FF00000164,No Preference,Standard,Wheelchair,False,19,21894,Family,2022-01-01,9999-12-31,True,1
165,PAX0000165,FF00000165,Window,None,Wheelchair,True,1,33365,Student,2022-01-01,9999-12-31,True,1
166,PAX0000166,FF00000166,Aisle,Vegan,None,False,11,40673,Student,2022-01-01,9999-12-31,True,1
167,PAX0000167,FF00000167,Aisle,None,None,False,2,6506,Leisure,2022-01-01,9999-12-31,True,1
168,PAX0000168,FF00000168,Aisle,Halal,None,False,26,41586,Family,2022-01-01,9999-12-31,True,1
169,PAX0000169,FF00000169,Window,Child,None,True,28,42653,Student,2022-01-01,9999-12-31,True,1
170,PAX0000170,FF00000170,Aisle,Child,Wheelchair,True,10,31851,Business Traveler,2022-01-01,9999-12-31,True,1
171,PAX0000171,FF00000171,No Preference,Vegetarian,None,True,26,25939,Family,2022-01-01,2023-03-31,False,1
3171,PAX0000171,FF00000171,No Preference,Vegetarian,None,True,43,32278,Leisure,2023-04-01,9999-12-31,True,2
172,PAX0000172,FF00000172,Window,Child,None,True,12,5105,Family,2022-01-01,2023-03-31,False,1
3172,PAX0000172,FF00000172,Window,Child,None,True,22,22224,Family,2023-04-01,9999-12-31,True,2
173,PAX0000173,FF00000173,No Preference,Halal,None,False,7,37805,Student,2022-01-01,9999-12-31,True,1
174,PAX0000174,FF00000174,No Preference,Vegan,None,False,3,6778,Senior,2022-01-01,9999-12-31,True,1
175,PAX0000175,FF00000175,Window,None,None,True,4,8292,Leisure,2022-01-01,9999-12-31,True,1
176,PAX0000176,FF00000176,No Preference,Standard,None,True,2,16593,Student,2022-01-01,9999-12-31,True,1
177,PAX0000177,FF00000177,Window,Child,None,True,28,21221,Business Traveler,2022-01-01,2023-03-31,False,1
3177,PAX0000177,FF00000177,Window,Child,None,True,36,29613,Student,2023-04-01,9999-12-31,True,2
178,PAX0000178,FF00000178,No Preference,Standard,None,False,2,2402,Business Traveler,2022-01-01,9999-12-31,True,1
179,PAX0000179,FF00000179,Aisle,Standard,None,False,14,14476,Student,2022-01-01,9999-12-31,True,1
180,PAX0000180,FF00000180,Aisle,Child,None,False,20,32321,Family,2022-01-01,9999-12-31,True,1
181,PAX0000181,FF00000181,Window,Vegan,None,True,19,9521,Student,2022-01-01,9999-12-31,True,1
182,PAX0000182,FF00000182,Aisle,Child,None,False,14,9198,Family,2022-01-01,9999-12-31,True,1
183,PAX0000183,FF00000183,No Preference,Vegan,WCHC,False,33,30348,Business Traveler,2022-01-01,9999-12-31,True,1
184,PAX0000184,FF00000184,Window,Vegan,None,True,4,9421,Business Traveler,2022-01-01,9999-12-31,True,1
185,PAX0000185,FF00000185,No Preference,Standard,None,False,2,35588,Leisure,2022-01-01,9999-12-31,True,1
186,PAX0000186,FF00000186,Aisle,Halal,None,False,2,27138,Leisure,2022-01-01,9999-12-31,True,1
187,PAX0000187,FF00000187,No Preference,Vegetarian,None,True,3,32538,Family,2022-01-01,9999-12-31,True,1
188,PAX0000188,FF00000188,Aisle,Halal,None,False,20,45155,Family,2022-01-01,9999-12-31,True,1
189,PAX0000189,FF00000189,No Preference,Standard,None,False,17,6237,Leisure,2022-01-01,9999-12-31,True,1
190,PAX0000190,FF00000190,Window,Standard,None,False,1,36014,Senior,2022-01-01,2023-03-31,False,1
3190,PAX0000190,FF00000190,Window,Standard,None,False,8,44276,Leisure,2023-04-01,9999-12-31,True,2
191,PAX0000191,FF00000191,Window,Standard,None,True,5,16987,Senior,2022-01-01,2023-03-31,False,1
3191,PAX0000191,FF00000191,Window,Standard,None,True,17,27558,Leisure,2023-04-01,9999-12-31,True,2
192,PAX0000192,FF00000192,No Preference,Vegan,None,False,0,9015,Business Traveler,2022-01-01,2023-03-31,False,1
3192,PAX0000192,FF00000192,No Preference,Vegan,None,False,9,26144,Leisure,2023-04-01,9999-12-31,True,2
193,PAX0000193,FF00000193,No Preference,Child,None,False,0,63405,Student,2022-01-01,9999-12-31,True,1
194,PAX0000194,FF00000194,No Preference,Child,Wheelchair,False,3,24448,Family,2022-01-01,2023-03-31,False,1
3194,PAX0000194,FF00000194,No Preference,Child,Wheelchair,False,9,34017,Senior,2023-04-01,9999-12-31,True,2
195,PAX0000195,FF00000195,No Preference,Vegan,None,True,0,32974,Student,2022-01-01,9999-12-31,True,1
196,PAX0000196,FF00000196,Aisle,Vegan,None,True,4,68459,Leisure,2022-01-01,2023-03-31,False,1
3196,PAX0000196,FF00000196,Aisle,Vegan,None,True,11,82804,Leisure,2023-04-01,9999-12-31,True,2
197,PAX0000197,FF00000197,Window,Vegan,None,False,26,11804,Family,2022-01-01,9999-12-31,True,1
198,PAX0000198,FF00000198,No Preference,Vegetarian,None,True,27,166850,Family,2022-01-01,2023-03-31,False,1
3198,PAX0000198,FF00000198,No Preference,Vegetarian,None,True,36,176770,Leisure,2023-04-01,9999-12-31,True,2
199,PAX0000199,FF00000199,No Preference,Vegan,None,True,20,55905,Family,2022-01-01,9999-12-31,True,1
200,PAX0000200,FF00000200,No Preference,Halal,None,True,3,25790,Student,2022-01-01,9999-12-31,True,1
201,PAX0000201,FF00000201,Window,Vegan,Wheelchair,True,0,2991,Senior,2022-01-01,9999-12-31,True,1
202,PAX0000202,FF00000202,Window,Vegan,None,True,81,11864,Leisure,2022-01-01,9999-12-31,True,1
203,PAX0000203,FF00000203,Window,Standard,None,True,16,49299,Family,2022-01-01,2023-03-31,False,1
3203,PAX0000203,FF00000203,Window,Standard,None,True,32,57991,Senior,2023-04-01,9999-12-31,True,2
204,PAX0000204,FF00000204,Aisle,Standard,None,True,23,181324,Student,2022-01-01,9999-12-31,True,1
205,PAX0000205,FF00000205,No Preference,None,WCHR,False,3,1235,Senior,2022-01-01,9999-12-31,True,1
206,PAX0000206,FF00000206,No Preference,Vegetarian,None,False,6,4180,Leisure,2022-01-01,9999-12-31,True,1
207,PAX0000207,FF00000207,Aisle,Standard,None,True,0,13408,Senior,2022-01-01,2023-03-31,False,1
3207,PAX0000207,FF00000207,Aisle,Standard,None,True,9,31071,Business Traveler,2023-04-01,9999-12-31,True,2
208,PAX0000208,FF00000208,Aisle,Halal,None,False,18,25053,Student,2022-01-01,9999-12-31,True,1
209,PAX0000209,FF00000209,Aisle,Halal,Wheelchair,False,4,31869,Family,2022-01-01,9999-12-31,True,1
210,PAX0000210,FF00000210,No Preference,Child,None,True,3,434,Senior,2022-01-01,9999-12-31,True,1
211,PAX0000211,FF00000211,Aisle,Child,None,True,17,29324,Student,2022-01-01,9999-12-31,True,1
212,PAX0000212,FF00000212,Aisle,Child,None,False,17,1191,Student,2022-01-01,9999-12-31,True,1
213,PAX0000213,FF00000213,Aisle,Halal,None,False,21,28990,Family,2022-01-01,9999-12-31,True,1
214,PAX0000214,FF00000214,No Preference,Vegan,None,True,9,29394,Family,2022-01-01,9999-12-31,True,1
215,PAX0000215,FF00000215,No Preference,Halal,None,False,23,26524,Family,2022-01-01,9999-12-31,True,1
216,PAX0000216,FF00000216,Aisle,Child,None,True,10,140265,Student,2022-01-01,9999-12-31,True,1
217,PAX0000217,FF00000217,No Preference,Halal,None,False,16,17517,Student,2022-01-01,9999-12-31,True,1
218,PAX0000218,FF00000218,Aisle,Child,None,False,14,14791,Leisure,2022-01-01,9999-12-31,True,1
219,PAX0000219,FF00000219,Window,Vegan,Wheelchair,False,3,27253,Business Traveler,2022-01-01,2023-03-31,False,1
3219,PAX0000219,FF00000219,Window,Vegan,Wheelchair,False,23,39703,Student,2023-04-01,9999-12-31,True,2
220,PAX0000220,FF00000220,No Preference,Child,Wheelchair,False,31,79411,Leisure,2022-01-01,9999-12-31,True,1
221,PAX0000221,FF00000221,No Preference,Vegan,None,False,5,22502,Senior,2022-01-01,9999-12-31,True,1
222,PAX0000222,FF00000222,Window,Standard,None,True,2,162997,Business Traveler,2022-01-01,9999-12-31,True,1
223,PAX0000223,FF00000223,No Preference,Child,None,True,47,31452,Senior,2022-01-01,9999-12-31,True,1
224,PAX0000224,FF00000224,No Preference,Standard,None,False,19,37668,Family,2022-01-01,9999-12-31,True,1
225,PAX0000225,FF00000225,Window,Vegetarian,None,False,10,1644,Family,2022-01-01,9999-12-31,True,1
226,PAX0000226,FF00000226,Window,Child,None,True,7,33698,Leisure,2022-01-01,9999-12-31,True,1
227,PAX0000227,FF00000227,Window,Child,None,True,13,14010,Business Traveler,2022-01-01,9999-12-31,True,1
228,PAX0000228,FF00000228,Aisle,Vegan,None,True,34,5494,Senior,2022-01-01,9999-12-31,True,1
229,PAX0000229,FF00000229,Window,Vegetarian,WCHR,False,8,35221,Business Traveler,2022-01-01,2023-03-31,False,1
3229,PAX0000229,FF00000229,Window,Vegetarian,WCHR,False,26,49717,Student,2023-04-01,9999-12-31,True,2
230,PAX0000230,FF00000230,Aisle,Vegan,None,True,14,31378,Business Traveler,2022-01-01,9999-12-31,True,1
231,PAX0000231,FF00000231,Window,None,Wheelchair,False,3,5095,Business Traveler,2022-01-01,9999-12-31,True,1
232,PAX0000232,FF00000232,No Preference,Vegan,None,False,12,27436,Student,2022-01-01,2023-03-31,False,1
3232,PAX0000232,FF00000232,No Preference,Vegan,None,False,29,46169,Family,2023-04-01,9999-12-31,True,2
233,PAX0000233,FF00000233,Window,Halal,None,True,2,36637,Family,2022-01-01,9999-12-31,True,1
234,PAX0000234,FF00000234,Window,Vegan,None,False,7,33056,Student,2022-01-01,9999-12-31,True,1
235,PAX0000235,FF00000235,Aisle,Vegetarian,None,False,21,5580,Business Traveler,2022-01-01,9999-12-31,True,1
236,PAX0000236,FF00000236,No Preference,None,None,True,0,45301,Senior,2022-01-01,9999-12-31,True,1
237,PAX0000237,FF00000237,Window,Vegan,None,False,11,36083,Senior,2022-01-01,2023-03-31,False,1
3237,PAX0000237,FF00000237,Window,Vegan,None,False,27,44827,Student,2023-04-01,9999-12-31,True,2
238,PAX0000238,FF00000238,Aisle,Vegan,None,True,21,48707,Family,2022-01-01,9999-12-31,True,1
239,PAX0000239,FF00000239,Window,Standard,WCHC,False,38,23031,Business Traveler,2022-01-01,9999-12-31,True,1
240,PAX0000240,FF00000240,Window,Standard,None,True,8,15419,Student,2022-01-01,2023-03-31,False,1
3240,PAX0000240,FF00000240,Window,Standard,None,True,27,22860,Student,2023-04-01,9999-12-31,True,2
241,PAX0000241,FF00000241,Aisle,Halal,Wheelchair,True,2,25501,Leisure,2022-01-01,9999-12-31,True,1
242,PAX0000242,FF00000242,Window,Vegetarian,Wheelchair,True,3,76266,Family,2022-01-01,9999-12-31,True,1
243,PAX0000243,FF00000243,No Preference,Vegetarian,None,False,10,26956,Senior,2022-01-01,9999-12-31,True,1
244,PAX0000244,FF00000244,Window,Child,None,True,5,1601,Business Traveler,2022-01-01,9999-12-31,True,1
245,PAX0000245,FF00000245,No Preference,Standard,None,False,0,16514,Leisure,2022-01-01,2023-03-31,False,1
3245,PAX0000245,FF00000245,No Preference,Standard,None,False,12,34406,Leisure,2023-04-01,9999-12-31,True,2
246,PAX0000246,FF00000246,Window,Halal,None,True,1,28006,Family,2022-01-01,9999-12-31,True,1
247,PAX0000247,FF00000247,Window,Vegetarian,None,True,25,64345,Leisure,2022-01-01,9999-12-31,True,1
248,PAX0000248,FF00000248,Aisle,Child,None,False,12,7118,Leisure,2022-01-01,9999-12-31,True,1
249,PAX0000249,FF00000249,No Preference,Vegetarian,None,True,23,65171,Business Traveler,2022-01-01,9999-12-31,True,1
250,PAX0000250,FF00000250,Aisle,Vegan,None,False,2,40116,Senior,2022-01-01,9999-12-31,True,1
251,PAX0000251,FF00000251,No Preference,Vegan,WCHC,False,4,48681,Family,2022-01-01,9999-12-31,True,1
252,PAX0000252,FF00000252,Aisle,Halal,None,False,70,914,Leisure,2022-01-01,9999-12-31,True,1
253,PAX0000253,FF00000253,Window,Vegetarian,None,False,27,29235,Student,2022-01-01,2023-03-31,False,1
3253,PAX0000253,FF00000253,Window,Vegetarian,None,False,44,40394,Senior,2023-04-01,9999-12-31,True,2
254,PAX0000254,FF00000254,Window,Halal,None,True,43,18765,Leisure,2022-01-01,9999-12-31,True,1
255,PAX0000255,FF00000255,Window,Vegan,Wheelchair,True,22,1932,Student,2022-01-01,9999-12-31,True,1
256,PAX0000256,FF00000256,Window,Vegan,None,False,4,2081,Senior,2022-01-01,9999-12-31,True,1
257,PAX0000257,FF00000257,Window,Vegan,None,True,44,50943,Leisure,2022-01-01,9999-12-31,True,1
258,PAX0000258,FF00000258,Window,Halal,None,False,22,83401,Senior,2022-01-01,9999-12-31,True,1
259,PAX0000259,FF00000259,Aisle,Standard,None,False,1,14613,Family,2022-01-01,9999-12-31,True,1
260,PAX0000260,FF00000260,Aisle,Standard,None,True,0,7101,Student,2022-01-01,9999-12-31,True,1
261,PAX0000261,FF00000261,Window,Vegetarian,None,False,3,18995,Business Traveler,2022-01-01,2023-03-31,False,1
3261,PAX0000261,FF00000261,Window,Vegetarian,None,False,19,24390,Leisure,2023-04-01,9999-12-31,True,2
262,PAX0000262,FF00000262,Aisle,Child,None,False,3,3193,Student,2022-01-01,9999-12-31,True,1
263,PAX0000263,FF00000263,No Preference,Standard,Wheelchair,False,2,4779,Senior,2022-01-01,9999-12-31,True,1
264,PAX0000264,FF00000264,No Preference,None,None,True,43,42725,Leisure,2022-01-01,9999-12-31,True,1
265,PAX0000265,FF00000265,No Preference,None,None,False,41,17380,Leisure,2022-01-01,2023-03-31,False,1
3265,PAX0000265,FF00000265,No Preference,None,None,False,48,32486,Leisure,2023-04-01,9999-12-31,True,2
266,PAX0000266,FF00000266,Aisle,Vegetarian,None,False,3,48028,Business Traveler,2022-01-01,9999-12-31,True,1
267,PAX0000267,FF00000267,No Preference,Vegetarian,None,True,4,10673,Senior,2022-01-01,9999-12-31,True,1
268,PAX0000268,FF00000268,Window,Standard,WCHC,True,3,4166,Business Traveler,2022-01-01,9999-12-31,True,1
269,PAX0000269,FF00000269,Window,Vegetarian,None,True,3,13170,Senior,2022-01-01,2023-03-31,False,1
3269,PAX0000269,FF00000269,Window,Vegetarian,None,True,18,28275,Senior,2023-04-01,9999-12-31,True,2
270,PAX0000270,FF00000270,Aisle,Vegan,WCHR,False,13,1938,Family,2022-01-01,9999-12-31,True,1
271,PAX0000271,FF00000271,No Preference,Halal,None,False,2,49668,Family,2022-01-01,2023-03-31,False,1
3271,PAX0000271,FF00000271,No Preference,Halal,None,False,15,67876,Family,2023-04-01,9999-12-31,True,2
272,PAX0000272,FF00000272,Window,Vegetarian,Wheelchair,False,1,12585,Senior,2022-01-01,9999-12-31,True,1
273,PAX0000273,FF00000273,Aisle,Vegan,WCHC,False,23,5049,Business Traveler,2022-01-01,9999-12-31,True,1
274,PAX0000274,FF00000274,Aisle,Standard,Wheelchair,True,1,19880,Leisure,2022-01-01,9999-12-31,True,1
275,PAX0000275,FF00000275,Window,Standard,None,False,4,24862,Senior,2022-01-01,9999-12-31,True,1
276,PAX0000276,FF00000276,Aisle,Halal,None,True,19,4425,Family,2022-01-01,9999-12-31,True,1
277,PAX0000277,FF00000277,Window,Halal,WCHR,True,10,21126,Senior,2022-01-01,9999-12-31,True,1
278,PAX0000278,FF00000278,Aisle,Vegan,WCHC,False,1,29344,Student,2022-01-01,2023-03-31,False,1
3278,PAX0000278,FF00000278,Aisle,Vegan,WCHC,False,21,48747,Leisure,2023-04-01,9999-12-31,True,2
279,PAX0000279,FF00000279,Aisle,Child,None,False,3,20073,Leisure,2022-01-01,9999-12-31,True,1
280,PAX0000280,FF00000280,Window,Halal,None,False,1,18462,Family,2022-01-01,9999-12-31,True,1
281,PAX0000281,FF00000281,Window,Standard,None,True,4,51843,Leisure,2022-01-01,9999-12-31,True,1
282,PAX0000282,FF00000282,Window,None,None,True,0,16269,Business Traveler,2022-01-01,9999-12-31,True,1
283,PAX0000283,FF00000283,Aisle,Halal,None,False,7,38730,Family,2022-01-01,2023-03-31,False,1
3283,PAX0000283,FF00000283,Aisle,Halal,None,False,21,49139,Leisure,2023-04-01,9999-12-31,True,2
284,PAX0000284,FF00000284,No Preference,Standard,WCHC,True,10,33007,Leisure,2022-01-01,9999-12-31,True,1
285,PAX0000285,FF00000285,Aisle,Standard,None,False,18,59459,Family,2022-01-01,9999-12-31,True,1
286,PAX0000286,FF00000286,No Preference,Halal,None,False,4,23167,Family,2022-01-01,9999-12-31,True,1
287,PAX0000287,FF00000287,No Preference,Child,None,True,21,136552,Student,2022-01-01,2023-03-31,False,1
3287,PAX0000287,FF00000287,No Preference,Child,None,True,31,152937,Student,2023-04-01,9999-12-31,True,2
288,PAX0000288,FF00000288,Aisle,Halal,WCHR,False,26,13931,Student,2022-01-01,9999-12-31,True,1
289,PAX0000289,FF00000289,Aisle,Vegetarian,None,False,2,20164,Student,2022-01-01,9999-12-31,True,1
290,PAX0000290,FF00000290,No Preference,Vegetarian,None,True,16,20351,Family,2022-01-01,9999-12-31,True,1
291,PAX0000291,FF00000291,Aisle,Vegetarian,None,True,7,54647,Student,2022-01-01,9999-12-31,True,1
292,PAX0000292,FF00000292,No Preference,Vegetarian,None,False,5,58939,Senior,2022-01-01,2023-03-31,False,1
3292,PAX0000292,FF00000292,No Preference,Vegetarian,None,False,19,75557,Family,2023-04-01,9999-12-31,True,2
293,PAX0000293,FF00000293,Aisle,None,None,True,6,11935,Senior,2022-01-01,2023-03-31,False,1
3293,PAX0000293,FF00000293,Aisle,None,None,True,12,17449,Business Traveler,2023-04-01,9999-12-31,True,2
294,PAX0000294,FF00000294,Aisle,Vegan,None,False,7,43120,Senior,2022-01-01,9999-12-31,True,1
295,PAX0000295,FF00000295,No Preference,Halal,None,False,1,6560,Senior,2022-01-01,9999-12-31,True,1
296,PAX0000296,FF00000296,No Preference,None,None,True,36,5789,Student,2022-01-01,9999-12-31,True,1
297,PAX0000297,FF00000297,Aisle,Vegetarian,None,True,10,25976,Leisure,2022-01-01,9999-12-31,True,1
298,PAX0000298,FF00000298,Aisle,Vegetarian,None,False,8,31047,Business Traveler,2022-01-01,9999-12-31,True,1
299,PAX0000299,FF00000299,No Preference,Halal,Wheelchair,False,3,24133,Student,2022-01-01,2023-03-31,False,1
3299,PAX0000299,FF00000299,No Preference,Halal,Wheelchair,False,14,32591,Senior,2023-04-01,9999-12-31,True,2
300,PAX0000300,FF00000300,No Preference,None,Wheelchair,False,5,32511,Family,2022-01-01,9999-12-31,True,1
301,PAX0000301,FF00000301,No Preference,Child,WCHR,True,1,25380,Senior,2022-01-01,9999-12-31,True,1
302,PAX0000302,FF00000302,Window,Vegan,WCHC,False,2,9798,Family,2022-01-01,9999-12-31,True,1
303,PAX0000303,FF00000303,Aisle,Halal,None,True,2,6057,Senior,2022-01-01,9999-12-31,True,1
304,PAX0000304,FF00000304,Aisle,Child,None,False,20,10093,Family,2022-01-01,9999-12-31,True,1
305,PAX0000305,FF00000305,No Preference,Standard,Wheelchair,False,31,105123,Senior,2022-01-01,9999-12-31,True,1
306,PAX0000306,FF00000306,Window,Vegetarian,WCHR,False,10,4629,Leisure,2022-01-01,9999-12-31,True,1
307,PAX0000307,FF00000307,Window,Halal,None,False,5,47944,Business Traveler,2022-01-01,9999-12-31,True,1
308,PAX0000308,FF00000308,No Preference,Halal,None,True,5,2731,Senior,2022-01-01,9999-12-31,True,1
309,PAX0000309,FF00000309,No Preference,Child,None,True,9,55953,Leisure,2022-01-01,9999-12-31,True,1
310,PAX0000310,FF00000310,No Preference,Halal,None,True,19,5775,Business Traveler,2022-01-01,9999-12-31,True,1
311,PAX0000311,FF00000311,No Preference,Vegetarian,WCHR,True,13,7473,Business Traveler,2022-01-01,2023-03-31,False,1
3311,PAX0000311,FF00000311,No Preference,Vegetarian,WCHR,True,23,23244,Student,2023-04-01,9999-12-31,True,2
312,PAX0000312,FF00000312,Aisle,Vegan,None,False,2,62161,Leisure,2022-01-01,9999-12-31,True,1
313,PAX0000313,FF00000313,Aisle,Halal,WCHC,True,3,9165,Business Traveler,2022-01-01,9999-12-31,True,1
314,PAX0000314,FF00000314,Window,Vegetarian,None,False,0,61361,Leisure,2022-01-01,2023-03-31,False,1
3314,PAX0000314,FF00000314,Window,Vegetarian,None,False,15,68350,Senior,2023-04-01,9999-12-31,True,2
315,PAX0000315,FF00000315,No Preference,Vegan,None,False,18,29611,Family,2022-01-01,9999-12-31,True,1
316,PAX0000316,FF00000316,Window,Halal,None,True,16,4947,Family,2022-01-01,9999-12-31,True,1
317,PAX0000317,FF00000317,No Preference,Standard,WCHC,True,7,12979,Leisure,2022-01-01,9999-12-31,True,1
318,PAX0000318,FF00000318,No Preference,Child,None,False,1,19973,Business Traveler,2022-01-01,9999-12-31,True,1
319,PAX0000319,FF00000319,Aisle,Standard,Wheelchair,False,30,1226,Leisure,2022-01-01,2023-03-31,False,1
3319,PAX0000319,FF00000319,Aisle,Standard,Wheelchair,False,50,18898,Family,2023-04-01,9999-12-31,True,2
320,PAX0000320,FF00000320,No Preference,Standard,WCHC,True,4,6978,Senior,2022-01-01,9999-12-31,True,1
321,PAX0000321,FF00000321,Aisle,None,None,True,3,71721,Business Traveler,2022-01-01,9999-12-31,True,1
322,PAX0000322,FF00000322,Aisle,Standard,WCHC,False,7,18837,Student,2022-01-01,9999-12-31,True,1
323,PAX0000323,FF00000323,Aisle,Vegan,None,True,17,5034,Family,2022-01-01,9999-12-31,True,1
324,PAX0000324,FF00000324,No Preference,Vegetarian,None,False,8,16862,Business Traveler,2022-01-01,9999-12-31,True,1
325,PAX0000325,FF00000325,No Preference,Halal,None,False,10,231705,Student,2022-01-01,2023-03-31,False,1
3325,PAX0000325,FF00000325,No Preference,Halal,None,False,16,241623,Business Traveler,2023-04-01,9999-12-31,True,2
326,PAX0000326,FF00000326,Window,None,None,False,17,15218,Leisure,2022-01-01,9999-12-31,True,1
327,PAX0000327,FF00000327,Window,Child,None,False,21,5615,Student,2022-01-01,9999-12-31,True,1
328,PAX0000328,FF00000328,Window,Halal,None,True,0,6861,Leisure,2022-01-01,9999-12-31,True,1
329,PAX0000329,FF00000329,Window,Halal,None,False,4,21436,Student,2022-01-01,9999-12-31,True,1
330,PAX0000330,FF00000330,No Preference,Vegetarian,None,True,11,72440,Leisure,2022-01-01,2023-03-31,False,1
3330,PAX0000330,FF00000330,No Preference,Vegetarian,None,True,18,90736,Student,2023-04-01,9999-12-31,True,2
331,PAX0000331,FF00000331,No Preference,None,None,False,8,20871,Business Traveler,2022-01-01,9999-12-31,True,1
332,PAX0000332,FF00000332,Window,Halal,WCHR,False,0,1066,Business Traveler,2022-01-01,9999-12-31,True,1
333,PAX0000333,FF00000333,Window,Vegetarian,None,True,9,17297,Business Traveler,2022-01-01,9999-12-31,True,1
334,PAX0000334,FF00000334,Aisle,Vegan,None,False,21,5254,Leisure,2022-01-01,9999-12-31,True,1
335,PAX0000335,FF00000335,Window,Standard,None,True,0,17882,Family,2022-01-01,9999-12-31,True,1
336,PAX0000336,FF00000336,Window,Vegan,None,True,3,1526,Leisure,2022-01-01,9999-12-31,True,1
337,PAX0000337,FF00000337,No Preference,Child,None,False,15,3549,Business Traveler,2022-01-01,9999-12-31,True,1
338,PAX0000338,FF00000338,No Preference,None,None,True,11,9898,Senior,2022-01-01,9999-12-31,True,1
339,PAX0000339,FF00000339,Window,Child,None,True,2,14329,Family,2022-01-01,9999-12-31,True,1
340,PAX0000340,FF00000340,No Preference,Vegan,WCHR,False,19,14932,Student,2022-01-01,9999-12-31,True,1
341,PAX0000341,FF00000341,Window,None,None,False,16,4022,Business Traveler,2022-01-01,9999-12-31,True,1
342,PAX0000342,FF00000342,Window,None,None,True,17,8112,Family,2022-01-01,2023-03-31,False,1
3342,PAX0000342,FF00000342,Window,None,None,True,25,24106,Family,2023-04-01,9999-12-31,True,2
343,PAX0000343,FF00000343,No Preference,Standard,None,True,13,25026,Business Traveler,2022-01-01,9999-12-31,True,1
344,PAX0000344,FF00000344,Window,Vegetarian,None,True,31,14697,Family,2022-01-01,2023-03-31,False,1
3344,PAX0000344,FF00000344,Window,Vegetarian,None,True,39,33295,Leisure,2023-04-01,9999-12-31,True,2
345,PAX0000345,FF00000345,Aisle,Standard,None,False,0,580,Leisure,2022-01-01,2023-03-31,False,1
3345,PAX0000345,FF00000345,Aisle,Standard,None,False,16,10906,Business Traveler,2023-04-01,9999-12-31,True,2
346,PAX0000346,FF00000346,Aisle,None,None,False,21,22316,Senior,2022-01-01,9999-12-31,True,1
347,PAX0000347,FF00000347,Window,Vegetarian,None,True,17,8013,Leisure,2022-01-01,9999-12-31,True,1
348,PAX0000348,FF00000348,Aisle,Standard,None,False,5,916,Senior,2022-01-01,2023-03-31,False,1
3348,PAX0000348,FF00000348,Aisle,Standard,None,False,24,14505,Business Traveler,2023-04-01,9999-12-31,True,2
349,PAX0000349,FF00000349,Aisle,Standard,Wheelchair,True,39,33066,Student,2022-01-01,9999-12-31,True,1
350,PAX0000350,FF00000350,Window,Vegan,None,True,32,9256,Family,2022-01-01,9999-12-31,True,1
351,PAX0000351,FF00000351,Window,Vegan,None,False,11,34042,Senior,2022-01-01,9999-12-31,True,1
352,PAX0000352,FF00000352,Aisle,Vegetarian,None,True,4,56537,Business Traveler,2022-01-01,9999-12-31,True,1
353,PAX0000353,FF00000353,Aisle,Vegetarian,WCHC,True,35,64846,Business Traveler,2022-01-01,9999-12-31,True,1
354,PAX0000354,FF00000354,Aisle,None,None,False,16,9749,Senior,2022-01-01,2023-03-31,False,1
3354,PAX0000354,FF00000354,Aisle,None,None,False,24,18701,Family,2023-04-01,9999-12-31,True,2
355,PAX0000355,FF00000355,Aisle,Vegetarian,None,True,3,99198,Senior,2022-01-01,9999-12-31,True,1
356,PAX0000356,FF00000356,Window,Halal,None,False,0,37768,Family,2022-01-01,9999-12-31,True,1
357,PAX0000357,FF00000357,Window,Standard,None,False,14,29240,Student,2022-01-01,9999-12-31,True,1
358,PAX0000358,FF00000358,Window,None,None,False,55,11213,Business Traveler,2022-01-01,9999-12-31,True,1
359,PAX0000359,FF00000359,Window,Halal,None,False,4,2466,Student,2022-01-01,9999-12-31,True,1
360,PAX0000360,FF00000360,Aisle,Vegan,None,True,7,9075,Business Traveler,2022-01-01,2023-03-31,False,1
3360,PAX0000360,FF00000360,Aisle,Vegan,None,True,19,20804,Leisure,2023-04-01,9999-12-31,True,2
361,PAX0000361,FF00000361,Window,Vegan,None,True,5,53976,Business Traveler,2022-01-01,9999-12-31,True,1
362,PAX0000362,FF00000362,Aisle,None,None,True,32,6164,Leisure,2022-01-01,9999-12-31,True,1
363,PAX0000363,FF00000363,Window,Child,None,False,5,79196,Family,2022-01-01,9999-12-31,True,1
364,PAX0000364,FF00000364,Window,Halal,WCHR,True,0,2907,Business Traveler,2022-01-01,9999-12-31,True,1
365,PAX0000365,FF00000365,No Preference,None,None,True,2,27131,Business Traveler,2022-01-01,9999-12-31,True,1
366,PAX0000366,FF00000366,Window,None,None,True,1,103332,Senior,2022-01-01,9999-12-31,True,1
367,PAX0000367,FF00000367,Aisle,Halal,None,True,7,20885,Family,2022-01-01,9999-12-31,True,1
368,PAX0000368,FF00000368,Aisle,Halal,None,True,3,19100,Business Traveler,2022-01-01,9999-12-31,True,1
369,PAX0000369,FF00000369,No Preference,Standard,None,True,13,41730,Leisure,2022-01-01,9999-12-31,True,1
370,PAX0000370,FF00000370,Window,None,None,True,16,25874,Leisure,2022-01-01,2023-03-31,False,1
3370,PAX0000370,FF00000370,Window,None,None,True,22,41714,Senior,2023-04-01,9999-12-31,True,2
371,PAX0000371,FF00000371,No Preference,Vegetarian,None,True,28,51015,Student,2022-01-01,9999-12-31,True,1
372,PAX0000372,FF00000372,Aisle,None,None,True,16,1716,Leisure,2022-01-01,9999-12-31,True,1
373,PAX0000373,FF00000373,Aisle,Standard,None,False,0,7164,Business Traveler,2022-01-01,2023-03-31,False,1
3373,PAX0000373,FF00000373,Aisle,Standard,None,False,11,13363,Leisure,2023-04-01,9999-12-31,True,2
374,PAX0000374,FF00000374,Window,Vegan,None,True,13,15889,Student,2022-01-01,9999-12-31,True,1
375,PAX0000375,FF00000375,No Preference,Child,WCHR,False,6,64777,Senior,2022-01-01,2023-03-31,False,1
3375,PAX0000375,FF00000375,No Preference,Child,WCHR,False,17,77134,Family,2023-04-01,9999-12-31,True,2
376,PAX0000376,FF00000376,No Preference,Vegan,None,False,27,71964,Family,2022-01-01,9999-12-31,True,1
377,PAX0000377,FF00000377,Window,Vegetarian,None,False,4,35237,Family,2022-01-01,9999-12-31,True,1
378,PAX0000378,FF00000378,No Preference,Standard,None,True,3,6344,Business Traveler,2022-01-01,9999-12-31,True,1
379,PAX0000379,FF00000379,Window,Child,None,True,2,12561,Business Traveler,2022-01-01,9999-12-31,True,1
380,PAX0000380,FF00000380,Window,Vegetarian,None,True,6,53326,Family,2022-01-01,9999-12-31,True,1
381,PAX0000381,FF00000381,Window,Vegetarian,None,True,1,39832,Student,2022-01-01,9999-12-31,True,1
382,PAX0000382,FF00000382,Aisle,Halal,None,True,9,10188,Business Traveler,2022-01-01,9999-12-31,True,1
383,PAX0000383,FF00000383,Window,Vegetarian,Wheelchair,True,8,10697,Business Traveler,2022-01-01,9999-12-31,True,1
384,PAX0000384,FF00000384,Window,Vegan,None,True,10,17066,Student,2022-01-01,9999-12-31,True,1
385,PAX0000385,FF00000385,Aisle,Standard,None,True,2,3718,Business Traveler,2022-01-01,9999-12-31,True,1
386,PAX0000386,FF00000386,No Preference,Standard,None,True,9,69810,Family,2022-01-01,2023-03-31,False,1
3386,PAX0000386,FF00000386,No Preference,Standard,None,True,29,88005,Leisure,2023-04-01,9999-12-31,True,2
387,PAX0000387,FF00000387,No Preference,None,None,True,5,39615,Leisure,2022-01-01,9999-12-31,True,1
388,PAX0000388,FF00000388,No Preference,Standard,None,False,12,80451,Student,2022-01-01,9999-12-31,True,1
389,PAX0000389,FF00000389,Window,Child,None,False,20,25083,Student,2022-01-01,9999-12-31,True,1
390,PAX0000390,FF00000390,Window,Vegetarian,None,False,12,68597,Family,2022-01-01,9999-12-31,True,1
391,PAX0000391,FF00000391,Aisle,Vegan,None,False,6,11871,Senior,2022-01-01,2023-03-31,False,1
3391,PAX0000391,FF00000391,Aisle,Vegan,None,False,12,16916,Family,2023-04-01,9999-12-31,True,2
392,PAX0000392,FF00000392,Window,Vegan,None,False,0,52556,Business Traveler,2022-01-01,9999-12-31,True,1
393,PAX0000393,FF00000393,No Preference,Vegetarian,None,True,19,3309,Leisure,2022-01-01,9999-12-31,True,1
394,PAX0000394,FF00000394,No Preference,Vegetarian,WCHC,False,10,18707,Business Traveler,2022-01-01,9999-12-31,True,1
395,PAX0000395,FF00000395,No Preference,Vegan,None,True,1,118225,Senior,2022-01-01,2023-03-31,False,1
3395,PAX0000395,FF00000395,No Preference,Vegan,None,True,13,129945,Leisure,2023-04-01,9999-12-31,True,2
396,PAX0000396,FF00000396,No Preference,Child,None,False,2,2088,Business Traveler,2022-01-01,9999-12-31,True,1
397,PAX0000397,FF00000397,No Preference,Vegetarian,None,True,10,40281,Student,2022-01-01,9999-12-31,True,1
398,PAX0000398,FF00000398,Aisle,Halal,Wheelchair,True,0,32251,Family,2022-01-01,9999-12-31,True,1
399,PAX0000399,FF00000399,Aisle,None,None,True,9,3269,Family,2022-01-01,9999-12-31,True,1
400,PAX0000400,FF00000400,Window,Child,None,True,2,25178,Family,2022-01-01,9999-12-31,True,1
401,PAX0000401,FF00000401,Window,Vegetarian,None,True,4,83571,Senior,2022-01-01,9999-12-31,True,1
402,PAX0000402,FF00000402,Window,Child,None,False,20,123254,Senior,2022-01-01,9999-12-31,True,1
403,PAX0000403,FF00000403,Aisle,None,None,False,3,104921,Leisure,2022-01-01,2023-03-31,False,1
3403,PAX0000403,FF00000403,Aisle,None,None,False,10,117489,Student,2023-04-01,9999-12-31,True,2
404,PAX0000404,FF00000404,Aisle,Halal,WCHR,False,6,12809,Leisure,2022-01-01,9999-12-31,True,1
405,PAX0000405,FF00000405,Aisle,Standard,None,True,0,1626,Student,2022-01-01,9999-12-31,True,1
406,PAX0000406,FF00000406,Aisle,Vegetarian,WCHR,True,14,18370,Business Traveler,2022-01-01,9999-12-31,True,1
407,PAX0000407,FF00000407,Aisle,Halal,None,True,3,28555,Leisure,2022-01-01,9999-12-31,True,1
408,PAX0000408,FF00000408,No Preference,None,None,True,3,25856,Student,2022-01-01,9999-12-31,True,1
409,PAX0000409,FF00000409,Aisle,Child,Wheelchair,True,5,52041,Student,2022-01-01,2023-03-31,False,1
3409,PAX0000409,FF00000409,Aisle,Child,Wheelchair,True,19,60953,Business Traveler,2023-04-01,9999-12-31,True,2
410,PAX0000410,FF00000410,Window,Vegetarian,WCHC,False,20,19465,Leisure,2022-01-01,9999-12-31,True,1
411,PAX0000411,FF00000411,Aisle,None,None,True,5,13508,Leisure,2022-01-01,9999-12-31,True,1
412,PAX0000412,FF00000412,No Preference,Child,None,False,19,11932,Business Traveler,2022-01-01,9999-12-31,True,1
413,PAX0000413,FF00000413,Window,Vegetarian,None,True,2,2654,Senior,2022-01-01,9999-12-31,True,1
414,PAX0000414,FF00000414,Aisle,Vegetarian,None,False,7,19741,Business Traveler,2022-01-01,9999-12-31,True,1
415,PAX0000415,FF00000415,No Preference,Child,None,False,22,7501,Senior,2022-01-01,2023-03-31,False,1
3415,PAX0000415,FF00000415,No Preference,Child,None,False,40,25262,Family,2023-04-01,9999-12-31,True,2
416,PAX0000416,FF00000416,No Preference,Standard,None,True,5,49571,Leisure,2022-01-01,9999-12-31,True,1
417,PAX0000417,FF00000417,Window,Child,None,False,20,14565,Business Traveler,2022-01-01,9999-12-31,True,1
418,PAX0000418,FF00000418,No Preference,Standard,None,False,7,10841,Student,2022-01-01,9999-12-31,True,1
419,PAX0000419,FF00000419,Aisle,None,None,True,32,3788,Senior,2022-01-01,9999-12-31,True,1
420,PAX0000420,FF00000420,No Preference,Vegetarian,None,False,32,34547,Leisure,2022-01-01,9999-12-31,True,1
421,PAX0000421,FF00000421,No Preference,Standard,Wheelchair,False,9,996,Business Traveler,2022-01-01,9999-12-31,True,1
422,PAX0000422,FF00000422,Aisle,Child,None,True,7,15714,Family,2022-01-01,2023-03-31,False,1
3422,PAX0000422,FF00000422,Aisle,Child,None,True,18,23509,Senior,2023-04-01,9999-12-31,True,2
423,PAX0000423,FF00000423,Window,Vegetarian,None,True,2,32049,Business Traveler,2022-01-01,9999-12-31,True,1
424,PAX0000424,FF00000424,Aisle,Vegan,None,False,42,24779,Business Traveler,2022-01-01,9999-12-31,True,1
425,PAX0000425,FF00000425,Aisle,Vegetarian,None,False,15,2127,Business Traveler,2022-01-01,9999-12-31,True,1
426,PAX0000426,FF00000426,Aisle,Vegetarian,None,False,6,3711,Senior,2022-01-01,9999-12-31,True,1
427,PAX0000427,FF00000427,Window,Child,None,True,11,83652,Leisure,2022-01-01,9999-12-31,True,1
428,PAX0000428,FF00000428,Window,Vegetarian,Wheelchair,True,13,2397,Family,2022-01-01,9999-12-31,True,1
429,PAX0000429,FF00000429,Aisle,Child,None,True,5,23999,Senior,2022-01-01,2023-03-31,False,1
3429,PAX0000429,FF00000429,Aisle,Child,None,True,12,34248,Senior,2023-04-01,9999-12-31,True,2
430,PAX0000430,FF00000430,Window,Standard,WCHR,True,6,53808,Student,2022-01-01,9999-12-31,True,1
431,PAX0000431,FF00000431,Aisle,Child,None,False,20,28389,Family,2022-01-01,2023-03-31,False,1
3431,PAX0000431,FF00000431,Aisle,Child,None,False,38,45890,Senior,2023-04-01,9999-12-31,True,2
432,PAX0000432,FF00000432,Window,Child,None,False,5,8844,Student,2022-01-01,9999-12-31,True,1
433,PAX0000433,FF00000433,Window,Halal,Wheelchair,True,1,13150,Family,2022-01-01,9999-12-31,True,1
434,PAX0000434,FF00000434,Aisle,Halal,None,True,6,33793,Senior,2022-01-01,2023-03-31,False,1
3434,PAX0000434,FF00000434,Aisle,Halal,None,True,22,48861,Leisure,2023-04-01,9999-12-31,True,2
435,PAX0000435,FF00000435,Window,Standard,None,False,12,2180,Business Traveler,2022-01-01,9999-12-31,True,1
436,PAX0000436,FF00000436,Aisle,Child,None,True,6,6018,Student,2022-01-01,9999-12-31,True,1
437,PAX0000437,FF00000437,Window,None,WCHC,False,2,52686,Family,2022-01-01,9999-12-31,True,1
438,PAX0000438,FF00000438,No Preference,None,None,False,0,16299,Family,2022-01-01,9999-12-31,True,1
439,PAX0000439,FF00000439,No Preference,Halal,Wheelchair,False,2,63440,Business Traveler,2022-01-01,9999-12-31,True,1
440,PAX0000440,FF00000440,No Preference,Halal,None,True,9,7894,Leisure,2022-01-01,9999-12-31,True,1
441,PAX0000441,FF00000441,Window,Child,Wheelchair,True,8,39445,Leisure,2022-01-01,9999-12-31,True,1
442,PAX0000442,FF00000442,Window,Halal,None,False,38,7470,Senior,2022-01-01,9999-12-31,True,1
443,PAX0000443,FF00000443,Window,Vegan,None,True,26,81681,Family,2022-01-01,9999-12-31,True,1
444,PAX0000444,FF00000444,Window,Vegan,None,True,29,30269,Senior,2022-01-01,2023-03-31,False,1
3444,PAX0000444,FF00000444,Window,Vegan,None,True,43,44471,Leisure,2023-04-01,9999-12-31,True,2
445,PAX0000445,FF00000445,No Preference,Vegetarian,None,True,11,15485,Student,2022-01-01,9999-12-31,True,1
446,PAX0000446,FF00000446,Aisle,None,None,True,16,22733,Family,2022-01-01,9999-12-31,True,1
447,PAX0000447,FF00000447,Aisle,Standard,Wheelchair,False,13,16782,Business Traveler,2022-01-01,9999-12-31,True,1
448,PAX0000448,FF00000448,No Preference,Child,None,True,15,52198,Family,2022-01-01,9999-12-31,True,1
449,PAX0000449,FF00000449,Aisle,Child,None,True,1,53680,Senior,2022-01-01,9999-12-31,True,1
450,PAX0000450,FF00000450,No Preference,Vegan,None,False,9,55865,Senior,2022-01-01,9999-12-31,True,1
451,PAX0000451,FF00000451,Window,Standard,None,False,6,14294,Business Traveler,2022-01-01,9999-12-31,True,1
452,PAX0000452,FF00000452,Window,Vegetarian,Wheelchair,False,29,8677,Family,2022-01-01,9999-12-31,True,1
453,PAX0000453,FF00000453,Window,Halal,Wheelchair,False,22,19850,Senior,2022-01-01,9999-12-31,True,1
454,PAX0000454,FF00000454,Aisle,Child,None,True,8,11065,Business Traveler,2022-01-01,9999-12-31,True,1
455,PAX0000455,FF00000455,Window,Standard,None,False,10,11800,Family,2022-01-01,9999-12-31,True,1
456,PAX0000456,FF00000456,Window,Standard,None,False,0,9523,Family,2022-01-01,9999-12-31,True,1
457,PAX0000457,FF00000457,Window,Child,None,True,0,114989,Business Traveler,2022-01-01,9999-12-31,True,1
458,PAX0000458,FF00000458,Window,Child,None,True,40,15083,Student,2022-01-01,9999-12-31,True,1
459,PAX0000459,FF00000459,No Preference,Halal,None,False,15,12730,Leisure,2022-01-01,9999-12-31,True,1
460,PAX0000460,FF00000460,No Preference,Vegan,None,True,13,49108,Business Traveler,2022-01-01,9999-12-31,True,1
461,PAX0000461,FF00000461,Aisle,Halal,None,False,35,15335,Senior,2022-01-01,9999-12-31,True,1
462,PAX0000462,FF00000462,Window,Standard,None,False,18,9274,Leisure,2022-01-01,9999-12-31,True,1
463,PAX0000463,FF00000463,Aisle,None,None,True,55,783,Student,2022-01-01,2023-03-31,False,1
3463,PAX0000463,FF00000463,Aisle,None,None,True,75,17661,Business Traveler,2023-04-01,9999-12-31,True,2
464,PAX0000464,FF00000464,Aisle,Vegan,WCHR,True,11,32320,Family,2022-01-01,9999-12-31,True,1
465,PAX0000465,FF00000465,Aisle,Standard,None,False,13,3848,Business Traveler,2022-01-01,9999-12-31,True,1
466,PAX0000466,FF00000466,Aisle,Vegetarian,None,True,33,5996,Student,2022-01-01,9999-12-31,True,1
467,PAX0000467,FF00000467,Window,Halal,WCHR,False,11,7556,Business Traveler,2022-01-01,9999-12-31,True,1
468,PAX0000468,FF00000468,Aisle,Standard,None,True,4,23720,Business Traveler,2022-01-01,2023-03-31,False,1
3468,PAX0000468,FF00000468,Aisle,Standard,None,True,9,34943,Leisure,2023-04-01,9999-12-31,True,2
469,PAX0000469,FF00000469,Aisle,Vegetarian,Wheelchair,False,6,5238,Leisure,2022-01-01,9999-12-31,True,1
470,PAX0000470,FF00000470,Aisle,Vegan,None,True,2,16246,Senior,2022-01-01,2023-03-31,False,1
3470,PAX0000470,FF00000470,Aisle,Vegan,None,True,16,26277,Family,2023-04-01,9999-12-31,True,2
471,PAX0000471,FF00000471,Window,None,WCHC,False,16,68473,Business Traveler,2022-01-01,2023-03-31,False,1
3471,PAX0000471,FF00000471,Window,None,WCHC,False,30,81833,Senior,2023-04-01,9999-12-31,True,2
472,PAX0000472,FF00000472,Window,Vegan,None,True,1,14981,Leisure,2022-01-01,9999-12-31,True,1
473,PAX0000473,FF00000473,Window,Vegan,None,True,1,501,Leisure,2022-01-01,9999-12-31,True,1
474,PAX0000474,FF00000474,Aisle,None,None,True,13,27672,Business Traveler,2022-01-01,2023-03-31,False,1
3474,PAX0000474,FF00000474,Aisle,None,None,True,20,47060,Leisure,2023-04-01,9999-12-31,True,2
475,PAX0000475,FF00000475,No Preference,Child,Wheelchair,True,2,7989,Leisure,2022-01-01,9999-12-31,True,1
476,PAX0000476,FF00000476,Aisle,Vegetarian,None,False,0,54044,Senior,2022-01-01,9999-12-31,True,1
477,PAX0000477,FF00000477,Aisle,Vegetarian,None,True,44,4366,Family,2022-01-01,9999-12-31,True,1
478,PAX0000478,FF00000478,No Preference,Vegetarian,None,False,3,60841,Senior,2022-01-01,2023-03-31,False,1
3478,PAX0000478,FF00000478,No Preference,Vegetarian,None,False,22,77945,Leisure,2023-04-01,9999-12-31,True,2
479,PAX0000479,FF00000479,No Preference,Child,None,False,31,16322,Senior,2022-01-01,9999-12-31,True,1
480,PAX0000480,FF00000480,Aisle,Vegan,None,False,0,1205,Senior,2022-01-01,9999-12-31,True,1
481,PAX0000481,FF00000481,Window,Standard,None,True,10,14971,Senior,2022-01-01,9999-12-31,True,1
482,PAX0000482,FF00000482,Window,Vegetarian,None,False,0,26258,Student,2022-01-01,9999-12-31,True,1
483,PAX0000483,FF00000483,Aisle,None,Wheelchair,False,0,46446,Business Traveler,2022-01-01,9999-12-31,True,1
484,PAX0000484,FF00000484,Aisle,Standard,None,False,4,1232,Family,2022-01-01,2023-03-31,False,1
3484,PAX0000484,FF00000484,Aisle,Standard,None,False,14,7423,Business Traveler,2023-04-01,9999-12-31,True,2
485,PAX0000485,FF00000485,Window,Halal,None,False,10,15209,Family,2022-01-01,9999-12-31,True,1
486,PAX0000486,FF00000486,No Preference,None,None,False,43,23570,Family,2022-01-01,9999-12-31,True,1
487,PAX0000487,FF00000487,No Preference,Standard,WCHR,True,3,37078,Business Traveler,2022-01-01,9999-12-31,True,1
488,PAX0000488,FF00000488,No Preference,None,None,False,3,70378,Family,2022-01-01,9999-12-31,True,1
489,PAX0000489,FF00000489,Aisle,None,None,False,5,23946,Family,2022-01-01,9999-12-31,True,1
490,PAX0000490,FF00000490,No Preference,Standard,None,False,0,16660,Family,2022-01-01,9999-12-31,True,1
491,PAX0000491,FF00000491,Window,None,None,True,21,49142,Student,2022-01-01,9999-12-31,True,1
492,PAX0000492,FF00000492,No Preference,Vegan,None,False,3,7688,Leisure,2022-01-01,9999-12-31,True,1
493,PAX0000493,FF00000493,Window,Standard,WCHR,False,20,79949,Student,2022-01-01,9999-12-31,True,1
494,PAX0000494,FF00000494,No Preference,Standard,None,False,1,17938,Senior,2022-01-01,9999-12-31,True,1
495,PAX0000495,FF00000495,No Preference,Vegetarian,Wheelchair,False,4,61365,Family,2022-01-01,9999-12-31,True,1
496,PAX0000496,FF00000496,Window,Halal,None,True,1,7114,Senior,2022-01-01,9999-12-31,True,1
497,PAX0000497,FF00000497,No Preference,Child,None,True,16,1579,Senior,2022-01-01,9999-12-31,True,1
498,PAX0000498,FF00000498,Window,Halal,None,False,8,17507,Business Traveler,2022-01-01,9999-12-31,True,1
499,PAX0000499,FF00000499,Aisle,Vegan,None,False,4,15054,Senior,2022-01-01,9999-12-31,True,1
500,PAX0000500,FF00000500,Window,Vegetarian,None,True,9,5279,Student,2022-01-01,9999-12-31,True,1
501,PAX0000501,FF00000501,Window,Child,None,False,10,49109,Leisure,2022-01-01,2023-03-31,False,1
3501,PAX0000501,FF00000501,Window,Child,None,False,24,57151,Family,2023-04-01,9999-12-31,True,2
502,PAX0000502,FF00000502,No Preference,Vegetarian,None,False,17,5013,Senior,2022-01-01,9999-12-31,True,1
503,PAX0000503,FF00000503,Window,Child,WCHC,True,1,9366,Student,2022-01-01,9999-12-31,True,1
504,PAX0000504,FF00000504,No Preference,None,WCHR,True,5,15750,Family,2022-01-01,9999-12-31,True,1
505,PAX0000505,FF00000505,Aisle,Vegetarian,WCHR,False,13,1750,Senior,2022-01-01,2023-03-31,False,1
3505,PAX0000505,FF00000505,Aisle,Vegetarian,WCHR,False,23,13363,Family,2023-04-01,9999-12-31,True,2
506,PAX0000506,FF00000506,Window,None,None,False,0,14922,Business Traveler,2022-01-01,9999-12-31,True,1
507,PAX0000507,FF00000507,No Preference,Standard,None,False,14,6449,Student,2022-01-01,9999-12-31,True,1
508,PAX0000508,FF00000508,Aisle,Child,None,False,12,9026,Family,2022-01-01,9999-12-31,True,1
509,PAX0000509,FF00000509,Aisle,None,None,False,26,67811,Leisure,2022-01-01,2023-03-31,False,1
3509,PAX0000509,FF00000509,Aisle,None,None,False,34,87192,Student,2023-04-01,9999-12-31,True,2
510,PAX0000510,FF00000510,No Preference,Child,None,True,4,7840,Senior,2022-01-01,9999-12-31,True,1
511,PAX0000511,FF00000511,Window,Child,Wheelchair,False,6,8254,Family,2022-01-01,9999-12-31,True,1
512,PAX0000512,FF00000512,Window,Halal,None,False,13,52472,Business Traveler,2022-01-01,9999-12-31,True,1
513,PAX0000513,FF00000513,Aisle,Halal,None,True,13,52177,Leisure,2022-01-01,9999-12-31,True,1
514,PAX0000514,FF00000514,Aisle,Vegan,None,True,6,5099,Leisure,2022-01-01,9999-12-31,True,1
515,PAX0000515,FF00000515,Aisle,Standard,None,False,16,13410,Leisure,2022-01-01,9999-12-31,True,1
516,PAX0000516,FF00000516,Window,Halal,WCHR,True,13,9467,Business Traveler,2022-01-01,9999-12-31,True,1
517,PAX0000517,FF00000517,Aisle,Child,None,True,1,147114,Family,2022-01-01,9999-12-31,True,1
518,PAX0000518,FF00000518,No Preference,None,Wheelchair,False,2,133756,Business Traveler,2022-01-01,9999-12-31,True,1
519,PAX0000519,FF00000519,No Preference,Child,None,False,45,47369,Senior,2022-01-01,2023-03-31,False,1
3519,PAX0000519,FF00000519,No Preference,Child,None,False,60,61501,Leisure,2023-04-01,9999-12-31,True,2
520,PAX0000520,FF00000520,Aisle,Vegan,None,False,12,25868,Family,2022-01-01,9999-12-31,True,1
521,PAX0000521,FF00000521,Aisle,Child,None,False,24,10251,Leisure,2022-01-01,2023-03-31,False,1
3521,PAX0000521,FF00000521,Aisle,Child,None,False,39,27388,Student,2023-04-01,9999-12-31,True,2
522,PAX0000522,FF00000522,Aisle,Child,None,False,7,28979,Student,2022-01-01,9999-12-31,True,1
523,PAX0000523,FF00000523,No Preference,Child,None,True,6,16731,Student,2022-01-01,9999-12-31,True,1
524,PAX0000524,FF00000524,Window,None,None,False,4,24919,Business Traveler,2022-01-01,2023-03-31,False,1
3524,PAX0000524,FF00000524,Window,None,None,False,10,30621,Business Traveler,2023-04-01,9999-12-31,True,2
525,PAX0000525,FF00000525,Aisle,Halal,None,True,22,6751,Business Traveler,2022-01-01,9999-12-31,True,1
526,PAX0000526,FF00000526,Window,Halal,Wheelchair,True,32,35047,Leisure,2022-01-01,2023-03-31,False,1
3526,PAX0000526,FF00000526,Window,Halal,Wheelchair,True,52,40600,Student,2023-04-01,9999-12-31,True,2
527,PAX0000527,FF00000527,No Preference,None,None,True,20,24370,Business Traveler,2022-01-01,9999-12-31,True,1
528,PAX0000528,FF00000528,No Preference,Child,None,False,18,489,Family,2022-01-01,9999-12-31,True,1
529,PAX0000529,FF00000529,Window,Vegan,WCHC,True,20,1228,Senior,2022-01-01,9999-12-31,True,1
530,PAX0000530,FF00000530,Aisle,None,WCHR,False,26,144710,Leisure,2022-01-01,9999-12-31,True,1
531,PAX0000531,FF00000531,No Preference,None,None,False,4,7083,Student,2022-01-01,9999-12-31,True,1
532,PAX0000532,FF00000532,No Preference,Vegetarian,Wheelchair,True,17,8751,Family,2022-01-01,9999-12-31,True,1
533,PAX0000533,FF00000533,Window,Vegetarian,Wheelchair,True,24,3255,Leisure,2022-01-01,9999-12-31,True,1
534,PAX0000534,FF00000534,No Preference,Standard,None,True,1,116114,Business Traveler,2022-01-01,9999-12-31,True,1
535,PAX0000535,FF00000535,Window,Child,None,False,13,56297,Senior,2022-01-01,2023-03-31,False,1
3535,PAX0000535,FF00000535,Window,Child,None,False,32,66949,Family,2023-04-01,9999-12-31,True,2
536,PAX0000536,FF00000536,Window,Vegan,None,True,4,33855,Senior,2022-01-01,2023-03-31,False,1
3536,PAX0000536,FF00000536,Window,Vegan,None,True,20,46720,Leisure,2023-04-01,9999-12-31,True,2
537,PAX0000537,FF00000537,Aisle,None,WCHC,False,10,27725,Senior,2022-01-01,2023-03-31,False,1
3537,PAX0000537,FF00000537,Aisle,None,WCHC,False,16,38056,Leisure,2023-04-01,9999-12-31,True,2
538,PAX0000538,FF00000538,Window,Child,Wheelchair,False,13,25695,Senior,2022-01-01,9999-12-31,True,1
539,PAX0000539,FF00000539,No Preference,Standard,None,True,6,9685,Senior,2022-01-01,9999-12-31,True,1
540,PAX0000540,FF00000540,Window,Standard,None,True,17,7696,Leisure,2022-01-01,9999-12-31,True,1
541,PAX0000541,FF00000541,Window,Child,None,True,14,7971,Business Traveler,2022-01-01,9999-12-31,True,1
542,PAX0000542,FF00000542,No Preference,Child,WCHR,True,11,41240,Senior,2022-01-01,9999-12-31,True,1
543,PAX0000543,FF00000543,No Preference,Vegan,None,True,2,1854,Student,2022-01-01,9999-12-31,True,1
544,PAX0000544,FF00000544,Window,Vegetarian,None,False,1,27941,Leisure,2022-01-01,9999-12-31,True,1
545,PAX0000545,FF00000545,No Preference,Vegetarian,None,False,22,1381,Student,2022-01-01,9999-12-31,True,1
546,PAX0000546,FF00000546,No Preference,Vegan,None,False,15,12525,Leisure,2022-01-01,2023-03-31,False,1
3546,PAX0000546,FF00000546,No Preference,Vegan,None,False,29,21574,Senior,2023-04-01,9999-12-31,True,2
547,PAX0000547,FF00000547,No Preference,Halal,None,False,7,79292,Family,2022-01-01,9999-12-31,True,1
548,PAX0000548,FF00000548,No Preference,None,None,True,4,18783,Senior,2022-01-01,9999-12-31,True,1
549,PAX0000549,FF00000549,No Preference,Vegan,None,True,0,2553,Senior,2022-01-01,2023-03-31,False,1
3549,PAX0000549,FF00000549,No Preference,Vegan,None,True,15,11591,Business Traveler,2023-04-01,9999-12-31,True,2
550,PAX0000550,FF00000550,No Preference,Vegan,None,False,3,847,Business Traveler,2022-01-01,9999-12-31,True,1
551,PAX0000551,FF00000551,Aisle,Vegetarian,None,True,11,16674,Leisure,2022-01-01,2023-03-31,False,1
3551,PAX0000551,FF00000551,Aisle,Vegetarian,None,True,20,34670,Business Traveler,2023-04-01,9999-12-31,True,2
552,PAX0000552,FF00000552,No Preference,None,Wheelchair,True,9,5758,Leisure,2022-01-01,2023-03-31,False,1
3552,PAX0000552,FF00000552,No Preference,None,Wheelchair,True,22,23226,Business Traveler,2023-04-01,9999-12-31,True,2
553,PAX0000553,FF00000553,No Preference,None,Wheelchair,False,4,32703,Student,2022-01-01,9999-12-31,True,1
554,PAX0000554,FF00000554,No Preference,None,Wheelchair,False,40,1551,Leisure,2022-01-01,9999-12-31,True,1
555,PAX0000555,FF00000555,Window,Standard,None,False,26,25803,Student,2022-01-01,9999-12-31,True,1
556,PAX0000556,FF00000556,Window,Child,Wheelchair,False,9,20811,Business Traveler,2022-01-01,9999-12-31,True,1
557,PAX0000557,FF00000557,Window,Vegetarian,Wheelchair,True,0,2825,Business Traveler,2022-01-01,9999-12-31,True,1
558,PAX0000558,FF00000558,Window,None,WCHR,False,11,12509,Business Traveler,2022-01-01,2023-03-31,False,1
3558,PAX0000558,FF00000558,Window,None,WCHR,False,31,22050,Leisure,2023-04-01,9999-12-31,True,2
559,PAX0000559,FF00000559,No Preference,Child,None,True,29,15656,Business Traveler,2022-01-01,9999-12-31,True,1
560,PAX0000560,FF00000560,Window,Vegetarian,None,False,1,37628,Business Traveler,2022-01-01,9999-12-31,True,1
561,PAX0000561,FF00000561,Aisle,Standard,None,True,4,22362,Business Traveler,2022-01-01,9999-12-31,True,1
562,PAX0000562,FF00000562,No Preference,None,WCHC,False,14,69156,Senior,2022-01-01,9999-12-31,True,1
563,PAX0000563,FF00000563,Window,Child,None,True,18,33843,Business Traveler,2022-01-01,2023-03-31,False,1
3563,PAX0000563,FF00000563,Window,Child,None,True,26,40964,Senior,2023-04-01,9999-12-31,True,2
564,PAX0000564,FF00000564,Window,Standard,None,True,13,87521,Senior,2022-01-01,2023-03-31,False,1
3564,PAX0000564,FF00000564,Window,Standard,None,True,32,96595,Student,2023-04-01,9999-12-31,True,2
565,PAX0000565,FF00000565,No Preference,None,None,True,4,33,Student,2022-01-01,9999-12-31,True,1
566,PAX0000566,FF00000566,Aisle,Vegetarian,None,True,3,7372,Senior,2022-01-01,9999-12-31,True,1
567,PAX0000567,FF00000567,Aisle,Child,None,False,13,30130,Leisure,2022-01-01,2023-03-31,False,1
3567,PAX0000567,FF00000567,Aisle,Child,None,False,18,48070,Student,2023-04-01,9999-12-31,True,2
568,PAX0000568,FF00000568,Aisle,None,None,False,10,491,Business Traveler,2022-01-01,9999-12-31,True,1
569,PAX0000569,FF00000569,Window,Vegetarian,None,False,15,11726,Leisure,2022-01-01,2023-03-31,False,1
3569,PAX0000569,FF00000569,Window,Vegetarian,None,False,26,28205,Family,2023-04-01,9999-12-31,True,2
570,PAX0000570,FF00000570,Aisle,None,None,True,13,24397,Business Traveler,2022-01-01,9999-12-31,True,1
571,PAX0000571,FF00000571,No Preference,Child,None,True,5,4336,Family,2022-01-01,9999-12-31,True,1
572,PAX0000572,FF00000572,Window,Vegetarian,WCHC,True,1,53427,Leisure,2022-01-01,9999-12-31,True,1
573,PAX0000573,FF00000573,Aisle,Child,None,False,30,31476,Senior,2022-01-01,9999-12-31,True,1
574,PAX0000574,FF00000574,Window,Standard,None,True,1,15426,Leisure,2022-01-01,2023-03-31,False,1
3574,PAX0000574,FF00000574,Window,Standard,None,True,7,27347,Senior,2023-04-01,9999-12-31,True,2
575,PAX0000575,FF00000575,No Preference,Vegetarian,None,False,15,45399,Student,2022-01-01,2023-03-31,False,1
3575,PAX0000575,FF00000575,No Preference,Vegetarian,None,False,21,57658,Family,2023-04-01,9999-12-31,True,2
576,PAX0000576,FF00000576,Window,Vegan,None,True,1,0,Senior,2022-01-01,9999-12-31,True,1
577,PAX0000577,FF00000577,Aisle,Child,None,True,14,13229,Student,2022-01-01,9999-12-31,True,1
578,PAX0000578,FF00000578,Window,None,None,True,3,389,Leisure,2022-01-01,9999-12-31,True,1
579,PAX0000579,FF00000579,Window,Vegetarian,None,True,9,57144,Family,2022-01-01,9999-12-31,True,1
580,PAX0000580,FF00000580,Aisle,Child,WCHR,False,37,25023,Student,2022-01-01,9999-12-31,True,1
581,PAX0000581,FF00000581,No Preference,Standard,None,False,8,2666,Student,2022-01-01,9999-12-31,True,1
582,PAX0000582,FF00000582,Window,Halal,None,True,9,14340,Leisure,2022-01-01,9999-12-31,True,1
583,PAX0000583,FF00000583,Aisle,Standard,None,True,11,14766,Business Traveler,2022-01-01,9999-12-31,True,1
584,PAX0000584,FF00000584,Window,Vegetarian,None,False,3,2993,Family,2022-01-01,9999-12-31,True,1
585,PAX0000585,FF00000585,Aisle,Standard,None,False,4,3049,Family,2022-01-01,2023-03-31,False,1
3585,PAX0000585,FF00000585,Aisle,Standard,None,False,12,21358,Business Traveler,2023-04-01,9999-12-31,True,2
586,PAX0000586,FF00000586,Aisle,Vegan,None,True,2,131070,Business Traveler,2022-01-01,9999-12-31,True,1
587,PAX0000587,FF00000587,Aisle,Standard,None,True,7,22770,Senior,2022-01-01,9999-12-31,True,1
588,PAX0000588,FF00000588,Aisle,None,None,True,24,162573,Business Traveler,2022-01-01,9999-12-31,True,1
589,PAX0000589,FF00000589,No Preference,Halal,None,True,10,50215,Senior,2022-01-01,2023-03-31,False,1
3589,PAX0000589,FF00000589,No Preference,Halal,None,True,15,55500,Leisure,2023-04-01,9999-12-31,True,2
590,PAX0000590,FF00000590,Window,Halal,None,False,4,10947,Senior,2022-01-01,9999-12-31,True,1
591,PAX0000591,FF00000591,Aisle,Vegan,None,True,6,33488,Family,2022-01-01,2023-03-31,False,1
3591,PAX0000591,FF00000591,Aisle,Vegan,None,True,17,48432,Leisure,2023-04-01,9999-12-31,True,2
592,PAX0000592,FF00000592,Aisle,Halal,Wheelchair,False,13,11360,Senior,2022-01-01,9999-12-31,True,1
593,PAX0000593,FF00000593,No Preference,Standard,None,True,1,30022,Senior,2022-01-01,2023-03-31,False,1
3593,PAX0000593,FF00000593,No Preference,Standard,None,True,14,41624,Business Traveler,2023-04-01,9999-12-31,True,2
594,PAX0000594,FF00000594,Window,Halal,WCHC,True,1,25917,Business Traveler,2022-01-01,9999-12-31,True,1
595,PAX0000595,FF00000595,No Preference,Vegan,None,True,14,36180,Student,2022-01-01,2023-03-31,False,1
3595,PAX0000595,FF00000595,No Preference,Vegan,None,True,26,50090,Student,2023-04-01,9999-12-31,True,2
596,PAX0000596,FF00000596,No Preference,Standard,Wheelchair,False,16,61873,Family,2022-01-01,2023-03-31,False,1
3596,PAX0000596,FF00000596,No Preference,Standard,Wheelchair,False,23,72061,Leisure,2023-04-01,9999-12-31,True,2
597,PAX0000597,FF00000597,Window,Halal,None,True,8,39307,Family,2022-01-01,9999-12-31,True,1
598,PAX0000598,FF00000598,Aisle,Vegan,None,False,11,6197,Leisure,2022-01-01,9999-12-31,True,1
599,PAX0000599,FF00000599,No Preference,Vegan,None,False,0,10044,Senior,2022-01-01,9999-12-31,True,1
600,PAX0000600,FF00000600,Window,Vegan,WCHR,True,7,28799,Leisure,2022-01-01,9999-12-31,True,1
601,PAX0000601,FF00000601,Window,Vegan,None,False,22,6553,Leisure,2022-01-01,9999-12-31,True,1
602,PAX0000602,FF00000602,Aisle,Vegan,None,False,1,99296,Family,2022-01-01,9999-12-31,True,1
603,PAX0000603,FF00000603,No Preference,Vegan,Wheelchair,True,1,19530,Student,2022-01-01,2023-03-31,False,1
3603,PAX0000603,FF00000603,No Preference,Vegan,Wheelchair,True,10,24961,Senior,2023-04-01,9999-12-31,True,2
604,PAX0000604,FF00000604,Window,Child,None,True,10,23385,Business Traveler,2022-01-01,2023-03-31,False,1
3604,PAX0000604,FF00000604,Window,Child,None,True,20,39210,Business Traveler,2023-04-01,9999-12-31,True,2
605,PAX0000605,FF00000605,Window,None,Wheelchair,False,1,1761,Business Traveler,2022-01-01,9999-12-31,True,1
606,PAX0000606,FF00000606,No Preference,Standard,None,False,1,26426,Leisure,2022-01-01,9999-12-31,True,1
607,PAX0000607,FF00000607,Aisle,Standard,None,False,9,7987,Family,2022-01-01,2023-03-31,False,1
3607,PAX0000607,FF00000607,Aisle,Standard,None,False,26,27636,Business Traveler,2023-04-01,9999-12-31,True,2
608,PAX0000608,FF00000608,No Preference,Vegetarian,None,True,12,51455,Senior,2022-01-01,9999-12-31,True,1
609,PAX0000609,FF00000609,No Preference,Child,None,True,0,20682,Family,2022-01-01,9999-12-31,True,1
610,PAX0000610,FF00000610,Aisle,Vegan,WCHR,True,14,8723,Business Traveler,2022-01-01,9999-12-31,True,1
611,PAX0000611,FF00000611,Window,Vegan,None,False,4,28529,Business Traveler,2022-01-01,9999-12-31,True,1
612,PAX0000612,FF00000612,Window,Vegan,None,False,27,49810,Family,2022-01-01,9999-12-31,True,1
613,PAX0000613,FF00000613,No Preference,Standard,WCHR,False,10,39304,Family,2022-01-01,9999-12-31,True,1
614,PAX0000614,FF00000614,No Preference,Vegan,None,True,5,30730,Senior,2022-01-01,9999-12-31,True,1
615,PAX0000615,FF00000615,No Preference,Vegan,None,True,7,6319,Student,2022-01-01,2023-03-31,False,1
3615,PAX0000615,FF00000615,No Preference,Vegan,None,True,19,23007,Student,2023-04-01,9999-12-31,True,2
616,PAX0000616,FF00000616,Window,Child,None,False,14,24389,Senior,2022-01-01,2023-03-31,False,1
3616,PAX0000616,FF00000616,Window,Child,None,False,26,32289,Family,2023-04-01,9999-12-31,True,2
617,PAX0000617,FF00000617,No Preference,None,None,True,5,72688,Student,2022-01-01,9999-12-31,True,1
618,PAX0000618,FF00000618,Aisle,Child,None,False,0,11383,Leisure,2022-01-01,9999-12-31,True,1
619,PAX0000619,FF00000619,No Preference,Vegan,None,False,0,43640,Family,2022-01-01,9999-12-31,True,1
620,PAX0000620,FF00000620,No Preference,Halal,WCHR,False,14,12074,Business Traveler,2022-01-01,9999-12-31,True,1
621,PAX0000621,FF00000621,Window,Standard,None,True,13,15122,Family,2022-01-01,9999-12-31,True,1
622,PAX0000622,FF00000622,Window,Halal,None,True,16,18164,Senior,2022-01-01,9999-12-31,True,1
623,PAX0000623,FF00000623,Window,Child,WCHC,True,6,81876,Student,2022-01-01,9999-12-31,True,1
624,PAX0000624,FF00000624,No Preference,Vegetarian,None,False,3,3850,Leisure,2022-01-01,9999-12-31,True,1
625,PAX0000625,FF00000625,Window,Child,None,True,10,104526,Senior,2022-01-01,2023-03-31,False,1
3625,PAX0000625,FF00000625,Window,Child,None,True,17,114439,Business Traveler,2023-04-01,9999-12-31,True,2
626,PAX0000626,FF00000626,Window,Child,Wheelchair,True,5,1921,Student,2022-01-01,9999-12-31,True,1
627,PAX0000627,FF00000627,No Preference,Vegetarian,WCHC,True,4,21152,Senior,2022-01-01,2023-03-31,False,1
3627,PAX0000627,FF00000627,No Preference,Vegetarian,WCHC,True,24,37943,Leisure,2023-04-01,9999-12-31,True,2
628,PAX0000628,FF00000628,Window,Halal,None,True,2,32197,Business Traveler,2022-01-01,9999-12-31,True,1
629,PAX0000629,FF00000629,No Preference,Standard,None,True,73,18030,Leisure,2022-01-01,9999-12-31,True,1
630,PAX0000630,FF00000630,Aisle,Vegan,None,True,5,15359,Family,2022-01-01,2023-03-31,False,1
3630,PAX0000630,FF00000630,Aisle,Vegan,None,True,11,34662,Student,2023-04-01,9999-12-31,True,2
631,PAX0000631,FF00000631,Aisle,Halal,None,False,1,64437,Senior,2022-01-01,9999-12-31,True,1
632,PAX0000632,FF00000632,No Preference,Vegan,Wheelchair,True,6,14695,Family,2022-01-01,2023-03-31,False,1
3632,PAX0000632,FF00000632,No Preference,Vegan,Wheelchair,True,12,28652,Student,2023-04-01,9999-12-31,True,2
633,PAX0000633,FF00000633,No Preference,Standard,Wheelchair,False,12,17503,Family,2022-01-01,2023-03-31,False,1
3633,PAX0000633,FF00000633,No Preference,Standard,Wheelchair,False,19,29758,Student,2023-04-01,9999-12-31,True,2
634,PAX0000634,FF00000634,No Preference,Standard,None,False,12,1902,Family,2022-01-01,2023-03-31,False,1
3634,PAX0000634,FF00000634,No Preference,Standard,None,False,29,11244,Senior,2023-04-01,9999-12-31,True,2
635,PAX0000635,FF00000635,No Preference,None,None,True,20,84655,Family,2022-01-01,9999-12-31,True,1
636,PAX0000636,FF00000636,Aisle,Halal,WCHR,False,12,92744,Family,2022-01-01,9999-12-31,True,1
637,PAX0000637,FF00000637,Window,Halal,None,False,1,19469,Student,2022-01-01,9999-12-31,True,1
638,PAX0000638,FF00000638,Window,Child,None,True,11,26149,Business Traveler,2022-01-01,9999-12-31,True,1
639,PAX0000639,FF00000639,Aisle,Vegetarian,None,False,6,12378,Business Traveler,2022-01-01,9999-12-31,True,1
640,PAX0000640,FF00000640,Window,Vegan,None,True,1,14914,Leisure,2022-01-01,9999-12-31,True,1
641,PAX0000641,FF00000641,No Preference,Vegan,None,False,2,39769,Leisure,2022-01-01,9999-12-31,True,1
642,PAX0000642,FF00000642,Window,Standard,None,False,2,1810,Student,2022-01-01,9999-12-31,True,1
643,PAX0000643,FF00000643,Aisle,Standard,None,False,9,27133,Leisure,2022-01-01,9999-12-31,True,1
644,PAX0000644,FF00000644,Aisle,Vegetarian,None,False,24,25810,Senior,2022-01-01,9999-12-31,True,1
645,PAX0000645,FF00000645,No Preference,Child,None,False,5,48738,Senior,2022-01-01,9999-12-31,True,1
646,PAX0000646,FF00000646,Aisle,Halal,None,False,9,2477,Student,2022-01-01,9999-12-31,True,1
647,PAX0000647,FF00000647,Aisle,Halal,None,True,10,71585,Family,2022-01-01,9999-12-31,True,1
648,PAX0000648,FF00000648,Aisle,Vegetarian,None,True,6,10543,Senior,2022-01-01,2023-03-31,False,1
3648,PAX0000648,FF00000648,Aisle,Vegetarian,None,True,19,28632,Student,2023-04-01,9999-12-31,True,2
649,PAX0000649,FF00000649,Aisle,Vegetarian,Wheelchair,True,1,4926,Senior,2022-01-01,9999-12-31,True,1
650,PAX0000650,FF00000650,Window,Vegan,None,False,6,27166,Leisure,2022-01-01,9999-12-31,True,1
651,PAX0000651,FF00000651,No Preference,Vegan,None,True,1,84187,Business Traveler,2022-01-01,2023-03-31,False,1
3651,PAX0000651,FF00000651,No Preference,Vegan,None,True,11,101672,Student,2023-04-01,9999-12-31,True,2
652,PAX0000652,FF00000652,Aisle,Vegan,None,False,16,26501,Student,2022-01-01,9999-12-31,True,1
653,PAX0000653,FF00000653,No Preference,Standard,None,True,21,2507,Business Traveler,2022-01-01,2023-03-31,False,1
3653,PAX0000653,FF00000653,No Preference,Standard,None,True,28,13610,Business Traveler,2023-04-01,9999-12-31,True,2
654,PAX0000654,FF00000654,No Preference,Halal,None,False,7,29835,Business Traveler,2022-01-01,2023-03-31,False,1
3654,PAX0000654,FF00000654,No Preference,Halal,None,False,12,36610,Family,2023-04-01,9999-12-31,True,2
655,PAX0000655,FF00000655,No Preference,Vegan,None,False,21,45900,Family,2022-01-01,2023-03-31,False,1
3655,PAX0000655,FF00000655,No Preference,Vegan,None,False,31,60367,Business Traveler,2023-04-01,9999-12-31,True,2
656,PAX0000656,FF00000656,Aisle,Vegan,WCHR,True,3,84845,Student,2022-01-01,9999-12-31,True,1
657,PAX0000657,FF00000657,Aisle,Halal,Wheelchair,False,1,62415,Business Traveler,2022-01-01,2023-03-31,False,1
3657,PAX0000657,FF00000657,Aisle,Halal,Wheelchair,False,11,68291,Business Traveler,2023-04-01,9999-12-31,True,2
658,PAX0000658,FF00000658,Aisle,Vegetarian,None,False,42,5849,Student,2022-01-01,9999-12-31,True,1
659,PAX0000659,FF00000659,No Preference,None,None,True,15,1233,Senior,2022-01-01,9999-12-31,True,1
660,PAX0000660,FF00000660,No Preference,Vegetarian,None,False,6,21787,Family,2022-01-01,2023-03-31,False,1
3660,PAX0000660,FF00000660,No Preference,Vegetarian,None,False,14,37792,Leisure,2023-04-01,9999-12-31,True,2
661,PAX0000661,FF00000661,Window,Child,None,False,10,82436,Student,2022-01-01,9999-12-31,True,1
662,PAX0000662,FF00000662,Aisle,Standard,None,False,13,19691,Student,2022-01-01,9999-12-31,True,1
663,PAX0000663,FF00000663,No Preference,Vegan,None,True,19,90193,Leisure,2022-01-01,9999-12-31,True,1
664,PAX0000664,FF00000664,Window,Vegetarian,None,False,0,121403,Student,2022-01-01,9999-12-31,True,1
665,PAX0000665,FF00000665,No Preference,None,WCHC,True,1,50522,Senior,2022-01-01,9999-12-31,True,1
666,PAX0000666,FF00000666,Window,Vegetarian,None,True,3,4253,Senior,2022-01-01,2023-03-31,False,1
3666,PAX0000666,FF00000666,Window,Vegetarian,None,True,20,20477,Leisure,2023-04-01,9999-12-31,True,2
667,PAX0000667,FF00000667,Window,Vegan,None,True,6,30981,Family,2022-01-01,2023-03-31,False,1
3667,PAX0000667,FF00000667,Window,Vegan,None,True,23,40026,Business Traveler,2023-04-01,9999-12-31,True,2
668,PAX0000668,FF00000668,Aisle,Halal,None,True,5,1683,Business Traveler,2022-01-01,9999-12-31,True,1
669,PAX0000669,FF00000669,Window,Halal,None,True,10,69807,Student,2022-01-01,9999-12-31,True,1
670,PAX0000670,FF00000670,Window,Halal,None,True,5,7313,Family,2022-01-01,2023-03-31,False,1
3670,PAX0000670,FF00000670,Window,Halal,None,True,24,20081,Senior,2023-04-01,9999-12-31,True,2
671,PAX0000671,FF00000671,No Preference,Standard,Wheelchair,False,7,1487,Leisure,2022-01-01,9999-12-31,True,1
672,PAX0000672,FF00000672,No Preference,Halal,None,False,20,52519,Business Traveler,2022-01-01,9999-12-31,True,1
673,PAX0000673,FF00000673,No Preference,Halal,None,False,10,13067,Family,2022-01-01,9999-12-31,True,1
674,PAX0000674,FF00000674,No Preference,Standard,None,False,19,24269,Leisure,2022-01-01,9999-12-31,True,1
675,PAX0000675,FF00000675,No Preference,Vegan,WCHC,False,20,29946,Family,2022-01-01,9999-12-31,True,1
676,PAX0000676,FF00000676,No Preference,Child,None,True,18,27381,Family,2022-01-01,2023-03-31,False,1
3676,PAX0000676,FF00000676,No Preference,Child,None,True,38,41863,Student,2023-04-01,9999-12-31,True,2
677,PAX0000677,FF00000677,Aisle,Standard,None,False,6,95063,Leisure,2022-01-01,9999-12-31,True,1
678,PAX0000678,FF00000678,Window,None,WCHC,False,9,27872,Student,2022-01-01,2023-03-31,False,1
3678,PAX0000678,FF00000678,Window,None,WCHC,False,20,46497,Leisure,2023-04-01,9999-12-31,True,2
679,PAX0000679,FF00000679,Window,Child,None,True,2,29476,Leisure,2022-01-01,9999-12-31,True,1
680,PAX0000680,FF00000680,Window,None,None,False,10,6131,Business Traveler,2022-01-01,9999-12-31,True,1
681,PAX0000681,FF00000681,No Preference,Vegetarian,WCHC,True,0,27817,Family,2022-01-01,9999-12-31,True,1
682,PAX0000682,FF00000682,Window,Standard,None,True,17,22232,Business Traveler,2022-01-01,2023-03-31,False,1
3682,PAX0000682,FF00000682,Window,Standard,None,True,22,27498,Leisure,2023-04-01,9999-12-31,True,2
683,PAX0000683,FF00000683,No Preference,Vegan,None,False,3,32945,Business Traveler,2022-01-01,2023-03-31,False,1
3683,PAX0000683,FF00000683,No Preference,Vegan,None,False,23,49657,Business Traveler,2023-04-01,9999-12-31,True,2
684,PAX0000684,FF00000684,Window,Child,None,False,1,17492,Leisure,2022-01-01,9999-12-31,True,1
685,PAX0000685,FF00000685,Aisle,Standard,WCHR,True,2,6117,Family,2022-01-01,9999-12-31,True,1
686,PAX0000686,FF00000686,Window,None,WCHR,True,2,14667,Senior,2022-01-01,9999-12-31,True,1
687,PAX0000687,FF00000687,No Preference,None,None,False,0,15214,Student,2022-01-01,9999-12-31,True,1
688,PAX0000688,FF00000688,Aisle,None,None,True,8,19808,Business Traveler,2022-01-01,2023-03-31,False,1
3688,PAX0000688,FF00000688,Aisle,None,None,True,27,38493,Business Traveler,2023-04-01,9999-12-31,True,2
689,PAX0000689,FF00000689,Window,Standard,None,False,5,54817,Student,2022-01-01,9999-12-31,True,1
690,PAX0000690,FF00000690,Aisle,Standard,None,True,1,21138,Senior,2022-01-01,9999-12-31,True,1
691,PAX0000691,FF00000691,Aisle,Vegan,None,True,0,2214,Business Traveler,2022-01-01,9999-12-31,True,1
692,PAX0000692,FF00000692,Aisle,Halal,Wheelchair,True,10,25042,Leisure,2022-01-01,9999-12-31,True,1
693,PAX0000693,FF00000693,Aisle,Child,None,False,25,24484,Family,2022-01-01,9999-12-31,True,1
694,PAX0000694,FF00000694,Aisle,Child,None,True,38,1497,Student,2022-01-01,9999-12-31,True,1
695,PAX0000695,FF00000695,Aisle,Vegan,None,False,1,1351,Family,2022-01-01,2023-03-31,False,1
3695,PAX0000695,FF00000695,Aisle,Vegan,None,False,18,8961,Family,2023-04-01,9999-12-31,True,2
696,PAX0000696,FF00000696,Aisle,Standard,None,False,2,23378,Family,2022-01-01,9999-12-31,True,1
697,PAX0000697,FF00000697,No Preference,Standard,None,False,12,1399,Family,2022-01-01,2023-03-31,False,1
3697,PAX0000697,FF00000697,No Preference,Standard,None,False,28,19552,Business Traveler,2023-04-01,9999-12-31,True,2
698,PAX0000698,FF00000698,Window,Halal,None,True,35,55386,Family,2022-01-01,9999-12-31,True,1
699,PAX0000699,FF00000699,No Preference,Child,None,True,4,2409,Business Traveler,2022-01-01,2023-03-31,False,1
3699,PAX0000699,FF00000699,No Preference,Child,None,True,23,21323,Student,2023-04-01,9999-12-31,True,2
700,PAX0000700,FF00000700,No Preference,Child,None,True,2,4072,Senior,2022-01-01,2023-03-31,False,1
3700,PAX0000700,FF00000700,No Preference,Child,None,True,7,21541,Business Traveler,2023-04-01,9999-12-31,True,2
701,PAX0000701,FF00000701,No Preference,Halal,WCHR,True,1,21929,Senior,2022-01-01,9999-12-31,True,1
702,PAX0000702,FF00000702,Window,Vegan,None,False,3,13301,Business Traveler,2022-01-01,9999-12-31,True,1
703,PAX0000703,FF00000703,Aisle,Vegan,None,True,54,34590,Business Traveler,2022-01-01,9999-12-31,True,1
704,PAX0000704,FF00000704,No Preference,Child,None,True,35,4614,Family,2022-01-01,9999-12-31,True,1
705,PAX0000705,FF00000705,Window,Vegan,None,True,5,24272,Leisure,2022-01-01,9999-12-31,True,1
706,PAX0000706,FF00000706,No Preference,Child,None,True,0,125,Student,2022-01-01,9999-12-31,True,1
707,PAX0000707,FF00000707,Window,Standard,Wheelchair,False,13,30801,Student,2022-01-01,9999-12-31,True,1
708,PAX0000708,FF00000708,Window,Halal,None,True,6,20179,Business Traveler,2022-01-01,9999-12-31,True,1
709,PAX0000709,FF00000709,Aisle,Vegan,Wheelchair,True,6,728,Business Traveler,2022-01-01,2023-03-31,False,1
3709,PAX0000709,FF00000709,Aisle,Vegan,Wheelchair,True,18,17264,Senior,2023-04-01,9999-12-31,True,2
710,PAX0000710,FF00000710,Aisle,Halal,WCHR,False,4,5846,Leisure,2022-01-01,9999-12-31,True,1
711,PAX0000711,FF00000711,Aisle,Vegetarian,None,False,1,94202,Student,2022-01-01,2023-03-31,False,1
3711,PAX0000711,FF00000711,Aisle,Vegetarian,None,False,21,107724,Business Traveler,2023-04-01,9999-12-31,True,2
712,PAX0000712,FF00000712,No Preference,Vegetarian,None,False,10,39131,Senior,2022-01-01,9999-12-31,True,1
713,PAX0000713,FF00000713,Aisle,Standard,None,False,4,14984,Business Traveler,2022-01-01,9999-12-31,True,1
714,PAX0000714,FF00000714,Aisle,Child,None,True,3,3059,Business Traveler,2022-01-01,2023-03-31,False,1
3714,PAX0000714,FF00000714,Aisle,Child,None,True,8,18060,Student,2023-04-01,9999-12-31,True,2
715,PAX0000715,FF00000715,Aisle,Standard,WCHC,True,2,47912,Student,2022-01-01,2023-03-31,False,1
3715,PAX0000715,FF00000715,Aisle,Standard,WCHC,True,8,65099,Business Traveler,2023-04-01,9999-12-31,True,2
716,PAX0000716,FF00000716,Aisle,Standard,Wheelchair,True,13,23751,Leisure,2022-01-01,2023-03-31,False,1
3716,PAX0000716,FF00000716,Aisle,Standard,Wheelchair,True,20,42016,Senior,2023-04-01,9999-12-31,True,2
717,PAX0000717,FF00000717,Aisle,None,None,False,7,76698,Student,2022-01-01,9999-12-31,True,1
718,PAX0000718,FF00000718,No Preference,Standard,Wheelchair,False,0,9880,Family,2022-01-01,9999-12-31,True,1
719,PAX0000719,FF00000719,Window,None,None,False,5,45756,Senior,2022-01-01,9999-12-31,True,1
720,PAX0000720,FF00000720,Aisle,Halal,None,False,58,8259,Student,2022-01-01,9999-12-31,True,1
721,PAX0000721,FF00000721,Aisle,None,None,True,24,53268,Senior,2022-01-01,9999-12-31,True,1
722,PAX0000722,FF00000722,No Preference,Standard,None,True,3,15291,Business Traveler,2022-01-01,9999-12-31,True,1
723,PAX0000723,FF00000723,Aisle,Child,None,False,6,114803,Leisure,2022-01-01,9999-12-31,True,1
724,PAX0000724,FF00000724,Aisle,Vegetarian,WCHC,False,2,48157,Senior,2022-01-01,9999-12-31,True,1
725,PAX0000725,FF00000725,Window,Halal,Wheelchair,True,4,39376,Senior,2022-01-01,9999-12-31,True,1
726,PAX0000726,FF00000726,Aisle,Child,None,False,6,25908,Senior,2022-01-01,2023-03-31,False,1
3726,PAX0000726,FF00000726,Aisle,Child,None,False,18,42667,Family,2023-04-01,9999-12-31,True,2
727,PAX0000727,FF00000727,Aisle,Child,None,False,21,48914,Leisure,2022-01-01,9999-12-31,True,1
728,PAX0000728,FF00000728,No Preference,Halal,None,True,24,1844,Family,2022-01-01,2023-03-31,False,1
3728,PAX0000728,FF00000728,No Preference,Halal,None,True,30,14143,Student,2023-04-01,9999-12-31,True,2
729,PAX0000729,FF00000729,Aisle,None,None,False,14,4524,Senior,2022-01-01,9999-12-31,True,1
730,PAX0000730,FF00000730,Aisle,Vegan,None,True,6,23861,Business Traveler,2022-01-01,9999-12-31,True,1
731,PAX0000731,FF00000731,Aisle,Halal,None,False,6,21994,Student,2022-01-01,9999-12-31,True,1
732,PAX0000732,FF00000732,No Preference,Standard,Wheelchair,True,67,4358,Business Traveler,2022-01-01,9999-12-31,True,1
733,PAX0000733,FF00000733,No Preference,Vegan,None,True,13,15125,Leisure,2022-01-01,9999-12-31,True,1
734,PAX0000734,FF00000734,Aisle,None,None,True,1,5185,Leisure,2022-01-01,9999-12-31,True,1
735,PAX0000735,FF00000735,No Preference,Halal,WCHR,False,35,63508,Student,2022-01-01,9999-12-31,True,1
736,PAX0000736,FF00000736,Window,Standard,Wheelchair,True,28,143146,Leisure,2022-01-01,9999-12-31,True,1
737,PAX0000737,FF00000737,No Preference,Halal,Wheelchair,True,2,13175,Business Traveler,2022-01-01,2023-03-31,False,1
3737,PAX0000737,FF00000737,No Preference,Halal,Wheelchair,True,8,19468,Senior,2023-04-01,9999-12-31,True,2
738,PAX0000738,FF00000738,Aisle,Vegetarian,Wheelchair,True,13,19837,Student,2022-01-01,9999-12-31,True,1
739,PAX0000739,FF00000739,No Preference,Child,None,False,6,13286,Business Traveler,2022-01-01,9999-12-31,True,1
740,PAX0000740,FF00000740,Aisle,Standard,None,True,10,25711,Leisure,2022-01-01,9999-12-31,True,1
741,PAX0000741,FF00000741,Aisle,None,None,False,2,19144,Business Traveler,2022-01-01,9999-12-31,True,1
742,PAX0000742,FF00000742,Window,Standard,None,False,9,25339,Student,2022-01-01,9999-12-31,True,1
743,PAX0000743,FF00000743,Aisle,None,None,True,2,40675,Business Traveler,2022-01-01,9999-12-31,True,1
744,PAX0000744,FF00000744,Window,Vegetarian,None,False,0,13147,Business Traveler,2022-01-01,2023-03-31,False,1
3744,PAX0000744,FF00000744,Window,Vegetarian,None,False,8,21774,Student,2023-04-01,9999-12-31,True,2
745,PAX0000745,FF00000745,Aisle,Child,None,True,18,24896,Family,2022-01-01,9999-12-31,True,1
746,PAX0000746,FF00000746,Window,Halal,None,False,3,35618,Leisure,2022-01-01,2023-03-31,False,1
3746,PAX0000746,FF00000746,Window,Halal,None,False,10,41162,Senior,2023-04-01,9999-12-31,True,2
747,PAX0000747,FF00000747,Aisle,Child,WCHR,True,10,47724,Business Traveler,2022-01-01,9999-12-31,True,1
748,PAX0000748,FF00000748,No Preference,Standard,None,False,15,28256,Senior,2022-01-01,9999-12-31,True,1
749,PAX0000749,FF00000749,No Preference,Vegetarian,WCHC,False,8,4287,Leisure,2022-01-01,9999-12-31,True,1
750,PAX0000750,FF00000750,No Preference,Vegetarian,None,False,3,16295,Student,2022-01-01,9999-12-31,True,1
751,PAX0000751,FF00000751,Aisle,Vegetarian,None,False,10,21628,Senior,2022-01-01,9999-12-31,True,1
752,PAX0000752,FF00000752,Window,Halal,None,True,4,194,Leisure,2022-01-01,9999-12-31,True,1
753,PAX0000753,FF00000753,Window,Vegan,None,False,8,10090,Student,2022-01-01,9999-12-31,True,1
754,PAX0000754,FF00000754,Window,Halal,None,False,15,727,Leisure,2022-01-01,9999-12-31,True,1
755,PAX0000755,FF00000755,No Preference,Child,None,True,10,85148,Leisure,2022-01-01,9999-12-31,True,1
756,PAX0000756,FF00000756,Window,Standard,None,True,2,19139,Family,2022-01-01,2023-03-31,False,1
3756,PAX0000756,FF00000756,Window,Standard,None,True,8,29974,Senior,2023-04-01,9999-12-31,True,2
757,PAX0000757,FF00000757,No Preference,Child,None,False,1,29479,Family,2022-01-01,9999-12-31,True,1
758,PAX0000758,FF00000758,Window,Standard,None,False,9,15695,Leisure,2022-01-01,9999-12-31,True,1
759,PAX0000759,FF00000759,Window,Halal,Wheelchair,False,8,68067,Senior,2022-01-01,9999-12-31,True,1
760,PAX0000760,FF00000760,No Preference,Child,None,False,2,684,Student,2022-01-01,9999-12-31,True,1
761,PAX0000761,FF00000761,Window,Vegetarian,None,False,23,25819,Student,2022-01-01,2023-03-31,False,1
3761,PAX0000761,FF00000761,Window,Vegetarian,None,False,35,44633,Business Traveler,2023-04-01,9999-12-31,True,2
762,PAX0000762,FF00000762,No Preference,Vegetarian,None,True,26,27260,Senior,2022-01-01,9999-12-31,True,1
763,PAX0000763,FF00000763,Window,Halal,None,False,19,16846,Business Traveler,2022-01-01,9999-12-31,True,1
764,PAX0000764,FF00000764,Aisle,Standard,None,False,16,73269,Leisure,2022-01-01,9999-12-31,True,1
765,PAX0000765,FF00000765,Window,Vegetarian,None,True,10,5982,Business Traveler,2022-01-01,9999-12-31,True,1
766,PAX0000766,FF00000766,No Preference,Vegetarian,None,True,3,6643,Family,2022-01-01,9999-12-31,True,1
767,PAX0000767,FF00000767,Window,None,None,True,3,10976,Senior,2022-01-01,2023-03-31,False,1
3767,PAX0000767,FF00000767,Window,None,None,True,21,19440,Business Traveler,2023-04-01,9999-12-31,True,2
768,PAX0000768,FF00000768,Aisle,Child,None,False,9,26601,Family,2022-01-01,9999-12-31,True,1
769,PAX0000769,FF00000769,Aisle,Vegetarian,None,True,6,28668,Senior,2022-01-01,9999-12-31,True,1
770,PAX0000770,FF00000770,Window,Halal,WCHR,False,1,2756,Family,2022-01-01,9999-12-31,True,1
771,PAX0000771,FF00000771,Window,Standard,None,False,2,21899,Family,2022-01-01,9999-12-31,True,1
772,PAX0000772,FF00000772,No Preference,Vegan,Wheelchair,False,2,9992,Student,2022-01-01,9999-12-31,True,1
773,PAX0000773,FF00000773,Window,None,None,True,6,50118,Leisure,2022-01-01,9999-12-31,True,1
774,PAX0000774,FF00000774,Window,Standard,None,True,0,31441,Family,2022-01-01,9999-12-31,True,1
775,PAX0000775,FF00000775,Window,Vegetarian,None,True,13,48082,Business Traveler,2022-01-01,9999-12-31,True,1
776,PAX0000776,FF00000776,Aisle,Halal,None,True,32,610,Family,2022-01-01,9999-12-31,True,1
777,PAX0000777,FF00000777,Aisle,Child,None,True,2,65191,Business Traveler,2022-01-01,9999-12-31,True,1
778,PAX0000778,FF00000778,No Preference,Standard,None,True,7,24944,Business Traveler,2022-01-01,9999-12-31,True,1
779,PAX0000779,FF00000779,Window,Vegetarian,Wheelchair,True,13,34095,Senior,2022-01-01,9999-12-31,True,1
780,PAX0000780,FF00000780,Window,None,Wheelchair,True,32,173772,Student,2022-01-01,9999-12-31,True,1
781,PAX0000781,FF00000781,Window,Child,None,False,15,10157,Business Traveler,2022-01-01,9999-12-31,True,1
782,PAX0000782,FF00000782,Window,None,WCHC,True,25,1514,Student,2022-01-01,9999-12-31,True,1
783,PAX0000783,FF00000783,Aisle,Vegan,None,False,3,68303,Family,2022-01-01,2023-03-31,False,1
3783,PAX0000783,FF00000783,Aisle,Vegan,None,False,15,75466,Family,2023-04-01,9999-12-31,True,2
784,PAX0000784,FF00000784,No Preference,Standard,None,True,3,7478,Senior,2022-01-01,9999-12-31,True,1
785,PAX0000785,FF00000785,No Preference,Standard,None,False,1,58793,Family,2022-01-01,2023-03-31,False,1
3785,PAX0000785,FF00000785,No Preference,Standard,None,False,12,65748,Leisure,2023-04-01,9999-12-31,True,2
786,PAX0000786,FF00000786,Window,Halal,None,False,8,33708,Business Traveler,2022-01-01,9999-12-31,True,1
787,PAX0000787,FF00000787,Window,Child,None,True,3,42569,Business Traveler,2022-01-01,9999-12-31,True,1
788,PAX0000788,FF00000788,Window,Halal,None,False,17,11245,Senior,2022-01-01,9999-12-31,True,1
789,PAX0000789,FF00000789,Aisle,Standard,None,False,6,7059,Leisure,2022-01-01,2023-03-31,False,1
3789,PAX0000789,FF00000789,Aisle,Standard,None,False,23,17990,Family,2023-04-01,9999-12-31,True,2
790,PAX0000790,FF00000790,Aisle,Child,None,False,45,31120,Student,2022-01-01,9999-12-31,True,1
791,PAX0000791,FF00000791,Aisle,Vegan,WCHC,False,32,10845,Family,2022-01-01,9999-12-31,True,1
792,PAX0000792,FF00000792,No Preference,Vegan,None,False,18,43554,Family,2022-01-01,9999-12-31,True,1
793,PAX0000793,FF00000793,Window,Vegetarian,None,False,14,101124,Business Traveler,2022-01-01,2023-03-31,False,1
3793,PAX0000793,FF00000793,Window,Vegetarian,None,False,27,109670,Leisure,2023-04-01,9999-12-31,True,2
794,PAX0000794,FF00000794,No Preference,Vegetarian,WCHR,False,6,4202,Family,2022-01-01,9999-12-31,True,1
795,PAX0000795,FF00000795,Window,Standard,None,True,13,39203,Family,2022-01-01,9999-12-31,True,1
796,PAX0000796,FF00000796,No Preference,None,None,False,10,6951,Leisure,2022-01-01,9999-12-31,True,1
797,PAX0000797,FF00000797,No Preference,Standard,None,False,8,11227,Student,2022-01-01,9999-12-31,True,1
798,PAX0000798,FF00000798,Window,Vegetarian,None,False,6,31087,Senior,2022-01-01,9999-12-31,True,1
799,PAX0000799,FF00000799,Aisle,None,None,True,16,7927,Leisure,2022-01-01,9999-12-31,True,1
800,PAX0000800,FF00000800,Window,None,None,True,6,9406,Student,2022-01-01,9999-12-31,True,1
801,PAX0000801,FF00000801,Aisle,Standard,None,False,2,45889,Student,2022-01-01,9999-12-31,True,1
802,PAX0000802,FF00000802,Aisle,None,None,False,28,13872,Senior,2022-01-01,9999-12-31,True,1
803,PAX0000803,FF00000803,No Preference,None,Wheelchair,False,16,68189,Student,2022-01-01,9999-12-31,True,1
804,PAX0000804,FF00000804,Window,Vegan,None,False,22,6056,Student,2022-01-01,9999-12-31,True,1
805,PAX0000805,FF00000805,No Preference,Child,None,True,37,14180,Senior,2022-01-01,9999-12-31,True,1
806,PAX0000806,FF00000806,Window,Vegetarian,None,False,4,1933,Business Traveler,2022-01-01,9999-12-31,True,1
807,PAX0000807,FF00000807,No Preference,Halal,WCHR,False,7,3462,Family,2022-01-01,2023-03-31,False,1
3807,PAX0000807,FF00000807,No Preference,Halal,WCHR,False,17,20920,Student,2023-04-01,9999-12-31,True,2
808,PAX0000808,FF00000808,Window,Halal,None,False,3,11435,Family,2022-01-01,9999-12-31,True,1
809,PAX0000809,FF00000809,Aisle,Vegetarian,None,True,19,62500,Business Traveler,2022-01-01,9999-12-31,True,1
810,PAX0000810,FF00000810,Window,Vegetarian,None,True,4,58705,Student,2022-01-01,2023-03-31,False,1
3810,PAX0000810,FF00000810,Window,Vegetarian,None,True,18,64567,Business Traveler,2023-04-01,9999-12-31,True,2
811,PAX0000811,FF00000811,Aisle,None,None,True,23,43400,Leisure,2022-01-01,9999-12-31,True,1
812,PAX0000812,FF00000812,Aisle,Standard,None,False,1,35166,Student,2022-01-01,9999-12-31,True,1
813,PAX0000813,FF00000813,Aisle,Child,None,False,34,34422,Leisure,2022-01-01,2023-03-31,False,1
3813,PAX0000813,FF00000813,Aisle,Child,None,False,39,48173,Business Traveler,2023-04-01,9999-12-31,True,2
814,PAX0000814,FF00000814,No Preference,Standard,None,False,4,20829,Leisure,2022-01-01,2023-03-31,False,1
3814,PAX0000814,FF00000814,No Preference,Standard,None,False,11,31864,Business Traveler,2023-04-01,9999-12-31,True,2
815,PAX0000815,FF00000815,Aisle,Standard,WCHR,False,12,21435,Student,2022-01-01,2023-03-31,False,1
3815,PAX0000815,FF00000815,Aisle,Standard,WCHR,False,25,38544,Student,2023-04-01,9999-12-31,True,2
816,PAX0000816,FF00000816,Aisle,Child,None,False,1,11221,Student,2022-01-01,9999-12-31,True,1
817,PAX0000817,FF00000817,No Preference,Vegan,None,False,19,59288,Leisure,2022-01-01,9999-12-31,True,1
818,PAX0000818,FF00000818,No Preference,None,None,False,1,91339,Student,2022-01-01,9999-12-31,True,1
819,PAX0000819,FF00000819,Window,Vegan,None,True,4,32569,Family,2022-01-01,9999-12-31,True,1
820,PAX0000820,FF00000820,Aisle,Vegetarian,None,True,16,50130,Business Traveler,2022-01-01,9999-12-31,True,1
821,PAX0000821,FF00000821,Window,None,None,True,34,11259,Senior,2022-01-01,9999-12-31,True,1
822,PAX0000822,FF00000822,Aisle,Halal,None,True,23,4236,Business Traveler,2022-01-01,2023-03-31,False,1
3822,PAX0000822,FF00000822,Aisle,Halal,None,True,43,23266,Leisure,2023-04-01,9999-12-31,True,2
823,PAX0000823,FF00000823,No Preference,Vegetarian,None,True,14,40641,Student,2022-01-01,9999-12-31,True,1
824,PAX0000824,FF00000824,Window,Standard,None,False,13,8723,Leisure,2022-01-01,9999-12-31,True,1
825,PAX0000825,FF00000825,Window,Vegetarian,None,True,24,5548,Senior,2022-01-01,9999-12-31,True,1
826,PAX0000826,FF00000826,Window,Standard,None,False,0,37918,Student,2022-01-01,9999-12-31,True,1
827,PAX0000827,FF00000827,Aisle,Vegetarian,WCHR,True,7,56733,Family,2022-01-01,9999-12-31,True,1
828,PAX0000828,FF00000828,No Preference,Vegan,None,False,5,5527,Leisure,2022-01-01,9999-12-31,True,1
829,PAX0000829,FF00000829,Aisle,None,None,True,21,23882,Leisure,2022-01-01,2023-03-31,False,1
3829,PAX0000829,FF00000829,Aisle,None,None,True,33,40339,Senior,2023-04-01,9999-12-31,True,2
830,PAX0000830,FF00000830,No Preference,Child,None,True,2,38230,Student,2022-01-01,9999-12-31,True,1
831,PAX0000831,FF00000831,No Preference,Vegetarian,None,True,8,27813,Leisure,2022-01-01,9999-12-31,True,1
832,PAX0000832,FF00000832,No Preference,Halal,WCHC,False,7,52931,Senior,2022-01-01,2023-03-31,False,1
3832,PAX0000832,FF00000832,No Preference,Halal,WCHC,False,26,58677,Business Traveler,2023-04-01,9999-12-31,True,2
833,PAX0000833,FF00000833,Aisle,Child,None,True,21,37073,Family,2022-01-01,9999-12-31,True,1
834,PAX0000834,FF00000834,Window,Vegan,None,True,1,54763,Senior,2022-01-01,2023-03-31,False,1
3834,PAX0000834,FF00000834,Window,Vegan,None,True,9,65566,Senior,2023-04-01,9999-12-31,True,2
835,PAX0000835,FF00000835,No Preference,Vegetarian,Wheelchair,True,13,35823,Business Traveler,2022-01-01,9999-12-31,True,1
836,PAX0000836,FF00000836,No Preference,Vegan,WCHR,False,5,63428,Family,2022-01-01,9999-12-31,True,1
837,PAX0000837,FF00000837,Aisle,Vegetarian,None,False,15,3583,Leisure,2022-01-01,2023-03-31,False,1
3837,PAX0000837,FF00000837,Aisle,Vegetarian,None,False,24,10903,Leisure,2023-04-01,9999-12-31,True,2
838,PAX0000838,FF00000838,No Preference,Child,None,True,6,65246,Family,2022-01-01,9999-12-31,True,1
839,PAX0000839,FF00000839,Aisle,Child,WCHC,True,0,97648,Leisure,2022-01-01,2023-03-31,False,1
3839,PAX0000839,FF00000839,Aisle,Child,WCHC,True,17,103584,Student,2023-04-01,9999-12-31,True,2
840,PAX0000840,FF00000840,No Preference,Halal,None,True,13,29939,Senior,2022-01-01,9999-12-31,True,1
841,PAX0000841,FF00000841,No Preference,Vegan,Wheelchair,True,3,8582,Business Traveler,2022-01-01,9999-12-31,True,1
842,PAX0000842,FF00000842,Window,Halal,None,False,34,10626,Student,2022-01-01,2023-03-31,False,1
3842,PAX0000842,FF00000842,Window,Halal,None,False,39,23581,Leisure,2023-04-01,9999-12-31,True,2
843,PAX0000843,FF00000843,Window,Child,WCHR,True,17,14982,Family,2022-01-01,9999-12-31,True,1
844,PAX0000844,FF00000844,No Preference,Standard,None,False,1,323,Leisure,2022-01-01,9999-12-31,True,1
845,PAX0000845,FF00000845,Aisle,None,None,False,9,111615,Student,2022-01-01,9999-12-31,True,1
846,PAX0000846,FF00000846,Aisle,Vegan,None,False,5,13257,Student,2022-01-01,9999-12-31,True,1
847,PAX0000847,FF00000847,No Preference,None,None,True,5,22053,Senior,2022-01-01,9999-12-31,True,1
848,PAX0000848,FF00000848,Window,Child,None,False,6,63586,Student,2022-01-01,9999-12-31,True,1
849,PAX0000849,FF00000849,No Preference,Standard,None,False,8,21263,Family,2022-01-01,9999-12-31,True,1
850,PAX0000850,FF00000850,Aisle,Child,None,True,1,121780,Business Traveler,2022-01-01,9999-12-31,True,1
851,PAX0000851,FF00000851,Window,Standard,None,False,3,2285,Leisure,2022-01-01,9999-12-31,True,1
852,PAX0000852,FF00000852,No Preference,Vegan,None,True,13,27143,Leisure,2022-01-01,9999-12-31,True,1
853,PAX0000853,FF00000853,No Preference,Vegetarian,None,False,6,16455,Family,2022-01-01,9999-12-31,True,1
854,PAX0000854,FF00000854,No Preference,Vegan,None,False,18,6533,Leisure,2022-01-01,2023-03-31,False,1
3854,PAX0000854,FF00000854,No Preference,Vegan,None,False,38,26167,Senior,2023-04-01,9999-12-31,True,2
855,PAX0000855,FF00000855,Window,Child,WCHC,True,20,31387,Leisure,2022-01-01,9999-12-31,True,1
856,PAX0000856,FF00000856,Window,Vegan,WCHR,False,6,18376,Family,2022-01-01,9999-12-31,True,1
857,PAX0000857,FF00000857,No Preference,Vegetarian,WCHR,False,3,41843,Leisure,2022-01-01,2023-03-31,False,1
3857,PAX0000857,FF00000857,No Preference,Vegetarian,WCHR,False,20,52230,Business Traveler,2023-04-01,9999-12-31,True,2
858,PAX0000858,FF00000858,Window,Child,None,False,8,11607,Leisure,2022-01-01,9999-12-31,True,1
859,PAX0000859,FF00000859,Window,Standard,None,False,10,163715,Business Traveler,2022-01-01,9999-12-31,True,1
860,PAX0000860,FF00000860,Aisle,Halal,WCHC,False,6,76032,Student,2022-01-01,9999-12-31,True,1
861,PAX0000861,FF00000861,Window,Vegetarian,None,False,5,1688,Senior,2022-01-01,9999-12-31,True,1
862,PAX0000862,FF00000862,Aisle,Vegan,None,False,2,16274,Family,2022-01-01,9999-12-31,True,1
863,PAX0000863,FF00000863,Window,Vegan,Wheelchair,False,2,6,Student,2022-01-01,9999-12-31,True,1
864,PAX0000864,FF00000864,Aisle,Halal,None,False,29,55713,Leisure,2022-01-01,9999-12-31,True,1
865,PAX0000865,FF00000865,Aisle,Vegetarian,None,False,16,5511,Student,2022-01-01,9999-12-31,True,1
866,PAX0000866,FF00000866,Aisle,Vegan,None,False,1,2099,Leisure,2022-01-01,9999-12-31,True,1
867,PAX0000867,FF00000867,Aisle,Vegetarian,None,False,15,79271,Family,2022-01-01,9999-12-31,True,1
868,PAX0000868,FF00000868,Aisle,Halal,None,True,6,3805,Senior,2022-01-01,9999-12-31,True,1
869,PAX0000869,FF00000869,Aisle,Vegetarian,WCHC,False,8,12869,Family,2022-01-01,9999-12-31,True,1
870,PAX0000870,FF00000870,No Preference,Child,None,False,5,29132,Student,2022-01-01,9999-12-31,True,1
871,PAX0000871,FF00000871,Aisle,Vegetarian,None,False,15,3516,Student,2022-01-01,9999-12-31,True,1
872,PAX0000872,FF00000872,Aisle,None,None,False,0,155178,Business Traveler,2022-01-01,9999-12-31,True,1
873,PAX0000873,FF00000873,Window,Vegan,None,True,3,1660,Family,2022-01-01,9999-12-31,True,1
874,PAX0000874,FF00000874,Aisle,Halal,None,False,2,1192,Leisure,2022-01-01,9999-12-31,True,1
875,PAX0000875,FF00000875,Aisle,Halal,None,True,5,48645,Leisure,2022-01-01,9999-12-31,True,1
876,PAX0000876,FF00000876,No Preference,Vegan,None,False,5,17619,Leisure,2022-01-01,9999-12-31,True,1
877,PAX0000877,FF00000877,No Preference,None,None,False,13,21332,Business Traveler,2022-01-01,9999-12-31,True,1
878,PAX0000878,FF00000878,Window,Child,None,True,23,60305,Leisure,2022-01-01,2023-03-31,False,1
3878,PAX0000878,FF00000878,Window,Child,None,True,29,73151,Senior,2023-04-01,9999-12-31,True,2
879,PAX0000879,FF00000879,No Preference,Halal,None,False,0,45158,Student,2022-01-01,9999-12-31,True,1
880,PAX0000880,FF00000880,Window,Vegetarian,None,True,7,134864,Business Traveler,2022-01-01,9999-12-31,True,1
881,PAX0000881,FF00000881,Aisle,Vegan,WCHR,True,7,130045,Family,2022-01-01,9999-12-31,True,1
882,PAX0000882,FF00000882,Window,Vegetarian,Wheelchair,False,16,8574,Business Traveler,2022-01-01,2023-03-31,False,1
3882,PAX0000882,FF00000882,Window,Vegetarian,Wheelchair,False,27,25597,Business Traveler,2023-04-01,9999-12-31,True,2
883,PAX0000883,FF00000883,Aisle,Vegan,Wheelchair,False,9,145362,Leisure,2022-01-01,9999-12-31,True,1
884,PAX0000884,FF00000884,No Preference,Vegan,WCHC,False,23,3073,Business Traveler,2022-01-01,9999-12-31,True,1
885,PAX0000885,FF00000885,Window,Halal,None,False,14,12720,Leisure,2022-01-01,9999-12-31,True,1
886,PAX0000886,FF00000886,Aisle,Vegetarian,None,True,0,15499,Family,2022-01-01,9999-12-31,True,1
887,PAX0000887,FF00000887,Window,Halal,Wheelchair,True,3,51256,Senior,2022-01-01,2023-03-31,False,1
3887,PAX0000887,FF00000887,Window,Halal,Wheelchair,True,9,70313,Leisure,2023-04-01,9999-12-31,True,2
888,PAX0000888,FF00000888,Aisle,Vegan,None,False,4,52724,Senior,2022-01-01,9999-12-31,True,1
889,PAX0000889,FF00000889,Aisle,Vegetarian,None,False,0,11037,Family,2022-01-01,9999-12-31,True,1
890,PAX0000890,FF00000890,No Preference,Vegan,None,True,3,7980,Business Traveler,2022-01-01,9999-12-31,True,1
891,PAX0000891,FF00000891,No Preference,Halal,None,True,0,6215,Family,2022-01-01,9999-12-31,True,1
892,PAX0000892,FF00000892,No Preference,Standard,None,True,9,10332,Senior,2022-01-01,9999-12-31,True,1
893,PAX0000893,FF00000893,Aisle,Halal,None,True,6,14189,Student,2022-01-01,9999-12-31,True,1
894,PAX0000894,FF00000894,Window,Vegetarian,None,False,25,70710,Business Traveler,2022-01-01,2023-03-31,False,1
3894,PAX0000894,FF00000894,Window,Vegetarian,None,False,38,82626,Family,2023-04-01,9999-12-31,True,2
895,PAX0000895,FF00000895,Window,Vegan,None,True,8,12021,Leisure,2022-01-01,9999-12-31,True,1
896,PAX0000896,FF00000896,Window,Child,None,True,1,91986,Leisure,2022-01-01,2023-03-31,False,1
3896,PAX0000896,FF00000896,Window,Child,None,True,18,106384,Student,2023-04-01,9999-12-31,True,2
897,PAX0000897,FF00000897,Window,Vegetarian,Wheelchair,True,0,10599,Business Traveler,2022-01-01,9999-12-31,True,1
898,PAX0000898,FF00000898,Aisle,Vegan,None,True,4,11587,Senior,2022-01-01,9999-12-31,True,1
899,PAX0000899,FF00000899,Window,Vegan,Wheelchair,True,2,45858,Senior,2022-01-01,9999-12-31,True,1
900,PAX0000900,FF00000900,Aisle,Vegetarian,Wheelchair,True,1,30228,Leisure,2022-01-01,9999-12-31,True,1
901,PAX0000901,FF00000901,Window,Standard,WCHR,True,1,2194,Leisure,2022-01-01,9999-12-31,True,1
902,PAX0000902,FF00000902,Aisle,Vegan,None,True,28,6326,Leisure,2022-01-01,9999-12-31,True,1
903,PAX0000903,FF00000903,Window,Standard,None,False,20,23599,Senior,2022-01-01,2023-03-31,False,1
3903,PAX0000903,FF00000903,Window,Standard,None,False,25,30087,Family,2023-04-01,9999-12-31,True,2
904,PAX0000904,FF00000904,Window,Vegetarian,None,True,0,93333,Student,2022-01-01,2023-03-31,False,1
3904,PAX0000904,FF00000904,Window,Vegetarian,None,True,6,105531,Student,2023-04-01,9999-12-31,True,2
905,PAX0000905,FF00000905,No Preference,Vegan,WCHR,False,3,58907,Family,2022-01-01,9999-12-31,True,1
906,PAX0000906,FF00000906,Window,Vegan,None,False,2,57712,Student,2022-01-01,9999-12-31,True,1
907,PAX0000907,FF00000907,No Preference,Child,WCHR,True,0,21509,Student,2022-01-01,2023-03-31,False,1
3907,PAX0000907,FF00000907,No Preference,Child,WCHR,True,12,35304,Student,2023-04-01,9999-12-31,True,2
908,PAX0000908,FF00000908,Aisle,Vegetarian,None,False,17,81906,Leisure,2022-01-01,9999-12-31,True,1
909,PAX0000909,FF00000909,Window,Vegetarian,None,True,28,51381,Family,2022-01-01,9999-12-31,True,1
910,PAX0000910,FF00000910,Aisle,Child,None,False,26,6665,Family,2022-01-01,9999-12-31,True,1
911,PAX0000911,FF00000911,Window,Vegan,None,True,4,10231,Senior,2022-01-01,9999-12-31,True,1
912,PAX0000912,FF00000912,Window,Standard,None,True,5,14992,Business Traveler,2022-01-01,2023-03-31,False,1
3912,PAX0000912,FF00000912,Window,Standard,None,True,11,23853,Senior,2023-04-01,9999-12-31,True,2
913,PAX0000913,FF00000913,No Preference,Child,None,True,9,5226,Business Traveler,2022-01-01,9999-12-31,True,1
914,PAX0000914,FF00000914,Aisle,Halal,None,True,14,5502,Family,2022-01-01,2023-03-31,False,1
3914,PAX0000914,FF00000914,Aisle,Halal,None,True,27,21879,Business Traveler,2023-04-01,9999-12-31,True,2
915,PAX0000915,FF00000915,No Preference,Halal,None,True,4,20995,Senior,2022-01-01,2023-03-31,False,1
3915,PAX0000915,FF00000915,No Preference,Halal,None,True,13,40827,Leisure,2023-04-01,9999-12-31,True,2
916,PAX0000916,FF00000916,Aisle,None,None,True,19,40351,Family,2022-01-01,9999-12-31,True,1
917,PAX0000917,FF00000917,Aisle,Halal,None,True,12,5080,Senior,2022-01-01,2023-03-31,False,1
3917,PAX0000917,FF00000917,Aisle,Halal,None,True,25,19764,Student,2023-04-01,9999-12-31,True,2
918,PAX0000918,FF00000918,Aisle,Vegetarian,WCHR,True,9,2745,Family,2022-01-01,9999-12-31,True,1
919,PAX0000919,FF00000919,Aisle,Halal,None,True,5,16008,Student,2022-01-01,9999-12-31,True,1
920,PAX0000920,FF00000920,No Preference,Child,None,False,0,9605,Business Traveler,2022-01-01,9999-12-31,True,1
921,PAX0000921,FF00000921,Window,Standard,Wheelchair,False,37,92134,Family,2022-01-01,9999-12-31,True,1
922,PAX0000922,FF00000922,Aisle,Vegetarian,None,False,5,1321,Senior,2022-01-01,9999-12-31,True,1
923,PAX0000923,FF00000923,Window,Vegan,None,True,2,14938,Leisure,2022-01-01,9999-12-31,True,1
924,PAX0000924,FF00000924,Aisle,Vegan,None,True,35,4566,Senior,2022-01-01,9999-12-31,True,1
925,PAX0000925,FF00000925,Window,Vegetarian,WCHR,True,17,3451,Business Traveler,2022-01-01,9999-12-31,True,1
926,PAX0000926,FF00000926,Aisle,Child,None,True,47,14419,Business Traveler,2022-01-01,9999-12-31,True,1
927,PAX0000927,FF00000927,Window,Vegetarian,None,True,17,12583,Business Traveler,2022-01-01,9999-12-31,True,1
928,PAX0000928,FF00000928,Aisle,Vegetarian,None,False,11,6396,Student,2022-01-01,9999-12-31,True,1
929,PAX0000929,FF00000929,Aisle,Vegetarian,None,False,1,83449,Leisure,2022-01-01,9999-12-31,True,1
930,PAX0000930,FF00000930,No Preference,None,None,True,29,65535,Business Traveler,2022-01-01,9999-12-31,True,1
931,PAX0000931,FF00000931,No Preference,Halal,None,True,11,49549,Family,2022-01-01,9999-12-31,True,1
932,PAX0000932,FF00000932,No Preference,Standard,None,True,0,12229,Business Traveler,2022-01-01,9999-12-31,True,1
933,PAX0000933,FF00000933,Window,None,Wheelchair,True,4,30288,Business Traveler,2022-01-01,2023-03-31,False,1
3933,PAX0000933,FF00000933,Window,None,Wheelchair,True,12,48867,Leisure,2023-04-01,9999-12-31,True,2
934,PAX0000934,FF00000934,Window,Halal,None,True,5,4822,Student,2022-01-01,9999-12-31,True,1
935,PAX0000935,FF00000935,No Preference,Vegan,None,False,10,50522,Student,2022-01-01,9999-12-31,True,1
936,PAX0000936,FF00000936,No Preference,Standard,None,False,5,4256,Family,2022-01-01,9999-12-31,True,1
937,PAX0000937,FF00000937,Aisle,Vegetarian,Wheelchair,True,2,8133,Business Traveler,2022-01-01,9999-12-31,True,1
938,PAX0000938,FF00000938,No Preference,Vegan,None,False,4,30883,Leisure,2022-01-01,9999-12-31,True,1
939,PAX0000939,FF00000939,No Preference,Vegan,None,False,11,35729,Senior,2022-01-01,9999-12-31,True,1
940,PAX0000940,FF00000940,Window,Child,None,True,5,52117,Leisure,2022-01-01,9999-12-31,True,1
941,PAX0000941,FF00000941,No Preference,Vegetarian,None,False,2,18992,Leisure,2022-01-01,2023-03-31,False,1
3941,PAX0000941,FF00000941,No Preference,Vegetarian,None,False,12,24272,Leisure,2023-04-01,9999-12-31,True,2
942,PAX0000942,FF00000942,Window,Standard,None,False,19,5959,Family,2022-01-01,9999-12-31,True,1
943,PAX0000943,FF00000943,Aisle,None,None,True,1,64543,Business Traveler,2022-01-01,9999-12-31,True,1
944,PAX0000944,FF00000944,Window,Vegan,None,False,5,34548,Family,2022-01-01,9999-12-31,True,1
945,PAX0000945,FF00000945,Window,Child,None,True,0,35140,Family,2022-01-01,2023-03-31,False,1
3945,PAX0000945,FF00000945,Window,Child,None,True,18,47058,Leisure,2023-04-01,9999-12-31,True,2
946,PAX0000946,FF00000946,No Preference,None,None,True,4,1720,Business Traveler,2022-01-01,2023-03-31,False,1
3946,PAX0000946,FF00000946,No Preference,None,None,True,14,15554,Leisure,2023-04-01,9999-12-31,True,2
947,PAX0000947,FF00000947,No Preference,Vegan,None,True,11,8264,Business Traveler,2022-01-01,9999-12-31,True,1
948,PAX0000948,FF00000948,Window,Halal,None,True,5,2520,Family,2022-01-01,9999-12-31,True,1
949,PAX0000949,FF00000949,No Preference,None,None,False,1,10613,Family,2022-01-01,2023-03-31,False,1
3949,PAX0000949,FF00000949,No Preference,None,None,False,7,16590,Family,2023-04-01,9999-12-31,True,2
950,PAX0000950,FF00000950,No Preference,None,None,False,1,72515,Senior,2022-01-01,9999-12-31,True,1
951,PAX0000951,FF00000951,Window,Child,WCHC,True,0,19841,Family,2022-01-01,9999-12-31,True,1
952,PAX0000952,FF00000952,Window,Vegetarian,Wheelchair,False,1,11031,Business Traveler,2022-01-01,9999-12-31,True,1
953,PAX0000953,FF00000953,No Preference,Child,WCHR,False,31,5291,Leisure,2022-01-01,9999-12-31,True,1
954,PAX0000954,FF00000954,Aisle,Child,None,True,40,6912,Business Traveler,2022-01-01,9999-12-31,True,1
955,PAX0000955,FF00000955,No Preference,Child,None,True,16,23734,Leisure,2022-01-01,9999-12-31,True,1
956,PAX0000956,FF00000956,No Preference,Child,Wheelchair,True,25,24222,Student,2022-01-01,9999-12-31,True,1
957,PAX0000957,FF00000957,No Preference,None,Wheelchair,False,9,6524,Student,2022-01-01,9999-12-31,True,1
958,PAX0000958,FF00000958,No Preference,Standard,None,False,2,74483,Senior,2022-01-01,9999-12-31,True,1
959,PAX0000959,FF00000959,Aisle,None,None,True,4,13960,Business Traveler,2022-01-01,9999-12-31,True,1
960,PAX0000960,FF00000960,No Preference,Standard,Wheelchair,False,17,12412,Leisure,2022-01-01,9999-12-31,True,1
961,PAX0000961,FF00000961,Aisle,Child,None,False,36,40174,Business Traveler,2022-01-01,9999-12-31,True,1
962,PAX0000962,FF00000962,Window,Halal,WCHC,False,10,63832,Family,2022-01-01,9999-12-31,True,1
963,PAX0000963,FF00000963,No Preference,None,None,False,0,8914,Leisure,2022-01-01,9999-12-31,True,1
964,PAX0000964,FF00000964,No Preference,None,None,False,7,7723,Senior,2022-01-01,9999-12-31,True,1
965,PAX0000965,FF00000965,Aisle,Child,None,True,16,75476,Family,2022-01-01,9999-12-31,True,1
966,PAX0000966,FF00000966,Window,Vegetarian,None,True,6,12562,Student,2022-01-01,9999-12-31,True,1
967,PAX0000967,FF00000967,Window,Halal,None,False,39,17655,Senior,2022-01-01,9999-12-31,True,1
968,PAX0000968,FF00000968,Aisle,None,None,True,8,12999,Family,2022-01-01,9999-12-31,True,1
969,PAX0000969,FF00000969,Aisle,None,None,False,28,25246,Senior,2022-01-01,9999-12-31,True,1
970,PAX0000970,FF00000970,Window,Vegan,None,False,17,50108,Senior,2022-01-01,2023-03-31,False,1
3970,PAX0000970,FF00000970,Window,Vegan,None,False,36,60137,Business Traveler,2023-04-01,9999-12-31,True,2
971,PAX0000971,FF00000971,Aisle,Halal,None,False,5,17058,Senior,2022-01-01,9999-12-31,True,1
972,PAX0000972,FF00000972,Window,Child,Wheelchair,False,22,13541,Business Traveler,2022-01-01,9999-12-31,True,1
973,PAX0000973,FF00000973,Aisle,Child,WCHR,False,18,84902,Leisure,2022-01-01,9999-12-31,True,1
974,PAX0000974,FF00000974,No Preference,Standard,WCHC,False,11,40600,Family,2022-01-01,9999-12-31,True,1
975,PAX0000975,FF00000975,Aisle,Standard,None,True,19,55937,Family,2022-01-01,9999-12-31,True,1
976,PAX0000976,FF00000976,Aisle,Vegetarian,None,True,6,1578,Leisure,2022-01-01,9999-12-31,True,1
977,PAX0000977,FF00000977,Window,Vegan,None,True,6,33603,Business Traveler,2022-01-01,9999-12-31,True,1
978,PAX0000978,FF00000978,No Preference,Halal,None,True,7,41464,Leisure,2022-01-01,2023-03-31,False,1
3978,PAX0000978,FF00000978,No Preference,Halal,None,True,18,60798,Family,2023-04-01,9999-12-31,True,2
979,PAX0000979,FF00000979,Window,Halal,None,True,5,30214,Family,2022-01-01,9999-12-31,True,1
980,PAX0000980,FF00000980,No Preference,Standard,None,False,2,41513,Leisure,2022-01-01,2023-03-31,False,1
3980,PAX0000980,FF00000980,No Preference,Standard,None,False,18,61507,Senior,2023-04-01,9999-12-31,True,2
981,PAX0000981,FF00000981,Window,Vegetarian,None,False,9,6847,Senior,2022-01-01,9999-12-31,True,1
982,PAX0000982,FF00000982,No Preference,Child,None,True,4,41422,Business Traveler,2022-01-01,9999-12-31,True,1
983,PAX0000983,FF00000983,Aisle,Halal,None,False,7,7301,Family,2022-01-01,2023-03-31,False,1
3983,PAX0000983,FF00000983,Aisle,Halal,None,False,21,19378,Senior,2023-04-01,9999-12-31,True,2
984,PAX0000984,FF00000984,Window,Child,None,True,41,37671,Business Traveler,2022-01-01,9999-12-31,True,1
985,PAX0000985,FF00000985,No Preference,Standard,None,True,37,16711,Senior,2022-01-01,9999-12-31,True,1
986,PAX0000986,FF00000986,Window,Vegetarian,None,False,7,68470,Student,2022-01-01,9999-12-31,True,1
987,PAX0000987,FF00000987,No Preference,Child,WCHR,False,8,36856,Senior,2022-01-01,9999-12-31,True,1
988,PAX0000988,FF00000988,Aisle,Child,WCHR,False,3,17757,Student,2022-01-01,2023-03-31,False,1
3988,PAX0000988,FF00000988,Aisle,Child,WCHR,False,20,25079,Business Traveler,2023-04-01,9999-12-31,True,2
989,PAX0000989,FF00000989,Window,Standard,None,False,1,6919,Family,2022-01-01,9999-12-31,True,1
990,PAX0000990,FF00000990,Window,Halal,WCHR,True,0,1201,Leisure,2022-01-01,9999-12-31,True,1
991,PAX0000991,FF00000991,No Preference,Standard,None,True,45,8326,Student,2022-01-01,9999-12-31,True,1
992,PAX0000992,FF00000992,Aisle,Halal,None,False,13,54809,Student,2022-01-01,9999-12-31,True,1
993,PAX0000993,FF00000993,Aisle,Halal,None,False,9,4986,Student,2022-01-01,2023-03-31,False,1
3993,PAX0000993,FF00000993,Aisle,Halal,None,False,21,15106,Leisure,2023-04-01,9999-12-31,True,2
994,PAX0000994,FF00000994,Window,Vegetarian,None,False,15,27507,Leisure,2022-01-01,2023-03-31,False,1
3994,PAX0000994,FF00000994,Window,Vegetarian,None,False,21,32561,Family,2023-04-01,9999-12-31,True,2
995,PAX0000995,FF00000995,Aisle,Vegetarian,None,True,15,44057,Business Traveler,2022-01-01,9999-12-31,True,1
996,PAX0000996,FF00000996,Window,None,None,False,44,25568,Senior,2022-01-01,2023-03-31,False,1
3996,PAX0000996,FF00000996,Window,None,None,False,56,40684,Student,2023-04-01,9999-12-31,True,2
997,PAX0000997,FF00000997,Aisle,None,None,False,5,31363,Leisure,2022-01-01,2023-03-31,False,1
3997,PAX0000997,FF00000997,Aisle,None,None,False,15,47524,Student,2023-04-01,9999-12-31,True,2
998,PAX0000998,FF00000998,Window,None,Wheelchair,True,0,68306,Senior,2022-01-01,2023-03-31,False,1
3998,PAX0000998,FF00000998,Window,None,Wheelchair,True,15,81321,Family,2023-04-01,9999-12-31,True,2
999,PAX0000999,FF00000999,Window,Vegan,None,False,1,11917,Business Traveler,2022-01-01,9999-12-31,True,1
1000,PAX0001000,FF00001000,Aisle,Halal,None,False,20,27287,Senior,2022-01-01,9999-12-31,True,1
1001,PAX0001001,FF00001001,Window,Halal,None,False,6,19241,Leisure,2022-01-01,9999-12-31,True,1
1002,PAX0001002,FF00001002,No Preference,None,Wheelchair,False,23,12465,Business Traveler,2022-01-01,9999-12-31,True,1
1003,PAX0001003,FF00001003,Window,Halal,None,False,24,2767,Leisure,2022-01-01,9999-12-31,True,1
1004,PAX0001004,FF00001004,No Preference,Vegetarian,None,True,17,56427,Senior,2022-01-01,9999-12-31,True,1
1005,PAX0001005,FF00001005,Window,Standard,None,False,2,16881,Business Traveler,2022-01-01,9999-12-31,True,1
1006,PAX0001006,FF00001006,Window,Vegetarian,Wheelchair,True,2,36786,Senior,2022-01-01,9999-12-31,True,1
1007,PAX0001007,FF00001007,No Preference,Child,Wheelchair,True,9,30262,Student,2022-01-01,9999-12-31,True,1
1008,PAX0001008,FF00001008,Aisle,Vegetarian,None,False,2,7138,Leisure,2022-01-01,9999-12-31,True,1
1009,PAX0001009,FF00001009,Window,Standard,None,False,0,11661,Senior,2022-01-01,9999-12-31,True,1
1010,PAX0001010,FF00001010,Aisle,None,None,True,9,58544,Business Traveler,2022-01-01,9999-12-31,True,1
1011,PAX0001011,FF00001011,Aisle,Vegan,None,True,13,17148,Student,2022-01-01,9999-12-31,True,1
1012,PAX0001012,FF00001012,Window,None,None,False,36,38108,Leisure,2022-01-01,9999-12-31,True,1
1013,PAX0001013,FF00001013,Window,Halal,None,False,31,22497,Leisure,2022-01-01,9999-12-31,True,1
1014,PAX0001014,FF00001014,Aisle,None,None,False,3,1628,Student,2022-01-01,2023-03-31,False,1
4014,PAX0001014,FF00001014,Aisle,None,None,False,8,17924,Family,2023-04-01,9999-12-31,True,2
1015,PAX0001015,FF00001015,Window,Child,None,False,15,3879,Senior,2022-01-01,9999-12-31,True,1
1016,PAX0001016,FF00001016,Window,None,None,True,4,22808,Business Traveler,2022-01-01,9999-12-31,True,1
1017,PAX0001017,FF00001017,Aisle,None,None,False,9,27532,Leisure,2022-01-01,9999-12-31,True,1
1018,PAX0001018,FF00001018,No Preference,Child,None,False,2,14328,Family,2022-01-01,9999-12-31,True,1
1019,PAX0001019,FF00001019,No Preference,Child,None,False,11,105016,Senior,2022-01-01,2023-03-31,False,1
4019,PAX0001019,FF00001019,No Preference,Child,None,False,31,115399,Student,2023-04-01,9999-12-31,True,2
1020,PAX0001020,FF00001020,No Preference,Halal,None,True,15,76764,Family,2022-01-01,9999-12-31,True,1
1021,PAX0001021,FF00001021,Window,Vegetarian,None,False,17,26873,Family,2022-01-01,9999-12-31,True,1
1022,PAX0001022,FF00001022,No Preference,None,Wheelchair,True,2,32960,Leisure,2022-01-01,9999-12-31,True,1
1023,PAX0001023,FF00001023,No Preference,Child,WCHR,False,11,27674,Business Traveler,2022-01-01,9999-12-31,True,1
1024,PAX0001024,FF00001024,No Preference,Child,None,False,8,22565,Student,2022-01-01,9999-12-31,True,1
1025,PAX0001025,FF00001025,Window,Vegan,None,True,4,21976,Family,2022-01-01,9999-12-31,True,1
1026,PAX0001026,FF00001026,Window,Standard,None,True,2,49069,Business Traveler,2022-01-01,9999-12-31,True,1
1027,PAX0001027,FF00001027,Aisle,Child,None,True,2,2663,Family,2022-01-01,9999-12-31,True,1
1028,PAX0001028,FF00001028,Aisle,Child,None,False,6,32215,Family,2022-01-01,2023-03-31,False,1
4028,PAX0001028,FF00001028,Aisle,Child,None,False,16,50869,Business Traveler,2023-04-01,9999-12-31,True,2
1029,PAX0001029,FF00001029,Aisle,Child,None,False,6,9720,Leisure,2022-01-01,9999-12-31,True,1
1030,PAX0001030,FF00001030,Aisle,Child,None,False,9,12785,Business Traveler,2022-01-01,9999-12-31,True,1
1031,PAX0001031,FF00001031,No Preference,Child,None,True,32,76780,Senior,2022-01-01,9999-12-31,True,1
1032,PAX0001032,FF00001032,No Preference,Halal,None,False,8,11919,Business Traveler,2022-01-01,9999-12-31,True,1
1033,PAX0001033,FF00001033,No Preference,Vegetarian,None,True,16,1122,Business Traveler,2022-01-01,9999-12-31,True,1
1034,PAX0001034,FF00001034,Window,Child,WCHC,False,7,12298,Leisure,2022-01-01,9999-12-31,True,1
1035,PAX0001035,FF00001035,Window,Vegetarian,None,True,30,362,Family,2022-01-01,2023-03-31,False,1
4035,PAX0001035,FF00001035,Window,Vegetarian,None,True,45,18900,Family,2023-04-01,9999-12-31,True,2
1036,PAX0001036,FF00001036,Window,Child,None,True,9,40488,Student,2022-01-01,9999-12-31,True,1
1037,PAX0001037,FF00001037,Aisle,Vegetarian,None,True,7,2678,Senior,2022-01-01,2023-03-31,False,1
4037,PAX0001037,FF00001037,Aisle,Vegetarian,None,True,27,11047,Student,2023-04-01,9999-12-31,True,2
1038,PAX0001038,FF00001038,Aisle,Vegetarian,WCHR,True,43,21894,Leisure,2022-01-01,9999-12-31,True,1
1039,PAX0001039,FF00001039,No Preference,Vegan,None,True,11,8099,Student,2022-01-01,9999-12-31,True,1
1040,PAX0001040,FF00001040,No Preference,Standard,None,False,7,16818,Senior,2022-01-01,2023-03-31,False,1
4040,PAX0001040,FF00001040,No Preference,Standard,None,False,26,32724,Student,2023-04-01,9999-12-31,True,2
1041,PAX0001041,FF00001041,No Preference,Halal,Wheelchair,False,0,3366,Leisure,2022-01-01,9999-12-31,True,1
1042,PAX0001042,FF00001042,Aisle,Halal,None,True,21,8225,Business Traveler,2022-01-01,9999-12-31,True,1
1043,PAX0001043,FF00001043,No Preference,Child,None,True,2,21090,Family,2022-01-01,9999-12-31,True,1
1044,PAX0001044,FF00001044,Window,Vegan,None,True,17,1918,Family,2022-01-01,9999-12-31,True,1
1045,PAX0001045,FF00001045,No Preference,Vegan,None,False,10,3808,Leisure,2022-01-01,9999-12-31,True,1
1046,PAX0001046,FF00001046,Aisle,Halal,None,False,0,1625,Business Traveler,2022-01-01,2023-03-31,False,1
4046,PAX0001046,FF00001046,Aisle,Halal,None,False,19,11922,Business Traveler,2023-04-01,9999-12-31,True,2
1047,PAX0001047,FF00001047,Window,Halal,None,False,21,3765,Senior,2022-01-01,9999-12-31,True,1
1048,PAX0001048,FF00001048,Aisle,Standard,None,True,0,17282,Leisure,2022-01-01,9999-12-31,True,1
1049,PAX0001049,FF00001049,Aisle,Vegetarian,None,True,22,9130,Senior,2022-01-01,2023-03-31,False,1
4049,PAX0001049,FF00001049,Aisle,Vegetarian,None,True,30,18443,Family,2023-04-01,9999-12-31,True,2
1050,PAX0001050,FF00001050,No Preference,Halal,None,True,6,1222,Family,2022-01-01,9999-12-31,True,1
1051,PAX0001051,FF00001051,Window,Child,None,True,7,25855,Senior,2022-01-01,9999-12-31,True,1
1052,PAX0001052,FF00001052,No Preference,Child,None,True,10,12123,Family,2022-01-01,2023-03-31,False,1
4052,PAX0001052,FF00001052,No Preference,Child,None,True,23,27177,Family,2023-04-01,9999-12-31,True,2
1053,PAX0001053,FF00001053,Aisle,Halal,None,False,4,3382,Business Traveler,2022-01-01,9999-12-31,True,1
1054,PAX0001054,FF00001054,Aisle,Child,None,False,5,3143,Leisure,2022-01-01,9999-12-31,True,1
1055,PAX0001055,FF00001055,Aisle,Vegetarian,None,False,17,101684,Family,2022-01-01,9999-12-31,True,1
1056,PAX0001056,FF00001056,Window,Vegan,Wheelchair,False,42,60090,Business Traveler,2022-01-01,9999-12-31,True,1
1057,PAX0001057,FF00001057,No Preference,Child,None,True,11,36205,Family,2022-01-01,9999-12-31,True,1
1058,PAX0001058,FF00001058,Aisle,None,None,True,4,29890,Leisure,2022-01-01,9999-12-31,True,1
1059,PAX0001059,FF00001059,Aisle,Vegan,None,False,7,19734,Business Traveler,2022-01-01,9999-12-31,True,1
1060,PAX0001060,FF00001060,Window,Child,WCHR,False,17,9935,Leisure,2022-01-01,9999-12-31,True,1
1061,PAX0001061,FF00001061,Aisle,Standard,None,True,4,77565,Senior,2022-01-01,2023-03-31,False,1
4061,PAX0001061,FF00001061,Aisle,Standard,None,True,14,83212,Student,2023-04-01,9999-12-31,True,2
1062,PAX0001062,FF00001062,Window,None,Wheelchair,True,0,19944,Business Traveler,2022-01-01,9999-12-31,True,1
1063,PAX0001063,FF00001063,Aisle,Vegan,None,True,29,28276,Student,2022-01-01,9999-12-31,True,1
1064,PAX0001064,FF00001064,Window,None,None,False,9,8620,Business Traveler,2022-01-01,9999-12-31,True,1
1065,PAX0001065,FF00001065,Aisle,Vegetarian,Wheelchair,True,5,57326,Business Traveler,2022-01-01,9999-12-31,True,1
1066,PAX0001066,FF00001066,Aisle,Standard,WCHR,True,9,21692,Leisure,2022-01-01,9999-12-31,True,1
1067,PAX0001067,FF00001067,Aisle,Standard,None,False,1,484,Leisure,2022-01-01,9999-12-31,True,1
1068,PAX0001068,FF00001068,No Preference,Vegan,None,True,39,14195,Student,2022-01-01,2023-03-31,False,1
4068,PAX0001068,FF00001068,No Preference,Vegan,None,True,53,32194,Senior,2023-04-01,9999-12-31,True,2
1069,PAX0001069,FF00001069,Aisle,Standard,None,True,11,2492,Leisure,2022-01-01,9999-12-31,True,1
1070,PAX0001070,FF00001070,No Preference,Standard,None,False,13,80898,Senior,2022-01-01,9999-12-31,True,1
1071,PAX0001071,FF00001071,Aisle,Vegetarian,None,True,10,4044,Leisure,2022-01-01,9999-12-31,True,1
1072,PAX0001072,FF00001072,No Preference,Vegetarian,None,True,10,43617,Business Traveler,2022-01-01,2023-03-31,False,1
4072,PAX0001072,FF00001072,No Preference,Vegetarian,None,True,22,55021,Student,2023-04-01,9999-12-31,True,2
1073,PAX0001073,FF00001073,Aisle,None,None,False,6,63567,Leisure,2022-01-01,9999-12-31,True,1
1074,PAX0001074,FF00001074,Window,Standard,None,False,12,68853,Family,2022-01-01,9999-12-31,True,1
1075,PAX0001075,FF00001075,Aisle,Vegetarian,None,True,11,4222,Business Traveler,2022-01-01,9999-12-31,True,1
1076,PAX0001076,FF00001076,Aisle,Standard,None,True,4,6761,Senior,2022-01-01,2023-03-31,False,1
4076,PAX0001076,FF00001076,Aisle,Standard,None,True,12,15106,Business Traveler,2023-04-01,9999-12-31,True,2
1077,PAX0001077,FF00001077,Aisle,Child,None,False,28,42863,Business Traveler,2022-01-01,9999-12-31,True,1
1078,PAX0001078,FF00001078,Window,Standard,None,False,13,10741,Student,2022-01-01,9999-12-31,True,1
1079,PAX0001079,FF00001079,Aisle,None,None,True,2,42373,Senior,2022-01-01,2023-03-31,False,1
4079,PAX0001079,FF00001079,Aisle,None,None,True,9,55138,Leisure,2023-04-01,9999-12-31,True,2
1080,PAX0001080,FF00001080,Aisle,Halal,None,False,7,7677,Business Traveler,2022-01-01,9999-12-31,True,1
1081,PAX0001081,FF00001081,Window,Halal,None,True,11,1235,Leisure,2022-01-01,9999-12-31,True,1
1082,PAX0001082,FF00001082,Aisle,Standard,None,True,4,18964,Leisure,2022-01-01,9999-12-31,True,1
1083,PAX0001083,FF00001083,Window,Vegetarian,WCHR,True,1,125307,Family,2022-01-01,9999-12-31,True,1
1084,PAX0001084,FF00001084,Aisle,Vegan,Wheelchair,False,2,4190,Family,2022-01-01,2023-03-31,False,1
4084,PAX0001084,FF00001084,Aisle,Vegan,Wheelchair,False,20,19701,Leisure,2023-04-01,9999-12-31,True,2
1085,PAX0001085,FF00001085,Aisle,Standard,None,True,2,43968,Senior,2022-01-01,9999-12-31,True,1
1086,PAX0001086,FF00001086,No Preference,Halal,None,True,6,25000,Leisure,2022-01-01,9999-12-31,True,1
1087,PAX0001087,FF00001087,No Preference,Halal,None,False,0,1051,Business Traveler,2022-01-01,9999-12-31,True,1
1088,PAX0001088,FF00001088,Window,Child,None,False,7,50891,Family,2022-01-01,9999-12-31,True,1
1089,PAX0001089,FF00001089,Window,Vegan,None,False,25,2720,Student,2022-01-01,9999-12-31,True,1
1090,PAX0001090,FF00001090,Aisle,Halal,None,False,9,73334,Family,2022-01-01,9999-12-31,True,1
1091,PAX0001091,FF00001091,Aisle,Vegan,WCHC,True,5,53082,Family,2022-01-01,9999-12-31,True,1
1092,PAX0001092,FF00001092,Aisle,Standard,None,True,1,82183,Senior,2022-01-01,9999-12-31,True,1
1093,PAX0001093,FF00001093,Window,Child,None,True,16,85077,Senior,2022-01-01,9999-12-31,True,1
1094,PAX0001094,FF00001094,Window,Standard,None,True,13,13548,Business Traveler,2022-01-01,9999-12-31,True,1
1095,PAX0001095,FF00001095,No Preference,Vegetarian,None,True,33,9670,Leisure,2022-01-01,9999-12-31,True,1
1096,PAX0001096,FF00001096,Aisle,Child,None,False,4,36200,Student,2022-01-01,9999-12-31,True,1
1097,PAX0001097,FF00001097,No Preference,Vegetarian,None,False,17,79523,Student,2022-01-01,9999-12-31,True,1
1098,PAX0001098,FF00001098,No Preference,Standard,None,True,2,47984,Leisure,2022-01-01,9999-12-31,True,1
1099,PAX0001099,FF00001099,No Preference,Vegetarian,Wheelchair,False,16,1977,Student,2022-01-01,2023-03-31,False,1
4099,PAX0001099,FF00001099,No Preference,Vegetarian,Wheelchair,False,27,7009,Leisure,2023-04-01,9999-12-31,True,2
1100,PAX0001100,FF00001100,Window,Child,None,True,5,9970,Student,2022-01-01,9999-12-31,True,1
1101,PAX0001101,FF00001101,Aisle,Vegetarian,None,True,4,122142,Business Traveler,2022-01-01,9999-12-31,True,1
1102,PAX0001102,FF00001102,No Preference,Standard,None,True,12,37941,Senior,2022-01-01,9999-12-31,True,1
1103,PAX0001103,FF00001103,Window,Vegan,None,True,45,14205,Leisure,2022-01-01,2023-03-31,False,1
4103,PAX0001103,FF00001103,Window,Vegan,None,True,56,26688,Senior,2023-04-01,9999-12-31,True,2
1104,PAX0001104,FF00001104,No Preference,None,None,False,19,17102,Family,2022-01-01,2023-03-31,False,1
4104,PAX0001104,FF00001104,No Preference,None,None,False,34,27020,Business Traveler,2023-04-01,9999-12-31,True,2
1105,PAX0001105,FF00001105,Window,Child,None,False,24,5977,Senior,2022-01-01,9999-12-31,True,1
1106,PAX0001106,FF00001106,No Preference,Child,None,True,35,7406,Leisure,2022-01-01,9999-12-31,True,1
1107,PAX0001107,FF00001107,No Preference,Vegetarian,WCHR,True,4,42341,Business Traveler,2022-01-01,9999-12-31,True,1
1108,PAX0001108,FF00001108,Window,None,None,False,6,28110,Student,2022-01-01,9999-12-31,True,1
1109,PAX0001109,FF00001109,No Preference,Halal,None,True,7,40686,Leisure,2022-01-01,9999-12-31,True,1
1110,PAX0001110,FF00001110,No Preference,Standard,None,True,3,1807,Student,2022-01-01,9999-12-31,True,1
1111,PAX0001111,FF00001111,Aisle,Standard,None,False,4,19291,Family,2022-01-01,9999-12-31,True,1
1112,PAX0001112,FF00001112,No Preference,None,None,False,2,13145,Senior,2022-01-01,9999-12-31,True,1
1113,PAX0001113,FF00001113,Window,Standard,None,False,6,1773,Business Traveler,2022-01-01,9999-12-31,True,1
1114,PAX0001114,FF00001114,No Preference,Standard,None,True,10,64713,Leisure,2022-01-01,9999-12-31,True,1
1115,PAX0001115,FF00001115,No Preference,Halal,WCHC,True,1,27324,Senior,2022-01-01,2023-03-31,False,1
4115,PAX0001115,FF00001115,No Preference,Halal,WCHC,True,17,40529,Family,2023-04-01,9999-12-31,True,2
1116,PAX0001116,FF00001116,Aisle,Halal,None,True,13,16307,Senior,2022-01-01,9999-12-31,True,1
1117,PAX0001117,FF00001117,No Preference,Vegetarian,None,True,14,15866,Leisure,2022-01-01,9999-12-31,True,1
1118,PAX0001118,FF00001118,Window,Halal,None,True,8,221,Family,2022-01-01,9999-12-31,True,1
1119,PAX0001119,FF00001119,Aisle,Standard,None,False,14,32482,Business Traveler,2022-01-01,9999-12-31,True,1
1120,PAX0001120,FF00001120,Aisle,Halal,None,False,0,13777,Senior,2022-01-01,2023-03-31,False,1
4120,PAX0001120,FF00001120,Aisle,Halal,None,False,6,26389,Business Traveler,2023-04-01,9999-12-31,True,2
1121,PAX0001121,FF00001121,Window,Standard,None,False,46,16379,Business Traveler,2022-01-01,2023-03-31,False,1
4121,PAX0001121,FF00001121,Window,Standard,None,False,58,29937,Leisure,2023-04-01,9999-12-31,True,2
1122,PAX0001122,FF00001122,Window,Standard,None,True,8,72215,Leisure,2022-01-01,9999-12-31,True,1
1123,PAX0001123,FF00001123,No Preference,None,None,False,15,26173,Business Traveler,2022-01-01,2023-03-31,False,1
4123,PAX0001123,FF00001123,No Preference,None,None,False,31,31361,Student,2023-04-01,9999-12-31,True,2
1124,PAX0001124,FF00001124,Aisle,Vegan,None,True,19,59933,Student,2022-01-01,9999-12-31,True,1
1125,PAX0001125,FF00001125,Aisle,None,None,True,7,19336,Senior,2022-01-01,9999-12-31,True,1
1126,PAX0001126,FF00001126,No Preference,Halal,None,True,5,102071,Business Traveler,2022-01-01,9999-12-31,True,1
1127,PAX0001127,FF00001127,Window,Halal,None,True,14,2606,Student,2022-01-01,9999-12-31,True,1
1128,PAX0001128,FF00001128,Window,Halal,None,False,23,19650,Business Traveler,2022-01-01,9999-12-31,True,1
1129,PAX0001129,FF00001129,Window,Vegetarian,WCHR,True,0,23936,Leisure,2022-01-01,9999-12-31,True,1
1130,PAX0001130,FF00001130,Window,Vegan,None,True,6,63050,Family,2022-01-01,9999-12-31,True,1
1131,PAX0001131,FF00001131,Aisle,Halal,WCHR,False,2,52541,Leisure,2022-01-01,9999-12-31,True,1
1132,PAX0001132,FF00001132,Window,Child,Wheelchair,False,9,1684,Family,2022-01-01,9999-12-31,True,1
1133,PAX0001133,FF00001133,Aisle,Child,None,False,42,21561,Business Traveler,2022-01-01,9999-12-31,True,1
1134,PAX0001134,FF00001134,No Preference,Vegetarian,None,True,4,19012,Senior,2022-01-01,9999-12-31,True,1
1135,PAX0001135,FF00001135,No Preference,Halal,None,False,23,10911,Student,2022-01-01,9999-12-31,True,1
1136,PAX0001136,FF00001136,Aisle,Halal,Wheelchair,False,2,4145,Business Traveler,2022-01-01,9999-12-31,True,1
1137,PAX0001137,FF00001137,No Preference,Vegan,None,True,4,45430,Leisure,2022-01-01,2023-03-31,False,1
4137,PAX0001137,FF00001137,No Preference,Vegan,None,True,17,60335,Senior,2023-04-01,9999-12-31,True,2
1138,PAX0001138,FF00001138,Aisle,Vegetarian,None,True,7,7742,Business Traveler,2022-01-01,9999-12-31,True,1
1139,PAX0001139,FF00001139,Aisle,Halal,None,True,2,12136,Business Traveler,2022-01-01,2023-03-31,False,1
4139,PAX0001139,FF00001139,Aisle,Halal,None,True,22,29819,Family,2023-04-01,9999-12-31,True,2
1140,PAX0001140,FF00001140,No Preference,Standard,None,False,33,12603,Leisure,2022-01-01,2023-03-31,False,1
4140,PAX0001140,FF00001140,No Preference,Standard,None,False,45,22628,Senior,2023-04-01,9999-12-31,True,2
1141,PAX0001141,FF00001141,No Preference,Child,None,True,53,19921,Business Traveler,2022-01-01,9999-12-31,True,1
1142,PAX0001142,FF00001142,Aisle,Child,None,False,2,66530,Senior,2022-01-01,9999-12-31,True,1
1143,PAX0001143,FF00001143,Aisle,Standard,Wheelchair,True,7,37102,Leisure,2022-01-01,2023-03-31,False,1
4143,PAX0001143,FF00001143,Aisle,Standard,Wheelchair,True,21,45314,Student,2023-04-01,9999-12-31,True,2
1144,PAX0001144,FF00001144,Aisle,Standard,Wheelchair,True,49,1544,Leisure,2022-01-01,9999-12-31,True,1
1145,PAX0001145,FF00001145,Aisle,Standard,None,False,1,38237,Business Traveler,2022-01-01,9999-12-31,True,1
1146,PAX0001146,FF00001146,Window,Standard,None,False,3,6111,Business Traveler,2022-01-01,9999-12-31,True,1
1147,PAX0001147,FF00001147,Window,None,None,False,0,662,Family,2022-01-01,9999-12-31,True,1
1148,PAX0001148,FF00001148,Window,Standard,None,False,17,4331,Business Traveler,2022-01-01,9999-12-31,True,1
1149,PAX0001149,FF00001149,Aisle,Standard,None,False,7,27934,Business Traveler,2022-01-01,9999-12-31,True,1
1150,PAX0001150,FF00001150,No Preference,Child,None,True,6,824,Senior,2022-01-01,9999-12-31,True,1
1151,PAX0001151,FF00001151,Aisle,None,None,True,18,317,Family,2022-01-01,9999-12-31,True,1
1152,PAX0001152,FF00001152,Aisle,None,None,False,17,67133,Student,2022-01-01,9999-12-31,True,1
1153,PAX0001153,FF00001153,Window,Vegetarian,WCHR,False,6,23006,Leisure,2022-01-01,9999-12-31,True,1
1154,PAX0001154,FF00001154,Window,Standard,None,True,7,14789,Family,2022-01-01,9999-12-31,True,1
1155,PAX0001155,FF00001155,Aisle,Child,None,False,26,67310,Leisure,2022-01-01,9999-12-31,True,1
1156,PAX0001156,FF00001156,Window,None,None,True,4,28640,Senior,2022-01-01,2023-03-31,False,1
4156,PAX0001156,FF00001156,Window,None,None,True,12,46406,Business Traveler,2023-04-01,9999-12-31,True,2
1157,PAX0001157,FF00001157,Window,Vegetarian,Wheelchair,False,31,98151,Student,2022-01-01,9999-12-31,True,1
1158,PAX0001158,FF00001158,No Preference,Vegetarian,None,True,8,18089,Business Traveler,2022-01-01,9999-12-31,True,1
1159,PAX0001159,FF00001159,Window,Standard,None,False,3,95731,Family,2022-01-01,2023-03-31,False,1
4159,PAX0001159,FF00001159,Window,Standard,None,False,19,113582,Family,2023-04-01,9999-12-31,True,2
1160,PAX0001160,FF00001160,No Preference,Standard,None,False,1,26012,Student,2022-01-01,2023-03-31,False,1
4160,PAX0001160,FF00001160,No Preference,Standard,None,False,12,45369,Leisure,2023-04-01,9999-12-31,True,2
1161,PAX0001161,FF00001161,Window,Vegetarian,WCHC,True,3,9813,Senior,2022-01-01,9999-12-31,True,1
1162,PAX0001162,FF00001162,Aisle,Child,None,False,6,201586,Family,2022-01-01,9999-12-31,True,1
1163,PAX0001163,FF00001163,Aisle,None,None,False,0,25921,Senior,2022-01-01,9999-12-31,True,1
1164,PAX0001164,FF00001164,Aisle,Child,None,True,1,5035,Family,2022-01-01,9999-12-31,True,1
1165,PAX0001165,FF00001165,Aisle,None,None,True,6,21428,Business Traveler,2022-01-01,9999-12-31,True,1
1166,PAX0001166,FF00001166,Aisle,Halal,Wheelchair,False,3,11413,Business Traveler,2022-01-01,2023-03-31,False,1
4166,PAX0001166,FF00001166,Aisle,Halal,Wheelchair,False,14,19650,Business Traveler,2023-04-01,9999-12-31,True,2
1167,PAX0001167,FF00001167,No Preference,Child,None,True,1,10838,Student,2022-01-01,9999-12-31,True,1
1168,PAX0001168,FF00001168,No Preference,Standard,None,True,40,86853,Family,2022-01-01,2023-03-31,False,1
4168,PAX0001168,FF00001168,No Preference,Standard,None,True,54,100100,Family,2023-04-01,9999-12-31,True,2
1169,PAX0001169,FF00001169,Window,Standard,None,True,4,25378,Senior,2022-01-01,9999-12-31,True,1
1170,PAX0001170,FF00001170,Window,Halal,Wheelchair,True,28,186,Leisure,2022-01-01,2023-03-31,False,1
4170,PAX0001170,FF00001170,Window,Halal,Wheelchair,True,45,12989,Business Traveler,2023-04-01,9999-12-31,True,2
1171,PAX0001171,FF00001171,No Preference,Child,WCHC,False,19,88909,Senior,2022-01-01,9999-12-31,True,1
1172,PAX0001172,FF00001172,No Preference,Child,Wheelchair,True,1,5282,Student,2022-01-01,9999-12-31,True,1
1173,PAX0001173,FF00001173,Aisle,Standard,Wheelchair,False,38,23135,Senior,2022-01-01,9999-12-31,True,1
1174,PAX0001174,FF00001174,Window,Vegan,None,False,0,8937,Business Traveler,2022-01-01,9999-12-31,True,1
1175,PAX0001175,FF00001175,Aisle,Halal,None,True,7,35418,Leisure,2022-01-01,9999-12-31,True,1
1176,PAX0001176,FF00001176,Aisle,Vegan,None,True,15,161591,Leisure,2022-01-01,9999-12-31,True,1
1177,PAX0001177,FF00001177,No Preference,Vegan,None,False,4,23180,Student,2022-01-01,9999-12-31,True,1
1178,PAX0001178,FF00001178,No Preference,Standard,None,False,9,15608,Leisure,2022-01-01,9999-12-31,True,1
1179,PAX0001179,FF00001179,Window,Halal,None,False,2,113769,Student,2022-01-01,9999-12-31,True,1
1180,PAX0001180,FF00001180,Aisle,Vegan,None,False,23,20694,Business Traveler,2022-01-01,9999-12-31,True,1
1181,PAX0001181,FF00001181,Window,Standard,Wheelchair,False,11,7734,Business Traveler,2022-01-01,9999-12-31,True,1
1182,PAX0001182,FF00001182,No Preference,Vegan,None,True,9,35620,Senior,2022-01-01,9999-12-31,True,1
1183,PAX0001183,FF00001183,Window,Vegan,None,True,8,139023,Family,2022-01-01,2023-03-31,False,1
4183,PAX0001183,FF00001183,Window,Vegan,None,True,27,148880,Leisure,2023-04-01,9999-12-31,True,2
1184,PAX0001184,FF00001184,Aisle,Child,Wheelchair,False,11,13907,Leisure,2022-01-01,9999-12-31,True,1
1185,PAX0001185,FF00001185,Window,Halal,None,False,17,5606,Family,2022-01-01,9999-12-31,True,1
1186,PAX0001186,FF00001186,Aisle,Vegetarian,None,False,5,12783,Business Traveler,2022-01-01,9999-12-31,True,1
1187,PAX0001187,FF00001187,Window,Standard,None,False,6,45667,Leisure,2022-01-01,2023-03-31,False,1
4187,PAX0001187,FF00001187,Window,Standard,None,False,17,56209,Business Traveler,2023-04-01,9999-12-31,True,2
1188,PAX0001188,FF00001188,No Preference,Vegan,None,True,7,47398,Student,2022-01-01,9999-12-31,True,1
1189,PAX0001189,FF00001189,No Preference,Vegan,None,False,10,12559,Family,2022-01-01,2023-03-31,False,1
4189,PAX0001189,FF00001189,No Preference,Vegan,None,False,23,26029,Business Traveler,2023-04-01,9999-12-31,True,2
1190,PAX0001190,FF00001190,No Preference,Vegan,None,True,19,8165,Leisure,2022-01-01,2023-03-31,False,1
4190,PAX0001190,FF00001190,No Preference,Vegan,None,True,35,25902,Student,2023-04-01,9999-12-31,True,2
1191,PAX0001191,FF00001191,Window,Halal,None,True,3,21065,Senior,2022-01-01,9999-12-31,True,1
1192,PAX0001192,FF00001192,Window,Halal,None,False,3,273,Senior,2022-01-01,9999-12-31,True,1
1193,PAX0001193,FF00001193,Aisle,Vegetarian,None,False,12,21467,Senior,2022-01-01,9999-12-31,True,1
1194,PAX0001194,FF00001194,No Preference,Child,Wheelchair,False,7,102308,Student,2022-01-01,9999-12-31,True,1
1195,PAX0001195,FF00001195,Window,Child,None,True,10,59727,Leisure,2022-01-01,9999-12-31,True,1
1196,PAX0001196,FF00001196,Window,Vegetarian,None,False,1,25263,Leisure,2022-01-01,9999-12-31,True,1
1197,PAX0001197,FF00001197,Window,None,None,True,24,26247,Senior,2022-01-01,2023-03-31,False,1
4197,PAX0001197,FF00001197,Window,None,None,True,43,44847,Business Traveler,2023-04-01,9999-12-31,True,2
1198,PAX0001198,FF00001198,Aisle,Vegan,None,False,15,13958,Business Traveler,2022-01-01,9999-12-31,True,1
1199,PAX0001199,FF00001199,Aisle,Vegetarian,None,False,1,18369,Business Traveler,2022-01-01,9999-12-31,True,1
1200,PAX0001200,FF00001200,Aisle,Child,None,True,6,60535,Student,2022-01-01,2023-03-31,False,1
4200,PAX0001200,FF00001200,Aisle,Child,None,True,24,75014,Business Traveler,2023-04-01,9999-12-31,True,2
1201,PAX0001201,FF00001201,No Preference,Vegetarian,None,True,3,102096,Senior,2022-01-01,9999-12-31,True,1
1202,PAX0001202,FF00001202,No Preference,Standard,None,False,38,8535,Leisure,2022-01-01,9999-12-31,True,1
1203,PAX0001203,FF00001203,Window,Standard,None,True,5,67773,Business Traveler,2022-01-01,9999-12-31,True,1
1204,PAX0001204,FF00001204,Window,Vegetarian,Wheelchair,True,40,17579,Senior,2022-01-01,9999-12-31,True,1
1205,PAX0001205,FF00001205,Window,Halal,None,True,4,22402,Student,2022-01-01,9999-12-31,True,1
1206,PAX0001206,FF00001206,Aisle,Vegan,None,False,13,9584,Senior,2022-01-01,9999-12-31,True,1
1207,PAX0001207,FF00001207,Aisle,Vegetarian,None,False,16,1591,Senior,2022-01-01,9999-12-31,True,1
1208,PAX0001208,FF00001208,Window,Child,None,True,0,14646,Senior,2022-01-01,9999-12-31,True,1
1209,PAX0001209,FF00001209,Window,Vegetarian,Wheelchair,False,5,11377,Business Traveler,2022-01-01,9999-12-31,True,1
1210,PAX0001210,FF00001210,No Preference,Vegetarian,None,True,8,11602,Senior,2022-01-01,2023-03-31,False,1
4210,PAX0001210,FF00001210,No Preference,Vegetarian,None,True,18,31262,Business Traveler,2023-04-01,9999-12-31,True,2
1211,PAX0001211,FF00001211,Aisle,Vegetarian,None,True,2,11108,Student,2022-01-01,9999-12-31,True,1
1212,PAX0001212,FF00001212,Aisle,Standard,None,False,44,15885,Senior,2022-01-01,9999-12-31,True,1
1213,PAX0001213,FF00001213,Window,Vegan,Wheelchair,False,7,25779,Student,2022-01-01,9999-12-31,True,1
1214,PAX0001214,FF00001214,Aisle,Child,None,False,49,8296,Business Traveler,2022-01-01,9999-12-31,True,1
1215,PAX0001215,FF00001215,No Preference,Vegan,None,True,13,37761,Senior,2022-01-01,9999-12-31,True,1
1216,PAX0001216,FF00001216,Aisle,Standard,None,True,11,2782,Business Traveler,2022-01-01,9999-12-31,True,1
1217,PAX0001217,FF00001217,Window,Child,None,True,13,1987,Business Traveler,2022-01-01,9999-12-31,True,1
1218,PAX0001218,FF00001218,Aisle,Vegetarian,None,False,10,40363,Student,2022-01-01,9999-12-31,True,1
1219,PAX0001219,FF00001219,No Preference,Vegetarian,None,True,2,55283,Student,2022-01-01,9999-12-31,True,1
1220,PAX0001220,FF00001220,Window,Standard,WCHR,True,0,55701,Student,2022-01-01,2023-03-31,False,1
4220,PAX0001220,FF00001220,Window,Standard,WCHR,True,16,75542,Leisure,2023-04-01,9999-12-31,True,2
1221,PAX0001221,FF00001221,Aisle,Halal,Wheelchair,True,7,7361,Business Traveler,2022-01-01,9999-12-31,True,1
1222,PAX0001222,FF00001222,Aisle,Halal,None,True,1,91924,Leisure,2022-01-01,9999-12-31,True,1
1223,PAX0001223,FF00001223,No Preference,Child,None,True,0,6660,Family,2022-01-01,2023-03-31,False,1
4223,PAX0001223,FF00001223,No Preference,Child,None,True,11,25998,Leisure,2023-04-01,9999-12-31,True,2
1224,PAX0001224,FF00001224,Window,Vegan,WCHR,False,5,29046,Leisure,2022-01-01,2023-03-31,False,1
4224,PAX0001224,FF00001224,Window,Vegan,WCHR,False,10,39728,Family,2023-04-01,9999-12-31,True,2
1225,PAX0001225,FF00001225,No Preference,Child,WCHC,True,9,4028,Business Traveler,2022-01-01,2023-03-31,False,1
4225,PAX0001225,FF00001225,No Preference,Child,WCHC,True,22,10510,Student,2023-04-01,9999-12-31,True,2
1226,PAX0001226,FF00001226,No Preference,Standard,None,False,4,8183,Family,2022-01-01,9999-12-31,True,1
1227,PAX0001227,FF00001227,No Preference,Child,None,True,2,15887,Business Traveler,2022-01-01,2023-03-31,False,1
4227,PAX0001227,FF00001227,No Preference,Child,None,True,19,24132,Senior,2023-04-01,9999-12-31,True,2
1228,PAX0001228,FF00001228,Aisle,Halal,None,False,14,7356,Leisure,2022-01-01,2023-03-31,False,1
4228,PAX0001228,FF00001228,Aisle,Halal,None,False,31,15342,Business Traveler,2023-04-01,9999-12-31,True,2
1229,PAX0001229,FF00001229,Aisle,None,None,True,5,14874,Senior,2022-01-01,9999-12-31,True,1
1230,PAX0001230,FF00001230,Window,Child,None,False,44,92811,Senior,2022-01-01,2023-03-31,False,1
4230,PAX0001230,FF00001230,Window,Child,None,False,52,105701,Leisure,2023-04-01,9999-12-31,True,2
1231,PAX0001231,FF00001231,No Preference,Vegan,None,False,19,8298,Student,2022-01-01,9999-12-31,True,1
1232,PAX0001232,FF00001232,No Preference,None,WCHR,False,0,11433,Senior,2022-01-01,2023-03-31,False,1
4232,PAX0001232,FF00001232,No Preference,None,WCHR,False,5,31020,Leisure,2023-04-01,9999-12-31,True,2
1233,PAX0001233,FF00001233,Window,Vegan,Wheelchair,True,3,21152,Business Traveler,2022-01-01,2023-03-31,False,1
4233,PAX0001233,FF00001233,Window,Vegan,Wheelchair,True,13,36962,Family,2023-04-01,9999-12-31,True,2
1234,PAX0001234,FF00001234,No Preference,Halal,None,True,18,58626,Student,2022-01-01,2023-03-31,False,1
4234,PAX0001234,FF00001234,No Preference,Halal,None,True,26,64654,Leisure,2023-04-01,9999-12-31,True,2
1235,PAX0001235,FF00001235,Window,Halal,None,False,22,13373,Business Traveler,2022-01-01,9999-12-31,True,1
1236,PAX0001236,FF00001236,Window,Standard,None,True,13,11255,Student,2022-01-01,9999-12-31,True,1
1237,PAX0001237,FF00001237,No Preference,Vegan,None,False,0,36276,Leisure,2022-01-01,9999-12-31,True,1
1238,PAX0001238,FF00001238,Window,Halal,None,False,0,15787,Leisure,2022-01-01,2023-03-31,False,1
4238,PAX0001238,FF00001238,Window,Halal,None,False,12,32390,Business Traveler,2023-04-01,9999-12-31,True,2
1239,PAX0001239,FF00001239,No Preference,None,None,True,4,35464,Family,2022-01-01,2023-03-31,False,1
4239,PAX0001239,FF00001239,No Preference,None,None,True,18,53106,Business Traveler,2023-04-01,9999-12-31,True,2
1240,PAX0001240,FF00001240,Aisle,Standard,None,False,17,10876,Family,2022-01-01,2023-03-31,False,1
4240,PAX0001240,FF00001240,Aisle,Standard,None,False,29,28287,Leisure,2023-04-01,9999-12-31,True,2
1241,PAX0001241,FF00001241,No Preference,Child,None,True,20,10440,Student,2022-01-01,9999-12-31,True,1
1242,PAX0001242,FF00001242,Window,Halal,None,False,7,38950,Senior,2022-01-01,9999-12-31,True,1
1243,PAX0001243,FF00001243,Aisle,None,None,False,14,131146,Family,2022-01-01,9999-12-31,True,1
1244,PAX0001244,FF00001244,No Preference,Vegetarian,WCHC,False,3,32569,Senior,2022-01-01,9999-12-31,True,1
1245,PAX0001245,FF00001245,Aisle,Vegetarian,None,False,11,73987,Senior,2022-01-01,9999-12-31,True,1
1246,PAX0001246,FF00001246,Window,Halal,None,True,2,41805,Student,2022-01-01,9999-12-31,True,1
1247,PAX0001247,FF00001247,No Preference,Vegan,None,True,10,9633,Leisure,2022-01-01,2023-03-31,False,1
4247,PAX0001247,FF00001247,No Preference,Vegan,None,True,15,27002,Student,2023-04-01,9999-12-31,True,2
1248,PAX0001248,FF00001248,Window,Halal,None,False,7,12183,Leisure,2022-01-01,9999-12-31,True,1
1249,PAX0001249,FF00001249,Aisle,Vegetarian,None,True,10,65946,Family,2022-01-01,9999-12-31,True,1
1250,PAX0001250,FF00001250,No Preference,Standard,None,True,10,29967,Leisure,2022-01-01,9999-12-31,True,1
1251,PAX0001251,FF00001251,Aisle,Child,None,True,8,1575,Business Traveler,2022-01-01,9999-12-31,True,1
1252,PAX0001252,FF00001252,Aisle,Vegetarian,Wheelchair,False,3,20318,Business Traveler,2022-01-01,2023-03-31,False,1
4252,PAX0001252,FF00001252,Aisle,Vegetarian,Wheelchair,False,8,29615,Senior,2023-04-01,9999-12-31,True,2
1253,PAX0001253,FF00001253,Aisle,Standard,WCHC,False,4,6018,Senior,2022-01-01,2023-03-31,False,1
4253,PAX0001253,FF00001253,Aisle,Standard,WCHC,False,24,24714,Business Traveler,2023-04-01,9999-12-31,True,2
1254,PAX0001254,FF00001254,Window,Standard,None,True,8,11694,Business Traveler,2022-01-01,9999-12-31,True,1
1255,PAX0001255,FF00001255,Window,Vegetarian,None,True,3,18707,Family,2022-01-01,9999-12-31,True,1
1256,PAX0001256,FF00001256,Aisle,Vegan,None,True,1,78826,Senior,2022-01-01,9999-12-31,True,1
1257,PAX0001257,FF00001257,Aisle,Standard,WCHR,True,24,36891,Senior,2022-01-01,9999-12-31,True,1
1258,PAX0001258,FF00001258,Aisle,Halal,None,False,1,44866,Business Traveler,2022-01-01,9999-12-31,True,1
1259,PAX0001259,FF00001259,Window,Vegan,None,False,19,43800,Business Traveler,2022-01-01,2023-03-31,False,1
4259,PAX0001259,FF00001259,Window,Vegan,None,False,31,56386,Student,2023-04-01,9999-12-31,True,2
1260,PAX0001260,FF00001260,Aisle,Vegan,None,False,1,30976,Leisure,2022-01-01,9999-12-31,True,1
1261,PAX0001261,FF00001261,Window,Vegetarian,None,True,21,25836,Business Traveler,2022-01-01,9999-12-31,True,1
1262,PAX0001262,FF00001262,Aisle,Halal,None,False,12,18394,Student,2022-01-01,2023-03-31,False,1
4262,PAX0001262,FF00001262,Aisle,Halal,None,False,20,29768,Leisure,2023-04-01,9999-12-31,True,2
1263,PAX0001263,FF00001263,Aisle,Standard,WCHR,True,9,1049,Senior,2022-01-01,2023-03-31,False,1
4263,PAX0001263,FF00001263,Aisle,Standard,WCHR,True,26,14623,Senior,2023-04-01,9999-12-31,True,2
1264,PAX0001264,FF00001264,Aisle,Standard,None,True,12,2548,Student,2022-01-01,9999-12-31,True,1
1265,PAX0001265,FF00001265,Window,Halal,Wheelchair,True,6,10387,Senior,2022-01-01,9999-12-31,True,1
1266,PAX0001266,FF00001266,No Preference,Child,None,True,9,4295,Senior,2022-01-01,9999-12-31,True,1
1267,PAX0001267,FF00001267,Window,Halal,None,True,14,47544,Leisure,2022-01-01,9999-12-31,True,1
1268,PAX0001268,FF00001268,Aisle,Halal,None,True,2,3304,Senior,2022-01-01,2023-03-31,False,1
4268,PAX0001268,FF00001268,Aisle,Halal,None,True,18,15322,Student,2023-04-01,9999-12-31,True,2
1269,PAX0001269,FF00001269,Window,Child,Wheelchair,False,1,62898,Senior,2022-01-01,9999-12-31,True,1
1270,PAX0001270,FF00001270,Window,Halal,Wheelchair,False,9,18891,Leisure,2022-01-01,9999-12-31,True,1
1271,PAX0001271,FF00001271,Aisle,Child,None,False,1,31456,Senior,2022-01-01,2023-03-31,False,1
4271,PAX0001271,FF00001271,Aisle,Child,None,False,19,48480,Family,2023-04-01,9999-12-31,True,2
1272,PAX0001272,FF00001272,Window,None,None,True,24,52840,Family,2022-01-01,9999-12-31,True,1
1273,PAX0001273,FF00001273,Aisle,None,Wheelchair,False,11,2347,Student,2022-01-01,2023-03-31,False,1
4273,PAX0001273,FF00001273,Aisle,None,Wheelchair,False,24,11188,Senior,2023-04-01,9999-12-31,True,2
1274,PAX0001274,FF00001274,No Preference,Child,None,True,1,1516,Family,2022-01-01,9999-12-31,True,1
1275,PAX0001275,FF00001275,Window,Halal,None,True,3,4373,Student,2022-01-01,9999-12-31,True,1
1276,PAX0001276,FF00001276,Aisle,None,None,True,3,14586,Senior,2022-01-01,9999-12-31,True,1
1277,PAX0001277,FF00001277,Aisle,Halal,None,True,34,28277,Senior,2022-01-01,9999-12-31,True,1
1278,PAX0001278,FF00001278,Aisle,None,WCHC,False,21,37172,Senior,2022-01-01,9999-12-31,True,1
1279,PAX0001279,FF00001279,Aisle,Vegetarian,None,False,1,39945,Leisure,2022-01-01,9999-12-31,True,1
1280,PAX0001280,FF00001280,Window,Halal,None,True,3,30575,Family,2022-01-01,9999-12-31,True,1
1281,PAX0001281,FF00001281,No Preference,Child,None,True,5,181885,Leisure,2022-01-01,9999-12-31,True,1
1282,PAX0001282,FF00001282,Window,Child,Wheelchair,True,3,9818,Family,2022-01-01,9999-12-31,True,1
1283,PAX0001283,FF00001283,Aisle,None,Wheelchair,False,32,748,Business Traveler,2022-01-01,9999-12-31,True,1
1284,PAX0001284,FF00001284,Aisle,Vegan,None,True,14,38765,Leisure,2022-01-01,9999-12-31,True,1
1285,PAX0001285,FF00001285,Aisle,Child,None,True,21,110000,Business Traveler,2022-01-01,9999-12-31,True,1
1286,PAX0001286,FF00001286,No Preference,Vegetarian,None,False,44,2025,Senior,2022-01-01,9999-12-31,True,1
1287,PAX0001287,FF00001287,Window,Child,WCHR,True,20,31180,Leisure,2022-01-01,9999-12-31,True,1
1288,PAX0001288,FF00001288,Aisle,Child,None,True,12,4121,Family,2022-01-01,2023-03-31,False,1
4288,PAX0001288,FF00001288,Aisle,Child,None,True,31,17445,Family,2023-04-01,9999-12-31,True,2
1289,PAX0001289,FF00001289,Aisle,Halal,None,False,12,121336,Family,2022-01-01,9999-12-31,True,1
1290,PAX0001290,FF00001290,Aisle,Vegetarian,None,True,29,17348,Student,2022-01-01,9999-12-31,True,1
1291,PAX0001291,FF00001291,No Preference,None,None,False,0,13496,Senior,2022-01-01,2023-03-31,False,1
4291,PAX0001291,FF00001291,No Preference,None,None,False,15,32392,Student,2023-04-01,9999-12-31,True,2
1292,PAX0001292,FF00001292,No Preference,None,None,True,21,36269,Leisure,2022-01-01,9999-12-31,True,1
1293,PAX0001293,FF00001293,Window,Halal,None,False,7,1700,Business Traveler,2022-01-01,9999-12-31,True,1
1294,PAX0001294,FF00001294,No Preference,Vegan,None,False,6,18991,Leisure,2022-01-01,2023-03-31,False,1
4294,PAX0001294,FF00001294,No Preference,Vegan,None,False,13,30580,Business Traveler,2023-04-01,9999-12-31,True,2
1295,PAX0001295,FF00001295,No Preference,None,Wheelchair,True,31,30740,Senior,2022-01-01,2023-03-31,False,1
4295,PAX0001295,FF00001295,No Preference,None,Wheelchair,True,41,48302,Family,2023-04-01,9999-12-31,True,2
1296,PAX0001296,FF00001296,No Preference,Standard,None,True,4,22353,Senior,2022-01-01,2023-03-31,False,1
4296,PAX0001296,FF00001296,No Preference,Standard,None,True,22,38861,Leisure,2023-04-01,9999-12-31,True,2
1297,PAX0001297,FF00001297,Window,Vegetarian,None,False,0,107881,Business Traveler,2022-01-01,9999-12-31,True,1
1298,PAX0001298,FF00001298,Aisle,Child,None,False,5,19495,Family,2022-01-01,9999-12-31,True,1
1299,PAX0001299,FF00001299,No Preference,None,None,True,5,34419,Business Traveler,2022-01-01,9999-12-31,True,1
1300,PAX0001300,FF00001300,Aisle,Halal,None,True,13,37691,Business Traveler,2022-01-01,9999-12-31,True,1
1301,PAX0001301,FF00001301,No Preference,Vegan,None,False,3,11379,Family,2022-01-01,2023-03-31,False,1
4301,PAX0001301,FF00001301,No Preference,Vegan,None,False,18,29806,Family,2023-04-01,9999-12-31,True,2
1302,PAX0001302,FF00001302,Window,Standard,None,True,1,31970,Student,2022-01-01,9999-12-31,True,1
1303,PAX0001303,FF00001303,No Preference,Halal,None,True,0,27315,Business Traveler,2022-01-01,9999-12-31,True,1
1304,PAX0001304,FF00001304,No Preference,None,Wheelchair,True,24,66446,Senior,2022-01-01,9999-12-31,True,1
1305,PAX0001305,FF00001305,Aisle,Child,Wheelchair,True,7,18446,Senior,2022-01-01,9999-12-31,True,1
1306,PAX0001306,FF00001306,Aisle,None,None,True,0,33329,Student,2022-01-01,9999-12-31,True,1
1307,PAX0001307,FF00001307,Window,Standard,None,False,20,8417,Family,2022-01-01,9999-12-31,True,1
1308,PAX0001308,FF00001308,No Preference,Child,None,True,6,54760,Leisure,2022-01-01,9999-12-31,True,1
1309,PAX0001309,FF00001309,Window,Vegan,None,True,25,8358,Senior,2022-01-01,9999-12-31,True,1
1310,PAX0001310,FF00001310,Window,Vegetarian,None,True,9,6414,Family,2022-01-01,9999-12-31,True,1
1311,PAX0001311,FF00001311,Window,Vegan,None,True,1,72614,Family,2022-01-01,2023-03-31,False,1
4311,PAX0001311,FF00001311,Window,Vegan,None,True,11,88284,Senior,2023-04-01,9999-12-31,True,2
1312,PAX0001312,FF00001312,Aisle,Halal,Wheelchair,False,20,42817,Business Traveler,2022-01-01,9999-12-31,True,1
1313,PAX0001313,FF00001313,Window,Child,None,False,0,55684,Family,2022-01-01,2023-03-31,False,1
4313,PAX0001313,FF00001313,Window,Child,None,False,13,62139,Senior,2023-04-01,9999-12-31,True,2
1314,PAX0001314,FF00001314,No Preference,Standard,None,True,6,12574,Family,2022-01-01,9999-12-31,True,1
1315,PAX0001315,FF00001315,Window,Vegetarian,None,False,9,2873,Senior,2022-01-01,2023-03-31,False,1
4315,PAX0001315,FF00001315,Window,Vegetarian,None,False,15,16562,Family,2023-04-01,9999-12-31,True,2
1316,PAX0001316,FF00001316,Window,Vegetarian,None,False,16,26199,Business Traveler,2022-01-01,9999-12-31,True,1
1317,PAX0001317,FF00001317,Aisle,Vegetarian,None,False,2,6256,Student,2022-01-01,9999-12-31,True,1
1318,PAX0001318,FF00001318,No Preference,Vegan,None,True,2,1760,Student,2022-01-01,9999-12-31,True,1
1319,PAX0001319,FF00001319,Aisle,Standard,None,True,10,55042,Student,2022-01-01,9999-12-31,True,1
1320,PAX0001320,FF00001320,Window,Halal,None,False,0,1507,Leisure,2022-01-01,9999-12-31,True,1
1321,PAX0001321,FF00001321,Window,Vegetarian,WCHR,False,10,51360,Student,2022-01-01,9999-12-31,True,1
1322,PAX0001322,FF00001322,Aisle,Child,None,True,4,12905,Leisure,2022-01-01,9999-12-31,True,1
1323,PAX0001323,FF00001323,Aisle,Standard,None,False,10,9614,Leisure,2022-01-01,9999-12-31,True,1
1324,PAX0001324,FF00001324,No Preference,Halal,None,False,0,39866,Leisure,2022-01-01,9999-12-31,True,1
1325,PAX0001325,FF00001325,No Preference,Standard,None,False,11,26079,Student,2022-01-01,9999-12-31,True,1
1326,PAX0001326,FF00001326,Window,Vegetarian,Wheelchair,False,16,33739,Family,2022-01-01,9999-12-31,True,1
1327,PAX0001327,FF00001327,No Preference,Child,None,False,2,13038,Leisure,2022-01-01,9999-12-31,True,1
1328,PAX0001328,FF00001328,No Preference,Vegan,None,True,1,4172,Leisure,2022-01-01,9999-12-31,True,1
1329,PAX0001329,FF00001329,Aisle,Vegan,None,False,13,58684,Student,2022-01-01,9999-12-31,True,1
1330,PAX0001330,FF00001330,No Preference,Halal,None,False,39,29693,Leisure,2022-01-01,2023-03-31,False,1
4330,PAX0001330,FF00001330,No Preference,Halal,None,False,52,37740,Business Traveler,2023-04-01,9999-12-31,True,2
1331,PAX0001331,FF00001331,Aisle,Vegetarian,None,False,2,3349,Family,2022-01-01,9999-12-31,True,1
1332,PAX0001332,FF00001332,Aisle,Vegan,None,False,20,25936,Family,2022-01-01,9999-12-31,True,1
1333,PAX0001333,FF00001333,Aisle,Vegan,None,True,11,45623,Family,2022-01-01,9999-12-31,True,1
1334,PAX0001334,FF00001334,No Preference,Child,None,False,14,53955,Family,2022-01-01,9999-12-31,True,1
1335,PAX0001335,FF00001335,Aisle,Child,None,False,0,41292,Senior,2022-01-01,9999-12-31,True,1
1336,PAX0001336,FF00001336,Aisle,Standard,None,True,22,10111,Student,2022-01-01,9999-12-31,True,1
1337,PAX0001337,FF00001337,Aisle,Child,Wheelchair,True,12,11313,Student,2022-01-01,9999-12-31,True,1
1338,PAX0001338,FF00001338,Window,Child,None,True,38,1019,Senior,2022-01-01,2023-03-31,False,1
4338,PAX0001338,FF00001338,Window,Child,None,True,45,10763,Business Traveler,2023-04-01,9999-12-31,True,2
1339,PAX0001339,FF00001339,No Preference,None,None,False,10,5463,Leisure,2022-01-01,9999-12-31,True,1
1340,PAX0001340,FF00001340,Window,Halal,None,True,14,5803,Business Traveler,2022-01-01,9999-12-31,True,1
1341,PAX0001341,FF00001341,No Preference,Standard,None,True,3,20458,Business Traveler,2022-01-01,9999-12-31,True,1
1342,PAX0001342,FF00001342,Aisle,Halal,None,False,29,7136,Leisure,2022-01-01,2023-03-31,False,1
4342,PAX0001342,FF00001342,Aisle,Halal,None,False,47,22694,Family,2023-04-01,9999-12-31,True,2
1343,PAX0001343,FF00001343,No Preference,Vegan,None,True,1,42685,Student,2022-01-01,9999-12-31,True,1
1344,PAX0001344,FF00001344,No Preference,None,None,True,8,72839,Leisure,2022-01-01,9999-12-31,True,1
1345,PAX0001345,FF00001345,No Preference,Vegan,WCHC,False,1,31147,Family,2022-01-01,9999-12-31,True,1
1346,PAX0001346,FF00001346,Aisle,Child,WCHR,False,3,5115,Leisure,2022-01-01,9999-12-31,True,1
1347,PAX0001347,FF00001347,No Preference,Standard,None,False,13,27018,Senior,2022-01-01,9999-12-31,True,1
1348,PAX0001348,FF00001348,Window,Vegan,None,True,16,11108,Business Traveler,2022-01-01,9999-12-31,True,1
1349,PAX0001349,FF00001349,Window,Child,None,False,7,15599,Senior,2022-01-01,2023-03-31,False,1
4349,PAX0001349,FF00001349,Window,Child,None,False,12,25671,Student,2023-04-01,9999-12-31,True,2
1350,PAX0001350,FF00001350,Aisle,Vegan,None,True,49,10369,Student,2022-01-01,9999-12-31,True,1
1351,PAX0001351,FF00001351,Window,Vegan,None,False,4,13134,Senior,2022-01-01,2023-03-31,False,1
4351,PAX0001351,FF00001351,Window,Vegan,None,False,24,26165,Business Traveler,2023-04-01,9999-12-31,True,2
1352,PAX0001352,FF00001352,No Preference,Vegetarian,None,False,9,8723,Business Traveler,2022-01-01,9999-12-31,True,1
1353,PAX0001353,FF00001353,No Preference,None,None,True,29,9264,Leisure,2022-01-01,9999-12-31,True,1
1354,PAX0001354,FF00001354,No Preference,Child,None,True,27,3276,Family,2022-01-01,2023-03-31,False,1
4354,PAX0001354,FF00001354,No Preference,Child,None,True,38,11716,Senior,2023-04-01,9999-12-31,True,2
1355,PAX0001355,FF00001355,Window,Halal,None,False,12,71250,Student,2022-01-01,9999-12-31,True,1
1356,PAX0001356,FF00001356,No Preference,Child,None,False,2,103568,Senior,2022-01-01,9999-12-31,True,1
1357,PAX0001357,FF00001357,No Preference,Vegan,Wheelchair,True,7,87405,Student,2022-01-01,9999-12-31,True,1
1358,PAX0001358,FF00001358,Window,None,Wheelchair,False,13,10768,Student,2022-01-01,2023-03-31,False,1
4358,PAX0001358,FF00001358,Window,None,Wheelchair,False,20,28652,Family,2023-04-01,9999-12-31,True,2
1359,PAX0001359,FF00001359,Window,None,None,False,2,10860,Business Traveler,2022-01-01,9999-12-31,True,1
1360,PAX0001360,FF00001360,No Preference,Vegetarian,Wheelchair,False,1,4659,Business Traveler,2022-01-01,9999-12-31,True,1
1361,PAX0001361,FF00001361,Aisle,Standard,None,True,1,16494,Family,2022-01-01,9999-12-31,True,1
1362,PAX0001362,FF00001362,Aisle,Halal,None,True,19,4572,Business Traveler,2022-01-01,9999-12-31,True,1
1363,PAX0001363,FF00001363,Aisle,Halal,None,False,1,30936,Student,2022-01-01,9999-12-31,True,1
1364,PAX0001364,FF00001364,Aisle,Standard,None,False,2,3081,Business Traveler,2022-01-01,2023-03-31,False,1
4364,PAX0001364,FF00001364,Aisle,Standard,None,False,14,22699,Business Traveler,2023-04-01,9999-12-31,True,2
1365,PAX0001365,FF00001365,Window,None,None,False,2,77204,Business Traveler,2022-01-01,9999-12-31,True,1
1366,PAX0001366,FF00001366,Window,Child,WCHR,True,20,13111,Leisure,2022-01-01,2023-03-31,False,1
4366,PAX0001366,FF00001366,Window,Child,WCHR,True,25,29268,Family,2023-04-01,9999-12-31,True,2
1367,PAX0001367,FF00001367,Aisle,Vegan,None,True,12,23118,Leisure,2022-01-01,9999-12-31,True,1
1368,PAX0001368,FF00001368,No Preference,Child,None,False,13,34434,Business Traveler,2022-01-01,9999-12-31,True,1
1369,PAX0001369,FF00001369,Window,Vegetarian,None,True,11,9281,Family,2022-01-01,9999-12-31,True,1
1370,PAX0001370,FF00001370,Aisle,Halal,None,True,0,18240,Leisure,2022-01-01,9999-12-31,True,1
1371,PAX0001371,FF00001371,Aisle,Vegetarian,None,True,26,25284,Family,2022-01-01,9999-12-31,True,1
1372,PAX0001372,FF00001372,Window,Child,WCHR,True,21,143472,Senior,2022-01-01,9999-12-31,True,1
1373,PAX0001373,FF00001373,No Preference,Child,None,True,2,35308,Family,2022-01-01,2023-03-31,False,1
4373,PAX0001373,FF00001373,No Preference,Child,None,True,9,49169,Business Traveler,2023-04-01,9999-12-31,True,2
1374,PAX0001374,FF00001374,No Preference,None,Wheelchair,False,13,117293,Leisure,2022-01-01,2023-03-31,False,1
4374,PAX0001374,FF00001374,No Preference,None,Wheelchair,False,22,135576,Leisure,2023-04-01,9999-12-31,True,2
1375,PAX0001375,FF00001375,Window,Standard,None,False,50,34815,Family,2022-01-01,9999-12-31,True,1
1376,PAX0001376,FF00001376,Window,Vegan,None,True,3,48067,Business Traveler,2022-01-01,9999-12-31,True,1
1377,PAX0001377,FF00001377,Aisle,Vegan,None,True,1,45519,Leisure,2022-01-01,2023-03-31,False,1
4377,PAX0001377,FF00001377,Aisle,Vegan,None,True,21,61629,Leisure,2023-04-01,9999-12-31,True,2
1378,PAX0001378,FF00001378,Aisle,Halal,None,False,28,14478,Student,2022-01-01,9999-12-31,True,1
1379,PAX0001379,FF00001379,Window,Child,None,True,11,16871,Leisure,2022-01-01,2023-03-31,False,1
4379,PAX0001379,FF00001379,Window,Child,None,True,25,28267,Business Traveler,2023-04-01,9999-12-31,True,2
1380,PAX0001380,FF00001380,No Preference,Child,None,True,6,11148,Family,2022-01-01,9999-12-31,True,1
1381,PAX0001381,FF00001381,Aisle,Vegan,WCHC,True,17,82549,Senior,2022-01-01,2023-03-31,False,1
4381,PAX0001381,FF00001381,Aisle,Vegan,WCHC,True,34,87594,Student,2023-04-01,9999-12-31,True,2
1382,PAX0001382,FF00001382,Window,Vegetarian,None,True,33,5763,Family,2022-01-01,9999-12-31,True,1
1383,PAX0001383,FF00001383,Aisle,Child,WCHR,True,24,40117,Leisure,2022-01-01,9999-12-31,True,1
1384,PAX0001384,FF00001384,Window,Halal,WCHR,True,3,2089,Senior,2022-01-01,9999-12-31,True,1
1385,PAX0001385,FF00001385,Window,Vegan,Wheelchair,False,3,72983,Business Traveler,2022-01-01,2023-03-31,False,1
4385,PAX0001385,FF00001385,Window,Vegan,Wheelchair,False,10,88583,Family,2023-04-01,9999-12-31,True,2
1386,PAX0001386,FF00001386,Aisle,Standard,None,True,12,38302,Business Traveler,2022-01-01,9999-12-31,True,1
1387,PAX0001387,FF00001387,No Preference,Standard,WCHC,True,3,38123,Leisure,2022-01-01,9999-12-31,True,1
1388,PAX0001388,FF00001388,Window,Standard,None,False,0,14115,Leisure,2022-01-01,9999-12-31,True,1
1389,PAX0001389,FF00001389,Aisle,Halal,None,False,11,4738,Leisure,2022-01-01,9999-12-31,True,1
1390,PAX0001390,FF00001390,Window,Vegan,None,False,20,8037,Business Traveler,2022-01-01,2023-03-31,False,1
4390,PAX0001390,FF00001390,Window,Vegan,None,False,36,26385,Senior,2023-04-01,9999-12-31,True,2
1391,PAX0001391,FF00001391,Aisle,None,None,False,12,15585,Family,2022-01-01,9999-12-31,True,1
1392,PAX0001392,FF00001392,Aisle,None,None,False,10,3410,Student,2022-01-01,9999-12-31,True,1
1393,PAX0001393,FF00001393,Window,Standard,None,True,0,72093,Family,2022-01-01,9999-12-31,True,1
1394,PAX0001394,FF00001394,Aisle,Child,None,False,3,51390,Student,2022-01-01,9999-12-31,True,1
1395,PAX0001395,FF00001395,Window,Child,None,False,88,7126,Leisure,2022-01-01,2023-03-31,False,1
4395,PAX0001395,FF00001395,Window,Child,None,False,108,12983,Family,2023-04-01,9999-12-31,True,2
1396,PAX0001396,FF00001396,Aisle,Vegan,None,False,3,32617,Business Traveler,2022-01-01,9999-12-31,True,1
1397,PAX0001397,FF00001397,Aisle,Child,None,False,40,74241,Business Traveler,2022-01-01,9999-12-31,True,1
1398,PAX0001398,FF00001398,Window,Vegan,WCHR,False,8,47558,Business Traveler,2022-01-01,2023-03-31,False,1
4398,PAX0001398,FF00001398,Window,Vegan,WCHR,False,15,58554,Student,2023-04-01,9999-12-31,True,2
1399,PAX0001399,FF00001399,Window,Standard,None,True,1,113744,Business Traveler,2022-01-01,2023-03-31,False,1
4399,PAX0001399,FF00001399,Window,Standard,None,True,8,125677,Leisure,2023-04-01,9999-12-31,True,2
1400,PAX0001400,FF00001400,Window,Halal,None,False,40,5364,Family,2022-01-01,9999-12-31,True,1
1401,PAX0001401,FF00001401,Window,Vegetarian,None,True,4,3165,Leisure,2022-01-01,9999-12-31,True,1
1402,PAX0001402,FF00001402,Aisle,Child,None,False,3,50777,Student,2022-01-01,9999-12-31,True,1
1403,PAX0001403,FF00001403,Window,None,Wheelchair,False,5,2776,Family,2022-01-01,2023-03-31,False,1
4403,PAX0001403,FF00001403,Window,None,Wheelchair,False,13,17158,Senior,2023-04-01,9999-12-31,True,2
1404,PAX0001404,FF00001404,Window,None,WCHR,False,5,119510,Senior,2022-01-01,9999-12-31,True,1
1405,PAX0001405,FF00001405,No Preference,Vegan,None,False,11,16143,Student,2022-01-01,9999-12-31,True,1
1406,PAX0001406,FF00001406,Window,Vegetarian,Wheelchair,False,2,128442,Student,2022-01-01,9999-12-31,True,1
1407,PAX0001407,FF00001407,Aisle,Child,WCHR,False,20,9916,Senior,2022-01-01,2023-03-31,False,1
4407,PAX0001407,FF00001407,Aisle,Child,WCHR,False,32,27139,Leisure,2023-04-01,9999-12-31,True,2
1408,PAX0001408,FF00001408,Aisle,None,None,False,0,1748,Leisure,2022-01-01,9999-12-31,True,1
1409,PAX0001409,FF00001409,Window,Child,None,True,1,26079,Family,2022-01-01,9999-12-31,True,1
1410,PAX0001410,FF00001410,Window,Vegetarian,Wheelchair,True,31,20599,Family,2022-01-01,9999-12-31,True,1
1411,PAX0001411,FF00001411,No Preference,Vegetarian,None,False,22,17711,Student,2022-01-01,9999-12-31,True,1
1412,PAX0001412,FF00001412,No Preference,Vegetarian,None,True,14,39488,Senior,2022-01-01,9999-12-31,True,1
1413,PAX0001413,FF00001413,Aisle,Vegan,None,True,2,13445,Student,2022-01-01,2023-03-31,False,1
4413,PAX0001413,FF00001413,Aisle,Vegan,None,True,14,28635,Senior,2023-04-01,9999-12-31,True,2
1414,PAX0001414,FF00001414,Window,Vegetarian,None,False,12,2199,Leisure,2022-01-01,2023-03-31,False,1
4414,PAX0001414,FF00001414,Window,Vegetarian,None,False,22,7554,Leisure,2023-04-01,9999-12-31,True,2
1415,PAX0001415,FF00001415,Aisle,None,WCHC,True,5,22958,Senior,2022-01-01,9999-12-31,True,1
1416,PAX0001416,FF00001416,Window,Child,None,True,66,19304,Leisure,2022-01-01,9999-12-31,True,1
1417,PAX0001417,FF00001417,Window,Child,None,True,20,16972,Family,2022-01-01,2023-03-31,False,1
4417,PAX0001417,FF00001417,Window,Child,None,True,35,35404,Senior,2023-04-01,9999-12-31,True,2
1418,PAX0001418,FF00001418,Window,Halal,Wheelchair,False,19,27146,Leisure,2022-01-01,9999-12-31,True,1
1419,PAX0001419,FF00001419,Aisle,Halal,None,True,26,15876,Leisure,2022-01-01,9999-12-31,True,1
1420,PAX0001420,FF00001420,Window,Standard,None,False,11,29829,Student,2022-01-01,9999-12-31,True,1
1421,PAX0001421,FF00001421,Window,Vegetarian,None,False,6,4675,Leisure,2022-01-01,9999-12-31,True,1
1422,PAX0001422,FF00001422,Aisle,Vegan,None,True,1,504,Senior,2022-01-01,9999-12-31,True,1
1423,PAX0001423,FF00001423,Window,Vegan,None,False,24,8094,Senior,2022-01-01,2023-03-31,False,1
4423,PAX0001423,FF00001423,Window,Vegan,None,False,29,16490,Senior,2023-04-01,9999-12-31,True,2
1424,PAX0001424,FF00001424,Window,Vegetarian,None,True,2,39958,Student,2022-01-01,9999-12-31,True,1
1425,PAX0001425,FF00001425,No Preference,Halal,None,False,4,21159,Business Traveler,2022-01-01,9999-12-31,True,1
1426,PAX0001426,FF00001426,Aisle,None,None,True,2,96376,Leisure,2022-01-01,9999-12-31,True,1
1427,PAX0001427,FF00001427,No Preference,None,Wheelchair,False,22,59806,Student,2022-01-01,9999-12-31,True,1
1428,PAX0001428,FF00001428,Aisle,Vegetarian,None,True,6,43110,Senior,2022-01-01,9999-12-31,True,1
1429,PAX0001429,FF00001429,Window,Vegetarian,None,True,1,259,Family,2022-01-01,9999-12-31,True,1
1430,PAX0001430,FF00001430,Aisle,Halal,WCHR,True,0,26500,Student,2022-01-01,9999-12-31,True,1
1431,PAX0001431,FF00001431,No Preference,Vegan,None,True,7,21895,Business Traveler,2022-01-01,9999-12-31,True,1
1432,PAX0001432,FF00001432,No Preference,None,None,False,0,16481,Family,2022-01-01,9999-12-31,True,1
1433,PAX0001433,FF00001433,No Preference,Standard,None,False,15,17539,Business Traveler,2022-01-01,9999-12-31,True,1
1434,PAX0001434,FF00001434,Aisle,Halal,None,False,15,7958,Family,2022-01-01,9999-12-31,True,1
1435,PAX0001435,FF00001435,Window,Vegan,None,False,20,26633,Student,2022-01-01,9999-12-31,True,1
1436,PAX0001436,FF00001436,Window,Child,None,False,2,8103,Business Traveler,2022-01-01,2023-03-31,False,1
4436,PAX0001436,FF00001436,Window,Child,None,False,9,23925,Leisure,2023-04-01,9999-12-31,True,2
1437,PAX0001437,FF00001437,Window,Halal,None,False,11,53148,Leisure,2022-01-01,9999-12-31,True,1
1438,PAX0001438,FF00001438,Window,Vegetarian,None,False,6,8964,Leisure,2022-01-01,2023-03-31,False,1
4438,PAX0001438,FF00001438,Window,Vegetarian,None,False,20,22118,Leisure,2023-04-01,9999-12-31,True,2
1439,PAX0001439,FF00001439,No Preference,Vegetarian,None,False,24,33193,Family,2022-01-01,9999-12-31,True,1
1440,PAX0001440,FF00001440,No Preference,Child,None,True,7,20077,Leisure,2022-01-01,9999-12-31,True,1
1441,PAX0001441,FF00001441,No Preference,Vegan,None,False,2,29569,Business Traveler,2022-01-01,9999-12-31,True,1
1442,PAX0001442,FF00001442,No Preference,Standard,WCHC,True,5,163094,Student,2022-01-01,9999-12-31,True,1
1443,PAX0001443,FF00001443,Aisle,Vegan,None,False,7,19959,Senior,2022-01-01,2023-03-31,False,1
4443,PAX0001443,FF00001443,Aisle,Vegan,None,False,25,36209,Student,2023-04-01,9999-12-31,True,2
1444,PAX0001444,FF00001444,Aisle,Child,None,False,10,74579,Leisure,2022-01-01,9999-12-31,True,1
1445,PAX0001445,FF00001445,Window,Child,Wheelchair,False,19,17996,Leisure,2022-01-01,9999-12-31,True,1
1446,PAX0001446,FF00001446,Window,Child,None,True,15,26473,Senior,2022-01-01,2023-03-31,False,1
4446,PAX0001446,FF00001446,Window,Child,None,True,24,31594,Senior,2023-04-01,9999-12-31,True,2
1447,PAX0001447,FF00001447,Aisle,Halal,WCHR,False,8,6407,Family,2022-01-01,9999-12-31,True,1
1448,PAX0001448,FF00001448,Aisle,None,WCHR,False,7,8463,Student,2022-01-01,9999-12-31,True,1
1449,PAX0001449,FF00001449,Aisle,Halal,None,True,29,12257,Student,2022-01-01,9999-12-31,True,1
1450,PAX0001450,FF00001450,Window,Standard,None,False,36,22846,Student,2022-01-01,9999-12-31,True,1
1451,PAX0001451,FF00001451,No Preference,Vegetarian,None,True,11,23488,Student,2022-01-01,2023-03-31,False,1
4451,PAX0001451,FF00001451,No Preference,Vegetarian,None,True,27,32671,Senior,2023-04-01,9999-12-31,True,2
1452,PAX0001452,FF00001452,Window,Vegetarian,Wheelchair,False,1,14139,Student,2022-01-01,2023-03-31,False,1
4452,PAX0001452,FF00001452,Window,Vegetarian,Wheelchair,False,21,23990,Family,2023-04-01,9999-12-31,True,2
1453,PAX0001453,FF00001453,Window,Vegetarian,None,False,1,29261,Business Traveler,2022-01-01,9999-12-31,True,1
1454,PAX0001454,FF00001454,Aisle,Vegan,Wheelchair,True,7,45150,Senior,2022-01-01,2023-03-31,False,1
4454,PAX0001454,FF00001454,Aisle,Vegan,Wheelchair,True,25,53328,Leisure,2023-04-01,9999-12-31,True,2
1455,PAX0001455,FF00001455,No Preference,Halal,Wheelchair,False,2,5394,Leisure,2022-01-01,9999-12-31,True,1
1456,PAX0001456,FF00001456,Aisle,Standard,None,False,6,78348,Business Traveler,2022-01-01,9999-12-31,True,1
1457,PAX0001457,FF00001457,Window,Standard,WCHC,False,14,16286,Business Traveler,2022-01-01,9999-12-31,True,1
1458,PAX0001458,FF00001458,Window,Child,None,True,8,2639,Family,2022-01-01,9999-12-31,True,1
1459,PAX0001459,FF00001459,No Preference,Vegan,None,False,50,32935,Student,2022-01-01,9999-12-31,True,1
1460,PAX0001460,FF00001460,Window,Vegetarian,None,False,4,26442,Family,2022-01-01,2023-03-31,False,1
4460,PAX0001460,FF00001460,Window,Vegetarian,None,False,10,39044,Student,2023-04-01,9999-12-31,True,2
1461,PAX0001461,FF00001461,Aisle,None,None,True,1,101298,Family,2022-01-01,9999-12-31,True,1
1462,PAX0001462,FF00001462,Window,Child,None,True,2,31326,Student,2022-01-01,9999-12-31,True,1
1463,PAX0001463,FF00001463,No Preference,Standard,None,False,3,37928,Business Traveler,2022-01-01,2023-03-31,False,1
4463,PAX0001463,FF00001463,No Preference,Standard,None,False,16,47356,Family,2023-04-01,9999-12-31,True,2
1464,PAX0001464,FF00001464,Window,Vegetarian,WCHC,False,17,33572,Family,2022-01-01,9999-12-31,True,1
1465,PAX0001465,FF00001465,Aisle,Child,None,True,11,66899,Senior,2022-01-01,2023-03-31,False,1
4465,PAX0001465,FF00001465,Aisle,Child,None,True,20,72568,Student,2023-04-01,9999-12-31,True,2
1466,PAX0001466,FF00001466,No Preference,None,None,False,0,12055,Senior,2022-01-01,9999-12-31,True,1
1467,PAX0001467,FF00001467,Aisle,Child,None,True,3,132720,Student,2022-01-01,2023-03-31,False,1
4467,PAX0001467,FF00001467,Aisle,Child,None,True,16,152613,Senior,2023-04-01,9999-12-31,True,2
1468,PAX0001468,FF00001468,No Preference,Vegetarian,None,True,5,39571,Family,2022-01-01,9999-12-31,True,1
1469,PAX0001469,FF00001469,Aisle,None,None,False,13,7150,Business Traveler,2022-01-01,9999-12-31,True,1
1470,PAX0001470,FF00001470,No Preference,Vegetarian,None,False,3,9908,Business Traveler,2022-01-01,9999-12-31,True,1
1471,PAX0001471,FF00001471,No Preference,Vegan,None,False,6,8009,Leisure,2022-01-01,9999-12-31,True,1
1472,PAX0001472,FF00001472,Aisle,Child,None,False,0,63456,Leisure,2022-01-01,9999-12-31,True,1
1473,PAX0001473,FF00001473,Window,Child,None,True,40,12536,Student,2022-01-01,2023-03-31,False,1
4473,PAX0001473,FF00001473,Window,Child,None,True,47,25215,Family,2023-04-01,9999-12-31,True,2
1474,PAX0001474,FF00001474,Window,Halal,None,False,4,213,Student,2022-01-01,9999-12-31,True,1
1475,PAX0001475,FF00001475,Aisle,Child,None,True,13,52364,Senior,2022-01-01,9999-12-31,True,1
1476,PAX0001476,FF00001476,Aisle,None,None,False,1,5218,Business Traveler,2022-01-01,9999-12-31,True,1
1477,PAX0001477,FF00001477,No Preference,Standard,WCHC,True,18,28736,Leisure,2022-01-01,9999-12-31,True,1
1478,PAX0001478,FF00001478,Window,Standard,None,False,0,29229,Student,2022-01-01,9999-12-31,True,1
1479,PAX0001479,FF00001479,No Preference,Child,None,False,4,13800,Business Traveler,2022-01-01,9999-12-31,True,1
1480,PAX0001480,FF00001480,Aisle,Vegan,None,False,17,49969,Business Traveler,2022-01-01,9999-12-31,True,1
1481,PAX0001481,FF00001481,Aisle,Halal,None,True,6,88210,Family,2022-01-01,9999-12-31,True,1
1482,PAX0001482,FF00001482,Aisle,None,None,True,6,44330,Student,2022-01-01,9999-12-31,True,1
1483,PAX0001483,FF00001483,No Preference,Standard,None,False,7,68346,Student,2022-01-01,9999-12-31,True,1
1484,PAX0001484,FF00001484,No Preference,None,None,False,28,2744,Family,2022-01-01,9999-12-31,True,1
1485,PAX0001485,FF00001485,No Preference,Vegan,None,True,33,52380,Leisure,2022-01-01,9999-12-31,True,1
1486,PAX0001486,FF00001486,Aisle,Standard,None,False,18,6728,Business Traveler,2022-01-01,2023-03-31,False,1
4486,PAX0001486,FF00001486,Aisle,Standard,None,False,23,22083,Family,2023-04-01,9999-12-31,True,2
1487,PAX0001487,FF00001487,No Preference,Standard,None,True,19,56940,Leisure,2022-01-01,9999-12-31,True,1
1488,PAX0001488,FF00001488,No Preference,Child,None,True,4,91259,Family,2022-01-01,9999-12-31,True,1
1489,PAX0001489,FF00001489,Window,None,Wheelchair,True,0,4872,Senior,2022-01-01,9999-12-31,True,1
1490,PAX0001490,FF00001490,No Preference,Standard,Wheelchair,True,9,25725,Senior,2022-01-01,9999-12-31,True,1
1491,PAX0001491,FF00001491,Window,Child,None,False,12,513,Family,2022-01-01,9999-12-31,True,1
1492,PAX0001492,FF00001492,Aisle,None,None,False,38,1368,Student,2022-01-01,9999-12-31,True,1
1493,PAX0001493,FF00001493,Window,Vegetarian,None,True,1,423,Senior,2022-01-01,9999-12-31,True,1
1494,PAX0001494,FF00001494,No Preference,Vegan,Wheelchair,True,10,80765,Leisure,2022-01-01,9999-12-31,True,1
1495,PAX0001495,FF00001495,Window,Vegan,None,True,13,51890,Leisure,2022-01-01,9999-12-31,True,1
1496,PAX0001496,FF00001496,Window,Standard,None,False,0,23427,Business Traveler,2022-01-01,9999-12-31,True,1
1497,PAX0001497,FF00001497,Aisle,None,WCHR,False,7,20732,Leisure,2022-01-01,9999-12-31,True,1
1498,PAX0001498,FF00001498,No Preference,Child,None,True,0,34601,Family,2022-01-01,9999-12-31,True,1
1499,PAX0001499,FF00001499,Aisle,Standard,None,True,8,43464,Business Traveler,2022-01-01,9999-12-31,True,1
1500,PAX0001500,FF00001500,Aisle,Vegan,WCHR,True,7,4853,Leisure,2022-01-01,9999-12-31,True,1
1501,PAX0001501,FF00001501,Aisle,Standard,None,False,12,5676,Business Traveler,2022-01-01,9999-12-31,True,1
1502,PAX0001502,FF00001502,No Preference,Child,None,True,24,28488,Family,2022-01-01,9999-12-31,True,1
1503,PAX0001503,FF00001503,Aisle,Child,None,True,2,98373,Leisure,2022-01-01,9999-12-31,True,1
1504,PAX0001504,FF00001504,No Preference,Halal,None,False,8,2270,Student,2022-01-01,9999-12-31,True,1
1505,PAX0001505,FF00001505,Aisle,Standard,WCHR,True,11,8758,Senior,2022-01-01,9999-12-31,True,1
1506,PAX0001506,FF00001506,Aisle,Standard,None,True,19,51083,Leisure,2022-01-01,9999-12-31,True,1
1507,PAX0001507,FF00001507,Aisle,Child,None,True,46,20906,Student,2022-01-01,9999-12-31,True,1
1508,PAX0001508,FF00001508,Aisle,None,WCHR,True,7,42008,Senior,2022-01-01,9999-12-31,True,1
1509,PAX0001509,FF00001509,No Preference,None,None,True,1,23750,Leisure,2022-01-01,9999-12-31,True,1
1510,PAX0001510,FF00001510,No Preference,Halal,WCHR,False,9,2811,Leisure,2022-01-01,9999-12-31,True,1
1511,PAX0001511,FF00001511,Window,Halal,None,False,6,57577,Business Traveler,2022-01-01,9999-12-31,True,1
1512,PAX0001512,FF00001512,Aisle,Child,None,False,23,3135,Senior,2022-01-01,2023-03-31,False,1
4512,PAX0001512,FF00001512,Aisle,Child,None,False,34,13048,Senior,2023-04-01,9999-12-31,True,2
1513,PAX0001513,FF00001513,Aisle,Vegan,None,False,1,9142,Leisure,2022-01-01,9999-12-31,True,1
1514,PAX0001514,FF00001514,No Preference,Child,None,False,24,4140,Business Traveler,2022-01-01,9999-12-31,True,1
1515,PAX0001515,FF00001515,No Preference,Child,None,True,15,3199,Senior,2022-01-01,2023-03-31,False,1
4515,PAX0001515,FF00001515,No Preference,Child,None,True,25,22904,Business Traveler,2023-04-01,9999-12-31,True,2
1516,PAX0001516,FF00001516,No Preference,None,None,True,11,13204,Student,2022-01-01,9999-12-31,True,1
1517,PAX0001517,FF00001517,Aisle,Halal,None,False,18,7985,Business Traveler,2022-01-01,9999-12-31,True,1
1518,PAX0001518,FF00001518,No Preference,Vegetarian,None,False,12,8063,Student,2022-01-01,2023-03-31,False,1
4518,PAX0001518,FF00001518,No Preference,Vegetarian,None,False,21,21845,Leisure,2023-04-01,9999-12-31,True,2
1519,PAX0001519,FF00001519,No Preference,None,WCHC,True,15,62067,Business Traveler,2022-01-01,9999-12-31,True,1
1520,PAX0001520,FF00001520,No Preference,Halal,WCHC,True,1,60431,Family,2022-01-01,9999-12-31,True,1
1521,PAX0001521,FF00001521,No Preference,Vegetarian,None,True,10,4078,Senior,2022-01-01,9999-12-31,True,1
1522,PAX0001522,FF00001522,No Preference,None,None,False,6,5261,Senior,2022-01-01,9999-12-31,True,1
1523,PAX0001523,FF00001523,Window,Halal,None,True,14,42672,Student,2022-01-01,2023-03-31,False,1
4523,PAX0001523,FF00001523,Window,Halal,None,True,23,60671,Business Traveler,2023-04-01,9999-12-31,True,2
1524,PAX0001524,FF00001524,Window,Vegetarian,None,True,1,21165,Student,2022-01-01,9999-12-31,True,1
1525,PAX0001525,FF00001525,Window,Vegetarian,None,False,20,82542,Family,2022-01-01,9999-12-31,True,1
1526,PAX0001526,FF00001526,Aisle,Child,None,True,8,90039,Senior,2022-01-01,9999-12-31,True,1
1527,PAX0001527,FF00001527,Aisle,Vegetarian,None,False,9,15035,Senior,2022-01-01,2023-03-31,False,1
4527,PAX0001527,FF00001527,Aisle,Vegetarian,None,False,14,30140,Student,2023-04-01,9999-12-31,True,2
1528,PAX0001528,FF00001528,Window,Halal,None,False,22,20376,Senior,2022-01-01,9999-12-31,True,1
1529,PAX0001529,FF00001529,Aisle,Vegetarian,Wheelchair,False,7,20218,Business Traveler,2022-01-01,2023-03-31,False,1
4529,PAX0001529,FF00001529,Aisle,Vegetarian,Wheelchair,False,19,33239,Senior,2023-04-01,9999-12-31,True,2
1530,PAX0001530,FF00001530,Aisle,Vegetarian,None,False,22,53503,Senior,2022-01-01,9999-12-31,True,1
1531,PAX0001531,FF00001531,Aisle,Child,None,True,6,12162,Senior,2022-01-01,9999-12-31,True,1
1532,PAX0001532,FF00001532,Aisle,Standard,None,True,8,25513,Business Traveler,2022-01-01,9999-12-31,True,1
1533,PAX0001533,FF00001533,No Preference,Halal,None,True,3,47389,Student,2022-01-01,9999-12-31,True,1
1534,PAX0001534,FF00001534,Window,Halal,None,False,7,12196,Family,2022-01-01,9999-12-31,True,1
1535,PAX0001535,FF00001535,No Preference,Child,None,True,1,8187,Student,2022-01-01,9999-12-31,True,1
1536,PAX0001536,FF00001536,Window,Standard,None,False,35,10919,Student,2022-01-01,9999-12-31,True,1
1537,PAX0001537,FF00001537,Window,Halal,None,False,2,18522,Family,2022-01-01,9999-12-31,True,1
1538,PAX0001538,FF00001538,Window,Standard,None,False,4,1073,Family,2022-01-01,9999-12-31,True,1
1539,PAX0001539,FF00001539,Aisle,Vegetarian,None,True,4,23565,Student,2022-01-01,2023-03-31,False,1
4539,PAX0001539,FF00001539,Aisle,Vegetarian,None,True,18,32560,Student,2023-04-01,9999-12-31,True,2
1540,PAX0001540,FF00001540,No Preference,Vegan,None,True,9,13227,Business Traveler,2022-01-01,9999-12-31,True,1
1541,PAX0001541,FF00001541,No Preference,Standard,None,False,7,101019,Leisure,2022-01-01,2023-03-31,False,1
4541,PAX0001541,FF00001541,No Preference,Standard,None,False,14,111336,Leisure,2023-04-01,9999-12-31,True,2
1542,PAX0001542,FF00001542,Window,Halal,None,False,5,8961,Family,2022-01-01,9999-12-31,True,1
1543,PAX0001543,FF00001543,Window,Vegan,None,True,3,18361,Family,2022-01-01,9999-12-31,True,1
1544,PAX0001544,FF00001544,No Preference,Vegan,None,False,17,6919,Senior,2022-01-01,9999-12-31,True,1
1545,PAX0001545,FF00001545,Aisle,Standard,None,True,14,641,Leisure,2022-01-01,9999-12-31,True,1
1546,PAX0001546,FF00001546,No Preference,Vegetarian,None,True,6,44865,Student,2022-01-01,9999-12-31,True,1
1547,PAX0001547,FF00001547,No Preference,Vegetarian,None,True,4,24885,Business Traveler,2022-01-01,2023-03-31,False,1
4547,PAX0001547,FF00001547,No Preference,Vegetarian,None,True,14,38113,Business Traveler,2023-04-01,9999-12-31,True,2
1548,PAX0001548,FF00001548,Aisle,None,None,False,2,40643,Business Traveler,2022-01-01,9999-12-31,True,1
1549,PAX0001549,FF00001549,Window,Vegetarian,None,True,0,57426,Business Traveler,2022-01-01,9999-12-31,True,1
1550,PAX0001550,FF00001550,Aisle,Vegan,None,True,2,62239,Student,2022-01-01,2023-03-31,False,1
4550,PAX0001550,FF00001550,Aisle,Vegan,None,True,11,67551,Student,2023-04-01,9999-12-31,True,2
1551,PAX0001551,FF00001551,Aisle,Vegan,Wheelchair,True,5,38477,Family,2022-01-01,2023-03-31,False,1
4551,PAX0001551,FF00001551,Aisle,Vegan,Wheelchair,True,14,48029,Leisure,2023-04-01,9999-12-31,True,2
1552,PAX0001552,FF00001552,Aisle,Vegetarian,Wheelchair,True,4,70905,Leisure,2022-01-01,9999-12-31,True,1
1553,PAX0001553,FF00001553,Aisle,Vegetarian,None,True,1,5899,Family,2022-01-01,9999-12-31,True,1
1554,PAX0001554,FF00001554,Window,Vegetarian,None,False,8,2564,Leisure,2022-01-01,9999-12-31,True,1
1555,PAX0001555,FF00001555,Window,None,None,True,2,86347,Family,2022-01-01,9999-12-31,True,1
1556,PAX0001556,FF00001556,Window,Vegetarian,None,False,45,14160,Student,2022-01-01,9999-12-31,True,1
1557,PAX0001557,FF00001557,Aisle,Halal,None,False,30,23612,Leisure,2022-01-01,9999-12-31,True,1
1558,PAX0001558,FF00001558,Aisle,Child,None,True,3,36360,Leisure,2022-01-01,9999-12-31,True,1
1559,PAX0001559,FF00001559,Aisle,Vegetarian,None,True,12,135639,Family,2022-01-01,9999-12-31,True,1
1560,PAX0001560,FF00001560,Aisle,None,None,True,3,33447,Student,2022-01-01,9999-12-31,True,1
1561,PAX0001561,FF00001561,No Preference,Halal,None,False,0,3619,Leisure,2022-01-01,9999-12-31,True,1
1562,PAX0001562,FF00001562,Window,Halal,None,False,0,225756,Senior,2022-01-01,9999-12-31,True,1
1563,PAX0001563,FF00001563,Window,Halal,None,False,19,46354,Leisure,2022-01-01,9999-12-31,True,1
1564,PAX0001564,FF00001564,No Preference,Child,None,False,8,10703,Senior,2022-01-01,9999-12-31,True,1
1565,PAX0001565,FF00001565,Aisle,Vegetarian,None,False,1,10050,Leisure,2022-01-01,9999-12-31,True,1
1566,PAX0001566,FF00001566,Aisle,Vegan,None,False,5,42355,Leisure,2022-01-01,9999-12-31,True,1
1567,PAX0001567,FF00001567,No Preference,None,None,False,9,2419,Leisure,2022-01-01,9999-12-31,True,1
1568,PAX0001568,FF00001568,No Preference,Child,Wheelchair,True,0,3238,Leisure,2022-01-01,9999-12-31,True,1
1569,PAX0001569,FF00001569,No Preference,Vegan,None,True,6,81178,Student,2022-01-01,2023-03-31,False,1
4569,PAX0001569,FF00001569,No Preference,Vegan,None,True,13,88744,Senior,2023-04-01,9999-12-31,True,2
1570,PAX0001570,FF00001570,No Preference,None,WCHR,True,12,48558,Family,2022-01-01,9999-12-31,True,1
1571,PAX0001571,FF00001571,Window,None,None,False,7,13466,Family,2022-01-01,9999-12-31,True,1
1572,PAX0001572,FF00001572,No Preference,Standard,None,True,1,62608,Senior,2022-01-01,9999-12-31,True,1
1573,PAX0001573,FF00001573,No Preference,Vegan,None,True,18,5521,Family,2022-01-01,9999-12-31,True,1
1574,PAX0001574,FF00001574,No Preference,None,None,True,8,20046,Student,2022-01-01,9999-12-31,True,1
1575,PAX0001575,FF00001575,No Preference,Standard,None,True,11,87667,Senior,2022-01-01,2023-03-31,False,1
4575,PAX0001575,FF00001575,No Preference,Standard,None,True,16,100811,Leisure,2023-04-01,9999-12-31,True,2
1576,PAX0001576,FF00001576,Aisle,Vegetarian,None,False,10,23310,Leisure,2022-01-01,9999-12-31,True,1
1577,PAX0001577,FF00001577,Window,Halal,None,False,0,1949,Senior,2022-01-01,9999-12-31,True,1
1578,PAX0001578,FF00001578,Window,Child,Wheelchair,False,2,990,Student,2022-01-01,9999-12-31,True,1
1579,PAX0001579,FF00001579,Window,Halal,None,True,16,38547,Family,2022-01-01,9999-12-31,True,1
1580,PAX0001580,FF00001580,Aisle,Vegan,None,False,1,54251,Leisure,2022-01-01,9999-12-31,True,1
1581,PAX0001581,FF00001581,No Preference,Vegetarian,None,False,2,10750,Student,2022-01-01,9999-12-31,True,1
1582,PAX0001582,FF00001582,Window,Child,None,True,3,13971,Family,2022-01-01,9999-12-31,True,1
1583,PAX0001583,FF00001583,Aisle,Standard,None,False,3,20138,Family,2022-01-01,9999-12-31,True,1
1584,PAX0001584,FF00001584,No Preference,Standard,None,False,6,129306,Senior,2022-01-01,9999-12-31,True,1
1585,PAX0001585,FF00001585,Window,Child,None,True,0,4600,Senior,2022-01-01,9999-12-31,True,1
1586,PAX0001586,FF00001586,Window,Halal,None,True,0,29492,Business Traveler,2022-01-01,2023-03-31,False,1
4586,PAX0001586,FF00001586,Window,Halal,None,True,8,37274,Senior,2023-04-01,9999-12-31,True,2
1587,PAX0001587,FF00001587,No Preference,Standard,None,True,0,54317,Family,2022-01-01,9999-12-31,True,1
1588,PAX0001588,FF00001588,Window,Standard,None,True,8,22460,Student,2022-01-01,9999-12-31,True,1
1589,PAX0001589,FF00001589,No Preference,Vegan,Wheelchair,True,9,5619,Student,2022-01-01,9999-12-31,True,1
1590,PAX0001590,FF00001590,Window,Child,None,False,2,11517,Business Traveler,2022-01-01,9999-12-31,True,1
1591,PAX0001591,FF00001591,Aisle,Vegan,None,True,10,7076,Business Traveler,2022-01-01,9999-12-31,True,1
1592,PAX0001592,FF00001592,Window,Standard,None,False,1,105313,Family,2022-01-01,9999-12-31,True,1
1593,PAX0001593,FF00001593,No Preference,Standard,None,True,0,48690,Student,2022-01-01,9999-12-31,True,1
1594,PAX0001594,FF00001594,Window,Vegetarian,None,False,18,10581,Senior,2022-01-01,9999-12-31,True,1
1595,PAX0001595,FF00001595,No Preference,Standard,None,True,1,4721,Family,2022-01-01,9999-12-31,True,1
1596,PAX0001596,FF00001596,Window,Standard,WCHR,True,14,30884,Student,2022-01-01,9999-12-31,True,1
1597,PAX0001597,FF00001597,Aisle,Halal,None,True,18,83168,Business Traveler,2022-01-01,9999-12-31,True,1
1598,PAX0001598,FF00001598,Aisle,Standard,None,True,14,5082,Senior,2022-01-01,9999-12-31,True,1
1599,PAX0001599,FF00001599,Window,Vegetarian,WCHR,False,3,55391,Business Traveler,2022-01-01,2023-03-31,False,1
4599,PAX0001599,FF00001599,Window,Vegetarian,WCHR,False,11,74402,Senior,2023-04-01,9999-12-31,True,2
1600,PAX0001600,FF00001600,Window,Vegan,None,True,2,2258,Business Traveler,2022-01-01,9999-12-31,True,1
1601,PAX0001601,FF00001601,Window,Vegetarian,None,False,14,15451,Business Traveler,2022-01-01,2023-03-31,False,1
4601,PAX0001601,FF00001601,Window,Vegetarian,None,False,21,25191,Family,2023-04-01,9999-12-31,True,2
1602,PAX0001602,FF00001602,Window,Child,None,False,30,31516,Student,2022-01-01,2023-03-31,False,1
4602,PAX0001602,FF00001602,Window,Child,None,False,37,49174,Senior,2023-04-01,9999-12-31,True,2
1603,PAX0001603,FF00001603,Window,Vegan,None,False,1,88612,Senior,2022-01-01,9999-12-31,True,1
1604,PAX0001604,FF00001604,Window,Child,None,True,3,12339,Business Traveler,2022-01-01,9999-12-31,True,1
1605,PAX0001605,FF00001605,No Preference,Standard,None,False,6,1577,Business Traveler,2022-01-01,9999-12-31,True,1
1606,PAX0001606,FF00001606,Window,Vegetarian,None,True,8,3948,Student,2022-01-01,9999-12-31,True,1
1607,PAX0001607,FF00001607,No Preference,Vegetarian,None,False,6,12956,Leisure,2022-01-01,9999-12-31,True,1
1608,PAX0001608,FF00001608,No Preference,Vegan,WCHC,True,17,48762,Senior,2022-01-01,2023-03-31,False,1
4608,PAX0001608,FF00001608,No Preference,Vegan,WCHC,True,30,67101,Family,2023-04-01,9999-12-31,True,2
1609,PAX0001609,FF00001609,Window,Halal,None,False,1,13697,Student,2022-01-01,9999-12-31,True,1
1610,PAX0001610,FF00001610,No Preference,Halal,None,True,5,4925,Senior,2022-01-01,9999-12-31,True,1
1611,PAX0001611,FF00001611,No Preference,Halal,None,False,19,36850,Senior,2022-01-01,9999-12-31,True,1
1612,PAX0001612,FF00001612,No Preference,Child,None,True,2,13705,Business Traveler,2022-01-01,9999-12-31,True,1
1613,PAX0001613,FF00001613,No Preference,None,None,False,1,29682,Senior,2022-01-01,9999-12-31,True,1
1614,PAX0001614,FF00001614,Aisle,Vegetarian,None,False,1,127920,Leisure,2022-01-01,9999-12-31,True,1
1615,PAX0001615,FF00001615,No Preference,None,None,True,18,14840,Senior,2022-01-01,9999-12-31,True,1
1616,PAX0001616,FF00001616,Aisle,Vegan,None,False,10,72689,Senior,2022-01-01,9999-12-31,True,1
1617,PAX0001617,FF00001617,No Preference,Standard,None,False,9,5752,Business Traveler,2022-01-01,9999-12-31,True,1
1618,PAX0001618,FF00001618,Aisle,Child,None,False,5,55572,Leisure,2022-01-01,9999-12-31,True,1
1619,PAX0001619,FF00001619,No Preference,Vegan,None,True,12,31556,Business Traveler,2022-01-01,2023-03-31,False,1
4619,PAX0001619,FF00001619,No Preference,Vegan,None,True,30,45427,Senior,2023-04-01,9999-12-31,True,2
1620,PAX0001620,FF00001620,No Preference,Halal,WCHC,True,24,67321,Senior,2022-01-01,2023-03-31,False,1
4620,PAX0001620,FF00001620,No Preference,Halal,WCHC,True,29,80049,Leisure,2023-04-01,9999-12-31,True,2
1621,PAX0001621,FF00001621,Window,Child,None,True,30,2989,Student,2022-01-01,9999-12-31,True,1
1622,PAX0001622,FF00001622,Window,Vegetarian,None,True,9,40471,Leisure,2022-01-01,2023-03-31,False,1
4622,PAX0001622,FF00001622,Window,Vegetarian,None,True,23,45686,Leisure,2023-04-01,9999-12-31,True,2
1623,PAX0001623,FF00001623,Aisle,Halal,Wheelchair,True,16,27996,Student,2022-01-01,9999-12-31,True,1
1624,PAX0001624,FF00001624,Aisle,Standard,None,True,2,47898,Business Traveler,2022-01-01,9999-12-31,True,1
1625,PAX0001625,FF00001625,Aisle,Child,Wheelchair,True,15,2702,Student,2022-01-01,9999-12-31,True,1
1626,PAX0001626,FF00001626,Window,Vegetarian,None,True,7,5733,Student,2022-01-01,2023-03-31,False,1
4626,PAX0001626,FF00001626,Window,Vegetarian,None,True,16,13431,Senior,2023-04-01,9999-12-31,True,2
1627,PAX0001627,FF00001627,No Preference,Child,None,True,4,547,Senior,2022-01-01,9999-12-31,True,1
1628,PAX0001628,FF00001628,No Preference,Halal,WCHR,True,6,23947,Family,2022-01-01,9999-12-31,True,1
1629,PAX0001629,FF00001629,Window,Vegetarian,WCHR,True,11,32673,Business Traveler,2022-01-01,2023-03-31,False,1
4629,PAX0001629,FF00001629,Window,Vegetarian,WCHR,True,19,47864,Student,2023-04-01,9999-12-31,True,2
1630,PAX0001630,FF00001630,No Preference,Halal,None,True,21,7279,Family,2022-01-01,9999-12-31,True,1
1631,PAX0001631,FF00001631,No Preference,Standard,WCHR,False,1,57222,Student,2022-01-01,9999-12-31,True,1
1632,PAX0001632,FF00001632,Aisle,Halal,None,True,2,110379,Family,2022-01-01,2023-03-31,False,1
4632,PAX0001632,FF00001632,Aisle,Halal,None,True,14,115748,Business Traveler,2023-04-01,9999-12-31,True,2
1633,PAX0001633,FF00001633,Aisle,Vegan,WCHC,True,22,20847,Leisure,2022-01-01,9999-12-31,True,1
1634,PAX0001634,FF00001634,Window,None,None,True,47,3073,Family,2022-01-01,9999-12-31,True,1
1635,PAX0001635,FF00001635,Aisle,Vegetarian,Wheelchair,False,4,30501,Family,2022-01-01,9999-12-31,True,1
1636,PAX0001636,FF00001636,Aisle,Child,None,False,5,79088,Senior,2022-01-01,9999-12-31,True,1
1637,PAX0001637,FF00001637,Aisle,None,None,False,0,23916,Leisure,2022-01-01,9999-12-31,True,1
1638,PAX0001638,FF00001638,Aisle,Child,WCHC,True,10,31729,Student,2022-01-01,9999-12-31,True,1
1639,PAX0001639,FF00001639,No Preference,Child,None,False,3,13603,Business Traveler,2022-01-01,9999-12-31,True,1
1640,PAX0001640,FF00001640,Aisle,Vegan,None,False,22,6505,Student,2022-01-01,9999-12-31,True,1
1641,PAX0001641,FF00001641,Window,Vegan,None,False,21,24811,Senior,2022-01-01,2023-03-31,False,1
4641,PAX0001641,FF00001641,Window,Vegan,None,False,39,40688,Leisure,2023-04-01,9999-12-31,True,2
1642,PAX0001642,FF00001642,Aisle,Child,Wheelchair,True,17,37511,Leisure,2022-01-01,9999-12-31,True,1
1643,PAX0001643,FF00001643,No Preference,Halal,None,False,2,25236,Family,2022-01-01,9999-12-31,True,1
1644,PAX0001644,FF00001644,Aisle,Halal,None,False,24,16975,Senior,2022-01-01,9999-12-31,True,1
1645,PAX0001645,FF00001645,Window,Child,None,True,40,18056,Leisure,2022-01-01,9999-12-31,True,1
1646,PAX0001646,FF00001646,Window,Vegetarian,None,True,1,14801,Business Traveler,2022-01-01,9999-12-31,True,1
1647,PAX0001647,FF00001647,Window,Halal,None,False,36,11557,Student,2022-01-01,9999-12-31,True,1
1648,PAX0001648,FF00001648,No Preference,Standard,None,False,24,63922,Student,2022-01-01,9999-12-31,True,1
1649,PAX0001649,FF00001649,No Preference,Standard,None,False,5,2607,Family,2022-01-01,9999-12-31,True,1
1650,PAX0001650,FF00001650,Aisle,Vegetarian,None,True,15,11197,Leisure,2022-01-01,9999-12-31,True,1
1651,PAX0001651,FF00001651,No Preference,Vegetarian,None,False,18,17537,Family,2022-01-01,9999-12-31,True,1
1652,PAX0001652,FF00001652,Window,Standard,None,True,7,45140,Family,2022-01-01,9999-12-31,True,1
1653,PAX0001653,FF00001653,Window,Vegetarian,None,False,5,17562,Leisure,2022-01-01,9999-12-31,True,1
1654,PAX0001654,FF00001654,No Preference,Standard,None,True,5,13734,Senior,2022-01-01,9999-12-31,True,1
1655,PAX0001655,FF00001655,Window,Vegetarian,None,True,8,49632,Senior,2022-01-01,9999-12-31,True,1
1656,PAX0001656,FF00001656,Window,Standard,None,True,5,22286,Family,2022-01-01,2023-03-31,False,1
4656,PAX0001656,FF00001656,Window,Standard,None,True,22,37183,Senior,2023-04-01,9999-12-31,True,2
1657,PAX0001657,FF00001657,Window,Vegan,None,True,13,9418,Student,2022-01-01,9999-12-31,True,1
1658,PAX0001658,FF00001658,Window,Vegetarian,None,True,3,81277,Student,2022-01-01,9999-12-31,True,1
1659,PAX0001659,FF00001659,Aisle,Standard,None,True,15,25824,Senior,2022-01-01,2023-03-31,False,1
4659,PAX0001659,FF00001659,Aisle,Standard,None,True,21,32564,Family,2023-04-01,9999-12-31,True,2
1660,PAX0001660,FF00001660,No Preference,Vegetarian,None,True,12,892,Senior,2022-01-01,9999-12-31,True,1
1661,PAX0001661,FF00001661,Window,Standard,None,True,11,21370,Leisure,2022-01-01,9999-12-31,True,1
1662,PAX0001662,FF00001662,Aisle,Standard,None,True,9,13361,Student,2022-01-01,9999-12-31,True,1
1663,PAX0001663,FF00001663,Aisle,None,None,False,1,6445,Student,2022-01-01,9999-12-31,True,1
1664,PAX0001664,FF00001664,No Preference,Vegan,None,True,36,15762,Leisure,2022-01-01,2023-03-31,False,1
4664,PAX0001664,FF00001664,No Preference,Vegan,None,True,47,23001,Student,2023-04-01,9999-12-31,True,2
1665,PAX0001665,FF00001665,Window,Vegan,None,False,7,1624,Senior,2022-01-01,9999-12-31,True,1
1666,PAX0001666,FF00001666,Window,Halal,None,False,0,37888,Senior,2022-01-01,9999-12-31,True,1
1667,PAX0001667,FF00001667,Aisle,Standard,None,True,9,21321,Family,2022-01-01,9999-12-31,True,1
1668,PAX0001668,FF00001668,Window,None,None,True,3,40965,Business Traveler,2022-01-01,9999-12-31,True,1
1669,PAX0001669,FF00001669,Aisle,Vegan,None,False,2,6319,Business Traveler,2022-01-01,9999-12-31,True,1
1670,PAX0001670,FF00001670,No Preference,Vegan,None,True,7,10117,Family,2022-01-01,2023-03-31,False,1
4670,PAX0001670,FF00001670,No Preference,Vegan,None,True,22,22928,Business Traveler,2023-04-01,9999-12-31,True,2
1671,PAX0001671,FF00001671,Aisle,None,None,True,3,31089,Leisure,2022-01-01,2023-03-31,False,1
4671,PAX0001671,FF00001671,Aisle,None,None,True,11,42491,Business Traveler,2023-04-01,9999-12-31,True,2
1672,PAX0001672,FF00001672,No Preference,None,WCHR,True,12,52206,Senior,2022-01-01,9999-12-31,True,1
1673,PAX0001673,FF00001673,Aisle,Vegetarian,None,True,6,2276,Leisure,2022-01-01,2023-03-31,False,1
4673,PAX0001673,FF00001673,Aisle,Vegetarian,None,True,14,16109,Senior,2023-04-01,9999-12-31,True,2
1674,PAX0001674,FF00001674,Window,Standard,Wheelchair,False,3,117368,Family,2022-01-01,9999-12-31,True,1
1675,PAX0001675,FF00001675,Aisle,Vegan,None,False,10,37109,Business Traveler,2022-01-01,2023-03-31,False,1
4675,PAX0001675,FF00001675,Aisle,Vegan,None,False,24,45263,Leisure,2023-04-01,9999-12-31,True,2
1676,PAX0001676,FF00001676,Window,None,None,False,0,21907,Leisure,2022-01-01,9999-12-31,True,1
1677,PAX0001677,FF00001677,No Preference,Vegetarian,Wheelchair,True,0,25265,Leisure,2022-01-01,2023-03-31,False,1
4677,PAX0001677,FF00001677,No Preference,Vegetarian,Wheelchair,True,16,40086,Senior,2023-04-01,9999-12-31,True,2
1678,PAX0001678,FF00001678,No Preference,Vegan,None,True,30,103656,Leisure,2022-01-01,9999-12-31,True,1
1679,PAX0001679,FF00001679,No Preference,None,None,False,9,18386,Family,2022-01-01,9999-12-31,True,1
1680,PAX0001680,FF00001680,Aisle,Halal,None,False,34,33589,Leisure,2022-01-01,9999-12-31,True,1
1681,PAX0001681,FF00001681,Window,Standard,None,True,0,18805,Senior,2022-01-01,9999-12-31,True,1
1682,PAX0001682,FF00001682,Aisle,Vegan,None,False,3,19035,Senior,2022-01-01,9999-12-31,True,1
1683,PAX0001683,FF00001683,Aisle,Standard,Wheelchair,False,7,26178,Leisure,2022-01-01,9999-12-31,True,1
1684,PAX0001684,FF00001684,Aisle,Vegetarian,WCHC,True,5,5383,Senior,2022-01-01,9999-12-31,True,1
1685,PAX0001685,FF00001685,Aisle,Halal,WCHR,False,8,53194,Family,2022-01-01,9999-12-31,True,1
1686,PAX0001686,FF00001686,No Preference,Vegan,None,False,13,12391,Leisure,2022-01-01,2023-03-31,False,1
4686,PAX0001686,FF00001686,No Preference,Vegan,None,False,27,28993,Family,2023-04-01,9999-12-31,True,2
1687,PAX0001687,FF00001687,Window,Standard,None,True,32,72983,Student,2022-01-01,2023-03-31,False,1
4687,PAX0001687,FF00001687,Window,Standard,None,True,41,87280,Senior,2023-04-01,9999-12-31,True,2
1688,PAX0001688,FF00001688,Aisle,Child,WCHR,True,2,1206,Leisure,2022-01-01,9999-12-31,True,1
1689,PAX0001689,FF00001689,Aisle,Vegetarian,None,False,16,52739,Senior,2022-01-01,2023-03-31,False,1
4689,PAX0001689,FF00001689,Aisle,Vegetarian,None,False,31,69243,Leisure,2023-04-01,9999-12-31,True,2
1690,PAX0001690,FF00001690,Aisle,Child,None,False,41,66173,Student,2022-01-01,9999-12-31,True,1
1691,PAX0001691,FF00001691,No Preference,Standard,None,False,11,22654,Business Traveler,2022-01-01,2023-03-31,False,1
4691,PAX0001691,FF00001691,No Preference,Standard,None,False,25,42284,Leisure,2023-04-01,9999-12-31,True,2
1692,PAX0001692,FF00001692,No Preference,None,WCHR,True,0,8497,Student,2022-01-01,9999-12-31,True,1
1693,PAX0001693,FF00001693,No Preference,Child,None,True,7,29706,Student,2022-01-01,2023-03-31,False,1
4693,PAX0001693,FF00001693,No Preference,Child,None,True,21,46143,Family,2023-04-01,9999-12-31,True,2
1694,PAX0001694,FF00001694,Aisle,Standard,None,True,9,40717,Business Traveler,2022-01-01,9999-12-31,True,1
1695,PAX0001695,FF00001695,Window,Vegetarian,None,True,3,24969,Business Traveler,2022-01-01,9999-12-31,True,1
1696,PAX0001696,FF00001696,Aisle,Halal,None,False,1,16015,Senior,2022-01-01,9999-12-31,True,1
1697,PAX0001697,FF00001697,Window,Vegan,None,True,16,35466,Leisure,2022-01-01,9999-12-31,True,1
1698,PAX0001698,FF00001698,No Preference,Vegan,None,True,56,9767,Business Traveler,2022-01-01,9999-12-31,True,1
1699,PAX0001699,FF00001699,Window,Standard,Wheelchair,True,8,11993,Family,2022-01-01,9999-12-31,True,1
1700,PAX0001700,FF00001700,Window,Vegan,Wheelchair,True,6,58336,Leisure,2022-01-01,9999-12-31,True,1
1701,PAX0001701,FF00001701,Aisle,None,None,True,13,64224,Family,2022-01-01,2023-03-31,False,1
4701,PAX0001701,FF00001701,Aisle,None,None,True,30,77395,Family,2023-04-01,9999-12-31,True,2
1702,PAX0001702,FF00001702,No Preference,Standard,None,False,2,61992,Business Traveler,2022-01-01,9999-12-31,True,1
1703,PAX0001703,FF00001703,Aisle,Child,WCHR,False,0,65838,Family,2022-01-01,2023-03-31,False,1
4703,PAX0001703,FF00001703,Aisle,Child,WCHR,False,16,77707,Family,2023-04-01,9999-12-31,True,2
1704,PAX0001704,FF00001704,No Preference,Standard,None,True,4,11332,Leisure,2022-01-01,9999-12-31,True,1
1705,PAX0001705,FF00001705,Window,Child,WCHR,False,8,84749,Business Traveler,2022-01-01,9999-12-31,True,1
1706,PAX0001706,FF00001706,Window,Standard,None,False,0,13026,Student,2022-01-01,9999-12-31,True,1
1707,PAX0001707,FF00001707,No Preference,None,None,True,23,15128,Family,2022-01-01,9999-12-31,True,1
1708,PAX0001708,FF00001708,No Preference,None,None,True,2,16590,Student,2022-01-01,9999-12-31,True,1
1709,PAX0001709,FF00001709,Aisle,Standard,None,True,5,74100,Student,2022-01-01,9999-12-31,True,1
1710,PAX0001710,FF00001710,Aisle,Standard,None,False,17,21102,Leisure,2022-01-01,9999-12-31,True,1
1711,PAX0001711,FF00001711,Aisle,Child,None,False,53,18780,Student,2022-01-01,9999-12-31,True,1
1712,PAX0001712,FF00001712,Window,Vegetarian,None,True,0,9125,Business Traveler,2022-01-01,9999-12-31,True,1
1713,PAX0001713,FF00001713,Aisle,Vegan,None,True,6,5120,Senior,2022-01-01,9999-12-31,True,1
1714,PAX0001714,FF00001714,Aisle,Standard,None,True,35,43682,Leisure,2022-01-01,9999-12-31,True,1
1715,PAX0001715,FF00001715,No Preference,Standard,None,True,3,26806,Senior,2022-01-01,9999-12-31,True,1
1716,PAX0001716,FF00001716,Window,Halal,None,False,15,85048,Senior,2022-01-01,9999-12-31,True,1
1717,PAX0001717,FF00001717,Aisle,Standard,None,False,25,21720,Senior,2022-01-01,9999-12-31,True,1
1718,PAX0001718,FF00001718,No Preference,Child,None,True,17,24776,Leisure,2022-01-01,9999-12-31,True,1
1719,PAX0001719,FF00001719,Window,None,None,True,9,3656,Student,2022-01-01,9999-12-31,True,1
1720,PAX0001720,FF00001720,Aisle,Vegetarian,None,True,1,22620,Family,2022-01-01,9999-12-31,True,1
1721,PAX0001721,FF00001721,No Preference,Vegetarian,None,True,3,637,Student,2022-01-01,9999-12-31,True,1
1722,PAX0001722,FF00001722,No Preference,None,None,True,15,990,Student,2022-01-01,2023-03-31,False,1
4722,PAX0001722,FF00001722,No Preference,None,None,True,24,7534,Senior,2023-04-01,9999-12-31,True,2
1723,PAX0001723,FF00001723,No Preference,Vegan,None,True,10,23243,Business Traveler,2022-01-01,9999-12-31,True,1
1724,PAX0001724,FF00001724,Aisle,Vegan,None,False,41,19861,Family,2022-01-01,9999-12-31,True,1
1725,PAX0001725,FF00001725,Window,Standard,None,False,0,24067,Leisure,2022-01-01,2023-03-31,False,1
4725,PAX0001725,FF00001725,Window,Standard,None,False,10,36914,Senior,2023-04-01,9999-12-31,True,2
1726,PAX0001726,FF00001726,Aisle,Child,None,True,22,172803,Student,2022-01-01,9999-12-31,True,1
1727,PAX0001727,FF00001727,No Preference,None,None,False,6,11583,Leisure,2022-01-01,9999-12-31,True,1
1728,PAX0001728,FF00001728,Aisle,Vegan,None,True,28,6367,Business Traveler,2022-01-01,9999-12-31,True,1
1729,PAX0001729,FF00001729,Window,Standard,None,False,11,15611,Leisure,2022-01-01,9999-12-31,True,1
1730,PAX0001730,FF00001730,No Preference,Vegan,None,True,0,12798,Family,2022-01-01,9999-12-31,True,1
1731,PAX0001731,FF00001731,Aisle,Vegan,None,True,3,34759,Business Traveler,2022-01-01,9999-12-31,True,1
1732,PAX0001732,FF00001732,Window,Halal,None,False,35,9361,Family,2022-01-01,9999-12-31,True,1
1733,PAX0001733,FF00001733,No Preference,Standard,None,True,20,1708,Leisure,2022-01-01,2023-03-31,False,1
4733,PAX0001733,FF00001733,No Preference,Standard,None,True,33,9015,Leisure,2023-04-01,9999-12-31,True,2
1734,PAX0001734,FF00001734,No Preference,Halal,None,True,9,2194,Student,2022-01-01,9999-12-31,True,1
1735,PAX0001735,FF00001735,No Preference,None,None,False,32,43618,Business Traveler,2022-01-01,9999-12-31,True,1
1736,PAX0001736,FF00001736,No Preference,Vegan,WCHR,False,12,52100,Business Traveler,2022-01-01,9999-12-31,True,1
1737,PAX0001737,FF00001737,Aisle,Halal,None,False,12,104159,Senior,2022-01-01,9999-12-31,True,1
1738,PAX0001738,FF00001738,No Preference,None,None,True,15,77571,Leisure,2022-01-01,9999-12-31,True,1
1739,PAX0001739,FF00001739,Window,Child,None,True,8,3735,Leisure,2022-01-01,9999-12-31,True,1
1740,PAX0001740,FF00001740,Window,None,None,False,9,4070,Leisure,2022-01-01,9999-12-31,True,1
1741,PAX0001741,FF00001741,No Preference,Vegetarian,None,True,10,19761,Family,2022-01-01,2023-03-31,False,1
4741,PAX0001741,FF00001741,No Preference,Vegetarian,None,True,22,34980,Student,2023-04-01,9999-12-31,True,2
1742,PAX0001742,FF00001742,Aisle,Standard,None,False,11,302,Senior,2022-01-01,9999-12-31,True,1
1743,PAX0001743,FF00001743,Window,Halal,None,True,2,20278,Business Traveler,2022-01-01,9999-12-31,True,1
1744,PAX0001744,FF00001744,No Preference,None,None,True,36,14516,Senior,2022-01-01,9999-12-31,True,1
1745,PAX0001745,FF00001745,Aisle,Standard,None,True,6,37626,Leisure,2022-01-01,9999-12-31,True,1
1746,PAX0001746,FF00001746,No Preference,Vegetarian,None,False,11,10654,Student,2022-01-01,9999-12-31,True,1
1747,PAX0001747,FF00001747,Window,Vegetarian,None,True,6,7365,Student,2022-01-01,9999-12-31,True,1
1748,PAX0001748,FF00001748,Window,Standard,None,False,40,4199,Senior,2022-01-01,9999-12-31,True,1
1749,PAX0001749,FF00001749,Aisle,Vegetarian,WCHC,False,5,785,Senior,2022-01-01,9999-12-31,True,1
1750,PAX0001750,FF00001750,Window,Vegetarian,None,True,3,45488,Business Traveler,2022-01-01,9999-12-31,True,1
1751,PAX0001751,FF00001751,No Preference,Vegetarian,Wheelchair,False,2,2503,Senior,2022-01-01,9999-12-31,True,1
1752,PAX0001752,FF00001752,Window,Halal,None,False,7,300,Student,2022-01-01,9999-12-31,True,1
1753,PAX0001753,FF00001753,Window,None,None,True,1,49449,Student,2022-01-01,2023-03-31,False,1
4753,PAX0001753,FF00001753,Window,None,None,True,10,54789,Business Traveler,2023-04-01,9999-12-31,True,2
1754,PAX0001754,FF00001754,No Preference,Standard,None,False,17,74002,Business Traveler,2022-01-01,9999-12-31,True,1
1755,PAX0001755,FF00001755,No Preference,Halal,None,True,23,34482,Senior,2022-01-01,9999-12-31,True,1
1756,PAX0001756,FF00001756,No Preference,Vegetarian,None,True,0,45814,Leisure,2022-01-01,9999-12-31,True,1
1757,PAX0001757,FF00001757,No Preference,Vegetarian,None,True,22,48145,Business Traveler,2022-01-01,2023-03-31,False,1
4757,PAX0001757,FF00001757,No Preference,Vegetarian,None,True,28,64980,Business Traveler,2023-04-01,9999-12-31,True,2
1758,PAX0001758,FF00001758,Window,Child,Wheelchair,True,8,7954,Business Traveler,2022-01-01,9999-12-31,True,1
1759,PAX0001759,FF00001759,No Preference,Standard,Wheelchair,False,22,38966,Family,2022-01-01,9999-12-31,True,1
1760,PAX0001760,FF00001760,No Preference,Vegetarian,None,False,47,5077,Business Traveler,2022-01-01,9999-12-31,True,1
1761,PAX0001761,FF00001761,No Preference,Vegetarian,None,True,3,7140,Family,2022-01-01,9999-12-31,True,1
1762,PAX0001762,FF00001762,Aisle,None,None,False,18,6207,Senior,2022-01-01,9999-12-31,True,1
1763,PAX0001763,FF00001763,Aisle,Vegan,None,True,0,196310,Family,2022-01-01,9999-12-31,True,1
1764,PAX0001764,FF00001764,Window,None,None,True,0,54098,Student,2022-01-01,9999-12-31,True,1
1765,PAX0001765,FF00001765,No Preference,Halal,None,False,5,55281,Senior,2022-01-01,9999-12-31,True,1
1766,PAX0001766,FF00001766,No Preference,Vegetarian,None,True,9,69570,Business Traveler,2022-01-01,9999-12-31,True,1
1767,PAX0001767,FF00001767,Window,None,None,True,31,274,Business Traveler,2022-01-01,9999-12-31,True,1
1768,PAX0001768,FF00001768,Window,Child,None,False,0,8644,Leisure,2022-01-01,2023-03-31,False,1
4768,PAX0001768,FF00001768,Window,Child,None,False,8,25882,Family,2023-04-01,9999-12-31,True,2
1769,PAX0001769,FF00001769,No Preference,Vegan,None,False,13,65750,Senior,2022-01-01,9999-12-31,True,1
1770,PAX0001770,FF00001770,Window,None,None,False,7,28016,Senior,2022-01-01,9999-12-31,True,1
1771,PAX0001771,FF00001771,No Preference,Vegan,None,True,2,49037,Family,2022-01-01,9999-12-31,True,1
1772,PAX0001772,FF00001772,Aisle,Vegetarian,None,False,41,9383,Business Traveler,2022-01-01,2023-03-31,False,1
4772,PAX0001772,FF00001772,Aisle,Vegetarian,None,False,51,21917,Senior,2023-04-01,9999-12-31,True,2
1773,PAX0001773,FF00001773,Window,Child,None,False,8,2701,Senior,2022-01-01,9999-12-31,True,1
1774,PAX0001774,FF00001774,No Preference,Child,None,True,9,20961,Senior,2022-01-01,9999-12-31,True,1
1775,PAX0001775,FF00001775,Aisle,Halal,None,True,1,17505,Senior,2022-01-01,9999-12-31,True,1
1776,PAX0001776,FF00001776,Aisle,Child,None,True,4,22133,Student,2022-01-01,9999-12-31,True,1
1777,PAX0001777,FF00001777,Aisle,Vegetarian,None,False,10,255,Senior,2022-01-01,9999-12-31,True,1
1778,PAX0001778,FF00001778,Window,Child,None,True,17,37449,Student,2022-01-01,2023-03-31,False,1
4778,PAX0001778,FF00001778,Window,Child,None,True,31,44493,Business Traveler,2023-04-01,9999-12-31,True,2
1779,PAX0001779,FF00001779,Window,Vegan,None,True,5,1631,Family,2022-01-01,2023-03-31,False,1
4779,PAX0001779,FF00001779,Window,Vegan,None,True,21,20842,Leisure,2023-04-01,9999-12-31,True,2
1780,PAX0001780,FF00001780,Window,Child,None,True,16,93149,Business Traveler,2022-01-01,9999-12-31,True,1
1781,PAX0001781,FF00001781,Aisle,Standard,None,False,3,11725,Business Traveler,2022-01-01,2023-03-31,False,1
4781,PAX0001781,FF00001781,Aisle,Standard,None,False,13,21015,Family,2023-04-01,9999-12-31,True,2
1782,PAX0001782,FF00001782,No Preference,None,None,False,2,25806,Family,2022-01-01,9999-12-31,True,1
1783,PAX0001783,FF00001783,No Preference,Vegan,WCHC,True,2,13210,Business Traveler,2022-01-01,9999-12-31,True,1
1784,PAX0001784,FF00001784,Window,Standard,None,True,14,24637,Student,2022-01-01,9999-12-31,True,1
1785,PAX0001785,FF00001785,No Preference,Vegan,Wheelchair,True,5,16354,Senior,2022-01-01,9999-12-31,True,1
1786,PAX0001786,FF00001786,Window,Vegan,None,False,9,176,Leisure,2022-01-01,9999-12-31,True,1
1787,PAX0001787,FF00001787,Window,Vegan,None,True,0,63924,Family,2022-01-01,2023-03-31,False,1
4787,PAX0001787,FF00001787,Window,Vegan,None,True,6,69147,Leisure,2023-04-01,9999-12-31,True,2
1788,PAX0001788,FF00001788,Aisle,None,None,True,0,36807,Student,2022-01-01,9999-12-31,True,1
1789,PAX0001789,FF00001789,No Preference,None,None,False,30,9469,Family,2022-01-01,9999-12-31,True,1
1790,PAX0001790,FF00001790,No Preference,None,None,True,5,25243,Student,2022-01-01,9999-12-31,True,1
1791,PAX0001791,FF00001791,Window,None,None,False,25,85370,Senior,2022-01-01,9999-12-31,True,1
1792,PAX0001792,FF00001792,Aisle,Vegan,None,False,16,2718,Student,2022-01-01,2023-03-31,False,1
4792,PAX0001792,FF00001792,Aisle,Vegan,None,False,36,20644,Senior,2023-04-01,9999-12-31,True,2
1793,PAX0001793,FF00001793,No Preference,Halal,None,False,13,15844,Leisure,2022-01-01,9999-12-31,True,1
1794,PAX0001794,FF00001794,Aisle,Vegan,None,False,7,1511,Student,2022-01-01,9999-12-31,True,1
1795,PAX0001795,FF00001795,No Preference,None,Wheelchair,True,2,46892,Student,2022-01-01,9999-12-31,True,1
1796,PAX0001796,FF00001796,No Preference,Halal,None,False,7,10771,Leisure,2022-01-01,9999-12-31,True,1
1797,PAX0001797,FF00001797,Window,Vegan,WCHC,False,5,57806,Family,2022-01-01,9999-12-31,True,1
1798,PAX0001798,FF00001798,No Preference,Vegan,None,False,16,9536,Business Traveler,2022-01-01,9999-12-31,True,1
1799,PAX0001799,FF00001799,Aisle,Vegetarian,None,False,1,8710,Family,2022-01-01,9999-12-31,True,1
1800,PAX0001800,FF00001800,No Preference,Halal,None,False,30,26138,Family,2022-01-01,9999-12-31,True,1
1801,PAX0001801,FF00001801,Window,Halal,None,False,9,27219,Student,2022-01-01,9999-12-31,True,1
1802,PAX0001802,FF00001802,No Preference,Standard,None,False,5,49368,Senior,2022-01-01,9999-12-31,True,1
1803,PAX0001803,FF00001803,Window,Standard,None,False,8,3724,Leisure,2022-01-01,9999-12-31,True,1
1804,PAX0001804,FF00001804,Window,Child,None,False,1,23091,Senior,2022-01-01,9999-12-31,True,1
1805,PAX0001805,FF00001805,Window,Child,None,False,33,11060,Business Traveler,2022-01-01,9999-12-31,True,1
1806,PAX0001806,FF00001806,Window,Vegan,None,False,24,43329,Business Traveler,2022-01-01,9999-12-31,True,1
1807,PAX0001807,FF00001807,No Preference,None,None,False,3,1110,Student,2022-01-01,2023-03-31,False,1
4807,PAX0001807,FF00001807,No Preference,None,None,False,11,11216,Leisure,2023-04-01,9999-12-31,True,2
1808,PAX0001808,FF00001808,Window,Standard,None,False,1,39113,Family,2022-01-01,9999-12-31,True,1
1809,PAX0001809,FF00001809,No Preference,None,None,True,2,13921,Senior,2022-01-01,9999-12-31,True,1
1810,PAX0001810,FF00001810,Aisle,Vegetarian,None,True,8,38780,Business Traveler,2022-01-01,2023-03-31,False,1
4810,PAX0001810,FF00001810,Aisle,Vegetarian,None,True,13,48281,Student,2023-04-01,9999-12-31,True,2
1811,PAX0001811,FF00001811,Window,Vegan,None,False,1,15644,Student,2022-01-01,2023-03-31,False,1
4811,PAX0001811,FF00001811,Window,Vegan,None,False,18,35489,Senior,2023-04-01,9999-12-31,True,2
1812,PAX0001812,FF00001812,No Preference,Halal,None,True,7,23349,Family,2022-01-01,9999-12-31,True,1
1813,PAX0001813,FF00001813,Window,Child,None,False,20,5650,Student,2022-01-01,9999-12-31,True,1
1814,PAX0001814,FF00001814,Aisle,None,None,True,19,35415,Family,2022-01-01,9999-12-31,True,1
1815,PAX0001815,FF00001815,No Preference,Vegetarian,None,True,9,36072,Senior,2022-01-01,9999-12-31,True,1
1816,PAX0001816,FF00001816,Aisle,Halal,None,True,6,4468,Senior,2022-01-01,9999-12-31,True,1
1817,PAX0001817,FF00001817,Aisle,Vegetarian,None,True,13,22312,Senior,2022-01-01,9999-12-31,True,1
1818,PAX0001818,FF00001818,Aisle,Vegan,None,True,12,12374,Business Traveler,2022-01-01,9999-12-31,True,1
1819,PAX0001819,FF00001819,Aisle,Vegan,None,True,28,26556,Senior,2022-01-01,9999-12-31,True,1
1820,PAX0001820,FF00001820,Aisle,Standard,None,True,1,17924,Family,2022-01-01,9999-12-31,True,1
1821,PAX0001821,FF00001821,Aisle,Vegetarian,None,True,16,47415,Senior,2022-01-01,9999-12-31,True,1
1822,PAX0001822,FF00001822,Aisle,Vegetarian,None,True,8,67541,Family,2022-01-01,9999-12-31,True,1
1823,PAX0001823,FF00001823,Aisle,None,None,True,3,15859,Student,2022-01-01,9999-12-31,True,1
1824,PAX0001824,FF00001824,No Preference,Child,Wheelchair,True,27,67975,Leisure,2022-01-01,9999-12-31,True,1
1825,PAX0001825,FF00001825,Aisle,Vegan,None,True,13,58765,Leisure,2022-01-01,9999-12-31,True,1
1826,PAX0001826,FF00001826,Window,Child,WCHR,True,1,60073,Student,2022-01-01,9999-12-31,True,1
1827,PAX0001827,FF00001827,Window,None,None,True,4,5892,Business Traveler,2022-01-01,2023-03-31,False,1
4827,PAX0001827,FF00001827,Window,None,None,True,16,17457,Family,2023-04-01,9999-12-31,True,2
1828,PAX0001828,FF00001828,Window,None,None,True,3,16236,Leisure,2022-01-01,2023-03-31,False,1
4828,PAX0001828,FF00001828,Window,None,None,True,12,28959,Student,2023-04-01,9999-12-31,True,2
1829,PAX0001829,FF00001829,Aisle,Vegan,None,True,3,11594,Family,2022-01-01,9999-12-31,True,1
1830,PAX0001830,FF00001830,Aisle,Halal,None,False,1,10536,Student,2022-01-01,2023-03-31,False,1
4830,PAX0001830,FF00001830,Aisle,Halal,None,False,12,26134,Business Traveler,2023-04-01,9999-12-31,True,2
1831,PAX0001831,FF00001831,Aisle,Child,None,True,10,17494,Business Traveler,2022-01-01,9999-12-31,True,1
1832,PAX0001832,FF00001832,No Preference,Child,None,True,5,41166,Business Traveler,2022-01-01,9999-12-31,True,1
1833,PAX0001833,FF00001833,No Preference,Child,None,False,26,42414,Family,2022-01-01,2023-03-31,False,1
4833,PAX0001833,FF00001833,No Preference,Child,None,False,33,62318,Student,2023-04-01,9999-12-31,True,2
1834,PAX0001834,FF00001834,Window,Child,None,False,4,40929,Leisure,2022-01-01,9999-12-31,True,1
1835,PAX0001835,FF00001835,Window,None,None,True,1,4188,Family,2022-01-01,2023-03-31,False,1
4835,PAX0001835,FF00001835,Window,None,None,True,13,15693,Business Traveler,2023-04-01,9999-12-31,True,2
1836,PAX0001836,FF00001836,Window,Halal,None,False,5,49461,Senior,2022-01-01,9999-12-31,True,1
1837,PAX0001837,FF00001837,Window,Halal,None,False,3,1960,Senior,2022-01-01,2023-03-31,False,1
4837,PAX0001837,FF00001837,Window,Halal,None,False,19,20893,Student,2023-04-01,9999-12-31,True,2
1838,PAX0001838,FF00001838,No Preference,None,None,True,1,58715,Business Traveler,2022-01-01,9999-12-31,True,1
1839,PAX0001839,FF00001839,Window,Vegetarian,None,False,12,8758,Family,2022-01-01,9999-12-31,True,1
1840,PAX0001840,FF00001840,No Preference,Standard,Wheelchair,False,9,22496,Student,2022-01-01,9999-12-31,True,1
1841,PAX0001841,FF00001841,Aisle,Child,None,False,12,7965,Business Traveler,2022-01-01,9999-12-31,True,1
1842,PAX0001842,FF00001842,Aisle,Standard,None,True,23,11104,Student,2022-01-01,9999-12-31,True,1
1843,PAX0001843,FF00001843,No Preference,Halal,None,True,14,487,Family,2022-01-01,9999-12-31,True,1
1844,PAX0001844,FF00001844,Aisle,Child,None,True,5,13002,Business Traveler,2022-01-01,9999-12-31,True,1
1845,PAX0001845,FF00001845,No Preference,Vegetarian,None,True,9,2265,Business Traveler,2022-01-01,9999-12-31,True,1
1846,PAX0001846,FF00001846,Window,Vegetarian,None,True,18,7368,Business Traveler,2022-01-01,9999-12-31,True,1
1847,PAX0001847,FF00001847,Window,Standard,None,True,13,48768,Student,2022-01-01,9999-12-31,True,1
1848,PAX0001848,FF00001848,No Preference,None,None,True,9,40514,Senior,2022-01-01,9999-12-31,True,1
1849,PAX0001849,FF00001849,No Preference,Vegan,None,True,13,13179,Leisure,2022-01-01,9999-12-31,True,1
1850,PAX0001850,FF00001850,No Preference,Standard,None,False,19,10474,Leisure,2022-01-01,9999-12-31,True,1
1851,PAX0001851,FF00001851,Aisle,None,None,False,10,41041,Senior,2022-01-01,9999-12-31,True,1
1852,PAX0001852,FF00001852,Window,Standard,None,True,5,10819,Student,2022-01-01,9999-12-31,True,1
1853,PAX0001853,FF00001853,Window,Vegan,WCHR,False,7,51106,Business Traveler,2022-01-01,9999-12-31,True,1
1854,PAX0001854,FF00001854,Aisle,Standard,None,False,31,23629,Business Traveler,2022-01-01,2023-03-31,False,1
4854,PAX0001854,FF00001854,Aisle,Standard,None,False,36,37297,Senior,2023-04-01,9999-12-31,True,2
1855,PAX0001855,FF00001855,Window,Child,None,False,12,70076,Student,2022-01-01,9999-12-31,True,1
1856,PAX0001856,FF00001856,Aisle,Child,None,False,1,7922,Student,2022-01-01,9999-12-31,True,1
1857,PAX0001857,FF00001857,No Preference,Vegetarian,None,False,14,52074,Business Traveler,2022-01-01,9999-12-31,True,1
1858,PAX0001858,FF00001858,No Preference,Standard,None,False,23,16089,Leisure,2022-01-01,9999-12-31,True,1
1859,PAX0001859,FF00001859,Aisle,Vegan,None,False,1,17275,Senior,2022-01-01,9999-12-31,True,1
1860,PAX0001860,FF00001860,Window,Standard,None,False,3,10325,Leisure,2022-01-01,9999-12-31,True,1
1861,PAX0001861,FF00001861,No Preference,Vegan,None,True,17,2355,Leisure,2022-01-01,9999-12-31,True,1
1862,PAX0001862,FF00001862,No Preference,None,None,False,21,16741,Senior,2022-01-01,9999-12-31,True,1
1863,PAX0001863,FF00001863,Aisle,Vegan,None,False,10,2817,Leisure,2022-01-01,9999-12-31,True,1
1864,PAX0001864,FF00001864,No Preference,Standard,None,False,4,2819,Senior,2022-01-01,9999-12-31,True,1
1865,PAX0001865,FF00001865,Window,None,None,False,39,49392,Leisure,2022-01-01,9999-12-31,True,1
1866,PAX0001866,FF00001866,No Preference,Vegan,WCHC,False,7,7592,Leisure,2022-01-01,9999-12-31,True,1
1867,PAX0001867,FF00001867,Aisle,Standard,Wheelchair,False,32,12675,Student,2022-01-01,9999-12-31,True,1
1868,PAX0001868,FF00001868,Aisle,Child,None,False,2,24845,Business Traveler,2022-01-01,9999-12-31,True,1
1869,PAX0001869,FF00001869,Window,Standard,None,True,34,115,Senior,2022-01-01,9999-12-31,True,1
1870,PAX0001870,FF00001870,Window,Vegan,None,True,3,83636,Student,2022-01-01,9999-12-31,True,1
1871,PAX0001871,FF00001871,Window,None,WCHC,True,2,3605,Leisure,2022-01-01,9999-12-31,True,1
1872,PAX0001872,FF00001872,Aisle,Child,None,True,10,59381,Business Traveler,2022-01-01,9999-12-31,True,1
1873,PAX0001873,FF00001873,No Preference,None,None,True,7,156442,Business Traveler,2022-01-01,9999-12-31,True,1
1874,PAX0001874,FF00001874,No Preference,Vegetarian,None,True,13,2308,Family,2022-01-01,2023-03-31,False,1
4874,PAX0001874,FF00001874,No Preference,Vegetarian,None,True,21,14620,Business Traveler,2023-04-01,9999-12-31,True,2
1875,PAX0001875,FF00001875,Aisle,None,None,False,59,15722,Student,2022-01-01,9999-12-31,True,1
1876,PAX0001876,FF00001876,No Preference,None,None,False,4,24485,Family,2022-01-01,9999-12-31,True,1
1877,PAX0001877,FF00001877,No Preference,Vegan,None,True,4,2712,Student,2022-01-01,2023-03-31,False,1
4877,PAX0001877,FF00001877,No Preference,Vegan,None,True,12,15745,Leisure,2023-04-01,9999-12-31,True,2
1878,PAX0001878,FF00001878,Aisle,Child,Wheelchair,False,0,17912,Senior,2022-01-01,9999-12-31,True,1
1879,PAX0001879,FF00001879,No Preference,Child,None,True,21,25481,Business Traveler,2022-01-01,9999-12-31,True,1
1880,PAX0001880,FF00001880,No Preference,None,Wheelchair,False,85,10141,Senior,2022-01-01,9999-12-31,True,1
1881,PAX0001881,FF00001881,Aisle,Vegetarian,Wheelchair,True,3,5221,Family,2022-01-01,9999-12-31,True,1
1882,PAX0001882,FF00001882,Aisle,Vegan,Wheelchair,False,2,10072,Business Traveler,2022-01-01,9999-12-31,True,1
1883,PAX0001883,FF00001883,Aisle,Vegetarian,None,True,18,70856,Business Traveler,2022-01-01,9999-12-31,True,1
1884,PAX0001884,FF00001884,No Preference,None,None,True,44,7930,Senior,2022-01-01,9999-12-31,True,1
1885,PAX0001885,FF00001885,No Preference,Standard,None,True,25,11936,Business Traveler,2022-01-01,9999-12-31,True,1
1886,PAX0001886,FF00001886,Aisle,Halal,None,True,1,61212,Business Traveler,2022-01-01,9999-12-31,True,1
1887,PAX0001887,FF00001887,No Preference,Vegetarian,None,True,12,5400,Leisure,2022-01-01,2023-03-31,False,1
4887,PAX0001887,FF00001887,No Preference,Vegetarian,None,True,27,14786,Family,2023-04-01,9999-12-31,True,2
1888,PAX0001888,FF00001888,Window,Halal,None,True,6,10159,Leisure,2022-01-01,9999-12-31,True,1
1889,PAX0001889,FF00001889,Aisle,None,None,False,16,18122,Family,2022-01-01,9999-12-31,True,1
1890,PAX0001890,FF00001890,Window,None,None,True,54,1689,Leisure,2022-01-01,9999-12-31,True,1
1891,PAX0001891,FF00001891,No Preference,Vegetarian,None,True,5,19727,Leisure,2022-01-01,9999-12-31,True,1
1892,PAX0001892,FF00001892,Aisle,Standard,None,False,8,11391,Business Traveler,2022-01-01,9999-12-31,True,1
1893,PAX0001893,FF00001893,Window,Halal,None,True,15,62322,Student,2022-01-01,9999-12-31,True,1
1894,PAX0001894,FF00001894,Window,Standard,Wheelchair,True,33,49057,Leisure,2022-01-01,9999-12-31,True,1
1895,PAX0001895,FF00001895,No Preference,Child,None,False,22,23991,Student,2022-01-01,9999-12-31,True,1
1896,PAX0001896,FF00001896,No Preference,Child,None,True,20,10850,Business Traveler,2022-01-01,9999-12-31,True,1
1897,PAX0001897,FF00001897,Window,Child,None,False,6,11433,Family,2022-01-01,9999-12-31,True,1
1898,PAX0001898,FF00001898,Aisle,Child,None,False,7,10088,Student,2022-01-01,9999-12-31,True,1
1899,PAX0001899,FF00001899,No Preference,Vegan,None,False,39,11255,Business Traveler,2022-01-01,9999-12-31,True,1
1900,PAX0001900,FF00001900,No Preference,Vegetarian,None,False,1,22448,Senior,2022-01-01,9999-12-31,True,1
1901,PAX0001901,FF00001901,Aisle,None,WCHR,True,0,3514,Senior,2022-01-01,9999-12-31,True,1
1902,PAX0001902,FF00001902,Window,Vegetarian,WCHC,False,2,18728,Leisure,2022-01-01,9999-12-31,True,1
1903,PAX0001903,FF00001903,Aisle,None,None,False,6,48236,Leisure,2022-01-01,9999-12-31,True,1
1904,PAX0001904,FF00001904,No Preference,Vegetarian,None,True,16,16670,Leisure,2022-01-01,9999-12-31,True,1
1905,PAX0001905,FF00001905,Window,None,None,True,4,11414,Business Traveler,2022-01-01,9999-12-31,True,1
1906,PAX0001906,FF00001906,Window,None,None,False,17,1604,Student,2022-01-01,9999-12-31,True,1
1907,PAX0001907,FF00001907,No Preference,Standard,None,False,0,47622,Student,2022-01-01,9999-12-31,True,1
1908,PAX0001908,FF00001908,No Preference,Halal,None,True,7,4208,Leisure,2022-01-01,9999-12-31,True,1
1909,PAX0001909,FF00001909,Aisle,Standard,None,False,3,80870,Senior,2022-01-01,9999-12-31,True,1
1910,PAX0001910,FF00001910,Window,Standard,None,False,23,37114,Business Traveler,2022-01-01,9999-12-31,True,1
1911,PAX0001911,FF00001911,Aisle,Standard,None,False,7,22039,Business Traveler,2022-01-01,9999-12-31,True,1
1912,PAX0001912,FF00001912,No Preference,Child,None,True,44,101239,Leisure,2022-01-01,9999-12-31,True,1
1913,PAX0001913,FF00001913,No Preference,Vegetarian,None,False,2,49996,Business Traveler,2022-01-01,9999-12-31,True,1
1914,PAX0001914,FF00001914,No Preference,Vegetarian,None,True,2,7206,Business Traveler,2022-01-01,2023-03-31,False,1
4914,PAX0001914,FF00001914,No Preference,Vegetarian,None,True,17,18486,Leisure,2023-04-01,9999-12-31,True,2
1915,PAX0001915,FF00001915,Aisle,Vegetarian,None,True,13,15575,Business Traveler,2022-01-01,9999-12-31,True,1
1916,PAX0001916,FF00001916,Aisle,Vegan,None,False,32,2796,Family,2022-01-01,9999-12-31,True,1
1917,PAX0001917,FF00001917,No Preference,Vegetarian,None,False,8,75222,Leisure,2022-01-01,9999-12-31,True,1
1918,PAX0001918,FF00001918,No Preference,Halal,None,True,28,5106,Family,2022-01-01,9999-12-31,True,1
1919,PAX0001919,FF00001919,No Preference,Standard,Wheelchair,True,5,28958,Student,2022-01-01,2023-03-31,False,1
4919,PAX0001919,FF00001919,No Preference,Standard,Wheelchair,True,19,33994,Leisure,2023-04-01,9999-12-31,True,2
1920,PAX0001920,FF00001920,No Preference,Vegetarian,None,True,2,103281,Student,2022-01-01,9999-12-31,True,1
1921,PAX0001921,FF00001921,Aisle,None,None,True,29,5479,Leisure,2022-01-01,9999-12-31,True,1
1922,PAX0001922,FF00001922,Window,None,None,False,1,2678,Family,2022-01-01,9999-12-31,True,1
1923,PAX0001923,FF00001923,Aisle,Halal,Wheelchair,True,28,6456,Student,2022-01-01,9999-12-31,True,1
1924,PAX0001924,FF00001924,Aisle,Child,WCHR,False,6,17872,Student,2022-01-01,2023-03-31,False,1
4924,PAX0001924,FF00001924,Aisle,Child,WCHR,False,17,28442,Student,2023-04-01,9999-12-31,True,2
1925,PAX0001925,FF00001925,Window,Child,Wheelchair,True,10,2233,Family,2022-01-01,9999-12-31,True,1
1926,PAX0001926,FF00001926,No Preference,Halal,None,False,3,80423,Business Traveler,2022-01-01,9999-12-31,True,1
1927,PAX0001927,FF00001927,No Preference,Vegan,None,True,28,45600,Student,2022-01-01,9999-12-31,True,1
1928,PAX0001928,FF00001928,Aisle,Vegan,None,False,0,11880,Senior,2022-01-01,2023-03-31,False,1
4928,PAX0001928,FF00001928,Aisle,Vegan,None,False,11,16954,Family,2023-04-01,9999-12-31,True,2
1929,PAX0001929,FF00001929,No Preference,Child,None,True,11,9655,Family,2022-01-01,9999-12-31,True,1
1930,PAX0001930,FF00001930,Aisle,Halal,None,False,28,30144,Senior,2022-01-01,9999-12-31,True,1
1931,PAX0001931,FF00001931,Aisle,Child,None,False,0,71908,Senior,2022-01-01,2023-03-31,False,1
4931,PAX0001931,FF00001931,Aisle,Child,None,False,19,88381,Business Traveler,2023-04-01,9999-12-31,True,2
1932,PAX0001932,FF00001932,No Preference,Standard,Wheelchair,False,37,2426,Family,2022-01-01,2023-03-31,False,1
4932,PAX0001932,FF00001932,No Preference,Standard,Wheelchair,False,56,22305,Student,2023-04-01,9999-12-31,True,2
1933,PAX0001933,FF00001933,Window,Vegetarian,None,False,9,10844,Senior,2022-01-01,2023-03-31,False,1
4933,PAX0001933,FF00001933,Window,Vegetarian,None,False,29,29430,Senior,2023-04-01,9999-12-31,True,2
1934,PAX0001934,FF00001934,Aisle,None,None,False,5,5940,Business Traveler,2022-01-01,9999-12-31,True,1
1935,PAX0001935,FF00001935,Window,None,None,False,10,95087,Student,2022-01-01,9999-12-31,True,1
1936,PAX0001936,FF00001936,No Preference,Vegetarian,None,True,8,2596,Student,2022-01-01,9999-12-31,True,1
1937,PAX0001937,FF00001937,Aisle,Child,None,True,11,12475,Student,2022-01-01,9999-12-31,True,1
1938,PAX0001938,FF00001938,No Preference,Halal,None,False,23,17110,Family,2022-01-01,9999-12-31,True,1
1939,PAX0001939,FF00001939,Aisle,Halal,None,False,2,6362,Leisure,2022-01-01,9999-12-31,True,1
1940,PAX0001940,FF00001940,Aisle,None,None,True,17,9260,Student,2022-01-01,9999-12-31,True,1
1941,PAX0001941,FF00001941,Window,Vegetarian,None,True,17,6915,Family,2022-01-01,9999-12-31,True,1
1942,PAX0001942,FF00001942,Aisle,Vegan,None,False,4,18791,Student,2022-01-01,9999-12-31,True,1
1943,PAX0001943,FF00001943,No Preference,Vegan,None,True,34,80529,Family,2022-01-01,9999-12-31,True,1
1944,PAX0001944,FF00001944,No Preference,Vegan,Wheelchair,True,2,13305,Senior,2022-01-01,2023-03-31,False,1
4944,PAX0001944,FF00001944,No Preference,Vegan,Wheelchair,True,18,21921,Family,2023-04-01,9999-12-31,True,2
1945,PAX0001945,FF00001945,Window,Standard,None,True,1,21399,Senior,2022-01-01,9999-12-31,True,1
1946,PAX0001946,FF00001946,Aisle,Standard,WCHC,True,7,69306,Business Traveler,2022-01-01,9999-12-31,True,1
1947,PAX0001947,FF00001947,No Preference,Halal,None,False,31,14514,Senior,2022-01-01,9999-12-31,True,1
1948,PAX0001948,FF00001948,Aisle,Standard,Wheelchair,False,8,67969,Student,2022-01-01,9999-12-31,True,1
1949,PAX0001949,FF00001949,Window,None,None,False,19,109,Student,2022-01-01,9999-12-31,True,1
1950,PAX0001950,FF00001950,No Preference,Halal,None,False,4,16433,Leisure,2022-01-01,9999-12-31,True,1
1951,PAX0001951,FF00001951,No Preference,Vegetarian,None,False,3,6678,Senior,2022-01-01,9999-12-31,True,1
1952,PAX0001952,FF00001952,No Preference,None,WCHR,False,0,30931,Leisure,2022-01-01,9999-12-31,True,1
1953,PAX0001953,FF00001953,Aisle,Halal,Wheelchair,False,3,1613,Senior,2022-01-01,9999-12-31,True,1
1954,PAX0001954,FF00001954,Aisle,Vegetarian,None,False,3,48571,Senior,2022-01-01,9999-12-31,True,1
1955,PAX0001955,FF00001955,No Preference,Child,WCHR,False,22,19795,Senior,2022-01-01,9999-12-31,True,1
1956,PAX0001956,FF00001956,Aisle,Child,None,False,6,114302,Leisure,2022-01-01,9999-12-31,True,1
1957,PAX0001957,FF00001957,No Preference,Halal,None,False,2,7275,Leisure,2022-01-01,9999-12-31,True,1
1958,PAX0001958,FF00001958,Aisle,Standard,WCHC,True,4,5689,Senior,2022-01-01,9999-12-31,True,1
1959,PAX0001959,FF00001959,Aisle,Halal,None,True,5,72517,Business Traveler,2022-01-01,9999-12-31,True,1
1960,PAX0001960,FF00001960,Aisle,Halal,None,False,11,15928,Student,2022-01-01,2023-03-31,False,1
4960,PAX0001960,FF00001960,Aisle,Halal,None,False,18,26123,Business Traveler,2023-04-01,9999-12-31,True,2
1961,PAX0001961,FF00001961,Window,None,None,True,32,1490,Family,2022-01-01,9999-12-31,True,1
1962,PAX0001962,FF00001962,No Preference,None,None,False,2,25033,Business Traveler,2022-01-01,9999-12-31,True,1
1963,PAX0001963,FF00001963,Aisle,None,None,True,11,1210,Student,2022-01-01,9999-12-31,True,1
1964,PAX0001964,FF00001964,No Preference,Halal,None,False,6,31422,Student,2022-01-01,9999-12-31,True,1
1965,PAX0001965,FF00001965,Window,None,None,False,14,30494,Senior,2022-01-01,9999-12-31,True,1
1966,PAX0001966,FF00001966,No Preference,Standard,Wheelchair,True,4,2945,Student,2022-01-01,9999-12-31,True,1
1967,PAX0001967,FF00001967,No Preference,None,None,True,6,4134,Leisure,2022-01-01,9999-12-31,True,1
1968,PAX0001968,FF00001968,No Preference,Halal,Wheelchair,True,35,19340,Business Traveler,2022-01-01,9999-12-31,True,1
1969,PAX0001969,FF00001969,No Preference,Child,None,False,4,43612,Student,2022-01-01,9999-12-31,True,1
1970,PAX0001970,FF00001970,Window,None,Wheelchair,True,8,11133,Senior,2022-01-01,9999-12-31,True,1
1971,PAX0001971,FF00001971,Aisle,Standard,None,False,20,60556,Senior,2022-01-01,9999-12-31,True,1
1972,PAX0001972,FF00001972,No Preference,None,None,False,13,1443,Family,2022-01-01,9999-12-31,True,1
1973,PAX0001973,FF00001973,No Preference,Vegan,None,False,10,43228,Senior,2022-01-01,9999-12-31,True,1
1974,PAX0001974,FF00001974,Aisle,Child,Wheelchair,True,1,7789,Student,2022-01-01,9999-12-31,True,1
1975,PAX0001975,FF00001975,Aisle,Child,None,True,25,609,Family,2022-01-01,9999-12-31,True,1
1976,PAX0001976,FF00001976,No Preference,Vegetarian,None,True,16,19260,Business Traveler,2022-01-01,9999-12-31,True,1
1977,PAX0001977,FF00001977,Window,Vegan,None,False,7,213,Business Traveler,2022-01-01,9999-12-31,True,1
1978,PAX0001978,FF00001978,No Preference,Vegetarian,None,False,20,13380,Leisure,2022-01-01,9999-12-31,True,1
1979,PAX0001979,FF00001979,Window,Halal,None,True,9,33931,Family,2022-01-01,9999-12-31,True,1
1980,PAX0001980,FF00001980,Aisle,Halal,None,True,14,93693,Leisure,2022-01-01,9999-12-31,True,1
1981,PAX0001981,FF00001981,Aisle,Vegan,None,False,9,15310,Leisure,2022-01-01,9999-12-31,True,1
1982,PAX0001982,FF00001982,Aisle,Vegetarian,None,False,36,30825,Family,2022-01-01,9999-12-31,True,1
1983,PAX0001983,FF00001983,No Preference,None,None,True,4,4056,Family,2022-01-01,9999-12-31,True,1
1984,PAX0001984,FF00001984,Aisle,Standard,None,False,22,13491,Senior,2022-01-01,9999-12-31,True,1
1985,PAX0001985,FF00001985,Aisle,Vegan,None,True,12,19092,Business Traveler,2022-01-01,9999-12-31,True,1
1986,PAX0001986,FF00001986,Window,Child,None,True,2,27615,Leisure,2022-01-01,9999-12-31,True,1
1987,PAX0001987,FF00001987,Aisle,Vegan,None,True,0,15999,Student,2022-01-01,9999-12-31,True,1
1988,PAX0001988,FF00001988,No Preference,Child,None,True,9,17183,Business Traveler,2022-01-01,9999-12-31,True,1
1989,PAX0001989,FF00001989,Aisle,Child,Wheelchair,True,16,52794,Family,2022-01-01,9999-12-31,True,1
1990,PAX0001990,FF00001990,No Preference,Standard,WCHR,False,17,1187,Student,2022-01-01,9999-12-31,True,1
1991,PAX0001991,FF00001991,Window,Vegan,None,True,2,23075,Leisure,2022-01-01,9999-12-31,True,1
1992,PAX0001992,FF00001992,Window,Child,None,True,32,54046,Family,2022-01-01,9999-12-31,True,1
1993,PAX0001993,FF00001993,No Preference,Standard,WCHC,True,22,10838,Student,2022-01-01,9999-12-31,True,1
1994,PAX0001994,FF00001994,Window,None,None,True,6,19086,Student,2022-01-01,9999-12-31,True,1
1995,PAX0001995,FF00001995,No Preference,Halal,None,True,2,946,Business Traveler,2022-01-01,9999-12-31,True,1
1996,PAX0001996,FF00001996,Window,Vegetarian,None,False,35,8261,Leisure,2022-01-01,9999-12-31,True,1
1997,PAX0001997,FF00001997,Window,Standard,None,False,3,2611,Business Traveler,2022-01-01,2023-03-31,False,1
4997,PAX0001997,FF00001997,Window,Standard,None,False,18,22072,Business Traveler,2023-04-01,9999-12-31,True,2
1998,PAX0001998,FF00001998,Aisle,Vegetarian,Wheelchair,True,31,26006,Student,2022-01-01,9999-12-31,True,1
1999,PAX0001999,FF00001999,Aisle,Halal,None,False,13,72768,Family,2022-01-01,2023-03-31,False,1
4999,PAX0001999,FF00001999,Aisle,Halal,None,False,19,87871,Business Traveler,2023-04-01,9999-12-31,True,2
2000,PAX0002000,FF00002000,No Preference,Vegan,None,False,5,29146,Student,2022-01-01,9999-12-31,True,1
2001,PAX0002001,FF00002001,No Preference,Vegan,None,False,0,6202,Student,2022-01-01,9999-12-31,True,1
2002,PAX0002002,FF00002002,No Preference,None,WCHC,True,21,43671,Leisure,2022-01-01,9999-12-31,True,1
2003,PAX0002003,FF00002003,No Preference,Halal,None,True,5,14187,Senior,2022-01-01,9999-12-31,True,1
2004,PAX0002004,FF00002004,No Preference,None,Wheelchair,True,9,7,Senior,2022-01-01,9999-12-31,True,1
2005,PAX0002005,FF00002005,No Preference,Vegan,WCHC,False,3,7004,Family,2022-01-01,2023-03-31,False,1
5005,PAX0002005,FF00002005,No Preference,Vegan,WCHC,False,12,14626,Business Traveler,2023-04-01,9999-12-31,True,2
2006,PAX0002006,FF00002006,Window,None,None,True,3,49182,Senior,2022-01-01,9999-12-31,True,1
2007,PAX0002007,FF00002007,Window,None,None,False,3,6378,Student,2022-01-01,9999-12-31,True,1
2008,PAX0002008,FF00002008,No Preference,Vegan,Wheelchair,False,8,60218,Leisure,2022-01-01,2023-03-31,False,1
5008,PAX0002008,FF00002008,No Preference,Vegan,Wheelchair,False,21,73353,Leisure,2023-04-01,9999-12-31,True,2
2009,PAX0002009,FF00002009,No Preference,Standard,None,True,3,2453,Student,2022-01-01,9999-12-31,True,1
2010,PAX0002010,FF00002010,No Preference,None,WCHR,False,5,41308,Senior,2022-01-01,2023-03-31,False,1
5010,PAX0002010,FF00002010,No Preference,None,WCHR,False,24,47113,Leisure,2023-04-01,9999-12-31,True,2
2011,PAX0002011,FF00002011,Window,Vegetarian,None,False,9,50914,Student,2022-01-01,9999-12-31,True,1
2012,PAX0002012,FF00002012,No Preference,Vegetarian,None,True,38,47202,Family,2022-01-01,9999-12-31,True,1
2013,PAX0002013,FF00002013,No Preference,Halal,None,False,11,20397,Leisure,2022-01-01,9999-12-31,True,1
2014,PAX0002014,FF00002014,Aisle,None,WCHC,True,0,124664,Leisure,2022-01-01,9999-12-31,True,1
2015,PAX0002015,FF00002015,Aisle,Standard,Wheelchair,True,5,4954,Student,2022-01-01,9999-12-31,True,1
2016,PAX0002016,FF00002016,Window,Halal,None,False,13,10034,Student,2022-01-01,9999-12-31,True,1
2017,PAX0002017,FF00002017,Aisle,None,WCHC,False,10,26512,Business Traveler,2022-01-01,9999-12-31,True,1
2018,PAX0002018,FF00002018,Window,None,None,False,7,54258,Senior,2022-01-01,9999-12-31,True,1
2019,PAX0002019,FF00002019,Window,Standard,None,False,3,17860,Student,2022-01-01,9999-12-31,True,1
2020,PAX0002020,FF00002020,Window,Vegetarian,None,False,9,32685,Family,2022-01-01,9999-12-31,True,1
2021,PAX0002021,FF00002021,No Preference,Vegan,None,True,18,15066,Business Traveler,2022-01-01,9999-12-31,True,1
2022,PAX0002022,FF00002022,Window,Vegan,None,True,12,4897,Family,2022-01-01,2023-03-31,False,1
5022,PAX0002022,FF00002022,Window,Vegan,None,True,20,22993,Business Traveler,2023-04-01,9999-12-31,True,2
2023,PAX0002023,FF00002023,Window,Child,None,False,32,14489,Senior,2022-01-01,9999-12-31,True,1
2024,PAX0002024,FF00002024,Aisle,Standard,None,True,15,616,Leisure,2022-01-01,9999-12-31,True,1
2025,PAX0002025,FF00002025,Window,None,None,False,2,20029,Leisure,2022-01-01,9999-12-31,True,1
2026,PAX0002026,FF00002026,No Preference,Halal,None,True,25,22475,Student,2022-01-01,9999-12-31,True,1
2027,PAX0002027,FF00002027,Window,Halal,None,False,31,19837,Leisure,2022-01-01,9999-12-31,True,1
2028,PAX0002028,FF00002028,Window,None,None,True,8,3826,Business Traveler,2022-01-01,9999-12-31,True,1
2029,PAX0002029,FF00002029,Window,Vegetarian,None,False,19,8509,Senior,2022-01-01,2023-03-31,False,1
5029,PAX0002029,FF00002029,Window,Vegetarian,None,False,32,27673,Family,2023-04-01,9999-12-31,True,2
2030,PAX0002030,FF00002030,No Preference,Vegan,Wheelchair,False,27,72514,Student,2022-01-01,9999-12-31,True,1
2031,PAX0002031,FF00002031,No Preference,Vegetarian,None,True,34,22033,Leisure,2022-01-01,9999-12-31,True,1
2032,PAX0002032,FF00002032,No Preference,Standard,None,True,13,45222,Family,2022-01-01,9999-12-31,True,1
2033,PAX0002033,FF00002033,Window,Standard,None,False,1,27560,Senior,2022-01-01,9999-12-31,True,1
2034,PAX0002034,FF00002034,Aisle,Vegan,WCHR,False,0,20648,Family,2022-01-01,2023-03-31,False,1
5034,PAX0002034,FF00002034,Aisle,Vegan,WCHR,False,13,30955,Senior,2023-04-01,9999-12-31,True,2
2035,PAX0002035,FF00002035,Window,Vegan,WCHC,False,2,6060,Family,2022-01-01,9999-12-31,True,1
2036,PAX0002036,FF00002036,Aisle,Vegetarian,None,False,5,16992,Leisure,2022-01-01,2023-03-31,False,1
5036,PAX0002036,FF00002036,Aisle,Vegetarian,None,False,20,36692,Senior,2023-04-01,9999-12-31,True,2
2037,PAX0002037,FF00002037,No Preference,Halal,None,True,11,2320,Family,2022-01-01,9999-12-31,True,1
2038,PAX0002038,FF00002038,No Preference,None,None,False,8,6049,Business Traveler,2022-01-01,9999-12-31,True,1
2039,PAX0002039,FF00002039,No Preference,Halal,WCHC,False,10,30434,Leisure,2022-01-01,9999-12-31,True,1
2040,PAX0002040,FF00002040,Window,None,None,False,9,40216,Senior,2022-01-01,9999-12-31,True,1
2041,PAX0002041,FF00002041,No Preference,Vegan,None,False,4,43458,Business Traveler,2022-01-01,9999-12-31,True,1
2042,PAX0002042,FF00002042,Aisle,Halal,Wheelchair,False,6,19860,Senior,2022-01-01,9999-12-31,True,1
2043,PAX0002043,FF00002043,No Preference,Standard,WCHR,True,12,555,Family,2022-01-01,9999-12-31,True,1
2044,PAX0002044,FF00002044,No Preference,Vegetarian,None,True,12,28916,Senior,2022-01-01,9999-12-31,True,1
2045,PAX0002045,FF00002045,Window,None,None,False,4,2690,Leisure,2022-01-01,2023-03-31,False,1
5045,PAX0002045,FF00002045,Window,None,None,False,13,9758,Student,2023-04-01,9999-12-31,True,2
2046,PAX0002046,FF00002046,No Preference,None,None,True,1,77005,Senior,2022-01-01,9999-12-31,True,1
2047,PAX0002047,FF00002047,No Preference,None,None,False,14,4078,Senior,2022-01-01,9999-12-31,True,1
2048,PAX0002048,FF00002048,Window,None,Wheelchair,True,5,26930,Student,2022-01-01,2023-03-31,False,1
5048,PAX0002048,FF00002048,Window,None,Wheelchair,True,16,46839,Leisure,2023-04-01,9999-12-31,True,2
2049,PAX0002049,FF00002049,Window,Standard,Wheelchair,False,21,1339,Leisure,2022-01-01,9999-12-31,True,1
2050,PAX0002050,FF00002050,No Preference,Vegan,None,False,3,66149,Business Traveler,2022-01-01,9999-12-31,True,1
2051,PAX0002051,FF00002051,Aisle,Vegan,Wheelchair,False,0,6746,Leisure,2022-01-01,9999-12-31,True,1
2052,PAX0002052,FF00002052,Window,Child,Wheelchair,False,38,28511,Student,2022-01-01,9999-12-31,True,1
2053,PAX0002053,FF00002053,Aisle,None,None,False,3,2080,Leisure,2022-01-01,2023-03-31,False,1
5053,PAX0002053,FF00002053,Aisle,None,None,False,14,13553,Student,2023-04-01,9999-12-31,True,2
2054,PAX0002054,FF00002054,Aisle,Child,None,True,0,8420,Family,2022-01-01,9999-12-31,True,1
2055,PAX0002055,FF00002055,Aisle,Vegan,None,True,25,16131,Family,2022-01-01,9999-12-31,True,1
2056,PAX0002056,FF00002056,Window,Halal,WCHC,True,15,75135,Family,2022-01-01,9999-12-31,True,1
2057,PAX0002057,FF00002057,Aisle,Vegan,None,False,6,6368,Family,2022-01-01,2023-03-31,False,1
5057,PAX0002057,FF00002057,Aisle,Vegan,None,False,23,14356,Leisure,2023-04-01,9999-12-31,True,2
2058,PAX0002058,FF00002058,Window,Child,None,False,8,71606,Family,2022-01-01,9999-12-31,True,1
2059,PAX0002059,FF00002059,Window,Vegan,None,True,19,2042,Senior,2022-01-01,9999-12-31,True,1
2060,PAX0002060,FF00002060,No Preference,None,None,True,14,25451,Family,2022-01-01,9999-12-31,True,1
2061,PAX0002061,FF00002061,Aisle,Halal,None,False,28,3919,Student,2022-01-01,2023-03-31,False,1
5061,PAX0002061,FF00002061,Aisle,Halal,None,False,38,14474,Student,2023-04-01,9999-12-31,True,2
2062,PAX0002062,FF00002062,Window,Vegan,WCHR,True,9,63473,Family,2022-01-01,9999-12-31,True,1
2063,PAX0002063,FF00002063,No Preference,None,None,False,6,19733,Student,2022-01-01,9999-12-31,True,1
2064,PAX0002064,FF00002064,Aisle,Halal,None,True,0,9777,Senior,2022-01-01,2023-03-31,False,1
5064,PAX0002064,FF00002064,Aisle,Halal,None,True,14,26660,Student,2023-04-01,9999-12-31,True,2
2065,PAX0002065,FF00002065,No Preference,None,None,False,4,87079,Leisure,2022-01-01,9999-12-31,True,1
2066,PAX0002066,FF00002066,Aisle,None,None,False,3,18533,Senior,2022-01-01,9999-12-31,True,1
2067,PAX0002067,FF00002067,Window,None,None,False,13,5308,Family,2022-01-01,9999-12-31,True,1
2068,PAX0002068,FF00002068,Aisle,None,None,True,7,40244,Student,2022-01-01,9999-12-31,True,1
2069,PAX0002069,FF00002069,Aisle,Standard,WCHC,True,24,29525,Business Traveler,2022-01-01,2023-03-31,False,1
5069,PAX0002069,FF00002069,Aisle,Standard,WCHC,True,37,42100,Student,2023-04-01,9999-12-31,True,2
2070,PAX0002070,FF00002070,Window,Halal,None,False,13,4049,Leisure,2022-01-01,9999-12-31,True,1
2071,PAX0002071,FF00002071,No Preference,Halal,None,False,34,4266,Leisure,2022-01-01,2023-03-31,False,1
5071,PAX0002071,FF00002071,No Preference,Halal,None,False,53,17465,Student,2023-04-01,9999-12-31,True,2
2072,PAX0002072,FF00002072,Aisle,Standard,None,False,17,9229,Senior,2022-01-01,9999-12-31,True,1
2073,PAX0002073,FF00002073,Aisle,None,None,True,32,38184,Family,2022-01-01,9999-12-31,True,1
2074,PAX0002074,FF00002074,Window,Child,None,False,16,7417,Student,2022-01-01,9999-12-31,True,1
2075,PAX0002075,FF00002075,No Preference,None,None,False,7,28855,Senior,2022-01-01,9999-12-31,True,1
2076,PAX0002076,FF00002076,Aisle,Halal,WCHR,True,17,3293,Senior,2022-01-01,9999-12-31,True,1
2077,PAX0002077,FF00002077,No Preference,Halal,None,True,39,66278,Leisure,2022-01-01,9999-12-31,True,1
2078,PAX0002078,FF00002078,No Preference,None,None,False,3,51907,Senior,2022-01-01,2023-03-31,False,1
5078,PAX0002078,FF00002078,No Preference,None,None,False,22,58574,Business Traveler,2023-04-01,9999-12-31,True,2
2079,PAX0002079,FF00002079,No Preference,Vegan,None,True,8,18586,Student,2022-01-01,9999-12-31,True,1
2080,PAX0002080,FF00002080,No Preference,Vegan,None,True,4,26094,Student,2022-01-01,2023-03-31,False,1
5080,PAX0002080,FF00002080,No Preference,Vegan,None,True,19,40464,Student,2023-04-01,9999-12-31,True,2
2081,PAX0002081,FF00002081,Window,Child,None,False,15,15876,Student,2022-01-01,9999-12-31,True,1
2082,PAX0002082,FF00002082,Window,Standard,None,True,11,36050,Family,2022-01-01,9999-12-31,True,1
2083,PAX0002083,FF00002083,Window,Vegan,None,True,14,1600,Business Traveler,2022-01-01,9999-12-31,True,1
2084,PAX0002084,FF00002084,Window,Vegan,None,False,23,18388,Family,2022-01-01,2023-03-31,False,1
5084,PAX0002084,FF00002084,Window,Vegan,None,False,41,34868,Family,2023-04-01,9999-12-31,True,2
2085,PAX0002085,FF00002085,No Preference,Halal,None,True,3,8302,Senior,2022-01-01,9999-12-31,True,1
2086,PAX0002086,FF00002086,No Preference,Halal,None,True,7,65366,Family,2022-01-01,9999-12-31,True,1
2087,PAX0002087,FF00002087,Aisle,Vegan,None,True,5,41555,Student,2022-01-01,9999-12-31,True,1
2088,PAX0002088,FF00002088,Aisle,Vegetarian,None,False,1,19391,Family,2022-01-01,9999-12-31,True,1
2089,PAX0002089,FF00002089,Window,Vegan,None,True,57,44147,Student,2022-01-01,9999-12-31,True,1
2090,PAX0002090,FF00002090,Window,Halal,Wheelchair,True,2,20881,Family,2022-01-01,2023-03-31,False,1
5090,PAX0002090,FF00002090,Window,Halal,Wheelchair,True,13,26653,Student,2023-04-01,9999-12-31,True,2
2091,PAX0002091,FF00002091,Aisle,Vegetarian,None,False,3,15806,Family,2022-01-01,9999-12-31,True,1
2092,PAX0002092,FF00002092,No Preference,Vegetarian,None,False,18,44250,Senior,2022-01-01,9999-12-31,True,1
2093,PAX0002093,FF00002093,No Preference,Halal,None,True,3,76617,Leisure,2022-01-01,9999-12-31,True,1
2094,PAX0002094,FF00002094,No Preference,Standard,None,False,10,14337,Leisure,2022-01-01,9999-12-31,True,1
2095,PAX0002095,FF00002095,Aisle,Halal,None,True,8,27871,Senior,2022-01-01,9999-12-31,True,1
2096,PAX0002096,FF00002096,Aisle,Vegetarian,WCHR,False,9,19989,Leisure,2022-01-01,9999-12-31,True,1
2097,PAX0002097,FF00002097,No Preference,Halal,None,True,8,5822,Leisure,2022-01-01,9999-12-31,True,1
2098,PAX0002098,FF00002098,No Preference,Vegan,None,True,20,23410,Business Traveler,2022-01-01,9999-12-31,True,1
2099,PAX0002099,FF00002099,Window,Vegetarian,None,True,1,43593,Student,2022-01-01,9999-12-31,True,1
2100,PAX0002100,FF00002100,Window,Standard,None,True,32,88298,Student,2022-01-01,9999-12-31,True,1
2101,PAX0002101,FF00002101,Aisle,Halal,None,False,5,4368,Student,2022-01-01,9999-12-31,True,1
2102,PAX0002102,FF00002102,Window,Vegetarian,None,False,8,3584,Student,2022-01-01,9999-12-31,True,1
2103,PAX0002103,FF00002103,No Preference,Standard,None,False,32,6084,Business Traveler,2022-01-01,9999-12-31,True,1
2104,PAX0002104,FF00002104,Window,Child,WCHC,False,3,15658,Leisure,2022-01-01,2023-03-31,False,1
5104,PAX0002104,FF00002104,Window,Child,WCHC,False,11,31963,Family,2023-04-01,9999-12-31,True,2
2105,PAX0002105,FF00002105,Aisle,None,None,False,5,47493,Business Traveler,2022-01-01,9999-12-31,True,1
2106,PAX0002106,FF00002106,Aisle,Standard,None,True,7,5617,Leisure,2022-01-01,2023-03-31,False,1
5106,PAX0002106,FF00002106,Aisle,Standard,None,True,20,21461,Business Traveler,2023-04-01,9999-12-31,True,2
2107,PAX0002107,FF00002107,Window,Vegetarian,None,True,3,21346,Business Traveler,2022-01-01,2023-03-31,False,1
5107,PAX0002107,FF00002107,Window,Vegetarian,None,True,13,35221,Senior,2023-04-01,9999-12-31,True,2
2108,PAX0002108,FF00002108,Aisle,Standard,None,False,1,28375,Senior,2022-01-01,9999-12-31,True,1
2109,PAX0002109,FF00002109,Aisle,Standard,None,True,10,37626,Senior,2022-01-01,9999-12-31,True,1
2110,PAX0002110,FF00002110,Window,Child,None,False,33,72999,Senior,2022-01-01,2023-03-31,False,1
5110,PAX0002110,FF00002110,Window,Child,None,False,49,78041,Family,2023-04-01,9999-12-31,True,2
2111,PAX0002111,FF00002111,No Preference,Vegan,None,True,35,8419,Senior,2022-01-01,2023-03-31,False,1
5111,PAX0002111,FF00002111,No Preference,Vegan,None,True,55,15832,Business Traveler,2023-04-01,9999-12-31,True,2
2112,PAX0002112,FF00002112,No Preference,Child,Wheelchair,False,1,10797,Family,2022-01-01,2023-03-31,False,1
5112,PAX0002112,FF00002112,No Preference,Child,Wheelchair,False,9,24005,Student,2023-04-01,9999-12-31,True,2
2113,PAX0002113,FF00002113,No Preference,Vegetarian,None,True,27,107323,Senior,2022-01-01,9999-12-31,True,1
2114,PAX0002114,FF00002114,Aisle,Halal,None,False,23,3496,Student,2022-01-01,2023-03-31,False,1
5114,PAX0002114,FF00002114,Aisle,Halal,None,False,30,15070,Family,2023-04-01,9999-12-31,True,2
2115,PAX0002115,FF00002115,No Preference,None,None,True,35,16516,Senior,2022-01-01,9999-12-31,True,1
2116,PAX0002116,FF00002116,No Preference,Standard,WCHC,False,0,17523,Business Traveler,2022-01-01,9999-12-31,True,1
2117,PAX0002117,FF00002117,No Preference,Standard,None,False,0,23549,Business Traveler,2022-01-01,2023-03-31,False,1
5117,PAX0002117,FF00002117,No Preference,Standard,None,False,16,37701,Business Traveler,2023-04-01,9999-12-31,True,2
2118,PAX0002118,FF00002118,Window,Vegan,WCHC,True,4,19241,Family,2022-01-01,9999-12-31,True,1
2119,PAX0002119,FF00002119,Aisle,Halal,None,False,11,60931,Leisure,2022-01-01,2023-03-31,False,1
5119,PAX0002119,FF00002119,Aisle,Halal,None,False,28,77868,Leisure,2023-04-01,9999-12-31,True,2
2120,PAX0002120,FF00002120,Aisle,Vegetarian,None,True,13,17077,Leisure,2022-01-01,2023-03-31,False,1
5120,PAX0002120,FF00002120,Aisle,Vegetarian,None,True,18,31094,Senior,2023-04-01,9999-12-31,True,2
2121,PAX0002121,FF00002121,Aisle,Halal,None,True,20,70800,Leisure,2022-01-01,9999-12-31,True,1
2122,PAX0002122,FF00002122,Window,Vegetarian,None,False,1,22774,Family,2022-01-01,9999-12-31,True,1
2123,PAX0002123,FF00002123,Aisle,Vegetarian,None,True,4,1446,Business Traveler,2022-01-01,9999-12-31,True,1
2124,PAX0002124,FF00002124,Aisle,Standard,None,False,13,59583,Student,2022-01-01,9999-12-31,True,1
2125,PAX0002125,FF00002125,No Preference,None,None,True,2,50205,Leisure,2022-01-01,9999-12-31,True,1
2126,PAX0002126,FF00002126,Window,Vegetarian,WCHR,True,23,73721,Leisure,2022-01-01,2023-03-31,False,1
5126,PAX0002126,FF00002126,Window,Vegetarian,WCHR,True,39,87129,Student,2023-04-01,9999-12-31,True,2
2127,PAX0002127,FF00002127,No Preference,None,None,True,3,70287,Leisure,2022-01-01,9999-12-31,True,1
2128,PAX0002128,FF00002128,No Preference,Vegan,None,False,4,24111,Business Traveler,2022-01-01,9999-12-31,True,1
2129,PAX0002129,FF00002129,Window,Standard,None,False,0,1346,Business Traveler,2022-01-01,9999-12-31,True,1
2130,PAX0002130,FF00002130,Window,Halal,WCHR,False,15,17635,Business Traveler,2022-01-01,9999-12-31,True,1
2131,PAX0002131,FF00002131,Aisle,Child,Wheelchair,False,3,6336,Leisure,2022-01-01,9999-12-31,True,1
2132,PAX0002132,FF00002132,Aisle,Standard,None,False,13,12,Senior,2022-01-01,9999-12-31,True,1
2133,PAX0002133,FF00002133,Aisle,Standard,None,False,19,2476,Leisure,2022-01-01,9999-12-31,True,1
2134,PAX0002134,FF00002134,No Preference,None,WCHR,False,2,14644,Leisure,2022-01-01,9999-12-31,True,1
2135,PAX0002135,FF00002135,Aisle,Vegetarian,None,True,7,13154,Leisure,2022-01-01,9999-12-31,True,1
2136,PAX0002136,FF00002136,No Preference,None,None,False,4,99657,Senior,2022-01-01,9999-12-31,True,1
2137,PAX0002137,FF00002137,Aisle,Standard,None,False,12,711,Family,2022-01-01,9999-12-31,True,1
2138,PAX0002138,FF00002138,Window,Child,None,False,6,62385,Leisure,2022-01-01,9999-12-31,True,1
2139,PAX0002139,FF00002139,Aisle,Vegan,None,False,4,2979,Student,2022-01-01,2023-03-31,False,1
5139,PAX0002139,FF00002139,Aisle,Vegan,None,False,23,17716,Business Traveler,2023-04-01,9999-12-31,True,2
2140,PAX0002140,FF00002140,No Preference,Halal,Wheelchair,False,17,27943,Senior,2022-01-01,9999-12-31,True,1
2141,PAX0002141,FF00002141,Window,Standard,None,False,10,1651,Senior,2022-01-01,9999-12-31,True,1
2142,PAX0002142,FF00002142,Aisle,None,None,False,1,29229,Student,2022-01-01,9999-12-31,True,1
2143,PAX0002143,FF00002143,Aisle,Vegetarian,None,True,2,21039,Student,2022-01-01,9999-12-31,True,1
2144,PAX0002144,FF00002144,No Preference,Standard,None,True,9,10001,Family,2022-01-01,9999-12-31,True,1
2145,PAX0002145,FF00002145,Aisle,Child,Wheelchair,False,35,55443,Business Traveler,2022-01-01,9999-12-31,True,1
2146,PAX0002146,FF00002146,No Preference,None,None,False,15,2436,Business Traveler,2022-01-01,9999-12-31,True,1
2147,PAX0002147,FF00002147,Aisle,Child,None,False,1,20364,Senior,2022-01-01,9999-12-31,True,1
2148,PAX0002148,FF00002148,Aisle,Vegan,None,True,2,114865,Family,2022-01-01,9999-12-31,True,1
2149,PAX0002149,FF00002149,Window,Vegan,None,False,2,20051,Family,2022-01-01,2023-03-31,False,1
5149,PAX0002149,FF00002149,Window,Vegan,None,False,9,36029,Senior,2023-04-01,9999-12-31,True,2
2150,PAX0002150,FF00002150,Window,Vegan,None,False,5,30598,Business Traveler,2022-01-01,2023-03-31,False,1
5150,PAX0002150,FF00002150,Window,Vegan,None,False,23,38422,Family,2023-04-01,9999-12-31,True,2
2151,PAX0002151,FF00002151,Window,Vegan,None,True,1,16880,Student,2022-01-01,9999-12-31,True,1
2152,PAX0002152,FF00002152,No Preference,Vegetarian,None,True,3,65611,Leisure,2022-01-01,9999-12-31,True,1
2153,PAX0002153,FF00002153,Aisle,Halal,None,False,0,73507,Business Traveler,2022-01-01,9999-12-31,True,1
2154,PAX0002154,FF00002154,Aisle,Child,WCHC,False,21,10596,Leisure,2022-01-01,9999-12-31,True,1
2155,PAX0002155,FF00002155,No Preference,Halal,None,True,18,951,Student,2022-01-01,9999-12-31,True,1
2156,PAX0002156,FF00002156,Aisle,Vegetarian,None,True,40,22434,Leisure,2022-01-01,9999-12-31,True,1
2157,PAX0002157,FF00002157,No Preference,Standard,None,False,4,13509,Student,2022-01-01,9999-12-31,True,1
2158,PAX0002158,FF00002158,No Preference,Halal,None,False,0,136264,Student,2022-01-01,9999-12-31,True,1
2159,PAX0002159,FF00002159,No Preference,None,None,True,0,31918,Student,2022-01-01,2023-03-31,False,1
5159,PAX0002159,FF00002159,No Preference,None,None,True,14,51737,Student,2023-04-01,9999-12-31,True,2
2160,PAX0002160,FF00002160,Window,Halal,None,False,7,89228,Senior,2022-01-01,9999-12-31,True,1
2161,PAX0002161,FF00002161,Window,Halal,None,True,3,22784,Senior,2022-01-01,9999-12-31,True,1
2162,PAX0002162,FF00002162,Aisle,Child,None,False,7,36407,Family,2022-01-01,9999-12-31,True,1
2163,PAX0002163,FF00002163,Window,Vegetarian,None,True,0,6462,Leisure,2022-01-01,2023-03-31,False,1
5163,PAX0002163,FF00002163,Window,Vegetarian,None,True,20,12022,Business Traveler,2023-04-01,9999-12-31,True,2
2164,PAX0002164,FF00002164,Window,Child,WCHC,False,2,40199,Family,2022-01-01,9999-12-31,True,1
2165,PAX0002165,FF00002165,Window,Child,None,True,2,25563,Family,2022-01-01,9999-12-31,True,1
2166,PAX0002166,FF00002166,Aisle,Vegetarian,WCHR,False,2,59333,Leisure,2022-01-01,9999-12-31,True,1
2167,PAX0002167,FF00002167,Aisle,Vegetarian,Wheelchair,False,34,21925,Senior,2022-01-01,2023-03-31,False,1
5167,PAX0002167,FF00002167,Aisle,Vegetarian,Wheelchair,False,54,37845,Business Traveler,2023-04-01,9999-12-31,True,2
2168,PAX0002168,FF00002168,Aisle,Halal,None,True,5,7999,Leisure,2022-01-01,2023-03-31,False,1
5168,PAX0002168,FF00002168,Aisle,Halal,None,True,10,20715,Leisure,2023-04-01,9999-12-31,True,2
2169,PAX0002169,FF00002169,Aisle,Standard,None,True,0,9379,Family,2022-01-01,9999-12-31,True,1
2170,PAX0002170,FF00002170,Window,Vegetarian,WCHR,True,12,22882,Leisure,2022-01-01,9999-12-31,True,1
2171,PAX0002171,FF00002171,Window,Standard,None,False,34,15139,Student,2022-01-01,9999-12-31,True,1
2172,PAX0002172,FF00002172,Window,Vegan,None,False,14,20160,Family,2022-01-01,2023-03-31,False,1
5172,PAX0002172,FF00002172,Window,Vegan,None,False,20,39388,Business Traveler,2023-04-01,9999-12-31,True,2
2173,PAX0002173,FF00002173,Aisle,Vegan,None,False,8,9349,Student,2022-01-01,9999-12-31,True,1
2174,PAX0002174,FF00002174,Window,Halal,None,False,7,19090,Student,2022-01-01,9999-12-31,True,1
2175,PAX0002175,FF00002175,Window,None,None,False,14,84724,Family,2022-01-01,9999-12-31,True,1
2176,PAX0002176,FF00002176,No Preference,Child,WCHR,True,4,1293,Leisure,2022-01-01,2023-03-31,False,1
5176,PAX0002176,FF00002176,No Preference,Child,WCHR,True,24,8615,Student,2023-04-01,9999-12-31,True,2
2177,PAX0002177,FF00002177,No Preference,Child,None,True,8,23588,Senior,2022-01-01,2023-03-31,False,1
5177,PAX0002177,FF00002177,No Preference,Child,None,True,21,34086,Business Traveler,2023-04-01,9999-12-31,True,2
2178,PAX0002178,FF00002178,No Preference,Vegetarian,None,False,2,42871,Senior,2022-01-01,2023-03-31,False,1
5178,PAX0002178,FF00002178,No Preference,Vegetarian,None,False,17,56065,Family,2023-04-01,9999-12-31,True,2
2179,PAX0002179,FF00002179,No Preference,None,None,True,50,87438,Student,2022-01-01,2023-03-31,False,1
5179,PAX0002179,FF00002179,No Preference,None,None,True,68,100570,Business Traveler,2023-04-01,9999-12-31,True,2
2180,PAX0002180,FF00002180,Aisle,None,None,True,2,62470,Student,2022-01-01,2023-03-31,False,1
5180,PAX0002180,FF00002180,Aisle,None,None,True,8,69422,Leisure,2023-04-01,9999-12-31,True,2
2181,PAX0002181,FF00002181,Window,Child,None,False,14,18145,Leisure,2022-01-01,9999-12-31,True,1
2182,PAX0002182,FF00002182,No Preference,Vegan,Wheelchair,False,9,56833,Family,2022-01-01,9999-12-31,True,1
2183,PAX0002183,FF00002183,Aisle,Child,None,True,7,14014,Family,2022-01-01,9999-12-31,True,1
2184,PAX0002184,FF00002184,No Preference,Halal,WCHR,True,8,25962,Business Traveler,2022-01-01,9999-12-31,True,1
2185,PAX0002185,FF00002185,No Preference,None,None,False,2,69351,Family,2022-01-01,2023-03-31,False,1
5185,PAX0002185,FF00002185,No Preference,None,None,False,21,79827,Business Traveler,2023-04-01,9999-12-31,True,2
2186,PAX0002186,FF00002186,Aisle,Halal,None,True,13,30093,Student,2022-01-01,9999-12-31,True,1
2187,PAX0002187,FF00002187,Aisle,Vegetarian,None,True,1,27803,Senior,2022-01-01,2023-03-31,False,1
5187,PAX0002187,FF00002187,Aisle,Vegetarian,None,True,8,41275,Family,2023-04-01,9999-12-31,True,2
2188,PAX0002188,FF00002188,Window,None,None,False,1,2459,Family,2022-01-01,9999-12-31,True,1
2189,PAX0002189,FF00002189,Aisle,None,None,False,8,15464,Senior,2022-01-01,9999-12-31,True,1
2190,PAX0002190,FF00002190,Aisle,Halal,None,False,10,2803,Leisure,2022-01-01,9999-12-31,True,1
2191,PAX0002191,FF00002191,Aisle,Child,Wheelchair,False,6,5763,Leisure,2022-01-01,9999-12-31,True,1
2192,PAX0002192,FF00002192,Aisle,Vegan,None,False,52,24707,Student,2022-01-01,9999-12-31,True,1
2193,PAX0002193,FF00002193,No Preference,None,None,True,13,11809,Family,2022-01-01,9999-12-31,True,1
2194,PAX0002194,FF00002194,Window,Halal,WCHR,True,1,111730,Student,2022-01-01,2023-03-31,False,1
5194,PAX0002194,FF00002194,Window,Halal,WCHR,True,19,117558,Senior,2023-04-01,9999-12-31,True,2
2195,PAX0002195,FF00002195,No Preference,Standard,None,True,4,16539,Family,2022-01-01,2023-03-31,False,1
5195,PAX0002195,FF00002195,No Preference,Standard,None,True,24,25275,Student,2023-04-01,9999-12-31,True,2
2196,PAX0002196,FF00002196,Window,Halal,Wheelchair,False,12,750,Senior,2022-01-01,9999-12-31,True,1
2197,PAX0002197,FF00002197,Window,Vegetarian,None,True,19,23073,Business Traveler,2022-01-01,9999-12-31,True,1
2198,PAX0002198,FF00002198,Window,Standard,None,True,3,1907,Student,2022-01-01,9999-12-31,True,1
2199,PAX0002199,FF00002199,Window,Standard,None,True,2,67623,Senior,2022-01-01,9999-12-31,True,1
2200,PAX0002200,FF00002200,Window,Vegan,None,True,13,8626,Senior,2022-01-01,9999-12-31,True,1
2201,PAX0002201,FF00002201,Aisle,Halal,None,True,0,35195,Business Traveler,2022-01-01,9999-12-31,True,1
2202,PAX0002202,FF00002202,Window,Child,None,True,10,15551,Student,2022-01-01,9999-12-31,True,1
2203,PAX0002203,FF00002203,Aisle,Vegan,Wheelchair,True,5,7331,Leisure,2022-01-01,9999-12-31,True,1
2204,PAX0002204,FF00002204,No Preference,Halal,None,False,13,105872,Senior,2022-01-01,9999-12-31,True,1
2205,PAX0002205,FF00002205,Window,Halal,None,True,2,27273,Leisure,2022-01-01,2023-03-31,False,1
5205,PAX0002205,FF00002205,Window,Halal,None,True,16,39891,Leisure,2023-04-01,9999-12-31,True,2
2206,PAX0002206,FF00002206,Window,Vegan,None,True,6,17755,Leisure,2022-01-01,2023-03-31,False,1
5206,PAX0002206,FF00002206,Window,Vegan,None,True,11,32170,Family,2023-04-01,9999-12-31,True,2
2207,PAX0002207,FF00002207,No Preference,Standard,None,False,3,52312,Senior,2022-01-01,2023-03-31,False,1
5207,PAX0002207,FF00002207,No Preference,Standard,None,False,17,59698,Student,2023-04-01,9999-12-31,True,2
2208,PAX0002208,FF00002208,Aisle,Vegetarian,Wheelchair,False,7,23518,Student,2022-01-01,9999-12-31,True,1
2209,PAX0002209,FF00002209,No Preference,Halal,None,True,4,6019,Business Traveler,2022-01-01,9999-12-31,True,1
2210,PAX0002210,FF00002210,Window,None,None,True,1,37565,Senior,2022-01-01,9999-12-31,True,1
2211,PAX0002211,FF00002211,Aisle,Child,None,True,2,35142,Student,2022-01-01,9999-12-31,True,1
2212,PAX0002212,FF00002212,Aisle,Child,None,False,5,16124,Leisure,2022-01-01,9999-12-31,True,1
2213,PAX0002213,FF00002213,Window,None,None,False,7,13752,Family,2022-01-01,9999-12-31,True,1
2214,PAX0002214,FF00002214,Window,Vegetarian,Wheelchair,True,1,11115,Leisure,2022-01-01,9999-12-31,True,1
2215,PAX0002215,FF00002215,Window,Halal,None,True,13,32879,Business Traveler,2022-01-01,2023-03-31,False,1
5215,PAX0002215,FF00002215,Window,Halal,None,True,31,42961,Leisure,2023-04-01,9999-12-31,True,2
2216,PAX0002216,FF00002216,Window,Vegetarian,None,False,4,18491,Student,2022-01-01,2023-03-31,False,1
5216,PAX0002216,FF00002216,Window,Vegetarian,None,False,20,26618,Family,2023-04-01,9999-12-31,True,2
2217,PAX0002217,FF00002217,Aisle,Vegetarian,None,True,2,7085,Student,2022-01-01,2023-03-31,False,1
5217,PAX0002217,FF00002217,Aisle,Vegetarian,None,True,19,12874,Business Traveler,2023-04-01,9999-12-31,True,2
2218,PAX0002218,FF00002218,Window,Halal,None,True,0,68117,Senior,2022-01-01,9999-12-31,True,1
2219,PAX0002219,FF00002219,Aisle,Halal,None,False,2,7745,Business Traveler,2022-01-01,9999-12-31,True,1
2220,PAX0002220,FF00002220,Aisle,None,WCHC,True,3,4088,Student,2022-01-01,2023-03-31,False,1
5220,PAX0002220,FF00002220,Aisle,None,WCHC,True,18,15531,Student,2023-04-01,9999-12-31,True,2
2221,PAX0002221,FF00002221,Window,Child,None,False,12,2343,Student,2022-01-01,9999-12-31,True,1
2222,PAX0002222,FF00002222,Window,Child,Wheelchair,True,1,31048,Senior,2022-01-01,9999-12-31,True,1
2223,PAX0002223,FF00002223,Window,Vegetarian,Wheelchair,False,4,36924,Business Traveler,2022-01-01,9999-12-31,True,1
2224,PAX0002224,FF00002224,No Preference,None,None,False,9,8872,Business Traveler,2022-01-01,9999-12-31,True,1
2225,PAX0002225,FF00002225,Window,Halal,None,False,12,3708,Student,2022-01-01,9999-12-31,True,1
2226,PAX0002226,FF00002226,Aisle,Vegan,None,True,9,17242,Family,2022-01-01,9999-12-31,True,1
2227,PAX0002227,FF00002227,Aisle,Vegan,None,False,3,27790,Business Traveler,2022-01-01,9999-12-31,True,1
2228,PAX0002228,FF00002228,Window,None,None,False,24,204501,Senior,2022-01-01,9999-12-31,True,1
2229,PAX0002229,FF00002229,Window,Vegan,None,True,11,15560,Student,2022-01-01,2023-03-31,False,1
5229,PAX0002229,FF00002229,Window,Vegan,None,True,17,25711,Leisure,2023-04-01,9999-12-31,True,2
2230,PAX0002230,FF00002230,No Preference,Vegan,None,False,3,8915,Senior,2022-01-01,9999-12-31,True,1
2231,PAX0002231,FF00002231,Window,Halal,None,True,7,13731,Senior,2022-01-01,2023-03-31,False,1
5231,PAX0002231,FF00002231,Window,Halal,None,True,13,30939,Family,2023-04-01,9999-12-31,True,2
2232,PAX0002232,FF00002232,Window,Standard,None,False,29,13780,Senior,2022-01-01,9999-12-31,True,1
2233,PAX0002233,FF00002233,No Preference,Vegetarian,None,False,5,14512,Family,2022-01-01,9999-12-31,True,1
2234,PAX0002234,FF00002234,No Preference,Child,None,False,21,31562,Senior,2022-01-01,9999-12-31,True,1
2235,PAX0002235,FF00002235,Window,Child,None,False,11,12200,Family,2022-01-01,9999-12-31,True,1
2236,PAX0002236,FF00002236,Aisle,Standard,None,False,20,1173,Senior,2022-01-01,9999-12-31,True,1
2237,PAX0002237,FF00002237,Aisle,None,None,False,24,21569,Student,2022-01-01,9999-12-31,True,1
2238,PAX0002238,FF00002238,No Preference,Vegetarian,None,True,6,20624,Family,2022-01-01,2023-03-31,False,1
5238,PAX0002238,FF00002238,No Preference,Vegetarian,None,True,15,37330,Senior,2023-04-01,9999-12-31,True,2
2239,PAX0002239,FF00002239,Window,None,None,True,13,385,Student,2022-01-01,9999-12-31,True,1
2240,PAX0002240,FF00002240,Aisle,Vegetarian,None,False,24,17757,Business Traveler,2022-01-01,9999-12-31,True,1
2241,PAX0002241,FF00002241,No Preference,None,None,True,5,4463,Business Traveler,2022-01-01,9999-12-31,True,1
2242,PAX0002242,FF00002242,No Preference,Child,None,False,6,20574,Business Traveler,2022-01-01,9999-12-31,True,1
2243,PAX0002243,FF00002243,Aisle,Child,None,False,6,34057,Senior,2022-01-01,9999-12-31,True,1
2244,PAX0002244,FF00002244,Aisle,Halal,None,False,6,97648,Senior,2022-01-01,9999-12-31,True,1
2245,PAX0002245,FF00002245,Aisle,Halal,None,False,10,49426,Senior,2022-01-01,9999-12-31,True,1
2246,PAX0002246,FF00002246,Aisle,Halal,None,False,1,15189,Family,2022-01-01,9999-12-31,True,1
2247,PAX0002247,FF00002247,Window,Halal,None,True,4,25283,Family,2022-01-01,2023-03-31,False,1
5247,PAX0002247,FF00002247,Window,Halal,None,True,15,39926,Senior,2023-04-01,9999-12-31,True,2
2248,PAX0002248,FF00002248,Window,None,None,False,23,2447,Family,2022-01-01,9999-12-31,True,1
2249,PAX0002249,FF00002249,Aisle,Vegetarian,None,False,0,56977,Senior,2022-01-01,9999-12-31,True,1
2250,PAX0002250,FF00002250,No Preference,Vegetarian,None,False,2,33146,Family,2022-01-01,9999-12-31,True,1
2251,PAX0002251,FF00002251,Window,Vegan,None,False,9,53673,Family,2022-01-01,9999-12-31,True,1
2252,PAX0002252,FF00002252,Window,Vegetarian,None,True,1,4170,Leisure,2022-01-01,9999-12-31,True,1
2253,PAX0002253,FF00002253,Aisle,Halal,None,True,9,87774,Student,2022-01-01,9999-12-31,True,1
2254,PAX0002254,FF00002254,No Preference,None,None,True,6,11877,Family,2022-01-01,9999-12-31,True,1
2255,PAX0002255,FF00002255,Aisle,Vegetarian,None,False,11,79970,Leisure,2022-01-01,9999-12-31,True,1
2256,PAX0002256,FF00002256,Window,Standard,None,False,21,162001,Leisure,2022-01-01,9999-12-31,True,1
2257,PAX0002257,FF00002257,Window,Standard,None,True,0,3592,Student,2022-01-01,9999-12-31,True,1
2258,PAX0002258,FF00002258,Aisle,Child,WCHR,True,11,51540,Senior,2022-01-01,9999-12-31,True,1
2259,PAX0002259,FF00002259,Window,Vegan,WCHC,False,4,8201,Student,2022-01-01,9999-12-31,True,1
2260,PAX0002260,FF00002260,Aisle,Vegetarian,None,False,18,1741,Leisure,2022-01-01,9999-12-31,True,1
2261,PAX0002261,FF00002261,Aisle,Vegetarian,None,True,5,21145,Senior,2022-01-01,9999-12-31,True,1
2262,PAX0002262,FF00002262,Window,Standard,None,True,9,39126,Business Traveler,2022-01-01,2023-03-31,False,1
5262,PAX0002262,FF00002262,Window,Standard,None,True,15,50225,Student,2023-04-01,9999-12-31,True,2
2263,PAX0002263,FF00002263,Aisle,Vegan,Wheelchair,True,5,28455,Leisure,2022-01-01,9999-12-31,True,1
2264,PAX0002264,FF00002264,No Preference,Child,None,False,10,23796,Business Traveler,2022-01-01,9999-12-31,True,1
2265,PAX0002265,FF00002265,Window,Child,Wheelchair,True,12,9010,Student,2022-01-01,2023-03-31,False,1
5265,PAX0002265,FF00002265,Window,Child,Wheelchair,True,30,14721,Senior,2023-04-01,9999-12-31,True,2
2266,PAX0002266,FF00002266,Window,Vegetarian,None,True,1,3810,Senior,2022-01-01,9999-12-31,True,1
2267,PAX0002267,FF00002267,Aisle,Vegan,None,True,3,20806,Family,2022-01-01,9999-12-31,True,1
2268,PAX0002268,FF00002268,Aisle,Standard,None,False,22,36248,Senior,2022-01-01,9999-12-31,True,1
2269,PAX0002269,FF00002269,Aisle,Halal,None,True,18,12968,Leisure,2022-01-01,2023-03-31,False,1
5269,PAX0002269,FF00002269,Aisle,Halal,None,True,27,22081,Student,2023-04-01,9999-12-31,True,2
2270,PAX0002270,FF00002270,Aisle,Vegetarian,None,True,6,15010,Senior,2022-01-01,9999-12-31,True,1
2271,PAX0002271,FF00002271,Aisle,Standard,None,True,2,1895,Business Traveler,2022-01-01,9999-12-31,True,1
2272,PAX0002272,FF00002272,Window,Vegan,None,True,10,135892,Student,2022-01-01,9999-12-31,True,1
2273,PAX0002273,FF00002273,Window,None,None,True,2,1434,Senior,2022-01-01,2023-03-31,False,1
5273,PAX0002273,FF00002273,Window,None,None,True,21,19254,Student,2023-04-01,9999-12-31,True,2
2274,PAX0002274,FF00002274,No Preference,Child,Wheelchair,True,18,8734,Business Traveler,2022-01-01,9999-12-31,True,1
2275,PAX0002275,FF00002275,No Preference,Vegetarian,None,False,21,36515,Family,2022-01-01,2023-03-31,False,1
5275,PAX0002275,FF00002275,No Preference,Vegetarian,None,False,41,48219,Student,2023-04-01,9999-12-31,True,2
2276,PAX0002276,FF00002276,No Preference,Vegetarian,None,True,34,15774,Leisure,2022-01-01,9999-12-31,True,1
2277,PAX0002277,FF00002277,Window,Standard,None,True,13,18756,Family,2022-01-01,9999-12-31,True,1
2278,PAX0002278,FF00002278,Aisle,Standard,None,True,11,17913,Leisure,2022-01-01,9999-12-31,True,1
2279,PAX0002279,FF00002279,No Preference,None,None,False,2,21272,Senior,2022-01-01,2023-03-31,False,1
5279,PAX0002279,FF00002279,No Preference,None,None,False,20,26294,Student,2023-04-01,9999-12-31,True,2
2280,PAX0002280,FF00002280,Aisle,Standard,Wheelchair,False,9,49917,Senior,2022-01-01,2023-03-31,False,1
5280,PAX0002280,FF00002280,Aisle,Standard,Wheelchair,False,28,63544,Family,2023-04-01,9999-12-31,True,2
2281,PAX0002281,FF00002281,Window,Vegetarian,None,False,15,32700,Senior,2022-01-01,9999-12-31,True,1
2282,PAX0002282,FF00002282,Window,Vegan,None,False,1,38255,Family,2022-01-01,9999-12-31,True,1
2283,PAX0002283,FF00002283,No Preference,Halal,None,True,8,67357,Senior,2022-01-01,9999-12-31,True,1
2284,PAX0002284,FF00002284,No Preference,Child,WCHR,False,30,1702,Business Traveler,2022-01-01,9999-12-31,True,1
2285,PAX0002285,FF00002285,No Preference,Standard,None,False,20,1152,Family,2022-01-01,9999-12-31,True,1
2286,PAX0002286,FF00002286,No Preference,Vegan,WCHC,True,5,23446,Business Traveler,2022-01-01,9999-12-31,True,1
2287,PAX0002287,FF00002287,Window,Vegan,None,False,1,41149,Student,2022-01-01,9999-12-31,True,1
2288,PAX0002288,FF00002288,No Preference,Child,None,False,0,5539,Senior,2022-01-01,9999-12-31,True,1
2289,PAX0002289,FF00002289,Window,Standard,None,False,10,37593,Student,2022-01-01,9999-12-31,True,1
2290,PAX0002290,FF00002290,Window,Halal,None,True,29,36673,Senior,2022-01-01,9999-12-31,True,1
2291,PAX0002291,FF00002291,Aisle,Vegan,None,False,13,15043,Senior,2022-01-01,9999-12-31,True,1
2292,PAX0002292,FF00002292,Aisle,None,None,False,0,3840,Family,2022-01-01,9999-12-31,True,1
2293,PAX0002293,FF00002293,Window,None,None,True,9,33729,Business Traveler,2022-01-01,9999-12-31,True,1
2294,PAX0002294,FF00002294,Aisle,Vegan,None,True,6,39355,Senior,2022-01-01,9999-12-31,True,1
2295,PAX0002295,FF00002295,Window,None,None,False,8,2312,Family,2022-01-01,2023-03-31,False,1
5295,PAX0002295,FF00002295,Window,None,None,False,14,14588,Leisure,2023-04-01,9999-12-31,True,2
2296,PAX0002296,FF00002296,Window,Standard,None,False,2,54977,Business Traveler,2022-01-01,9999-12-31,True,1
2297,PAX0002297,FF00002297,Window,Vegetarian,WCHR,False,15,67545,Student,2022-01-01,9999-12-31,True,1
2298,PAX0002298,FF00002298,Aisle,Halal,Wheelchair,False,1,138830,Senior,2022-01-01,9999-12-31,True,1
2299,PAX0002299,FF00002299,No Preference,None,None,False,2,355,Student,2022-01-01,9999-12-31,True,1
2300,PAX0002300,FF00002300,No Preference,Standard,None,True,71,9899,Leisure,2022-01-01,9999-12-31,True,1
2301,PAX0002301,FF00002301,Window,Standard,None,True,13,5832,Senior,2022-01-01,9999-12-31,True,1
2302,PAX0002302,FF00002302,Window,None,None,True,10,70313,Family,2022-01-01,9999-12-31,True,1
2303,PAX0002303,FF00002303,Window,Standard,WCHC,True,4,33282,Family,2022-01-01,9999-12-31,True,1
2304,PAX0002304,FF00002304,No Preference,Vegetarian,None,False,2,29408,Leisure,2022-01-01,9999-12-31,True,1
2305,PAX0002305,FF00002305,No Preference,Child,Wheelchair,False,4,7117,Student,2022-01-01,9999-12-31,True,1
2306,PAX0002306,FF00002306,No Preference,Vegetarian,Wheelchair,False,4,5911,Family,2022-01-01,9999-12-31,True,1
2307,PAX0002307,FF00002307,No Preference,Standard,WCHC,True,27,15184,Student,2022-01-01,9999-12-31,True,1
2308,PAX0002308,FF00002308,Aisle,Child,None,True,3,17848,Senior,2022-01-01,2023-03-31,False,1
5308,PAX0002308,FF00002308,Aisle,Child,None,True,11,30674,Student,2023-04-01,9999-12-31,True,2
2309,PAX0002309,FF00002309,Aisle,Vegan,None,True,4,40926,Business Traveler,2022-01-01,9999-12-31,True,1
2310,PAX0002310,FF00002310,Aisle,None,Wheelchair,True,42,17289,Student,2022-01-01,9999-12-31,True,1
2311,PAX0002311,FF00002311,Aisle,Vegetarian,Wheelchair,False,23,25031,Business Traveler,2022-01-01,2023-03-31,False,1
5311,PAX0002311,FF00002311,Aisle,Vegetarian,Wheelchair,False,38,35939,Student,2023-04-01,9999-12-31,True,2
2312,PAX0002312,FF00002312,Window,Child,None,False,2,35195,Leisure,2022-01-01,9999-12-31,True,1
2313,PAX0002313,FF00002313,Window,None,None,False,8,31546,Senior,2022-01-01,9999-12-31,True,1
2314,PAX0002314,FF00002314,Window,Halal,None,True,26,17417,Student,2022-01-01,2023-03-31,False,1
5314,PAX0002314,FF00002314,Window,Halal,None,True,43,23295,Leisure,2023-04-01,9999-12-31,True,2
2315,PAX0002315,FF00002315,No Preference,Standard,None,True,27,41669,Business Traveler,2022-01-01,2023-03-31,False,1
5315,PAX0002315,FF00002315,No Preference,Standard,None,True,45,47878,Student,2023-04-01,9999-12-31,True,2
2316,PAX0002316,FF00002316,No Preference,Vegan,None,False,8,27731,Student,2022-01-01,9999-12-31,True,1
2317,PAX0002317,FF00002317,No Preference,Child,None,True,4,123309,Leisure,2022-01-01,2023-03-31,False,1
5317,PAX0002317,FF00002317,No Preference,Child,None,True,13,139042,Family,2023-04-01,9999-12-31,True,2
2318,PAX0002318,FF00002318,No Preference,Halal,None,False,13,1345,Family,2022-01-01,9999-12-31,True,1
2319,PAX0002319,FF00002319,No Preference,None,Wheelchair,False,4,29290,Senior,2022-01-01,2023-03-31,False,1
5319,PAX0002319,FF00002319,No Preference,None,Wheelchair,False,11,35295,Leisure,2023-04-01,9999-12-31,True,2
2320,PAX0002320,FF00002320,Aisle,Child,None,False,0,725,Leisure,2022-01-01,9999-12-31,True,1
2321,PAX0002321,FF00002321,Aisle,Halal,None,True,7,12135,Family,2022-01-01,2023-03-31,False,1
5321,PAX0002321,FF00002321,Aisle,Halal,None,True,16,31533,Business Traveler,2023-04-01,9999-12-31,True,2
2322,PAX0002322,FF00002322,Aisle,Vegetarian,None,False,6,9142,Student,2022-01-01,2023-03-31,False,1
5322,PAX0002322,FF00002322,Aisle,Vegetarian,None,False,13,24596,Senior,2023-04-01,9999-12-31,True,2
2323,PAX0002323,FF00002323,No Preference,Vegetarian,Wheelchair,True,2,35052,Leisure,2022-01-01,9999-12-31,True,1
2324,PAX0002324,FF00002324,No Preference,None,None,True,8,6700,Senior,2022-01-01,9999-12-31,True,1
2325,PAX0002325,FF00002325,No Preference,Child,None,False,4,26880,Senior,2022-01-01,9999-12-31,True,1
2326,PAX0002326,FF00002326,Window,Vegetarian,None,True,0,4785,Family,2022-01-01,9999-12-31,True,1
2327,PAX0002327,FF00002327,Aisle,Vegetarian,None,True,0,50190,Senior,2022-01-01,9999-12-31,True,1
2328,PAX0002328,FF00002328,Window,Vegan,Wheelchair,True,16,41989,Senior,2022-01-01,9999-12-31,True,1
2329,PAX0002329,FF00002329,No Preference,Child,None,True,15,33204,Leisure,2022-01-01,9999-12-31,True,1
2330,PAX0002330,FF00002330,Aisle,Halal,None,False,7,30839,Leisure,2022-01-01,9999-12-31,True,1
2331,PAX0002331,FF00002331,Aisle,None,None,False,0,29143,Family,2022-01-01,2023-03-31,False,1
5331,PAX0002331,FF00002331,Aisle,None,None,False,7,39207,Business Traveler,2023-04-01,9999-12-31,True,2
2332,PAX0002332,FF00002332,Window,Vegetarian,None,False,18,20815,Business Traveler,2022-01-01,9999-12-31,True,1
2333,PAX0002333,FF00002333,Aisle,Child,None,True,5,9748,Student,2022-01-01,9999-12-31,True,1
2334,PAX0002334,FF00002334,No Preference,None,None,True,12,35407,Senior,2022-01-01,9999-12-31,True,1
2335,PAX0002335,FF00002335,Aisle,Child,None,True,24,12571,Leisure,2022-01-01,9999-12-31,True,1
2336,PAX0002336,FF00002336,No Preference,Vegetarian,None,False,17,24722,Senior,2022-01-01,9999-12-31,True,1
2337,PAX0002337,FF00002337,Window,Vegan,None,False,25,22511,Senior,2022-01-01,9999-12-31,True,1
2338,PAX0002338,FF00002338,Window,Halal,None,True,8,25873,Family,2022-01-01,9999-12-31,True,1
2339,PAX0002339,FF00002339,Aisle,Halal,None,False,16,100308,Senior,2022-01-01,9999-12-31,True,1
2340,PAX0002340,FF00002340,No Preference,Vegetarian,None,False,0,1647,Senior,2022-01-01,9999-12-31,True,1
2341,PAX0002341,FF00002341,Aisle,Standard,None,True,33,22642,Student,2022-01-01,9999-12-31,True,1
2342,PAX0002342,FF00002342,Window,Standard,None,True,11,19757,Senior,2022-01-01,9999-12-31,True,1
2343,PAX0002343,FF00002343,Window,None,None,True,1,43842,Student,2022-01-01,9999-12-31,True,1
2344,PAX0002344,FF00002344,Aisle,Standard,None,False,16,11206,Family,2022-01-01,9999-12-31,True,1
2345,PAX0002345,FF00002345,Window,Vegetarian,None,True,4,54575,Family,2022-01-01,2023-03-31,False,1
5345,PAX0002345,FF00002345,Window,Vegetarian,None,True,16,60100,Senior,2023-04-01,9999-12-31,True,2
2346,PAX0002346,FF00002346,No Preference,None,None,True,0,63885,Student,2022-01-01,9999-12-31,True,1
2347,PAX0002347,FF00002347,No Preference,Vegan,None,True,3,26967,Business Traveler,2022-01-01,2023-03-31,False,1
5347,PAX0002347,FF00002347,No Preference,Vegan,None,True,14,33330,Senior,2023-04-01,9999-12-31,True,2
2348,PAX0002348,FF00002348,Aisle,Vegetarian,None,False,32,34007,Student,2022-01-01,9999-12-31,True,1
2349,PAX0002349,FF00002349,Window,Vegan,None,True,6,35090,Family,2022-01-01,9999-12-31,True,1
2350,PAX0002350,FF00002350,Aisle,Vegetarian,None,False,5,9741,Business Traveler,2022-01-01,9999-12-31,True,1
2351,PAX0002351,FF00002351,Aisle,Child,None,True,68,41683,Senior,2022-01-01,9999-12-31,True,1
2352,PAX0002352,FF00002352,No Preference,None,None,False,12,13168,Business Traveler,2022-01-01,9999-12-31,True,1
2353,PAX0002353,FF00002353,Aisle,Standard,None,True,0,946,Family,2022-01-01,9999-12-31,True,1
2354,PAX0002354,FF00002354,Aisle,None,None,False,9,43068,Leisure,2022-01-01,9999-12-31,True,1
2355,PAX0002355,FF00002355,Window,Vegan,None,False,9,55125,Leisure,2022-01-01,2023-03-31,False,1
5355,PAX0002355,FF00002355,Window,Vegan,None,False,15,62640,Student,2023-04-01,9999-12-31,True,2
2356,PAX0002356,FF00002356,No Preference,Vegetarian,None,True,0,13706,Student,2022-01-01,9999-12-31,True,1
2357,PAX0002357,FF00002357,No Preference,Halal,None,False,3,17786,Student,2022-01-01,9999-12-31,True,1
2358,PAX0002358,FF00002358,Aisle,Child,None,True,0,92459,Family,2022-01-01,2023-03-31,False,1
5358,PAX0002358,FF00002358,Aisle,Child,None,True,17,101081,Senior,2023-04-01,9999-12-31,True,2
2359,PAX0002359,FF00002359,Aisle,Child,None,False,3,76650,Student,2022-01-01,2023-03-31,False,1
5359,PAX0002359,FF00002359,Aisle,Child,None,False,8,85815,Leisure,2023-04-01,9999-12-31,True,2
2360,PAX0002360,FF00002360,Aisle,Standard,WCHR,False,6,127058,Business Traveler,2022-01-01,9999-12-31,True,1
2361,PAX0002361,FF00002361,Aisle,Standard,None,False,9,80136,Student,2022-01-01,9999-12-31,True,1
2362,PAX0002362,FF00002362,Window,Standard,None,True,0,41378,Senior,2022-01-01,9999-12-31,True,1
2363,PAX0002363,FF00002363,Aisle,None,None,True,28,4514,Family,2022-01-01,2023-03-31,False,1
5363,PAX0002363,FF00002363,Aisle,None,None,True,36,15390,Business Traveler,2023-04-01,9999-12-31,True,2
2364,PAX0002364,FF00002364,Window,None,None,False,1,16579,Family,2022-01-01,9999-12-31,True,1
2365,PAX0002365,FF00002365,Window,None,None,True,32,23451,Business Traveler,2022-01-01,9999-12-31,True,1
2366,PAX0002366,FF00002366,Aisle,Halal,None,True,8,4563,Leisure,2022-01-01,2023-03-31,False,1
5366,PAX0002366,FF00002366,Aisle,Halal,None,True,14,14877,Family,2023-04-01,9999-12-31,True,2
2367,PAX0002367,FF00002367,No Preference,Vegetarian,WCHC,False,0,49844,Student,2022-01-01,9999-12-31,True,1
2368,PAX0002368,FF00002368,No Preference,Standard,WCHR,False,1,30141,Senior,2022-01-01,9999-12-31,True,1
2369,PAX0002369,FF00002369,Aisle,None,Wheelchair,True,29,7020,Family,2022-01-01,9999-12-31,True,1
2370,PAX0002370,FF00002370,Window,Standard,WCHR,True,13,2459,Student,2022-01-01,9999-12-31,True,1
2371,PAX0002371,FF00002371,Window,Vegan,None,True,11,5371,Senior,2022-01-01,2023-03-31,False,1
5371,PAX0002371,FF00002371,Window,Vegan,None,True,30,14898,Business Traveler,2023-04-01,9999-12-31,True,2
2372,PAX0002372,FF00002372,Window,Vegetarian,None,False,15,10753,Family,2022-01-01,9999-12-31,True,1
2373,PAX0002373,FF00002373,No Preference,Child,None,False,7,27446,Business Traveler,2022-01-01,9999-12-31,True,1
2374,PAX0002374,FF00002374,Aisle,Vegetarian,None,True,2,40601,Student,2022-01-01,9999-12-31,True,1
2375,PAX0002375,FF00002375,No Preference,Halal,None,False,4,32574,Family,2022-01-01,9999-12-31,True,1
2376,PAX0002376,FF00002376,No Preference,Halal,None,False,2,34953,Student,2022-01-01,9999-12-31,True,1
2377,PAX0002377,FF00002377,Window,Standard,None,False,1,16620,Family,2022-01-01,9999-12-31,True,1
2378,PAX0002378,FF00002378,No Preference,Halal,None,False,3,41394,Senior,2022-01-01,9999-12-31,True,1
2379,PAX0002379,FF00002379,Aisle,Halal,None,True,3,64040,Business Traveler,2022-01-01,9999-12-31,True,1
2380,PAX0002380,FF00002380,No Preference,Halal,WCHC,False,26,6561,Business Traveler,2022-01-01,9999-12-31,True,1
2381,PAX0002381,FF00002381,Aisle,None,WCHR,True,11,2754,Leisure,2022-01-01,2023-03-31,False,1
5381,PAX0002381,FF00002381,Aisle,None,WCHR,True,22,13962,Leisure,2023-04-01,9999-12-31,True,2
2382,PAX0002382,FF00002382,No Preference,Vegan,None,True,5,37481,Student,2022-01-01,9999-12-31,True,1
2383,PAX0002383,FF00002383,Window,Vegetarian,None,True,12,29400,Business Traveler,2022-01-01,9999-12-31,True,1
2384,PAX0002384,FF00002384,Aisle,Vegan,WCHR,True,3,14245,Leisure,2022-01-01,9999-12-31,True,1
2385,PAX0002385,FF00002385,No Preference,Vegan,None,True,1,38084,Senior,2022-01-01,2023-03-31,False,1
5385,PAX0002385,FF00002385,No Preference,Vegan,None,True,18,43880,Student,2023-04-01,9999-12-31,True,2
2386,PAX0002386,FF00002386,Window,Vegetarian,None,False,8,37008,Family,2022-01-01,9999-12-31,True,1
2387,PAX0002387,FF00002387,Window,Child,None,False,3,11766,Family,2022-01-01,9999-12-31,True,1
2388,PAX0002388,FF00002388,Aisle,Vegetarian,WCHC,False,4,782,Senior,2022-01-01,9999-12-31,True,1
2389,PAX0002389,FF00002389,No Preference,Standard,None,False,5,48782,Leisure,2022-01-01,9999-12-31,True,1
2390,PAX0002390,FF00002390,No Preference,Child,Wheelchair,False,27,21907,Student,2022-01-01,9999-12-31,True,1
2391,PAX0002391,FF00002391,No Preference,None,None,False,7,939,Student,2022-01-01,2023-03-31,False,1
5391,PAX0002391,FF00002391,No Preference,None,None,False,26,12541,Business Traveler,2023-04-01,9999-12-31,True,2
2392,PAX0002392,FF00002392,Window,None,None,False,25,392,Student,2022-01-01,9999-12-31,True,1
2393,PAX0002393,FF00002393,Aisle,Halal,WCHC,True,34,20154,Senior,2022-01-01,2023-03-31,False,1
5393,PAX0002393,FF00002393,Aisle,Halal,WCHC,True,46,30739,Student,2023-04-01,9999-12-31,True,2
2394,PAX0002394,FF00002394,No Preference,Vegetarian,WCHR,False,5,77397,Family,2022-01-01,9999-12-31,True,1
2395,PAX0002395,FF00002395,No Preference,None,None,False,0,26126,Student,2022-01-01,9999-12-31,True,1
2396,PAX0002396,FF00002396,No Preference,Vegetarian,WCHR,False,9,7427,Student,2022-01-01,9999-12-31,True,1
2397,PAX0002397,FF00002397,No Preference,Standard,None,False,6,31689,Leisure,2022-01-01,9999-12-31,True,1
2398,PAX0002398,FF00002398,Aisle,None,None,False,15,21,Business Traveler,2022-01-01,9999-12-31,True,1
2399,PAX0002399,FF00002399,Aisle,Vegan,None,True,33,5392,Student,2022-01-01,9999-12-31,True,1
2400,PAX0002400,FF00002400,Window,Vegan,None,True,3,9174,Senior,2022-01-01,9999-12-31,True,1
2401,PAX0002401,FF00002401,Window,None,None,False,0,3939,Student,2022-01-01,2023-03-31,False,1
5401,PAX0002401,FF00002401,Window,None,None,False,18,18468,Leisure,2023-04-01,9999-12-31,True,2
2402,PAX0002402,FF00002402,Aisle,Vegetarian,WCHR,False,51,11359,Business Traveler,2022-01-01,9999-12-31,True,1
2403,PAX0002403,FF00002403,Window,None,Wheelchair,False,1,3394,Leisure,2022-01-01,2023-03-31,False,1
5403,PAX0002403,FF00002403,Window,None,Wheelchair,False,16,19770,Leisure,2023-04-01,9999-12-31,True,2
2404,PAX0002404,FF00002404,Aisle,Standard,None,False,15,57841,Leisure,2022-01-01,9999-12-31,True,1
2405,PAX0002405,FF00002405,Window,Vegetarian,WCHC,True,3,633,Student,2022-01-01,9999-12-31,True,1
2406,PAX0002406,FF00002406,Aisle,Child,None,True,3,1745,Family,2022-01-01,9999-12-31,True,1
2407,PAX0002407,FF00002407,Aisle,Halal,None,True,1,16943,Leisure,2022-01-01,2023-03-31,False,1
5407,PAX0002407,FF00002407,Aisle,Halal,None,True,9,29647,Senior,2023-04-01,9999-12-31,True,2
2408,PAX0002408,FF00002408,Window,Vegan,WCHC,False,3,21766,Student,2022-01-01,9999-12-31,True,1
2409,PAX0002409,FF00002409,Aisle,Standard,None,True,3,84672,Family,2022-01-01,9999-12-31,True,1
2410,PAX0002410,FF00002410,No Preference,Standard,WCHR,True,28,25097,Senior,2022-01-01,9999-12-31,True,1
2411,PAX0002411,FF00002411,Window,Vegan,None,False,5,14396,Senior,2022-01-01,2023-03-31,False,1
5411,PAX0002411,FF00002411,Window,Vegan,None,False,15,33638,Leisure,2023-04-01,9999-12-31,True,2
2412,PAX0002412,FF00002412,No Preference,None,None,True,6,39012,Student,2022-01-01,9999-12-31,True,1
2413,PAX0002413,FF00002413,No Preference,None,None,True,7,58290,Student,2022-01-01,9999-12-31,True,1
2414,PAX0002414,FF00002414,Aisle,Child,None,True,34,12281,Senior,2022-01-01,9999-12-31,True,1
2415,PAX0002415,FF00002415,Window,Vegan,None,False,9,2996,Leisure,2022-01-01,9999-12-31,True,1
2416,PAX0002416,FF00002416,Aisle,Vegetarian,None,True,2,16005,Student,2022-01-01,9999-12-31,True,1
2417,PAX0002417,FF00002417,Window,Child,None,True,2,62760,Senior,2022-01-01,9999-12-31,True,1
2418,PAX0002418,FF00002418,Window,Vegan,Wheelchair,True,2,18245,Leisure,2022-01-01,9999-12-31,True,1
2419,PAX0002419,FF00002419,Window,Child,None,False,11,35316,Business Traveler,2022-01-01,9999-12-31,True,1
2420,PAX0002420,FF00002420,No Preference,Standard,None,False,5,60999,Business Traveler,2022-01-01,9999-12-31,True,1
2421,PAX0002421,FF00002421,Aisle,None,None,True,10,17368,Business Traveler,2022-01-01,9999-12-31,True,1
2422,PAX0002422,FF00002422,Aisle,Halal,None,False,0,18747,Senior,2022-01-01,9999-12-31,True,1
2423,PAX0002423,FF00002423,Window,Vegan,None,True,20,28599,Family,2022-01-01,9999-12-31,True,1
2424,PAX0002424,FF00002424,No Preference,Vegetarian,None,True,21,20437,Family,2022-01-01,2023-03-31,False,1
5424,PAX0002424,FF00002424,No Preference,Vegetarian,None,True,30,27279,Senior,2023-04-01,9999-12-31,True,2
2425,PAX0002425,FF00002425,Aisle,Vegetarian,None,True,1,412,Leisure,2022-01-01,2023-03-31,False,1
5425,PAX0002425,FF00002425,Aisle,Vegetarian,None,True,7,19598,Senior,2023-04-01,9999-12-31,True,2
2426,PAX0002426,FF00002426,No Preference,Vegetarian,Wheelchair,True,4,35918,Senior,2022-01-01,9999-12-31,True,1
2427,PAX0002427,FF00002427,Aisle,Standard,None,False,18,10518,Senior,2022-01-01,9999-12-31,True,1
2428,PAX0002428,FF00002428,Aisle,Vegetarian,Wheelchair,True,8,16399,Business Traveler,2022-01-01,9999-12-31,True,1
2429,PAX0002429,FF00002429,No Preference,None,None,True,6,7893,Business Traveler,2022-01-01,9999-12-31,True,1
2430,PAX0002430,FF00002430,No Preference,Child,None,False,1,6570,Student,2022-01-01,9999-12-31,True,1
2431,PAX0002431,FF00002431,No Preference,Child,None,False,0,6624,Senior,2022-01-01,9999-12-31,True,1
2432,PAX0002432,FF00002432,Aisle,None,Wheelchair,False,0,29606,Student,2022-01-01,9999-12-31,True,1
2433,PAX0002433,FF00002433,Aisle,Halal,None,False,4,108518,Leisure,2022-01-01,9999-12-31,True,1
2434,PAX0002434,FF00002434,Aisle,Vegan,None,False,2,12731,Business Traveler,2022-01-01,9999-12-31,True,1
2435,PAX0002435,FF00002435,No Preference,Child,None,False,5,254,Senior,2022-01-01,9999-12-31,True,1
2436,PAX0002436,FF00002436,Window,Vegan,None,False,21,975,Leisure,2022-01-01,9999-12-31,True,1
2437,PAX0002437,FF00002437,No Preference,Standard,None,True,33,66789,Family,2022-01-01,9999-12-31,True,1
2438,PAX0002438,FF00002438,Aisle,None,None,False,9,23531,Student,2022-01-01,2023-03-31,False,1
5438,PAX0002438,FF00002438,Aisle,None,None,False,14,34127,Business Traveler,2023-04-01,9999-12-31,True,2
2439,PAX0002439,FF00002439,Aisle,Standard,None,False,12,14684,Business Traveler,2022-01-01,9999-12-31,True,1
2440,PAX0002440,FF00002440,Aisle,Child,None,True,12,1374,Business Traveler,2022-01-01,9999-12-31,True,1
2441,PAX0002441,FF00002441,Aisle,Vegan,None,False,0,18332,Family,2022-01-01,9999-12-31,True,1
2442,PAX0002442,FF00002442,Window,Vegan,None,True,9,65628,Business Traveler,2022-01-01,9999-12-31,True,1
2443,PAX0002443,FF00002443,Aisle,Vegetarian,None,False,1,51888,Leisure,2022-01-01,9999-12-31,True,1
2444,PAX0002444,FF00002444,Aisle,Standard,Wheelchair,True,2,15030,Business Traveler,2022-01-01,9999-12-31,True,1
2445,PAX0002445,FF00002445,No Preference,Child,None,True,4,15332,Family,2022-01-01,9999-12-31,True,1
2446,PAX0002446,FF00002446,Window,Vegan,None,False,1,21009,Senior,2022-01-01,9999-12-31,True,1
2447,PAX0002447,FF00002447,Window,Standard,None,True,19,17476,Business Traveler,2022-01-01,9999-12-31,True,1
2448,PAX0002448,FF00002448,Aisle,Vegetarian,None,False,8,56668,Senior,2022-01-01,9999-12-31,True,1
2449,PAX0002449,FF00002449,Window,None,WCHR,False,14,20227,Business Traveler,2022-01-01,9999-12-31,True,1
2450,PAX0002450,FF00002450,Window,Standard,None,True,3,64865,Business Traveler,2022-01-01,9999-12-31,True,1
2451,PAX0002451,FF00002451,Window,Vegan,None,False,10,7498,Business Traveler,2022-01-01,9999-12-31,True,1
2452,PAX0002452,FF00002452,Window,Vegetarian,None,False,3,48756,Family,2022-01-01,9999-12-31,True,1
2453,PAX0002453,FF00002453,No Preference,Vegetarian,None,True,0,145197,Business Traveler,2022-01-01,2023-03-31,False,1
5453,PAX0002453,FF00002453,No Preference,Vegetarian,None,True,20,156168,Leisure,2023-04-01,9999-12-31,True,2
2454,PAX0002454,FF00002454,No Preference,Vegan,None,False,1,47699,Student,2022-01-01,9999-12-31,True,1
2455,PAX0002455,FF00002455,Aisle,Halal,None,False,6,20330,Student,2022-01-01,9999-12-31,True,1
2456,PAX0002456,FF00002456,Aisle,Vegetarian,None,False,25,15977,Leisure,2022-01-01,2023-03-31,False,1
5456,PAX0002456,FF00002456,Aisle,Vegetarian,None,False,42,25633,Business Traveler,2023-04-01,9999-12-31,True,2
2457,PAX0002457,FF00002457,No Preference,Vegetarian,None,True,9,1516,Student,2022-01-01,2023-03-31,False,1
5457,PAX0002457,FF00002457,No Preference,Vegetarian,None,True,21,14029,Leisure,2023-04-01,9999-12-31,True,2
2458,PAX0002458,FF00002458,No Preference,Vegetarian,Wheelchair,False,0,8423,Senior,2022-01-01,9999-12-31,True,1
2459,PAX0002459,FF00002459,No Preference,Child,None,True,13,3878,Senior,2022-01-01,9999-12-31,True,1
2460,PAX0002460,FF00002460,No Preference,Halal,None,True,1,15877,Senior,2022-01-01,9999-12-31,True,1
2461,PAX0002461,FF00002461,Aisle,Child,None,False,12,37351,Family,2022-01-01,9999-12-31,True,1
2462,PAX0002462,FF00002462,No Preference,Child,None,True,2,2488,Leisure,2022-01-01,9999-12-31,True,1
2463,PAX0002463,FF00002463,No Preference,Vegan,None,True,33,9060,Student,2022-01-01,9999-12-31,True,1
2464,PAX0002464,FF00002464,Window,Child,None,False,23,59741,Leisure,2022-01-01,2023-03-31,False,1
5464,PAX0002464,FF00002464,Window,Child,None,False,35,69940,Student,2023-04-01,9999-12-31,True,2
2465,PAX0002465,FF00002465,Aisle,None,None,True,17,5547,Business Traveler,2022-01-01,2023-03-31,False,1
5465,PAX0002465,FF00002465,Aisle,None,None,True,33,23665,Business Traveler,2023-04-01,9999-12-31,True,2
2466,PAX0002466,FF00002466,Window,Child,None,False,20,43992,Family,2022-01-01,9999-12-31,True,1
2467,PAX0002467,FF00002467,No Preference,Halal,None,True,10,12338,Business Traveler,2022-01-01,9999-12-31,True,1
2468,PAX0002468,FF00002468,Aisle,Standard,None,True,3,3899,Business Traveler,2022-01-01,9999-12-31,True,1
2469,PAX0002469,FF00002469,No Preference,Vegetarian,None,True,8,26403,Business Traveler,2022-01-01,9999-12-31,True,1
2470,PAX0002470,FF00002470,Aisle,Halal,None,False,5,19351,Leisure,2022-01-01,2023-03-31,False,1
5470,PAX0002470,FF00002470,Aisle,Halal,None,False,19,33307,Student,2023-04-01,9999-12-31,True,2
2471,PAX0002471,FF00002471,No Preference,Child,Wheelchair,False,5,30733,Family,2022-01-01,9999-12-31,True,1
2472,PAX0002472,FF00002472,Window,Standard,Wheelchair,False,27,5370,Senior,2022-01-01,9999-12-31,True,1
2473,PAX0002473,FF00002473,No Preference,Child,None,False,5,4555,Senior,2022-01-01,2023-03-31,False,1
5473,PAX0002473,FF00002473,No Preference,Child,None,False,17,17020,Leisure,2023-04-01,9999-12-31,True,2
2474,PAX0002474,FF00002474,Aisle,None,None,False,11,39154,Senior,2022-01-01,9999-12-31,True,1
2475,PAX0002475,FF00002475,Window,Halal,None,False,32,9808,Leisure,2022-01-01,9999-12-31,True,1
2476,PAX0002476,FF00002476,Aisle,Halal,Wheelchair,True,35,1960,Senior,2022-01-01,9999-12-31,True,1
2477,PAX0002477,FF00002477,Aisle,Child,WCHR,False,11,1764,Family,2022-01-01,9999-12-31,True,1
2478,PAX0002478,FF00002478,Aisle,Halal,None,False,26,22638,Family,2022-01-01,9999-12-31,True,1
2479,PAX0002479,FF00002479,Aisle,Standard,None,True,13,53437,Business Traveler,2022-01-01,9999-12-31,True,1
2480,PAX0002480,FF00002480,Window,None,WCHR,True,1,1180,Senior,2022-01-01,9999-12-31,True,1
2481,PAX0002481,FF00002481,No Preference,Halal,WCHC,False,25,11347,Leisure,2022-01-01,9999-12-31,True,1
2482,PAX0002482,FF00002482,Window,None,None,False,1,18959,Senior,2022-01-01,9999-12-31,True,1
2483,PAX0002483,FF00002483,Window,Standard,None,False,10,943,Family,2022-01-01,9999-12-31,True,1
2484,PAX0002484,FF00002484,No Preference,Vegetarian,None,False,3,1000,Senior,2022-01-01,2023-03-31,False,1
5484,PAX0002484,FF00002484,No Preference,Vegetarian,None,False,19,12710,Business Traveler,2023-04-01,9999-12-31,True,2
2485,PAX0002485,FF00002485,Aisle,Vegetarian,None,True,6,67642,Business Traveler,2022-01-01,9999-12-31,True,1
2486,PAX0002486,FF00002486,Window,None,None,False,48,30404,Family,2022-01-01,2023-03-31,False,1
5486,PAX0002486,FF00002486,Window,None,None,False,60,37077,Student,2023-04-01,9999-12-31,True,2
2487,PAX0002487,FF00002487,Window,None,None,False,2,70885,Leisure,2022-01-01,9999-12-31,True,1
2488,PAX0002488,FF00002488,Aisle,None,None,False,8,5008,Business Traveler,2022-01-01,9999-12-31,True,1
2489,PAX0002489,FF00002489,Window,Halal,None,False,30,42498,Senior,2022-01-01,2023-03-31,False,1
5489,PAX0002489,FF00002489,Window,Halal,None,False,38,49628,Business Traveler,2023-04-01,9999-12-31,True,2
2490,PAX0002490,FF00002490,Window,Child,None,False,15,37051,Family,2022-01-01,9999-12-31,True,1
2491,PAX0002491,FF00002491,Aisle,Child,None,True,2,7109,Senior,2022-01-01,9999-12-31,True,1
2492,PAX0002492,FF00002492,Aisle,Halal,None,False,13,7443,Family,2022-01-01,9999-12-31,True,1
2493,PAX0002493,FF00002493,Aisle,Halal,None,False,6,45698,Business Traveler,2022-01-01,9999-12-31,True,1
2494,PAX0002494,FF00002494,No Preference,Child,None,True,18,18113,Student,2022-01-01,2023-03-31,False,1
5494,PAX0002494,FF00002494,No Preference,Child,None,True,35,30203,Leisure,2023-04-01,9999-12-31,True,2
2495,PAX0002495,FF00002495,Aisle,Child,None,False,18,54720,Leisure,2022-01-01,9999-12-31,True,1
2496,PAX0002496,FF00002496,No Preference,Child,WCHC,False,12,7779,Business Traveler,2022-01-01,9999-12-31,True,1
2497,PAX0002497,FF00002497,Window,None,None,True,3,11343,Family,2022-01-01,9999-12-31,True,1
2498,PAX0002498,FF00002498,Aisle,Standard,None,True,1,9571,Leisure,2022-01-01,9999-12-31,True,1
2499,PAX0002499,FF00002499,Window,Vegan,WCHR,False,2,18227,Student,2022-01-01,2023-03-31,False,1
5499,PAX0002499,FF00002499,Window,Vegan,WCHR,False,22,32158,Senior,2023-04-01,9999-12-31,True,2
2500,PAX0002500,FF00002500,Aisle,Child,None,False,28,3310,Leisure,2022-01-01,9999-12-31,True,1
2501,PAX0002501,FF00002501,No Preference,Vegan,WCHC,True,15,34873,Leisure,2022-01-01,2023-03-31,False,1
5501,PAX0002501,FF00002501,No Preference,Vegan,WCHC,True,34,49065,Senior,2023-04-01,9999-12-31,True,2
2502,PAX0002502,FF00002502,Aisle,Vegan,WCHC,True,1,76752,Senior,2022-01-01,2023-03-31,False,1
5502,PAX0002502,FF00002502,Aisle,Vegan,WCHC,True,13,95250,Family,2023-04-01,9999-12-31,True,2
2503,PAX0002503,FF00002503,No Preference,None,None,False,10,13563,Senior,2022-01-01,9999-12-31,True,1
2504,PAX0002504,FF00002504,Window,Vegetarian,WCHR,True,16,8926,Senior,2022-01-01,9999-12-31,True,1
2505,PAX0002505,FF00002505,Window,Standard,None,True,14,1215,Student,2022-01-01,9999-12-31,True,1
2506,PAX0002506,FF00002506,Aisle,Vegetarian,None,True,21,17835,Senior,2022-01-01,9999-12-31,True,1
2507,PAX0002507,FF00002507,Window,Vegetarian,None,False,12,7501,Business Traveler,2022-01-01,9999-12-31,True,1
2508,PAX0002508,FF00002508,Aisle,Standard,None,True,13,44383,Student,2022-01-01,9999-12-31,True,1
2509,PAX0002509,FF00002509,Aisle,Child,None,True,7,28848,Family,2022-01-01,9999-12-31,True,1
2510,PAX0002510,FF00002510,Aisle,None,None,True,7,67355,Business Traveler,2022-01-01,9999-12-31,True,1
2511,PAX0002511,FF00002511,No Preference,Standard,None,False,8,55318,Student,2022-01-01,9999-12-31,True,1
2512,PAX0002512,FF00002512,Window,Child,None,False,19,15854,Senior,2022-01-01,9999-12-31,True,1
2513,PAX0002513,FF00002513,Aisle,Child,None,False,3,15630,Senior,2022-01-01,9999-12-31,True,1
2514,PAX0002514,FF00002514,Window,None,None,True,20,7748,Leisure,2022-01-01,9999-12-31,True,1
2515,PAX0002515,FF00002515,Aisle,Child,None,False,8,49211,Business Traveler,2022-01-01,2023-03-31,False,1
5515,PAX0002515,FF00002515,Aisle,Child,None,False,18,58129,Senior,2023-04-01,9999-12-31,True,2
2516,PAX0002516,FF00002516,Aisle,Halal,None,False,5,30834,Leisure,2022-01-01,9999-12-31,True,1
2517,PAX0002517,FF00002517,Aisle,Standard,None,False,3,3471,Leisure,2022-01-01,2023-03-31,False,1
5517,PAX0002517,FF00002517,Aisle,Standard,None,False,9,12163,Leisure,2023-04-01,9999-12-31,True,2
2518,PAX0002518,FF00002518,Window,Child,None,True,18,3126,Leisure,2022-01-01,9999-12-31,True,1
2519,PAX0002519,FF00002519,Window,Vegan,None,True,3,57953,Leisure,2022-01-01,9999-12-31,True,1
2520,PAX0002520,FF00002520,Window,Halal,Wheelchair,True,5,108407,Business Traveler,2022-01-01,9999-12-31,True,1
2521,PAX0002521,FF00002521,Window,Halal,Wheelchair,True,46,9370,Senior,2022-01-01,9999-12-31,True,1
2522,PAX0002522,FF00002522,Aisle,Vegan,None,True,0,36629,Senior,2022-01-01,9999-12-31,True,1
2523,PAX0002523,FF00002523,Aisle,Standard,WCHC,False,7,3185,Student,2022-01-01,9999-12-31,True,1
2524,PAX0002524,FF00002524,Aisle,Vegan,None,False,14,950,Student,2022-01-01,9999-12-31,True,1
2525,PAX0002525,FF00002525,Aisle,Child,None,False,24,4477,Business Traveler,2022-01-01,9999-12-31,True,1
2526,PAX0002526,FF00002526,No Preference,Vegetarian,None,False,1,5795,Leisure,2022-01-01,9999-12-31,True,1
2527,PAX0002527,FF00002527,Aisle,Standard,None,False,38,35443,Student,2022-01-01,9999-12-31,True,1
2528,PAX0002528,FF00002528,No Preference,Halal,WCHR,False,19,15206,Leisure,2022-01-01,9999-12-31,True,1
2529,PAX0002529,FF00002529,Aisle,Vegetarian,Wheelchair,True,4,8016,Senior,2022-01-01,9999-12-31,True,1
2530,PAX0002530,FF00002530,No Preference,Child,None,True,7,24077,Senior,2022-01-01,9999-12-31,True,1
2531,PAX0002531,FF00002531,Window,Child,None,True,11,8916,Business Traveler,2022-01-01,9999-12-31,True,1
2532,PAX0002532,FF00002532,Aisle,Halal,None,False,35,5581,Leisure,2022-01-01,2023-03-31,False,1
5532,PAX0002532,FF00002532,Aisle,Halal,None,False,41,23516,Leisure,2023-04-01,9999-12-31,True,2
2533,PAX0002533,FF00002533,Window,Vegan,None,False,40,449,Senior,2022-01-01,9999-12-31,True,1
2534,PAX0002534,FF00002534,No Preference,Vegetarian,None,True,7,12165,Leisure,2022-01-01,9999-12-31,True,1
2535,PAX0002535,FF00002535,Window,Vegetarian,None,True,7,25365,Leisure,2022-01-01,9999-12-31,True,1
2536,PAX0002536,FF00002536,Aisle,Standard,None,True,6,16076,Family,2022-01-01,9999-12-31,True,1
2537,PAX0002537,FF00002537,Window,Halal,None,True,15,34739,Family,2022-01-01,9999-12-31,True,1
2538,PAX0002538,FF00002538,No Preference,Standard,Wheelchair,True,21,8628,Student,2022-01-01,9999-12-31,True,1
2539,PAX0002539,FF00002539,Aisle,Vegan,None,True,11,26398,Business Traveler,2022-01-01,9999-12-31,True,1
2540,PAX0002540,FF00002540,No Preference,Halal,None,True,5,19969,Leisure,2022-01-01,9999-12-31,True,1
2541,PAX0002541,FF00002541,Window,Child,WCHR,True,4,4589,Business Traveler,2022-01-01,9999-12-31,True,1
2542,PAX0002542,FF00002542,No Preference,Vegetarian,None,False,2,3345,Senior,2022-01-01,2023-03-31,False,1
5542,PAX0002542,FF00002542,No Preference,Vegetarian,None,False,20,19681,Leisure,2023-04-01,9999-12-31,True,2
2543,PAX0002543,FF00002543,Aisle,Vegan,None,True,13,32428,Leisure,2022-01-01,9999-12-31,True,1
2544,PAX0002544,FF00002544,Window,Standard,None,True,36,39244,Business Traveler,2022-01-01,9999-12-31,True,1
2545,PAX0002545,FF00002545,No Preference,None,None,True,0,64688,Leisure,2022-01-01,2023-03-31,False,1
5545,PAX0002545,FF00002545,No Preference,None,None,True,14,78870,Student,2023-04-01,9999-12-31,True,2
2546,PAX0002546,FF00002546,No Preference,Child,WCHR,True,23,17572,Family,2022-01-01,9999-12-31,True,1
2547,PAX0002547,FF00002547,Window,Child,None,False,10,111989,Student,2022-01-01,9999-12-31,True,1
2548,PAX0002548,FF00002548,Window,Child,None,True,9,70718,Family,2022-01-01,2023-03-31,False,1
5548,PAX0002548,FF00002548,Window,Child,None,True,20,80976,Leisure,2023-04-01,9999-12-31,True,2
2549,PAX0002549,FF00002549,No Preference,None,Wheelchair,True,1,6360,Business Traveler,2022-01-01,9999-12-31,True,1
2550,PAX0002550,FF00002550,Aisle,None,None,True,6,26366,Student,2022-01-01,9999-12-31,True,1
2551,PAX0002551,FF00002551,No Preference,Standard,WCHR,True,20,133348,Business Traveler,2022-01-01,9999-12-31,True,1
2552,PAX0002552,FF00002552,No Preference,Child,None,True,5,1457,Family,2022-01-01,9999-12-31,True,1
2553,PAX0002553,FF00002553,Window,Halal,Wheelchair,True,19,27819,Business Traveler,2022-01-01,9999-12-31,True,1
2554,PAX0002554,FF00002554,Window,Standard,None,True,2,20485,Student,2022-01-01,9999-12-31,True,1
2555,PAX0002555,FF00002555,Aisle,Vegan,None,False,16,44144,Business Traveler,2022-01-01,9999-12-31,True,1
2556,PAX0002556,FF00002556,Aisle,Halal,None,False,8,10924,Senior,2022-01-01,9999-12-31,True,1
2557,PAX0002557,FF00002557,Aisle,None,Wheelchair,False,43,32662,Leisure,2022-01-01,9999-12-31,True,1
2558,PAX0002558,FF00002558,No Preference,Vegetarian,None,True,6,9874,Leisure,2022-01-01,9999-12-31,True,1
2559,PAX0002559,FF00002559,No Preference,None,None,True,15,8319,Student,2022-01-01,9999-12-31,True,1
2560,PAX0002560,FF00002560,Aisle,Standard,WCHR,False,2,22640,Leisure,2022-01-01,2023-03-31,False,1
5560,PAX0002560,FF00002560,Aisle,Standard,WCHR,False,21,28012,Senior,2023-04-01,9999-12-31,True,2
2561,PAX0002561,FF00002561,No Preference,Child,None,False,4,29738,Senior,2022-01-01,9999-12-31,True,1
2562,PAX0002562,FF00002562,No Preference,Vegetarian,WCHC,True,1,31921,Leisure,2022-01-01,9999-12-31,True,1
2563,PAX0002563,FF00002563,Aisle,Standard,None,False,3,7,Family,2022-01-01,9999-12-31,True,1
2564,PAX0002564,FF00002564,No Preference,Vegan,Wheelchair,True,1,81368,Student,2022-01-01,9999-12-31,True,1
2565,PAX0002565,FF00002565,Window,Vegetarian,None,False,24,7981,Leisure,2022-01-01,9999-12-31,True,1
2566,PAX0002566,FF00002566,Aisle,Halal,Wheelchair,False,18,28138,Student,2022-01-01,9999-12-31,True,1
2567,PAX0002567,FF00002567,No Preference,Child,None,True,42,14033,Leisure,2022-01-01,9999-12-31,True,1
2568,PAX0002568,FF00002568,Window,Child,None,True,13,1969,Family,2022-01-01,9999-12-31,True,1
2569,PAX0002569,FF00002569,No Preference,None,None,False,6,99575,Family,2022-01-01,9999-12-31,True,1
2570,PAX0002570,FF00002570,Aisle,Halal,WCHC,True,9,10185,Leisure,2022-01-01,9999-12-31,True,1
2571,PAX0002571,FF00002571,No Preference,Vegan,None,True,1,36474,Student,2022-01-01,9999-12-31,True,1
2572,PAX0002572,FF00002572,Window,Vegan,None,True,12,14049,Family,2022-01-01,9999-12-31,True,1
2573,PAX0002573,FF00002573,No Preference,None,None,True,36,673,Family,2022-01-01,2023-03-31,False,1
5573,PAX0002573,FF00002573,No Preference,None,None,True,48,12410,Student,2023-04-01,9999-12-31,True,2
2574,PAX0002574,FF00002574,Aisle,Child,None,False,4,76175,Student,2022-01-01,9999-12-31,True,1
2575,PAX0002575,FF00002575,No Preference,Halal,None,True,4,8720,Senior,2022-01-01,9999-12-31,True,1
2576,PAX0002576,FF00002576,Aisle,Vegetarian,None,False,9,52084,Student,2022-01-01,9999-12-31,True,1
2577,PAX0002577,FF00002577,Aisle,Vegan,None,False,1,85952,Student,2022-01-01,9999-12-31,True,1
2578,PAX0002578,FF00002578,Window,Standard,None,False,19,5999,Student,2022-01-01,9999-12-31,True,1
2579,PAX0002579,FF00002579,Window,Child,None,False,14,14581,Leisure,2022-01-01,9999-12-31,True,1
2580,PAX0002580,FF00002580,Window,Vegan,None,True,6,45875,Business Traveler,2022-01-01,9999-12-31,True,1
2581,PAX0002581,FF00002581,Window,Vegan,None,True,39,4062,Senior,2022-01-01,9999-12-31,True,1
2582,PAX0002582,FF00002582,Aisle,Halal,None,False,6,19672,Senior,2022-01-01,9999-12-31,True,1
2583,PAX0002583,FF00002583,Window,None,None,True,5,13538,Senior,2022-01-01,9999-12-31,True,1
2584,PAX0002584,FF00002584,Window,Vegan,None,False,0,34706,Business Traveler,2022-01-01,2023-03-31,False,1
5584,PAX0002584,FF00002584,Window,Vegan,None,False,15,44306,Student,2023-04-01,9999-12-31,True,2
2585,PAX0002585,FF00002585,No Preference,Halal,None,False,6,6499,Business Traveler,2022-01-01,2023-03-31,False,1
5585,PAX0002585,FF00002585,No Preference,Halal,None,False,13,13018,Business Traveler,2023-04-01,9999-12-31,True,2
2586,PAX0002586,FF00002586,Aisle,None,WCHC,True,20,48669,Senior,2022-01-01,9999-12-31,True,1
2587,PAX0002587,FF00002587,No Preference,Vegan,None,False,7,10633,Student,2022-01-01,9999-12-31,True,1
2588,PAX0002588,FF00002588,No Preference,None,WCHC,False,12,10196,Leisure,2022-01-01,9999-12-31,True,1
2589,PAX0002589,FF00002589,No Preference,Halal,None,True,3,39337,Family,2022-01-01,9999-12-31,True,1
2590,PAX0002590,FF00002590,Aisle,Standard,WCHC,True,0,2986,Student,2022-01-01,2023-03-31,False,1
5590,PAX0002590,FF00002590,Aisle,Standard,WCHC,True,7,14644,Family,2023-04-01,9999-12-31,True,2
2591,PAX0002591,FF00002591,Aisle,Standard,None,True,0,4979,Leisure,2022-01-01,9999-12-31,True,1
2592,PAX0002592,FF00002592,Aisle,Standard,None,False,0,164197,Family,2022-01-01,9999-12-31,True,1
2593,PAX0002593,FF00002593,Aisle,Vegan,None,False,4,4849,Leisure,2022-01-01,9999-12-31,True,1
2594,PAX0002594,FF00002594,Aisle,None,None,False,3,82525,Business Traveler,2022-01-01,9999-12-31,True,1
2595,PAX0002595,FF00002595,Aisle,Halal,None,False,8,13615,Senior,2022-01-01,9999-12-31,True,1
2596,PAX0002596,FF00002596,Window,None,None,False,24,15075,Student,2022-01-01,9999-12-31,True,1
2597,PAX0002597,FF00002597,Aisle,Vegetarian,None,True,4,6968,Business Traveler,2022-01-01,9999-12-31,True,1
2598,PAX0002598,FF00002598,No Preference,Standard,None,False,5,11423,Leisure,2022-01-01,9999-12-31,True,1
2599,PAX0002599,FF00002599,No Preference,Halal,None,False,13,10257,Family,2022-01-01,2023-03-31,False,1
5599,PAX0002599,FF00002599,No Preference,Halal,None,False,21,28628,Student,2023-04-01,9999-12-31,True,2
2600,PAX0002600,FF00002600,Window,Child,None,True,10,2044,Senior,2022-01-01,9999-12-31,True,1
2601,PAX0002601,FF00002601,No Preference,Vegan,None,True,2,15697,Business Traveler,2022-01-01,2023-03-31,False,1
5601,PAX0002601,FF00002601,No Preference,Vegan,None,True,21,29809,Business Traveler,2023-04-01,9999-12-31,True,2
2602,PAX0002602,FF00002602,Window,Vegetarian,None,False,33,14208,Student,2022-01-01,9999-12-31,True,1
2603,PAX0002603,FF00002603,No Preference,None,None,False,13,8834,Family,2022-01-01,9999-12-31,True,1
2604,PAX0002604,FF00002604,No Preference,Halal,None,True,1,1809,Student,2022-01-01,9999-12-31,True,1
2605,PAX0002605,FF00002605,No Preference,Vegetarian,None,False,4,5147,Leisure,2022-01-01,9999-12-31,True,1
2606,PAX0002606,FF00002606,No Preference,Halal,Wheelchair,False,2,42908,Family,2022-01-01,9999-12-31,True,1
2607,PAX0002607,FF00002607,Window,Standard,WCHR,False,0,24480,Student,2022-01-01,9999-12-31,True,1
2608,PAX0002608,FF00002608,No Preference,Vegan,None,True,5,21190,Student,2022-01-01,9999-12-31,True,1
2609,PAX0002609,FF00002609,No Preference,None,WCHC,False,9,11278,Business Traveler,2022-01-01,9999-12-31,True,1
2610,PAX0002610,FF00002610,No Preference,Halal,None,True,4,39660,Senior,2022-01-01,9999-12-31,True,1
2611,PAX0002611,FF00002611,Aisle,Standard,None,False,24,6417,Student,2022-01-01,9999-12-31,True,1
2612,PAX0002612,FF00002612,Window,Standard,WCHC,True,1,68423,Business Traveler,2022-01-01,9999-12-31,True,1
2613,PAX0002613,FF00002613,Aisle,Vegetarian,None,False,5,24043,Senior,2022-01-01,9999-12-31,True,1
2614,PAX0002614,FF00002614,No Preference,Child,WCHR,False,5,4033,Leisure,2022-01-01,9999-12-31,True,1
2615,PAX0002615,FF00002615,No Preference,Vegan,WCHC,False,10,22342,Senior,2022-01-01,2023-03-31,False,1
5615,PAX0002615,FF00002615,No Preference,Vegan,WCHC,False,18,37705,Senior,2023-04-01,9999-12-31,True,2
2616,PAX0002616,FF00002616,Window,Vegetarian,None,True,2,18037,Leisure,2022-01-01,2023-03-31,False,1
5616,PAX0002616,FF00002616,Window,Vegetarian,None,True,7,32058,Family,2023-04-01,9999-12-31,True,2
2617,PAX0002617,FF00002617,Window,Vegan,None,True,19,26779,Family,2022-01-01,9999-12-31,True,1
2618,PAX0002618,FF00002618,No Preference,Standard,None,False,1,23823,Student,2022-01-01,9999-12-31,True,1
2619,PAX0002619,FF00002619,No Preference,Vegetarian,Wheelchair,False,14,47208,Senior,2022-01-01,2023-03-31,False,1
5619,PAX0002619,FF00002619,No Preference,Vegetarian,Wheelchair,False,31,64626,Student,2023-04-01,9999-12-31,True,2
2620,PAX0002620,FF00002620,No Preference,Vegetarian,WCHC,True,11,4969,Business Traveler,2022-01-01,2023-03-31,False,1
5620,PAX0002620,FF00002620,No Preference,Vegetarian,WCHC,True,16,23599,Senior,2023-04-01,9999-12-31,True,2
2621,PAX0002621,FF00002621,No Preference,Standard,None,True,14,33934,Senior,2022-01-01,9999-12-31,True,1
2622,PAX0002622,FF00002622,No Preference,Child,None,False,0,15917,Senior,2022-01-01,9999-12-31,True,1
2623,PAX0002623,FF00002623,Window,Vegetarian,None,True,4,33206,Family,2022-01-01,9999-12-31,True,1
2624,PAX0002624,FF00002624,Window,Halal,None,True,2,26811,Senior,2022-01-01,9999-12-31,True,1
2625,PAX0002625,FF00002625,Aisle,Vegan,WCHR,True,29,47955,Family,2022-01-01,9999-12-31,True,1
2626,PAX0002626,FF00002626,Aisle,Halal,None,False,30,115199,Student,2022-01-01,9999-12-31,True,1
2627,PAX0002627,FF00002627,Aisle,Vegan,None,False,0,29244,Business Traveler,2022-01-01,9999-12-31,True,1
2628,PAX0002628,FF00002628,No Preference,Standard,None,False,6,58952,Senior,2022-01-01,9999-12-31,True,1
2629,PAX0002629,FF00002629,Window,Vegetarian,None,True,3,118946,Leisure,2022-01-01,2023-03-31,False,1
5629,PAX0002629,FF00002629,Window,Vegetarian,None,True,13,130453,Senior,2023-04-01,9999-12-31,True,2
2630,PAX0002630,FF00002630,Window,Standard,None,False,11,47329,Student,2022-01-01,9999-12-31,True,1
2631,PAX0002631,FF00002631,Aisle,Vegan,None,True,1,6080,Family,2022-01-01,9999-12-31,True,1
2632,PAX0002632,FF00002632,Aisle,Halal,None,True,17,666,Senior,2022-01-01,9999-12-31,True,1
2633,PAX0002633,FF00002633,No Preference,Halal,None,True,20,421,Student,2022-01-01,9999-12-31,True,1
2634,PAX0002634,FF00002634,Aisle,Standard,None,True,12,13628,Senior,2022-01-01,9999-12-31,True,1
2635,PAX0002635,FF00002635,Window,Standard,None,False,11,35724,Leisure,2022-01-01,9999-12-31,True,1
2636,PAX0002636,FF00002636,Aisle,Child,WCHR,True,5,3427,Leisure,2022-01-01,9999-12-31,True,1
2637,PAX0002637,FF00002637,Aisle,Vegetarian,None,False,0,26670,Senior,2022-01-01,2023-03-31,False,1
5637,PAX0002637,FF00002637,Aisle,Vegetarian,None,False,12,39294,Family,2023-04-01,9999-12-31,True,2
2638,PAX0002638,FF00002638,Window,Vegan,None,True,8,40667,Student,2022-01-01,9999-12-31,True,1
2639,PAX0002639,FF00002639,Window,Vegetarian,Wheelchair,False,8,16468,Business Traveler,2022-01-01,2023-03-31,False,1
5639,PAX0002639,FF00002639,Window,Vegetarian,Wheelchair,False,22,23803,Family,2023-04-01,9999-12-31,True,2
2640,PAX0002640,FF00002640,Aisle,Standard,None,False,6,804,Business Traveler,2022-01-01,9999-12-31,True,1
2641,PAX0002641,FF00002641,Window,None,None,True,4,111916,Family,2022-01-01,9999-12-31,True,1
2642,PAX0002642,FF00002642,Window,Vegetarian,None,False,24,11986,Family,2022-01-01,9999-12-31,True,1
2643,PAX0002643,FF00002643,Aisle,Vegetarian,None,False,10,56377,Business Traveler,2022-01-01,9999-12-31,True,1
2644,PAX0002644,FF00002644,No Preference,Vegan,None,False,6,543,Student,2022-01-01,9999-12-31,True,1
2645,PAX0002645,FF00002645,Aisle,Halal,None,True,0,21424,Business Traveler,2022-01-01,9999-12-31,True,1
2646,PAX0002646,FF00002646,No Preference,Vegetarian,None,True,41,35447,Senior,2022-01-01,9999-12-31,True,1
2647,PAX0002647,FF00002647,No Preference,Vegetarian,None,False,0,6297,Leisure,2022-01-01,9999-12-31,True,1
2648,PAX0002648,FF00002648,No Preference,Vegan,None,False,17,55248,Family,2022-01-01,9999-12-31,True,1
2649,PAX0002649,FF00002649,Window,Child,WCHC,True,11,31020,Family,2022-01-01,2023-03-31,False,1
5649,PAX0002649,FF00002649,Window,Child,WCHC,True,30,46073,Family,2023-04-01,9999-12-31,True,2
2650,PAX0002650,FF00002650,Aisle,None,None,True,0,52900,Leisure,2022-01-01,2023-03-31,False,1
5650,PAX0002650,FF00002650,Aisle,None,None,True,5,61799,Student,2023-04-01,9999-12-31,True,2
2651,PAX0002651,FF00002651,No Preference,Child,None,False,18,8994,Student,2022-01-01,9999-12-31,True,1
2652,PAX0002652,FF00002652,No Preference,None,None,True,14,7256,Student,2022-01-01,2023-03-31,False,1
5652,PAX0002652,FF00002652,No Preference,None,None,True,32,26623,Senior,2023-04-01,9999-12-31,True,2
2653,PAX0002653,FF00002653,No Preference,Child,None,True,0,6736,Senior,2022-01-01,9999-12-31,True,1
2654,PAX0002654,FF00002654,Aisle,Vegan,None,True,2,12363,Student,2022-01-01,9999-12-31,True,1
2655,PAX0002655,FF00002655,No Preference,Vegan,None,False,6,21311,Family,2022-01-01,2023-03-31,False,1
5655,PAX0002655,FF00002655,No Preference,Vegan,None,False,18,34957,Business Traveler,2023-04-01,9999-12-31,True,2
2656,PAX0002656,FF00002656,Aisle,Vegetarian,Wheelchair,False,7,9469,Leisure,2022-01-01,2023-03-31,False,1
5656,PAX0002656,FF00002656,Aisle,Vegetarian,Wheelchair,False,23,23742,Student,2023-04-01,9999-12-31,True,2
2657,PAX0002657,FF00002657,Window,None,None,True,0,27873,Family,2022-01-01,9999-12-31,True,1
2658,PAX0002658,FF00002658,No Preference,Child,None,False,6,10643,Family,2022-01-01,9999-12-31,True,1
2659,PAX0002659,FF00002659,No Preference,Halal,None,False,24,41200,Senior,2022-01-01,9999-12-31,True,1
2660,PAX0002660,FF00002660,No Preference,Halal,None,False,23,20494,Business Traveler,2022-01-01,9999-12-31,True,1
2661,PAX0002661,FF00002661,Window,Vegetarian,None,True,1,35743,Business Traveler,2022-01-01,9999-12-31,True,1
2662,PAX0002662,FF00002662,Aisle,Vegetarian,None,False,2,17460,Leisure,2022-01-01,9999-12-31,True,1
2663,PAX0002663,FF00002663,Aisle,None,None,False,0,52341,Leisure,2022-01-01,9999-12-31,True,1
2664,PAX0002664,FF00002664,Window,None,None,False,1,70021,Student,2022-01-01,9999-12-31,True,1
2665,PAX0002665,FF00002665,Window,Vegan,None,True,23,18741,Business Traveler,2022-01-01,9999-12-31,True,1
2666,PAX0002666,FF00002666,Window,Halal,None,False,16,28983,Senior,2022-01-01,9999-12-31,True,1
2667,PAX0002667,FF00002667,No Preference,Vegan,None,True,19,16958,Senior,2022-01-01,9999-12-31,True,1
2668,PAX0002668,FF00002668,Aisle,Child,Wheelchair,True,18,18622,Senior,2022-01-01,9999-12-31,True,1
2669,PAX0002669,FF00002669,No Preference,Halal,None,False,33,19987,Business Traveler,2022-01-01,9999-12-31,True,1
2670,PAX0002670,FF00002670,Window,Child,None,True,7,46123,Senior,2022-01-01,9999-12-31,True,1
2671,PAX0002671,FF00002671,No Preference,None,None,True,20,24256,Business Traveler,2022-01-01,9999-12-31,True,1
2672,PAX0002672,FF00002672,Window,None,None,False,2,18919,Family,2022-01-01,9999-12-31,True,1
2673,PAX0002673,FF00002673,Aisle,Vegetarian,None,True,41,41949,Family,2022-01-01,9999-12-31,True,1
2674,PAX0002674,FF00002674,Window,None,None,False,20,1001,Leisure,2022-01-01,9999-12-31,True,1
2675,PAX0002675,FF00002675,No Preference,Halal,None,False,7,31206,Business Traveler,2022-01-01,9999-12-31,True,1
2676,PAX0002676,FF00002676,Aisle,None,None,True,21,1515,Family,2022-01-01,9999-12-31,True,1
2677,PAX0002677,FF00002677,No Preference,Vegetarian,WCHC,False,22,23848,Leisure,2022-01-01,9999-12-31,True,1
2678,PAX0002678,FF00002678,No Preference,Vegan,None,True,2,11449,Family,2022-01-01,2023-03-31,False,1
5678,PAX0002678,FF00002678,No Preference,Vegan,None,True,17,17395,Leisure,2023-04-01,9999-12-31,True,2
2679,PAX0002679,FF00002679,Window,Child,Wheelchair,False,3,22705,Student,2022-01-01,9999-12-31,True,1
2680,PAX0002680,FF00002680,No Preference,Vegetarian,None,True,0,5178,Student,2022-01-01,9999-12-31,True,1
2681,PAX0002681,FF00002681,Aisle,Child,None,False,20,4267,Leisure,2022-01-01,9999-12-31,True,1
2682,PAX0002682,FF00002682,Window,None,None,True,3,18119,Leisure,2022-01-01,9999-12-31,True,1
2683,PAX0002683,FF00002683,No Preference,Child,None,False,8,43268,Student,2022-01-01,9999-12-31,True,1
2684,PAX0002684,FF00002684,Aisle,Standard,WCHR,True,7,46800,Leisure,2022-01-01,9999-12-31,True,1
2685,PAX0002685,FF00002685,Aisle,Vegan,None,True,11,3600,Business Traveler,2022-01-01,9999-12-31,True,1
2686,PAX0002686,FF00002686,Window,Halal,None,True,2,17236,Family,2022-01-01,9999-12-31,True,1
2687,PAX0002687,FF00002687,Aisle,Halal,None,False,6,40823,Family,2022-01-01,9999-12-31,True,1
2688,PAX0002688,FF00002688,No Preference,Child,WCHR,True,10,14737,Business Traveler,2022-01-01,9999-12-31,True,1
2689,PAX0002689,FF00002689,Aisle,Child,None,True,2,7717,Leisure,2022-01-01,9999-12-31,True,1
2690,PAX0002690,FF00002690,Aisle,None,None,False,10,16520,Business Traveler,2022-01-01,2023-03-31,False,1
5690,PAX0002690,FF00002690,Aisle,None,None,False,25,26691,Leisure,2023-04-01,9999-12-31,True,2
2691,PAX0002691,FF00002691,Window,Vegetarian,None,False,8,5614,Leisure,2022-01-01,9999-12-31,True,1
2692,PAX0002692,FF00002692,Window,Standard,None,False,13,57425,Student,2022-01-01,9999-12-31,True,1
2693,PAX0002693,FF00002693,No Preference,Standard,WCHR,True,3,20289,Senior,2022-01-01,9999-12-31,True,1
2694,PAX0002694,FF00002694,Window,Child,None,True,44,12159,Leisure,2022-01-01,9999-12-31,True,1
2695,PAX0002695,FF00002695,No Preference,Halal,None,False,10,2835,Student,2022-01-01,2023-03-31,False,1
5695,PAX0002695,FF00002695,No Preference,Halal,None,False,22,21488,Business Traveler,2023-04-01,9999-12-31,True,2
2696,PAX0002696,FF00002696,Aisle,Child,None,False,11,2817,Senior,2022-01-01,2023-03-31,False,1
5696,PAX0002696,FF00002696,Aisle,Child,None,False,16,18335,Business Traveler,2023-04-01,9999-12-31,True,2
2697,PAX0002697,FF00002697,Window,Child,Wheelchair,True,38,37727,Family,2022-01-01,9999-12-31,True,1
2698,PAX0002698,FF00002698,Aisle,Standard,None,True,18,36532,Family,2022-01-01,9999-12-31,True,1
2699,PAX0002699,FF00002699,No Preference,Vegetarian,None,True,10,17930,Business Traveler,2022-01-01,9999-12-31,True,1
2700,PAX0002700,FF00002700,Aisle,Vegetarian,WCHC,True,23,94282,Family,2022-01-01,9999-12-31,True,1
2701,PAX0002701,FF00002701,Aisle,Standard,None,True,8,80442,Senior,2022-01-01,9999-12-31,True,1
2702,PAX0002702,FF00002702,Aisle,Vegan,None,False,10,23190,Senior,2022-01-01,2023-03-31,False,1
5702,PAX0002702,FF00002702,Aisle,Vegan,None,False,23,37052,Senior,2023-04-01,9999-12-31,True,2
2703,PAX0002703,FF00002703,Aisle,Standard,None,True,7,7044,Senior,2022-01-01,9999-12-31,True,1
2704,PAX0002704,FF00002704,No Preference,Standard,None,True,0,8292,Senior,2022-01-01,9999-12-31,True,1
2705,PAX0002705,FF00002705,Window,Vegan,None,True,8,14339,Leisure,2022-01-01,2023-03-31,False,1
5705,PAX0002705,FF00002705,Window,Vegan,None,True,26,20126,Family,2023-04-01,9999-12-31,True,2
2706,PAX0002706,FF00002706,Window,Child,None,True,7,118349,Leisure,2022-01-01,9999-12-31,True,1
2707,PAX0002707,FF00002707,Window,None,None,True,5,18054,Leisure,2022-01-01,2023-03-31,False,1
5707,PAX0002707,FF00002707,Window,None,None,True,21,32617,Student,2023-04-01,9999-12-31,True,2
2708,PAX0002708,FF00002708,No Preference,Vegan,None,True,1,1474,Business Traveler,2022-01-01,9999-12-31,True,1
2709,PAX0002709,FF00002709,Window,Halal,Wheelchair,False,17,25366,Family,2022-01-01,9999-12-31,True,1
2710,PAX0002710,FF00002710,No Preference,None,None,True,17,4870,Business Traveler,2022-01-01,9999-12-31,True,1
2711,PAX0002711,FF00002711,No Preference,Standard,None,False,10,8776,Family,2022-01-01,2023-03-31,False,1
5711,PAX0002711,FF00002711,No Preference,Standard,None,False,26,14281,Student,2023-04-01,9999-12-31,True,2
2712,PAX0002712,FF00002712,Window,Standard,None,True,3,347,Leisure,2022-01-01,9999-12-31,True,1
2713,PAX0002713,FF00002713,Window,Vegan,None,True,1,11100,Family,2022-01-01,9999-12-31,True,1
2714,PAX0002714,FF00002714,No Preference,Vegan,Wheelchair,True,1,127759,Family,2022-01-01,9999-12-31,True,1
2715,PAX0002715,FF00002715,Window,Child,Wheelchair,False,4,4189,Senior,2022-01-01,9999-12-31,True,1
2716,PAX0002716,FF00002716,No Preference,Halal,None,False,2,26580,Business Traveler,2022-01-01,9999-12-31,True,1
2717,PAX0002717,FF00002717,No Preference,Halal,Wheelchair,True,0,59509,Senior,2022-01-01,9999-12-31,True,1
2718,PAX0002718,FF00002718,Aisle,Halal,None,False,39,8500,Family,2022-01-01,9999-12-31,True,1
2719,PAX0002719,FF00002719,No Preference,Child,WCHR,False,7,671,Family,2022-01-01,9999-12-31,True,1
2720,PAX0002720,FF00002720,Window,Child,WCHC,True,12,16029,Student,2022-01-01,2023-03-31,False,1
5720,PAX0002720,FF00002720,Window,Child,WCHC,True,17,25786,Family,2023-04-01,9999-12-31,True,2
2721,PAX0002721,FF00002721,Aisle,None,None,False,3,6951,Leisure,2022-01-01,9999-12-31,True,1
2722,PAX0002722,FF00002722,No Preference,Child,None,False,12,16146,Senior,2022-01-01,9999-12-31,True,1
2723,PAX0002723,FF00002723,Aisle,Vegetarian,None,False,2,35049,Student,2022-01-01,9999-12-31,True,1
2724,PAX0002724,FF00002724,No Preference,Vegan,None,False,9,58700,Senior,2022-01-01,9999-12-31,True,1
2725,PAX0002725,FF00002725,Window,Vegetarian,WCHC,False,1,46206,Leisure,2022-01-01,9999-12-31,True,1
2726,PAX0002726,FF00002726,Aisle,Standard,None,False,13,3665,Senior,2022-01-01,2023-03-31,False,1
5726,PAX0002726,FF00002726,Aisle,Standard,None,False,30,15798,Family,2023-04-01,9999-12-31,True,2
2727,PAX0002727,FF00002727,Window,Halal,None,True,14,17477,Student,2022-01-01,9999-12-31,True,1
2728,PAX0002728,FF00002728,No Preference,Child,WCHR,False,34,4580,Senior,2022-01-01,9999-12-31,True,1
2729,PAX0002729,FF00002729,Aisle,Vegan,None,False,12,14437,Senior,2022-01-01,9999-12-31,True,1
2730,PAX0002730,FF00002730,Window,Standard,Wheelchair,False,37,12013,Leisure,2022-01-01,9999-12-31,True,1
2731,PAX0002731,FF00002731,Window,Halal,None,True,39,69526,Leisure,2022-01-01,9999-12-31,True,1
2732,PAX0002732,FF00002732,No Preference,Vegan,Wheelchair,True,3,48819,Family,2022-01-01,9999-12-31,True,1
2733,PAX0002733,FF00002733,No Preference,Halal,None,True,65,8737,Senior,2022-01-01,2023-03-31,False,1
5733,PAX0002733,FF00002733,No Preference,Halal,None,True,71,19299,Student,2023-04-01,9999-12-31,True,2
2734,PAX0002734,FF00002734,Window,None,None,True,6,22030,Student,2022-01-01,2023-03-31,False,1
5734,PAX0002734,FF00002734,Window,None,None,True,17,38809,Business Traveler,2023-04-01,9999-12-31,True,2
2735,PAX0002735,FF00002735,Aisle,Halal,WCHR,True,4,461,Student,2022-01-01,9999-12-31,True,1
2736,PAX0002736,FF00002736,Window,Halal,None,True,2,9935,Leisure,2022-01-01,2023-03-31,False,1
5736,PAX0002736,FF00002736,Window,Halal,None,True,7,24839,Business Traveler,2023-04-01,9999-12-31,True,2
2737,PAX0002737,FF00002737,Window,Child,None,False,7,5629,Leisure,2022-01-01,9999-12-31,True,1
2738,PAX0002738,FF00002738,Aisle,None,None,True,24,36614,Student,2022-01-01,9999-12-31,True,1
2739,PAX0002739,FF00002739,No Preference,Vegan,None,False,1,31502,Leisure,2022-01-01,9999-12-31,True,1
2740,PAX0002740,FF00002740,Aisle,Child,None,True,12,93858,Student,2022-01-01,2023-03-31,False,1
5740,PAX0002740,FF00002740,Aisle,Child,None,True,20,100738,Leisure,2023-04-01,9999-12-31,True,2
2741,PAX0002741,FF00002741,No Preference,Vegetarian,None,True,0,8547,Senior,2022-01-01,9999-12-31,True,1
2742,PAX0002742,FF00002742,No Preference,None,None,True,31,80706,Business Traveler,2022-01-01,9999-12-31,True,1
2743,PAX0002743,FF00002743,No Preference,Vegan,None,False,15,43542,Leisure,2022-01-01,9999-12-31,True,1
2744,PAX0002744,FF00002744,Aisle,Child,None,False,1,21638,Leisure,2022-01-01,9999-12-31,True,1
2745,PAX0002745,FF00002745,Aisle,Vegan,WCHC,False,3,5998,Leisure,2022-01-01,9999-12-31,True,1
2746,PAX0002746,FF00002746,Aisle,Child,None,True,19,4352,Leisure,2022-01-01,9999-12-31,True,1
2747,PAX0002747,FF00002747,No Preference,Vegetarian,None,False,7,83699,Leisure,2022-01-01,2023-03-31,False,1
5747,PAX0002747,FF00002747,No Preference,Vegetarian,None,False,18,94055,Student,2023-04-01,9999-12-31,True,2
2748,PAX0002748,FF00002748,Aisle,Child,None,True,2,114492,Family,2022-01-01,2023-03-31,False,1
5748,PAX0002748,FF00002748,Aisle,Child,None,True,14,123616,Business Traveler,2023-04-01,9999-12-31,True,2
2749,PAX0002749,FF00002749,Window,Child,None,True,61,24332,Family,2022-01-01,9999-12-31,True,1
2750,PAX0002750,FF00002750,Aisle,Vegan,None,False,2,11398,Senior,2022-01-01,9999-12-31,True,1
2751,PAX0002751,FF00002751,No Preference,Vegetarian,None,False,6,11102,Student,2022-01-01,9999-12-31,True,1
2752,PAX0002752,FF00002752,No Preference,Vegan,None,True,3,107513,Business Traveler,2022-01-01,9999-12-31,True,1
2753,PAX0002753,FF00002753,Window,None,Wheelchair,True,1,39652,Senior,2022-01-01,9999-12-31,True,1
2754,PAX0002754,FF00002754,Window,Halal,None,True,0,27203,Senior,2022-01-01,2023-03-31,False,1
5754,PAX0002754,FF00002754,Window,Halal,None,True,20,45988,Business Traveler,2023-04-01,9999-12-31,True,2
2755,PAX0002755,FF00002755,Window,Halal,None,False,29,10187,Leisure,2022-01-01,2023-03-31,False,1
5755,PAX0002755,FF00002755,Window,Halal,None,False,34,28380,Business Traveler,2023-04-01,9999-12-31,True,2
2756,PAX0002756,FF00002756,Aisle,Halal,None,False,2,31638,Student,2022-01-01,9999-12-31,True,1
2757,PAX0002757,FF00002757,Aisle,Vegetarian,None,False,14,34945,Business Traveler,2022-01-01,9999-12-31,True,1
2758,PAX0002758,FF00002758,Aisle,Vegetarian,None,True,4,8718,Student,2022-01-01,9999-12-31,True,1
2759,PAX0002759,FF00002759,Window,Child,None,False,37,77035,Business Traveler,2022-01-01,2023-03-31,False,1
5759,PAX0002759,FF00002759,Window,Child,None,False,48,95008,Business Traveler,2023-04-01,9999-12-31,True,2
2760,PAX0002760,FF00002760,Window,Halal,None,False,7,56161,Student,2022-01-01,9999-12-31,True,1
2761,PAX0002761,FF00002761,Aisle,Child,None,True,7,16569,Family,2022-01-01,9999-12-31,True,1
2762,PAX0002762,FF00002762,Aisle,Child,None,True,2,16675,Business Traveler,2022-01-01,9999-12-31,True,1
2763,PAX0002763,FF00002763,Aisle,Child,None,False,9,682,Senior,2022-01-01,9999-12-31,True,1
2764,PAX0002764,FF00002764,Window,Vegan,WCHR,True,7,45609,Leisure,2022-01-01,9999-12-31,True,1
2765,PAX0002765,FF00002765,Window,Vegetarian,Wheelchair,False,13,30248,Student,2022-01-01,9999-12-31,True,1
2766,PAX0002766,FF00002766,Aisle,Standard,None,True,28,545,Business Traveler,2022-01-01,9999-12-31,True,1
2767,PAX0002767,FF00002767,No Preference,Child,None,False,9,46443,Family,2022-01-01,9999-12-31,True,1
2768,PAX0002768,FF00002768,No Preference,Vegan,None,False,9,11742,Business Traveler,2022-01-01,9999-12-31,True,1
2769,PAX0002769,FF00002769,Aisle,Vegan,None,False,1,65560,Senior,2022-01-01,9999-12-31,True,1
2770,PAX0002770,FF00002770,No Preference,Vegetarian,None,True,7,63140,Family,2022-01-01,2023-03-31,False,1
5770,PAX0002770,FF00002770,No Preference,Vegetarian,None,True,18,82209,Family,2023-04-01,9999-12-31,True,2
2771,PAX0002771,FF00002771,Aisle,Child,None,False,10,33643,Senior,2022-01-01,2023-03-31,False,1
5771,PAX0002771,FF00002771,Aisle,Child,None,False,21,48452,Student,2023-04-01,9999-12-31,True,2
2772,PAX0002772,FF00002772,Window,Halal,None,False,19,32289,Family,2022-01-01,9999-12-31,True,1
2773,PAX0002773,FF00002773,Window,None,None,False,6,21623,Senior,2022-01-01,9999-12-31,True,1
2774,PAX0002774,FF00002774,Aisle,Child,None,True,19,14035,Business Traveler,2022-01-01,2023-03-31,False,1
5774,PAX0002774,FF00002774,Aisle,Child,None,True,32,22403,Student,2023-04-01,9999-12-31,True,2
2775,PAX0002775,FF00002775,No Preference,None,None,True,5,3017,Business Traveler,2022-01-01,9999-12-31,True,1
2776,PAX0002776,FF00002776,Aisle,Halal,None,False,29,2863,Leisure,2022-01-01,2023-03-31,False,1
5776,PAX0002776,FF00002776,Aisle,Halal,None,False,41,15525,Senior,2023-04-01,9999-12-31,True,2
2777,PAX0002777,FF00002777,Window,Vegan,None,True,12,15991,Student,2022-01-01,9999-12-31,True,1
2778,PAX0002778,FF00002778,Window,Vegan,None,True,6,34141,Business Traveler,2022-01-01,9999-12-31,True,1
2779,PAX0002779,FF00002779,No Preference,Halal,WCHR,False,0,27020,Family,2022-01-01,9999-12-31,True,1
2780,PAX0002780,FF00002780,No Preference,Vegetarian,None,True,17,52844,Business Traveler,2022-01-01,9999-12-31,True,1
2781,PAX0002781,FF00002781,Window,None,None,False,2,68313,Leisure,2022-01-01,9999-12-31,True,1
2782,PAX0002782,FF00002782,No Preference,Vegan,None,False,12,64075,Family,2022-01-01,9999-12-31,True,1
2783,PAX0002783,FF00002783,Aisle,Standard,None,False,7,23428,Business Traveler,2022-01-01,9999-12-31,True,1
2784,PAX0002784,FF00002784,Window,Child,None,True,30,69050,Family,2022-01-01,9999-12-31,True,1
2785,PAX0002785,FF00002785,Window,Vegan,None,True,7,9623,Leisure,2022-01-01,9999-12-31,True,1
2786,PAX0002786,FF00002786,No Preference,Vegan,Wheelchair,True,5,14719,Student,2022-01-01,9999-12-31,True,1
2787,PAX0002787,FF00002787,Window,Standard,None,True,4,9383,Student,2022-01-01,9999-12-31,True,1
2788,PAX0002788,FF00002788,Aisle,Halal,None,True,23,2172,Senior,2022-01-01,9999-12-31,True,1
2789,PAX0002789,FF00002789,Window,Standard,None,True,13,5691,Business Traveler,2022-01-01,2023-03-31,False,1
5789,PAX0002789,FF00002789,Window,Standard,None,True,30,12284,Family,2023-04-01,9999-12-31,True,2
2790,PAX0002790,FF00002790,Aisle,Halal,Wheelchair,True,5,1905,Student,2022-01-01,9999-12-31,True,1
2791,PAX0002791,FF00002791,No Preference,Child,None,True,3,43885,Student,2022-01-01,9999-12-31,True,1
2792,PAX0002792,FF00002792,No Preference,None,WCHR,False,25,7512,Senior,2022-01-01,9999-12-31,True,1
2793,PAX0002793,FF00002793,Aisle,None,None,False,7,19064,Leisure,2022-01-01,9999-12-31,True,1
2794,PAX0002794,FF00002794,Aisle,Standard,None,True,24,43165,Leisure,2022-01-01,9999-12-31,True,1
2795,PAX0002795,FF00002795,Window,None,None,False,8,33327,Family,2022-01-01,9999-12-31,True,1
2796,PAX0002796,FF00002796,Aisle,Vegetarian,Wheelchair,False,22,287,Family,2022-01-01,9999-12-31,True,1
2797,PAX0002797,FF00002797,No Preference,Halal,None,False,6,71333,Family,2022-01-01,2023-03-31,False,1
5797,PAX0002797,FF00002797,No Preference,Halal,None,False,25,76449,Senior,2023-04-01,9999-12-31,True,2
2798,PAX0002798,FF00002798,No Preference,Halal,None,True,16,23481,Senior,2022-01-01,9999-12-31,True,1
2799,PAX0002799,FF00002799,Window,None,Wheelchair,False,9,12820,Business Traveler,2022-01-01,9999-12-31,True,1
2800,PAX0002800,FF00002800,No Preference,Halal,None,False,8,31959,Business Traveler,2022-01-01,2023-03-31,False,1
5800,PAX0002800,FF00002800,No Preference,Halal,None,False,23,47994,Family,2023-04-01,9999-12-31,True,2
2801,PAX0002801,FF00002801,Window,Halal,None,False,6,37568,Family,2022-01-01,9999-12-31,True,1
2802,PAX0002802,FF00002802,No Preference,Vegetarian,WCHC,False,23,5041,Student,2022-01-01,9999-12-31,True,1
2803,PAX0002803,FF00002803,Window,Vegan,None,False,7,15728,Senior,2022-01-01,9999-12-31,True,1
2804,PAX0002804,FF00002804,Aisle,Child,None,False,13,8625,Student,2022-01-01,9999-12-31,True,1
2805,PAX0002805,FF00002805,Aisle,Vegan,None,False,12,62986,Senior,2022-01-01,9999-12-31,True,1
2806,PAX0002806,FF00002806,No Preference,None,None,False,6,72578,Student,2022-01-01,9999-12-31,True,1
2807,PAX0002807,FF00002807,No Preference,None,None,True,59,3364,Student,2022-01-01,9999-12-31,True,1
2808,PAX0002808,FF00002808,No Preference,None,None,False,3,90100,Family,2022-01-01,9999-12-31,True,1
2809,PAX0002809,FF00002809,Window,None,None,False,38,3084,Business Traveler,2022-01-01,9999-12-31,True,1
2810,PAX0002810,FF00002810,Aisle,Halal,None,True,0,5269,Senior,2022-01-01,9999-12-31,True,1
2811,PAX0002811,FF00002811,No Preference,Vegetarian,None,False,66,5953,Senior,2022-01-01,9999-12-31,True,1
2812,PAX0002812,FF00002812,No Preference,Standard,None,False,8,56598,Student,2022-01-01,9999-12-31,True,1
2813,PAX0002813,FF00002813,No Preference,Halal,Wheelchair,True,0,27827,Senior,2022-01-01,9999-12-31,True,1
2814,PAX0002814,FF00002814,Aisle,Standard,None,False,3,59487,Leisure,2022-01-01,2023-03-31,False,1
5814,PAX0002814,FF00002814,Aisle,Standard,None,False,8,69635,Student,2023-04-01,9999-12-31,True,2
2815,PAX0002815,FF00002815,No Preference,Vegetarian,None,True,3,34823,Family,2022-01-01,9999-12-31,True,1
2816,PAX0002816,FF00002816,Window,Vegetarian,Wheelchair,False,13,7511,Senior,2022-01-01,9999-12-31,True,1
2817,PAX0002817,FF00002817,No Preference,Vegan,Wheelchair,True,0,15790,Leisure,2022-01-01,9999-12-31,True,1
2818,PAX0002818,FF00002818,Window,Vegan,None,False,4,49660,Student,2022-01-01,2023-03-31,False,1
5818,PAX0002818,FF00002818,Window,Vegan,None,False,13,67481,Family,2023-04-01,9999-12-31,True,2
2819,PAX0002819,FF00002819,No Preference,Halal,Wheelchair,True,19,18320,Business Traveler,2022-01-01,9999-12-31,True,1
2820,PAX0002820,FF00002820,No Preference,Vegan,None,False,11,27809,Family,2022-01-01,2023-03-31,False,1
5820,PAX0002820,FF00002820,No Preference,Vegan,None,False,26,34692,Family,2023-04-01,9999-12-31,True,2
2821,PAX0002821,FF00002821,No Preference,Halal,None,False,21,16601,Senior,2022-01-01,9999-12-31,True,1
2822,PAX0002822,FF00002822,No Preference,Vegetarian,WCHC,True,3,9237,Senior,2022-01-01,2023-03-31,False,1
5822,PAX0002822,FF00002822,No Preference,Vegetarian,WCHC,True,14,28809,Student,2023-04-01,9999-12-31,True,2
2823,PAX0002823,FF00002823,No Preference,Halal,None,False,9,17888,Family,2022-01-01,9999-12-31,True,1
2824,PAX0002824,FF00002824,Window,Halal,None,True,6,2866,Senior,2022-01-01,2023-03-31,False,1
5824,PAX0002824,FF00002824,Window,Halal,None,True,11,19764,Senior,2023-04-01,9999-12-31,True,2
2825,PAX0002825,FF00002825,No Preference,Vegan,None,False,15,7213,Business Traveler,2022-01-01,9999-12-31,True,1
2826,PAX0002826,FF00002826,No Preference,Child,None,True,2,15969,Leisure,2022-01-01,9999-12-31,True,1
2827,PAX0002827,FF00002827,No Preference,Vegan,WCHR,True,3,26301,Family,2022-01-01,2023-03-31,False,1
5827,PAX0002827,FF00002827,No Preference,Vegan,WCHR,True,23,38865,Leisure,2023-04-01,9999-12-31,True,2
2828,PAX0002828,FF00002828,No Preference,None,None,False,5,17875,Business Traveler,2022-01-01,9999-12-31,True,1
2829,PAX0002829,FF00002829,Window,Vegan,None,False,9,6827,Business Traveler,2022-01-01,9999-12-31,True,1
2830,PAX0002830,FF00002830,Window,Vegan,None,True,2,63713,Senior,2022-01-01,9999-12-31,True,1
2831,PAX0002831,FF00002831,Window,Vegan,None,False,6,15935,Business Traveler,2022-01-01,9999-12-31,True,1
2832,PAX0002832,FF00002832,No Preference,None,None,False,0,20673,Family,2022-01-01,9999-12-31,True,1
2833,PAX0002833,FF00002833,Window,Standard,None,False,9,24550,Senior,2022-01-01,9999-12-31,True,1
2834,PAX0002834,FF00002834,Aisle,None,None,True,14,5861,Student,2022-01-01,9999-12-31,True,1
2835,PAX0002835,FF00002835,Aisle,Vegetarian,None,True,3,49937,Leisure,2022-01-01,2023-03-31,False,1
5835,PAX0002835,FF00002835,Aisle,Vegetarian,None,True,15,67910,Senior,2023-04-01,9999-12-31,True,2
2836,PAX0002836,FF00002836,Aisle,Halal,None,True,35,4383,Senior,2022-01-01,9999-12-31,True,1
2837,PAX0002837,FF00002837,No Preference,Child,None,False,8,7230,Student,2022-01-01,9999-12-31,True,1
2838,PAX0002838,FF00002838,No Preference,Child,None,False,0,11813,Family,2022-01-01,9999-12-31,True,1
2839,PAX0002839,FF00002839,Window,None,None,False,1,37129,Senior,2022-01-01,2023-03-31,False,1
5839,PAX0002839,FF00002839,Window,None,None,False,10,49064,Student,2023-04-01,9999-12-31,True,2
2840,PAX0002840,FF00002840,Window,Standard,None,True,9,4658,Leisure,2022-01-01,9999-12-31,True,1
2841,PAX0002841,FF00002841,Window,Child,WCHR,False,0,49532,Senior,2022-01-01,2023-03-31,False,1
5841,PAX0002841,FF00002841,Window,Child,WCHR,False,10,69445,Business Traveler,2023-04-01,9999-12-31,True,2
2842,PAX0002842,FF00002842,Aisle,Halal,None,True,2,27958,Leisure,2022-01-01,2023-03-31,False,1
5842,PAX0002842,FF00002842,Aisle,Halal,None,True,10,46118,Family,2023-04-01,9999-12-31,True,2
2843,PAX0002843,FF00002843,Window,Vegetarian,None,True,4,26419,Leisure,2022-01-01,2023-03-31,False,1
5843,PAX0002843,FF00002843,Window,Vegetarian,None,True,20,34941,Leisure,2023-04-01,9999-12-31,True,2
2844,PAX0002844,FF00002844,Aisle,Standard,None,True,4,2728,Leisure,2022-01-01,2023-03-31,False,1
5844,PAX0002844,FF00002844,Aisle,Standard,None,True,13,19193,Family,2023-04-01,9999-12-31,True,2
2845,PAX0002845,FF00002845,No Preference,Vegan,WCHR,True,3,6249,Business Traveler,2022-01-01,9999-12-31,True,1
2846,PAX0002846,FF00002846,No Preference,Standard,None,True,6,32213,Student,2022-01-01,9999-12-31,True,1
2847,PAX0002847,FF00002847,Aisle,Vegetarian,WCHR,False,3,364,Senior,2022-01-01,9999-12-31,True,1
2848,PAX0002848,FF00002848,Aisle,Vegetarian,None,True,8,27923,Student,2022-01-01,9999-12-31,True,1
2849,PAX0002849,FF00002849,No Preference,Halal,None,True,39,26709,Student,2022-01-01,9999-12-31,True,1
2850,PAX0002850,FF00002850,Aisle,Vegetarian,Wheelchair,True,7,25557,Family,2022-01-01,9999-12-31,True,1
2851,PAX0002851,FF00002851,Aisle,Vegetarian,None,True,31,52873,Family,2022-01-01,9999-12-31,True,1
2852,PAX0002852,FF00002852,Aisle,None,None,False,4,8124,Family,2022-01-01,9999-12-31,True,1
2853,PAX0002853,FF00002853,Window,Halal,WCHR,True,3,21060,Leisure,2022-01-01,2023-03-31,False,1
5853,PAX0002853,FF00002853,Window,Halal,WCHR,True,11,35483,Family,2023-04-01,9999-12-31,True,2
2854,PAX0002854,FF00002854,No Preference,Child,None,False,16,20988,Student,2022-01-01,9999-12-31,True,1
2855,PAX0002855,FF00002855,Window,None,None,True,0,38575,Student,2022-01-01,9999-12-31,True,1
2856,PAX0002856,FF00002856,No Preference,Standard,Wheelchair,False,19,10253,Business Traveler,2022-01-01,9999-12-31,True,1
2857,PAX0002857,FF00002857,Aisle,Halal,None,False,13,16684,Business Traveler,2022-01-01,9999-12-31,True,1
2858,PAX0002858,FF00002858,Aisle,Vegan,None,False,26,55973,Student,2022-01-01,9999-12-31,True,1
2859,PAX0002859,FF00002859,Window,Halal,Wheelchair,True,8,35281,Business Traveler,2022-01-01,9999-12-31,True,1
2860,PAX0002860,FF00002860,No Preference,Vegetarian,None,False,25,20538,Student,2022-01-01,9999-12-31,True,1
2861,PAX0002861,FF00002861,No Preference,Vegan,WCHR,False,4,42032,Student,2022-01-01,9999-12-31,True,1
2862,PAX0002862,FF00002862,Aisle,None,None,True,2,14756,Family,2022-01-01,9999-12-31,True,1
2863,PAX0002863,FF00002863,No Preference,Child,Wheelchair,True,24,38666,Senior,2022-01-01,9999-12-31,True,1
2864,PAX0002864,FF00002864,Window,Vegan,None,False,6,7252,Student,2022-01-01,9999-12-31,True,1
2865,PAX0002865,FF00002865,Aisle,Child,Wheelchair,False,5,10026,Senior,2022-01-01,9999-12-31,True,1
2866,PAX0002866,FF00002866,Window,Vegan,None,True,2,40799,Family,2022-01-01,9999-12-31,True,1
2867,PAX0002867,FF00002867,Aisle,Standard,None,False,3,18163,Family,2022-01-01,9999-12-31,True,1
2868,PAX0002868,FF00002868,Window,Vegan,None,False,5,120650,Family,2022-01-01,9999-12-31,True,1
2869,PAX0002869,FF00002869,Aisle,Standard,None,True,5,2500,Senior,2022-01-01,2023-03-31,False,1
5869,PAX0002869,FF00002869,Aisle,Standard,None,True,22,13405,Senior,2023-04-01,9999-12-31,True,2
2870,PAX0002870,FF00002870,Window,Halal,Wheelchair,True,1,26803,Leisure,2022-01-01,9999-12-31,True,1
2871,PAX0002871,FF00002871,No Preference,Standard,None,False,10,16277,Student,2022-01-01,9999-12-31,True,1
2872,PAX0002872,FF00002872,Aisle,Halal,None,False,6,1663,Student,2022-01-01,9999-12-31,True,1
2873,PAX0002873,FF00002873,Window,Vegan,WCHC,True,8,21080,Leisure,2022-01-01,9999-12-31,True,1
2874,PAX0002874,FF00002874,No Preference,Vegan,None,False,1,3289,Senior,2022-01-01,9999-12-31,True,1
2875,PAX0002875,FF00002875,No Preference,Halal,None,False,1,3195,Family,2022-01-01,2023-03-31,False,1
5875,PAX0002875,FF00002875,No Preference,Halal,None,False,19,20632,Family,2023-04-01,9999-12-31,True,2
2876,PAX0002876,FF00002876,Aisle,Vegetarian,None,True,11,6562,Student,2022-01-01,9999-12-31,True,1
2877,PAX0002877,FF00002877,No Preference,Halal,None,True,3,5719,Family,2022-01-01,9999-12-31,True,1
2878,PAX0002878,FF00002878,Aisle,Child,None,True,37,57851,Family,2022-01-01,9999-12-31,True,1
2879,PAX0002879,FF00002879,Window,None,None,True,3,11905,Family,2022-01-01,9999-12-31,True,1
2880,PAX0002880,FF00002880,No Preference,Child,None,True,2,20310,Business Traveler,2022-01-01,2023-03-31,False,1
5880,PAX0002880,FF00002880,No Preference,Child,None,True,13,35094,Student,2023-04-01,9999-12-31,True,2
2881,PAX0002881,FF00002881,Window,Halal,Wheelchair,True,0,33384,Business Traveler,2022-01-01,2023-03-31,False,1
5881,PAX0002881,FF00002881,Window,Halal,Wheelchair,True,6,38924,Student,2023-04-01,9999-12-31,True,2
2882,PAX0002882,FF00002882,Window,None,None,True,8,68671,Leisure,2022-01-01,9999-12-31,True,1
2883,PAX0002883,FF00002883,Aisle,Child,None,True,2,48905,Leisure,2022-01-01,9999-12-31,True,1
2884,PAX0002884,FF00002884,No Preference,Vegetarian,WCHR,True,18,4080,Family,2022-01-01,9999-12-31,True,1
2885,PAX0002885,FF00002885,Aisle,Halal,WCHR,False,6,5595,Family,2022-01-01,2023-03-31,False,1
5885,PAX0002885,FF00002885,Aisle,Halal,WCHR,False,25,17677,Senior,2023-04-01,9999-12-31,True,2
2886,PAX0002886,FF00002886,No Preference,Halal,Wheelchair,True,3,9165,Business Traveler,2022-01-01,9999-12-31,True,1
2887,PAX0002887,FF00002887,No Preference,Standard,None,True,9,15900,Senior,2022-01-01,9999-12-31,True,1
2888,PAX0002888,FF00002888,Window,None,Wheelchair,False,35,4052,Student,2022-01-01,9999-12-31,True,1
2889,PAX0002889,FF00002889,No Preference,Child,None,True,43,7865,Senior,2022-01-01,9999-12-31,True,1
2890,PAX0002890,FF00002890,Window,Vegan,None,False,17,12418,Family,2022-01-01,2023-03-31,False,1
5890,PAX0002890,FF00002890,Window,Vegan,None,False,37,24686,Family,2023-04-01,9999-12-31,True,2
2891,PAX0002891,FF00002891,Aisle,Halal,None,True,1,58534,Student,2022-01-01,9999-12-31,True,1
2892,PAX0002892,FF00002892,Window,Halal,WCHR,False,4,32263,Senior,2022-01-01,9999-12-31,True,1
2893,PAX0002893,FF00002893,No Preference,Child,None,True,10,19145,Business Traveler,2022-01-01,9999-12-31,True,1
2894,PAX0002894,FF00002894,Aisle,Vegan,None,True,8,39529,Leisure,2022-01-01,9999-12-31,True,1
2895,PAX0002895,FF00002895,Window,None,None,True,1,33094,Family,2022-01-01,9999-12-31,True,1
2896,PAX0002896,FF00002896,Aisle,Child,None,False,27,1785,Family,2022-01-01,2023-03-31,False,1
5896,PAX0002896,FF00002896,Aisle,Child,None,False,37,20543,Business Traveler,2023-04-01,9999-12-31,True,2
2897,PAX0002897,FF00002897,Window,Vegetarian,None,True,1,37830,Student,2022-01-01,9999-12-31,True,1
2898,PAX0002898,FF00002898,Window,Standard,None,True,6,15502,Leisure,2022-01-01,9999-12-31,True,1
2899,PAX0002899,FF00002899,Aisle,Standard,WCHC,True,1,21203,Leisure,2022-01-01,9999-12-31,True,1
2900,PAX0002900,FF00002900,Aisle,None,Wheelchair,False,1,19423,Senior,2022-01-01,9999-12-31,True,1
2901,PAX0002901,FF00002901,Aisle,Halal,None,False,17,8962,Student,2022-01-01,9999-12-31,True,1
2902,PAX0002902,FF00002902,Aisle,None,Wheelchair,False,7,144909,Senior,2022-01-01,9999-12-31,True,1
2903,PAX0002903,FF00002903,Window,Standard,Wheelchair,False,13,55232,Business Traveler,2022-01-01,9999-12-31,True,1
2904,PAX0002904,FF00002904,Aisle,None,None,False,6,43812,Student,2022-01-01,9999-12-31,True,1
2905,PAX0002905,FF00002905,Aisle,Vegetarian,WCHC,True,0,3934,Leisure,2022-01-01,9999-12-31,True,1
2906,PAX0002906,FF00002906,Window,Halal,WCHC,False,2,15422,Leisure,2022-01-01,9999-12-31,True,1
2907,PAX0002907,FF00002907,Window,Standard,None,True,22,12751,Business Traveler,2022-01-01,9999-12-31,True,1
2908,PAX0002908,FF00002908,Aisle,Halal,None,True,12,37065,Student,2022-01-01,2023-03-31,False,1
5908,PAX0002908,FF00002908,Aisle,Halal,None,True,27,43421,Leisure,2023-04-01,9999-12-31,True,2
2909,PAX0002909,FF00002909,Window,Child,WCHC,False,10,13259,Business Traveler,2022-01-01,9999-12-31,True,1
2910,PAX0002910,FF00002910,No Preference,Standard,None,False,10,12568,Family,2022-01-01,9999-12-31,True,1
2911,PAX0002911,FF00002911,No Preference,Halal,WCHC,True,1,148026,Leisure,2022-01-01,9999-12-31,True,1
2912,PAX0002912,FF00002912,Aisle,Vegan,None,True,1,2252,Leisure,2022-01-01,9999-12-31,True,1
2913,PAX0002913,FF00002913,No Preference,None,None,False,25,10778,Leisure,2022-01-01,9999-12-31,True,1
2914,PAX0002914,FF00002914,Window,Vegan,None,True,12,11969,Senior,2022-01-01,2023-03-31,False,1
5914,PAX0002914,FF00002914,Window,Vegan,None,True,21,19048,Student,2023-04-01,9999-12-31,True,2
2915,PAX0002915,FF00002915,No Preference,Halal,None,False,5,9118,Family,2022-01-01,9999-12-31,True,1
2916,PAX0002916,FF00002916,No Preference,Child,None,True,5,15864,Senior,2022-01-01,2023-03-31,False,1
5916,PAX0002916,FF00002916,No Preference,Child,None,True,21,30963,Leisure,2023-04-01,9999-12-31,True,2
2917,PAX0002917,FF00002917,Window,Standard,Wheelchair,True,15,21494,Student,2022-01-01,9999-12-31,True,1
2918,PAX0002918,FF00002918,Window,Standard,None,True,34,1283,Senior,2022-01-01,9999-12-31,True,1
2919,PAX0002919,FF00002919,No Preference,Halal,None,True,8,26328,Senior,2022-01-01,2023-03-31,False,1
5919,PAX0002919,FF00002919,No Preference,Halal,None,True,17,46026,Family,2023-04-01,9999-12-31,True,2
2920,PAX0002920,FF00002920,Window,Standard,None,False,30,1512,Student,2022-01-01,9999-12-31,True,1
2921,PAX0002921,FF00002921,Aisle,Standard,None,False,10,57648,Leisure,2022-01-01,9999-12-31,True,1
2922,PAX0002922,FF00002922,Aisle,Vegetarian,None,True,3,62695,Senior,2022-01-01,9999-12-31,True,1
2923,PAX0002923,FF00002923,Window,Vegan,None,False,0,39553,Senior,2022-01-01,9999-12-31,True,1
2924,PAX0002924,FF00002924,Window,Vegan,None,False,32,32118,Student,2022-01-01,9999-12-31,True,1
2925,PAX0002925,FF00002925,Window,Halal,None,False,6,1377,Student,2022-01-01,2023-03-31,False,1
5925,PAX0002925,FF00002925,Window,Halal,None,False,15,21028,Senior,2023-04-01,9999-12-31,True,2
2926,PAX0002926,FF00002926,Window,Vegan,None,False,30,19063,Business Traveler,2022-01-01,2023-03-31,False,1
5926,PAX0002926,FF00002926,Window,Vegan,None,False,38,24189,Student,2023-04-01,9999-12-31,True,2
2927,PAX0002927,FF00002927,Aisle,None,Wheelchair,False,0,35118,Family,2022-01-01,9999-12-31,True,1
2928,PAX0002928,FF00002928,Window,Halal,None,True,7,3983,Business Traveler,2022-01-01,9999-12-31,True,1
2929,PAX0002929,FF00002929,No Preference,Standard,Wheelchair,False,2,1999,Family,2022-01-01,9999-12-31,True,1
2930,PAX0002930,FF00002930,Window,Halal,None,True,10,29188,Family,2022-01-01,9999-12-31,True,1
2931,PAX0002931,FF00002931,Window,Standard,None,False,8,50964,Student,2022-01-01,9999-12-31,True,1
2932,PAX0002932,FF00002932,No Preference,Halal,WCHC,False,23,28684,Student,2022-01-01,9999-12-31,True,1
2933,PAX0002933,FF00002933,Aisle,Child,None,True,0,35645,Business Traveler,2022-01-01,9999-12-31,True,1
2934,PAX0002934,FF00002934,Window,Halal,None,False,6,25010,Senior,2022-01-01,9999-12-31,True,1
2935,PAX0002935,FF00002935,No Preference,None,None,True,12,12934,Family,2022-01-01,2023-03-31,False,1
5935,PAX0002935,FF00002935,No Preference,None,None,True,26,19061,Business Traveler,2023-04-01,9999-12-31,True,2
2936,PAX0002936,FF00002936,No Preference,Standard,None,False,29,4315,Family,2022-01-01,9999-12-31,True,1
2937,PAX0002937,FF00002937,Window,Standard,None,True,13,131,Student,2022-01-01,9999-12-31,True,1
2938,PAX0002938,FF00002938,Window,Vegetarian,WCHC,True,31,3580,Leisure,2022-01-01,2023-03-31,False,1
5938,PAX0002938,FF00002938,Window,Vegetarian,WCHC,True,47,20047,Senior,2023-04-01,9999-12-31,True,2
2939,PAX0002939,FF00002939,Aisle,None,Wheelchair,True,1,12149,Family,2022-01-01,9999-12-31,True,1
2940,PAX0002940,FF00002940,Window,Vegan,None,False,5,7235,Leisure,2022-01-01,9999-12-31,True,1
2941,PAX0002941,FF00002941,No Preference,None,None,False,10,17551,Business Traveler,2022-01-01,9999-12-31,True,1
2942,PAX0002942,FF00002942,Aisle,Standard,None,True,0,11554,Student,2022-01-01,9999-12-31,True,1
2943,PAX0002943,FF00002943,Window,Child,Wheelchair,True,19,35106,Leisure,2022-01-01,9999-12-31,True,1
2944,PAX0002944,FF00002944,No Preference,None,None,False,15,35931,Family,2022-01-01,9999-12-31,True,1
2945,PAX0002945,FF00002945,Aisle,Vegan,None,False,4,3149,Business Traveler,2022-01-01,9999-12-31,True,1
2946,PAX0002946,FF00002946,No Preference,Vegetarian,WCHC,True,3,53475,Business Traveler,2022-01-01,9999-12-31,True,1
2947,PAX0002947,FF00002947,Window,None,None,False,47,20427,Family,2022-01-01,2023-03-31,False,1
5947,PAX0002947,FF00002947,Window,None,None,False,58,29479,Senior,2023-04-01,9999-12-31,True,2
2948,PAX0002948,FF00002948,Window,Vegan,None,False,0,4526,Student,2022-01-01,9999-12-31,True,1
2949,PAX0002949,FF00002949,No Preference,None,Wheelchair,False,4,25924,Business Traveler,2022-01-01,9999-12-31,True,1
2950,PAX0002950,FF00002950,No Preference,Halal,WCHR,False,0,86129,Leisure,2022-01-01,9999-12-31,True,1
2951,PAX0002951,FF00002951,Window,Halal,None,False,5,73112,Senior,2022-01-01,9999-12-31,True,1
2952,PAX0002952,FF00002952,Aisle,Vegan,None,True,18,42248,Senior,2022-01-01,9999-12-31,True,1
2953,PAX0002953,FF00002953,Aisle,Vegetarian,None,True,11,29567,Senior,2022-01-01,2023-03-31,False,1
5953,PAX0002953,FF00002953,Aisle,Vegetarian,None,True,29,34994,Leisure,2023-04-01,9999-12-31,True,2
2954,PAX0002954,FF00002954,No Preference,None,None,True,12,29724,Business Traveler,2022-01-01,9999-12-31,True,1
2955,PAX0002955,FF00002955,Window,None,None,True,9,128961,Senior,2022-01-01,9999-12-31,True,1
2956,PAX0002956,FF00002956,Window,Child,None,True,15,45010,Family,2022-01-01,2023-03-31,False,1
5956,PAX0002956,FF00002956,Window,Child,None,True,21,50812,Senior,2023-04-01,9999-12-31,True,2
2957,PAX0002957,FF00002957,Window,Vegan,None,True,24,7286,Family,2022-01-01,2023-03-31,False,1
5957,PAX0002957,FF00002957,Window,Vegan,None,True,43,19903,Family,2023-04-01,9999-12-31,True,2
2958,PAX0002958,FF00002958,Aisle,Standard,None,False,1,19785,Leisure,2022-01-01,9999-12-31,True,1
2959,PAX0002959,FF00002959,Window,Standard,None,False,8,53014,Family,2022-01-01,9999-12-31,True,1
2960,PAX0002960,FF00002960,Window,Vegan,None,False,7,25378,Family,2022-01-01,9999-12-31,True,1
2961,PAX0002961,FF00002961,No Preference,None,None,True,8,1168,Leisure,2022-01-01,2023-03-31,False,1
5961,PAX0002961,FF00002961,No Preference,None,None,True,19,12203,Business Traveler,2023-04-01,9999-12-31,True,2
2962,PAX0002962,FF00002962,No Preference,Child,WCHR,False,11,52815,Student,2022-01-01,9999-12-31,True,1
2963,PAX0002963,FF00002963,No Preference,Vegetarian,None,True,2,27066,Senior,2022-01-01,9999-12-31,True,1
2964,PAX0002964,FF00002964,No Preference,Halal,Wheelchair,False,10,5380,Senior,2022-01-01,2023-03-31,False,1
5964,PAX0002964,FF00002964,No Preference,Halal,Wheelchair,False,18,19407,Family,2023-04-01,9999-12-31,True,2
2965,PAX0002965,FF00002965,Window,Vegan,None,False,1,117438,Family,2022-01-01,9999-12-31,True,1
2966,PAX0002966,FF00002966,Aisle,Vegan,None,False,6,7740,Family,2022-01-01,9999-12-31,True,1
2967,PAX0002967,FF00002967,Aisle,None,None,True,2,33042,Family,2022-01-01,9999-12-31,True,1
2968,PAX0002968,FF00002968,No Preference,Child,None,True,11,30947,Leisure,2022-01-01,9999-12-31,True,1
2969,PAX0002969,FF00002969,Window,Child,None,False,1,67198,Student,2022-01-01,9999-12-31,True,1
2970,PAX0002970,FF00002970,Window,Vegan,Wheelchair,True,5,11278,Family,2022-01-01,2023-03-31,False,1
5970,PAX0002970,FF00002970,Window,Vegan,Wheelchair,True,16,19732,Senior,2023-04-01,9999-12-31,True,2
2971,PAX0002971,FF00002971,No Preference,Standard,None,True,7,14832,Leisure,2022-01-01,9999-12-31,True,1
2972,PAX0002972,FF00002972,Window,Standard,None,False,23,79462,Family,2022-01-01,2023-03-31,False,1
5972,PAX0002972,FF00002972,Window,Standard,None,False,39,88265,Senior,2023-04-01,9999-12-31,True,2
2973,PAX0002973,FF00002973,Aisle,Vegetarian,None,True,4,59838,Business Traveler,2022-01-01,2023-03-31,False,1
5973,PAX0002973,FF00002973,Aisle,Vegetarian,None,True,24,68992,Student,2023-04-01,9999-12-31,True,2
2974,PAX0002974,FF00002974,Window,Standard,None,True,18,80125,Senior,2022-01-01,9999-12-31,True,1
2975,PAX0002975,FF00002975,Window,Halal,None,True,3,25808,Senior,2022-01-01,9999-12-31,True,1
2976,PAX0002976,FF00002976,Window,Vegetarian,None,True,3,52134,Senior,2022-01-01,9999-12-31,True,1
2977,PAX0002977,FF00002977,Aisle,Standard,None,False,0,24959,Senior,2022-01-01,9999-12-31,True,1
2978,PAX0002978,FF00002978,No Preference,Standard,None,False,4,11688,Senior,2022-01-01,9999-12-31,True,1
2979,PAX0002979,FF00002979,No Preference,Standard,None,True,12,57211,Business Traveler,2022-01-01,9999-12-31,True,1
2980,PAX0002980,FF00002980,Window,Halal,None,True,11,57555,Student,2022-01-01,9999-12-31,True,1
2981,PAX0002981,FF00002981,Window,Standard,None,False,3,21987,Student,2022-01-01,2023-03-31,False,1
5981,PAX0002981,FF00002981,Window,Standard,None,False,12,41731,Family,2023-04-01,9999-12-31,True,2
2982,PAX0002982,FF00002982,Window,Standard,None,True,7,351,Leisure,2022-01-01,9999-12-31,True,1
2983,PAX0002983,FF00002983,Aisle,Vegan,None,False,9,32499,Leisure,2022-01-01,9999-12-31,True,1
2984,PAX0002984,FF00002984,Window,Child,None,False,10,39986,Senior,2022-01-01,9999-12-31,True,1
2985,PAX0002985,FF00002985,No Preference,Halal,None,False,10,2072,Family,2022-01-01,9999-12-31,True,1
2986,PAX0002986,FF00002986,No Preference,None,WCHR,False,1,27225,Business Traveler,2022-01-01,2023-03-31,False,1
5986,PAX0002986,FF00002986,No Preference,None,WCHR,False,6,37137,Business Traveler,2023-04-01,9999-12-31,True,2
2987,PAX0002987,FF00002987,Aisle,None,None,False,3,2489,Family,2022-01-01,2023-03-31,False,1
5987,PAX0002987,FF00002987,Aisle,None,None,False,12,9368,Student,2023-04-01,9999-12-31,True,2
2988,PAX0002988,FF00002988,Window,Standard,Wheelchair,True,6,24244,Family,2022-01-01,9999-12-31,True,1
2989,PAX0002989,FF00002989,Aisle,Child,Wheelchair,True,4,38235,Leisure,2022-01-01,9999-12-31,True,1
2990,PAX0002990,FF00002990,No Preference,Child,None,False,12,12140,Student,2022-01-01,9999-12-31,True,1
2991,PAX0002991,FF00002991,No Preference,None,None,True,16,31383,Student,2022-01-01,9999-12-31,True,1
2992,PAX0002992,FF00002992,Window,Halal,None,False,12,24184,Business Traveler,2022-01-01,9999-12-31,True,1
2993,PAX0002993,FF00002993,Aisle,Halal,Wheelchair,True,0,35771,Senior,2022-01-01,2023-03-31,False,1
5993,PAX0002993,FF00002993,Aisle,Halal,Wheelchair,True,15,45421,Student,2023-04-01,9999-12-31,True,2
2994,PAX0002994,FF00002994,Window,Standard,WCHR,True,5,85736,Leisure,2022-01-01,9999-12-31,True,1
2995,PAX0002995,FF00002995,Aisle,Child,None,True,20,26579,Leisure,2022-01-01,9999-12-31,True,1
2996,PAX0002996,FF00002996,Window,Vegan,Wheelchair,True,3,6834,Senior,2022-01-01,9999-12-31,True,1
2997,PAX0002997,FF00002997,Aisle,Vegan,None,True,4,19420,Family,2022-01-01,9999-12-31,True,1
2998,PAX0002998,FF00002998,Aisle,Vegan,None,True,4,21703,Senior,2022-01-01,2023-03-31,False,1
5998,PAX0002998,FF00002998,Aisle,Vegan,None,True,11,27546,Leisure,2023-04-01,9999-12-31,True,2
2999,PAX0002999,FF00002999,Aisle,Standard,None,False,2,114112,Leisure,2022-01-01,2023-03-31,False,1
5999,PAX0002999,FF00002999,Aisle,Standard,None,False,12,119119,Business Traveler,2023-04-01,9999-12-31,True,2
3000,PAX0003000,FF00003000,Window,Halal,None,False,1,80622,Student,2022-01-01,9999-12-31,True,1
