customer_key,passenger_key_ref,customer_id,first_name,last_name,gender,nationality,age_group,loyalty_tier,hotel_loyalty_num,hotel_loyalty_tier,preferred_room_type,smoking_preference,travel_purpose,email,last_updated
1,1,CUS0000001,Brian,Figueroa,M,Indonesian,26-35,None,HL00000001,Platinum,EXC,Non-Smoking,Family,jeffreydoyle@example.net,2025-02-09
2,2,CUS0000002,Stephanie,Miller,F,Indonesian,18-25,None,HL00000002,Gold,DLX,Non-Smoking,MICE,fjohnson@example.org,2025-01-04
3,3,CUS0000003,Jonathan,Johnson,M,Malaysian,51-65,None,HL00000003,None,SUT,Non-Smoking,Leisure,jennifermiles@example.com,2024-03-29
4,4,CUS0000004,Jerry,Ramirez,M,Indonesian,51-65,None,HL00000004,None,STD,Non-Smoking,Business,blakeerik@example.com,2025-12-10
5,5,CUS0000005,Diana,Lewis,F,American,51-65,None,HL00000005,Platinum,SUT,Non-Smoking,Honeymoon,curtis61@example.com,2024-02-25
6,6,CUS0000006,Gregory,Baker,M,Indonesian,18-25,None,HL00000006,None,EXC,Non-Smoking,MICE,blairamanda@example.com,2024-05-15
7,7,CUS0000007,Juan,Calderon,M,Indonesian,65+,None,HL00000007,None,EXC,Smoking,MICE,barbara10@example.net,2024-06-12
8,8,CUS0000008,Raymond,Galloway,M,Indonesian,51-65,Silver,HL00000008,None,DLX,Non-Smoking,Business,michellejames@example.com,2023-12-16
9,9,CUS0000009,Sandra,Martin,F,Other,26-35,Gold,HL00000009,Platinum,STD,Non-Smoking,Business,jason41@example.net,2023-10-05
10,10,CUS0000010,Christopher,Daniel,M,Malaysian,26-35,Silver,HL00000010,Gold,EXC,Non-Smoking,Honeymoon,stevennelson@example.net,2024-06-17
11,11,CUS0000011,Kristin,Cohen,F,Indonesian,26-35,None,HL00000011,None,DLX,Smoking,Business,perezantonio@example.com,2025-01-08
12,12,CUS0000012,Derek,Clark,M,Other,36-50,Gold,HL00000012,Silver,DLX,Non-Smoking,Leisure,jason76@example.net,2025-08-25
13,13,CUS0000013,Charles,Taylor,M,Indonesian,36-50,None,HL00000013,None,STD,Non-Smoking,Leisure,julie69@example.com,2026-04-21
14,14,CUS0000014,Daniel,Bright,M,Indonesian,36-50,Gold,HL00000014,Silver,EXC,Non-Smoking,Leisure,ddavis@example.org,2026-05-16
15,15,CUS0000015,Lori,Conner,F,Indonesian,51-65,None,HL00000015,None,SUT,Non-Smoking,Business,ycarlson@example.com,2025-09-06
16,16,CUS0000016,Whitney,Rice,F,Indonesian,26-35,None,HL00000016,None,STD,Smoking,Leisure,frazierdanny@example.net,2023-10-10
17,17,CUS0000017,Derek,Davidson,M,Australian,18-25,Gold,HL00000017,None,STD,Non-Smoking,Business,cartereric@example.org,2026-01-17
18,18,CUS0000018,Shawn,Baker,M,Malaysian,18-25,Platinum,HL00000018,Platinum,SUT,Non-Smoking,Leisure,williamrodriguez@example.net,2025-06-22
19,19,CUS0000019,Sarah,Romero,F,Indonesian,51-65,Silver,HL00000019,None,SUT,Non-Smoking,Business,ericfarmer@example.net,2024-03-28
20,20,CUS0000020,Thomas,Sellers,M,Malaysian,18-25,None,HL00000020,None,SUT,Non-Smoking,Business,tracy15@example.com,2025-03-08
21,21,CUS0000021,Amy,Humphrey,F,American,51-65,None,HL00000021,None,STD,Non-Smoking,Business,millertodd@example.org,2025-12-31
22,22,CUS0000022,Joseph,Martinez,M,Indonesian,18-25,None,HL00000022,None,EXC,Non-Smoking,MICE,karroyo@example.com,2025-11-23
23,23,CUS0000023,Shane,Henderson,M,Indonesian,36-50,Silver,HL00000023,Gold,DLX,Non-Smoking,Family,sarahcampos@example.net,2024-04-24
24,24,CUS0000024,Micheal,Ross,M,Indonesian,51-65,None,HL00000024,None,DLX,Non-Smoking,Business,samuel87@example.org,2024-12-24
25,25,CUS0000025,Danny,Morgan,M,Indonesian,51-65,None,HL00000025,None,STD,Non-Smoking,Leisure,briannasmith@example.net,2025-01-15
26,26,CUS0000026,Anthony,Jones,M,Indonesian,26-35,Silver,HL00000026,Silver,STD,Non-Smoking,MICE,heathchad@example.org,2026-04-18
27,27,CUS0000027,Michael,Lewis,M,Japanese,51-65,Gold,HL00000027,None,EXC,Non-Smoking,Leisure,jenniferkhan@example.net,2024-04-18
28,28,CUS0000028,David,Kennedy,M,Indonesian,36-50,None,HL00000028,Silver,SUT,Non-Smoking,Business,glee@example.net,2024-01-15
29,29,CUS0000029,Heather,Jenkins,F,Indonesian,36-50,Silver,HL00000029,None,DLX,Non-Smoking,Business,nuneztracey@example.org,2025-05-09
30,30,CUS0000030,James,Morgan,M,Indonesian,65+,None,HL00000030,None,STD,Non-Smoking,Business,wrightjames@example.com,2026-03-15
31,31,CUS0000031,Javier,Ramirez,M,Indonesian,51-65,Silver,HL00000031,Silver,DLX,Non-Smoking,Leisure,nancyjones@example.net,2024-02-26
32,32,CUS0000032,Amber,Kidd,F,Indonesian,65+,None,HL00000032,None,SUT,Non-Smoking,Leisure,novaksara@example.org,2025-10-20
33,33,CUS0000033,Jennifer,Olson,F,Japanese,51-65,Gold,HL00000033,Gold,SUT,Non-Smoking,MICE,kbarrera@example.com,2024-10-31
34,34,CUS0000034,William,Baker,M,Malaysian,65+,Silver,HL00000034,Gold,EXC,Non-Smoking,Honeymoon,smitchell@example.net,2023-09-29
35,35,CUS0000035,Justin,Higgins,M,American,18-25,Gold,HL00000035,None,DLX,Non-Smoking,Leisure,jamesrobinson@example.org,2025-08-22
36,36,CUS0000036,Nancy,Brown,F,Indonesian,26-35,None,HL00000036,Gold,STD,Smoking,Leisure,brian97@example.net,2026-04-10
37,37,CUS0000037,Christopher,Yu,M,Indonesian,36-50,None,HL00000037,None,SUT,Non-Smoking,Leisure,yorkcasey@example.org,2023-10-07
38,38,CUS0000038,Shannon,Powell,F,American,26-35,Gold,HL00000038,Platinum,STD,Non-Smoking,Business,bethwilliams@example.org,2025-05-21
39,39,CUS0000039,Mary,Cunningham,F,Malaysian,36-50,Silver,HL00000039,None,DLX,Smoking,Business,sarah35@example.org,2024-09-26
40,40,CUS0000040,James,Powers,M,Indonesian,51-65,None,HL00000040,Gold,STD,Non-Smoking,Family,stephen10@example.com,2025-02-07
41,41,CUS0000041,Zachary,Ferrell,M,Australian,26-35,None,HL00000041,None,STD,Non-Smoking,Leisure,medinawilliam@example.org,2023-07-29
42,42,CUS0000042,Stanley,Suarez,M,Indonesian,36-50,Silver,HL00000042,Platinum,SUT,Non-Smoking,Business,justin78@example.net,2024-07-15
43,43,CUS0000043,Logan,Archer,M,Singaporean,51-65,Silver,HL00000043,Gold,SUT,Smoking,Family,contrerasangela@example.net,2025-10-06
44,44,CUS0000044,Teresa,Taylor,F,Indonesian,65+,Gold,HL00000044,None,DLX,Non-Smoking,Leisure,prestonjulia@example.org,2023-06-04
45,45,CUS0000045,Douglas,Clark,M,Singaporean,51-65,None,HL00000045,None,SUT,Smoking,Business,james48@example.com,2025-03-14
46,46,CUS0000046,Susan,Mathis,F,Indonesian,51-65,Silver,HL00000046,Gold,DLX,Non-Smoking,Family,waltersmaria@example.org,2024-04-04
47,47,CUS0000047,Felicia,Anderson,F,Indonesian,65+,Silver,HL00000047,None,STD,Non-Smoking,Leisure,evan78@example.net,2024-12-07
48,48,CUS0000048,Kristina,Rodriguez,F,Indonesian,36-50,Gold,HL00000048,Gold,EXC,Non-Smoking,MICE,amydavenport@example.net,2025-08-31
49,49,CUS0000049,Charles,Anderson,M,Indonesian,36-50,Platinum,HL00000049,Gold,SUT,Non-Smoking,Business,michael05@example.org,2023-09-26
50,50,CUS0000050,David,Garcia,M,Indonesian,26-35,Silver,HL00000050,None,DLX,Non-Smoking,Business,vdickson@example.org,2025-05-10
51,51,CUS0000051,Sharon,Cherry,F,American,51-65,Gold,HL00000051,None,DLX,Non-Smoking,Business,nicolejohnson@example.net,2025-08-06
52,52,CUS0000052,Rachel,Jenkins,F,Indonesian,51-65,Gold,HL00000052,None,STD,Non-Smoking,Leisure,josephcobb@example.org,2024-03-26
53,53,CUS0000053,Shane,Garrison,M,Malaysian,36-50,Silver,HL00000053,None,STD,Non-Smoking,Family,jamessellers@example.com,2025-12-19
54,54,CUS0000054,Robert,Savage,M,Indonesian,51-65,Gold,HL00000054,None,STD,Non-Smoking,Business,andrewlee@example.com,2025-05-11
55,55,CUS0000055,Sharon,Rasmussen,F,Indonesian,51-65,None,HL00000055,Silver,STD,Non-Smoking,Honeymoon,michael86@example.net,2023-08-11
56,56,CUS0000056,Joshua,Crosby,M,Malaysian,18-25,Gold,HL00000056,None,DLX,Non-Smoking,Business,wileyjose@example.net,2024-11-29
57,57,CUS0000057,Amanda,Carlson,F,American,51-65,Gold,HL00000057,Gold,SUT,Non-Smoking,Leisure,jessica56@example.net,2023-12-10
58,58,CUS0000058,Ashley,Lam,F,Japanese,36-50,None,HL00000058,Silver,STD,Non-Smoking,Business,jonathanfletcher@example.org,2024-04-23
59,59,CUS0000059,Timothy,Ryan,M,Singaporean,36-50,None,HL00000059,Platinum,DLX,Non-Smoking,Business,michaeljones@example.net,2024-01-28
60,60,CUS0000060,Lisa,Alvarado,F,Singaporean,51-65,None,HL00000060,None,SUT,Non-Smoking,Leisure,cortezkevin@example.com,2025-04-09
61,61,CUS0000061,Jason,Powell,M,British,26-35,Silver,HL00000061,None,DLX,Non-Smoking,Business,angela36@example.net,2025-12-03
62,62,CUS0000062,Megan,Orr,F,Indonesian,36-50,None,HL00000062,Platinum,DLX,Smoking,Family,richard04@example.com,2024-02-23
63,63,CUS0000063,Jessica,Carpenter,F,Indonesian,51-65,None,HL00000063,Silver,EXC,Non-Smoking,MICE,steven73@example.net,2025-07-13
64,64,CUS0000064,Rebecca,Moyer,F,Japanese,36-50,Gold,HL00000064,Silver,DLX,Non-Smoking,Family,donnacampbell@example.net,2026-03-14
65,65,CUS0000065,Manuel,Davis,M,American,26-35,None,HL00000065,Silver,STD,Non-Smoking,Leisure,emilywalker@example.org,2024-02-21
66,66,CUS0000066,Alexander,Sanchez,M,American,51-65,None,HL00000066,None,EXC,Non-Smoking,Leisure,xcarr@example.org,2023-07-20
67,67,CUS0000067,Jennifer,Soto,F,Japanese,36-50,Gold,HL00000067,Platinum,SUT,Non-Smoking,Business,jennifercruz@example.com,2023-11-10
68,68,CUS0000068,Brittany,Watts,F,Indonesian,51-65,Silver,HL00000068,None,STD,Non-Smoking,Business,osbornejeffery@example.net,2023-06-29
69,69,CUS0000069,John,Grant,M,British,36-50,None,HL00000069,Silver,SUT,Non-Smoking,Leisure,bryantlaurie@example.net,2024-02-13
70,70,CUS0000070,Victoria,Larson,F,Indonesian,36-50,Gold,HL00000070,None,STD,Non-Smoking,Leisure,usalazar@example.net,2025-05-28
71,71,CUS0000071,Ronald,Kelley,M,Indonesian,36-50,None,HL00000071,Silver,EXC,Non-Smoking,Leisure,juliawells@example.com,2026-04-20
72,72,CUS0000072,Danielle,Walsh,F,British,18-25,Platinum,HL00000072,Platinum,SUT,Non-Smoking,Business,rsims@example.com,2025-03-04
73,73,CUS0000073,Michelle,Young,F,Singaporean,65+,None,HL00000073,Gold,DLX,Non-Smoking,Leisure,luis81@example.org,2023-09-27
74,74,CUS0000074,David,Benson,M,Indonesian,51-65,Platinum,HL00000074,Platinum,SUT,Non-Smoking,Leisure,calebrussell@example.net,2025-03-14
75,75,CUS0000075,Jennifer,Clark,F,Indonesian,36-50,Silver,HL00000075,Silver,SUT,Smoking,Business,xprice@example.net,2026-01-29
76,76,CUS0000076,Alicia,Gilmore,F,Indonesian,26-35,Platinum,HL00000076,Gold,DLX,Non-Smoking,MICE,wwoods@example.com,2023-10-04
77,77,CUS0000077,Jean,Snow,F,American,18-25,None,HL00000077,None,STD,Non-Smoking,Leisure,vmedina@example.net,2024-01-01
78,78,CUS0000078,Lindsey,Walker,F,Indonesian,18-25,Platinum,HL00000078,None,EXC,Non-Smoking,Business,joshuatucker@example.com,2024-09-16
79,79,CUS0000079,Maureen,Yates,F,Indonesian,51-65,Platinum,HL00000079,None,EXC,Non-Smoking,MICE,marycalhoun@example.net,2026-01-07
80,80,CUS0000080,Alyssa,Long,F,Malaysian,36-50,None,HL00000080,None,EXC,Non-Smoking,Leisure,millerroy@example.com,2023-06-01
81,81,CUS0000081,Amber,Gray,F,Malaysian,51-65,None,HL00000081,Silver,SUT,Non-Smoking,Leisure,shawnrogers@example.com,2025-01-04
82,82,CUS0000082,Paul,Decker,M,Indonesian,51-65,Silver,HL00000082,None,EXC,Non-Smoking,Business,mary70@example.net,2024-10-17
83,83,CUS0000083,Anthony,Crane,M,Singaporean,36-50,None,HL00000083,None,DLX,Smoking,Honeymoon,debraharrington@example.net,2023-12-20
84,84,CUS0000084,Nicole,Herring,F,Indonesian,65+,None,HL00000084,None,STD,Non-Smoking,Family,maryhowell@example.org,2025-08-14
85,85,CUS0000085,Kara,Wilson,F,Indonesian,65+,Silver,HL00000085,Silver,STD,Non-Smoking,Leisure,stevenscott@example.com,2025-02-11
86,86,CUS0000086,Larry,Stuart,M,Malaysian,51-65,None,HL00000086,Gold,EXC,Non-Smoking,Business,stricklandfrank@example.com,2024-03-30
87,87,CUS0000087,Kenneth,Hickman,M,Japanese,65+,Gold,HL00000087,Silver,DLX,Non-Smoking,Leisure,tsanders@example.org,2023-08-18
88,88,CUS0000088,Kevin,Rivas,M,Japanese,65+,None,HL00000088,None,DLX,Smoking,Honeymoon,curtisbarton@example.net,2026-02-11
89,89,CUS0000089,Robert,Hogan,M,Other,26-35,Silver,HL00000089,Silver,SUT,Non-Smoking,Business,reedross@example.com,2024-04-16
90,90,CUS0000090,Katie,Peterson,F,Indonesian,65+,Silver,HL00000090,Gold,STD,Non-Smoking,Leisure,gshort@example.com,2025-04-11
91,91,CUS0000091,Madison,Poole,F,Indonesian,36-50,None,HL00000091,Silver,EXC,Non-Smoking,MICE,ryangross@example.net,2024-06-27
92,92,CUS0000092,Luis,Gillespie,M,Australian,51-65,None,HL00000092,Silver,DLX,Non-Smoking,Business,umarshall@example.net,2025-09-17
93,93,CUS0000093,Frank,Sanchez,M,Singaporean,51-65,Platinum,HL00000093,Gold,STD,Non-Smoking,Leisure,ramirezshannon@example.com,2025-02-09
94,94,CUS0000094,Lisa,Gray,F,Indonesian,26-35,None,HL00000094,None,DLX,Non-Smoking,MICE,snydermark@example.com,2023-12-06
95,95,CUS0000095,Heather,Green,F,Singaporean,51-65,Silver,HL00000095,None,SUT,Non-Smoking,Business,nicole48@example.org,2024-11-23
96,96,CUS0000096,Tiffany,Miller,F,American,36-50,Silver,HL00000096,Silver,SUT,Smoking,Business,wfreeman@example.org,2026-05-07
97,97,CUS0000097,Karen,Joseph,F,Indonesian,26-35,None,HL00000097,None,DLX,Non-Smoking,Business,fmcguire@example.com,2025-06-01
98,98,CUS0000098,Jennifer,Sanchez,F,Singaporean,51-65,None,HL00000098,None,DLX,Smoking,Honeymoon,thomas85@example.com,2023-08-18
99,99,CUS0000099,Krista,Bell,F,Indonesian,18-25,None,HL00000099,Silver,STD,Non-Smoking,Honeymoon,qnelson@example.org,2023-12-13
100,100,CUS0000100,Nathan,Stewart,M,Indonesian,65+,None,HL00000100,None,SUT,Non-Smoking,Leisure,jamesrodgers@example.com,2025-12-10
101,101,CUS0000101,Kevin,Wolf,M,Indonesian,18-25,None,HL00000101,Gold,SUT,Non-Smoking,Business,tina34@example.org,2024-01-12
102,102,CUS0000102,Cassie,Smith,F,Indonesian,36-50,Gold,HL00000102,Silver,EXC,Non-Smoking,Family,joshuamccann@example.net,2025-12-23
103,103,CUS0000103,Michael,Martinez,M,British,51-65,Gold,HL00000103,Silver,DLX,Non-Smoking,Business,agarcia@example.net,2025-02-16
104,104,CUS0000104,Julie,Alexander,F,Indonesian,51-65,None,HL00000104,Silver,EXC,Non-Smoking,Leisure,tammyking@example.com,2023-12-03
105,105,CUS0000105,Samantha,Morales,F,Indonesian,65+,Silver,HL00000105,Gold,EXC,Non-Smoking,Business,rayglenda@example.org,2023-10-20
106,106,CUS0000106,Roberta,Avery,F,Indonesian,51-65,None,HL00000106,Silver,SUT,Non-Smoking,Leisure,mcknightdavid@example.com,2023-11-24
107,107,CUS0000107,Linda,Montgomery,F,Indonesian,26-35,Silver,HL00000107,None,DLX,Non-Smoking,Business,chayes@example.com,2024-01-02
108,108,CUS0000108,William,Torres,M,British,26-35,Platinum,HL00000108,Platinum,DLX,Non-Smoking,Leisure,lynchjody@example.org,2024-08-25
109,109,CUS0000109,Christine,Guerrero,F,Singaporean,26-35,Silver,HL00000109,Platinum,EXC,Smoking,Business,johnarnold@example.org,2024-02-18
110,110,CUS0000110,Jennifer,Norris,F,Indonesian,65+,None,HL00000110,None,STD,Non-Smoking,Business,ocarter@example.com,2024-02-23
111,111,CUS0000111,Diane,Heath,F,Indonesian,26-35,None,HL00000111,Silver,DLX,Non-Smoking,Business,mcdanielsandra@example.net,2025-02-18
112,112,CUS0000112,Mary,Peck,F,Australian,26-35,None,HL00000112,None,STD,Smoking,Leisure,owilson@example.net,2024-01-05
113,113,CUS0000113,Susan,Serrano,F,British,51-65,None,HL00000113,Platinum,EXC,Non-Smoking,Leisure,brownlaura@example.net,2024-04-10
114,114,CUS0000114,Samantha,Morse,F,Indonesian,18-25,None,HL00000114,None,DLX,Non-Smoking,Business,smartinez@example.com,2025-10-11
115,115,CUS0000115,James,Nelson,M,Other,26-35,None,HL00000115,Silver,DLX,Smoking,MICE,mkim@example.org,2024-09-30
116,116,CUS0000116,Nicholas,Munoz,M,Indonesian,36-50,None,HL00000116,Silver,EXC,Non-Smoking,Leisure,davissuzanne@example.net,2025-07-07
117,117,CUS0000117,Trevor,Key,M,Indonesian,26-35,None,HL00000117,Silver,EXC,Non-Smoking,Family,barbara27@example.net,2024-05-21
118,118,CUS0000118,Jeremy,Ramirez,M,Singaporean,26-35,Platinum,HL00000118,Silver,EXC,Non-Smoking,Business,fwalters@example.org,2024-06-27
119,119,CUS0000119,Gregory,Cook,M,Other,36-50,None,HL00000119,None,EXC,Smoking,Business,hodgemark@example.net,2023-11-22
120,120,CUS0000120,Donna,Landry,F,Singaporean,36-50,Platinum,HL00000120,None,DLX,Non-Smoking,Family,gibsonleonard@example.com,2024-12-05
121,121,CUS0000121,Tracy,Powell,F,Other,65+,None,HL00000121,Platinum,EXC,Smoking,MICE,sandovalamy@example.com,2024-03-07
122,122,CUS0000122,Cody,Cox,M,Malaysian,65+,None,HL00000122,Platinum,STD,Non-Smoking,Leisure,wgarrett@example.org,2026-04-11
123,123,CUS0000123,Derek,Anderson,M,Indonesian,51-65,None,HL00000123,None,DLX,Non-Smoking,Business,samuel71@example.org,2023-09-13
124,124,CUS0000124,Lee,Allen,M,Indonesian,26-35,None,HL00000124,None,STD,Smoking,Family,lancesmith@example.com,2025-07-10
125,125,CUS0000125,Courtney,Skinner,F,Indonesian,65+,Platinum,HL00000125,None,DLX,Smoking,MICE,murraydavid@example.org,2024-08-12
126,126,CUS0000126,Timothy,Carter,M,Indonesian,36-50,Silver,HL00000126,None,STD,Non-Smoking,Business,robert77@example.org,2023-06-10
127,127,CUS0000127,Kristen,Reyes,F,Indonesian,36-50,Gold,HL00000127,None,SUT,Non-Smoking,Honeymoon,michellehill@example.com,2025-11-18
128,128,CUS0000128,Taylor,Romero,F,British,51-65,Gold,HL00000128,None,STD,Non-Smoking,Business,campbellkenneth@example.net,2023-08-06
129,129,CUS0000129,Yvonne,Burns,F,American,26-35,None,HL00000129,Silver,STD,Non-Smoking,MICE,seanwashington@example.com,2024-10-29
130,130,CUS0000130,Pamela,Bennett,F,Indonesian,36-50,None,HL00000130,None,EXC,Smoking,Business,molly39@example.com,2024-04-24
131,131,CUS0000131,Scott,Jenkins,M,Indonesian,51-65,None,HL00000131,Gold,SUT,Non-Smoking,Family,julie66@example.net,2024-12-29
132,132,CUS0000132,Samantha,Pollard,F,Indonesian,18-25,Silver,HL00000132,Silver,SUT,Non-Smoking,Leisure,ihanna@example.net,2025-02-01
133,133,CUS0000133,Gary,Garcia,M,Indonesian,26-35,None,HL00000133,Silver,EXC,Non-Smoking,Leisure,dgarcia@example.org,2024-10-28
134,134,CUS0000134,Brianna,Pitts,F,Indonesian,18-25,Gold,HL00000134,None,STD,Smoking,Business,charlesharrington@example.com,2025-02-02
135,135,CUS0000135,Lisa,Sanders,F,Indonesian,51-65,None,HL00000135,None,SUT,Non-Smoking,Honeymoon,christianmelissa@example.net,2025-01-12
136,136,CUS0000136,Troy,Sims,M,Indonesian,36-50,None,HL00000136,None,SUT,Non-Smoking,Leisure,cbrennan@example.net,2025-02-25
137,137,CUS0000137,Cynthia,Cohen,F,Singaporean,65+,None,HL00000137,Silver,SUT,Smoking,Honeymoon,wendy16@example.org,2024-12-20
138,138,CUS0000138,Madeline,Brennan,F,Malaysian,18-25,None,HL00000138,Platinum,SUT,Non-Smoking,Leisure,tjackson@example.org,2025-08-31
139,139,CUS0000139,Frederick,Brown,M,Indonesian,65+,None,HL00000139,None,SUT,Non-Smoking,MICE,nicholas23@example.net,2023-10-14
140,140,CUS0000140,Keith,Sparks,M,Indonesian,36-50,Silver,HL00000140,None,EXC,Non-Smoking,Business,gregorylynch@example.com,2024-02-29
141,141,CUS0000141,Melanie,Jimenez,F,Other,26-35,Gold,HL00000141,None,SUT,Non-Smoking,Business,jesselittle@example.com,2023-07-21
142,142,CUS0000142,Michael,Nolan,M,Indonesian,51-65,None,HL00000142,None,DLX,Non-Smoking,Business,rsantana@example.net,2024-12-23
143,143,CUS0000143,Angela,Landry,F,Indonesian,51-65,None,HL00000143,None,EXC,Non-Smoking,Leisure,danielle64@example.com,2025-02-01
144,144,CUS0000144,Eric,Kidd,M,Singaporean,18-25,Gold,HL00000144,Gold,SUT,Non-Smoking,Business,yrodriguez@example.net,2025-04-12
145,145,CUS0000145,Kenneth,Haney,M,Singaporean,36-50,None,HL00000145,Gold,DLX,Non-Smoking,Family,andrew64@example.org,2024-05-15
146,146,CUS0000146,Sharon,Osborne,F,Indonesian,36-50,None,HL00000146,Gold,STD,Non-Smoking,Business,lozanojulie@example.com,2024-09-18
147,147,CUS0000147,Robert,Lawson,M,Japanese,18-25,None,HL00000147,None,SUT,Non-Smoking,Business,jeffery39@example.com,2026-03-05
148,148,CUS0000148,Perry,Saunders,M,Indonesian,26-35,Gold,HL00000148,None,SUT,Non-Smoking,Business,courtneyberger@example.net,2024-05-09
149,149,CUS0000149,Eric,Alexander,M,Other,65+,None,HL00000149,Platinum,STD,Non-Smoking,Leisure,jessica14@example.com,2026-03-03
150,150,CUS0000150,Jason,Gonzalez,M,Australian,18-25,None,HL00000150,None,STD,Non-Smoking,Business,alyssa42@example.com,2024-09-17
151,151,CUS0000151,Terry,Coffey,F,British,18-25,Platinum,HL00000151,Silver,DLX,Non-Smoking,Leisure,julie51@example.com,2023-11-04
152,152,CUS0000152,Charles,Levy,M,Singaporean,65+,Silver,HL00000152,None,DLX,Non-Smoking,Leisure,zcoffey@example.net,2026-04-26
153,153,CUS0000153,Brandon,Foster,M,Indonesian,36-50,None,HL00000153,Silver,SUT,Non-Smoking,Honeymoon,amanda75@example.net,2024-09-22
154,154,CUS0000154,Michael,Richards,M,Singaporean,18-25,None,HL00000154,None,DLX,Smoking,Business,daniel37@example.org,2024-04-27
155,155,CUS0000155,Stacey,Hoffman,F,Malaysian,26-35,None,HL00000155,None,DLX,Smoking,MICE,deborahreid@example.com,2026-04-05
156,156,CUS0000156,Eric,Ortiz,M,Indonesian,26-35,None,HL00000156,Gold,DLX,Non-Smoking,Family,brandonjohnson@example.com,2024-06-14
157,157,CUS0000157,Brent,Clay,M,Malaysian,65+,Platinum,HL00000157,None,STD,Smoking,Business,paulwatson@example.net,2025-01-08
158,158,CUS0000158,Theresa,Barnes,F,Indonesian,26-35,None,HL00000158,Gold,STD,Non-Smoking,Business,nicolepena@example.com,2024-08-26
159,159,CUS0000159,Jennifer,Lynn,F,Japanese,26-35,None,HL00000159,None,STD,Non-Smoking,Business,vaughnjeff@example.com,2025-04-03
160,160,CUS0000160,Savannah,Garcia,F,Singaporean,51-65,Gold,HL00000160,Silver,SUT,Non-Smoking,Family,amy50@example.com,2023-09-25
161,161,CUS0000161,Cheryl,Martinez,F,Indonesian,51-65,Silver,HL00000161,Gold,DLX,Non-Smoking,Leisure,ndavis@example.net,2025-04-03
162,162,CUS0000162,Linda,Smith,F,Indonesian,26-35,None,HL00000162,None,EXC,Non-Smoking,Leisure,john29@example.org,2025-03-08
163,163,CUS0000163,Ronald,Spencer,M,American,65+,Silver,HL00000163,Platinum,SUT,Non-Smoking,Business,lisahall@example.org,2024-06-25
164,164,CUS0000164,Steven,Smith,M,Indonesian,18-25,Platinum,HL00000164,Gold,STD,Non-Smoking,Leisure,vanessafernandez@example.org,2023-09-09
165,165,CUS0000165,Mary,Johnson,F,Singaporean,65+,Gold,HL00000165,None,SUT,Non-Smoking,Business,howardkristina@example.net,2025-07-13
166,166,CUS0000166,Alexis,Baker,F,Indonesian,51-65,None,HL00000166,Silver,SUT,Smoking,Leisure,judyfox@example.net,2024-08-21
167,167,CUS0000167,John,Strickland,M,Other,65+,None,HL00000167,None,STD,Non-Smoking,Family,hayesjeffrey@example.net,2026-04-21
168,168,CUS0000168,Nicholas,Kerr,M,Indonesian,65+,None,HL00000168,Gold,DLX,Non-Smoking,Business,stephen00@example.com,2024-10-03
169,169,CUS0000169,James,Parks,M,British,18-25,None,HL00000169,None,STD,Non-Smoking,MICE,cjoseph@example.org,2025-06-03
170,170,CUS0000170,Erica,Hernandez,F,Malaysian,65+,None,HL00000170,None,DLX,Non-Smoking,Leisure,joshuaschultz@example.net,2025-08-29
171,171,CUS0000171,Erika,Vang,F,Indonesian,26-35,None,HL00000171,Platinum,STD,Non-Smoking,Leisure,shawn96@example.org,2023-12-07
172,172,CUS0000172,Mia,Farrell,F,British,18-25,Gold,HL00000172,Silver,SUT,Non-Smoking,MICE,russellbeasley@example.com,2024-06-25
173,173,CUS0000173,Samantha,Ross,F,Indonesian,51-65,None,HL00000173,Silver,DLX,Non-Smoking,Family,edwardslarry@example.com,2025-03-23
174,174,CUS0000174,Tiffany,Mcdaniel,F,Singaporean,36-50,Gold,HL00000174,Silver,SUT,Smoking,Family,fjones@example.org,2024-08-17
175,175,CUS0000175,Anne,Rodgers,F,Indonesian,36-50,Platinum,HL00000175,Gold,STD,Smoking,Business,angelawillis@example.net,2025-02-17
176,176,CUS0000176,Erin,Martinez,F,Indonesian,36-50,Platinum,HL00000176,Platinum,STD,Non-Smoking,Business,morgan60@example.com,2026-03-11
177,177,CUS0000177,Erik,Garcia,M,Indonesian,26-35,None,HL00000177,Gold,DLX,Non-Smoking,Leisure,ericolson@example.org,2025-12-28
178,178,CUS0000178,Ryan,Richardson,M,Indonesian,36-50,Gold,HL00000178,Silver,STD,Non-Smoking,Business,audrey68@example.net,2024-01-26
179,179,CUS0000179,Megan,Hawkins,F,Other,26-35,Silver,HL00000179,None,STD,Non-Smoking,Business,anthony44@example.com,2024-08-04
180,180,CUS0000180,Abigail,Kane,F,Other,36-50,None,HL00000180,Silver,SUT,Non-Smoking,MICE,vjones@example.net,2025-01-01
181,181,CUS0000181,Anna,Moreno,F,British,65+,Platinum,HL00000181,Silver,EXC,Non-Smoking,Honeymoon,vbarnes@example.org,2026-04-11
182,182,CUS0000182,Emily,Nguyen,F,Singaporean,36-50,None,HL00000182,Platinum,SUT,Non-Smoking,Business,wareeric@example.net,2026-04-11
183,183,CUS0000183,Michael,Nelson,M,Indonesian,65+,Gold,HL00000183,Silver,SUT,Non-Smoking,Leisure,ctucker@example.com,2025-12-17
184,184,CUS0000184,Cindy,Hunt,F,Other,51-65,Silver,HL00000184,None,EXC,Non-Smoking,Business,russell49@example.com,2026-01-09
185,185,CUS0000185,Mary,Williams,F,Malaysian,36-50,Gold,HL00000185,None,SUT,Non-Smoking,Honeymoon,djoyce@example.org,2026-03-24
186,186,CUS0000186,Eric,Clark,M,Indonesian,51-65,None,HL00000186,None,SUT,Non-Smoking,Leisure,kathrynroberts@example.org,2025-04-06
187,187,CUS0000187,Kathleen,Jordan,F,Indonesian,65+,None,HL00000187,None,SUT,Non-Smoking,MICE,omarpadilla@example.net,2024-03-21
188,188,CUS0000188,Roy,Drake,M,Singaporean,36-50,None,HL00000188,Gold,SUT,Non-Smoking,Business,sandersjudy@example.com,2025-01-03
189,189,CUS0000189,Joe,Miller,M,Indonesian,65+,None,HL00000189,Gold,DLX,Non-Smoking,Business,barbara96@example.net,2024-10-28
190,190,CUS0000190,Jennifer,Wilson,F,Other,26-35,Gold,HL00000190,Gold,STD,Non-Smoking,Leisure,burchgeorge@example.net,2024-03-26
191,191,CUS0000191,Sandra,Gillespie,F,Other,36-50,None,HL00000191,None,EXC,Non-Smoking,Honeymoon,kimdaniel@example.com,2024-11-10
192,192,CUS0000192,James,Miller,M,British,26-35,None,HL00000192,Gold,STD,Non-Smoking,Leisure,julie35@example.org,2023-05-30
193,193,CUS0000193,Jordan,Wilson,M,Malaysian,65+,None,HL00000193,Gold,SUT,Non-Smoking,Business,rebeccabailey@example.net,2026-03-25
194,194,CUS0000194,Matthew,Hernandez,M,Indonesian,18-25,Platinum,HL00000194,Silver,STD,Non-Smoking,Business,thomasjames@example.net,2024-11-25
195,195,CUS0000195,Paige,Rios,F,Singaporean,51-65,Gold,HL00000195,None,DLX,Non-Smoking,Honeymoon,stephanieburton@example.com,2026-05-06
196,196,CUS0000196,Kristy,Riley,F,Singaporean,18-25,Gold,HL00000196,None,DLX,Non-Smoking,Family,michelle52@example.com,2024-08-24
197,197,CUS0000197,John,Welch,M,Singaporean,65+,None,HL00000197,None,EXC,Non-Smoking,Leisure,brittany58@example.org,2024-03-19
198,198,CUS0000198,Joel,Johnson,M,Australian,51-65,None,HL00000198,None,STD,Non-Smoking,Leisure,marie11@example.net,2026-03-22
199,199,CUS0000199,Jonathon,Ford,M,Indonesian,26-35,Silver,HL00000199,None,DLX,Non-Smoking,Leisure,colelisa@example.net,2026-03-26
200,200,CUS0000200,Frank,Alvarez,M,Indonesian,51-65,None,HL00000200,None,EXC,Smoking,Family,susanhayes@example.com,2024-02-14
201,201,CUS0000201,Angela,Lucas,F,Indonesian,26-35,None,HL00000201,None,STD,Non-Smoking,Family,wrightsamuel@example.com,2026-02-11
202,202,CUS0000202,Joseph,Moore,M,Indonesian,36-50,None,HL00000202,None,STD,Non-Smoking,Business,samantha66@example.com,2024-07-02
203,203,CUS0000203,Kyle,Mccormick,M,Indonesian,26-35,Silver,HL00000203,None,DLX,Smoking,Family,cameron18@example.net,2026-03-09
204,204,CUS0000204,Diane,Cummings,F,Singaporean,36-50,None,HL00000204,None,EXC,Smoking,Leisure,mathewaguilar@example.org,2025-03-01
205,205,CUS0000205,Emily,Douglas,F,American,36-50,Silver,HL00000205,Gold,EXC,Non-Smoking,Business,tanderson@example.org,2024-05-17
206,206,CUS0000206,Justin,Schneider,M,Indonesian,51-65,None,HL00000206,None,EXC,Non-Smoking,Leisure,lisa81@example.net,2025-02-16
207,207,CUS0000207,Jessica,Cox,F,Malaysian,26-35,None,HL00000207,None,STD,Non-Smoking,Business,kyle35@example.com,2024-11-10
208,208,CUS0000208,Darrell,Taylor,M,Other,51-65,Gold,HL00000208,Silver,STD,Non-Smoking,Honeymoon,phillipskristin@example.net,2026-03-08
209,209,CUS0000209,Joshua,Rodgers,M,Indonesian,18-25,None,HL00000209,Silver,DLX,Smoking,Leisure,stanleynancy@example.net,2025-02-03
210,210,CUS0000210,Linda,Moore,F,Indonesian,51-65,Gold,HL00000210,Gold,EXC,Non-Smoking,Business,mariewise@example.org,2023-05-29
211,211,CUS0000211,Jessica,Jenkins,F,Indonesian,18-25,Gold,HL00000211,None,EXC,Non-Smoking,Leisure,tarabishop@example.net,2023-11-14
212,212,CUS0000212,Joann,Ferguson,F,British,18-25,Platinum,HL00000212,None,SUT,Non-Smoking,Leisure,tammy73@example.com,2025-07-11
213,213,CUS0000213,Theresa,Joyce,F,Indonesian,26-35,None,HL00000213,Silver,EXC,Non-Smoking,Business,xhammond@example.com,2025-08-27
214,214,CUS0000214,Joseph,Burch,M,Singaporean,36-50,Platinum,HL00000214,Silver,DLX,Non-Smoking,Business,laurietaylor@example.com,2024-04-02
215,215,CUS0000215,Margaret,Sawyer,F,Japanese,65+,None,HL00000215,None,SUT,Non-Smoking,Business,dawsonzachary@example.org,2023-05-26
216,216,CUS0000216,Bradley,Martin,M,Indonesian,51-65,None,HL00000216,None,SUT,Non-Smoking,Leisure,jwhitehead@example.com,2025-08-12
217,217,CUS0000217,Travis,Walker,M,Indonesian,65+,Gold,HL00000217,Gold,DLX,Smoking,Business,bwilkerson@example.com,2024-09-17
218,218,CUS0000218,Jennifer,Brooks,F,British,65+,None,HL00000218,Gold,STD,Non-Smoking,Honeymoon,xvang@example.org,2026-04-02
219,219,CUS0000219,Emma,Garcia,F,Australian,65+,None,HL00000219,None,SUT,Non-Smoking,Honeymoon,lacey20@example.com,2024-02-07
220,220,CUS0000220,Kaitlyn,Guerra,F,Other,18-25,None,HL00000220,Gold,EXC,Non-Smoking,Honeymoon,awest@example.org,2025-07-25
221,221,CUS0000221,Dawn,Conley,F,Other,65+,Gold,HL00000221,Platinum,EXC,Non-Smoking,Business,srodriguez@example.org,2025-04-12
222,222,CUS0000222,Bryan,Allen,M,Japanese,51-65,None,HL00000222,None,EXC,Non-Smoking,Leisure,fbrown@example.net,2024-04-06
223,223,CUS0000223,Alexis,Robertson,F,Indonesian,36-50,Silver,HL00000223,None,DLX,Non-Smoking,Business,jennifercarter@example.org,2024-07-06
224,224,CUS0000224,Heather,Duncan,F,Japanese,26-35,Platinum,HL00000224,Silver,DLX,Non-Smoking,Family,elizabethmiller@example.com,2025-03-01
225,225,CUS0000225,Troy,Stephens,M,Indonesian,65+,Silver,HL00000225,None,EXC,Non-Smoking,Leisure,myerstheodore@example.net,2025-05-20
226,226,CUS0000226,William,King,M,Singaporean,36-50,Silver,HL00000226,Silver,DLX,Non-Smoking,Leisure,kellycarlos@example.org,2025-10-10
227,227,CUS0000227,Mary,Garcia,F,Singaporean,18-25,None,HL00000227,None,DLX,Non-Smoking,Honeymoon,dennis58@example.com,2025-08-25
228,228,CUS0000228,Marvin,Greer,M,Indonesian,18-25,None,HL00000228,None,DLX,Non-Smoking,Business,epollard@example.net,2026-01-20
229,229,CUS0000229,Robert,Brown,M,American,51-65,None,HL00000229,Silver,DLX,Non-Smoking,Leisure,mjohnson@example.org,2026-01-10
230,230,CUS0000230,Christina,Williams,F,Malaysian,18-25,Silver,HL00000230,Gold,STD,Non-Smoking,Honeymoon,zachary87@example.com,2026-01-29
231,231,CUS0000231,Paul,Lee,M,American,65+,Silver,HL00000231,Platinum,STD,Non-Smoking,Business,michelle05@example.com,2025-12-20
232,232,CUS0000232,Rebecca,Kim,F,Other,65+,None,HL00000232,Gold,SUT,Non-Smoking,Family,ypaul@example.com,2024-08-12
233,233,CUS0000233,Jon,Jimenez,M,Indonesian,51-65,Platinum,HL00000233,None,STD,Non-Smoking,Leisure,laurie61@example.com,2024-03-30
234,234,CUS0000234,Zachary,White,M,Other,26-35,None,HL00000234,Gold,EXC,Non-Smoking,Family,manuel15@example.net,2023-06-25
235,235,CUS0000235,Eric,Morrison,M,Indonesian,51-65,None,HL00000235,Gold,STD,Non-Smoking,Family,cjackson@example.com,2023-11-03
236,236,CUS0000236,Amanda,Berg,F,Indonesian,36-50,None,HL00000236,Silver,DLX,Non-Smoking,Family,christina64@example.net,2024-09-12
237,237,CUS0000237,Travis,Jones,M,Japanese,18-25,None,HL00000237,Silver,EXC,Non-Smoking,Leisure,zcox@example.net,2023-09-18
238,238,CUS0000238,Christopher,Johnson,M,Indonesian,26-35,Gold,HL00000238,None,SUT,Non-Smoking,Business,ejohnson@example.org,2025-11-10
239,239,CUS0000239,Matthew,Cox,M,Japanese,18-25,None,HL00000239,Silver,SUT,Non-Smoking,Business,jacobserika@example.com,2023-07-12
240,240,CUS0000240,Jeremy,Jones,M,Indonesian,36-50,Platinum,HL00000240,Gold,STD,Non-Smoking,Business,alyssasanders@example.net,2023-08-22
241,241,CUS0000241,Danielle,Wilson,F,Japanese,51-65,None,HL00000241,Gold,DLX,Non-Smoking,Business,victorhughes@example.net,2025-03-01
242,242,CUS0000242,Dennis,Green,M,Indonesian,65+,Gold,HL00000242,Platinum,STD,Non-Smoking,Leisure,nlewis@example.com,2024-08-31
243,243,CUS0000243,Sydney,Henry,F,Indonesian,26-35,None,HL00000243,Gold,EXC,Non-Smoking,Honeymoon,taylorcharles@example.org,2024-12-17
244,244,CUS0000244,Jill,Miller,F,Indonesian,26-35,Silver,HL00000244,Platinum,EXC,Non-Smoking,Business,elizabeth18@example.net,2025-10-05
245,245,CUS0000245,Stephanie,York,F,Australian,51-65,Silver,HL00000245,Silver,SUT,Smoking,Family,laurahicks@example.org,2026-01-21
246,246,CUS0000246,Rebecca,Young,F,Indonesian,51-65,Platinum,HL00000246,Gold,STD,Non-Smoking,Business,jjohnson@example.net,2025-11-22
247,247,CUS0000247,Julie,Bird,F,Indonesian,36-50,Platinum,HL00000247,None,DLX,Non-Smoking,Leisure,cherylmiller@example.com,2025-11-02
248,248,CUS0000248,Yvonne,Higgins,F,British,36-50,None,HL00000248,None,EXC,Non-Smoking,Business,khammond@example.org,2024-08-24
249,249,CUS0000249,Valerie,Day,F,Malaysian,65+,None,HL00000249,Silver,SUT,Non-Smoking,Family,howens@example.com,2024-03-20
250,250,CUS0000250,Sherry,Deleon,F,Singaporean,51-65,None,HL00000250,Gold,STD,Smoking,Business,katrinaanderson@example.net,2023-10-26
251,251,CUS0000251,Sandra,Holmes,F,Indonesian,65+,Silver,HL00000251,None,DLX,Non-Smoking,Family,fred53@example.com,2025-01-26
252,252,CUS0000252,Stephanie,Singleton,F,Indonesian,36-50,None,HL00000252,Platinum,STD,Non-Smoking,Family,james84@example.org,2025-01-31
253,253,CUS0000253,Eric,Ferguson,M,Indonesian,26-35,Gold,HL00000253,Silver,DLX,Non-Smoking,Family,brittanycarpenter@example.org,2024-02-15
254,254,CUS0000254,Lori,Winters,F,Japanese,26-35,None,HL00000254,Platinum,DLX,Non-Smoking,Business,megan90@example.org,2024-07-08
255,255,CUS0000255,Amber,May,F,Indonesian,65+,Silver,HL00000255,Gold,SUT,Non-Smoking,Leisure,debra96@example.net,2025-05-08
256,256,CUS0000256,Andre,Small,M,Malaysian,26-35,None,HL00000256,None,SUT,Non-Smoking,Business,dawn47@example.org,2024-10-16
257,257,CUS0000257,Robert,Sullivan,M,Indonesian,18-25,None,HL00000257,None,SUT,Smoking,Business,djones@example.org,2023-12-09
258,258,CUS0000258,Jason,Marshall,M,Singaporean,36-50,Silver,HL00000258,Gold,SUT,Smoking,Business,catherine55@example.net,2023-12-12
259,259,CUS0000259,William,Anderson,M,Indonesian,51-65,Gold,HL00000259,None,STD,Smoking,Leisure,zachary15@example.org,2025-04-16
260,260,CUS0000260,Bryan,Cole,M,Other,36-50,Silver,HL00000260,None,STD,Non-Smoking,Family,colinroberts@example.com,2026-05-07
261,261,CUS0000261,Jason,Estes,M,Singaporean,26-35,None,HL00000261,None,EXC,Smoking,Leisure,lisapeck@example.net,2026-05-18
262,262,CUS0000262,Colton,Moore,M,British,51-65,None,HL00000262,None,DLX,Non-Smoking,Leisure,tjimenez@example.com,2025-01-17
263,263,CUS0000263,Brandon,Long,M,Australian,65+,Silver,HL00000263,Gold,SUT,Non-Smoking,Honeymoon,nlevy@example.net,2025-03-03
264,264,CUS0000264,Anthony,Campbell,M,Singaporean,36-50,Silver,HL00000264,Gold,DLX,Non-Smoking,Leisure,amitchell@example.org,2025-10-12
265,265,CUS0000265,Cesar,Baker,M,Indonesian,36-50,Silver,HL00000265,Silver,SUT,Non-Smoking,Family,kathryn50@example.com,2024-02-25
266,266,CUS0000266,Laura,Lee,F,Indonesian,65+,None,HL00000266,Silver,SUT,Non-Smoking,Business,charles87@example.net,2024-12-02
267,267,CUS0000267,Samantha,Hanson,F,Indonesian,51-65,Silver,HL00000267,Gold,SUT,Non-Smoking,Business,andersoncolin@example.com,2024-06-15
268,268,CUS0000268,William,Grant,M,Australian,18-25,None,HL00000268,None,STD,Non-Smoking,Leisure,kari39@example.net,2024-04-10
269,269,CUS0000269,Kathryn,Williams,F,Indonesian,36-50,None,HL00000269,Silver,EXC,Smoking,Honeymoon,jenniferbrock@example.net,2024-07-21
270,270,CUS0000270,Chase,Barry,M,American,36-50,None,HL00000270,None,EXC,Non-Smoking,Leisure,markaustin@example.org,2025-05-12
271,271,CUS0000271,William,Stevenson,M,Indonesian,36-50,Silver,HL00000271,Silver,STD,Non-Smoking,Leisure,brittney88@example.net,2025-10-29
272,272,CUS0000272,Michelle,Evans,F,Indonesian,36-50,None,HL00000272,Silver,DLX,Non-Smoking,Business,richardsonemily@example.com,2026-05-15
273,273,CUS0000273,Elizabeth,Roach,F,Indonesian,26-35,None,HL00000273,Silver,DLX,Non-Smoking,Business,carlsonjoseph@example.net,2025-01-07
274,274,CUS0000274,Valerie,Lane,F,Indonesian,18-25,None,HL00000274,None,SUT,Non-Smoking,Leisure,jennifersilva@example.org,2024-03-04
275,275,CUS0000275,Mark,Harvey,M,Indonesian,36-50,Platinum,HL00000275,None,EXC,Non-Smoking,Honeymoon,rhernandez@example.org,2025-06-06
276,276,CUS0000276,Laura,Graves,F,Indonesian,65+,None,HL00000276,Silver,STD,Non-Smoking,Leisure,andrewedwards@example.org,2025-10-29
277,277,CUS0000277,Melissa,Jenkins,F,Indonesian,36-50,None,HL00000277,Platinum,DLX,Non-Smoking,Business,vsalas@example.net,2026-01-20
278,278,CUS0000278,Michele,Stone,F,Indonesian,65+,Gold,HL00000278,None,STD,Non-Smoking,Business,whitney78@example.com,2025-06-01
279,279,CUS0000279,Tina,Stevens,F,Indonesian,51-65,Platinum,HL00000279,None,SUT,Non-Smoking,Leisure,amy49@example.com,2026-03-22
280,280,CUS0000280,Tina,Ramirez,F,Singaporean,51-65,Silver,HL00000280,Gold,DLX,Non-Smoking,Leisure,jeffrey44@example.net,2024-02-11
281,281,CUS0000281,Melissa,Burns,F,Indonesian,51-65,None,HL00000281,Gold,STD,Non-Smoking,Leisure,ybailey@example.net,2023-09-17
282,282,CUS0000282,Dwayne,Berry,M,Japanese,51-65,Silver,HL00000282,None,STD,Non-Smoking,Leisure,zhuang@example.com,2025-08-26
283,283,CUS0000283,Robert,Roberts,M,Indonesian,18-25,None,HL00000283,None,SUT,Non-Smoking,Family,stephanie15@example.com,2024-05-30
284,284,CUS0000284,Dawn,Mendoza,F,Indonesian,26-35,None,HL00000284,None,SUT,Non-Smoking,Business,marianelson@example.net,2025-05-07
285,285,CUS0000285,Denise,Rodriguez,F,Indonesian,26-35,Gold,HL00000285,Silver,SUT,Non-Smoking,Family,johnsantiago@example.net,2025-08-13
286,286,CUS0000286,Mark,Williams,M,Indonesian,51-65,None,HL00000286,Gold,DLX,Non-Smoking,Business,erivera@example.org,2023-06-16
287,287,CUS0000287,Patricia,Smith,F,Malaysian,26-35,Gold,HL00000287,Gold,DLX,Non-Smoking,Honeymoon,richarddonovan@example.com,2023-11-18
288,288,CUS0000288,Matthew,Avila,M,Indonesian,36-50,None,HL00000288,None,EXC,Non-Smoking,Business,manuel01@example.net,2024-10-17
289,289,CUS0000289,David,Rodgers,M,Australian,26-35,Silver,HL00000289,Silver,SUT,Non-Smoking,MICE,gentrygregory@example.org,2025-06-29
290,290,CUS0000290,Yolanda,Sanders,F,Indonesian,65+,Silver,HL00000290,Silver,STD,Non-Smoking,Family,vlopez@example.com,2023-09-13
291,291,CUS0000291,Alexandra,Bradley,F,British,65+,Silver,HL00000291,Silver,EXC,Non-Smoking,Leisure,hebertmatthew@example.com,2024-10-26
292,292,CUS0000292,Kimberly,Snyder,F,Indonesian,26-35,None,HL00000292,None,STD,Non-Smoking,Business,melissamcdonald@example.org,2026-03-06
293,293,CUS0000293,Ashley,Martin,F,Singaporean,18-25,None,HL00000293,None,STD,Non-Smoking,Business,twong@example.org,2023-05-30
294,294,CUS0000294,Nancy,Gibbs,F,Indonesian,65+,None,HL00000294,None,STD,Non-Smoking,Business,gregorychase@example.com,2025-10-24
295,295,CUS0000295,Jessica,Murphy,F,Indonesian,18-25,Gold,HL00000295,None,STD,Non-Smoking,Leisure,lcaldwell@example.org,2026-04-15
296,296,CUS0000296,Erica,Wright,F,Indonesian,36-50,Silver,HL00000296,None,SUT,Non-Smoking,Family,patrick74@example.com,2025-08-29
297,297,CUS0000297,Lauren,Berry,F,American,51-65,Silver,HL00000297,Gold,STD,Non-Smoking,Family,desiree30@example.net,2024-07-24
298,298,CUS0000298,Julie,Moore,F,Singaporean,65+,Silver,HL00000298,None,DLX,Non-Smoking,Leisure,hannah45@example.net,2026-02-01
299,299,CUS0000299,Colleen,Anderson,F,Indonesian,51-65,Gold,HL00000299,Platinum,EXC,Non-Smoking,Leisure,spencerzhang@example.com,2023-06-11
300,300,CUS0000300,Michael,Durham,M,Indonesian,36-50,None,HL00000300,None,STD,Non-Smoking,Leisure,kathleenbecker@example.net,2025-11-14
301,301,CUS0000301,Angela,Griffin,F,Other,18-25,Silver,HL00000301,Gold,STD,Smoking,Honeymoon,christian91@example.org,2024-09-30
302,302,CUS0000302,Kimberly,Wagner,F,Indonesian,18-25,None,HL00000302,Gold,EXC,Non-Smoking,Family,franklinbond@example.com,2025-02-25
303,303,CUS0000303,Melanie,Love,F,Malaysian,65+,None,HL00000303,Gold,STD,Non-Smoking,Business,gdavis@example.com,2024-07-03
304,304,CUS0000304,Anthony,Anderson,M,Indonesian,18-25,Silver,HL00000304,Silver,STD,Non-Smoking,Family,dbryant@example.net,2024-02-05
305,305,CUS0000305,Megan,Parker,F,Indonesian,36-50,Gold,HL00000305,Platinum,STD,Non-Smoking,Leisure,fosterlisa@example.net,2023-12-21
306,306,CUS0000306,Laura,Williams,F,Indonesian,51-65,Silver,HL00000306,Silver,STD,Smoking,Business,isabella80@example.org,2025-11-22
307,307,CUS0000307,Amanda,Ortiz,F,Other,36-50,Silver,HL00000307,None,DLX,Non-Smoking,Business,katiegood@example.net,2023-08-05
308,308,CUS0000308,James,Vance,M,Singaporean,36-50,Platinum,HL00000308,None,EXC,Non-Smoking,MICE,ykane@example.com,2025-01-30
309,309,CUS0000309,Melanie,Stanley,F,Singaporean,65+,None,HL00000309,Silver,DLX,Smoking,Leisure,desireebailey@example.org,2023-07-19
310,310,CUS0000310,James,Anderson,M,Singaporean,36-50,None,HL00000310,Silver,STD,Non-Smoking,Business,maryavila@example.com,2023-08-06
311,311,CUS0000311,Michael,Stephens,M,Indonesian,36-50,None,HL00000311,None,SUT,Non-Smoking,Leisure,pmorrow@example.com,2024-11-05
312,312,CUS0000312,Brittney,Lopez,F,Other,51-65,None,HL00000312,Platinum,EXC,Non-Smoking,Business,johnsondonna@example.net,2025-07-26
313,313,CUS0000313,Timothy,Small,M,Indonesian,18-25,None,HL00000313,None,EXC,Non-Smoking,Leisure,jamiegarcia@example.org,2024-05-15
314,314,CUS0000314,Kyle,Warner,M,Malaysian,36-50,Gold,HL00000314,Silver,DLX,Non-Smoking,Family,sanchezbradley@example.com,2025-10-02
315,315,CUS0000315,Kimberly,Webster,F,Indonesian,51-65,None,HL00000315,None,DLX,Non-Smoking,Leisure,taylorvictoria@example.org,2024-08-19
316,316,CUS0000316,Sydney,Johnston,F,Indonesian,18-25,None,HL00000316,Silver,EXC,Smoking,Honeymoon,joel28@example.org,2024-01-25
317,317,CUS0000317,Elizabeth,Brown,F,Singaporean,36-50,Gold,HL00000317,None,SUT,Non-Smoking,Family,conniesimmons@example.com,2025-04-05
318,318,CUS0000318,William,David,M,Indonesian,65+,None,HL00000318,None,DLX,Non-Smoking,Business,ufloyd@example.net,2023-08-21
319,319,CUS0000319,Jason,Evans,M,Indonesian,36-50,Platinum,HL00000319,None,DLX,Non-Smoking,Business,karenwells@example.org,2026-05-08
320,320,CUS0000320,Shannon,Thomas,F,Australian,51-65,Gold,HL00000320,None,DLX,Non-Smoking,MICE,jmelendez@example.com,2025-03-02
321,321,CUS0000321,Justin,Anderson,M,Japanese,36-50,Gold,HL00000321,Silver,DLX,Non-Smoking,Business,jonathanrivera@example.org,2024-05-14
322,322,CUS0000322,Sarah,Davis,F,Indonesian,36-50,None,HL00000322,None,EXC,Non-Smoking,Business,brettbennett@example.net,2024-03-11
323,323,CUS0000323,Andrew,Jones,M,Malaysian,26-35,Silver,HL00000323,None,DLX,Non-Smoking,Leisure,timothybooth@example.com,2023-11-22
324,324,CUS0000324,Tina,Smith,F,Indonesian,51-65,None,HL00000324,Silver,SUT,Non-Smoking,Business,suzannewilson@example.com,2025-06-14
325,325,CUS0000325,Michael,Padilla,M,British,51-65,None,HL00000325,None,STD,Non-Smoking,Family,jherman@example.com,2024-02-14
326,326,CUS0000326,Diane,Owens,F,American,18-25,Platinum,HL00000326,Gold,EXC,Non-Smoking,Family,kyle58@example.com,2024-07-20
327,327,CUS0000327,Brett,Zavala,M,Indonesian,36-50,None,HL00000327,Silver,DLX,Non-Smoking,Business,ugill@example.org,2024-07-24
328,328,CUS0000328,Erik,Williams,M,Indonesian,36-50,None,HL00000328,None,EXC,Smoking,Business,joycesmith@example.net,2026-03-09
329,329,CUS0000329,Lauren,Butler,F,Japanese,26-35,None,HL00000329,None,SUT,Non-Smoking,Business,jameshall@example.net,2024-12-11
330,330,CUS0000330,Danielle,Pierce,F,Malaysian,18-25,None,HL00000330,Gold,SUT,Non-Smoking,Family,jonathan77@example.com,2023-09-10
331,331,CUS0000331,Morgan,Bell,F,Singaporean,51-65,Platinum,HL00000331,None,DLX,Non-Smoking,Leisure,jenniferfreeman@example.net,2025-10-09
332,332,CUS0000332,Tina,Warren,F,Indonesian,26-35,None,HL00000332,None,EXC,Non-Smoking,Business,landryelizabeth@example.org,2024-03-26
333,333,CUS0000333,Chad,Mccoy,M,Australian,36-50,None,HL00000333,Silver,DLX,Non-Smoking,Family,mannalbert@example.net,2025-10-08
334,334,CUS0000334,Jake,Williamson,M,Indonesian,36-50,Silver,HL00000334,Silver,SUT,Non-Smoking,Leisure,bhopkins@example.org,2024-02-17
335,335,CUS0000335,Juan,Smith,M,Indonesian,36-50,Platinum,HL00000335,Gold,SUT,Smoking,Honeymoon,amanda40@example.net,2026-05-18
336,336,CUS0000336,Michael,Jordan,M,Malaysian,18-25,None,HL00000336,None,DLX,Non-Smoking,Business,danieldavis@example.org,2024-11-23
337,337,CUS0000337,Cheryl,Fox,F,Indonesian,51-65,None,HL00000337,None,EXC,Non-Smoking,Leisure,joseph61@example.com,2026-03-02
338,338,CUS0000338,Judy,Sanchez,F,Indonesian,36-50,Silver,HL00000338,None,EXC,Smoking,Business,kevinclayton@example.org,2025-09-01
339,339,CUS0000339,Wendy,Santos,F,British,26-35,None,HL00000339,Silver,SUT,Non-Smoking,Business,davisnicholas@example.net,2023-09-27
340,340,CUS0000340,Amy,Smith,F,Indonesian,36-50,None,HL00000340,None,EXC,Non-Smoking,Honeymoon,christopherbruce@example.net,2026-04-11
341,341,CUS0000341,Erin,Madden,F,Indonesian,18-25,Silver,HL00000341,Platinum,SUT,Non-Smoking,MICE,jacobsonsamantha@example.org,2023-11-16
342,342,CUS0000342,Stephanie,Schwartz,F,Indonesian,51-65,None,HL00000342,None,EXC,Non-Smoking,Family,enelson@example.net,2023-12-05
343,343,CUS0000343,Steven,Elliott,M,British,51-65,Silver,HL00000343,Platinum,STD,Non-Smoking,Leisure,whitemelissa@example.org,2023-12-22
344,344,CUS0000344,Kevin,Goodwin,M,Japanese,51-65,None,HL00000344,None,SUT,Non-Smoking,Family,thickman@example.org,2024-01-12
345,345,CUS0000345,David,Davenport,M,Indonesian,36-50,None,HL00000345,Platinum,EXC,Non-Smoking,Honeymoon,irhodes@example.com,2025-09-17
346,346,CUS0000346,Perry,Taylor,M,Indonesian,36-50,None,HL00000346,None,EXC,Non-Smoking,Leisure,masonterri@example.org,2023-10-05
347,347,CUS0000347,Jessica,Roberson,F,Indonesian,65+,Gold,HL00000347,Gold,EXC,Non-Smoking,Leisure,cassie99@example.com,2023-07-14
348,348,CUS0000348,Erin,Walters,F,Indonesian,18-25,Gold,HL00000348,None,EXC,Non-Smoking,Business,whenry@example.net,2025-07-28
349,349,CUS0000349,Jessica,Frazier,F,Indonesian,36-50,None,HL00000349,None,SUT,Non-Smoking,Family,nmiller@example.com,2026-02-21
350,350,CUS0000350,Danielle,Jones,F,American,18-25,None,HL00000350,None,SUT,Non-Smoking,Business,eric26@example.com,2025-01-02
351,351,CUS0000351,Ashley,Smith,F,Malaysian,36-50,None,HL00000351,None,SUT,Smoking,MICE,sean41@example.org,2024-02-06
352,352,CUS0000352,Cody,Cole,M,Malaysian,65+,None,HL00000352,None,SUT,Non-Smoking,Leisure,fgarcia@example.com,2024-11-23
353,353,CUS0000353,Anna,George,F,Indonesian,36-50,None,HL00000353,Silver,SUT,Non-Smoking,Leisure,michelle04@example.com,2024-05-17
354,354,CUS0000354,Peggy,Hardy,F,Indonesian,36-50,Silver,HL00000354,Gold,STD,Smoking,Leisure,ashleyjackson@example.com,2026-01-03
355,355,CUS0000355,Brenda,Turner,F,Indonesian,51-65,None,HL00000355,None,STD,Non-Smoking,Leisure,kthomas@example.com,2025-12-23
356,356,CUS0000356,Jennifer,Washington,F,Indonesian,51-65,Platinum,HL00000356,Silver,SUT,Non-Smoking,Leisure,wardsheryl@example.net,2025-12-28
357,357,CUS0000357,Jon,Jensen,M,Malaysian,26-35,None,HL00000357,None,SUT,Non-Smoking,Leisure,trodriguez@example.org,2024-01-29
358,358,CUS0000358,Gary,Oliver,M,Indonesian,36-50,Silver,HL00000358,None,DLX,Non-Smoking,Business,scott69@example.org,2024-11-02
359,359,CUS0000359,Frank,Valentine,M,Indonesian,51-65,None,HL00000359,Silver,STD,Non-Smoking,Family,timothythompson@example.com,2023-08-14
360,360,CUS0000360,Doris,Neal,F,Indonesian,51-65,Silver,HL00000360,Platinum,STD,Non-Smoking,Leisure,yfaulkner@example.org,2024-11-05
361,361,CUS0000361,Jamie,Velasquez,F,Other,51-65,None,HL00000361,None,DLX,Non-Smoking,Family,kdiaz@example.org,2026-01-19
362,362,CUS0000362,Zachary,White,M,Indonesian,26-35,None,HL00000362,None,DLX,Non-Smoking,Business,bentonsteven@example.net,2025-03-31
363,363,CUS0000363,Jeffrey,Carter,M,Other,51-65,None,HL00000363,None,EXC,Non-Smoking,Business,fuenteslaura@example.com,2024-03-11
364,364,CUS0000364,Kathryn,Schultz,F,Indonesian,26-35,Platinum,HL00000364,None,STD,Non-Smoking,Family,johnnymoore@example.com,2024-09-12
365,365,CUS0000365,Jamie,Cole,F,Australian,18-25,Silver,HL00000365,Silver,DLX,Non-Smoking,Business,iaguilar@example.net,2024-02-26
366,366,CUS0000366,Jennifer,Johnson,F,Malaysian,26-35,Platinum,HL00000366,None,DLX,Non-Smoking,Business,jacqueline89@example.net,2023-11-12
367,367,CUS0000367,Brian,Wright,M,Indonesian,65+,None,HL00000367,Silver,DLX,Smoking,Honeymoon,gabriel90@example.net,2024-01-06
368,368,CUS0000368,Megan,Ross,F,Other,26-35,Gold,HL00000368,Silver,EXC,Non-Smoking,Honeymoon,tammy61@example.org,2025-07-03
369,369,CUS0000369,Deanna,Dixon,F,Malaysian,65+,Silver,HL00000369,Silver,STD,Non-Smoking,Business,seanmyers@example.net,2026-02-15
370,370,CUS0000370,Melissa,Hernandez,F,British,26-35,Silver,HL00000370,None,DLX,Non-Smoking,Leisure,webbkenneth@example.org,2025-08-10
371,371,CUS0000371,Sandra,Cross,F,Indonesian,65+,None,HL00000371,Silver,DLX,Non-Smoking,Leisure,larry73@example.net,2023-06-12
372,372,CUS0000372,Gregory,Davis,M,Indonesian,36-50,None,HL00000372,None,SUT,Non-Smoking,Business,tflores@example.org,2024-05-16
373,373,CUS0000373,Michelle,Johnson,F,Indonesian,18-25,Platinum,HL00000373,Silver,SUT,Non-Smoking,Leisure,deborah23@example.net,2024-12-29
374,374,CUS0000374,Juan,Rivera,M,Indonesian,51-65,None,HL00000374,Silver,STD,Non-Smoking,Business,omullen@example.com,2026-04-17
375,375,CUS0000375,Cathy,Davidson,F,Australian,26-35,Gold,HL00000375,None,SUT,Non-Smoking,MICE,vfoster@example.net,2023-10-21
376,376,CUS0000376,Jerry,Jordan,M,Other,51-65,Silver,HL00000376,Silver,STD,Non-Smoking,Leisure,bushjamie@example.net,2024-05-23
377,377,CUS0000377,Rebecca,Ray,F,Malaysian,18-25,None,HL00000377,Gold,SUT,Non-Smoking,Business,michaelgonzalez@example.org,2025-10-20
378,378,CUS0000378,Michael,Burns,M,Indonesian,51-65,Platinum,HL00000378,Silver,SUT,Non-Smoking,Leisure,candice96@example.net,2025-04-12
379,379,CUS0000379,Gregory,Bruce,M,Indonesian,65+,None,HL00000379,None,SUT,Non-Smoking,Honeymoon,lisamccarthy@example.com,2025-12-14
380,380,CUS0000380,Leslie,Powers,F,Other,26-35,None,HL00000380,None,EXC,Non-Smoking,Business,david41@example.org,2023-09-25
381,381,CUS0000381,Michael,Dixon,M,Indonesian,36-50,Silver,HL00000381,Gold,EXC,Non-Smoking,Business,kcarlson@example.com,2024-01-29
382,382,CUS0000382,Cody,Reid,M,Singaporean,36-50,Silver,HL00000382,None,DLX,Non-Smoking,Leisure,angelaburns@example.org,2024-02-06
383,383,CUS0000383,Ernest,Hayes,M,Singaporean,51-65,Silver,HL00000383,None,EXC,Smoking,MICE,glennstephanie@example.com,2025-04-12
384,384,CUS0000384,Chloe,Cruz,F,British,51-65,Silver,HL00000384,Platinum,SUT,Smoking,Business,fortiz@example.com,2024-12-23
385,385,CUS0000385,Ryan,Burns,M,Indonesian,26-35,Silver,HL00000385,None,EXC,Non-Smoking,Leisure,cunninghamlaura@example.org,2024-06-20
386,386,CUS0000386,Andrew,Walker,M,Australian,51-65,None,HL00000386,Silver,EXC,Smoking,Family,gary79@example.net,2024-09-21
387,387,CUS0000387,Pamela,Dunn,F,American,18-25,Silver,HL00000387,Silver,SUT,Non-Smoking,Business,armstrongjoseph@example.net,2025-11-24
388,388,CUS0000388,Wendy,Weaver,F,Indonesian,18-25,Gold,HL00000388,Silver,EXC,Non-Smoking,Family,wolfscott@example.org,2023-08-02
389,389,CUS0000389,Ashley,Greer,F,Indonesian,36-50,Silver,HL00000389,Silver,EXC,Non-Smoking,Leisure,kennethkidd@example.com,2025-11-16
390,390,CUS0000390,Hannah,Montoya,F,Indonesian,51-65,None,HL00000390,None,DLX,Non-Smoking,Business,hgrimes@example.org,2025-01-28
391,391,CUS0000391,Robert,Matthews,M,Indonesian,51-65,Silver,HL00000391,None,STD,Smoking,MICE,michelle96@example.org,2023-06-24
392,392,CUS0000392,Brenda,Clark,F,Indonesian,26-35,None,HL00000392,Silver,EXC,Non-Smoking,Leisure,lindahudson@example.net,2024-09-02
393,393,CUS0000393,Linda,Jackson,F,Indonesian,51-65,None,HL00000393,Gold,SUT,Smoking,Leisure,keith48@example.net,2024-01-25
394,394,CUS0000394,Brandon,Estes,M,Indonesian,18-25,None,HL00000394,Silver,DLX,Non-Smoking,Business,rsellers@example.net,2023-12-16
395,395,CUS0000395,Meredith,Anderson,F,Indonesian,65+,Gold,HL00000395,Gold,EXC,Non-Smoking,Business,jenniferpoole@example.net,2023-06-10
396,396,CUS0000396,Katherine,Ray,F,Other,36-50,Silver,HL00000396,None,DLX,Non-Smoking,Business,courtney67@example.org,2024-08-09
397,397,CUS0000397,Robert,Mack,M,Indonesian,26-35,Silver,HL00000397,None,DLX,Non-Smoking,Leisure,rrobertson@example.net,2025-10-03
398,398,CUS0000398,Jordan,Freeman,F,Indonesian,36-50,None,HL00000398,None,STD,Non-Smoking,Business,meltonmelanie@example.org,2024-08-25
399,399,CUS0000399,Valerie,Reid,F,Other,18-25,None,HL00000399,None,EXC,Non-Smoking,Business,melissa86@example.org,2024-08-16
400,400,CUS0000400,Roger,Simpson,M,Indonesian,36-50,None,HL00000400,Silver,STD,Non-Smoking,Business,maria58@example.net,2023-12-02
401,401,CUS0000401,Kylie,Washington,F,Indonesian,51-65,Gold,HL00000401,Silver,SUT,Non-Smoking,Honeymoon,patricia00@example.org,2025-06-26
402,402,CUS0000402,Richard,Stevens,M,American,26-35,Silver,HL00000402,Silver,EXC,Non-Smoking,MICE,nobleeric@example.com,2025-03-18
403,403,CUS0000403,Wendy,Patterson,F,Indonesian,65+,None,HL00000403,None,DLX,Non-Smoking,Leisure,nicoleturner@example.com,2023-09-13
404,404,CUS0000404,Mary,Wright,F,Singaporean,65+,None,HL00000404,Gold,DLX,Non-Smoking,Business,elizabeth20@example.com,2023-07-25
405,405,CUS0000405,Elizabeth,Lyons,F,Japanese,26-35,Silver,HL00000405,None,EXC,Smoking,Family,rubendavis@example.org,2024-11-23
406,406,CUS0000406,Daniel,Miller,M,Other,65+,None,HL00000406,None,DLX,Smoking,Family,aprilwallace@example.org,2024-02-02
407,407,CUS0000407,Gwendolyn,Martinez,F,Australian,26-35,None,HL00000407,Silver,SUT,Non-Smoking,Business,ebenson@example.org,2025-12-21
408,408,CUS0000408,James,Cross,M,Indonesian,51-65,None,HL00000408,None,STD,Smoking,Leisure,garciamichael@example.com,2026-04-19
409,409,CUS0000409,Janet,Li,F,Indonesian,51-65,None,HL00000409,Silver,EXC,Non-Smoking,MICE,darlenebyrd@example.org,2024-09-27
410,410,CUS0000410,Kristine,Bishop,F,Other,36-50,None,HL00000410,Silver,SUT,Smoking,Business,scottbowen@example.net,2024-10-24
411,411,CUS0000411,Brittany,Jenkins,F,Singaporean,18-25,Silver,HL00000411,None,STD,Non-Smoking,Business,fheath@example.org,2026-03-20
412,412,CUS0000412,Nicole,Lawrence,F,Indonesian,51-65,None,HL00000412,Silver,DLX,Non-Smoking,MICE,bbell@example.com,2024-10-12
413,413,CUS0000413,Charles,Hill,M,Other,18-25,Silver,HL00000413,None,SUT,Non-Smoking,Leisure,wrightcarolyn@example.net,2023-07-16
414,414,CUS0000414,Dominique,Pugh,F,Indonesian,26-35,Silver,HL00000414,None,DLX,Non-Smoking,Leisure,abbottdominique@example.com,2024-12-29
415,415,CUS0000415,Joseph,Hicks,M,Singaporean,51-65,None,HL00000415,None,DLX,Smoking,Business,dphillips@example.org,2024-07-17
416,416,CUS0000416,James,Allen,M,Japanese,36-50,None,HL00000416,None,STD,Smoking,Leisure,ricetiffany@example.com,2025-12-27
417,417,CUS0000417,Carlos,Valencia,M,Indonesian,51-65,None,HL00000417,Silver,STD,Non-Smoking,Business,rdiaz@example.org,2024-05-10
418,418,CUS0000418,Kaitlin,Archer,F,Malaysian,18-25,None,HL00000418,None,SUT,Non-Smoking,Business,smithcarlos@example.com,2025-09-21
419,419,CUS0000419,Andrew,Brown,M,Malaysian,51-65,Silver,HL00000419,Platinum,STD,Non-Smoking,Business,ohunter@example.net,2024-01-13
420,420,CUS0000420,Pamela,Henderson,F,Indonesian,36-50,None,HL00000420,Gold,DLX,Non-Smoking,Business,imiller@example.net,2026-05-05
421,421,CUS0000421,Brittany,Miller,F,American,26-35,None,HL00000421,None,STD,Non-Smoking,Business,dixonjames@example.org,2026-04-05
422,422,CUS0000422,Erin,Willis,F,Singaporean,36-50,None,HL00000422,Gold,EXC,Non-Smoking,Business,collinssamuel@example.org,2023-06-21
423,423,CUS0000423,Dana,Middleton,F,Singaporean,65+,None,HL00000423,None,STD,Non-Smoking,Family,chavezchelsea@example.com,2024-08-14
424,424,CUS0000424,Natalie,Yang,F,Malaysian,26-35,Silver,HL00000424,Silver,SUT,Smoking,Family,smithderrick@example.org,2025-02-02
425,425,CUS0000425,Kathleen,Reed,F,Indonesian,51-65,Silver,HL00000425,Gold,SUT,Non-Smoking,Business,gary24@example.net,2025-03-05
426,426,CUS0000426,Patricia,Johnson,F,Indonesian,65+,Silver,HL00000426,Silver,EXC,Non-Smoking,Business,enelson@example.com,2025-07-27
427,427,CUS0000427,Vanessa,Burton,F,Japanese,26-35,Platinum,HL00000427,None,SUT,Non-Smoking,Leisure,xgibson@example.org,2024-05-11
428,428,CUS0000428,Shannon,Jackson,F,Indonesian,36-50,Platinum,HL00000428,Platinum,EXC,Non-Smoking,Family,jonathangarcia@example.net,2024-02-18
429,429,CUS0000429,Miranda,Perez,F,American,26-35,Silver,HL00000429,Silver,DLX,Non-Smoking,Leisure,williamsmichelle@example.org,2025-08-15
430,430,CUS0000430,John,Reyes,M,Indonesian,65+,Silver,HL00000430,Silver,STD,Smoking,Business,haroldhorne@example.org,2025-02-13
431,431,CUS0000431,Robert,Klein,M,Indonesian,36-50,Silver,HL00000431,None,STD,Non-Smoking,Business,pwalker@example.com,2023-08-16
432,432,CUS0000432,Francisco,Mckenzie,M,Indonesian,18-25,Platinum,HL00000432,None,EXC,Non-Smoking,Leisure,david02@example.org,2024-04-17
433,433,CUS0000433,Jose,Williams,M,Indonesian,18-25,None,HL00000433,Gold,DLX,Non-Smoking,Family,djones@example.com,2024-06-02
434,434,CUS0000434,Ryan,Murphy,M,Malaysian,18-25,None,HL00000434,None,EXC,Non-Smoking,Family,msmith@example.com,2026-02-23
435,435,CUS0000435,Rachel,Stevenson,F,Malaysian,36-50,Gold,HL00000435,Gold,SUT,Non-Smoking,Leisure,stevenvargas@example.com,2024-06-30
436,436,CUS0000436,Patty,Oconnor,F,Malaysian,18-25,Gold,HL00000436,Silver,EXC,Non-Smoking,Business,edwardrandolph@example.org,2024-02-02
437,437,CUS0000437,Kimberly,Fields,F,Indonesian,51-65,None,HL00000437,None,DLX,Smoking,Leisure,tapiaaaron@example.net,2025-10-21
438,438,CUS0000438,Samuel,Acosta,M,Indonesian,36-50,Silver,HL00000438,None,DLX,Smoking,Business,harristonya@example.com,2023-10-16
439,439,CUS0000439,Tyrone,Kaufman,M,Indonesian,36-50,Gold,HL00000439,None,STD,Non-Smoking,Leisure,jenniferdavis@example.org,2025-03-29
440,440,CUS0000440,Kelly,Haynes,F,Japanese,18-25,None,HL00000440,Gold,DLX,Non-Smoking,Honeymoon,stephen19@example.org,2023-05-30
441,441,CUS0000441,Casey,Wilkins,M,Indonesian,36-50,Silver,HL00000441,None,STD,Non-Smoking,Leisure,vargasbryan@example.net,2025-10-18
442,442,CUS0000442,Cynthia,Green,F,Indonesian,51-65,Platinum,HL00000442,Gold,SUT,Non-Smoking,Family,sara65@example.com,2023-07-07
443,443,CUS0000443,Dillon,Jones,M,British,36-50,None,HL00000443,None,SUT,Non-Smoking,Honeymoon,derekcarrillo@example.org,2024-04-01
444,444,CUS0000444,Brian,Cole,M,Indonesian,51-65,Silver,HL00000444,Gold,SUT,Non-Smoking,Family,richard85@example.org,2023-12-14
445,445,CUS0000445,Eric,Baker,M,Indonesian,36-50,None,HL00000445,None,DLX,Non-Smoking,Leisure,davislindsey@example.com,2024-02-27
446,446,CUS0000446,Michael,Morrison,M,Indonesian,18-25,Gold,HL00000446,Gold,STD,Non-Smoking,Family,marymurphy@example.org,2026-01-25
447,447,CUS0000447,Danielle,Kelly,F,Indonesian,26-35,None,HL00000447,Silver,EXC,Non-Smoking,Business,byrdjorge@example.org,2024-09-01
448,448,CUS0000448,Tristan,Bond,M,Other,65+,None,HL00000448,None,DLX,Non-Smoking,Honeymoon,codygarcia@example.org,2023-08-27
449,449,CUS0000449,Adam,Greer,M,Indonesian,65+,None,HL00000449,None,EXC,Non-Smoking,Business,davidcolon@example.com,2024-06-22
450,450,CUS0000450,Lorraine,Newman,F,Indonesian,26-35,Silver,HL00000450,None,STD,Smoking,Leisure,samantha10@example.org,2024-03-03
451,451,CUS0000451,Stephanie,Ramos,F,Malaysian,51-65,Silver,HL00000451,Silver,EXC,Smoking,Business,christopherboone@example.com,2025-11-09
452,452,CUS0000452,Andrew,Murray,M,Indonesian,65+,None,HL00000452,Platinum,STD,Smoking,Leisure,sandrahamilton@example.net,2025-03-22
453,453,CUS0000453,Jon,Reyes,M,Singaporean,36-50,Platinum,HL00000453,Silver,EXC,Non-Smoking,Business,nthompson@example.org,2024-01-10
454,454,CUS0000454,Douglas,Stephenson,M,Indonesian,51-65,None,HL00000454,None,STD,Smoking,Leisure,mendezchristina@example.net,2023-05-29
455,455,CUS0000455,Kathleen,Andrade,F,Australian,51-65,Silver,HL00000455,Silver,STD,Smoking,Honeymoon,rbrown@example.com,2026-02-16
456,456,CUS0000456,Jennifer,Day,F,Australian,51-65,Gold,HL00000456,Platinum,EXC,Non-Smoking,Family,crystalpham@example.org,2023-07-18
457,457,CUS0000457,Richard,Howard,M,Malaysian,36-50,Silver,HL00000457,Gold,EXC,Non-Smoking,Leisure,kcooper@example.net,2025-07-13
458,458,CUS0000458,Jasmine,White,F,Indonesian,51-65,None,HL00000458,Silver,STD,Non-Smoking,Family,carla04@example.org,2025-01-27
459,459,CUS0000459,William,Moreno,M,Japanese,18-25,Platinum,HL00000459,Gold,SUT,Non-Smoking,MICE,terrigarcia@example.net,2025-04-16
460,460,CUS0000460,Derek,Velasquez,M,Indonesian,51-65,Gold,HL00000460,None,EXC,Non-Smoking,Business,gallagherstacie@example.net,2023-09-15
461,461,CUS0000461,William,Price,M,Malaysian,18-25,Silver,HL00000461,None,DLX,Non-Smoking,Leisure,gregorywatkins@example.net,2024-02-05
462,462,CUS0000462,Ian,Vargas,M,American,26-35,None,HL00000462,None,EXC,Non-Smoking,Leisure,stacey92@example.net,2025-11-22
463,463,CUS0000463,Sara,Cochran,F,Indonesian,51-65,None,HL00000463,None,STD,Smoking,Business,lweaver@example.com,2024-05-20
464,464,CUS0000464,Ann,Hall,F,Malaysian,65+,None,HL00000464,Gold,DLX,Non-Smoking,Leisure,andrewwoods@example.com,2024-11-04
465,465,CUS0000465,Christina,Anderson,F,Indonesian,26-35,None,HL00000465,Gold,STD,Non-Smoking,Business,samantharichard@example.com,2025-03-29
466,466,CUS0000466,Alex,Willis,M,Indonesian,65+,None,HL00000466,None,EXC,Non-Smoking,Business,kimmathis@example.com,2023-12-15
467,467,CUS0000467,James,Mcmahon,M,Other,65+,None,HL00000467,Silver,EXC,Non-Smoking,Business,vwillis@example.com,2025-06-04
468,468,CUS0000468,Chad,Moore,M,Indonesian,51-65,None,HL00000468,None,STD,Smoking,Business,fconner@example.net,2025-12-30
469,469,CUS0000469,Carrie,Novak,F,Indonesian,51-65,Gold,HL00000469,Silver,EXC,Non-Smoking,Business,jeffrey92@example.com,2023-10-12
470,470,CUS0000470,Morgan,Phillips,F,Indonesian,51-65,Silver,HL00000470,None,EXC,Smoking,Leisure,jessicarush@example.net,2024-12-18
471,471,CUS0000471,Sarah,Townsend,F,Indonesian,36-50,Platinum,HL00000471,Silver,DLX,Non-Smoking,Business,whitelucas@example.net,2025-07-11
472,472,CUS0000472,Mark,Garcia,M,Malaysian,51-65,None,HL00000472,Gold,EXC,Non-Smoking,Leisure,vtaylor@example.org,2024-01-27
473,473,CUS0000473,Gregory,Flores,M,Other,51-65,None,HL00000473,Silver,DLX,Non-Smoking,Leisure,underwoodelizabeth@example.net,2024-05-19
474,474,CUS0000474,Jillian,Baker,F,Japanese,51-65,None,HL00000474,Silver,DLX,Smoking,Leisure,heatherbell@example.org,2025-10-29
475,475,CUS0000475,Aaron,Cruz,M,Indonesian,18-25,Platinum,HL00000475,Silver,STD,Smoking,Leisure,acosta@example.com,2025-06-14
476,476,CUS0000476,Gregory,Bennett,M,Japanese,36-50,None,HL00000476,None,STD,Smoking,Leisure,kkramer@example.net,2024-04-11
477,477,CUS0000477,Michael,Martin,M,Indonesian,18-25,None,HL00000477,None,EXC,Non-Smoking,Honeymoon,lloydarthur@example.org,2023-10-27
478,478,CUS0000478,Debbie,Garcia,F,Singaporean,51-65,Silver,HL00000478,Platinum,STD,Smoking,Family,george62@example.net,2025-03-31
479,479,CUS0000479,Joshua,Villanueva,M,Australian,65+,None,HL00000479,None,STD,Non-Smoking,MICE,morgantricia@example.com,2025-12-28
480,480,CUS0000480,Andre,Dunlap,M,Australian,26-35,Gold,HL00000480,None,SUT,Non-Smoking,Honeymoon,catherinehamilton@example.org,2024-04-01
481,481,CUS0000481,Erin,Mccann,F,Indonesian,65+,Platinum,HL00000481,None,EXC,Non-Smoking,Family,uterry@example.net,2024-02-17
482,482,CUS0000482,Deborah,Campbell,F,Indonesian,36-50,Gold,HL00000482,Platinum,SUT,Non-Smoking,Family,codylong@example.net,2023-12-19
483,483,CUS0000483,Katherine,Brown,F,Indonesian,18-25,None,HL00000483,None,DLX,Non-Smoking,Honeymoon,pattersonkelly@example.net,2025-05-31
484,484,CUS0000484,Lindsay,Gonzalez,F,Singaporean,26-35,None,HL00000484,Gold,SUT,Non-Smoking,Business,clarkdanielle@example.org,2024-06-12
485,485,CUS0000485,Sarah,Parker,F,Japanese,36-50,None,HL00000485,Silver,EXC,Non-Smoking,Family,qruiz@example.com,2024-02-15
486,486,CUS0000486,Maria,Hughes,F,Indonesian,65+,None,HL00000486,Silver,EXC,Non-Smoking,Business,nicole52@example.com,2026-04-24
487,487,CUS0000487,Dennis,Marshall,M,British,65+,None,HL00000487,None,EXC,Smoking,MICE,maryelliott@example.org,2024-06-25
488,488,CUS0000488,Melissa,Davis,F,American,18-25,Silver,HL00000488,Gold,STD,Smoking,Business,lindsey69@example.org,2024-02-08
489,489,CUS0000489,Antonio,Hughes,M,Indonesian,36-50,None,HL00000489,None,STD,Non-Smoking,Business,rsheppard@example.com,2026-03-01
490,490,CUS0000490,Stephen,Alvarez,M,American,26-35,Gold,HL00000490,None,STD,Non-Smoking,Family,fostermelissa@example.org,2025-08-02
491,491,CUS0000491,Kenneth,Black,M,Indonesian,36-50,None,HL00000491,Silver,SUT,Non-Smoking,Business,davidtodd@example.org,2026-04-02
492,492,CUS0000492,William,Stokes,M,Indonesian,51-65,Gold,HL00000492,None,EXC,Non-Smoking,Family,bradmiller@example.net,2025-07-15
493,493,CUS0000493,Christina,Carson,F,Indonesian,36-50,Platinum,HL00000493,Gold,DLX,Non-Smoking,Leisure,maryscott@example.net,2025-09-13
494,494,CUS0000494,Austin,Hughes,M,Indonesian,18-25,None,HL00000494,None,EXC,Non-Smoking,Family,rarnold@example.net,2023-09-21
495,495,CUS0000495,Sylvia,Smith,F,American,36-50,Silver,HL00000495,Gold,STD,Non-Smoking,MICE,jrodriguez@example.org,2024-05-22
496,496,CUS0000496,Leah,Chang,F,American,36-50,Silver,HL00000496,Silver,STD,Non-Smoking,Leisure,buckleyanna@example.org,2024-05-31
497,497,CUS0000497,Donna,Nichols,F,Indonesian,18-25,Silver,HL00000497,None,EXC,Non-Smoking,Business,natalie46@example.net,2025-08-15
498,498,CUS0000498,Laura,Kennedy,F,Indonesian,36-50,Gold,HL00000498,Gold,SUT,Non-Smoking,Leisure,joshuathomas@example.net,2024-05-10
499,499,CUS0000499,Michael,Williams,M,Japanese,26-35,Silver,HL00000499,None,SUT,Non-Smoking,Family,hannah07@example.com,2026-04-25
500,500,CUS0000500,Alejandro,Roth,M,Indonesian,36-50,None,HL00000500,None,DLX,Non-Smoking,Family,larry71@example.org,2026-05-23
501,501,CUS0000501,Eric,Manning,M,Indonesian,51-65,Silver,HL00000501,None,SUT,Non-Smoking,Business,joseph69@example.net,2025-03-07
502,502,CUS0000502,Chelsea,Lewis,F,Indonesian,65+,None,HL00000502,None,SUT,Smoking,Business,wfigueroa@example.net,2025-01-27
503,503,CUS0000503,Roberto,Robertson,M,Indonesian,36-50,Silver,HL00000503,Platinum,EXC,Non-Smoking,Leisure,cameronmckinney@example.com,2025-08-15
504,504,CUS0000504,Phyllis,Warren,F,Australian,51-65,None,HL00000504,None,DLX,Smoking,Business,thompsonnancy@example.org,2025-10-12
505,505,CUS0000505,Amy,Johnson,F,Indonesian,18-25,Gold,HL00000505,Gold,SUT,Non-Smoking,Business,hulljanet@example.com,2023-09-13
506,506,CUS0000506,Rodney,Wagner,M,Malaysian,36-50,None,HL00000506,None,EXC,Non-Smoking,Leisure,maldonadojohn@example.com,2024-06-02
507,507,CUS0000507,Jeremy,Horne,M,British,26-35,None,HL00000507,None,SUT,Non-Smoking,Business,wmatthews@example.com,2024-06-16
508,508,CUS0000508,Ryan,Green,M,Indonesian,51-65,Gold,HL00000508,Silver,STD,Non-Smoking,Honeymoon,mitchellpaul@example.org,2024-10-08
509,509,CUS0000509,Richard,Lewis,M,Malaysian,26-35,None,HL00000509,None,STD,Non-Smoking,Leisure,deborahbyrd@example.com,2025-10-17
510,510,CUS0000510,Jennifer,Smith,F,Indonesian,26-35,Silver,HL00000510,Gold,EXC,Non-Smoking,Business,wellsdavid@example.org,2024-10-24
511,511,CUS0000511,Rebecca,Walker,F,Indonesian,26-35,Silver,HL00000511,None,EXC,Non-Smoking,Business,jennifer46@example.com,2025-07-02
512,512,CUS0000512,Gregory,King,M,Indonesian,18-25,Silver,HL00000512,Platinum,STD,Non-Smoking,Family,hturner@example.net,2024-03-12
513,513,CUS0000513,Kevin,Smith,M,Indonesian,36-50,Silver,HL00000513,Gold,EXC,Non-Smoking,Leisure,anna99@example.com,2023-10-21
514,514,CUS0000514,Michael,Olson,M,Indonesian,51-65,None,HL00000514,None,DLX,Non-Smoking,Leisure,vanessa54@example.com,2026-01-23
515,515,CUS0000515,Michael,Stafford,M,Indonesian,26-35,Silver,HL00000515,Silver,SUT,Non-Smoking,MICE,jacob83@example.org,2023-07-08
516,516,CUS0000516,Shannon,Patrick,F,Japanese,18-25,None,HL00000516,Silver,STD,Smoking,Leisure,rguerrero@example.org,2023-07-22
517,517,CUS0000517,Allison,Jimenez,F,Singaporean,18-25,Platinum,HL00000517,Silver,DLX,Non-Smoking,Leisure,jordan66@example.com,2025-04-01
518,518,CUS0000518,Amanda,Erickson,F,Malaysian,18-25,Gold,HL00000518,Gold,EXC,Non-Smoking,Business,matthewreeves@example.net,2023-08-28
519,519,CUS0000519,Mark,Alvarez,M,Indonesian,36-50,None,HL00000519,None,STD,Smoking,Leisure,william28@example.org,2024-09-24
520,520,CUS0000520,Brent,Anderson,M,Singaporean,51-65,Silver,HL00000520,Gold,STD,Non-Smoking,Leisure,jessica82@example.net,2024-03-13
521,521,CUS0000521,Martha,Walker,F,British,51-65,Silver,HL00000521,Platinum,DLX,Non-Smoking,Leisure,julieparker@example.com,2023-08-09
522,522,CUS0000522,David,Carter,M,American,36-50,Platinum,HL00000522,None,SUT,Smoking,Honeymoon,ruizmichelle@example.net,2026-03-18
523,523,CUS0000523,Tony,Jones,M,American,26-35,Silver,HL00000523,None,STD,Non-Smoking,Family,vincentdillon@example.com,2024-08-20
524,524,CUS0000524,Elizabeth,Brown,F,Indonesian,36-50,None,HL00000524,Silver,DLX,Non-Smoking,Business,derrickgonzalez@example.com,2024-03-06
525,525,CUS0000525,Steven,Hatfield,M,Indonesian,26-35,Gold,HL00000525,Platinum,EXC,Non-Smoking,Honeymoon,lesliebaldwin@example.org,2024-07-13
526,526,CUS0000526,Gary,Hatfield,M,Singaporean,36-50,Gold,HL00000526,Silver,EXC,Non-Smoking,Family,cynthia07@example.com,2026-04-01
527,527,CUS0000527,Philip,Jackson,M,Indonesian,51-65,Silver,HL00000527,None,EXC,Non-Smoking,Business,tracygallagher@example.org,2024-06-22
528,528,CUS0000528,Lisa,Schultz,F,Indonesian,51-65,Silver,HL00000528,Silver,STD,Non-Smoking,Honeymoon,epatterson@example.com,2023-06-08
529,529,CUS0000529,Amanda,Gonzalez,F,Indonesian,65+,None,HL00000529,None,DLX,Non-Smoking,MICE,stephanie58@example.org,2025-11-05
530,530,CUS0000530,Megan,Sims,F,Singaporean,65+,Silver,HL00000530,None,DLX,Non-Smoking,Leisure,jeremywiley@example.com,2025-08-24
531,531,CUS0000531,Ashley,Gordon,F,Indonesian,51-65,None,HL00000531,Silver,EXC,Non-Smoking,Leisure,gary04@example.com,2024-08-24
532,532,CUS0000532,Monica,Carlson,F,Indonesian,36-50,Silver,HL00000532,None,DLX,Non-Smoking,Business,ryan25@example.com,2024-03-23
533,533,CUS0000533,Nicole,Martin,F,Indonesian,36-50,Silver,HL00000533,None,STD,Non-Smoking,Leisure,osmith@example.net,2024-12-10
534,534,CUS0000534,Daniel,Johnson,M,Australian,51-65,None,HL00000534,None,STD,Non-Smoking,Leisure,daviddawson@example.org,2023-11-17
535,535,CUS0000535,Shawn,Scott,M,Indonesian,36-50,None,HL00000535,Silver,SUT,Smoking,Leisure,wheelerbrandon@example.org,2024-01-26
536,536,CUS0000536,Sara,Williams,F,Indonesian,26-35,None,HL00000536,None,SUT,Non-Smoking,Leisure,butleromar@example.net,2024-11-09
537,537,CUS0000537,Kara,Hernandez,F,Indonesian,51-65,Gold,HL00000537,Silver,EXC,Non-Smoking,Business,turnerdorothy@example.net,2025-01-17
538,538,CUS0000538,Devin,Obrien,M,Indonesian,36-50,None,HL00000538,Platinum,DLX,Non-Smoking,MICE,robertroach@example.net,2023-12-31
539,539,CUS0000539,Luke,Campbell,M,Indonesian,18-25,None,HL00000539,None,SUT,Non-Smoking,Leisure,jimenezchelsea@example.com,2026-05-10
540,540,CUS0000540,Kelly,Harris,F,British,18-25,None,HL00000540,Platinum,STD,Non-Smoking,Honeymoon,cphillips@example.net,2024-09-08
541,541,CUS0000541,Susan,Watts,F,Australian,36-50,Silver,HL00000541,None,SUT,Non-Smoking,Family,arivera@example.org,2025-08-25
542,542,CUS0000542,Brandon,Rodriguez,M,Malaysian,26-35,None,HL00000542,None,DLX,Non-Smoking,Family,fhernandez@example.net,2024-07-01
543,543,CUS0000543,Misty,Garcia,F,Indonesian,65+,None,HL00000543,Gold,STD,Smoking,Family,dawn74@example.com,2024-03-26
544,544,CUS0000544,Amber,Li,F,Indonesian,36-50,None,HL00000544,None,SUT,Non-Smoking,Business,phelpsmichael@example.net,2025-04-25
545,545,CUS0000545,Jessica,Wilson,F,Indonesian,51-65,None,HL00000545,None,SUT,Non-Smoking,Leisure,smithdevon@example.net,2023-08-18
546,546,CUS0000546,Gary,Kline,M,Indonesian,51-65,None,HL00000546,Silver,SUT,Non-Smoking,Honeymoon,natalie15@example.com,2023-07-05
547,547,CUS0000547,Ashley,Ross,F,Indonesian,51-65,Silver,HL00000547,Silver,EXC,Non-Smoking,Business,ynelson@example.net,2024-11-25
548,548,CUS0000548,Karen,Fisher,F,Indonesian,18-25,Gold,HL00000548,Silver,SUT,Non-Smoking,Honeymoon,danielhorton@example.org,2024-05-17
549,549,CUS0000549,Caitlin,Perry,F,Indonesian,18-25,Platinum,HL00000549,Silver,EXC,Non-Smoking,Business,rpham@example.com,2023-12-29
550,550,CUS0000550,Lisa,Maxwell,F,Indonesian,51-65,Platinum,HL00000550,None,DLX,Non-Smoking,Business,huffmannichole@example.net,2025-12-23
551,551,CUS0000551,Karen,Freeman,F,Australian,51-65,Silver,HL00000551,Silver,SUT,Non-Smoking,Business,ealexander@example.com,2023-09-22
552,552,CUS0000552,Emily,Bush,F,Indonesian,26-35,Gold,HL00000552,None,DLX,Non-Smoking,Business,tiffanysantiago@example.com,2025-01-02
553,553,CUS0000553,Kelly,Haynes,F,Indonesian,36-50,Silver,HL00000553,None,STD,Non-Smoking,Leisure,reynoldsjessica@example.com,2023-06-21
554,554,CUS0000554,Matthew,Davidson,M,Other,51-65,None,HL00000554,Silver,EXC,Non-Smoking,Leisure,marygrant@example.net,2024-12-01
555,555,CUS0000555,Alexandra,Michael,F,Japanese,65+,Gold,HL00000555,None,EXC,Non-Smoking,Leisure,kchristian@example.org,2024-09-28
556,556,CUS0000556,Katherine,Allen,F,Malaysian,18-25,None,HL00000556,None,DLX,Non-Smoking,Leisure,brent38@example.net,2024-12-26
557,557,CUS0000557,Jamie,Young,M,Indonesian,36-50,None,HL00000557,None,STD,Non-Smoking,MICE,kwallace@example.com,2024-06-07
558,558,CUS0000558,Shannon,West,F,Indonesian,65+,Platinum,HL00000558,Silver,SUT,Non-Smoking,Leisure,hooperjulie@example.org,2025-09-06
559,559,CUS0000559,Jennifer,Johnson,F,Indonesian,65+,Platinum,HL00000559,Silver,STD,Non-Smoking,Business,petersenlatoya@example.net,2024-01-17
560,560,CUS0000560,Eric,Romero,M,Japanese,26-35,None,HL00000560,None,SUT,Non-Smoking,Leisure,diamondbryant@example.com,2023-09-16
561,561,CUS0000561,Roger,Velasquez,M,Australian,36-50,Silver,HL00000561,None,EXC,Non-Smoking,Business,xrivera@example.net,2023-06-26
562,562,CUS0000562,John,Sandoval,M,Singaporean,26-35,None,HL00000562,Gold,DLX,Non-Smoking,Leisure,wwilson@example.net,2023-07-08
563,563,CUS0000563,April,Kelly,F,Other,51-65,None,HL00000563,None,EXC,Non-Smoking,Business,amy51@example.org,2024-02-21
564,564,CUS0000564,Johnathan,Underwood,M,Indonesian,51-65,Silver,HL00000564,Silver,EXC,Smoking,Business,nrodriguez@example.org,2024-04-17
565,565,CUS0000565,Barbara,Phelps,F,Indonesian,51-65,None,HL00000565,Gold,SUT,Non-Smoking,Business,stephenharrington@example.net,2024-05-03
566,566,CUS0000566,Ashley,Perry,F,Other,51-65,None,HL00000566,Silver,EXC,Non-Smoking,Business,bartonshannon@example.net,2024-11-07
567,567,CUS0000567,Tina,Taylor,F,American,26-35,None,HL00000567,None,STD,Non-Smoking,Business,vsmith@example.org,2026-01-12
568,568,CUS0000568,Taylor,Roberson,F,Indonesian,36-50,None,HL00000568,None,EXC,Non-Smoking,Business,xglass@example.org,2024-06-24
569,569,CUS0000569,Laura,Cross,F,Indonesian,26-35,None,HL00000569,Gold,SUT,Non-Smoking,Leisure,dalesandoval@example.net,2023-09-10
570,570,CUS0000570,Kathy,Cruz,F,Indonesian,51-65,None,HL00000570,Gold,STD,Non-Smoking,Honeymoon,joshuastuart@example.com,2026-02-18
571,571,CUS0000571,Robert,Taylor,M,British,36-50,Silver,HL00000571,Silver,DLX,Non-Smoking,Business,megan85@example.net,2023-05-25
572,572,CUS0000572,Timothy,Chen,M,Indonesian,18-25,Silver,HL00000572,None,SUT,Non-Smoking,Business,jasonklein@example.net,2025-03-28
573,573,CUS0000573,Tammy,Anderson,F,Other,51-65,None,HL00000573,None,EXC,Non-Smoking,Honeymoon,williambenson@example.com,2023-11-17
574,574,CUS0000574,Brian,Bell,M,Indonesian,26-35,Silver,HL00000574,Silver,DLX,Non-Smoking,Business,qaguilar@example.net,2026-03-10
575,575,CUS0000575,Michael,English,M,Australian,36-50,Gold,HL00000575,None,STD,Non-Smoking,Leisure,natalie60@example.net,2025-03-31
576,576,CUS0000576,Allison,Thomas,F,Indonesian,65+,Silver,HL00000576,Silver,STD,Non-Smoking,Business,gonzalezkaren@example.org,2023-09-26
577,577,CUS0000577,Melinda,Thomas,F,Australian,51-65,Gold,HL00000577,Silver,STD,Non-Smoking,Family,vaughnkenneth@example.net,2026-05-02
578,578,CUS0000578,Ian,Chavez,M,Japanese,65+,Silver,HL00000578,None,SUT,Non-Smoking,Business,juliahoffman@example.org,2024-12-18
579,579,CUS0000579,Rachel,Lindsey,F,Indonesian,36-50,None,HL00000579,None,STD,Non-Smoking,Leisure,heather06@example.com,2025-07-04
580,580,CUS0000580,Tina,Daugherty,F,Singaporean,36-50,Silver,HL00000580,Gold,STD,Non-Smoking,Business,tammy00@example.net,2025-03-12
581,581,CUS0000581,Christina,Melton,F,Indonesian,51-65,None,HL00000581,Gold,SUT,Non-Smoking,Business,ogreer@example.net,2025-10-07
582,582,CUS0000582,Maria,Fischer,F,American,26-35,Silver,HL00000582,Silver,STD,Non-Smoking,Leisure,kimberlybrandt@example.com,2024-12-27
583,583,CUS0000583,Cassandra,Fleming,F,Indonesian,36-50,None,HL00000583,None,EXC,Non-Smoking,Leisure,sydneymoss@example.org,2025-10-08
584,584,CUS0000584,Amanda,Ramirez,F,Malaysian,36-50,Silver,HL00000584,None,SUT,Non-Smoking,Leisure,david94@example.org,2026-02-18
585,585,CUS0000585,John,Pineda,M,Singaporean,51-65,None,HL00000585,Silver,EXC,Non-Smoking,Leisure,hernandezmarcus@example.org,2024-07-05
586,586,CUS0000586,Timothy,Gilbert,M,Singaporean,18-25,None,HL00000586,None,EXC,Non-Smoking,MICE,tracy98@example.com,2024-10-13
587,587,CUS0000587,Richard,Stewart,M,Indonesian,65+,None,HL00000587,Silver,EXC,Non-Smoking,Leisure,susanmeyer@example.net,2024-11-09
588,588,CUS0000588,Jennifer,Herrera,F,Other,51-65,None,HL00000588,Silver,SUT,Non-Smoking,Business,baileynicole@example.net,2023-11-21
589,589,CUS0000589,Erin,Carter,F,Other,51-65,Silver,HL00000589,Silver,STD,Non-Smoking,Family,wbarajas@example.net,2024-07-21
590,590,CUS0000590,Ashley,Reed,F,Malaysian,65+,None,HL00000590,Silver,EXC,Non-Smoking,Business,rebeccaaustin@example.net,2025-08-26
591,591,CUS0000591,Tina,Fleming,F,Indonesian,51-65,Silver,HL00000591,Silver,DLX,Smoking,MICE,patrick16@example.com,2024-06-05
592,592,CUS0000592,Misty,Johnson,F,Indonesian,36-50,None,HL00000592,None,EXC,Non-Smoking,Honeymoon,willie87@example.com,2023-09-01
593,593,CUS0000593,Edward,Pearson,M,Japanese,65+,Silver,HL00000593,Silver,DLX,Non-Smoking,Leisure,willie12@example.net,2023-07-14
594,594,CUS0000594,Adam,Jones,M,Singaporean,36-50,None,HL00000594,None,DLX,Non-Smoking,Leisure,michellecoleman@example.org,2024-04-29
595,595,CUS0000595,Joshua,Park,M,Australian,51-65,None,HL00000595,Silver,STD,Non-Smoking,Honeymoon,elucas@example.net,2024-07-11
596,596,CUS0000596,Brittany,Stevens,F,Indonesian,26-35,Gold,HL00000596,Gold,STD,Non-Smoking,Honeymoon,benjamin10@example.org,2024-10-11
597,597,CUS0000597,Darlene,Jones,F,British,18-25,None,HL00000597,None,DLX,Smoking,Family,rhondarussell@example.com,2026-01-12
598,598,CUS0000598,Jennifer,Stewart,F,British,26-35,None,HL00000598,None,STD,Non-Smoking,Business,inunez@example.org,2023-10-30
599,599,CUS0000599,Nathan,Brown,M,Indonesian,26-35,Silver,HL00000599,Platinum,SUT,Non-Smoking,Business,haynescharles@example.net,2024-07-17
600,600,CUS0000600,Donna,Jennings,F,Indonesian,65+,None,HL00000600,Silver,SUT,Smoking,Honeymoon,campbellsara@example.com,2024-09-11
601,601,CUS0000601,Rodney,Johnson,M,Japanese,36-50,Silver,HL00000601,Silver,DLX,Non-Smoking,MICE,amandataylor@example.com,2026-01-13
602,602,CUS0000602,Robert,Gardner,M,Indonesian,18-25,Silver,HL00000602,None,STD,Non-Smoking,Family,kennetheaton@example.net,2026-01-18
603,603,CUS0000603,Jacqueline,Herring,F,Other,26-35,Silver,HL00000603,None,SUT,Non-Smoking,Family,davidsmith@example.net,2024-06-04
604,604,CUS0000604,Joshua,Arroyo,M,Other,36-50,Gold,HL00000604,Gold,SUT,Non-Smoking,Business,jason53@example.com,2024-04-18
605,605,CUS0000605,Sarah,Thomas,F,British,26-35,None,HL00000605,None,STD,Non-Smoking,Business,jeffreydavenport@example.org,2025-04-10
606,606,CUS0000606,Christopher,Marsh,M,Indonesian,65+,None,HL00000606,Silver,SUT,Smoking,Leisure,yorksarah@example.net,2026-03-22
607,607,CUS0000607,Maria,Jones,F,Indonesian,36-50,Silver,HL00000607,Gold,SUT,Non-Smoking,Family,kingjames@example.net,2025-04-13
608,608,CUS0000608,Tiffany,Howard,F,Indonesian,36-50,None,HL00000608,None,SUT,Non-Smoking,Business,craigharvey@example.org,2025-08-11
609,609,CUS0000609,Katelyn,Murphy,F,Indonesian,51-65,None,HL00000609,None,EXC,Non-Smoking,Family,heather29@example.net,2023-06-19
610,610,CUS0000610,Rhonda,Benjamin,F,Other,36-50,None,HL00000610,None,SUT,Non-Smoking,Leisure,adamsanchez@example.org,2025-12-14
611,611,CUS0000611,Patrick,Graham,M,Australian,26-35,None,HL00000611,Silver,SUT,Non-Smoking,Business,dennis57@example.com,2024-07-03
612,612,CUS0000612,Ian,Torres,M,Japanese,36-50,None,HL00000612,None,DLX,Non-Smoking,Leisure,thompsoncatherine@example.com,2023-09-21
613,613,CUS0000613,Charles,Ryan,M,Indonesian,18-25,None,HL00000613,None,EXC,Smoking,Business,jessica11@example.org,2025-01-08
614,614,CUS0000614,Katie,Johnson,F,Indonesian,18-25,None,HL00000614,None,STD,Non-Smoking,MICE,nhammond@example.org,2023-11-29
615,615,CUS0000615,Debbie,Shannon,F,American,36-50,Gold,HL00000615,None,STD,Smoking,Honeymoon,jvaldez@example.com,2023-06-20
616,616,CUS0000616,Daniel,Barton,M,Singaporean,36-50,Gold,HL00000616,None,EXC,Non-Smoking,Business,dennis88@example.org,2024-08-04
617,617,CUS0000617,Jack,Smith,M,American,36-50,None,HL00000617,Platinum,EXC,Smoking,Business,melaniedrake@example.net,2025-06-29
618,618,CUS0000618,Christopher,Palmer,M,Other,26-35,None,HL00000618,None,SUT,Non-Smoking,Leisure,kmoore@example.net,2026-05-21
619,619,CUS0000619,Shelby,Thomas,F,Indonesian,26-35,Platinum,HL00000619,Silver,EXC,Non-Smoking,Leisure,ccrosby@example.org,2025-04-08
620,620,CUS0000620,John,Brown,M,Malaysian,18-25,None,HL00000620,Gold,DLX,Non-Smoking,Honeymoon,jim38@example.com,2025-03-15
621,621,CUS0000621,John,Gibson,M,Indonesian,36-50,Silver,HL00000621,Silver,STD,Non-Smoking,Business,williamsdeborah@example.org,2024-10-03
622,622,CUS0000622,Tracy,Schultz,F,Malaysian,26-35,Silver,HL00000622,None,SUT,Non-Smoking,Leisure,mary49@example.net,2025-07-23
623,623,CUS0000623,Christopher,Valdez,M,Indonesian,26-35,None,HL00000623,Silver,DLX,Non-Smoking,Honeymoon,briana18@example.com,2024-05-23
624,624,CUS0000624,Valerie,Walker,F,Indonesian,36-50,Silver,HL00000624,None,STD,Non-Smoking,Business,wgomez@example.com,2025-12-18
625,625,CUS0000625,Karen,Munoz,F,Malaysian,18-25,None,HL00000625,None,EXC,Non-Smoking,Leisure,scotthall@example.net,2026-05-05
626,626,CUS0000626,Diana,Hernandez,F,Indonesian,26-35,Gold,HL00000626,Silver,STD,Non-Smoking,Honeymoon,michaellove@example.org,2025-08-31
627,627,CUS0000627,Crystal,Shepherd,F,Indonesian,26-35,None,HL00000627,Gold,STD,Smoking,Family,olsontimothy@example.org,2023-11-04
628,628,CUS0000628,Christopher,Whitaker,M,Singaporean,26-35,Silver,HL00000628,None,SUT,Smoking,Family,sanchezdavid@example.net,2024-08-11
629,629,CUS0000629,Chad,Hunt,M,Singaporean,51-65,None,HL00000629,Gold,DLX,Non-Smoking,Business,brianscott@example.org,2025-01-31
630,630,CUS0000630,Tyler,Greene,M,Singaporean,36-50,None,HL00000630,Gold,DLX,Non-Smoking,Leisure,johnsjessica@example.com,2024-04-11
631,631,CUS0000631,Claire,Obrien,F,British,65+,None,HL00000631,None,SUT,Non-Smoking,Family,kdillon@example.org,2023-09-06
632,632,CUS0000632,Jason,Thomas,M,Australian,18-25,Silver,HL00000632,Platinum,SUT,Non-Smoking,Honeymoon,cindydixon@example.org,2025-11-27
633,633,CUS0000633,Melissa,Nielsen,F,Other,18-25,None,HL00000633,Silver,EXC,Non-Smoking,MICE,hallpaul@example.org,2024-07-31
634,634,CUS0000634,Dale,Heath,M,Indonesian,65+,None,HL00000634,Platinum,STD,Non-Smoking,Family,mserrano@example.org,2025-04-27
635,635,CUS0000635,John,Mendez,M,British,51-65,Silver,HL00000635,Gold,DLX,Non-Smoking,Leisure,richamanda@example.org,2025-06-23
636,636,CUS0000636,John,Anderson,M,Indonesian,65+,Silver,HL00000636,Gold,DLX,Non-Smoking,Business,princekimberly@example.net,2024-10-30
637,637,CUS0000637,Kelly,Wood,F,Singaporean,36-50,Gold,HL00000637,Gold,SUT,Non-Smoking,Business,wolferoy@example.com,2025-12-03
638,638,CUS0000638,Patricia,Bell,F,Indonesian,18-25,None,HL00000638,Gold,EXC,Non-Smoking,Business,colemanjonathan@example.org,2023-10-03
639,639,CUS0000639,Douglas,Mcdowell,M,Other,65+,Platinum,HL00000639,None,DLX,Non-Smoking,Business,ascott@example.net,2026-05-10
640,640,CUS0000640,Rachel,Lane,F,British,18-25,Silver,HL00000640,Gold,STD,Non-Smoking,Business,meyernicholas@example.org,2023-06-23
641,641,CUS0000641,Robert,Ortiz,M,Australian,26-35,Platinum,HL00000641,Gold,DLX,Smoking,Leisure,mooredenise@example.com,2023-08-05
642,642,CUS0000642,Scott,Henderson,M,Singaporean,51-65,None,HL00000642,Silver,SUT,Smoking,Business,cheryl63@example.com,2025-10-14
643,643,CUS0000643,Richard,Olson,M,American,36-50,Platinum,HL00000643,Silver,STD,Smoking,Family,angie74@example.com,2023-09-30
644,644,CUS0000644,Haley,Thornton,F,Singaporean,26-35,Silver,HL00000644,Platinum,DLX,Non-Smoking,MICE,melissahopkins@example.net,2026-02-02
645,645,CUS0000645,Jillian,Lyons,F,Malaysian,51-65,None,HL00000645,Silver,EXC,Non-Smoking,Honeymoon,craigromero@example.com,2023-12-11
646,646,CUS0000646,Krista,Terry,F,Indonesian,18-25,None,HL00000646,Silver,DLX,Non-Smoking,Family,martintamara@example.org,2025-02-18
647,647,CUS0000647,Brandon,Thomas,M,Indonesian,18-25,None,HL00000647,None,STD,Non-Smoking,Leisure,qdavis@example.org,2024-03-17
648,648,CUS0000648,Angela,Johnson,F,Malaysian,36-50,Silver,HL00000648,Silver,SUT,Non-Smoking,Leisure,zarias@example.net,2025-03-11
649,649,CUS0000649,Joseph,Dawson,M,Indonesian,26-35,Platinum,HL00000649,Silver,EXC,Non-Smoking,Leisure,bautistalori@example.net,2026-03-18
650,650,CUS0000650,Jessica,Harris,F,Singaporean,36-50,None,HL00000650,Silver,DLX,Smoking,Business,james98@example.net,2026-03-10
651,651,CUS0000651,David,Jackson,M,Indonesian,26-35,None,HL00000651,Silver,EXC,Non-Smoking,Business,warddiana@example.org,2025-11-19
652,652,CUS0000652,Zachary,Chan,M,Indonesian,65+,None,HL00000652,Silver,DLX,Non-Smoking,Honeymoon,elizabeth69@example.org,2025-11-08
653,653,CUS0000653,Adrian,Padilla,M,Indonesian,36-50,Silver,HL00000653,Silver,STD,Non-Smoking,Business,dunnjessica@example.net,2023-06-20
654,654,CUS0000654,Gregory,Richmond,M,Australian,26-35,None,HL00000654,Silver,SUT,Non-Smoking,Business,jeremy37@example.com,2023-06-23
655,655,CUS0000655,Abigail,Thompson,F,Indonesian,26-35,None,HL00000655,Silver,DLX,Smoking,Honeymoon,hansenwesley@example.com,2023-11-28
656,656,CUS0000656,Regina,Frye,F,Indonesian,65+,None,HL00000656,None,STD,Non-Smoking,Business,heather69@example.com,2024-10-02
657,657,CUS0000657,David,Morgan,M,Indonesian,18-25,None,HL00000657,Silver,SUT,Non-Smoking,Business,lmaldonado@example.org,2024-04-26
658,658,CUS0000658,Brian,Jones,M,Indonesian,36-50,Silver,HL00000658,Silver,SUT,Non-Smoking,Leisure,ericahall@example.com,2024-04-04
659,659,CUS0000659,Tyler,Black,M,Indonesian,36-50,None,HL00000659,Gold,EXC,Non-Smoking,Business,haynesjose@example.com,2026-03-26
660,660,CUS0000660,James,Goodman,M,Indonesian,65+,Platinum,HL00000660,None,SUT,Non-Smoking,Leisure,charles27@example.com,2026-02-11
661,661,CUS0000661,Colleen,Berry,F,Indonesian,36-50,None,HL00000661,None,STD,Non-Smoking,Leisure,staceyvega@example.org,2023-11-06
662,662,CUS0000662,Nancy,Young,F,Japanese,36-50,Silver,HL00000662,None,STD,Smoking,Leisure,moniqueclark@example.org,2023-06-12
663,663,CUS0000663,David,Montgomery,M,Indonesian,18-25,Gold,HL00000663,None,DLX,Non-Smoking,Business,kimberlywilson@example.org,2025-03-21
664,664,CUS0000664,Tina,Vasquez,F,Indonesian,26-35,None,HL00000664,None,STD,Non-Smoking,Leisure,duranamber@example.org,2024-08-11
665,665,CUS0000665,Karen,Oliver,F,Indonesian,18-25,Silver,HL00000665,None,EXC,Non-Smoking,Leisure,kvillanueva@example.com,2024-03-03
666,666,CUS0000666,Catherine,Duran,F,Indonesian,36-50,Silver,HL00000666,Silver,SUT,Smoking,Leisure,raymond92@example.org,2023-12-19
667,667,CUS0000667,Robert,Mendoza,M,Indonesian,36-50,Silver,HL00000667,None,DLX,Non-Smoking,Leisure,shawphillip@example.net,2026-04-30
668,668,CUS0000668,Christopher,Bray,M,Australian,18-25,Silver,HL00000668,Silver,STD,Non-Smoking,Honeymoon,astewart@example.org,2024-08-11
669,669,CUS0000669,Daniel,Carpenter,M,Indonesian,26-35,None,HL00000669,None,DLX,Non-Smoking,Leisure,michael42@example.net,2024-02-23
670,670,CUS0000670,Cynthia,Ruiz,F,Singaporean,51-65,Silver,HL00000670,None,EXC,Non-Smoking,Honeymoon,michael76@example.org,2025-02-27
671,671,CUS0000671,Mercedes,Watson,F,Indonesian,36-50,Silver,HL00000671,Silver,DLX,Non-Smoking,Business,lramirez@example.net,2023-11-02
672,672,CUS0000672,William,Parks,M,Indonesian,51-65,Platinum,HL00000672,None,SUT,Non-Smoking,Business,lelinda@example.net,2024-09-16
673,673,CUS0000673,Selena,Gonzalez,F,Other,36-50,Platinum,HL00000673,None,STD,Non-Smoking,Business,thomassmith@example.com,2024-03-05
674,674,CUS0000674,Brandy,Barry,F,Indonesian,36-50,Platinum,HL00000674,None,STD,Non-Smoking,Leisure,kristen44@example.net,2025-03-04
675,675,CUS0000675,Amber,Garcia,F,Indonesian,26-35,Silver,HL00000675,Gold,SUT,Non-Smoking,Business,briancervantes@example.com,2025-01-12
676,676,CUS0000676,Mark,Cole,M,Singaporean,18-25,None,HL00000676,None,EXC,Non-Smoking,Business,jordan58@example.net,2026-01-29
677,677,CUS0000677,Deanna,Smith,F,Malaysian,18-25,None,HL00000677,Gold,EXC,Non-Smoking,Leisure,bellerin@example.net,2023-10-20
678,678,CUS0000678,Laura,Santos,F,British,51-65,Platinum,HL00000678,None,DLX,Non-Smoking,Leisure,tiffanymitchell@example.com,2023-09-21
679,679,CUS0000679,Kayla,Hampton,F,Indonesian,26-35,None,HL00000679,None,STD,Non-Smoking,Family,ypreston@example.net,2024-07-14
680,680,CUS0000680,John,Frye,M,Indonesian,51-65,Gold,HL00000680,Platinum,DLX,Smoking,Honeymoon,daniellemcfarland@example.com,2025-08-18
681,681,CUS0000681,Logan,Sullivan,M,Indonesian,26-35,None,HL00000681,None,EXC,Non-Smoking,Business,millermatthew@example.com,2024-09-07
682,682,CUS0000682,Marissa,Page,F,Indonesian,51-65,None,HL00000682,None,SUT,Non-Smoking,Business,cnelson@example.com,2024-06-15
683,683,CUS0000683,Laurie,Sheppard,F,Indonesian,18-25,None,HL00000683,None,DLX,Non-Smoking,Family,bjackson@example.org,2024-01-24
684,684,CUS0000684,David,King,M,Indonesian,18-25,Silver,HL00000684,Platinum,SUT,Non-Smoking,Family,clarkrandy@example.org,2024-07-22
685,685,CUS0000685,Timothy,Kennedy,M,British,65+,None,HL00000685,Silver,EXC,Non-Smoking,Business,johnsonrandy@example.org,2023-12-02
686,686,CUS0000686,Dennis,Moore,M,Other,65+,None,HL00000686,None,STD,Smoking,Business,pparker@example.net,2023-07-17
687,687,CUS0000687,Jessica,Martinez,F,Indonesian,51-65,Platinum,HL00000687,Platinum,EXC,Non-Smoking,Leisure,anthonyalvarado@example.com,2025-12-18
688,688,CUS0000688,Julie,Pitts,F,British,36-50,Silver,HL00000688,None,DLX,Non-Smoking,Business,amy28@example.org,2023-09-09
689,689,CUS0000689,Kyle,Welch,M,Indonesian,26-35,Gold,HL00000689,None,DLX,Non-Smoking,MICE,omills@example.net,2024-06-16
690,690,CUS0000690,Terry,Olson,M,Indonesian,51-65,Gold,HL00000690,Silver,EXC,Non-Smoking,Business,lindaramos@example.com,2025-05-28
691,691,CUS0000691,David,Torres,M,Indonesian,36-50,None,HL00000691,Silver,DLX,Non-Smoking,Leisure,millskatherine@example.org,2025-01-20
692,692,CUS0000692,Donna,Nichols,F,American,51-65,None,HL00000692,None,EXC,Non-Smoking,Family,earroyo@example.com,2023-12-09
693,693,CUS0000693,Ralph,Yates,M,American,65+,None,HL00000693,Silver,EXC,Smoking,Leisure,laurakelley@example.org,2024-08-17
694,694,CUS0000694,Stephen,Kim,M,American,36-50,Gold,HL00000694,Silver,SUT,Non-Smoking,Family,frankmclaughlin@example.com,2025-12-07
695,695,CUS0000695,James,Baker,M,Indonesian,18-25,None,HL00000695,None,DLX,Smoking,Business,hgarrett@example.net,2025-06-14
696,696,CUS0000696,Melissa,Nelson,F,Japanese,18-25,None,HL00000696,None,STD,Smoking,Leisure,robert12@example.org,2024-04-25
697,697,CUS0000697,Ashley,Gibson,F,Malaysian,51-65,None,HL00000697,None,SUT,Non-Smoking,Business,nnelson@example.com,2025-07-11
698,698,CUS0000698,Frank,Hernandez,M,Indonesian,51-65,None,HL00000698,None,EXC,Non-Smoking,Honeymoon,lopezcurtis@example.com,2024-09-11
699,699,CUS0000699,Mike,Acosta,M,Singaporean,65+,Silver,HL00000699,Platinum,DLX,Non-Smoking,Leisure,christophersmith@example.org,2025-04-18
700,700,CUS0000700,Jennifer,Floyd,F,Indonesian,51-65,Silver,HL00000700,Silver,STD,Non-Smoking,Business,dbolton@example.net,2024-06-18
701,701,CUS0000701,Andres,Miller,M,Indonesian,18-25,None,HL00000701,None,DLX,Non-Smoking,Business,brianrowe@example.org,2025-07-08
702,702,CUS0000702,John,Lee,M,Singaporean,36-50,Gold,HL00000702,None,STD,Non-Smoking,Business,lisa01@example.net,2024-06-19
703,703,CUS0000703,Janice,Proctor,F,Japanese,51-65,None,HL00000703,Silver,DLX,Non-Smoking,Leisure,joanjohnson@example.com,2026-02-02
704,704,CUS0000704,Patricia,Boyd,F,American,18-25,Silver,HL00000704,Platinum,STD,Non-Smoking,Family,thomasmaldonado@example.com,2024-03-05
705,705,CUS0000705,Caitlin,Chandler,F,Indonesian,51-65,None,HL00000705,None,EXC,Non-Smoking,Leisure,kingdanielle@example.org,2025-05-06
706,706,CUS0000706,Stephen,Boyer,M,American,36-50,Gold,HL00000706,Platinum,EXC,Non-Smoking,Honeymoon,teresayoung@example.com,2024-08-05
707,707,CUS0000707,Alexis,Bauer,F,Indonesian,51-65,Gold,HL00000707,None,SUT,Non-Smoking,Leisure,fosterjohn@example.org,2024-01-10
708,708,CUS0000708,Richard,Alvarez,M,Indonesian,26-35,Silver,HL00000708,None,EXC,Smoking,Business,nathandavis@example.org,2024-03-14
709,709,CUS0000709,Brandon,Montgomery,M,Australian,36-50,Platinum,HL00000709,None,STD,Non-Smoking,MICE,browndeanna@example.net,2024-10-16
710,710,CUS0000710,Rebecca,Martinez,F,Other,36-50,Platinum,HL00000710,Silver,STD,Non-Smoking,Business,levigrant@example.net,2025-07-24
711,711,CUS0000711,Gregory,Snow,M,Indonesian,18-25,None,HL00000711,Platinum,DLX,Non-Smoking,Family,andrewgray@example.net,2023-12-10
712,712,CUS0000712,David,Williams,M,Malaysian,51-65,None,HL00000712,Platinum,SUT,Smoking,Business,ihansen@example.net,2025-07-12
713,713,CUS0000713,Colton,Lopez,M,British,36-50,Gold,HL00000713,Gold,DLX,Smoking,Leisure,mario74@example.net,2024-05-15
714,714,CUS0000714,Caitlyn,Schmidt,F,Indonesian,36-50,None,HL00000714,None,EXC,Non-Smoking,Business,qphillips@example.net,2026-01-01
715,715,CUS0000715,Jesse,Parsons,M,Singaporean,36-50,None,HL00000715,None,DLX,Smoking,Business,bgross@example.net,2024-11-25
716,716,CUS0000716,Ricardo,Allen,M,Indonesian,36-50,Silver,HL00000716,Platinum,SUT,Non-Smoking,Business,barrettamber@example.com,2025-12-13
717,717,CUS0000717,Kelly,Jimenez,F,Malaysian,51-65,Platinum,HL00000717,Gold,STD,Non-Smoking,Leisure,chloemorris@example.net,2025-08-02
718,718,CUS0000718,Brian,Mills,M,Indonesian,51-65,Silver,HL00000718,Silver,SUT,Non-Smoking,Business,williamssharon@example.org,2023-09-10
719,719,CUS0000719,Dale,Washington,M,British,65+,Gold,HL00000719,None,EXC,Non-Smoking,Honeymoon,johnsondarlene@example.com,2024-05-10
720,720,CUS0000720,Katherine,Hanson,F,Malaysian,26-35,Silver,HL00000720,Platinum,SUT,Non-Smoking,Leisure,brandon39@example.net,2025-10-03
721,721,CUS0000721,Alexis,Mccall,F,Indonesian,65+,None,HL00000721,None,SUT,Non-Smoking,MICE,fhebert@example.com,2025-03-29
722,722,CUS0000722,Margaret,Ward,F,Japanese,18-25,Platinum,HL00000722,Platinum,DLX,Non-Smoking,Family,yshort@example.net,2024-01-03
723,723,CUS0000723,Rodney,Baker,M,Malaysian,65+,Silver,HL00000723,None,EXC,Non-Smoking,Business,navarromary@example.org,2025-10-29
724,724,CUS0000724,Tyler,Davis,M,Malaysian,51-65,Gold,HL00000724,Gold,SUT,Non-Smoking,Business,amandalopez@example.net,2023-05-24
725,725,CUS0000725,Danielle,Garrett,F,Australian,26-35,None,HL00000725,None,STD,Non-Smoking,Business,angelagrant@example.net,2024-10-29
726,726,CUS0000726,Ralph,Ray,M,Other,65+,Platinum,HL00000726,Gold,EXC,Non-Smoking,Business,bpark@example.org,2025-02-02
727,727,CUS0000727,Ricky,Pierce,M,Indonesian,51-65,None,HL00000727,None,STD,Non-Smoking,MICE,diane89@example.com,2025-11-11
728,728,CUS0000728,Steven,Pierce,M,Other,36-50,None,HL00000728,None,STD,Non-Smoking,MICE,megan66@example.net,2023-09-28
729,729,CUS0000729,Lee,Hart,M,Indonesian,51-65,None,HL00000729,None,EXC,Non-Smoking,Family,nicholaspierce@example.net,2023-06-09
730,730,CUS0000730,Heather,Chavez,F,Indonesian,51-65,None,HL00000730,Platinum,DLX,Non-Smoking,Honeymoon,csmith@example.com,2025-03-09
731,731,CUS0000731,Alan,Taylor,M,Indonesian,26-35,Gold,HL00000731,None,STD,Non-Smoking,Business,adam33@example.com,2023-10-08
732,732,CUS0000732,Raymond,Harding,M,Indonesian,65+,Silver,HL00000732,None,STD,Non-Smoking,Leisure,samantha88@example.net,2025-03-15
733,733,CUS0000733,Brittney,Johnson,F,Indonesian,26-35,None,HL00000733,None,EXC,Smoking,Family,eric45@example.net,2025-05-04
734,734,CUS0000734,David,Shepherd,M,Japanese,51-65,Gold,HL00000734,Gold,DLX,Non-Smoking,Honeymoon,duncanashley@example.org,2023-11-05
735,735,CUS0000735,Billy,Nguyen,M,Indonesian,18-25,Gold,HL00000735,None,DLX,Non-Smoking,Family,sthompson@example.net,2023-09-30
736,736,CUS0000736,Sabrina,Davis,F,Indonesian,26-35,None,HL00000736,None,EXC,Non-Smoking,Business,benjamin96@example.org,2023-05-31
737,737,CUS0000737,Anthony,Wise,M,Indonesian,18-25,Gold,HL00000737,None,STD,Non-Smoking,Business,nichole66@example.org,2024-03-22
738,738,CUS0000738,Darrell,Delgado,M,Indonesian,18-25,Gold,HL00000738,Silver,DLX,Non-Smoking,Honeymoon,walterscrystal@example.org,2023-10-07
739,739,CUS0000739,Kelly,Flores,F,Singaporean,51-65,Silver,HL00000739,Silver,STD,Non-Smoking,Leisure,markwolfe@example.org,2024-06-02
740,740,CUS0000740,Michael,Osborn,M,Indonesian,65+,Silver,HL00000740,Gold,DLX,Non-Smoking,Business,kmullins@example.net,2024-08-30
741,741,CUS0000741,Daniel,Roberts,M,Indonesian,65+,None,HL00000741,None,DLX,Non-Smoking,Family,vhernandez@example.org,2024-03-16
742,742,CUS0000742,Laura,Williams,F,Malaysian,36-50,Silver,HL00000742,None,DLX,Non-Smoking,Business,zbaker@example.net,2023-11-17
743,743,CUS0000743,Patricia,Anderson,F,Indonesian,36-50,None,HL00000743,Gold,DLX,Non-Smoking,Leisure,timothygonzalez@example.com,2024-01-06
744,744,CUS0000744,Laura,Hoffman,F,Indonesian,26-35,None,HL00000744,Platinum,DLX,Non-Smoking,Leisure,johnadams@example.com,2024-06-27
745,745,CUS0000745,Michael,Johnston,M,Indonesian,51-65,Silver,HL00000745,Silver,STD,Non-Smoking,Business,powersrodney@example.com,2024-09-17
746,746,CUS0000746,Frank,Wheeler,M,Indonesian,51-65,None,HL00000746,None,DLX,Smoking,Honeymoon,carrillogary@example.com,2024-02-17
747,747,CUS0000747,Roberto,Lang,M,Indonesian,26-35,None,HL00000747,Gold,SUT,Non-Smoking,Business,scottglass@example.org,2025-10-02
748,748,CUS0000748,Melissa,Moore,F,Indonesian,51-65,Silver,HL00000748,Gold,STD,Non-Smoking,Business,rodriguezbrian@example.net,2026-04-09
749,749,CUS0000749,Sheila,Wilkins,F,Indonesian,51-65,Gold,HL00000749,None,SUT,Non-Smoking,Leisure,cooperlinda@example.com,2026-02-12
750,750,CUS0000750,John,Rivera,M,Indonesian,36-50,None,HL00000750,None,EXC,Smoking,Honeymoon,jamesmills@example.com,2024-03-14
751,751,CUS0000751,Karen,Blair,F,Indonesian,36-50,None,HL00000751,None,EXC,Non-Smoking,MICE,heatherbarnett@example.com,2023-10-09
752,752,CUS0000752,Taylor,Rose,M,Australian,26-35,Silver,HL00000752,None,SUT,Non-Smoking,Business,george43@example.net,2026-01-05
753,753,CUS0000753,Denise,Marshall,F,Japanese,26-35,None,HL00000753,Platinum,STD,Non-Smoking,Business,jonesdonna@example.net,2023-11-13
754,754,CUS0000754,Thomas,Ward,M,British,18-25,Gold,HL00000754,None,STD,Non-Smoking,Leisure,smithmichelle@example.net,2024-10-07
755,755,CUS0000755,Crystal,James,F,Singaporean,36-50,None,HL00000755,None,EXC,Smoking,Leisure,mckeetodd@example.net,2023-07-02
756,756,CUS0000756,Brandon,Gonzalez,M,Indonesian,36-50,Gold,HL00000756,Silver,EXC,Non-Smoking,Leisure,tcastro@example.org,2024-04-26
757,757,CUS0000757,David,Moreno,M,Indonesian,65+,Gold,HL00000757,Silver,EXC,Non-Smoking,MICE,tracy20@example.com,2024-08-28
758,758,CUS0000758,Harold,Garrett,M,Other,26-35,Gold,HL00000758,None,STD,Non-Smoking,Leisure,wendyirwin@example.com,2025-02-10
759,759,CUS0000759,Antonio,Scott,M,Indonesian,18-25,Platinum,HL00000759,None,DLX,Non-Smoking,Family,bzamora@example.net,2024-10-25
760,760,CUS0000760,Darius,Peterson,M,Other,51-65,Silver,HL00000760,Silver,DLX,Non-Smoking,Business,fsandoval@example.net,2025-07-14
761,761,CUS0000761,Kelly,Gregory,F,American,36-50,Platinum,HL00000761,Silver,STD,Smoking,Business,robertberry@example.com,2023-07-29
762,762,CUS0000762,Theodore,Murphy,M,Indonesian,51-65,None,HL00000762,Silver,SUT,Non-Smoking,Business,jamietaylor@example.net,2025-04-11
763,763,CUS0000763,Rebecca,Huffman,F,Indonesian,26-35,Platinum,HL00000763,None,DLX,Non-Smoking,Business,haley82@example.com,2026-02-24
764,764,CUS0000764,Brianna,Fitzpatrick,F,Indonesian,18-25,None,HL00000764,Silver,EXC,Non-Smoking,Business,lonniegrant@example.net,2024-06-15
765,765,CUS0000765,Clinton,Franco,M,Singaporean,65+,None,HL00000765,Gold,SUT,Non-Smoking,Business,jessicacannon@example.com,2025-06-06
766,766,CUS0000766,Elizabeth,Reese,F,British,36-50,None,HL00000766,None,DLX,Non-Smoking,Leisure,edwin31@example.org,2025-09-12
767,767,CUS0000767,Allison,Odom,F,Indonesian,51-65,None,HL00000767,None,STD,Non-Smoking,Business,catherine93@example.net,2026-01-05
768,768,CUS0000768,Crystal,Johnson,F,Indonesian,51-65,Gold,HL00000768,Silver,DLX,Non-Smoking,Leisure,wattsthomas@example.net,2024-11-16
769,769,CUS0000769,Larry,Joseph,M,Indonesian,18-25,None,HL00000769,Platinum,SUT,Non-Smoking,Leisure,jack67@example.com,2024-04-27
770,770,CUS0000770,Carla,Perez,F,Indonesian,51-65,Gold,HL00000770,None,DLX,Smoking,Leisure,aduran@example.com,2024-11-14
771,771,CUS0000771,Courtney,Powers,F,Indonesian,36-50,None,HL00000771,Gold,EXC,Non-Smoking,Leisure,katherinejones@example.com,2023-12-13
772,772,CUS0000772,John,Nguyen,M,Indonesian,26-35,Platinum,HL00000772,Silver,SUT,Non-Smoking,Business,bclay@example.com,2023-07-29
773,773,CUS0000773,Amanda,Moss,F,Indonesian,18-25,None,HL00000773,None,STD,Non-Smoking,Family,zcortez@example.net,2026-05-20
774,774,CUS0000774,Kenneth,Herrera,M,Indonesian,18-25,Platinum,HL00000774,None,EXC,Smoking,Leisure,meyershannon@example.org,2024-10-10
775,775,CUS0000775,Kelly,Foster,F,Australian,51-65,Gold,HL00000775,Silver,STD,Non-Smoking,Family,grantzachary@example.net,2026-05-08
776,776,CUS0000776,Colton,Gonzales,M,Indonesian,65+,Silver,HL00000776,None,SUT,Non-Smoking,Business,kim47@example.org,2025-09-29
777,777,CUS0000777,Edward,Ellison,M,Japanese,36-50,Silver,HL00000777,None,SUT,Non-Smoking,Honeymoon,stevenlucas@example.org,2026-04-03
778,778,CUS0000778,Jonathan,White,M,Indonesian,18-25,Gold,HL00000778,None,SUT,Non-Smoking,Leisure,phillipmorris@example.org,2024-05-17
779,779,CUS0000779,Jesse,Mosley,M,Indonesian,51-65,None,HL00000779,None,SUT,Non-Smoking,Business,nicoledavis@example.com,2024-04-12
780,780,CUS0000780,Matthew,Dawson,M,Indonesian,26-35,Gold,HL00000780,Silver,DLX,Non-Smoking,Family,jennifermartinez@example.org,2026-01-23
781,781,CUS0000781,Jerry,Cox,M,Malaysian,26-35,None,HL00000781,None,EXC,Non-Smoking,Business,gacosta@example.net,2025-08-13
782,782,CUS0000782,Jamie,James,F,Indonesian,51-65,Gold,HL00000782,Platinum,DLX,Non-Smoking,Business,rhondacunningham@example.net,2025-12-18
783,783,CUS0000783,Carla,Thomas,F,Indonesian,51-65,Gold,HL00000783,Gold,DLX,Non-Smoking,Business,barneskyle@example.com,2025-03-13
784,784,CUS0000784,Lori,Wilson,F,Indonesian,51-65,None,HL00000784,Silver,EXC,Non-Smoking,Family,susansmith@example.com,2025-06-01
785,785,CUS0000785,Jimmy,Foley,M,Singaporean,65+,Silver,HL00000785,Gold,SUT,Non-Smoking,Leisure,franklintrevor@example.org,2024-02-02
786,786,CUS0000786,Mary,Chavez,F,Indonesian,26-35,Gold,HL00000786,Silver,STD,Non-Smoking,Family,mmiller@example.org,2025-12-16
787,787,CUS0000787,Sonia,Ramirez,F,American,51-65,Silver,HL00000787,Gold,DLX,Non-Smoking,MICE,brandonhernandez@example.net,2024-11-13
788,788,CUS0000788,Andrew,Nash,M,Indonesian,36-50,Gold,HL00000788,Platinum,EXC,Non-Smoking,Business,mark10@example.org,2025-10-05
789,789,CUS0000789,Wendy,Martin,F,Indonesian,36-50,None,HL00000789,Silver,STD,Non-Smoking,MICE,cheryl99@example.net,2024-02-22
790,790,CUS0000790,Tracy,Curry,F,Indonesian,51-65,None,HL00000790,Silver,EXC,Smoking,MICE,sarah14@example.com,2025-08-05
791,791,CUS0000791,Steven,Wilkins,M,Indonesian,36-50,Platinum,HL00000791,None,SUT,Non-Smoking,Business,ebridges@example.com,2025-08-30
792,792,CUS0000792,Brandy,Neal,F,Indonesian,36-50,None,HL00000792,Silver,DLX,Non-Smoking,Leisure,mark68@example.org,2024-09-11
793,793,CUS0000793,Christine,Brown,F,Other,26-35,Silver,HL00000793,None,DLX,Non-Smoking,Business,webbhaley@example.net,2023-06-24
794,794,CUS0000794,Jessica,Abbott,F,Malaysian,51-65,Platinum,HL00000794,Silver,EXC,Non-Smoking,Business,alicia95@example.org,2023-06-18
795,795,CUS0000795,Justin,Stone,M,Indonesian,26-35,Gold,HL00000795,Silver,SUT,Non-Smoking,Family,lvasquez@example.net,2025-12-20
796,796,CUS0000796,Michelle,Krause,F,Malaysian,51-65,Silver,HL00000796,None,DLX,Non-Smoking,Family,wilsonsteven@example.org,2025-11-30
797,797,CUS0000797,Sarah,Marsh,F,Other,18-25,None,HL00000797,Silver,EXC,Non-Smoking,Family,vgutierrez@example.com,2024-11-08
798,798,CUS0000798,Renee,Lewis,F,Indonesian,36-50,None,HL00000798,None,SUT,Non-Smoking,Family,hannahking@example.org,2024-01-16
799,799,CUS0000799,Elizabeth,Pierce,F,Malaysian,51-65,None,HL00000799,None,SUT,Non-Smoking,Leisure,wilsonmathew@example.com,2023-12-09
800,800,CUS0000800,Laura,Choi,F,Indonesian,18-25,Gold,HL00000800,None,DLX,Non-Smoking,Honeymoon,jamesbass@example.net,2025-03-31
801,801,CUS0000801,Sydney,Robles,F,Indonesian,36-50,None,HL00000801,None,SUT,Non-Smoking,Family,timothyburton@example.net,2023-08-03
802,802,CUS0000802,Joel,Olsen,M,Other,51-65,Gold,HL00000802,None,SUT,Non-Smoking,Family,conleykevin@example.net,2023-09-07
803,803,CUS0000803,Ethan,Herrera,M,Indonesian,26-35,Silver,HL00000803,None,EXC,Smoking,Leisure,barbararivera@example.com,2025-08-30
804,804,CUS0000804,Tracy,Ramirez,F,Japanese,65+,None,HL00000804,Platinum,DLX,Non-Smoking,MICE,morgannicholas@example.net,2024-10-01
805,805,CUS0000805,Carol,Obrien,F,Indonesian,18-25,None,HL00000805,None,SUT,Non-Smoking,Business,brookehancock@example.com,2026-04-04
806,806,CUS0000806,Scott,Mckinney,M,Indonesian,26-35,None,HL00000806,None,SUT,Non-Smoking,MICE,robert73@example.com,2025-10-06
807,807,CUS0000807,Sandra,Turner,F,Indonesian,36-50,None,HL00000807,Platinum,SUT,Non-Smoking,Family,gregory50@example.org,2024-08-20
808,808,CUS0000808,Jeremy,Johnson,M,Other,65+,None,HL00000808,None,STD,Non-Smoking,Business,jstein@example.org,2024-12-07
809,809,CUS0000809,Thomas,Oconnor,M,Indonesian,51-65,Silver,HL00000809,None,EXC,Non-Smoking,Business,kimberly21@example.net,2024-02-16
810,810,CUS0000810,Wendy,Harris,F,Indonesian,26-35,Platinum,HL00000810,Gold,DLX,Non-Smoking,Leisure,stevensjennifer@example.net,2025-09-29
811,811,CUS0000811,Aaron,Randolph,M,Indonesian,65+,None,HL00000811,Platinum,DLX,Non-Smoking,Business,cookpamela@example.org,2024-10-15
812,812,CUS0000812,Ralph,Reese,M,Indonesian,36-50,Gold,HL00000812,None,EXC,Non-Smoking,Business,lanelarry@example.org,2026-05-04
813,813,CUS0000813,Curtis,Mitchell,M,Singaporean,51-65,Silver,HL00000813,None,SUT,Non-Smoking,Leisure,kendra14@example.org,2026-04-27
814,814,CUS0000814,Denise,Smith,F,Other,51-65,None,HL00000814,Silver,DLX,Smoking,MICE,clarkmichael@example.com,2023-10-27
815,815,CUS0000815,Charles,Bush,M,Australian,51-65,Platinum,HL00000815,Gold,SUT,Non-Smoking,Leisure,audrey21@example.com,2025-09-23
816,816,CUS0000816,Steven,Fernandez,M,Indonesian,26-35,None,HL00000816,None,SUT,Non-Smoking,Business,andersonthomas@example.net,2024-08-25
817,817,CUS0000817,Brian,Brown,M,Malaysian,65+,None,HL00000817,Gold,SUT,Non-Smoking,MICE,tmyers@example.net,2023-07-14
818,818,CUS0000818,Mark,Vaughn,M,Indonesian,26-35,Silver,HL00000818,Gold,SUT,Non-Smoking,MICE,tjensen@example.com,2026-03-26
819,819,CUS0000819,Craig,Chang,M,Japanese,18-25,None,HL00000819,None,EXC,Non-Smoking,Leisure,beltrankatelyn@example.com,2024-11-07
820,820,CUS0000820,Bonnie,Hess,F,Malaysian,26-35,Silver,HL00000820,Gold,SUT,Non-Smoking,Business,tdavis@example.net,2025-03-12
821,821,CUS0000821,Michelle,Marshall,F,American,26-35,Platinum,HL00000821,None,EXC,Non-Smoking,Honeymoon,staceythomas@example.net,2024-03-27
822,822,CUS0000822,Susan,Myers,F,Indonesian,51-65,None,HL00000822,Silver,DLX,Non-Smoking,Business,kristina57@example.com,2026-02-04
823,823,CUS0000823,Austin,Rodriguez,M,Indonesian,65+,Silver,HL00000823,None,EXC,Non-Smoking,Honeymoon,kmurray@example.com,2024-01-23
824,824,CUS0000824,Gregory,Andrews,M,Australian,18-25,Silver,HL00000824,None,EXC,Non-Smoking,Leisure,sullivanjennifer@example.org,2023-07-25
825,825,CUS0000825,Justin,Jones,M,Indonesian,51-65,Silver,HL00000825,Gold,DLX,Non-Smoking,Honeymoon,amanda69@example.com,2024-02-20
826,826,CUS0000826,Lisa,Kelley,F,British,51-65,None,HL00000826,Silver,SUT,Non-Smoking,Family,vreyes@example.org,2026-01-24
827,827,CUS0000827,Michael,Reynolds,M,Malaysian,18-25,Silver,HL00000827,Silver,SUT,Non-Smoking,Family,vbradley@example.net,2023-10-14
828,828,CUS0000828,David,Bates,M,Malaysian,26-35,None,HL00000828,None,EXC,Non-Smoking,Business,stevensonjennifer@example.com,2025-05-30
829,829,CUS0000829,Kevin,Ford,M,Indonesian,65+,None,HL00000829,None,DLX,Non-Smoking,Business,shortgregory@example.com,2025-01-20
830,830,CUS0000830,Kyle,Jennings,M,Malaysian,65+,Silver,HL00000830,Gold,SUT,Smoking,Business,pmurphy@example.net,2025-03-20
831,831,CUS0000831,Ann,Montoya,F,Malaysian,65+,Silver,HL00000831,Silver,DLX,Non-Smoking,Business,shermandonna@example.com,2025-09-15
832,832,CUS0000832,Eddie,Gilbert,M,Indonesian,36-50,Gold,HL00000832,None,EXC,Non-Smoking,Business,rgonzalez@example.com,2025-09-16
833,833,CUS0000833,Laura,Gentry,F,Indonesian,51-65,None,HL00000833,None,DLX,Smoking,Leisure,samantha65@example.org,2025-01-02
834,834,CUS0000834,Adam,Downs,M,Australian,26-35,Gold,HL00000834,Silver,STD,Non-Smoking,Family,sabbott@example.org,2024-12-22
835,835,CUS0000835,Stephanie,Faulkner,F,Malaysian,36-50,None,HL00000835,None,EXC,Non-Smoking,Business,warnerlori@example.com,2025-11-28
836,836,CUS0000836,Shannon,Glenn,F,American,65+,Silver,HL00000836,Silver,EXC,Non-Smoking,Business,ryanlawrence@example.net,2026-02-13
837,837,CUS0000837,Michelle,Sullivan,F,Indonesian,51-65,None,HL00000837,Platinum,STD,Non-Smoking,Business,qgardner@example.org,2024-12-30
838,838,CUS0000838,Charles,Peters,M,British,36-50,Silver,HL00000838,None,DLX,Non-Smoking,Leisure,mary24@example.net,2024-06-29
839,839,CUS0000839,Chad,Jones,M,Australian,65+,None,HL00000839,None,STD,Non-Smoking,Leisure,thomasnicole@example.net,2023-11-03
840,840,CUS0000840,Vanessa,Taylor,F,Singaporean,36-50,None,HL00000840,Platinum,DLX,Non-Smoking,Business,dawnperry@example.com,2024-04-04
841,841,CUS0000841,Melissa,Conrad,F,Indonesian,18-25,None,HL00000841,None,EXC,Non-Smoking,Leisure,shawncoleman@example.com,2024-11-20
842,842,CUS0000842,Henry,Lopez,M,British,36-50,None,HL00000842,Silver,STD,Non-Smoking,Leisure,lanemelanie@example.org,2023-12-19
843,843,CUS0000843,Kathryn,Jenkins,F,Australian,26-35,None,HL00000843,Gold,SUT,Non-Smoking,Business,arthur09@example.com,2023-08-30
844,844,CUS0000844,Jacob,Carpenter,M,British,26-35,Silver,HL00000844,None,DLX,Smoking,Family,thomasjessica@example.com,2024-07-03
845,845,CUS0000845,Kelly,Mills,F,Indonesian,36-50,None,HL00000845,None,STD,Non-Smoking,Family,sanchezcrystal@example.net,2026-04-15
846,846,CUS0000846,Blake,Schultz,M,Indonesian,26-35,None,HL00000846,None,SUT,Smoking,Business,chloe58@example.org,2023-10-24
847,847,CUS0000847,Jordan,Escobar,F,Indonesian,36-50,None,HL00000847,Silver,STD,Non-Smoking,Family,robert44@example.org,2023-05-30
848,848,CUS0000848,Melissa,Harper,F,Japanese,65+,Silver,HL00000848,Silver,SUT,Non-Smoking,Honeymoon,jessica94@example.org,2024-12-15
849,849,CUS0000849,John,Jackson,M,Indonesian,26-35,Silver,HL00000849,Silver,DLX,Non-Smoking,Business,douglaskelly@example.net,2025-01-19
850,850,CUS0000850,Alexander,Washington,M,Indonesian,26-35,Silver,HL00000850,None,STD,Non-Smoking,Family,williamyork@example.com,2024-09-21
851,851,CUS0000851,Casey,Campbell,M,Singaporean,51-65,Gold,HL00000851,Silver,SUT,Non-Smoking,Business,alexis19@example.org,2025-11-30
852,852,CUS0000852,Patrick,Hopkins,M,Indonesian,26-35,None,HL00000852,Platinum,SUT,Non-Smoking,Family,lindsey43@example.com,2024-05-26
853,853,CUS0000853,Rebecca,Atkins,F,Indonesian,51-65,None,HL00000853,None,STD,Non-Smoking,Honeymoon,tracey29@example.org,2025-12-01
854,854,CUS0000854,Jon,Chaney,M,Malaysian,18-25,Silver,HL00000854,None,DLX,Smoking,Leisure,cyoung@example.net,2023-12-02
855,855,CUS0000855,Carol,Lane,F,Indonesian,26-35,Silver,HL00000855,Silver,DLX,Non-Smoking,Business,brian41@example.org,2025-12-17
856,856,CUS0000856,Julie,Alvarez,F,Malaysian,51-65,None,HL00000856,Gold,SUT,Non-Smoking,Leisure,wreese@example.net,2026-03-20
857,857,CUS0000857,Jamie,Thornton,F,Indonesian,51-65,Gold,HL00000857,None,EXC,Non-Smoking,Business,hbaker@example.com,2024-08-15
858,858,CUS0000858,Dylan,Salinas,M,Singaporean,65+,None,HL00000858,Silver,EXC,Non-Smoking,Honeymoon,hgregory@example.net,2024-07-25
859,859,CUS0000859,Anne,Schmidt,F,British,65+,None,HL00000859,Platinum,SUT,Smoking,Leisure,stephanie69@example.net,2025-02-15
860,860,CUS0000860,Frances,Adams,F,Indonesian,51-65,Platinum,HL00000860,None,SUT,Non-Smoking,Business,scottbreanna@example.com,2023-12-10
861,861,CUS0000861,Michael,Allen,M,Singaporean,18-25,None,HL00000861,None,SUT,Non-Smoking,Business,aprilbyrd@example.org,2023-12-19
862,862,CUS0000862,Joshua,Chambers,M,Indonesian,51-65,Gold,HL00000862,Silver,EXC,Non-Smoking,Business,smithconnor@example.org,2026-03-25
863,863,CUS0000863,Jeremy,Robinson,M,British,26-35,None,HL00000863,None,SUT,Non-Smoking,Honeymoon,johnathan00@example.net,2023-12-11
864,864,CUS0000864,Amy,Wheeler,F,Australian,65+,None,HL00000864,Gold,EXC,Non-Smoking,Business,stephanielittle@example.net,2024-08-12
865,865,CUS0000865,Angelica,Jacobs,F,Indonesian,65+,Silver,HL00000865,None,STD,Non-Smoking,Business,pdouglas@example.net,2026-05-17
866,866,CUS0000866,Tracy,Kemp,F,American,18-25,Silver,HL00000866,None,STD,Non-Smoking,Business,jonowens@example.org,2026-03-16
867,867,CUS0000867,Jody,Carney,F,Indonesian,26-35,None,HL00000867,None,SUT,Non-Smoking,Business,qschwartz@example.com,2023-07-05
868,868,CUS0000868,Candice,Jones,F,Indonesian,51-65,Gold,HL00000868,None,STD,Non-Smoking,Leisure,reyesmarvin@example.org,2025-09-21
869,869,CUS0000869,Tina,Baker,F,Malaysian,51-65,None,HL00000869,None,SUT,Non-Smoking,Leisure,mjones@example.net,2025-07-20
870,870,CUS0000870,Christopher,Vasquez,M,Indonesian,36-50,Gold,HL00000870,None,STD,Non-Smoking,Business,amberreynolds@example.net,2025-09-01
871,871,CUS0000871,Ashley,Alexander,F,Malaysian,26-35,None,HL00000871,Silver,DLX,Smoking,Leisure,dakota11@example.net,2024-07-04
872,872,CUS0000872,Danielle,Griffin,F,Indonesian,18-25,Silver,HL00000872,None,EXC,Non-Smoking,Family,ohernandez@example.org,2023-12-31
873,873,CUS0000873,Matthew,Adams,M,Indonesian,65+,None,HL00000873,Silver,EXC,Non-Smoking,MICE,rebecca90@example.net,2024-06-10
874,874,CUS0000874,Teresa,Henry,F,Indonesian,26-35,Gold,HL00000874,Silver,STD,Non-Smoking,Business,upowell@example.org,2025-02-20
875,875,CUS0000875,Courtney,Cruz,F,Indonesian,36-50,None,HL00000875,Platinum,EXC,Non-Smoking,Leisure,imartinez@example.com,2025-08-14
876,876,CUS0000876,Melanie,Morales,F,Indonesian,51-65,Silver,HL00000876,Platinum,SUT,Non-Smoking,Honeymoon,diazmelissa@example.com,2025-09-28
877,877,CUS0000877,Sarah,Hodges,F,Indonesian,65+,Silver,HL00000877,Gold,DLX,Non-Smoking,Honeymoon,deborah28@example.org,2023-12-09
878,878,CUS0000878,Mary,Evans,F,American,36-50,Gold,HL00000878,None,EXC,Non-Smoking,Business,omosley@example.net,2024-07-08
879,879,CUS0000879,John,Mcclure,M,Australian,36-50,None,HL00000879,None,EXC,Non-Smoking,Business,imoss@example.org,2024-09-06
880,880,CUS0000880,Allison,Davies,F,Indonesian,51-65,None,HL00000880,Platinum,DLX,Smoking,Leisure,tracybrown@example.net,2025-03-28
881,881,CUS0000881,Elizabeth,Ferguson,F,Indonesian,26-35,None,HL00000881,Platinum,EXC,Non-Smoking,Leisure,blevy@example.org,2025-01-09
882,882,CUS0000882,Amy,French,F,Japanese,51-65,None,HL00000882,Platinum,DLX,Smoking,Business,sullivanjason@example.net,2023-10-14
883,883,CUS0000883,Kelly,Bentley,F,Malaysian,26-35,Platinum,HL00000883,Platinum,DLX,Non-Smoking,Leisure,joycehall@example.org,2024-11-10
884,884,CUS0000884,Nicolas,Burns,M,Indonesian,65+,Silver,HL00000884,Platinum,STD,Non-Smoking,Business,ruizsamantha@example.org,2023-07-08
885,885,CUS0000885,Michael,Anderson,M,Other,51-65,Silver,HL00000885,Silver,EXC,Non-Smoking,Leisure,cynthiaconway@example.org,2025-06-26
886,886,CUS0000886,Lisa,Conley,F,Malaysian,36-50,Gold,HL00000886,Platinum,SUT,Non-Smoking,Leisure,meyersdaniel@example.com,2024-05-12
887,887,CUS0000887,Rebecca,Walker,F,Malaysian,26-35,Gold,HL00000887,None,SUT,Non-Smoking,Business,ronaldcain@example.net,2025-06-04
888,888,CUS0000888,Jennifer,Martinez,F,Japanese,26-35,Silver,HL00000888,None,SUT,Smoking,Business,marcoconnell@example.org,2026-02-28
889,889,CUS0000889,Amber,Thompson,F,Indonesian,18-25,Silver,HL00000889,Silver,STD,Non-Smoking,Business,martinezdonald@example.com,2023-09-03
890,890,CUS0000890,Melissa,Tran,F,Australian,51-65,None,HL00000890,Gold,DLX,Non-Smoking,Family,lsanchez@example.org,2025-07-08
891,891,CUS0000891,Ariel,Boone,F,Indonesian,51-65,None,HL00000891,Silver,EXC,Non-Smoking,Business,bstrickland@example.com,2024-09-03
892,892,CUS0000892,Aaron,White,M,Australian,65+,None,HL00000892,Silver,DLX,Smoking,Business,mannbrittney@example.com,2024-06-02
893,893,CUS0000893,Michael,Sparks,M,Singaporean,36-50,Silver,HL00000893,Silver,SUT,Non-Smoking,Business,nschwartz@example.org,2025-07-20
894,894,CUS0000894,Denise,Cole,F,Indonesian,26-35,Gold,HL00000894,None,SUT,Non-Smoking,Leisure,sharonbishop@example.org,2023-07-21
895,895,CUS0000895,Christopher,Porter,M,American,26-35,None,HL00000895,Gold,STD,Non-Smoking,Business,burtonkimberly@example.com,2023-12-07
896,896,CUS0000896,Aaron,Young,M,Indonesian,36-50,None,HL00000896,None,STD,Smoking,Leisure,downstiffany@example.net,2025-04-27
897,897,CUS0000897,Scott,Hatfield,M,American,36-50,Silver,HL00000897,Silver,STD,Non-Smoking,Business,stevensims@example.org,2023-09-09
898,898,CUS0000898,Anthony,Rodriguez,M,Australian,51-65,Platinum,HL00000898,Gold,DLX,Non-Smoking,Leisure,ginaschmitt@example.com,2024-11-25
899,899,CUS0000899,Cassandra,Santiago,F,Indonesian,36-50,Silver,HL00000899,Silver,EXC,Non-Smoking,Business,brownmichael@example.org,2025-10-12
900,900,CUS0000900,David,Jensen,M,Australian,36-50,None,HL00000900,None,EXC,Non-Smoking,MICE,vwilliams@example.org,2023-12-10
901,901,CUS0000901,Casey,Floyd,F,Indonesian,36-50,None,HL00000901,Silver,EXC,Non-Smoking,Business,erobertson@example.org,2026-02-15
902,902,CUS0000902,Jill,Riley,F,Indonesian,18-25,None,HL00000902,Gold,SUT,Non-Smoking,Business,rgonzalez@example.com,2024-11-25
903,903,CUS0000903,Richard,Nguyen,M,Indonesian,51-65,None,HL00000903,Platinum,EXC,Smoking,Family,youngrobert@example.org,2025-09-02
904,904,CUS0000904,Stephanie,Jones,F,Indonesian,36-50,Silver,HL00000904,None,SUT,Non-Smoking,Business,bbrown@example.org,2023-07-25
905,905,CUS0000905,Timothy,Gibson,M,Japanese,51-65,None,HL00000905,Gold,DLX,Non-Smoking,Business,dbrooks@example.net,2023-09-01
906,906,CUS0000906,Mark,Cantrell,M,Indonesian,51-65,Gold,HL00000906,None,SUT,Smoking,Business,matthewjohnson@example.net,2023-06-16
907,907,CUS0000907,Diana,Rodriguez,F,Indonesian,65+,None,HL00000907,Gold,SUT,Non-Smoking,Leisure,kellis@example.com,2024-04-23
908,908,CUS0000908,Stephen,Munoz,M,American,51-65,Silver,HL00000908,Silver,EXC,Smoking,Leisure,belindatran@example.org,2023-06-17
909,909,CUS0000909,Jennifer,Boyd,F,Indonesian,65+,Platinum,HL00000909,Silver,DLX,Smoking,Honeymoon,brittanyhood@example.com,2025-04-23
910,910,CUS0000910,Nicholas,Fitzgerald,M,Indonesian,65+,None,HL00000910,None,SUT,Non-Smoking,Leisure,johnhamilton@example.org,2024-04-02
911,911,CUS0000911,Tracy,Mcintyre,M,Other,26-35,Silver,HL00000911,Gold,SUT,Non-Smoking,Business,butlerbradley@example.com,2026-02-16
912,912,CUS0000912,Patricia,Johnson,F,American,18-25,Platinum,HL00000912,None,SUT,Non-Smoking,Leisure,zmendoza@example.net,2025-08-16
913,913,CUS0000913,Annette,Simpson,F,Indonesian,18-25,None,HL00000913,None,SUT,Non-Smoking,Leisure,hansenalexander@example.net,2025-05-04
914,914,CUS0000914,Tiffany,Anderson,F,Indonesian,36-50,None,HL00000914,Platinum,STD,Non-Smoking,Leisure,john10@example.com,2025-07-03
915,915,CUS0000915,Elizabeth,Warner,F,Indonesian,26-35,Platinum,HL00000915,Platinum,EXC,Non-Smoking,MICE,braysteven@example.org,2026-02-04
916,916,CUS0000916,Jared,Clarke,M,Singaporean,26-35,None,HL00000916,None,DLX,Non-Smoking,Family,courtney01@example.com,2023-05-28
917,917,CUS0000917,Faith,Johnson,F,British,26-35,None,HL00000917,None,SUT,Non-Smoking,Business,smullins@example.net,2024-04-24
918,918,CUS0000918,Kenneth,Clark,M,Australian,36-50,None,HL00000918,Gold,STD,Non-Smoking,Business,olivermatthew@example.org,2023-08-01
919,919,CUS0000919,Theresa,Leonard,F,Indonesian,36-50,None,HL00000919,None,SUT,Non-Smoking,Family,rodriguezmichael@example.net,2025-12-22
920,920,CUS0000920,Holly,Thompson,F,Singaporean,65+,Silver,HL00000920,None,EXC,Non-Smoking,Leisure,castrokim@example.org,2024-04-30
921,921,CUS0000921,Cynthia,Wilson,F,Indonesian,51-65,None,HL00000921,Gold,STD,Non-Smoking,Leisure,wmclaughlin@example.net,2024-01-20
922,922,CUS0000922,Christine,Mcgee,F,Indonesian,26-35,None,HL00000922,None,STD,Non-Smoking,Business,lukehurst@example.net,2026-02-11
923,923,CUS0000923,Jay,Brown,M,Singaporean,26-35,Silver,HL00000923,None,EXC,Non-Smoking,Leisure,michael78@example.net,2025-03-24
924,924,CUS0000924,Bryan,Mckinney,M,Indonesian,18-25,Silver,HL00000924,None,EXC,Non-Smoking,Honeymoon,shannon51@example.org,2024-03-05
925,925,CUS0000925,Anita,Myers,F,Singaporean,36-50,None,HL00000925,Gold,DLX,Non-Smoking,Leisure,keithfrye@example.org,2023-12-05
926,926,CUS0000926,Desiree,Terry,F,Indonesian,51-65,Silver,HL00000926,Platinum,DLX,Smoking,Business,nhernandez@example.net,2025-09-23
927,927,CUS0000927,Alexander,Butler,M,Indonesian,26-35,None,HL00000927,Silver,DLX,Non-Smoking,Family,thomasfisher@example.net,2025-05-03
928,928,CUS0000928,Alison,Lopez,F,Other,26-35,None,HL00000928,Silver,SUT,Non-Smoking,Leisure,wigginsjesse@example.net,2024-08-14
929,929,CUS0000929,George,Lane,M,Singaporean,26-35,Silver,HL00000929,Gold,EXC,Non-Smoking,Business,todd88@example.com,2025-12-24
930,930,CUS0000930,Eric,Anderson,M,Indonesian,36-50,Silver,HL00000930,None,SUT,Non-Smoking,Business,george43@example.com,2023-06-25
931,931,CUS0000931,Tracy,Carrillo,F,Indonesian,36-50,Silver,HL00000931,None,SUT,Non-Smoking,Leisure,hernandezjustin@example.org,2023-07-13
932,932,CUS0000932,Thomas,Joseph,M,Indonesian,26-35,Silver,HL00000932,Gold,STD,Non-Smoking,Leisure,ian22@example.org,2024-09-03
933,933,CUS0000933,Bruce,Chaney,M,Indonesian,51-65,Silver,HL00000933,None,EXC,Non-Smoking,Honeymoon,scottwood@example.org,2023-08-19
934,934,CUS0000934,Michael,Wade,M,Indonesian,36-50,Silver,HL00000934,None,DLX,Non-Smoking,Business,earl78@example.org,2026-01-19
935,935,CUS0000935,Elizabeth,Knapp,F,Singaporean,36-50,None,HL00000935,None,STD,Non-Smoking,MICE,xvelazquez@example.org,2023-07-13
936,936,CUS0000936,Tanya,Moore,F,Indonesian,36-50,Silver,HL00000936,Silver,DLX,Non-Smoking,Business,deborah47@example.com,2026-04-24
937,937,CUS0000937,Veronica,Berry,F,Indonesian,18-25,Silver,HL00000937,None,STD,Non-Smoking,Honeymoon,laurenchandler@example.com,2024-06-14
938,938,CUS0000938,Michael,Dennis,M,Indonesian,51-65,None,HL00000938,None,SUT,Non-Smoking,Leisure,taylorandrea@example.com,2025-10-24
939,939,CUS0000939,Jennifer,Randall,F,Indonesian,65+,None,HL00000939,None,SUT,Non-Smoking,MICE,uhoward@example.org,2025-01-24
940,940,CUS0000940,Martin,Silva,M,Singaporean,26-35,None,HL00000940,Silver,SUT,Non-Smoking,MICE,kimberlywang@example.org,2024-12-20
941,941,CUS0000941,Angela,Atkinson,F,Indonesian,65+,None,HL00000941,Silver,SUT,Non-Smoking,Business,daughertypreston@example.com,2025-07-06
942,942,CUS0000942,Lindsey,Hunt,F,Indonesian,51-65,None,HL00000942,None,SUT,Non-Smoking,Leisure,kerrmichael@example.org,2023-12-21
943,943,CUS0000943,Sarah,Wood,F,Indonesian,18-25,None,HL00000943,Gold,SUT,Non-Smoking,Business,alexander55@example.com,2024-08-07
944,944,CUS0000944,Shelly,Miller,F,Singaporean,36-50,None,HL00000944,None,SUT,Non-Smoking,Business,afigueroa@example.com,2025-10-31
945,945,CUS0000945,Carla,Luna,F,British,51-65,None,HL00000945,Silver,SUT,Non-Smoking,Family,achandler@example.org,2024-11-15
946,946,CUS0000946,Laurie,Miller,F,Australian,18-25,Silver,HL00000946,None,STD,Non-Smoking,Business,kevinmcneil@example.net,2026-05-11
947,947,CUS0000947,Austin,Choi,M,British,51-65,Silver,HL00000947,Platinum,EXC,Non-Smoking,Business,adavis@example.net,2024-01-11
948,948,CUS0000948,Jason,Peters,M,American,51-65,Silver,HL00000948,None,STD,Non-Smoking,Family,jamescollier@example.com,2026-05-02
949,949,CUS0000949,John,Carson,M,Indonesian,36-50,None,HL00000949,Gold,STD,Non-Smoking,Business,mary47@example.net,2023-07-12
950,950,CUS0000950,John,Johnson,M,Indonesian,18-25,Silver,HL00000950,None,EXC,Non-Smoking,Business,moorekevin@example.net,2024-10-17
951,951,CUS0000951,Mallory,Martinez,F,Indonesian,18-25,Silver,HL00000951,None,EXC,Non-Smoking,Business,robert73@example.org,2025-11-03
952,952,CUS0000952,Phillip,Snyder,M,Indonesian,65+,None,HL00000952,Gold,STD,Smoking,Business,georgemichael@example.com,2024-12-23
953,953,CUS0000953,Jessica,Scott,F,Other,36-50,None,HL00000953,Gold,STD,Non-Smoking,Leisure,hmccann@example.com,2025-09-03
954,954,CUS0000954,Nicholas,Smith,M,Indonesian,36-50,None,HL00000954,None,EXC,Non-Smoking,Leisure,francisco02@example.com,2024-03-31
955,955,CUS0000955,Shawn,Taylor,M,Indonesian,36-50,Gold,HL00000955,Silver,EXC,Non-Smoking,Family,brianward@example.net,2026-03-24
956,956,CUS0000956,Amber,Carter,F,American,36-50,Gold,HL00000956,Platinum,DLX,Smoking,Family,palmerkatie@example.org,2025-02-26
957,957,CUS0000957,Anna,Goodwin,F,Indonesian,18-25,Platinum,HL00000957,Gold,STD,Non-Smoking,Leisure,monique44@example.net,2026-04-09
958,958,CUS0000958,Melissa,Davis,F,Singaporean,26-35,Silver,HL00000958,Platinum,SUT,Non-Smoking,Family,madeline02@example.net,2024-07-07
959,959,CUS0000959,Jacqueline,Washington,F,Indonesian,51-65,Silver,HL00000959,None,STD,Non-Smoking,Business,samantha21@example.org,2024-02-23
960,960,CUS0000960,Kathy,Decker,F,Indonesian,51-65,Platinum,HL00000960,None,STD,Non-Smoking,Leisure,butlersabrina@example.org,2025-07-28
961,961,CUS0000961,Bonnie,Smith,F,Japanese,18-25,None,HL00000961,None,EXC,Non-Smoking,Family,larry52@example.com,2024-06-21
962,962,CUS0000962,Joseph,Cordova,M,Indonesian,26-35,None,HL00000962,Silver,EXC,Non-Smoking,Business,jenniferjohnson@example.org,2025-06-05
963,963,CUS0000963,Carl,Benson,M,Indonesian,51-65,Silver,HL00000963,Silver,STD,Non-Smoking,Honeymoon,kyleclark@example.org,2023-09-24
964,964,CUS0000964,Michael,Bowers,M,Indonesian,36-50,None,HL00000964,Silver,DLX,Non-Smoking,Family,smithtodd@example.com,2025-01-17
965,965,CUS0000965,Craig,Johnson,M,Indonesian,65+,None,HL00000965,Gold,EXC,Non-Smoking,Business,harrisonrebekah@example.org,2025-02-22
966,966,CUS0000966,Elizabeth,Smith,F,Malaysian,65+,None,HL00000966,None,STD,Non-Smoking,Business,pattonsamantha@example.org,2024-07-01
967,967,CUS0000967,Stephanie,Lopez,F,Indonesian,26-35,None,HL00000967,Silver,DLX,Non-Smoking,Honeymoon,anthony24@example.net,2025-12-20
968,968,CUS0000968,Harold,Wyatt,M,Singaporean,36-50,None,HL00000968,Silver,SUT,Non-Smoking,Business,williamjones@example.net,2024-09-06
969,969,CUS0000969,Adrian,Robinson,M,Indonesian,18-25,Platinum,HL00000969,Platinum,SUT,Non-Smoking,Family,tamarajackson@example.net,2025-06-06
970,970,CUS0000970,William,Garcia,M,British,65+,Silver,HL00000970,Silver,DLX,Non-Smoking,Business,samanthayork@example.com,2023-05-24
971,971,CUS0000971,Michael,Lopez,M,Indonesian,36-50,Silver,HL00000971,None,STD,Smoking,Business,whitemichael@example.com,2025-10-04
972,972,CUS0000972,Cindy,Perez,F,Indonesian,36-50,Gold,HL00000972,Silver,SUT,Non-Smoking,Leisure,juarezleon@example.com,2024-02-15
973,973,CUS0000973,Joseph,Simpson,M,Singaporean,65+,Silver,HL00000973,Platinum,SUT,Non-Smoking,Family,janet80@example.org,2023-07-10
974,974,CUS0000974,Katherine,Cruz,F,American,51-65,Silver,HL00000974,None,EXC,Smoking,Leisure,tburke@example.net,2026-05-19
975,975,CUS0000975,Jeremy,Spencer,M,Indonesian,18-25,None,HL00000975,Silver,STD,Non-Smoking,Family,traci63@example.org,2024-06-15
976,976,CUS0000976,Robert,Crosby,M,Indonesian,18-25,Platinum,HL00000976,Silver,EXC,Non-Smoking,Business,harry71@example.com,2024-05-18
977,977,CUS0000977,Joseph,Rhodes,M,Singaporean,36-50,None,HL00000977,Gold,EXC,Non-Smoking,Business,thomasrichard@example.net,2024-02-16
978,978,CUS0000978,Patrick,Stafford,M,Indonesian,65+,Silver,HL00000978,Silver,STD,Non-Smoking,Leisure,calvinhester@example.com,2026-04-05
979,979,CUS0000979,Linda,Ewing,F,Indonesian,51-65,None,HL00000979,None,SUT,Non-Smoking,Business,hallroger@example.com,2023-06-20
980,980,CUS0000980,Pamela,Miranda,F,Indonesian,51-65,Gold,HL00000980,Gold,STD,Non-Smoking,Family,katelyn65@example.com,2024-01-26
981,981,CUS0000981,Lindsey,Sullivan,F,Singaporean,26-35,Silver,HL00000981,Gold,STD,Non-Smoking,Honeymoon,jdixon@example.com,2025-08-22
982,982,CUS0000982,Barbara,Burns,F,Indonesian,65+,None,HL00000982,Gold,EXC,Non-Smoking,MICE,courtneytaylor@example.org,2024-05-03
983,983,CUS0000983,Anthony,Jones,M,Indonesian,18-25,Gold,HL00000983,Silver,STD,Non-Smoking,MICE,stantonpatrick@example.net,2024-08-31
984,984,CUS0000984,Brittany,Howell,F,Indonesian,51-65,Silver,HL00000984,None,SUT,Non-Smoking,Leisure,wolfdonna@example.net,2024-06-24
985,985,CUS0000985,Johnathan,Owens,M,Indonesian,18-25,None,HL00000985,Silver,STD,Non-Smoking,Business,ebony78@example.com,2024-10-05
986,986,CUS0000986,Gwendolyn,Heath,F,Indonesian,36-50,None,HL00000986,Gold,EXC,Non-Smoking,MICE,cisnerosanthony@example.com,2025-01-24
987,987,CUS0000987,Janet,Edwards,F,Indonesian,65+,Silver,HL00000987,None,SUT,Non-Smoking,Leisure,cramos@example.org,2024-11-30
988,988,CUS0000988,Kristin,Dalton,F,Other,51-65,None,HL00000988,None,EXC,Non-Smoking,Leisure,nicole27@example.com,2025-02-05
989,989,CUS0000989,Emily,Price,F,Singaporean,51-65,Silver,HL00000989,Silver,DLX,Non-Smoking,Business,carrolltracy@example.net,2024-01-29
990,990,CUS0000990,Kimberly,Harrison,F,Singaporean,26-35,None,HL00000990,None,DLX,Non-Smoking,Family,williammyers@example.com,2024-07-08
991,991,CUS0000991,Tricia,Jensen,F,Australian,26-35,None,HL00000991,Gold,STD,Non-Smoking,Leisure,katie45@example.org,2024-12-25
992,992,CUS0000992,Kevin,Anderson,M,Australian,65+,None,HL00000992,None,DLX,Non-Smoking,Leisure,michael90@example.net,2024-02-05
993,993,CUS0000993,James,Patterson,M,Indonesian,51-65,None,HL00000993,Gold,EXC,Non-Smoking,Honeymoon,robert03@example.org,2023-06-02
994,994,CUS0000994,Matthew,Watkins,M,Indonesian,51-65,Platinum,HL00000994,None,STD,Non-Smoking,Leisure,meltondanny@example.org,2024-01-20
995,995,CUS0000995,Joshua,Johnson,M,Japanese,65+,None,HL00000995,None,SUT,Non-Smoking,Business,abradley@example.com,2025-09-19
996,996,CUS0000996,Michael,Chapman,M,Indonesian,65+,None,HL00000996,Silver,STD,Smoking,Business,nicholas65@example.net,2025-05-13
997,997,CUS0000997,Robert,Garcia,M,Malaysian,65+,Platinum,HL00000997,None,STD,Non-Smoking,Leisure,matthewshaw@example.net,2025-05-14
998,998,CUS0000998,Carol,Evans,F,Malaysian,51-65,Silver,HL00000998,Gold,SUT,Smoking,Leisure,oharris@example.org,2024-07-28
999,999,CUS0000999,Sarah,Lewis,F,Indonesian,18-25,None,HL00000999,None,STD,Non-Smoking,Family,brandon96@example.org,2025-06-09
1000,1000,CUS0001000,Patrick,Davis,M,Indonesian,26-35,Silver,HL00001000,Silver,SUT,Non-Smoking,MICE,vargasjoshua@example.net,2026-01-26
1001,1001,CUS0001001,Joseph,Simmons,M,Malaysian,18-25,None,HL00001001,Silver,DLX,Non-Smoking,Business,laura48@example.com,2024-09-29
1002,1002,CUS0001002,Matthew,Edwards,M,Indonesian,36-50,None,HL00001002,None,DLX,Smoking,Honeymoon,nmorales@example.net,2026-01-29
1003,1003,CUS0001003,Megan,Kelley,F,Malaysian,36-50,None,HL00001003,None,EXC,Non-Smoking,Business,burtonzachary@example.org,2024-02-23
1004,1004,CUS0001004,Jonathan,Guerrero,M,Australian,26-35,None,HL00001004,None,SUT,Non-Smoking,Business,oadams@example.net,2024-10-14
1005,1005,CUS0001005,Lisa,Hammond,F,Malaysian,18-25,Silver,HL00001005,None,EXC,Non-Smoking,Business,umichael@example.net,2025-10-20
1006,1006,CUS0001006,Kelly,Diaz,F,Other,65+,None,HL00001006,Gold,STD,Non-Smoking,Business,johnfrancis@example.com,2023-12-29
1007,1007,CUS0001007,Jessica,Flores,F,American,18-25,Silver,HL00001007,Silver,SUT,Non-Smoking,Business,waltersmeghan@example.com,2026-05-01
1008,1008,CUS0001008,Dustin,Martin,M,Indonesian,18-25,None,HL00001008,Platinum,EXC,Non-Smoking,Leisure,richardwilson@example.org,2026-01-06
1009,1009,CUS0001009,Danielle,Wilcox,F,Indonesian,65+,None,HL00001009,Silver,EXC,Smoking,Leisure,bwashington@example.com,2023-08-06
1010,1010,CUS0001010,Susan,Harris,F,Malaysian,26-35,Platinum,HL00001010,Gold,EXC,Non-Smoking,Leisure,derek44@example.net,2025-07-13
1011,1011,CUS0001011,Christopher,Phelps,M,Australian,36-50,Platinum,HL00001011,Gold,SUT,Non-Smoking,Leisure,dcasey@example.org,2025-02-01
1012,1012,CUS0001012,Lindsay,Camacho,F,American,51-65,Gold,HL00001012,Gold,EXC,Non-Smoking,Business,qmosley@example.net,2025-10-01
1013,1013,CUS0001013,James,Larsen,M,Indonesian,65+,None,HL00001013,Platinum,DLX,Non-Smoking,Family,joelduncan@example.net,2026-03-26
1014,1014,CUS0001014,Joseph,Calderon,M,Japanese,65+,None,HL00001014,None,SUT,Non-Smoking,Leisure,tyler13@example.net,2025-11-21
1015,1015,CUS0001015,Raymond,Edwards,M,Malaysian,65+,None,HL00001015,Platinum,DLX,Non-Smoking,Business,vshaffer@example.org,2024-01-17
1016,1016,CUS0001016,Daniel,Rodriguez,M,Indonesian,36-50,Silver,HL00001016,None,DLX,Smoking,Leisure,taragonzales@example.com,2025-05-18
1017,1017,CUS0001017,Anthony,Ferguson,M,Singaporean,26-35,None,HL00001017,None,DLX,Non-Smoking,Family,stewartrodney@example.net,2024-04-17
1018,1018,CUS0001018,Tracey,Suarez,F,Indonesian,51-65,Silver,HL00001018,Silver,EXC,Non-Smoking,Honeymoon,michaelbaldwin@example.com,2025-07-08
1019,1019,CUS0001019,Matthew,Stein,M,Indonesian,65+,None,HL00001019,None,STD,Non-Smoking,MICE,skinnereileen@example.org,2023-11-22
1020,1020,CUS0001020,Sylvia,Powers,F,Indonesian,26-35,None,HL00001020,Gold,EXC,Non-Smoking,Leisure,angela45@example.net,2026-04-26
1021,1021,CUS0001021,Kimberly,Young,F,Indonesian,65+,None,HL00001021,Silver,STD,Smoking,Leisure,zprice@example.com,2025-01-29
1022,1022,CUS0001022,Ann,Carson,F,Singaporean,51-65,Gold,HL00001022,Silver,EXC,Non-Smoking,Business,kennethvillarreal@example.org,2024-10-17
1023,1023,CUS0001023,Lynn,Suarez,F,Indonesian,36-50,None,HL00001023,Silver,STD,Non-Smoking,Business,rmccormick@example.org,2025-03-11
1024,1024,CUS0001024,Penny,Vasquez,F,Indonesian,18-25,Gold,HL00001024,None,EXC,Non-Smoking,Family,vhouse@example.net,2025-08-27
1025,1025,CUS0001025,Sherri,Wilkins,F,Indonesian,36-50,Silver,HL00001025,Gold,EXC,Non-Smoking,Honeymoon,hollyhunter@example.com,2024-09-26
1026,1026,CUS0001026,Lindsey,Li,F,Indonesian,36-50,Silver,HL00001026,Silver,SUT,Non-Smoking,Business,shawn00@example.net,2024-10-15
1027,1027,CUS0001027,Catherine,Ramos,F,British,26-35,Gold,HL00001027,None,SUT,Non-Smoking,MICE,aarongonzalez@example.com,2024-04-22
1028,1028,CUS0001028,Kenneth,Rodriguez,M,Malaysian,51-65,None,HL00001028,None,SUT,Non-Smoking,Leisure,zacharybooker@example.net,2026-05-21
1029,1029,CUS0001029,Carlos,Wheeler,M,Malaysian,18-25,None,HL00001029,None,STD,Non-Smoking,Business,usparks@example.com,2023-09-01
1030,1030,CUS0001030,Shelley,Anderson,F,Indonesian,36-50,Gold,HL00001030,None,DLX,Non-Smoking,Business,graceserrano@example.com,2023-10-10
1031,1031,CUS0001031,Angela,Richardson,F,Indonesian,51-65,None,HL00001031,Silver,EXC,Non-Smoking,Business,kwalter@example.org,2024-05-05
1032,1032,CUS0001032,Tiffany,Leblanc,F,Indonesian,65+,None,HL00001032,Silver,EXC,Smoking,Honeymoon,rebeccamccann@example.org,2026-01-24
1033,1033,CUS0001033,Meredith,Jackson,F,Indonesian,51-65,None,HL00001033,Silver,EXC,Non-Smoking,Leisure,mwilliamson@example.com,2024-06-11
1034,1034,CUS0001034,Brandon,Richardson,M,Singaporean,51-65,Platinum,HL00001034,None,STD,Non-Smoking,Business,smithalicia@example.com,2025-01-13
1035,1035,CUS0001035,Michael,Wilson,M,Malaysian,18-25,Gold,HL00001035,Silver,DLX,Non-Smoking,Business,jamesatkins@example.com,2024-01-22
1036,1036,CUS0001036,Nicole,Reyes,F,Indonesian,51-65,Gold,HL00001036,Silver,STD,Non-Smoking,Business,mgates@example.org,2024-06-06
1037,1037,CUS0001037,Diane,Byrd,F,Japanese,18-25,None,HL00001037,None,SUT,Non-Smoking,MICE,ywhite@example.org,2025-02-15
1038,1038,CUS0001038,Dylan,Green,M,Other,65+,Gold,HL00001038,Platinum,SUT,Non-Smoking,Business,xsolomon@example.net,2024-05-15
1039,1039,CUS0001039,Maria,Miller,F,Indonesian,26-35,Silver,HL00001039,None,DLX,Non-Smoking,Business,uanderson@example.net,2024-11-03
1040,1040,CUS0001040,Melissa,Reeves,F,Indonesian,36-50,None,HL00001040,Silver,EXC,Smoking,Leisure,qfitzgerald@example.org,2023-09-26
1041,1041,CUS0001041,Kristin,Williams,F,Indonesian,65+,Silver,HL00001041,Gold,STD,Non-Smoking,Business,thomasgomez@example.net,2024-03-05
1042,1042,CUS0001042,Tracy,George,F,Indonesian,26-35,None,HL00001042,Gold,EXC,Non-Smoking,Business,smithwilliam@example.com,2023-08-24
1043,1043,CUS0001043,Vanessa,Lambert,F,Indonesian,51-65,None,HL00001043,None,STD,Non-Smoking,Leisure,tammyhansen@example.net,2023-08-19
1044,1044,CUS0001044,David,Gordon,M,Other,51-65,None,HL00001044,None,EXC,Non-Smoking,MICE,natalie21@example.com,2023-10-04
1045,1045,CUS0001045,Kerry,Thomas,F,Australian,26-35,None,HL00001045,None,STD,Non-Smoking,Family,edwardstiffany@example.com,2026-01-27
1046,1046,CUS0001046,Diana,Ward,F,Singaporean,18-25,None,HL00001046,None,SUT,Smoking,Honeymoon,qcampbell@example.net,2025-05-24
1047,1047,CUS0001047,Philip,Baker,M,Singaporean,18-25,Platinum,HL00001047,None,STD,Non-Smoking,Business,ryan25@example.net,2025-01-02
1048,1048,CUS0001048,Pamela,Hernandez,F,British,36-50,None,HL00001048,Silver,DLX,Smoking,Leisure,jbrown@example.org,2024-04-22
1049,1049,CUS0001049,Catherine,Harrison,F,Indonesian,51-65,None,HL00001049,Silver,EXC,Non-Smoking,Family,janicegraham@example.com,2024-07-03
1050,1050,CUS0001050,Jessica,Zhang,F,Singaporean,65+,None,HL00001050,None,DLX,Smoking,Leisure,hellis@example.net,2025-04-02
1051,1051,CUS0001051,Becky,Davis,F,Australian,51-65,Silver,HL00001051,None,SUT,Non-Smoking,MICE,henry28@example.com,2024-10-31
1052,1052,CUS0001052,Stephanie,Willis,F,Indonesian,36-50,Gold,HL00001052,Silver,SUT,Non-Smoking,Leisure,foxashley@example.com,2025-07-17
1053,1053,CUS0001053,David,Jimenez,M,Malaysian,65+,Platinum,HL00001053,None,EXC,Non-Smoking,MICE,clayanthony@example.net,2023-06-03
1054,1054,CUS0001054,Bryan,Brooks,M,Indonesian,26-35,None,HL00001054,Silver,DLX,Non-Smoking,Leisure,hooderic@example.org,2024-03-02
1055,1055,CUS0001055,Sandra,Keller,F,Indonesian,36-50,None,HL00001055,Silver,DLX,Non-Smoking,Leisure,rfuller@example.net,2026-03-02
1056,1056,CUS0001056,Aaron,Booker,M,Indonesian,26-35,Silver,HL00001056,Silver,SUT,Smoking,Business,unguyen@example.net,2025-10-03
1057,1057,CUS0001057,Laura,Lewis,F,Indonesian,18-25,None,HL00001057,None,STD,Non-Smoking,Leisure,solisjustin@example.org,2026-02-06
1058,1058,CUS0001058,Andrea,Crane,F,Singaporean,18-25,None,HL00001058,None,SUT,Non-Smoking,Leisure,qdavis@example.org,2025-03-19
1059,1059,CUS0001059,Vincent,Glenn,M,Indonesian,51-65,None,HL00001059,None,EXC,Non-Smoking,Leisure,smithjared@example.com,2025-12-05
1060,1060,CUS0001060,Jennifer,Holland,F,Indonesian,18-25,Gold,HL00001060,Silver,SUT,Non-Smoking,Family,davidhenry@example.com,2026-02-17
1061,1061,CUS0001061,Renee,Collins,F,Indonesian,18-25,Platinum,HL00001061,None,STD,Non-Smoking,Family,michaeldavis@example.com,2025-03-29
1062,1062,CUS0001062,Christina,Griffin,F,Singaporean,36-50,Silver,HL00001062,None,EXC,Non-Smoking,Family,kalvarez@example.net,2024-09-30
1063,1063,CUS0001063,Ann,Henderson,F,American,36-50,None,HL00001063,None,EXC,Non-Smoking,Business,christina66@example.org,2024-07-27
1064,1064,CUS0001064,Jose,Mcpherson,M,Indonesian,65+,None,HL00001064,Platinum,DLX,Non-Smoking,Family,deborahreeves@example.com,2024-02-09
1065,1065,CUS0001065,Mark,Warren,M,Indonesian,36-50,None,HL00001065,None,DLX,Non-Smoking,Leisure,taylor17@example.com,2026-01-15
1066,1066,CUS0001066,Victoria,Sutton,F,Indonesian,51-65,Silver,HL00001066,Gold,DLX,Non-Smoking,Family,mckenzie86@example.com,2024-01-01
1067,1067,CUS0001067,Amber,Jones,F,Indonesian,26-35,Gold,HL00001067,Silver,DLX,Non-Smoking,Leisure,palmerwilliam@example.com,2025-06-09
1068,1068,CUS0001068,John,Cortez,M,Japanese,65+,Silver,HL00001068,Gold,EXC,Non-Smoking,Honeymoon,michael91@example.net,2025-10-23
1069,1069,CUS0001069,Ashley,Stanley,F,American,65+,None,HL00001069,Silver,DLX,Non-Smoking,Business,kristicameron@example.org,2024-12-25
1070,1070,CUS0001070,Jason,Bush,M,Malaysian,65+,Silver,HL00001070,None,DLX,Non-Smoking,Family,brenda77@example.net,2026-05-01
1071,1071,CUS0001071,Derek,Levy,M,Indonesian,18-25,None,HL00001071,Gold,DLX,Non-Smoking,Family,jasonmiller@example.net,2023-12-20
1072,1072,CUS0001072,Shelby,Rodriguez,F,Indonesian,51-65,Silver,HL00001072,Gold,DLX,Non-Smoking,Business,smithdarryl@example.org,2025-06-13
1073,1073,CUS0001073,Karen,Holt,F,Indonesian,26-35,None,HL00001073,None,STD,Non-Smoking,Leisure,nturner@example.com,2025-04-12
1074,1074,CUS0001074,Megan,Vaughn,F,Indonesian,26-35,None,HL00001074,None,SUT,Non-Smoking,Business,fballard@example.org,2025-05-13
1075,1075,CUS0001075,Alexis,Rodriguez,F,Malaysian,51-65,None,HL00001075,Silver,SUT,Non-Smoking,Business,hortonjacob@example.org,2024-03-03
1076,1076,CUS0001076,John,Thomas,M,Indonesian,51-65,Platinum,HL00001076,None,DLX,Non-Smoking,Leisure,ryangarrett@example.net,2025-04-29
1077,1077,CUS0001077,Brandon,Carrillo,M,Other,51-65,None,HL00001077,None,SUT,Non-Smoking,Honeymoon,thomasjohnson@example.org,2026-04-24
1078,1078,CUS0001078,Nancy,Wallace,F,Malaysian,51-65,None,HL00001078,Silver,STD,Non-Smoking,Business,cruiz@example.net,2025-08-06
1079,1079,CUS0001079,Dakota,Hudson,M,Indonesian,51-65,None,HL00001079,Silver,EXC,Non-Smoking,Family,awilliams@example.org,2025-06-18
1080,1080,CUS0001080,Sarah,Reynolds,F,Other,26-35,None,HL00001080,None,STD,Non-Smoking,Business,vallison@example.net,2025-12-06
1081,1081,CUS0001081,Monique,Duarte,F,Indonesian,26-35,Gold,HL00001081,Silver,STD,Smoking,Leisure,freemantodd@example.net,2025-12-04
1082,1082,CUS0001082,Logan,Gregory,M,Indonesian,18-25,None,HL00001082,None,DLX,Non-Smoking,Leisure,dhall@example.net,2024-08-31
1083,1083,CUS0001083,Javier,Stewart,M,Indonesian,65+,Gold,HL00001083,None,SUT,Non-Smoking,Business,adamsdeborah@example.com,2025-09-02
1084,1084,CUS0001084,Johnny,Mcmillan,M,Indonesian,65+,Gold,HL00001084,None,STD,Non-Smoking,MICE,shane60@example.org,2025-04-16
1085,1085,CUS0001085,Molly,Harrison,F,Australian,51-65,None,HL00001085,Silver,STD,Non-Smoking,Leisure,ohall@example.net,2026-01-02
1086,1086,CUS0001086,Gerald,Guzman,M,Indonesian,26-35,Gold,HL00001086,Silver,EXC,Smoking,Leisure,sanderson@example.net,2025-05-13
1087,1087,CUS0001087,Jeanette,Butler,F,Indonesian,26-35,Platinum,HL00001087,None,EXC,Non-Smoking,Business,laura29@example.org,2023-10-23
1088,1088,CUS0001088,Michael,Miller,M,Singaporean,51-65,None,HL00001088,Platinum,DLX,Non-Smoking,Family,manderson@example.org,2025-06-13
1089,1089,CUS0001089,Katherine,Leon,F,Indonesian,26-35,None,HL00001089,None,EXC,Non-Smoking,Leisure,ntorres@example.net,2023-07-14
1090,1090,CUS0001090,Zachary,Howard,M,British,65+,None,HL00001090,None,STD,Non-Smoking,Leisure,michael22@example.net,2026-04-07
1091,1091,CUS0001091,Robert,Morgan,M,Singaporean,65+,None,HL00001091,None,STD,Non-Smoking,MICE,williamsondavid@example.org,2025-04-29
1092,1092,CUS0001092,Deanna,Peterson,F,Singaporean,36-50,None,HL00001092,Silver,EXC,Non-Smoking,Leisure,kayla84@example.org,2024-03-18
1093,1093,CUS0001093,Shane,Munoz,M,Other,26-35,Silver,HL00001093,Platinum,SUT,Smoking,Business,mccarthysara@example.com,2023-11-28
1094,1094,CUS0001094,Jim,Skinner,M,Indonesian,18-25,None,HL00001094,Silver,SUT,Non-Smoking,Family,villegaskimberly@example.net,2024-11-10
1095,1095,CUS0001095,Shannon,Garcia,F,Indonesian,18-25,Silver,HL00001095,Silver,STD,Non-Smoking,MICE,romerogary@example.org,2025-06-22
1096,1096,CUS0001096,Thomas,Moore,M,Indonesian,51-65,None,HL00001096,Silver,SUT,Non-Smoking,Honeymoon,jean87@example.net,2023-06-11
1097,1097,CUS0001097,Christian,Cox,M,Indonesian,65+,None,HL00001097,Platinum,STD,Non-Smoking,Leisure,davidharris@example.com,2025-01-04
1098,1098,CUS0001098,Patricia,Sanchez,F,Australian,18-25,None,HL00001098,Gold,EXC,Non-Smoking,Leisure,gpeterson@example.org,2025-03-31
1099,1099,CUS0001099,Deborah,Espinoza,F,Malaysian,65+,None,HL00001099,Silver,STD,Non-Smoking,Leisure,qward@example.org,2024-09-23
1100,1100,CUS0001100,Nicole,Moreno,F,Malaysian,51-65,Silver,HL00001100,Silver,STD,Non-Smoking,Honeymoon,devinpatterson@example.com,2023-08-24
1101,1101,CUS0001101,Trevor,Black,M,Singaporean,36-50,Silver,HL00001101,None,STD,Non-Smoking,Leisure,sherry72@example.org,2024-03-22
1102,1102,CUS0001102,Renee,Acevedo,F,Indonesian,18-25,Gold,HL00001102,Silver,EXC,Non-Smoking,Honeymoon,morganrichard@example.org,2023-12-06
1103,1103,CUS0001103,Antonio,Malone,M,Indonesian,36-50,None,HL00001103,None,DLX,Non-Smoking,Business,rachelbrown@example.net,2023-11-29
1104,1104,CUS0001104,Rebecca,Liu,F,Indonesian,26-35,Gold,HL00001104,None,SUT,Non-Smoking,Leisure,robert84@example.net,2025-09-20
1105,1105,CUS0001105,Erik,Cooper,M,American,18-25,Silver,HL00001105,Silver,EXC,Non-Smoking,Family,rachel92@example.net,2025-03-21
1106,1106,CUS0001106,Jeremy,Harris,M,Indonesian,36-50,None,HL00001106,Silver,EXC,Smoking,MICE,zterry@example.net,2025-09-10
1107,1107,CUS0001107,Reginald,Ibarra,M,Indonesian,36-50,None,HL00001107,Silver,DLX,Non-Smoking,Business,johnsonmatthew@example.net,2023-05-24
1108,1108,CUS0001108,Natalie,Martinez,F,Indonesian,18-25,Silver,HL00001108,Gold,DLX,Non-Smoking,Family,jason88@example.com,2023-11-15
1109,1109,CUS0001109,Glen,Reid,M,Indonesian,36-50,None,HL00001109,Silver,EXC,Non-Smoking,Business,johnsonlaura@example.net,2023-12-06
1110,1110,CUS0001110,David,Schroeder,M,British,51-65,None,HL00001110,None,STD,Non-Smoking,Business,hbenitez@example.net,2025-11-23
1111,1111,CUS0001111,Ryan,Green,M,Indonesian,65+,Silver,HL00001111,Silver,EXC,Non-Smoking,Business,david17@example.com,2024-03-12
1112,1112,CUS0001112,Nancy,Chavez,F,Indonesian,26-35,Silver,HL00001112,Silver,EXC,Non-Smoking,Honeymoon,lindazhang@example.net,2023-12-17
1113,1113,CUS0001113,Steven,Burton,M,Indonesian,18-25,Silver,HL00001113,None,SUT,Non-Smoking,Family,michaelmitchell@example.net,2024-04-30
1114,1114,CUS0001114,Michael,Klein,M,Other,26-35,None,HL00001114,Gold,SUT,Non-Smoking,Business,danielblack@example.org,2024-06-21
1115,1115,CUS0001115,Richard,Gibson,M,Indonesian,18-25,Silver,HL00001115,Platinum,SUT,Non-Smoking,Honeymoon,jenniferpoole@example.org,2023-06-24
1116,1116,CUS0001116,Amy,Beasley,F,Japanese,65+,Gold,HL00001116,None,EXC,Non-Smoking,Leisure,elewis@example.com,2024-11-11
1117,1117,CUS0001117,Kelsey,Chapman,F,Indonesian,26-35,Silver,HL00001117,Gold,STD,Non-Smoking,Leisure,lwiggins@example.com,2026-05-23
1118,1118,CUS0001118,Jay,Alexander,M,Other,26-35,Platinum,HL00001118,None,EXC,Non-Smoking,Business,adennis@example.org,2023-08-25
1119,1119,CUS0001119,Jonathan,Washington,M,Malaysian,51-65,Silver,HL00001119,Silver,EXC,Non-Smoking,MICE,tanderson@example.net,2023-07-30
1120,1120,CUS0001120,Bruce,Lewis,M,Indonesian,36-50,None,HL00001120,None,SUT,Non-Smoking,Leisure,kjohnson@example.net,2024-03-30
1121,1121,CUS0001121,Tammy,Wilson,F,Australian,36-50,Gold,HL00001121,None,SUT,Non-Smoking,Leisure,xrodriguez@example.net,2023-07-23
1122,1122,CUS0001122,Amanda,Hernandez,F,Malaysian,51-65,None,HL00001122,Silver,DLX,Non-Smoking,Business,kevin54@example.com,2024-03-18
1123,1123,CUS0001123,Alfred,Thomas,M,Japanese,36-50,Silver,HL00001123,Gold,STD,Non-Smoking,Family,twilliams@example.com,2024-04-29
1124,1124,CUS0001124,Clayton,Singh,M,Indonesian,51-65,Silver,HL00001124,Gold,DLX,Non-Smoking,MICE,martinezmichael@example.org,2025-12-16
1125,1125,CUS0001125,Karen,Collins,F,Singaporean,36-50,Platinum,HL00001125,Silver,STD,Non-Smoking,Business,ymccullough@example.com,2024-04-09
1126,1126,CUS0001126,Sandra,Bass,F,Australian,36-50,None,HL00001126,Platinum,EXC,Non-Smoking,Leisure,kathleenwagner@example.com,2024-04-19
1127,1127,CUS0001127,Jerry,Cole,M,Singaporean,18-25,None,HL00001127,None,SUT,Non-Smoking,Leisure,christopher99@example.com,2025-08-04
1128,1128,CUS0001128,Crystal,Foster,F,Other,36-50,None,HL00001128,Silver,SUT,Non-Smoking,Business,rubiopamela@example.net,2023-06-03
1129,1129,CUS0001129,Matthew,Cline,M,Malaysian,51-65,Platinum,HL00001129,None,STD,Non-Smoking,Leisure,armstronglaura@example.net,2024-03-04
1130,1130,CUS0001130,Justin,Martinez,M,Other,51-65,None,HL00001130,Platinum,SUT,Non-Smoking,Business,leechristine@example.net,2025-05-09
1131,1131,CUS0001131,Anthony,Hudson,M,Indonesian,18-25,None,HL00001131,Silver,SUT,Non-Smoking,Business,karenshaw@example.org,2024-07-07
1132,1132,CUS0001132,Matthew,Schmidt,M,Indonesian,65+,None,HL00001132,Gold,STD,Non-Smoking,Business,hilljamie@example.net,2025-06-01
1133,1133,CUS0001133,Stephen,Wallace,M,Indonesian,18-25,Gold,HL00001133,Platinum,STD,Non-Smoking,MICE,richard07@example.org,2024-11-21
1134,1134,CUS0001134,Jeffrey,Perry,M,Indonesian,51-65,None,HL00001134,None,SUT,Non-Smoking,Leisure,patrick11@example.org,2024-12-13
1135,1135,CUS0001135,Christopher,Thomas,M,Australian,36-50,Silver,HL00001135,None,DLX,Non-Smoking,Family,kayla24@example.com,2024-11-12
1136,1136,CUS0001136,Christopher,Mendez,M,Indonesian,26-35,Gold,HL00001136,None,STD,Non-Smoking,Business,howard04@example.com,2024-10-29
1137,1137,CUS0001137,Erica,Gutierrez,F,Indonesian,65+,Gold,HL00001137,Silver,STD,Non-Smoking,Leisure,jonathan10@example.org,2024-06-05
1138,1138,CUS0001138,Paul,Willis,M,Japanese,51-65,Platinum,HL00001138,Gold,STD,Non-Smoking,Family,gromero@example.com,2024-08-20
1139,1139,CUS0001139,Debra,Flores,F,British,65+,None,HL00001139,Silver,DLX,Non-Smoking,Business,bjones@example.com,2023-06-20
1140,1140,CUS0001140,David,Mercado,M,Australian,26-35,Gold,HL00001140,Gold,STD,Non-Smoking,Leisure,angela91@example.org,2026-02-19
1141,1141,CUS0001141,Kristen,Glover,F,Indonesian,18-25,Silver,HL00001141,None,SUT,Non-Smoking,Business,ashley71@example.net,2025-04-24
1142,1142,CUS0001142,Dalton,Faulkner,M,Indonesian,36-50,Silver,HL00001142,None,DLX,Non-Smoking,Business,amber23@example.net,2023-11-02
1143,1143,CUS0001143,Tyrone,Peters,M,Malaysian,36-50,Platinum,HL00001143,None,DLX,Smoking,Family,smithsteven@example.net,2024-02-08
1144,1144,CUS0001144,Matthew,Jackson,M,Indonesian,51-65,None,HL00001144,None,DLX,Non-Smoking,Leisure,mahoneytimothy@example.net,2025-11-12
1145,1145,CUS0001145,Ryan,James,M,Indonesian,51-65,None,HL00001145,Silver,STD,Non-Smoking,MICE,megan39@example.net,2023-07-26
1146,1146,CUS0001146,Amber,Stevenson,F,Indonesian,51-65,None,HL00001146,Gold,EXC,Non-Smoking,Business,turnerrandall@example.org,2024-04-19
1147,1147,CUS0001147,Charles,Hawkins,M,Australian,18-25,None,HL00001147,None,STD,Smoking,Business,natalie39@example.net,2025-02-03
1148,1148,CUS0001148,Emily,Fleming,F,Indonesian,18-25,Silver,HL00001148,Platinum,STD,Non-Smoking,Family,cynthia74@example.org,2024-08-04
1149,1149,CUS0001149,William,Peterson,M,Indonesian,26-35,Gold,HL00001149,Platinum,SUT,Non-Smoking,Business,vhaley@example.org,2024-12-16
1150,1150,CUS0001150,Casey,Nielsen,M,Indonesian,26-35,None,HL00001150,Platinum,EXC,Non-Smoking,Family,asmith@example.net,2024-11-02
1151,1151,CUS0001151,Jennifer,Woodard,F,Indonesian,51-65,None,HL00001151,Silver,DLX,Smoking,Leisure,ifarmer@example.org,2024-03-08
1152,1152,CUS0001152,Sherri,Curtis,F,Indonesian,18-25,None,HL00001152,Platinum,SUT,Non-Smoking,Business,staffordlisa@example.com,2026-04-08
1153,1153,CUS0001153,Caleb,Stanton,M,Indonesian,26-35,Platinum,HL00001153,Silver,EXC,Non-Smoking,Honeymoon,wcarey@example.com,2025-05-24
1154,1154,CUS0001154,Ryan,Cain,M,Malaysian,51-65,None,HL00001154,Gold,STD,Non-Smoking,Business,martinezmitchell@example.org,2024-10-24
1155,1155,CUS0001155,Adam,Paul,M,Australian,36-50,None,HL00001155,Platinum,DLX,Smoking,Honeymoon,erin53@example.org,2026-03-04
1156,1156,CUS0001156,Lisa,Turner,F,Indonesian,18-25,Silver,HL00001156,None,EXC,Smoking,Leisure,jimsnyder@example.com,2024-09-03
1157,1157,CUS0001157,Diana,Conway,F,Indonesian,65+,None,HL00001157,Platinum,DLX,Non-Smoking,Leisure,adrianjoyce@example.net,2026-02-18
1158,1158,CUS0001158,Brian,Ramirez,M,Indonesian,36-50,Silver,HL00001158,Platinum,DLX,Non-Smoking,Family,mjackson@example.net,2025-06-07
1159,1159,CUS0001159,Krystal,Fleming,F,Singaporean,18-25,Platinum,HL00001159,None,EXC,Non-Smoking,Business,cameronanderson@example.org,2026-02-24
1160,1160,CUS0001160,Debbie,Hudson,F,Singaporean,51-65,Silver,HL00001160,Silver,DLX,Non-Smoking,Business,nicoledaniel@example.com,2025-06-29
1161,1161,CUS0001161,Sarah,Johnson,F,Indonesian,51-65,None,HL00001161,None,STD,Non-Smoking,Leisure,erin70@example.com,2023-06-15
1162,1162,CUS0001162,Michael,Santos,M,Indonesian,26-35,Platinum,HL00001162,None,STD,Non-Smoking,Business,ryan64@example.org,2025-05-22
1163,1163,CUS0001163,Kelly,Simpson,F,Malaysian,26-35,Silver,HL00001163,Silver,STD,Non-Smoking,Leisure,stephensonjeffrey@example.com,2023-07-07
1164,1164,CUS0001164,Joseph,Stewart,M,Indonesian,36-50,Gold,HL00001164,Silver,EXC,Smoking,Business,flee@example.net,2024-06-23
1165,1165,CUS0001165,Alexander,Mclaughlin,M,Other,18-25,Silver,HL00001165,Silver,EXC,Smoking,Honeymoon,prosario@example.org,2025-09-02
1166,1166,CUS0001166,Erin,Brown,F,Indonesian,51-65,Silver,HL00001166,Gold,STD,Non-Smoking,Business,johnsonryan@example.org,2025-12-18
1167,1167,CUS0001167,Robert,Mcconnell,M,Indonesian,26-35,Platinum,HL00001167,None,EXC,Non-Smoking,Business,john73@example.com,2023-10-11
1168,1168,CUS0001168,Anthony,Cook,M,Indonesian,18-25,Silver,HL00001168,None,SUT,Non-Smoking,Leisure,sherryparsons@example.net,2024-10-20
1169,1169,CUS0001169,Pamela,Garrett,F,Indonesian,36-50,None,HL00001169,None,EXC,Smoking,Leisure,millerbruce@example.org,2023-11-07
1170,1170,CUS0001170,Emily,Abbott,F,Indonesian,36-50,None,HL00001170,Silver,SUT,Non-Smoking,Leisure,pattonbryan@example.com,2023-07-06
1171,1171,CUS0001171,Eric,Sims,M,Singaporean,65+,Gold,HL00001171,None,DLX,Smoking,Family,garciabrian@example.org,2025-03-13
1172,1172,CUS0001172,Sarah,Morales,F,Indonesian,51-65,None,HL00001172,Gold,EXC,Non-Smoking,MICE,mhall@example.net,2024-12-23
1173,1173,CUS0001173,Adam,Reyes,M,Indonesian,26-35,None,HL00001173,None,EXC,Non-Smoking,Business,nhobbs@example.org,2026-04-29
1174,1174,CUS0001174,Marilyn,Lowe,F,Indonesian,51-65,None,HL00001174,Gold,STD,Non-Smoking,Business,gibsonmark@example.org,2026-05-22
1175,1175,CUS0001175,Ashley,Larson,F,Indonesian,65+,None,HL00001175,None,STD,Non-Smoking,Leisure,watkinsmary@example.net,2023-05-29
1176,1176,CUS0001176,Mark,Scott,M,British,65+,None,HL00001176,None,DLX,Non-Smoking,Honeymoon,nolson@example.com,2024-02-19
1177,1177,CUS0001177,Dana,Robles,F,Other,51-65,Platinum,HL00001177,Silver,DLX,Non-Smoking,Family,andersonbreanna@example.net,2024-12-22
1178,1178,CUS0001178,Paul,Collins,M,Indonesian,26-35,Silver,HL00001178,None,EXC,Non-Smoking,Honeymoon,dylanparker@example.com,2024-12-01
1179,1179,CUS0001179,Jacob,Smith,M,Indonesian,51-65,Gold,HL00001179,Gold,STD,Non-Smoking,Family,brianhunter@example.net,2024-12-11
1180,1180,CUS0001180,Jennifer,Gonzalez,F,American,65+,None,HL00001180,None,SUT,Non-Smoking,Leisure,danielleharris@example.org,2025-11-24
1181,1181,CUS0001181,Chelsey,Alvarez,F,Indonesian,51-65,Platinum,HL00001181,None,SUT,Non-Smoking,Leisure,vgreene@example.net,2024-10-31
1182,1182,CUS0001182,Victor,Jensen,M,Australian,36-50,None,HL00001182,None,DLX,Non-Smoking,Honeymoon,gmurphy@example.com,2026-04-05
1183,1183,CUS0001183,Thomas,Crawford,M,Australian,18-25,Silver,HL00001183,None,STD,Non-Smoking,Business,fowlerheather@example.com,2024-07-15
1184,1184,CUS0001184,Daniel,Castillo,M,Singaporean,26-35,None,HL00001184,None,DLX,Smoking,Leisure,lindsay63@example.com,2024-10-01
1185,1185,CUS0001185,Samantha,Smith,F,Indonesian,51-65,Gold,HL00001185,Gold,EXC,Non-Smoking,Family,jonesanthony@example.org,2024-07-09
1186,1186,CUS0001186,Donna,Lee,F,Malaysian,51-65,None,HL00001186,None,EXC,Non-Smoking,Business,bradley03@example.org,2025-01-19
1187,1187,CUS0001187,Carrie,Mcclure,F,Indonesian,51-65,None,HL00001187,None,EXC,Non-Smoking,Business,matthewspencer@example.org,2024-02-07
1188,1188,CUS0001188,Alex,Cameron,M,Indonesian,51-65,Platinum,HL00001188,None,EXC,Non-Smoking,Leisure,smitherica@example.com,2025-12-15
1189,1189,CUS0001189,Rachel,Rodriguez,F,Indonesian,26-35,Silver,HL00001189,None,SUT,Non-Smoking,Leisure,kevinallen@example.com,2024-05-16
1190,1190,CUS0001190,Christopher,Rose,M,Indonesian,26-35,Platinum,HL00001190,Silver,SUT,Non-Smoking,Leisure,ejohns@example.org,2026-03-22
1191,1191,CUS0001191,Sonya,Anderson,F,Malaysian,51-65,Gold,HL00001191,Silver,EXC,Smoking,Leisure,jamesgray@example.com,2024-09-14
1192,1192,CUS0001192,Linda,Rowland,F,Indonesian,51-65,None,HL00001192,Platinum,SUT,Non-Smoking,Leisure,samanthahines@example.net,2025-09-06
1193,1193,CUS0001193,Sarah,Phillips,F,Indonesian,51-65,Platinum,HL00001193,None,SUT,Non-Smoking,Business,markbrown@example.com,2023-09-23
1194,1194,CUS0001194,Samuel,Schmitt,M,Indonesian,65+,Gold,HL00001194,Gold,DLX,Non-Smoking,Leisure,fclark@example.com,2023-10-07
1195,1195,CUS0001195,Matthew,Brown,M,Indonesian,18-25,None,HL00001195,None,DLX,Non-Smoking,Business,ppotter@example.net,2026-03-27
1196,1196,CUS0001196,Kathleen,Marshall,F,Indonesian,36-50,Silver,HL00001196,Gold,STD,Non-Smoking,Business,jennifer87@example.net,2025-06-10
1197,1197,CUS0001197,John,Perkins,M,Indonesian,36-50,None,HL00001197,Silver,SUT,Non-Smoking,Leisure,clarkpatricia@example.com,2023-09-12
1198,1198,CUS0001198,Jennifer,Torres,F,Indonesian,51-65,None,HL00001198,None,STD,Non-Smoking,Leisure,xduncan@example.com,2023-09-27
1199,1199,CUS0001199,Bradley,Walton,M,Indonesian,36-50,Silver,HL00001199,Silver,SUT,Non-Smoking,Family,sean53@example.net,2026-04-15
1200,1200,CUS0001200,John,Oliver,M,Indonesian,65+,Silver,HL00001200,Silver,EXC,Non-Smoking,Leisure,bhayes@example.com,2024-04-02
1201,1201,CUS0001201,Regina,Stewart,F,Indonesian,36-50,None,HL00001201,Silver,STD,Non-Smoking,Leisure,cjohnson@example.org,2023-11-13
1202,1202,CUS0001202,Maria,Howard,F,Singaporean,51-65,Silver,HL00001202,None,EXC,Non-Smoking,Leisure,phillipswarren@example.net,2024-11-08
1203,1203,CUS0001203,Angela,Hill,F,Indonesian,26-35,None,HL00001203,None,DLX,Non-Smoking,Leisure,coreyjones@example.org,2025-01-16
1204,1204,CUS0001204,Curtis,Gonzalez,M,Indonesian,36-50,Silver,HL00001204,None,EXC,Non-Smoking,Leisure,john43@example.net,2024-10-03
1205,1205,CUS0001205,Zachary,Murillo,M,Indonesian,26-35,None,HL00001205,Silver,STD,Non-Smoking,Family,alan44@example.com,2024-05-01
1206,1206,CUS0001206,Yesenia,Bautista,F,Singaporean,18-25,None,HL00001206,Silver,STD,Non-Smoking,Business,kennedywilliam@example.org,2024-06-08
1207,1207,CUS0001207,Crystal,Cummings,F,Singaporean,36-50,Silver,HL00001207,None,STD,Non-Smoking,MICE,thomasblack@example.net,2023-08-15
1208,1208,CUS0001208,John,Olsen,M,British,18-25,None,HL00001208,Gold,EXC,Non-Smoking,Family,latoya53@example.com,2023-12-16
1209,1209,CUS0001209,Teresa,Butler,F,Indonesian,18-25,Silver,HL00001209,None,DLX,Non-Smoking,Leisure,jcole@example.org,2025-09-29
1210,1210,CUS0001210,Brenda,Russo,F,Singaporean,36-50,None,HL00001210,Silver,STD,Non-Smoking,Leisure,sherry07@example.net,2024-06-17
1211,1211,CUS0001211,Henry,Perez,M,Indonesian,18-25,Gold,HL00001211,Gold,EXC,Non-Smoking,Business,zjennings@example.net,2025-10-13
1212,1212,CUS0001212,Elizabeth,Matthews,F,Indonesian,36-50,None,HL00001212,None,DLX,Non-Smoking,Family,weekseric@example.com,2025-01-29
1213,1213,CUS0001213,Lori,Morrison,F,Indonesian,26-35,Silver,HL00001213,Silver,EXC,Smoking,Honeymoon,nbaird@example.com,2024-02-08
1214,1214,CUS0001214,Kimberly,Lopez,F,Indonesian,65+,None,HL00001214,None,EXC,Non-Smoking,Leisure,murphysuzanne@example.net,2026-02-28
1215,1215,CUS0001215,Brandon,Garcia,M,American,51-65,None,HL00001215,Silver,STD,Non-Smoking,Leisure,antoniobarker@example.com,2023-06-04
1216,1216,CUS0001216,Cody,Jones,M,Indonesian,65+,None,HL00001216,None,DLX,Non-Smoking,Business,ocampbell@example.com,2024-11-03
1217,1217,CUS0001217,Joseph,Gibson,M,Indonesian,26-35,None,HL00001217,None,DLX,Non-Smoking,Business,april25@example.com,2024-09-23
1218,1218,CUS0001218,Brooke,Rodriguez,F,American,36-50,None,HL00001218,None,EXC,Smoking,Family,emendoza@example.com,2024-03-15
1219,1219,CUS0001219,Carlos,Harris,M,Indonesian,51-65,None,HL00001219,Platinum,STD,Non-Smoking,Leisure,qmeyers@example.com,2024-12-29
1220,1220,CUS0001220,Lindsey,Crosby,F,Australian,51-65,None,HL00001220,Silver,DLX,Non-Smoking,MICE,waynecohen@example.com,2024-07-14
1221,1221,CUS0001221,Adam,Thomas,M,Australian,51-65,None,HL00001221,None,SUT,Non-Smoking,Business,summerscassidy@example.org,2025-07-05
1222,1222,CUS0001222,Gary,Carroll,M,Australian,36-50,Gold,HL00001222,Gold,DLX,Non-Smoking,Business,kstevens@example.org,2024-02-25
1223,1223,CUS0001223,Anna,Lucas,F,Indonesian,18-25,None,HL00001223,Gold,STD,Non-Smoking,MICE,treed@example.com,2024-02-11
1224,1224,CUS0001224,Lisa,Patrick,F,Indonesian,36-50,Silver,HL00001224,Gold,DLX,Non-Smoking,Business,robertwhite@example.net,2025-11-08
1225,1225,CUS0001225,Jeffrey,Cruz,M,Indonesian,18-25,Silver,HL00001225,Platinum,SUT,Non-Smoking,Family,hollydavis@example.net,2026-03-29
1226,1226,CUS0001226,Cynthia,Harrell,F,Malaysian,65+,Silver,HL00001226,Silver,STD,Non-Smoking,Honeymoon,nicole84@example.net,2023-06-28
1227,1227,CUS0001227,Melissa,Bowen,F,Singaporean,65+,None,HL00001227,Silver,DLX,Non-Smoking,Business,reginajenkins@example.net,2026-03-08
1228,1228,CUS0001228,Zachary,Jones,M,Singaporean,65+,None,HL00001228,Gold,DLX,Non-Smoking,Family,gordonkimberly@example.com,2023-08-28
1229,1229,CUS0001229,Carmen,Clark,F,Japanese,36-50,Gold,HL00001229,None,DLX,Non-Smoking,Honeymoon,murraycharles@example.net,2024-01-20
1230,1230,CUS0001230,Nicole,James,F,Other,26-35,None,HL00001230,Platinum,SUT,Non-Smoking,Family,zfoley@example.org,2023-07-14
1231,1231,CUS0001231,Danielle,Fletcher,F,Singaporean,65+,None,HL00001231,None,SUT,Non-Smoking,Leisure,markgoodman@example.com,2024-09-09
1232,1232,CUS0001232,Andrea,Kelley,F,Indonesian,36-50,None,HL00001232,Silver,DLX,Smoking,Leisure,jenniferkim@example.com,2024-11-23
1233,1233,CUS0001233,Douglas,Martin,M,Singaporean,18-25,Silver,HL00001233,Silver,SUT,Smoking,Business,lawsongregory@example.org,2025-05-22
1234,1234,CUS0001234,Patrick,Jackson,M,Indonesian,36-50,Silver,HL00001234,None,DLX,Smoking,Business,byrderic@example.com,2024-01-04
1235,1235,CUS0001235,Daniel,Johnson,M,Indonesian,51-65,None,HL00001235,Platinum,SUT,Non-Smoking,Business,scottwilliams@example.net,2023-08-24
1236,1236,CUS0001236,Joseph,Bates,M,British,18-25,None,HL00001236,None,EXC,Non-Smoking,Leisure,myerskyle@example.org,2023-12-22
1237,1237,CUS0001237,Abigail,Barton,F,American,26-35,Gold,HL00001237,Silver,DLX,Non-Smoking,Leisure,sarahbrooks@example.org,2024-08-12
1238,1238,CUS0001238,Anna,Fisher,F,Indonesian,51-65,None,HL00001238,None,STD,Non-Smoking,Leisure,rogersjames@example.net,2026-02-28
1239,1239,CUS0001239,Connie,Khan,F,Japanese,65+,None,HL00001239,None,DLX,Non-Smoking,MICE,jenniferwilliams@example.net,2024-11-23
1240,1240,CUS0001240,Robyn,Morris,F,Singaporean,65+,Silver,HL00001240,Gold,STD,Non-Smoking,Business,colleenvilla@example.com,2025-11-07
1241,1241,CUS0001241,Bryan,Lewis,M,Singaporean,36-50,None,HL00001241,None,STD,Non-Smoking,Leisure,marcus06@example.net,2024-06-29
1242,1242,CUS0001242,Adam,Lewis,M,Other,51-65,None,HL00001242,Silver,EXC,Non-Smoking,Business,cameronbriggs@example.net,2024-06-11
1243,1243,CUS0001243,Jackie,Jones,F,Other,26-35,Silver,HL00001243,None,SUT,Non-Smoking,Leisure,robertsaunders@example.com,2024-09-24
1244,1244,CUS0001244,Michelle,Moody,F,Indonesian,65+,None,HL00001244,Gold,DLX,Non-Smoking,Business,johnathandavis@example.com,2024-05-29
1245,1245,CUS0001245,Melissa,Gregory,F,Malaysian,26-35,None,HL00001245,Gold,STD,Non-Smoking,MICE,martinreid@example.net,2023-08-28
1246,1246,CUS0001246,Vanessa,Estrada,F,British,51-65,None,HL00001246,Silver,STD,Smoking,Leisure,rogerscharlotte@example.net,2024-06-12
1247,1247,CUS0001247,James,Davidson,M,Indonesian,36-50,None,HL00001247,None,DLX,Non-Smoking,Leisure,wesleybush@example.org,2024-06-20
1248,1248,CUS0001248,Alex,Blake,M,Australian,51-65,Platinum,HL00001248,Gold,STD,Non-Smoking,Business,parkerjoann@example.org,2025-03-24
1249,1249,CUS0001249,Bobby,Taylor,M,Japanese,26-35,Platinum,HL00001249,Gold,EXC,Smoking,Business,jphillips@example.com,2023-11-15
1250,1250,CUS0001250,Martin,Young,M,Indonesian,51-65,None,HL00001250,Silver,DLX,Non-Smoking,Business,vstevenson@example.org,2025-12-08
1251,1251,CUS0001251,Emily,Buchanan,F,Indonesian,51-65,Gold,HL00001251,Silver,SUT,Non-Smoking,Family,meyertiffany@example.net,2023-10-01
1252,1252,CUS0001252,Dylan,Johnson,M,Malaysian,18-25,None,HL00001252,Silver,STD,Non-Smoking,Business,matthew38@example.org,2025-10-09
1253,1253,CUS0001253,William,Solis,M,Indonesian,26-35,None,HL00001253,None,DLX,Non-Smoking,Leisure,cathyjames@example.com,2024-02-21
1254,1254,CUS0001254,Jessica,Smith,F,Indonesian,51-65,None,HL00001254,None,DLX,Smoking,Business,mjones@example.org,2023-05-25
1255,1255,CUS0001255,Willie,Mays,M,Singaporean,26-35,None,HL00001255,Gold,SUT,Smoking,Business,christopherwatkins@example.org,2026-02-06
1256,1256,CUS0001256,Katie,Simmons,F,Indonesian,51-65,None,HL00001256,Gold,EXC,Non-Smoking,Business,ucollins@example.org,2025-11-28
1257,1257,CUS0001257,Jessica,Obrien,F,Malaysian,51-65,None,HL00001257,Gold,SUT,Smoking,Leisure,justin73@example.com,2026-04-23
1258,1258,CUS0001258,Karen,Tapia,F,Indonesian,18-25,Platinum,HL00001258,Silver,EXC,Non-Smoking,Leisure,raymond27@example.com,2024-03-18
1259,1259,CUS0001259,Jonathan,Moss,M,Indonesian,36-50,Silver,HL00001259,None,DLX,Non-Smoking,Leisure,lorileon@example.org,2024-09-27
1260,1260,CUS0001260,James,Dickerson,M,Other,18-25,Gold,HL00001260,None,STD,Smoking,Leisure,brooke28@example.net,2025-06-22
1261,1261,CUS0001261,David,Ford,M,Indonesian,51-65,Silver,HL00001261,None,SUT,Non-Smoking,Business,jcampbell@example.net,2025-01-10
1262,1262,CUS0001262,Andrea,Taylor,F,Indonesian,36-50,None,HL00001262,Silver,SUT,Smoking,Business,mgonzalez@example.org,2024-12-02
1263,1263,CUS0001263,Scott,Cross,M,Indonesian,65+,None,HL00001263,None,SUT,Non-Smoking,Business,travis66@example.net,2023-12-27
1264,1264,CUS0001264,James,Parker,M,Malaysian,36-50,Gold,HL00001264,None,STD,Smoking,Leisure,ortizbenjamin@example.org,2026-01-04
1265,1265,CUS0001265,Tara,Martin,F,Indonesian,36-50,Gold,HL00001265,None,STD,Non-Smoking,Business,xkrueger@example.net,2024-05-19
1266,1266,CUS0001266,Katrina,Burns,F,Singaporean,36-50,None,HL00001266,Silver,SUT,Smoking,Leisure,heather66@example.net,2024-04-21
1267,1267,CUS0001267,David,Johnson,M,Indonesian,51-65,Silver,HL00001267,None,EXC,Non-Smoking,Business,crystal02@example.com,2025-03-19
1268,1268,CUS0001268,Joy,Becker,F,Indonesian,26-35,None,HL00001268,None,STD,Non-Smoking,Business,john92@example.org,2025-07-23
1269,1269,CUS0001269,Patricia,Newman,F,Indonesian,65+,Silver,HL00001269,Platinum,STD,Non-Smoking,Family,lsanders@example.org,2025-04-27
1270,1270,CUS0001270,Susan,Liu,F,Indonesian,36-50,None,HL00001270,None,DLX,Non-Smoking,Leisure,mariaking@example.com,2024-08-02
1271,1271,CUS0001271,Walter,Barrett,M,Indonesian,36-50,None,HL00001271,Gold,SUT,Non-Smoking,Family,uwillis@example.com,2025-02-28
1272,1272,CUS0001272,Sherri,Luna,F,Australian,18-25,Silver,HL00001272,None,STD,Smoking,Business,rodriguezashley@example.com,2024-03-24
1273,1273,CUS0001273,Charles,Goodman,M,Indonesian,18-25,Silver,HL00001273,None,STD,Non-Smoking,Family,ahale@example.org,2025-04-16
1274,1274,CUS0001274,Katherine,Davis,F,Singaporean,18-25,None,HL00001274,Gold,DLX,Non-Smoking,Business,pwarren@example.com,2024-05-10
1275,1275,CUS0001275,Jessica,Thompson,F,Indonesian,18-25,None,HL00001275,None,SUT,Non-Smoking,Business,janegonzalez@example.org,2024-08-03
1276,1276,CUS0001276,Travis,Hayes,M,Other,36-50,None,HL00001276,None,STD,Non-Smoking,Business,jacobbrown@example.org,2025-08-06
1277,1277,CUS0001277,Peter,Green,M,Japanese,18-25,Silver,HL00001277,None,DLX,Non-Smoking,Leisure,nalexander@example.org,2023-07-21
1278,1278,CUS0001278,Carol,Carter,F,Indonesian,26-35,None,HL00001278,None,DLX,Non-Smoking,Business,emartinez@example.com,2024-04-27
1279,1279,CUS0001279,Laurie,Woods,F,Indonesian,65+,Silver,HL00001279,Platinum,STD,Non-Smoking,Family,smithjoseph@example.org,2024-11-02
1280,1280,CUS0001280,Kevin,Huerta,M,Japanese,26-35,None,HL00001280,Silver,EXC,Non-Smoking,Family,clarklatoya@example.com,2025-05-18
1281,1281,CUS0001281,Joseph,Hayden,M,Singaporean,26-35,Silver,HL00001281,Silver,STD,Non-Smoking,Business,sarah75@example.net,2024-04-06
1282,1282,CUS0001282,Gabrielle,Maldonado,F,Indonesian,36-50,Silver,HL00001282,Silver,EXC,Non-Smoking,Business,yvonne35@example.net,2023-10-27
1283,1283,CUS0001283,James,Brown,M,Japanese,36-50,Gold,HL00001283,Platinum,STD,Non-Smoking,Leisure,morgan10@example.com,2025-09-30
1284,1284,CUS0001284,James,Houston,M,Malaysian,26-35,None,HL00001284,None,DLX,Non-Smoking,Leisure,anthonymartinez@example.net,2026-05-20
1285,1285,CUS0001285,Tiffany,Walton,F,Singaporean,51-65,None,HL00001285,Silver,DLX,Smoking,Family,miguelmontgomery@example.net,2023-07-22
1286,1286,CUS0001286,Kayla,Keller,F,Indonesian,36-50,Gold,HL00001286,Gold,DLX,Non-Smoking,Leisure,andersensusan@example.com,2024-02-19
1287,1287,CUS0001287,Madeline,Marks,F,Malaysian,65+,Platinum,HL00001287,None,EXC,Non-Smoking,Business,erica39@example.com,2023-07-11
1288,1288,CUS0001288,Patrick,Bauer,M,Singaporean,36-50,Silver,HL00001288,None,STD,Non-Smoking,Leisure,ronnie71@example.net,2024-03-26
1289,1289,CUS0001289,Elizabeth,Lee,F,Indonesian,36-50,Platinum,HL00001289,Silver,STD,Smoking,Family,mollywalter@example.net,2024-07-19
1290,1290,CUS0001290,Andres,Jimenez,M,Malaysian,36-50,Gold,HL00001290,Platinum,STD,Non-Smoking,MICE,turneremily@example.net,2025-04-02
1291,1291,CUS0001291,Christopher,Griffin,M,British,36-50,Gold,HL00001291,Silver,STD,Non-Smoking,Business,olsonamber@example.org,2023-06-15
1292,1292,CUS0001292,Carolyn,Raymond,F,Malaysian,51-65,None,HL00001292,Platinum,SUT,Non-Smoking,Business,garciavictoria@example.org,2023-09-10
1293,1293,CUS0001293,Tanya,Nguyen,F,Indonesian,51-65,None,HL00001293,None,DLX,Non-Smoking,Business,omiranda@example.net,2023-10-06
1294,1294,CUS0001294,Maxwell,Lynn,M,Indonesian,51-65,None,HL00001294,None,EXC,Non-Smoking,Honeymoon,wadesandra@example.net,2024-02-11
1295,1295,CUS0001295,Katherine,Pope,F,British,18-25,None,HL00001295,None,DLX,Smoking,Honeymoon,monica99@example.org,2023-06-17
1296,1296,CUS0001296,Greg,Kent,M,Indonesian,26-35,Silver,HL00001296,None,SUT,Smoking,Leisure,yvaldez@example.net,2024-06-13
1297,1297,CUS0001297,Rhonda,Walker,F,Malaysian,36-50,Platinum,HL00001297,Gold,SUT,Non-Smoking,Honeymoon,carterdaniel@example.com,2023-10-07
1298,1298,CUS0001298,Kevin,Lopez,M,Indonesian,18-25,Gold,HL00001298,Silver,EXC,Non-Smoking,Leisure,berrydavid@example.com,2023-12-01
1299,1299,CUS0001299,Laura,Smith,F,Singaporean,36-50,None,HL00001299,None,DLX,Non-Smoking,Leisure,lawrencejames@example.com,2023-09-16
1300,1300,CUS0001300,Emma,Diaz,F,Indonesian,36-50,None,HL00001300,None,SUT,Non-Smoking,Honeymoon,aprilguzman@example.org,2023-09-07
1301,1301,CUS0001301,James,Medina,M,Singaporean,65+,Gold,HL00001301,None,STD,Smoking,Business,sstewart@example.org,2023-09-23
1302,1302,CUS0001302,Melanie,Hernandez,F,Indonesian,36-50,Silver,HL00001302,None,STD,Smoking,Leisure,dustin09@example.com,2023-06-22
1303,1303,CUS0001303,Jonathan,Barker,M,Other,51-65,Silver,HL00001303,None,STD,Smoking,Business,wendy97@example.net,2024-07-15
1304,1304,CUS0001304,Daniel,Carter,M,Singaporean,18-25,Platinum,HL00001304,Platinum,EXC,Non-Smoking,Leisure,zbrown@example.com,2024-12-21
1305,1305,CUS0001305,Ronald,Clark,M,Australian,51-65,Silver,HL00001305,Silver,EXC,Smoking,Family,isabellawilliams@example.org,2024-12-26
1306,1306,CUS0001306,Monica,Evans,F,Indonesian,36-50,Silver,HL00001306,None,SUT,Non-Smoking,Business,vickiekelley@example.com,2024-02-18
1307,1307,CUS0001307,Michael,Mooney,M,Indonesian,36-50,Silver,HL00001307,None,DLX,Non-Smoking,Business,hmyers@example.net,2025-04-14
1308,1308,CUS0001308,Diane,Leblanc,F,Singaporean,51-65,Platinum,HL00001308,Gold,DLX,Non-Smoking,Leisure,udavis@example.net,2025-01-11
1309,1309,CUS0001309,Amy,Michael,F,Indonesian,18-25,Platinum,HL00001309,None,SUT,Non-Smoking,Business,stephen29@example.org,2025-12-10
1310,1310,CUS0001310,Melissa,Carter,F,Indonesian,36-50,Platinum,HL00001310,None,EXC,Non-Smoking,Business,jasonbrock@example.org,2023-08-04
1311,1311,CUS0001311,Marilyn,Cox,F,Indonesian,18-25,Silver,HL00001311,Silver,EXC,Non-Smoking,Leisure,gregoryvanessa@example.org,2025-03-19
1312,1312,CUS0001312,Tiffany,Simmons,F,Indonesian,36-50,None,HL00001312,None,DLX,Non-Smoking,Leisure,saradavis@example.com,2024-02-27
1313,1313,CUS0001313,Tony,Wilson,M,Malaysian,51-65,None,HL00001313,None,DLX,Non-Smoking,Leisure,brittney26@example.org,2025-05-21
1314,1314,CUS0001314,Barbara,Sanders,F,Indonesian,65+,None,HL00001314,None,STD,Smoking,Business,hailey26@example.net,2024-03-23
1315,1315,CUS0001315,Megan,Davis,F,Indonesian,18-25,Silver,HL00001315,Silver,SUT,Smoking,Family,phancock@example.com,2025-07-28
1316,1316,CUS0001316,Mackenzie,Wallace,F,Indonesian,51-65,None,HL00001316,None,DLX,Smoking,Leisure,wilsonchristopher@example.com,2025-05-12
1317,1317,CUS0001317,Michael,Hicks,M,Malaysian,26-35,None,HL00001317,Platinum,EXC,Non-Smoking,Family,matthewsvanessa@example.com,2024-10-03
1318,1318,CUS0001318,Melissa,Davis,F,Japanese,51-65,None,HL00001318,Platinum,STD,Non-Smoking,Family,patrickcooke@example.net,2023-09-19
1319,1319,CUS0001319,Edwin,Martinez,M,Indonesian,36-50,None,HL00001319,None,EXC,Smoking,Business,bryan82@example.com,2024-11-24
1320,1320,CUS0001320,Michael,Long,M,British,18-25,Gold,HL00001320,None,SUT,Non-Smoking,MICE,lbrown@example.net,2024-02-18
1321,1321,CUS0001321,Sabrina,Pearson,F,Indonesian,26-35,None,HL00001321,Silver,EXC,Non-Smoking,Business,tammymerritt@example.org,2026-04-28
1322,1322,CUS0001322,Michael,Smith,M,Singaporean,26-35,Gold,HL00001322,Silver,SUT,Non-Smoking,Family,hmcbride@example.org,2024-09-18
1323,1323,CUS0001323,Laura,Delgado,F,Australian,51-65,None,HL00001323,Gold,SUT,Non-Smoking,Leisure,hartmelissa@example.org,2026-03-13
1324,1324,CUS0001324,Veronica,Hunter,F,Indonesian,65+,None,HL00001324,None,EXC,Non-Smoking,Honeymoon,tammy26@example.net,2024-09-12
1325,1325,CUS0001325,Danielle,Williams,F,Malaysian,65+,None,HL00001325,None,SUT,Smoking,Business,donna72@example.net,2025-12-09
1326,1326,CUS0001326,Michael,Mills,M,Indonesian,36-50,None,HL00001326,None,SUT,Non-Smoking,Business,catherine83@example.net,2023-07-29
1327,1327,CUS0001327,Mary,Williams,F,Indonesian,65+,None,HL00001327,Silver,EXC,Non-Smoking,Business,lopezkevin@example.org,2026-02-07
1328,1328,CUS0001328,Lance,Robinson,M,American,51-65,Silver,HL00001328,Silver,EXC,Non-Smoking,Business,joshua96@example.org,2024-04-24
1329,1329,CUS0001329,Dawn,James,F,Indonesian,36-50,None,HL00001329,Silver,SUT,Non-Smoking,Business,ricardomiller@example.com,2026-04-01
1330,1330,CUS0001330,Jessica,Neal,F,Malaysian,26-35,None,HL00001330,Gold,SUT,Non-Smoking,Business,chadoconnor@example.net,2024-03-30
1331,1331,CUS0001331,Matthew,Klein,M,Indonesian,26-35,Silver,HL00001331,Platinum,STD,Non-Smoking,MICE,roberthernandez@example.com,2023-08-01
1332,1332,CUS0001332,Allison,Munoz,F,Indonesian,36-50,Silver,HL00001332,None,SUT,Smoking,Honeymoon,nelsonamanda@example.net,2025-08-01
1333,1333,CUS0001333,Jason,Murphy,M,Indonesian,36-50,Silver,HL00001333,Gold,STD,Non-Smoking,MICE,coxmatthew@example.com,2025-09-26
1334,1334,CUS0001334,Sheila,Perez,F,Indonesian,51-65,None,HL00001334,None,SUT,Non-Smoking,Leisure,garciatiffany@example.org,2024-09-26
1335,1335,CUS0001335,Trevor,Patton,M,Indonesian,36-50,None,HL00001335,Gold,EXC,Non-Smoking,Leisure,thompsonjessica@example.com,2026-03-01
1336,1336,CUS0001336,Roberto,Burns,M,Malaysian,26-35,None,HL00001336,Silver,DLX,Non-Smoking,Business,jackie48@example.com,2024-05-23
1337,1337,CUS0001337,Annette,Williams,F,Malaysian,26-35,Gold,HL00001337,None,EXC,Non-Smoking,Business,stacey62@example.com,2025-12-30
1338,1338,CUS0001338,Patrick,Faulkner,M,Malaysian,18-25,None,HL00001338,Silver,STD,Non-Smoking,Leisure,iwoods@example.com,2025-05-18
1339,1339,CUS0001339,Michael,Reeves,M,Singaporean,65+,Platinum,HL00001339,Silver,EXC,Non-Smoking,Leisure,douglasbradley@example.com,2023-11-11
1340,1340,CUS0001340,Tamara,Fowler,F,Malaysian,65+,Silver,HL00001340,None,EXC,Non-Smoking,Family,jasmine39@example.com,2024-07-16
1341,1341,CUS0001341,Judith,Gonzales,F,Indonesian,26-35,None,HL00001341,Gold,EXC,Non-Smoking,Leisure,lauren84@example.com,2025-09-30
1342,1342,CUS0001342,Kelly,Higgins,F,Indonesian,36-50,Platinum,HL00001342,Silver,STD,Smoking,Leisure,kevinhodge@example.com,2025-02-28
1343,1343,CUS0001343,Patricia,Bruce,F,Indonesian,36-50,None,HL00001343,Gold,DLX,Non-Smoking,MICE,jonesjohn@example.org,2024-04-16
1344,1344,CUS0001344,Laura,Miller,F,Indonesian,51-65,None,HL00001344,None,STD,Non-Smoking,MICE,angela70@example.com,2023-12-02
1345,1345,CUS0001345,Katie,Cross,F,Indonesian,26-35,Silver,HL00001345,None,EXC,Non-Smoking,Business,rjimenez@example.net,2023-07-15
1346,1346,CUS0001346,Melissa,Sullivan,F,Indonesian,36-50,None,HL00001346,None,EXC,Non-Smoking,Business,rhondareese@example.net,2024-02-01
1347,1347,CUS0001347,Michele,Brady,F,Indonesian,36-50,None,HL00001347,None,DLX,Non-Smoking,Family,virginiaguerrero@example.net,2025-06-08
1348,1348,CUS0001348,Lee,Lawson,M,Malaysian,26-35,None,HL00001348,Platinum,EXC,Smoking,Family,emilymacias@example.net,2023-11-25
1349,1349,CUS0001349,Carrie,Richardson,F,Singaporean,51-65,Silver,HL00001349,None,STD,Non-Smoking,Leisure,williefarley@example.com,2024-03-02
1350,1350,CUS0001350,Jamie,Brooks,F,Indonesian,36-50,Gold,HL00001350,Gold,DLX,Non-Smoking,Business,morganerika@example.net,2024-04-01
1351,1351,CUS0001351,Randall,Wilson,M,Indonesian,18-25,Platinum,HL00001351,None,DLX,Non-Smoking,Business,timothy43@example.org,2023-12-12
1352,1352,CUS0001352,Mark,Long,M,Singaporean,18-25,Platinum,HL00001352,None,SUT,Smoking,Leisure,sarah80@example.com,2024-02-14
1353,1353,CUS0001353,Sarah,Brown,F,Malaysian,26-35,None,HL00001353,Silver,STD,Non-Smoking,Family,gilbertmark@example.com,2026-01-20
1354,1354,CUS0001354,Abigail,Zamora,F,Indonesian,65+,Platinum,HL00001354,Platinum,SUT,Non-Smoking,Leisure,richardsmith@example.com,2025-03-15
1355,1355,CUS0001355,Christina,Rice,F,Australian,36-50,None,HL00001355,None,SUT,Non-Smoking,Business,robertgentry@example.org,2023-09-21
1356,1356,CUS0001356,Randy,Wright,M,Singaporean,51-65,Platinum,HL00001356,None,SUT,Smoking,Leisure,tfoster@example.com,2025-11-22
1357,1357,CUS0001357,Stephanie,Herrera,F,Malaysian,36-50,Gold,HL00001357,None,EXC,Smoking,Business,daniel77@example.org,2024-07-08
1358,1358,CUS0001358,Heather,Hamilton,F,Indonesian,51-65,Silver,HL00001358,Platinum,SUT,Non-Smoking,Leisure,nicole31@example.org,2023-09-25
1359,1359,CUS0001359,Andrew,Foster,M,Indonesian,51-65,None,HL00001359,None,DLX,Smoking,Family,rachel23@example.com,2024-06-03
1360,1360,CUS0001360,Victoria,Wilson,F,Indonesian,26-35,Gold,HL00001360,Silver,DLX,Smoking,Leisure,zpierce@example.net,2024-04-12
1361,1361,CUS0001361,Bethany,Potter,F,Indonesian,26-35,Gold,HL00001361,Silver,STD,Non-Smoking,Leisure,vshaw@example.com,2025-08-04
1362,1362,CUS0001362,Brian,Rodriguez,M,Indonesian,51-65,None,HL00001362,Silver,SUT,Non-Smoking,MICE,martinezmaurice@example.org,2025-09-02
1363,1363,CUS0001363,Melinda,Williams,F,Indonesian,18-25,Gold,HL00001363,Silver,STD,Non-Smoking,Family,russell90@example.com,2023-06-21
1364,1364,CUS0001364,Dylan,Tucker,M,Australian,36-50,None,HL00001364,None,EXC,Non-Smoking,Family,jwright@example.net,2026-04-09
1365,1365,CUS0001365,Cody,Campbell,M,Australian,36-50,None,HL00001365,Silver,SUT,Non-Smoking,Business,linvirginia@example.org,2026-01-06
1366,1366,CUS0001366,Samantha,Gonzalez,F,American,26-35,Silver,HL00001366,None,SUT,Non-Smoking,Leisure,hayneswayne@example.org,2025-04-07
1367,1367,CUS0001367,Willie,Garza,M,Indonesian,51-65,Silver,HL00001367,None,SUT,Non-Smoking,MICE,jeromeanderson@example.org,2026-04-11
1368,1368,CUS0001368,William,Hickman,M,Indonesian,51-65,None,HL00001368,Gold,EXC,Non-Smoking,Family,msmith@example.org,2025-12-23
1369,1369,CUS0001369,James,Warren,M,Indonesian,65+,Silver,HL00001369,Silver,DLX,Non-Smoking,Business,jeffreysimmons@example.org,2025-04-27
1370,1370,CUS0001370,Jeffery,Williams,M,Japanese,36-50,None,HL00001370,Silver,DLX,Non-Smoking,Business,adamsjuan@example.com,2026-01-10
1371,1371,CUS0001371,Jennifer,Flores,F,Indonesian,26-35,Silver,HL00001371,None,DLX,Non-Smoking,Business,whiteaaron@example.net,2024-07-17
1372,1372,CUS0001372,Erica,Mitchell,F,British,18-25,Gold,HL00001372,Gold,SUT,Smoking,Leisure,rebekah16@example.org,2025-11-05
1373,1373,CUS0001373,Travis,Cox,M,Indonesian,51-65,None,HL00001373,Silver,SUT,Non-Smoking,Leisure,daniel08@example.org,2024-06-21
1374,1374,CUS0001374,Heather,Patrick,F,Indonesian,51-65,None,HL00001374,None,DLX,Non-Smoking,Business,john43@example.net,2025-08-07
1375,1375,CUS0001375,Anita,Rodriguez,F,Indonesian,36-50,Silver,HL00001375,Silver,DLX,Non-Smoking,Honeymoon,williamstanya@example.net,2025-04-08
1376,1376,CUS0001376,Connor,Bush,M,Japanese,18-25,Silver,HL00001376,None,DLX,Non-Smoking,Leisure,jonesamy@example.com,2023-12-11
1377,1377,CUS0001377,Nicholas,Mayo,M,Indonesian,51-65,None,HL00001377,Gold,EXC,Non-Smoking,Leisure,amandahernandez@example.org,2025-10-09
1378,1378,CUS0001378,Jason,Dawson,M,Indonesian,51-65,None,HL00001378,Gold,SUT,Non-Smoking,Leisure,patricia71@example.com,2025-05-14
1379,1379,CUS0001379,Karen,Mills,F,Malaysian,65+,Gold,HL00001379,Silver,SUT,Non-Smoking,Business,jacksonjoshua@example.org,2025-09-04
1380,1380,CUS0001380,Angel,Knight,M,Indonesian,51-65,Silver,HL00001380,Silver,DLX,Non-Smoking,Business,joysanders@example.net,2024-11-08
1381,1381,CUS0001381,Sheila,Mata,F,Indonesian,36-50,None,HL00001381,Platinum,SUT,Smoking,Leisure,samuelhicks@example.net,2025-06-04
1382,1382,CUS0001382,James,Lawson,M,Malaysian,18-25,Silver,HL00001382,None,EXC,Non-Smoking,Family,jackmoore@example.org,2024-06-07
1383,1383,CUS0001383,Melissa,Suarez,F,Indonesian,26-35,None,HL00001383,Gold,EXC,Smoking,Leisure,ugordon@example.net,2025-07-27
1384,1384,CUS0001384,Eric,Robinson,M,Indonesian,51-65,Silver,HL00001384,None,DLX,Non-Smoking,Business,andrea23@example.org,2025-12-23
1385,1385,CUS0001385,Cynthia,Williams,F,British,36-50,Platinum,HL00001385,None,SUT,Non-Smoking,Leisure,sheriramirez@example.org,2023-11-08
1386,1386,CUS0001386,Shelley,Williams,F,Australian,51-65,Silver,HL00001386,None,DLX,Non-Smoking,Business,veronicaclark@example.org,2023-12-19
1387,1387,CUS0001387,Matthew,Chen,M,Indonesian,65+,Gold,HL00001387,Gold,STD,Non-Smoking,Business,mark84@example.net,2023-09-07
1388,1388,CUS0001388,Jennifer,Carr,F,Indonesian,51-65,Silver,HL00001388,Silver,SUT,Non-Smoking,Family,tracie05@example.org,2026-02-14
1389,1389,CUS0001389,Vincent,Thompson,M,Singaporean,18-25,None,HL00001389,None,SUT,Non-Smoking,MICE,medinatiffany@example.net,2023-09-09
1390,1390,CUS0001390,Miranda,Watts,F,Indonesian,65+,Gold,HL00001390,None,DLX,Smoking,Leisure,molly98@example.org,2024-02-14
1391,1391,CUS0001391,Jeremy,Nguyen,M,Indonesian,18-25,None,HL00001391,Platinum,STD,Non-Smoking,Leisure,bonniemorton@example.com,2025-12-14
1392,1392,CUS0001392,Jeremy,Blair,M,Japanese,51-65,None,HL00001392,Silver,STD,Non-Smoking,Business,erichardson@example.org,2024-05-23
1393,1393,CUS0001393,Christopher,Lopez,M,American,36-50,Silver,HL00001393,Gold,STD,Non-Smoking,Leisure,jacobhenry@example.net,2025-08-21
1394,1394,CUS0001394,Maria,Smith,F,Indonesian,51-65,Silver,HL00001394,Gold,DLX,Non-Smoking,Leisure,nicoleroth@example.net,2023-12-04
1395,1395,CUS0001395,Cole,Thomas,M,Australian,26-35,None,HL00001395,Silver,EXC,Non-Smoking,Business,psanchez@example.com,2025-08-14
1396,1396,CUS0001396,Nathaniel,Taylor,M,Australian,65+,Gold,HL00001396,Silver,DLX,Non-Smoking,Business,morrisonnicholas@example.org,2025-11-18
1397,1397,CUS0001397,Ronald,Hines,M,Indonesian,65+,Silver,HL00001397,Silver,DLX,Non-Smoking,Family,andersonkayla@example.com,2025-03-05
1398,1398,CUS0001398,Teresa,Greene,F,Indonesian,51-65,Platinum,HL00001398,None,DLX,Non-Smoking,Family,rosariodaniel@example.net,2026-03-13
1399,1399,CUS0001399,George,Zimmerman,M,Indonesian,18-25,None,HL00001399,None,DLX,Non-Smoking,Business,donaldmalone@example.com,2024-08-18
1400,1400,CUS0001400,Carla,Rivera,F,Other,18-25,None,HL00001400,Silver,STD,Smoking,Leisure,johnstephens@example.com,2023-06-18
1401,1401,CUS0001401,Joshua,Smith,M,Malaysian,26-35,None,HL00001401,None,EXC,Smoking,Leisure,garciakenneth@example.net,2024-08-04
1402,1402,CUS0001402,Jason,Smith,M,British,18-25,None,HL00001402,Gold,STD,Non-Smoking,Leisure,andrewsimmons@example.org,2025-01-11
1403,1403,CUS0001403,Mary,Perez,F,Indonesian,36-50,None,HL00001403,None,DLX,Non-Smoking,Business,tmcdaniel@example.org,2024-03-07
1404,1404,CUS0001404,Christopher,Rodriguez,M,Singaporean,36-50,Silver,HL00001404,Silver,SUT,Non-Smoking,Leisure,huberjuan@example.org,2026-03-31
1405,1405,CUS0001405,Gene,Ward,M,Indonesian,26-35,Silver,HL00001405,Platinum,SUT,Non-Smoking,MICE,huangcassandra@example.org,2024-12-05
1406,1406,CUS0001406,Kerry,Greene,F,British,36-50,None,HL00001406,None,DLX,Non-Smoking,Business,qhernandez@example.net,2025-12-08
1407,1407,CUS0001407,Mario,Mitchell,M,Indonesian,51-65,None,HL00001407,Gold,SUT,Non-Smoking,Honeymoon,nelsonvictor@example.com,2023-08-13
1408,1408,CUS0001408,Robert,Dawson,M,American,51-65,Gold,HL00001408,None,DLX,Non-Smoking,Business,mccormickmichelle@example.org,2023-09-13
1409,1409,CUS0001409,Matthew,Flores,M,Indonesian,18-25,None,HL00001409,Silver,EXC,Non-Smoking,Business,ygriffin@example.com,2025-12-11
1410,1410,CUS0001410,Andrea,Lane,F,Indonesian,18-25,None,HL00001410,None,DLX,Non-Smoking,Leisure,duane52@example.org,2024-03-26
1411,1411,CUS0001411,Janice,Flores,F,Indonesian,18-25,None,HL00001411,Silver,DLX,Non-Smoking,Family,aolson@example.net,2025-07-22
1412,1412,CUS0001412,Mallory,Taylor,F,Other,18-25,None,HL00001412,Silver,DLX,Non-Smoking,MICE,patrickdunn@example.net,2024-06-18
1413,1413,CUS0001413,Johnathan,Herrera,M,Singaporean,36-50,None,HL00001413,Gold,SUT,Non-Smoking,Leisure,patrickcarpenter@example.com,2024-12-05
1414,1414,CUS0001414,Laura,Steele,F,Indonesian,36-50,None,HL00001414,None,SUT,Non-Smoking,MICE,jacquelineyoung@example.org,2023-12-16
1415,1415,CUS0001415,Wendy,Smith,F,Indonesian,51-65,None,HL00001415,Gold,EXC,Non-Smoking,Business,hrosario@example.org,2024-01-19
1416,1416,CUS0001416,Isaac,Atkinson,M,Japanese,36-50,None,HL00001416,Platinum,SUT,Non-Smoking,Business,kenneththomas@example.net,2026-01-26
1417,1417,CUS0001417,David,Carey,M,British,36-50,None,HL00001417,None,EXC,Non-Smoking,Business,burgessdavid@example.net,2025-06-11
1418,1418,CUS0001418,Charles,Quinn,M,Indonesian,26-35,Gold,HL00001418,None,STD,Non-Smoking,Honeymoon,swatson@example.org,2024-11-16
1419,1419,CUS0001419,Kevin,Woods,M,Singaporean,26-35,None,HL00001419,Silver,SUT,Non-Smoking,Business,anthonydiaz@example.org,2025-10-23
1420,1420,CUS0001420,Angela,Carroll,F,American,51-65,None,HL00001420,None,STD,Non-Smoking,Business,lhernandez@example.com,2025-05-12
1421,1421,CUS0001421,Brenda,Rose,F,Singaporean,18-25,None,HL00001421,None,STD,Non-Smoking,Business,theodore57@example.net,2024-02-09
1422,1422,CUS0001422,Adam,Rodriguez,M,Singaporean,26-35,Gold,HL00001422,Platinum,STD,Non-Smoking,Business,ibarraantonio@example.org,2024-11-07
1423,1423,CUS0001423,Caitlyn,Sanders,F,Indonesian,36-50,None,HL00001423,None,EXC,Non-Smoking,Leisure,dfrazier@example.net,2024-12-22
1424,1424,CUS0001424,Ronald,Ellison,M,Australian,26-35,Gold,HL00001424,None,SUT,Non-Smoking,Business,jenna62@example.com,2026-04-04
1425,1425,CUS0001425,Kelly,Spence,F,American,65+,Silver,HL00001425,Silver,STD,Non-Smoking,Honeymoon,juliamorales@example.org,2024-06-03
1426,1426,CUS0001426,Jenna,Carson,F,Indonesian,51-65,None,HL00001426,None,DLX,Non-Smoking,MICE,velasqueztaylor@example.com,2024-04-13
1427,1427,CUS0001427,Maria,Wilcox,F,Indonesian,26-35,Gold,HL00001427,Gold,STD,Smoking,Business,brianwatson@example.com,2026-03-26
1428,1428,CUS0001428,Debra,Garcia,F,Indonesian,51-65,None,HL00001428,Gold,STD,Smoking,Leisure,carrie50@example.org,2024-07-29
1429,1429,CUS0001429,Christopher,Rodriguez,M,American,51-65,None,HL00001429,Platinum,DLX,Smoking,MICE,carlaavila@example.com,2024-07-28
1430,1430,CUS0001430,Kristen,Little,F,American,51-65,None,HL00001430,Platinum,DLX,Non-Smoking,Business,allenchristopher@example.net,2024-05-02
1431,1431,CUS0001431,Andrew,Downs,M,Indonesian,36-50,None,HL00001431,Gold,SUT,Non-Smoking,Business,uwilliams@example.org,2025-12-28
1432,1432,CUS0001432,Alejandra,Kelly,F,Indonesian,51-65,None,HL00001432,Silver,EXC,Non-Smoking,Leisure,susan83@example.com,2025-07-19
1433,1433,CUS0001433,Jeanette,Kelly,F,Indonesian,18-25,Silver,HL00001433,None,EXC,Non-Smoking,Business,jacquelinedavis@example.com,2025-11-30
1434,1434,CUS0001434,Kathy,Shaw,F,Indonesian,18-25,None,HL00001434,None,EXC,Non-Smoking,Honeymoon,andrewflynn@example.com,2023-10-28
1435,1435,CUS0001435,Sheila,Johnson,F,Indonesian,26-35,None,HL00001435,None,STD,Smoking,Business,edwardford@example.net,2025-06-11
1436,1436,CUS0001436,Tiffany,Hall,F,Indonesian,65+,None,HL00001436,Silver,STD,Non-Smoking,Leisure,lindseypena@example.net,2026-05-12
1437,1437,CUS0001437,Wendy,Mason,F,Singaporean,51-65,Silver,HL00001437,Silver,STD,Non-Smoking,Leisure,seth25@example.com,2025-10-29
1438,1438,CUS0001438,Loretta,Bentley,F,Indonesian,36-50,None,HL00001438,None,EXC,Non-Smoking,Family,macdonaldkim@example.com,2023-12-04
1439,1439,CUS0001439,Daniel,Bishop,M,Japanese,51-65,None,HL00001439,None,EXC,Smoking,Family,rubioashley@example.com,2025-06-01
1440,1440,CUS0001440,Regina,Thomas,F,Australian,65+,None,HL00001440,None,DLX,Non-Smoking,Leisure,amy17@example.org,2024-07-29
1441,1441,CUS0001441,Emily,Villa,F,Indonesian,36-50,None,HL00001441,Gold,EXC,Non-Smoking,Family,carlosray@example.com,2026-02-23
1442,1442,CUS0001442,Andrea,Page,F,Indonesian,65+,None,HL00001442,None,EXC,Non-Smoking,MICE,escott@example.com,2024-06-26
1443,1443,CUS0001443,Shawn,Santos,M,Indonesian,18-25,None,HL00001443,Silver,STD,Non-Smoking,Family,shelbybonilla@example.com,2025-05-06
1444,1444,CUS0001444,Jack,Mitchell,M,Indonesian,65+,None,HL00001444,Silver,EXC,Non-Smoking,Family,rvincent@example.org,2024-02-16
1445,1445,CUS0001445,Jacob,Kirk,M,Malaysian,36-50,Platinum,HL00001445,None,EXC,Smoking,Business,nathaniel68@example.com,2024-04-22
1446,1446,CUS0001446,Sherry,Esparza,F,Indonesian,51-65,Platinum,HL00001446,None,EXC,Smoking,Business,oliverdawn@example.net,2026-01-14
1447,1447,CUS0001447,David,Nicholson,M,American,18-25,None,HL00001447,Silver,STD,Smoking,MICE,mooredaniel@example.com,2024-09-07
1448,1448,CUS0001448,Kelly,Nash,M,Other,51-65,Platinum,HL00001448,None,EXC,Non-Smoking,Business,paulford@example.org,2023-07-08
1449,1449,CUS0001449,John,Day,M,Other,36-50,Silver,HL00001449,Silver,STD,Non-Smoking,Leisure,lrodriguez@example.net,2025-08-11
1450,1450,CUS0001450,Sylvia,Nielsen,F,Indonesian,65+,None,HL00001450,Platinum,SUT,Non-Smoking,Leisure,vgonzalez@example.org,2025-05-06
1451,1451,CUS0001451,Grace,Munoz,F,Indonesian,51-65,None,HL00001451,None,DLX,Non-Smoking,Family,jacquelinealvarez@example.com,2024-08-01
1452,1452,CUS0001452,Andrew,Moore,M,Indonesian,36-50,Silver,HL00001452,Silver,EXC,Non-Smoking,Business,nthomas@example.com,2023-06-20
1453,1453,CUS0001453,Andre,Burke,M,Indonesian,26-35,Gold,HL00001453,None,DLX,Non-Smoking,Family,zbrown@example.com,2024-12-10
1454,1454,CUS0001454,Jessica,Kennedy,F,Indonesian,18-25,None,HL00001454,Gold,STD,Non-Smoking,Leisure,lewisandrew@example.net,2023-06-15
1455,1455,CUS0001455,Derrick,Reid,M,Japanese,36-50,Gold,HL00001455,Platinum,EXC,Non-Smoking,Business,thomasjoshua@example.org,2025-01-01
1456,1456,CUS0001456,Shane,Hayes,M,Indonesian,51-65,Gold,HL00001456,Gold,EXC,Smoking,Business,qwarren@example.com,2023-12-07
1457,1457,CUS0001457,Sandra,Davis,F,Indonesian,51-65,None,HL00001457,Silver,SUT,Non-Smoking,Business,wpeterson@example.com,2026-01-13
1458,1458,CUS0001458,Christina,Mcmahon,F,Indonesian,51-65,Silver,HL00001458,None,DLX,Non-Smoking,MICE,salvarez@example.org,2025-09-03
1459,1459,CUS0001459,Jessica,Gaines,F,Indonesian,26-35,None,HL00001459,Silver,STD,Non-Smoking,Business,jmorrow@example.net,2024-07-19
1460,1460,CUS0001460,Angela,Contreras,F,Indonesian,51-65,None,HL00001460,None,STD,Non-Smoking,Leisure,mariodowns@example.net,2025-10-12
1461,1461,CUS0001461,Roger,Quinn,M,Malaysian,18-25,None,HL00001461,None,STD,Smoking,Honeymoon,hernandezstephen@example.org,2023-10-11
1462,1462,CUS0001462,Sharon,Wilson,F,Indonesian,36-50,Gold,HL00001462,Silver,SUT,Non-Smoking,Leisure,ubaker@example.org,2023-12-25
1463,1463,CUS0001463,Terri,Mathews,F,Indonesian,36-50,Silver,HL00001463,Gold,EXC,Non-Smoking,Business,lfowler@example.org,2025-01-17
1464,1464,CUS0001464,Daniel,Werner,M,Indonesian,65+,None,HL00001464,None,EXC,Non-Smoking,Honeymoon,xhorton@example.org,2025-07-29
1465,1465,CUS0001465,James,Bailey,M,Other,26-35,Silver,HL00001465,None,SUT,Smoking,Business,teresaray@example.org,2025-10-30
1466,1466,CUS0001466,Robert,Smith,M,Indonesian,36-50,Silver,HL00001466,None,EXC,Non-Smoking,Leisure,wayne17@example.net,2025-12-19
1467,1467,CUS0001467,Jennifer,Bell,F,Indonesian,36-50,None,HL00001467,Gold,DLX,Non-Smoking,Business,wmills@example.com,2024-03-01
1468,1468,CUS0001468,Timothy,Ellis,M,Indonesian,65+,None,HL00001468,Gold,SUT,Non-Smoking,Leisure,gregory92@example.net,2025-09-04
1469,1469,CUS0001469,James,Bruce,M,Japanese,36-50,None,HL00001469,Silver,SUT,Non-Smoking,Business,swalters@example.net,2024-12-21
1470,1470,CUS0001470,Whitney,Shaffer,F,Singaporean,65+,None,HL00001470,Gold,STD,Non-Smoking,Family,davisallen@example.com,2024-03-21
1471,1471,CUS0001471,Jon,Walton,M,Indonesian,65+,None,HL00001471,Gold,SUT,Non-Smoking,Business,schultzwesley@example.org,2024-01-21
1472,1472,CUS0001472,Dylan,Fisher,M,Malaysian,26-35,Gold,HL00001472,None,STD,Non-Smoking,Leisure,kimberlyarnold@example.org,2023-06-30
1473,1473,CUS0001473,Scott,Sampson,M,Indonesian,51-65,Silver,HL00001473,Silver,STD,Non-Smoking,Honeymoon,tammy76@example.net,2025-07-27
1474,1474,CUS0001474,Richard,Foster,M,Indonesian,26-35,None,HL00001474,Platinum,SUT,Non-Smoking,Leisure,kimberly84@example.com,2023-10-30
1475,1475,CUS0001475,Deborah,Roberson,F,Singaporean,26-35,Silver,HL00001475,None,SUT,Non-Smoking,Business,anunez@example.com,2025-06-10
1476,1476,CUS0001476,Alexis,Hernandez,F,Other,65+,Gold,HL00001476,Silver,EXC,Non-Smoking,Business,mary89@example.com,2023-11-02
1477,1477,CUS0001477,Christopher,Armstrong,M,British,51-65,None,HL00001477,Silver,DLX,Non-Smoking,Business,zallen@example.org,2025-12-20
1478,1478,CUS0001478,Matthew,Poole,M,Indonesian,26-35,Gold,HL00001478,None,STD,Non-Smoking,Family,oanderson@example.com,2025-03-28
1479,1479,CUS0001479,Carrie,Strong,F,Indonesian,18-25,None,HL00001479,Platinum,DLX,Non-Smoking,Family,samuelgarcia@example.org,2024-09-08
1480,1480,CUS0001480,Bailey,Ray,F,Indonesian,36-50,None,HL00001480,Silver,STD,Non-Smoking,MICE,ocameron@example.com,2026-03-21
1481,1481,CUS0001481,Juan,Fry,M,Australian,18-25,None,HL00001481,Silver,EXC,Non-Smoking,Honeymoon,christopherjohnson@example.org,2025-07-17
1482,1482,CUS0001482,Randy,Hernandez,M,Indonesian,26-35,Gold,HL00001482,Platinum,STD,Non-Smoking,Honeymoon,armstronganthony@example.net,2025-02-01
1483,1483,CUS0001483,Victoria,Walters,F,Malaysian,51-65,Silver,HL00001483,Gold,DLX,Non-Smoking,Leisure,jacob34@example.org,2025-11-16
1484,1484,CUS0001484,Sara,Barber,F,Japanese,36-50,None,HL00001484,None,DLX,Non-Smoking,Business,qtownsend@example.org,2025-08-08
1485,1485,CUS0001485,Angela,Thomas,F,Australian,51-65,None,HL00001485,None,SUT,Non-Smoking,Business,littlebeth@example.org,2025-06-17
1486,1486,CUS0001486,Jimmy,Carlson,M,Indonesian,65+,Silver,HL00001486,Silver,STD,Smoking,Leisure,thomasjose@example.org,2023-05-28
1487,1487,CUS0001487,Billy,Kirk,M,Indonesian,65+,Platinum,HL00001487,None,SUT,Non-Smoking,Business,peterhenry@example.org,2025-12-30
1488,1488,CUS0001488,Benjamin,Chung,M,American,36-50,None,HL00001488,Gold,DLX,Non-Smoking,Business,clarkrobert@example.com,2023-10-01
1489,1489,CUS0001489,Susan,Stokes,F,Indonesian,26-35,None,HL00001489,Platinum,DLX,Smoking,Leisure,kentberger@example.net,2025-04-29
1490,1490,CUS0001490,Mark,Bond,M,Malaysian,36-50,None,HL00001490,Gold,DLX,Non-Smoking,Family,daughertyvictoria@example.com,2025-11-07
1491,1491,CUS0001491,Kyle,Smith,M,Indonesian,26-35,Silver,HL00001491,None,DLX,Non-Smoking,Leisure,sara39@example.org,2025-11-22
1492,1492,CUS0001492,Allison,Hunt,F,Indonesian,36-50,None,HL00001492,None,STD,Non-Smoking,Business,javierdiaz@example.org,2025-12-05
1493,1493,CUS0001493,Erin,Robinson,F,Malaysian,65+,Gold,HL00001493,Silver,STD,Non-Smoking,Leisure,josepholson@example.org,2024-12-16
1494,1494,CUS0001494,Michael,Pearson,M,Australian,36-50,Gold,HL00001494,Gold,SUT,Non-Smoking,Leisure,fmcgee@example.com,2024-06-06
1495,1495,CUS0001495,Travis,Nielsen,M,Indonesian,36-50,Gold,HL00001495,None,STD,Smoking,Leisure,gerald46@example.org,2024-11-09
1496,1496,CUS0001496,Rebecca,Matthews,F,Indonesian,26-35,None,HL00001496,Silver,DLX,Non-Smoking,Leisure,lauramckay@example.com,2024-10-08
1497,1497,CUS0001497,Sonya,Henderson,F,Malaysian,36-50,Gold,HL00001497,Platinum,SUT,Non-Smoking,Family,lisa91@example.net,2023-10-30
1498,1498,CUS0001498,Jeffrey,Bradley,M,Singaporean,36-50,None,HL00001498,None,DLX,Smoking,Leisure,rachael17@example.org,2026-04-29
1499,1499,CUS0001499,Tyler,King,M,Indonesian,65+,Gold,HL00001499,Gold,EXC,Non-Smoking,Leisure,pcarter@example.net,2026-04-10
1500,1500,CUS0001500,Jennifer,Wilson,F,Indonesian,36-50,Gold,HL00001500,Gold,EXC,Non-Smoking,Business,ruben25@example.org,2023-07-01
1501,1501,CUS0001501,Daniel,Watson,M,Indonesian,65+,Silver,HL00001501,None,SUT,Non-Smoking,Business,kimberlymartinez@example.com,2026-02-16
1502,1502,CUS0001502,Adam,Murphy,M,Malaysian,26-35,Platinum,HL00001502,None,EXC,Non-Smoking,Business,ubradley@example.org,2023-11-25
1503,1503,CUS0001503,Austin,Campbell,M,Other,36-50,None,HL00001503,Silver,EXC,Smoking,Leisure,alisongarcia@example.com,2024-01-29
1504,1504,CUS0001504,Lisa,Ware,F,Indonesian,18-25,Silver,HL00001504,Silver,DLX,Non-Smoking,Business,berrydebbie@example.net,2024-06-06
1505,1505,CUS0001505,Jeffrey,Li,M,Indonesian,18-25,None,HL00001505,Gold,EXC,Smoking,Business,jameslang@example.com,2024-08-07
1506,1506,CUS0001506,Wanda,Fisher,F,Indonesian,65+,None,HL00001506,Gold,STD,Non-Smoking,Family,chavezcarolyn@example.net,2025-10-14
1507,1507,CUS0001507,Cynthia,Smith,F,Indonesian,36-50,None,HL00001507,None,DLX,Smoking,Family,schneidermelissa@example.org,2024-04-12
1508,1508,CUS0001508,Diane,Skinner,F,Australian,36-50,Silver,HL00001508,Silver,DLX,Smoking,MICE,ijohnson@example.net,2024-05-13
1509,1509,CUS0001509,George,Smith,M,Indonesian,65+,None,HL00001509,Gold,EXC,Smoking,Business,zdavis@example.com,2025-10-19
1510,1510,CUS0001510,Elizabeth,Stewart,F,Singaporean,18-25,None,HL00001510,Gold,DLX,Smoking,Leisure,richard85@example.com,2025-06-03
1511,1511,CUS0001511,Anthony,Evans,M,Singaporean,26-35,None,HL00001511,None,EXC,Non-Smoking,Business,psnyder@example.org,2023-07-31
1512,1512,CUS0001512,James,Williamson,M,British,18-25,Gold,HL00001512,None,SUT,Non-Smoking,Leisure,walkermargaret@example.org,2024-09-15
1513,1513,CUS0001513,Wendy,Callahan,F,Indonesian,65+,Platinum,HL00001513,Silver,STD,Non-Smoking,Leisure,fperez@example.org,2024-04-27
1514,1514,CUS0001514,Steven,Wood,M,Indonesian,18-25,Silver,HL00001514,None,EXC,Non-Smoking,Business,villamiranda@example.com,2025-01-07
1515,1515,CUS0001515,Andrew,Williams,M,Indonesian,18-25,None,HL00001515,Silver,DLX,Smoking,Business,charles59@example.com,2026-03-28
1516,1516,CUS0001516,Michael,Buckley,M,Indonesian,51-65,Platinum,HL00001516,Platinum,EXC,Non-Smoking,Honeymoon,uwilson@example.org,2025-05-11
1517,1517,CUS0001517,Kevin,Horn,M,Singaporean,18-25,Platinum,HL00001517,None,DLX,Non-Smoking,Business,qwalsh@example.org,2024-06-23
1518,1518,CUS0001518,Joseph,Lane,M,British,36-50,Silver,HL00001518,Gold,STD,Non-Smoking,MICE,ubray@example.net,2023-08-20
1519,1519,CUS0001519,Courtney,Baker,F,Australian,36-50,Gold,HL00001519,None,DLX,Non-Smoking,Leisure,jennifer58@example.org,2024-02-22
1520,1520,CUS0001520,Maria,Foley,F,Indonesian,26-35,Silver,HL00001520,Gold,STD,Smoking,Leisure,jonestroy@example.org,2024-04-08
1521,1521,CUS0001521,Meagan,Mcdonald,F,Indonesian,65+,None,HL00001521,None,EXC,Non-Smoking,Business,glopez@example.com,2025-11-25
1522,1522,CUS0001522,Robert,Gill,M,Indonesian,51-65,None,HL00001522,None,EXC,Smoking,Leisure,kathleen47@example.net,2023-10-05
1523,1523,CUS0001523,Ryan,Garcia,M,Indonesian,51-65,Silver,HL00001523,Platinum,SUT,Smoking,Business,jefferycox@example.com,2023-09-30
1524,1524,CUS0001524,Kayla,Deleon,F,Malaysian,26-35,Platinum,HL00001524,Silver,DLX,Non-Smoking,Business,caseyhenderson@example.net,2025-01-05
1525,1525,CUS0001525,Tiffany,Ray,F,Indonesian,51-65,Silver,HL00001525,Gold,EXC,Non-Smoking,Leisure,thomasnancy@example.net,2024-03-05
1526,1526,CUS0001526,David,Shannon,M,Malaysian,65+,Silver,HL00001526,Gold,STD,Smoking,Honeymoon,josephalvarez@example.net,2025-08-28
1527,1527,CUS0001527,Heather,Wilson,F,Indonesian,36-50,Silver,HL00001527,Silver,SUT,Non-Smoking,Family,gomezjason@example.com,2025-04-01
1528,1528,CUS0001528,Jessica,Cook,F,Indonesian,36-50,Gold,HL00001528,None,SUT,Smoking,Family,gnelson@example.org,2026-04-28
1529,1529,CUS0001529,James,Reilly,M,Other,26-35,Gold,HL00001529,Gold,EXC,Non-Smoking,Family,kellypowell@example.net,2026-01-16
1530,1530,CUS0001530,Kendra,Snyder,F,Indonesian,51-65,Gold,HL00001530,Silver,DLX,Non-Smoking,Honeymoon,drodriguez@example.net,2024-01-06
1531,1531,CUS0001531,Tina,Robinson,F,Indonesian,51-65,None,HL00001531,None,EXC,Non-Smoking,MICE,jacobsonbarbara@example.org,2024-04-13
1532,1532,CUS0001532,Joseph,Hill,M,Indonesian,65+,None,HL00001532,Gold,STD,Non-Smoking,Family,gmyers@example.org,2025-10-23
1533,1533,CUS0001533,Samantha,Holt,F,Australian,18-25,Silver,HL00001533,Silver,STD,Non-Smoking,Business,yharris@example.org,2025-03-18
1534,1534,CUS0001534,Mallory,Mccarthy,F,Indonesian,36-50,Gold,HL00001534,Silver,DLX,Non-Smoking,Honeymoon,jessica12@example.net,2024-08-29
1535,1535,CUS0001535,Lisa,Stevenson,F,Indonesian,26-35,Silver,HL00001535,None,SUT,Non-Smoking,Leisure,georgemaldonado@example.org,2023-11-05
1536,1536,CUS0001536,Evelyn,Gibson,F,Australian,51-65,None,HL00001536,None,SUT,Non-Smoking,Business,waderonnie@example.org,2023-09-30
1537,1537,CUS0001537,William,Ibarra,M,Singaporean,51-65,None,HL00001537,Platinum,STD,Non-Smoking,Business,erincastaneda@example.net,2023-09-07
1538,1538,CUS0001538,Tracy,Aguilar,F,Japanese,36-50,Silver,HL00001538,Gold,SUT,Non-Smoking,Leisure,emarks@example.org,2024-10-19
1539,1539,CUS0001539,Sabrina,Bradley,F,Indonesian,65+,None,HL00001539,None,STD,Non-Smoking,Leisure,mary88@example.org,2025-06-20
1540,1540,CUS0001540,Bridget,Davis,F,Indonesian,18-25,Silver,HL00001540,Gold,SUT,Non-Smoking,Business,linda57@example.com,2024-01-03
1541,1541,CUS0001541,Gregory,Gardner,M,Singaporean,18-25,Silver,HL00001541,Silver,STD,Non-Smoking,Family,dking@example.org,2024-05-18
1542,1542,CUS0001542,Heather,Mckinney,F,Indonesian,18-25,None,HL00001542,Platinum,EXC,Non-Smoking,Leisure,rrodriguez@example.net,2025-07-15
1543,1543,CUS0001543,Mark,Hernandez,M,Indonesian,18-25,Gold,HL00001543,Gold,SUT,Non-Smoking,Leisure,qchase@example.org,2023-09-22
1544,1544,CUS0001544,Kathleen,Sanchez,F,Indonesian,36-50,None,HL00001544,Gold,EXC,Non-Smoking,Leisure,vhoward@example.org,2023-09-08
1545,1545,CUS0001545,Tammie,Gray,F,Indonesian,51-65,None,HL00001545,Silver,DLX,Non-Smoking,Family,sheppardnatalie@example.net,2025-02-02
1546,1546,CUS0001546,Stephanie,Cole,F,Indonesian,36-50,Silver,HL00001546,None,STD,Non-Smoking,Business,josephshelton@example.com,2024-06-10
1547,1547,CUS0001547,Leah,Landry,F,Indonesian,36-50,Gold,HL00001547,Silver,STD,Non-Smoking,Family,kyle09@example.net,2025-07-28
1548,1548,CUS0001548,Greg,Salazar,M,Singaporean,26-35,None,HL00001548,Silver,EXC,Non-Smoking,Family,kpope@example.com,2024-08-20
1549,1549,CUS0001549,Brian,Smith,M,Indonesian,51-65,Gold,HL00001549,Silver,EXC,Non-Smoking,Leisure,stevenhernandez@example.com,2025-05-28
1550,1550,CUS0001550,Justin,Martin,M,Indonesian,26-35,None,HL00001550,Platinum,EXC,Non-Smoking,Leisure,zroberts@example.com,2024-03-28
1551,1551,CUS0001551,Jesse,Robinson,M,Singaporean,65+,Platinum,HL00001551,Platinum,DLX,Non-Smoking,Leisure,brownkevin@example.com,2025-10-10
1552,1552,CUS0001552,Mary,Smith,F,Indonesian,36-50,Silver,HL00001552,Silver,STD,Non-Smoking,Business,devin48@example.net,2024-10-17
1553,1553,CUS0001553,Kristina,Mckay,F,Indonesian,18-25,Gold,HL00001553,Silver,SUT,Smoking,Business,douglas36@example.net,2025-11-20
1554,1554,CUS0001554,Donna,Johnson,F,Indonesian,65+,Silver,HL00001554,Silver,STD,Non-Smoking,Leisure,john66@example.com,2025-03-24
1555,1555,CUS0001555,Stephanie,Mora,F,Indonesian,65+,Silver,HL00001555,Platinum,EXC,Non-Smoking,Leisure,glen65@example.net,2025-11-24
1556,1556,CUS0001556,Michael,Gonzalez,M,American,51-65,Silver,HL00001556,Silver,SUT,Non-Smoking,Business,robertgonzalez@example.com,2025-12-17
1557,1557,CUS0001557,Elizabeth,Ho,F,Indonesian,65+,Platinum,HL00001557,None,SUT,Non-Smoking,Leisure,ygardner@example.com,2024-10-11
1558,1558,CUS0001558,Brenda,Ramos,F,Other,65+,Silver,HL00001558,Gold,SUT,Non-Smoking,MICE,william57@example.com,2024-02-13
1559,1559,CUS0001559,John,Ali,M,Indonesian,36-50,None,HL00001559,Platinum,SUT,Smoking,Family,jjohnson@example.org,2025-04-19
1560,1560,CUS0001560,Jason,Campos,M,Indonesian,18-25,Silver,HL00001560,None,DLX,Non-Smoking,Business,kristin98@example.com,2023-12-21
1561,1561,CUS0001561,Lisa,Yoder,F,Indonesian,51-65,Gold,HL00001561,None,EXC,Non-Smoking,Business,brian62@example.com,2024-05-16
1562,1562,CUS0001562,Aaron,Aguirre,M,British,26-35,None,HL00001562,Silver,DLX,Non-Smoking,Business,fcombs@example.org,2023-12-30
1563,1563,CUS0001563,Ronald,Santos,M,Indonesian,51-65,Silver,HL00001563,None,DLX,Non-Smoking,Business,brooke49@example.com,2025-02-15
1564,1564,CUS0001564,Gary,Brown,M,Indonesian,26-35,None,HL00001564,Silver,STD,Non-Smoking,Business,mileszachary@example.net,2025-05-14
1565,1565,CUS0001565,Tracy,Taylor,F,Indonesian,18-25,Silver,HL00001565,Silver,EXC,Non-Smoking,Business,kevincollins@example.org,2025-06-10
1566,1566,CUS0001566,Karina,Watts,F,Singaporean,18-25,None,HL00001566,Silver,STD,Non-Smoking,Leisure,joneseric@example.org,2024-06-19
1567,1567,CUS0001567,Anne,Harris,F,Indonesian,36-50,None,HL00001567,None,EXC,Smoking,MICE,gjohnson@example.com,2024-12-24
1568,1568,CUS0001568,Anthony,Martinez,M,Singaporean,36-50,None,HL00001568,None,SUT,Smoking,Business,lwebb@example.org,2026-05-06
1569,1569,CUS0001569,Ryan,Green,M,Indonesian,18-25,Gold,HL00001569,None,SUT,Non-Smoking,Business,nvillarreal@example.org,2025-01-02
1570,1570,CUS0001570,Brianna,Smith,F,British,36-50,Platinum,HL00001570,Gold,DLX,Non-Smoking,Business,lorisandoval@example.org,2024-11-18
1571,1571,CUS0001571,Natalie,Payne,F,Malaysian,36-50,Gold,HL00001571,None,EXC,Non-Smoking,Leisure,scastillo@example.net,2023-09-18
1572,1572,CUS0001572,Tyler,Vasquez,M,Indonesian,65+,Silver,HL00001572,Gold,SUT,Non-Smoking,Leisure,peter17@example.com,2026-01-12
1573,1573,CUS0001573,Jessica,Johnson,F,Indonesian,18-25,None,HL00001573,None,STD,Non-Smoking,Business,ywilson@example.org,2025-07-31
1574,1574,CUS0001574,Elizabeth,Brewer,F,Indonesian,26-35,Silver,HL00001574,None,DLX,Non-Smoking,Leisure,wwilliams@example.org,2023-08-03
1575,1575,CUS0001575,Stephen,Ellis,M,Other,36-50,None,HL00001575,Silver,EXC,Non-Smoking,Family,holdenmichael@example.net,2024-04-20
1576,1576,CUS0001576,Gregory,Mccarthy,M,Indonesian,51-65,None,HL00001576,None,EXC,Smoking,Leisure,lpalmer@example.net,2025-06-24
1577,1577,CUS0001577,Heather,Ball,F,British,51-65,None,HL00001577,None,SUT,Smoking,Leisure,stephen24@example.net,2025-08-08
1578,1578,CUS0001578,Thomas,Jones,M,Indonesian,51-65,None,HL00001578,Platinum,STD,Non-Smoking,Business,ebennett@example.net,2026-04-11
1579,1579,CUS0001579,Catherine,Erickson,F,British,26-35,Platinum,HL00001579,Silver,DLX,Non-Smoking,Business,david59@example.net,2025-08-30
1580,1580,CUS0001580,Lauren,Gallegos,F,Malaysian,36-50,Gold,HL00001580,Silver,DLX,Smoking,Leisure,williamsmelissa@example.org,2023-06-26
1581,1581,CUS0001581,Brent,Rodriguez,M,British,51-65,Silver,HL00001581,None,EXC,Non-Smoking,Honeymoon,omorris@example.net,2025-04-10
1582,1582,CUS0001582,David,Yoder,M,Indonesian,18-25,None,HL00001582,Gold,SUT,Non-Smoking,Business,jessicacruz@example.com,2026-04-11
1583,1583,CUS0001583,Antonio,King,M,Indonesian,65+,None,HL00001583,None,SUT,Non-Smoking,Business,bradfordcharles@example.com,2025-03-16
1584,1584,CUS0001584,Lynn,Johnson,F,Indonesian,26-35,Platinum,HL00001584,Silver,DLX,Non-Smoking,Family,manuelhale@example.com,2025-08-26
1585,1585,CUS0001585,Virginia,Berry,F,Indonesian,51-65,Gold,HL00001585,None,EXC,Non-Smoking,Family,jameshenry@example.net,2023-08-20
1586,1586,CUS0001586,Courtney,Harmon,F,Indonesian,51-65,Gold,HL00001586,None,STD,Non-Smoking,Leisure,zcervantes@example.org,2026-04-05
1587,1587,CUS0001587,Lauren,Soto,F,British,65+,Gold,HL00001587,None,EXC,Non-Smoking,Family,harrislisa@example.org,2024-04-27
1588,1588,CUS0001588,Raymond,Carroll,M,Indonesian,36-50,None,HL00001588,None,STD,Smoking,Business,petersonfaith@example.net,2023-10-16
1589,1589,CUS0001589,Kelsey,Lee,F,Australian,26-35,Platinum,HL00001589,Platinum,EXC,Non-Smoking,Family,ashleywells@example.com,2025-04-09
1590,1590,CUS0001590,Lisa,Hansen,F,British,36-50,Gold,HL00001590,None,EXC,Non-Smoking,Business,lauriegonzales@example.net,2025-11-25
1591,1591,CUS0001591,Shelly,Carroll,F,Indonesian,36-50,None,HL00001591,Silver,SUT,Non-Smoking,Family,kimberlyevans@example.org,2026-01-21
1592,1592,CUS0001592,Crystal,Guzman,F,Malaysian,36-50,Gold,HL00001592,Platinum,SUT,Non-Smoking,Family,andrew44@example.com,2025-02-19
1593,1593,CUS0001593,Heather,Brennan,F,Japanese,26-35,None,HL00001593,None,DLX,Non-Smoking,Leisure,tammyjones@example.net,2025-06-07
1594,1594,CUS0001594,Samuel,Frederick,M,Singaporean,51-65,None,HL00001594,Platinum,STD,Non-Smoking,MICE,reginald08@example.net,2023-06-21
1595,1595,CUS0001595,Kevin,Giles,M,Indonesian,65+,Silver,HL00001595,Platinum,SUT,Non-Smoking,Leisure,denise05@example.com,2024-03-10
1596,1596,CUS0001596,Christina,Barron,F,Japanese,51-65,None,HL00001596,Silver,DLX,Non-Smoking,Leisure,tayloramy@example.net,2024-05-07
1597,1597,CUS0001597,Thomas,Alvarado,M,Indonesian,51-65,Silver,HL00001597,Gold,EXC,Smoking,Honeymoon,youngcharles@example.net,2023-09-18
1598,1598,CUS0001598,Michele,Cannon,F,Indonesian,26-35,None,HL00001598,Gold,DLX,Smoking,Leisure,reedchad@example.com,2024-06-12
1599,1599,CUS0001599,Nancy,Noble,F,British,26-35,Platinum,HL00001599,None,EXC,Non-Smoking,Leisure,rpotts@example.net,2025-08-28
1600,1600,CUS0001600,Brian,Crawford,M,Other,65+,Platinum,HL00001600,None,EXC,Non-Smoking,MICE,debrareynolds@example.com,2026-02-23
1601,1601,CUS0001601,Samuel,Mata,M,Other,18-25,None,HL00001601,None,DLX,Non-Smoking,Business,velazquezanthony@example.org,2025-01-16
1602,1602,CUS0001602,Lee,Gray,M,Indonesian,36-50,None,HL00001602,Silver,EXC,Smoking,Family,tranbrett@example.com,2024-02-14
1603,1603,CUS0001603,Calvin,Miles,M,Indonesian,26-35,None,HL00001603,Gold,SUT,Non-Smoking,Leisure,darrellwilson@example.net,2023-12-28
1604,1604,CUS0001604,Guy,Cooper,M,Malaysian,36-50,None,HL00001604,Gold,SUT,Non-Smoking,Business,allenchristopher@example.org,2026-02-24
1605,1605,CUS0001605,Jennifer,Goodwin,F,Indonesian,51-65,Silver,HL00001605,Platinum,SUT,Smoking,Honeymoon,ritteralexis@example.net,2024-05-06
1606,1606,CUS0001606,Robin,Jones,F,Indonesian,51-65,None,HL00001606,None,EXC,Non-Smoking,Business,samuelcampbell@example.com,2024-09-21
1607,1607,CUS0001607,Lindsey,Zamora,F,British,36-50,Silver,HL00001607,Silver,STD,Smoking,Leisure,david67@example.net,2025-01-07
1608,1608,CUS0001608,Matthew,Jones,M,Indonesian,65+,None,HL00001608,Silver,EXC,Non-Smoking,Family,troymoss@example.com,2026-02-27
1609,1609,CUS0001609,Jeremy,Turner,M,Indonesian,51-65,None,HL00001609,Silver,DLX,Smoking,Business,kimberly43@example.net,2026-03-11
1610,1610,CUS0001610,Fernando,Weaver,M,Indonesian,51-65,Silver,HL00001610,None,SUT,Non-Smoking,Leisure,brownrachel@example.net,2024-11-28
1611,1611,CUS0001611,John,Miller,M,Indonesian,26-35,None,HL00001611,Gold,SUT,Smoking,Family,maureenmeyer@example.com,2026-05-10
1612,1612,CUS0001612,Kristen,Martinez,F,Malaysian,18-25,Silver,HL00001612,None,DLX,Smoking,Business,barryyoung@example.com,2023-08-30
1613,1613,CUS0001613,Pamela,Benton,F,Indonesian,26-35,Silver,HL00001613,Gold,DLX,Non-Smoking,Leisure,porterarthur@example.com,2025-11-17
1614,1614,CUS0001614,Janet,Wilcox,F,Other,26-35,None,HL00001614,Silver,STD,Non-Smoking,Leisure,brownmelissa@example.com,2025-10-29
1615,1615,CUS0001615,Albert,Reyes,M,Indonesian,36-50,Silver,HL00001615,Silver,SUT,Non-Smoking,Family,nwilliams@example.com,2026-01-31
1616,1616,CUS0001616,Mary,Patel,F,Other,51-65,Silver,HL00001616,None,SUT,Non-Smoking,Family,anthony50@example.net,2025-06-06
1617,1617,CUS0001617,Steven,Livingston,M,Singaporean,18-25,None,HL00001617,Platinum,SUT,Non-Smoking,Business,lisa93@example.org,2023-07-12
1618,1618,CUS0001618,Molly,Howell,F,British,51-65,None,HL00001618,Silver,STD,Non-Smoking,Business,vpatton@example.org,2024-03-26
1619,1619,CUS0001619,Ashley,Hughes,F,Indonesian,18-25,None,HL00001619,Gold,SUT,Smoking,Leisure,michele87@example.com,2025-02-23
1620,1620,CUS0001620,Nathan,Mack,M,Indonesian,26-35,Platinum,HL00001620,Platinum,DLX,Non-Smoking,Business,francisco67@example.net,2025-10-03
1621,1621,CUS0001621,Bonnie,Smith,F,American,51-65,None,HL00001621,Gold,DLX,Non-Smoking,Leisure,christopher38@example.com,2025-02-09
1622,1622,CUS0001622,Laura,Johnson,F,Indonesian,51-65,None,HL00001622,Silver,DLX,Non-Smoking,Family,michael49@example.org,2023-12-18
1623,1623,CUS0001623,Elizabeth,Guerrero,F,Australian,65+,None,HL00001623,None,EXC,Non-Smoking,Family,melanie77@example.org,2023-06-08
1624,1624,CUS0001624,Alexa,Johnson,F,Indonesian,36-50,None,HL00001624,Gold,STD,Non-Smoking,Business,timothy83@example.com,2024-09-24
1625,1625,CUS0001625,Kevin,Miller,M,Indonesian,65+,None,HL00001625,Platinum,DLX,Non-Smoking,Leisure,stephanie72@example.com,2025-09-03
1626,1626,CUS0001626,Rachel,Green,F,Indonesian,18-25,Gold,HL00001626,Gold,DLX,Non-Smoking,Leisure,omartinez@example.org,2024-10-03
1627,1627,CUS0001627,Seth,Douglas,M,Indonesian,51-65,Platinum,HL00001627,Platinum,EXC,Non-Smoking,Honeymoon,dannyjohnson@example.net,2024-03-21
1628,1628,CUS0001628,Shannon,Riley,F,Indonesian,36-50,Gold,HL00001628,None,EXC,Non-Smoking,Business,tranjeremy@example.net,2024-07-15
1629,1629,CUS0001629,William,Smith,M,Indonesian,51-65,None,HL00001629,Silver,DLX,Smoking,Family,amber09@example.org,2024-12-10
1630,1630,CUS0001630,Brian,Hunter,M,British,36-50,Silver,HL00001630,Silver,EXC,Non-Smoking,Business,dixonjoel@example.com,2023-11-29
1631,1631,CUS0001631,Jacob,Carson,M,Singaporean,26-35,Platinum,HL00001631,None,DLX,Smoking,Business,bjones@example.com,2024-06-10
1632,1632,CUS0001632,Allison,Lawson,F,American,51-65,None,HL00001632,None,EXC,Non-Smoking,Family,matthew65@example.com,2025-05-27
1633,1633,CUS0001633,Marco,Martin,M,American,51-65,None,HL00001633,Silver,SUT,Smoking,Leisure,carteredward@example.net,2024-08-25
1634,1634,CUS0001634,Ashley,Lewis,F,Indonesian,65+,Platinum,HL00001634,None,STD,Non-Smoking,Family,william89@example.net,2025-05-07
1635,1635,CUS0001635,Teresa,Gray,F,Indonesian,51-65,None,HL00001635,None,SUT,Non-Smoking,Business,sandovaledward@example.net,2024-12-17
1636,1636,CUS0001636,Tina,Benjamin,F,Singaporean,65+,None,HL00001636,Silver,SUT,Non-Smoking,MICE,arianacuevas@example.net,2026-01-17
1637,1637,CUS0001637,Morgan,Ryan,F,Other,36-50,Silver,HL00001637,Platinum,DLX,Non-Smoking,Leisure,abbottallison@example.org,2025-01-19
1638,1638,CUS0001638,Kaitlyn,Warren,F,Other,26-35,Platinum,HL00001638,None,DLX,Non-Smoking,Leisure,mstewart@example.net,2026-04-08
1639,1639,CUS0001639,Thomas,Murphy,M,British,51-65,Gold,HL00001639,None,EXC,Smoking,Family,jerry51@example.net,2024-01-23
1640,1640,CUS0001640,Jill,Rosario,F,Japanese,51-65,Silver,HL00001640,Silver,DLX,Non-Smoking,Family,wcox@example.net,2023-07-06
1641,1641,CUS0001641,Billy,Cox,M,Indonesian,36-50,None,HL00001641,None,SUT,Non-Smoking,Leisure,cjacobs@example.com,2023-09-15
1642,1642,CUS0001642,Keith,Serrano,M,Indonesian,51-65,None,HL00001642,None,STD,Non-Smoking,Business,sarasanchez@example.com,2025-11-13
1643,1643,CUS0001643,Lauren,Taylor,F,Indonesian,26-35,Gold,HL00001643,None,DLX,Non-Smoking,Honeymoon,laura55@example.org,2025-07-28
1644,1644,CUS0001644,Jason,Wagner,M,Indonesian,65+,Gold,HL00001644,Silver,STD,Non-Smoking,Leisure,barbarachen@example.org,2023-07-31
1645,1645,CUS0001645,Shawn,Smith,M,Indonesian,51-65,None,HL00001645,None,DLX,Non-Smoking,Leisure,barneskathy@example.net,2025-08-13
1646,1646,CUS0001646,Patrick,Martinez,M,Indonesian,36-50,Gold,HL00001646,Platinum,STD,Non-Smoking,Leisure,bassandrew@example.org,2024-09-28
1647,1647,CUS0001647,Brandi,Camacho,F,Singaporean,65+,None,HL00001647,None,EXC,Non-Smoking,Business,wstrong@example.org,2025-07-10
1648,1648,CUS0001648,Melissa,Allen,F,Singaporean,36-50,None,HL00001648,None,DLX,Non-Smoking,Business,david59@example.net,2024-08-16
1649,1649,CUS0001649,Brian,Bowen,M,Indonesian,26-35,None,HL00001649,Platinum,STD,Smoking,Business,rodgersmichael@example.com,2025-05-12
1650,1650,CUS0001650,Mark,Yang,M,Singaporean,36-50,Silver,HL00001650,None,DLX,Smoking,Business,eroberts@example.net,2023-07-19
1651,1651,CUS0001651,Nicholas,Cummings,M,Indonesian,51-65,None,HL00001651,None,DLX,Non-Smoking,Business,hernandezalan@example.net,2023-08-02
1652,1652,CUS0001652,Megan,Chavez,F,Indonesian,36-50,None,HL00001652,None,STD,Non-Smoking,Leisure,samuel89@example.com,2025-05-27
1653,1653,CUS0001653,Brent,Evans,M,Indonesian,18-25,None,HL00001653,Gold,STD,Non-Smoking,Leisure,brandon88@example.net,2024-03-08
1654,1654,CUS0001654,Ryan,Simmons,M,American,36-50,Silver,HL00001654,Silver,DLX,Non-Smoking,Business,patrick22@example.org,2024-01-22
1655,1655,CUS0001655,Theresa,Khan,F,Indonesian,18-25,Silver,HL00001655,Silver,SUT,Non-Smoking,Family,russellramirez@example.net,2024-08-13
1656,1656,CUS0001656,Ariana,Mitchell,F,Indonesian,51-65,None,HL00001656,Silver,DLX,Non-Smoking,Honeymoon,robertstommy@example.org,2026-02-01
1657,1657,CUS0001657,Dylan,Hardin,M,Australian,51-65,None,HL00001657,None,STD,Non-Smoking,Leisure,middletonelizabeth@example.org,2024-12-29
1658,1658,CUS0001658,Christine,Roberson,F,Indonesian,65+,None,HL00001658,Gold,STD,Non-Smoking,Business,anthonyorr@example.net,2024-10-15
1659,1659,CUS0001659,Rebecca,Smith,F,Singaporean,36-50,None,HL00001659,None,SUT,Non-Smoking,MICE,woodjuan@example.net,2023-07-19
1660,1660,CUS0001660,Monique,Meyer,F,Indonesian,36-50,Platinum,HL00001660,Silver,SUT,Non-Smoking,Business,hphillips@example.net,2024-03-19
1661,1661,CUS0001661,Thomas,Wilson,M,Indonesian,26-35,Silver,HL00001661,None,STD,Non-Smoking,Family,fsnyder@example.org,2026-04-01
1662,1662,CUS0001662,Nicholas,Wilson,M,Indonesian,51-65,None,HL00001662,Gold,DLX,Non-Smoking,Leisure,linda31@example.com,2024-07-15
1663,1663,CUS0001663,Jonathon,Hill,M,Indonesian,51-65,Silver,HL00001663,Silver,STD,Non-Smoking,Leisure,mannleroy@example.org,2025-10-28
1664,1664,CUS0001664,Ashlee,Thornton,F,British,36-50,Platinum,HL00001664,Gold,EXC,Non-Smoking,Business,james80@example.net,2025-06-06
1665,1665,CUS0001665,Aimee,Taylor,F,Singaporean,26-35,Platinum,HL00001665,Platinum,EXC,Non-Smoking,Business,owiggins@example.net,2025-10-24
1666,1666,CUS0001666,Deborah,Hernandez,F,Japanese,51-65,None,HL00001666,None,EXC,Non-Smoking,MICE,jessicacampbell@example.org,2025-11-09
1667,1667,CUS0001667,Shawn,Tapia,M,Indonesian,26-35,Gold,HL00001667,Silver,SUT,Non-Smoking,Honeymoon,aaronjones@example.net,2025-11-26
1668,1668,CUS0001668,Daniel,Thompson,M,Indonesian,26-35,Silver,HL00001668,Gold,STD,Smoking,Business,nwatts@example.com,2025-01-28
1669,1669,CUS0001669,Lauren,Little,F,British,26-35,Gold,HL00001669,Gold,SUT,Non-Smoking,Leisure,lmoreno@example.com,2023-07-15
1670,1670,CUS0001670,David,Carter,M,Indonesian,18-25,None,HL00001670,Silver,DLX,Non-Smoking,MICE,ohenry@example.com,2024-04-01
1671,1671,CUS0001671,Heather,Castillo,F,Indonesian,26-35,None,HL00001671,Silver,EXC,Non-Smoking,Leisure,robinsonsydney@example.com,2025-12-07
1672,1672,CUS0001672,Tracy,Nguyen,F,Other,36-50,None,HL00001672,None,EXC,Non-Smoking,Leisure,dwilson@example.com,2023-10-06
1673,1673,CUS0001673,Brian,Terry,M,Indonesian,26-35,Silver,HL00001673,Gold,DLX,Non-Smoking,Family,kimwebb@example.com,2025-07-06
1674,1674,CUS0001674,Jason,Young,M,Indonesian,26-35,None,HL00001674,Platinum,DLX,Non-Smoking,Leisure,joseph36@example.org,2025-08-24
1675,1675,CUS0001675,Patricia,Green,F,British,36-50,Silver,HL00001675,Gold,STD,Non-Smoking,Business,robert76@example.com,2024-01-17
1676,1676,CUS0001676,Thomas,Adams,M,Indonesian,51-65,None,HL00001676,Silver,SUT,Non-Smoking,Family,matthewcardenas@example.com,2024-04-24
1677,1677,CUS0001677,Jason,Armstrong,M,Malaysian,36-50,Silver,HL00001677,None,EXC,Non-Smoking,Family,amandachan@example.org,2024-02-02
1678,1678,CUS0001678,Lisa,Anderson,F,Singaporean,26-35,None,HL00001678,None,STD,Non-Smoking,Family,clementsandrew@example.com,2025-05-31
1679,1679,CUS0001679,Phyllis,Cook,F,Indonesian,65+,Silver,HL00001679,Platinum,STD,Non-Smoking,Family,katie81@example.net,2024-10-17
1680,1680,CUS0001680,Kelly,Cox,F,Malaysian,65+,None,HL00001680,None,STD,Non-Smoking,Leisure,traciemassey@example.com,2023-11-22
1681,1681,CUS0001681,Dave,Solis,M,Indonesian,18-25,None,HL00001681,None,STD,Non-Smoking,Business,martin38@example.net,2025-05-27
1682,1682,CUS0001682,Teresa,Johnson,F,American,51-65,Gold,HL00001682,None,EXC,Non-Smoking,Business,fischeralisha@example.net,2025-07-08
1683,1683,CUS0001683,Rick,Williams,M,American,36-50,Silver,HL00001683,None,DLX,Non-Smoking,Family,kevin33@example.org,2023-11-10
1684,1684,CUS0001684,Nicole,Hess,F,British,51-65,Silver,HL00001684,Platinum,SUT,Non-Smoking,Leisure,irios@example.net,2025-04-24
1685,1685,CUS0001685,Shannon,Jones,F,Japanese,51-65,Gold,HL00001685,None,EXC,Non-Smoking,Leisure,vsmith@example.net,2025-12-11
1686,1686,CUS0001686,Tamara,Davis,F,Malaysian,26-35,None,HL00001686,Silver,EXC,Non-Smoking,Leisure,mlee@example.com,2026-01-16
1687,1687,CUS0001687,Franklin,Hunt,M,Indonesian,18-25,None,HL00001687,None,DLX,Non-Smoking,Leisure,turnerstephen@example.org,2024-01-04
1688,1688,CUS0001688,Wayne,Johnston,M,Japanese,51-65,Platinum,HL00001688,Gold,STD,Non-Smoking,Business,fcarter@example.org,2023-08-22
1689,1689,CUS0001689,Kristina,Webb,F,Indonesian,36-50,Silver,HL00001689,None,STD,Non-Smoking,Leisure,patrickkaiser@example.net,2025-08-21
1690,1690,CUS0001690,Tiffany,Farmer,F,American,36-50,None,HL00001690,Gold,EXC,Non-Smoking,Leisure,chavezbecky@example.org,2024-01-18
1691,1691,CUS0001691,Ray,West,M,Japanese,36-50,Gold,HL00001691,Silver,DLX,Non-Smoking,Family,phart@example.com,2025-01-22
1692,1692,CUS0001692,Charles,Soto,M,Indonesian,51-65,None,HL00001692,Silver,EXC,Non-Smoking,Leisure,davisgary@example.com,2024-05-13
1693,1693,CUS0001693,David,Thomas,M,Singaporean,26-35,None,HL00001693,None,STD,Smoking,Business,kmills@example.org,2024-05-08
1694,1694,CUS0001694,Pamela,King,F,Australian,65+,Gold,HL00001694,Gold,SUT,Smoking,Business,joy20@example.com,2024-06-21
1695,1695,CUS0001695,Keith,Russell,M,British,26-35,Gold,HL00001695,Silver,STD,Non-Smoking,Business,adamsjason@example.net,2023-12-21
1696,1696,CUS0001696,John,Porter,M,American,18-25,None,HL00001696,Gold,EXC,Non-Smoking,MICE,marcfletcher@example.net,2026-02-11
1697,1697,CUS0001697,Scott,Haney,M,Other,36-50,Gold,HL00001697,Silver,SUT,Non-Smoking,Leisure,morseronald@example.org,2023-12-31
1698,1698,CUS0001698,Cameron,Smith,M,Indonesian,36-50,None,HL00001698,None,STD,Non-Smoking,Honeymoon,martinsamuel@example.org,2023-06-26
1699,1699,CUS0001699,Stephen,Simpson,M,American,65+,None,HL00001699,Gold,EXC,Non-Smoking,Honeymoon,jtaylor@example.com,2024-06-26
1700,1700,CUS0001700,Alexandra,Wilson,F,Australian,36-50,None,HL00001700,Platinum,EXC,Non-Smoking,Honeymoon,jennifer48@example.com,2024-07-30
1701,1701,CUS0001701,Steve,Elliott,M,Singaporean,26-35,None,HL00001701,None,DLX,Non-Smoking,Leisure,donaldmills@example.org,2024-11-13
1702,1702,CUS0001702,Lucas,Klein,M,British,18-25,None,HL00001702,None,SUT,Non-Smoking,Business,thomas35@example.net,2025-05-21
1703,1703,CUS0001703,Zachary,Reilly,M,Indonesian,18-25,Gold,HL00001703,Gold,SUT,Non-Smoking,Business,alicecalderon@example.org,2024-03-27
1704,1704,CUS0001704,Jennifer,Hernandez,F,Indonesian,51-65,None,HL00001704,Gold,EXC,Smoking,Leisure,holderadam@example.net,2025-01-06
1705,1705,CUS0001705,Christina,Davis,F,Indonesian,51-65,Silver,HL00001705,Silver,DLX,Non-Smoking,Business,drivera@example.net,2025-04-10
1706,1706,CUS0001706,Linda,Jones,F,Japanese,36-50,None,HL00001706,None,SUT,Non-Smoking,Leisure,michaelsmith@example.org,2025-10-19
1707,1707,CUS0001707,Diane,Buck,F,American,51-65,Gold,HL00001707,None,DLX,Non-Smoking,Business,tsilva@example.com,2024-09-17
1708,1708,CUS0001708,Randall,Villa,M,Indonesian,26-35,Gold,HL00001708,None,DLX,Non-Smoking,Leisure,chrishernandez@example.net,2023-10-20
1709,1709,CUS0001709,Douglas,Baker,M,Indonesian,51-65,None,HL00001709,Silver,STD,Non-Smoking,Leisure,martinezalexa@example.net,2025-08-02
1710,1710,CUS0001710,Janet,Johnston,F,Indonesian,18-25,Gold,HL00001710,None,SUT,Non-Smoking,Leisure,tammy97@example.org,2025-07-08
1711,1711,CUS0001711,Aaron,Hall,M,Other,51-65,Platinum,HL00001711,None,STD,Non-Smoking,Business,christopherpratt@example.org,2026-02-06
1712,1712,CUS0001712,Carmen,Baxter,F,Indonesian,51-65,Silver,HL00001712,None,STD,Non-Smoking,MICE,christian02@example.net,2023-08-13
1713,1713,CUS0001713,Jessica,Ortega,F,American,18-25,None,HL00001713,Gold,STD,Non-Smoking,Family,kevin13@example.net,2026-04-04
1714,1714,CUS0001714,James,Cruz,M,Malaysian,36-50,None,HL00001714,None,SUT,Non-Smoking,Business,hkelly@example.com,2024-12-18
1715,1715,CUS0001715,Angela,Jacobs,F,Malaysian,36-50,Gold,HL00001715,Silver,SUT,Non-Smoking,Business,stephaniedougherty@example.com,2024-05-10
1716,1716,CUS0001716,Charles,Kim,M,American,26-35,None,HL00001716,None,EXC,Non-Smoking,Leisure,yhenry@example.com,2026-02-20
1717,1717,CUS0001717,Barbara,Yoder,F,Malaysian,26-35,Silver,HL00001717,Silver,SUT,Non-Smoking,Business,gregory57@example.net,2023-12-08
1718,1718,CUS0001718,Monica,Lewis,F,Indonesian,51-65,Silver,HL00001718,None,DLX,Non-Smoking,Business,patrickwhite@example.net,2024-09-29
1719,1719,CUS0001719,Christina,Ward,F,Australian,65+,None,HL00001719,Platinum,STD,Non-Smoking,MICE,adamcollins@example.org,2023-06-10
1720,1720,CUS0001720,Sydney,Shaw,F,Indonesian,36-50,Gold,HL00001720,Silver,DLX,Non-Smoking,MICE,lawsonarthur@example.com,2023-05-24
1721,1721,CUS0001721,John,Williams,M,Australian,26-35,Gold,HL00001721,Gold,EXC,Non-Smoking,Business,joshua09@example.org,2026-04-28
1722,1722,CUS0001722,Tanya,Osborn,F,Indonesian,18-25,Gold,HL00001722,Silver,DLX,Non-Smoking,Business,ehenry@example.net,2023-12-16
1723,1723,CUS0001723,Nicole,Aguirre,F,Indonesian,26-35,Silver,HL00001723,Platinum,SUT,Non-Smoking,Business,woodchloe@example.net,2025-03-24
1724,1724,CUS0001724,Michele,Thompson,F,Other,51-65,Gold,HL00001724,Gold,SUT,Smoking,Honeymoon,christopherflowers@example.org,2025-07-28
1725,1725,CUS0001725,Jill,Page,F,Indonesian,65+,Silver,HL00001725,Silver,EXC,Non-Smoking,Family,connor84@example.org,2023-06-06
1726,1726,CUS0001726,Lisa,Smith,F,Indonesian,26-35,None,HL00001726,Platinum,SUT,Non-Smoking,Business,rachael29@example.net,2024-11-05
1727,1727,CUS0001727,Jose,Shepard,M,Japanese,36-50,None,HL00001727,None,DLX,Non-Smoking,Family,qbutler@example.net,2025-08-10
1728,1728,CUS0001728,Austin,Bryan,M,Malaysian,65+,Gold,HL00001728,None,EXC,Non-Smoking,Business,jessicamiller@example.com,2025-03-29
1729,1729,CUS0001729,Donald,Gonzalez,M,Indonesian,65+,Gold,HL00001729,Gold,DLX,Non-Smoking,Leisure,vthompson@example.org,2025-01-02
1730,1730,CUS0001730,Donald,Bell,M,Indonesian,51-65,None,HL00001730,Silver,DLX,Non-Smoking,MICE,steven19@example.com,2024-12-20
1731,1731,CUS0001731,Audrey,Davis,F,British,65+,Silver,HL00001731,None,STD,Non-Smoking,MICE,lopezbrittany@example.org,2024-05-14
1732,1732,CUS0001732,Caroline,Smith,F,Malaysian,18-25,Platinum,HL00001732,None,SUT,Non-Smoking,Leisure,steven34@example.net,2023-09-05
1733,1733,CUS0001733,Tommy,Hancock,M,Indonesian,26-35,None,HL00001733,None,STD,Non-Smoking,Leisure,lancegray@example.com,2024-11-09
1734,1734,CUS0001734,Douglas,Cunningham,M,Other,51-65,Silver,HL00001734,Platinum,DLX,Smoking,MICE,mperez@example.com,2025-11-06
1735,1735,CUS0001735,Christopher,Phillips,M,Indonesian,51-65,None,HL00001735,Silver,STD,Non-Smoking,Leisure,fbaker@example.com,2024-02-02
1736,1736,CUS0001736,Heidi,Barton,F,American,26-35,None,HL00001736,Silver,DLX,Non-Smoking,Leisure,rgallegos@example.org,2026-01-06
1737,1737,CUS0001737,Travis,Richards,M,Indonesian,65+,Silver,HL00001737,None,EXC,Non-Smoking,Leisure,amandaclark@example.net,2023-12-29
1738,1738,CUS0001738,Gregory,Cochran,M,Indonesian,36-50,None,HL00001738,Gold,SUT,Non-Smoking,Leisure,jared88@example.net,2023-11-08
1739,1739,CUS0001739,Debra,Palmer,F,Indonesian,18-25,None,HL00001739,Silver,SUT,Non-Smoking,Family,jonathanmcdonald@example.org,2023-07-22
1740,1740,CUS0001740,Jose,Welch,M,Japanese,65+,None,HL00001740,None,SUT,Smoking,Business,ltaylor@example.com,2025-09-17
1741,1741,CUS0001741,Kristy,Barrett,F,Indonesian,36-50,Gold,HL00001741,Platinum,SUT,Non-Smoking,Leisure,morrisdaniel@example.com,2024-11-21
1742,1742,CUS0001742,Christopher,Alvarez,M,Indonesian,65+,None,HL00001742,None,DLX,Non-Smoking,Honeymoon,deborah12@example.com,2025-02-04
1743,1743,CUS0001743,Carla,Payne,F,Indonesian,51-65,None,HL00001743,None,STD,Non-Smoking,Leisure,gonzaleschristina@example.net,2023-07-19
1744,1744,CUS0001744,Melissa,Simon,F,Japanese,26-35,None,HL00001744,None,SUT,Non-Smoking,MICE,qflowers@example.net,2024-10-12
1745,1745,CUS0001745,Kyle,Olson,M,Indonesian,36-50,None,HL00001745,None,EXC,Non-Smoking,Family,oevans@example.net,2026-04-26
1746,1746,CUS0001746,Jennifer,Schroeder,F,Indonesian,65+,Silver,HL00001746,Gold,EXC,Non-Smoking,Business,kwatkins@example.net,2024-08-15
1747,1747,CUS0001747,Tammy,Tanner,F,Indonesian,51-65,Platinum,HL00001747,Gold,EXC,Non-Smoking,Leisure,stephaniebradley@example.org,2024-06-27
1748,1748,CUS0001748,Matthew,Kramer,M,Other,51-65,Gold,HL00001748,Gold,SUT,Non-Smoking,Business,wallerkyle@example.org,2024-01-09
1749,1749,CUS0001749,Gregory,Foster,M,British,18-25,Silver,HL00001749,None,STD,Smoking,Honeymoon,jsmith@example.org,2023-09-22
1750,1750,CUS0001750,Eric,Miller,M,Singaporean,51-65,None,HL00001750,Silver,SUT,Non-Smoking,Leisure,michaelakim@example.net,2024-06-07
1751,1751,CUS0001751,Christian,Peters,M,Australian,51-65,Silver,HL00001751,Platinum,EXC,Non-Smoking,Family,adam25@example.org,2026-03-08
1752,1752,CUS0001752,Joshua,Long,M,Malaysian,36-50,Silver,HL00001752,None,DLX,Non-Smoking,Leisure,robertabarnett@example.com,2023-08-15
1753,1753,CUS0001753,Dana,Stark,F,Japanese,26-35,None,HL00001753,Platinum,STD,Non-Smoking,Business,wanderson@example.org,2024-08-10
1754,1754,CUS0001754,Raymond,Villanueva,M,Japanese,36-50,Silver,HL00001754,None,STD,Non-Smoking,Leisure,icarlson@example.org,2023-10-21
1755,1755,CUS0001755,John,Yang,M,Indonesian,51-65,Platinum,HL00001755,Platinum,SUT,Non-Smoking,Leisure,walkercharlotte@example.org,2025-08-27
1756,1756,CUS0001756,Heidi,Mason,F,Indonesian,36-50,None,HL00001756,None,DLX,Non-Smoking,Leisure,bishopkaren@example.org,2023-10-01
1757,1757,CUS0001757,Crystal,Porter,F,Indonesian,26-35,None,HL00001757,None,EXC,Non-Smoking,Business,clarkryan@example.com,2026-01-02
1758,1758,CUS0001758,Matthew,Simmons,M,Indonesian,36-50,None,HL00001758,Gold,DLX,Non-Smoking,Business,larry70@example.com,2025-04-01
1759,1759,CUS0001759,Christopher,Sanders,M,Indonesian,36-50,None,HL00001759,None,STD,Non-Smoking,Business,marshallchristopher@example.net,2025-08-11
1760,1760,CUS0001760,Brian,Huffman,M,Singaporean,18-25,None,HL00001760,Silver,SUT,Non-Smoking,Leisure,martindavid@example.net,2023-11-04
1761,1761,CUS0001761,Michael,Smith,M,Indonesian,36-50,None,HL00001761,None,DLX,Non-Smoking,Leisure,dhenderson@example.com,2024-09-02
1762,1762,CUS0001762,Deanna,Walters,F,American,36-50,None,HL00001762,None,STD,Non-Smoking,Leisure,xshaw@example.com,2025-07-16
1763,1763,CUS0001763,George,Nichols,M,Indonesian,26-35,Gold,HL00001763,Silver,STD,Non-Smoking,Leisure,daniel26@example.net,2023-10-23
1764,1764,CUS0001764,Janet,Leonard,F,Indonesian,18-25,Silver,HL00001764,Gold,DLX,Non-Smoking,Leisure,adamvaughan@example.net,2025-05-11
1765,1765,CUS0001765,Deanna,Robertson,F,Indonesian,26-35,None,HL00001765,Silver,SUT,Non-Smoking,Business,dgraham@example.com,2024-05-04
1766,1766,CUS0001766,Bryan,Burns,M,Indonesian,65+,None,HL00001766,Silver,EXC,Non-Smoking,Business,brendan95@example.com,2024-01-19
1767,1767,CUS0001767,George,Phillips,M,Indonesian,36-50,Platinum,HL00001767,None,DLX,Non-Smoking,Leisure,danielsguy@example.com,2023-12-21
1768,1768,CUS0001768,Alan,Nguyen,M,Australian,36-50,Silver,HL00001768,None,STD,Non-Smoking,Business,larsonmichael@example.org,2024-12-05
1769,1769,CUS0001769,Nancy,Wright,F,Singaporean,36-50,None,HL00001769,None,EXC,Non-Smoking,Family,nicholsdavid@example.org,2026-04-25
1770,1770,CUS0001770,Johnny,Orozco,M,Indonesian,26-35,Platinum,HL00001770,Gold,EXC,Non-Smoking,MICE,teresa93@example.net,2023-10-29
1771,1771,CUS0001771,Kelly,Ellis,F,Other,18-25,Silver,HL00001771,Platinum,STD,Smoking,Leisure,nguyenbenjamin@example.net,2024-10-11
1772,1772,CUS0001772,Mark,Macias,M,Japanese,18-25,Platinum,HL00001772,None,EXC,Smoking,Business,uhunt@example.org,2025-07-23
1773,1773,CUS0001773,Timothy,Curry,M,Indonesian,51-65,Platinum,HL00001773,Gold,DLX,Non-Smoking,Leisure,lmorales@example.net,2024-06-29
1774,1774,CUS0001774,Mikayla,Newton,F,Singaporean,51-65,Gold,HL00001774,None,EXC,Non-Smoking,MICE,copelandryan@example.org,2025-03-21
1775,1775,CUS0001775,Cheryl,Green,F,British,18-25,None,HL00001775,Platinum,SUT,Non-Smoking,Leisure,christina83@example.net,2023-09-11
1776,1776,CUS0001776,Anthony,Berry,M,Indonesian,18-25,Silver,HL00001776,None,EXC,Non-Smoking,Business,kathleenkim@example.net,2024-04-19
1777,1777,CUS0001777,Paula,Hill,F,Indonesian,26-35,Silver,HL00001777,Gold,EXC,Smoking,Business,jacobsrenee@example.net,2025-11-24
1778,1778,CUS0001778,Denise,Russell,F,British,51-65,None,HL00001778,None,EXC,Non-Smoking,Family,caseydiane@example.com,2025-06-24
1779,1779,CUS0001779,Julia,Tyler,F,Singaporean,51-65,Platinum,HL00001779,None,DLX,Non-Smoking,Business,colton30@example.net,2026-05-02
1780,1780,CUS0001780,Connie,Carr,F,Indonesian,51-65,Platinum,HL00001780,None,DLX,Smoking,Family,omatthews@example.net,2024-03-09
1781,1781,CUS0001781,Joshua,Alvarez,M,Indonesian,51-65,Silver,HL00001781,Gold,DLX,Non-Smoking,Business,cooperluis@example.com,2024-11-08
1782,1782,CUS0001782,Joel,Newton,M,Singaporean,51-65,None,HL00001782,None,DLX,Smoking,Family,amandajackson@example.com,2026-02-14
1783,1783,CUS0001783,Jamie,Guerrero,M,American,51-65,Silver,HL00001783,Platinum,EXC,Non-Smoking,Family,welchanna@example.com,2025-09-12
1784,1784,CUS0001784,Christine,Mercer,F,Australian,65+,Silver,HL00001784,Gold,EXC,Non-Smoking,Leisure,kevin57@example.net,2025-11-18
1785,1785,CUS0001785,Allen,Weber,M,American,36-50,Gold,HL00001785,Silver,STD,Non-Smoking,Family,claudiacunningham@example.com,2024-07-15
1786,1786,CUS0001786,Alexander,Mcpherson,M,Indonesian,18-25,Gold,HL00001786,Platinum,EXC,Non-Smoking,Leisure,yfritz@example.net,2025-06-15
1787,1787,CUS0001787,Jamie,Rush,F,Indonesian,51-65,Gold,HL00001787,Gold,SUT,Non-Smoking,Business,davisjeffery@example.org,2026-01-25
1788,1788,CUS0001788,Dylan,Hancock,M,Indonesian,26-35,Platinum,HL00001788,Gold,DLX,Non-Smoking,Leisure,wpierce@example.org,2023-11-28
1789,1789,CUS0001789,Steven,Ramirez,M,Indonesian,36-50,None,HL00001789,None,DLX,Non-Smoking,Honeymoon,crystal58@example.net,2025-12-12
1790,1790,CUS0001790,Jenna,Trevino,F,Indonesian,36-50,Gold,HL00001790,None,DLX,Non-Smoking,Business,ssherman@example.com,2023-06-15
1791,1791,CUS0001791,Thomas,Thompson,M,Indonesian,51-65,None,HL00001791,Platinum,DLX,Non-Smoking,MICE,aaron57@example.net,2024-01-29
1792,1792,CUS0001792,Michael,Garcia,M,Indonesian,51-65,Platinum,HL00001792,None,SUT,Non-Smoking,Business,amccann@example.org,2025-12-20
1793,1793,CUS0001793,Allen,Walker,M,Indonesian,26-35,Gold,HL00001793,Silver,DLX,Non-Smoking,Family,greenejessica@example.org,2023-07-24
1794,1794,CUS0001794,Leonard,Jackson,M,British,51-65,Silver,HL00001794,Platinum,EXC,Non-Smoking,Leisure,xcohen@example.org,2023-09-05
1795,1795,CUS0001795,Kyle,Clarke,M,Singaporean,18-25,Silver,HL00001795,Silver,DLX,Non-Smoking,MICE,marnold@example.org,2024-05-13
1796,1796,CUS0001796,Jacob,Baxter,M,Singaporean,36-50,Silver,HL00001796,None,STD,Non-Smoking,Family,thomasmarquez@example.org,2024-11-08
1797,1797,CUS0001797,Brandi,Brown,F,Other,51-65,Gold,HL00001797,None,DLX,Non-Smoking,Family,clarksteven@example.org,2025-07-26
1798,1798,CUS0001798,Larry,Fritz,M,British,26-35,None,HL00001798,None,SUT,Smoking,Business,teresaporter@example.org,2025-04-18
1799,1799,CUS0001799,Lindsey,Rivera,F,Indonesian,18-25,None,HL00001799,Gold,STD,Non-Smoking,Family,johnbowen@example.org,2025-08-17
1800,1800,CUS0001800,Nicole,Fleming,F,Indonesian,65+,Platinum,HL00001800,Silver,DLX,Non-Smoking,MICE,ecamacho@example.com,2024-04-25
1801,1801,CUS0001801,Richard,Rosario,M,Malaysian,65+,None,HL00001801,None,SUT,Non-Smoking,Business,baldwincatherine@example.net,2025-11-25
1802,1802,CUS0001802,Alexander,Castillo,M,American,18-25,None,HL00001802,None,DLX,Non-Smoking,Leisure,carterraymond@example.net,2026-02-07
1803,1803,CUS0001803,Amanda,Ross,F,Indonesian,18-25,None,HL00001803,Silver,SUT,Non-Smoking,Business,hpatterson@example.org,2025-01-09
1804,1804,CUS0001804,Ryan,Chang,M,Indonesian,51-65,Gold,HL00001804,None,SUT,Non-Smoking,Leisure,bowenmichael@example.net,2026-05-20
1805,1805,CUS0001805,Charles,Sanchez,M,Other,51-65,None,HL00001805,None,STD,Non-Smoking,Leisure,gclark@example.com,2025-04-15
1806,1806,CUS0001806,Michael,Ellis,M,Indonesian,26-35,None,HL00001806,None,DLX,Non-Smoking,Business,wgoodwin@example.com,2024-02-21
1807,1807,CUS0001807,Edward,Wallace,M,Indonesian,51-65,None,HL00001807,Gold,EXC,Non-Smoking,Leisure,klyons@example.com,2024-03-26
1808,1808,CUS0001808,Amanda,Taylor,F,British,26-35,None,HL00001808,Gold,STD,Non-Smoking,Leisure,anthony59@example.com,2025-07-06
1809,1809,CUS0001809,Eddie,Duffy,M,Other,26-35,Gold,HL00001809,None,SUT,Non-Smoking,Leisure,ashleytorres@example.net,2025-12-17
1810,1810,CUS0001810,Michael,Moore,M,Other,36-50,Gold,HL00001810,Silver,SUT,Non-Smoking,Leisure,dwaynecarter@example.com,2024-10-28
1811,1811,CUS0001811,Mark,Johnson,M,Singaporean,51-65,Silver,HL00001811,None,SUT,Smoking,Family,brandyhernandez@example.org,2024-09-14
1812,1812,CUS0001812,Jackson,Romero,M,American,51-65,None,HL00001812,Platinum,STD,Non-Smoking,Leisure,kwoods@example.com,2025-04-20
1813,1813,CUS0001813,Christopher,Farrell,M,Indonesian,26-35,Gold,HL00001813,None,STD,Non-Smoking,MICE,alexandra67@example.net,2023-11-30
1814,1814,CUS0001814,Shelby,Olson,F,Singaporean,51-65,None,HL00001814,None,STD,Non-Smoking,Leisure,aprince@example.net,2023-05-25
1815,1815,CUS0001815,Gordon,Parker,M,Singaporean,65+,None,HL00001815,Gold,DLX,Non-Smoking,MICE,edwardfranklin@example.net,2025-11-23
1816,1816,CUS0001816,Barbara,Gonzalez,F,Indonesian,18-25,Gold,HL00001816,None,STD,Non-Smoking,MICE,ostevens@example.org,2023-08-05
1817,1817,CUS0001817,Paul,Fuentes,M,Indonesian,18-25,None,HL00001817,Platinum,SUT,Non-Smoking,Business,judithcox@example.org,2024-11-01
1818,1818,CUS0001818,Mark,Crane,M,Indonesian,36-50,Platinum,HL00001818,None,STD,Non-Smoking,Business,nelsonsuzanne@example.net,2025-01-25
1819,1819,CUS0001819,Shelia,Waller,F,Indonesian,36-50,Silver,HL00001819,Gold,SUT,Smoking,Business,griffinalexandra@example.org,2024-06-20
1820,1820,CUS0001820,Robert,White,M,Indonesian,51-65,Silver,HL00001820,Gold,SUT,Non-Smoking,Family,jeremylove@example.org,2024-05-30
1821,1821,CUS0001821,William,Baker,M,Singaporean,65+,None,HL00001821,None,STD,Non-Smoking,Business,christopher31@example.org,2024-09-01
1822,1822,CUS0001822,Elizabeth,Clark,F,Malaysian,36-50,None,HL00001822,None,DLX,Smoking,Business,brendaperkins@example.com,2024-09-07
1823,1823,CUS0001823,Joshua,Harrington,M,Japanese,65+,None,HL00001823,None,SUT,Non-Smoking,Business,kristy13@example.com,2023-10-11
1824,1824,CUS0001824,Jessica,Alvarez,F,Indonesian,65+,Silver,HL00001824,None,SUT,Smoking,Leisure,danielsjason@example.com,2023-12-10
1825,1825,CUS0001825,Laura,Perkins,F,Singaporean,51-65,Silver,HL00001825,Silver,DLX,Non-Smoking,Business,cortezscott@example.net,2025-11-11
1826,1826,CUS0001826,Kevin,Reid,M,Indonesian,51-65,Silver,HL00001826,None,DLX,Non-Smoking,Family,qgay@example.com,2023-08-12
1827,1827,CUS0001827,Debra,Welch,F,Other,26-35,Silver,HL00001827,None,SUT,Non-Smoking,Family,william84@example.net,2023-09-10
1828,1828,CUS0001828,Dennis,Patel,M,Indonesian,51-65,Gold,HL00001828,None,SUT,Non-Smoking,Honeymoon,joshua88@example.com,2024-10-12
1829,1829,CUS0001829,Jessica,Rowland,F,Indonesian,26-35,Platinum,HL00001829,None,STD,Non-Smoking,Business,tonyflores@example.net,2025-10-27
1830,1830,CUS0001830,Jon,White,M,Indonesian,36-50,Silver,HL00001830,Gold,EXC,Non-Smoking,Business,gchambers@example.com,2024-11-01
1831,1831,CUS0001831,Margaret,Ryan,F,British,51-65,Silver,HL00001831,Silver,STD,Non-Smoking,Leisure,jamesrodriguez@example.org,2025-11-05
1832,1832,CUS0001832,Elizabeth,Torres,F,Indonesian,51-65,None,HL00001832,None,DLX,Non-Smoking,Business,tgarcia@example.net,2024-03-22
1833,1833,CUS0001833,Kenneth,Moore,M,Indonesian,51-65,Platinum,HL00001833,None,SUT,Non-Smoking,Leisure,jamesfoster@example.org,2024-03-01
1834,1834,CUS0001834,Leonard,Moore,M,Indonesian,51-65,None,HL00001834,Silver,SUT,Non-Smoking,Business,yvaldez@example.com,2024-05-11
1835,1835,CUS0001835,Molly,Perez,F,Japanese,18-25,None,HL00001835,None,EXC,Non-Smoking,Leisure,thomas45@example.org,2025-03-21
1836,1836,CUS0001836,Gene,Gomez,M,Japanese,51-65,None,HL00001836,Silver,DLX,Non-Smoking,Leisure,shannon69@example.com,2024-02-15
1837,1837,CUS0001837,Jason,Gill,M,Indonesian,18-25,Silver,HL00001837,None,SUT,Non-Smoking,Leisure,abrown@example.com,2024-04-13
1838,1838,CUS0001838,Renee,Proctor,F,Indonesian,26-35,Silver,HL00001838,None,SUT,Non-Smoking,Family,andrew33@example.net,2023-08-06
1839,1839,CUS0001839,David,Wall,M,Other,18-25,None,HL00001839,Gold,DLX,Non-Smoking,Leisure,morriskrystal@example.com,2025-11-16
1840,1840,CUS0001840,Justin,Gonzalez,M,Indonesian,36-50,None,HL00001840,Gold,EXC,Non-Smoking,Leisure,christinaalexander@example.com,2023-08-03
1841,1841,CUS0001841,Angela,Martin,F,British,65+,None,HL00001841,None,DLX,Non-Smoking,Leisure,ldavid@example.com,2023-05-28
1842,1842,CUS0001842,Richard,Price,M,Indonesian,65+,None,HL00001842,None,STD,Non-Smoking,Business,mwright@example.net,2024-10-08
1843,1843,CUS0001843,Anthony,Brown,M,British,36-50,None,HL00001843,None,EXC,Non-Smoking,Family,joshua57@example.com,2023-07-09
1844,1844,CUS0001844,Kaitlyn,Gilmore,F,Other,65+,None,HL00001844,Silver,SUT,Non-Smoking,Business,nguyenkimberly@example.com,2025-03-23
1845,1845,CUS0001845,Brittany,Hernandez,F,Japanese,18-25,Silver,HL00001845,None,STD,Non-Smoking,Leisure,audrey81@example.com,2025-04-18
1846,1846,CUS0001846,Garrett,Payne,M,Indonesian,51-65,Gold,HL00001846,Platinum,SUT,Non-Smoking,Leisure,angela40@example.org,2024-06-28
1847,1847,CUS0001847,Randy,Harrell,M,Indonesian,18-25,None,HL00001847,None,STD,Non-Smoking,MICE,susan57@example.net,2024-12-20
1848,1848,CUS0001848,Cathy,Mcdonald,F,Singaporean,51-65,Platinum,HL00001848,Platinum,SUT,Non-Smoking,Family,mcox@example.net,2024-03-18
1849,1849,CUS0001849,David,Munoz,M,Australian,26-35,Silver,HL00001849,None,SUT,Non-Smoking,Business,taylordawn@example.com,2025-09-03
1850,1850,CUS0001850,Robert,Yates,M,Indonesian,36-50,None,HL00001850,Gold,SUT,Non-Smoking,Business,durhamwilliam@example.org,2024-05-05
1851,1851,CUS0001851,Jeffrey,Johnson,M,British,36-50,Platinum,HL00001851,Gold,SUT,Non-Smoking,Leisure,kristy74@example.net,2025-03-06
1852,1852,CUS0001852,Mark,Navarro,M,Malaysian,51-65,Gold,HL00001852,Platinum,EXC,Smoking,Leisure,mccannkimberly@example.net,2024-06-12
1853,1853,CUS0001853,Robert,Mathis,M,Indonesian,51-65,Gold,HL00001853,Platinum,EXC,Non-Smoking,Business,berrytaylor@example.net,2025-11-10
1854,1854,CUS0001854,Nicole,Wang,F,Indonesian,51-65,None,HL00001854,None,STD,Non-Smoking,MICE,dmeyers@example.com,2024-07-22
1855,1855,CUS0001855,Brittany,Rivera,F,Malaysian,18-25,None,HL00001855,Gold,SUT,Non-Smoking,Family,deborahmorgan@example.net,2026-03-25
1856,1856,CUS0001856,Melissa,Wilkins,F,Singaporean,18-25,Gold,HL00001856,None,SUT,Non-Smoking,Family,zpreston@example.net,2024-05-21
1857,1857,CUS0001857,Aaron,Clayton,M,Indonesian,51-65,None,HL00001857,Silver,EXC,Non-Smoking,Business,smithmarcus@example.org,2023-11-06
1858,1858,CUS0001858,Savannah,Silva,F,Indonesian,51-65,None,HL00001858,None,DLX,Non-Smoking,Family,amanda39@example.com,2024-10-27
1859,1859,CUS0001859,Sean,Hernandez,M,Other,18-25,None,HL00001859,None,STD,Non-Smoking,Business,jamiewhite@example.org,2023-08-15
1860,1860,CUS0001860,Lance,Kirk,M,Australian,36-50,None,HL00001860,Gold,STD,Non-Smoking,Leisure,amberblevins@example.com,2023-05-26
1861,1861,CUS0001861,Timothy,Barrett,M,Singaporean,51-65,None,HL00001861,Platinum,DLX,Non-Smoking,MICE,kevincoleman@example.com,2023-09-28
1862,1862,CUS0001862,Taylor,Robinson,F,Indonesian,51-65,None,HL00001862,Gold,SUT,Smoking,Business,anthony71@example.com,2023-09-17
1863,1863,CUS0001863,Jill,Manning,F,Indonesian,65+,None,HL00001863,Silver,EXC,Smoking,Business,omargriffin@example.com,2025-12-24
1864,1864,CUS0001864,Christine,James,F,Indonesian,51-65,Silver,HL00001864,Gold,SUT,Non-Smoking,Family,davisgregory@example.net,2026-04-11
1865,1865,CUS0001865,Jose,Martin,M,Indonesian,18-25,Silver,HL00001865,Silver,SUT,Non-Smoking,Family,davidburns@example.net,2025-12-20
1866,1866,CUS0001866,Nicole,Stewart,F,American,36-50,None,HL00001866,Platinum,EXC,Non-Smoking,Business,jasondavis@example.net,2023-08-06
1867,1867,CUS0001867,Karen,Hicks,F,Indonesian,36-50,None,HL00001867,None,DLX,Non-Smoking,Business,ysmith@example.com,2026-03-18
1868,1868,CUS0001868,Tonya,Garcia,F,Indonesian,36-50,Silver,HL00001868,Gold,DLX,Non-Smoking,Business,sonya16@example.net,2025-01-31
1869,1869,CUS0001869,Dave,Haynes,M,Malaysian,51-65,Platinum,HL00001869,None,SUT,Non-Smoking,Leisure,bliu@example.com,2024-03-02
1870,1870,CUS0001870,Matthew,Morris,M,Australian,18-25,None,HL00001870,None,STD,Non-Smoking,Business,melaniethompson@example.org,2024-05-05
1871,1871,CUS0001871,Kelly,Taylor,F,Other,51-65,Gold,HL00001871,Gold,DLX,Smoking,Leisure,dfarmer@example.net,2025-09-09
1872,1872,CUS0001872,Christine,Singh,F,Malaysian,18-25,Platinum,HL00001872,None,SUT,Non-Smoking,Family,nathan62@example.com,2025-10-17
1873,1873,CUS0001873,Carrie,Stone,F,Indonesian,51-65,Silver,HL00001873,None,SUT,Smoking,Family,judypatrick@example.org,2023-10-07
1874,1874,CUS0001874,Sherry,Rodriguez,F,Indonesian,36-50,Silver,HL00001874,Silver,EXC,Non-Smoking,Leisure,anthonyharris@example.com,2025-12-03
1875,1875,CUS0001875,Jacqueline,Skinner,F,Indonesian,26-35,None,HL00001875,Silver,DLX,Non-Smoking,Family,anthony05@example.org,2024-06-15
1876,1876,CUS0001876,Amanda,Wiggins,F,Australian,36-50,Silver,HL00001876,Platinum,EXC,Non-Smoking,Leisure,ywilliams@example.net,2024-11-16
1877,1877,CUS0001877,Kelly,Moore,F,Indonesian,18-25,Silver,HL00001877,None,EXC,Non-Smoking,Leisure,baileyjeffrey@example.com,2025-04-08
1878,1878,CUS0001878,Brian,Alvarez,M,Singaporean,65+,None,HL00001878,Platinum,DLX,Non-Smoking,Business,ichase@example.com,2025-11-11
1879,1879,CUS0001879,Shannon,Pacheco,F,Japanese,51-65,Gold,HL00001879,None,STD,Non-Smoking,Family,collinsterrance@example.com,2025-02-15
1880,1880,CUS0001880,Frank,Fernandez,M,Indonesian,51-65,Silver,HL00001880,None,STD,Non-Smoking,MICE,woodskaitlyn@example.net,2023-12-04
1881,1881,CUS0001881,Beth,Robertson,F,Indonesian,51-65,None,HL00001881,None,SUT,Non-Smoking,Business,jeremiahmiller@example.org,2024-06-24
1882,1882,CUS0001882,Jared,Eaton,M,Indonesian,18-25,Platinum,HL00001882,None,EXC,Non-Smoking,Leisure,wrightjohn@example.net,2025-02-07
1883,1883,CUS0001883,Elizabeth,Page,F,Other,26-35,None,HL00001883,Platinum,EXC,Smoking,MICE,hbarnett@example.net,2024-04-03
1884,1884,CUS0001884,William,Adams,M,Indonesian,26-35,None,HL00001884,None,SUT,Non-Smoking,Leisure,markbrooks@example.org,2025-04-19
1885,1885,CUS0001885,Nancy,Rosales,F,Singaporean,26-35,None,HL00001885,Platinum,SUT,Smoking,Business,ywelch@example.org,2024-09-14
1886,1886,CUS0001886,Adrian,Walters,M,Indonesian,51-65,Silver,HL00001886,Gold,STD,Non-Smoking,Honeymoon,fernandomorris@example.net,2025-01-07
1887,1887,CUS0001887,John,Cooper,M,Japanese,36-50,Silver,HL00001887,Silver,SUT,Non-Smoking,Leisure,nhayes@example.com,2025-05-02
1888,1888,CUS0001888,Dennis,Gonzales,M,Indonesian,26-35,Platinum,HL00001888,Silver,STD,Smoking,Family,diana85@example.com,2024-07-02
1889,1889,CUS0001889,Dawn,Roman,F,Indonesian,51-65,None,HL00001889,Gold,SUT,Smoking,Business,dingram@example.net,2024-11-15
1890,1890,CUS0001890,Mary,Peterson,F,Indonesian,65+,Silver,HL00001890,Platinum,SUT,Non-Smoking,Business,bryan56@example.net,2025-06-24
1891,1891,CUS0001891,Traci,Martinez,F,British,65+,None,HL00001891,None,DLX,Non-Smoking,Business,theresagreer@example.org,2025-12-14
1892,1892,CUS0001892,Micheal,Martinez,M,Indonesian,36-50,None,HL00001892,Silver,STD,Non-Smoking,Leisure,kurt68@example.org,2025-12-24
1893,1893,CUS0001893,Catherine,Wilkins,F,Other,36-50,Gold,HL00001893,None,DLX,Smoking,Leisure,donaldbecker@example.org,2025-08-08
1894,1894,CUS0001894,Nicholas,Gomez,M,Indonesian,51-65,Gold,HL00001894,Silver,EXC,Smoking,Leisure,annaschmidt@example.org,2024-04-29
1895,1895,CUS0001895,Joseph,Ryan,M,Singaporean,18-25,Platinum,HL00001895,None,SUT,Non-Smoking,Leisure,nicholasgarcia@example.org,2025-06-18
1896,1896,CUS0001896,Madison,Montgomery,F,Indonesian,26-35,None,HL00001896,None,STD,Non-Smoking,Business,amberfriedman@example.com,2026-05-13
1897,1897,CUS0001897,Diana,Haley,F,Indonesian,51-65,None,HL00001897,Silver,EXC,Non-Smoking,Leisure,hphillips@example.com,2026-02-11
1898,1898,CUS0001898,Julie,Taylor,F,American,36-50,Gold,HL00001898,None,SUT,Smoking,Family,aaron48@example.net,2025-09-26
1899,1899,CUS0001899,Christine,Quinn,F,Singaporean,51-65,Silver,HL00001899,Silver,EXC,Smoking,Honeymoon,brownrobert@example.org,2023-12-26
1900,1900,CUS0001900,Samantha,Duran,F,Indonesian,36-50,Gold,HL00001900,None,EXC,Non-Smoking,Leisure,petermoore@example.com,2024-12-23
1901,1901,CUS0001901,Leslie,Wright,F,Singaporean,36-50,Gold,HL00001901,None,DLX,Non-Smoking,Leisure,chad42@example.com,2024-04-23
1902,1902,CUS0001902,Molly,Willis,F,Indonesian,65+,Gold,HL00001902,None,SUT,Smoking,Leisure,jamiethomas@example.com,2025-11-08
1903,1903,CUS0001903,Erin,Walsh,F,Indonesian,18-25,Silver,HL00001903,None,SUT,Smoking,Family,alexandria97@example.org,2025-10-08
1904,1904,CUS0001904,Jessica,Short,F,Malaysian,26-35,None,HL00001904,Silver,SUT,Smoking,Leisure,whernandez@example.net,2025-03-03
1905,1905,CUS0001905,Sheri,Herring,F,American,51-65,Silver,HL00001905,None,SUT,Non-Smoking,MICE,jamespatricia@example.org,2026-03-19
1906,1906,CUS0001906,John,Richards,M,American,26-35,None,HL00001906,None,EXC,Non-Smoking,Leisure,oblake@example.net,2024-07-07
1907,1907,CUS0001907,Ann,Dennis,F,Indonesian,65+,None,HL00001907,Platinum,EXC,Non-Smoking,Leisure,john76@example.com,2025-04-05
1908,1908,CUS0001908,Margaret,Grimes,F,Indonesian,65+,None,HL00001908,Silver,DLX,Non-Smoking,Business,megan44@example.net,2025-08-11
1909,1909,CUS0001909,Erin,Estrada,F,Indonesian,36-50,Silver,HL00001909,None,SUT,Smoking,Leisure,tonya10@example.org,2024-08-23
1910,1910,CUS0001910,Renee,Sanchez,F,Indonesian,26-35,None,HL00001910,Silver,DLX,Non-Smoking,Leisure,bwalker@example.net,2024-09-01
1911,1911,CUS0001911,Ashley,Norman,F,Indonesian,51-65,None,HL00001911,Platinum,DLX,Non-Smoking,Family,kcastro@example.com,2024-09-08
1912,1912,CUS0001912,Kelly,Schaefer,F,Malaysian,26-35,None,HL00001912,None,DLX,Non-Smoking,Leisure,gwilliams@example.net,2024-11-30
1913,1913,CUS0001913,Ricky,Finley,M,Indonesian,18-25,Silver,HL00001913,Gold,EXC,Non-Smoking,Leisure,wilsonkathryn@example.com,2024-04-03
1914,1914,CUS0001914,Michael,Mckee,M,Indonesian,26-35,None,HL00001914,None,DLX,Non-Smoking,Business,tochoa@example.net,2024-07-01
1915,1915,CUS0001915,Gregory,French,M,British,65+,Silver,HL00001915,None,SUT,Non-Smoking,Leisure,hberry@example.org,2024-02-18
1916,1916,CUS0001916,Robin,Fuller,F,Indonesian,36-50,Silver,HL00001916,None,DLX,Non-Smoking,Business,bcaldwell@example.org,2024-08-13
1917,1917,CUS0001917,Christopher,Mccoy,M,Malaysian,36-50,None,HL00001917,None,DLX,Smoking,Business,corey60@example.net,2023-10-21
1918,1918,CUS0001918,Samuel,King,M,Indonesian,36-50,None,HL00001918,Platinum,SUT,Non-Smoking,Leisure,michael34@example.com,2024-08-28
1919,1919,CUS0001919,Anthony,Ellis,M,Indonesian,18-25,None,HL00001919,Silver,DLX,Non-Smoking,Honeymoon,kayla23@example.net,2023-08-09
1920,1920,CUS0001920,Sharon,Wong,F,Malaysian,18-25,None,HL00001920,None,DLX,Non-Smoking,Leisure,xmullins@example.org,2024-08-25
1921,1921,CUS0001921,Jonathan,Davis,M,Australian,18-25,Gold,HL00001921,Silver,EXC,Smoking,Leisure,christina35@example.com,2025-03-19
1922,1922,CUS0001922,Suzanne,Davis,F,American,65+,None,HL00001922,None,EXC,Non-Smoking,Leisure,fedwards@example.net,2026-04-03
1923,1923,CUS0001923,Nicole,Harris,F,Indonesian,51-65,None,HL00001923,Silver,DLX,Non-Smoking,Family,zbell@example.com,2025-11-17
1924,1924,CUS0001924,Paul,Chung,M,Indonesian,36-50,Gold,HL00001924,None,DLX,Smoking,MICE,allen39@example.com,2024-03-19
1925,1925,CUS0001925,Michael,Castro,M,Indonesian,36-50,Silver,HL00001925,None,DLX,Smoking,Business,raymonddominguez@example.org,2025-04-20
1926,1926,CUS0001926,Ann,Harper,F,Singaporean,65+,None,HL00001926,Silver,DLX,Non-Smoking,Business,jphelps@example.net,2023-11-30
1927,1927,CUS0001927,Kim,Sanders,F,Other,51-65,None,HL00001927,Silver,SUT,Non-Smoking,Leisure,vgarcia@example.com,2025-02-04
1928,1928,CUS0001928,Kelly,Miller,M,Indonesian,26-35,None,HL00001928,Gold,EXC,Smoking,Leisure,scottwilliams@example.net,2024-02-21
1929,1929,CUS0001929,Mary,Hill,F,Indonesian,51-65,None,HL00001929,Platinum,DLX,Non-Smoking,MICE,swalker@example.org,2025-01-20
1930,1930,CUS0001930,Shaun,Alexander,M,Malaysian,51-65,None,HL00001930,None,EXC,Non-Smoking,Business,dustinphillips@example.org,2023-10-20
1931,1931,CUS0001931,John,Gonzales,M,Indonesian,26-35,None,HL00001931,Silver,STD,Non-Smoking,Leisure,robertabbott@example.net,2025-05-10
1932,1932,CUS0001932,Lori,Oneal,F,Other,36-50,None,HL00001932,None,SUT,Non-Smoking,Leisure,tfrancis@example.com,2025-12-01
1933,1933,CUS0001933,Rebecca,Reynolds,F,Other,18-25,Silver,HL00001933,Silver,DLX,Smoking,Leisure,rachel35@example.net,2025-05-08
1934,1934,CUS0001934,Billy,Steele,M,Indonesian,36-50,Silver,HL00001934,Silver,EXC,Non-Smoking,MICE,michelle38@example.net,2024-05-17
1935,1935,CUS0001935,Anne,Lowery,F,Indonesian,51-65,None,HL00001935,Gold,EXC,Non-Smoking,Business,gnichols@example.net,2023-08-15
1936,1936,CUS0001936,Michelle,Robbins,F,Indonesian,51-65,Silver,HL00001936,Silver,DLX,Non-Smoking,Honeymoon,stevenandrews@example.org,2023-07-05
1937,1937,CUS0001937,Malik,Crawford,M,Indonesian,36-50,Gold,HL00001937,Platinum,DLX,Non-Smoking,Honeymoon,kbrown@example.org,2025-10-13
1938,1938,CUS0001938,Joan,Santos,F,Indonesian,36-50,None,HL00001938,Gold,DLX,Non-Smoking,Leisure,thomas21@example.net,2025-06-28
1939,1939,CUS0001939,Austin,Higgins,M,Indonesian,36-50,None,HL00001939,Silver,SUT,Smoking,Family,stacey09@example.com,2025-11-15
1940,1940,CUS0001940,Michael,Bender,M,Indonesian,36-50,None,HL00001940,Silver,EXC,Non-Smoking,Leisure,clewis@example.com,2025-09-14
1941,1941,CUS0001941,Michael,Torres,M,American,36-50,Silver,HL00001941,None,STD,Non-Smoking,Family,ashleyliu@example.com,2026-04-21
1942,1942,CUS0001942,Pamela,Baird,F,Indonesian,51-65,None,HL00001942,None,SUT,Non-Smoking,Leisure,michelle90@example.net,2025-12-21
1943,1943,CUS0001943,Heather,Wilson,F,Singaporean,18-25,None,HL00001943,None,DLX,Non-Smoking,Leisure,austinalyssa@example.net,2024-04-25
1944,1944,CUS0001944,Nicholas,Wright,M,British,51-65,None,HL00001944,None,DLX,Non-Smoking,Business,maryjohnson@example.com,2023-07-16
1945,1945,CUS0001945,Bryan,Davis,M,Indonesian,18-25,Platinum,HL00001945,Gold,SUT,Non-Smoking,Family,rberry@example.com,2023-11-06
1946,1946,CUS0001946,Jason,Horton,M,Singaporean,18-25,None,HL00001946,Gold,EXC,Non-Smoking,Business,melaniewhite@example.com,2023-08-22
1947,1947,CUS0001947,Christopher,Jordan,M,Indonesian,36-50,None,HL00001947,None,EXC,Non-Smoking,Leisure,victor24@example.com,2024-09-25
1948,1948,CUS0001948,Darrell,Duke,M,Other,51-65,None,HL00001948,Silver,DLX,Smoking,Business,morgankaren@example.net,2025-06-26
1949,1949,CUS0001949,Alex,Obrien,M,Indonesian,51-65,None,HL00001949,None,DLX,Non-Smoking,Leisure,flemingcody@example.org,2025-08-12
1950,1950,CUS0001950,Adam,Murphy,M,Indonesian,36-50,None,HL00001950,Gold,DLX,Non-Smoking,Family,anthony99@example.com,2024-05-17
1951,1951,CUS0001951,Tina,Lopez,F,Indonesian,65+,None,HL00001951,None,EXC,Non-Smoking,Business,nwhite@example.com,2025-11-30
1952,1952,CUS0001952,Shane,Gaines,M,Singaporean,65+,None,HL00001952,Silver,DLX,Non-Smoking,Business,audrey72@example.net,2024-09-12
1953,1953,CUS0001953,Robert,Wallace,M,Indonesian,51-65,Gold,HL00001953,Platinum,DLX,Non-Smoking,Leisure,mcconnellpamela@example.org,2024-06-02
1954,1954,CUS0001954,Taylor,Donovan,F,Indonesian,18-25,None,HL00001954,Platinum,STD,Non-Smoking,Leisure,baileyhenry@example.net,2026-04-23
1955,1955,CUS0001955,Stephanie,Jimenez,F,Indonesian,51-65,Silver,HL00001955,Platinum,SUT,Non-Smoking,Leisure,wendymora@example.com,2024-06-29
1956,1956,CUS0001956,Kimberly,Price,F,Indonesian,26-35,None,HL00001956,Silver,STD,Smoking,Business,qraymond@example.net,2026-05-19
1957,1957,CUS0001957,Gina,Diaz,F,Singaporean,65+,None,HL00001957,Silver,EXC,Non-Smoking,Business,susanhenry@example.com,2024-10-20
1958,1958,CUS0001958,Heather,Rangel,F,Indonesian,65+,None,HL00001958,None,DLX,Non-Smoking,Leisure,qcochran@example.net,2025-11-12
1959,1959,CUS0001959,Sara,Garcia,F,Singaporean,18-25,None,HL00001959,Silver,EXC,Non-Smoking,Leisure,alvaradoluke@example.net,2025-01-24
1960,1960,CUS0001960,Kenneth,Patel,M,Malaysian,36-50,None,HL00001960,None,EXC,Smoking,Business,psherman@example.org,2023-11-26
1961,1961,CUS0001961,Frank,West,M,Indonesian,51-65,Silver,HL00001961,Platinum,EXC,Non-Smoking,Honeymoon,kellysims@example.com,2023-10-22
1962,1962,CUS0001962,Jamie,Henry,F,Indonesian,36-50,None,HL00001962,None,STD,Non-Smoking,Leisure,jgarcia@example.com,2023-11-27
1963,1963,CUS0001963,Jasmine,Jimenez,F,Indonesian,26-35,None,HL00001963,None,SUT,Non-Smoking,Business,kelli08@example.org,2025-05-08
1964,1964,CUS0001964,Theresa,Parker,F,American,51-65,Platinum,HL00001964,Silver,EXC,Non-Smoking,Business,daniellestevenson@example.net,2024-02-15
1965,1965,CUS0001965,Amber,Turner,F,Other,65+,None,HL00001965,Silver,DLX,Non-Smoking,Honeymoon,michaelmedina@example.net,2024-04-04
1966,1966,CUS0001966,Nancy,Warren,F,Australian,36-50,Gold,HL00001966,Silver,SUT,Non-Smoking,Leisure,williammaldonado@example.org,2025-10-01
1967,1967,CUS0001967,Annette,Dodson,F,Singaporean,51-65,None,HL00001967,Silver,STD,Non-Smoking,Family,jenniferjones@example.org,2024-03-17
1968,1968,CUS0001968,Christine,Bowman,F,American,36-50,Silver,HL00001968,Silver,STD,Non-Smoking,Honeymoon,williamspatrick@example.net,2026-03-09
1969,1969,CUS0001969,Tammy,Smith,F,Indonesian,65+,Gold,HL00001969,Silver,SUT,Non-Smoking,Leisure,donnaherman@example.com,2026-01-24
1970,1970,CUS0001970,William,Serrano,M,Indonesian,51-65,None,HL00001970,Silver,SUT,Non-Smoking,Business,samantha60@example.org,2023-06-01
1971,1971,CUS0001971,Linda,Howell,F,Indonesian,51-65,Silver,HL00001971,None,STD,Non-Smoking,Business,nicole69@example.net,2024-01-05
1972,1972,CUS0001972,Eric,Bentley,M,Indonesian,26-35,None,HL00001972,Silver,STD,Non-Smoking,Business,robert06@example.com,2025-10-01
1973,1973,CUS0001973,Diana,Santana,F,Malaysian,36-50,Platinum,HL00001973,Silver,SUT,Non-Smoking,Business,aking@example.net,2025-08-28
1974,1974,CUS0001974,James,Dominguez,M,British,26-35,None,HL00001974,Silver,SUT,Non-Smoking,Business,sanderson@example.org,2025-07-20
1975,1975,CUS0001975,Marcia,Wilson,F,Malaysian,65+,Silver,HL00001975,Platinum,EXC,Smoking,Honeymoon,ijones@example.com,2024-04-23
1976,1976,CUS0001976,Terri,Scott,F,Australian,51-65,Gold,HL00001976,None,STD,Non-Smoking,Leisure,smitchell@example.com,2024-11-09
1977,1977,CUS0001977,Dean,Juarez,M,Singaporean,26-35,Gold,HL00001977,Gold,EXC,Non-Smoking,Business,mcarson@example.org,2024-01-12
1978,1978,CUS0001978,Ryan,Gonzalez,M,Indonesian,36-50,None,HL00001978,Silver,EXC,Non-Smoking,Family,harrisondaniel@example.org,2024-08-25
1979,1979,CUS0001979,Sandra,Lopez,F,Indonesian,65+,None,HL00001979,Gold,SUT,Non-Smoking,Leisure,allenchristina@example.com,2024-03-07
1980,1980,CUS0001980,Charles,Harper,M,Indonesian,18-25,Gold,HL00001980,Gold,SUT,Non-Smoking,Business,bateswilliam@example.org,2023-07-03
1981,1981,CUS0001981,Christine,Stewart,F,Malaysian,18-25,Silver,HL00001981,None,STD,Non-Smoking,Honeymoon,frymatthew@example.com,2024-12-14
1982,1982,CUS0001982,Gregory,Gonzalez,M,Indonesian,51-65,Silver,HL00001982,None,SUT,Smoking,Business,myerseric@example.com,2024-10-31
1983,1983,CUS0001983,Amy,White,F,Indonesian,36-50,Platinum,HL00001983,None,EXC,Non-Smoking,Leisure,matthewgriffith@example.org,2024-07-09
1984,1984,CUS0001984,Benjamin,Sanchez,M,Indonesian,36-50,None,HL00001984,None,EXC,Non-Smoking,Business,angela28@example.com,2023-11-18
1985,1985,CUS0001985,Brian,Brown,M,Indonesian,65+,Platinum,HL00001985,Platinum,SUT,Non-Smoking,Business,montgomerygeoffrey@example.com,2023-09-01
1986,1986,CUS0001986,Amanda,Valenzuela,F,Singaporean,36-50,Silver,HL00001986,None,EXC,Non-Smoking,Leisure,adamsmith@example.org,2024-03-20
1987,1987,CUS0001987,James,Bradley,M,Indonesian,18-25,None,HL00001987,Gold,DLX,Non-Smoking,Leisure,kathleenjohnson@example.net,2025-08-25
1988,1988,CUS0001988,Alejandro,Holloway,M,Indonesian,65+,Silver,HL00001988,Gold,SUT,Non-Smoking,Leisure,ppineda@example.com,2024-12-09
1989,1989,CUS0001989,Melissa,Hughes,F,Malaysian,51-65,None,HL00001989,None,STD,Non-Smoking,Leisure,feliciasalazar@example.com,2026-02-04
1990,1990,CUS0001990,Jordan,Calhoun,F,Australian,26-35,None,HL00001990,Silver,SUT,Non-Smoking,Leisure,shawnsuarez@example.org,2024-08-22
1991,1991,CUS0001991,Dustin,Simon,M,Indonesian,51-65,Gold,HL00001991,Silver,STD,Non-Smoking,Leisure,kkidd@example.com,2025-02-11
1992,1992,CUS0001992,Alisha,Trujillo,F,Other,18-25,None,HL00001992,Silver,SUT,Non-Smoking,Honeymoon,bradjenkins@example.net,2026-01-19
1993,1993,CUS0001993,Crystal,Morales,F,Indonesian,18-25,Silver,HL00001993,None,SUT,Non-Smoking,MICE,jared66@example.com,2024-03-13
1994,1994,CUS0001994,Morgan,Wallace,F,Japanese,36-50,Platinum,HL00001994,None,DLX,Non-Smoking,Honeymoon,vford@example.com,2024-10-08
1995,1995,CUS0001995,Jennifer,Cummings,F,Singaporean,26-35,Platinum,HL00001995,Silver,EXC,Smoking,Business,johnmarquez@example.net,2024-08-14
1996,1996,CUS0001996,Travis,Daniel,M,Indonesian,51-65,Gold,HL00001996,None,SUT,Non-Smoking,Family,rachel86@example.com,2025-01-09
1997,1997,CUS0001997,Eric,Long,M,Indonesian,26-35,None,HL00001997,Silver,STD,Non-Smoking,MICE,prodriguez@example.com,2024-07-15
1998,1998,CUS0001998,Tanner,Sosa,M,Indonesian,51-65,Silver,HL00001998,Gold,SUT,Non-Smoking,Family,nwilliams@example.com,2025-08-27
1999,1999,CUS0001999,Stacy,Keller,F,Malaysian,36-50,None,HL00001999,None,DLX,Non-Smoking,Leisure,cwhite@example.org,2023-10-05
2000,2000,CUS0002000,Daniel,Bradley,M,Singaporean,26-35,Gold,HL00002000,None,EXC,Non-Smoking,Honeymoon,joshuareese@example.net,2025-10-30
2001,2001,CUS0002001,Brittney,Morales,F,Indonesian,18-25,None,HL00002001,None,DLX,Non-Smoking,Leisure,edwardstewart@example.org,2025-02-08
2002,2002,CUS0002002,Bianca,Velazquez,F,Indonesian,18-25,Platinum,HL00002002,Silver,STD,Non-Smoking,Leisure,cheryl98@example.net,2026-02-17
2003,2003,CUS0002003,Shawn,Lowe,M,Australian,26-35,None,HL00002003,Silver,EXC,Non-Smoking,Leisure,milleralan@example.org,2023-10-17
2004,2004,CUS0002004,Samuel,Edwards,M,British,51-65,Gold,HL00002004,Silver,STD,Non-Smoking,Business,james23@example.com,2024-10-26
2005,2005,CUS0002005,Austin,Hanson,M,Indonesian,18-25,None,HL00002005,Silver,EXC,Smoking,Business,brandy77@example.com,2026-01-06
2006,2006,CUS0002006,Christopher,Turner,M,American,26-35,Platinum,HL00002006,None,SUT,Non-Smoking,Business,rachelhernandez@example.com,2023-05-26
2007,2007,CUS0002007,Joseph,Montgomery,M,Indonesian,65+,None,HL00002007,Gold,STD,Non-Smoking,Leisure,annafuller@example.net,2025-07-07
2008,2008,CUS0002008,Michael,Mckee,M,Indonesian,51-65,Silver,HL00002008,None,EXC,Non-Smoking,Business,beckdwayne@example.com,2025-10-07
2009,2009,CUS0002009,Nicole,Taylor,F,American,65+,Gold,HL00002009,None,STD,Smoking,MICE,ekennedy@example.org,2023-11-02
2010,2010,CUS0002010,Alicia,Watts,F,Malaysian,18-25,Platinum,HL00002010,None,DLX,Non-Smoking,Leisure,sarah99@example.org,2024-11-24
2011,2011,CUS0002011,Steven,Waller,M,American,36-50,Silver,HL00002011,Platinum,DLX,Non-Smoking,Business,nicole15@example.org,2023-12-25
2012,2012,CUS0002012,Chad,Evans,M,Japanese,51-65,None,HL00002012,None,DLX,Non-Smoking,MICE,hrangel@example.net,2024-03-05
2013,2013,CUS0002013,Tyrone,Flores,M,Singaporean,51-65,None,HL00002013,None,SUT,Non-Smoking,Business,gomeztonya@example.com,2025-03-27
2014,2014,CUS0002014,Lisa,Garza,F,Japanese,65+,None,HL00002014,Silver,DLX,Non-Smoking,Family,michaelking@example.net,2025-05-16
2015,2015,CUS0002015,Vicki,Strong,F,Indonesian,51-65,None,HL00002015,None,DLX,Smoking,Honeymoon,burnsrebecca@example.org,2024-11-15
2016,2016,CUS0002016,David,Parker,M,Singaporean,26-35,None,HL00002016,Platinum,DLX,Non-Smoking,Business,vferrell@example.org,2023-09-03
2017,2017,CUS0002017,Nicole,Wolf,F,Singaporean,51-65,None,HL00002017,Gold,EXC,Non-Smoking,Business,vhopkins@example.net,2025-02-02
2018,2018,CUS0002018,Carlos,Good,M,British,65+,Platinum,HL00002018,Silver,STD,Smoking,Business,navarroandrew@example.com,2024-03-06
2019,2019,CUS0002019,Summer,James,F,Japanese,51-65,Platinum,HL00002019,None,STD,Non-Smoking,Family,dominguezjoseph@example.com,2025-06-08
2020,2020,CUS0002020,Jacob,Hunt,M,Indonesian,51-65,None,HL00002020,None,SUT,Non-Smoking,Business,vrussell@example.org,2025-05-27
2021,2021,CUS0002021,Michelle,Tran,F,Indonesian,51-65,Platinum,HL00002021,None,STD,Non-Smoking,Business,fcampbell@example.com,2025-01-07
2022,2022,CUS0002022,Angela,Wade,F,Malaysian,26-35,None,HL00002022,None,DLX,Non-Smoking,Leisure,michelle10@example.org,2024-10-03
2023,2023,CUS0002023,Philip,Sanchez,M,Australian,18-25,Gold,HL00002023,None,STD,Non-Smoking,Business,nathanielmoore@example.org,2025-04-23
2024,2024,CUS0002024,Anita,Jones,F,Indonesian,18-25,Platinum,HL00002024,None,EXC,Non-Smoking,Leisure,doylematthew@example.net,2025-12-25
2025,2025,CUS0002025,Brooke,Sims,F,Other,65+,Silver,HL00002025,None,STD,Non-Smoking,MICE,vwelch@example.net,2025-04-01
2026,2026,CUS0002026,Lonnie,Brown,M,Indonesian,65+,Silver,HL00002026,Platinum,SUT,Non-Smoking,Leisure,jamesreese@example.org,2024-03-11
2027,2027,CUS0002027,Brandon,Bean,M,Other,51-65,None,HL00002027,Silver,SUT,Non-Smoking,Leisure,hamiltongina@example.org,2025-11-21
2028,2028,CUS0002028,Mitchell,Hughes,M,Malaysian,65+,None,HL00002028,None,DLX,Non-Smoking,Business,thomasgonzalez@example.com,2025-06-11
2029,2029,CUS0002029,Michelle,Harrison,F,Malaysian,26-35,None,HL00002029,Silver,EXC,Non-Smoking,Leisure,ramoswilliam@example.org,2024-07-01
2030,2030,CUS0002030,William,Baker,M,Indonesian,51-65,None,HL00002030,None,STD,Non-Smoking,Leisure,hollywarner@example.org,2023-11-23
2031,2031,CUS0002031,Chelsea,Morris,F,Australian,51-65,None,HL00002031,Gold,STD,Non-Smoking,Honeymoon,franciscoreid@example.net,2023-11-27
2032,2032,CUS0002032,Lindsay,Hunter,F,Malaysian,51-65,None,HL00002032,None,DLX,Non-Smoking,Leisure,jeffery45@example.net,2025-11-15
2033,2033,CUS0002033,Joseph,Pena,M,Indonesian,51-65,Gold,HL00002033,None,SUT,Non-Smoking,Family,juan21@example.org,2026-03-14
2034,2034,CUS0002034,Kathleen,Orr,F,Indonesian,65+,None,HL00002034,Gold,EXC,Non-Smoking,Leisure,harveylisa@example.org,2024-01-19
2035,2035,CUS0002035,Pamela,Moran,F,Malaysian,26-35,None,HL00002035,Gold,SUT,Non-Smoking,Business,rowlandemily@example.com,2025-06-28
2036,2036,CUS0002036,Raymond,Rocha,M,Indonesian,26-35,Silver,HL00002036,None,SUT,Non-Smoking,MICE,carrolljessica@example.com,2024-08-23
2037,2037,CUS0002037,Heather,Shepherd,F,Malaysian,36-50,Silver,HL00002037,Silver,STD,Smoking,Family,victor75@example.net,2024-02-10
2038,2038,CUS0002038,Cheryl,Matthews,F,Other,18-25,None,HL00002038,Platinum,EXC,Non-Smoking,Honeymoon,vazquezrobert@example.com,2025-04-12
2039,2039,CUS0002039,Thomas,Mathis,M,Indonesian,51-65,Platinum,HL00002039,Gold,DLX,Non-Smoking,Leisure,dford@example.com,2025-09-05
2040,2040,CUS0002040,Charles,Christensen,M,Indonesian,51-65,Silver,HL00002040,Silver,EXC,Non-Smoking,Leisure,iherring@example.com,2025-01-13
2041,2041,CUS0002041,Wanda,Chen,F,Other,36-50,Silver,HL00002041,None,DLX,Non-Smoking,Business,bdiaz@example.net,2023-11-22
2042,2042,CUS0002042,Chris,Shah,M,Indonesian,51-65,None,HL00002042,Silver,SUT,Non-Smoking,Leisure,codymyers@example.org,2023-06-15
2043,2043,CUS0002043,Gail,Smith,F,Malaysian,51-65,Platinum,HL00002043,None,SUT,Non-Smoking,Business,jmoore@example.com,2025-12-05
2044,2044,CUS0002044,Colton,Lawson,M,Australian,51-65,Gold,HL00002044,None,SUT,Non-Smoking,Leisure,kreynolds@example.com,2024-09-15
2045,2045,CUS0002045,Amy,Ali,F,Singaporean,26-35,None,HL00002045,Platinum,SUT,Non-Smoking,Leisure,bentonjanice@example.net,2023-07-26
2046,2046,CUS0002046,Charles,Stone,M,Indonesian,51-65,None,HL00002046,Silver,STD,Non-Smoking,Business,alara@example.com,2023-05-24
2047,2047,CUS0002047,Tyler,Welch,M,Singaporean,65+,Platinum,HL00002047,Silver,STD,Non-Smoking,Leisure,crystal96@example.net,2023-09-05
2048,2048,CUS0002048,Linda,Moreno,F,Malaysian,65+,None,HL00002048,None,STD,Smoking,MICE,jenny25@example.net,2025-11-09
2049,2049,CUS0002049,Amy,West,F,Indonesian,36-50,Silver,HL00002049,Gold,EXC,Non-Smoking,Leisure,usanchez@example.net,2023-06-03
2050,2050,CUS0002050,Susan,Orr,F,Singaporean,51-65,None,HL00002050,Silver,STD,Non-Smoking,Business,jbuchanan@example.com,2023-08-13
2051,2051,CUS0002051,Riley,Hale,M,Indonesian,26-35,Silver,HL00002051,Silver,EXC,Smoking,Business,tammyharrington@example.net,2025-03-14
2052,2052,CUS0002052,Michelle,Lynch,F,Indonesian,51-65,Gold,HL00002052,None,SUT,Non-Smoking,Business,tracyharrison@example.org,2024-12-29
2053,2053,CUS0002053,Jorge,Davis,M,Other,51-65,Gold,HL00002053,Gold,SUT,Non-Smoking,Business,cindymiller@example.com,2024-09-15
2054,2054,CUS0002054,Lance,Macdonald,M,Indonesian,36-50,None,HL00002054,Silver,SUT,Smoking,Business,carl63@example.com,2025-12-04
2055,2055,CUS0002055,Charles,Abbott,M,Indonesian,26-35,Silver,HL00002055,Platinum,SUT,Smoking,Business,wellsjeffrey@example.org,2024-10-13
2056,2056,CUS0002056,Henry,Oliver,M,Singaporean,51-65,Gold,HL00002056,None,STD,Smoking,Leisure,kristenfrye@example.com,2026-03-11
2057,2057,CUS0002057,Larry,Herrera,M,Other,51-65,Silver,HL00002057,Silver,DLX,Non-Smoking,Business,susanharper@example.org,2025-01-09
2058,2058,CUS0002058,Nicholas,Moss,M,Indonesian,51-65,Platinum,HL00002058,None,STD,Non-Smoking,Leisure,alexandragordon@example.org,2023-12-01
2059,2059,CUS0002059,James,Haynes,M,Indonesian,18-25,Platinum,HL00002059,Platinum,EXC,Non-Smoking,Leisure,evansjames@example.com,2025-09-05
2060,2060,CUS0002060,Alyssa,Schneider,F,Indonesian,65+,None,HL00002060,Gold,DLX,Non-Smoking,Business,dmiller@example.org,2026-01-30
2061,2061,CUS0002061,Lori,Peters,F,Singaporean,36-50,Silver,HL00002061,Silver,EXC,Non-Smoking,Business,gblake@example.com,2024-01-04
2062,2062,CUS0002062,Donald,Mccarthy,M,Indonesian,36-50,None,HL00002062,Platinum,DLX,Non-Smoking,Leisure,lmitchell@example.org,2025-04-06
2063,2063,CUS0002063,Tyler,Martinez,M,Other,51-65,Silver,HL00002063,Platinum,SUT,Non-Smoking,Business,angela52@example.com,2023-12-03
2064,2064,CUS0002064,Michelle,Pierce,F,Indonesian,18-25,Silver,HL00002064,Gold,STD,Non-Smoking,MICE,zlucas@example.org,2025-03-20
2065,2065,CUS0002065,Louis,Hodges,M,Indonesian,51-65,None,HL00002065,Silver,EXC,Smoking,Leisure,mario90@example.net,2025-04-25
2066,2066,CUS0002066,Miranda,Reeves,F,Indonesian,65+,Platinum,HL00002066,Gold,DLX,Non-Smoking,Family,ebrown@example.org,2024-04-18
2067,2067,CUS0002067,Brian,Martin,M,Indonesian,51-65,None,HL00002067,Silver,DLX,Non-Smoking,Leisure,christopherward@example.com,2023-12-14
2068,2068,CUS0002068,Brad,Cooper,M,Malaysian,51-65,Silver,HL00002068,None,SUT,Smoking,Leisure,vasquezamy@example.net,2026-03-30
2069,2069,CUS0002069,Maria,Foster,F,Japanese,36-50,None,HL00002069,Silver,SUT,Non-Smoking,Leisure,amydavis@example.org,2023-08-25
2070,2070,CUS0002070,Caitlin,Farmer,F,Indonesian,36-50,Silver,HL00002070,Silver,EXC,Non-Smoking,Leisure,jeremy08@example.org,2025-06-14
2071,2071,CUS0002071,Maria,Terry,F,Indonesian,65+,None,HL00002071,Platinum,EXC,Non-Smoking,Leisure,owilliams@example.org,2023-05-25
2072,2072,CUS0002072,Troy,Taylor,M,Indonesian,51-65,None,HL00002072,Silver,EXC,Non-Smoking,Business,marcus60@example.net,2024-07-01
2073,2073,CUS0002073,Donna,Johnson,F,Indonesian,18-25,Gold,HL00002073,None,DLX,Non-Smoking,Leisure,cpierce@example.org,2023-07-22
2074,2074,CUS0002074,Andrew,Perez,M,Indonesian,26-35,Platinum,HL00002074,Gold,DLX,Non-Smoking,Leisure,ssmith@example.org,2023-09-17
2075,2075,CUS0002075,Sierra,Hicks,F,Other,26-35,Gold,HL00002075,None,EXC,Smoking,Business,randyhernandez@example.org,2023-08-07
2076,2076,CUS0002076,Patrick,Campbell,M,Indonesian,26-35,Gold,HL00002076,Gold,STD,Non-Smoking,Leisure,william23@example.net,2025-01-25
2077,2077,CUS0002077,George,Murphy,M,Indonesian,51-65,Silver,HL00002077,None,STD,Non-Smoking,Leisure,philip47@example.org,2024-02-19
2078,2078,CUS0002078,Lindsey,Curtis,F,Singaporean,36-50,Gold,HL00002078,None,SUT,Non-Smoking,Business,hharris@example.org,2023-07-12
2079,2079,CUS0002079,Regina,Newton,F,Other,36-50,None,HL00002079,Silver,STD,Smoking,Honeymoon,jameshudson@example.net,2025-02-01
2080,2080,CUS0002080,Sandra,Craig,F,Indonesian,51-65,None,HL00002080,None,STD,Non-Smoking,Business,michael03@example.net,2025-10-31
2081,2081,CUS0002081,David,Dixon,M,Malaysian,18-25,None,HL00002081,Silver,EXC,Non-Smoking,Honeymoon,alexander25@example.org,2023-09-03
2082,2082,CUS0002082,Travis,Price,M,American,36-50,Silver,HL00002082,None,STD,Non-Smoking,Honeymoon,stephen69@example.org,2024-10-06
2083,2083,CUS0002083,John,Carlson,M,Malaysian,36-50,None,HL00002083,None,STD,Smoking,Business,chrisrodriguez@example.org,2024-04-27
2084,2084,CUS0002084,Manuel,Vincent,M,Indonesian,65+,None,HL00002084,None,EXC,Non-Smoking,Family,sarah47@example.com,2026-05-02
2085,2085,CUS0002085,Laura,Moore,F,Indonesian,18-25,None,HL00002085,None,DLX,Non-Smoking,Leisure,richardsondebbie@example.com,2024-05-09
2086,2086,CUS0002086,Sherri,Jones,F,Singaporean,18-25,None,HL00002086,Silver,DLX,Non-Smoking,Business,tvaldez@example.org,2026-02-13
2087,2087,CUS0002087,Elizabeth,Baker,F,Australian,65+,Gold,HL00002087,Gold,EXC,Non-Smoking,Leisure,davidfields@example.net,2024-11-26
2088,2088,CUS0002088,Andre,Galvan,M,Malaysian,18-25,Platinum,HL00002088,None,EXC,Non-Smoking,Leisure,hthompson@example.org,2026-03-17
2089,2089,CUS0002089,David,Kane,M,Indonesian,18-25,None,HL00002089,Silver,EXC,Non-Smoking,Leisure,joseph97@example.org,2025-07-26
2090,2090,CUS0002090,Michael,Lewis,M,Other,18-25,None,HL00002090,None,SUT,Non-Smoking,Leisure,bgregory@example.org,2024-07-28
2091,2091,CUS0002091,Jessica,Owens,F,Indonesian,36-50,Silver,HL00002091,Silver,DLX,Non-Smoking,Business,teresaray@example.org,2025-11-21
2092,2092,CUS0002092,Amy,Hammond,F,Indonesian,26-35,None,HL00002092,None,SUT,Smoking,MICE,jennifer73@example.com,2023-11-27
2093,2093,CUS0002093,Megan,Richmond,F,Malaysian,65+,Silver,HL00002093,Gold,STD,Non-Smoking,Family,jimmywest@example.org,2025-08-02
2094,2094,CUS0002094,Andrew,Hart,M,Singaporean,26-35,Platinum,HL00002094,None,STD,Smoking,Family,shansen@example.com,2024-06-23
2095,2095,CUS0002095,David,Allison,M,Indonesian,18-25,Gold,HL00002095,Silver,STD,Non-Smoking,Business,mitchellchristopher@example.com,2023-06-19
2096,2096,CUS0002096,Robert,Stephens,M,Indonesian,36-50,None,HL00002096,Platinum,STD,Non-Smoking,Business,donna58@example.net,2023-08-26
2097,2097,CUS0002097,Frank,Fowler,M,Indonesian,51-65,Silver,HL00002097,Silver,EXC,Non-Smoking,Business,zthompson@example.com,2024-10-26
2098,2098,CUS0002098,Victoria,Saunders,F,Indonesian,36-50,None,HL00002098,Silver,STD,Non-Smoking,Leisure,lisawalton@example.com,2026-03-29
2099,2099,CUS0002099,Joshua,Ward,M,Australian,26-35,Silver,HL00002099,Gold,EXC,Smoking,Family,qmiller@example.org,2023-12-24
2100,2100,CUS0002100,Tammy,Brewer,F,American,51-65,Platinum,HL00002100,Silver,EXC,Non-Smoking,Leisure,rmolina@example.org,2024-11-30
2101,2101,CUS0002101,Gwendolyn,Hull,F,American,65+,Gold,HL00002101,Silver,EXC,Non-Smoking,Honeymoon,carolfernandez@example.net,2026-02-05
2102,2102,CUS0002102,Sarah,Berry,F,Indonesian,51-65,None,HL00002102,None,SUT,Non-Smoking,Business,makaylasanders@example.com,2025-12-19
2103,2103,CUS0002103,Wanda,Stephens,F,Indonesian,65+,None,HL00002103,Platinum,DLX,Non-Smoking,Business,johnstonjonathan@example.net,2026-04-30
2104,2104,CUS0002104,Terri,Singh,F,Indonesian,26-35,None,HL00002104,None,STD,Non-Smoking,Family,tracy55@example.net,2023-06-04
2105,2105,CUS0002105,Joseph,Weiss,M,Indonesian,36-50,Silver,HL00002105,Silver,EXC,Non-Smoking,Honeymoon,barbarabrady@example.net,2025-04-17
2106,2106,CUS0002106,Victoria,Perez,F,Indonesian,18-25,None,HL00002106,Gold,EXC,Non-Smoking,Honeymoon,smoore@example.org,2025-05-30
2107,2107,CUS0002107,April,Leon,F,Indonesian,18-25,None,HL00002107,Gold,SUT,Non-Smoking,Leisure,simpsonruth@example.net,2025-11-21
2108,2108,CUS0002108,Dana,Sullivan,F,Indonesian,51-65,None,HL00002108,Silver,DLX,Non-Smoking,MICE,amberdavis@example.org,2026-04-10
2109,2109,CUS0002109,Alan,Phillips,M,Other,65+,Silver,HL00002109,Gold,EXC,Non-Smoking,Business,jacobparsons@example.org,2025-09-18
2110,2110,CUS0002110,David,Tapia,M,Indonesian,65+,Silver,HL00002110,Silver,SUT,Non-Smoking,MICE,qduffy@example.com,2024-02-29
2111,2111,CUS0002111,Melissa,Evans,F,American,65+,Silver,HL00002111,Silver,STD,Smoking,Leisure,tbrooks@example.com,2025-05-02
2112,2112,CUS0002112,Kevin,Mendoza,M,Indonesian,26-35,None,HL00002112,None,STD,Non-Smoking,Business,sheltontiffany@example.com,2023-10-21
2113,2113,CUS0002113,Heather,Scott,F,American,51-65,None,HL00002113,Silver,STD,Non-Smoking,Business,ycallahan@example.net,2023-11-13
2114,2114,CUS0002114,Annette,Barker,F,Other,18-25,Platinum,HL00002114,None,DLX,Smoking,Business,stacy70@example.com,2023-08-15
2115,2115,CUS0002115,Tonya,Blake,F,Indonesian,65+,None,HL00002115,Silver,DLX,Non-Smoking,Business,wellsamy@example.org,2025-01-22
2116,2116,CUS0002116,Misty,Baldwin,F,Australian,51-65,Gold,HL00002116,Silver,EXC,Smoking,Business,gibsonkaitlyn@example.org,2024-07-15
2117,2117,CUS0002117,Victoria,Johnson,F,Indonesian,26-35,Platinum,HL00002117,Gold,DLX,Non-Smoking,Business,angela73@example.net,2024-02-09
2118,2118,CUS0002118,Brandon,Sutton,M,Indonesian,36-50,Silver,HL00002118,Silver,SUT,Non-Smoking,Leisure,wallssean@example.net,2023-09-20
2119,2119,CUS0002119,Joel,Terry,M,Malaysian,51-65,None,HL00002119,None,SUT,Smoking,Business,isolis@example.net,2025-05-07
2120,2120,CUS0002120,Amber,Richards,F,Indonesian,18-25,None,HL00002120,Silver,STD,Non-Smoking,Honeymoon,cthompson@example.com,2025-01-21
2121,2121,CUS0002121,Amanda,Burke,F,Indonesian,51-65,None,HL00002121,Silver,STD,Non-Smoking,Leisure,jrodriguez@example.org,2024-03-13
2122,2122,CUS0002122,John,Wright,M,Indonesian,51-65,None,HL00002122,Gold,STD,Non-Smoking,Business,zparsons@example.net,2024-11-17
2123,2123,CUS0002123,Raymond,Williams,M,Malaysian,51-65,None,HL00002123,None,SUT,Smoking,Business,jeffreyglenn@example.net,2024-10-11
2124,2124,CUS0002124,Johnny,Reeves,M,Malaysian,18-25,Silver,HL00002124,Gold,STD,Non-Smoking,Business,garciadonald@example.net,2023-07-05
2125,2125,CUS0002125,Justin,Kim,M,Other,26-35,Silver,HL00002125,Gold,EXC,Non-Smoking,Business,laura60@example.net,2024-02-10
2126,2126,CUS0002126,Steven,Richardson,M,Indonesian,36-50,None,HL00002126,Platinum,EXC,Non-Smoking,Business,barnesarthur@example.com,2024-09-04
2127,2127,CUS0002127,Michael,Jones,M,American,36-50,None,HL00002127,None,SUT,Smoking,Leisure,bakerstacy@example.com,2024-06-12
2128,2128,CUS0002128,James,Calhoun,M,British,36-50,None,HL00002128,Silver,DLX,Non-Smoking,Leisure,davidmartin@example.net,2025-10-25
2129,2129,CUS0002129,Matthew,Griffin,M,Indonesian,51-65,None,HL00002129,None,SUT,Non-Smoking,Leisure,angela71@example.net,2026-05-08
2130,2130,CUS0002130,Lauren,Wilson,F,Singaporean,51-65,None,HL00002130,Gold,STD,Non-Smoking,Leisure,halldylan@example.org,2025-01-17
2131,2131,CUS0002131,Meredith,Smith,F,Indonesian,18-25,None,HL00002131,Gold,DLX,Smoking,Leisure,dixonalexander@example.net,2023-08-20
2132,2132,CUS0002132,Derek,Moreno,M,Indonesian,26-35,None,HL00002132,Gold,EXC,Non-Smoking,Business,nicole25@example.org,2023-08-20
2133,2133,CUS0002133,Robert,Lopez,M,Indonesian,36-50,Silver,HL00002133,None,STD,Smoking,Family,nmendoza@example.org,2025-12-21
2134,2134,CUS0002134,Jasmine,Schultz,F,Indonesian,51-65,Platinum,HL00002134,Silver,EXC,Non-Smoking,Leisure,thomasdavid@example.net,2025-09-28
2135,2135,CUS0002135,Shannon,Jones,F,Indonesian,51-65,Platinum,HL00002135,Silver,SUT,Non-Smoking,Business,knightjohn@example.com,2026-05-10
2136,2136,CUS0002136,Lori,Pace,F,Indonesian,18-25,None,HL00002136,None,STD,Smoking,Family,richard60@example.com,2023-11-18
2137,2137,CUS0002137,James,Lee,M,Indonesian,18-25,Silver,HL00002137,Platinum,DLX,Non-Smoking,Family,peter93@example.net,2025-08-24
2138,2138,CUS0002138,Karen,Avery,F,Indonesian,51-65,None,HL00002138,Gold,SUT,Non-Smoking,Family,wlucas@example.net,2026-01-14
2139,2139,CUS0002139,David,Boyd,M,American,51-65,None,HL00002139,None,EXC,Non-Smoking,Leisure,bmejia@example.net,2024-09-23
2140,2140,CUS0002140,Jason,Hoffman,M,Singaporean,65+,Platinum,HL00002140,None,DLX,Non-Smoking,Leisure,kendrawilliams@example.com,2026-02-04
2141,2141,CUS0002141,Douglas,Santos,M,Malaysian,36-50,Platinum,HL00002141,None,EXC,Non-Smoking,Leisure,kevin89@example.com,2025-12-06
2142,2142,CUS0002142,Savannah,Harrison,F,Indonesian,51-65,None,HL00002142,Gold,EXC,Non-Smoking,Business,shughes@example.net,2025-11-28
2143,2143,CUS0002143,Justin,Fleming,M,Indonesian,26-35,None,HL00002143,None,EXC,Non-Smoking,Leisure,taylordavis@example.com,2023-06-08
2144,2144,CUS0002144,Kim,Jensen,F,American,51-65,None,HL00002144,Platinum,EXC,Non-Smoking,Leisure,kingjoseph@example.com,2023-07-26
2145,2145,CUS0002145,Linda,Perez,F,Indonesian,51-65,None,HL00002145,Platinum,EXC,Non-Smoking,Leisure,rebecca93@example.com,2024-01-17
2146,2146,CUS0002146,Corey,Rogers,M,Singaporean,51-65,Silver,HL00002146,None,EXC,Non-Smoking,MICE,mramirez@example.com,2024-12-26
2147,2147,CUS0002147,Mary,Tate,F,Indonesian,26-35,Silver,HL00002147,None,DLX,Non-Smoking,MICE,leahbarker@example.org,2024-09-03
2148,2148,CUS0002148,Melissa,Marquez,F,Indonesian,26-35,Silver,HL00002148,None,STD,Non-Smoking,Honeymoon,james79@example.net,2024-08-10
2149,2149,CUS0002149,Bruce,Sharp,M,Indonesian,51-65,Silver,HL00002149,Silver,DLX,Non-Smoking,Business,danielle39@example.net,2024-02-17
2150,2150,CUS0002150,Gail,Clay,F,Singaporean,18-25,None,HL00002150,Platinum,SUT,Non-Smoking,Family,zbrooks@example.com,2024-12-25
2151,2151,CUS0002151,Devin,Carroll,M,Singaporean,18-25,Silver,HL00002151,Gold,DLX,Non-Smoking,Business,dustin91@example.com,2023-09-10
2152,2152,CUS0002152,Tracy,Li,F,Indonesian,65+,Silver,HL00002152,None,EXC,Non-Smoking,Family,msmith@example.com,2023-10-27
2153,2153,CUS0002153,Jordan,Ewing,F,British,36-50,None,HL00002153,Gold,DLX,Non-Smoking,Family,william63@example.com,2023-12-20
2154,2154,CUS0002154,William,Fuller,M,Indonesian,65+,None,HL00002154,None,SUT,Non-Smoking,Family,elarson@example.com,2026-05-02
2155,2155,CUS0002155,Emily,Taylor,F,Indonesian,36-50,None,HL00002155,Gold,EXC,Non-Smoking,Family,wardlaurie@example.org,2026-03-09
2156,2156,CUS0002156,Ryan,Ramirez,M,Indonesian,65+,Gold,HL00002156,None,DLX,Non-Smoking,Family,david16@example.org,2024-12-27
2157,2157,CUS0002157,Steven,Knight,M,Indonesian,65+,None,HL00002157,None,SUT,Non-Smoking,Leisure,rodrigueztiffany@example.net,2024-07-22
2158,2158,CUS0002158,Diane,Allen,F,Indonesian,51-65,Platinum,HL00002158,Gold,STD,Non-Smoking,Business,christineduncan@example.com,2024-03-28
2159,2159,CUS0002159,Hayden,Young,M,Indonesian,36-50,Silver,HL00002159,None,DLX,Smoking,Leisure,spencerlevi@example.org,2026-04-18
2160,2160,CUS0002160,Robert,Bryan,M,Singaporean,51-65,None,HL00002160,None,SUT,Non-Smoking,Leisure,ambersmith@example.org,2025-09-23
2161,2161,CUS0002161,Kenneth,Mendez,M,Australian,65+,None,HL00002161,None,DLX,Non-Smoking,Business,lisa11@example.org,2024-03-26
2162,2162,CUS0002162,Jason,Allen,M,Indonesian,18-25,Platinum,HL00002162,Gold,DLX,Non-Smoking,Honeymoon,patricialowery@example.com,2024-07-31
2163,2163,CUS0002163,April,Lambert,F,Other,65+,None,HL00002163,Silver,STD,Smoking,Leisure,mriley@example.com,2025-06-14
2164,2164,CUS0002164,Cindy,Garcia,F,Indonesian,36-50,None,HL00002164,Silver,SUT,Non-Smoking,Leisure,ortizsean@example.org,2025-07-16
2165,2165,CUS0002165,Stephen,Jefferson,M,Indonesian,18-25,Silver,HL00002165,Platinum,STD,Non-Smoking,Leisure,wjohnson@example.com,2023-06-14
2166,2166,CUS0002166,Sierra,Henry,F,Indonesian,51-65,None,HL00002166,None,STD,Non-Smoking,Family,marc78@example.net,2023-12-10
2167,2167,CUS0002167,Ryan,Obrien,M,Indonesian,36-50,Gold,HL00002167,None,DLX,Non-Smoking,Family,drew19@example.net,2025-10-08
2168,2168,CUS0002168,James,French,M,Singaporean,26-35,Platinum,HL00002168,Silver,DLX,Non-Smoking,Leisure,jefferygomez@example.com,2024-01-18
2169,2169,CUS0002169,Michelle,Roach,F,Indonesian,51-65,None,HL00002169,Silver,EXC,Smoking,Leisure,eburke@example.org,2025-02-25
2170,2170,CUS0002170,Taylor,Sanchez,F,Malaysian,26-35,None,HL00002170,Gold,DLX,Smoking,Honeymoon,chavezlauren@example.com,2024-09-05
2171,2171,CUS0002171,Gregory,James,M,Indonesian,26-35,None,HL00002171,None,STD,Non-Smoking,Business,cgraham@example.com,2024-10-08
2172,2172,CUS0002172,Jeffrey,Bailey,M,Malaysian,65+,None,HL00002172,None,EXC,Smoking,Family,michael47@example.org,2023-07-04
2173,2173,CUS0002173,Daniel,Richards,M,Indonesian,51-65,None,HL00002173,None,SUT,Non-Smoking,Family,meghanwerner@example.com,2025-01-24
2174,2174,CUS0002174,Philip,Davis,M,Indonesian,65+,Gold,HL00002174,Silver,DLX,Non-Smoking,Leisure,christopherdominguez@example.org,2025-10-07
2175,2175,CUS0002175,Bobby,Frederick,M,Other,51-65,Silver,HL00002175,None,STD,Non-Smoking,Business,jhernandez@example.com,2026-04-09
2176,2176,CUS0002176,Seth,Lopez,M,Indonesian,51-65,Gold,HL00002176,None,DLX,Smoking,Leisure,hcollins@example.org,2024-02-15
2177,2177,CUS0002177,Shane,Oliver,M,Indonesian,51-65,Gold,HL00002177,None,STD,Non-Smoking,Business,keithharrison@example.com,2025-09-02
2178,2178,CUS0002178,David,Morton,M,Indonesian,51-65,None,HL00002178,Gold,EXC,Non-Smoking,Business,carriejones@example.org,2024-12-29
2179,2179,CUS0002179,Robert,White,M,Indonesian,51-65,None,HL00002179,Platinum,DLX,Smoking,Leisure,maxwellangela@example.com,2025-01-26
2180,2180,CUS0002180,Christopher,Ferguson,M,Japanese,18-25,None,HL00002180,Silver,SUT,Non-Smoking,MICE,johnsmith@example.org,2025-01-17
2181,2181,CUS0002181,Dominic,Li,M,Indonesian,18-25,Gold,HL00002181,Gold,SUT,Non-Smoking,Leisure,longgary@example.com,2024-03-12
2182,2182,CUS0002182,Ryan,Allen,M,American,51-65,None,HL00002182,None,EXC,Non-Smoking,Business,audrey47@example.org,2023-11-18
2183,2183,CUS0002183,Casey,Rodriguez,F,Indonesian,36-50,Silver,HL00002183,None,STD,Non-Smoking,Business,fernandoobrien@example.org,2023-12-17
2184,2184,CUS0002184,Victoria,Taylor,F,Malaysian,65+,Silver,HL00002184,Platinum,DLX,Smoking,Family,steven76@example.net,2024-08-21
2185,2185,CUS0002185,Molly,Oneal,F,Indonesian,36-50,None,HL00002185,None,STD,Non-Smoking,Business,hhayden@example.com,2025-03-29
2186,2186,CUS0002186,Lisa,Higgins,F,Indonesian,18-25,Silver,HL00002186,Gold,EXC,Smoking,Business,hwalton@example.com,2025-08-20
2187,2187,CUS0002187,Kathy,Porter,F,American,51-65,Platinum,HL00002187,Silver,SUT,Non-Smoking,Business,clarkcarol@example.com,2025-02-22
2188,2188,CUS0002188,Edwin,Munoz,M,Indonesian,18-25,Silver,HL00002188,Silver,SUT,Non-Smoking,Leisure,treyes@example.com,2025-08-05
2189,2189,CUS0002189,Emily,Gonzalez,F,Indonesian,65+,Silver,HL00002189,None,STD,Non-Smoking,Business,lewiskimberly@example.org,2025-10-28
2190,2190,CUS0002190,Sharon,Gibbs,F,Indonesian,36-50,None,HL00002190,None,STD,Non-Smoking,Leisure,deborahturner@example.org,2026-04-24
2191,2191,CUS0002191,Alexis,Perez,F,Other,51-65,Gold,HL00002191,Gold,EXC,Smoking,Business,zking@example.com,2023-10-19
2192,2192,CUS0002192,John,Khan,M,British,26-35,Platinum,HL00002192,Silver,EXC,Smoking,Business,danderson@example.org,2024-06-05
2193,2193,CUS0002193,Stephanie,Livingston,F,Indonesian,51-65,None,HL00002193,None,EXC,Non-Smoking,Leisure,nathaniel57@example.com,2024-11-17
2194,2194,CUS0002194,Shane,Miller,M,Indonesian,26-35,None,HL00002194,None,DLX,Non-Smoking,Business,michael88@example.com,2025-02-06
2195,2195,CUS0002195,Timothy,Melton,M,Indonesian,65+,Platinum,HL00002195,Silver,EXC,Non-Smoking,Leisure,vjones@example.org,2023-06-02
2196,2196,CUS0002196,Tammy,Martin,F,Indonesian,51-65,None,HL00002196,Silver,SUT,Non-Smoking,MICE,thomasjennifer@example.com,2023-11-09
2197,2197,CUS0002197,Allison,Robinson,F,Singaporean,65+,Silver,HL00002197,Silver,DLX,Non-Smoking,Business,andrew65@example.net,2024-08-16
2198,2198,CUS0002198,Gregory,Nguyen,M,Indonesian,36-50,Silver,HL00002198,None,DLX,Non-Smoking,Leisure,brent89@example.org,2024-05-11
2199,2199,CUS0002199,Peter,Hamilton,M,Indonesian,36-50,Silver,HL00002199,None,SUT,Non-Smoking,Business,estradaamy@example.net,2026-04-08
2200,2200,CUS0002200,Jonathan,Lutz,M,Malaysian,36-50,None,HL00002200,Gold,STD,Non-Smoking,Leisure,sarahgray@example.net,2024-05-28
2201,2201,CUS0002201,Jeremiah,Sharp,M,Other,26-35,None,HL00002201,Silver,DLX,Non-Smoking,Business,douglas31@example.net,2025-12-12
2202,2202,CUS0002202,Donald,Robinson,M,American,36-50,None,HL00002202,Silver,EXC,Non-Smoking,Honeymoon,turnerstephanie@example.org,2025-01-24
2203,2203,CUS0002203,Laura,Butler,F,British,36-50,Gold,HL00002203,Gold,EXC,Non-Smoking,Business,ronaldcarroll@example.org,2025-12-18
2204,2204,CUS0002204,Wendy,Martin,F,Indonesian,65+,Gold,HL00002204,None,EXC,Non-Smoking,Leisure,bakertimothy@example.org,2025-12-26
2205,2205,CUS0002205,John,Zavala,M,Indonesian,51-65,None,HL00002205,None,DLX,Non-Smoking,Honeymoon,qwilson@example.com,2025-06-06
2206,2206,CUS0002206,Steven,Jensen,M,Other,18-25,Silver,HL00002206,None,SUT,Smoking,MICE,melissa49@example.net,2025-07-20
2207,2207,CUS0002207,Stephen,Olsen,M,Malaysian,36-50,None,HL00002207,Gold,EXC,Non-Smoking,Leisure,crystal58@example.org,2025-03-05
2208,2208,CUS0002208,Michael,Moran,M,Malaysian,26-35,None,HL00002208,Gold,DLX,Non-Smoking,MICE,linda33@example.org,2023-06-22
2209,2209,CUS0002209,John,Murphy,M,Indonesian,36-50,None,HL00002209,Platinum,STD,Non-Smoking,Honeymoon,victor60@example.net,2025-07-16
2210,2210,CUS0002210,Robert,Scott,M,Indonesian,51-65,Gold,HL00002210,None,SUT,Non-Smoking,Family,angelarichard@example.org,2025-08-15
2211,2211,CUS0002211,John,Hernandez,M,Australian,51-65,None,HL00002211,Platinum,EXC,Smoking,Leisure,terrywilliam@example.com,2024-09-12
2212,2212,CUS0002212,Jennifer,Knight,F,Indonesian,18-25,Silver,HL00002212,Gold,STD,Non-Smoking,Business,christopher29@example.com,2024-04-11
2213,2213,CUS0002213,Austin,Edwards,M,Indonesian,26-35,None,HL00002213,None,SUT,Non-Smoking,Leisure,grahamlisa@example.org,2026-05-19
2214,2214,CUS0002214,John,Johnson,M,Indonesian,36-50,None,HL00002214,None,STD,Smoking,Business,david37@example.com,2023-07-26
2215,2215,CUS0002215,Leah,Sullivan,F,Singaporean,36-50,Gold,HL00002215,Gold,EXC,Non-Smoking,Business,justinbishop@example.org,2023-11-17
2216,2216,CUS0002216,Christopher,Murphy,M,Indonesian,51-65,None,HL00002216,Silver,STD,Smoking,MICE,gcastaneda@example.org,2026-03-05
2217,2217,CUS0002217,Rebecca,Smith,F,Other,65+,None,HL00002217,Silver,STD,Non-Smoking,Family,fvasquez@example.net,2024-03-02
2218,2218,CUS0002218,Brittany,Williams,F,Singaporean,26-35,None,HL00002218,None,EXC,Non-Smoking,Family,ithompson@example.com,2023-07-16
2219,2219,CUS0002219,Jacob,Jennings,M,Japanese,18-25,None,HL00002219,None,DLX,Non-Smoking,MICE,elizabeth10@example.org,2025-07-20
2220,2220,CUS0002220,Erin,Williams,F,Japanese,51-65,None,HL00002220,Silver,EXC,Non-Smoking,Business,mcneilchristina@example.org,2024-09-29
2221,2221,CUS0002221,Carolyn,Myers,F,Indonesian,18-25,None,HL00002221,Silver,DLX,Non-Smoking,Business,lrodriguez@example.com,2023-06-05
2222,2222,CUS0002222,Sara,Jones,F,Singaporean,26-35,Gold,HL00002222,Platinum,DLX,Non-Smoking,Leisure,dillon79@example.com,2024-09-27
2223,2223,CUS0002223,Mason,Graves,M,Indonesian,51-65,Silver,HL00002223,Gold,DLX,Smoking,Family,crawfordjeffrey@example.com,2024-04-08
2224,2224,CUS0002224,James,Morgan,M,Singaporean,65+,Gold,HL00002224,Silver,SUT,Non-Smoking,Leisure,heatherpatrick@example.com,2024-06-15
2225,2225,CUS0002225,Eric,Valdez,M,Singaporean,36-50,Silver,HL00002225,None,DLX,Smoking,Honeymoon,pbutler@example.com,2025-02-15
2226,2226,CUS0002226,Gabriel,Allen,M,Indonesian,26-35,Platinum,HL00002226,Silver,STD,Non-Smoking,Business,jacquelinejohnson@example.org,2024-03-13
2227,2227,CUS0002227,Sheri,Hernandez,F,Indonesian,26-35,None,HL00002227,None,STD,Non-Smoking,Business,umartinez@example.org,2025-05-02
2228,2228,CUS0002228,Randy,Watts,M,Other,51-65,Gold,HL00002228,None,STD,Non-Smoking,Family,jennifergraham@example.org,2024-04-23
2229,2229,CUS0002229,Michael,Powers,M,Indonesian,26-35,None,HL00002229,Platinum,DLX,Non-Smoking,MICE,sharon37@example.net,2023-08-17
2230,2230,CUS0002230,Jackson,Myers,M,Malaysian,65+,None,HL00002230,None,SUT,Non-Smoking,Leisure,carl04@example.com,2026-02-24
2231,2231,CUS0002231,Robert,Ford,M,Indonesian,51-65,Gold,HL00002231,Platinum,SUT,Smoking,Leisure,ubowers@example.com,2024-03-03
2232,2232,CUS0002232,Robyn,Mcgee,F,Indonesian,51-65,Gold,HL00002232,Silver,EXC,Non-Smoking,Business,wbarrett@example.net,2025-03-20
2233,2233,CUS0002233,Catherine,Booth,F,Indonesian,26-35,Silver,HL00002233,Silver,EXC,Non-Smoking,Business,stephanieperry@example.com,2023-10-17
2234,2234,CUS0002234,Charles,Henson,M,Other,51-65,None,HL00002234,Silver,EXC,Non-Smoking,Leisure,williamsimpson@example.com,2024-03-10
2235,2235,CUS0002235,Nathan,Butler,M,Australian,51-65,None,HL00002235,None,DLX,Non-Smoking,Family,welchjennifer@example.net,2025-06-15
2236,2236,CUS0002236,Gabrielle,Garcia,F,Japanese,36-50,None,HL00002236,Silver,DLX,Non-Smoking,Business,jasoncook@example.net,2024-11-12
2237,2237,CUS0002237,Natasha,Hill,F,Indonesian,18-25,Silver,HL00002237,Platinum,DLX,Non-Smoking,Business,lpreston@example.net,2024-06-05
2238,2238,CUS0002238,Craig,Carrillo,M,Indonesian,26-35,Silver,HL00002238,None,DLX,Non-Smoking,Family,gibsonjennifer@example.net,2026-02-14
2239,2239,CUS0002239,Joshua,Campos,M,Singaporean,51-65,Platinum,HL00002239,None,SUT,Non-Smoking,Leisure,mitchellandrew@example.net,2025-03-24
2240,2240,CUS0002240,Vincent,Brown,M,Indonesian,26-35,Gold,HL00002240,None,EXC,Non-Smoking,Leisure,mhickman@example.net,2024-12-11
2241,2241,CUS0002241,Tammy,Davenport,F,Indonesian,51-65,None,HL00002241,Silver,STD,Non-Smoking,Honeymoon,shannonevans@example.net,2025-07-11
2242,2242,CUS0002242,Andrew,Perez,M,Indonesian,18-25,Silver,HL00002242,None,STD,Non-Smoking,Business,ralph08@example.org,2025-03-01
2243,2243,CUS0002243,Daniel,Underwood,M,Indonesian,65+,Silver,HL00002243,Silver,SUT,Non-Smoking,Business,randyjordan@example.org,2024-05-27
2244,2244,CUS0002244,Regina,Nichols,F,Other,18-25,Platinum,HL00002244,None,SUT,Non-Smoking,Leisure,usmith@example.net,2026-04-28
2245,2245,CUS0002245,Eric,Burke,M,Other,18-25,Platinum,HL00002245,Gold,SUT,Smoking,Leisure,crawfordbetty@example.net,2024-01-13
2246,2246,CUS0002246,Juan,Chan,M,Indonesian,26-35,None,HL00002246,None,DLX,Non-Smoking,Leisure,saraprice@example.net,2023-12-18
2247,2247,CUS0002247,Christopher,Douglas,M,Indonesian,51-65,Silver,HL00002247,Gold,SUT,Smoking,Leisure,cohenchristopher@example.net,2023-06-28
2248,2248,CUS0002248,Theresa,Smith,F,Indonesian,51-65,None,HL00002248,None,SUT,Non-Smoking,Leisure,sarahsimon@example.org,2026-04-28
2249,2249,CUS0002249,Ebony,Scott,F,British,26-35,Platinum,HL00002249,Gold,DLX,Smoking,Family,rebeccaharris@example.org,2024-08-07
2250,2250,CUS0002250,Brent,Huynh,M,Australian,36-50,None,HL00002250,None,SUT,Non-Smoking,Business,whitney81@example.org,2025-06-22
2251,2251,CUS0002251,Shane,Farrell,M,British,51-65,None,HL00002251,None,STD,Non-Smoking,Leisure,mckaycameron@example.com,2026-04-05
2252,2252,CUS0002252,Ashley,Hayes,F,British,51-65,None,HL00002252,Gold,EXC,Smoking,Leisure,masonmary@example.net,2024-06-24
2253,2253,CUS0002253,Jorge,Olson,M,Indonesian,36-50,None,HL00002253,None,DLX,Non-Smoking,Business,kristen51@example.com,2023-10-21
2254,2254,CUS0002254,James,Lopez,M,Indonesian,51-65,Silver,HL00002254,Gold,SUT,Non-Smoking,Honeymoon,jessica91@example.org,2025-11-16
2255,2255,CUS0002255,Brianna,Martin,F,Indonesian,51-65,None,HL00002255,None,STD,Non-Smoking,Business,timothymiddleton@example.net,2024-06-01
2256,2256,CUS0002256,Amanda,Castaneda,F,Other,36-50,None,HL00002256,Silver,EXC,Non-Smoking,Honeymoon,ggarcia@example.com,2026-03-23
2257,2257,CUS0002257,Christopher,Oliver,M,Indonesian,51-65,None,HL00002257,None,EXC,Smoking,Leisure,vayala@example.net,2024-07-04
2258,2258,CUS0002258,Vanessa,Garner,F,Indonesian,65+,None,HL00002258,None,EXC,Non-Smoking,Business,dgrant@example.com,2026-02-17
2259,2259,CUS0002259,Maria,Gonzalez,F,Indonesian,51-65,Gold,HL00002259,Platinum,SUT,Non-Smoking,Business,johnsonjacob@example.net,2023-06-26
2260,2260,CUS0002260,Alicia,Beck,F,Indonesian,36-50,None,HL00002260,None,EXC,Non-Smoking,Business,deborah60@example.com,2025-09-24
2261,2261,CUS0002261,Angela,Cameron,F,Indonesian,36-50,Silver,HL00002261,Silver,STD,Smoking,Honeymoon,watkinsthomas@example.net,2024-05-29
2262,2262,CUS0002262,Nicholas,Peterson,M,Indonesian,36-50,None,HL00002262,None,STD,Non-Smoking,Business,hartmandanielle@example.org,2025-01-31
2263,2263,CUS0002263,Kimberly,Coleman,F,British,51-65,Silver,HL00002263,None,SUT,Non-Smoking,Business,trevinobrian@example.com,2024-06-09
2264,2264,CUS0002264,Victor,Taylor,M,British,26-35,None,HL00002264,Platinum,SUT,Non-Smoking,Leisure,lisa24@example.com,2023-09-29
2265,2265,CUS0002265,Jennifer,Jones,F,Other,18-25,None,HL00002265,Silver,SUT,Non-Smoking,Honeymoon,charles44@example.com,2025-05-06
2266,2266,CUS0002266,Allison,Mitchell,F,Other,65+,None,HL00002266,None,DLX,Non-Smoking,Leisure,jenniferkane@example.net,2024-03-29
2267,2267,CUS0002267,Linda,Garcia,F,Indonesian,26-35,Silver,HL00002267,Platinum,DLX,Non-Smoking,Family,davisjoseph@example.com,2025-08-25
2268,2268,CUS0002268,Stephen,White,M,Singaporean,51-65,Gold,HL00002268,None,STD,Non-Smoking,Leisure,brandimiller@example.org,2025-05-15
2269,2269,CUS0002269,Eric,Hodges,M,Malaysian,51-65,Silver,HL00002269,Platinum,SUT,Non-Smoking,Business,cainana@example.net,2024-01-03
2270,2270,CUS0002270,Kimberly,Escobar,F,Malaysian,26-35,Gold,HL00002270,Gold,STD,Non-Smoking,Leisure,craig60@example.com,2023-11-11
2271,2271,CUS0002271,Brandon,Cook,M,Indonesian,36-50,None,HL00002271,None,EXC,Non-Smoking,Leisure,taylorclinton@example.net,2024-05-13
2272,2272,CUS0002272,Ashley,Woods,F,British,65+,None,HL00002272,None,STD,Non-Smoking,Leisure,zpacheco@example.net,2025-09-03
2273,2273,CUS0002273,Deborah,Garza,F,Indonesian,65+,None,HL00002273,Silver,EXC,Non-Smoking,Business,christopherjackson@example.net,2025-04-06
2274,2274,CUS0002274,Michael,Garcia,M,Singaporean,26-35,Silver,HL00002274,None,EXC,Non-Smoking,Business,ruizjessica@example.org,2023-09-10
2275,2275,CUS0002275,Oscar,Short,M,Indonesian,51-65,Platinum,HL00002275,Silver,SUT,Non-Smoking,Honeymoon,veronicasmith@example.net,2024-12-27
2276,2276,CUS0002276,Kenneth,Blair,M,Singaporean,51-65,None,HL00002276,None,SUT,Non-Smoking,Business,travisyoung@example.com,2024-04-07
2277,2277,CUS0002277,Louis,Price,M,Other,51-65,Silver,HL00002277,None,EXC,Non-Smoking,Family,max69@example.com,2025-10-17
2278,2278,CUS0002278,Donna,Wright,F,Japanese,26-35,None,HL00002278,Gold,SUT,Non-Smoking,Business,mannjonathan@example.net,2024-12-21
2279,2279,CUS0002279,Aaron,Wilson,M,Malaysian,36-50,Silver,HL00002279,None,STD,Smoking,Business,julievazquez@example.net,2024-11-27
2280,2280,CUS0002280,Robin,Carpenter,F,Indonesian,51-65,None,HL00002280,None,STD,Non-Smoking,Business,davidwilliams@example.org,2025-04-29
2281,2281,CUS0002281,Amber,Jones,F,Indonesian,18-25,None,HL00002281,None,SUT,Non-Smoking,Leisure,nanderson@example.com,2023-11-14
2282,2282,CUS0002282,Laura,Pearson,F,Indonesian,65+,Silver,HL00002282,None,EXC,Non-Smoking,Leisure,greeralexander@example.org,2023-10-06
2283,2283,CUS0002283,Christine,Thomas,F,Indonesian,51-65,Silver,HL00002283,Silver,STD,Non-Smoking,MICE,meltonmark@example.com,2024-02-14
2284,2284,CUS0002284,Mary,Becker,F,Malaysian,36-50,Platinum,HL00002284,None,DLX,Smoking,Family,oalvarado@example.org,2024-10-15
2285,2285,CUS0002285,James,Lopez,M,Japanese,51-65,None,HL00002285,Gold,STD,Non-Smoking,Family,tracyavery@example.com,2024-10-07
2286,2286,CUS0002286,Darlene,Hamilton,F,Indonesian,65+,Silver,HL00002286,Silver,EXC,Non-Smoking,Leisure,bryansmall@example.org,2023-06-28
2287,2287,CUS0002287,Judy,Roberts,F,Indonesian,18-25,Gold,HL00002287,Gold,DLX,Non-Smoking,Family,srodriguez@example.org,2025-04-17
2288,2288,CUS0002288,Diana,Simmons,F,Indonesian,51-65,Gold,HL00002288,Platinum,SUT,Non-Smoking,Family,kennedykathryn@example.org,2025-04-17
2289,2289,CUS0002289,Jesse,Turner,M,Indonesian,26-35,None,HL00002289,None,SUT,Non-Smoking,Leisure,shannonbarker@example.com,2024-11-05
2290,2290,CUS0002290,Karen,Myers,F,Other,18-25,Platinum,HL00002290,Gold,EXC,Non-Smoking,Family,timothykim@example.org,2024-05-18
2291,2291,CUS0002291,Priscilla,Brewer,F,Indonesian,65+,None,HL00002291,Gold,STD,Non-Smoking,Honeymoon,jrobinson@example.net,2026-04-22
2292,2292,CUS0002292,Taylor,Rodriguez,F,Indonesian,26-35,Silver,HL00002292,Platinum,DLX,Non-Smoking,Honeymoon,alexa14@example.net,2025-02-28
2293,2293,CUS0002293,Rebecca,Francis,F,Malaysian,36-50,None,HL00002293,Gold,DLX,Non-Smoking,Leisure,brownsusan@example.org,2024-06-15
2294,2294,CUS0002294,Steven,King,M,Indonesian,51-65,None,HL00002294,None,SUT,Non-Smoking,Leisure,katherinebarnett@example.net,2025-04-06
2295,2295,CUS0002295,Laura,Middleton,F,Indonesian,26-35,Platinum,HL00002295,None,EXC,Non-Smoking,Business,courtneymadden@example.org,2025-03-05
2296,2296,CUS0002296,Tyler,Murphy,M,Singaporean,51-65,None,HL00002296,None,SUT,Non-Smoking,Leisure,abradley@example.com,2025-01-07
2297,2297,CUS0002297,Cody,Oconnor,M,Japanese,51-65,Silver,HL00002297,Silver,STD,Non-Smoking,MICE,zking@example.com,2023-11-12
2298,2298,CUS0002298,Christina,Morales,F,Other,26-35,None,HL00002298,Gold,DLX,Smoking,Leisure,cody79@example.org,2024-07-24
2299,2299,CUS0002299,Frederick,Hodge,M,Indonesian,51-65,None,HL00002299,None,STD,Non-Smoking,Honeymoon,thomas38@example.com,2025-09-01
2300,2300,CUS0002300,Darren,Bernard,M,Singaporean,36-50,Gold,HL00002300,None,DLX,Smoking,Family,norrisdakota@example.org,2023-09-08
2301,2301,CUS0002301,Jason,Williams,M,Other,51-65,None,HL00002301,None,EXC,Non-Smoking,Family,vgutierrez@example.org,2023-12-16
2302,2302,CUS0002302,Michael,Daugherty,M,Indonesian,65+,Silver,HL00002302,Gold,DLX,Smoking,Leisure,ohiggins@example.net,2023-09-15
2303,2303,CUS0002303,Daniel,Davis,M,Singaporean,51-65,Silver,HL00002303,None,DLX,Non-Smoking,Honeymoon,alexander96@example.org,2023-09-03
2304,2304,CUS0002304,Maria,Wu,F,Indonesian,51-65,Silver,HL00002304,None,STD,Non-Smoking,Business,claytonmclean@example.net,2026-03-29
2305,2305,CUS0002305,Anna,Wright,F,Indonesian,65+,Silver,HL00002305,None,STD,Non-Smoking,Business,bradleybarker@example.net,2025-12-09
2306,2306,CUS0002306,Mary,Dominguez,F,Indonesian,51-65,Gold,HL00002306,None,STD,Non-Smoking,Business,howetracy@example.org,2023-12-28
2307,2307,CUS0002307,Jennifer,Rivera,F,Malaysian,18-25,None,HL00002307,Silver,STD,Non-Smoking,Family,gordonjerome@example.net,2024-10-07
2308,2308,CUS0002308,Aaron,Horton,M,Singaporean,51-65,Silver,HL00002308,Silver,STD,Non-Smoking,Business,karen82@example.org,2026-05-18
2309,2309,CUS0002309,Brent,Burton,M,Indonesian,18-25,Silver,HL00002309,None,EXC,Non-Smoking,Business,contrerasjames@example.org,2024-09-29
2310,2310,CUS0002310,Omar,Oconnor,M,Indonesian,51-65,Gold,HL00002310,Silver,SUT,Non-Smoking,Leisure,margaretgonzalez@example.com,2025-12-29
2311,2311,CUS0002311,Antonio,Cole,M,Indonesian,36-50,None,HL00002311,Gold,STD,Smoking,Business,anthonyswanson@example.net,2026-02-17
2312,2312,CUS0002312,Holly,Sherman,F,Indonesian,51-65,Gold,HL00002312,Gold,DLX,Non-Smoking,Honeymoon,mary62@example.net,2024-11-08
2313,2313,CUS0002313,Roy,Moore,M,Indonesian,65+,Silver,HL00002313,None,STD,Non-Smoking,Family,xsmith@example.org,2023-08-26
2314,2314,CUS0002314,Carrie,Cameron,F,Indonesian,36-50,None,HL00002314,None,DLX,Non-Smoking,Family,wrodriguez@example.org,2024-11-07
2315,2315,CUS0002315,Benjamin,Perry,M,Indonesian,51-65,None,HL00002315,Silver,SUT,Non-Smoking,Leisure,kperez@example.com,2023-09-19
2316,2316,CUS0002316,Joseph,Peters,M,Indonesian,26-35,None,HL00002316,Silver,STD,Non-Smoking,Business,olivia29@example.net,2024-01-18
2317,2317,CUS0002317,Latoya,Mckay,F,Other,26-35,Silver,HL00002317,None,DLX,Non-Smoking,MICE,yjackson@example.com,2025-08-05
2318,2318,CUS0002318,Ethan,Obrien,M,Indonesian,51-65,None,HL00002318,Gold,EXC,Non-Smoking,Business,gonzalezkenneth@example.net,2024-06-03
2319,2319,CUS0002319,Timothy,Baxter,M,Singaporean,36-50,Silver,HL00002319,None,SUT,Smoking,Business,hogandavid@example.org,2024-05-30
2320,2320,CUS0002320,Omar,Ferguson,M,British,51-65,None,HL00002320,Gold,STD,Non-Smoking,Honeymoon,castroralph@example.net,2023-06-11
2321,2321,CUS0002321,Micheal,Velasquez,M,Indonesian,26-35,None,HL00002321,None,EXC,Non-Smoking,MICE,holmesamber@example.org,2023-07-27
2322,2322,CUS0002322,Beth,Odonnell,F,Indonesian,18-25,None,HL00002322,Silver,SUT,Smoking,Business,allenandrea@example.com,2024-07-14
2323,2323,CUS0002323,Kimberly,Green,F,Malaysian,36-50,Silver,HL00002323,None,EXC,Non-Smoking,MICE,ana20@example.com,2025-06-08
2324,2324,CUS0002324,Sarah,Harris,F,Indonesian,36-50,Platinum,HL00002324,None,EXC,Non-Smoking,MICE,hollydavis@example.org,2025-12-10
2325,2325,CUS0002325,Jessica,Henderson,F,Indonesian,26-35,Silver,HL00002325,Silver,DLX,Non-Smoking,Leisure,rojasmarc@example.org,2026-03-18
2326,2326,CUS0002326,Desiree,Boone,F,Indonesian,26-35,Gold,HL00002326,Platinum,SUT,Non-Smoking,Business,johnsonalexander@example.org,2025-02-21
2327,2327,CUS0002327,Maurice,Johnson,M,Japanese,18-25,Platinum,HL00002327,None,DLX,Smoking,Leisure,millerfrederick@example.net,2024-02-03
2328,2328,CUS0002328,Mandy,Miller,F,American,18-25,None,HL00002328,None,EXC,Non-Smoking,Leisure,timothytrujillo@example.com,2025-03-11
2329,2329,CUS0002329,Stephanie,Holland,F,Singaporean,18-25,Silver,HL00002329,None,EXC,Non-Smoking,Leisure,cobbkaitlyn@example.net,2026-03-04
2330,2330,CUS0002330,Nathan,Mcneil,M,Singaporean,65+,None,HL00002330,None,STD,Non-Smoking,Leisure,nicholas18@example.net,2025-05-24
2331,2331,CUS0002331,Nicole,Green,F,Indonesian,51-65,None,HL00002331,None,STD,Non-Smoking,Family,gardnerdylan@example.net,2025-10-26
2332,2332,CUS0002332,Kimberly,Mitchell,F,Indonesian,26-35,Gold,HL00002332,Silver,DLX,Non-Smoking,Leisure,hernandezmadison@example.com,2024-03-15
2333,2333,CUS0002333,Lisa,Williams,F,Indonesian,36-50,None,HL00002333,Silver,DLX,Non-Smoking,Family,gharrison@example.com,2024-09-03
2334,2334,CUS0002334,Allison,Greene,F,Japanese,36-50,None,HL00002334,Gold,STD,Non-Smoking,Leisure,stanleynina@example.com,2026-05-13
2335,2335,CUS0002335,Mark,Davis,M,Malaysian,51-65,None,HL00002335,None,SUT,Non-Smoking,MICE,alyssa66@example.net,2026-02-18
2336,2336,CUS0002336,David,Hernandez,M,Indonesian,65+,Silver,HL00002336,Silver,DLX,Non-Smoking,Business,william55@example.net,2026-03-16
2337,2337,CUS0002337,Jacob,Underwood,M,Indonesian,65+,Gold,HL00002337,Platinum,SUT,Non-Smoking,Honeymoon,jblair@example.net,2026-02-19
2338,2338,CUS0002338,Mario,Brown,M,Indonesian,65+,Silver,HL00002338,None,SUT,Smoking,Leisure,johnguzman@example.net,2024-08-15
2339,2339,CUS0002339,Joe,Kelly,M,Singaporean,36-50,Silver,HL00002339,Silver,STD,Non-Smoking,Family,bartonkimberly@example.net,2023-09-15
2340,2340,CUS0002340,Beth,Brown,F,Malaysian,51-65,None,HL00002340,Gold,STD,Non-Smoking,Honeymoon,hebertmichelle@example.com,2023-08-15
2341,2341,CUS0002341,Joseph,Zamora,M,Indonesian,18-25,Gold,HL00002341,None,EXC,Non-Smoking,Business,greenjessica@example.net,2023-10-25
2342,2342,CUS0002342,Joshua,Wells,M,Other,51-65,None,HL00002342,Silver,SUT,Non-Smoking,Business,zacharygray@example.org,2024-04-18
2343,2343,CUS0002343,Maria,Ross,F,Indonesian,36-50,None,HL00002343,Platinum,SUT,Non-Smoking,Business,ericjones@example.net,2025-04-12
2344,2344,CUS0002344,Manuel,Phillips,M,Singaporean,36-50,None,HL00002344,None,EXC,Non-Smoking,Business,aimeebrewer@example.net,2025-04-16
2345,2345,CUS0002345,Elizabeth,Evans,F,Indonesian,18-25,Gold,HL00002345,None,EXC,Non-Smoking,Business,sanchezrobert@example.net,2025-11-01
2346,2346,CUS0002346,Jacob,Hardy,M,American,51-65,Platinum,HL00002346,Gold,SUT,Non-Smoking,Leisure,tlewis@example.com,2025-11-20
2347,2347,CUS0002347,Julia,Williams,F,Singaporean,65+,None,HL00002347,None,EXC,Smoking,Leisure,ocarter@example.com,2026-03-01
2348,2348,CUS0002348,Heather,Christensen,F,Malaysian,51-65,None,HL00002348,None,EXC,Non-Smoking,Leisure,michelle02@example.com,2024-09-25
2349,2349,CUS0002349,Crystal,Lowe,F,Indonesian,18-25,Gold,HL00002349,None,SUT,Non-Smoking,Leisure,amy24@example.org,2023-06-18
2350,2350,CUS0002350,Alexander,Miller,M,Indonesian,18-25,Silver,HL00002350,Silver,EXC,Non-Smoking,Family,yparker@example.com,2026-02-13
2351,2351,CUS0002351,Kayla,Choi,F,British,51-65,Platinum,HL00002351,None,SUT,Smoking,Business,ingramjessica@example.com,2025-01-11
2352,2352,CUS0002352,Kristi,Mason,F,Other,51-65,None,HL00002352,None,STD,Non-Smoking,Family,mariahill@example.net,2025-01-16
2353,2353,CUS0002353,John,Decker,M,Japanese,51-65,None,HL00002353,None,STD,Non-Smoking,Leisure,nunezmatthew@example.com,2023-07-02
2354,2354,CUS0002354,Margaret,Kaiser,F,Indonesian,26-35,None,HL00002354,None,STD,Non-Smoking,Leisure,john33@example.com,2024-09-04
2355,2355,CUS0002355,Ronald,Scott,M,Other,51-65,Gold,HL00002355,None,DLX,Smoking,Leisure,nicole16@example.net,2024-12-24
2356,2356,CUS0002356,Robert,Shaffer,M,Indonesian,51-65,Platinum,HL00002356,None,SUT,Non-Smoking,Business,daviscarol@example.net,2023-07-28
2357,2357,CUS0002357,Michelle,Cobb,F,Indonesian,36-50,Silver,HL00002357,None,EXC,Non-Smoking,Family,obrienjames@example.net,2025-03-20
2358,2358,CUS0002358,Lynn,Gonzalez,F,Malaysian,65+,Platinum,HL00002358,Silver,STD,Non-Smoking,Leisure,dennisschneider@example.org,2025-05-06
2359,2359,CUS0002359,Stephen,Bond,M,Indonesian,65+,Gold,HL00002359,None,DLX,Non-Smoking,Leisure,hubersamantha@example.net,2024-04-13
2360,2360,CUS0002360,Kathy,Chang,F,Malaysian,18-25,Silver,HL00002360,None,DLX,Non-Smoking,Honeymoon,victoria17@example.net,2024-07-08
2361,2361,CUS0002361,Peggy,Cortez,F,Malaysian,36-50,Platinum,HL00002361,Gold,SUT,Non-Smoking,MICE,smithjack@example.org,2025-03-07
2362,2362,CUS0002362,Alyssa,Rodriguez,F,Indonesian,18-25,None,HL00002362,Gold,STD,Non-Smoking,MICE,irodriguez@example.net,2024-10-19
2363,2363,CUS0002363,Tim,Sanchez,M,Indonesian,36-50,Gold,HL00002363,Platinum,STD,Smoking,Family,ocook@example.net,2023-06-15
2364,2364,CUS0002364,Dennis,Campbell,M,Malaysian,36-50,None,HL00002364,Gold,STD,Non-Smoking,Business,hornerebecca@example.org,2024-03-07
2365,2365,CUS0002365,Michael,Myers,M,Indonesian,26-35,Silver,HL00002365,None,EXC,Non-Smoking,Leisure,dennis01@example.com,2024-09-16
2366,2366,CUS0002366,Andrea,Martinez,F,Indonesian,26-35,None,HL00002366,None,STD,Non-Smoking,Business,daniel43@example.org,2024-12-23
2367,2367,CUS0002367,Kendra,Cooper,F,Australian,36-50,None,HL00002367,Silver,SUT,Non-Smoking,Leisure,williskatherine@example.com,2026-01-10
2368,2368,CUS0002368,Christopher,Sharp,M,British,51-65,None,HL00002368,Silver,SUT,Non-Smoking,Business,catherinewagner@example.org,2025-02-03
2369,2369,CUS0002369,Jerry,Rogers,M,American,51-65,None,HL00002369,Gold,SUT,Non-Smoking,Honeymoon,qjones@example.org,2025-01-21
2370,2370,CUS0002370,Paul,Cross,M,Japanese,26-35,None,HL00002370,None,EXC,Non-Smoking,Honeymoon,aprilrussell@example.net,2023-12-20
2371,2371,CUS0002371,Sandra,Mccoy,F,Indonesian,65+,None,HL00002371,Gold,SUT,Non-Smoking,Business,john66@example.com,2024-03-27
2372,2372,CUS0002372,Patrick,Stone,M,Indonesian,18-25,None,HL00002372,Platinum,DLX,Non-Smoking,Leisure,wilsondavid@example.org,2025-02-25
2373,2373,CUS0002373,Tony,Golden,M,Indonesian,65+,None,HL00002373,None,SUT,Smoking,Honeymoon,meyerjames@example.com,2026-01-30
2374,2374,CUS0002374,Stephen,Davis,M,Indonesian,36-50,Silver,HL00002374,Silver,SUT,Smoking,Business,hughesgail@example.org,2025-06-10
2375,2375,CUS0002375,Teresa,Lewis,F,Indonesian,51-65,Silver,HL00002375,None,EXC,Non-Smoking,Leisure,katrinaking@example.com,2023-08-31
2376,2376,CUS0002376,Amy,Jordan,F,Indonesian,36-50,None,HL00002376,Gold,STD,Non-Smoking,Business,ryanrodriguez@example.net,2024-09-23
2377,2377,CUS0002377,Karina,Hines,F,Indonesian,18-25,None,HL00002377,Gold,EXC,Non-Smoking,Leisure,christineriggs@example.com,2025-03-30
2378,2378,CUS0002378,Paul,Williams,M,Singaporean,51-65,Silver,HL00002378,Silver,STD,Non-Smoking,Leisure,kevinspencer@example.net,2026-04-25
2379,2379,CUS0002379,Richard,Cooper,M,Indonesian,36-50,None,HL00002379,None,STD,Non-Smoking,Family,thomasestrada@example.net,2025-04-02
2380,2380,CUS0002380,Stephanie,Taylor,F,Indonesian,18-25,None,HL00002380,None,DLX,Smoking,Leisure,lewisdeanna@example.net,2024-02-13
2381,2381,CUS0002381,Caleb,Garcia,M,Other,18-25,None,HL00002381,Silver,STD,Non-Smoking,Business,shannon09@example.org,2025-09-06
2382,2382,CUS0002382,Jacob,Cunningham,M,Singaporean,36-50,None,HL00002382,None,EXC,Non-Smoking,Leisure,prattjustin@example.org,2024-11-14
2383,2383,CUS0002383,Michelle,Chavez,F,Indonesian,65+,Silver,HL00002383,None,STD,Smoking,Business,brandi26@example.net,2024-12-11
2384,2384,CUS0002384,Laura,Bender,F,Indonesian,26-35,None,HL00002384,Silver,DLX,Non-Smoking,Business,kwang@example.com,2025-05-22
2385,2385,CUS0002385,Mary,Greer,F,Indonesian,18-25,Gold,HL00002385,Gold,DLX,Smoking,Family,hdavis@example.com,2024-03-08
2386,2386,CUS0002386,Kimberly,Diaz,F,Malaysian,51-65,None,HL00002386,Platinum,SUT,Non-Smoking,Leisure,kwalsh@example.org,2023-07-19
2387,2387,CUS0002387,Gary,Garcia,M,Indonesian,51-65,Platinum,HL00002387,Silver,DLX,Non-Smoking,Family,bartonpaige@example.net,2024-01-09
2388,2388,CUS0002388,Rebecca,Vincent,F,British,26-35,Silver,HL00002388,None,EXC,Non-Smoking,Honeymoon,pamelarodriguez@example.org,2023-07-15
2389,2389,CUS0002389,Phyllis,Parsons,F,Malaysian,51-65,None,HL00002389,Silver,DLX,Non-Smoking,Family,jpowell@example.org,2026-03-17
2390,2390,CUS0002390,Lisa,Johnson,F,Indonesian,36-50,None,HL00002390,None,SUT,Non-Smoking,Business,omoore@example.org,2025-10-20
2391,2391,CUS0002391,Pamela,Compton,F,Indonesian,36-50,None,HL00002391,Gold,STD,Non-Smoking,Family,maygordon@example.org,2024-10-08
2392,2392,CUS0002392,Justin,Vang,M,Indonesian,51-65,Gold,HL00002392,Silver,EXC,Non-Smoking,Family,abigailrobinson@example.net,2024-05-29
2393,2393,CUS0002393,Lindsey,Cox,F,Other,26-35,Silver,HL00002393,Gold,EXC,Non-Smoking,Business,rachelmeyer@example.net,2025-02-09
2394,2394,CUS0002394,Peter,Huff,M,Indonesian,36-50,None,HL00002394,Gold,EXC,Non-Smoking,Leisure,maria56@example.net,2023-11-11
2395,2395,CUS0002395,Vicki,Barrera,F,British,65+,Silver,HL00002395,Silver,EXC,Smoking,Leisure,jpeterson@example.org,2024-09-20
2396,2396,CUS0002396,Kevin,Howard,M,Australian,36-50,None,HL00002396,Platinum,EXC,Smoking,Leisure,ryanadams@example.net,2023-09-13
2397,2397,CUS0002397,Laura,Cooper,F,Indonesian,36-50,None,HL00002397,None,STD,Smoking,Family,mcleanjay@example.net,2024-11-20
2398,2398,CUS0002398,Rhonda,Garcia,F,Indonesian,36-50,None,HL00002398,Gold,DLX,Non-Smoking,Business,katieaguirre@example.com,2024-07-07
2399,2399,CUS0002399,Gabrielle,Bradshaw,F,Malaysian,26-35,Gold,HL00002399,Silver,EXC,Non-Smoking,Leisure,kingjames@example.com,2023-09-04
2400,2400,CUS0002400,Joshua,Allen,M,Indonesian,36-50,Silver,HL00002400,Silver,EXC,Non-Smoking,Business,melissa40@example.org,2023-07-22
2401,2401,CUS0002401,Tyler,Mendoza,M,Other,18-25,Gold,HL00002401,Silver,EXC,Non-Smoking,Leisure,aaroncontreras@example.net,2024-07-04
2402,2402,CUS0002402,Lindsay,Solomon,F,Indonesian,36-50,None,HL00002402,Silver,EXC,Non-Smoking,Business,dbrown@example.org,2024-01-04
2403,2403,CUS0002403,Veronica,Hughes,F,Indonesian,18-25,None,HL00002403,Platinum,DLX,Non-Smoking,Leisure,charlesbarnett@example.net,2024-07-13
2404,2404,CUS0002404,Rodney,Morrow,M,Other,51-65,Gold,HL00002404,None,SUT,Non-Smoking,Leisure,williamscarl@example.net,2026-01-17
2405,2405,CUS0002405,Logan,Ramirez,M,Indonesian,65+,Silver,HL00002405,Gold,DLX,Non-Smoking,Honeymoon,crystal15@example.org,2024-07-02
2406,2406,CUS0002406,Jennifer,Thompson,F,Singaporean,36-50,Platinum,HL00002406,Silver,STD,Non-Smoking,Leisure,monicaavery@example.net,2025-04-29
2407,2407,CUS0002407,Lori,Williams,F,Indonesian,36-50,Silver,HL00002407,None,EXC,Non-Smoking,Honeymoon,jeffrey44@example.org,2023-11-22
2408,2408,CUS0002408,Jeremiah,George,M,Indonesian,36-50,None,HL00002408,Gold,SUT,Smoking,Leisure,tmartin@example.com,2025-04-19
2409,2409,CUS0002409,Molly,Hines,F,Indonesian,51-65,None,HL00002409,None,SUT,Non-Smoking,Leisure,mpowers@example.org,2025-11-11
2410,2410,CUS0002410,Alicia,Lindsey,F,Malaysian,51-65,Silver,HL00002410,Silver,DLX,Smoking,Honeymoon,ehardy@example.com,2025-12-27
2411,2411,CUS0002411,William,Cunningham,M,Indonesian,65+,None,HL00002411,Silver,EXC,Non-Smoking,Leisure,hammondjoseph@example.com,2024-08-31
2412,2412,CUS0002412,Michael,Baker,M,Indonesian,36-50,None,HL00002412,Platinum,STD,Non-Smoking,Leisure,jameschavez@example.org,2024-04-18
2413,2413,CUS0002413,Troy,Edwards,M,Indonesian,51-65,None,HL00002413,Silver,DLX,Smoking,Business,jamesmoon@example.com,2025-01-27
2414,2414,CUS0002414,John,Ho,M,Indonesian,65+,None,HL00002414,Gold,DLX,Non-Smoking,Leisure,ksmith@example.net,2025-09-12
2415,2415,CUS0002415,Blake,Martin,M,Other,65+,Silver,HL00002415,None,DLX,Non-Smoking,Family,wrodriguez@example.com,2023-06-08
2416,2416,CUS0002416,Roger,Petty,M,Indonesian,51-65,Platinum,HL00002416,None,STD,Non-Smoking,Business,david78@example.net,2023-12-13
2417,2417,CUS0002417,James,Lee,M,Indonesian,51-65,Platinum,HL00002417,Silver,SUT,Non-Smoking,Family,qjones@example.net,2026-05-13
2418,2418,CUS0002418,Elizabeth,Watkins,F,Indonesian,51-65,Platinum,HL00002418,Gold,EXC,Non-Smoking,MICE,michellemorris@example.org,2026-03-17
2419,2419,CUS0002419,Elizabeth,Williams,F,American,36-50,Silver,HL00002419,Gold,EXC,Non-Smoking,Leisure,reynoldsjustin@example.org,2023-08-08
2420,2420,CUS0002420,Jodi,Fleming,F,Malaysian,51-65,None,HL00002420,None,SUT,Smoking,Leisure,rossamanda@example.org,2024-11-12
2421,2421,CUS0002421,Patrick,Porter,M,Indonesian,36-50,None,HL00002421,Silver,DLX,Non-Smoking,Leisure,rosejones@example.org,2025-06-24
2422,2422,CUS0002422,Anna,Vasquez,F,Indonesian,26-35,None,HL00002422,None,STD,Non-Smoking,Business,curtislee@example.net,2024-02-02
2423,2423,CUS0002423,Christopher,Payne,M,Indonesian,36-50,Gold,HL00002423,Gold,DLX,Non-Smoking,Family,rmueller@example.net,2023-11-11
2424,2424,CUS0002424,David,Simmons,M,Indonesian,36-50,None,HL00002424,Silver,DLX,Non-Smoking,Business,nancyryan@example.org,2024-06-14
2425,2425,CUS0002425,Kaylee,Stephens,F,Indonesian,18-25,None,HL00002425,None,SUT,Non-Smoking,Leisure,ricky53@example.net,2023-08-15
2426,2426,CUS0002426,Joanna,Rodgers,F,Indonesian,18-25,Platinum,HL00002426,Silver,STD,Smoking,Leisure,lfloyd@example.net,2025-06-09
2427,2427,CUS0002427,Mallory,Powell,F,Indonesian,18-25,None,HL00002427,None,SUT,Smoking,Leisure,chavezisabel@example.com,2023-06-06
2428,2428,CUS0002428,David,Sullivan,M,Singaporean,36-50,None,HL00002428,Silver,EXC,Smoking,MICE,michellesmith@example.org,2025-08-03
2429,2429,CUS0002429,Joshua,Miller,M,Australian,36-50,None,HL00002429,None,DLX,Smoking,Leisure,henrysoto@example.com,2024-03-03
2430,2430,CUS0002430,Christopher,Gay,M,Indonesian,26-35,Gold,HL00002430,None,STD,Smoking,Leisure,alexis58@example.com,2025-11-23
2431,2431,CUS0002431,Michael,Sullivan,M,Indonesian,65+,None,HL00002431,Silver,DLX,Smoking,Family,jessicamills@example.org,2026-04-25
2432,2432,CUS0002432,Vicki,Taylor,F,Singaporean,65+,Gold,HL00002432,Silver,EXC,Non-Smoking,Family,wnovak@example.net,2024-08-02
2433,2433,CUS0002433,Kristin,Ferguson,F,British,65+,None,HL00002433,Silver,STD,Non-Smoking,Family,joe99@example.net,2026-02-14
2434,2434,CUS0002434,Richard,Parrish,M,Indonesian,51-65,Silver,HL00002434,Gold,STD,Non-Smoking,Business,davidsellers@example.com,2025-09-20
2435,2435,CUS0002435,Andrew,Jacobs,M,Indonesian,18-25,Silver,HL00002435,Silver,DLX,Non-Smoking,Business,eileendaniels@example.net,2023-10-16
2436,2436,CUS0002436,Michelle,King,F,Singaporean,26-35,Silver,HL00002436,None,STD,Non-Smoking,Business,deborah49@example.com,2023-08-13
2437,2437,CUS0002437,Nancy,Hunt,F,Singaporean,18-25,None,HL00002437,Silver,SUT,Non-Smoking,Business,hollandjustin@example.com,2023-10-21
2438,2438,CUS0002438,Joshua,Ellis,M,Indonesian,26-35,Gold,HL00002438,None,STD,Smoking,Leisure,dominguezscott@example.com,2024-09-23
2439,2439,CUS0002439,David,Stephens,M,Indonesian,51-65,None,HL00002439,Gold,DLX,Non-Smoking,Business,mmyers@example.net,2024-09-24
2440,2440,CUS0002440,Valerie,Lopez,F,Indonesian,18-25,None,HL00002440,None,DLX,Non-Smoking,Leisure,xhill@example.org,2025-10-04
2441,2441,CUS0002441,Amy,Burton,F,Other,26-35,Gold,HL00002441,Silver,DLX,Non-Smoking,Leisure,isimpson@example.com,2024-02-09
2442,2442,CUS0002442,Kimberly,Vincent,F,British,36-50,Silver,HL00002442,Silver,SUT,Non-Smoking,Leisure,twagner@example.org,2024-04-25
2443,2443,CUS0002443,Roy,Flores,M,Singaporean,18-25,None,HL00002443,Silver,SUT,Non-Smoking,Leisure,troybrady@example.net,2024-08-25
2444,2444,CUS0002444,Evan,Warren,M,Indonesian,36-50,Silver,HL00002444,None,STD,Non-Smoking,Business,rschneider@example.net,2026-04-27
2445,2445,CUS0002445,Cynthia,Williams,F,Indonesian,18-25,None,HL00002445,None,DLX,Non-Smoking,Business,nicole56@example.com,2024-02-15
2446,2446,CUS0002446,Lisa,Jennings,F,Indonesian,18-25,None,HL00002446,Platinum,SUT,Non-Smoking,Leisure,johnsondavid@example.com,2025-11-27
2447,2447,CUS0002447,Christopher,Francis,M,Indonesian,36-50,Gold,HL00002447,Gold,SUT,Non-Smoking,Family,joseph28@example.com,2023-10-20
2448,2448,CUS0002448,Kevin,Gonzalez,M,Indonesian,36-50,None,HL00002448,Silver,SUT,Non-Smoking,Business,margaret94@example.org,2024-07-04
2449,2449,CUS0002449,David,Lynn,M,Singaporean,26-35,None,HL00002449,None,EXC,Non-Smoking,Leisure,kristine33@example.net,2025-04-22
2450,2450,CUS0002450,Timothy,Peterson,M,American,26-35,None,HL00002450,None,DLX,Smoking,Leisure,josecohen@example.com,2025-11-03
2451,2451,CUS0002451,Kim,Morgan,F,American,51-65,None,HL00002451,Silver,DLX,Non-Smoking,Leisure,vthompson@example.com,2023-07-11
2452,2452,CUS0002452,Wayne,Jackson,M,Indonesian,51-65,Gold,HL00002452,None,DLX,Non-Smoking,Family,mirandawalker@example.net,2024-03-22
2453,2453,CUS0002453,Rachael,Wood,F,American,26-35,Silver,HL00002453,None,SUT,Non-Smoking,Business,michelleayers@example.org,2025-07-11
2454,2454,CUS0002454,Michael,Wood,M,Malaysian,36-50,None,HL00002454,None,STD,Non-Smoking,Business,lynntracy@example.com,2023-08-12
2455,2455,CUS0002455,Tiffany,Hansen,F,Malaysian,36-50,Gold,HL00002455,Platinum,EXC,Non-Smoking,Honeymoon,bishopkatelyn@example.net,2025-08-18
2456,2456,CUS0002456,Samantha,Walker,F,American,51-65,None,HL00002456,None,DLX,Non-Smoking,Leisure,kristopherhanson@example.net,2024-01-07
2457,2457,CUS0002457,Samantha,Jones,F,Other,36-50,Silver,HL00002457,None,STD,Non-Smoking,Leisure,sloancarol@example.org,2023-09-29
2458,2458,CUS0002458,Christina,Whitaker,F,Indonesian,65+,None,HL00002458,None,SUT,Non-Smoking,Leisure,brandi40@example.org,2024-12-04
2459,2459,CUS0002459,Helen,Foster,F,Indonesian,18-25,None,HL00002459,Silver,EXC,Smoking,Leisure,nguyenshawn@example.com,2026-04-26
2460,2460,CUS0002460,Garrett,Rodriguez,M,Indonesian,18-25,None,HL00002460,None,SUT,Non-Smoking,Leisure,michaelmercado@example.com,2023-08-01
2461,2461,CUS0002461,Monica,Sampson,F,Australian,36-50,Platinum,HL00002461,None,STD,Non-Smoking,Business,allenronald@example.com,2026-03-29
2462,2462,CUS0002462,Alan,Oliver,M,American,65+,None,HL00002462,Silver,EXC,Smoking,Family,heidischneider@example.org,2024-06-06
2463,2463,CUS0002463,Tiffany,Sparks,F,American,51-65,None,HL00002463,None,STD,Non-Smoking,Business,parsonsgregory@example.com,2023-10-15
2464,2464,CUS0002464,Joseph,Bright,M,Indonesian,26-35,Silver,HL00002464,None,SUT,Non-Smoking,Business,mhoffman@example.net,2025-03-07
2465,2465,CUS0002465,Bonnie,Woods,F,Singaporean,18-25,Gold,HL00002465,None,SUT,Non-Smoking,Leisure,michael38@example.net,2023-07-08
2466,2466,CUS0002466,Selena,Bailey,F,Indonesian,36-50,None,HL00002466,Gold,EXC,Non-Smoking,Family,pamelamcconnell@example.net,2025-09-01
2467,2467,CUS0002467,Thomas,Parsons,M,Indonesian,18-25,None,HL00002467,None,DLX,Smoking,Business,ubrown@example.net,2023-11-19
2468,2468,CUS0002468,Jason,Webster,M,Indonesian,36-50,None,HL00002468,None,EXC,Non-Smoking,Business,kramirez@example.org,2024-11-05
2469,2469,CUS0002469,Michael,Dixon,M,Singaporean,36-50,Silver,HL00002469,Gold,SUT,Non-Smoking,Honeymoon,amber59@example.com,2025-01-14
2470,2470,CUS0002470,Robert,Stewart,M,Indonesian,36-50,None,HL00002470,None,STD,Smoking,Leisure,gregory24@example.net,2023-07-02
2471,2471,CUS0002471,Tracy,Burnett,F,Australian,65+,Silver,HL00002471,Platinum,EXC,Smoking,Leisure,bduke@example.org,2025-06-07
2472,2472,CUS0002472,Abigail,Williams,F,Indonesian,18-25,Silver,HL00002472,None,DLX,Non-Smoking,Leisure,lauriewatson@example.org,2023-10-01
2473,2473,CUS0002473,Matthew,Hall,M,British,26-35,Silver,HL00002473,Gold,EXC,Non-Smoking,Honeymoon,davidwiley@example.org,2024-08-31
2474,2474,CUS0002474,Erika,Stewart,F,Indonesian,18-25,Gold,HL00002474,Silver,DLX,Non-Smoking,Leisure,adammorgan@example.org,2023-10-19
2475,2475,CUS0002475,Damon,Schultz,M,Indonesian,36-50,Silver,HL00002475,None,STD,Non-Smoking,Leisure,evelyncampbell@example.com,2023-08-08
2476,2476,CUS0002476,Joseph,Jensen,M,Indonesian,18-25,Silver,HL00002476,Silver,SUT,Non-Smoking,Leisure,twillis@example.com,2025-05-11
2477,2477,CUS0002477,Jonathan,Jefferson,M,Indonesian,51-65,None,HL00002477,None,STD,Non-Smoking,Family,rodneynolan@example.com,2023-10-31
2478,2478,CUS0002478,Travis,Day,M,Indonesian,18-25,Platinum,HL00002478,Silver,EXC,Non-Smoking,Honeymoon,julieanderson@example.net,2025-06-17
2479,2479,CUS0002479,Michele,Calhoun,F,Malaysian,18-25,None,HL00002479,None,DLX,Non-Smoking,Family,jason18@example.org,2024-05-26
2480,2480,CUS0002480,Robin,Zimmerman,F,Indonesian,18-25,Silver,HL00002480,Platinum,SUT,Non-Smoking,Family,mclaughlinjames@example.org,2026-04-07
2481,2481,CUS0002481,Christina,Thomas,F,Singaporean,65+,Silver,HL00002481,Gold,STD,Non-Smoking,Leisure,simsclaire@example.org,2024-05-01
2482,2482,CUS0002482,Nancy,Mcclure,F,Other,36-50,Platinum,HL00002482,Silver,EXC,Non-Smoking,Business,robertburns@example.org,2024-11-13
2483,2483,CUS0002483,Juan,Cooper,M,Indonesian,18-25,None,HL00002483,None,DLX,Smoking,Leisure,katiepowell@example.net,2024-03-10
2484,2484,CUS0002484,Maurice,Thompson,M,Indonesian,65+,Silver,HL00002484,Platinum,STD,Smoking,Leisure,rachelcastillo@example.com,2024-01-17
2485,2485,CUS0002485,Paul,Cox,M,Indonesian,51-65,None,HL00002485,Platinum,SUT,Non-Smoking,Leisure,timothy62@example.net,2025-09-17
2486,2486,CUS0002486,Erika,Montgomery,F,Other,65+,Platinum,HL00002486,Gold,DLX,Non-Smoking,Family,qreyes@example.net,2023-06-09
2487,2487,CUS0002487,Monica,Long,F,Other,51-65,None,HL00002487,None,SUT,Non-Smoking,Business,jenniferhorne@example.net,2024-08-25
2488,2488,CUS0002488,Christopher,Bryant,M,Indonesian,36-50,Silver,HL00002488,Gold,STD,Non-Smoking,Family,jamescobb@example.net,2025-08-09
2489,2489,CUS0002489,Tammy,Rios,F,Indonesian,51-65,Gold,HL00002489,Silver,EXC,Non-Smoking,Business,suehowe@example.com,2024-05-08
2490,2490,CUS0002490,Christopher,Ray,M,Other,51-65,None,HL00002490,Platinum,DLX,Non-Smoking,Leisure,joycekeith@example.org,2024-02-21
2491,2491,CUS0002491,Jessica,Murphy,F,Malaysian,18-25,Silver,HL00002491,Platinum,STD,Non-Smoking,Family,bowmanjoel@example.net,2026-05-20
2492,2492,CUS0002492,David,Jackson,M,Indonesian,51-65,None,HL00002492,Silver,DLX,Non-Smoking,Business,jacqueline39@example.net,2026-02-04
2493,2493,CUS0002493,Erica,Case,F,Malaysian,51-65,Silver,HL00002493,Silver,SUT,Non-Smoking,Business,robert77@example.net,2025-06-12
2494,2494,CUS0002494,Sonya,Robinson,F,Indonesian,18-25,Silver,HL00002494,None,EXC,Smoking,Honeymoon,broberts@example.net,2026-01-11
2495,2495,CUS0002495,Debbie,King,F,Indonesian,51-65,None,HL00002495,None,EXC,Non-Smoking,Honeymoon,ucarr@example.org,2025-05-25
2496,2496,CUS0002496,Steven,Munoz,M,Indonesian,51-65,Silver,HL00002496,Silver,STD,Non-Smoking,Business,ksmith@example.org,2025-07-18
2497,2497,CUS0002497,Andrea,Brown,F,Australian,36-50,Gold,HL00002497,None,EXC,Non-Smoking,Leisure,elizabethcarlson@example.net,2026-03-17
2498,2498,CUS0002498,Nathan,Lewis,M,British,36-50,None,HL00002498,None,DLX,Smoking,Leisure,devon88@example.org,2023-07-03
2499,2499,CUS0002499,Chase,Burnett,M,Indonesian,51-65,None,HL00002499,Silver,EXC,Non-Smoking,Business,taylormichael@example.net,2026-02-23
2500,2500,CUS0002500,Nicholas,Brown,M,Indonesian,18-25,Silver,HL00002500,None,EXC,Non-Smoking,Business,glenware@example.com,2026-02-12
2501,2501,CUS0002501,Kristen,Obrien,F,Indonesian,18-25,None,HL00002501,Silver,STD,Non-Smoking,Business,gstone@example.net,2023-11-27
2502,2502,CUS0002502,Gregory,Clark,M,Indonesian,36-50,Platinum,HL00002502,Silver,STD,Non-Smoking,Leisure,elizabeth52@example.org,2025-10-22
2503,2503,CUS0002503,Kimberly,Glass,F,Malaysian,26-35,Gold,HL00002503,None,SUT,Non-Smoking,Family,harrisjoshua@example.com,2024-11-15
2504,2504,CUS0002504,Tammy,Brewer,F,Malaysian,51-65,Platinum,HL00002504,Silver,EXC,Non-Smoking,Family,daniel15@example.org,2025-10-06
2505,2505,CUS0002505,Shane,Duncan,M,Indonesian,51-65,None,HL00002505,None,DLX,Non-Smoking,Family,johnsonedward@example.net,2024-04-06
2506,2506,CUS0002506,Richard,Blair,M,Indonesian,51-65,None,HL00002506,None,SUT,Non-Smoking,Leisure,elizabeth14@example.org,2024-03-24
2507,2507,CUS0002507,Destiny,Parrish,F,Indonesian,36-50,Platinum,HL00002507,None,EXC,Non-Smoking,Leisure,brianmorrow@example.org,2024-11-10
2508,2508,CUS0002508,Jennifer,Harrison,F,Australian,26-35,None,HL00002508,Gold,SUT,Non-Smoking,Leisure,gloriaporter@example.net,2025-02-26
2509,2509,CUS0002509,Charles,Williams,M,Indonesian,65+,None,HL00002509,None,STD,Non-Smoking,Business,jessicawilson@example.org,2025-03-25
2510,2510,CUS0002510,Sharon,Bradshaw,F,Other,65+,None,HL00002510,Gold,EXC,Non-Smoking,MICE,wortiz@example.net,2024-03-11
2511,2511,CUS0002511,Amy,Obrien,F,Indonesian,51-65,None,HL00002511,None,EXC,Non-Smoking,Leisure,wilsonpatrick@example.org,2023-11-14
2512,2512,CUS0002512,Thomas,Williams,M,Indonesian,51-65,Silver,HL00002512,None,STD,Non-Smoking,Honeymoon,griffinjennifer@example.net,2023-05-29
2513,2513,CUS0002513,Timothy,Wolf,M,British,18-25,None,HL00002513,Silver,DLX,Non-Smoking,Leisure,jamesdean@example.net,2025-08-01
2514,2514,CUS0002514,Andrew,Armstrong,M,Indonesian,51-65,None,HL00002514,None,SUT,Non-Smoking,Leisure,njames@example.net,2024-12-19
2515,2515,CUS0002515,Matthew,Gibson,M,Malaysian,65+,None,HL00002515,Gold,DLX,Non-Smoking,Business,kimberly12@example.com,2023-10-11
2516,2516,CUS0002516,Brian,Mitchell,M,American,51-65,Gold,HL00002516,Gold,STD,Non-Smoking,Leisure,igarrett@example.com,2024-10-24
2517,2517,CUS0002517,Laura,Nguyen,F,Japanese,65+,Silver,HL00002517,Silver,EXC,Smoking,Business,edwardmitchell@example.org,2024-02-25
2518,2518,CUS0002518,Sara,Vargas,F,Malaysian,65+,Silver,HL00002518,Silver,DLX,Non-Smoking,Leisure,virginia56@example.org,2025-08-13
2519,2519,CUS0002519,Patrick,Rios,M,Japanese,18-25,Silver,HL00002519,None,DLX,Non-Smoking,Leisure,jennifercarroll@example.com,2024-12-25
2520,2520,CUS0002520,Peggy,Silva,F,Indonesian,51-65,Silver,HL00002520,None,SUT,Non-Smoking,Honeymoon,frankjeremy@example.com,2026-03-15
2521,2521,CUS0002521,Charles,Lee,M,Other,65+,None,HL00002521,Silver,SUT,Non-Smoking,Business,andrea85@example.com,2025-09-04
2522,2522,CUS0002522,Phillip,Anderson,M,American,51-65,None,HL00002522,Silver,EXC,Smoking,Leisure,greencharles@example.net,2024-12-14
2523,2523,CUS0002523,Christopher,Thomas,M,Other,18-25,Gold,HL00002523,None,EXC,Non-Smoking,MICE,bconrad@example.org,2024-08-31
2524,2524,CUS0002524,Lisa,Mendoza,F,Singaporean,36-50,None,HL00002524,Silver,STD,Non-Smoking,Business,kramirez@example.net,2026-03-06
2525,2525,CUS0002525,Amy,Higgins,F,Indonesian,26-35,None,HL00002525,Gold,STD,Non-Smoking,Family,reynoldsmichelle@example.org,2025-11-09
2526,2526,CUS0002526,Darren,Martinez,M,Indonesian,36-50,Silver,HL00002526,None,EXC,Non-Smoking,Business,amanda15@example.com,2025-12-01
2527,2527,CUS0002527,Troy,Moore,M,Indonesian,51-65,None,HL00002527,Silver,DLX,Non-Smoking,Business,walkerjennifer@example.com,2026-03-22
2528,2528,CUS0002528,Danielle,Martinez,F,Indonesian,65+,None,HL00002528,Silver,STD,Non-Smoking,Leisure,rebecca67@example.net,2023-06-01
2529,2529,CUS0002529,Margaret,Richardson,F,Indonesian,18-25,Platinum,HL00002529,Platinum,SUT,Non-Smoking,Business,cindy57@example.net,2024-01-22
2530,2530,CUS0002530,Paula,Bailey,F,Other,26-35,None,HL00002530,Gold,EXC,Smoking,Family,ronald23@example.com,2024-05-02
2531,2531,CUS0002531,Sarah,Taylor,F,Indonesian,36-50,None,HL00002531,Gold,STD,Non-Smoking,Business,steven01@example.org,2023-08-15
2532,2532,CUS0002532,Anthony,Wilson,M,Indonesian,36-50,Silver,HL00002532,Silver,SUT,Non-Smoking,Business,williamsanthony@example.net,2026-03-01
2533,2533,CUS0002533,Jason,Hall,M,Indonesian,18-25,None,HL00002533,Silver,STD,Non-Smoking,Leisure,wross@example.org,2024-03-21
2534,2534,CUS0002534,Candice,Black,F,Indonesian,36-50,Silver,HL00002534,None,EXC,Non-Smoking,Leisure,blacklisa@example.net,2025-11-29
2535,2535,CUS0002535,Jo,Hernandez,F,Other,36-50,None,HL00002535,Silver,EXC,Non-Smoking,Leisure,oneilldaniel@example.com,2026-04-08
2536,2536,CUS0002536,Antonio,Miller,M,Singaporean,26-35,None,HL00002536,None,EXC,Non-Smoking,Business,ortizcristian@example.org,2026-04-07
2537,2537,CUS0002537,Michelle,Cook,F,Indonesian,36-50,None,HL00002537,None,STD,Non-Smoking,Honeymoon,hesskeith@example.net,2024-11-09
2538,2538,CUS0002538,Katherine,Gonzalez,F,Singaporean,51-65,Gold,HL00002538,Gold,DLX,Non-Smoking,Honeymoon,tthompson@example.org,2024-05-22
2539,2539,CUS0002539,Alan,Graham,M,Singaporean,65+,Gold,HL00002539,Gold,SUT,Non-Smoking,Business,amanda85@example.com,2025-10-11
2540,2540,CUS0002540,Michael,Carlson,M,Indonesian,36-50,Gold,HL00002540,Silver,DLX,Non-Smoking,Family,hjohnson@example.net,2026-02-24
2541,2541,CUS0002541,Felicia,Cooke,F,American,65+,None,HL00002541,None,EXC,Non-Smoking,Family,catherinemoore@example.com,2025-12-14
2542,2542,CUS0002542,Ryan,Preston,M,Indonesian,51-65,None,HL00002542,Platinum,DLX,Non-Smoking,Family,fmorrow@example.com,2025-09-24
2543,2543,CUS0002543,Austin,Allen,M,Indonesian,26-35,None,HL00002543,Gold,DLX,Non-Smoking,Business,hollyalvarez@example.org,2023-10-27
2544,2544,CUS0002544,Veronica,Powell,F,Other,65+,None,HL00002544,Silver,EXC,Non-Smoking,Leisure,vgarcia@example.net,2026-02-18
2545,2545,CUS0002545,Alexander,Jones,M,Indonesian,26-35,Platinum,HL00002545,Silver,SUT,Non-Smoking,Business,williamsbrianna@example.net,2024-03-21
2546,2546,CUS0002546,Caleb,King,M,Other,36-50,Platinum,HL00002546,Silver,DLX,Non-Smoking,MICE,curryjose@example.org,2025-01-29
2547,2547,CUS0002547,Randy,Arnold,M,British,36-50,Silver,HL00002547,None,EXC,Non-Smoking,Family,audrey53@example.net,2025-06-01
2548,2548,CUS0002548,Andrea,Mueller,F,Malaysian,26-35,Silver,HL00002548,Platinum,EXC,Non-Smoking,Family,scottchelsea@example.org,2024-08-14
2549,2549,CUS0002549,Leah,Lucas,F,Indonesian,18-25,Silver,HL00002549,None,STD,Smoking,Business,znoble@example.net,2025-07-16
2550,2550,CUS0002550,Wanda,Fowler,F,Indonesian,36-50,Gold,HL00002550,Gold,STD,Non-Smoking,Business,gonzalezbrittany@example.net,2024-10-22
2551,2551,CUS0002551,Robert,Reyes,M,Indonesian,65+,Silver,HL00002551,Silver,SUT,Non-Smoking,Business,curtis61@example.org,2024-08-09
2552,2552,CUS0002552,John,Cisneros,M,Indonesian,51-65,Platinum,HL00002552,Gold,SUT,Non-Smoking,Business,rcastillo@example.org,2025-06-30
2553,2553,CUS0002553,Sandra,Gill,F,Indonesian,51-65,Silver,HL00002553,Silver,DLX,Non-Smoking,Family,vwhite@example.net,2024-06-29
2554,2554,CUS0002554,Mckenzie,Larson,F,Malaysian,36-50,Silver,HL00002554,None,EXC,Smoking,Honeymoon,forbessean@example.org,2025-03-01
2555,2555,CUS0002555,Michelle,Bartlett,F,Indonesian,65+,Gold,HL00002555,Gold,DLX,Non-Smoking,Business,nicolecharles@example.net,2025-04-04
2556,2556,CUS0002556,Alexander,Mcdonald,M,Australian,51-65,None,HL00002556,None,DLX,Non-Smoking,Family,iweiss@example.org,2025-09-19
2557,2557,CUS0002557,Ann,Brown,F,Japanese,65+,None,HL00002557,Platinum,SUT,Smoking,MICE,donnahopkins@example.net,2024-11-01
2558,2558,CUS0002558,Matthew,Green,M,Indonesian,18-25,Silver,HL00002558,Gold,SUT,Non-Smoking,Business,younggabrielle@example.net,2026-04-09
2559,2559,CUS0002559,Kayla,Gordon,F,Singaporean,26-35,Gold,HL00002559,None,EXC,Non-Smoking,Leisure,hlester@example.org,2024-06-23
2560,2560,CUS0002560,Tonya,Simon,F,Indonesian,36-50,None,HL00002560,Silver,EXC,Non-Smoking,Honeymoon,sarah80@example.org,2025-11-30
2561,2561,CUS0002561,Tanya,Shannon,F,Australian,36-50,None,HL00002561,None,EXC,Non-Smoking,Honeymoon,amanda21@example.com,2024-04-19
2562,2562,CUS0002562,Kelly,Mclaughlin,F,Indonesian,36-50,None,HL00002562,Gold,STD,Non-Smoking,Business,ashleyalexander@example.net,2024-05-05
2563,2563,CUS0002563,Jeffrey,Smith,M,Indonesian,36-50,Silver,HL00002563,None,EXC,Non-Smoking,Business,bryanjohnson@example.net,2024-06-21
2564,2564,CUS0002564,Jennifer,Flores,F,Indonesian,65+,None,HL00002564,None,STD,Non-Smoking,Leisure,poolehector@example.org,2025-12-26
2565,2565,CUS0002565,Kristine,Evans,F,Indonesian,36-50,Gold,HL00002565,Platinum,STD,Non-Smoking,Leisure,pdavis@example.net,2025-03-23
2566,2566,CUS0002566,Timothy,Dixon,M,Other,65+,None,HL00002566,Platinum,SUT,Non-Smoking,Family,lcraig@example.com,2023-08-07
2567,2567,CUS0002567,Carmen,Santiago,F,American,18-25,Silver,HL00002567,Silver,EXC,Smoking,Business,stevengoodwin@example.net,2025-06-23
2568,2568,CUS0002568,Tara,Woods,F,Australian,26-35,Silver,HL00002568,Silver,EXC,Non-Smoking,Business,adamsbrianna@example.org,2024-07-20
2569,2569,CUS0002569,Bruce,Conway,M,Indonesian,26-35,None,HL00002569,Platinum,DLX,Non-Smoking,Business,tylerrodney@example.com,2025-02-06
2570,2570,CUS0002570,Amanda,Lam,F,Indonesian,36-50,None,HL00002570,None,EXC,Non-Smoking,Business,gregorymitchell@example.net,2025-04-07
2571,2571,CUS0002571,Justin,Cook,M,Indonesian,36-50,None,HL00002571,Gold,DLX,Non-Smoking,Business,xgomez@example.com,2023-06-06
2572,2572,CUS0002572,Rebecca,Ballard,F,Indonesian,26-35,None,HL00002572,Silver,STD,Non-Smoking,Business,owhite@example.org,2023-12-06
2573,2573,CUS0002573,Timothy,Miles,M,Indonesian,26-35,Platinum,HL00002573,None,STD,Non-Smoking,Honeymoon,mary66@example.net,2025-05-22
2574,2574,CUS0002574,Michelle,Walls,F,Indonesian,51-65,Silver,HL00002574,Silver,DLX,Non-Smoking,Leisure,cjohnson@example.net,2024-05-16
2575,2575,CUS0002575,Christian,Wallace,M,Indonesian,51-65,None,HL00002575,Silver,SUT,Non-Smoking,Leisure,anngarcia@example.org,2025-02-27
2576,2576,CUS0002576,Vicki,Kelly,F,Indonesian,51-65,None,HL00002576,Silver,SUT,Non-Smoking,Business,margaretrussell@example.net,2025-09-30
2577,2577,CUS0002577,Beth,Shaw,F,Other,36-50,None,HL00002577,None,EXC,Non-Smoking,Leisure,josephross@example.net,2024-05-19
2578,2578,CUS0002578,Darren,Williams,M,Malaysian,36-50,None,HL00002578,Silver,DLX,Non-Smoking,Leisure,qtaylor@example.com,2026-04-17
2579,2579,CUS0002579,Christian,Archer,M,Indonesian,36-50,Platinum,HL00002579,None,EXC,Non-Smoking,Leisure,eguzman@example.com,2025-06-16
2580,2580,CUS0002580,Marcus,Brown,M,Indonesian,65+,Gold,HL00002580,None,STD,Non-Smoking,Business,charles19@example.net,2025-07-24
2581,2581,CUS0002581,Hunter,Campos,M,Indonesian,51-65,Platinum,HL00002581,None,DLX,Non-Smoking,Leisure,yolandamarks@example.net,2024-06-22
2582,2582,CUS0002582,Ashley,Lewis,F,Indonesian,36-50,Gold,HL00002582,Silver,EXC,Smoking,Business,vkline@example.org,2024-12-14
2583,2583,CUS0002583,Andrew,Scott,M,Malaysian,51-65,Platinum,HL00002583,None,STD,Non-Smoking,Business,moraleskimberly@example.net,2025-02-11
2584,2584,CUS0002584,Susan,Ward,F,American,65+,None,HL00002584,Silver,DLX,Non-Smoking,Leisure,karen72@example.com,2025-04-01
2585,2585,CUS0002585,Luis,Patterson,M,Other,65+,Silver,HL00002585,None,STD,Non-Smoking,Business,marksheidi@example.com,2024-06-25
2586,2586,CUS0002586,Rachel,Butler,F,Japanese,65+,Silver,HL00002586,Silver,STD,Non-Smoking,MICE,harrisonjoy@example.net,2024-11-28
2587,2587,CUS0002587,Raymond,Martinez,M,Indonesian,65+,Silver,HL00002587,Silver,EXC,Non-Smoking,Honeymoon,brooke98@example.net,2023-12-23
2588,2588,CUS0002588,Kimberly,Huber,F,Singaporean,65+,Silver,HL00002588,None,EXC,Non-Smoking,Business,clinesteven@example.net,2024-03-20
2589,2589,CUS0002589,Anne,Miller,F,American,51-65,None,HL00002589,Gold,DLX,Smoking,Leisure,robert13@example.com,2024-01-04
2590,2590,CUS0002590,Cathy,Foster,F,Indonesian,26-35,Silver,HL00002590,None,STD,Non-Smoking,Business,ivalentine@example.com,2025-09-02
2591,2591,CUS0002591,Matthew,Williamson,M,Indonesian,26-35,Silver,HL00002591,None,EXC,Non-Smoking,Business,hollyperkins@example.net,2025-01-02
2592,2592,CUS0002592,Joshua,Collins,M,Indonesian,26-35,None,HL00002592,Silver,EXC,Non-Smoking,Business,sbradley@example.org,2025-09-20
2593,2593,CUS0002593,Gina,Green,F,Indonesian,51-65,None,HL00002593,Gold,SUT,Non-Smoking,Family,linda01@example.org,2025-05-19
2594,2594,CUS0002594,Chad,George,M,Indonesian,26-35,None,HL00002594,Platinum,STD,Non-Smoking,Leisure,brianmcdaniel@example.com,2026-01-14
2595,2595,CUS0002595,David,Mcfarland,M,Indonesian,36-50,Silver,HL00002595,None,DLX,Non-Smoking,Leisure,bellchad@example.org,2025-08-11
2596,2596,CUS0002596,Michael,Brown,M,Singaporean,36-50,None,HL00002596,None,DLX,Smoking,Leisure,uclark@example.org,2026-04-30
2597,2597,CUS0002597,Vanessa,Holland,F,British,36-50,Gold,HL00002597,None,SUT,Non-Smoking,Leisure,robertsonjordan@example.com,2024-01-21
2598,2598,CUS0002598,Amy,Washington,F,Japanese,26-35,None,HL00002598,Silver,EXC,Non-Smoking,Business,johnsondiana@example.net,2025-04-23
2599,2599,CUS0002599,Renee,Evans,F,Indonesian,51-65,None,HL00002599,Silver,EXC,Non-Smoking,Business,harold46@example.com,2023-11-21
2600,2600,CUS0002600,Sharon,Floyd,F,Other,26-35,None,HL00002600,Silver,DLX,Non-Smoking,Business,areynolds@example.org,2024-02-16
2601,2601,CUS0002601,Richard,Baker,M,Indonesian,51-65,Platinum,HL00002601,None,STD,Non-Smoking,Leisure,wilkinssarah@example.com,2025-10-05
2602,2602,CUS0002602,Sharon,Burns,F,Malaysian,36-50,Silver,HL00002602,Platinum,STD,Non-Smoking,Leisure,bmorgan@example.net,2025-04-12
2603,2603,CUS0002603,Rachel,Parker,F,Singaporean,36-50,Silver,HL00002603,Silver,STD,Non-Smoking,Leisure,tami38@example.net,2024-08-27
2604,2604,CUS0002604,Jessica,Sanchez,F,Indonesian,65+,None,HL00002604,Silver,EXC,Smoking,Business,jonathan66@example.org,2023-11-06
2605,2605,CUS0002605,Cody,Barnes,M,Singaporean,26-35,None,HL00002605,None,STD,Non-Smoking,Family,brian65@example.net,2025-12-16
2606,2606,CUS0002606,Hannah,Schaefer,F,Indonesian,26-35,None,HL00002606,None,SUT,Non-Smoking,MICE,nealemma@example.org,2023-08-26
2607,2607,CUS0002607,Bailey,Hernandez,F,American,51-65,None,HL00002607,None,EXC,Non-Smoking,MICE,sylviayates@example.com,2025-02-19
2608,2608,CUS0002608,Melissa,Wells,F,Singaporean,36-50,None,HL00002608,Silver,SUT,Non-Smoking,Leisure,utaylor@example.net,2025-12-11
2609,2609,CUS0002609,Jeanette,Garcia,F,Indonesian,65+,Gold,HL00002609,Platinum,DLX,Non-Smoking,Business,juanlucero@example.org,2025-02-12
2610,2610,CUS0002610,Thomas,Christian,M,Other,36-50,Silver,HL00002610,None,STD,Non-Smoking,Business,amanda86@example.org,2026-02-24
2611,2611,CUS0002611,Philip,Krause,M,Singaporean,65+,None,HL00002611,Silver,DLX,Non-Smoking,Family,rodriguezbrianna@example.com,2025-09-27
2612,2612,CUS0002612,Michelle,Frey,F,Indonesian,36-50,Silver,HL00002612,None,DLX,Non-Smoking,Leisure,jamesmiller@example.net,2025-04-02
2613,2613,CUS0002613,Stephen,Howard,M,Malaysian,26-35,Silver,HL00002613,None,SUT,Non-Smoking,Business,galvanjoshua@example.org,2025-08-15
2614,2614,CUS0002614,Jason,Baker,M,Other,18-25,Gold,HL00002614,None,EXC,Non-Smoking,Family,daniellecoleman@example.org,2025-10-31
2615,2615,CUS0002615,Brian,Martin,M,Indonesian,18-25,None,HL00002615,Gold,SUT,Smoking,Business,allisonperez@example.com,2026-01-24
2616,2616,CUS0002616,Crystal,Reed,F,Indonesian,51-65,Silver,HL00002616,Platinum,EXC,Non-Smoking,Leisure,idelacruz@example.org,2025-06-17
2617,2617,CUS0002617,Julian,Beltran,M,Indonesian,36-50,None,HL00002617,None,SUT,Non-Smoking,Business,miguelbaker@example.net,2023-11-24
2618,2618,CUS0002618,Emily,Martinez,F,Japanese,51-65,None,HL00002618,None,DLX,Smoking,Business,wesleyjohns@example.com,2025-10-18
2619,2619,CUS0002619,Nicole,Dodson,F,Indonesian,18-25,Silver,HL00002619,None,STD,Non-Smoking,Leisure,johnsonshirley@example.com,2024-02-19
2620,2620,CUS0002620,Matthew,Mitchell,M,Indonesian,51-65,None,HL00002620,Gold,STD,Non-Smoking,Business,jmorgan@example.org,2024-07-18
2621,2621,CUS0002621,Sheryl,Rodriguez,F,Indonesian,18-25,Silver,HL00002621,None,DLX,Non-Smoking,Leisure,ericmarquez@example.com,2023-09-09
2622,2622,CUS0002622,Randy,Mendez,M,Indonesian,51-65,Silver,HL00002622,Silver,EXC,Smoking,Business,nfleming@example.net,2025-11-29
2623,2623,CUS0002623,William,Hayes,M,Indonesian,18-25,Gold,HL00002623,Silver,DLX,Smoking,Family,pduran@example.net,2025-09-29
2624,2624,CUS0002624,Matthew,Gregory,M,Australian,51-65,Gold,HL00002624,Gold,DLX,Smoking,Family,tracyjohnson@example.net,2024-01-03
2625,2625,CUS0002625,Jamie,Jackson,F,Japanese,36-50,None,HL00002625,None,EXC,Non-Smoking,Leisure,hurstmichael@example.org,2024-10-12
2626,2626,CUS0002626,Kimberly,Solis,F,Indonesian,26-35,None,HL00002626,None,DLX,Smoking,Leisure,lawsonpaul@example.org,2024-06-21
2627,2627,CUS0002627,Amanda,Murphy,F,Indonesian,18-25,None,HL00002627,Silver,SUT,Non-Smoking,Business,arthurlynch@example.org,2024-11-14
2628,2628,CUS0002628,Michelle,Shaw,F,Singaporean,51-65,None,HL00002628,None,DLX,Non-Smoking,Family,josephenglish@example.com,2024-05-27
2629,2629,CUS0002629,Crystal,Torres,F,Indonesian,18-25,None,HL00002629,None,SUT,Non-Smoking,Leisure,hodgemichelle@example.net,2023-06-28
2630,2630,CUS0002630,Ashley,Jones,F,Australian,18-25,Silver,HL00002630,None,STD,Non-Smoking,Family,galexander@example.com,2026-03-01
2631,2631,CUS0002631,Taylor,Kirby,M,Singaporean,36-50,None,HL00002631,Silver,DLX,Non-Smoking,Family,vanessa44@example.com,2024-04-16
2632,2632,CUS0002632,Tina,Green,F,Indonesian,26-35,Silver,HL00002632,None,SUT,Smoking,Business,ibrown@example.org,2024-01-04
2633,2633,CUS0002633,Kimberly,Ward,F,Indonesian,18-25,Silver,HL00002633,None,DLX,Non-Smoking,MICE,alvarezchristine@example.com,2025-02-21
2634,2634,CUS0002634,Richard,Rodriguez,M,Singaporean,26-35,None,HL00002634,Gold,EXC,Non-Smoking,Family,john91@example.org,2024-06-09
2635,2635,CUS0002635,Jesus,Shaw,M,Indonesian,36-50,None,HL00002635,Silver,SUT,Non-Smoking,Business,morgan69@example.net,2025-11-06
2636,2636,CUS0002636,Jeffery,Willis,M,Indonesian,26-35,None,HL00002636,Silver,DLX,Non-Smoking,Business,nicoleduran@example.net,2024-11-13
2637,2637,CUS0002637,Elizabeth,Galloway,F,Australian,65+,Gold,HL00002637,None,SUT,Non-Smoking,Family,iriley@example.com,2024-10-01
2638,2638,CUS0002638,Denise,Cole,F,Malaysian,65+,Silver,HL00002638,Gold,EXC,Non-Smoking,Leisure,jonhall@example.org,2025-04-11
2639,2639,CUS0002639,Victoria,Fernandez,F,Malaysian,18-25,Gold,HL00002639,None,DLX,Non-Smoking,Family,lpage@example.com,2025-10-27
2640,2640,CUS0002640,Summer,Decker,F,Indonesian,51-65,Silver,HL00002640,Gold,SUT,Non-Smoking,Business,brittanymartin@example.org,2025-08-09
2641,2641,CUS0002641,Laura,Garcia,F,Malaysian,51-65,Silver,HL00002641,None,EXC,Non-Smoking,Business,gallowaydonna@example.com,2024-03-09
2642,2642,CUS0002642,James,Montoya,M,Indonesian,65+,None,HL00002642,Silver,DLX,Non-Smoking,Leisure,tonyaholmes@example.net,2025-12-29
2643,2643,CUS0002643,Michael,Hawkins,M,Indonesian,65+,Silver,HL00002643,None,DLX,Smoking,Business,garymartinez@example.org,2023-12-03
2644,2644,CUS0002644,Cody,Thompson,M,Indonesian,65+,Platinum,HL00002644,None,DLX,Non-Smoking,Business,smithheather@example.com,2023-09-15
2645,2645,CUS0002645,Jessica,Wilson,F,Indonesian,36-50,Silver,HL00002645,None,SUT,Non-Smoking,Honeymoon,romerocrystal@example.net,2025-02-20
2646,2646,CUS0002646,Thomas,Rhodes,M,Australian,36-50,Silver,HL00002646,Silver,EXC,Non-Smoking,Leisure,jmartinez@example.org,2025-02-12
2647,2647,CUS0002647,Edward,Watson,M,Indonesian,18-25,None,HL00002647,Silver,SUT,Non-Smoking,Business,robertssamantha@example.org,2024-09-27
2648,2648,CUS0002648,Donna,Flores,F,Indonesian,36-50,Silver,HL00002648,None,EXC,Non-Smoking,Leisure,daniellemiller@example.net,2024-08-11
2649,2649,CUS0002649,Anthony,Olson,M,Indonesian,18-25,Silver,HL00002649,None,STD,Non-Smoking,Leisure,xlogan@example.net,2023-12-17
2650,2650,CUS0002650,Brenda,Edwards,F,Indonesian,26-35,None,HL00002650,Silver,STD,Smoking,Leisure,lcline@example.com,2023-05-26
2651,2651,CUS0002651,Michael,Davis,M,Other,18-25,Platinum,HL00002651,None,SUT,Non-Smoking,Leisure,gonzalezkendra@example.org,2025-03-14
2652,2652,CUS0002652,Russell,Powell,M,Indonesian,36-50,Gold,HL00002652,Platinum,STD,Smoking,Leisure,adamroth@example.com,2024-10-18
2653,2653,CUS0002653,Tiffany,Chapman,F,Indonesian,51-65,None,HL00002653,None,STD,Non-Smoking,Business,vflowers@example.org,2024-05-07
2654,2654,CUS0002654,Angel,Reynolds,M,Indonesian,26-35,None,HL00002654,None,DLX,Non-Smoking,Family,fhenderson@example.org,2023-08-26
2655,2655,CUS0002655,Susan,Long,F,Indonesian,65+,None,HL00002655,Silver,EXC,Smoking,Family,kerry11@example.net,2024-07-18
2656,2656,CUS0002656,Steven,Bender,M,Indonesian,18-25,Silver,HL00002656,Silver,SUT,Non-Smoking,Business,aaron78@example.com,2024-09-23
2657,2657,CUS0002657,Jennifer,Meyers,F,Singaporean,65+,Platinum,HL00002657,Gold,EXC,Non-Smoking,Business,kelsey70@example.net,2024-03-27
2658,2658,CUS0002658,Alexis,Mejia,F,Japanese,26-35,Gold,HL00002658,None,SUT,Non-Smoking,Leisure,russellkelley@example.com,2023-06-22
2659,2659,CUS0002659,Brenda,Ferguson,F,Singaporean,36-50,None,HL00002659,None,STD,Smoking,Business,mmoore@example.com,2024-08-24
2660,2660,CUS0002660,Alan,Young,M,Indonesian,18-25,None,HL00002660,None,DLX,Smoking,Business,hgrant@example.net,2024-02-23
2661,2661,CUS0002661,Bailey,Rice,F,Indonesian,36-50,Silver,HL00002661,None,SUT,Non-Smoking,Business,eharrington@example.com,2025-08-19
2662,2662,CUS0002662,Jacqueline,Garza,F,Indonesian,65+,Gold,HL00002662,None,SUT,Non-Smoking,Family,michaelanthony@example.net,2025-07-01
2663,2663,CUS0002663,Stephanie,Johnson,F,Indonesian,36-50,None,HL00002663,Platinum,SUT,Smoking,Family,davidharding@example.org,2025-11-29
2664,2664,CUS0002664,Stanley,Gallagher,M,Indonesian,36-50,Gold,HL00002664,Gold,SUT,Non-Smoking,Leisure,shawn89@example.net,2024-12-17
2665,2665,CUS0002665,Shane,James,M,Indonesian,18-25,Gold,HL00002665,Silver,STD,Non-Smoking,Leisure,tiffany80@example.net,2024-02-21
2666,2666,CUS0002666,Timothy,Everett,M,American,36-50,None,HL00002666,None,DLX,Non-Smoking,Leisure,gward@example.com,2023-11-24
2667,2667,CUS0002667,Julia,Bryant,F,Malaysian,65+,None,HL00002667,None,EXC,Non-Smoking,Family,lambertdevin@example.com,2025-07-06
2668,2668,CUS0002668,Lance,Bowers,M,Singaporean,36-50,None,HL00002668,Silver,DLX,Non-Smoking,Leisure,weaverlaura@example.net,2024-03-03
2669,2669,CUS0002669,Brianna,Davis,F,Indonesian,36-50,Gold,HL00002669,Platinum,DLX,Smoking,Leisure,bcase@example.com,2025-10-03
2670,2670,CUS0002670,Christopher,Morrison,M,American,51-65,Gold,HL00002670,None,DLX,Non-Smoking,Leisure,lcook@example.org,2024-03-01
2671,2671,CUS0002671,Amy,Mann,F,Malaysian,36-50,Gold,HL00002671,None,EXC,Non-Smoking,Leisure,jennifer54@example.org,2023-11-16
2672,2672,CUS0002672,Samantha,Reed,F,Malaysian,65+,None,HL00002672,None,STD,Non-Smoking,Business,nathan05@example.com,2025-01-13
2673,2673,CUS0002673,Katie,Smith,F,Malaysian,18-25,None,HL00002673,None,SUT,Smoking,Business,davidkane@example.com,2025-02-07
2674,2674,CUS0002674,April,Andrews,F,Australian,18-25,None,HL00002674,Gold,EXC,Non-Smoking,Business,brownreginald@example.net,2023-10-04
2675,2675,CUS0002675,Jason,Sampson,M,Singaporean,51-65,Gold,HL00002675,Platinum,SUT,Non-Smoking,Leisure,ijackson@example.com,2024-03-01
2676,2676,CUS0002676,Sharon,Braun,F,Indonesian,18-25,Platinum,HL00002676,Silver,STD,Non-Smoking,Business,samanthacarr@example.net,2026-04-19
2677,2677,CUS0002677,Douglas,Brown,M,Indonesian,18-25,Silver,HL00002677,Silver,SUT,Smoking,Business,hmeyer@example.org,2023-10-06
2678,2678,CUS0002678,Melissa,Love,F,Indonesian,51-65,Platinum,HL00002678,Platinum,DLX,Non-Smoking,Business,christopherchaney@example.org,2025-06-30
2679,2679,CUS0002679,Todd,Daniels,M,Singaporean,36-50,None,HL00002679,None,EXC,Smoking,Leisure,adam10@example.com,2023-09-20
2680,2680,CUS0002680,Margaret,Mullins,F,Indonesian,36-50,Platinum,HL00002680,None,DLX,Smoking,Leisure,davisautumn@example.org,2024-01-09
2681,2681,CUS0002681,Cassandra,Marshall,F,Singaporean,26-35,Platinum,HL00002681,Silver,DLX,Non-Smoking,Leisure,zavaladiane@example.com,2025-05-18
2682,2682,CUS0002682,Jessica,Adkins,F,Other,51-65,Silver,HL00002682,None,EXC,Smoking,Leisure,manningjeremy@example.com,2025-08-10
2683,2683,CUS0002683,Robert,Taylor,M,Indonesian,65+,Gold,HL00002683,None,EXC,Non-Smoking,Business,johnsonchad@example.com,2024-07-06
2684,2684,CUS0002684,Erik,Smith,M,Indonesian,26-35,Silver,HL00002684,Gold,SUT,Non-Smoking,Leisure,sscott@example.net,2025-08-19
2685,2685,CUS0002685,Shawn,Berry,M,British,65+,None,HL00002685,None,EXC,Smoking,Business,anna54@example.org,2024-08-05
2686,2686,CUS0002686,Matthew,Salinas,M,Indonesian,18-25,Silver,HL00002686,None,DLX,Smoking,Business,jgutierrez@example.net,2025-08-05
2687,2687,CUS0002687,Sharon,Jenkins,F,Indonesian,51-65,Silver,HL00002687,None,SUT,Non-Smoking,Business,brookeramirez@example.com,2025-08-27
2688,2688,CUS0002688,Brian,Huff,M,Indonesian,18-25,Silver,HL00002688,None,DLX,Non-Smoking,Leisure,chunglaura@example.net,2025-11-19
2689,2689,CUS0002689,William,Harris,M,American,51-65,Silver,HL00002689,Platinum,DLX,Non-Smoking,Family,lisa13@example.net,2025-03-02
2690,2690,CUS0002690,Benjamin,Scott,M,Other,18-25,None,HL00002690,Platinum,DLX,Non-Smoking,Business,hernandezkim@example.net,2025-03-29
2691,2691,CUS0002691,Jamie,Cohen,M,Indonesian,26-35,Gold,HL00002691,Silver,STD,Non-Smoking,Leisure,mcdonaldkenneth@example.net,2024-12-10
2692,2692,CUS0002692,Jessica,Warren,F,Indonesian,36-50,None,HL00002692,Gold,SUT,Non-Smoking,Leisure,matthewhull@example.com,2025-03-14
2693,2693,CUS0002693,Antonio,Atkins,M,Malaysian,36-50,None,HL00002693,None,EXC,Non-Smoking,MICE,bwilliams@example.com,2024-03-29
2694,2694,CUS0002694,Leah,Robinson,F,Indonesian,51-65,None,HL00002694,Gold,SUT,Non-Smoking,Business,patricia88@example.org,2023-10-29
2695,2695,CUS0002695,Elizabeth,Thompson,F,Singaporean,36-50,Silver,HL00002695,Silver,DLX,Non-Smoking,Business,patrickjarvis@example.net,2024-01-05
2696,2696,CUS0002696,Edward,Herman,M,Indonesian,18-25,None,HL00002696,None,STD,Non-Smoking,Leisure,riverabrian@example.com,2025-05-09
2697,2697,CUS0002697,Michael,Long,M,Indonesian,51-65,Silver,HL00002697,Gold,STD,Smoking,Business,wharvey@example.org,2025-08-24
2698,2698,CUS0002698,Tyler,Moore,M,Japanese,36-50,None,HL00002698,Platinum,EXC,Non-Smoking,Business,jessicasmith@example.org,2025-10-22
2699,2699,CUS0002699,Taylor,Barrera,F,Indonesian,36-50,Silver,HL00002699,Platinum,DLX,Non-Smoking,Honeymoon,daniel74@example.net,2023-11-15
2700,2700,CUS0002700,Mary,Greene,F,British,65+,Silver,HL00002700,Platinum,DLX,Non-Smoking,Business,corymiller@example.org,2024-04-28
2701,2701,CUS0002701,Richard,Pugh,M,Indonesian,36-50,None,HL00002701,Silver,DLX,Non-Smoking,Leisure,burkegloria@example.org,2025-07-25
2702,2702,CUS0002702,Robert,Padilla,M,Indonesian,51-65,Silver,HL00002702,None,SUT,Non-Smoking,Leisure,dfleming@example.net,2025-12-17
2703,2703,CUS0002703,Christopher,Schultz,M,British,26-35,None,HL00002703,Gold,DLX,Non-Smoking,Business,xlove@example.org,2024-05-21
2704,2704,CUS0002704,Robert,Randolph,M,Other,51-65,None,HL00002704,None,EXC,Non-Smoking,Business,flemingwhitney@example.org,2024-11-22
2705,2705,CUS0002705,Brandy,Kim,F,Indonesian,26-35,None,HL00002705,None,DLX,Non-Smoking,Honeymoon,kristen95@example.org,2024-08-28
2706,2706,CUS0002706,Brooke,Butler,F,Australian,65+,Silver,HL00002706,None,STD,Non-Smoking,Leisure,millerdaniel@example.org,2025-05-28
2707,2707,CUS0002707,Timothy,Knox,M,Other,18-25,Silver,HL00002707,Silver,DLX,Non-Smoking,Business,tammy94@example.com,2026-03-06
2708,2708,CUS0002708,Steven,Morgan,M,Other,26-35,None,HL00002708,Platinum,DLX,Non-Smoking,Business,fcampbell@example.org,2024-02-14
2709,2709,CUS0002709,Jeremy,Lee,M,Indonesian,18-25,Platinum,HL00002709,Platinum,DLX,Non-Smoking,Honeymoon,stevenpierce@example.com,2024-08-20
2710,2710,CUS0002710,Patrick,Craig,M,Indonesian,26-35,None,HL00002710,Silver,STD,Non-Smoking,Business,mcintyreelizabeth@example.org,2024-05-20
2711,2711,CUS0002711,Alexandra,Long,F,Indonesian,65+,Platinum,HL00002711,None,SUT,Non-Smoking,Family,taramejia@example.org,2025-08-20
2712,2712,CUS0002712,Melissa,Riley,F,Indonesian,51-65,Silver,HL00002712,None,STD,Non-Smoking,Leisure,ramirezdavid@example.org,2025-06-11
2713,2713,CUS0002713,Jessica,Hunter,F,Malaysian,51-65,Platinum,HL00002713,Platinum,EXC,Non-Smoking,Business,caleb84@example.net,2025-05-18
2714,2714,CUS0002714,Theodore,Moses,M,Singaporean,26-35,Gold,HL00002714,Gold,EXC,Non-Smoking,Honeymoon,nicole92@example.net,2024-09-30
2715,2715,CUS0002715,Gregory,Brady,M,Indonesian,36-50,None,HL00002715,None,SUT,Non-Smoking,Business,gina52@example.org,2023-07-18
2716,2716,CUS0002716,James,Johnson,M,American,36-50,None,HL00002716,Silver,STD,Smoking,Leisure,kstuart@example.net,2024-07-13
2717,2717,CUS0002717,Mathew,Sanders,M,Australian,65+,None,HL00002717,Silver,STD,Non-Smoking,Business,jhahn@example.org,2024-06-13
2718,2718,CUS0002718,Kimberly,Love,F,Australian,65+,None,HL00002718,None,EXC,Non-Smoking,Business,xbaker@example.net,2023-11-15
2719,2719,CUS0002719,Whitney,Mason,F,Malaysian,51-65,Silver,HL00002719,Platinum,DLX,Non-Smoking,Honeymoon,jenniferhuber@example.net,2025-02-06
2720,2720,CUS0002720,Laura,Roberts,F,Indonesian,51-65,Platinum,HL00002720,Silver,SUT,Non-Smoking,Leisure,michelle00@example.com,2023-11-03
2721,2721,CUS0002721,Jimmy,Blake,M,Indonesian,36-50,Gold,HL00002721,Gold,EXC,Non-Smoking,Business,matthewsmith@example.org,2026-01-23
2722,2722,CUS0002722,Gregory,Smith,M,Indonesian,26-35,None,HL00002722,None,DLX,Non-Smoking,Honeymoon,ylewis@example.com,2026-04-02
2723,2723,CUS0002723,Carlos,Myers,M,Other,51-65,Silver,HL00002723,None,SUT,Non-Smoking,Business,daniel84@example.org,2024-01-28
2724,2724,CUS0002724,Antonio,Lopez,M,Malaysian,26-35,Gold,HL00002724,Silver,SUT,Non-Smoking,MICE,jefferywalker@example.com,2025-01-13
2725,2725,CUS0002725,Benjamin,Mclaughlin,M,Indonesian,65+,Gold,HL00002725,Silver,SUT,Smoking,Leisure,duncandawn@example.com,2023-10-31
2726,2726,CUS0002726,Megan,Kelly,F,Indonesian,18-25,None,HL00002726,Gold,DLX,Non-Smoking,Leisure,walshsusan@example.net,2024-04-08
2727,2727,CUS0002727,Jordan,Sanchez,M,American,36-50,None,HL00002727,Silver,DLX,Non-Smoking,Honeymoon,oliviawilson@example.com,2025-05-06
2728,2728,CUS0002728,Jeremy,Norton,M,Indonesian,36-50,None,HL00002728,None,SUT,Non-Smoking,Family,campbellerika@example.com,2025-02-13
2729,2729,CUS0002729,Paul,Ferrell,M,Indonesian,51-65,Silver,HL00002729,None,EXC,Non-Smoking,Family,kmorris@example.org,2026-04-26
2730,2730,CUS0002730,Christopher,Mclaughlin,M,Indonesian,65+,None,HL00002730,Gold,DLX,Non-Smoking,Business,zcollins@example.org,2025-09-18
2731,2731,CUS0002731,Tiffany,Allen,F,Malaysian,51-65,Platinum,HL00002731,None,STD,Non-Smoking,Business,lauradyer@example.org,2024-06-28
2732,2732,CUS0002732,Jacqueline,Meyer,F,Malaysian,36-50,Gold,HL00002732,Silver,DLX,Non-Smoking,Leisure,scotttonya@example.org,2026-02-02
2733,2733,CUS0002733,Linda,Smith,F,Indonesian,26-35,Gold,HL00002733,None,SUT,Non-Smoking,Honeymoon,zwilson@example.com,2023-07-18
2734,2734,CUS0002734,Carla,Reeves,F,Australian,18-25,Gold,HL00002734,Platinum,SUT,Non-Smoking,Family,whiteryan@example.org,2025-10-10
2735,2735,CUS0002735,Maria,Franklin,F,Indonesian,65+,None,HL00002735,Silver,STD,Non-Smoking,Leisure,carlosmeadows@example.net,2024-04-10
2736,2736,CUS0002736,Caleb,Berry,M,American,18-25,None,HL00002736,None,SUT,Non-Smoking,Family,rsharp@example.com,2025-05-24
2737,2737,CUS0002737,Anna,Rodriguez,F,Indonesian,36-50,Silver,HL00002737,None,SUT,Non-Smoking,Business,gordonjason@example.com,2023-10-14
2738,2738,CUS0002738,Krista,Miller,F,American,51-65,Silver,HL00002738,Platinum,SUT,Non-Smoking,Leisure,ashley77@example.org,2023-12-29
2739,2739,CUS0002739,Melissa,James,F,Indonesian,26-35,None,HL00002739,Silver,EXC,Non-Smoking,Business,fletcherkaren@example.com,2024-01-22
2740,2740,CUS0002740,John,Cannon,M,Indonesian,51-65,Silver,HL00002740,None,STD,Non-Smoking,Leisure,carloswerner@example.net,2023-11-20
2741,2741,CUS0002741,Jordan,Perkins,M,Indonesian,51-65,None,HL00002741,Silver,EXC,Non-Smoking,Family,lindahill@example.com,2025-08-12
2742,2742,CUS0002742,Matthew,Cowan,M,Indonesian,65+,Platinum,HL00002742,Platinum,SUT,Non-Smoking,Business,garywebster@example.org,2025-12-02
2743,2743,CUS0002743,Anthony,Arnold,M,Indonesian,65+,Silver,HL00002743,Gold,SUT,Non-Smoking,Family,amanda32@example.net,2024-04-15
2744,2744,CUS0002744,Amy,Davis,F,Japanese,51-65,None,HL00002744,Platinum,SUT,Non-Smoking,Leisure,tony43@example.net,2023-12-09
2745,2745,CUS0002745,Tammy,Dalton,F,Japanese,51-65,None,HL00002745,None,SUT,Non-Smoking,Leisure,jonesterri@example.com,2024-07-07
2746,2746,CUS0002746,Lance,Gonzalez,M,Singaporean,26-35,None,HL00002746,Gold,SUT,Non-Smoking,Honeymoon,nunezjill@example.net,2026-02-05
2747,2747,CUS0002747,Cameron,Walters,M,Indonesian,65+,Platinum,HL00002747,Silver,DLX,Non-Smoking,Business,hilljennifer@example.org,2024-09-05
2748,2748,CUS0002748,Sarah,Anderson,F,Australian,51-65,None,HL00002748,Gold,EXC,Non-Smoking,Business,ijimenez@example.net,2026-01-10
2749,2749,CUS0002749,David,Robbins,M,Singaporean,65+,Gold,HL00002749,None,EXC,Non-Smoking,Business,roachkatherine@example.net,2024-10-12
2750,2750,CUS0002750,Jennifer,Mercado,F,Japanese,65+,Silver,HL00002750,None,EXC,Smoking,Business,mking@example.org,2023-08-12
2751,2751,CUS0002751,William,Brown,M,Japanese,26-35,Platinum,HL00002751,Silver,STD,Non-Smoking,Leisure,sarahgonzales@example.com,2025-06-13
2752,2752,CUS0002752,James,Richards,M,Indonesian,36-50,None,HL00002752,Silver,DLX,Non-Smoking,Business,davidjones@example.org,2025-10-06
2753,2753,CUS0002753,Christopher,George,M,Indonesian,26-35,Silver,HL00002753,Gold,DLX,Non-Smoking,MICE,rfleming@example.net,2024-07-12
2754,2754,CUS0002754,Julie,Gray,F,Indonesian,65+,None,HL00002754,Platinum,EXC,Non-Smoking,Family,valenciaerik@example.net,2024-10-14
2755,2755,CUS0002755,Colleen,Raymond,F,Indonesian,36-50,None,HL00002755,None,STD,Smoking,Honeymoon,bakermegan@example.net,2025-04-29
2756,2756,CUS0002756,Samantha,Jones,F,Indonesian,36-50,Silver,HL00002756,Silver,EXC,Smoking,Business,jmyers@example.net,2024-01-19
2757,2757,CUS0002757,Rebecca,Harris,F,Indonesian,65+,None,HL00002757,Platinum,DLX,Non-Smoking,Business,barnesalexis@example.org,2026-03-02
2758,2758,CUS0002758,Jennifer,Dyer,F,Indonesian,36-50,Silver,HL00002758,Platinum,SUT,Non-Smoking,Business,zskinner@example.com,2025-07-04
2759,2759,CUS0002759,Sherri,Williams,F,Australian,18-25,Silver,HL00002759,Silver,SUT,Non-Smoking,Leisure,jackiespears@example.org,2026-03-02
2760,2760,CUS0002760,Jose,Long,M,Indonesian,26-35,Silver,HL00002760,None,SUT,Smoking,Leisure,bruce94@example.com,2024-01-10
2761,2761,CUS0002761,Matthew,Alexander,M,Singaporean,51-65,None,HL00002761,Silver,DLX,Smoking,Business,mmyers@example.net,2025-10-28
2762,2762,CUS0002762,Lindsey,Lopez,F,Other,51-65,Silver,HL00002762,Gold,DLX,Non-Smoking,Leisure,ashleycooper@example.com,2024-02-26
2763,2763,CUS0002763,Lindsey,Jackson,F,Indonesian,26-35,None,HL00002763,None,SUT,Non-Smoking,Leisure,davidjackson@example.org,2024-07-16
2764,2764,CUS0002764,Stephen,Wilson,M,Singaporean,36-50,Silver,HL00002764,None,DLX,Non-Smoking,Leisure,tanya43@example.com,2025-10-20
2765,2765,CUS0002765,Brenda,Poole,F,Indonesian,26-35,Silver,HL00002765,Silver,STD,Non-Smoking,Leisure,shelley85@example.com,2025-03-27
2766,2766,CUS0002766,Brittany,Shelton,F,Indonesian,26-35,None,HL00002766,Gold,SUT,Non-Smoking,Business,fergusontrevor@example.net,2023-10-06
2767,2767,CUS0002767,Luke,Singh,M,British,26-35,None,HL00002767,None,DLX,Non-Smoking,Leisure,phernandez@example.net,2026-03-23
2768,2768,CUS0002768,Terry,Dawson,M,Singaporean,51-65,Platinum,HL00002768,Silver,STD,Non-Smoking,Leisure,mbaker@example.net,2025-06-20
2769,2769,CUS0002769,Robert,Clay,M,Indonesian,51-65,None,HL00002769,Silver,EXC,Smoking,Leisure,stacey25@example.net,2026-01-27
2770,2770,CUS0002770,Holly,Young,F,Australian,65+,Gold,HL00002770,None,STD,Non-Smoking,Leisure,joseharris@example.org,2025-08-31
2771,2771,CUS0002771,Michael,Jones,M,Singaporean,18-25,Platinum,HL00002771,Gold,STD,Smoking,Business,melinda87@example.com,2023-11-06
2772,2772,CUS0002772,Jacqueline,Higgins,F,Indonesian,65+,None,HL00002772,Silver,EXC,Non-Smoking,Business,michelle69@example.net,2026-04-15
2773,2773,CUS0002773,Jonathan,Flynn,M,Indonesian,51-65,None,HL00002773,None,SUT,Non-Smoking,Business,umatthews@example.com,2024-01-12
2774,2774,CUS0002774,Raymond,Valenzuela,M,Indonesian,18-25,None,HL00002774,None,DLX,Non-Smoking,Family,stacey53@example.com,2024-05-25
2775,2775,CUS0002775,Justin,Ritter,M,Indonesian,36-50,None,HL00002775,None,EXC,Non-Smoking,Leisure,phillip98@example.com,2025-06-25
2776,2776,CUS0002776,Amy,Clark,F,Singaporean,18-25,None,HL00002776,Gold,EXC,Non-Smoking,Business,david25@example.com,2024-08-23
2777,2777,CUS0002777,Alison,Wolfe,F,American,36-50,None,HL00002777,None,STD,Non-Smoking,Business,armstrongsara@example.net,2025-08-14
2778,2778,CUS0002778,Katie,Briggs,F,Indonesian,51-65,None,HL00002778,Gold,STD,Non-Smoking,Leisure,kathleencarlson@example.com,2025-09-18
2779,2779,CUS0002779,Teresa,Johnston,F,Indonesian,18-25,Silver,HL00002779,Silver,SUT,Non-Smoking,Business,cturner@example.org,2024-08-21
2780,2780,CUS0002780,Sarah,Allen,F,Indonesian,65+,Silver,HL00002780,Gold,DLX,Non-Smoking,Leisure,rberg@example.org,2025-09-28
2781,2781,CUS0002781,Isabel,Love,F,Singaporean,51-65,None,HL00002781,None,DLX,Non-Smoking,Leisure,bakerpaul@example.com,2024-06-02
2782,2782,CUS0002782,Yolanda,Mckay,F,Indonesian,65+,Gold,HL00002782,Platinum,SUT,Non-Smoking,Leisure,johnmerritt@example.com,2026-01-10
2783,2783,CUS0002783,Audrey,Frank,F,Indonesian,18-25,Silver,HL00002783,None,DLX,Non-Smoking,Leisure,jason07@example.net,2025-02-23
2784,2784,CUS0002784,Connie,Townsend,F,Singaporean,36-50,None,HL00002784,Gold,EXC,Non-Smoking,Family,damonsolomon@example.org,2023-08-03
2785,2785,CUS0002785,Kimberly,Parks,F,Singaporean,65+,None,HL00002785,Gold,STD,Non-Smoking,Leisure,simpsonalyssa@example.com,2025-06-29
2786,2786,CUS0002786,Brenda,Martinez,F,American,51-65,None,HL00002786,Gold,STD,Non-Smoking,Leisure,jessica71@example.net,2026-05-02
2787,2787,CUS0002787,Fernando,Clark,M,Indonesian,51-65,None,HL00002787,None,DLX,Non-Smoking,Business,jocelyn26@example.net,2024-03-26
2788,2788,CUS0002788,Julia,Adams,F,Indonesian,18-25,None,HL00002788,Silver,DLX,Non-Smoking,Family,fwilliams@example.org,2023-07-08
2789,2789,CUS0002789,Traci,Kane,F,Indonesian,26-35,None,HL00002789,None,STD,Non-Smoking,Leisure,holtrobert@example.com,2025-10-11
2790,2790,CUS0002790,Samantha,Walker,F,Australian,18-25,Silver,HL00002790,None,DLX,Non-Smoking,Family,iford@example.net,2024-06-13
2791,2791,CUS0002791,Jennifer,Nguyen,F,Indonesian,36-50,None,HL00002791,Silver,SUT,Non-Smoking,Business,jamessmith@example.com,2023-08-05
2792,2792,CUS0002792,Maria,Williams,F,Japanese,65+,None,HL00002792,None,STD,Non-Smoking,Business,lisa78@example.org,2023-06-05
2793,2793,CUS0002793,Tanya,Richardson,F,Indonesian,65+,Silver,HL00002793,Gold,SUT,Non-Smoking,Leisure,johnsonsamantha@example.com,2023-06-27
2794,2794,CUS0002794,Cassandra,Anderson,F,Malaysian,26-35,Silver,HL00002794,Silver,EXC,Non-Smoking,Leisure,jacob73@example.org,2023-11-01
2795,2795,CUS0002795,Allison,Turner,F,Singaporean,36-50,None,HL00002795,None,STD,Non-Smoking,Honeymoon,hammondjeff@example.com,2025-04-26
2796,2796,CUS0002796,Renee,Benson,F,Indonesian,36-50,None,HL00002796,Gold,SUT,Non-Smoking,Business,cholder@example.org,2024-04-01
2797,2797,CUS0002797,Craig,Dean,M,Singaporean,65+,Silver,HL00002797,Silver,EXC,Non-Smoking,Business,jenna86@example.org,2025-02-20
2798,2798,CUS0002798,Alyssa,Newman,F,Other,18-25,None,HL00002798,Silver,EXC,Non-Smoking,Honeymoon,wbowers@example.org,2025-12-23
2799,2799,CUS0002799,James,Gilbert,M,Singaporean,18-25,None,HL00002799,None,STD,Non-Smoking,Leisure,reneehernandez@example.org,2025-04-16
2800,2800,CUS0002800,Melissa,Briggs,F,Indonesian,26-35,Silver,HL00002800,None,STD,Non-Smoking,Leisure,hollylee@example.net,2026-03-02
2801,2801,CUS0002801,Lawrence,Smith,M,British,26-35,None,HL00002801,None,DLX,Non-Smoking,MICE,melissa35@example.org,2023-09-06
2802,2802,CUS0002802,Darrell,Simmons,M,Indonesian,51-65,Platinum,HL00002802,None,DLX,Non-Smoking,Leisure,teresa76@example.org,2023-08-30
2803,2803,CUS0002803,Kristen,Stevens,F,Indonesian,65+,None,HL00002803,Silver,DLX,Smoking,Leisure,pauljimenez@example.org,2023-10-07
2804,2804,CUS0002804,Jonathan,Moore,M,Singaporean,18-25,None,HL00002804,None,EXC,Non-Smoking,Business,patrickgarcia@example.com,2023-11-03
2805,2805,CUS0002805,Christopher,Garcia,M,Japanese,65+,Platinum,HL00002805,None,EXC,Non-Smoking,Honeymoon,patriciagrant@example.net,2023-08-30
2806,2806,CUS0002806,Tonya,Mccarthy,F,British,26-35,Platinum,HL00002806,None,SUT,Non-Smoking,Business,owade@example.com,2025-04-14
2807,2807,CUS0002807,Pamela,Ferguson,F,Malaysian,26-35,None,HL00002807,None,STD,Non-Smoking,Leisure,kimberly73@example.com,2025-12-06
2808,2808,CUS0002808,Nicole,Anderson,F,British,36-50,Platinum,HL00002808,Silver,EXC,Non-Smoking,Family,tinabrandt@example.net,2026-01-03
2809,2809,CUS0002809,Charles,Martin,M,Japanese,51-65,Platinum,HL00002809,Platinum,EXC,Non-Smoking,Honeymoon,walterskaren@example.com,2025-09-08
2810,2810,CUS0002810,Zachary,Reed,M,Indonesian,51-65,Gold,HL00002810,Platinum,SUT,Non-Smoking,Business,jenniferortega@example.net,2024-08-02
2811,2811,CUS0002811,Shannon,White,F,Japanese,26-35,Gold,HL00002811,Platinum,STD,Non-Smoking,Leisure,richard62@example.net,2024-07-21
2812,2812,CUS0002812,Christine,Douglas,F,Indonesian,51-65,Platinum,HL00002812,None,STD,Non-Smoking,Leisure,oallen@example.net,2025-06-19
2813,2813,CUS0002813,Sharon,Sanchez,F,Japanese,36-50,None,HL00002813,Silver,EXC,Smoking,Family,schmidtjoseph@example.net,2024-09-10
2814,2814,CUS0002814,John,Garcia,M,Malaysian,18-25,None,HL00002814,None,DLX,Non-Smoking,Family,adamcaldwell@example.org,2024-10-22
2815,2815,CUS0002815,Travis,Barton,M,American,36-50,Gold,HL00002815,Silver,STD,Non-Smoking,Leisure,eddie13@example.com,2025-01-19
2816,2816,CUS0002816,Jennifer,Brown,F,Indonesian,51-65,Silver,HL00002816,None,SUT,Smoking,Leisure,elizabeth39@example.net,2025-09-21
2817,2817,CUS0002817,Mary,Hughes,F,American,36-50,None,HL00002817,Silver,SUT,Non-Smoking,Business,jessica70@example.com,2024-06-22
2818,2818,CUS0002818,Darlene,Jones,F,Indonesian,51-65,Silver,HL00002818,None,DLX,Smoking,Leisure,sharonkeller@example.com,2026-04-06
2819,2819,CUS0002819,Jessica,Le,F,Malaysian,65+,Silver,HL00002819,Gold,SUT,Non-Smoking,Leisure,joneskatie@example.net,2025-12-30
2820,2820,CUS0002820,Gary,Nelson,M,Indonesian,51-65,None,HL00002820,None,STD,Non-Smoking,Business,johnstonnicholas@example.org,2025-03-02
2821,2821,CUS0002821,Erica,Payne,F,Singaporean,26-35,Silver,HL00002821,Silver,SUT,Non-Smoking,Leisure,linda07@example.org,2025-04-10
2822,2822,CUS0002822,Chad,King,M,Singaporean,18-25,None,HL00002822,None,DLX,Non-Smoking,Family,qbray@example.org,2024-09-20
2823,2823,CUS0002823,Lisa,Pearson,F,Indonesian,65+,Gold,HL00002823,Gold,DLX,Smoking,MICE,taylordorothy@example.org,2023-07-25
2824,2824,CUS0002824,Benjamin,Harris,M,Singaporean,51-65,Gold,HL00002824,None,EXC,Non-Smoking,Leisure,karenjordan@example.net,2023-08-26
2825,2825,CUS0002825,Joel,Knight,M,Indonesian,36-50,None,HL00002825,Gold,STD,Non-Smoking,Leisure,ksullivan@example.net,2023-08-13
2826,2826,CUS0002826,Daniel,Martin,M,Singaporean,36-50,None,HL00002826,Gold,EXC,Non-Smoking,Honeymoon,obarry@example.org,2025-10-11
2827,2827,CUS0002827,Lindsay,Townsend,F,Singaporean,18-25,None,HL00002827,None,DLX,Non-Smoking,Business,samuelprice@example.org,2024-08-07
2828,2828,CUS0002828,Tyler,Dominguez,M,Singaporean,36-50,Silver,HL00002828,None,EXC,Non-Smoking,Leisure,awong@example.com,2026-04-23
2829,2829,CUS0002829,Sara,Boyle,F,British,51-65,None,HL00002829,None,DLX,Non-Smoking,Family,james91@example.net,2025-02-13
2830,2830,CUS0002830,Janet,Parker,F,Indonesian,18-25,Gold,HL00002830,None,STD,Non-Smoking,Leisure,mckayemily@example.net,2025-10-30
2831,2831,CUS0002831,George,Hall,M,Indonesian,26-35,None,HL00002831,None,SUT,Smoking,Business,brandonmartinez@example.org,2023-10-10
2832,2832,CUS0002832,Ryan,Hampton,M,Indonesian,36-50,Gold,HL00002832,Gold,EXC,Smoking,Business,raguirre@example.com,2025-05-21
2833,2833,CUS0002833,Mark,Marsh,M,Indonesian,36-50,None,HL00002833,Silver,STD,Smoking,Family,timothy00@example.org,2026-01-20
2834,2834,CUS0002834,Walter,Marshall,M,Australian,36-50,None,HL00002834,None,SUT,Smoking,Business,kyle67@example.com,2025-11-12
2835,2835,CUS0002835,Laura,Watkins,F,Singaporean,51-65,Platinum,HL00002835,None,STD,Non-Smoking,Leisure,nicole16@example.org,2025-09-16
2836,2836,CUS0002836,Stephanie,Simmons,F,Singaporean,36-50,Silver,HL00002836,Silver,EXC,Non-Smoking,Honeymoon,scottmark@example.org,2025-12-11
2837,2837,CUS0002837,David,Edwards,M,Indonesian,36-50,Silver,HL00002837,None,SUT,Non-Smoking,Business,thomasjohnson@example.net,2023-12-18
2838,2838,CUS0002838,Vanessa,Cunningham,F,Japanese,36-50,None,HL00002838,Gold,SUT,Smoking,MICE,sydneyalexander@example.org,2024-04-04
2839,2839,CUS0002839,Keith,Howard,M,Malaysian,26-35,None,HL00002839,Gold,EXC,Non-Smoking,Leisure,nwalker@example.org,2023-06-07
2840,2840,CUS0002840,Jacqueline,Owens,F,Singaporean,26-35,None,HL00002840,None,DLX,Non-Smoking,Business,whitemichael@example.org,2025-09-14
2841,2841,CUS0002841,Christopher,Gutierrez,M,American,36-50,None,HL00002841,None,SUT,Non-Smoking,Business,ronaldyoung@example.org,2026-05-03
2842,2842,CUS0002842,Lucas,Hendricks,M,Indonesian,51-65,None,HL00002842,Gold,STD,Non-Smoking,Leisure,cheryl54@example.com,2026-01-03
2843,2843,CUS0002843,Jessica,Evans,F,Indonesian,26-35,Gold,HL00002843,None,SUT,Non-Smoking,Family,karen43@example.com,2023-09-12
2844,2844,CUS0002844,Deanna,Jones,F,Japanese,26-35,None,HL00002844,Silver,SUT,Non-Smoking,Business,cheryl69@example.net,2024-05-04
2845,2845,CUS0002845,David,Lawson,M,Indonesian,26-35,None,HL00002845,Platinum,SUT,Non-Smoking,Leisure,joshua74@example.org,2026-05-09
2846,2846,CUS0002846,Stanley,Wiley,M,Singaporean,26-35,None,HL00002846,None,STD,Smoking,Business,andre82@example.org,2025-03-03
2847,2847,CUS0002847,Amber,Murphy,F,British,51-65,None,HL00002847,None,DLX,Non-Smoking,Business,uanderson@example.com,2025-08-26
2848,2848,CUS0002848,Timothy,Mcneil,M,Singaporean,18-25,Silver,HL00002848,Gold,EXC,Non-Smoking,Leisure,cory21@example.org,2023-10-18
2849,2849,CUS0002849,Kenneth,Anderson,M,Indonesian,18-25,None,HL00002849,None,DLX,Non-Smoking,Business,dariusmendoza@example.org,2025-10-16
2850,2850,CUS0002850,Erin,Lam,F,Singaporean,36-50,None,HL00002850,None,STD,Non-Smoking,Business,james65@example.com,2025-10-29
2851,2851,CUS0002851,Rebecca,Anderson,F,Other,36-50,None,HL00002851,None,SUT,Non-Smoking,Family,benjaminsmith@example.com,2024-10-16
2852,2852,CUS0002852,Lacey,Charles,F,Indonesian,51-65,Silver,HL00002852,None,SUT,Non-Smoking,Business,jhickman@example.net,2024-11-29
2853,2853,CUS0002853,Courtney,Brown,F,Indonesian,26-35,Gold,HL00002853,Silver,STD,Non-Smoking,Business,thomasjo@example.com,2024-11-12
2854,2854,CUS0002854,Brandy,Wilson,F,Indonesian,65+,Gold,HL00002854,None,STD,Non-Smoking,Business,zcook@example.com,2025-06-02
2855,2855,CUS0002855,Michelle,Myers,F,Indonesian,36-50,None,HL00002855,Gold,STD,Non-Smoking,Business,brandi70@example.net,2023-11-21
2856,2856,CUS0002856,Tricia,Miller,F,Indonesian,36-50,Gold,HL00002856,None,EXC,Non-Smoking,Leisure,sherylgreen@example.com,2026-03-12
2857,2857,CUS0002857,Edwin,Green,M,Indonesian,36-50,None,HL00002857,None,SUT,Non-Smoking,Leisure,randy31@example.org,2023-12-21
2858,2858,CUS0002858,Timothy,Pierce,M,Indonesian,51-65,None,HL00002858,Platinum,EXC,Non-Smoking,MICE,dyerkenneth@example.org,2023-06-08
2859,2859,CUS0002859,Ronald,Moore,M,Malaysian,51-65,Platinum,HL00002859,None,EXC,Smoking,Business,arthurwright@example.com,2024-01-04
2860,2860,CUS0002860,Edward,Baker,M,Indonesian,36-50,None,HL00002860,None,SUT,Non-Smoking,Honeymoon,dianasmith@example.org,2023-10-11
2861,2861,CUS0002861,Jerry,Riley,M,British,26-35,Silver,HL00002861,None,SUT,Smoking,Business,iharrington@example.org,2024-12-12
2862,2862,CUS0002862,Kristen,Valenzuela,F,Other,65+,Platinum,HL00002862,Silver,DLX,Non-Smoking,Leisure,jennifer29@example.com,2023-09-17
2863,2863,CUS0002863,Nicole,Chung,F,Indonesian,36-50,None,HL00002863,None,EXC,Non-Smoking,Honeymoon,oliviavaldez@example.net,2025-12-22
2864,2864,CUS0002864,Valerie,Kim,F,Indonesian,26-35,None,HL00002864,Silver,DLX,Non-Smoking,Leisure,caleb43@example.org,2025-11-14
2865,2865,CUS0002865,Christine,Flores,F,Indonesian,51-65,None,HL00002865,None,SUT,Smoking,Leisure,jeremybauer@example.com,2024-12-30
2866,2866,CUS0002866,Carla,Briggs,F,Indonesian,65+,Platinum,HL00002866,None,STD,Non-Smoking,Leisure,robert52@example.com,2026-02-01
2867,2867,CUS0002867,Gabrielle,Wiggins,F,Indonesian,18-25,Gold,HL00002867,None,SUT,Non-Smoking,Business,jamesanderson@example.org,2024-12-25
2868,2868,CUS0002868,Rebecca,Smith,F,Indonesian,26-35,Silver,HL00002868,Silver,EXC,Non-Smoking,Family,taylorrichard@example.org,2026-05-17
2869,2869,CUS0002869,Christine,Smith,F,Indonesian,51-65,None,HL00002869,None,SUT,Smoking,Family,robinsonjon@example.com,2025-08-27
2870,2870,CUS0002870,Andrea,Schwartz,F,Japanese,36-50,None,HL00002870,Gold,SUT,Non-Smoking,Leisure,xlogan@example.org,2024-08-11
2871,2871,CUS0002871,Scott,Thomas,M,Singaporean,36-50,None,HL00002871,None,DLX,Non-Smoking,Business,wlynch@example.com,2024-11-29
2872,2872,CUS0002872,Steven,Brown,M,Indonesian,51-65,None,HL00002872,Platinum,DLX,Non-Smoking,Leisure,darlene30@example.org,2025-08-23
2873,2873,CUS0002873,Susan,Navarro,F,Other,51-65,Platinum,HL00002873,Silver,EXC,Non-Smoking,Leisure,lisa23@example.org,2026-03-24
2874,2874,CUS0002874,Denise,Hardin,F,Indonesian,51-65,Platinum,HL00002874,Silver,STD,Non-Smoking,Leisure,brandonfernandez@example.com,2025-12-13
2875,2875,CUS0002875,Travis,Marsh,M,Indonesian,65+,Silver,HL00002875,None,EXC,Smoking,Business,davisjennifer@example.org,2024-03-31
2876,2876,CUS0002876,Rebecca,Carter,F,Indonesian,26-35,None,HL00002876,Silver,DLX,Non-Smoking,Leisure,brian64@example.net,2025-04-22
2877,2877,CUS0002877,Joel,Parsons,M,American,36-50,None,HL00002877,None,SUT,Smoking,Business,deckerthomas@example.net,2026-03-25
2878,2878,CUS0002878,Jon,Summers,M,British,26-35,Silver,HL00002878,Silver,DLX,Non-Smoking,Business,yrodriguez@example.net,2023-07-28
2879,2879,CUS0002879,Timothy,Williams,M,Indonesian,51-65,None,HL00002879,Silver,SUT,Non-Smoking,Family,danielle38@example.com,2025-02-01
2880,2880,CUS0002880,Rachel,Harrison,F,Malaysian,51-65,None,HL00002880,Silver,STD,Non-Smoking,Honeymoon,matthewbrennan@example.org,2024-08-27
2881,2881,CUS0002881,Brittney,George,F,Other,51-65,None,HL00002881,Gold,EXC,Non-Smoking,Business,paul84@example.net,2024-03-07
2882,2882,CUS0002882,Thomas,Hardy,M,Indonesian,51-65,None,HL00002882,Silver,STD,Non-Smoking,Family,staceywashington@example.net,2023-09-12
2883,2883,CUS0002883,Jocelyn,Hammond,F,Indonesian,51-65,Silver,HL00002883,None,SUT,Non-Smoking,MICE,bauercory@example.org,2026-04-26
2884,2884,CUS0002884,Veronica,Wilson,F,Singaporean,65+,Platinum,HL00002884,None,EXC,Non-Smoking,Business,cchurch@example.org,2026-01-30
2885,2885,CUS0002885,Gregory,Barker,M,Singaporean,26-35,None,HL00002885,Silver,EXC,Non-Smoking,Business,vaguirre@example.net,2023-12-28
2886,2886,CUS0002886,Michael,Macdonald,M,British,65+,None,HL00002886,Silver,STD,Non-Smoking,MICE,gibsonbrandon@example.com,2026-04-23
2887,2887,CUS0002887,Michael,Yates,M,Singaporean,51-65,Platinum,HL00002887,None,STD,Smoking,Leisure,carmengomez@example.net,2024-02-29
2888,2888,CUS0002888,Lisa,Benson,F,Indonesian,26-35,None,HL00002888,None,EXC,Non-Smoking,Business,carlymoss@example.org,2023-06-24
2889,2889,CUS0002889,Brian,Thompson,M,Singaporean,36-50,Platinum,HL00002889,None,SUT,Non-Smoking,Family,vdougherty@example.com,2025-02-19
2890,2890,CUS0002890,Daniel,Gibson,M,Japanese,51-65,Gold,HL00002890,None,EXC,Smoking,Leisure,andrewvincent@example.org,2023-08-18
2891,2891,CUS0002891,Ashley,Thompson,F,Singaporean,51-65,Platinum,HL00002891,None,EXC,Non-Smoking,Family,gina49@example.net,2026-01-24
2892,2892,CUS0002892,Sarah,Lee,F,Japanese,36-50,None,HL00002892,None,DLX,Non-Smoking,Family,jodysmith@example.net,2025-09-18
2893,2893,CUS0002893,Christie,Cherry,F,Indonesian,18-25,Silver,HL00002893,None,STD,Non-Smoking,Honeymoon,kevin04@example.net,2023-09-24
2894,2894,CUS0002894,Kelly,Romero,F,Indonesian,18-25,Silver,HL00002894,Silver,EXC,Non-Smoking,Business,alexander70@example.org,2024-08-18
2895,2895,CUS0002895,Scott,Austin,M,Indonesian,65+,None,HL00002895,None,SUT,Non-Smoking,Honeymoon,rcannon@example.com,2025-01-30
2896,2896,CUS0002896,Logan,Golden,M,Indonesian,65+,None,HL00002896,None,EXC,Non-Smoking,Honeymoon,kristinwest@example.com,2025-07-06
2897,2897,CUS0002897,Michaela,White,F,British,26-35,Silver,HL00002897,None,SUT,Non-Smoking,Leisure,nwalters@example.org,2026-05-17
2898,2898,CUS0002898,Natalie,Gutierrez,F,Malaysian,26-35,None,HL00002898,None,STD,Non-Smoking,Honeymoon,jackson77@example.com,2023-10-31
2899,2899,CUS0002899,Christopher,Barr,M,Indonesian,18-25,None,HL00002899,Gold,STD,Non-Smoking,Family,andresmiller@example.com,2026-03-22
2900,2900,CUS0002900,Joshua,Thomas,M,Indonesian,36-50,Silver,HL00002900,None,STD,Non-Smoking,Leisure,anthonywood@example.net,2024-05-19
2901,2901,CUS0002901,Chris,Mitchell,M,Indonesian,51-65,Platinum,HL00002901,Silver,DLX,Non-Smoking,Business,morrismichelle@example.com,2026-03-04
2902,2902,CUS0002902,Amanda,Vargas,F,American,51-65,Silver,HL00002902,Silver,SUT,Non-Smoking,Leisure,katherine96@example.org,2023-10-19
2903,2903,CUS0002903,Dana,Barnett,F,Indonesian,36-50,Platinum,HL00002903,Platinum,DLX,Non-Smoking,Business,debbiejackson@example.net,2026-05-11
2904,2904,CUS0002904,Edward,Gallagher,M,Australian,18-25,None,HL00002904,Gold,DLX,Non-Smoking,Leisure,bradbennett@example.com,2023-09-07
2905,2905,CUS0002905,David,Robertson,M,British,26-35,None,HL00002905,Silver,EXC,Non-Smoking,Family,colton31@example.org,2026-05-16
2906,2906,CUS0002906,Joshua,York,M,Indonesian,26-35,None,HL00002906,None,EXC,Non-Smoking,Family,nelsonamanda@example.org,2025-08-24
2907,2907,CUS0002907,Scott,Brown,M,Indonesian,26-35,None,HL00002907,None,DLX,Non-Smoking,Business,thompsonedwin@example.org,2025-01-11
2908,2908,CUS0002908,Billy,Curry,M,Other,18-25,Silver,HL00002908,Silver,STD,Non-Smoking,Family,dawsonamanda@example.com,2025-12-18
2909,2909,CUS0002909,Jason,Porter,M,Australian,36-50,None,HL00002909,Gold,STD,Non-Smoking,Leisure,aevans@example.org,2024-12-02
2910,2910,CUS0002910,Lauren,Schmidt,F,Australian,18-25,None,HL00002910,Silver,EXC,Smoking,Business,angela06@example.com,2024-03-10
2911,2911,CUS0002911,Paul,Hood,M,Other,51-65,Gold,HL00002911,None,STD,Non-Smoking,Leisure,williamspaul@example.net,2024-11-24
2912,2912,CUS0002912,Suzanne,Jimenez,F,Indonesian,36-50,None,HL00002912,None,SUT,Non-Smoking,Business,usanchez@example.net,2024-03-29
2913,2913,CUS0002913,Ricardo,Moyer,M,Indonesian,51-65,Gold,HL00002913,Silver,STD,Non-Smoking,Family,zcampbell@example.net,2023-11-23
2914,2914,CUS0002914,Reginald,Wilson,M,Indonesian,51-65,Platinum,HL00002914,None,EXC,Non-Smoking,Leisure,nramsey@example.com,2025-07-26
2915,2915,CUS0002915,Catherine,Bishop,F,Other,26-35,Silver,HL00002915,None,SUT,Non-Smoking,Leisure,lstokes@example.org,2024-11-21
2916,2916,CUS0002916,Clayton,Torres,M,Malaysian,51-65,Gold,HL00002916,None,EXC,Smoking,MICE,williamsfrank@example.com,2026-04-06
2917,2917,CUS0002917,Daniel,Kaufman,M,Other,36-50,None,HL00002917,Platinum,DLX,Non-Smoking,Honeymoon,jessica89@example.net,2024-12-07
2918,2918,CUS0002918,Brandon,Huffman,M,Indonesian,65+,None,HL00002918,Silver,STD,Non-Smoking,MICE,whernandez@example.com,2024-08-27
2919,2919,CUS0002919,Leon,Davila,M,Indonesian,26-35,None,HL00002919,Gold,SUT,Non-Smoking,Business,barbara81@example.net,2024-02-16
2920,2920,CUS0002920,Jose,Gonzalez,M,Indonesian,51-65,Gold,HL00002920,Silver,SUT,Non-Smoking,Leisure,brownnancy@example.com,2025-03-21
2921,2921,CUS0002921,Alisha,Watts,F,Singaporean,36-50,Gold,HL00002921,Silver,EXC,Non-Smoking,Leisure,jasminbrown@example.com,2024-01-28
2922,2922,CUS0002922,Paul,Ryan,M,Indonesian,51-65,Silver,HL00002922,None,SUT,Non-Smoking,Family,amylopez@example.org,2025-10-16
2923,2923,CUS0002923,Frank,Williams,M,Indonesian,65+,Platinum,HL00002923,None,DLX,Smoking,Family,josephmercado@example.org,2026-01-17
2924,2924,CUS0002924,Michael,Mcconnell,M,Indonesian,36-50,None,HL00002924,None,DLX,Non-Smoking,Leisure,sarakirby@example.net,2023-12-23
2925,2925,CUS0002925,Mary,Cunningham,F,Singaporean,51-65,None,HL00002925,Silver,EXC,Non-Smoking,Leisure,brownraymond@example.net,2025-03-30
2926,2926,CUS0002926,Carly,Ellis,F,Indonesian,36-50,None,HL00002926,Gold,DLX,Non-Smoking,Family,omahoney@example.org,2025-10-03
2927,2927,CUS0002927,Kristi,Preston,F,Indonesian,18-25,None,HL00002927,Platinum,STD,Non-Smoking,Leisure,nnunez@example.org,2026-03-17
2928,2928,CUS0002928,John,Mccullough,M,Indonesian,18-25,None,HL00002928,Silver,SUT,Non-Smoking,Leisure,wagnercynthia@example.net,2023-08-10
2929,2929,CUS0002929,Thomas,Brady,M,Indonesian,36-50,None,HL00002929,Platinum,EXC,Non-Smoking,Business,dthompson@example.org,2026-02-16
2930,2930,CUS0002930,Jessica,Torres,F,Other,51-65,Gold,HL00002930,None,EXC,Non-Smoking,Business,smithcharles@example.org,2024-04-04
2931,2931,CUS0002931,Jonathan,Moore,M,British,26-35,Gold,HL00002931,None,STD,Non-Smoking,Leisure,jenniferhernandez@example.net,2025-02-26
2932,2932,CUS0002932,Sarah,Simon,F,Indonesian,36-50,Gold,HL00002932,Silver,STD,Smoking,Leisure,michaellopez@example.net,2023-10-22
2933,2933,CUS0002933,Nicholas,Brown,M,Indonesian,26-35,Silver,HL00002933,None,STD,Non-Smoking,Leisure,wnguyen@example.net,2023-07-25
2934,2934,CUS0002934,Alicia,Cisneros,F,Indonesian,26-35,Gold,HL00002934,None,SUT,Non-Smoking,MICE,gsnyder@example.net,2024-10-21
2935,2935,CUS0002935,Jay,Soto,M,Indonesian,65+,None,HL00002935,Platinum,EXC,Non-Smoking,Business,margaret20@example.net,2024-09-18
2936,2936,CUS0002936,Joseph,Chase,M,Malaysian,36-50,Silver,HL00002936,Silver,SUT,Non-Smoking,Business,john19@example.org,2024-05-05
2937,2937,CUS0002937,Lisa,Huber,F,American,36-50,None,HL00002937,Silver,DLX,Non-Smoking,Business,murraywesley@example.org,2024-06-20
2938,2938,CUS0002938,Tracy,Barnes,F,Indonesian,36-50,Silver,HL00002938,None,EXC,Non-Smoking,MICE,amberevans@example.net,2023-08-10
2939,2939,CUS0002939,Cassandra,Lowe,F,Malaysian,36-50,Silver,HL00002939,None,STD,Non-Smoking,Honeymoon,jacquelinebennett@example.net,2024-04-28
2940,2940,CUS0002940,James,Cruz,M,Indonesian,18-25,None,HL00002940,None,STD,Non-Smoking,Family,cherylgomez@example.org,2023-11-17
2941,2941,CUS0002941,Franklin,Harris,M,Australian,51-65,Gold,HL00002941,None,SUT,Non-Smoking,Business,matthewwalker@example.com,2026-03-03
2942,2942,CUS0002942,Jeffrey,Fields,M,Other,26-35,None,HL00002942,Silver,DLX,Non-Smoking,Business,irojas@example.net,2025-05-06
2943,2943,CUS0002943,Alexander,Adams,M,Indonesian,26-35,None,HL00002943,Gold,SUT,Non-Smoking,Leisure,nthomas@example.com,2024-07-22
2944,2944,CUS0002944,Leslie,Shea,F,British,36-50,None,HL00002944,Gold,DLX,Non-Smoking,Leisure,duranaudrey@example.com,2023-10-14
2945,2945,CUS0002945,Alison,Smith,F,Other,36-50,None,HL00002945,None,STD,Non-Smoking,Leisure,rparker@example.com,2025-03-30
2946,2946,CUS0002946,Kristin,Jennings,F,Indonesian,51-65,None,HL00002946,Silver,STD,Non-Smoking,Leisure,richard18@example.org,2024-02-13
2947,2947,CUS0002947,Lisa,Gordon,F,Other,18-25,None,HL00002947,Gold,DLX,Non-Smoking,Business,daniel73@example.com,2023-07-21
2948,2948,CUS0002948,Judy,Acevedo,F,Australian,18-25,None,HL00002948,None,SUT,Non-Smoking,Family,jamie98@example.net,2023-10-19
2949,2949,CUS0002949,Yolanda,Carter,F,Australian,65+,None,HL00002949,None,DLX,Non-Smoking,Family,bakerleslie@example.net,2024-03-04
2950,2950,CUS0002950,Mary,Robertson,F,Singaporean,51-65,Platinum,HL00002950,Silver,DLX,Non-Smoking,Leisure,uliu@example.org,2025-10-19
2951,2951,CUS0002951,Russell,Downs,M,Indonesian,65+,None,HL00002951,None,SUT,Non-Smoking,Business,raymondwoodward@example.org,2025-11-08
2952,2952,CUS0002952,James,Tran,M,Singaporean,36-50,None,HL00002952,None,EXC,Smoking,Leisure,smithamy@example.com,2025-10-08
2953,2953,CUS0002953,Sandra,Howard,F,Indonesian,36-50,Silver,HL00002953,Silver,DLX,Non-Smoking,Business,carrilloaaron@example.net,2023-06-19
2954,2954,CUS0002954,Justin,Golden,M,Indonesian,26-35,Platinum,HL00002954,None,DLX,Non-Smoking,MICE,riverakevin@example.net,2025-04-05
2955,2955,CUS0002955,David,Larson,M,British,36-50,None,HL00002955,Silver,DLX,Smoking,Leisure,vgreen@example.org,2023-06-02
2956,2956,CUS0002956,Gregory,Joyce,M,Australian,36-50,None,HL00002956,Silver,SUT,Non-Smoking,Honeymoon,alexisschaefer@example.com,2023-09-13
2957,2957,CUS0002957,Jacob,Smith,M,Japanese,18-25,None,HL00002957,Silver,DLX,Non-Smoking,Leisure,lewiserin@example.net,2023-09-01
2958,2958,CUS0002958,Peter,Powell,M,Indonesian,36-50,None,HL00002958,None,EXC,Non-Smoking,Family,deanna05@example.com,2024-12-13
2959,2959,CUS0002959,Brent,Green,M,British,51-65,Gold,HL00002959,Platinum,STD,Non-Smoking,Leisure,margaretirwin@example.net,2025-10-31
2960,2960,CUS0002960,Stephanie,Phillips,F,British,18-25,None,HL00002960,Gold,DLX,Smoking,Leisure,ghudson@example.com,2023-06-09
2961,2961,CUS0002961,Susan,Valdez,F,Indonesian,18-25,Silver,HL00002961,None,DLX,Non-Smoking,Business,pmartin@example.org,2025-02-05
2962,2962,CUS0002962,Ashley,Christensen,F,Indonesian,65+,None,HL00002962,Gold,SUT,Smoking,Family,swatson@example.org,2026-03-09
2963,2963,CUS0002963,David,Ellison,M,Indonesian,65+,Silver,HL00002963,Platinum,EXC,Non-Smoking,Business,stephanie42@example.net,2023-07-25
2964,2964,CUS0002964,Todd,Long,M,American,26-35,Silver,HL00002964,None,EXC,Non-Smoking,Business,elizabeth68@example.com,2025-12-30
2965,2965,CUS0002965,Thomas,Martin,M,Australian,18-25,None,HL00002965,Gold,DLX,Non-Smoking,Leisure,graykristin@example.org,2026-04-22
2966,2966,CUS0002966,Franklin,Cooper,M,Australian,65+,Gold,HL00002966,Silver,DLX,Non-Smoking,Business,ibrennan@example.com,2025-02-08
2967,2967,CUS0002967,Patricia,Lopez,F,Japanese,36-50,Silver,HL00002967,Silver,SUT,Smoking,Leisure,davidsmith@example.org,2024-02-18
2968,2968,CUS0002968,Timothy,Holland,M,Indonesian,51-65,None,HL00002968,Silver,STD,Non-Smoking,Business,scott04@example.com,2024-07-03
2969,2969,CUS0002969,Karen,Price,F,Indonesian,51-65,None,HL00002969,None,STD,Non-Smoking,Leisure,gail55@example.net,2024-05-16
2970,2970,CUS0002970,Kyle,Nguyen,M,Indonesian,51-65,Silver,HL00002970,None,EXC,Non-Smoking,Business,charleslisa@example.net,2023-06-25
2971,2971,CUS0002971,Erik,Burns,M,Singaporean,51-65,Silver,HL00002971,None,EXC,Non-Smoking,Business,monteskarl@example.net,2023-10-16
2972,2972,CUS0002972,Colleen,Martin,F,Indonesian,36-50,None,HL00002972,Gold,SUT,Smoking,Family,smithjohn@example.org,2023-06-03
2973,2973,CUS0002973,Cathy,Davis,F,Indonesian,26-35,Gold,HL00002973,None,DLX,Non-Smoking,Leisure,noblekimberly@example.org,2024-12-10
2974,2974,CUS0002974,Margaret,Schultz,F,Other,18-25,None,HL00002974,None,STD,Non-Smoking,Family,bsimpson@example.com,2026-01-31
2975,2975,CUS0002975,Marvin,Dennis,M,Singaporean,36-50,None,HL00002975,Gold,STD,Non-Smoking,Business,angela58@example.com,2026-02-07
2976,2976,CUS0002976,Catherine,Barnett,F,Australian,51-65,None,HL00002976,Silver,SUT,Non-Smoking,Business,erinreed@example.net,2025-12-28
2977,2977,CUS0002977,Brian,Wilson,M,Other,51-65,Silver,HL00002977,None,EXC,Non-Smoking,Business,tracy91@example.com,2023-12-20
2978,2978,CUS0002978,Anthony,Hendricks,M,British,65+,Silver,HL00002978,None,STD,Non-Smoking,Leisure,coxcarol@example.com,2023-09-06
2979,2979,CUS0002979,Jordan,Adams,F,Indonesian,36-50,None,HL00002979,Platinum,EXC,Non-Smoking,Leisure,kathyfowler@example.com,2025-05-08
2980,2980,CUS0002980,Brenda,Gonzales,F,American,18-25,Silver,HL00002980,Gold,EXC,Smoking,Honeymoon,daniel71@example.com,2025-05-22
2981,2981,CUS0002981,Elizabeth,Shaffer,F,Malaysian,26-35,None,HL00002981,Silver,DLX,Non-Smoking,Leisure,sgonzalez@example.net,2025-02-28
2982,2982,CUS0002982,Andrew,Hall,M,Indonesian,51-65,Silver,HL00002982,Gold,EXC,Non-Smoking,Business,walkerdavid@example.org,2024-05-24
2983,2983,CUS0002983,Bradley,Cobb,M,Singaporean,36-50,None,HL00002983,Platinum,SUT,Non-Smoking,Business,johnnewman@example.net,2024-09-25
2984,2984,CUS0002984,Jessica,Johnson,F,Indonesian,51-65,Gold,HL00002984,Silver,DLX,Non-Smoking,Business,lhunter@example.net,2026-04-01
2985,2985,CUS0002985,Heather,Thompson,F,Singaporean,65+,Gold,HL00002985,Gold,SUT,Smoking,Honeymoon,sgonzalez@example.net,2024-03-31
2986,2986,CUS0002986,Clinton,Sutton,M,Singaporean,36-50,Silver,HL00002986,Gold,DLX,Non-Smoking,Business,hunter74@example.com,2026-04-16
2987,2987,CUS0002987,Ronald,Lewis,M,Indonesian,51-65,Gold,HL00002987,Silver,STD,Non-Smoking,Leisure,jessica78@example.org,2025-04-27
2988,2988,CUS0002988,Kayla,Boyer,F,Japanese,65+,Silver,HL00002988,None,STD,Non-Smoking,Business,roger73@example.com,2024-02-24
2989,2989,CUS0002989,Sheila,Crawford,F,Singaporean,51-65,None,HL00002989,None,STD,Non-Smoking,Family,yramos@example.org,2023-08-30
2990,2990,CUS0002990,Robert,Chapman,M,Other,26-35,Gold,HL00002990,Silver,SUT,Non-Smoking,Family,benitezjeffrey@example.com,2025-05-30
2991,2991,CUS0002991,Kevin,Johnston,M,Indonesian,51-65,None,HL00002991,Gold,DLX,Non-Smoking,Honeymoon,bsoto@example.com,2026-05-10
2992,2992,CUS0002992,Anthony,Matthews,M,Indonesian,51-65,None,HL00002992,Silver,EXC,Non-Smoking,Business,norrisdaniel@example.net,2026-03-22
2993,2993,CUS0002993,Kristen,Castillo,F,British,26-35,None,HL00002993,Platinum,STD,Non-Smoking,MICE,schmidtjesus@example.net,2026-04-23
2994,2994,CUS0002994,Gina,Davis,F,Other,26-35,None,HL00002994,None,DLX,Non-Smoking,Business,fernandezrobert@example.net,2023-08-19
2995,2995,CUS0002995,Tanner,Jackson,M,Indonesian,51-65,Silver,HL00002995,Gold,EXC,Non-Smoking,Business,peter88@example.com,2026-04-19
2996,2996,CUS0002996,Paul,Santana,M,Indonesian,26-35,Gold,HL00002996,Gold,SUT,Non-Smoking,Leisure,caguilar@example.org,2023-07-26
2997,2997,CUS0002997,Susan,Watson,F,Australian,36-50,Gold,HL00002997,Platinum,EXC,Non-Smoking,Leisure,tmurphy@example.net,2024-08-28
2998,2998,CUS0002998,Nicole,Martinez,F,British,36-50,None,HL00002998,Silver,DLX,Non-Smoking,Family,kirbybrett@example.org,2024-02-19
2999,2999,CUS0002999,Jessica,Silva,F,Japanese,65+,None,HL00002999,Silver,SUT,Non-Smoking,Family,wilkinskevin@example.net,2026-01-11
3000,3000,CUS0003000,Margaret,Solomon,F,Indonesian,51-65,None,HL00003000,Silver,EXC,Non-Smoking,Business,droach@example.org,2024-11-15
