customer_key,customer_id,first_name,last_name,gender,date_of_birth,nationality,email,phone
1,CUS0000001,Mark,Johnson,M,1969-02-09,Indonesian,jeffreydoyle@example.net,001-581-896-0013x3890
2,CUS0000002,Connie,Lawrence,F,2005-06-23,Singaporean,blakeerik@example.com,942-335-1161x55940
3,CUS0000003,William,Gray,M,1987-12-18,Singaporean,maria95@example.net,610.934.1316
4,CUS0000004,Mark,Diaz,M,1975-08-02,Japanese,jason41@example.net,+1-228-732-7648x3503
5,CUS0000005,James,Jones,M,1988-12-28,Japanese,jason76@example.net,724.523.8849x696
6,CUS0000006,Yolanda,Taylor,F,1983-12-24,Indonesian,camposmichelle@example.org,+1-326-691-6697x8480
7,CUS0000007,Randy,Peterson,M,1970-05-14,Indonesian,amoore@example.net,001-248-728-1489x3252
8,CUS0000008,John,Rodriguez,M,1975-02-04,Singaporean,john39@example.org,671-882-2782
9,CUS0000009,Vincent,Hickman,M,2001-10-16,Japanese,jenniferross@example.net,+1-557-587-1331x5098
10,CUS0000010,Adam,Zimmerman,M,1954-05-27,Japanese,carlosjohnson@example.com,983-547-3829
11,CUS0000011,Rachel,Aguirre,F,1963-05-09,Singaporean,davisryan@example.com,(870)410-6513x33872
12,CUS0000012,Diana,Wright,F,1955-07-11,Japanese,jmorton@example.org,5808132677
13,CUS0000013,Stephanie,Martin,F,1950-07-17,Indonesian,ybaker@example.com,268-272-3430x9805
14,CUS0000014,Kevin,Shaw,M,1986-07-16,Australian,brianromero@example.org,291-336-1939
15,CUS0000015,Jennifer,Silva,F,1985-12-20,Malaysian,sarah35@example.org,362-547-5107x991
16,CUS0000016,Jonathan,Anderson,M,1974-02-22,Singaporean,suarezmike@example.org,384.498.0841x241
17,CUS0000017,Denise,Jacobs,F,1999-03-25,Indonesian,james48@example.com,801-264-0052x427
18,CUS0000018,Brian,Landry,M,1997-06-02,Australian,amydavenport@example.net,+1-526-520-4505
19,CUS0000019,Michael,Gomez,M,1988-06-29,Malaysian,vdickson@example.org,622.460.2563
20,CUS0000020,Rachel,Rodriguez,F,1953-01-11,Japanese,dwalker@example.com,733-203-6541x4586
21,CUS0000021,Ashley,Waller,F,1962-07-19,Indonesian,benjamin96@example.com,001-556-798-1693x4060
22,CUS0000022,Jessica,Rush,F,1972-11-12,Japanese,elizabeth14@example.net,665-864-8236x6299
23,CUS0000023,Joshua,Smith,M,1969-12-02,Australian,russellcarpenter@example.net,577-673-8721x48951
24,CUS0000024,Danny,Gonzalez,M,1952-01-22,Japanese,sanchezthomas@example.org,569.436.7632x016
25,CUS0000025,Regina,Dominguez,F,1982-01-03,Japanese,grantsamantha@example.org,927.488.9579x868
26,CUS0000026,Natasha,Wells,F,1968-01-13,Japanese,maryramirez@example.net,434.571.4345x5812
27,CUS0000027,James,Hernandez,M,1964-12-14,Indonesian,perrymark@example.com,(803)566-9096x70546
28,CUS0000028,John,Nelson,M,1983-06-11,Singaporean,priceelizabeth@example.com,001-427-929-8069x9016
29,CUS0000029,Catherine,Green,F,1972-09-02,Indonesian,shawnrogers@example.com,264-517-0805x310
30,CUS0000030,Curtis,Smith,M,1960-10-06,Indonesian,davidcaldwell@example.net,674.352.9912
31,CUS0000031,Lauren,Hickman,F,1989-07-30,Malaysian,tsanders@example.org,793-814-9190
32,CUS0000032,Mary,Jones,F,1994-06-17,Malaysian,alexander67@example.org,(657)726-2849x87769
33,CUS0000033,Samuel,Rivas,M,1956-04-17,Malaysian,nicole37@example.net,+1-665-607-5273x545
34,CUS0000034,Kristi,Black,F,1963-05-25,Singaporean,allenrichard@example.net,001-937-777-0143x63495
35,CUS0000035,Jessica,Reese,F,1972-11-26,Indonesian,jacqueline44@example.com,913.651.8233
36,CUS0000036,Nathaniel,Bray,M,1986-02-04,Japanese,tina34@example.org,(924)308-2400x842
37,CUS0000037,Shane,Andrews,M,1982-05-03,Singaporean,lalexander@example.org,671-316-7190x229
38,CUS0000038,Wendy,Wilson,F,2002-06-01,Australian,yobrien@example.net,286.377.4964
39,CUS0000039,Theresa,Clark,F,1964-10-03,Japanese,donna23@example.org,+1-212-506-7974
40,CUS0000040,Dwayne,Campbell,M,1981-04-17,Malaysian,mcdanielsandra@example.net,001-336-218-3242
41,CUS0000041,Christopher,Parker,M,2001-05-12,Singaporean,scott74@example.net,(248)387-7190x6594
42,CUS0000042,Darryl,Craig,M,1989-07-15,Malaysian,keyemily@example.com,001-802-978-7429
43,CUS0000043,Tracy,Harrison,F,1978-03-08,Malaysian,manuel12@example.com,(274)968-0715x45168
44,CUS0000044,Jason,Lopez,M,1975-01-06,Singaporean,wgarrett@example.org,548.424.7710
45,CUS0000045,Emily,Smith,F,1978-02-27,Singaporean,walkermaureen@example.org,412.874.8467x737
46,CUS0000046,Cheryl,Greene,F,2001-03-07,Australian,michellehill@example.com,784-804-4997x27875
47,CUS0000047,Jordan,Morris,F,1963-03-26,Singaporean,ashleyhall@example.com,7573662702
48,CUS0000048,Shelly,Alexander,F,1986-03-09,Singaporean,jsmith@example.com,+1-921-274-5961x5865
49,CUS0000049,Luis,Young,M,1996-12-19,Japanese,wendy16@example.org,001-517-824-0050x45562
50,CUS0000050,Kylie,Sparks,F,1961-12-17,Japanese,christianpitts@example.net,+1-437-392-3747x40748
51,CUS0000051,Jessica,Reed,F,1990-05-19,Japanese,danielle64@example.com,836-671-3695x9440
52,CUS0000052,Aimee,Grimes,F,2003-05-12,Malaysian,lozanojulie@example.com,001-739-453-3942x10470
53,CUS0000053,Brandon,Phillips,M,2001-04-05,Singaporean,ithompson@example.net,(488)542-4745x171
54,CUS0000054,Shannon,Ramsey,F,1977-06-09,Indonesian,christopher60@example.com,+1-517-954-9651
55,CUS0000055,Alexander,Henson,M,1988-08-06,Indonesian,rose31@example.net,446.812.0047x113
56,CUS0000056,Jesse,Santiago,M,2000-12-18,Singaporean,umatthews@example.org,(717)796-4053x77351
57,CUS0000057,Amy,Hill,F,1958-09-16,Japanese,ndavis@example.net,+1-590-505-3293x1839
58,CUS0000058,Gary,Hernandez,M,1990-12-14,Australian,ramireztracey@example.org,+1-742-210-2053
59,CUS0000059,Carrie,Williams,F,2000-11-13,Japanese,vfox@example.org,975.289.1783x9084
60,CUS0000060,Amy,Mendoza,F,1977-09-22,Japanese,fparks@example.net,711.859.2124x998
61,CUS0000061,Wendy,Schmidt,F,1981-04-09,Japanese,sgarcia@example.org,+1-883-767-3657x6615
62,CUS0000062,Maurice,Brooks,M,1960-10-12,Indonesian,fjones@example.org,(215)628-0988x51656
63,CUS0000063,Lindsay,Bell,F,1989-09-21,Malaysian,ericolson@example.org,(285)614-9368x998
64,CUS0000064,Allen,Nelson,M,2002-04-11,Malaysian,sandra50@example.org,(896)812-0183
65,CUS0000065,Jody,Moore,F,1971-08-08,Singaporean,kimberly99@example.org,9229901476
66,CUS0000066,Jennifer,Lewis,F,1985-04-05,Indonesian,reeddaniel@example.net,+1-497-684-0369x00343
67,CUS0000067,Donna,Wilson,F,1984-03-29,Japanese,ythompson@example.net,001-738-885-1606x071
68,CUS0000068,Kenneth,Mckinney,M,1978-10-26,Japanese,darius05@example.org,+1-875-616-1369x681
69,CUS0000069,Patrick,Walker,M,2003-06-01,Malaysian,charlesschultz@example.net,435.952.3124x32921
70,CUS0000070,John,Elliott,M,1989-10-29,Singaporean,kmaldonado@example.net,+1-795-352-7177x4490
71,CUS0000071,Emily,Hayes,F,1954-04-08,Singaporean,marie11@example.net,+1-986-479-8079x359
72,CUS0000072,Tyler,Hayes,M,2005-07-31,Japanese,toni18@example.net,(703)777-8892
73,CUS0000073,Tabitha,Hughes,F,2003-02-05,Australian,erika05@example.org,818-464-4925x19254
74,CUS0000074,Kurt,Hurley,M,1971-06-18,Indonesian,vschneider@example.org,+1-581-468-5054x23573
75,CUS0000075,Brittney,Phillips,F,2004-01-10,Malaysian,romeroamber@example.net,805.792.9622x29270
76,CUS0000076,Michael,Young,M,1980-08-15,Indonesian,karen73@example.net,847.835.9774
77,CUS0000077,Vincent,Montoya,M,2004-12-02,Japanese,moniquewilliams@example.com,(881)381-4124x782
78,CUS0000078,Travis,Walker,M,1981-02-03,Indonesian,sarah60@example.com,653.961.5305x15220
79,CUS0000079,Melissa,Taylor,F,1998-05-29,Indonesian,awest@example.org,6435289861
80,CUS0000080,Eric,Williams,M,1978-12-18,Singaporean,fbrown@example.net,+1-708-593-2460
81,CUS0000081,Laura,Lopez,F,1995-11-13,Japanese,millsmichael@example.net,+1-788-680-6706
82,CUS0000082,Paul,Kelly,M,1954-12-29,Malaysian,john19@example.net,001-252-605-8527x72217
83,CUS0000083,Christina,Moody,F,1953-03-31,Singaporean,sarah86@example.net,940.834.5054x1566
84,CUS0000084,Gerald,Lopez,M,1997-06-28,Malaysian,zrichardson@example.net,716-616-9284x511
85,CUS0000085,Elizabeth,Morrison,F,1979-05-24,Malaysian,hannahbell@example.org,001-959-264-0165x8202
86,CUS0000086,Beth,Young,F,1994-04-19,Japanese,michael90@example.net,(775)857-1928
87,CUS0000087,Emily,Ramirez,F,1958-02-11,Indonesian,fitzgeraldvictor@example.com,+1-514-347-3947
88,CUS0000088,Chad,Jones,M,1962-02-22,Singaporean,zosborn@example.net,451-588-4422x58313
89,CUS0000089,Richard,Johnson,M,1988-02-05,Malaysian,tanner82@example.net,314-467-8669
90,CUS0000090,William,Day,M,1981-01-06,Japanese,wfrazier@example.org,001-789-522-6801x82422
91,CUS0000091,Gregory,Everett,M,1969-09-22,Japanese,kingcynthia@example.net,724-298-1829x922
92,CUS0000092,Roger,Johnson,M,1953-06-27,Indonesian,debra96@example.net,+1-407-984-4736x4710
93,CUS0000093,Jason,Marshall,M,1973-07-18,Indonesian,larryhiggins@example.net,(962)558-8153x714
94,CUS0000094,Charles,Williams,M,1976-07-15,Indonesian,kwright@example.com,001-953-227-8774
95,CUS0000095,Brandon,Long,M,1981-07-05,Malaysian,jasongomez@example.org,779-274-8016x2456
96,CUS0000096,James,Hudson,M,1963-08-23,Japanese,angela16@example.net,784.499.1216x558
97,CUS0000097,Curtis,Hicks,M,1984-06-04,Malaysian,williamsderrick@example.com,687.729.8259x5269
98,CUS0000098,Katie,Hicks,F,1983-09-24,Singaporean,thomas05@example.com,+1-916-494-0974x99309
99,CUS0000099,Joseph,Griffith,M,2003-02-08,Japanese,rhernandez@example.org,8915307562
100,CUS0000100,Jennifer,Hampton,F,1982-06-27,Singaporean,thorntonapril@example.net,578-565-2785x85497
101,CUS0000101,Diana,Evans,F,1970-08-25,Australian,janet75@example.com,(284)641-9866x524
102,CUS0000102,Tyler,Miller,M,1980-07-01,Indonesian,julie33@example.net,584-221-9933x083
103,CUS0000103,Brett,Rivera,M,1982-07-17,Australian,maldonadoderrick@example.net,(367)573-4540
104,CUS0000104,Kimberly,Sharp,F,1952-12-07,Australian,robertmonroe@example.org,(972)440-0499x1547
105,CUS0000105,Sarah,Mcdonald,F,1963-07-08,Australian,riverajessica@example.net,720-354-9329x668
106,CUS0000106,James,Davis,M,1959-12-18,Indonesian,pmorris@example.org,563-274-5499x045
107,CUS0000107,Michael,Marshall,M,1961-04-06,Australian,tparks@example.com,001-714-859-3327x279
108,CUS0000108,Mia,Durham,F,2001-12-07,Indonesian,kathleenbecker@example.net,587-485-1910
109,CUS0000109,Christopher,Bond,M,1980-06-18,Singaporean,frazierjennifer@example.com,287-907-2867
110,CUS0000110,Michael,Parker,M,1951-11-17,Japanese,ascott@example.net,391.906.5180
111,CUS0000111,Amanda,Ortiz,F,2002-09-21,Singaporean,katiegood@example.net,(456)576-6182x51286
112,CUS0000112,Sandy,Avila,F,1970-09-12,Singaporean,inunez@example.com,+1-363-237-5243
113,CUS0000113,Rhonda,Barnes,F,2002-07-11,Australian,allencarlos@example.net,5792030673
114,CUS0000114,Charles,Holder,M,1966-05-01,Indonesian,barbara53@example.com,(483)864-4089
115,CUS0000115,Kristi,Williams,F,1973-10-31,Japanese,ufloyd@example.net,(862)846-2873x34270
116,CUS0000116,Justin,Anderson,M,1966-12-03,Indonesian,james17@example.com,383-504-6990
117,CUS0000117,Robert,Matthews,M,1996-02-01,Indonesian,timothybooth@example.com,603-831-7393x6385
118,CUS0000118,John,Wong,M,1971-05-20,Singaporean,michael77@example.org,001-875-635-5609x3204
119,CUS0000119,Brittany,Rivera,F,1976-03-29,Australian,victorpena@example.net,247-377-2522x87280
120,CUS0000120,Theresa,Barnett,F,2002-05-29,Singaporean,gutierrezmegan@example.org,920-938-7509
121,CUS0000121,Alexis,Patel,F,1978-05-21,Indonesian,smithjennifer@example.net,608-762-1182x3398
122,CUS0000122,Derek,Sanders,M,1975-10-13,Australian,pstevens@example.net,941.201.6668
123,CUS0000123,Mark,Warner,M,1956-01-09,Australian,pbruce@example.com,001-218-303-3974
124,CUS0000124,Melinda,Ramirez,F,1987-05-08,Australian,whitemelissa@example.org,892.761.4293
125,CUS0000125,Janet,Singh,F,2004-03-09,Australian,masonterri@example.org,763-215-9996
126,CUS0000126,Madison,Bowers,F,1981-01-20,Singaporean,jperez@example.com,(829)761-9431x14262
127,CUS0000127,Isaac,Davis,M,1971-05-17,Malaysian,rward@example.org,(312)267-8886
128,CUS0000128,Brandon,Spencer,M,1991-01-06,Indonesian,michelle04@example.com,(918)439-8262x2444
129,CUS0000129,Arthur,Hamilton,M,1979-01-19,Malaysian,todd15@example.com,279.893.7124
130,CUS0000130,Gary,Oliver,M,2005-02-10,Indonesian,scott69@example.org,759-837-5265x4793
131,CUS0000131,Diana,Hartman,F,1975-03-27,Japanese,frederickjames@example.net,(980)473-7416
132,CUS0000132,Mark,Allen,M,1995-03-21,Indonesian,jennifermccormick@example.org,397.396.8868x058
133,CUS0000133,Randy,Sandoval,M,1974-07-21,Singaporean,deborahwilliams@example.net,+1-565-961-0143x88899
134,CUS0000134,James,Ford,M,1996-08-21,Japanese,michaeljohnson@example.org,961-312-5457x3875
135,CUS0000135,Jeffrey,Horton,M,1972-02-05,Singaporean,evanslisa@example.org,7518238282
136,CUS0000136,Tina,Hall,F,1977-12-16,Indonesian,jacobsandoval@example.com,5936796603
137,CUS0000137,Paul,Stokes,M,1954-08-27,Japanese,lloydamanda@example.com,737-714-7859x69691
138,CUS0000138,Ryan,Williamson,M,2005-10-08,Japanese,samantha91@example.net,(851)834-1252
139,CUS0000139,Kyle,Andrews,M,1979-03-08,Australian,tommymedina@example.net,(282)774-2257
140,CUS0000140,Tiffany,Washington,F,1963-09-03,Malaysian,gmaynard@example.net,667.567.7219x0340
141,CUS0000141,Joshua,Jackson,M,1981-07-07,Malaysian,hdunn@example.net,848-358-0783
142,CUS0000142,Noah,Valdez,M,1967-03-29,Malaysian,nancy07@example.com,(417)513-3959x629
143,CUS0000143,Robin,Trujillo,F,1989-03-10,Singaporean,amanda98@example.org,444-794-8126x04223
144,CUS0000144,Sandra,Juarez,F,1996-05-30,Australian,kburns@example.net,766-271-1684x577
145,CUS0000145,Sheila,Boone,F,1956-09-25,Indonesian,sreid@example.com,686-736-3745
146,CUS0000146,Joshua,Anderson,M,1983-06-04,Australian,patricia00@example.org,+1-670-312-7706x3242
147,CUS0000147,Matthew,Wright,M,1975-09-13,Indonesian,brettgarrett@example.net,001-936-211-0371x293
148,CUS0000148,Adam,Cooper,M,1958-08-08,Japanese,ebenson@example.org,861.411.5542
149,CUS0000149,Margaret,Byrd,F,1955-01-19,Singaporean,bishopfrank@example.com,001-732-869-7311x2196
150,CUS0000150,Emily,Taylor,F,1969-03-30,Indonesian,wrightcarolyn@example.net,+1-540-943-8983x640
151,CUS0000151,James,Allen,M,1993-10-25,Malaysian,ricetiffany@example.com,626-596-5827x10910
152,CUS0000152,Amanda,Brown,F,2004-02-08,Singaporean,ohunter@example.net,566.461.8892x41418
153,CUS0000153,Kimberly,Myers,F,1993-07-23,Japanese,collinssamuel@example.org,6314617990
154,CUS0000154,Barbara,Zimmerman,F,1998-02-17,Japanese,martinstephanie@example.net,342.952.4105x64814
155,CUS0000155,Jesse,Ward,M,1984-05-23,Japanese,michaelscott@example.org,001-913-780-0030
156,CUS0000156,Janet,Hernandez,F,1952-10-19,Indonesian,pwalker@example.com,001-854-319-5180x2380
157,CUS0000157,Shawn,Cline,M,2003-01-13,Malaysian,mark87@example.org,(534)494-9375x973
158,CUS0000158,Aaron,Ortiz,M,1966-04-02,Indonesian,cynthia05@example.org,001-564-813-8367x02410
159,CUS0000159,Michael,Watson,M,2001-04-16,Malaysian,carpenterwilliam@example.net,(719)990-6234x4565
160,CUS0000160,Denise,Jones,F,1964-03-10,Japanese,kimberlyrichards@example.org,527-975-6185
161,CUS0000161,Eric,Baker,M,1958-07-22,Malaysian,mooregina@example.net,001-690-635-2135x680
162,CUS0000162,Robert,Thompson,M,1977-11-30,Malaysian,jhawkins@example.org,571-821-0032
163,CUS0000163,Jacqueline,Mccoy,F,1994-04-07,Malaysian,aguilarjonathan@example.org,9132721510
164,CUS0000164,Christopher,Berry,M,2006-04-24,Indonesian,ycrawford@example.net,(625)932-4472x09993
165,CUS0000165,Jennifer,Pierce,F,1954-07-18,Malaysian,ramirezderrick@example.org,+1-783-880-6578x7598
166,CUS0000166,Devin,Johnson,M,1991-01-11,Indonesian,anthonycochran@example.com,5786593213
167,CUS0000167,Kimberly,Moody,F,2000-07-20,Singaporean,gallagherstacie@example.net,(452)523-9559x0599
168,CUS0000168,Sara,Cochran,F,1983-11-22,Singaporean,gregory01@example.org,593.408.7059
169,CUS0000169,Gina,Thompson,F,2004-12-31,Japanese,brian29@example.net,(718)651-5691
170,CUS0000170,Erica,Daugherty,F,2000-03-25,Japanese,fconner@example.net,828-295-3926x44220
171,CUS0000171,Christopher,Flores,M,2005-06-08,Indonesian,daniellegarcia@example.com,(951)235-5215
172,CUS0000172,Derek,Wright,M,1955-01-04,Singaporean,jonathan10@example.org,(576)426-7658x6179
173,CUS0000173,Jerry,Lloyd,M,1952-09-01,Malaysian,andrew41@example.org,826-421-8159x97062
174,CUS0000174,Anthony,Rivera,M,1963-04-29,Australian,uterry@example.net,+1-944-443-1069
175,CUS0000175,Anthony,Smith,M,1956-05-11,Indonesian,madison97@example.org,803-924-1714
176,CUS0000176,Katherine,Guerrero,F,1956-08-06,Malaysian,ylopez@example.com,(270)447-7434
177,CUS0000177,Paul,Contreras,M,1956-03-24,Malaysian,lindsey69@example.org,+1-906-686-8793
178,CUS0000178,Blake,Orr,M,1999-01-02,Singaporean,shawrachel@example.net,+1-592-417-2233x20616
179,CUS0000179,Roy,Scott,M,1999-11-16,Malaysian,millerangela@example.net,348-370-9986x16229
180,CUS0000180,Kristine,Garcia,F,1969-11-11,Japanese,natalie46@example.net,899.770.2462x9960
181,CUS0000181,Michael,Williams,M,1982-09-25,Singaporean,penny05@example.com,547-913-2475x4691
182,CUS0000182,Daniel,Holloway,M,2000-10-25,Singaporean,xmalone@example.org,521.248.6289x02330
183,CUS0000183,Joyce,Hull,F,1998-05-06,Indonesian,joshuacolon@example.net,(710)435-7972x7985
184,CUS0000184,Ryan,Green,M,2006-12-08,Malaysian,mitchellpaul@example.org,001-233-933-4680
185,CUS0000185,Susan,Holland,F,1991-04-21,Singaporean,walkercharlene@example.com,001-846-365-7437x489
186,CUS0000186,Adrienne,Key,F,2007-10-12,Singaporean,anna99@example.com,517-215-4544x4328
187,CUS0000187,Robert,Lang,M,1991-03-24,Australian,rguerrero@example.org,001-507-944-6660x9935
188,CUS0000188,Terry,Powers,M,1984-12-01,Australian,megan82@example.com,772-548-2513
189,CUS0000189,Patrick,Parker,M,2004-01-10,Singaporean,nathan94@example.com,370-899-9173
190,CUS0000190,Kendra,Gutierrez,F,1960-08-27,Malaysian,victoriacooper@example.net,625.521.7525x007
191,CUS0000191,Paige,Jackson,F,2002-06-02,Singaporean,tracygallagher@example.org,(296)566-6760
192,CUS0000192,Nicholas,Dodson,M,1972-04-27,Indonesian,andrewsmith@example.net,635.442.1689
193,CUS0000193,Austin,Williams,M,1970-03-09,Australian,mluna@example.net,262-457-5326x03323
194,CUS0000194,Barbara,Dawson,F,2004-04-19,Malaysian,brooksdanielle@example.net,+1-609-901-0016x761
195,CUS0000195,Michael,Harris,M,1997-01-22,Malaysian,turnerdorothy@example.net,549.592.6189x14117
196,CUS0000196,Paula,Decker,F,1964-02-13,Japanese,jade42@example.org,+1-373-975-3001
197,CUS0000197,Brittany,Davis,F,1985-03-20,Japanese,cummingscraig@example.com,+1-837-344-7012x0455
198,CUS0000198,Anna,Chang,F,1953-07-08,Indonesian,christianelizabeth@example.org,857-994-1552x16674
199,CUS0000199,Robert,Banks,M,2004-08-16,Malaysian,danielhorton@example.org,(816)797-9729
200,CUS0000200,Logan,Huffman,M,2007-06-16,Japanese,timothyfreeman@example.com,301.845.0899x358
201,CUS0000201,Mary,Wright,F,1973-12-03,Indonesian,jhernandez@example.net,7025877217
202,CUS0000202,Gary,Ramirez,M,1984-11-21,Japanese,andreagray@example.org,377-997-1775
203,CUS0000203,Nichole,Smith,F,1977-11-06,Malaysian,jjohnson@example.org,799-248-8375
204,CUS0000204,Ruth,Richard,F,1972-12-26,Australian,xmoran@example.net,211.430.5548x851
205,CUS0000205,Johnathan,Underwood,M,2000-12-03,Australian,nrodriguez@example.org,216.337.3516
206,CUS0000206,Raymond,Hayes,M,1995-03-16,Malaysian,tamarasmith@example.net,4863978292
207,CUS0000207,James,Burke,M,1972-04-18,Australian,mbarnes@example.net,001-734-565-4722x69848
208,CUS0000208,Curtis,Weber,M,1970-03-03,Japanese,samantha22@example.net,+1-651-858-7996
209,CUS0000209,Robert,Mills,M,1952-02-12,Malaysian,qthomas@example.org,242.744.2043
210,CUS0000210,Robin,Garcia,F,1996-05-13,Indonesian,juliahoffman@example.org,540.766.6580x04397
211,CUS0000211,Nicole,Payne,F,1991-06-16,Japanese,kimberlybrandt@example.com,621.422.8160x648
212,CUS0000212,Candace,Singleton,F,1950-10-12,Indonesian,steven20@example.org,390-494-7985x15832
213,CUS0000213,Jennifer,Herrera,F,1956-08-26,Japanese,jeffrey35@example.com,(543)298-7801x573
214,CUS0000214,Melanie,Flores,F,2004-07-29,Australian,cruzamber@example.com,5857887704
215,CUS0000215,Kayla,Vaughan,F,1961-10-14,Australian,simsjason@example.net,001-336-213-8612x07501
216,CUS0000216,Cassandra,King,F,1955-03-10,Japanese,rhondarussell@example.com,+1-366-750-6180x9190
217,CUS0000217,Timothy,Rodriguez,M,2003-12-11,Singaporean,catherine47@example.com,(207)428-3268x4245
218,CUS0000218,Barbara,Smith,F,1990-12-30,Australian,fmedina@example.com,653.568.2223
219,CUS0000219,Brian,Lambert,M,1988-12-31,Japanese,yorksarah@example.net,481.541.4139x755
220,CUS0000220,Ariel,Harvey,F,1963-07-25,Australian,todd59@example.net,892-699-5562x0533
221,CUS0000221,Ryan,Taylor,M,2000-04-10,Malaysian,natalie77@example.com,001-347-281-2914x28341
222,CUS0000222,Sarah,Welch,F,2005-09-11,Singaporean,nhammond@example.org,+1-648-487-2563
223,CUS0000223,Julie,Dixon,F,1977-05-25,Japanese,wayne39@example.net,(982)772-2992
224,CUS0000224,Amanda,Juarez,F,1966-03-02,Australian,bakerjim@example.net,385.667.7005
225,CUS0000225,Sandy,Baker,F,1987-06-09,Australian,nicholasgray@example.net,+1-218-446-3865x5779
226,CUS0000226,Jeremiah,Hall,M,1985-05-29,Japanese,jason22@example.com,+1-813-265-1777x392
227,CUS0000227,Dana,Anderson,F,1990-09-14,Singaporean,dennishunt@example.net,(202)642-8699
228,CUS0000228,Travis,Robinson,M,1991-09-02,Malaysian,kdillon@example.org,(592)892-9842x57991
229,CUS0000229,Janice,Rodriguez,F,1964-03-01,Indonesian,mserrano@example.org,(979)490-8811
230,CUS0000230,Steven,Ryan,M,1950-06-23,Malaysian,xboyd@example.org,001-686-937-6599x162
231,CUS0000231,Ralph,Kent,M,1956-02-06,Singaporean,carmen86@example.com,500.798.1806
232,CUS0000232,Jason,Rodriguez,M,1979-05-23,Indonesian,jose86@example.net,(994)663-6887x258
233,CUS0000233,William,Lane,M,2003-01-29,Singaporean,qfitzgerald@example.org,001-837-221-3865x8902
234,CUS0000234,Regina,Morrow,F,1982-06-29,Japanese,qdavis@example.org,(919)906-6984x902
235,CUS0000235,Adam,Jefferson,M,2005-02-06,Australian,james98@example.net,001-739-820-5302x146
236,CUS0000236,Jennifer,Gonzalez,F,1951-06-10,Japanese,calhounandrea@example.net,+1-895-254-3937
237,CUS0000237,Dean,Russell,M,1957-08-22,Australian,gordonmatthew@example.org,248.994.7697x35779
238,CUS0000238,Audrey,Jones,F,1993-07-07,Australian,ericahall@example.com,(958)780-4341x65182
239,CUS0000239,Hayden,Shannon,M,1968-09-14,Singaporean,staceyvega@example.org,333.334.3333x9521
240,CUS0000240,Michael,Alvarado,M,1992-03-01,Indonesian,duranamber@example.org,459.257.9472x8463
241,CUS0000241,Kelly,Henderson,F,1987-03-12,Singaporean,shawphillip@example.net,001-727-618-7500x36915
242,CUS0000242,Cody,Baker,M,1968-09-23,Japanese,vmullen@example.com,(976)436-5564
243,CUS0000243,Laura,Krause,F,1997-01-28,Indonesian,lisale@example.org,+1-866-932-2702
244,CUS0000244,Chad,Barry,M,1993-04-23,Indonesian,kristen44@example.net,001-306-912-0347
245,CUS0000245,Natasha,Green,F,1974-11-30,Singaporean,maurice61@example.com,+1-893-699-8245x58771
246,CUS0000246,Julie,Frye,F,1961-10-19,Japanese,robert99@example.com,812-653-5544
247,CUS0000247,Stacy,Norman,F,1975-02-09,Australian,lgutierrez@example.org,(334)913-2611
248,CUS0000248,Kimberly,Johnson,F,1977-05-30,Japanese,garciachristine@example.org,+1-764-733-4722x8200
249,CUS0000249,Sharon,Mcdonald,F,1987-03-08,Singaporean,amy28@example.org,001-997-596-8845
250,CUS0000250,Regina,Ramos,F,1975-04-15,Australian,tgreen@example.org,9826547807
251,CUS0000251,Alexa,Jordan,F,1970-04-30,Singaporean,laurakelley@example.org,(686)663-2663x41638
252,CUS0000252,Mariah,Patel,F,1968-09-08,Japanese,elopez@example.org,(541)779-7497
253,CUS0000253,Alicia,Williams,F,1986-10-19,Singaporean,lopezcurtis@example.com,(770)831-2073
254,CUS0000254,Emily,Lloyd,F,1975-09-02,Australian,cterry@example.com,520-646-1872
255,CUS0000255,Robert,Clayton,M,1958-09-11,Malaysian,paulproctor@example.org,001-303-671-8376x4520
256,CUS0000256,John,Evans,M,1974-12-03,Malaysian,boyerjeff@example.org,565.202.4916
257,CUS0000257,Tracy,Perkins,F,1997-05-26,Malaysian,jbarker@example.com,001-413-927-1950x05281
258,CUS0000258,David,Holden,M,2004-01-21,Singaporean,linda73@example.org,001-565-424-0778x487
259,CUS0000259,Joshua,Morris,M,1982-04-09,Singaporean,mikayla98@example.org,282-874-4857
260,CUS0000260,Morgan,Andrade,F,1992-07-26,Singaporean,kimberly35@example.net,686-738-7829
261,CUS0000261,Jason,Morris,M,1956-12-11,Indonesian,williamssharon@example.org,9316731096
262,CUS0000262,Amber,Walker,F,1999-03-31,Australian,smithsamantha@example.net,317.605.8650x9480
263,CUS0000263,Angela,Lewis,F,1985-09-29,Japanese,garciajerry@example.com,338.739.2886
264,CUS0000264,Megan,Park,F,1979-06-17,Australian,jacksonhenry@example.com,552.589.7558x55665
265,CUS0000265,James,Pierce,M,2001-01-23,Singaporean,michael77@example.com,6045908240
266,CUS0000266,Cindy,Edwards,F,2002-11-24,Australian,samantha88@example.net,001-721-507-5224
267,CUS0000267,David,Shepherd,M,1956-08-25,Japanese,ncarroll@example.net,257-827-9194
268,CUS0000268,Angela,Brown,F,2002-11-08,Australian,michael66@example.org,001-539-406-0480x58925
269,CUS0000269,Anthony,Dennis,M,1977-02-17,Malaysian,kmullins@example.net,936-246-2251
270,CUS0000270,Kimberly,Baker,F,1977-07-07,Australian,iayala@example.org,683.876.9389x8331
271,CUS0000271,Erica,Glass,F,1956-06-28,Japanese,powersrodney@example.com,955.490.4259
272,CUS0000272,Jeremiah,Glass,M,1966-04-14,Australian,ginamoore@example.net,310-639-2405
273,CUS0000273,Jerry,Johnson,M,1964-08-13,Malaysian,jamesmills@example.com,+1-679-420-6980
274,CUS0000274,Amy,Gonzalez,F,1997-10-17,Australian,brian01@example.com,+1-345-410-4636x81579
275,CUS0000275,Cristian,Rasmussen,M,1988-07-19,Australian,williamssandra@example.com,876-220-5554x38404
276,CUS0000276,Terry,Avery,F,1965-09-29,Australian,matthewlong@example.org,868-693-6392
277,CUS0000277,Theodore,Murphy,M,1987-04-18,Australian,jamietaylor@example.net,+1-332-448-2629x25188
278,CUS0000278,Evan,Hobbs,M,1999-11-15,Japanese,cannonnicole@example.com,(547)542-3122x09949
279,CUS0000279,David,Johnson,M,1955-10-21,Australian,manderson@example.com,001-252-667-7223x306
280,CUS0000280,Travis,Walker,M,1996-01-30,Indonesian,katherinejones@example.com,+1-275-373-6609x656
281,CUS0000281,Jocelyn,Wilcox,F,1953-04-13,Singaporean,aprilfoster@example.net,6866803476
282,CUS0000282,Julia,Henderson,F,1992-02-13,Singaporean,vaughnrebecca@example.com,+1-271-481-2982x6657
283,CUS0000283,Jesse,Mosley,M,1964-02-20,Malaysian,udavis@example.net,+1-821-811-7518x6892
284,CUS0000284,Amanda,Jackson,F,1973-03-16,Malaysian,fernandothomas@example.net,5642474212
285,CUS0000285,Marcus,King,M,1981-08-09,Australian,ifoley@example.org,+1-273-539-7767x199
286,CUS0000286,Sonia,Ramirez,F,1993-03-04,Malaysian,brandonhernandez@example.net,(402)409-9451x016
287,CUS0000287,Megan,Carr,F,1997-06-14,Malaysian,tammycurry@example.com,3146556168
288,CUS0000288,Kaitlin,Martinez,F,1969-01-25,Malaysian,alison83@example.net,690.819.8179
289,CUS0000289,Lee,Stewart,M,1986-02-23,Australian,sara99@example.com,877.829.3430x10713
290,CUS0000290,Angel,Bailey,M,2005-03-31,Japanese,alexharris@example.com,214-448-8501x556
291,CUS0000291,Cory,Bass,M,1996-02-27,Malaysian,zhendricks@example.org,+1-727-227-8576x0849
292,CUS0000292,Daniel,Jennings,M,2004-10-20,Indonesian,carl24@example.org,868-329-9629x14504
293,CUS0000293,Jonathan,Young,M,1981-02-23,Indonesian,javier42@example.org,(903)617-8078x235
294,CUS0000294,Reginald,Thomas,M,1957-01-30,Singaporean,jamiejohnson@example.com,001-681-204-0915x701
295,CUS0000295,Kenneth,Collins,M,1964-09-03,Japanese,james44@example.net,771-742-2410x98813
296,CUS0000296,Devin,Harding,M,2005-02-08,Singaporean,audrey21@example.com,+1-358-870-2070x160
297,CUS0000297,James,Bush,M,1990-09-25,Australian,tjensen@example.com,981.679.2171
298,CUS0000298,Michael,Mckinney,M,1982-01-24,Japanese,ohall@example.org,+1-345-762-5577x017
299,CUS0000299,John,Singleton,M,1969-08-08,Australian,cassandra28@example.org,(515)481-4876x9639
300,CUS0000300,Valerie,Reyes,F,1973-07-31,Malaysian,lisagarza@example.com,001-958-732-1971
301,CUS0000301,Justin,Short,M,1962-05-20,Japanese,stephanie19@example.org,+1-696-857-0132x90227
302,CUS0000302,Luis,West,M,1964-05-22,Singaporean,kevin46@example.net,(219)209-8624x058
303,CUS0000303,Michele,Hoover,F,1974-11-04,Indonesian,callahanmichelle@example.org,(896)756-6668x32723
304,CUS0000304,Ryan,Moore,M,1995-12-29,Malaysian,dennisjones@example.org,(876)421-2679
305,CUS0000305,Jordan,Coleman,F,2006-03-14,Australian,ocruz@example.org,(990)797-3846x89500
306,CUS0000306,Brian,Olson,M,1997-05-20,Indonesian,thomasjessica@example.com,281.789.1371x894
307,CUS0000307,Joseph,Smith,M,1981-04-17,Indonesian,vberry@example.com,(444)220-9494x079
308,CUS0000308,Mary,Carter,F,2000-07-28,Japanese,mitchellchristopher@example.net,344-429-4440
309,CUS0000309,Thomas,Stevenson,M,1995-04-02,Japanese,lwood@example.com,001-837-828-0512x927
310,CUS0000310,David,Alexander,M,1993-10-13,Malaysian,jasonnavarro@example.com,9415027674
311,CUS0000311,Jamie,Thornton,F,1982-09-09,Malaysian,dustin60@example.com,665.680.1856x945
312,CUS0000312,Robert,Scott,M,1990-02-23,Japanese,rmurray@example.net,293.385.2580
313,CUS0000313,Alexandra,Davis,F,1957-06-19,Indonesian,ubell@example.com,330-409-1093x911
314,CUS0000314,Jamie,Gallagher,F,1994-06-26,Australian,pauladominguez@example.com,871-774-6542x1406
315,CUS0000315,Zachary,Scott,M,2005-09-15,Australian,gregory17@example.org,+1-662-371-2863x917
316,CUS0000316,Amanda,Jones,F,1999-11-27,Australian,kimberly07@example.org,+1-800-864-2569x0877
317,CUS0000317,Ryan,Norman,M,2003-11-03,Australian,fernandezaaron@example.net,001-371-998-5546x01585
318,CUS0000318,Philip,Roberts,M,1964-03-20,Japanese,angelaponce@example.net,446.215.7173
319,CUS0000319,Cheryl,Cortez,F,1990-09-29,Japanese,tracybrown@example.net,+1-547-987-0050x5061
320,CUS0000320,Teresa,Berg,F,1986-11-28,Australian,joycehall@example.org,2274079032
321,CUS0000321,Mackenzie,Conway,F,2006-03-31,Japanese,bryantgeorge@example.net,811-779-9313
322,CUS0000322,Robin,Hendrix,F,1996-07-23,Malaysian,rnguyen@example.net,+1-325-630-9251
323,CUS0000323,Charles,Perry,M,1997-10-11,Indonesian,angela73@example.net,2212962071
324,CUS0000324,Cassie,Davis,F,1994-09-30,Australian,robert72@example.org,(448)976-3290
325,CUS0000325,Logan,Miller,M,2006-08-21,Australian,michael08@example.org,918.519.5883
326,CUS0000326,Destiny,Lee,F,2004-08-08,Malaysian,ginaschmitt@example.com,222.300.5436x4597
327,CUS0000327,Patrick,Buckley,M,1962-05-13,Australian,kristenwashington@example.org,537-399-5635
328,CUS0000328,Erika,Garcia,F,2000-08-06,Singaporean,ykane@example.org,979-470-6239
329,CUS0000329,Jasmine,Taylor,F,1999-05-19,Singaporean,crystalcantrell@example.org,620-490-4217x76253
330,CUS0000330,Rachel,Little,F,1992-01-04,Malaysian,belindatran@example.org,268-873-9774
331,CUS0000331,Nancy,Wright,F,1972-08-31,Malaysian,lriley@example.org,001-806-900-7806
332,CUS0000332,Rhonda,Horton,F,1957-01-23,Japanese,fsimpson@example.net,001-206-932-5431x07427
333,CUS0000333,John,Taylor,M,1998-03-30,Japanese,xlopez@example.net,501.365.8046x498
334,CUS0000334,Marc,Rogers,M,1954-02-15,Indonesian,pamela16@example.com,590.355.2818x325
335,CUS0000335,Matthew,Mclaughlin,M,2001-08-02,Australian,karenhodges@example.com,(348)964-0155x778
336,CUS0000336,Michelle,Gregory,F,1986-08-28,Japanese,shannon51@example.org,911.462.4112x412
337,CUS0000337,Shaun,Meyer,M,1993-01-30,Australian,cartertara@example.net,(275)567-0431
338,CUS0000338,Sandy,Stone,F,1973-04-02,Australian,plane@example.net,979-788-7749x24243
339,CUS0000339,Wesley,Carrillo,M,1953-08-13,Indonesian,michaelbryant@example.org,+1-428-942-2223x105
340,CUS0000340,Debbie,Lopez,F,1988-09-02,Singaporean,wadetiffany@example.org,(778)428-4106x727
341,CUS0000341,April,Rodgers,F,1984-12-03,Singaporean,deborah47@example.com,001-892-597-5170x28140
342,CUS0000342,Jill,Davis,F,1954-02-20,Japanese,brandywalker@example.com,901.787.1863
343,CUS0000343,Lindsey,Hunt,F,1954-03-18,Australian,raymond65@example.com,(904)655-4781x376
344,CUS0000344,Carla,Luna,F,1979-03-28,Australian,ltaylor@example.net,823-347-8519
345,CUS0000345,Adriana,Fowler,F,1968-12-29,Malaysian,dthompson@example.net,001-623-626-4870
346,CUS0000346,Kathleen,Singh,F,1965-09-03,Malaysian,moodyeric@example.com,+1-771-946-2730x1471
347,CUS0000347,Krystal,Oneill,F,1993-02-16,Malaysian,hmccann@example.com,690.742.9025x72520
348,CUS0000348,Jason,Barr,M,1974-08-15,Indonesian,robertsalyssa@example.org,732.419.2855x44518
349,CUS0000349,Adam,Holmes,M,1975-10-12,Malaysian,kjenkins@example.org,328.833.8988
350,CUS0000350,Joe,Jones,M,2006-02-12,Japanese,sandramendoza@example.com,001-452-479-8524x013
351,CUS0000351,Michael,Parker,M,1964-09-03,Singaporean,tinacoleman@example.org,207-960-3108
352,CUS0000352,Bryan,King,M,1954-11-26,Australian,elizabeth11@example.net,793.725.0124
353,CUS0000353,Caitlyn,Mason,F,1999-12-22,Japanese,williamjones@example.net,001-408-933-4280x13875
354,CUS0000354,Megan,Rodriguez,F,2007-03-14,Indonesian,tina63@example.net,961.751.7182
355,CUS0000355,Michael,Hawkins,M,1953-02-27,Malaysian,murphydarrell@example.com,794.473.8646x317
356,CUS0000356,Adam,Craig,M,1996-02-18,Malaysian,sandersalexandra@example.net,712-566-9121
357,CUS0000357,George,Larson,M,1977-11-27,Malaysian,hallroger@example.com,499-946-5796x784
358,CUS0000358,Brian,King,M,1984-03-26,Japanese,courtneytaylor@example.org,001-301-370-2695x2499
359,CUS0000359,Matthew,Meyer,M,1983-11-21,Malaysian,qharris@example.com,784.885.8800x6167
360,CUS0000360,Jeremy,Johnson,M,1962-06-07,Indonesian,nicole27@example.com,(946)971-9788
361,CUS0000361,Kristina,Moore,F,1954-03-10,Singaporean,lbaker@example.com,+1-254-750-0902x559
362,CUS0000362,Jamie,Patterson,F,1974-09-18,Indonesian,qbell@example.org,434.291.1415
363,CUS0000363,Joshua,Johnson,M,1995-02-26,Japanese,abradley@example.com,3799056965
364,CUS0000364,Ariel,Leonard,F,1973-04-04,Australian,wshaw@example.net,629-845-6371x83440
365,CUS0000365,Regina,Weber,F,1956-08-26,Australian,vargasjoshua@example.net,876.635.1484x68536
366,CUS0000366,Lori,Chavez,F,2002-05-07,Singaporean,nicoleburton@example.net,(297)537-4896
367,CUS0000367,Jackson,Hernandez,M,1960-08-20,Malaysian,megan65@example.org,+1-536-244-2493x6312
368,CUS0000368,Danielle,Wilcox,F,1981-12-24,Indonesian,bcastro@example.com,+1-203-224-2044x8207
369,CUS0000369,Scott,Miller,M,1991-05-02,Australian,michelle65@example.net,+1-316-523-1981x89847
370,CUS0000370,Linda,Mejia,F,1971-09-21,Indonesian,marisa63@example.com,221.923.4764
371,CUS0000371,Joseph,Lyons,M,1958-01-30,Singaporean,amy73@example.com,(557)654-0900
372,CUS0000372,Juan,Parker,M,1998-01-26,Japanese,rebecca18@example.org,760.864.4134x327
373,CUS0000373,Rachel,Hill,F,1955-11-05,Indonesian,aruiz@example.com,001-961-224-8156x985
374,CUS0000374,Philip,Davidson,M,1962-11-24,Indonesian,igibbs@example.org,(734)959-1123x8296
375,CUS0000375,Karen,Moss,F,1968-02-19,Japanese,graceserrano@example.com,216.252.6693
376,CUS0000376,Thomas,Holland,M,1993-01-13,Japanese,rebeccamccann@example.org,320-269-6942x152
377,CUS0000377,Michelle,Graham,F,1981-04-08,Australian,twilson@example.org,544.676.2639
378,CUS0000378,Monica,Lopez,F,1962-09-02,Malaysian,bsparks@example.com,739-873-5971x072
379,CUS0000379,Melissa,Reeves,F,1998-08-09,Malaysian,qfitzgerald@example.org,280-205-3759
380,CUS0000380,David,Harvey,M,1970-12-24,Japanese,ilambert@example.net,4923428757
381,CUS0000381,Evan,Moreno,M,1960-01-17,Singaporean,darryl02@example.com,956-444-9485x625
382,CUS0000382,Justin,Livingston,M,1993-09-20,Malaysian,jbrown@example.org,920.274.2761
383,CUS0000383,Jeremy,Zhang,M,1988-07-24,Singaporean,hellis@example.net,(615)513-4228
384,CUS0000384,Kevin,Bonilla,M,1986-03-11,Singaporean,robertjones@example.com,+1-915-904-1659x15201
385,CUS0000385,Jesse,Moses,M,1990-10-31,Singaporean,riverabradley@example.net,859.323.0450x189
386,CUS0000386,James,Thompson,M,2002-11-08,Australian,ndavis@example.org,(764)521-4764x9251
387,CUS0000387,Katherine,Mcclure,F,1982-10-25,Japanese,anna61@example.com,(992)366-1085x732
388,CUS0000388,Donna,Kim,F,2004-12-09,Malaysian,ievans@example.net,838-864-9081x0818
389,CUS0000389,Brandon,Guerrero,M,1989-01-29,Singaporean,michael91@example.net,6177226016
390,CUS0000390,Laurie,Gibson,F,1996-01-03,Malaysian,qhanson@example.com,(232)219-4168
391,CUS0000391,Jennifer,Smith,F,1995-01-09,Indonesian,zstevens@example.net,001-597-349-9564x1220
392,CUS0000392,Robert,Horton,M,1963-03-16,Malaysian,clarkdeborah@example.net,868.231.4727
393,CUS0000393,Bruce,Barrera,M,2000-09-01,Australian,emaynard@example.org,893.934.9605x016
394,CUS0000394,Omar,Larson,M,1988-02-12,Japanese,benjamin67@example.net,001-797-330-8069
395,CUS0000395,Derek,Wong,M,1982-08-09,Singaporean,simpsonsheila@example.com,760.924.3757x383
396,CUS0000396,Bonnie,Carter,F,1998-10-21,Singaporean,rmoyer@example.net,001-957-329-3417x2232
397,CUS0000397,Ricky,Hahn,M,1983-12-29,Indonesian,jimmy80@example.org,(545)322-8015x619
398,CUS0000398,Justin,Tucker,M,1973-07-21,Malaysian,kayla84@example.org,001-289-310-7711x991
399,CUS0000399,Carol,Wilson,F,1964-05-15,Australian,eric47@example.net,712.655.2137x6037
400,CUS0000400,Jonathan,Miller,M,1975-09-27,Australian,qward@example.org,(786)232-6667
401,CUS0000401,Jessica,Carrillo,F,1999-03-25,Australian,millerleroy@example.org,(706)202-9084x66845
402,CUS0000402,Samantha,Mccullough,F,1991-12-07,Japanese,isabellagriffin@example.org,+1-299-775-6341
403,CUS0000403,Jean,Higgins,F,1958-12-20,Australian,jason88@example.com,752.600.8943x46810
404,CUS0000404,Mark,Gomez,M,1953-08-23,Japanese,westashley@example.org,453.899.8935x449
405,CUS0000405,Joseph,Wright,M,1972-09-14,Australian,mackenzieward@example.org,(566)911-0627
406,CUS0000406,Angela,Rhodes,F,1977-10-20,Japanese,lwiggins@example.com,+1-367-576-2282x7728
407,CUS0000407,Joy,Johnson,F,1961-01-25,Indonesian,sandra19@example.com,715-694-0821
408,CUS0000408,William,Turner,M,1983-06-18,Singaporean,moodydouglas@example.net,(904)643-2701x85106
409,CUS0000409,Keith,Mccullough,M,2003-07-26,Malaysian,ualvarez@example.net,(828)877-7251
410,CUS0000410,David,Foster,M,1987-03-18,Singaporean,rubiopamela@example.net,212-509-4818x139
411,CUS0000411,Nicole,Shaw,F,1951-08-31,Japanese,barrettamanda@example.org,933-297-1895x690
412,CUS0000412,Gina,White,F,1952-01-12,Malaysian,patrick11@example.org,+1-824-422-4124
413,CUS0000413,Anthony,Woodward,M,1962-09-29,Japanese,reeveskenneth@example.org,826-354-6103x39937
414,CUS0000414,Debra,Flores,F,1988-01-13,Australian,bjones@example.com,+1-930-348-9138x2496
415,CUS0000415,Ryan,Mason,M,2003-09-02,Australian,nathanielgalloway@example.org,+1-468-270-0794
416,CUS0000416,Amy,Weeks,F,1968-12-28,Australian,mary65@example.net,698.340.2891
417,CUS0000417,Jennifer,Martinez,F,1959-11-25,Malaysian,natalie39@example.net,254-974-3553x79502
418,CUS0000418,Aaron,Smith,M,1962-03-16,Singaporean,speters@example.net,868.411.8071x5695
419,CUS0000419,Sara,Cain,F,1950-12-20,Australian,fordsharon@example.com,5305453194
420,CUS0000420,Veronica,Coffey,F,1952-11-24,Malaysian,trevor93@example.org,561.449.8728
421,CUS0000421,Ana,Anderson,F,1954-10-27,Japanese,jordanhudson@example.org,843.608.9487x06056
422,CUS0000422,Bryan,Holmes,M,1984-02-13,Australian,zachary03@example.org,568-875-0635x190
423,CUS0000423,Tyler,Stark,M,1963-10-17,Malaysian,markbrown@example.net,307-960-9543
424,CUS0000424,Cynthia,Peterson,F,1954-02-05,Malaysian,april31@example.net,+1-471-279-1100x651
425,CUS0000425,Thomas,Ramos,M,1970-11-29,Australian,rjones@example.org,+1-204-966-1963
426,CUS0000426,James,Pope,M,1992-08-07,Japanese,morgansharon@example.org,485.693.1109x193
427,CUS0000427,Heather,Olson,F,1992-08-23,Australian,ilopez@example.org,4244968549
428,CUS0000428,John,Morrison,M,1970-03-15,Singaporean,tara89@example.net,+1-520-938-8065x33315
429,CUS0000429,Melissa,Holden,F,1991-03-18,Japanese,melissa95@example.net,565-521-7073x0337
430,CUS0000430,Karen,Tate,F,2005-10-31,Australian,lindsay63@example.com,(405)601-5081
431,CUS0000431,Jeremiah,Welch,M,2002-06-28,Singaporean,bradley03@example.org,323-242-5832x3024
432,CUS0000432,Sandra,Taylor,F,1994-12-16,Japanese,morganjason@example.com,455.428.9611
433,CUS0000433,Robert,Lee,M,1976-02-18,Malaysian,louis63@example.org,001-999-538-4253x04289
434,CUS0000434,Monica,Mueller,F,2004-03-22,Australian,jacksonpaul@example.net,001-885-278-7255x87774
435,CUS0000435,Daniel,Jacobson,M,1981-02-27,Indonesian,randytorres@example.com,001-925-748-1214
436,CUS0000436,David,Williams,M,1985-04-03,Singaporean,ronald76@example.com,(375)646-0273x415
437,CUS0000437,Sarah,Hunt,F,1994-03-13,Japanese,hartmansara@example.org,615-608-3535
438,CUS0000438,Patrick,Mack,M,2007-12-05,Japanese,james92@example.net,001-484-804-4566x9078
439,CUS0000439,Crystal,Cummings,F,1964-09-04,Indonesian,lhall@example.net,001-777-451-5366x37780
440,CUS0000440,Kenneth,Anderson,M,2000-08-08,Indonesian,porterdonna@example.com,736-866-8459x09022
441,CUS0000441,Veronica,Harris,F,1976-12-23,Indonesian,fergusonjacob@example.org,597-341-2182x09702
442,CUS0000442,Thomas,Cruz,M,1964-05-28,Australian,kellywarren@example.com,3584025662
443,CUS0000443,Kimberly,Mendoza,F,1955-01-28,Japanese,nfriedman@example.org,546.972.9949
444,CUS0000444,Desiree,Smith,F,1960-02-08,Australian,zbrown@example.net,385.697.7790
445,CUS0000445,Maria,Ellison,F,1973-12-29,Australian,peter26@example.org,(296)576-2916
446,CUS0000446,Stephen,Moore,M,1993-02-19,Australian,elizabeth13@example.com,(281)951-1856x72438
447,CUS0000447,Alexander,Fowler,M,1996-05-15,Australian,vjames@example.com,960.904.1257
448,CUS0000448,Barry,Kelley,M,1966-11-19,Japanese,rtaylor@example.org,(409)312-4186
449,CUS0000449,Michael,Smith,M,1968-12-27,Indonesian,scottthompson@example.net,9832708164
450,CUS0000450,Linda,Williams,F,1976-01-29,Australian,sarahbrooks@example.org,510.360.0531
451,CUS0000451,Rebecca,Rivas,F,1961-10-26,Japanese,bradleyhunt@example.com,483-293-8661x33155
452,CUS0000452,Jennifer,Stewart,F,1976-11-17,Indonesian,stephenjones@example.com,+1-495-601-3649x7189
453,CUS0000453,Tina,Greene,F,1993-04-29,Malaysian,xgregory@example.net,(952)857-1509
454,CUS0000454,Kayla,Harmon,F,1984-08-26,Singaporean,hallchristina@example.org,836-539-1025x7432
455,CUS0000455,Maria,Young,F,1999-10-02,Japanese,vstevenson@example.org,250-586-4035x533
456,CUS0000456,Rebecca,Horton,F,1965-07-13,Malaysian,lboyd@example.com,+1-501-571-3023x2129
457,CUS0000457,Katie,Simmons,F,1982-03-07,Japanese,frank33@example.com,(993)344-9734
458,CUS0000458,Tiffany,Ward,F,1976-02-06,Australian,thomashenderson@example.net,001-462-670-6614x9828
459,CUS0000459,Jamie,Torres,F,1969-09-01,Singaporean,ehart@example.org,727-832-3008x57666
460,CUS0000460,John,Davidson,M,1990-06-06,Japanese,ortizbenjamin@example.org,(592)536-4587x5066
461,CUS0000461,Karen,Dorsey,F,1974-12-28,Singaporean,terrydeanna@example.com,+1-872-343-9920x116
462,CUS0000462,Kelly,Lopez,F,1979-03-06,Indonesian,mariaking@example.com,686.294.6119x52436
463,CUS0000463,Victoria,Velasquez,F,1950-07-03,Australian,jonesheather@example.net,(546)422-5223x72817
464,CUS0000464,Christina,Brady,F,2005-06-17,Australian,jordanbarrera@example.com,291.521.4161x415
465,CUS0000465,John,Chambers,M,1957-04-03,Australian,brownkaren@example.org,+1-890-713-8069x84775
466,CUS0000466,Jacob,Wu,M,1971-11-05,Singaporean,shelleyortega@example.com,+1-605-551-0762x091
467,CUS0000467,Isabella,Montgomery,F,1995-03-26,Indonesian,qrobertson@example.org,9508505739
468,CUS0000468,Nancy,Bauer,F,1974-02-05,Indonesian,ecrosby@example.net,001-916-349-3289x802
469,CUS0000469,Elizabeth,Nunez,F,1987-09-27,Indonesian,cjackson@example.org,683.533.2116x0256
470,CUS0000470,Nathan,Wade,M,1996-01-11,Australian,wadesandra@example.net,001-571-553-9915x6686
471,CUS0000471,David,Carter,M,1957-12-22,Indonesian,petersonbrittany@example.org,001-519-852-5690x4098
472,CUS0000472,Veronica,Flores,F,1975-03-27,Malaysian,aprilguzman@example.org,960-987-5243
473,CUS0000473,Brittany,Campbell,F,2001-03-26,Japanese,georgekyle@example.net,749-473-7460
474,CUS0000474,Samantha,Clark,F,2000-04-02,Indonesian,isabellawilliams@example.org,364.620.8656x7566
475,CUS0000475,Diane,Leblanc,F,1998-02-08,Japanese,udavis@example.net,4475292774
476,CUS0000476,Colleen,Goodman,F,2000-06-07,Malaysian,coxmelissa@example.org,+1-826-462-0157x20185
477,CUS0000477,Lori,Powell,F,1952-09-15,Japanese,allentracy@example.net,+1-326-317-6475x011
478,CUS0000478,John,Barnett,M,1985-01-30,Japanese,andrewberry@example.net,341.492.6764x9215
479,CUS0000479,Jared,Haynes,M,1977-03-11,Singaporean,lbrown@example.net,001-213-412-9208x751
480,CUS0000480,Laura,Delgado,F,1956-05-15,Singaporean,melissa01@example.org,445.982.6034x08487
481,CUS0000481,Michael,Mills,M,1974-05-10,Australian,haileybates@example.org,503.724.3298
482,CUS0000482,Donald,Daniel,M,1979-02-11,Indonesian,piercejorge@example.net,(367)614-6283
483,CUS0000483,Whitney,Terry,F,1963-07-03,Singaporean,anne89@example.org,(825)366-0931x41818
484,CUS0000484,Erin,Davis,F,1973-02-02,Indonesian,dustin34@example.org,963-361-1284
485,CUS0000485,Joseph,Graves,M,1969-08-02,Malaysian,catherine02@example.com,001-462-458-8967x92408
486,CUS0000486,Charles,Bradley,M,1968-08-03,Malaysian,sellersdanielle@example.com,001-839-567-2757x844
487,CUS0000487,Elizabeth,Hodge,F,1971-03-13,Malaysian,ftownsend@example.net,913-212-9014
488,CUS0000488,Tonya,Coleman,F,1985-01-04,Singaporean,timothyrobertson@example.net,+1-716-509-3068
489,CUS0000489,Zachary,Guerrero,M,2006-06-04,Japanese,lawsontami@example.net,001-783-321-5285x06762
490,CUS0000490,Gail,Shelton,F,2006-12-29,Japanese,robertstimothy@example.com,909.263.4807
491,CUS0000491,Henry,Gilbert,M,1972-10-02,Singaporean,michael05@example.net,(465)801-6731
492,CUS0000492,Caleb,Freeman,M,1960-12-26,Indonesian,jeremy65@example.com,(262)784-1772x256
493,CUS0000493,Sophia,Fletcher,F,1957-12-04,Japanese,justinanderson@example.com,001-750-823-7416x7872
494,CUS0000494,Jonathan,Mclean,M,2007-10-07,Australian,ganderson@example.org,(225)880-3056
495,CUS0000495,John,Campbell,M,1956-01-07,Singaporean,jwright@example.net,523.441.4363x71892
496,CUS0000496,Crystal,Anderson,F,1953-01-02,Malaysian,veronica26@example.org,+1-931-206-6843x356
497,CUS0000497,Katrina,Schneider,F,1971-02-07,Malaysian,adamsjuan@example.com,001-963-650-2000x534
498,CUS0000498,Terry,Garcia,M,1962-12-22,Australian,stacy55@example.com,710-582-5559
499,CUS0000499,Marie,Clark,F,1976-07-12,Japanese,eatondavid@example.net,+1-610-993-3711x895
500,CUS0000500,William,Harris,M,1999-06-11,Indonesian,bradleylee@example.net,001-248-455-7161x768
501,CUS0000501,Linda,Horton,F,1959-03-03,Malaysian,brandon90@example.net,867.888.1278
502,CUS0000502,Jennifer,Nelson,F,1962-12-02,Australian,moorejeffery@example.net,6873884434
503,CUS0000503,Carolyn,Williams,F,1966-08-09,Australian,benjamin24@example.org,603-438-1059x551
504,CUS0000504,Jennifer,Carr,F,1972-06-26,Singaporean,garrettalex@example.com,642.540.8916
505,CUS0000505,Ruth,Walker,F,1968-09-07,Australian,bonniemorton@example.com,(473)965-2717
506,CUS0000506,Cody,Huffman,M,1963-04-01,Singaporean,lharding@example.net,904-822-6931x2163
507,CUS0000507,Ariel,Rose,F,1999-11-07,Japanese,morrisonnicholas@example.org,200-223-1429
508,CUS0000508,Tina,Rodriguez,F,2000-06-27,Japanese,melissa13@example.org,397.224.5723x0848
509,CUS0000509,Samantha,Garcia,F,1970-08-03,Malaysian,huntmary@example.org,5308366254
510,CUS0000510,Michael,Espinoza,M,1958-01-16,Australian,hjackson@example.org,245-419-5151
511,CUS0000511,Cassandra,Moreno,F,1991-03-14,Indonesian,erinhernandez@example.net,+1-749-445-1475x41022
512,CUS0000512,James,Griffith,M,2003-11-07,Japanese,hbriggs@example.net,(742)415-2265x57676
513,CUS0000513,Rebekah,Valdez,F,1967-02-17,Malaysian,fbarnes@example.net,+1-578-383-6196
514,CUS0000514,David,Smith,M,2008-04-11,Japanese,coxthomas@example.org,805-552-4728
515,CUS0000515,Christine,Walker,F,2001-03-24,Singaporean,daviddominguez@example.org,(706)450-1917x9202
516,CUS0000516,Bob,Jones,M,1989-02-16,Japanese,lhernandez@example.com,001-228-447-6570x4120
517,CUS0000517,Kathy,Smith,F,2007-01-22,Singaporean,dfrazier@example.net,001-449-584-3624x186
518,CUS0000518,James,Brown,M,1977-02-02,Indonesian,lynndaugherty@example.net,877-556-6205
519,CUS0000519,Debra,Garcia,F,1975-01-28,Australian,anthony42@example.net,213-590-4383
520,CUS0000520,Derrick,Davila,M,1988-10-30,Japanese,elliottkristy@example.org,5517405468
521,CUS0000521,Nicole,Swanson,F,1959-03-18,Singaporean,riverapeggy@example.net,682-409-6790
522,CUS0000522,Christian,Ford,M,1992-12-28,Malaysian,cisnerosjesse@example.org,+1-822-288-9857x25459
523,CUS0000523,Stephanie,Schroeder,F,1976-10-09,Australian,jasonbishop@example.org,(997)310-2481
524,CUS0000524,Jesse,Jackson,M,1970-07-06,Singaporean,carlosray@example.com,312-974-7472
525,CUS0000525,Andrew,Trevino,M,1977-09-05,Japanese,rvincent@example.org,258.595.5168x740
526,CUS0000526,Melissa,Castro,F,1960-11-29,Japanese,robertseric@example.com,936-371-5778
527,CUS0000527,Angelica,Dennis,F,1977-05-29,Singaporean,vgonzalez@example.org,559-773-7147x08272
528,CUS0000528,Laura,Huerta,F,2003-01-29,Australian,zbrown@example.com,(873)303-0644x21214
529,CUS0000529,Elizabeth,Joseph,F,1978-12-16,Malaysian,elizabethgreen@example.org,965-442-3567
530,CUS0000530,Vincent,Kim,M,1997-07-19,Australian,jmorrow@example.net,919.492.5502
531,CUS0000531,Jonathan,Stewart,M,2004-04-16,Singaporean,ubaker@example.org,827.591.0336x829
532,CUS0000532,Gregory,Farley,M,1996-08-23,Australian,woodmichael@example.com,381-477-6655x8685
533,CUS0000533,Judy,Brooks,F,1988-01-04,Indonesian,amyjames@example.net,001-964-391-1110x961
534,CUS0000534,Madeline,Gordon,F,2005-03-27,Indonesian,contrerasmelissa@example.org,978.861.3715
535,CUS0000535,Susan,Newman,F,2003-10-16,Japanese,xsmith@example.org,744.744.6306x00025
536,CUS0000536,Christopher,Armstrong,M,1979-08-29,Australian,angelamyers@example.net,+1-560-396-2626x5826
537,CUS0000537,Michelle,Martinez,F,1958-06-14,Malaysian,ocameron@example.com,+1-425-231-1060
538,CUS0000538,Lisa,Stephens,F,1955-10-03,Malaysian,ujohnson@example.org,652.333.4383x640
539,CUS0000539,Timothy,Burton,M,1993-11-02,Singaporean,rodriguezsara@example.org,524-842-1175
540,CUS0000540,Ashlee,Pope,F,1978-07-20,Indonesian,tuckerconnie@example.org,+1-766-757-2240x29901
541,CUS0000541,Karen,Mendez,F,1987-08-01,Japanese,moorejudy@example.org,790.380.8823
542,CUS0000542,Steven,Johnson,M,1959-10-29,Indonesian,christopherholt@example.org,847-531-5847x768
543,CUS0000543,Danielle,Gonzalez,F,2007-12-20,Malaysian,suzanne19@example.net,823-876-7694x5919
544,CUS0000544,Christina,Gomez,F,1993-06-13,Indonesian,colepamela@example.net,896-449-8560x125
545,CUS0000545,Hunter,Jones,M,1995-02-06,Indonesian,nathan51@example.org,505-337-9538x16493
546,CUS0000546,Justin,Moran,M,2005-05-04,Malaysian,berrydebbie@example.net,001-965-453-3077x04611
547,CUS0000547,Lindsay,Garza,F,1966-06-26,Indonesian,mitchelldawn@example.net,7742260880
548,CUS0000548,Benjamin,Davis,M,2005-01-02,Singaporean,rcummings@example.com,001-756-318-5790x64771
549,CUS0000549,Allen,Williams,M,1951-02-07,Australian,danielmorris@example.net,001-263-621-3580x0401
550,CUS0000550,Angela,Murphy,F,1992-02-03,Malaysian,knelson@example.org,001-371-525-2967
551,CUS0000551,Laura,Stanley,F,1969-06-26,Japanese,kendra73@example.org,241-558-3311x703
552,CUS0000552,John,Cruz,M,1983-07-31,Australian,petersonlisa@example.net,554.872.8123x56798
553,CUS0000553,Cole,Ramirez,M,1961-07-27,Australian,stephanie91@example.org,711.630.7240x787
554,CUS0000554,Bailey,Pierce,F,1974-07-07,Malaysian,zlewis@example.net,(885)407-4510x66343
555,CUS0000555,Kirk,Moreno,M,1983-12-26,Malaysian,drodriguez@example.net,313.310.0943
556,CUS0000556,Donald,Andrade,M,1997-12-30,Australian,gmyers@example.org,001-947-632-3549x4012
557,CUS0000557,Sarah,Watts,F,1961-12-24,Singaporean,erin22@example.com,720.976.5024x120
558,CUS0000558,Lauren,Freeman,F,1967-03-28,Indonesian,brodriguez@example.net,+1-643-988-2211x45775
559,CUS0000559,Dawn,Ellis,F,2006-09-21,Japanese,kevin58@example.net,+1-271-548-0263x257
560,CUS0000560,Laura,Dominguez,F,1979-09-15,Indonesian,jamie13@example.com,+1-614-687-8245x5696
561,CUS0000561,Cheryl,Riley,F,1998-02-26,Malaysian,mary16@example.com,001-654-410-7272
562,CUS0000562,Eric,Roberts,M,2004-10-26,Indonesian,alexis03@example.com,001-210-674-0650
563,CUS0000563,Brenda,Koch,F,2003-10-31,Indonesian,stephaniereeves@example.org,001-836-391-4307x5366
564,CUS0000564,Steven,Mora,M,1991-01-09,Japanese,glen65@example.net,(334)626-8344
565,CUS0000565,Keith,Fuller,M,1987-07-16,Indonesian,nicholasliu@example.com,828-975-8575
566,CUS0000566,Jennifer,Jenkins,F,1952-04-11,Singaporean,bernardrobert@example.org,+1-843-498-5298x940
567,CUS0000567,Jamie,Smith,M,2005-05-06,Japanese,fcombs@example.org,215-591-4975x019
568,CUS0000568,Jose,Hart,M,1984-02-06,Indonesian,jeffreylowe@example.org,340-579-3110x2918
569,CUS0000569,Dan,Wells,M,2007-01-23,Japanese,hmyers@example.com,(472)438-4979x1620
570,CUS0000570,Robert,Sandoval,M,1962-01-06,Singaporean,thomasroberts@example.net,897-854-6617
571,CUS0000571,Brittany,Campbell,F,1958-07-27,Singaporean,tsmith@example.org,+1-597-705-2774x0258
572,CUS0000572,Steven,Warren,M,1985-04-22,Malaysian,thompsonedward@example.net,001-495-672-4461x7679
573,CUS0000573,Carl,Nguyen,M,1989-11-29,Singaporean,breanna61@example.org,5233117753
574,CUS0000574,Stephanie,Thompson,F,1976-07-13,Singaporean,dnielsen@example.net,810-417-5902x517
575,CUS0000575,William,Berry,M,1963-12-27,Indonesian,johnnykim@example.com,332.568.3190
576,CUS0000576,Andrew,Taylor,M,1950-10-02,Indonesian,kim98@example.org,328-973-3978x55982
577,CUS0000577,Jessica,Bennett,F,1955-03-21,Singaporean,martinezzachary@example.org,673-609-8503
578,CUS0000578,Jeanette,Howard,F,1961-02-19,Indonesian,charles93@example.net,+1-284-769-0819x740
579,CUS0000579,Jason,Gonzalez,M,2002-06-08,Malaysian,tayloramy@example.net,903-471-9905x16991
580,CUS0000580,Devin,Williams,M,1952-10-25,Singaporean,promero@example.com,(274)830-0038x96087
581,CUS0000581,Pamela,Dominguez,F,1979-08-21,Japanese,hdunn@example.com,595-353-5603
582,CUS0000582,Kevin,Perez,M,2001-04-05,Indonesian,ritteralexis@example.net,701.702.7240
583,CUS0000583,Lindsey,Zamora,F,1970-04-17,Australian,catherinemendoza@example.org,+1-511-648-3753x74584
584,CUS0000584,Emma,Weaver,F,1957-07-01,Japanese,reedrobert@example.net,241.532.8348x3152
585,CUS0000585,Michael,Santos,M,1981-04-10,Australian,smithmary@example.com,896-941-0496x706
586,CUS0000586,Andrew,Harris,M,1962-12-11,Japanese,qpatel@example.com,2857095493
587,CUS0000587,Nicholas,Howell,M,1979-06-28,Japanese,aguirreangela@example.net,+1-248-676-9984x26732
588,CUS0000588,Rebecca,Tapia,F,1956-03-20,Australian,kelseyphillips@example.net,(609)445-4490x1495
589,CUS0000589,Jeremy,Smith,M,1950-12-31,Indonesian,wjohnson@example.com,+1-483-660-9149x8517
590,CUS0000590,Pamela,Hill,F,1984-01-28,Australian,jeremythompson@example.net,+1-203-610-2879x5083
591,CUS0000591,Vanessa,Smith,F,2007-11-22,Indonesian,amber09@example.org,(711)887-1813x359
592,CUS0000592,Andrea,Simmons,F,1969-08-29,Australian,angellawson@example.com,365-574-9025x04290
593,CUS0000593,Robert,Dixon,M,2003-07-14,Indonesian,shelby69@example.org,+1-226-911-3989x86818
594,CUS0000594,Mary,Meyer,F,1971-12-18,Japanese,james94@example.org,335-737-5137x65158
595,CUS0000595,Matthew,Jacobs,M,1980-12-12,Indonesian,ihall@example.net,369.329.4455
596,CUS0000596,Jason,Wagner,M,1960-06-29,Malaysian,xchen@example.org,(370)421-6487
597,CUS0000597,Sheila,Bass,F,1952-01-09,Australian,veronicaanderson@example.net,(365)226-8341x5599
598,CUS0000598,Angela,Mccall,F,1980-12-10,Australian,vmccoy@example.com,872-729-8120x9957
599,CUS0000599,Jessica,Romero,F,1990-05-31,Indonesian,shirley13@example.com,450.498.8986x4565
600,CUS0000600,Andrew,Landry,M,2000-02-20,Japanese,russellramirez@example.net,315-542-1447x73244
601,CUS0000601,Melvin,Thomas,M,1964-06-21,Australian,anthonyorr@example.net,+1-830-970-5349
602,CUS0000602,Kelly,Guerra,F,1970-06-19,Singaporean,moransamantha@example.org,767.441.2415x131
603,CUS0000603,Katie,Hill,F,1993-04-23,Malaysian,mannleroy@example.org,(618)953-8003x29633
604,CUS0000604,Brittany,Cervantes,F,2000-04-24,Australian,mcampbell@example.net,583-406-1789
605,CUS0000605,Amanda,Watts,F,1992-02-19,Indonesian,pwelch@example.net,(978)624-3477x695
606,CUS0000606,Anne,Rodriguez,F,2001-10-08,Australian,robert75@example.org,+1-561-227-5156x27796
607,CUS0000607,Donna,Romero,F,2008-04-21,Malaysian,xbrown@example.com,756-267-6640x473
608,CUS0000608,Elizabeth,Ortiz,F,1989-05-09,Singaporean,amandachan@example.org,+1-395-229-8006x155
609,CUS0000609,Kelly,Cox,F,1963-11-25,Indonesian,maryfoster@example.net,242.255.6383
610,CUS0000610,Ryan,Fischer,M,1986-03-24,Indonesian,masonlacey@example.org,(844)803-3041
611,CUS0000611,Carlos,Yang,M,1968-10-07,Australian,joneswilliam@example.net,001-860-208-9219x63945
612,CUS0000612,Eric,Stevens,M,1957-03-06,Malaysian,tanya97@example.com,261-936-8474x8836
613,CUS0000613,Nicholas,Bean,M,2002-04-19,Japanese,chavezbecky@example.org,(437)557-9145x2118
614,CUS0000614,Sean,Burns,M,1967-05-29,Japanese,thomaschristina@example.com,893.207.4645x20599
615,CUS0000615,Debra,Clark,F,1988-08-31,Indonesian,ugardner@example.net,357.878.8116
616,CUS0000616,Bethany,Smith,F,1985-10-11,Malaysian,martinsamuel@example.org,8672287286
617,CUS0000617,Elizabeth,Graham,F,1970-06-01,Indonesian,alexandra95@example.net,+1-522-748-3958x9477
618,CUS0000618,Tammy,Cortez,F,1959-08-09,Japanese,alicecalderon@example.org,362-227-1043x31875
619,CUS0000619,Lori,Wheeler,F,1954-12-09,Malaysian,dana35@example.net,8346469459
620,CUS0000620,Justin,May,M,1964-03-07,Japanese,watkinsdakota@example.org,624-991-2896x599
621,CUS0000621,Daniel,Smith,M,1966-03-04,Singaporean,christopherpratt@example.org,(927)805-1028
622,CUS0000622,Mary,Murphy,F,1984-06-11,Singaporean,allenphillip@example.com,001-475-848-5819x324
623,CUS0000623,Justin,Henry,M,2004-01-31,Malaysian,gina86@example.net,(720)457-5639x836
624,CUS0000624,Taylor,Cowan,F,1963-09-21,Indonesian,mward@example.org,001-645-215-4809
625,CUS0000625,Maria,May,F,1977-07-01,Japanese,forbesjanet@example.com,+1-709-207-9772x7810
626,CUS0000626,Louis,Reeves,M,1998-05-31,Australian,monicaanderson@example.com,207-705-1843
627,CUS0000627,Ryan,Charles,M,1971-12-07,Japanese,rebeccamatthews@example.com,606.560.1382x41270
628,CUS0000628,Melissa,Ortiz,F,1993-08-17,Indonesian,collinsann@example.org,279-419-7111x21259
629,CUS0000629,Richard,Robinson,M,1975-11-18,Malaysian,umiller@example.org,532-540-6424x2956
630,CUS0000630,Denise,Gonzalez,F,1970-06-19,Malaysian,heidi41@example.com,(595)858-7209x628
631,CUS0000631,Hannah,Cochran,F,2004-07-31,Indonesian,jared88@example.net,918-434-3740x182
632,CUS0000632,John,Morris,M,1988-10-04,Singaporean,cbarrett@example.com,001-615-402-6755x125
633,CUS0000633,Julie,Lopez,F,1951-11-16,Indonesian,dlamb@example.net,001-966-873-4595
634,CUS0000634,Eric,Arellano,M,1966-05-04,Indonesian,fisherkim@example.net,(790)228-2498x3922
635,CUS0000635,Wesley,Parker,M,2002-07-05,Japanese,laurieellis@example.org,302.532.4412x336
636,CUS0000636,Christian,Peters,M,2003-03-05,Australian,adam25@example.org,886.737.6731x6252
637,CUS0000637,Stephanie,Weiss,F,2000-02-05,Australian,icarlson@example.org,(279)803-9235x558
638,CUS0000638,Suzanne,Brewer,F,1959-10-16,Singaporean,nlopez@example.com,(415)462-6244x67046
639,CUS0000639,Jennifer,Holmes,F,1957-08-21,Malaysian,wdrake@example.net,001-816-802-5298x6707
640,CUS0000640,Patricia,Turner,F,1967-12-30,Japanese,munozleah@example.com,757.658.5126x86120
641,CUS0000641,Craig,Hess,M,1999-11-29,Indonesian,dgraham@example.com,8177750954
642,CUS0000642,Michael,Wang,M,1951-12-30,Singaporean,guy56@example.org,354.309.1508x632
643,CUS0000643,Cameron,Thomas,M,1983-12-22,Indonesian,worozco@example.com,001-393-889-7015x502
644,CUS0000644,Kayla,Swanson,F,1973-05-19,Australian,roberto02@example.net,216-713-9449x883
645,CUS0000645,Laura,Lewis,F,1980-02-17,Australian,julie24@example.net,+1-609-962-4406x30624
646,CUS0000646,Linda,Daugherty,F,1972-01-17,Australian,walkerandrew@example.com,719.849.7969
647,CUS0000647,Karen,Grant,F,1973-09-25,Singaporean,luis72@example.com,001-773-382-6460x9178
648,CUS0000648,Daniel,Mercer,M,1975-07-09,Malaysian,kelly57@example.net,602.999.2959x660
649,CUS0000649,Wanda,Brooks,F,1986-12-23,Indonesian,nicholasrush@example.org,863-831-9422
650,CUS0000650,Heather,Robinson,F,1991-03-05,Japanese,luis51@example.net,+1-858-688-6367x74722
651,CUS0000651,April,Gallegos,F,2002-04-24,Japanese,rdouglas@example.org,(396)866-3093x2998
652,CUS0000652,Theresa,Nguyen,F,1967-05-28,Indonesian,ashleykennedy@example.org,(909)568-8327x532
653,CUS0000653,Frank,Carter,M,1952-06-30,Australian,beckystevens@example.net,+1-373-227-8195x237
654,CUS0000654,Paul,Fleming,M,1978-01-17,Indonesian,eatkins@example.com,781-898-0770x460
655,CUS0000655,Mitchell,Hunt,M,1994-08-08,Malaysian,hpatterson@example.org,(549)912-5652
656,CUS0000656,Daniel,Davis,M,1994-01-31,Singaporean,ellisjenna@example.org,001-645-247-5749x49022
657,CUS0000657,Connie,Wood,F,1975-01-29,Malaysian,kristopher29@example.net,577-642-2294x6430
658,CUS0000658,Brittany,Smith,F,1975-03-06,Indonesian,kwoods@example.com,+1-929-885-8567x2872
659,CUS0000659,Adrian,Arroyo,M,1973-09-10,Australian,kylewalker@example.com,+1-213-857-7908x335
660,CUS0000660,Lori,Crane,F,1984-12-03,Singaporean,nelsonsuzanne@example.net,+1-410-579-8334
661,CUS0000661,Darryl,Love,M,1962-06-21,Australian,krausejoseph@example.com,531-928-4033
662,CUS0000662,John,Herrera,M,2003-07-28,Japanese,florescynthia@example.org,217.817.3189x3974
663,CUS0000663,Shannon,Rodriguez,F,1980-07-07,Indonesian,briannareid@example.com,9466947258
664,CUS0000664,Tiffany,Evans,F,1986-08-11,Indonesian,matthewbyrd@example.net,871-627-0587x7221
665,CUS0000665,Anna,Atkins,F,1973-09-12,Indonesian,jamesrodriguez@example.org,548.445.8714
666,CUS0000666,Erica,Lee,F,1977-05-11,Indonesian,melissabishop@example.org,787-796-4347x45245
667,CUS0000667,Joanna,Coleman,F,1977-03-05,Japanese,zsmith@example.org,(852)774-0334x45056
668,CUS0000668,Kristin,Stevenson,F,2004-08-30,Japanese,christinaalexander@example.com,813-925-7970
669,CUS0000669,Danielle,Benitez,F,1990-04-12,Australian,dbrown@example.net,648-557-4172x15622
670,CUS0000670,Kristina,Gonzales,F,1972-09-14,Indonesian,angela40@example.org,001-615-657-3257x37553
671,CUS0000671,Lindsey,Cantu,F,1959-12-10,Indonesian,mayronald@example.com,7809850960
672,CUS0000672,Diane,Cook,F,1954-12-18,Singaporean,cunninghamterri@example.org,+1-828-619-7931
673,CUS0000673,Julie,Preston,F,2000-09-05,Malaysian,debrajones@example.net,001-257-886-0694
674,CUS0000674,Albert,Perez,M,1979-06-18,Australian,jonathanwalker@example.net,001-358-273-9592x32342
675,CUS0000675,Joseph,Blackburn,M,1953-01-29,Singaporean,amberblevins@example.com,333-834-2643x35027
676,CUS0000676,Allison,Dillon,F,2000-09-29,Japanese,omargriffin@example.com,336.491.1289
677,CUS0000677,Nicole,Martinez,F,1983-09-05,Japanese,kara56@example.org,218.257.4817
678,CUS0000678,James,Fisher,M,1957-03-16,Australian,michael41@example.com,+1-243-416-7045x0232
679,CUS0000679,Kelly,Taylor,F,1982-05-14,Malaysian,brownleah@example.net,+1-445-296-2622x82251
680,CUS0000680,Jonathan,Torres,M,1992-12-12,Malaysian,regina49@example.com,8054070260
681,CUS0000681,Christopher,Smith,M,1965-07-20,Indonesian,barnescarl@example.com,768.772.9047x742
682,CUS0000682,Tyler,Barnett,M,1956-12-14,Japanese,kvasquez@example.org,(638)322-3116
683,CUS0000683,David,King,M,2000-01-28,Malaysian,mark79@example.net,294.425.6529x06032
684,CUS0000684,Madison,Conley,F,1966-07-31,Singaporean,randysmith@example.com,653.796.7379x4871
685,CUS0000685,George,Stafford,M,1967-10-08,Indonesian,lindsay78@example.com,+1-315-384-1560x82137
686,CUS0000686,Joshua,Phillips,M,1974-01-19,Malaysian,shaun81@example.net,(468)232-3035
687,CUS0000687,Robert,Cox,M,1966-01-28,Singaporean,nicholasgarcia@example.org,+1-893-928-9634x0646
688,CUS0000688,John,Taylor,M,1970-10-23,Indonesian,jonesjeanette@example.net,439-891-0622x7236
689,CUS0000689,James,Lee,M,2007-03-04,Australian,chad42@example.com,392-637-2450
690,CUS0000690,Kelly,Ingram,F,1991-02-13,Japanese,chall@example.com,889-672-1540
691,CUS0000691,Ashley,Owens,F,1990-03-15,Japanese,nancyholt@example.com,001-343-681-1995x37660
692,CUS0000692,Sarah,Oconnor,F,1967-07-10,Malaysian,robert45@example.org,6173397396
693,CUS0000693,Zachary,Mckenzie,M,1983-08-05,Australian,qobrien@example.com,7918919113
694,CUS0000694,Robert,Higgins,M,1953-02-08,Australian,deborah77@example.net,906.660.3920x51460
695,CUS0000695,Heather,Vega,F,1974-05-17,Malaysian,joshuabowers@example.com,742.738.8565x271
696,CUS0000696,Lisa,Singh,F,2007-04-20,Japanese,leslietorres@example.net,965-797-2634
697,CUS0000697,George,Kim,M,1974-12-29,Malaysian,susanmorris@example.org,894.388.4882
698,CUS0000698,Craig,Davis,M,1991-02-01,Malaysian,jphelps@example.net,285-562-6149x91537
699,CUS0000699,Kimberly,Contreras,F,1969-01-10,Australian,simpsonmartha@example.org,937.932.0430
700,CUS0000700,Jason,Arnold,M,1989-01-19,Indonesian,robertabbott@example.net,(396)445-4655x3585
701,CUS0000701,Erica,Carey,F,1998-03-13,Malaysian,laurariley@example.org,978.951.9358x37490
702,CUS0000702,Jonathan,Graham,M,1962-01-20,Indonesian,castroangelica@example.org,(872)415-1494x097
703,CUS0000703,Victoria,Lewis,F,1981-02-28,Australian,amanda45@example.org,001-286-728-9509
704,CUS0000704,Kevin,Hampton,M,1955-03-25,Australian,morenojessica@example.net,339.322.0715
705,CUS0000705,Tracy,Berry,M,1997-01-12,Malaysian,yballard@example.net,625.821.4526x4712
706,CUS0000706,Christina,Bell,F,1994-06-09,Japanese,morgankaren@example.net,209-708-0512x080
707,CUS0000707,James,Johnson,M,1989-01-19,Indonesian,michele23@example.net,+1-972-483-5129x592
708,CUS0000708,Katie,Olsen,F,1980-09-07,Indonesian,howellsavannah@example.org,741-952-9821x7392
709,CUS0000709,Tanya,Kelley,F,1976-11-08,Indonesian,qraymond@example.net,253-752-3736
710,CUS0000710,Anthony,Haas,M,1983-02-01,Indonesian,abbottchristopher@example.net,689-898-8683x45273
711,CUS0000711,Jared,Bennett,M,1983-10-09,Australian,henrymarc@example.com,+1-464-774-0803x149
712,CUS0000712,Nancy,Ferguson,F,1953-08-10,Japanese,paul58@example.org,+1-368-582-8503x17235
713,CUS0000713,Jon,Duncan,M,1992-02-10,Malaysian,williamspatrick@example.net,840-235-2635
714,CUS0000714,Brittney,George,F,1992-09-15,Malaysian,nicole69@example.net,+1-243-846-0666x4374
715,CUS0000715,Amanda,Wang,F,1959-03-02,Australian,chadwilson@example.org,612.385.2464x8449
716,CUS0000716,Paige,Foster,F,1964-02-24,Japanese,peterstyler@example.org,707.971.1306x21136
717,CUS0000717,Oscar,Ramos,M,2002-09-25,Malaysian,bateswilliam@example.org,001-835-809-0254x25730
718,CUS0000718,Christian,Carter,M,1954-09-23,Malaysian,jacklee@example.net,001-770-271-3984x8228
719,CUS0000719,Brian,Brown,M,1985-08-25,Japanese,montgomerygeoffrey@example.com,(302)513-0609x069
720,CUS0000720,Pamela,Johnson,F,1987-07-10,Malaysian,smithmadison@example.com,001-664-796-7379
721,CUS0000721,Veronica,Fields,F,1982-12-31,Japanese,shawnsuarez@example.org,(642)464-2506
722,CUS0000722,Andrew,Jenkins,M,1987-03-31,Malaysian,vanessamartinez@example.net,(736)866-7776x755
723,CUS0000723,Casey,Moreno,M,1967-02-19,Japanese,jennifercarroll@example.net,+1-995-678-6543x62718
724,CUS0000724,Tanner,Sosa,M,1992-10-30,Malaysian,nwilliams@example.com,+1-826-486-2703
725,CUS0000725,Denise,Reese,F,1988-09-24,Australian,danielleandrews@example.org,(265)373-2759
726,CUS0000726,Richard,Miller,M,1950-12-26,Japanese,riverachristopher@example.com,923.941.5959
727,CUS0000727,George,Thompson,M,1971-01-12,Malaysian,langernest@example.org,(961)689-6288
728,CUS0000728,Melissa,Mckee,F,1958-02-09,Malaysian,reginadavis@example.org,(967)467-2095
729,CUS0000729,Jermaine,Smith,M,1983-11-10,Japanese,nicole15@example.org,(629)346-2135
730,CUS0000730,Henry,Terrell,M,1984-01-24,Australian,howellbrittany@example.org,(643)684-8075x203
731,CUS0000731,Joann,Hamilton,F,1953-02-23,Indonesian,karen71@example.com,+1-502-990-9046
732,CUS0000732,Jamie,Johnson,F,1996-02-13,Malaysian,heidi55@example.net,(765)325-4837x44171
733,CUS0000733,Alexander,Anderson,M,2002-04-03,Singaporean,sanchezgregory@example.org,(393)411-0059
734,CUS0000734,Lauren,Sheppard,F,1981-10-01,Australian,kristi19@example.org,5235121106
735,CUS0000735,Anthony,Miller,M,1972-03-13,Singaporean,thomasgonzalez@example.com,+1-527-649-0728x012
736,CUS0000736,Charles,Weaver,M,1963-04-13,Singaporean,warnercharles@example.org,532-269-4968x43645
737,CUS0000737,Matthew,Donaldson,M,1967-07-10,Malaysian,karen10@example.org,350.696.1701x5959
738,CUS0000738,Nicholas,Flores,M,1974-10-06,Japanese,twood@example.com,983-939-2056x77567
739,CUS0000739,Christian,Rojas,M,1976-08-19,Malaysian,iherring@example.com,(826)950-6229x2310
740,CUS0000740,Chris,Rogers,M,1951-11-14,Japanese,tmyers@example.net,333-379-7662x705
741,CUS0000741,Tiffany,Mccarthy,F,1991-10-04,Singaporean,donald87@example.org,(670)742-5496x91928
742,CUS0000742,Nathaniel,Roman,M,1959-02-11,Singaporean,annette71@example.org,756.533.5357x485
743,CUS0000743,Steven,Sheppard,M,2003-08-01,Australian,jeanlynch@example.org,997.905.8162x9518
744,CUS0000744,Lance,Macdonald,M,1999-12-04,Australian,carl63@example.com,001-425-607-3305x597
745,CUS0000745,Tina,Washington,F,1971-10-10,Singaporean,madisonbrewer@example.net,+1-614-603-8843x660
746,CUS0000746,Christina,Phillips,F,1952-05-10,Japanese,dmiller@example.org,968.629.7514x743
747,CUS0000747,Carla,Anderson,F,1951-07-20,Australian,williamsmark@example.com,(225)668-0656x259
748,CUS0000748,Fred,Avila,M,1953-01-27,Japanese,sharpjennifer@example.com,712-721-8231
749,CUS0000749,George,Gutierrez,M,2001-06-28,Malaysian,vasquezamy@example.net,(262)281-3721x43308
750,CUS0000750,Maria,Terry,F,1982-12-20,Singaporean,williamskatherine@example.org,(985)256-6084
751,CUS0000751,Mckenzie,Terry,F,1987-10-29,Japanese,williamsbrittany@example.org,497.805.1958
752,CUS0000752,Christy,Herrera,F,1993-02-09,Australian,joseph58@example.com,(339)645-3546
753,CUS0000753,Jocelyn,Griffin,F,1994-09-21,Australian,hharris@example.org,(613)539-4394x5703
754,CUS0000754,Kayla,Collins,F,1965-02-14,Singaporean,michelleclark@example.net,(357)269-2778x9431
755,CUS0000755,Samuel,Harvey,M,1951-02-27,Japanese,sarah47@example.com,001-292-610-5336x5146
756,CUS0000756,Randy,Roach,M,1970-12-13,Malaysian,joseconrad@example.org,607-620-1137
757,CUS0000757,Alexander,Hart,M,1954-09-13,Australian,jasonsanders@example.com,2073676209
758,CUS0000758,Tina,Walter,F,1998-09-14,Japanese,jennifer34@example.org,+1-743-337-0096x87304
759,CUS0000759,Kyle,Bryant,M,1982-07-19,Japanese,nathanielwinters@example.net,+1-782-955-6296
760,CUS0000760,William,Saunders,M,1960-06-10,Malaysian,alowe@example.com,(419)742-5577x82058
761,CUS0000761,Joshua,Collier,M,1961-03-30,Singaporean,tiffanysparks@example.net,(416)518-8081x9048
762,CUS0000762,Melinda,French,F,1983-09-07,Australian,nguyenmary@example.com,+1-568-963-9561
763,CUS0000763,Christopher,Benson,M,2001-08-28,Australian,jenniferbarry@example.net,372-514-3643
764,CUS0000764,Alexander,Johnson,M,1958-08-20,Singaporean,jacobparsons@example.org,647-716-5609
765,CUS0000765,Jasmine,Clark,F,1979-07-23,Malaysian,lreid@example.org,+1-770-975-5047x68169
766,CUS0000766,Zachary,James,M,1983-07-26,Australian,wellsamy@example.org,717.665.3970
767,CUS0000767,Juan,Padilla,M,1981-02-05,Australian,christinadavis@example.net,(690)887-1827
768,CUS0000768,Rebecca,Nichols,F,1999-09-08,Singaporean,kingdavid@example.net,527.942.0495x6121
769,CUS0000769,Katelyn,Smith,F,2003-03-09,Indonesian,kelseywilliams@example.org,459.473.7112
770,CUS0000770,Natalie,Potts,F,1988-09-09,Singaporean,kimmichael@example.net,(308)358-1670x46861
771,CUS0000771,Dennis,Fry,M,1974-09-25,Malaysian,pmorales@example.org,702-619-2378
772,CUS0000772,John,Arellano,M,1995-01-20,Malaysian,brandiwilson@example.org,232.342.6050
773,CUS0000773,Joseph,Adams,M,1986-07-01,Singaporean,turnerlisa@example.com,473.837.7731
774,CUS0000774,Juan,Sims,M,2005-02-05,Malaysian,thomasdavid@example.net,(717)581-9236
775,CUS0000775,Samantha,Russell,F,2001-08-05,Singaporean,uwilliams@example.com,8354679327
776,CUS0000776,Daisy,Boyd,F,1984-03-23,Australian,reynoldsanthony@example.org,+1-712-605-4647
777,CUS0000777,Russell,Jacobs,M,1971-05-13,Indonesian,ydixon@example.net,001-989-799-2751
778,CUS0000778,Joseph,Jensen,M,1954-09-05,Malaysian,crystal44@example.net,635.853.9354x35864
779,CUS0000779,Michael,Lopez,M,1992-02-11,Singaporean,leahbarker@example.org,+1-758-485-3798x21433
780,CUS0000780,Stacy,Pacheco,F,1975-11-30,Indonesian,peterlove@example.net,285.324.9141x686
781,CUS0000781,Chelsea,Villa,F,1984-01-31,Singaporean,jdonovan@example.net,889-863-4067x917
782,CUS0000782,Emily,Taylor,F,1958-10-05,Indonesian,kathleen00@example.org,218-384-2163x090
783,CUS0000783,George,Weber,M,1969-04-04,Singaporean,russell33@example.net,+1-494-885-3208x953
784,CUS0000784,Christina,Jensen,F,1961-04-23,Japanese,duncanchristina@example.com,311.236.3379x2234
785,CUS0000785,Cynthia,Parker,F,1989-11-02,Indonesian,ogriffin@example.org,667-572-6960
786,CUS0000786,Stephen,Henry,M,2004-02-16,Australian,marc78@example.net,(779)735-2196x2633
787,CUS0000787,Jared,Wright,M,1970-03-05,Japanese,nicolasrich@example.org,+1-993-817-0695x56076
788,CUS0000788,Brandon,Scott,M,1965-12-12,Singaporean,michael47@example.org,(739)289-8306
789,CUS0000789,Paige,Davis,F,1961-03-13,Australian,gilbertangela@example.com,484-572-4264
790,CUS0000790,Jason,Jackson,M,1954-12-09,Japanese,monicaoliver@example.net,+1-324-687-6230x3911
791,CUS0000791,Ruth,White,F,1958-11-04,Singaporean,xtran@example.net,(228)223-0524
792,CUS0000792,Jennifer,Jackson,F,1982-04-25,Singaporean,meghanallen@example.net,(394)873-7213x290
793,CUS0000793,Chad,Mitchell,M,1986-05-21,Japanese,zbyrd@example.net,+1-668-878-5996
794,CUS0000794,Carol,Hodge,F,1958-12-26,Indonesian,clarkcarol@example.com,519-866-6450x5730
795,CUS0000795,Reginald,Christensen,M,1981-01-05,Australian,deborahturner@example.org,(703)574-7677
796,CUS0000796,Julie,Perry,F,1953-11-21,Indonesian,stacieprince@example.org,950-257-6619x4588
797,CUS0000797,Taylor,Melton,F,1983-01-09,Malaysian,gomezjames@example.net,(501)728-4008
798,CUS0000798,Allison,Powell,F,2004-09-25,Indonesian,ureed@example.com,(308)491-7768x089
799,CUS0000799,Tasha,Gray,F,1995-05-08,Indonesian,osimon@example.com,(223)219-6463
800,CUS0000800,Elizabeth,Mckay,F,1963-08-19,Singaporean,ahudson@example.org,(489)943-0120x47137
801,CUS0000801,Brian,Caldwell,M,2005-08-18,Japanese,christina57@example.com,001-688-555-8298
802,CUS0000802,Courtney,Johnson,F,1983-04-16,Singaporean,mark84@example.com,001-460-394-4128x3337
803,CUS0000803,Michael,Wagner,M,1978-06-23,Malaysian,vbarnes@example.com,832-897-1506
804,CUS0000804,Brittany,Kennedy,F,1952-06-23,Singaporean,sharon14@example.org,476.793.6634x3925
805,CUS0000805,Linda,Castaneda,F,1957-03-30,Australian,millerjoan@example.org,+1-267-412-0072
806,CUS0000806,Eddie,Bridges,M,1996-08-01,Singaporean,elizabeth10@example.org,351-609-1090x3267
807,CUS0000807,Kevin,Gilbert,M,1986-03-12,Australian,deckerjustin@example.org,794.428.1793x406
808,CUS0000808,Michael,Patrick,M,1974-10-22,Malaysian,kelly66@example.org,353-937-2201x0912
809,CUS0000809,Cameron,Sharp,M,1969-08-13,Indonesian,gwendolyn93@example.net,566.718.9437x0526
810,CUS0000810,Austin,Johnson,M,2005-01-30,Indonesian,perry77@example.net,(357)925-6592x0246
811,CUS0000811,Sheri,Cook,F,1953-04-03,Malaysian,johnmunoz@example.com,726.200.5595
812,CUS0000812,Ashley,Ingram,F,1984-06-29,Japanese,jasoncook@example.net,001-684-986-8999x3607
813,CUS0000813,Amanda,Cook,F,1978-02-11,Malaysian,wellsnatalie@example.com,+1-693-859-3744x039
814,CUS0000814,Derek,Schmidt,M,1953-02-25,Singaporean,stephaniecole@example.com,6602148860
815,CUS0000815,Kathleen,Carpenter,F,1986-09-27,Malaysian,kimberly36@example.net,001-452-683-0615x3701
816,CUS0000816,Christopher,Carter,M,1967-11-22,Malaysian,bmartin@example.org,001-525-314-4881x1210
817,CUS0000817,Peggy,Bauer,F,1968-10-09,Indonesian,danielhayes@example.org,587.681.7941x51526
818,CUS0000818,Molly,Bartlett,F,1992-08-10,Australian,gayfrancis@example.com,(888)337-5056
819,CUS0000819,Renee,Parsons,F,1977-10-13,Australian,garyoliver@example.com,001-591-237-8765x53007
820,CUS0000820,Laura,Smith,F,1995-08-15,Malaysian,deborah60@example.com,712.319.8819x277
821,CUS0000821,Mario,Johnson,M,2007-03-26,Australian,john86@example.com,7108424624
822,CUS0000822,Vicki,Hester,F,1975-02-24,Malaysian,jimenezjoanna@example.com,3047521289
823,CUS0000823,Ashley,Villegas,F,2002-08-28,Indonesian,lucas12@example.net,391.630.4488
824,CUS0000824,Susan,Barrett,F,1957-03-25,Indonesian,cgoodwin@example.com,(715)840-2119x01707
825,CUS0000825,Kimberly,Baker,F,1990-08-08,Japanese,christopherjackson@example.net,001-810-273-2283
826,CUS0000826,Michael,Golden,M,1989-08-21,Japanese,travisyoung@example.com,896.638.4526
827,CUS0000827,Debra,Jensen,F,1958-11-17,Malaysian,mscott@example.com,3165934292
828,CUS0000828,Casey,Williams,M,1967-05-29,Indonesian,simongabriella@example.org,341.790.3106
829,CUS0000829,Christine,Thomas,F,1999-09-07,Malaysian,meltonmark@example.com,(684)873-2365x3377
830,CUS0000830,Amber,Smith,F,1981-12-10,Australian,bryansmall@example.org,001-278-943-6142x4426
831,CUS0000831,Rachel,Moreno,F,1990-04-22,Singaporean,pbailey@example.org,534.976.4273x720
832,CUS0000832,Janice,Downs,F,1987-12-10,Malaysian,danielgriffith@example.net,614-584-6019x134
833,CUS0000833,Norma,Barnett,F,1988-03-24,Indonesian,courtneymadden@example.org,(505)486-9507
834,CUS0000834,Ashley,Torres,F,2002-05-25,Japanese,zking@example.com,001-936-599-9516
835,CUS0000835,Stefanie,Nguyen,F,1973-04-09,Malaysian,thomas38@example.com,936.880.1192x3603
836,CUS0000836,Joseph,Rodgers,M,1957-05-18,Indonesian,ohiggins@example.net,335.610.4096
837,CUS0000837,Maria,Wu,F,1964-08-15,Malaysian,petersonjoel@example.org,449-283-0748
838,CUS0000838,Timothy,Burns,M,1965-02-12,Indonesian,gclay@example.org,293.694.0655x78201
839,CUS0000839,Corey,Short,M,1966-05-02,Japanese,oconnorjames@example.org,224.370.7392
840,CUS0000840,Molly,Ramsey,F,1975-05-06,Indonesian,mary62@example.net,427-860-2508
841,CUS0000841,Brian,Duran,M,1964-10-21,Indonesian,hernandezdaniel@example.org,001-524-988-8995x729
842,CUS0000842,Jeffery,Carr,M,2004-06-22,Malaysian,qramirez@example.net,303.464.6871
843,CUS0000843,Stephanie,Hall,F,1998-01-18,Australian,castroralph@example.net,001-220-382-8323
844,CUS0000844,David,Tran,M,1973-06-21,Japanese,greenmartin@example.org,(406)973-2318
845,CUS0000845,Benjamin,Le,M,1987-08-07,Australian,rojasmarc@example.org,+1-345-500-0000x15291
846,CUS0000846,Karen,Trujillo,F,1980-04-07,Malaysian,brian90@example.net,(455)361-8444
847,CUS0000847,Kimberly,Hernandez,F,1995-11-11,Indonesian,hmitchell@example.org,(224)889-0567
848,CUS0000848,John,Williams,M,1953-09-20,Japanese,stanleynina@example.com,(551)858-4826x691
849,CUS0000849,Brittany,Adams,F,1965-11-25,Australian,mike05@example.com,(596)508-0706
850,CUS0000850,Jennifer,Chase,F,1988-05-20,Malaysian,ymontgomery@example.org,001-298-622-1040x16481
851,CUS0000851,Mario,Green,M,1994-03-16,Indonesian,amywells@example.org,636.438.1643x21269
852,CUS0000852,Joseph,Brewer,M,1995-10-13,Singaporean,rickey20@example.org,(825)486-3144x17064
853,CUS0000853,Heather,Christensen,F,2001-12-14,Japanese,michelle02@example.com,955.882.4301
854,CUS0000854,Elizabeth,Conner,F,1970-03-03,Japanese,ingramjessica@example.com,288.782.4527
855,CUS0000855,Andrew,Mcdaniel,M,1954-04-23,Malaysian,john33@example.com,384.395.1632
856,CUS0000856,Anna,Greene,F,1986-03-16,Australian,ygriffith@example.org,+1-509-433-9137
857,CUS0000857,Jared,Morris,M,1965-10-03,Japanese,khanmelissa@example.net,819-287-5617
858,CUS0000858,Alexandra,Lopez,F,2006-03-21,Australian,osbornanthony@example.org,661-382-9803x65774
859,CUS0000859,Tyler,Velez,M,1950-08-09,Indonesian,peterlynch@example.com,(601)349-1189
860,CUS0000860,Joshua,Perez,M,1977-05-30,Indonesian,bcooper@example.net,(463)322-3998
861,CUS0000861,Cynthia,Hill,F,1973-05-17,Singaporean,qjones@example.org,001-842-888-6050x537
862,CUS0000862,Jessica,Gibbs,F,1953-07-20,Indonesian,wilsondavid@example.org,3302835669
863,CUS0000863,Jasmine,Cohen,F,1955-05-05,Malaysian,shelby31@example.org,001-934-855-0688x26917
864,CUS0000864,Phillip,Schneider,M,1960-02-06,Japanese,traceyguerra@example.com,001-901-434-8087x3543
865,CUS0000865,Jennifer,Lewis,F,1994-04-18,Malaysian,christina10@example.org,+1-457-209-0859x91449
866,CUS0000866,Miguel,Chavez,M,1967-10-07,Singaporean,richardharper@example.net,+1-669-496-4899x718
867,CUS0000867,Kimberly,Diaz,F,1976-07-13,Japanese,dylancunningham@example.com,4845993231
868,CUS0000868,Edward,Thomas,M,1979-08-25,Indonesian,delliott@example.com,+1-508-672-6176x072
869,CUS0000869,Justin,Vang,M,1965-12-01,Singaporean,markbates@example.com,+1-838-728-0405x6129
870,CUS0000870,Allen,Ballard,M,2003-10-02,Australian,richardhines@example.net,+1-926-841-8696x56130
871,CUS0000871,Brett,Rivas,M,1960-04-23,Malaysian,lindsayedwards@example.com,001-214-434-6823x94840
872,CUS0000872,Karen,Walker,F,1950-11-02,Australian,yburke@example.org,7162831139
873,CUS0000873,Anthony,Jones,M,1986-04-24,Japanese,salazarjoshua@example.com,+1-491-250-7628x3976
874,CUS0000874,Nicholas,Walker,M,1969-06-08,Indonesian,andre77@example.com,+1-746-220-7266x292
875,CUS0000875,Kristi,Davis,F,1983-11-19,Australian,dlivingston@example.org,001-391-540-6884
876,CUS0000876,Christina,Chavez,F,1956-06-18,Japanese,stephanieedwards@example.net,(235)561-7817
877,CUS0000877,Sarah,Nolan,F,1961-07-29,Australian,millerfrank@example.com,736-838-5277
878,CUS0000878,Bryan,Robinson,M,1955-06-15,Singaporean,kurt90@example.net,(395)802-6480
879,CUS0000879,Desiree,Cooley,F,1966-06-28,Indonesian,qharris@example.org,(378)912-7782x2102
880,CUS0000880,Stephanie,Chapman,F,2006-09-11,Australian,curtislee@example.net,(429)785-7973x63831
881,CUS0000881,Jennifer,Morgan,F,1989-05-07,Singaporean,bmoyer@example.com,001-898-466-1770x673
882,CUS0000882,Scott,Smith,M,2002-06-03,Singaporean,bennettdouglas@example.net,(223)755-2165
883,CUS0000883,Kimberly,West,F,1957-07-14,Japanese,richard21@example.net,+1-621-592-5967x9089
884,CUS0000884,Jeffrey,Lynch,M,1970-01-18,Indonesian,bentondavid@example.org,309-338-6948x42495
885,CUS0000885,Drew,Hayes,M,1987-07-13,Malaysian,wrivers@example.org,001-471-252-3867x673
886,CUS0000886,Timothy,Hayes,M,1976-04-14,Singaporean,stuartbryan@example.net,+1-477-498-7682x99687
887,CUS0000887,Erica,Ray,F,1984-01-03,Singaporean,gibbsamanda@example.net,906.223.5040x56695
888,CUS0000888,Amanda,Martinez,F,1969-06-03,Japanese,kimberlycooper@example.com,642-486-7963x259
889,CUS0000889,Margaret,Walters,F,1959-06-15,Indonesian,kristine33@example.net,001-715-962-4152
890,CUS0000890,Cassandra,Landry,F,1976-11-14,Singaporean,tanyajackson@example.net,335.889.5138
891,CUS0000891,Jaclyn,Johnson,F,1994-05-05,Singaporean,ystone@example.net,309-357-4430x34918
892,CUS0000892,Suzanne,George,F,1961-08-11,Japanese,gonzalezmarissa@example.com,001-334-701-5364
893,CUS0000893,Edward,Rodriguez,M,2006-09-18,Japanese,james32@example.com,+1-636-478-1367x500
894,CUS0000894,Michael,Schneider,M,1957-10-26,Japanese,stephanie10@example.com,(276)498-1987
895,CUS0000895,Peter,Smith,M,1974-12-17,Singaporean,jimmypalmer@example.net,001-956-922-5866x05986
896,CUS0000896,Diana,Huffman,F,1959-10-20,Japanese,gmccarthy@example.com,001-648-359-6559x4282
897,CUS0000897,Walter,Burnett,M,1979-07-12,Indonesian,anthony00@example.org,(345)739-3132
898,CUS0000898,Sean,Jones,M,1950-10-10,Indonesian,matthew08@example.org,+1-968-421-4448x8966
899,CUS0000899,Kathryn,Jefferson,F,1965-07-04,Singaporean,ocole@example.com,001-546-420-2582x5431
900,CUS0000900,Michelle,Morton,F,1957-08-07,Japanese,jamesbrown@example.org,+1-820-649-1060x183
901,CUS0000901,John,Harris,M,1988-01-04,Australian,icooper@example.org,001-676-981-7225x77545
902,CUS0000902,Brandy,Moore,F,1989-04-07,Malaysian,nguyenchristine@example.net,001-376-983-1608x27172
903,CUS0000903,Melissa,Gonzalez,F,2003-12-19,Singaporean,sararios@example.org,8524229993
904,CUS0000904,Tina,Oconnor,F,2004-10-17,Malaysian,diane91@example.net,738-682-3255x3983
905,CUS0000905,Debra,Martinez,F,1999-09-19,Indonesian,fmclaughlin@example.org,(964)330-9544
906,CUS0000906,Christopher,Griffin,M,2006-07-12,Singaporean,ksmith@example.org,912.705.3978x713
907,CUS0000907,Brenda,Bean,F,1985-09-16,Australian,davidjohnson@example.net,001-912-956-0832x00487
908,CUS0000908,Hannah,Clark,F,2000-10-01,Australian,elizabeth52@example.org,+1-786-300-3044x3619
909,CUS0000909,Joe,Reed,M,1961-06-27,Malaysian,monicaduncan@example.org,5299295014
910,CUS0000910,Donald,Parrish,M,1985-03-12,Malaysian,brianmorrow@example.org,001-367-413-9719
911,CUS0000911,Jennifer,Schultz,F,2000-03-10,Malaysian,darrellmoore@example.net,001-876-372-0191x116
912,CUS0000912,Beverly,White,F,1958-08-17,Singaporean,griffinjennifer@example.net,001-787-533-9304x9366
913,CUS0000913,Kimberly,Guerrero,F,1981-05-19,Japanese,kimberly12@example.com,(711)240-8682
914,CUS0000914,Kenneth,Nguyen,M,1959-07-23,Malaysian,caitlynbennett@example.org,001-735-456-1039
915,CUS0000915,Richard,Silva,M,2006-06-08,Australian,frankjeremy@example.com,724-836-5858
916,CUS0000916,Eric,Bradshaw,M,1964-10-27,Malaysian,greencharles@example.net,001-920-627-0615x92738
917,CUS0000917,Amy,George,F,1954-08-01,Singaporean,fhiggins@example.com,(290)563-2248x15542
918,CUS0000918,Michael,Delacruz,M,1952-08-06,Indonesian,briansmith@example.com,(779)675-6491x5795
919,CUS0000919,Jeffery,Thompson,M,1967-02-21,Malaysian,timothy12@example.com,260.810.8018x103
920,CUS0000920,Kristen,Garcia,F,1977-07-10,Japanese,kathryn17@example.org,(780)280-8157x12901
921,CUS0000921,Julie,Gonzalez,F,1953-04-14,Singaporean,pchavez@example.org,835.410.4584x743
922,CUS0000922,Brian,Gonzalez,M,1951-08-01,Malaysian,iwhite@example.net,+1-557-566-9470x31805
923,CUS0000923,Lisa,Moore,F,2005-07-04,Singaporean,bweeks@example.com,(821)859-1832x70004
924,CUS0000924,Jeffery,Collins,M,1972-11-15,Australian,fischerlaura@example.org,397.671.4004x938
925,CUS0000925,Laura,Edwards,F,1995-11-01,Australian,stewartgeorge@example.com,+1-598-309-4976x987
926,CUS0000926,Christina,Garza,F,1997-01-07,Australian,cervantespatrick@example.net,001-641-566-1237x4077
927,CUS0000927,David,Thompson,M,1972-04-30,Indonesian,vwhite@example.net,499.249.9197x01426
928,CUS0000928,Cindy,Williams,F,1981-09-30,Japanese,danieljenkins@example.org,+1-904-418-1359x98989
929,CUS0000929,Stephanie,Miller,F,1980-08-22,Singaporean,simonamanda@example.net,001-448-401-8644
930,CUS0000930,Peter,Hayes,M,1974-08-16,Japanese,ashleyalexander@example.net,(770)982-0048x067
931,CUS0000931,Mary,Poole,F,1962-08-19,Indonesian,omarmiller@example.net,(411)928-7942x9688
932,CUS0000932,Nicholas,Myers,M,1996-01-03,Malaysian,dbeck@example.com,3957314196
933,CUS0000933,Jessica,Snyder,F,1987-12-13,Japanese,gregorymitchell@example.net,+1-883-456-5179
934,CUS0000934,Eileen,Williams,F,1991-07-20,Malaysian,smiles@example.net,(368)934-9604x7842
935,CUS0000935,Adam,Hoffman,M,1957-05-08,Indonesian,wthomas@example.net,001-536-248-8208x93486
936,CUS0000936,Shirley,Taylor,F,1967-12-27,Singaporean,wmendoza@example.net,399.516.0911x413
937,CUS0000937,Heather,Campos,F,1991-03-16,Malaysian,yolandamarks@example.net,(313)837-6052x30458
938,CUS0000938,Evelyn,Greer,F,1951-11-21,Malaysian,michaelblanchard@example.com,824.819.1650x3440
939,CUS0000939,Ryan,Harrison,M,2000-10-10,Australian,vmosley@example.org,001-482-349-8980x88067
940,CUS0000940,Devon,Ramos,M,1978-07-19,Japanese,cobbmary@example.net,(566)848-6989
941,CUS0000941,Michael,Dunn,M,1971-08-08,Malaysian,sbradley@example.org,759-545-0119x29207
942,CUS0000942,Melissa,James,F,1997-09-03,Indonesian,bellchad@example.org,(603)798-8636x53621
943,CUS0000943,Jacqueline,Brown,F,1983-06-08,Japanese,williamsbrooke@example.net,001-642-848-9420
944,CUS0000944,Yvonne,Fleming,F,1969-01-14,Japanese,areynolds@example.org,964-620-4565x77580
945,CUS0000945,Patricia,Oconnell,F,1963-06-25,Japanese,colemanjohn@example.com,766-522-6540x165
946,CUS0000946,Timothy,Smith,M,1996-05-06,Singaporean,lmartin@example.org,(824)427-6774
947,CUS0000947,Phillip,Austin,M,1976-12-11,Australian,garciagregory@example.net,215-284-8860
948,CUS0000948,Ashley,Chapman,F,1977-05-07,Malaysian,jdawson@example.org,912.499.5704
949,CUS0000949,Wendy,Ortiz,F,1968-04-19,Singaporean,daniellecoleman@example.org,001-812-203-8437x5365
950,CUS0000950,Joel,Bell,M,2006-02-16,Japanese,miguelbaker@example.net,(742)618-3854
951,CUS0000951,Amber,Lowe,F,1979-08-09,Japanese,kevin54@example.net,952.331.1232x748
952,CUS0000952,Jerry,Santana,M,1977-06-27,Indonesian,johncarter@example.net,+1-227-320-3886x21750
953,CUS0000953,Lawrence,Hughes,M,1967-03-14,Singaporean,scottjennifer@example.org,5697358824
954,CUS0000954,Sarah,Ibarra,F,1951-03-14,Australian,hodgemichelle@example.net,001-418-616-7784x8165
955,CUS0000955,Dawn,Rangel,F,1974-11-09,Singaporean,jose08@example.org,+1-351-279-9378
956,CUS0000956,Martin,Curtis,M,2004-11-12,Malaysian,john91@example.org,+1-878-484-8699
957,CUS0000957,Stacey,Duran,F,1991-02-23,Singaporean,torrestricia@example.com,001-527-214-7246
958,CUS0000958,Rhonda,Hensley,F,1991-02-07,Japanese,lpage@example.com,(538)339-7283
959,CUS0000959,Brittany,Rodriguez,F,1994-05-12,Japanese,kjohnson@example.net,428.380.9832
960,CUS0000960,Amanda,Wilson,F,1962-12-29,Japanese,gregorysmith@example.org,001-986-876-6100x898
961,CUS0000961,Barbara,Kelley,F,2006-01-18,Japanese,jaime61@example.com,2389453198
962,CUS0000962,Desiree,Logan,F,2002-07-20,Australian,jamesparker@example.net,810-903-0762x05459
963,CUS0000963,Roy,Rivera,M,1997-04-13,Malaysian,grahamteresa@example.net,(264)911-0654x1134
964,CUS0000964,Kimberly,Garcia,F,1992-03-08,Indonesian,kelsey70@example.net,+1-805-883-6683x482
965,CUS0000965,Caitlin,Lawson,F,2003-10-23,Japanese,riceamber@example.net,+1-789-217-8791
966,CUS0000966,Jacqueline,Garza,F,1962-09-08,Indonesian,shawn19@example.com,(409)832-0126x5789
967,CUS0000967,Alexis,Levine,F,1988-01-18,Malaysian,juareztina@example.net,(621)375-5851x777
968,CUS0000968,Michael,Taylor,M,1970-08-04,Indonesian,yguzman@example.org,488-824-1996
969,CUS0000969,Deborah,Martin,F,1991-06-10,Singaporean,lcook@example.org,204.754.2185x457
970,CUS0000970,Jessica,Wagner,F,1950-08-04,Singaporean,davidkane@example.com,6902016356
971,CUS0000971,Joe,Lewis,M,1959-08-26,Indonesian,melanie72@example.net,(489)454-0017
972,CUS0000972,Michael,Love,M,1966-10-02,Singaporean,taylorrobert@example.com,+1-350-371-0580
973,CUS0000973,Kenneth,Villegas,M,1991-12-08,Australian,meganblackwell@example.org,+1-215-226-1053x70923
974,CUS0000974,Julia,Pacheco,F,1990-10-17,Australian,erin07@example.com,001-918-894-8543x298
975,CUS0000975,Kevin,Berry,M,1978-06-10,Australian,david44@example.com,001-216-619-8273x48131
976,CUS0000976,Gary,Hernandez,M,2003-02-10,Australian,lwalker@example.org,243.857.4835x268
977,CUS0000977,Shannon,Werner,F,1980-01-10,Indonesian,mcgeeseth@example.net,+1-434-748-8384
978,CUS0000978,Robert,Reyes,M,2004-09-07,Japanese,richard28@example.org,750-877-4065x79551
979,CUS0000979,Christopher,Cunningham,M,2000-01-07,Japanese,wheeleramber@example.com,001-851-307-4091x31117
980,CUS0000980,Lindsay,Parks,F,1960-01-30,Australian,linda76@example.org,+1-422-406-9535x41201
981,CUS0000981,Jessica,Edwards,F,2004-06-02,Malaysian,monica00@example.org,(201)951-5325x94795
982,CUS0000982,Douglas,Blanchard,M,1983-11-24,Australian,hubbardjanet@example.org,898.605.9503x100
983,CUS0000983,Tina,Howell,F,1971-02-01,Japanese,harrisphyllis@example.org,6453203608
984,CUS0000984,Andrea,Evans,F,1992-02-20,Malaysian,mosesveronica@example.com,+1-792-885-5359x520
985,CUS0000985,Andrea,Brown,F,1983-07-12,Singaporean,schneiderraymond@example.com,+1-501-986-7740
986,CUS0000986,Jonathan,Benson,M,1958-12-03,Malaysian,eileenhudson@example.com,295-530-0677x6255
987,CUS0000987,Caitlyn,Bailey,F,1951-02-23,Singaporean,snydertricia@example.com,426-424-1784x290
988,CUS0000988,Colleen,Walker,F,1972-12-02,Malaysian,jonesjo@example.org,001-806-605-3088
989,CUS0000989,David,Hernandez,M,1958-05-02,Australian,cruzscott@example.org,+1-404-357-5988x759
990,CUS0000990,Carolyn,Mclaughlin,F,2002-11-12,Australian,zcollins@example.org,436.320.2755
991,CUS0000991,Dawn,Lucero,F,1952-01-28,Japanese,aaronwallace@example.org,(323)780-2362x192
992,CUS0000992,Susan,Warren,F,1958-11-13,Malaysian,rsharp@example.com,001-716-711-8638
993,CUS0000993,Joshua,Miller,M,1990-06-12,Japanese,ashley77@example.org,001-516-388-0053x789
994,CUS0000994,Kimberly,Bennett,F,1960-11-29,Australian,znolan@example.net,454-501-8227x200
995,CUS0000995,Lisa,Herrera,F,1992-12-11,Singaporean,derekdougherty@example.org,714-547-4328x116
996,CUS0000996,Meredith,Nunez,F,2000-06-17,Indonesian,andersoncynthia@example.org,523-222-7752x135
997,CUS0000997,Stephanie,Malone,F,1984-08-24,Indonesian,butlerolivia@example.com,863-300-5937x775
998,CUS0000998,Lisa,Walker,F,2002-08-26,Australian,suttondenise@example.net,561-374-6902
999,CUS0000999,Terry,Johnson,F,1967-04-08,Australian,carl66@example.org,(291)731-6708
1000,CUS0001000,Jared,Dyer,M,2007-08-23,Singaporean,zskinner@example.com,001-606-636-2198x65504
1001,CUS0001001,Elizabeth,Johnson,F,1979-10-04,Japanese,rpetty@example.com,+1-533-496-5049x627
1002,CUS0001002,Sarah,Cruz,F,1979-12-02,Singaporean,davistanya@example.com,262.958.5421
1003,CUS0001003,Travis,Wheeler,M,1997-02-28,Japanese,singhsarah@example.org,+1-434-619-9643x3853
1004,CUS0001004,Travis,Dickson,M,1963-02-05,Singaporean,elizabeth58@example.org,934.830.3115
1005,CUS0001005,Alfred,Baird,M,1968-07-27,Japanese,michelle69@example.net,775-976-9453x536
1006,CUS0001006,William,Nelson,M,1976-09-15,Singaporean,erivers@example.com,242.712.5450
1007,CUS0001007,Timothy,Giles,M,1971-03-30,Indonesian,briggsjacob@example.com,+1-225-959-6647x213
1008,CUS0001008,Sheila,Hill,F,1966-09-13,Malaysian,kimberly91@example.com,(561)440-4893
1009,CUS0001009,Teresa,Velasquez,F,1970-11-17,Indonesian,olivia30@example.com,001-363-973-1008
1010,CUS0001010,Todd,Short,M,1961-10-05,Indonesian,sarahmiller@example.net,+1-671-484-5235
1011,CUS0001011,Jeffrey,Bullock,M,2004-08-31,Australian,rgreen@example.net,+1-970-917-3208x65237
1012,CUS0001012,Bonnie,Jordan,F,1996-10-20,Australian,richard37@example.org,240-705-2781
1013,CUS0001013,Gabriel,Stone,M,1953-07-02,Malaysian,johnsonedwin@example.net,(821)242-5731
1014,CUS0001014,Lindsey,Perez,F,1989-06-07,Malaysian,hammondjeff@example.com,817.420.3136x95528
1015,CUS0001015,Terrence,Johnson,M,1994-04-12,Indonesian,barbarawelch@example.com,452.459.5332
1016,CUS0001016,Mark,Townsend,M,1980-07-09,Japanese,hollylee@example.net,+1-892-804-5735x323
1017,CUS0001017,Brandon,Bell,M,1952-10-04,Singaporean,dsanders@example.net,208.326.9718x236
1018,CUS0001018,Alexis,Martinez,F,1977-05-16,Singaporean,gomezmegan@example.net,688.821.7648
1019,CUS0001019,John,Nguyen,M,2001-09-08,Australian,david33@example.net,(422)780-1944
1020,CUS0001020,Kristina,Santiago,F,2000-10-15,Singaporean,jenniferortega@example.net,+1-822-556-0629x5350
1021,CUS0001021,Sandra,Reid,F,1999-07-13,Indonesian,plin@example.org,+1-518-604-6741x3075
1022,CUS0001022,Raymond,Delgado,M,1972-06-10,Malaysian,alexanderkeller@example.org,001-762-660-8463x97561
1023,CUS0001023,Richard,Williams,M,1972-01-24,Malaysian,ashley21@example.com,664-211-9556
1024,CUS0001024,Laura,Lambert,F,1989-08-10,Australian,nvargas@example.net,478-275-2070x20426
1025,CUS0001025,Andrea,Camacho,F,1984-02-27,Singaporean,taylordorothy@example.org,213-993-6967x8976
1026,CUS0001026,Cindy,Martin,F,1983-10-11,Malaysian,zhall@example.net,001-822-776-0759x88978
1027,CUS0001027,David,Walsh,M,1964-07-19,Indonesian,james91@example.net,001-465-343-0895x23120
1028,CUS0001028,Laurie,Bell,F,1951-12-30,Singaporean,tom64@example.com,001-974-870-0026
1029,CUS0001029,Elizabeth,Gardner,F,2002-04-14,Malaysian,tcrawford@example.net,797.241.6365x604
1030,CUS0001030,Alexander,Sanchez,M,1971-10-24,Indonesian,thomasjohnson@example.net,(849)569-2771x1952
1031,CUS0001031,Erica,Williams,F,1975-08-22,Malaysian,lball@example.com,(712)682-7636x431
1032,CUS0001032,Thomas,Oliver,M,1988-06-22,Singaporean,cheryl54@example.com,+1-863-545-4434x41491
1033,CUS0001033,Nicole,Sanchez,F,1998-06-01,Australian,joshua74@example.org,001-546-240-8822
1034,CUS0001034,Leslie,Mason,F,1959-02-16,Indonesian,ncummings@example.net,+1-488-394-1321x09720
1035,CUS0001035,Shannon,Gill,F,1982-12-26,Indonesian,kevin85@example.org,665-857-9220x3004
1036,CUS0001036,Ryan,James,M,1954-10-03,Singaporean,jenniferwalker@example.org,8257121375
1037,CUS0001037,Kendra,Larson,F,1963-05-07,Malaysian,brandi70@example.net,(819)593-1458x43456
1038,CUS0001038,Bradley,Walker,M,1987-04-13,Indonesian,brandon34@example.org,662.420.3347
1039,CUS0001039,Deborah,Clark,F,1957-09-23,Australian,turnerelizabeth@example.net,001-468-668-0085
1040,CUS0001040,James,Aguilar,M,1953-10-21,Australian,oliviavaldez@example.net,+1-577-741-7430x43502
1041,CUS0001041,Theresa,Martin,F,2005-11-10,Malaysian,robert52@example.com,001-752-833-2829x30202
1042,CUS0001042,Laura,Rodriguez,F,1964-04-21,Japanese,halljeffrey@example.com,(777)711-6750x76279
1043,CUS0001043,David,Goodman,M,1962-03-16,Malaysian,darlene30@example.org,(539)684-7230
1044,CUS0001044,Michelle,Sampson,F,1959-05-14,Singaporean,martinezkenneth@example.org,001-701-272-2240
1045,CUS0001045,Jeffrey,Johns,M,1978-07-16,Indonesian,donna87@example.net,001-717-575-4619x92406
1046,CUS0001046,Kimberly,Knapp,F,1960-11-17,Malaysian,vfuller@example.net,822-659-0956
1047,CUS0001047,Micheal,Melendez,M,1999-09-17,Australian,staceywashington@example.net,279.312.1211
1048,CUS0001048,Kiara,Church,F,1953-04-02,Indonesian,heidihaas@example.net,(690)717-0740x39251
1049,CUS0001049,Cassandra,Flores,F,2002-05-29,Malaysian,snydergerald@example.org,464.333.8722x0542
1050,CUS0001050,James,Bennett,M,1972-03-16,Singaporean,brittany63@example.org,001-908-733-4447x0488
1051,CUS0001051,Adam,Marshall,M,2005-02-19,Australian,alexbrooks@example.net,(885)519-5377x4926
1052,CUS0001052,Christopher,Rich,M,2000-10-28,Australian,robert42@example.com,375.422.5920x6165
1053,CUS0001053,Rhonda,Anderson,F,1994-11-28,Australian,ashley22@example.net,511-856-3029x5596
1054,CUS0001054,Dana,Barnett,F,2005-09-04,Japanese,debbiejackson@example.net,001-742-306-6154x9808
1055,CUS0001055,Cory,Cummings,M,1965-07-28,Singaporean,williamsaudrey@example.org,001-321-712-2121x548
1056,CUS0001056,Joshua,Kane,M,1987-05-18,Japanese,znichols@example.com,2198185488
1057,CUS0001057,Ellen,Torres,F,1959-06-26,Japanese,williamspaul@example.net,377.887.3585x66464
1058,CUS0001058,Misty,Robinson,F,1995-03-17,Indonesian,danielthomas@example.com,(621)432-0410
1059,CUS0001059,Logan,Patel,M,2004-07-20,Indonesian,campbelltodd@example.net,001-611-379-7269
1060,CUS0001060,Matthew,Palmer,M,1963-12-13,Japanese,mossandrew@example.org,(866)502-0005x32853
1061,CUS0001061,Shane,Smith,M,1993-05-22,Singaporean,nguyenharry@example.org,938.805.8269x29900
1062,CUS0001062,Kimberly,Reynolds,F,2006-05-17,Japanese,pavila@example.org,(883)389-6337
1063,CUS0001063,Kathy,Reid,F,1993-05-05,Indonesian,dthompson@example.org,468.541.0132
1064,CUS0001064,Steven,Love,M,1960-10-05,Japanese,nunezmelinda@example.net,252.879.1875
1065,CUS0001065,Tiffany,Olson,F,1976-08-21,Indonesian,curtisroberto@example.net,001-959-920-8814x3192
1066,CUS0001066,Tina,Wilson,F,1984-08-20,Indonesian,gomezbrittney@example.net,+1-838-845-7202
1067,CUS0001067,Jackie,Ashley,F,1977-07-25,Singaporean,ngallagher@example.com,001-412-757-3498
1068,CUS0001068,Erika,Guzman,F,1996-01-25,Australian,afuller@example.com,001-642-399-0747x2966
1069,CUS0001069,Phillip,Andrews,M,1977-05-14,Japanese,asmith@example.net,+1-374-574-8599x464
1070,CUS0001070,Rebekah,Pham,F,2008-01-12,Malaysian,daniel73@example.com,285.636.9881x649
1071,CUS0001071,Dylan,Smith,M,1991-07-24,Australian,elizabethrobertson@example.com,2528102627
1072,CUS0001072,Jennifer,Tran,F,1954-07-24,Indonesian,larsenharold@example.net,758-913-0889x830
1073,CUS0001073,Eric,Briggs,M,1987-11-23,Japanese,christinedoyle@example.com,001-518-256-3027x5000
1074,CUS0001074,Michael,Cortez,M,2002-02-05,Indonesian,xgarcia@example.net,(630)856-4184x937
1075,CUS0001075,Joan,Williams,F,2002-03-11,Malaysian,bsloan@example.net,887-726-0013
1076,CUS0001076,Stephen,Martinez,M,1966-02-09,Japanese,samantha44@example.org,+1-690-267-4568x652
1077,CUS0001077,James,Cobb,M,1958-12-21,Indonesian,morrismax@example.net,(672)956-2221x90533
1078,CUS0001078,Rebecca,Green,F,1971-04-23,Indonesian,tlester@example.net,755-293-9652x1383
1079,CUS0001079,Katherine,Miller,F,1959-09-24,Australian,mason53@example.org,(390)903-6221
1080,CUS0001080,David,Maxwell,M,1960-02-20,Singaporean,bsimpson@example.com,+1-783-495-8558
1081,CUS0001081,Catherine,Barnett,F,1961-12-26,Malaysian,donald51@example.com,285-775-9171
1082,CUS0001082,Sydney,Rice,F,1993-09-22,Australian,coxcarol@example.com,674.347.3535x247
1083,CUS0001083,Sandra,Anthony,F,1958-07-01,Australian,beverly97@example.org,549-330-5378x803
1084,CUS0001084,Joseph,Fisher,M,2003-12-26,Japanese,barkerjohn@example.net,992.960.8788x28152
1085,CUS0001085,Craig,Mitchell,M,1988-02-25,Malaysian,rwhite@example.org,321-774-6535x37801
1086,CUS0001086,Jeffery,Mendoza,M,1970-04-21,Singaporean,molly71@example.net,676.829.6914x3362
1087,CUS0001087,Lori,Jordan,F,1973-08-18,Japanese,lynchbarbara@example.org,001-501-708-9857x390
1088,CUS0001088,Christopher,Padilla,M,1987-03-01,Singaporean,salvarado@example.com,(946)748-8499
1089,CUS0001089,Jeffrey,Hoffman,M,1975-08-21,Indonesian,tmurphy@example.net,(982)381-9022x179
1090,CUS0001090,Sally,Evans,F,1987-03-04,Australian,daniellesolomon@example.com,370-659-8445
1091,CUS0001091,Rebecca,Harris,F,1984-03-03,Japanese,alexandramyers@example.net,812-330-3885
1092,CUS0001092,Patricia,Lane,F,1991-11-21,Singaporean,fflowers@example.com,490-809-9217x79055
1093,CUS0001093,Tim,Richards,M,1965-06-08,Australian,christopher58@example.net,001-307-205-3260x11939
1094,CUS0001094,Danielle,Mathews,F,1958-12-12,Singaporean,pparker@example.com,(313)260-9085x818
1095,CUS0001095,Diane,Brown,F,1959-08-17,Singaporean,jason73@example.com,358-573-6627
1096,CUS0001096,Michael,Hicks,M,1991-03-13,Indonesian,ncarroll@example.com,790.605.8561
1097,CUS0001097,Joanna,Sanchez,F,1994-09-03,Japanese,michelle63@example.net,492.555.1164x3690
1098,CUS0001098,John,White,M,1952-04-24,Singaporean,amyfisher@example.net,(860)353-4281x6441
1099,CUS0001099,Andrew,Garcia,M,1997-10-18,Indonesian,uhaley@example.net,258.546.4051
1100,CUS0001100,Michael,Payne,M,1959-08-10,Japanese,abaird@example.com,(676)636-2814
1101,CUS0001101,Jesse,Rice,M,1989-10-18,Australian,brittanybauer@example.org,001-269-406-7649
1102,CUS0001102,Christopher,Herrera,M,1969-04-30,Singaporean,uhubbard@example.com,635-587-2717
1103,CUS0001103,Alex,Faulkner,M,2005-03-31,Australian,mccormickkatherine@example.com,001-903-743-9881x87387
1104,CUS0001104,Tonya,Walker,F,1966-04-28,Singaporean,richardjuarez@example.com,7415309091
1105,CUS0001105,Jose,Walsh,M,1978-12-01,Indonesian,lopezdavid@example.org,(942)904-1231x905
1106,CUS0001106,Cesar,Adams,M,1969-05-31,Japanese,smithjasmine@example.com,001-294-919-3245x381
1107,CUS0001107,Michelle,Collins,F,1993-07-23,Singaporean,douglashill@example.com,5984726496
1108,CUS0001108,Cassandra,Miller,F,1984-02-24,Japanese,laura24@example.org,832-861-1890x034
1109,CUS0001109,Annette,James,F,1953-10-25,Singaporean,ismith@example.com,320.720.0953x662
1110,CUS0001110,Christina,Mullen,F,1990-02-04,Singaporean,smithsteven@example.net,900-317-3259x00739
1111,CUS0001111,Collin,Osborne,M,1994-12-03,Australian,fjackson@example.org,986.490.8716
1112,CUS0001112,Charlene,Johnson,F,2006-06-11,Malaysian,leslie46@example.org,219.428.1707x4436
1113,CUS0001113,Roger,Malone,M,1970-05-05,Japanese,isaiahthomas@example.net,(602)952-3941x2094
1114,CUS0001114,Robert,Wells,M,1962-08-31,Australian,njensen@example.net,(365)951-3276
1115,CUS0001115,Lindsey,Evans,F,1988-04-24,Indonesian,wallererica@example.com,(359)785-1602x119
1116,CUS0001116,Tina,Herrera,F,2007-08-31,Australian,jacksonrussell@example.com,001-849-286-4786x86237
1117,CUS0001117,Susan,Porter,F,1968-09-18,Australian,stephen08@example.net,678.419.1907
1118,CUS0001118,Angelica,Turner,F,1953-10-27,Singaporean,uduncan@example.net,001-936-292-3534x84864
1119,CUS0001119,Kathy,Wilson,F,1989-06-17,Australian,bflores@example.org,(702)712-3720
1120,CUS0001120,Aaron,Clark,M,1965-03-20,Japanese,brownandrew@example.net,(334)367-3919x0088
1121,CUS0001121,Darlene,Sullivan,F,1950-07-29,Singaporean,rileymelissa@example.org,(292)832-7379x8979
1122,CUS0001122,Adam,Pope,M,1973-04-26,Malaysian,amy18@example.com,846.330.0099x8433
1123,CUS0001123,Steve,Sharp,M,1967-01-08,Australian,gmiller@example.net,451-698-5458
1124,CUS0001124,Chris,Smith,M,1993-09-01,Japanese,linda01@example.com,853.646.6075
1125,CUS0001125,Diane,Zamora,F,1968-12-29,Australian,jreynolds@example.net,3104824028
1126,CUS0001126,Thomas,Delgado,M,1985-04-30,Australian,xcarlson@example.com,9266208581
1127,CUS0001127,Michael,Conway,M,1982-03-19,Malaysian,kristinehoward@example.org,(442)735-7004x12918
1128,CUS0001128,Brian,Wilson,M,1978-11-20,Malaysian,fullerkristie@example.com,(290)646-1007x923
1129,CUS0001129,Jeffery,Johnson,M,1956-03-12,Australian,annaboyd@example.com,701-323-2961
1130,CUS0001130,Beth,Pena,F,1968-05-23,Indonesian,alexander66@example.com,844.560.4227
1131,CUS0001131,Samuel,Evans,M,2006-07-20,Indonesian,rodriguezchristopher@example.org,7578347243
1132,CUS0001132,Angela,Kidd,F,1986-10-14,Australian,frankstewart@example.org,001-427-426-7086x6656
1133,CUS0001133,Donald,Jones,M,1992-09-06,Indonesian,ahenson@example.net,784.294.7712x903
1134,CUS0001134,Andrew,Proctor,M,1957-10-20,Japanese,vincent74@example.org,(835)443-4046
1135,CUS0001135,Travis,Hernandez,M,1973-04-12,Australian,mbridges@example.net,001-952-554-9206x44111
1136,CUS0001136,Joshua,Miller,M,1960-05-19,Malaysian,qwright@example.com,343.659.4882
1137,CUS0001137,Laurie,Barnes,F,1951-12-22,Indonesian,xsullivan@example.org,(411)502-1254x341
1138,CUS0001138,Scott,Wilson,M,1977-09-18,Singaporean,collinsjulie@example.net,(303)972-1860x03203
1139,CUS0001139,Juan,Vargas,M,1991-07-11,Australian,millerlindsey@example.org,9348713171
1140,CUS0001140,Angel,Curry,M,1993-04-16,Japanese,jhenson@example.com,+1-390-584-1947x85501
1141,CUS0001141,Tyler,Peterson,M,1973-05-17,Australian,jasminjohnson@example.org,+1-287-580-7279
1142,CUS0001142,John,Dougherty,M,1957-08-05,Japanese,sjohnson@example.net,697-922-3996
1143,CUS0001143,Katherine,Martinez,F,1963-11-13,Malaysian,omorgan@example.org,968.210.2480x855
1144,CUS0001144,Alexis,Curtis,F,1995-12-06,Australian,james23@example.com,(721)969-0696
1145,CUS0001145,Debbie,Estrada,F,1951-10-02,Malaysian,rowen@example.net,(316)891-3952x150
1146,CUS0001146,Stephanie,Colon,F,1976-10-28,Malaysian,smithsarah@example.org,550.484.2431
1147,CUS0001147,Donna,Wyatt,F,1984-08-25,Australian,robinsonalejandro@example.org,001-969-710-5302x1516
1148,CUS0001148,Phillip,Klein,M,1976-10-22,Australian,richard33@example.net,+1-953-848-1105x014
1149,CUS0001149,Debbie,Chaney,F,1983-10-12,Singaporean,hfoley@example.com,438.555.1281x7751
1150,CUS0001150,Leslie,Hubbard,F,1984-04-07,Malaysian,petersonjordan@example.com,+1-609-872-3602x4465
1151,CUS0001151,Patricia,Mcdonald,F,1952-11-21,Indonesian,calvin10@example.com,508.971.5647
1152,CUS0001152,Matthew,Brown,M,1957-01-16,Singaporean,ostewart@example.net,4278414857
1153,CUS0001153,Anthony,Hart,M,1973-01-04,Malaysian,kaylee68@example.com,(872)688-4076
1154,CUS0001154,Brandy,Griffin,F,1976-01-25,Malaysian,douglasdougherty@example.net,453.586.7625
1155,CUS0001155,Steven,Reynolds,M,1984-09-08,Singaporean,alawson@example.net,001-504-688-6932x055
1156,CUS0001156,Abigail,Kramer,F,1997-03-02,Singaporean,thomaslane@example.net,759-876-4053
1157,CUS0001157,Joanna,Doyle,F,1984-06-07,Japanese,vporter@example.com,526-819-0384x227
1158,CUS0001158,Paul,Anderson,M,1999-12-24,Australian,henrymccarthy@example.org,+1-327-811-1757x6917
1159,CUS0001159,Carly,Chan,F,1961-02-13,Malaysian,daniel48@example.com,001-283-505-2169
1160,CUS0001160,Lauren,Drake,F,1963-02-18,Australian,roachjulie@example.net,+1-201-842-6471
1161,CUS0001161,Kimberly,Oneill,F,1981-01-21,Singaporean,wstephenson@example.org,616.537.0500
1162,CUS0001162,Christine,Gutierrez,F,1981-08-14,Singaporean,jonramirez@example.net,217.529.4763
1163,CUS0001163,Tyler,Johnson,M,1977-06-16,Japanese,jordan25@example.net,001-498-351-9393x2727
1164,CUS0001164,Caitlin,Armstrong,F,2006-05-08,Singaporean,pwalker@example.org,696-702-6676x5272
1165,CUS0001165,William,Chapman,M,1968-05-31,Japanese,andrew08@example.net,(440)267-5602x08019
1166,CUS0001166,Christopher,Ingram,M,1975-09-02,Indonesian,nicole39@example.org,548-490-9322x533
1167,CUS0001167,Aaron,Jackson,M,1974-09-22,Indonesian,williamslisa@example.net,650-519-3545x03698
1168,CUS0001168,Loretta,Fischer,F,1967-02-09,Singaporean,nancyphillips@example.org,(429)662-0805x9831
1169,CUS0001169,Paul,Davis,M,1989-11-06,Indonesian,wallacemathew@example.net,(359)999-2012x3763
1170,CUS0001170,Joe,Chapman,M,1969-04-21,Indonesian,cameronsmith@example.org,+1-841-993-7591x922
1171,CUS0001171,Billy,Perez,M,1983-03-03,Japanese,jesse62@example.com,875-328-6461x209
1172,CUS0001172,Joan,Miranda,F,1952-03-12,Malaysian,duncaneric@example.net,+1-345-724-0321
1173,CUS0001173,Michael,Dalton,M,1974-07-12,Japanese,stewartjoseph@example.net,001-621-991-4308x77972
1174,CUS0001174,Lisa,Martinez,F,1997-07-07,Australian,michelle21@example.net,+1-634-958-1920
1175,CUS0001175,Johnathan,Reynolds,M,1993-07-17,Indonesian,mgallegos@example.org,229.498.6515
1176,CUS0001176,Gina,Moran,F,1995-09-07,Indonesian,susan40@example.net,285-688-3825x67262
1177,CUS0001177,James,Martinez,M,1990-03-03,Japanese,michaelbradshaw@example.net,451-796-2822x25018
1178,CUS0001178,Monica,Alvarado,F,1993-08-25,Japanese,tjackson@example.com,(486)439-4201
1179,CUS0001179,Danielle,Hill,F,1969-12-16,Indonesian,brookefrench@example.net,001-266-727-0266x045
1180,CUS0001180,Jessica,Lopez,F,1982-11-14,Singaporean,deborah03@example.net,401-493-3538
1181,CUS0001181,Christopher,Huff,M,1956-10-07,Indonesian,herringjeffrey@example.org,001-806-308-2770x564
1182,CUS0001182,Thomas,Goodman,M,2006-12-10,Singaporean,wellsryan@example.org,(643)885-0095x3723
1183,CUS0001183,Brandon,Mckenzie,M,1995-03-30,Japanese,meredithnunez@example.org,661.409.4416
1184,CUS0001184,Teresa,Baldwin,F,1976-11-14,Malaysian,joshua41@example.net,872.277.6857
1185,CUS0001185,Jennifer,Schwartz,F,2004-02-27,Australian,cassandra29@example.org,961-575-5188x701
1186,CUS0001186,Christopher,Terry,M,1953-03-13,Malaysian,justinrobinson@example.com,841-672-3456x538
1187,CUS0001187,Joan,Hodges,F,1951-02-16,Australian,michaelcarter@example.net,(836)626-8904x723
1188,CUS0001188,Arthur,Smith,M,1950-08-12,Singaporean,jeremy55@example.com,001-542-916-4359x9009
1189,CUS0001189,Kimberly,Green,F,1979-06-23,Indonesian,torresmeghan@example.net,(314)937-8844x37066
1190,CUS0001190,Ryan,Mccarty,M,1974-04-23,Indonesian,ascott@example.com,(763)268-1541
1191,CUS0001191,Teresa,Hernandez,F,1982-09-29,Australian,barbararodriguez@example.net,750-278-6043x5660
1192,CUS0001192,Crystal,Wright,F,1968-07-25,Japanese,pvargas@example.org,4674730671
1193,CUS0001193,Nancy,Fisher,F,1982-09-29,Indonesian,kimberly90@example.net,588.865.3859x067
1194,CUS0001194,Dan,Frazier,M,1961-11-27,Singaporean,barcher@example.net,850-949-2217x04861
1195,CUS0001195,Allen,Myers,M,1963-02-09,Australian,farmerrichard@example.org,001-307-439-9289
1196,CUS0001196,Katherine,Hoffman,F,1978-11-20,Malaysian,tammy33@example.com,870-686-4942
1197,CUS0001197,Christopher,Clark,M,1997-09-20,Japanese,teresamiller@example.org,449-301-4599x67069
1198,CUS0001198,Luis,Weiss,M,1980-04-13,Singaporean,aarongreen@example.net,824.938.8430x21781
1199,CUS0001199,Jonathan,Pennington,M,1976-09-08,Japanese,rfinley@example.net,415.389.0164
1200,CUS0001200,Erin,Gonzalez,F,1980-12-07,Malaysian,wilsonbrian@example.net,(264)307-0308
1201,CUS0001201,Jesse,Morales,M,1986-05-16,Indonesian,carolineperry@example.org,+1-444-985-0072x8895
1202,CUS0001202,Lynn,Davis,F,1978-11-27,Japanese,hendersonbrittany@example.org,001-496-212-7662x0808
1203,CUS0001203,David,Wilson,M,1954-04-06,Singaporean,virginiafisher@example.net,244-335-9624x587
1204,CUS0001204,Cassandra,Fitzgerald,F,1970-06-27,Indonesian,kennethsandoval@example.com,769.509.1237
1205,CUS0001205,Adam,Arnold,M,1968-07-06,Japanese,tsullivan@example.org,796.470.2436
1206,CUS0001206,Ryan,Vance,M,1971-05-18,Australian,belljeffrey@example.com,481-387-5403x648
1207,CUS0001207,Harold,Love,M,1981-02-19,Malaysian,xwright@example.com,001-866-623-2360x667
1208,CUS0001208,Kevin,Anderson,M,1989-12-18,Japanese,ashley72@example.org,001-204-829-8622x6992
1209,CUS0001209,Jason,Jones,M,1981-04-08,Japanese,wthompson@example.com,+1-899-929-9833x587
1210,CUS0001210,Michelle,Hayes,F,1963-02-21,Japanese,sabrina60@example.com,534-382-0849
1211,CUS0001211,Erin,Morrison,F,2001-02-28,Australian,theresagreene@example.org,(960)800-1440
1212,CUS0001212,Charles,Jensen,M,2001-03-24,Indonesian,fryekevin@example.net,+1-730-449-1341x03897
1213,CUS0001213,Stephanie,Bridges,F,1982-05-20,Indonesian,antoniosalazar@example.com,+1-456-542-2405x9208
1214,CUS0001214,George,Hall,M,1989-03-14,Australian,bholder@example.net,294-789-6298
1215,CUS0001215,James,Anderson,M,1950-09-09,Indonesian,wellsmichael@example.net,7799661869
1216,CUS0001216,Brittany,Duran,F,2000-03-30,Japanese,melissa04@example.org,374-212-5313x7956
1217,CUS0001217,Amber,Henry,F,1963-10-06,Malaysian,charlesewing@example.com,3365192025
1218,CUS0001218,Jose,Lee,M,1981-09-02,Malaysian,leejessica@example.com,847-448-9047x6078
1219,CUS0001219,Patricia,Edwards,F,1954-11-12,Australian,holtthomas@example.com,591-470-8517
1220,CUS0001220,Scott,Watkins,M,1955-09-26,Malaysian,michael34@example.org,+1-918-658-0558x115
1221,CUS0001221,Denise,Owen,F,1977-02-05,Australian,john16@example.org,+1-377-600-4093x0454
1222,CUS0001222,William,Vang,M,1967-04-26,Japanese,gregorybrock@example.org,+1-239-966-2038x58864
1223,CUS0001223,Kimberly,Smith,F,1977-01-19,Indonesian,eric51@example.com,969-633-3562x3039
1224,CUS0001224,Deborah,Smith,F,1984-11-29,Singaporean,gillmary@example.com,3893870920
1225,CUS0001225,Joshua,Sharp,M,1997-07-15,Indonesian,michelle11@example.org,+1-426-861-1584x85805
1226,CUS0001226,Daisy,Barrett,F,1957-12-23,Singaporean,djohnson@example.net,+1-622-905-3970x77454
1227,CUS0001227,Molly,Benjamin,F,1954-04-03,Singaporean,samanthawoodard@example.org,914.861.9953x946
1228,CUS0001228,Yolanda,Anderson,F,1978-02-14,Malaysian,johnwarner@example.net,(905)930-2618x4025
1229,CUS0001229,Abigail,Meadows,F,1985-07-28,Indonesian,dwilliams@example.com,406.363.6050
1230,CUS0001230,Matthew,Patterson,M,2007-05-20,Indonesian,hansonbriana@example.org,490.791.2030
1231,CUS0001231,Brandy,Franklin,F,1973-06-18,Australian,haleysaunders@example.com,001-859-279-5319x26009
1232,CUS0001232,Brandi,Rasmussen,F,1974-02-17,Malaysian,qmichael@example.com,549-320-5489x445
1233,CUS0001233,Caleb,Smith,M,1988-07-29,Singaporean,higginscaitlin@example.com,+1-458-334-4566x2295
1234,CUS0001234,Johnny,Simpson,M,1971-10-28,Singaporean,pjames@example.com,662-948-6070
1235,CUS0001235,Sharon,Moore,F,1979-01-31,Australian,msmith@example.com,358-950-1530
1236,CUS0001236,Crystal,Swanson,F,1956-07-13,Indonesian,gcrawford@example.com,(505)787-9052x24413
1237,CUS0001237,Eric,Bradley,M,1954-04-01,Indonesian,uschmitt@example.net,(831)857-9057x191
1238,CUS0001238,Tracey,Zuniga,F,2008-01-28,Japanese,bcarpenter@example.com,(218)733-5974x8768
1239,CUS0001239,Michael,Williams,M,1963-01-13,Japanese,victoriabenson@example.com,001-818-943-0192x2095
1240,CUS0001240,Dana,Lopez,F,2006-01-07,Australian,hannahmunoz@example.com,423.796.4402
1241,CUS0001241,David,Martin,M,1977-04-05,Malaysian,lbennett@example.net,(742)477-3923
1242,CUS0001242,Amber,Allen,F,1962-10-21,Australian,johnstonjohn@example.org,469-533-2844
1243,CUS0001243,Tyrone,Simpson,M,1955-03-14,Japanese,pamelasmith@example.net,355.515.4526x0756
1244,CUS0001244,Juan,Walker,M,1952-05-26,Japanese,moranphillip@example.com,932.926.2277
1245,CUS0001245,Daniel,Crosby,M,1978-07-31,Australian,friedmanrichard@example.com,001-770-470-3850x3605
1246,CUS0001246,Marcus,Flynn,M,1959-08-08,Singaporean,christopher07@example.net,802-474-0675x8267
1247,CUS0001247,Jacqueline,Howe,F,2007-09-07,Malaysian,agreer@example.org,663.985.6461
1248,CUS0001248,Debra,Larson,F,1994-05-02,Australian,danschaefer@example.net,001-297-798-4914x986
1249,CUS0001249,Robert,Smith,M,1969-08-04,Indonesian,douglasbutler@example.com,332-323-9461x2128
1250,CUS0001250,Gary,Roberts,M,1973-06-29,Australian,johnsmith@example.org,(976)622-3984
1251,CUS0001251,Carrie,Preston,F,1993-09-28,Australian,matthewespinoza@example.net,771.688.8223x78870
1252,CUS0001252,Andrea,Boyd,F,1976-07-21,Australian,archerjames@example.net,795-864-7998x460
1253,CUS0001253,Michael,Hanson,M,1989-01-02,Malaysian,rlee@example.net,209.472.3610
1254,CUS0001254,Jennifer,Cruz,F,1959-05-29,Singaporean,garciamarcus@example.com,001-778-364-5786x5557
1255,CUS0001255,Wendy,Jackson,F,1982-05-25,Japanese,ahill@example.org,(887)758-6824x0516
1256,CUS0001256,David,Rodriguez,M,1962-04-24,Australian,michelle41@example.net,001-897-840-2338
1257,CUS0001257,Alan,Rowe,M,2007-04-27,Singaporean,lori01@example.com,5368309442
1258,CUS0001258,Amy,Williams,F,1997-08-07,Indonesian,jessica89@example.net,+1-230-894-1349
1259,CUS0001259,Margaret,Colon,F,1982-10-05,Malaysian,kparrish@example.com,(845)628-4135
1260,CUS0001260,Kelsey,Evans,F,1953-04-08,Malaysian,wharris@example.com,001-274-480-9573x94059
1261,CUS0001261,Mary,Reynolds,F,1961-11-13,Malaysian,joseph03@example.org,(489)225-8490x734
1262,CUS0001262,Crystal,Elliott,F,1980-05-03,Japanese,iruiz@example.com,559.251.4186x482
1263,CUS0001263,Jonathan,Fischer,M,1959-03-08,Malaysian,kristin86@example.net,641.496.2332x60586
1264,CUS0001264,Judy,Roberson,F,1970-04-21,Japanese,coreyhendrix@example.org,001-906-462-9315x181
1265,CUS0001265,Edward,Thomas,M,1976-05-09,Australian,lorraine94@example.com,+1-389-906-2327x237
1266,CUS0001266,Lori,Bautista,F,1952-03-25,Singaporean,nicoleperez@example.net,001-600-965-4870
1267,CUS0001267,Victoria,Carpenter,F,1998-04-02,Malaysian,chad76@example.com,353-798-1889x07378
1268,CUS0001268,Lauren,Flores,F,1991-05-25,Australian,grantkevin@example.net,+1-562-268-3848x876
1269,CUS0001269,Scott,Chung,M,1997-01-09,Malaysian,jross@example.org,001-361-421-9051
1270,CUS0001270,Tanya,Holland,F,1987-02-22,Malaysian,yboone@example.org,520.970.6690x10792
1271,CUS0001271,Peggy,Lawrence,F,1960-03-11,Malaysian,otran@example.org,786-949-7035x067
1272,CUS0001272,Jorge,Gutierrez,M,1985-09-06,Japanese,wendylee@example.com,001-770-277-3123x155
1273,CUS0001273,Michael,Saunders,M,1980-05-02,Japanese,howarddawn@example.net,599.338.4440x4588
1274,CUS0001274,Wesley,Collins,M,1971-05-24,Japanese,ptapia@example.net,323-750-3687
1275,CUS0001275,Mark,Long,M,2003-03-26,Australian,manningbrandi@example.com,697.680.2344x568
1276,CUS0001276,Jason,Kennedy,M,2005-07-12,Australian,angel36@example.net,(340)716-3295x73783
1277,CUS0001277,Lauren,Jimenez,F,1981-03-22,Indonesian,carolynwarner@example.org,+1-773-618-6830x29158
1278,CUS0001278,Maria,Ferrell,F,1965-10-29,Australian,gregorydavis@example.net,(518)654-8396x607
1279,CUS0001279,Eddie,Cruz,M,1982-06-11,Malaysian,paul15@example.net,+1-295-784-1749x1617
1280,CUS0001280,Adam,Martin,M,1961-08-30,Malaysian,palmerclifford@example.net,+1-214-613-4476
1281,CUS0001281,Robert,Harris,M,1983-07-11,Australian,vroberts@example.org,001-828-764-3302
1282,CUS0001282,Tracy,Curry,F,1989-07-14,Indonesian,lmann@example.org,+1-836-867-7196
1283,CUS0001283,Jessica,Miller,F,1959-11-22,Japanese,julie34@example.org,2223234998
1284,CUS0001284,Stephanie,Clark,F,1980-03-07,Japanese,aspencer@example.com,(890)317-7915x244
1285,CUS0001285,Denise,Johnson,F,1961-07-27,Japanese,johngarrison@example.org,546.956.4260x186
1286,CUS0001286,Nicole,Gray,F,1954-12-02,Japanese,jill69@example.net,559-722-7764x14900
1287,CUS0001287,Aaron,White,M,2004-12-10,Malaysian,matthew34@example.com,+1-548-567-2288x39047
1288,CUS0001288,Austin,Buckley,M,1969-03-05,Indonesian,ssimon@example.org,(974)793-2511x497
1289,CUS0001289,Daniel,Anderson,M,1997-03-24,Malaysian,robertsbrandy@example.com,777.266.1830
1290,CUS0001290,Anthony,Sharp,M,1986-11-12,Japanese,fhanna@example.com,991.851.1436
1291,CUS0001291,Christopher,Garcia,M,2004-11-05,Japanese,tuckeramy@example.net,210.896.8564x257
1292,CUS0001292,Maria,Pearson,F,1950-07-21,Malaysian,michelleshort@example.net,231.254.2306
1293,CUS0001293,Cathy,Brown,F,1984-07-27,Indonesian,psawyer@example.net,205-322-4114x20667
1294,CUS0001294,Ethan,Scott,M,2000-08-26,Indonesian,andrewbird@example.com,(433)482-2224x00539
1295,CUS0001295,Mary,Williams,F,1976-02-07,Singaporean,dianadavis@example.net,001-590-511-3484x3391
1296,CUS0001296,Martin,Cox,M,1985-07-30,Australian,hmoses@example.org,(539)645-6452
1297,CUS0001297,Charlene,Ross,F,2002-12-18,Australian,chelsea60@example.org,898-966-3420x953
1298,CUS0001298,Mallory,Wells,F,2006-04-05,Japanese,joshuaberry@example.net,+1-752-797-3561x5266
1299,CUS0001299,Justin,Jones,M,1983-08-07,Malaysian,xhorne@example.org,+1-880-796-6414x7533
1300,CUS0001300,Christopher,Humphrey,M,2003-04-20,Australian,sandra66@example.net,535-838-9629x85324
1301,CUS0001301,Johnny,Vargas,M,1970-08-30,Malaysian,morganchristopher@example.net,863.583.5434x685
1302,CUS0001302,Mary,Johnson,F,2003-10-20,Indonesian,longamanda@example.com,001-379-739-9816
1303,CUS0001303,Scott,Nunez,M,1984-06-04,Singaporean,garciapenny@example.net,+1-937-410-3073x7260
1304,CUS0001304,Patricia,Mejia,F,1956-11-20,Malaysian,amanda67@example.net,001-808-526-4931x214
1305,CUS0001305,Leslie,Evans,F,2003-01-06,Australian,usanders@example.net,929-426-4563x391
1306,CUS0001306,Paul,Richards,M,2005-04-12,Japanese,alexander69@example.com,811.526.6497x19670
1307,CUS0001307,Colleen,Walker,F,1957-12-11,Malaysian,garciapeter@example.org,(590)516-3994x901
1308,CUS0001308,Crystal,Stanton,F,1965-01-20,Indonesian,alowery@example.com,+1-934-581-4098x41016
1309,CUS0001309,Amanda,Mcknight,F,1987-06-11,Australian,garciaalex@example.com,001-891-800-4202
1310,CUS0001310,Tammy,Powell,F,1987-06-08,Indonesian,adkinscharles@example.net,+1-603-442-1348x548
1311,CUS0001311,Whitney,Clark,F,1963-11-01,Indonesian,colemanheather@example.net,+1-917-391-3860x15711
1312,CUS0001312,Dalton,Taylor,M,1998-05-26,Indonesian,aguilarkyle@example.org,(347)302-8814
1313,CUS0001313,Brandi,Ferguson,F,2008-04-23,Indonesian,logan71@example.net,567.385.7646
1314,CUS0001314,David,Kramer,M,1955-10-26,Singaporean,hardinvictor@example.net,761-694-2321
1315,CUS0001315,Shawn,Jones,M,1966-07-22,Japanese,morajeff@example.org,(996)626-1684x55252
1316,CUS0001316,Steven,Smith,M,1993-06-21,Malaysian,justin17@example.net,+1-699-548-8566
1317,CUS0001317,Veronica,Johnson,F,1957-08-09,Australian,ryan56@example.org,(458)742-2717x266
1318,CUS0001318,Jared,Johnson,M,1976-06-11,Australian,alvarezelizabeth@example.org,341-230-6862x4087
1319,CUS0001319,Aaron,Little,M,2005-09-13,Singaporean,mortiz@example.org,+1-341-772-8207x62381
1320,CUS0001320,Sheila,Keller,F,1959-12-03,Australian,douglashernandez@example.org,+1-524-708-4752
1321,CUS0001321,Zachary,Garza,M,1970-08-13,Japanese,smithchristopher@example.net,001-584-779-1351x13505
1322,CUS0001322,Walter,Acevedo,M,1960-04-21,Australian,katieschmidt@example.org,9645157809
1323,CUS0001323,Alyssa,House,F,1951-07-26,Australian,johnsonkevin@example.net,853-941-9528x1447
1324,CUS0001324,Dwayne,Stephenson,M,1959-03-02,Singaporean,thompsondarlene@example.net,+1-293-506-3578
1325,CUS0001325,John,Richards,M,1958-04-01,Malaysian,connorholloway@example.net,001-974-736-9905x5855
1326,CUS0001326,Kevin,Torres,M,2002-09-01,Japanese,gardnerjoshua@example.net,001-806-296-9045x2898
1327,CUS0001327,James,Luna,M,1976-10-31,Japanese,robert33@example.com,001-345-670-1652x76136
1328,CUS0001328,Kevin,Arnold,M,1959-12-04,Malaysian,jeffrey08@example.com,676.699.2964
1329,CUS0001329,Julia,Hood,F,1962-09-01,Singaporean,leah08@example.com,+1-423-624-2348x00417
1330,CUS0001330,Ashley,Rivera,F,1967-03-06,Indonesian,uburke@example.net,457-749-0627x96024
1331,CUS0001331,Jodi,Allen,F,2002-04-23,Australian,jeffreythomas@example.com,+1-694-252-3158x28630
1332,CUS0001332,Susan,Taylor,F,1980-01-02,Japanese,swhite@example.net,+1-617-321-7429x220
1333,CUS0001333,Jennifer,Weaver,F,2002-09-25,Japanese,rebeccahoward@example.org,001-526-469-3706
1334,CUS0001334,Sabrina,Walton,F,1965-01-21,Japanese,combsbrenda@example.net,3482502206
1335,CUS0001335,Brian,Allen,M,1966-12-19,Malaysian,nathanielperez@example.net,419.400.0029x5616
1336,CUS0001336,Sarah,Bennett,F,1999-04-02,Australian,holly18@example.net,(759)540-7992x304
1337,CUS0001337,Chad,Young,M,1976-08-06,Malaysian,yowens@example.net,001-714-556-4743x70194
1338,CUS0001338,Michael,Lyons,M,1957-07-02,Singaporean,santiagoterri@example.com,(365)705-2761x20928
1339,CUS0001339,Karen,Brown,F,1995-06-16,Indonesian,roblescolleen@example.org,(831)916-7870
1340,CUS0001340,Mark,Harris,M,1967-02-21,Malaysian,edwardsutton@example.org,+1-759-821-2684
1341,CUS0001341,Daniel,Jimenez,M,1956-01-20,Singaporean,megan94@example.org,4005375398
1342,CUS0001342,Michele,Jones,F,1960-02-21,Singaporean,samuel98@example.com,(793)327-8417x8376
1343,CUS0001343,Sonya,Peterson,F,1964-09-15,Australian,blakegarcia@example.com,+1-406-952-6642x67351
1344,CUS0001344,Clayton,Ramirez,M,1973-11-25,Japanese,suzannebrowning@example.com,(865)469-7648x784
1345,CUS0001345,Carmen,Olsen,F,1989-09-17,Australian,jean10@example.com,(425)206-9296x56851
1346,CUS0001346,Sean,Cannon,M,2001-06-24,Australian,tliu@example.com,(693)650-9793
1347,CUS0001347,Sean,Jones,M,1989-07-23,Japanese,turnermisty@example.net,(902)923-4778x045
1348,CUS0001348,Scott,Taylor,M,1958-04-21,Australian,helen07@example.org,439.582.1478
1349,CUS0001349,Cheryl,Brewer,F,1961-01-05,Singaporean,householly@example.com,516-276-7063x63286
1350,CUS0001350,Brian,Hinton,M,2004-05-30,Malaysian,anthonyavery@example.org,001-984-884-2648x3336
1351,CUS0001351,Allison,Tyler,F,1961-09-19,Japanese,vjimenez@example.net,436-205-4946
1352,CUS0001352,Justin,Wood,M,1978-12-05,Malaysian,ashley01@example.org,(249)351-9350
1353,CUS0001353,Brian,Rivera,M,1977-01-13,Australian,alvarezkristin@example.net,001-208-603-8890x441
1354,CUS0001354,Antonio,Allen,M,1974-02-11,Singaporean,gcruz@example.com,935-638-1483
1355,CUS0001355,Judith,Bell,F,1953-10-17,Japanese,bobbyfowler@example.org,(285)464-7177x8401
1356,CUS0001356,Stacy,Tyler,F,1995-02-09,Australian,sullivancatherine@example.net,+1-837-816-1158
1357,CUS0001357,Veronica,Holmes,F,1979-02-20,Australian,millerashley@example.com,259.783.3261x705
1358,CUS0001358,Tracy,Herrera,F,1975-11-28,Australian,jonathanschneider@example.org,001-756-557-2853
1359,CUS0001359,William,Lane,M,1990-10-07,Indonesian,justinhughes@example.net,(617)875-8015
1360,CUS0001360,Jeffrey,Washington,M,1964-07-20,Singaporean,briggskimberly@example.org,(885)532-7276
1361,CUS0001361,Dawn,Jones,F,1975-08-22,Indonesian,martindavid@example.net,(946)413-0873x089
1362,CUS0001362,Stacey,Kirby,F,1993-11-15,Singaporean,ocannon@example.net,001-427-977-7118x425
1363,CUS0001363,Marissa,Dorsey,F,1963-11-24,Singaporean,deleonbryan@example.com,621-902-4234
1364,CUS0001364,Claire,Byrd,F,1953-12-03,Japanese,joanne77@example.com,796-819-9716
1365,CUS0001365,Hannah,Ross,F,2002-10-09,Japanese,crussell@example.net,+1-468-633-4400x952
1366,CUS0001366,Tony,Downs,M,1976-03-30,Japanese,james79@example.org,001-722-619-1439x070
1367,CUS0001367,John,Sanchez,M,1953-10-20,Malaysian,cookkristina@example.net,815-201-0162
1368,CUS0001368,Amanda,Johnson,F,1977-09-15,Japanese,ann34@example.com,497-383-3548x83571
1369,CUS0001369,Drew,Powell,M,1989-03-11,Australian,meyerspatrick@example.net,466.443.2031x72665
1370,CUS0001370,Eric,Ryan,M,1968-05-08,Australian,vanessajimenez@example.org,700-302-0860x1460
1371,CUS0001371,Kevin,Hansen,M,1973-05-23,Singaporean,jared27@example.org,(230)233-5636x9301
1372,CUS0001372,Miranda,Lawrence,F,1986-03-18,Indonesian,cameronramos@example.org,001-404-280-2835x4158
1373,CUS0001373,Lisa,Hall,F,1968-04-04,Malaysian,cynthiabutler@example.org,466.828.0812
1374,CUS0001374,Kelly,Bailey,F,2002-03-08,Indonesian,kimberly47@example.org,(931)510-5833x096
1375,CUS0001375,Lindsey,Montgomery,F,1970-02-22,Indonesian,codyrichards@example.org,001-842-969-3765x0167
1376,CUS0001376,Michael,Garcia,M,1984-02-05,Singaporean,isanders@example.net,883.463.6885x01627
1377,CUS0001377,Leslie,White,F,1979-10-23,Japanese,swallace@example.net,4932761652
1378,CUS0001378,Julie,Carpenter,F,1966-11-07,Singaporean,ariana12@example.com,597-777-2659x76408
1379,CUS0001379,Tyler,Patel,M,1971-12-22,Singaporean,glasssamantha@example.com,371-465-7893
1380,CUS0001380,Kevin,Rush,M,1974-05-19,Indonesian,fbell@example.net,+1-771-214-8600
1381,CUS0001381,April,Morrison,F,1968-03-20,Japanese,brooke28@example.com,+1-575-270-3029
1382,CUS0001382,Becky,Simon,F,1960-08-06,Japanese,cynthia18@example.com,+1-507-542-9069x5222
1383,CUS0001383,Jason,Clark,M,1958-07-01,Malaysian,cruzolivia@example.org,530.924.2662x4975
1384,CUS0001384,Theresa,Navarro,F,1970-01-05,Malaysian,terrymark@example.net,244-869-5674
1385,CUS0001385,Kimberly,Vasquez,F,1964-07-26,Japanese,debbie45@example.org,651-546-6886x583
1386,CUS0001386,Richard,Hoffman,M,1965-12-14,Singaporean,diana62@example.com,936.264.8532x0775
1387,CUS0001387,Tammy,Santana,F,1970-03-07,Indonesian,erikstephenson@example.com,001-698-734-4369x58050
1388,CUS0001388,Rebecca,Ward,F,1999-06-10,Singaporean,carlsonamanda@example.com,920.907.3429x390
1389,CUS0001389,Darren,Rodgers,M,1960-01-19,Singaporean,joseph50@example.org,+1-701-262-5851
1390,CUS0001390,Michael,Norris,M,1993-09-04,Malaysian,evansmatthew@example.net,(981)643-5312
1391,CUS0001391,Raymond,Parks,M,1996-12-23,Australian,madisonchristensen@example.net,001-753-411-1235x90426
1392,CUS0001392,Stacey,Montoya,F,1960-07-14,Singaporean,ypittman@example.org,+1-751-308-5738x38554
1393,CUS0001393,Debbie,Sherman,F,1953-03-08,Australian,richardsmario@example.org,345.855.3706x2728
1394,CUS0001394,Joy,Wright,F,1967-06-03,Australian,idavis@example.org,+1-357-956-2641x26084
1395,CUS0001395,James,Smith,M,1992-09-06,Indonesian,colemanjim@example.net,(730)439-9516x70450
1396,CUS0001396,Tabitha,Martinez,F,1996-06-23,Japanese,ralexander@example.org,(734)338-8804
1397,CUS0001397,Mary,Santos,F,1954-04-15,Malaysian,mikecabrera@example.com,750-928-2313x4275
1398,CUS0001398,Jamie,Lopez,F,1991-11-18,Australian,rodriguezmark@example.net,8447318343
1399,CUS0001399,Courtney,Pope,F,1952-12-27,Japanese,elizabethrichards@example.com,415-806-2917
1400,CUS0001400,Steven,Choi,M,2005-06-10,Indonesian,browningjason@example.org,516.829.1087x39221
1401,CUS0001401,Latoya,Jones,F,1972-04-28,Malaysian,drobinson@example.com,001-371-705-2987x70745
1402,CUS0001402,Scott,Brown,M,1969-01-19,Japanese,brent20@example.org,001-768-838-7890x34502
1403,CUS0001403,Jodi,Sanders,F,1966-07-29,Singaporean,nelsoncassandra@example.net,546.875.4182
1404,CUS0001404,Kimberly,Davis,F,1955-07-14,Singaporean,mariaortega@example.com,(210)351-3346
1405,CUS0001405,Kimberly,Moore,F,1950-08-05,Malaysian,youngdiane@example.org,(832)208-3168x163
1406,CUS0001406,Cynthia,Cunningham,F,1995-10-28,Malaysian,wongjacqueline@example.org,001-269-207-8947x6720
1407,CUS0001407,Heather,Miller,F,1997-12-11,Japanese,deleontammy@example.org,416.534.8508x951
1408,CUS0001408,Jimmy,Rice,M,1955-11-26,Japanese,khanbreanna@example.org,+1-744-754-5697x296
1409,CUS0001409,Jean,Wilson,F,1963-01-21,Malaysian,fpatterson@example.org,371.488.6263x956
1410,CUS0001410,Patrick,Hubbard,M,1976-05-14,Indonesian,bstephens@example.com,(473)571-3887x402
1411,CUS0001411,Michael,Pennington,M,2002-03-18,Australian,elizabeth14@example.com,(362)676-3304x1176
1412,CUS0001412,Christopher,Lambert,M,1975-11-20,Indonesian,kennethperez@example.net,(886)936-4704x6568
1413,CUS0001413,Timothy,Robinson,M,1987-11-27,Australian,aaronramirez@example.org,993.263.1592x2912
1414,CUS0001414,Janet,George,F,1969-06-17,Indonesian,williamsjoseph@example.com,001-329-511-8722x8247
1415,CUS0001415,Alicia,Herrera,F,1980-10-08,Singaporean,epearson@example.com,+1-278-798-4974x99799
1416,CUS0001416,Christopher,Oneill,M,1957-08-21,Malaysian,rmartinez@example.net,(556)758-1898x10617
1417,CUS0001417,Jason,Sanchez,M,1978-02-26,Malaysian,mariajackson@example.com,(957)326-1694x963
1418,CUS0001418,Brandon,Combs,M,1964-10-08,Malaysian,myerstiffany@example.org,001-301-830-7167x532
1419,CUS0001419,Courtney,Terrell,F,1963-08-18,Indonesian,zmccall@example.org,679-285-4900
1420,CUS0001420,Dana,Chambers,F,1991-04-27,Singaporean,kara58@example.com,435.463.9981x27439
1421,CUS0001421,Thomas,Waters,M,1973-09-02,Australian,kimjoseph@example.net,001-825-281-4762x123
1422,CUS0001422,Barbara,Weaver,F,1966-04-08,Singaporean,michael13@example.net,001-884-753-1563x09307
1423,CUS0001423,Patricia,Howell,F,1994-09-02,Indonesian,tdominguez@example.com,001-487-324-0899
1424,CUS0001424,Joel,Fields,M,1963-03-15,Indonesian,debra16@example.com,911.533.9736x70721
1425,CUS0001425,Michael,Villegas,M,1998-06-18,Australian,kevinsantos@example.net,(441)598-3063
1426,CUS0001426,Jeffrey,Parker,M,1951-05-18,Singaporean,snowcory@example.com,642-948-4202x4350
1427,CUS0001427,Jason,Miles,M,1956-07-30,Japanese,barnettzachary@example.net,656-940-9941
1428,CUS0001428,Heather,Oliver,F,1992-08-03,Indonesian,merritttaylor@example.com,524-751-9082x6110
1429,CUS0001429,James,Jensen,M,1962-09-23,Malaysian,austinfrye@example.org,866.369.6922x9533
1430,CUS0001430,Keith,Davis,M,1954-11-06,Australian,chelseasmith@example.net,442.542.4066
1431,CUS0001431,Devin,Lee,M,2005-03-29,Australian,emily89@example.org,643.275.1866
1432,CUS0001432,Jordan,Parsons,M,1975-01-10,Singaporean,gregory38@example.org,(792)485-5074x3509
1433,CUS0001433,Valerie,Phelps,F,1993-07-06,Indonesian,chelsea70@example.org,001-369-964-5359
1434,CUS0001434,Jared,Williams,M,1981-07-22,Indonesian,langalexandra@example.org,5996542887
1435,CUS0001435,Victoria,Stevenson,F,1991-12-10,Malaysian,hestrada@example.com,(279)389-9470x61706
1436,CUS0001436,Sarah,Howell,F,1955-12-24,Singaporean,johnsonkatherine@example.net,371-856-7566x505
1437,CUS0001437,Terri,Parks,F,1976-07-20,Singaporean,qbates@example.net,001-723-243-5969x8504
1438,CUS0001438,Matthew,Harrington,M,1978-03-13,Indonesian,toddcollins@example.org,001-342-686-1789x257
1439,CUS0001439,Tyler,Richard,M,1972-11-18,Japanese,bairdfelicia@example.org,+1-857-562-6481
1440,CUS0001440,Joseph,Roberts,M,1967-01-12,Australian,dvillarreal@example.net,(835)785-3010x1278
1441,CUS0001441,Angela,Drake,F,1994-07-12,Singaporean,aaroncarter@example.net,(827)475-8670x365
1442,CUS0001442,Anthony,Lee,M,1979-02-22,Australian,jonfrazier@example.org,+1-594-568-9633x1812
1443,CUS0001443,Jacqueline,Frazier,F,1956-06-08,Singaporean,vklein@example.org,431.874.4577x626
1444,CUS0001444,David,Long,M,1987-01-07,Indonesian,heather89@example.net,+1-777-447-5944x348
1445,CUS0001445,Kevin,Allison,M,1980-10-02,Indonesian,bcobb@example.org,967.768.7404x2076
1446,CUS0001446,Angela,Carlson,F,1974-04-06,Malaysian,kennethjones@example.com,001-833-709-9000x94065
1447,CUS0001447,Molly,Hernandez,F,2001-01-30,Malaysian,jennifer53@example.net,965-235-2326x60004
1448,CUS0001448,Scott,Duncan,M,1955-10-01,Singaporean,brownjohn@example.com,001-856-711-9989
1449,CUS0001449,Wendy,Miller,F,1957-04-28,Indonesian,wayne74@example.com,(914)847-7618x68704
1450,CUS0001450,James,Curtis,M,2003-08-11,Japanese,jkelley@example.net,+1-305-625-6599x508
1451,CUS0001451,Michelle,Miles,F,1997-06-18,Indonesian,adamwhite@example.net,(876)440-5473
1452,CUS0001452,Suzanne,Jones,F,1954-02-14,Singaporean,carlos18@example.com,(704)474-7338x9147
1453,CUS0001453,Dean,Evans,M,1970-12-23,Australian,aaronmurphy@example.com,610-923-8735x1866
1454,CUS0001454,Karen,Davis,F,1956-07-13,Indonesian,samanthajones@example.net,702.358.5346
1455,CUS0001455,Gregory,Tapia,M,1986-04-10,Australian,dana17@example.net,+1-855-799-0984x128
1456,CUS0001456,Heather,Stone,F,1957-12-03,Indonesian,wmurray@example.net,(338)231-9348
1457,CUS0001457,Nicholas,Haney,M,1986-08-28,Australian,fuentesmichelle@example.org,229-324-2195x973
1458,CUS0001458,Christopher,Robertson,M,1960-12-04,Japanese,sconway@example.org,746-513-3155
1459,CUS0001459,Samuel,Farley,M,1972-03-21,Malaysian,benjaminbrown@example.com,607-778-1109x6598
1460,CUS0001460,Emma,Russell,F,2007-07-08,Singaporean,zyoung@example.com,441-282-9912x69945
1461,CUS0001461,Jennifer,Cohen,F,1992-06-16,Japanese,johnsonteresa@example.net,001-866-491-0082x2421
1462,CUS0001462,Jennifer,Gordon,F,1958-12-19,Malaysian,gloriachen@example.com,(962)369-9620x834
1463,CUS0001463,Patrick,Smith,M,1989-02-04,Australian,donaldmarsh@example.net,+1-957-622-8703x2200
1464,CUS0001464,Justin,Gilbert,M,2000-05-30,Indonesian,jonathanlee@example.com,729-251-4520
1465,CUS0001465,Michael,Hernandez,M,1993-05-21,Indonesian,ysmith@example.org,880-722-4065x4747
1466,CUS0001466,Amanda,Riley,F,1967-11-24,Singaporean,waltersteresa@example.net,956.964.3016x55623
1467,CUS0001467,Nicholas,James,M,1979-05-10,Indonesian,charlesprice@example.org,(622)990-1138x60479
1468,CUS0001468,Stephanie,Miller,F,1989-09-08,Japanese,lewisallen@example.com,648-695-3829
1469,CUS0001469,Angel,Dawson,F,1958-09-13,Japanese,steve90@example.com,847.928.3951
1470,CUS0001470,Cindy,Brown,F,1988-10-20,Australian,jessica26@example.com,8844886865
1471,CUS0001471,Leslie,Jackson,F,2003-02-01,Indonesian,moniquemoore@example.org,001-780-818-3235x306
1472,CUS0001472,Joseph,Evans,M,2006-12-31,Malaysian,awashington@example.net,780.996.4583x7449
1473,CUS0001473,George,Miller,M,1974-09-19,Malaysian,christopherwoods@example.com,+1-859-428-9748x74114
1474,CUS0001474,Jeffrey,Morris,M,1958-08-01,Japanese,tylerchristine@example.com,353-849-6551x564
1475,CUS0001475,Jeremiah,George,M,1966-07-25,Singaporean,mcintyrebrendan@example.org,(482)401-6301x597
1476,CUS0001476,Tammy,Thomas,F,1986-01-28,Australian,katherine34@example.net,+1-327-266-8098x460
1477,CUS0001477,Donald,Leon,M,1963-10-08,Malaysian,angela15@example.org,835.286.6715x544
1478,CUS0001478,Haley,Willis,F,1977-02-18,Singaporean,gilbertsamuel@example.com,001-362-472-0536x4991
1479,CUS0001479,Michael,Nicholson,M,1974-02-23,Singaporean,owallace@example.net,(585)202-1553
1480,CUS0001480,Michael,Gibson,M,1972-03-04,Australian,christophermoore@example.org,(243)995-6784x46078
1481,CUS0001481,Ronald,Miller,M,2003-07-24,Australian,lawsoncalvin@example.com,(551)329-4414x925
1482,CUS0001482,Jeffrey,Hill,M,1987-03-30,Malaysian,abigailchambers@example.org,259.774.7765x65907
1483,CUS0001483,Gabriel,Swanson,M,1968-04-24,Indonesian,danielletorres@example.com,+1-277-615-6922
1484,CUS0001484,Randall,Garrison,M,1954-01-20,Singaporean,ssullivan@example.org,715-635-9771x0011
1485,CUS0001485,Joel,Trevino,M,2002-07-22,Singaporean,christina43@example.net,748-872-2557
1486,CUS0001486,Dawn,Walker,F,1968-10-16,Malaysian,zparker@example.net,257-739-5232x85558
1487,CUS0001487,Katelyn,Harper,F,2007-01-26,Singaporean,gcox@example.org,+1-666-902-8413x6233
1488,CUS0001488,April,Smith,F,1957-04-27,Singaporean,richard97@example.net,001-714-279-7341x855
1489,CUS0001489,Kelly,Robinson,F,1969-09-05,Indonesian,jennifer60@example.org,203.396.1017x590
1490,CUS0001490,Jeffrey,Johnson,M,1976-06-21,Malaysian,parmstrong@example.com,001-707-386-9285
1491,CUS0001491,Jennifer,Padilla,F,1957-11-14,Malaysian,beth38@example.net,(276)935-3673x55896
1492,CUS0001492,Anthony,Anderson,M,1986-09-25,Malaysian,josephmiller@example.org,251.939.0143
1493,CUS0001493,Thomas,Collins,M,1983-11-29,Australian,theresa36@example.com,+1-935-579-6714x80300
1494,CUS0001494,Regina,Schroeder,F,1980-02-17,Japanese,ann26@example.org,825.326.3794x12886
1495,CUS0001495,Ann,Martinez,F,1959-02-18,Indonesian,lauramartin@example.com,+1-625-826-1197x8925
1496,CUS0001496,Vanessa,Blake,F,1981-02-13,Japanese,crystal46@example.com,001-732-355-4411x818
1497,CUS0001497,Daniel,Morse,M,1963-02-28,Malaysian,mcdanieldrew@example.org,+1-381-693-7684
1498,CUS0001498,Scott,Crosby,M,1968-02-06,Malaysian,klambert@example.org,348-333-3540
1499,CUS0001499,Cody,Jackson,M,1964-06-26,Japanese,asmith@example.net,564.977.0906x7618
1500,CUS0001500,James,Yang,M,1975-10-16,Singaporean,webbdestiny@example.net,862-217-2048
1501,CUS0001501,Matthew,Garcia,M,1976-12-05,Indonesian,bradleymercado@example.net,(664)356-4967
1502,CUS0001502,Kevin,Miller,M,1952-11-29,Singaporean,jennifer39@example.net,6644909703
1503,CUS0001503,George,Stanley,M,1958-03-09,Australian,hfleming@example.net,858-991-3682
1504,CUS0001504,Tiffany,Ford,F,1962-04-25,Australian,yusandra@example.org,+1-236-925-2602x216
1505,CUS0001505,Jacob,Hill,M,1951-02-09,Singaporean,michellereilly@example.org,258.838.4391
1506,CUS0001506,Ivan,Allen,M,2005-01-25,Japanese,melissa74@example.com,469-535-1021x401
1507,CUS0001507,Chelsey,Duncan,F,1975-05-31,Singaporean,aknight@example.org,997-217-7170x30568
1508,CUS0001508,Stephanie,Turner,F,1959-03-19,Singaporean,renee60@example.com,564-983-8953
1509,CUS0001509,Janice,Green,F,2001-11-04,Malaysian,zgallagher@example.com,360.906.4345x973
1510,CUS0001510,Paige,Williams,F,1965-10-05,Indonesian,josephmoody@example.net,001-675-974-5104x8480
1511,CUS0001511,Molly,Robinson,F,1958-05-12,Indonesian,ewingpaul@example.com,327-307-9959x4761
1512,CUS0001512,Anthony,Ashley,M,1989-08-07,Singaporean,cmyers@example.com,556-657-2897x2269
1513,CUS0001513,Jonathon,Adams,M,1996-09-08,Japanese,changbethany@example.net,546.485.6066x99261
1514,CUS0001514,Timothy,Casey,M,1982-10-23,Australian,webermichelle@example.com,579.957.0399x626
1515,CUS0001515,John,White,M,2001-02-13,Australian,yjones@example.org,4734512896
1516,CUS0001516,Mary,Johnson,F,1987-02-12,Malaysian,karlmartin@example.org,+1-830-623-9934x46060
1517,CUS0001517,Michelle,Frazier,F,1950-07-21,Indonesian,psalazar@example.org,357.486.5294
1518,CUS0001518,Katie,Sanchez,F,1999-01-29,Indonesian,johnsonpatrick@example.com,288-654-8753x119
1519,CUS0001519,Carol,Bell,F,1971-07-24,Singaporean,alyssasmith@example.org,964.825.5078x688
1520,CUS0001520,Alyssa,White,F,1965-12-15,Japanese,garywright@example.org,901.995.8663x9928
1521,CUS0001521,Caitlin,Blackwell,F,1984-03-21,Japanese,margaretlyons@example.com,(849)656-2917
1522,CUS0001522,Eric,Simmons,M,1966-05-08,Australian,kathleenweaver@example.net,9706051028
1523,CUS0001523,Gina,Miller,F,1951-11-02,Japanese,erincross@example.net,001-401-375-4541x64879
1524,CUS0001524,Amy,Barron,F,1978-01-03,Singaporean,danderson@example.com,+1-801-252-6974x4203
1525,CUS0001525,John,Kerr,M,1973-08-23,Singaporean,jessica33@example.org,001-258-872-3836
1526,CUS0001526,Anthony,Miller,M,1968-01-23,Australian,sean92@example.org,(967)214-8581
1527,CUS0001527,Brendan,Williams,M,1957-08-31,Singaporean,ecrawford@example.net,(309)425-1920
1528,CUS0001528,Krista,Le,F,1958-12-28,Indonesian,jeremyhernandez@example.net,704.793.7958x291
1529,CUS0001529,Suzanne,Cochran,F,1955-08-28,Indonesian,zkirby@example.net,+1-471-649-2075x7414
1530,CUS0001530,Kristina,Mcdonald,F,1966-08-10,Malaysian,imoore@example.com,+1-818-983-1249x773
1531,CUS0001531,John,Macias,M,1967-12-11,Singaporean,james43@example.net,649-578-7296x57156
1532,CUS0001532,Steven,Delacruz,M,1994-06-18,Australian,conleychristina@example.net,8342804247
1533,CUS0001533,Lori,Le,F,1989-01-08,Indonesian,albert16@example.net,(773)676-2426x622
1534,CUS0001534,Kirk,Livingston,M,1965-06-03,Malaysian,ocasey@example.org,+1-414-401-5273x117
1535,CUS0001535,James,Pruitt,M,1967-12-30,Indonesian,vchoi@example.com,001-500-718-4293
1536,CUS0001536,Leslie,Mercer,M,1968-12-18,Japanese,kowen@example.org,001-383-759-6677
1537,CUS0001537,Danielle,Larson,F,2004-02-17,Malaysian,gabrielhammond@example.org,001-247-236-5003x2990
1538,CUS0001538,Jessica,Kirby,F,1978-01-23,Indonesian,hancockdeanna@example.com,(678)473-5540
1539,CUS0001539,Martin,Martinez,M,1992-07-14,Japanese,ugeorge@example.net,001-806-275-4939x3439
1540,CUS0001540,Donald,Nash,M,2000-09-15,Australian,kyliebarker@example.org,578.635.7338x13307
1541,CUS0001541,Gerald,Soto,M,2007-06-09,Japanese,brentodom@example.com,412-224-7409x8537
1542,CUS0001542,David,Reed,M,1972-06-15,Australian,rossdavid@example.org,610-471-5558x70940
1543,CUS0001543,Christian,Holland,M,1997-02-24,Singaporean,stacey64@example.org,599-225-5125
1544,CUS0001544,Teresa,Townsend,F,1955-07-11,Malaysian,richardlynn@example.net,(905)734-9419x715
1545,CUS0001545,Heather,Avery,F,1977-02-03,Australian,lsalinas@example.net,+1-824-563-0616x2185
1546,CUS0001546,Emily,Smith,F,2003-05-31,Malaysian,ellissheila@example.com,7428059868
1547,CUS0001547,Linda,Murray,F,1955-08-29,Malaysian,james36@example.org,909.301.0146x10392
1548,CUS0001548,Joshua,Clark,M,1969-07-09,Indonesian,ydouglas@example.org,+1-781-868-7851
1549,CUS0001549,Timothy,Williams,M,1974-04-01,Singaporean,guerreropatrick@example.com,001-288-326-7280x07272
1550,CUS0001550,Michael,Acevedo,M,1970-02-26,Singaporean,mmoore@example.com,556.240.7830
1551,CUS0001551,Randy,Munoz,M,1985-10-23,Singaporean,dakota45@example.com,+1-883-867-1467x490
1552,CUS0001552,Kelsey,Cummings,F,1980-12-23,Australian,carlos85@example.com,716-845-6059
1553,CUS0001553,Christine,Torres,F,2001-06-19,Australian,gordonsabrina@example.net,539.520.0258x565
1554,CUS0001554,Randy,Warner,M,1983-03-15,Japanese,andrewgonzalez@example.com,287.319.2615x4872
1555,CUS0001555,Briana,Ortega,F,1959-10-27,Singaporean,stephanie45@example.com,5059490809
1556,CUS0001556,Jennifer,Ellis,F,1985-10-23,Malaysian,ytaylor@example.org,(630)534-3830x0091
1557,CUS0001557,Emily,Gilbert,F,1992-06-24,Malaysian,valerievasquez@example.net,917-599-6546x628
1558,CUS0001558,Ian,Boyd,M,2004-09-23,Indonesian,vmoore@example.org,256.700.2230x234
1559,CUS0001559,James,Mcdonald,M,2008-02-07,Malaysian,lopezchristian@example.com,290.341.8280x51666
1560,CUS0001560,Samuel,Robinson,M,1959-01-16,Singaporean,srose@example.com,790.698.6361x5276
1561,CUS0001561,Elizabeth,Moore,F,1960-03-30,Singaporean,laurengreen@example.net,(548)986-3137
1562,CUS0001562,Billy,Richardson,M,1965-10-19,Singaporean,monroemonica@example.net,5268691419
1563,CUS0001563,Abigail,Miller,F,1968-05-04,Australian,yarias@example.org,591.619.9256x92476
1564,CUS0001564,Arthur,Williams,M,1968-03-18,Malaysian,campbelljames@example.org,211.681.4051x32517
1565,CUS0001565,Emily,Johnson,F,1974-12-21,Singaporean,vsmith@example.com,3672148783
1566,CUS0001566,Craig,Baker,M,2005-04-30,Australian,kathryn64@example.com,522.975.7940x7403
1567,CUS0001567,Deborah,Montgomery,F,1989-11-27,Japanese,osmith@example.org,+1-813-269-4126x410
1568,CUS0001568,Danny,Simmons,M,2005-06-14,Indonesian,ebell@example.net,+1-880-757-6310x1089
1569,CUS0001569,Elizabeth,Buchanan,F,1961-09-03,Indonesian,jeremiah06@example.com,6048748679
1570,CUS0001570,Reginald,Fields,M,2005-12-11,Indonesian,william81@example.com,3369100770
1571,CUS0001571,John,Sosa,M,1965-06-30,Indonesian,tedwards@example.net,330.878.1117
1572,CUS0001572,Ronnie,Haney,M,1969-04-25,Singaporean,jacksonchristopher@example.com,815-759-6743x3384
1573,CUS0001573,James,Martin,M,1989-01-06,Australian,castilloerin@example.org,001-735-530-0499x9266
1574,CUS0001574,Michelle,Robbins,F,2000-09-24,Indonesian,dholland@example.org,973-494-6248
1575,CUS0001575,Tanya,Gonzalez,F,2001-03-06,Indonesian,megan65@example.net,392.576.8714
1576,CUS0001576,Donald,Gonzalez,M,1958-11-10,Indonesian,ylowery@example.com,7609558173
1577,CUS0001577,Lawrence,Wilson,M,1999-03-12,Australian,pricematthew@example.com,001-998-293-5464x639
1578,CUS0001578,Brian,Phillips,M,1993-02-26,Indonesian,michael03@example.net,001-734-427-1866x925
1579,CUS0001579,Lindsey,Phelps,F,1954-02-14,Indonesian,andrew26@example.org,8013101561
1580,CUS0001580,Ryan,Stevens,M,1988-08-17,Australian,kristin98@example.org,(613)800-8823
1581,CUS0001581,Ronnie,Weber,M,2002-05-25,Singaporean,mwoods@example.net,510.844.8177
1582,CUS0001582,Savannah,Mcmillan,F,1971-12-20,Australian,ijones@example.org,888-622-0631
1583,CUS0001583,Barbara,Cruz,F,1993-10-25,Indonesian,mariamoore@example.com,816-993-6835x991
1584,CUS0001584,Jessica,Smith,F,1966-12-27,Australian,jeremiahray@example.org,001-893-525-2826x712
1585,CUS0001585,Joel,Green,M,2007-12-12,Malaysian,megan22@example.com,(896)844-4843
1586,CUS0001586,Jordan,Wiggins,M,1958-04-19,Singaporean,parkertasha@example.org,9649098058
1587,CUS0001587,Angela,Cook,F,1998-03-14,Malaysian,brittney06@example.net,(378)479-0259
1588,CUS0001588,Alexis,Blair,F,1976-12-11,Singaporean,taylorwilson@example.org,001-466-703-2358x4180
1589,CUS0001589,Gregory,Harvey,M,1989-01-12,Japanese,omcdonald@example.net,693.995.7955x192
1590,CUS0001590,Derrick,Miller,M,1954-10-11,Malaysian,zleonard@example.com,3383625676
1591,CUS0001591,Caitlin,Vaughan,F,1970-03-30,Australian,jamiejohnson@example.org,+1-405-663-0829
1592,CUS0001592,Wendy,Hansen,F,1985-03-09,Indonesian,kwalker@example.org,8787831273
1593,CUS0001593,Phillip,Roberts,M,1974-02-20,Malaysian,ivankennedy@example.org,697-308-4287
1594,CUS0001594,Jessica,Moran,F,1983-09-29,Singaporean,ngill@example.net,(251)329-5551x0051
1595,CUS0001595,Lisa,Barker,F,2002-09-12,Singaporean,jennifer26@example.org,500.736.0722
1596,CUS0001596,Andrew,Reese,M,1986-05-23,Japanese,aaronstrong@example.net,224-337-5391x692
1597,CUS0001597,Seth,Fletcher,M,1965-06-10,Australian,hendersonrachel@example.com,+1-668-374-0330x454
1598,CUS0001598,Terri,Price,F,1980-01-22,Australian,dbaker@example.org,3849458015
1599,CUS0001599,Jennifer,Thomas,F,1978-06-29,Malaysian,zacharywillis@example.com,815-305-0969
1600,CUS0001600,Monica,Mejia,F,1958-09-16,Australian,mary55@example.org,001-632-528-0588x377
1601,CUS0001601,Hannah,Nelson,F,1954-04-17,Singaporean,tyler62@example.com,001-839-450-1115x2558
1602,CUS0001602,Joel,Padilla,M,1987-12-21,Malaysian,richardwalker@example.com,989-303-0458x809
1603,CUS0001603,Russell,Reynolds,M,2004-10-14,Indonesian,margaret22@example.net,755.845.9205
1604,CUS0001604,Jessica,Wallace,F,1991-03-13,Indonesian,rodriguezjacob@example.com,001-983-604-5762
1605,CUS0001605,Erika,Parrish,F,1957-06-23,Japanese,osbornaaron@example.net,(889)870-1522x133
1606,CUS0001606,Amy,Sexton,F,1963-09-19,Japanese,stephen12@example.net,998.499.3074x61139
1607,CUS0001607,John,Schultz,M,1972-09-27,Singaporean,ydonovan@example.org,887.388.5285
1608,CUS0001608,Joshua,Wang,M,2003-03-14,Singaporean,tanyamcdonald@example.net,609.600.7379
1609,CUS0001609,Richard,Edwards,M,1996-12-09,Malaysian,molly44@example.org,6765926265
1610,CUS0001610,Edward,Hayes,M,1974-07-13,Singaporean,norrisanthony@example.net,835-798-3985x907
1611,CUS0001611,Katie,Edwards,F,1984-12-03,Malaysian,sandracrawford@example.com,+1-381-967-8434x07307
1612,CUS0001612,John,Hughes,M,1997-01-30,Singaporean,lesliejohnson@example.net,5785836922
1613,CUS0001613,Mike,Mason,M,1969-08-15,Japanese,youngjaime@example.net,001-395-428-5023
1614,CUS0001614,Tara,Vega,F,1977-02-09,Malaysian,james73@example.com,001-451-549-7249x032
1615,CUS0001615,Derek,Freeman,M,1970-04-08,Malaysian,vsparks@example.org,001-235-255-5702
1616,CUS0001616,Jason,Ruiz,M,1955-05-29,Japanese,robertparker@example.com,001-547-361-2189
1617,CUS0001617,Tyler,Hernandez,M,1996-06-18,Australian,cameronmark@example.com,001-861-722-2830x5644
1618,CUS0001618,Danielle,Smith,F,1967-11-11,Singaporean,mike59@example.com,9266356077
1619,CUS0001619,Tammy,Robinson,F,1994-05-14,Indonesian,tonyhodge@example.org,001-590-846-0082
1620,CUS0001620,Keith,Le,M,2006-03-03,Indonesian,stacycoleman@example.net,2228209755
1621,CUS0001621,Brian,Mejia,M,1952-12-02,Japanese,dschneider@example.org,001-215-912-0039x3449
1622,CUS0001622,Jeffrey,Alvarez,M,1961-07-12,Indonesian,reyesjessica@example.net,+1-233-739-1929x6921
1623,CUS0001623,Courtney,Castillo,F,1961-04-04,Indonesian,samanthawilliams@example.org,+1-922-283-7742
1624,CUS0001624,Emily,Oliver,F,1972-06-14,Japanese,imoss@example.com,(282)306-3228
1625,CUS0001625,William,Jackson,M,1989-08-27,Singaporean,valenzuelajonathan@example.net,(658)995-2476x09606
1626,CUS0001626,Brittney,Burton,F,2005-12-17,Singaporean,gregory73@example.com,+1-974-277-8840
1627,CUS0001627,Rita,Lyons,F,1968-12-11,Indonesian,dstewart@example.com,001-806-212-9889x72842
1628,CUS0001628,Robert,Taylor,M,2004-08-09,Singaporean,patriciamcdaniel@example.org,001-864-217-0053x718
1629,CUS0001629,George,Chandler,M,1977-06-19,Indonesian,nortoncharles@example.net,(464)679-5127x9831
1630,CUS0001630,Brandi,Cohen,F,1966-08-10,Indonesian,emily41@example.com,2199919848
1631,CUS0001631,April,Park,F,1982-06-19,Australian,holtkimberly@example.net,(671)552-0771x0740
1632,CUS0001632,Danny,Proctor,M,1989-10-17,Malaysian,jessica96@example.com,001-224-961-0511x090
1633,CUS0001633,Amber,Rodriguez,F,1988-03-07,Malaysian,anthony20@example.com,4252497239
1634,CUS0001634,Bradley,Fritz,M,1962-02-09,Singaporean,ndiaz@example.net,747.453.9659x7442
1635,CUS0001635,Janet,Gregory,F,1992-04-13,Australian,elizabeth20@example.com,764-315-3740
1636,CUS0001636,Stephanie,Cowan,F,1966-08-13,Singaporean,npineda@example.org,766.799.7681x608
1637,CUS0001637,Kathleen,Davis,F,2004-07-17,Singaporean,qturner@example.org,(284)296-8814x499
1638,CUS0001638,Daniel,Weiss,M,1973-05-10,Australian,vjackson@example.org,+1-657-744-5099x98632
1639,CUS0001639,Pamela,Stewart,F,1980-06-06,Malaysian,davisdarryl@example.net,7855184668
1640,CUS0001640,Robert,Jones,M,1974-09-08,Singaporean,qwilson@example.org,8736480022
1641,CUS0001641,Christopher,Jensen,M,1984-02-07,Japanese,alanyork@example.com,+1-329-687-8192
1642,CUS0001642,Julie,Vega,F,1991-10-30,Japanese,sean60@example.com,(493)371-7847
1643,CUS0001643,Dennis,Miller,M,1962-11-10,Singaporean,drogers@example.com,(929)926-7698x897
1644,CUS0001644,Erin,Ramirez,F,1985-04-14,Japanese,nicole41@example.org,401-992-9360x596
1645,CUS0001645,Gary,Ritter,M,1997-11-30,Japanese,johnhuang@example.net,+1-701-824-8447x936
1646,CUS0001646,Bryan,Eaton,M,1974-11-26,Australian,zspencer@example.org,001-723-507-0659x480
1647,CUS0001647,Brian,Johnson,M,1998-06-23,Malaysian,shannonbradshaw@example.org,403.672.7186
1648,CUS0001648,Edward,Brennan,M,1974-05-11,Singaporean,elopez@example.org,(913)280-7828
1649,CUS0001649,Susan,Butler,F,1972-02-06,Malaysian,michael85@example.net,(463)756-5418x0288
1650,CUS0001650,Charles,Hurley,M,1995-07-01,Indonesian,creynolds@example.com,+1-646-999-8428x828
1651,CUS0001651,Sophia,Murphy,F,1953-06-02,Australian,christianrobinson@example.net,(298)587-1232
1652,CUS0001652,Sean,Duffy,M,1985-12-25,Malaysian,ibaird@example.com,001-878-262-6852x7287
1653,CUS0001653,Nathan,Hernandez,M,1984-10-25,Singaporean,ocole@example.com,510.762.8334x557
1654,CUS0001654,Steven,Thompson,M,1994-08-27,Malaysian,micheleyork@example.com,400.945.3585x9730
1655,CUS0001655,Connie,Fields,F,2006-07-13,Indonesian,georgecooper@example.com,6428402555
1656,CUS0001656,Joseph,Barber,M,1998-01-20,Indonesian,tinaflynn@example.com,+1-604-811-6788x1596
1657,CUS0001657,Sheila,Stevens,F,1986-04-20,Australian,vskinner@example.com,+1-304-448-4673x322
1658,CUS0001658,Diane,Guzman,F,1974-05-14,Singaporean,chardin@example.org,6624394599
1659,CUS0001659,Jennifer,Johnson,F,1978-06-21,Australian,fieldsbrooke@example.org,3125033980
1660,CUS0001660,Mikayla,Wagner,F,1956-08-05,Malaysian,othomas@example.org,(768)590-5810x801
1661,CUS0001661,Christine,Ramirez,F,2005-05-21,Indonesian,markellis@example.org,+1-777-928-7156x5969
1662,CUS0001662,Melissa,Perkins,F,1970-07-11,Japanese,susan59@example.com,+1-995-350-5536x291
1663,CUS0001663,Eric,Diaz,M,2007-07-19,Singaporean,priscilla83@example.net,(825)725-2078x821
1664,CUS0001664,Anne,Jones,F,1993-03-17,Indonesian,christophercollier@example.com,944.552.0302x7694
1665,CUS0001665,Alexander,Cross,M,1987-08-12,Malaysian,kevinbrown@example.net,(532)612-4402x936
1666,CUS0001666,Mathew,Bauer,M,1951-11-24,Malaysian,christopher18@example.org,(625)379-5990x047
1667,CUS0001667,Brandy,Bartlett,F,1966-07-02,Indonesian,markrussell@example.org,+1-791-913-4348
1668,CUS0001668,Barry,Lewis,M,2002-08-07,Malaysian,dholt@example.com,+1-361-427-3421
1669,CUS0001669,Alexander,Martin,M,1956-04-08,Australian,waynemcknight@example.org,249-348-0298
1670,CUS0001670,Kenneth,Byrd,M,1970-12-12,Indonesian,eric19@example.org,+1-999-408-2133x56831
1671,CUS0001671,David,Jordan,M,1992-12-30,Malaysian,tburns@example.net,001-917-610-3891x918
1672,CUS0001672,Amanda,Li,F,1952-06-12,Indonesian,allenjamie@example.org,3346495607
1673,CUS0001673,Stephanie,Wells,F,1976-12-28,Singaporean,brian77@example.com,001-325-372-3163x16037
1674,CUS0001674,Marissa,Farrell,F,2001-01-17,Singaporean,stewartpamela@example.com,9392963066
1675,CUS0001675,Adam,Wheeler,M,1969-07-06,Indonesian,zsloan@example.com,+1-293-923-3700x71580
1676,CUS0001676,Sharon,Jones,F,1995-01-13,Singaporean,hansenjames@example.org,643.506.5874
1677,CUS0001677,Marcus,Curtis,M,1966-12-16,Australian,urogers@example.org,001-772-628-5825
1678,CUS0001678,Heather,Duarte,F,1958-01-20,Malaysian,christinewilson@example.net,(503)848-2367x88387
1679,CUS0001679,Sherry,Randall,F,1963-06-30,Singaporean,stephaniepatel@example.org,836-947-5846x648
1680,CUS0001680,Tony,Baker,M,1977-02-17,Indonesian,travisdavis@example.org,(631)775-5297x7601
1681,CUS0001681,Kayla,Smith,F,1957-06-07,Japanese,curryjoseph@example.org,(872)381-4361x168
1682,CUS0001682,Ashley,Hughes,F,1952-07-04,Singaporean,nataliejones@example.net,+1-826-505-5546x542
1683,CUS0001683,James,Mullins,M,2008-03-10,Malaysian,vincentdavis@example.com,8348454595
1684,CUS0001684,Allen,Hall,M,1950-11-13,Australian,davisstephanie@example.net,(627)423-8697
1685,CUS0001685,Michael,Pearson,M,1999-11-08,Malaysian,zmanning@example.org,(283)385-0957x0934
1686,CUS0001686,Jennifer,Sellers,F,1974-12-10,Singaporean,stephenschad@example.com,001-240-234-8484x377
1687,CUS0001687,Michael,Thompson,M,1983-07-15,Indonesian,jennifer95@example.net,842-795-4496
1688,CUS0001688,Edward,Conley,M,2000-11-17,Singaporean,skirby@example.com,(627)952-8001x61734
1689,CUS0001689,Lauren,Logan,F,1997-10-31,Indonesian,brenda35@example.net,963-383-2648
1690,CUS0001690,Melissa,Vega,F,1953-07-15,Indonesian,davisalexander@example.net,229-645-7613
1691,CUS0001691,Shelly,Osborne,F,1988-12-05,Australian,anita14@example.org,+1-835-952-8337x2875
1692,CUS0001692,Laura,Peters,F,1995-04-12,Australian,brandontaylor@example.com,(247)671-1588x2187
1693,CUS0001693,Angel,Griffith,F,1950-07-14,Indonesian,hluna@example.org,(911)746-4461x19830
1694,CUS0001694,Rebecca,Thompson,F,2002-08-14,Singaporean,morgan73@example.net,001-988-352-3774x87700
1695,CUS0001695,Mackenzie,Peterson,F,1962-02-20,Australian,sarah21@example.net,001-880-882-2679x9096
1696,CUS0001696,Monica,Hernandez,F,1979-09-07,Singaporean,renee38@example.org,001-357-216-4682
1697,CUS0001697,Sandra,Lopez,F,2001-02-03,Indonesian,wsmith@example.net,001-807-803-7808
1698,CUS0001698,Nicole,Crosby,F,1965-09-10,Australian,benjaminmcbride@example.net,8989348492
1699,CUS0001699,Miranda,Fernandez,F,1978-04-02,Malaysian,christinabailey@example.com,445-365-7267x6541
1700,CUS0001700,Jeremy,Willis,M,1984-04-24,Malaysian,aray@example.org,845.522.0262
1701,CUS0001701,Anthony,Martinez,M,2000-12-20,Singaporean,qalvarado@example.com,(657)233-0907
1702,CUS0001702,Nicholas,Perez,M,1956-04-13,Indonesian,jrobertson@example.net,(547)967-5125
1703,CUS0001703,Olivia,Andrews,F,1952-01-29,Japanese,cortezmichael@example.org,(769)833-2763x3422
1704,CUS0001704,Caitlin,Potts,F,1985-10-03,Japanese,stevenwoodard@example.org,622.459.3103x3700
1705,CUS0001705,Matthew,King,M,1952-09-16,Japanese,juliasmith@example.org,733.818.8384
1706,CUS0001706,Mark,Donaldson,M,1959-02-05,Australian,debbie80@example.com,237.819.8517x696
1707,CUS0001707,Elizabeth,Richard,F,1974-08-28,Japanese,kevin21@example.com,583.879.2640x5327
1708,CUS0001708,Kelly,Cox,F,1964-04-15,Japanese,jessica28@example.net,590.539.7997
1709,CUS0001709,Bobby,Watson,M,1966-08-05,Australian,codyhicks@example.net,+1-265-851-0250x66686
1710,CUS0001710,Maria,Walker,F,1970-08-26,Indonesian,fbutler@example.com,001-398-263-2895
1711,CUS0001711,Crystal,Rogers,F,1971-07-09,Indonesian,melissajames@example.org,855-596-3743
1712,CUS0001712,Kyle,Scott,M,1973-04-25,Indonesian,adrian89@example.com,246-456-5317x08730
1713,CUS0001713,Nancy,Davis,F,1995-06-16,Singaporean,jillduffy@example.org,(963)625-6732x2348
1714,CUS0001714,Justin,George,M,1954-11-03,Singaporean,acontreras@example.org,001-810-290-4886
1715,CUS0001715,Paul,Clark,M,2001-02-25,Singaporean,roberttorres@example.com,001-289-537-8595x41760
1716,CUS0001716,Jon,Sellers,M,1970-04-23,Australian,danielle81@example.org,957-234-6694x4733
1717,CUS0001717,Patrick,Hartman,M,1998-10-25,Australian,david90@example.net,566-951-8378x47719
1718,CUS0001718,Donald,Ochoa,M,1974-07-15,Singaporean,obrienrichard@example.com,+1-838-606-2502x308
1719,CUS0001719,Jennifer,Franklin,F,1993-12-06,Malaysian,josephwalker@example.org,(248)569-5212x156
1720,CUS0001720,Jonathan,Brown,M,1985-11-09,Indonesian,clarkmindy@example.com,+1-946-660-4903x764
1721,CUS0001721,Julia,Navarro,F,1990-01-21,Japanese,sandovalnicole@example.com,722-715-0396
1722,CUS0001722,Kristen,Ortiz,F,1984-08-08,Japanese,littlerebecca@example.org,7414589333
1723,CUS0001723,Sarah,Perry,F,1999-01-22,Malaysian,osmith@example.net,450-602-9573x80101
1724,CUS0001724,Rita,Chase,F,1956-11-02,Indonesian,pruittangelica@example.com,001-719-349-9913x6505
1725,CUS0001725,Laura,Powers,F,2000-09-24,Indonesian,martharay@example.net,418.567.1708x049
1726,CUS0001726,Michelle,Potter,F,2008-03-18,Singaporean,andre19@example.com,729-433-2134
1727,CUS0001727,Vernon,Williams,M,2002-11-27,Japanese,blake03@example.com,+1-817-875-8856x27480
1728,CUS0001728,Brian,Vaughn,M,1962-09-25,Indonesian,vmccormick@example.org,001-303-306-9516x5712
1729,CUS0001729,Julian,Williams,M,1994-03-02,Malaysian,weaverrachel@example.net,001-923-499-3302x5598
1730,CUS0001730,Amy,French,F,1965-06-12,Australian,gibbslisa@example.com,+1-268-689-1096x196
1731,CUS0001731,Heather,Cooper,F,1956-06-15,Australian,thomasbrandon@example.org,(308)916-4180x44608
1732,CUS0001732,Susan,Scott,F,2005-02-19,Japanese,joshuaelliott@example.com,995-606-0958x062
1733,CUS0001733,Gina,Reynolds,F,1988-05-01,Indonesian,gabriellelittle@example.com,001-407-242-9414
1734,CUS0001734,Dylan,Howard,M,1994-08-31,Malaysian,lvelez@example.com,784.576.6919
1735,CUS0001735,Amanda,Myers,F,1969-11-01,Singaporean,otaylor@example.com,874-468-5902
1736,CUS0001736,Lisa,Griffin,F,1976-10-20,Indonesian,martinezpeter@example.org,001-886-960-3498x24689
1737,CUS0001737,Marie,Martinez,F,1975-07-18,Malaysian,fmoore@example.net,640.421.5723x1252
1738,CUS0001738,Tyler,Peterson,M,1973-08-21,Indonesian,aguerra@example.net,289-749-6172x15052
1739,CUS0001739,Susan,Prince,F,1972-11-18,Malaysian,katrinalopez@example.org,345.260.5993x42322
1740,CUS0001740,Lindsey,Ware,F,1989-10-09,Indonesian,sabrina31@example.com,001-414-608-7834x377
1741,CUS0001741,Amber,Hernandez,F,1958-03-16,Malaysian,jarias@example.org,237-299-8181
1742,CUS0001742,Regina,Knight,F,1960-08-23,Malaysian,francisco65@example.com,696.435.5877x45263
1743,CUS0001743,Christie,Todd,F,1984-01-05,Indonesian,leonardphillips@example.org,(453)251-1788
1744,CUS0001744,Gary,Mercer,M,1967-07-12,Singaporean,michael88@example.org,972.604.7676x66082
1745,CUS0001745,Erica,Horton,F,1984-06-16,Australian,qmiller@example.org,5753313685
1746,CUS0001746,Jacqueline,Brady,F,1959-09-01,Malaysian,qanderson@example.net,2748144301
1747,CUS0001747,Angela,Weeks,F,1974-08-02,Japanese,brittanycamacho@example.com,757-544-3319x9711
1748,CUS0001748,Darren,Sanchez,M,1969-03-21,Singaporean,bmartin@example.net,901.700.3434x499
1749,CUS0001749,Nancy,Daniels,F,1974-08-14,Singaporean,usims@example.net,681.578.6021x59927
1750,CUS0001750,Joyce,Levine,F,1965-05-03,Australian,travisroberts@example.org,631.222.2395
1751,CUS0001751,Tanya,Gonzales,F,1970-02-12,Indonesian,hclark@example.com,001-283-568-7477x7407
1752,CUS0001752,James,Jenkins,M,2002-04-09,Indonesian,richard07@example.com,001-822-482-1282x193
1753,CUS0001753,Karen,Tyler,F,2002-04-15,Japanese,qanderson@example.net,493.230.4596
1754,CUS0001754,Stephanie,Morales,F,1977-06-01,Singaporean,clayamy@example.org,323-344-3584
1755,CUS0001755,Vincent,Barrett,M,2004-09-20,Singaporean,jbell@example.com,(210)663-7817
1756,CUS0001756,Justin,Swanson,M,1965-09-28,Singaporean,hking@example.org,665-495-5859
1757,CUS0001757,Benjamin,Wright,M,1989-06-11,Singaporean,sandraclark@example.com,865.997.2767
1758,CUS0001758,John,Diaz,M,1964-08-28,Australian,kristina61@example.org,001-641-474-9195x38088
1759,CUS0001759,Jeffrey,Henry,M,1959-04-06,Malaysian,jameslawson@example.net,661.250.0111x3915
1760,CUS0001760,Eric,White,M,1963-12-04,Malaysian,fbonilla@example.net,(814)399-0108
1761,CUS0001761,Rebecca,Cruz,F,2006-02-23,Australian,margaret90@example.com,+1-899-915-7380x6799
1762,CUS0001762,Mary,Hughes,F,1962-09-30,Indonesian,silvapreston@example.org,(737)826-4320
1763,CUS0001763,Keith,Gonzales,M,1961-02-28,Singaporean,rhonda97@example.org,+1-355-979-3277x01154
1764,CUS0001764,Megan,Harris,F,2005-05-28,Australian,jessicahorn@example.org,001-868-356-8888
1765,CUS0001765,Amanda,Avila,F,1973-09-26,Singaporean,wgonzalez@example.net,(579)443-3644x7026
1766,CUS0001766,Katherine,Franco,F,1995-03-01,Japanese,wdyer@example.com,+1-964-358-7669x494
1767,CUS0001767,Hannah,Wilkinson,F,2005-06-16,Malaysian,joshuaramos@example.com,802-740-5377x29084
1768,CUS0001768,Shawn,May,M,1967-12-31,Malaysian,natalie37@example.com,780-878-0538x338
1769,CUS0001769,Kevin,Lopez,M,1991-09-18,Malaysian,wrightcarolyn@example.com,001-280-840-7373x0415
1770,CUS0001770,Daniel,Cochran,M,1998-06-22,Australian,mary51@example.org,001-826-958-3879x6334
1771,CUS0001771,Douglas,Simmons,M,1997-06-18,Singaporean,vshields@example.org,332.773.9974
1772,CUS0001772,Kristopher,Patton,M,1998-08-16,Singaporean,lisa10@example.org,7273607819
1773,CUS0001773,James,Davila,M,1968-04-01,Singaporean,oalvarez@example.com,583.730.6144
1774,CUS0001774,Jillian,Rios,F,1968-09-27,Australian,nrice@example.com,9527602706
1775,CUS0001775,Jeffrey,Ruiz,M,1983-02-13,Indonesian,fieldsrobin@example.net,+1-912-692-3613x91237
1776,CUS0001776,Helen,Newman,F,1985-11-04,Singaporean,susan13@example.org,768.370.5807x9106
1777,CUS0001777,Stephen,Cardenas,M,1968-08-02,Japanese,crawfordtammy@example.net,584.678.4830
1778,CUS0001778,Joseph,Mack,M,1981-11-12,Singaporean,ryancline@example.net,304-949-2728x0903
1779,CUS0001779,Kristen,Fuentes,F,1967-01-21,Japanese,qlara@example.org,001-716-578-5984x4408
1780,CUS0001780,Allison,Forbes,F,1992-12-19,Malaysian,murraypaige@example.com,4525699015
1781,CUS0001781,Sandra,Banks,F,1959-04-07,Australian,ojames@example.org,+1-323-756-5403x079
1782,CUS0001782,Denise,Norton,F,1954-06-27,Australian,feliciaclark@example.org,2122953185
1783,CUS0001783,Ebony,Gonzalez,F,1995-08-08,Singaporean,hollychang@example.net,(682)904-8109x3054
1784,CUS0001784,Claudia,Black,F,1980-07-28,Malaysian,ngreene@example.net,524.455.3815x18272
1785,CUS0001785,Jessica,Hill,F,1959-05-06,Japanese,miranda18@example.com,(755)276-8815
1786,CUS0001786,David,Giles,M,1958-10-30,Indonesian,nluna@example.com,348-776-1504x8849
1787,CUS0001787,Nancy,Dixon,F,1959-09-01,Japanese,keith40@example.org,307-269-5559x35588
1788,CUS0001788,Katie,Joseph,F,1995-08-01,Malaysian,seanparsons@example.com,577.974.5925x412
1789,CUS0001789,Charles,Roberts,M,1990-04-29,Australian,timothyharrison@example.org,6708455948
1790,CUS0001790,Joel,Baker,M,1999-05-14,Malaysian,grahamdavid@example.net,001-556-771-2559
1791,CUS0001791,Stephanie,Conrad,F,2003-03-28,Malaysian,qjordan@example.net,001-306-641-2272x7653
1792,CUS0001792,Ruth,Fry,F,1997-08-01,Malaysian,joshuacrawford@example.net,7057455834
1793,CUS0001793,Lisa,Rogers,F,2006-12-06,Singaporean,sandra21@example.com,+1-733-257-6680
1794,CUS0001794,Eric,Lara,M,1989-11-25,Japanese,johnsonrobert@example.net,7434171557
1795,CUS0001795,Brandon,Robbins,M,1981-06-24,Indonesian,jeffreyhawkins@example.org,001-293-716-0898x88501
1796,CUS0001796,Jacqueline,Farmer,F,1963-10-18,Malaysian,davismike@example.org,(502)564-0093
1797,CUS0001797,Todd,Hamilton,M,1984-05-27,Indonesian,lopezaaron@example.net,588.678.2188
1798,CUS0001798,Diane,Crosby,F,1985-10-06,Malaysian,mullinsrobert@example.com,(863)842-0834x81242
1799,CUS0001799,Dorothy,Ramirez,F,1999-12-06,Australian,bparker@example.com,383.927.9663x795
1800,CUS0001800,Jill,Bond,F,1968-12-12,Australian,larryfox@example.net,544-369-3995
1801,CUS0001801,Robert,Rivera,M,1980-02-22,Japanese,jcollins@example.org,+1-840-826-9089x649
1802,CUS0001802,Jason,Ferrell,M,1985-09-26,Malaysian,benjamindavid@example.net,(929)423-2468
1803,CUS0001803,Cody,Williams,M,1982-03-23,Japanese,jerrymann@example.com,7619386748
1804,CUS0001804,Kathryn,Williams,F,1968-06-17,Malaysian,mark65@example.net,001-876-957-8680x05512
1805,CUS0001805,Marissa,Green,F,1967-10-12,Singaporean,jason63@example.org,205.261.4653x442
1806,CUS0001806,Edgar,Miller,M,1997-01-03,Malaysian,dramos@example.net,752-203-5191
1807,CUS0001807,Robert,Ortiz,M,1993-01-31,Australian,youngleslie@example.net,408-914-3229x87663
1808,CUS0001808,Michael,Holt,M,1953-08-20,Malaysian,david38@example.org,7604891700
1809,CUS0001809,Cameron,Miller,M,1968-08-01,Malaysian,stephen49@example.com,(899)305-2702x599
1810,CUS0001810,Tyler,Pham,M,1965-01-23,Singaporean,rebecca83@example.org,407-375-1306x1092
1811,CUS0001811,Jennifer,Matthews,F,1969-12-16,Singaporean,linda37@example.org,373-420-4319x2743
1812,CUS0001812,Jennifer,Jenkins,F,1977-06-27,Australian,thompsonjames@example.org,(955)480-6247x55526
1813,CUS0001813,Stephanie,Craig,F,1977-12-19,Malaysian,jburgess@example.com,001-751-900-5687x0690
1814,CUS0001814,Tina,Barton,F,1962-07-01,Japanese,wolfechristopher@example.com,693.623.5393x305
1815,CUS0001815,Morgan,Haynes,F,1955-12-20,Australian,drivera@example.com,001-643-421-8302
1816,CUS0001816,James,Baker,M,2001-06-04,Australian,courtney51@example.net,2207411548
1817,CUS0001817,Brett,Lawson,M,1963-05-08,Japanese,peter53@example.org,(633)305-7543x70098
1818,CUS0001818,Jared,Ewing,M,1966-04-09,Australian,chickman@example.net,+1-521-570-4701x2592
1819,CUS0001819,Thomas,Burton,M,1988-11-14,Japanese,pdavis@example.net,(368)917-6975x059
1820,CUS0001820,Trevor,Young,M,1997-04-23,Australian,anthonymiles@example.org,+1-855-691-6983x31793
1821,CUS0001821,Maria,Johnson,F,1991-05-16,Australian,jennifer06@example.com,001-745-225-9357x076
1822,CUS0001822,Kenneth,Myers,M,1951-03-27,Singaporean,pmedina@example.com,(822)271-9260x26118
1823,CUS0001823,Patrick,Johnson,M,1991-08-29,Singaporean,ryansmith@example.net,294-590-8170
1824,CUS0001824,Wendy,Porter,F,1978-01-14,Australian,alisoncooper@example.net,+1-487-377-7014x97268
1825,CUS0001825,Ashley,Rogers,F,1994-06-16,Singaporean,btorres@example.com,735.395.6919x220
1826,CUS0001826,Tricia,Richardson,F,1966-09-27,Singaporean,urobles@example.net,+1-992-550-0751x67486
1827,CUS0001827,Jack,Martinez,M,1959-04-17,Australian,burnstyler@example.net,547.579.3599x584
1828,CUS0001828,Jacqueline,Munoz,F,1990-07-24,Singaporean,lwalton@example.com,(301)493-0646
1829,CUS0001829,Jane,Henry,F,1989-09-06,Indonesian,carrollsuzanne@example.net,935.530.3138
1830,CUS0001830,Andrew,Davidson,M,1986-06-27,Australian,zacharyrojas@example.com,(933)655-2620x294
1831,CUS0001831,Karen,Martinez,F,1963-01-27,Singaporean,richardbond@example.net,445.517.3922
1832,CUS0001832,Bradley,Newman,M,1985-02-23,Japanese,arogers@example.org,001-947-350-5577
1833,CUS0001833,Jimmy,Harris,M,1958-12-09,Australian,jason53@example.com,481.915.7509
1834,CUS0001834,Christopher,Montgomery,M,1985-06-24,Singaporean,quinnjacob@example.net,001-857-856-2943x391
1835,CUS0001835,Stacy,Gibbs,F,1950-09-20,Australian,mark69@example.com,494.941.0104
1836,CUS0001836,Penny,Watkins,F,1968-02-13,Australian,michaelskinner@example.org,301-581-8896
1837,CUS0001837,Tina,Farmer,F,1993-02-08,Australian,mikemaddox@example.com,284.581.1157
1838,CUS0001838,Elijah,Wood,M,1954-01-06,Indonesian,harrellmary@example.com,+1-726-624-5546x20213
1839,CUS0001839,Ricky,Dean,M,1997-09-28,Malaysian,douglaswright@example.com,8712734346
1840,CUS0001840,Thomas,Solis,M,1973-07-26,Malaysian,thomas00@example.com,3398810795
1841,CUS0001841,Colton,Anderson,M,1968-01-27,Indonesian,singhaaron@example.org,(241)775-6168
1842,CUS0001842,Jeffrey,Beck,M,1956-03-28,Singaporean,joseph33@example.net,366.750.2859
1843,CUS0001843,Taylor,Horton,M,1972-02-20,Malaysian,gonzalescheyenne@example.net,(378)329-0524x922
1844,CUS0001844,Maria,Garcia,F,1969-08-30,Singaporean,ashleylozano@example.com,314.614.0138x56993
1845,CUS0001845,Scott,Gutierrez,M,1960-11-11,Australian,bullockmaria@example.net,6176402098
1846,CUS0001846,Jessica,Petty,F,1985-05-03,Singaporean,npowell@example.com,+1-818-927-2913
1847,CUS0001847,Stephen,Murphy,M,1991-09-05,Indonesian,gentrylarry@example.com,001-291-753-2180x113
1848,CUS0001848,Sonya,Robinson,F,1974-11-05,Malaysian,ipoole@example.org,842.484.0224
1849,CUS0001849,Terri,Woods,F,1955-12-14,Japanese,yvettemoore@example.org,434-523-8670x77604
1850,CUS0001850,Marissa,Walters,F,1995-05-21,Australian,bbowman@example.net,(674)208-7721x0752
1851,CUS0001851,Alex,Wall,M,1997-12-16,Malaysian,khanmitchell@example.org,4978247254
1852,CUS0001852,Hannah,Mcclure,F,1980-02-15,Malaysian,brittneywashington@example.com,001-839-585-2381x82893
1853,CUS0001853,Wesley,Sims,M,2003-04-11,Singaporean,bdunn@example.net,3707423573
1854,CUS0001854,Lauren,Jones,F,1955-11-19,Indonesian,lmaldonado@example.org,+1-713-253-4705x07077
1855,CUS0001855,Nathaniel,Arnold,M,2003-02-01,Singaporean,ashley99@example.net,(735)776-8662x1380
1856,CUS0001856,Benjamin,Harrington,M,1967-11-24,Singaporean,jodi42@example.org,(695)351-3305x915
1857,CUS0001857,Kevin,Clark,M,1997-04-07,Japanese,daniel10@example.net,(674)351-3636x59050
1858,CUS0001858,John,Crawford,M,1960-01-31,Indonesian,johntaylor@example.net,387.503.2381x2817
1859,CUS0001859,Heather,Valencia,F,1996-04-23,Indonesian,vharmon@example.com,(911)527-5963
1860,CUS0001860,Andrea,Torres,F,2007-08-23,Malaysian,johntravis@example.org,+1-686-223-0659
1861,CUS0001861,Alexander,Cervantes,M,1986-08-20,Japanese,hicksandrew@example.net,(248)351-0021x82414
1862,CUS0001862,Jerome,Taylor,M,1968-03-17,Indonesian,obrown@example.net,487.232.1499x9703
1863,CUS0001863,Douglas,Newman,M,1995-08-08,Indonesian,uscott@example.org,342-210-6510x0460
1864,CUS0001864,Mark,Rodriguez,M,1958-09-11,Australian,matthewcook@example.net,994.420.7223x956
1865,CUS0001865,Mary,Burns,F,2004-06-27,Australian,pagelauren@example.net,001-989-987-8776x77513
1866,CUS0001866,Matthew,Anderson,M,1964-11-23,Japanese,patelaudrey@example.net,620.748.7304x519
1867,CUS0001867,Gloria,Mason,F,1985-02-01,Australian,brewerkristy@example.net,641.288.0796
1868,CUS0001868,David,Schultz,M,1957-09-03,Singaporean,nancy58@example.com,+1-639-518-5362x054
1869,CUS0001869,Randall,Silva,M,1980-11-19,Malaysian,craigleslie@example.org,(638)456-7020x71537
1870,CUS0001870,Amy,Woodard,F,1974-10-30,Indonesian,jennifer35@example.com,407-389-6778x8892
1871,CUS0001871,Pamela,Johnson,F,1953-01-10,Japanese,rchan@example.net,6408947112
1872,CUS0001872,Brian,Wallace,M,1995-11-24,Australian,amedina@example.com,804-686-6718
1873,CUS0001873,Trevor,Hernandez,M,1979-11-21,Japanese,kaylaturner@example.com,3499867110
1874,CUS0001874,John,Smith,M,1966-11-16,Malaysian,markfrank@example.net,943-607-3246x6899
1875,CUS0001875,Kyle,Cochran,M,1954-06-20,Indonesian,daniellebrown@example.org,617.979.9899x24692
1876,CUS0001876,Alison,Wyatt,F,1958-08-23,Singaporean,hickmanerin@example.org,786-843-2314
1877,CUS0001877,Robert,Davis,M,2003-12-17,Malaysian,martinmichael@example.org,600.234.3743x2567
1878,CUS0001878,William,Bauer,M,2003-08-12,Malaysian,jason25@example.org,+1-223-811-5411x1902
1879,CUS0001879,Alexandra,Garcia,F,2000-07-19,Malaysian,nbanks@example.org,9525214426
1880,CUS0001880,Paul,Diaz,M,1964-01-07,Indonesian,elizabeth56@example.org,461-859-9944
1881,CUS0001881,Rebecca,Miller,F,1969-02-14,Singaporean,leonard75@example.net,(668)629-5081
1882,CUS0001882,Tracy,White,F,1963-06-05,Malaysian,jamespeters@example.net,258.703.5288
1883,CUS0001883,Alfred,Shaffer,M,1971-11-29,Indonesian,salasjennifer@example.net,497-635-4425
1884,CUS0001884,Michael,Kennedy,M,1983-08-25,Indonesian,xking@example.com,001-264-293-0464
1885,CUS0001885,Jeffrey,Hughes,M,1986-08-08,Japanese,peterpayne@example.org,001-275-353-7793x8546
1886,CUS0001886,Brenda,Johnson,F,2007-12-30,Singaporean,andrew25@example.com,(639)960-1609x932
1887,CUS0001887,Andre,Elliott,M,1977-06-02,Japanese,michaelhurley@example.org,001-674-531-6032x503
1888,CUS0001888,Michael,Harper,M,1986-07-17,Indonesian,stacie27@example.net,001-852-636-1794
1889,CUS0001889,Gabriella,Lindsey,F,1991-07-13,Singaporean,jennifer57@example.net,412.673.1742x71832
1890,CUS0001890,Stephanie,Martin,F,1991-03-16,Malaysian,phillipwade@example.org,361.376.4040x4655
1891,CUS0001891,Carla,Gray,F,1984-09-25,Australian,kruegertammie@example.com,7227892074
1892,CUS0001892,Christopher,Shah,M,1986-03-08,Indonesian,scottvelazquez@example.com,474.923.9354x3373
1893,CUS0001893,Joseph,Robinson,M,1978-11-09,Indonesian,christophermullen@example.org,6025607721
1894,CUS0001894,Stephanie,Sims,F,1997-10-26,Malaysian,khuber@example.net,(253)571-5573x1052
1895,CUS0001895,Ana,Chavez,F,1952-06-16,Australian,brett93@example.org,773.212.9734x148
1896,CUS0001896,Steven,Wang,M,1996-12-18,Indonesian,xsantiago@example.net,+1-208-926-8009x0722
1897,CUS0001897,Bradley,Moore,M,2001-08-25,Indonesian,boydmegan@example.com,(723)995-9602x331
1898,CUS0001898,Tracy,Wilson,M,1974-12-12,Singaporean,bclarke@example.org,(630)388-8060
1899,CUS0001899,Julie,Smith,F,2004-07-07,Malaysian,david30@example.org,288.767.5875x585
1900,CUS0001900,Laura,Davis,F,1973-03-17,Japanese,phillipsmaria@example.com,(436)869-4627
1901,CUS0001901,Tina,Garcia,F,1958-11-21,Indonesian,katie20@example.com,984.850.4621
1902,CUS0001902,Debbie,Lee,F,1970-07-13,Malaysian,michelestrong@example.org,(967)640-7886x98585
1903,CUS0001903,Marc,Rosario,M,1956-04-01,Indonesian,fosterlisa@example.com,726.541.8793x978
1904,CUS0001904,Jordan,Williams,F,1961-04-16,Australian,bailey16@example.net,259-682-4378x047
1905,CUS0001905,Amanda,Fuller,F,1964-01-25,Malaysian,zcooper@example.net,556.792.6920x327
1906,CUS0001906,Paula,Wilson,F,1975-03-07,Australian,lvance@example.org,(730)308-5789
1907,CUS0001907,Holly,Thomas,F,1971-02-23,Singaporean,matthewprice@example.org,2985057836
1908,CUS0001908,Andre,Winters,M,1968-09-04,Singaporean,nicholsontheresa@example.net,(953)229-8568x4997
1909,CUS0001909,Noah,Solis,M,1979-05-26,Singaporean,johnsonjoseph@example.com,343-937-0049
1910,CUS0001910,William,Snow,M,1969-09-13,Australian,paulkim@example.net,001-763-687-6215x7740
1911,CUS0001911,Valerie,Whitaker,F,1980-02-21,Japanese,jmartinez@example.com,001-987-441-4278x53141
1912,CUS0001912,Jennifer,Fletcher,F,1997-01-29,Singaporean,christophermartin@example.org,001-339-598-2159x007
1913,CUS0001913,Shannon,Taylor,F,1997-10-05,Malaysian,robertsjoshua@example.net,256-677-1541x766
1914,CUS0001914,Ethan,Kelley,M,2007-05-30,Singaporean,barbaramcclain@example.com,+1-945-876-7765x76664
1915,CUS0001915,Amber,Gomez,F,1950-12-20,Australian,melissa29@example.com,955-421-7504x9988
1916,CUS0001916,Kevin,Mason,M,1960-03-01,Australian,vward@example.com,(420)961-8506
1917,CUS0001917,Rachel,Hall,F,1986-03-15,Indonesian,rglover@example.org,2675246639
1918,CUS0001918,Christopher,Delacruz,M,1967-11-18,Malaysian,briandavis@example.net,693.230.1118
1919,CUS0001919,Jennifer,King,F,1986-08-01,Indonesian,matthew75@example.com,(645)529-6151
1920,CUS0001920,Jason,Ellis,M,1967-08-11,Malaysian,shawn83@example.com,779-783-8713
1921,CUS0001921,Wayne,Moses,M,1992-06-04,Australian,pmcpherson@example.net,489.758.6417
1922,CUS0001922,Tony,Hughes,M,1953-07-09,Australian,greenekaren@example.org,001-662-446-9476x29368
1923,CUS0001923,Jessica,Heath,F,2007-04-27,Australian,washingtonbrittany@example.org,(479)290-1027x19095
1924,CUS0001924,Cole,Friedman,M,1981-04-21,Japanese,craiganderson@example.com,+1-219-304-5624x4622
1925,CUS0001925,James,Coleman,M,1965-03-02,Indonesian,carolynduke@example.com,5823432625
1926,CUS0001926,Troy,Smith,M,1954-01-17,Japanese,medwards@example.net,614-720-2484x3507
1927,CUS0001927,Alexis,Blevins,F,1991-03-30,Australian,joanwright@example.org,209.299.7024x40431
1928,CUS0001928,John,Davis,M,1988-04-25,Indonesian,joemurphy@example.net,627.973.7655
1929,CUS0001929,Jennifer,Kim,F,1980-08-06,Malaysian,thomas35@example.com,581-447-1266x6153
1930,CUS0001930,Lawrence,White,M,1998-07-24,Malaysian,colliersuzanne@example.com,4139433906
1931,CUS0001931,Lisa,Yang,F,1992-02-11,Indonesian,william47@example.com,939.312.9903
1932,CUS0001932,Michael,Rodriguez,M,1980-06-12,Japanese,carol95@example.com,314.221.1622x065
1933,CUS0001933,April,Hill,F,1967-07-04,Australian,phillipmcdowell@example.com,244-232-9691x422
1934,CUS0001934,John,Hernandez,M,1980-06-07,Indonesian,probbins@example.com,(378)208-7857
1935,CUS0001935,Lindsay,Robinson,F,1987-03-03,Australian,jeffery00@example.net,9067325867
1936,CUS0001936,Diane,Wood,F,1978-07-06,Indonesian,mendozaangela@example.com,803.644.6332x465
1937,CUS0001937,Teresa,Wise,F,1973-02-19,Australian,kaitlyn35@example.org,857.735.1851x769
1938,CUS0001938,Michele,Knight,F,1989-11-09,Indonesian,amurphy@example.org,6336752296
1939,CUS0001939,Marcia,Davis,F,1988-10-09,Indonesian,jackclay@example.com,445-557-9537
1940,CUS0001940,John,Gutierrez,M,1968-12-21,Australian,mitchellshari@example.com,902.497.0813
1941,CUS0001941,Cassidy,Hansen,F,1958-09-08,Indonesian,harveyjames@example.net,001-424-639-2295x01496
1942,CUS0001942,Alexander,Trujillo,M,1996-06-15,Indonesian,james08@example.com,+1-934-476-7900
1943,CUS0001943,Emily,Ross,F,1977-01-29,Japanese,slawson@example.net,460.794.3868
1944,CUS0001944,Taylor,Smith,M,1972-08-24,Australian,beth56@example.org,001-772-966-9232
1945,CUS0001945,Morgan,Moore,F,1967-01-26,Malaysian,jennifer68@example.net,+1-827-804-7233x446
1946,CUS0001946,Brian,Gomez,M,1970-09-10,Singaporean,dmiller@example.com,662.288.6887x92449
1947,CUS0001947,Nicole,Frazier,F,2004-08-01,Malaysian,christopher69@example.net,261-334-4088x33183
1948,CUS0001948,Jennifer,Figueroa,F,1968-08-15,Malaysian,efisher@example.org,+1-337-879-3980x1220
1949,CUS0001949,Cindy,Mason,F,1975-05-17,Indonesian,anthonyburton@example.org,001-515-323-1336
1950,CUS0001950,Eddie,Smith,M,1988-01-18,Singaporean,christopherwashington@example.org,418.796.7201
1951,CUS0001951,Larry,Merritt,M,1967-01-22,Malaysian,alvaradostephen@example.net,669-600-0191x76532
1952,CUS0001952,Kendra,Scott,F,1965-04-12,Malaysian,ewilson@example.com,974-469-1170x8702
1953,CUS0001953,Kim,Lopez,F,1952-08-26,Indonesian,brian93@example.net,001-280-283-4912x3216
1954,CUS0001954,James,Burke,M,1998-09-21,Singaporean,gregorywolfe@example.net,225.427.6252
1955,CUS0001955,Anita,Rodriguez,F,1980-02-10,Singaporean,uelliott@example.com,(883)926-7011
1956,CUS0001956,Kathy,Rodriguez,F,1979-11-11,Indonesian,vnorton@example.net,(929)502-5153x86426
1957,CUS0001957,Penny,Jackson,F,1953-03-03,Japanese,christopher53@example.net,3402531984
1958,CUS0001958,Maurice,Johnson,M,1972-05-01,Singaporean,aaron48@example.com,(684)867-7037
1959,CUS0001959,Jesse,Vasquez,M,2000-05-01,Australian,hansenjessica@example.org,+1-976-444-0583x5501
1960,CUS0001960,Jeremy,Gibson,M,1990-11-18,Australian,usanchez@example.org,+1-729-301-8320
1961,CUS0001961,Brandon,Moore,M,2006-08-19,Malaysian,jonathansimmons@example.org,(780)319-9050x2406
1962,CUS0001962,Austin,Harrison,M,1998-12-07,Australian,melissa71@example.net,870-864-8579
1963,CUS0001963,Tristan,Mccoy,M,1956-06-28,Japanese,patriciafloyd@example.com,3792044813
1964,CUS0001964,Thomas,Garcia,M,2001-08-22,Australian,lori56@example.com,001-267-376-1952x496
1965,CUS0001965,Karen,Carroll,F,2004-03-01,Japanese,colekirk@example.org,470.922.3804x5347
1966,CUS0001966,Joe,Taylor,M,1963-04-19,Australian,brianlowery@example.net,001-728-948-9873
1967,CUS0001967,Christopher,Ellis,M,1962-01-22,Japanese,jasonhardy@example.net,602.840.9398x6639
1968,CUS0001968,Dustin,Mitchell,M,1959-08-09,Japanese,jwright@example.org,965-523-9188x67622
1969,CUS0001969,Felicia,Hooper,F,1965-10-03,Japanese,melodyjacobson@example.com,+1-320-716-6334x0142
1970,CUS0001970,Jennifer,Gonzalez,F,1997-04-14,Japanese,gregory63@example.com,(288)662-3357
1971,CUS0001971,Donald,Cox,M,2004-10-12,Japanese,singhnicole@example.com,644.621.1175
1972,CUS0001972,Edward,Bradley,M,1982-12-05,Singaporean,garrett18@example.net,001-342-346-3815x129
1973,CUS0001973,William,Russell,M,2001-08-06,Australian,lmay@example.com,+1-964-729-9872x47353
1974,CUS0001974,Pamela,Hudson,F,1958-06-11,Japanese,john00@example.com,914-451-8347x92305
1975,CUS0001975,Debbie,Singh,F,1955-08-01,Australian,ramseychristopher@example.com,(243)878-6243x0146
1976,CUS0001976,Jason,Paul,M,1976-11-19,Malaysian,swansonnicholas@example.net,+1-863-774-9121x8790
1977,CUS0001977,Alexa,Jones,F,2002-12-24,Malaysian,samuel59@example.org,212-250-2316
1978,CUS0001978,Susan,Juarez,F,1963-02-20,Australian,zmartin@example.net,+1-868-332-1208
1979,CUS0001979,Dennis,Miles,M,1987-09-08,Singaporean,donald07@example.net,(669)697-8420x0141
1980,CUS0001980,Brandy,Myers,F,1994-01-22,Japanese,fwalker@example.org,786.615.9528
1981,CUS0001981,Joyce,Morris,F,1982-06-01,Japanese,wlewis@example.com,001-998-529-3055x779
1982,CUS0001982,Jean,Hamilton,F,1982-04-25,Japanese,jennifer10@example.com,001-539-248-1504
1983,CUS0001983,William,Peterson,M,2005-05-31,Singaporean,iharmon@example.net,(986)896-6096x354
1984,CUS0001984,Alan,Tucker,M,2007-12-01,Japanese,robleschristopher@example.org,742.662.2644x18024
1985,CUS0001985,Amy,Bailey,F,2003-11-23,Malaysian,marcbrooks@example.com,(843)777-9507
1986,CUS0001986,Raymond,Morris,M,1965-08-09,Singaporean,qhutchinson@example.net,001-252-351-2258x4679
1987,CUS0001987,Mary,Trujillo,F,2002-12-27,Indonesian,melissachristian@example.net,001-229-449-6523x96749
1988,CUS0001988,Amy,Walker,F,1985-07-30,Japanese,joseph70@example.org,+1-841-759-1242
1989,CUS0001989,Julie,Flores,F,2007-05-13,Japanese,chad39@example.com,(635)229-4614x2620
1990,CUS0001990,Kayla,Taylor,F,1977-06-21,Japanese,jamesmcclure@example.org,489-878-7372
1991,CUS0001991,Stephanie,Barajas,F,2006-11-25,Australian,donnaholt@example.org,719-617-1603x3308
1992,CUS0001992,Douglas,Rice,M,1970-11-26,Japanese,robertbrock@example.com,2204931378
1993,CUS0001993,Michael,Jones,M,1989-11-20,Indonesian,sarahwashington@example.net,(777)277-3657x64554
1994,CUS0001994,Christine,Lam,F,1984-09-16,Singaporean,austinlinda@example.net,735-511-0269x395
1995,CUS0001995,David,Williams,M,1992-06-20,Indonesian,jameswright@example.net,935-214-8550
1996,CUS0001996,Charles,Wright,M,1979-10-21,Malaysian,laurenhenderson@example.com,841.651.4487x621
1997,CUS0001997,Justin,Sanchez,M,1967-09-30,Malaysian,shawnkoch@example.net,730.429.4069x572
1998,CUS0001998,Mary,Moore,F,2000-10-14,Singaporean,william37@example.com,001-612-758-2848x89199
1999,CUS0001999,Trevor,Cruz,M,1999-09-30,Malaysian,colleen19@example.com,764-446-4523x90041
2000,CUS0002000,Eric,Moore,M,2000-07-29,Japanese,xsimpson@example.com,670-818-9779x501
2001,CUS0002001,Jerry,Williams,M,1992-04-26,Malaysian,rodneythomas@example.net,802-280-0417x70734
2002,CUS0002002,Megan,Rodriguez,F,1957-01-17,Indonesian,elizabethsmith@example.com,001-492-916-4575
2003,CUS0002003,Gregory,Holland,M,1999-03-23,Japanese,mistywolf@example.com,985.315.0668x8155
2004,CUS0002004,Melissa,Diaz,F,1978-09-11,Singaporean,amiller@example.com,+1-694-809-3636
2005,CUS0002005,Margaret,Peterson,F,1975-08-10,Indonesian,david61@example.org,739.356.3224
2006,CUS0002006,Kayla,Brooks,F,1991-09-13,Australian,ijones@example.org,(669)974-8697
2007,CUS0002007,Laura,Wilcox,F,1993-02-03,Malaysian,fstevenson@example.net,(330)852-7043x69225
2008,CUS0002008,David,Young,M,1958-08-06,Indonesian,timothysullivan@example.net,001-201-776-3191x98637
2009,CUS0002009,Mary,Perez,F,1976-10-26,Singaporean,fisheredward@example.org,9637567357
2010,CUS0002010,Jenna,Simon,F,1961-09-14,Singaporean,lauren04@example.org,001-903-627-3032x482
2011,CUS0002011,Sharon,Benitez,F,1964-06-25,Japanese,david35@example.com,818-782-0380
2012,CUS0002012,Jonathan,Mercer,M,1959-11-02,Singaporean,hartjames@example.net,+1-811-812-8177x90366
2013,CUS0002013,Crystal,Curtis,F,1992-05-11,Australian,timothy81@example.net,526.559.8450
2014,CUS0002014,William,Henry,M,1953-09-30,Indonesian,elizabethburke@example.org,675.735.3132
2015,CUS0002015,Cameron,Norris,M,1997-04-04,Singaporean,robert19@example.net,703-405-6878x07126
2016,CUS0002016,Duane,Dickerson,M,1970-04-10,Australian,masonernest@example.net,+1-983-988-2015x149
2017,CUS0002017,Jonathan,Adams,M,1956-06-20,Australian,ricardomiller@example.com,265.428.2261x954
2018,CUS0002018,Kristine,Hoffman,F,1968-04-30,Japanese,jake45@example.com,366.713.8865x5009
2019,CUS0002019,Linda,Cortez,F,2001-01-29,Singaporean,jrobertson@example.org,001-359-436-0194
2020,CUS0002020,Mark,Johnson,M,1976-06-13,Japanese,hoffmanmark@example.org,(308)378-0720x20338
2021,CUS0002021,Brooke,Chang,F,1989-09-19,Indonesian,efoster@example.com,572.803.7344
2022,CUS0002022,Heidi,Webb,F,1981-09-12,Australian,rileyheather@example.com,(957)543-9677x0546
2023,CUS0002023,Kyle,Jones,M,1967-06-30,Indonesian,garzajulia@example.com,368-287-3058x868
2024,CUS0002024,Samuel,Rivera,M,1956-10-29,Malaysian,tammyowen@example.com,(325)647-8009x58040
2025,CUS0002025,James,Collier,M,1991-10-18,Japanese,amack@example.org,7196007388
2026,CUS0002026,Jenna,Hardin,F,1998-08-25,Australian,crystalchandler@example.com,369.539.0894
2027,CUS0002027,Ashley,Schmidt,F,1989-07-16,Indonesian,hjimenez@example.org,(413)705-4284
2028,CUS0002028,Lorraine,Garcia,F,1990-01-23,Japanese,gonzalezmichael@example.com,001-209-542-9412x5979
2029,CUS0002029,Philip,Taylor,M,1988-05-09,Singaporean,dshelton@example.com,(906)528-9513x40399
2030,CUS0002030,Joseph,Mitchell,M,1995-12-06,Japanese,andrewgarcia@example.org,(232)993-9702x66382
2031,CUS0002031,Bryan,Mahoney,M,1988-06-13,Australian,piercedavid@example.org,817-986-0577
2032,CUS0002032,Katherine,Watkins,F,1998-04-29,Indonesian,kathrynbaxter@example.org,(487)557-4058
2033,CUS0002033,Meghan,Smith,F,1978-10-25,Singaporean,graytracy@example.com,792-949-7265
2034,CUS0002034,Austin,Mclean,M,1969-07-28,Malaysian,qwoods@example.net,(414)753-7525x744
2035,CUS0002035,Brenda,Barnes,F,2007-10-21,Malaysian,mannlisa@example.com,711-356-7338
2036,CUS0002036,Emma,Patterson,F,2000-06-25,Singaporean,csnyder@example.net,(506)680-9838x319
2037,CUS0002037,Jessica,Park,F,1962-06-22,Japanese,bflores@example.org,445.563.3389
2038,CUS0002038,Eric,Mata,M,1974-11-12,Indonesian,joshuamorris@example.org,615-457-8263x88032
2039,CUS0002039,Julie,Gray,F,1995-08-27,Australian,tmejia@example.net,669.974.7623x70385
2040,CUS0002040,Justin,Wallace,M,1997-09-10,Japanese,robertdavis@example.org,492-229-4123
2041,CUS0002041,Sean,Duran,M,1977-01-20,Indonesian,michaeljennings@example.com,001-518-354-5541x8925
2042,CUS0002042,Deborah,Smith,F,1966-03-14,Australian,richard03@example.org,726.973.5490x47986
2043,CUS0002043,Brett,Clayton,M,1984-09-03,Australian,fpena@example.org,(750)886-2868
2044,CUS0002044,Dorothy,Weber,F,1970-09-05,Japanese,rhughes@example.net,882.930.9258x72894
2045,CUS0002045,Tasha,Beck,F,1977-02-18,Indonesian,christianharris@example.org,+1-246-501-7262
2046,CUS0002046,Theresa,Haynes,F,1977-12-20,Japanese,charlotte84@example.net,349.811.6343x0310
2047,CUS0002047,Jennifer,Mack,F,1979-10-05,Australian,tracimaddox@example.net,455-441-4085x796
2048,CUS0002048,Steven,Bell,M,2002-05-16,Malaysian,schultzwilliam@example.net,(310)966-0026x04690
2049,CUS0002049,Dennis,Keller,M,1963-12-15,Malaysian,stoutjennifer@example.org,441-306-6788x4573
2050,CUS0002050,Jeffrey,Brown,M,1962-06-27,Indonesian,eric38@example.net,954.440.7110
2051,CUS0002051,Luis,Brooks,M,1961-11-21,Japanese,donnajohnson@example.com,+1-906-367-1485x3331
2052,CUS0002052,David,Andrews,M,1971-12-14,Indonesian,jonathan12@example.net,+1-324-792-2028
2053,CUS0002053,Richard,White,M,1985-01-12,Singaporean,dillon76@example.net,7122696250
2054,CUS0002054,Karen,Perez,F,1998-11-17,Indonesian,joshuahull@example.org,494.930.3250
2055,CUS0002055,David,Sanders,M,1960-09-25,Japanese,annwagner@example.com,703-276-5439x9942
2056,CUS0002056,Cheryl,Galloway,F,1985-12-19,Indonesian,gdavidson@example.com,+1-763-229-0850
2057,CUS0002057,Paul,Nelson,M,1996-01-23,Indonesian,vguerrero@example.net,3512823772
2058,CUS0002058,Lisa,Webb,F,1970-01-21,Malaysian,thomas39@example.org,001-617-817-4003x456
2059,CUS0002059,Gary,Mahoney,M,2001-09-22,Indonesian,timothynorman@example.net,(366)407-2366x0474
2060,CUS0002060,Aaron,Garcia,M,1950-07-03,Indonesian,samuelwheeler@example.net,+1-325-828-9404x3935
2061,CUS0002061,Albert,Foster,M,2003-01-28,Malaysian,timothy75@example.org,001-966-384-8031x636
2062,CUS0002062,Joe,Hernandez,M,2007-03-01,Japanese,wrightjohn@example.com,729-483-9303x953
2063,CUS0002063,Patrick,Khan,M,1977-06-02,Malaysian,boydamanda@example.com,329.687.3401
2064,CUS0002064,Lisa,Morrison,F,2007-04-09,Australian,spencer54@example.net,337.670.4990x9678
2065,CUS0002065,Holly,Conner,F,1973-04-15,Australian,obautista@example.net,(210)234-0573x6891
2066,CUS0002066,Elaine,Rodriguez,F,1996-04-16,Malaysian,uburch@example.com,+1-843-307-2188x771
2067,CUS0002067,James,Hunter,M,1962-09-18,Australian,robertparker@example.org,304-485-7867
2068,CUS0002068,James,Lamb,M,1997-08-21,Japanese,andreajones@example.org,001-391-827-8988x52499
2069,CUS0002069,Alexander,Moreno,M,1957-03-12,Japanese,erica85@example.com,373.704.3763
2070,CUS0002070,Jacob,Powell,M,1984-01-05,Japanese,snyderdavid@example.net,748-814-4000x407
2071,CUS0002071,Andrew,Allen,M,1958-10-08,Indonesian,barberlarry@example.org,697.429.6822x885
2072,CUS0002072,Jody,Harris,F,1968-08-03,Japanese,wanda79@example.net,+1-725-919-7366x547
2073,CUS0002073,Russell,Park,M,1995-10-14,Malaysian,stephaniewashington@example.org,9539925906
2074,CUS0002074,Barbara,Nguyen,F,1999-01-12,Japanese,osmith@example.org,543.304.0256x0041
2075,CUS0002075,Jason,Sanders,M,1984-01-10,Malaysian,ebell@example.org,812.679.7176x350
2076,CUS0002076,Cassandra,Horton,F,1961-02-05,Australian,wattsjason@example.net,+1-517-367-6227x0254
2077,CUS0002077,Jennifer,Riggs,F,1966-03-11,Indonesian,floreskyle@example.com,572-856-0467x820
2078,CUS0002078,Lisa,Myers,F,1957-09-16,Singaporean,jennifer50@example.net,(361)434-0973
2079,CUS0002079,Christopher,Townsend,M,1954-03-02,Singaporean,breyes@example.com,540-453-2421x69435
2080,CUS0002080,Theresa,Mason,F,1979-12-14,Japanese,owenselizabeth@example.com,+1-313-580-5732
2081,CUS0002081,Jamie,Drake,F,1988-05-12,Singaporean,vphillips@example.com,(761)951-0705
2082,CUS0002082,Alejandra,Maynard,F,1961-01-15,Malaysian,barry68@example.com,741-823-5998x962
2083,CUS0002083,Kyle,Sawyer,M,1967-03-04,Japanese,ryan06@example.net,(755)315-1797
2084,CUS0002084,Sean,Gonzalez,M,1985-11-06,Indonesian,brianna31@example.org,334.545.8019x762
2085,CUS0002085,Todd,Butler,M,1956-06-18,Indonesian,yramirez@example.org,326-653-2224x70810
2086,CUS0002086,Kelsey,Rodriguez,F,1990-01-22,Japanese,jjones@example.net,308-994-3748x126
2087,CUS0002087,Paul,Guzman,M,1950-12-16,Malaysian,boydandrew@example.net,+1-699-205-8081
2088,CUS0002088,Corey,Campbell,M,2007-07-07,Malaysian,morganarthur@example.net,205-463-5869
2089,CUS0002089,Tyrone,Strickland,M,1955-01-21,Australian,jenkinsrobert@example.com,(702)512-4676x42812
2090,CUS0002090,James,Moore,M,1981-06-30,Singaporean,christy84@example.net,001-359-612-6092x033
2091,CUS0002091,Patrick,Wood,M,1997-02-18,Singaporean,tyler16@example.com,(578)813-0499x504
2092,CUS0002092,Donna,Garcia,F,1968-10-24,Singaporean,benjamin62@example.net,001-995-832-2307x248
2093,CUS0002093,David,Rangel,M,1978-07-07,Singaporean,staffordelizabeth@example.net,(557)545-8618x058
2094,CUS0002094,Erik,Brandt,M,1985-08-25,Japanese,miguelschultz@example.com,(478)285-9881
2095,CUS0002095,Jessica,Reyes,F,1976-04-25,Japanese,gregorybeck@example.net,(527)662-2368x31275
2096,CUS0002096,Bryan,Harris,M,2000-09-20,Malaysian,tammy78@example.net,001-602-728-0177x10629
2097,CUS0002097,Sean,Smith,M,2001-05-11,Malaysian,kguerrero@example.com,573-453-4143x910
2098,CUS0002098,Travis,Fitzgerald,M,1958-10-24,Singaporean,vmassey@example.com,390.266.7477x201
2099,CUS0002099,Elizabeth,Arnold,F,1985-01-19,Malaysian,john78@example.org,(401)787-7795x3342
2100,CUS0002100,Christine,Perez,F,1992-04-23,Singaporean,dennisanderson@example.com,772.477.4575x0218
2101,CUS0002101,Brandon,Walls,M,1969-08-01,Indonesian,ryan03@example.net,(638)939-6878x8420
2102,CUS0002102,Erin,Watts,F,1997-06-25,Japanese,miguelshaw@example.net,277-406-9392x8532
2103,CUS0002103,William,Peck,M,1971-07-11,Singaporean,amiller@example.net,+1-879-346-7781x89863
2104,CUS0002104,Shelley,Kane,F,1972-07-20,Australian,kimberly59@example.org,001-611-985-7235x019
2105,CUS0002105,Cindy,Freeman,F,1979-02-23,Malaysian,richardgonzalez@example.net,(254)299-7791x7822
2106,CUS0002106,Krista,Newman,F,1951-12-23,Japanese,davisjonathan@example.net,(669)206-2515x75951
2107,CUS0002107,Karl,Sanders,M,1957-01-27,Japanese,beckalan@example.net,858-772-4227x496
2108,CUS0002108,Michele,Anderson,F,1970-08-20,Malaysian,melissadodson@example.com,571-697-2512
2109,CUS0002109,Christine,Hahn,F,1972-09-07,Singaporean,shirleyford@example.net,277.573.4265x875
2110,CUS0002110,Max,Smith,M,1998-08-19,Malaysian,qgreene@example.org,871.828.0619x9074
2111,CUS0002111,Stephen,Krause,M,1991-07-07,Singaporean,rwall@example.com,(817)512-4356
2112,CUS0002112,Rachel,Moss,F,1965-03-26,Malaysian,michaelgonzalez@example.net,(325)258-7673x507
2113,CUS0002113,Mary,Thompson,F,1997-04-02,Singaporean,deniseevans@example.com,(346)812-6149x9363
2114,CUS0002114,Casey,Hayden,F,1980-06-06,Australian,preston44@example.org,001-509-251-9566
2115,CUS0002115,Amy,Long,F,1976-12-09,Australian,jenniferwilson@example.org,(316)540-7870x481
2116,CUS0002116,Natalie,Cox,F,2001-09-08,Malaysian,morganwatts@example.com,001-939-965-2729x5986
2117,CUS0002117,Julie,Brown,F,1974-12-06,Japanese,zachary90@example.com,629-496-9915
2118,CUS0002118,William,Everett,M,1951-01-15,Singaporean,sandovalaudrey@example.org,001-513-826-8937x46021
2119,CUS0002119,Peter,Richard,M,1969-12-07,Malaysian,wardtimothy@example.net,(791)884-2519
2120,CUS0002120,Paul,Kennedy,M,1995-09-30,Japanese,matthew92@example.org,855.528.5870
2121,CUS0002121,Aaron,Estrada,M,2002-08-23,Malaysian,amykane@example.org,+1-533-752-8789x715
2122,CUS0002122,Robert,George,M,1978-04-17,Indonesian,todd26@example.net,+1-247-346-4550x72831
2123,CUS0002123,Zachary,Avery,M,1999-10-19,Japanese,foxbrandon@example.net,356.245.0581x0580
2124,CUS0002124,Justin,May,M,1996-09-12,Japanese,ftucker@example.com,876-619-3788x663
2125,CUS0002125,Jasmine,Rivera,F,1965-04-25,Japanese,kevinwallace@example.com,001-396-733-7922x6281
2126,CUS0002126,Aaron,Robinson,M,1970-02-21,Indonesian,andreafowler@example.org,450-852-1940x5047
2127,CUS0002127,Allison,Mendoza,F,1994-01-20,Japanese,emartin@example.com,(397)373-6609x859
2128,CUS0002128,Jessica,Evans,F,1999-06-10,Singaporean,pauldiaz@example.net,388.558.7489x557
2129,CUS0002129,Ashley,Welch,F,1986-10-25,Australian,susan49@example.com,963-995-2574
2130,CUS0002130,John,Young,M,1993-12-17,Japanese,christopherwalker@example.com,977.556.1918x98755
2131,CUS0002131,Beth,Lopez,F,1990-11-11,Singaporean,fowleranthony@example.org,290-754-5173x65854
2132,CUS0002132,Monica,Jones,F,1965-08-24,Japanese,kevin24@example.com,(871)723-9330
2133,CUS0002133,David,Watson,M,2004-04-02,Australian,nancyrichardson@example.com,998-909-6282x19608
2134,CUS0002134,Pamela,Nguyen,F,1982-06-05,Japanese,kimberlybuchanan@example.org,863.809.7739x836
2135,CUS0002135,Alexander,Porter,M,1989-02-21,Singaporean,ugordon@example.com,8044450729
2136,CUS0002136,Tony,Kline,M,2000-01-10,Japanese,parksandre@example.com,+1-832-526-5278x254
2137,CUS0002137,Alan,Howell,M,1996-01-14,Australian,rojasronald@example.org,677-753-9872
2138,CUS0002138,Juan,Moran,M,1990-07-26,Singaporean,glambert@example.net,940.475.5380x53659
2139,CUS0002139,Jeffrey,Robinson,M,1992-07-13,Australian,arthur70@example.com,430-369-6721
2140,CUS0002140,Emily,Kelley,F,1988-01-05,Indonesian,lharrington@example.com,953.379.8214x92413
2141,CUS0002141,John,Smith,M,1979-05-23,Australian,ashleypoole@example.net,(883)906-8483x681
2142,CUS0002142,Christopher,Nichols,M,1979-05-10,Indonesian,elizabeth06@example.com,955.495.7354x1057
2143,CUS0002143,Heather,Smith,F,1953-01-20,Malaysian,markbryan@example.net,+1-998-481-0855
2144,CUS0002144,Daniel,Washington,M,1970-04-06,Indonesian,kristen20@example.net,9246104150
2145,CUS0002145,Kevin,Wilson,M,1976-03-08,Japanese,millsdavid@example.net,215-656-6134
2146,CUS0002146,Jessica,Pena,F,1953-06-17,Australian,williamsmaria@example.com,+1-840-289-2270
2147,CUS0002147,Tammy,Cruz,F,1991-09-13,Australian,cindy56@example.net,(480)636-3836x472
2148,CUS0002148,Jack,Wise,M,2001-01-04,Indonesian,washingtonalexandria@example.org,851.542.4496
2149,CUS0002149,Megan,Johnson,F,1953-02-27,Indonesian,greenjason@example.net,+1-304-688-6725
2150,CUS0002150,Alexandra,Johnston,F,1957-11-05,Malaysian,lwilliams@example.net,331.570.9816x688
2151,CUS0002151,Steven,Hall,M,1993-01-15,Australian,noah12@example.net,850-416-4546
2152,CUS0002152,Jacqueline,Hall,F,1960-12-05,Malaysian,jeffery12@example.com,(698)776-2295x7947
2153,CUS0002153,Andrew,Brown,M,1988-10-12,Japanese,owilson@example.net,815.371.6042
2154,CUS0002154,Deborah,Odonnell,F,1967-07-30,Australian,amiller@example.com,7444152644
2155,CUS0002155,Kyle,Moody,M,2000-08-26,Japanese,jessica54@example.org,+1-591-537-8049x87620
2156,CUS0002156,Jill,Wheeler,F,1972-07-12,Malaysian,larrythompson@example.com,+1-560-774-1464x40261
2157,CUS0002157,Cheryl,Moore,F,1974-06-07,Australian,paul83@example.org,(421)738-4155x10954
2158,CUS0002158,Patricia,Cline,F,1973-06-25,Japanese,richardsonraven@example.net,+1-508-548-2072x7126
2159,CUS0002159,Eric,Schwartz,M,1962-12-09,Japanese,tracymayer@example.net,826.472.7332
2160,CUS0002160,Jerry,Moon,M,1979-08-17,Australian,ncarter@example.com,681.594.6877x49294
2161,CUS0002161,Richard,Harris,M,1983-09-02,Singaporean,dana72@example.net,001-466-284-9053x66783
2162,CUS0002162,Corey,Sanders,M,1998-12-04,Japanese,nancywebb@example.net,5535403883
2163,CUS0002163,Ashley,Flores,F,1995-08-19,Singaporean,huntdaniel@example.com,780-523-6280x193
2164,CUS0002164,Benjamin,Gomez,M,2003-02-16,Singaporean,annastephens@example.org,(873)441-5910x660
2165,CUS0002165,David,James,M,1954-06-14,Malaysian,randy26@example.net,(324)478-9225
2166,CUS0002166,Sean,English,M,1994-01-11,Singaporean,benderkimberly@example.com,7629108401
2167,CUS0002167,Sarah,Wu,F,1984-03-05,Malaysian,fosterjenna@example.net,809-897-5268
2168,CUS0002168,Timothy,Williams,M,1986-09-10,Australian,robertdavis@example.com,+1-221-940-7373
2169,CUS0002169,Angela,Ramirez,F,1963-11-06,Australian,leealejandro@example.org,4056626070
2170,CUS0002170,Johnathan,Palmer,M,1972-08-08,Japanese,thanson@example.net,592.413.2738x15229
2171,CUS0002171,Chad,Chavez,M,1996-08-07,Australian,tamaramurphy@example.org,549-338-4754
2172,CUS0002172,Jonathan,Morales,M,1971-07-31,Singaporean,carol78@example.org,5799246366
2173,CUS0002173,Ryan,Ward,M,1993-11-05,Singaporean,deborah45@example.net,287.550.0770
2174,CUS0002174,Brian,Clarke,M,1956-11-09,Singaporean,leonkatie@example.net,001-680-243-3315x696
2175,CUS0002175,Brian,Miller,M,1978-01-01,Japanese,davischristine@example.org,552.306.2260
2176,CUS0002176,William,Paul,M,1959-04-10,Indonesian,oross@example.org,261-340-8231
2177,CUS0002177,John,Vazquez,M,1958-08-20,Malaysian,leslie40@example.com,001-519-795-0819x00567
2178,CUS0002178,Christopher,Butler,M,1965-10-06,Japanese,carly17@example.com,852.941.3022
2179,CUS0002179,Wendy,Brown,F,1978-08-01,Japanese,julia02@example.com,001-623-257-7741
2180,CUS0002180,Jacob,Miller,M,1973-05-03,Malaysian,edwardreeves@example.net,+1-397-852-6158x789
2181,CUS0002181,Robert,Spencer,M,1967-05-11,Singaporean,woodsdaniel@example.org,614-724-1248
2182,CUS0002182,Stacie,Burch,F,1980-04-23,Japanese,charleschambers@example.org,717.241.9066x954
2183,CUS0002183,Kimberly,Alvarez,F,2005-10-24,Australian,leeadrian@example.org,+1-417-961-7061x3011
2184,CUS0002184,Daniel,Walker,M,1956-07-20,Singaporean,gibsonanthony@example.org,479-865-6400x19154
2185,CUS0002185,Miranda,Mckinney,F,1980-03-06,Japanese,melissajones@example.com,834-424-1147x546
2186,CUS0002186,Donald,Mullins,M,1960-04-27,Japanese,jeremycameron@example.net,(342)711-6846x03895
2187,CUS0002187,Louis,Young,M,1997-04-24,Japanese,jmyers@example.org,001-874-264-5331x64950
2188,CUS0002188,Peggy,Brewer,F,1969-12-29,Singaporean,davisnicole@example.com,+1-813-746-3107x8907
2189,CUS0002189,Jodi,Bennett,F,1957-12-24,Australian,traceyhill@example.net,+1-554-847-4733x43597
2190,CUS0002190,Peter,Woods,M,1956-10-10,Singaporean,xshaw@example.org,(331)375-0409x370
2191,CUS0002191,Kelly,Howell,F,1988-04-19,Australian,badams@example.net,+1-452-390-5509x579
2192,CUS0002192,Joseph,Griffin,M,1960-10-29,Indonesian,dsanders@example.com,799.624.1611
2193,CUS0002193,Andrew,Vaughn,M,1999-08-23,Singaporean,fthompson@example.net,+1-990-788-0683x1121
2194,CUS0002194,Lindsey,Humphrey,F,1960-07-02,Singaporean,jasonsosa@example.org,967-372-5038x56162
2195,CUS0002195,Tyler,Green,M,1963-04-16,Singaporean,kylie77@example.org,(635)473-7421
2196,CUS0002196,Alexandra,King,F,1952-10-03,Japanese,ewheeler@example.com,758-271-9942
2197,CUS0002197,William,Bates,M,1988-12-13,Japanese,elizabethbradford@example.com,509.855.8779
2198,CUS0002198,Edward,Bowers,M,1983-08-23,Indonesian,stevenbailey@example.org,581.761.2921
2199,CUS0002199,Ashley,Keller,F,1993-09-19,Singaporean,allenjared@example.org,6756350246
2200,CUS0002200,Michael,Mcdowell,M,1961-12-31,Australian,donalddaniel@example.org,220.687.3857
2201,CUS0002201,Christine,Guerra,F,1957-07-12,Malaysian,timothyriggs@example.com,+1-378-837-9213
2202,CUS0002202,Robert,Yang,M,1963-01-15,Japanese,nicholasbrown@example.org,+1-693-671-5193x178
2203,CUS0002203,Michelle,Stephens,F,2003-12-07,Singaporean,ambergonzalez@example.net,673-881-1337x049
2204,CUS0002204,Caroline,Kirby,F,1971-09-15,Australian,anthony70@example.org,435-558-8234x81180
2205,CUS0002205,Kelly,Morris,F,2005-03-29,Japanese,jessicanichols@example.com,698.325.8753x7156
2206,CUS0002206,Frank,Horn,M,1966-05-18,Australian,juliagriffin@example.org,(366)370-6331x1916
2207,CUS0002207,William,Garza,M,1973-04-29,Malaysian,anthonysanchez@example.org,001-913-540-3779x1703
2208,CUS0002208,Alyssa,Davis,F,1987-01-14,Singaporean,natashakemp@example.com,(482)607-2162x474
2209,CUS0002209,Jeffrey,Nelson,M,1982-12-08,Malaysian,dylankoch@example.com,8659299053
2210,CUS0002210,Lori,Wilson,F,1952-01-17,Malaysian,vhatfield@example.net,7952789035
2211,CUS0002211,Thomas,Medina,M,1989-01-26,Indonesian,zryan@example.net,245-765-7817x442
2212,CUS0002212,David,House,M,1993-08-30,Japanese,rebecca55@example.com,240.292.0167x5993
2213,CUS0002213,Benjamin,Henson,M,1993-02-08,Japanese,turnerarthur@example.net,+1-680-267-0914x4654
2214,CUS0002214,William,Smith,M,1970-05-22,Australian,johnsonjennifer@example.com,(749)876-8348x752
2215,CUS0002215,Albert,Holder,M,1987-12-07,Malaysian,michelefoster@example.org,376-401-3807x95118
2216,CUS0002216,Mary,Rodriguez,F,2005-10-25,Malaysian,rgomez@example.net,(708)215-9590x431
2217,CUS0002217,Jeffrey,Massey,M,2008-04-04,Singaporean,parsonsjonathan@example.net,(847)976-3103x23197
2218,CUS0002218,Amy,Cox,F,1975-12-19,Japanese,gutierrezjonathan@example.com,569-464-5892x441
2219,CUS0002219,Katie,Barton,F,1956-05-20,Malaysian,michellechen@example.com,001-647-292-9759x1448
2220,CUS0002220,Stacy,Andrews,F,1971-06-17,Japanese,wmorgan@example.net,563-992-4887x807
2221,CUS0002221,Jennifer,Little,F,2005-03-18,Japanese,qbarnes@example.net,937.380.5342x5191
2222,CUS0002222,Jessica,Bradford,F,1989-04-18,Australian,bparker@example.com,(466)709-1919x35264
2223,CUS0002223,Kenneth,Wong,M,1964-09-22,Australian,westmichelle@example.com,7858675910
2224,CUS0002224,Morgan,Lewis,F,2000-04-27,Singaporean,qwashington@example.com,777-271-4057x702
2225,CUS0002225,Melissa,Ward,F,1969-08-04,Japanese,christine09@example.net,+1-685-775-2563x744
2226,CUS0002226,Gabrielle,Rogers,F,1995-12-05,Malaysian,wmyers@example.net,(433)954-2050x95307
2227,CUS0002227,Tanya,Harrison,F,1986-04-28,Japanese,thomasarmstrong@example.net,287.408.9426x60366
2228,CUS0002228,Paula,Graham,F,1971-03-27,Australian,amber94@example.org,001-950-907-9616x537
2229,CUS0002229,Michael,Scott,M,1969-04-29,Indonesian,srodriguez@example.net,991-463-6950
2230,CUS0002230,Greg,Thompson,M,1952-11-06,Australian,pricecharles@example.com,+1-278-307-9823x070
2231,CUS0002231,Craig,Webster,M,2001-05-26,Indonesian,mallory90@example.org,674.332.6924
2232,CUS0002232,Juan,Davis,M,1976-03-17,Japanese,rebecca91@example.org,+1-929-346-4031x1828
2233,CUS0002233,Deborah,Melendez,F,1990-07-21,Malaysian,cody12@example.org,639.405.9666
2234,CUS0002234,Daniel,Meza,M,1970-02-19,Singaporean,angelaclark@example.com,(742)288-4637x734
2235,CUS0002235,Nancy,Smith,F,2000-02-21,Indonesian,morganwells@example.org,+1-817-993-1625x05532
2236,CUS0002236,Luis,Thomas,M,2007-09-08,Singaporean,emma83@example.net,326.487.7938x894
2237,CUS0002237,Sarah,Ponce,F,1980-07-02,Japanese,williamcastillo@example.com,+1-469-810-4076
2238,CUS0002238,Sharon,Krueger,F,1976-04-25,Indonesian,ian41@example.net,373-318-0204x04107
2239,CUS0002239,Chad,Rowe,M,1969-06-09,Malaysian,kristinwright@example.org,(565)778-1496
2240,CUS0002240,Evan,Miller,M,1964-08-26,Malaysian,jason11@example.org,558-945-6731
2241,CUS0002241,Anthony,Williams,M,1997-11-06,Japanese,benitezheather@example.com,001-231-475-6073
2242,CUS0002242,Tony,Thornton,M,1998-01-16,Australian,nlewis@example.org,+1-470-410-1492x621
2243,CUS0002243,Tiffany,Byrd,F,1968-02-29,Japanese,mcgrathrobert@example.org,265.649.6602x51435
2244,CUS0002244,Sandra,Miller,F,2006-11-18,Japanese,mcknightantonio@example.com,801-553-1195x96027
2245,CUS0002245,Robert,Park,M,1969-01-16,Singaporean,mbarajas@example.com,(405)648-5625x75042
2246,CUS0002246,Jennifer,Green,F,1954-04-08,Australian,qgarza@example.net,001-386-617-5418x2771
2247,CUS0002247,Justin,Wilcox,M,1957-01-02,Singaporean,jbrown@example.org,897-955-7082
2248,CUS0002248,Nancy,James,F,1972-08-02,Singaporean,bakerjessica@example.org,242-394-2670x8805
2249,CUS0002249,Gary,Martinez,M,1980-03-20,Japanese,lkrause@example.com,449.270.4241x69814
2250,CUS0002250,Jeremy,Reyes,M,1987-01-27,Japanese,gonzalesalex@example.com,+1-514-936-5972
2251,CUS0002251,James,Mclaughlin,M,1996-11-19,Indonesian,edwardsdavid@example.com,750-307-6017
2252,CUS0002252,Michelle,Herrera,F,1950-10-20,Singaporean,nolanrita@example.net,928-245-5761x867
2253,CUS0002253,Jeffrey,Freeman,M,1997-03-20,Singaporean,munozerik@example.org,+1-434-391-4309
2254,CUS0002254,Jack,Chavez,M,1962-06-03,Malaysian,cindy83@example.org,(974)808-9120x59944
2255,CUS0002255,Leslie,Boone,F,1987-02-09,Malaysian,davisemily@example.org,962-208-3610x88025
2256,CUS0002256,Rebecca,Horn,F,1994-07-22,Australian,jennifermoss@example.com,001-337-803-5595x915
2257,CUS0002257,Jeffrey,Gray,M,1955-08-18,Japanese,jthornton@example.net,(558)463-6025x3687
2258,CUS0002258,Robert,Montgomery,M,1962-06-29,Indonesian,morgan50@example.net,5699409787
2259,CUS0002259,Thomas,Montoya,M,1986-11-09,Japanese,cynthiaroberts@example.org,001-200-206-6584x84393
2260,CUS0002260,Destiny,Brown,F,1998-02-19,Japanese,mary60@example.net,+1-797-206-4937
2261,CUS0002261,Dominique,Mcdonald,F,1991-12-12,Malaysian,reidstacey@example.net,+1-230-447-0278
2262,CUS0002262,Sarah,Coleman,F,1975-06-17,Singaporean,cuevasadam@example.org,601-498-5754x73880
2263,CUS0002263,John,Johnson,M,1961-04-11,Australian,walterbowers@example.com,(755)332-0528
2264,CUS0002264,Emma,Wood,F,1954-03-19,Japanese,lopezeric@example.com,317-588-7505
2265,CUS0002265,William,Dean,M,1997-06-17,Malaysian,wileycynthia@example.org,305.714.1200x74045
2266,CUS0002266,Jeffrey,Munoz,M,2007-05-31,Australian,javieringram@example.com,(292)468-9947x38793
2267,CUS0002267,Michael,Thompson,M,1964-04-02,Japanese,bennettbrett@example.com,960.571.2413
2268,CUS0002268,Leonard,Phillips,M,1956-04-14,Japanese,deannanichols@example.org,001-536-869-4364
2269,CUS0002269,Hannah,Steele,F,1956-02-11,Malaysian,rachel59@example.com,(568)315-0895x146
2270,CUS0002270,Joseph,Williamson,M,1989-10-16,Japanese,xrich@example.org,502.530.4233
2271,CUS0002271,Ashley,Hudson,F,1950-09-03,Japanese,markbishop@example.net,+1-627-904-0043x86668
2272,CUS0002272,Amanda,Porter,F,1960-10-17,Australian,kwilliams@example.com,278-496-6368x05373
2273,CUS0002273,Christina,Andrade,F,1953-05-01,Japanese,mjohnson@example.net,+1-824-477-0751
2274,CUS0002274,Ashley,Elliott,F,1995-04-29,Singaporean,zfranco@example.com,328.416.8960x06688
2275,CUS0002275,Katelyn,Williams,F,1999-11-11,Australian,mikestephens@example.com,(958)906-8179x2241
2276,CUS0002276,Alejandra,Martinez,F,1988-05-04,Japanese,schmidtjoseph@example.net,2986544878
2277,CUS0002277,Steven,Ferguson,M,1963-06-28,Australian,robert58@example.com,001-872-860-2131x806
2278,CUS0002278,Edward,Flores,M,1993-12-11,Malaysian,treid@example.org,+1-308-478-0378x2537
2279,CUS0002279,Jason,Mcdowell,M,1986-03-07,Australian,fjohnson@example.com,478-613-7314x21756
2280,CUS0002280,John,Guzman,M,1999-07-27,Singaporean,john17@example.net,(473)205-9766
2281,CUS0002281,Kelsey,Bryan,F,1980-05-16,Australian,jennifer64@example.org,001-715-877-4662x19978
2282,CUS0002282,Grace,Martinez,F,1973-10-11,Japanese,edward58@example.com,(672)292-9907x2267
2283,CUS0002283,Jeffrey,Johnson,M,1971-10-17,Malaysian,damon82@example.com,001-838-468-8339x238
2284,CUS0002284,Christopher,Lucas,M,1967-08-09,Malaysian,vbanks@example.com,(796)961-0356
2285,CUS0002285,Derrick,Spencer,M,1988-06-21,Australian,james14@example.net,(262)373-5060
2286,CUS0002286,Brittany,Patterson,F,1969-10-24,Indonesian,cfields@example.net,(714)690-9100x91665
2287,CUS0002287,Gerald,Collins,M,1999-05-30,Australian,benjamindavis@example.net,962-574-2052x258
2288,CUS0002288,Amy,Ayala,F,1963-11-21,Malaysian,danielbraun@example.com,001-669-210-7086x11713
2289,CUS0002289,Mark,Howard,M,1951-12-03,Japanese,jnelson@example.com,(643)949-4652x65053
2290,CUS0002290,Stacy,Powers,F,1968-04-26,Singaporean,millerrobert@example.org,459.253.8875x59875
2291,CUS0002291,David,Jones,M,1973-10-27,Australian,frank82@example.org,9169430329
2292,CUS0002292,Michael,Phillips,M,2003-02-07,Singaporean,jeremy29@example.net,857-686-7404x7724
2293,CUS0002293,Thomas,Castillo,M,2003-12-16,Malaysian,dorisphillips@example.net,6676100997
2294,CUS0002294,William,Austin,M,1961-08-17,Singaporean,cameronfields@example.org,928-226-5859
2295,CUS0002295,Walter,Delacruz,M,1962-08-22,Singaporean,zachary10@example.com,+1-857-799-9158x4345
2296,CUS0002296,Tonya,Curtis,F,2002-10-31,Singaporean,justinellison@example.com,7706806313
2297,CUS0002297,David,Fitzpatrick,M,1987-02-18,Indonesian,melody90@example.net,331.328.2111x2642
2298,CUS0002298,Francisco,Baker,M,1984-02-18,Australian,katrinareid@example.com,2708507095
2299,CUS0002299,Timothy,Cruz,M,1965-03-08,Japanese,scottwhite@example.com,001-632-965-7207x980
2300,CUS0002300,Andrew,Palmer,M,2004-03-26,Australian,scottmiddleton@example.com,652.739.9963x6918
2301,CUS0002301,Destiny,Rodriguez,F,1996-08-04,Japanese,tinarocha@example.com,001-392-782-6290x165
2302,CUS0002302,Lindsey,Ray,F,1961-09-08,Australian,cmcfarland@example.net,001-571-655-3331x7931
2303,CUS0002303,Ruth,Rivera,F,1976-06-14,Australian,jensenrodney@example.org,865.602.1000x278
2304,CUS0002304,Matthew,Wise,M,1974-09-03,Japanese,abrown@example.com,225-738-0631
2305,CUS0002305,Stephanie,Eaton,F,2007-03-13,Australian,nandersen@example.org,001-987-792-7462x2689
2306,CUS0002306,Cory,Jones,M,1974-01-26,Japanese,elizabethmalone@example.org,+1-372-607-5793
2307,CUS0002307,Scott,Evans,M,1994-11-28,Indonesian,lisa19@example.net,001-664-259-6243
2308,CUS0002308,Tracy,Gould,F,1999-02-27,Australian,katiegriffin@example.net,257-736-8507
2309,CUS0002309,Michael,Huang,M,1961-01-05,Japanese,christopher10@example.org,386-672-0759
2310,CUS0002310,Diana,Harmon,F,1978-08-02,Australian,ebean@example.net,(467)860-1504x34010
2311,CUS0002311,Matthew,Peterson,M,1976-02-25,Australian,steven66@example.com,001-773-229-7741x0506
2312,CUS0002312,Ricky,Pham,M,1960-09-24,Japanese,johnsalazar@example.com,(721)547-0616x53730
2313,CUS0002313,Patty,Russo,F,1961-08-13,Malaysian,tapiajenna@example.org,+1-262-893-0961x5071
2314,CUS0002314,James,Sanders,M,1954-02-09,Indonesian,ryanberg@example.org,690-841-1797x79631
2315,CUS0002315,Jeremy,Bradley,M,1992-09-19,Australian,jnunez@example.com,696-912-2983x087
2316,CUS0002316,Jesse,Hart,M,1984-12-29,Malaysian,jonathanrobinson@example.com,+1-268-268-6274x823
2317,CUS0002317,Laura,Alexander,F,1972-06-22,Japanese,tony59@example.com,7138367211
2318,CUS0002318,Jill,Dennis,F,1954-11-23,Singaporean,andrew28@example.org,464-591-3716x5094
2319,CUS0002319,Mary,Brooks,F,1989-03-09,Singaporean,efowler@example.net,531-891-5181
2320,CUS0002320,Renee,Pratt,F,1952-03-09,Australian,raven90@example.com,(644)494-0581x51939
2321,CUS0002321,Kathleen,Cunningham,F,1956-09-24,Malaysian,deangina@example.com,+1-390-609-8606
2322,CUS0002322,Eric,Miller,M,1993-11-09,Australian,ypitts@example.org,977-229-4206
2323,CUS0002323,Kristin,Johnson,F,2000-10-11,Singaporean,angela40@example.com,+1-577-395-7240x030
2324,CUS0002324,Holly,Francis,F,1985-10-10,Malaysian,wdavis@example.net,+1-896-622-4947
2325,CUS0002325,Maria,Garcia,F,1968-10-19,Australian,michelle32@example.com,599-601-0263
2326,CUS0002326,Tara,Conley,F,1960-04-04,Australian,fcalhoun@example.net,001-770-685-9426x82395
2327,CUS0002327,Craig,Ramirez,M,1987-01-08,Japanese,christophermills@example.org,715-357-6941
2328,CUS0002328,Daniel,Gardner,M,1975-01-24,Japanese,linda32@example.org,450.583.9731x7525
2329,CUS0002329,Charles,Young,M,1997-12-09,Indonesian,codyharris@example.com,001-279-265-6280x7335
2330,CUS0002330,Jennifer,Green,F,1997-05-27,Singaporean,kelsey80@example.com,929.440.7828x62558
2331,CUS0002331,Laura,Dillon,F,2001-05-17,Australian,bjohnson@example.org,+1-458-873-6080x5582
2332,CUS0002332,Charles,Harris,M,1998-06-27,Singaporean,stantonvictoria@example.com,6113532703
2333,CUS0002333,Ronald,Baxter,M,1980-08-06,Australian,wbuckley@example.com,001-988-263-7137x998
2334,CUS0002334,Joseph,Hensley,M,1997-05-15,Singaporean,john28@example.net,+1-712-523-9657
2335,CUS0002335,Olivia,Tucker,F,2002-02-02,Australian,snelson@example.com,525-662-2208
2336,CUS0002336,Raymond,Guerra,M,1996-06-09,Japanese,lauren29@example.net,+1-561-638-0718x60699
2337,CUS0002337,Gina,Johnson,F,1976-07-19,Australian,aprilhernandez@example.org,962-798-6042
2338,CUS0002338,Meredith,Norton,F,1957-08-05,Malaysian,sanchezdebra@example.net,8566956250
2339,CUS0002339,Benjamin,Lewis,M,1961-11-01,Australian,byrdsherry@example.net,001-886-208-1107x14923
2340,CUS0002340,David,Mcpherson,M,1985-03-11,Singaporean,romeromatthew@example.net,+1-884-544-3721x32677
2341,CUS0002341,Sean,Harrington,M,1965-08-12,Singaporean,espinozacharles@example.net,9437843097
2342,CUS0002342,Tina,Bennett,F,1999-02-12,Australian,gregory81@example.net,001-801-787-4729x13112
2343,CUS0002343,Manuel,Alexander,M,1976-10-10,Australian,robinsondavid@example.org,421-578-1704
2344,CUS0002344,Sheila,Snyder,F,1971-10-24,Malaysian,salasamanda@example.net,(406)930-4165
2345,CUS0002345,Carol,Foster,F,1988-01-16,Malaysian,smithmaurice@example.org,8014792513
2346,CUS0002346,Brittney,Daniels,F,1951-08-15,Malaysian,lewisshane@example.org,(609)881-9401
2347,CUS0002347,Luis,Miller,M,1998-05-03,Australian,lisajohnson@example.com,727.520.4509x8063
2348,CUS0002348,David,Clark,M,1952-03-31,Malaysian,blevinsjennifer@example.com,(951)504-9461
2349,CUS0002349,Andrew,Kline,M,1995-09-08,Japanese,patrickstacey@example.org,432.609.6730
2350,CUS0002350,William,Woods,M,1956-09-30,Malaysian,matthewwelch@example.com,(553)339-0363x85743
2351,CUS0002351,Leah,Russo,F,1951-09-20,Malaysian,johnsonangela@example.org,(826)775-0146x8314
2352,CUS0002352,Abigail,Greer,F,1951-08-10,Australian,beckymack@example.com,(484)564-2018x190
2353,CUS0002353,Christopher,Davis,M,1974-01-30,Australian,greeneamy@example.net,7603917507
2354,CUS0002354,Tamara,Paul,F,1961-05-21,Australian,dbriggs@example.com,+1-850-746-1622x8439
2355,CUS0002355,Jeffery,Hobbs,M,1993-09-15,Singaporean,kmueller@example.org,(704)587-1036
2356,CUS0002356,Diane,Bennett,F,1970-06-30,Australian,kingkristen@example.net,001-771-797-4531x459
2357,CUS0002357,Alexis,Castro,F,1953-11-10,Indonesian,thomaschristina@example.org,(595)847-3564x27294
2358,CUS0002358,Mark,Johnson,M,2003-09-13,Singaporean,cunninghamshelby@example.com,608-314-6470x23607
2359,CUS0002359,Katherine,Mueller,F,1951-04-07,Singaporean,glennjackson@example.com,213.741.7622
2360,CUS0002360,Elizabeth,Jones,F,1975-07-28,Malaysian,erika16@example.org,590.558.4828x173
2361,CUS0002361,Nicole,Carr,F,1978-01-11,Malaysian,johnsonsally@example.net,(696)856-1206
2362,CUS0002362,Diana,Ortiz,F,1983-01-10,Malaysian,jgreen@example.com,(425)708-4501x4399
2363,CUS0002363,Julie,Smith,F,1989-11-15,Malaysian,xavierwilson@example.org,855.714.3825x52032
2364,CUS0002364,Sandra,Wilson,F,2002-04-15,Australian,callahananna@example.net,2528839053
2365,CUS0002365,John,Preston,M,2000-05-04,Singaporean,lisaperez@example.net,701-267-7692x1910
2366,CUS0002366,Ryan,Ibarra,M,1989-10-09,Singaporean,wjohnson@example.com,945-540-6914x3876
2367,CUS0002367,Juan,Torres,M,1958-04-27,Malaysian,julie56@example.com,(595)497-9296x26327
2368,CUS0002368,Victor,Gould,M,1983-09-03,Singaporean,leemichelle@example.net,390-556-6514
2369,CUS0002369,Eric,Smith,M,1980-11-26,Australian,oholmes@example.org,001-387-368-1605
2370,CUS0002370,John,Smith,M,1996-09-19,Indonesian,jacob36@example.net,574.337.3801
2371,CUS0002371,Joseph,Baker,M,1969-12-10,Australian,lopezmichele@example.com,001-416-282-6111x476
2372,CUS0002372,Jeremy,Scott,M,1987-01-19,Indonesian,wblackwell@example.org,001-854-714-5564x7311
2373,CUS0002373,Leslie,Sullivan,F,1966-02-21,Japanese,bwalsh@example.org,+1-689-743-8301
2374,CUS0002374,John,Fitzgerald,M,1957-06-23,Indonesian,bbrooks@example.org,480.841.8902x44628
2375,CUS0002375,Ana,Harris,F,1997-07-08,Japanese,zjohnson@example.net,936.431.4931x813
2376,CUS0002376,Phillip,Lawrence,M,1964-02-07,Indonesian,torresadam@example.org,9838491164
2377,CUS0002377,Dawn,Lopez,F,1982-11-15,Malaysian,anndickson@example.net,333-772-2781
2378,CUS0002378,Gregory,Clark,M,1989-11-03,Singaporean,michaelgordon@example.org,5215367160
2379,CUS0002379,Kathy,Jones,F,1999-10-19,Australian,dmalone@example.com,8286749072
2380,CUS0002380,Joseph,Jones,M,1973-06-06,Singaporean,wrightchristopher@example.com,+1-712-588-3793
2381,CUS0002381,Todd,Cowan,M,2003-04-11,Indonesian,tammymcguire@example.com,+1-481-546-9539x5369
2382,CUS0002382,Travis,Parsons,M,1953-04-21,Malaysian,tjackson@example.net,(611)856-2306x78019
2383,CUS0002383,Katherine,Cooley,F,1969-03-29,Australian,allisonanna@example.org,947-612-0836x248
2384,CUS0002384,Kathy,Powell,F,1964-12-17,Japanese,jstephens@example.com,001-717-332-7760x639
2385,CUS0002385,Michele,Russell,F,1989-02-11,Japanese,simmonskendra@example.com,569-984-3663
2386,CUS0002386,Natalie,Wall,F,1978-09-26,Singaporean,escobarwilliam@example.com,457.677.7859
2387,CUS0002387,Vincent,Wagner,M,1978-07-26,Japanese,nicholserin@example.net,001-637-444-8923x960
2388,CUS0002388,Debra,Nguyen,F,1962-10-22,Japanese,marissa67@example.net,3218782959
2389,CUS0002389,Olivia,Cummings,F,1966-04-30,Japanese,nle@example.org,001-640-338-0437
2390,CUS0002390,Lori,Kim,F,2006-05-01,Malaysian,huntnicholas@example.com,908-561-9970
2391,CUS0002391,Lori,Clark,F,1955-11-05,Japanese,davidtorres@example.org,+1-775-994-2501x65755
2392,CUS0002392,Eric,Gray,M,1993-07-31,Indonesian,angelakaufman@example.net,+1-870-256-0557x38410
2393,CUS0002393,Peggy,Francis,F,1976-03-22,Malaysian,russellterri@example.net,653-617-6602
2394,CUS0002394,Melissa,Bennett,F,1981-11-26,Australian,dixonkelly@example.org,001-669-475-7554x60683
2395,CUS0002395,Jennifer,Watson,F,1966-06-02,Singaporean,lisacollins@example.net,001-969-766-0818
2396,CUS0002396,Kelly,Johnson,F,1957-09-28,Indonesian,danielle36@example.org,287-445-1261x9379
2397,CUS0002397,Christopher,Newton,M,1991-09-22,Japanese,natashaburke@example.net,243-212-1345x5799
2398,CUS0002398,John,Cooper,M,1976-10-02,Malaysian,panderson@example.org,(336)557-8371x5104
2399,CUS0002399,Jennifer,Gibson,F,1976-03-25,Australian,zobrien@example.net,+1-732-724-9673x71967
2400,CUS0002400,Richard,Aguilar,M,1958-06-11,Australian,anthonyjacobs@example.com,902-889-4438x826
2401,CUS0002401,Laura,Blanchard,F,1966-06-04,Malaysian,rhughes@example.net,368.699.6908x78639
2402,CUS0002402,Bryan,Schwartz,M,1972-05-30,Australian,reeserachel@example.com,+1-704-644-7427x072
2403,CUS0002403,Denise,Barber,F,1983-02-01,Japanese,mbrown@example.com,372-687-4075x193
2404,CUS0002404,James,Smith,M,1980-12-08,Indonesian,tinashepard@example.org,756.989.9108
2405,CUS0002405,Karen,Smith,F,1999-05-13,Singaporean,ghoward@example.org,001-993-692-5679
2406,CUS0002406,Patricia,Patrick,F,2005-10-26,Japanese,christopherhaas@example.com,386-826-6786
2407,CUS0002407,Stephanie,Pope,F,2002-06-30,Australian,iclark@example.org,803.626.2498
2408,CUS0002408,Alexander,King,M,1977-05-18,Singaporean,lisa49@example.com,305.436.4434x954
2409,CUS0002409,Ashley,Marshall,F,1961-12-27,Australian,steindenise@example.org,001-428-293-4828x009
2410,CUS0002410,Henry,Garrison,M,1972-04-06,Malaysian,robertsmichael@example.net,(696)290-0192x33152
2411,CUS0002411,Travis,Stafford,M,1958-10-02,Australian,dana58@example.net,527-568-6127x793
2412,CUS0002412,David,Murphy,M,2007-08-27,Japanese,rebecca01@example.net,845-676-6162x950
2413,CUS0002413,Ana,Lewis,F,1986-10-11,Malaysian,bryan73@example.net,(665)823-4655
2414,CUS0002414,Nicole,Anderson,F,1995-03-31,Australian,robinsonkatherine@example.com,001-367-626-4401x9892
2415,CUS0002415,Michael,Wilcox,M,1964-10-27,Indonesian,nancy42@example.com,+1-762-386-0781x3847
2416,CUS0002416,David,Duran,M,2003-02-09,Singaporean,fordjoshua@example.org,450.258.2405x54651
2417,CUS0002417,Jennifer,Johnson,F,1993-01-31,Indonesian,nrodriguez@example.net,(697)837-2530x315
2418,CUS0002418,Ellen,Church,F,1990-12-13,Japanese,joseph28@example.org,001-954-900-9231x950
2419,CUS0002419,Dana,Gilmore,F,1973-09-08,Malaysian,bonniesweeney@example.org,001-443-629-2620x55556
2420,CUS0002420,Lisa,Watson,F,2004-08-10,Singaporean,jessica78@example.net,239.739.9431
2421,CUS0002421,Angela,Ryan,F,1984-12-29,Indonesian,kathleen87@example.net,(980)595-7283
2422,CUS0002422,Adam,Nash,M,1988-07-24,Indonesian,ocervantes@example.net,001-484-760-7456
2423,CUS0002423,Michael,Bennett,M,1982-03-24,Singaporean,huangrhonda@example.com,288-475-8750
2424,CUS0002424,Andrew,Peterson,M,1995-07-07,Malaysian,brandonmorales@example.net,6749390648
2425,CUS0002425,Whitney,Lee,F,1961-10-23,Singaporean,hernandezcrystal@example.com,001-440-273-1971x89011
2426,CUS0002426,Nicole,Todd,F,1983-08-16,Indonesian,cherylwaller@example.org,001-269-942-6166x6471
2427,CUS0002427,Michael,Robinson,M,1962-11-05,Indonesian,xpeterson@example.org,001-508-431-3001x618
2428,CUS0002428,Brandon,Moore,M,1989-02-05,Indonesian,brownstephanie@example.com,666-443-0860
2429,CUS0002429,Kristie,Alvarado,F,1956-12-15,Singaporean,nhenry@example.org,564-947-1060x6067
2430,CUS0002430,Susan,Rice,F,1992-06-27,Australian,charlesmartinez@example.org,2073290847
2431,CUS0002431,Mary,Bryant,F,2000-05-26,Australian,katrina47@example.net,+1-765-685-7579x03367
2432,CUS0002432,Patricia,Huynh,F,1956-01-19,Australian,cardenaskathleen@example.net,+1-293-678-4865x230
2433,CUS0002433,Ethan,Lewis,M,1968-05-25,Malaysian,angelcarr@example.net,(707)700-0267
2434,CUS0002434,Dennis,Reed,M,2005-09-06,Singaporean,yballard@example.net,463-582-5117
2435,CUS0002435,Anthony,Cameron,M,1974-02-21,Malaysian,christophersolis@example.org,(333)408-0480x8861
2436,CUS0002436,Patricia,Shaw,F,1970-12-26,Indonesian,jacqueline30@example.com,377-921-1271x68109
2437,CUS0002437,Yvonne,Mccullough,F,1966-04-01,Singaporean,david52@example.com,637.811.0706x8686
2438,CUS0002438,Willie,Decker,M,1957-04-04,Malaysian,thomas35@example.net,968-895-3742x5257
2439,CUS0002439,Kimberly,Davenport,F,1993-12-14,Indonesian,zlove@example.org,+1-295-716-6032x37014
2440,CUS0002440,Micheal,Burch,M,1996-08-04,Singaporean,zflynn@example.org,(419)796-3230x477
2441,CUS0002441,Michelle,Barnes,F,1998-03-02,Australian,wardtamara@example.net,001-453-338-4162x906
2442,CUS0002442,Frank,Dominguez,M,1978-03-15,Indonesian,ybrown@example.org,5986051834
2443,CUS0002443,Robert,Harris,M,1967-05-21,Australian,ryan08@example.com,493.347.2441x676
2444,CUS0002444,Robert,Henry,M,1970-02-22,Japanese,andrewrussell@example.com,429-732-6834x8709
2445,CUS0002445,Brian,Powers,M,1988-07-06,Australian,hawkinsmichael@example.net,(762)377-3312
2446,CUS0002446,Bianca,Mack,F,2007-08-26,Malaysian,zlong@example.org,404-619-7447x652
2447,CUS0002447,Jennifer,Carr,F,1985-07-06,Singaporean,shelby16@example.net,(417)651-7135
2448,CUS0002448,Garrett,Day,M,1952-05-18,Japanese,adrian05@example.com,358-507-6648x784
2449,CUS0002449,Joshua,Wright,M,1962-07-25,Malaysian,fgraham@example.net,001-333-859-4822x45248
2450,CUS0002450,Shelia,Alvarado,F,1975-03-16,Malaysian,kylefreeman@example.net,(946)514-1191x014
2451,CUS0002451,Keith,Guerrero,M,1955-10-21,Malaysian,mariahunter@example.net,958.944.8012
2452,CUS0002452,Benjamin,Tanner,M,1983-09-23,Singaporean,rochapaul@example.net,239-509-1744x79408
2453,CUS0002453,Allen,Pham,M,2001-11-20,Singaporean,garrettreid@example.com,919-896-5840x293
2454,CUS0002454,Darlene,Martinez,F,1978-09-13,Malaysian,angela28@example.org,(238)265-6260
2455,CUS0002455,Jacob,Stephens,M,1995-12-06,Singaporean,roykayla@example.net,4038005378
2456,CUS0002456,Sharon,Fitzgerald,F,1993-03-29,Japanese,kristirios@example.net,(803)407-1081
2457,CUS0002457,Todd,Harris,M,1998-07-19,Australian,pgray@example.com,(215)941-5198
2458,CUS0002458,Aaron,Osborne,M,1959-01-11,Indonesian,ngross@example.net,(594)628-6358
2459,CUS0002459,Kevin,Warner,M,1976-12-18,Japanese,anitawise@example.net,+1-474-595-5910
2460,CUS0002460,Teresa,Ward,F,2008-03-07,Japanese,stanley28@example.net,246.738.9161
2461,CUS0002461,Frank,Kent,M,1983-08-15,Malaysian,jared29@example.com,949-790-9416
2462,CUS0002462,Mark,Moore,M,1953-04-06,Singaporean,stevennorman@example.net,+1-414-654-8118x917
2463,CUS0002463,George,Black,M,1986-11-15,Australian,qnelson@example.org,2929628865
2464,CUS0002464,Matthew,Archer,M,2006-10-03,Japanese,grantebony@example.com,401.797.4357x529
2465,CUS0002465,Hailey,Fuentes,F,1997-11-10,Indonesian,morgan68@example.org,001-584-869-0015x812
2466,CUS0002466,Scott,Nelson,M,1963-02-19,Malaysian,christine47@example.net,4026519067
2467,CUS0002467,Michael,Norman,M,1953-11-03,Japanese,lisa77@example.org,487-274-7630x8357
2468,CUS0002468,Tony,Davis,M,2003-10-10,Singaporean,johnsonhannah@example.com,247.441.8042
2469,CUS0002469,Brooke,Smith,F,2003-07-17,Singaporean,dhutchinson@example.org,768.728.7657
2470,CUS0002470,Hannah,Rivera,F,1978-07-17,Japanese,shelley85@example.org,001-566-248-7826x4871
2471,CUS0002471,Amber,Thompson,F,1974-05-16,Australian,richard45@example.org,647.698.5294
2472,CUS0002472,Jesse,Mitchell,M,1958-06-11,Indonesian,nathan56@example.org,001-537-906-9511x81961
2473,CUS0002473,Savannah,Cox,F,1992-05-15,Malaysian,mark42@example.org,001-981-933-2419
2474,CUS0002474,Nathan,Miller,M,1950-10-16,Malaysian,reevesnicholas@example.net,443.960.4890x985
2475,CUS0002475,Brett,Green,M,1996-12-21,Australian,rberry@example.com,393-847-6889x386
2476,CUS0002476,Lynn,Davis,F,1986-03-21,Japanese,ytrujillo@example.com,001-958-208-4319x6521
2477,CUS0002477,Margaret,Johnson,F,1972-04-04,Japanese,elizabethanderson@example.com,7557740284
2478,CUS0002478,Kimberly,Schmitt,F,1980-06-17,Singaporean,xberry@example.net,526-981-3078
2479,CUS0002479,Sean,Rodriguez,M,1985-10-18,Japanese,michaelsellers@example.org,(234)459-2325
2480,CUS0002480,Donna,Flores,F,1984-06-01,Malaysian,starkkatie@example.org,001-474-935-1492x863
2481,CUS0002481,Mercedes,Moore,F,1957-03-05,Malaysian,cscott@example.org,210.460.7634x43346
2482,CUS0002482,Matthew,Levy,M,2001-04-01,Indonesian,nwaller@example.org,001-456-341-6298x7025
2483,CUS0002483,Ian,Bowen,M,1956-05-23,Australian,erica35@example.org,223.468.5044x8526
2484,CUS0002484,Samantha,Frey,F,1973-02-09,Malaysian,diana22@example.com,2552306113
2485,CUS0002485,Deborah,Douglas,F,1991-07-09,Australian,thomassingleton@example.org,540.587.0568
2486,CUS0002486,George,Dodson,M,1977-09-27,Japanese,williamlawrence@example.org,228.743.9974x86980
2487,CUS0002487,Michelle,Freeman,F,1964-08-01,Singaporean,rebeccasmith@example.net,001-326-960-9404x4750
2488,CUS0002488,Robert,Smith,M,1978-06-16,Japanese,ureed@example.net,+1-490-665-8697x223
2489,CUS0002489,Catherine,King,F,1951-08-18,Japanese,rosshannah@example.net,706-397-1363
2490,CUS0002490,Philip,Robles,M,1956-07-31,Malaysian,tina20@example.org,+1-361-622-3286
2491,CUS0002491,Aaron,Wise,M,1993-09-04,Japanese,sarah42@example.org,292-324-3023x200
2492,CUS0002492,Cheryl,West,F,1991-06-21,Singaporean,amypowers@example.com,+1-835-309-7913x53295
2493,CUS0002493,Makayla,Washington,F,1978-05-09,Japanese,briannashannon@example.net,846.376.4089x77953
2494,CUS0002494,Taylor,Smith,M,1963-04-10,Japanese,maybernard@example.org,(833)360-2731x5672
2495,CUS0002495,Katherine,Randolph,F,2003-07-10,Malaysian,rubenmatthews@example.com,398-697-7738x24382
2496,CUS0002496,Jessica,Wheeler,F,1961-09-03,Malaysian,victoriashah@example.org,781.238.5223
2497,CUS0002497,James,Washington,M,1952-04-05,Indonesian,samantha01@example.com,212-545-2292x4567
2498,CUS0002498,Kenneth,Perez,M,1997-11-06,Indonesian,austin62@example.net,+1-933-774-1535x833
2499,CUS0002499,Richard,Miller,M,2005-04-14,Singaporean,petersonkathryn@example.net,+1-445-587-5950x8257
2500,CUS0002500,Christopher,Wolfe,M,1963-05-26,Singaporean,smithadam@example.com,686-994-8467
2501,CUS0002501,Nathan,Mullins,M,1961-11-03,Australian,adamsjohn@example.com,+1-465-708-6922x7025
2502,CUS0002502,Robert,Reid,M,1998-06-29,Indonesian,patricia11@example.net,+1-205-656-2412x66768
2503,CUS0002503,Travis,Stevenson,M,1989-01-28,Japanese,cturner@example.org,864.724.5320
2504,CUS0002504,Debra,Barber,F,1965-09-13,Australian,tiffanywalters@example.com,540.337.1524
2505,CUS0002505,Amanda,Brown,F,1996-05-20,Indonesian,pferguson@example.org,+1-653-912-2526x497
2506,CUS0002506,Kimberly,Brown,F,1980-03-22,Singaporean,kroberts@example.net,(630)270-7810x10124
2507,CUS0002507,Jacob,Obrien,M,1970-08-17,Indonesian,danielrodgers@example.com,390-604-4910x0723
2508,CUS0002508,Thomas,Thompson,M,1952-06-27,Australian,ashley30@example.net,(740)741-2107x04310
2509,CUS0002509,Richard,Robinson,M,1975-03-13,Australian,cdunn@example.com,(806)275-1414x83515
2510,CUS0002510,Keith,Martinez,M,1999-05-08,Malaysian,sarahwells@example.net,(315)338-6115
2511,CUS0002511,Angela,Fletcher,F,1962-03-31,Malaysian,qmathis@example.org,001-459-734-1061x65047
2512,CUS0002512,Gregory,Martinez,M,1997-12-11,Japanese,crawfordvictor@example.org,(720)472-5084
2513,CUS0002513,Elizabeth,Smith,F,1985-08-13,Japanese,cball@example.net,+1-569-325-3360x109
2514,CUS0002514,Roy,Garza,M,1957-02-02,Indonesian,kendra09@example.net,+1-381-729-7192x28874
2515,CUS0002515,Michelle,Boyer,F,1967-11-17,Indonesian,laurenbaker@example.org,850-826-6427x3869
2516,CUS0002516,Steven,Dunn,M,1956-01-17,Japanese,cookstephanie@example.org,001-927-924-3067
2517,CUS0002517,Luke,Hall,M,1976-08-15,Indonesian,eellis@example.org,308.724.0893x5133
2518,CUS0002518,Jesse,White,M,1988-08-19,Japanese,emilymoody@example.com,362-401-7295
2519,CUS0002519,Jane,Kirby,F,1977-09-11,Singaporean,keithanna@example.com,001-261-410-8403
2520,CUS0002520,Matthew,Powers,M,1982-11-22,Japanese,nvillanueva@example.com,2868333995
2521,CUS0002521,James,Sullivan,M,1983-12-17,Japanese,tsmith@example.com,(808)400-5090x830
2522,CUS0002522,Isaac,Holt,M,1990-07-31,Japanese,belltheresa@example.com,(244)719-9412x43616
2523,CUS0002523,Alexandria,White,F,1993-08-27,Indonesian,alexanderchristopher@example.org,001-481-349-8367x84903
2524,CUS0002524,Joanna,Ramirez,F,2007-02-12,Australian,dicksonkatie@example.com,955.700.4375x315
2525,CUS0002525,Maria,Ortega,F,1959-05-25,Indonesian,christinewilliams@example.net,986.603.9036
2526,CUS0002526,Justin,Ramos,M,1974-11-24,Singaporean,xkennedy@example.org,001-351-453-4743x92708
2527,CUS0002527,Amy,Gardner,F,2002-04-15,Japanese,clarkamber@example.org,303-820-8234
2528,CUS0002528,Alexandra,Jennings,F,1952-01-26,Singaporean,tbailey@example.net,+1-851-666-1907
2529,CUS0002529,Emily,Huang,F,1953-08-29,Malaysian,jeffrey94@example.net,+1-661-262-2277x26105
2530,CUS0002530,Caroline,James,F,2001-02-19,Japanese,alexandraturner@example.com,(659)521-8956x886
2531,CUS0002531,Sarah,Barnett,F,1981-01-01,Malaysian,michael91@example.net,6236848761
2532,CUS0002532,Dawn,Dennis,F,2008-01-18,Australian,elizabethtate@example.org,(809)508-5753x7947
2533,CUS0002533,Ashley,Espinoza,F,1994-11-23,Japanese,hector90@example.org,(649)827-8523
2534,CUS0002534,Nathaniel,Barrett,M,1971-12-28,Japanese,clarkepriscilla@example.org,367-260-8960
2535,CUS0002535,James,Mcclain,M,1971-12-28,Australian,kshaw@example.net,625-665-8293x8540
2536,CUS0002536,Lori,Smith,F,1966-03-22,Malaysian,mlee@example.net,266-490-8144x986
2537,CUS0002537,Lisa,Sullivan,F,1972-11-25,Australian,isaacpeters@example.org,253-607-0791
2538,CUS0002538,Michele,Horton,F,1985-07-14,Indonesian,eacevedo@example.com,4836345129
2539,CUS0002539,Gregory,Molina,M,1984-12-17,Malaysian,jamescrawford@example.net,547-442-5074
2540,CUS0002540,Angel,Gonzalez,M,1974-08-04,Japanese,santosleah@example.com,567.875.5005x35760
2541,CUS0002541,Scott,Clark,M,1976-11-13,Malaysian,adamsteresa@example.com,615-416-3295x661
2542,CUS0002542,Tyler,Baker,M,1966-11-13,Malaysian,vturner@example.org,882.275.7730x614
2543,CUS0002543,Bobby,Santiago,M,2002-07-07,Singaporean,larsonkristopher@example.net,8094256835
2544,CUS0002544,Jill,Wright,F,2005-04-28,Indonesian,ywoods@example.com,602-234-7145x137
2545,CUS0002545,Penny,Schmidt,F,2003-08-07,Japanese,robertkelly@example.net,001-765-629-3675x62754
2546,CUS0002546,Adrian,Maxwell,M,1990-02-23,Indonesian,cassidyward@example.com,936-842-2094x70544
2547,CUS0002547,Hunter,Walter,M,1997-11-30,Australian,cherylgood@example.net,6185769270
2548,CUS0002548,Kayla,Rivera,F,1999-07-29,Singaporean,michellestone@example.org,(783)644-3029x973
2549,CUS0002549,Devin,Boone,M,2005-01-17,Malaysian,bruce94@example.net,001-504-668-8698x90876
2550,CUS0002550,Teresa,Thompson,F,1961-08-29,Japanese,scott71@example.org,(478)373-7815x616
2551,CUS0002551,Patrick,Lewis,M,1982-08-19,Singaporean,youngallison@example.com,814.803.1916
2552,CUS0002552,Sharon,Higgins,F,1979-04-06,Malaysian,lancecraig@example.com,+1-688-996-7621x822
2553,CUS0002553,Keith,Soto,M,1962-09-26,Japanese,jonathansullivan@example.net,(470)771-6714x89579
2554,CUS0002554,Joy,Wood,F,1962-02-19,Japanese,suebarajas@example.net,600.993.4137x34542
2555,CUS0002555,Ronnie,Cardenas,M,1956-12-02,Indonesian,reedleroy@example.org,(218)919-5171
2556,CUS0002556,Samantha,Graham,F,1982-07-11,Australian,mhester@example.org,531-864-5383
2557,CUS0002557,Steve,Martin,M,1972-05-02,Australian,wyattsusan@example.org,921.701.2546
2558,CUS0002558,Randy,Larson,M,1970-04-13,Japanese,melinda77@example.org,517.405.6825
2559,CUS0002559,Amanda,Nolan,F,2004-12-11,Indonesian,markwood@example.org,(679)388-3686x3644
2560,CUS0002560,Amanda,Powell,F,1963-08-06,Indonesian,kristenvillarreal@example.org,001-420-460-4294
2561,CUS0002561,Peter,Davis,M,2006-11-04,Malaysian,josephbaker@example.org,+1-950-469-7820x9938
2562,CUS0002562,Shelly,Davis,F,1951-08-28,Australian,williamcummings@example.net,339.890.1505x95476
2563,CUS0002563,Kristin,Walton,F,1999-08-08,Indonesian,phunt@example.org,500-854-6801x3143
2564,CUS0002564,Aaron,Howard,M,1968-03-22,Japanese,jacobmoss@example.org,354-995-9929
2565,CUS0002565,Kurt,Novak,M,1990-12-22,Australian,nkirby@example.net,7914364176
2566,CUS0002566,Albert,Randall,M,1975-06-25,Malaysian,amber36@example.org,001-501-868-0115
2567,CUS0002567,Albert,Cruz,M,1964-09-12,Malaysian,michael34@example.net,232.700.9601x5353
2568,CUS0002568,Daniel,Bauer,M,1973-10-18,Malaysian,tmcgee@example.net,+1-688-880-4970
2569,CUS0002569,Donald,Stephenson,M,1972-11-18,Singaporean,michael16@example.net,001-532-340-5741x1935
2570,CUS0002570,Mark,Young,M,1994-03-20,Australian,steelelisa@example.com,670.595.2185x8680
2571,CUS0002571,Lisa,Thomas,F,1951-05-08,Japanese,barajaszachary@example.net,292.558.5783x98037
2572,CUS0002572,Jesse,Harris,M,1956-01-05,Singaporean,brettcoffey@example.net,(694)285-3074x87813
2573,CUS0002573,Miranda,Bailey,F,1994-11-21,Malaysian,glassalexis@example.org,001-718-613-6170x0048
2574,CUS0002574,Monica,Rodriguez,F,2008-04-05,Singaporean,evelynortega@example.net,809-445-2553
2575,CUS0002575,Frank,Ward,M,1955-09-22,Malaysian,joseph29@example.net,301.909.3215x294
2576,CUS0002576,Robert,Rodriguez,M,1956-12-11,Australian,zachary32@example.com,001-309-265-2612x16694
2577,CUS0002577,Aaron,Brown,M,1998-09-07,Japanese,jeffreydominguez@example.org,(679)365-5673x23836
2578,CUS0002578,Elaine,Parker,F,1977-02-22,Malaysian,gregorywagner@example.net,649.405.3890x5950
2579,CUS0002579,Joseph,Jones,M,1987-05-17,Australian,rayrivera@example.com,321.708.7274x1059
2580,CUS0002580,Natalie,Stein,F,1989-05-11,Singaporean,brooksmatthew@example.net,995-552-9643x5221
2581,CUS0002581,Carl,Torres,M,1968-05-23,Australian,qhowe@example.org,001-480-820-2917
2582,CUS0002582,Ernest,Rodriguez,M,1994-06-25,Australian,jenniferthomas@example.com,+1-257-581-3145x6253
2583,CUS0002583,Amy,Taylor,F,2008-03-24,Japanese,robinsonalexis@example.org,514.964.4214
2584,CUS0002584,Martin,Shaw,M,1996-06-18,Japanese,oconnellnathan@example.net,+1-822-977-0260x497
2585,CUS0002585,Lonnie,Fitzgerald,M,1985-08-27,Singaporean,wdominguez@example.com,+1-896-941-1350x76499
2586,CUS0002586,Christopher,West,M,1977-10-23,Malaysian,jeffjenkins@example.org,7714194750
2587,CUS0002587,Bethany,Davis,F,1960-03-12,Malaysian,aolsen@example.net,522-359-3323x8143
2588,CUS0002588,Jared,Davila,M,1955-06-16,Indonesian,vmercer@example.net,+1-774-346-9707x11989
2589,CUS0002589,Rebecca,Wilson,F,1984-01-07,Australian,landerson@example.org,871.655.8602
2590,CUS0002590,Bianca,Powell,F,1962-06-28,Malaysian,matthew88@example.net,269-737-1478x7508
2591,CUS0002591,Matthew,Stevens,M,1954-11-07,Malaysian,smalllori@example.com,644.540.0274x89424
2592,CUS0002592,Jessica,Petersen,F,1978-01-09,Japanese,dpatterson@example.com,986-971-1881x6182
2593,CUS0002593,Matthew,Phillips,M,1980-09-14,Malaysian,aroberts@example.com,745.627.3318x81567
2594,CUS0002594,Bryan,Lewis,M,1973-03-14,Malaysian,courtney55@example.net,797.507.9077x045
2595,CUS0002595,Alyssa,Smith,F,1983-05-25,Japanese,dalereilly@example.org,(772)859-2129
2596,CUS0002596,Jerome,Martinez,M,1953-12-14,Australian,michael25@example.org,974.685.6526x4243
2597,CUS0002597,Christopher,Garner,M,2003-08-14,Singaporean,andrewmartinez@example.com,806-749-6072
2598,CUS0002598,Christopher,Brown,M,2006-10-13,Malaysian,ramseywilliam@example.com,2965737250
2599,CUS0002599,William,Mccann,M,2000-05-24,Indonesian,peter93@example.org,3507650696
2600,CUS0002600,Thomas,Meyer,M,1968-12-09,Indonesian,david64@example.net,211-600-2089x676
2601,CUS0002601,Anthony,Clarke,M,1960-03-06,Japanese,sonyadavis@example.com,875-219-6792
2602,CUS0002602,George,Jordan,M,1966-05-05,Malaysian,averyerika@example.org,422-407-0431x077
2603,CUS0002603,Charles,Owens,M,1992-06-10,Malaysian,rita93@example.net,(574)228-6017x6787
2604,CUS0002604,Bruce,Brown,M,1964-06-15,Malaysian,delgadogeorge@example.net,(938)735-2237
2605,CUS0002605,Amanda,Mitchell,F,1986-01-27,Australian,sandersjohn@example.org,848-396-8460x412
2606,CUS0002606,James,Manning,M,1972-07-02,Malaysian,david93@example.org,+1-999-870-2146x16904
2607,CUS0002607,Benjamin,Hernandez,M,1991-12-15,Japanese,pstanley@example.net,(844)919-0437x702
2608,CUS0002608,Tim,Johnson,M,1951-02-12,Singaporean,manuelosborne@example.org,672.746.4560
2609,CUS0002609,Shelia,Miller,F,1990-10-05,Japanese,pruittluke@example.com,001-332-426-7911x1785
2610,CUS0002610,Hannah,Dawson,F,1996-10-10,Japanese,lwhite@example.org,(994)722-2925x3841
2611,CUS0002611,Richard,Mendoza,M,1976-12-14,Indonesian,burnsnicholas@example.com,(224)958-8366
2612,CUS0002612,Lauren,Robinson,F,1995-07-04,Japanese,brandon33@example.com,236.915.9266x86680
2613,CUS0002613,Kevin,Butler,M,1966-08-18,Malaysian,johnsonjacob@example.org,250.593.6047x0928
2614,CUS0002614,Steven,Chavez,M,1956-04-25,Indonesian,douglas13@example.com,772-679-3922x6894
2615,CUS0002615,Brooke,Morrow,F,2000-11-06,Singaporean,cheryldaniel@example.org,(398)832-4072x8195
2616,CUS0002616,Tami,Ortega,F,1952-02-16,Indonesian,greeneanna@example.org,409-433-6272x445
2617,CUS0002617,Karen,Guzman,F,1959-08-28,Indonesian,zfreeman@example.org,001-372-822-1553x250
2618,CUS0002618,Luke,Lane,M,2003-04-17,Australian,ashleyvelez@example.com,(711)365-1608x624
2619,CUS0002619,Courtney,Perkins,F,1979-05-23,Malaysian,averystephanie@example.com,929-466-4711x81320
2620,CUS0002620,Corey,Berry,M,1990-01-24,Indonesian,medinateresa@example.com,(706)736-9851x676
2621,CUS0002621,Lisa,Crosby,F,1989-11-23,Australian,davidcandice@example.com,001-676-702-2364
2622,CUS0002622,Michael,Abbott,M,1966-05-09,Australian,vestrada@example.com,542.349.1626
2623,CUS0002623,Jonathan,Harrison,M,1968-11-16,Malaysian,dylan21@example.org,+1-542-319-7381x90347
2624,CUS0002624,Jody,Garcia,F,1995-06-03,Japanese,brittanydiaz@example.org,001-585-708-3327x1045
2625,CUS0002625,Brandon,Robinson,M,1994-08-22,Singaporean,rdennis@example.net,331-771-9163x3547
2626,CUS0002626,Seth,Grimes,M,1964-10-06,Japanese,sharonschultz@example.org,641-776-8922x06829
2627,CUS0002627,Patricia,Watts,F,1962-03-20,Japanese,michael18@example.com,001-519-381-6254
2628,CUS0002628,Thomas,Morris,M,2000-01-18,Indonesian,mmorgan@example.org,661.536.7461x61605
2629,CUS0002629,Darrell,Fleming,M,1983-05-04,Japanese,patrickmiller@example.com,001-647-206-9531x217
2630,CUS0002630,Mary,Hughes,F,2002-10-07,Malaysian,mtaylor@example.com,320.841.8629x319
2631,CUS0002631,Stacy,Arnold,F,1993-06-16,Australian,sedwards@example.net,(747)740-1925x5317
2632,CUS0002632,Robert,Green,M,2007-06-01,Indonesian,hamiltonkenneth@example.org,+1-740-639-7267
2633,CUS0002633,Haley,Barnes,F,1990-06-22,Malaysian,perkinschristopher@example.org,(409)456-3603x855
2634,CUS0002634,Cheryl,Shepard,F,1960-07-03,Malaysian,ntucker@example.com,958.859.9197
2635,CUS0002635,David,Cox,M,1977-01-21,Japanese,donaldmarquez@example.net,937-363-6628x711
2636,CUS0002636,Traci,Kim,F,1964-10-31,Indonesian,candice55@example.org,+1-645-806-9895x829
2637,CUS0002637,Cynthia,Pham,F,1991-09-07,Australian,hpadilla@example.com,441-379-3943x14914
2638,CUS0002638,Henry,Collins,M,1952-08-26,Japanese,yford@example.org,228-557-4040x5277
2639,CUS0002639,Isabel,Mccall,F,1979-09-22,Singaporean,zpeck@example.org,2778997510
2640,CUS0002640,Michael,Gomez,M,2005-12-28,Malaysian,howelljustin@example.com,(334)961-5041
2641,CUS0002641,Amber,Hernandez,F,1960-09-15,Singaporean,brianthomas@example.com,339-300-2950
2642,CUS0002642,Eric,Scott,M,1996-04-16,Australian,kthompson@example.org,001-955-752-3783x904
2643,CUS0002643,John,Carrillo,M,1971-09-19,Australian,shebert@example.com,(863)733-3884
2644,CUS0002644,Austin,Ellison,M,1964-06-29,Japanese,anna08@example.org,713-501-6064x4903
2645,CUS0002645,Shannon,Roberts,M,1958-06-23,Australian,vvega@example.net,334.430.7182
2646,CUS0002646,Anna,Reyes,F,1951-07-18,Japanese,kortega@example.org,218.467.8110
2647,CUS0002647,Tammy,Young,F,1987-04-04,Australian,paigeosborn@example.net,302.557.9535x6441
2648,CUS0002648,Gregory,Browning,M,1981-02-09,Singaporean,alexandrawright@example.net,001-562-340-2384x920
2649,CUS0002649,John,Cooper,M,1955-07-09,Japanese,manuel90@example.net,+1-503-395-7286x9395
2650,CUS0002650,Alexander,Horn,M,1983-02-12,Singaporean,jeffreygillespie@example.org,465.534.8024x966
2651,CUS0002651,Tonya,Cox,F,1973-11-17,Japanese,jocelyn01@example.org,+1-215-744-4847x92074
2652,CUS0002652,Brian,Luna,M,1997-06-10,Australian,msmith@example.net,(421)777-5990
2653,CUS0002653,Richard,Goodman,M,1993-01-26,Japanese,audreyjohnson@example.org,(304)210-3728
2654,CUS0002654,William,Stout,M,1991-01-19,Malaysian,vjackson@example.com,251-426-3700x79633
2655,CUS0002655,Christopher,Garcia,M,1976-09-27,Japanese,ikim@example.net,+1-721-727-4621x334
2656,CUS0002656,Justin,Fowler,M,1975-05-28,Singaporean,zzuniga@example.org,692-695-9099
2657,CUS0002657,Angela,Evans,F,1975-03-14,Singaporean,kathleenpatterson@example.org,001-878-725-6485x86476
2658,CUS0002658,Steven,Morris,M,1984-03-11,Malaysian,usharp@example.org,+1-665-706-7996
2659,CUS0002659,Andrea,Brooks,F,1994-01-10,Australian,edwardsderrick@example.com,(287)604-2646x97950
2660,CUS0002660,Melissa,Russell,F,1950-11-08,Australian,trobinson@example.org,450.741.6275x02092
2661,CUS0002661,Carrie,Lopez,F,2003-02-28,Singaporean,annthompson@example.net,001-644-962-7635x1487
2662,CUS0002662,Mark,Edwards,M,1957-01-12,Indonesian,emilygould@example.com,(389)838-5335x849
2663,CUS0002663,Kevin,Walker,M,1974-02-02,Singaporean,douglas87@example.net,+1-551-320-9018x17497
2664,CUS0002664,Bryan,Mitchell,M,1991-09-19,Japanese,ballen@example.org,001-889-310-5045
2665,CUS0002665,Lisa,Chavez,F,1994-07-19,Japanese,bryan59@example.com,(483)244-5942x104
2666,CUS0002666,Michael,Stein,M,2005-10-06,Japanese,walterjacob@example.net,(354)790-7872x55054
2667,CUS0002667,Willie,Martinez,M,1953-09-02,Singaporean,stephenconley@example.com,6793606169
2668,CUS0002668,Daniel,Diaz,M,1957-03-28,Malaysian,lisabaker@example.net,969.955.9582
2669,CUS0002669,Omar,Steele,M,1990-01-26,Australian,oliviaperry@example.net,456-994-9060
2670,CUS0002670,Jeff,Smith,M,1961-12-11,Japanese,michaeljones@example.org,9945596915
2671,CUS0002671,Michele,Burke,F,1963-08-23,Malaysian,sara63@example.org,359.384.9138x7870
2672,CUS0002672,Mark,Bates,M,1998-05-15,Australian,wilsonjerry@example.com,+1-252-933-1432x417
2673,CUS0002673,Sherry,Gill,F,1960-03-25,Australian,xgordon@example.net,(433)487-9081x32208
2674,CUS0002674,Shawn,Torres,M,1985-09-19,Singaporean,donna35@example.org,+1-678-481-6495x710
2675,CUS0002675,Michael,Peterson,M,1992-09-24,Singaporean,smithkimberly@example.net,(384)522-4170
2676,CUS0002676,Samuel,Glover,M,1966-08-18,Australian,rvasquez@example.org,503-505-7925x173
2677,CUS0002677,Thomas,Meyer,M,1966-03-24,Malaysian,wmason@example.org,7156297968
2678,CUS0002678,Jennifer,Miller,F,1976-08-14,Singaporean,dsmith@example.com,(808)821-2407
2679,CUS0002679,Duane,Fields,M,1973-05-21,Singaporean,paulclayton@example.org,835-701-1344
2680,CUS0002680,Alexander,Anderson,M,1988-09-25,Singaporean,wilkinsonalisha@example.net,001-494-754-9497
2681,CUS0002681,Elizabeth,Kirby,F,1995-03-22,Japanese,robertsjohn@example.com,(217)656-3949
2682,CUS0002682,Robin,Nguyen,F,1969-09-08,Malaysian,jonathan65@example.com,881-745-2528x8864
2683,CUS0002683,Sharon,Dyer,F,1991-12-06,Singaporean,pattywright@example.org,784.621.3913x6997
2684,CUS0002684,Kelsey,Gilbert,F,1983-08-01,Australian,iwebb@example.net,001-571-654-2241x25038
2685,CUS0002685,Peter,Lopez,M,1982-09-15,Japanese,henryvillegas@example.com,(907)241-9753
2686,CUS0002686,Terri,Williams,F,1979-08-18,Malaysian,evanlarson@example.net,+1-287-773-3521
2687,CUS0002687,Sydney,Lopez,F,1993-12-16,Japanese,rdiaz@example.net,(363)221-8945
2688,CUS0002688,Justin,Reed,M,1984-12-03,Japanese,roserhonda@example.net,+1-642-581-7834x206
2689,CUS0002689,Curtis,Hull,M,2001-02-08,Australian,matthew43@example.org,697-419-7204x0932
2690,CUS0002690,Destiny,Gonzalez,F,1993-01-14,Indonesian,glennchloe@example.org,+1-673-616-3324x30872
2691,CUS0002691,John,Allen,M,1989-05-17,Japanese,livingstondavid@example.org,325-279-8969
2692,CUS0002692,Brianna,York,F,1989-02-09,Indonesian,thomasmartin@example.com,595-320-7699x1528
2693,CUS0002693,Ann,Schroeder,F,1981-12-08,Japanese,whunter@example.org,(965)801-8005x44027
2694,CUS0002694,Anthony,Ortega,M,1959-01-01,Singaporean,connortaylor@example.com,(510)900-3668x574
2695,CUS0002695,Wendy,Young,F,1968-10-11,Australian,ymata@example.org,001-384-458-1630x2129
2696,CUS0002696,Cheryl,Lee,F,1982-09-09,Malaysian,markwilson@example.org,+1-780-231-0262x370
2697,CUS0002697,Janet,Gibson,F,1970-06-16,Australian,ericamoore@example.org,001-525-346-5476
2698,CUS0002698,Jeffrey,Davis,M,1975-08-12,Australian,rachel03@example.com,435-842-3724x66762
2699,CUS0002699,Susan,Olson,F,1955-06-04,Japanese,ctorres@example.net,7458522420
2700,CUS0002700,Dean,Huerta,M,1975-04-26,Japanese,cassandra80@example.com,537-319-6034x897
2701,CUS0002701,Brian,Williams,M,1974-01-28,Australian,psingleton@example.net,+1-252-611-5424x015
2702,CUS0002702,Cindy,Fowler,F,1991-12-24,Indonesian,padillarobert@example.net,5888358558
2703,CUS0002703,Dean,Baker,M,1988-08-17,Singaporean,nwatson@example.com,001-297-642-5429
2704,CUS0002704,Daniel,Moreno,M,2004-08-25,Australian,gnguyen@example.com,001-478-750-7867
2705,CUS0002705,Crystal,Malone,F,1957-09-04,Malaysian,alyssa86@example.com,494.951.1932x46719
2706,CUS0002706,Gabrielle,Robinson,F,1957-07-29,Indonesian,wileyjennifer@example.net,+1-759-563-5187x570
2707,CUS0002707,Robert,Williams,M,1999-04-12,Australian,nicholaswalker@example.net,4146464197
2708,CUS0002708,Benjamin,Brown,M,1979-06-24,Australian,amurphy@example.com,001-932-389-4011
2709,CUS0002709,Ronnie,Wilkerson,M,2001-06-17,Malaysian,stefaniewashington@example.net,918.546.7908x773
2710,CUS0002710,Tricia,Garcia,F,1978-09-18,Singaporean,sethlynch@example.com,960-210-0697x7400
2711,CUS0002711,Arthur,Lewis,M,1975-08-08,Indonesian,ejames@example.net,2619085370
2712,CUS0002712,Antonio,Smith,M,1950-10-25,Australian,karenanderson@example.org,(368)339-0510
2713,CUS0002713,Pam,Barry,F,1955-01-13,Indonesian,yknight@example.com,001-691-606-7698x7101
2714,CUS0002714,Angela,Moody,F,2003-04-08,Japanese,lperez@example.net,(725)819-6429
2715,CUS0002715,Bryan,Griffin,M,1957-10-12,Australian,villanuevatodd@example.org,744-696-5502x42182
2716,CUS0002716,Mallory,Williams,F,1997-09-17,Indonesian,nmeza@example.com,7244242633
2717,CUS0002717,Darren,Keller,M,1993-03-22,Malaysian,karl77@example.org,+1-832-902-0613x92031
2718,CUS0002718,Jeffery,Dennis,M,2005-12-19,Singaporean,hramirez@example.org,(287)680-7390
2719,CUS0002719,Logan,Hall,M,1997-11-22,Singaporean,cbutler@example.com,(396)202-9649
2720,CUS0002720,David,Espinoza,M,1958-10-07,Australian,mevans@example.com,358-744-6577x137
2721,CUS0002721,Christina,Jackson,F,1984-07-21,Malaysian,cynthiathompson@example.com,001-632-827-6654x84274
2722,CUS0002722,Melissa,Cooper,F,1969-02-12,Malaysian,lopezjessica@example.net,6217436659
2723,CUS0002723,Steven,Harris,M,1988-01-14,Indonesian,tonyalewis@example.org,753-935-6682x2896
2724,CUS0002724,Michael,Turner,M,1993-07-25,Singaporean,elizabethmcpherson@example.org,001-798-901-3376x191
2725,CUS0002725,John,Smith,M,1971-07-16,Japanese,wilsonchristian@example.net,001-381-762-3153x94281
2726,CUS0002726,Kimberly,Hutchinson,F,1977-12-15,Indonesian,benjamin16@example.org,+1-375-205-7921x510
2727,CUS0002727,Amanda,Lane,F,1968-05-31,Australian,jeffrey02@example.com,232.406.5694x2763
2728,CUS0002728,Janet,Gonzalez,F,1961-08-15,Japanese,apacheco@example.net,511.943.1075
2729,CUS0002729,Willie,Hill,M,1968-07-03,Japanese,ryanwoodard@example.org,001-530-364-6143
2730,CUS0002730,Jennifer,Turner,F,1999-09-05,Singaporean,hannahbarber@example.com,405-984-7438x9475
2731,CUS0002731,Robert,Martin,M,1971-03-01,Japanese,lisa79@example.net,001-682-424-5540
2732,CUS0002732,Barbara,Smith,F,1970-10-28,Australian,wwilson@example.com,885.845.3905x798
2733,CUS0002733,Taylor,Bray,F,1979-09-25,Australian,melissalewis@example.net,930-902-5539x52563
2734,CUS0002734,Michael,Robinson,M,1962-05-09,Japanese,eric58@example.net,701.531.1175x1733
2735,CUS0002735,Jason,Snow,M,2007-01-13,Singaporean,davidmiller@example.com,001-944-338-7871
2736,CUS0002736,Crystal,Tapia,F,1991-10-23,Japanese,michaelhorton@example.net,+1-891-605-4825x62739
2737,CUS0002737,Curtis,Osborne,M,1958-11-17,Indonesian,jmiller@example.org,+1-799-328-6878x4277
2738,CUS0002738,Ernest,Sanders,M,1980-04-26,Singaporean,brandonlawrence@example.net,(706)669-9128x568
2739,CUS0002739,Eddie,Fisher,M,2006-04-22,Malaysian,jamiecannon@example.org,456-385-4026
2740,CUS0002740,Joseph,Long,M,1997-07-26,Singaporean,baldwinkaren@example.com,323.851.8522
2741,CUS0002741,Robert,Ross,M,1963-12-15,Japanese,copelandjessica@example.org,+1-287-914-8454x430
2742,CUS0002742,Maria,Patton,F,2005-11-05,Malaysian,erojas@example.com,546-551-8316
2743,CUS0002743,Peter,Blackwell,M,1965-06-25,Indonesian,janicegonzalez@example.com,957.886.6070x250
2744,CUS0002744,Jeffrey,Williams,M,1976-09-12,Australian,andrew52@example.com,406-889-6553
2745,CUS0002745,Phillip,Scott,M,1968-11-05,Singaporean,wongjordan@example.org,+1-240-243-9684x83596
2746,CUS0002746,Abigail,Jones,F,1995-04-25,Japanese,adrianpalmer@example.org,(538)381-9392x7191
2747,CUS0002747,Troy,Ferguson,M,1991-06-29,Australian,colecook@example.org,417.457.6018x08675
2748,CUS0002748,Jennifer,Torres,F,2003-08-28,Indonesian,cookgina@example.net,928.516.6517
2749,CUS0002749,Billy,Miller,M,1992-03-13,Malaysian,ksantana@example.org,535-927-6255
2750,CUS0002750,Jenny,Wood,F,1956-09-17,Malaysian,lukemolina@example.com,+1-551-863-9172x7154
2751,CUS0002751,Carolyn,Davis,F,2000-08-14,Indonesian,justinyoung@example.com,8339460749
2752,CUS0002752,Erika,Turner,F,2001-01-31,Japanese,ronnie54@example.net,782-718-7398x212
2753,CUS0002753,Jordan,Ayers,M,1982-06-14,Malaysian,lori50@example.org,001-815-513-4650x86569
2754,CUS0002754,Kimberly,Mccormick,F,1970-05-06,Singaporean,fwilkerson@example.org,412-953-8341x0657
2755,CUS0002755,Javier,Reyes,M,1979-02-06,Malaysian,stacyayala@example.com,203.693.3677x7441
2756,CUS0002756,Christina,Harrison,F,1958-09-12,Japanese,meyervalerie@example.org,9343093582
2757,CUS0002757,Tamara,Tucker,F,1997-03-06,Japanese,lisaherman@example.org,606-966-4651
2758,CUS0002758,Jordan,Romero,M,1999-02-16,Singaporean,gfox@example.com,(387)995-7971x149
2759,CUS0002759,Thomas,Guzman,M,1970-05-20,Indonesian,njones@example.org,(892)839-5108x3278
2760,CUS0002760,Joseph,Coleman,M,1995-04-30,Australian,dustin03@example.org,(950)830-5241x1420
2761,CUS0002761,Jacqueline,Davis,F,2005-04-12,Australian,jasonthompson@example.net,495-976-0396x1084
2762,CUS0002762,Amy,Mejia,F,1964-05-31,Malaysian,zdaniels@example.org,(797)667-6213
2763,CUS0002763,Lynn,Powell,F,1955-01-15,Singaporean,jennifer15@example.net,383.448.9953
2764,CUS0002764,Sheila,Barr,F,1952-07-25,Japanese,barbara04@example.org,001-502-341-7036x42373
2765,CUS0002765,Christine,Roth,F,1960-07-16,Australian,bryan71@example.net,001-476-421-7794
2766,CUS0002766,Brett,Ochoa,M,1984-01-30,Japanese,tyleradams@example.org,551-375-0796
2767,CUS0002767,Danny,Hill,M,1954-07-03,Malaysian,brenda19@example.com,001-251-896-6271x457
2768,CUS0002768,Eugene,Vaughn,M,1997-04-18,Indonesian,bmaxwell@example.org,001-537-385-7717x12199
2769,CUS0002769,Johnathan,Griffith,M,1982-12-10,Indonesian,wadekaren@example.com,+1-900-622-7962x4452
2770,CUS0002770,Tiffany,Smith,F,1951-02-13,Indonesian,catherinecrawford@example.net,001-906-646-5949x18684
2771,CUS0002771,Lance,Lee,M,1962-07-15,Japanese,clarkbonnie@example.org,(686)787-0375x5785
2772,CUS0002772,Karen,Steele,F,1976-09-12,Australian,jason92@example.com,001-764-230-8132x2257
2773,CUS0002773,David,Taylor,M,1979-01-31,Malaysian,ptorres@example.net,(809)845-5731x492
2774,CUS0002774,Cassandra,Morton,F,1967-08-18,Japanese,agonzales@example.org,+1-628-707-1002
2775,CUS0002775,Joseph,Bruce,M,1986-05-03,Indonesian,onelson@example.com,+1-593-599-6979x3393
2776,CUS0002776,Nathaniel,Rose,M,2006-02-14,Malaysian,nspencer@example.net,001-368-898-2581x7386
2777,CUS0002777,Hannah,Newton,F,1967-05-16,Indonesian,benjamin99@example.org,687.835.2199x8068
2778,CUS0002778,Amanda,Gonzalez,F,1964-08-04,Malaysian,gregory95@example.org,+1-367-222-6628
2779,CUS0002779,Joanna,Alexander,F,2000-10-26,Indonesian,idrake@example.com,639.871.8190x597
2780,CUS0002780,Jonathan,Cobb,M,1989-01-30,Malaysian,jeffward@example.net,640.962.4261x0332
2781,CUS0002781,Kathleen,Price,F,1957-10-16,Australian,kimberly19@example.net,(961)832-9406x35724
2782,CUS0002782,Samuel,Greene,M,1974-02-03,Singaporean,zcannon@example.com,+1-285-800-7284x38580
2783,CUS0002783,Jeffrey,Mcdaniel,M,1998-01-11,Malaysian,kristendaugherty@example.net,705-614-9048x73597
2784,CUS0002784,Courtney,Mitchell,F,2004-06-26,Australian,jimmy64@example.net,001-961-407-7997
2785,CUS0002785,Brittany,Thomas,F,1979-08-10,Indonesian,monica61@example.com,730.202.7027
2786,CUS0002786,Scott,Alvarez,M,1978-12-10,Australian,sgallagher@example.com,001-293-380-5145x386
2787,CUS0002787,Timothy,Black,M,1955-03-09,Australian,kathleenblackwell@example.com,400-406-9915x58593
2788,CUS0002788,Sharon,Scott,F,1974-08-13,Australian,nmorgan@example.org,(714)389-4413
2789,CUS0002789,Susan,Morales,F,1991-03-16,Indonesian,jasonwilliams@example.net,756-895-9070
2790,CUS0002790,Linda,Erickson,F,1951-04-13,Japanese,nshort@example.com,312-987-4081
2791,CUS0002791,Samantha,Jarvis,F,1997-02-18,Japanese,mlane@example.org,421.545.2878x99996
2792,CUS0002792,Adam,May,M,1987-12-29,Singaporean,brian21@example.net,(205)660-8319x126
2793,CUS0002793,Mia,Payne,F,2001-01-16,Malaysian,nnguyen@example.net,784-640-9386
2794,CUS0002794,Jimmy,Dean,M,1963-02-07,Singaporean,dmay@example.net,(548)274-8705x662
2795,CUS0002795,Shannon,House,F,1953-08-12,Indonesian,philip09@example.net,746-815-0123x5066
2796,CUS0002796,Jessica,Brown,F,2006-11-16,Australian,anthony59@example.org,355.676.5789x37939
2797,CUS0002797,John,Perez,M,1960-09-26,Japanese,bushmark@example.org,896-609-1027
2798,CUS0002798,Kathleen,Blankenship,F,2002-09-29,Singaporean,jacob32@example.org,919-902-6623
2799,CUS0002799,Corey,Chen,M,1987-12-22,Malaysian,pattonstacy@example.org,9982314523
2800,CUS0002800,Christine,Cruz,F,2004-11-06,Indonesian,joanwhite@example.com,225-265-6866x805
2801,CUS0002801,Amber,Ward,F,1988-03-29,Australian,samantha38@example.org,275-901-5438x57818
2802,CUS0002802,Jesse,Levy,M,1998-11-16,Australian,christine14@example.net,915.314.4661x99541
2803,CUS0002803,Andrew,Dillon,M,1978-01-25,Malaysian,robert26@example.com,(788)754-5536x37766
2804,CUS0002804,Lisa,Williams,F,1995-06-29,Malaysian,joshualivingston@example.org,681.362.2664
2805,CUS0002805,Joseph,Myers,M,1971-08-19,Japanese,jtanner@example.net,363.758.0533
2806,CUS0002806,Angela,Gonzalez,F,1996-07-02,Singaporean,michaelwilson@example.org,502.978.4734x479
2807,CUS0002807,Christopher,Thompson,M,2002-10-12,Malaysian,olsonomar@example.net,001-368-522-5885x843
2808,CUS0002808,Mark,Potter,M,1997-10-09,Singaporean,htorres@example.com,774-807-3972x9617
2809,CUS0002809,Glenn,Washington,M,1989-04-20,Australian,cruzwilliam@example.org,001-744-325-1180x9545
2810,CUS0002810,Kevin,Avery,M,1958-12-21,Australian,dan28@example.com,248.840.1617
2811,CUS0002811,David,Kent,M,1971-02-07,Singaporean,mark37@example.net,(620)315-6914x616
2812,CUS0002812,Heather,Wells,F,1963-03-05,Australian,hcoleman@example.com,2912341781
2813,CUS0002813,Katelyn,Berry,F,1983-03-11,Malaysian,sandovalkerry@example.com,549-951-4955
2814,CUS0002814,Scott,Reyes,M,1952-11-11,Indonesian,zthompson@example.com,001-418-908-4388x1684
2815,CUS0002815,Micheal,Werner,M,1994-10-10,Singaporean,morrowcassandra@example.com,2468445030
2816,CUS0002816,Michael,Green,M,1998-12-05,Australian,craigchristina@example.net,887-533-0027
2817,CUS0002817,Michelle,Taylor,F,1981-06-29,Japanese,gabrielcasey@example.org,(595)704-3260x59047
2818,CUS0002818,Daniel,Bridges,M,1961-07-29,Indonesian,qtodd@example.com,593-705-3973x451
2819,CUS0002819,Rhonda,Matthews,F,1970-07-15,Indonesian,robertschultz@example.org,001-609-589-7274x051
2820,CUS0002820,Brian,Phelps,M,1970-03-12,Malaysian,moodycathy@example.org,001-236-256-4025x426
2821,CUS0002821,Jennifer,Fernandez,F,1994-05-08,Indonesian,garymeyer@example.org,(479)493-8959x458
2822,CUS0002822,Gabriel,Davidson,M,1969-05-12,Japanese,mmorris@example.com,+1-777-856-5512x889
2823,CUS0002823,Christina,Lopez,F,1983-10-09,Indonesian,xhenderson@example.com,5319012213
2824,CUS0002824,Heather,Clark,F,2003-04-10,Singaporean,gregory44@example.net,535.445.7498x83968
2825,CUS0002825,Heidi,Watson,F,1969-11-18,Singaporean,barryvincent@example.com,001-235-821-5173x466
2826,CUS0002826,Troy,Cummings,M,1993-12-20,Malaysian,teresascott@example.org,(475)461-0801x030
2827,CUS0002827,Stefanie,Baldwin,F,1964-08-29,Japanese,susan12@example.org,(898)532-3285x41422
2828,CUS0002828,Lori,Gutierrez,F,2001-03-13,Australian,danielbaker@example.org,215.304.5196x7877
2829,CUS0002829,Michael,Fowler,M,2002-03-21,Malaysian,clarkroberto@example.com,(232)563-5546
2830,CUS0002830,Corey,Hughes,M,2000-06-26,Singaporean,christopherwalter@example.com,719.473.2381x545
2831,CUS0002831,Jordan,Travis,F,1988-06-12,Indonesian,xkim@example.org,+1-860-323-5640x9309
2832,CUS0002832,Kyle,Watson,M,1983-03-05,Japanese,ksimpson@example.com,001-699-993-8191
2833,CUS0002833,Don,Wilson,M,1966-05-09,Singaporean,georgeeileen@example.org,(841)555-1758
2834,CUS0002834,Stephanie,Morse,F,1964-09-26,Japanese,james27@example.org,(789)696-6686
2835,CUS0002835,Christy,Davis,F,1961-05-22,Malaysian,brownemily@example.com,(314)294-7396x543
2836,CUS0002836,Gerald,Gonzales,M,1954-11-30,Malaysian,randolpherin@example.net,001-927-559-6088x95869
2837,CUS0002837,William,Dillon,M,1970-10-08,Singaporean,jonathanmartin@example.org,494-252-1258x606
2838,CUS0002838,Peter,Woodard,M,1957-09-16,Malaysian,flemingbrandon@example.net,001-799-215-1414x0508
2839,CUS0002839,Mary,Padilla,F,1996-04-17,Japanese,timothy42@example.net,001-763-664-1226x472
2840,CUS0002840,Melissa,Lyons,F,2000-09-26,Indonesian,justinlewis@example.net,(504)824-0817x4425
2841,CUS0002841,Joseph,Rogers,M,1992-12-22,Indonesian,shannonli@example.com,620.491.8812x24661
2842,CUS0002842,Peggy,Herrera,F,1991-08-06,Indonesian,asmith@example.net,001-779-509-6351x59117
2843,CUS0002843,David,Gonzales,M,1959-08-08,Australian,paula37@example.net,708.560.4377x5872
2844,CUS0002844,John,Vasquez,M,1952-10-22,Indonesian,morrisjohn@example.org,6323569647
2845,CUS0002845,Cheryl,Escobar,F,1955-02-26,Australian,kellybrooke@example.net,594.384.2266
2846,CUS0002846,Jacob,Ware,M,1951-08-05,Japanese,sheadawn@example.net,591-831-5653x6671
2847,CUS0002847,Elizabeth,Keith,F,1998-06-05,Japanese,markburgess@example.com,922-582-3253x48529
2848,CUS0002848,Michelle,Carlson,F,1978-01-17,Malaysian,teresa75@example.net,635.221.9706
2849,CUS0002849,Tina,Roberts,F,1960-03-03,Singaporean,sarahlandry@example.net,+1-715-240-2447x8307
2850,CUS0002850,Brian,Gonzalez,M,1984-03-31,Australian,benjamindebra@example.net,541-805-2696
2851,CUS0002851,Timothy,Jackson,M,1960-10-16,Indonesian,lopezmorgan@example.com,+1-954-436-7687x96746
2852,CUS0002852,Jasmine,Palmer,F,1998-08-29,Indonesian,adamfrench@example.net,333.927.9882
2853,CUS0002853,April,Davidson,F,1978-10-10,Malaysian,kmartinez@example.com,649-949-1851
2854,CUS0002854,Heather,Tapia,F,1978-09-09,Australian,hoganamy@example.net,626-306-8228x79561
2855,CUS0002855,Paul,Cunningham,M,1976-04-11,Singaporean,xjones@example.net,(793)225-7890
2856,CUS0002856,Jeff,Smith,M,1954-02-16,Japanese,justingoodman@example.com,001-711-320-2730x2385
2857,CUS0002857,Melissa,Taylor,F,1993-01-01,Malaysian,tinajohnson@example.org,(530)733-5823
2858,CUS0002858,Andrea,Hale,F,1966-10-20,Singaporean,ehines@example.org,+1-479-527-8767
2859,CUS0002859,Jenna,Walters,F,1999-01-01,Malaysian,ian96@example.com,214-844-8657x43062
2860,CUS0002860,Kelsey,Parker,F,1996-05-31,Australian,lisa91@example.net,572.502.9811x30084
2861,CUS0002861,Kevin,Key,M,1956-02-15,Indonesian,fischercharles@example.net,296.633.0507x495
2862,CUS0002862,Diane,Bradford,F,1962-01-07,Indonesian,ldavis@example.org,001-380-828-4416
2863,CUS0002863,Leslie,Werner,F,1978-03-11,Australian,joshuabrown@example.net,651.363.2381x37057
2864,CUS0002864,Amanda,Alvarez,F,1961-03-13,Singaporean,robertdaniel@example.net,715-925-8385x163
2865,CUS0002865,Kelly,Holder,F,1958-06-20,Malaysian,xcampbell@example.com,001-266-484-7132x901
2866,CUS0002866,Ronnie,Banks,M,1973-06-04,Japanese,gina18@example.com,811.401.4602x35359
2867,CUS0002867,Jordan,Smith,M,2003-10-15,Australian,suzanne81@example.org,001-935-363-1676x602
2868,CUS0002868,James,Aguilar,M,1981-11-29,Malaysian,monica87@example.org,+1-219-738-3477
2869,CUS0002869,William,Smith,M,2006-01-23,Malaysian,thomas08@example.org,(482)613-1148
2870,CUS0002870,Lori,Foley,F,2006-12-11,Australian,joann04@example.com,269-278-9425x9634
2871,CUS0002871,Tara,Garza,F,1978-12-18,Singaporean,johnward@example.org,819-351-1303x076
2872,CUS0002872,John,Hughes,M,1957-08-17,Japanese,zjennings@example.net,001-346-348-2098x7284
2873,CUS0002873,Joseph,Andrews,M,1991-07-10,Australian,jeremycampbell@example.com,3555724772
2874,CUS0002874,Phyllis,Ortiz,F,1963-09-26,Indonesian,thernandez@example.net,560-349-4172
2875,CUS0002875,Stephanie,Johnson,F,1980-04-05,Singaporean,halepeter@example.net,(237)621-8589x3584
2876,CUS0002876,Karen,Maxwell,F,1975-04-25,Australian,zdavis@example.org,(756)956-4165x66671
2877,CUS0002877,Patricia,Blackburn,F,1956-01-20,Japanese,taylorsharon@example.org,880-958-9359
2878,CUS0002878,Mark,Stokes,M,2005-02-08,Singaporean,uwhite@example.com,(757)661-5033
2879,CUS0002879,Joseph,Pittman,M,1978-10-29,Japanese,gordonemily@example.net,001-783-504-3422x997
2880,CUS0002880,Bianca,Parrish,F,1997-05-31,Indonesian,brownjohn@example.net,+1-593-909-0400
2881,CUS0002881,Tara,Golden,F,1973-11-07,Malaysian,martha90@example.org,205-765-0257x8709
2882,CUS0002882,Leroy,Thomas,M,1981-10-06,Australian,nelsonjames@example.net,599-818-3864
2883,CUS0002883,Casey,Willis,M,1978-08-12,Malaysian,gutierrezjames@example.com,+1-371-777-5296x94269
2884,CUS0002884,Sarah,Zimmerman,F,1993-06-09,Indonesian,ibuckley@example.net,241-724-5277
2885,CUS0002885,Andrew,Ferguson,M,1982-07-19,Japanese,sarah05@example.com,(944)781-8886
2886,CUS0002886,Sharon,Garcia,F,1989-06-15,Malaysian,morajames@example.com,6746142013
2887,CUS0002887,Christy,Mercer,F,2001-03-28,Indonesian,amyduran@example.org,504-862-4786x3572
2888,CUS0002888,Matthew,Olson,M,1965-11-09,Singaporean,brandonguerrero@example.org,445.344.6843
2889,CUS0002889,William,David,M,1953-04-02,Japanese,kenneth96@example.net,(617)873-0790x99199
2890,CUS0002890,Jeremy,Jones,M,1951-09-13,Singaporean,david03@example.net,(262)757-6210x902
2891,CUS0002891,Jesse,Herman,M,1990-07-26,Australian,nathaniel00@example.com,841-456-6305x7275
2892,CUS0002892,Rebecca,Stein,F,1963-02-23,Australian,martinshannon@example.net,001-228-339-0537
2893,CUS0002893,Natasha,May,F,1998-08-19,Singaporean,bpark@example.net,920.732.4893x237
2894,CUS0002894,Jason,Alvarez,M,1968-11-01,Malaysian,ihughes@example.com,224.914.8426
2895,CUS0002895,Jessica,Alvarez,F,1993-07-05,Japanese,samuel58@example.com,+1-578-656-4519x24279
2896,CUS0002896,Jasmin,Maldonado,F,2008-01-24,Australian,christopher52@example.org,+1-387-635-1187x78634
2897,CUS0002897,Dominique,Barrera,F,1995-08-29,Indonesian,calexander@example.com,001-839-271-0318x87277
2898,CUS0002898,Shaun,Contreras,M,1984-10-17,Japanese,tkim@example.com,001-820-550-5784x6221
2899,CUS0002899,Deborah,Russell,F,1956-09-12,Singaporean,xmathews@example.org,(931)221-4138x298
2900,CUS0002900,Kim,Rivas,F,1979-09-01,Indonesian,gedwards@example.net,966-201-7059x396
2901,CUS0002901,Ashley,Merritt,F,1997-03-12,Japanese,mike22@example.com,512-746-5529x5787
2902,CUS0002902,Brian,Daniels,M,1959-11-23,Indonesian,shepardhector@example.com,001-211-231-8002x149
2903,CUS0002903,Michelle,Cantrell,F,1967-09-06,Indonesian,ubeltran@example.com,(577)434-3282x391
2904,CUS0002904,Wendy,Mccarthy,F,1954-11-27,Indonesian,robertcarpenter@example.net,998-535-9808x469
2905,CUS0002905,Charles,Hooper,M,1981-03-26,Australian,william56@example.org,213.270.2446x9845
2906,CUS0002906,Jamie,Conrad,F,1952-04-22,Malaysian,tanner30@example.com,(964)465-8899
2907,CUS0002907,Victoria,Adams,F,1970-11-05,Australian,pvelez@example.org,(584)220-9274
2908,CUS0002908,Leah,Davis,F,1955-11-02,Australian,devonwhite@example.org,812-785-1368x40541
2909,CUS0002909,Christopher,Hall,M,1950-12-06,Singaporean,mirandamichele@example.com,575.619.0032x2607
2910,CUS0002910,Paige,Marshall,F,2001-03-23,Singaporean,john67@example.com,+1-546-543-1032
2911,CUS0002911,Joshua,Beck,M,1974-06-26,Japanese,john67@example.org,6587582196
2912,CUS0002912,Lindsey,Salazar,F,1987-07-09,Malaysian,dillonharris@example.org,+1-912-355-8898x39230
2913,CUS0002913,Debra,Anderson,F,2003-03-04,Singaporean,tanner67@example.org,379.324.4547x597
2914,CUS0002914,Crystal,Rodriguez,F,2005-05-25,Singaporean,fmcbride@example.org,802-542-6459
2915,CUS0002915,Kenneth,Ramirez,M,1979-06-25,Indonesian,nathan31@example.org,001-803-558-5872
2916,CUS0002916,Michael,Neal,M,1982-08-15,Indonesian,austin27@example.net,592-964-2102
2917,CUS0002917,Robert,Noble,M,1985-07-12,Australian,burnsryan@example.com,001-849-670-6959x9019
2918,CUS0002918,Connie,Bates,F,1998-10-17,Singaporean,michaelthomas@example.net,402-411-1870x00082
2919,CUS0002919,William,Howard,M,1959-04-30,Singaporean,bradwillis@example.net,001-956-308-9804x661
2920,CUS0002920,Sara,Smith,F,1956-08-31,Australian,theodore82@example.com,759.291.1739x066
2921,CUS0002921,Nancy,Robertson,F,1993-03-28,Japanese,steven60@example.org,831.560.3502x450
2922,CUS0002922,Cameron,Ford,M,2007-03-28,Australian,fitzpatrickheather@example.com,(841)869-4564
2923,CUS0002923,Jamie,Sanders,F,1993-08-21,Japanese,robert14@example.org,001-984-600-0013x743
2924,CUS0002924,Katherine,Davis,F,2001-12-21,Australian,zallen@example.org,422.458.3376
2925,CUS0002925,Shelby,Clark,F,1966-05-29,Singaporean,mark15@example.com,377-265-7866
2926,CUS0002926,Michael,Williams,M,1951-09-09,Australian,carmen18@example.com,(347)693-9334
2927,CUS0002927,Anthony,Foster,M,1990-06-19,Japanese,ostuart@example.org,555-380-0875x75751
2928,CUS0002928,Katrina,Farmer,F,2000-06-09,Singaporean,sharonhenry@example.net,001-584-744-6850x1381
2929,CUS0002929,Michelle,Bullock,F,1970-09-12,Australian,dunnkyle@example.net,926.545.7017
2930,CUS0002930,Crystal,Harrell,F,1995-05-20,Indonesian,jonesrobert@example.org,(405)849-7127x9310
2931,CUS0002931,Christopher,Wong,M,1982-03-27,Japanese,robert99@example.net,+1-706-804-1869x609
2932,CUS0002932,Jennifer,Randall,F,1956-03-05,Malaysian,andreaanderson@example.org,001-907-758-6435x830
2933,CUS0002933,Daniel,Gonzalez,M,1976-01-29,Japanese,danielgreen@example.org,696.791.8617x56863
2934,CUS0002934,Mary,Lindsey,F,1976-05-23,Indonesian,elizabeth22@example.org,(999)725-5830x03580
2935,CUS0002935,Jared,Odom,M,1967-02-09,Japanese,julie91@example.net,3884534883
2936,CUS0002936,Jessica,Hinton,F,1981-03-16,Australian,nhunter@example.com,8799328181
2937,CUS0002937,Brandon,Mccann,M,1981-02-23,Japanese,wilsonjeremy@example.org,(907)636-1745
2938,CUS0002938,Brian,Sims,M,1954-11-29,Singaporean,danielle00@example.org,2016330214
2939,CUS0002939,Suzanne,Miller,F,1999-11-04,Indonesian,marytownsend@example.net,(415)681-9277
2940,CUS0002940,Donna,Newman,F,1998-10-04,Japanese,usampson@example.com,584-568-9158
2941,CUS0002941,Thomas,Raymond,M,1992-08-27,Malaysian,ccollins@example.net,001-214-587-1929
2942,CUS0002942,Daniel,Boyd,M,1959-05-01,Australian,hbailey@example.net,889.468.1266x6991
2943,CUS0002943,Monica,Spence,F,1981-03-22,Japanese,leonardwayne@example.net,(965)874-8659x77597
2944,CUS0002944,Karen,Holt,F,2004-04-23,Japanese,williamssteven@example.org,001-668-323-3733x9347
2945,CUS0002945,Tammy,Higgins,F,1979-12-06,Australian,zhart@example.com,907.538.5460x521
2946,CUS0002946,Brandy,Wright,F,1950-08-08,Malaysian,willie78@example.net,(988)802-2955
2947,CUS0002947,Lisa,Robinson,F,1985-03-29,Singaporean,tyronesutton@example.com,+1-691-690-6231x543
2948,CUS0002948,Marcus,Hart,M,1983-11-18,Japanese,patricia70@example.net,+1-648-767-1172
2949,CUS0002949,Sandra,Bennett,F,1967-10-28,Japanese,robertogreer@example.net,6942162672
2950,CUS0002950,Kathy,Gray,F,1988-06-24,Indonesian,tbrown@example.org,(315)966-7019
2951,CUS0002951,Barbara,Rodriguez,F,1968-08-13,Japanese,jennifer99@example.org,001-307-818-9802x213
2952,CUS0002952,Andrew,Johnson,M,1971-08-28,Japanese,orodriguez@example.org,334.417.4146x5545
2953,CUS0002953,Tyler,Villarreal,M,1973-07-20,Malaysian,brenda64@example.net,+1-815-666-3036x338
2954,CUS0002954,Jordan,Cook,M,1954-02-07,Malaysian,qpineda@example.org,825-801-9165x36470
2955,CUS0002955,Lisa,Richard,F,1992-12-12,Indonesian,owashington@example.org,841.645.2448
2956,CUS0002956,Randy,Brown,M,2006-03-26,Japanese,jason09@example.org,+1-843-751-8406x39294
2957,CUS0002957,Brett,Strong,M,1960-03-31,Malaysian,cmiller@example.com,+1-391-426-4384x709
2958,CUS0002958,Maria,Cox,F,1991-08-12,Singaporean,chaneymichele@example.org,001-823-762-5932
2959,CUS0002959,Katherine,Floyd,F,1957-12-15,Malaysian,jeanetteirwin@example.net,328-530-0623
2960,CUS0002960,Susan,Haney,F,1992-10-05,Indonesian,josephwilson@example.com,001-917-376-1960
2961,CUS0002961,Brandon,Taylor,M,1960-07-22,Japanese,jeremybird@example.com,001-713-835-3153
2962,CUS0002962,Christopher,Webster,M,1981-09-22,Japanese,jenniferjarvis@example.net,+1-404-409-4147x7168
2963,CUS0002963,Billy,Santos,M,1970-02-22,Australian,paul21@example.com,662.997.0386
2964,CUS0002964,Sherry,Thomas,F,1999-03-01,Singaporean,jefftaylor@example.org,626-337-8368x125
2965,CUS0002965,Elaine,Kidd,F,1985-11-18,Singaporean,ipugh@example.com,659.604.4741x7643
2966,CUS0002966,Angela,Cooper,F,1990-04-15,Singaporean,elizabeth06@example.net,725-332-9324x44834
2967,CUS0002967,Kenneth,Matthews,M,1972-02-14,Malaysian,molinadenise@example.net,875.447.2815x706
2968,CUS0002968,Gregory,Reeves,M,1957-06-10,Singaporean,lmcmillan@example.org,637-471-4948x7248
2969,CUS0002969,Jeffrey,Bailey,M,1985-09-14,Australian,adamwalton@example.net,(208)408-2078
2970,CUS0002970,Carolyn,Johnson,F,2006-09-07,Australian,michaelsims@example.org,+1-994-423-5479x1302
2971,CUS0002971,Kevin,Chung,M,1951-02-28,Australian,lesliejohnson@example.net,(527)798-2579
2972,CUS0002972,Richard,Vazquez,M,2000-09-11,Singaporean,sarah26@example.org,222.240.8077
2973,CUS0002973,Crystal,Barton,F,1957-06-24,Indonesian,wrodriguez@example.org,(485)224-6088x8959
2974,CUS0002974,Kimberly,Wilson,F,1974-10-07,Indonesian,normandonald@example.net,(360)709-9974x94117
2975,CUS0002975,Willie,Villanueva,M,1966-05-14,Singaporean,gphillips@example.net,637.525.9012x5996
2976,CUS0002976,Debra,Perez,F,1959-08-09,Australian,qweaver@example.com,+1-671-954-2959x9571
2977,CUS0002977,Megan,Pena,F,1953-11-27,Malaysian,mcdonaldchristopher@example.org,001-403-553-3635x9217
2978,CUS0002978,Deborah,Rosario,F,2001-08-28,Japanese,watsonamanda@example.net,+1-266-831-4387
2979,CUS0002979,Brian,Cooper,M,1960-04-25,Australian,rodriguezrachel@example.net,001-389-959-4919x26595
2980,CUS0002980,Christine,Long,F,1976-12-07,Australian,htorres@example.com,213.374.0019
2981,CUS0002981,Samantha,Smith,F,1978-04-15,Singaporean,angelawhite@example.com,326.954.9518
2982,CUS0002982,Kathryn,Beck,F,1972-07-24,Indonesian,ewingcarly@example.com,536-298-0345x9489
2983,CUS0002983,Vanessa,Campbell,F,1968-12-16,Australian,warrencharlene@example.org,5065956981
2984,CUS0002984,Taylor,Braun,F,1963-05-16,Malaysian,sandersbrianna@example.org,(264)803-0750x5999
2985,CUS0002985,Donald,Black,M,1954-06-28,Indonesian,dwest@example.net,479-265-1059
2986,CUS0002986,Kimberly,Murphy,F,1999-09-08,Australian,rroberts@example.com,001-658-539-3185x665
2987,CUS0002987,Dawn,Ford,F,1985-02-07,Malaysian,mcguirekayla@example.com,288.510.7863x20197
2988,CUS0002988,Allison,Burton,F,1986-02-19,Malaysian,marshallrodney@example.org,001-925-858-8119x127
2989,CUS0002989,Brett,Cox,M,1956-11-19,Malaysian,colewesley@example.com,824-767-6004x2597
2990,CUS0002990,Kathleen,White,F,1967-11-10,Australian,nancy84@example.com,001-251-396-1499
2991,CUS0002991,William,Hopkins,M,1968-05-27,Japanese,schwartzbriana@example.org,944-549-6252x16538
2992,CUS0002992,Robert,Cherry,M,2004-05-30,Japanese,ellisrichard@example.net,(975)224-4203x1579
2993,CUS0002993,Jennifer,Barrera,F,2003-09-20,Singaporean,garciadavid@example.com,001-307-478-3635x09680
2994,CUS0002994,Wendy,Stevens,F,2002-05-21,Japanese,nperry@example.net,+1-335-526-0177x2655
2995,CUS0002995,Cameron,Booker,M,1957-02-07,Indonesian,matthewbauer@example.org,501.282.3320x025
2996,CUS0002996,Donald,Bright,M,1999-08-03,Indonesian,truiz@example.org,001-771-885-3311x56483
2997,CUS0002997,Cassandra,Pittman,F,2000-08-22,Indonesian,rmorgan@example.org,001-884-683-3649x21529
2998,CUS0002998,Jack,Meyer,M,2001-07-18,Australian,grayjames@example.net,203.922.1688
2999,CUS0002999,April,Hunt,F,1956-02-02,Singaporean,matthew41@example.org,001-351-621-8833x40179
3000,CUS0003000,Deborah,Terry,F,1973-08-29,Malaysian,nicole66@example.net,001-662-753-6711x71203
3001,CUS0003001,Michael,Mendoza,M,1968-08-28,Indonesian,chentammy@example.com,(959)323-0022x4223
3002,CUS0003002,James,Cruz,M,1965-11-28,Japanese,ebonylee@example.net,(419)999-7211x152
3003,CUS0003003,Paul,Smith,M,2004-05-24,Indonesian,jessicafisher@example.com,(242)601-1731x01091
3004,CUS0003004,James,Williams,M,1972-12-15,Japanese,deborahwilliams@example.net,466-486-5103x89537
3005,CUS0003005,Joe,Mccarthy,M,1986-05-31,Indonesian,margaretbullock@example.net,+1-902-853-2448x880
3006,CUS0003006,Kyle,Hardy,M,1980-01-17,Japanese,steven65@example.com,895.592.8914
3007,CUS0003007,Phillip,Martin,M,1995-01-18,Australian,matthew34@example.com,491-416-0847x818
3008,CUS0003008,Christopher,Day,M,1968-07-14,Indonesian,cynthia44@example.com,+1-348-748-5694x45142
3009,CUS0003009,John,Oliver,M,1990-04-20,Malaysian,scottnicolas@example.org,813.339.1438x2764
3010,CUS0003010,Teresa,Anderson,F,2000-04-19,Australian,marcus52@example.com,001-991-237-2067x7309
3011,CUS0003011,David,Carr,M,1999-09-20,Australian,jonathanhansen@example.org,5754391919
3012,CUS0003012,Kelly,Sutton,F,2006-05-30,Australian,hicksjennifer@example.net,307-739-8485x50506
3013,CUS0003013,Anna,Miller,F,1978-08-08,Malaysian,stevenshaw@example.com,001-662-717-6272x43814
3014,CUS0003014,Jason,Petersen,M,1974-04-10,Indonesian,fletchermichele@example.net,+1-675-730-1446x338
3015,CUS0003015,Erika,Cook,F,1950-08-15,Indonesian,martinezdouglas@example.org,+1-588-248-1312x059
3016,CUS0003016,Kristen,Meyer,F,1998-11-18,Australian,andrewknight@example.org,+1-822-502-4176x6970
3017,CUS0003017,Melissa,Moore,F,1961-08-07,Indonesian,czimmerman@example.com,8004977354
3018,CUS0003018,Holly,Calderon,F,1974-03-20,Malaysian,crossdonald@example.org,(853)801-2534x364
3019,CUS0003019,Kevin,Marshall,M,1979-05-26,Australian,bwalters@example.com,903-414-8221x1945
3020,CUS0003020,Albert,Callahan,M,1975-11-30,Australian,tina21@example.com,001-585-855-0269x4505
3021,CUS0003021,Anthony,Moore,M,1988-07-16,Japanese,kimberly93@example.net,(388)266-8980
3022,CUS0003022,Jennifer,Gregory,F,2002-09-17,Singaporean,alyssamitchell@example.com,001-230-952-3614x1637
3023,CUS0003023,Margaret,Crawford,F,1968-02-19,Indonesian,paulawilliams@example.net,+1-950-329-4079x9397
3024,CUS0003024,Anthony,Baker,M,1975-07-15,Japanese,mayskelsey@example.org,001-954-324-8784x0414
3025,CUS0003025,Debbie,Frazier,F,2001-12-03,Singaporean,kfreeman@example.com,556-999-2291
3026,CUS0003026,Mark,Aguilar,M,1993-03-02,Australian,sandersalexandra@example.net,6479633099
3027,CUS0003027,Patricia,Carlson,F,1971-02-19,Indonesian,mckeedestiny@example.net,(384)827-6774
3028,CUS0003028,George,Osborne,M,1969-06-11,Indonesian,wmoss@example.com,+1-856-337-1643
3029,CUS0003029,Matthew,Mccarthy,M,1956-10-26,Japanese,xtrujillo@example.net,(424)717-1687x478
3030,CUS0003030,Jennifer,Wright,F,2000-03-19,Australian,glenmiller@example.org,302-688-3149
3031,CUS0003031,Billy,Miller,M,2000-11-08,Australian,brandonmiller@example.com,574-281-5796x1942
3032,CUS0003032,Cody,Jones,M,1967-12-03,Indonesian,linda82@example.com,001-570-880-7092x78574
3033,CUS0003033,Michael,Martin,M,1969-01-28,Australian,ericashelton@example.org,(469)215-4666
3034,CUS0003034,Karen,Hale,F,1989-04-19,Singaporean,yhernandez@example.org,001-518-970-8633x445
3035,CUS0003035,Theresa,Sawyer,F,1953-07-31,Australian,ashleyvaldez@example.net,685.669.8028
3036,CUS0003036,Aaron,Leblanc,M,1981-01-25,Japanese,robertanderson@example.com,+1-649-641-4790
3037,CUS0003037,Joy,Miller,F,1966-05-07,Australian,kschultz@example.com,+1-906-208-2382x0002
3038,CUS0003038,Jennifer,Olson,F,2004-04-22,Australian,conniehenderson@example.net,230-592-2221x28816
3039,CUS0003039,Robert,Flores,M,1986-11-27,Japanese,kimstein@example.net,(632)372-3442
3040,CUS0003040,Steven,Ibarra,M,2008-03-19,Indonesian,blackangela@example.net,+1-614-889-9482x23322
3041,CUS0003041,Nicole,Downs,F,1958-07-11,Australian,gmiller@example.net,786-432-1337
3042,CUS0003042,Bobby,Green,M,1995-06-12,Japanese,marcia47@example.org,(670)604-8997
3043,CUS0003043,Carmen,Thompson,F,1973-10-02,Malaysian,ngonzalez@example.com,885-208-3743x200
3044,CUS0003044,Sandra,Casey,F,1967-03-04,Australian,fowlershawn@example.org,(567)558-5987x71573
3045,CUS0003045,Gary,Walker,M,1964-10-24,Indonesian,lcannon@example.org,(638)994-0569
3046,CUS0003046,Jamie,Garcia,F,1992-01-14,Japanese,stevenrodgers@example.net,220-779-6248
3047,CUS0003047,Brooke,Baker,F,1959-06-08,Indonesian,hmurphy@example.com,001-737-720-1701x175
3048,CUS0003048,Melissa,Gibson,F,1970-06-03,Malaysian,hwright@example.org,(974)244-9989x07167
3049,CUS0003049,David,Patrick,M,1969-11-18,Singaporean,jefferyrhodes@example.org,7837341871
3050,CUS0003050,Richard,Smith,M,2005-06-11,Australian,christinalee@example.org,203.654.3137x31295
3051,CUS0003051,Juan,Robertson,M,2000-04-01,Malaysian,wiseamber@example.net,(499)573-2292x780
3052,CUS0003052,Sonya,Graves,F,1989-07-11,Indonesian,kclark@example.org,+1-306-820-4678x6303
3053,CUS0003053,Lauren,Gentry,F,2001-09-28,Australian,amy70@example.com,+1-369-286-4449x1185
3054,CUS0003054,Brian,Baker,M,1961-09-21,Australian,losborne@example.com,573-201-8087x25842
3055,CUS0003055,Carlos,Davidson,M,1982-09-29,Singaporean,toddescobar@example.com,(615)527-2311
3056,CUS0003056,Dustin,Chandler,M,1976-07-04,Singaporean,amberbutler@example.com,001-759-572-7771x98460
3057,CUS0003057,Michael,Turner,M,1977-03-18,Japanese,danielle74@example.org,+1-668-834-8698x716
3058,CUS0003058,Richard,Mendez,M,1988-11-01,Australian,hinestimothy@example.org,(905)539-0811x0007
3059,CUS0003059,Valerie,Wilson,F,2007-04-22,Indonesian,jessicaharris@example.net,319-587-0322x508
3060,CUS0003060,Crystal,Craig,F,1961-05-06,Australian,qkaufman@example.net,654-654-4727x8792
3061,CUS0003061,Rebecca,Velasquez,F,1999-12-30,Indonesian,enielsen@example.com,306-568-6799x4206
3062,CUS0003062,John,Lynch,M,1986-08-03,Malaysian,jamesbennett@example.net,(259)330-8787
3063,CUS0003063,Christopher,Mcgrath,M,1962-05-20,Malaysian,benderrachel@example.org,581-556-7102x62251
3064,CUS0003064,Evan,Anderson,M,2002-12-25,Australian,kelly72@example.net,(284)601-2520
3065,CUS0003065,David,Williams,M,1955-02-17,Singaporean,vincentsantos@example.org,479-666-6783x0317
3066,CUS0003066,Amber,Lynch,F,1982-10-04,Japanese,christopher76@example.net,+1-348-614-1967
3067,CUS0003067,Robert,Jones,M,1960-10-30,Japanese,hickstina@example.net,001-665-738-5194x0568
3068,CUS0003068,Mark,Gentry,M,2008-01-25,Indonesian,heatherbrown@example.org,4754287997
3069,CUS0003069,Scott,Oneal,M,1982-07-22,Singaporean,brandon25@example.net,712.727.2544
3070,CUS0003070,Lori,Wright,F,1951-04-22,Indonesian,iray@example.org,246-977-2396x77839
3071,CUS0003071,Emma,Miller,F,1964-02-10,Japanese,moralesherbert@example.com,+1-340-999-0737x229
3072,CUS0003072,James,Patel,M,1965-03-13,Singaporean,ojones@example.net,001-654-640-2919x56505
3073,CUS0003073,Benjamin,Fowler,M,1989-03-24,Indonesian,lindseymedina@example.com,001-860-522-9351x174
3074,CUS0003074,Jason,Sanchez,M,1987-03-01,Indonesian,belljon@example.org,804.335.1759x3172
3075,CUS0003075,Sheryl,Johnson,F,1996-03-19,Indonesian,mark31@example.com,996.712.6508x899
3076,CUS0003076,Yolanda,Wagner,F,1972-03-04,Japanese,pamgarza@example.net,988.616.6809x6511
3077,CUS0003077,Mathew,Thornton,M,1963-08-10,Japanese,christopherbowman@example.net,001-554-657-4770x60855
3078,CUS0003078,Joshua,Brooks,M,1978-07-31,Indonesian,karen32@example.com,001-354-711-5652x770
3079,CUS0003079,Robert,Galloway,M,1961-05-29,Australian,wmorales@example.net,001-481-280-5279
3080,CUS0003080,Andrew,Nguyen,M,1977-06-25,Indonesian,lisahenderson@example.com,001-760-566-4932x375
3081,CUS0003081,Jose,Harris,M,2004-12-21,Australian,jeremydavis@example.net,425.248.5928
3082,CUS0003082,Teresa,Roman,F,1979-08-19,Australian,qmorris@example.com,+1-271-509-0028x100
3083,CUS0003083,Stephanie,Adkins,F,1977-07-23,Indonesian,dsweeney@example.net,8884644991
3084,CUS0003084,Troy,Neal,M,2003-05-08,Malaysian,jreed@example.net,+1-742-550-1229x153
3085,CUS0003085,Jesus,Hatfield,M,1961-01-11,Indonesian,ljones@example.com,(261)962-4293x3801
3086,CUS0003086,Stephen,Williams,M,1980-03-27,Malaysian,swebster@example.com,(908)534-8649x1750
3087,CUS0003087,Brandon,Anderson,M,1964-05-04,Indonesian,dariusflores@example.net,349.276.2174
3088,CUS0003088,Sara,Levy,F,1965-06-14,Singaporean,tbailey@example.org,(448)966-8982x3973
3089,CUS0003089,Kendra,Johnson,F,2005-08-31,Singaporean,heather63@example.com,(750)412-1991x499
3090,CUS0003090,Erica,Dyer,F,1973-04-27,Japanese,joel01@example.net,(354)697-0594x4599
3091,CUS0003091,Erik,Townsend,M,1955-03-07,Australian,taylordanielle@example.org,287.207.1360x42121
3092,CUS0003092,Dustin,Weaver,M,1991-10-27,Japanese,fgomez@example.org,7848865425
3093,CUS0003093,Todd,Holmes,M,2005-09-14,Singaporean,ianwilliamson@example.net,+1-454-541-7105x6739
3094,CUS0003094,Michael,Stokes,M,1978-05-25,Japanese,owensalbert@example.com,987-723-5838x951
3095,CUS0003095,Madison,Brown,F,1982-01-05,Singaporean,tjohnson@example.net,707.562.7325
3096,CUS0003096,Joshua,Stevens,M,2000-01-21,Australian,jason32@example.net,(522)250-6348x3732
3097,CUS0003097,Benjamin,Huang,M,1978-05-09,Indonesian,roger50@example.org,209.354.1852x03971
3098,CUS0003098,Michael,Smith,M,2001-10-24,Singaporean,javier05@example.org,001-880-299-3409
3099,CUS0003099,Anthony,Rice,M,1983-02-09,Japanese,qgordon@example.net,(755)984-2252x7768
3100,CUS0003100,Gabriela,Steele,F,2007-08-28,Australian,larry29@example.org,675.401.9325x2674
3101,CUS0003101,Shannon,Hines,F,1962-03-05,Singaporean,colemanbrian@example.com,(638)414-9871
3102,CUS0003102,Paul,Simon,M,1998-01-22,Singaporean,elizabethbryant@example.com,593.812.4049x386
3103,CUS0003103,Bridget,Perez,F,1955-01-08,Japanese,wmorgan@example.org,873.747.7630
3104,CUS0003104,Vanessa,Kelly,F,1960-02-12,Australian,bkhan@example.com,769-391-5897x3037
3105,CUS0003105,Thomas,Caldwell,M,1996-06-04,Singaporean,dana29@example.net,001-736-887-6190x750
3106,CUS0003106,Blake,Spears,M,1974-01-07,Japanese,michael10@example.com,298-318-8696x1158
3107,CUS0003107,John,Gross,M,1980-03-23,Australian,brittanymckee@example.org,001-226-783-1562x4206
3108,CUS0003108,Mark,Madden,M,2003-05-05,Malaysian,powellkayla@example.com,(990)354-3526x82194
3109,CUS0003109,Lauren,Smith,F,1959-04-23,Australian,gilbertmccarthy@example.org,001-273-525-7592x123
3110,CUS0003110,Scott,Hicks,M,1988-10-02,Japanese,nguyenjennifer@example.org,372-810-4631
3111,CUS0003111,Philip,Cross,M,1951-06-30,Singaporean,knighttroy@example.org,(305)444-5931x813
3112,CUS0003112,Ian,Barrera,M,1950-08-21,Japanese,glee@example.org,(405)640-7647x186
3113,CUS0003113,Corey,Kelley,M,1957-12-04,Japanese,christopherrich@example.org,001-794-680-7207x84584
3114,CUS0003114,Amy,Anderson,F,1980-07-28,Japanese,rkrause@example.org,(418)906-6725
3115,CUS0003115,Kevin,Potter,M,2000-01-29,Australian,jonathan45@example.org,001-290-867-7421x083
3116,CUS0003116,Daniel,Hill,M,1963-12-31,Malaysian,rgarcia@example.net,942.457.5423x73534
3117,CUS0003117,William,Odom,M,1978-12-08,Singaporean,gabrielhurst@example.org,902-327-7469x03384
3118,CUS0003118,Daniel,Woods,M,1951-01-16,Singaporean,allison77@example.net,222-521-2004x02342
3119,CUS0003119,Courtney,Carey,F,1982-12-18,Australian,angelawatson@example.org,(800)621-5638x366
3120,CUS0003120,Mark,Lopez,M,1973-06-14,Singaporean,tcross@example.net,699-778-5134
3121,CUS0003121,Nicholas,Wright,M,1961-05-23,Indonesian,mjimenez@example.com,894-528-3188x86166
3122,CUS0003122,Dana,Evans,F,2004-05-09,Malaysian,morrisonconnor@example.com,001-316-382-4977x0549
3123,CUS0003123,Tim,Frederick,M,1968-02-18,Australian,acevedoroy@example.net,776-551-2674x907
3124,CUS0003124,Hannah,Gonzalez,F,1967-04-16,Malaysian,sharon62@example.net,434.495.6515
3125,CUS0003125,Michele,Mcclure,F,2007-12-16,Indonesian,wheelervanessa@example.com,(505)596-7656x1249
3126,CUS0003126,Raymond,Evans,M,1957-01-14,Indonesian,patrick96@example.net,001-538-792-5291x4937
3127,CUS0003127,Mark,Barrett,M,1992-02-13,Singaporean,stonejeffrey@example.net,868-967-4478
3128,CUS0003128,Curtis,Smith,M,1954-09-14,Australian,cantrellrichard@example.com,718-526-9718x701
3129,CUS0003129,Nathan,Hawkins,M,1981-11-08,Indonesian,stephanie05@example.com,791-399-9498
3130,CUS0003130,Ryan,Herman,M,1970-01-14,Australian,petercollins@example.org,540.945.1228x589
3131,CUS0003131,Amanda,Wilson,F,2000-12-22,Australian,michaelvega@example.org,689-810-0492
3132,CUS0003132,Andrew,Chang,M,1960-08-25,Malaysian,jordan99@example.net,+1-872-963-1508x1086
3133,CUS0003133,Ryan,Adams,M,1996-05-24,Indonesian,johoward@example.net,590.735.4064x282
3134,CUS0003134,Laura,Mason,F,2005-05-27,Singaporean,nross@example.net,486-548-4121
3135,CUS0003135,Douglas,Gray,M,1974-03-23,Singaporean,katherinewilliams@example.com,(872)335-2643
3136,CUS0003136,Ashley,Mathis,F,1985-08-30,Singaporean,ubrown@example.com,962-298-4754
3137,CUS0003137,Nancy,Brown,F,1979-09-13,Singaporean,robert46@example.net,+1-748-838-5601x668
3138,CUS0003138,Jesse,Glover,M,1986-03-28,Australian,jerry24@example.net,553.493.0361x999
3139,CUS0003139,Jamie,Smith,F,2003-10-16,Indonesian,ojoyce@example.com,001-374-923-6837x8037
3140,CUS0003140,Angel,Hamilton,F,1987-01-06,Singaporean,bryantstephanie@example.org,001-520-846-5456x566
3141,CUS0003141,Paul,Clark,M,1963-09-01,Japanese,clarkchristine@example.net,(923)404-2103
3142,CUS0003142,Stephanie,Turner,F,1986-12-11,Singaporean,thart@example.net,570.912.3357
3143,CUS0003143,Lori,Erickson,F,1974-01-04,Malaysian,millercaroline@example.net,+1-692-292-0133x70457
3144,CUS0003144,Matthew,Oneal,M,1953-10-02,Australian,mmccarthy@example.net,813-692-8236
3145,CUS0003145,Marcus,Payne,M,1960-06-13,Malaysian,fhoffman@example.org,+1-900-533-8336
3146,CUS0003146,Terry,Sullivan,F,1970-10-03,Singaporean,campbellemily@example.org,+1-845-661-5818x110
3147,CUS0003147,Mary,Hernandez,F,2004-05-15,Singaporean,frankyoung@example.net,+1-378-295-8932x010
3148,CUS0003148,John,Hall,M,1999-11-21,Japanese,desireemacias@example.net,547.683.0194x4108
3149,CUS0003149,Philip,Adams,M,1960-09-13,Malaysian,john42@example.com,+1-541-478-5847x702
3150,CUS0003150,Jonathon,Bowman,M,1955-12-13,Indonesian,morrisonneil@example.org,+1-210-443-9792x341
3151,CUS0003151,Victoria,Turner,F,1974-02-02,Australian,morrisgloria@example.org,906-926-8441
3152,CUS0003152,Rachel,Flowers,F,1987-02-21,Singaporean,emiller@example.com,+1-387-229-6204x2975
3153,CUS0003153,Tiffany,Barker,F,1971-05-25,Singaporean,williamsanthony@example.net,(359)923-0651
3154,CUS0003154,Jennifer,Martin,F,2007-06-29,Japanese,paula52@example.net,600.749.6054x69050
3155,CUS0003155,Matthew,Miller,M,2001-04-22,Japanese,rochadavid@example.org,001-447-430-8788x75263
3156,CUS0003156,Shane,Boyd,M,1967-09-14,Japanese,darrell33@example.com,+1-202-410-3770
3157,CUS0003157,David,Lewis,M,1987-04-30,Indonesian,jamesballard@example.org,(227)641-5708x83286
3158,CUS0003158,Anne,Garcia,F,1965-09-09,Japanese,mary34@example.net,889-624-5574
3159,CUS0003159,Miranda,Gonzalez,F,1966-02-01,Singaporean,nelsonallen@example.org,+1-458-718-1585x35062
3160,CUS0003160,Tiffany,Nichols,F,1952-09-01,Australian,cheryl94@example.org,833.731.2938x655
3161,CUS0003161,Sharon,Brown,F,1961-01-12,Indonesian,alecschmidt@example.com,384.579.2795
3162,CUS0003162,Shannon,Sosa,F,2000-12-16,Singaporean,randy18@example.org,+1-559-614-6120x14079
3163,CUS0003163,Albert,Cole,M,1980-08-31,Malaysian,solisdenise@example.net,8105831734
3164,CUS0003164,Carrie,Richardson,F,1965-06-21,Japanese,melissahartman@example.com,417.652.8612
3165,CUS0003165,Zachary,Hurst,M,1994-01-07,Japanese,johnsonlawrence@example.org,658.218.3500x2287
3166,CUS0003166,William,Moreno,M,1983-10-23,Japanese,tina78@example.net,623-451-8026x421
3167,CUS0003167,Seth,Fletcher,M,1970-08-08,Australian,hughesjesse@example.net,447-279-2796x939
3168,CUS0003168,Gregory,Poole,M,2007-04-09,Indonesian,joyce70@example.com,(433)804-3494x815
3169,CUS0003169,Kelli,Carter,F,1965-05-26,Japanese,emilyknox@example.org,340-229-0300
3170,CUS0003170,Daniel,Davis,M,1958-04-20,Australian,alexander55@example.net,286.721.6348x443
3171,CUS0003171,Cindy,House,F,2001-08-14,Australian,wcompton@example.org,723.282.8881x61371
3172,CUS0003172,John,Moody,M,2006-02-01,Australian,reginamartinez@example.com,855.542.8468
3173,CUS0003173,Paige,Welch,F,2003-03-08,Singaporean,nthompson@example.org,683.522.7049
3174,CUS0003174,Shawn,Taylor,M,1997-08-25,Japanese,anthony65@example.com,+1-559-524-5802
3175,CUS0003175,Bryan,Romero,M,1984-09-19,Australian,deborah80@example.com,001-614-638-8273x7490
3176,CUS0003176,Jonathan,Davis,M,1994-01-14,Singaporean,bowenmargaret@example.org,506-521-4613x3547
3177,CUS0003177,Kaitlyn,Jackson,F,2002-08-18,Malaysian,marc63@example.com,+1-481-441-5771x8074
3178,CUS0003178,Paul,Brewer,M,1963-03-23,Indonesian,igutierrez@example.net,+1-651-741-9082x7457
3179,CUS0003179,Jason,Gates,M,1989-12-19,Australian,wendysmith@example.com,937.336.4353
3180,CUS0003180,Catherine,Carter,F,1966-12-30,Singaporean,porterdeborah@example.org,+1-358-230-4286x323
3181,CUS0003181,Cassandra,Howard,F,1972-02-27,Japanese,qcampbell@example.net,593-666-7352x1608
3182,CUS0003182,Angel,Buck,M,1984-12-07,Australian,xballard@example.org,+1-539-734-9647x935
3183,CUS0003183,Shawna,Martin,F,1957-07-21,Singaporean,kelly62@example.com,318.389.2670x136
3184,CUS0003184,Jennifer,Gonzales,F,1963-01-29,Singaporean,daviddoyle@example.com,+1-775-594-1447x7204
3185,CUS0003185,Stephanie,Mccann,F,1980-07-02,Australian,dchapman@example.net,862-276-2439
3186,CUS0003186,Paul,Walker,M,1953-01-08,Indonesian,llawrence@example.org,001-438-391-7873x563
3187,CUS0003187,Ashley,Herring,F,1988-02-07,Malaysian,harmondonald@example.net,001-987-573-5105
3188,CUS0003188,Edwin,Norman,M,1978-06-05,Malaysian,linda00@example.net,479-247-9293x6166
3189,CUS0003189,Kimberly,Berry,F,1959-06-06,Malaysian,yfernandez@example.org,+1-567-876-3966x3527
3190,CUS0003190,Adam,Tyler,M,1981-03-18,Indonesian,micheal40@example.net,+1-341-338-3890
3191,CUS0003191,Julia,Moon,F,2004-05-31,Indonesian,adamduke@example.net,890.377.9886x1825
3192,CUS0003192,Jennifer,Green,F,1962-01-14,Indonesian,andersonsandra@example.org,(722)344-6616
3193,CUS0003193,John,Carey,M,1988-08-09,Australian,lsanders@example.com,(670)243-8833x923
3194,CUS0003194,Lisa,Joseph,F,1963-02-19,Australian,ewu@example.com,(649)285-7742x7359
3195,CUS0003195,Michael,Frazier,M,1981-06-30,Malaysian,sharpsarah@example.com,920.692.6465x296
3196,CUS0003196,Stephanie,Rodriguez,F,1991-07-06,Singaporean,milesrobert@example.org,231.400.1797x7660
3197,CUS0003197,Christopher,Johnson,M,1967-05-28,Japanese,iparker@example.org,722.835.5220x94124
3198,CUS0003198,Cody,Garrett,M,1960-06-16,Singaporean,jacksonjonathan@example.net,6947113965
3199,CUS0003199,Caitlin,Neal,F,1957-01-12,Singaporean,ufrank@example.com,001-498-936-4950x926
3200,CUS0003200,Jacob,Kaufman,M,1960-10-12,Australian,schmittelizabeth@example.org,001-714-630-6143x288
3201,CUS0003201,Jesse,Greene,M,1990-01-25,Singaporean,perrybarbara@example.net,+1-618-692-3710
3202,CUS0003202,Laura,Simpson,F,1995-02-04,Malaysian,walkerrobert@example.com,+1-290-568-8785
3203,CUS0003203,Linda,Thomas,F,2004-12-26,Japanese,eflynn@example.net,7535875189
3204,CUS0003204,Monica,King,F,1962-09-05,Malaysian,ddavidson@example.org,001-377-633-8004
3205,CUS0003205,Michael,Hess,M,1961-08-15,Indonesian,pdaniel@example.net,841-404-2320x0865
3206,CUS0003206,Melissa,Benson,F,1965-08-01,Malaysian,anna81@example.net,942.711.4746
3207,CUS0003207,Shannon,Tucker,F,1961-11-22,Australian,christopher41@example.com,(617)931-2432x19792
3208,CUS0003208,Robert,Graves,M,1958-03-01,Australian,ohill@example.com,+1-630-205-6841x7273
3209,CUS0003209,Jeanne,Copeland,F,1983-10-07,Australian,jose32@example.com,501.250.8922
3210,CUS0003210,Leslie,Thomas,F,2002-06-08,Indonesian,jamiemarshall@example.com,+1-450-938-6072x94306
3211,CUS0003211,Cody,Hill,M,1958-10-19,Australian,ashleymckenzie@example.net,228.455.8679x316
3212,CUS0003212,John,Coleman,M,2000-01-22,Indonesian,amanda76@example.com,001-261-728-0695x5211
3213,CUS0003213,Christy,Sanders,F,1957-11-16,Singaporean,patrick67@example.net,+1-459-471-3411
3214,CUS0003214,Lynn,Cohen,F,1985-10-04,Indonesian,smithgary@example.org,+1-652-747-9655
3215,CUS0003215,Andrew,Mason,M,1972-05-19,Singaporean,amber59@example.net,+1-606-690-4398x7888
3216,CUS0003216,Patricia,Kirk,F,1977-04-25,Indonesian,thomaspaul@example.org,001-259-440-5219
3217,CUS0003217,Thomas,Pope,M,1984-03-21,Australian,djimenez@example.net,715.430.2933x36770
3218,CUS0003218,Justin,Lane,M,1974-06-12,Singaporean,ambergarcia@example.org,001-679-213-2533x258
3219,CUS0003219,Eric,Miller,M,1962-02-26,Malaysian,ihill@example.org,(211)454-4485
3220,CUS0003220,Megan,Avila,F,1997-11-26,Japanese,smithhayley@example.com,+1-910-571-3779
3221,CUS0003221,Adrian,Harvey,M,1993-04-25,Australian,shelby46@example.org,637.220.4032x404
3222,CUS0003222,Ashley,Jones,F,1988-03-19,Australian,stephanie34@example.org,(414)855-0129x0431
3223,CUS0003223,Kimberly,Coleman,F,1981-07-05,Indonesian,sreed@example.com,+1-883-763-3209x481
3224,CUS0003224,Cheryl,Henson,F,1989-10-09,Singaporean,wattsthomas@example.org,546-418-7027
3225,CUS0003225,Derek,Price,M,1987-01-07,Indonesian,christophercosta@example.com,825-808-8232x439
3226,CUS0003226,Samuel,Sharp,M,1999-04-19,Japanese,fbyrd@example.org,(337)524-9292
3227,CUS0003227,Crystal,Torres,F,1950-10-04,Australian,zjones@example.net,+1-746-805-6927x450
3228,CUS0003228,Lisa,Wade,F,1961-10-27,Malaysian,bmiller@example.net,001-213-443-8125
3229,CUS0003229,Erica,Myers,F,1956-01-26,Japanese,bnelson@example.org,840-342-4142x6562
3230,CUS0003230,Shelby,Brown,F,1977-11-17,Australian,john07@example.org,976-660-5313x9783
3231,CUS0003231,Karen,James,F,1999-07-06,Japanese,trevorluna@example.org,424-427-8412x8761
3232,CUS0003232,Jeffery,Garcia,M,1969-06-03,Malaysian,kwest@example.net,381-294-0681x2756
3233,CUS0003233,Edward,Johnson,M,1979-05-06,Malaysian,mwhitaker@example.org,786-884-8106x24716
3234,CUS0003234,Luis,Fuller,M,2001-11-19,Australian,estafford@example.org,8546152807
3235,CUS0003235,Julie,Webb,F,1958-02-15,Malaysian,ybautista@example.org,7235362706
3236,CUS0003236,Michael,Jones,M,2005-09-05,Singaporean,vfernandez@example.com,001-723-854-3512x904
3237,CUS0003237,Colleen,Arnold,F,2007-06-26,Malaysian,devin05@example.org,7452106660
3238,CUS0003238,Lauren,Carroll,F,1994-01-14,Singaporean,jason81@example.com,883.222.5702x11686
3239,CUS0003239,Christopher,Ryan,M,1995-10-18,Japanese,aliciaphelps@example.com,+1-689-565-6917x815
3240,CUS0003240,Tracy,Pratt,F,2000-10-11,Singaporean,stewartangela@example.org,(464)849-3474x3034
3241,CUS0003241,Tommy,Owens,M,2001-03-29,Singaporean,lisa66@example.net,815-656-8160
3242,CUS0003242,Michael,Wood,M,1985-03-12,Singaporean,aatkinson@example.org,001-217-482-9614x73074
3243,CUS0003243,Jesus,Jimenez,M,1998-11-21,Indonesian,shirleyorr@example.org,7194969946
3244,CUS0003244,Ashley,Carter,F,1975-09-14,Japanese,ledwards@example.net,+1-584-238-6844
3245,CUS0003245,Michael,Andrade,M,1969-01-06,Australian,bryannathaniel@example.net,(457)338-1567x997
3246,CUS0003246,Hailey,Coleman,F,1963-03-13,Malaysian,martinezkristine@example.org,(976)539-1694
3247,CUS0003247,William,Short,M,1981-01-27,Singaporean,rmills@example.net,(259)864-7181x7534
3248,CUS0003248,Brian,Schultz,M,1993-11-12,Malaysian,wbarton@example.org,275-463-4406
3249,CUS0003249,Bailey,Chapman,F,1976-06-12,Singaporean,ryanperry@example.com,827.483.3226x3731
3250,CUS0003250,Elizabeth,Fisher,F,1984-06-05,Australian,websterpaige@example.org,(978)297-2671x56914
3251,CUS0003251,Benjamin,Montgomery,M,1987-05-08,Japanese,stephaniesaunders@example.net,001-845-841-6460x71500
3252,CUS0003252,Hannah,Martin,F,1972-12-17,Indonesian,brendangreen@example.com,786.985.9222x2006
3253,CUS0003253,Matthew,Torres,M,1958-03-30,Australian,joseph01@example.net,+1-803-842-0687x21704
3254,CUS0003254,Kelly,Kennedy,F,2004-03-27,Singaporean,haleylinda@example.net,+1-917-396-2116
3255,CUS0003255,Bridget,Williams,F,1976-11-26,Malaysian,william65@example.net,+1-480-416-6581x366
3256,CUS0003256,Philip,Hernandez,M,2007-05-03,Indonesian,danielsmichelle@example.net,5216305096
3257,CUS0003257,Kari,Lee,F,1970-06-12,Malaysian,nealrandy@example.net,001-382-947-4079x43444
3258,CUS0003258,Samantha,Bennett,F,2008-02-01,Malaysian,mdavis@example.com,(213)323-9295
3259,CUS0003259,Thomas,Bean,M,1990-05-11,Japanese,fpatrick@example.org,001-732-316-5808x72670
3260,CUS0003260,Monica,Harvey,F,2007-11-24,Malaysian,sarahbrown@example.org,658-416-7291x930
3261,CUS0003261,Richard,Johnson,M,1988-08-05,Australian,brenda52@example.com,411.487.6567
3262,CUS0003262,Donald,Moore,M,1976-11-26,Singaporean,jessica38@example.com,401-695-9922
3263,CUS0003263,Kevin,Vaughn,M,1968-11-10,Malaysian,latasha40@example.net,001-666-815-9222x0976
3264,CUS0003264,Austin,Lopez,M,1988-07-23,Australian,michaelbeard@example.net,001-614-732-1172
3265,CUS0003265,James,Brown,M,1973-10-22,Australian,huntbrian@example.net,3865178087
3266,CUS0003266,Gina,Ali,F,1999-04-15,Indonesian,scott32@example.com,(705)470-3659
3267,CUS0003267,Emily,Johnson,F,1999-12-02,Indonesian,kristinemendoza@example.net,001-492-390-4699x8117
3268,CUS0003268,Matthew,Perez,M,1953-11-17,Japanese,jacquelineramsey@example.com,816.472.7022x4102
3269,CUS0003269,Brent,Nichols,M,1951-04-19,Malaysian,marysmith@example.net,743-519-3841
3270,CUS0003270,William,Byrd,M,1998-06-29,Indonesian,jerryolson@example.org,439-972-9887
3271,CUS0003271,Timothy,Jones,M,2001-04-23,Japanese,turnermelissa@example.net,968.909.0077x9642
3272,CUS0003272,Nancy,Obrien,F,1981-11-14,Indonesian,edward39@example.net,638-654-1317
3273,CUS0003273,Kimberly,Schneider,F,2005-06-04,Singaporean,popemichael@example.com,(733)744-0258
3274,CUS0003274,Suzanne,Smith,F,1986-02-13,Malaysian,cynthiagarcia@example.org,8876485315
3275,CUS0003275,Michael,Sanders,M,1951-02-25,Malaysian,vbecker@example.com,577.453.8817x6835
3276,CUS0003276,Denise,Warren,F,2005-05-12,Singaporean,smithsamantha@example.org,(321)798-9744x69316
3277,CUS0003277,Megan,Jones,F,1969-12-16,Malaysian,reevesandrew@example.org,+1-844-351-9649x2306
3278,CUS0003278,Sarah,Duffy,F,1951-04-29,Malaysian,mendozajoseph@example.net,925-524-6719x3064
3279,CUS0003279,Michael,Johnson,M,1986-05-25,Malaysian,vgomez@example.net,+1-598-332-4359x5133
3280,CUS0003280,Stephanie,Fitzpatrick,F,2000-12-10,Malaysian,rebecca32@example.org,(946)593-5516
3281,CUS0003281,Mary,Crawford,F,2006-06-15,Australian,kolson@example.org,839-771-8884x2716
3282,CUS0003282,Jason,Hickman,M,1974-11-07,Singaporean,kristinetrevino@example.org,840.834.7696x45440
3283,CUS0003283,Kelly,Wheeler,F,1999-11-29,Australian,edward32@example.net,969.430.8011
3284,CUS0003284,Ashley,Lopez,F,1987-05-20,Malaysian,jessicamora@example.org,001-205-365-7238x616
3285,CUS0003285,Joshua,Jordan,M,1989-12-21,Australian,hensonjohn@example.net,001-664-906-9580x51840
3286,CUS0003286,Susan,Allen,F,1952-10-31,Singaporean,lindseyhunt@example.net,597-541-6322x8556
3287,CUS0003287,Jay,Petersen,M,1995-07-21,Singaporean,finleynancy@example.org,221-779-2118x28913
3288,CUS0003288,Benjamin,Moore,M,1956-03-28,Malaysian,belldanielle@example.org,679-960-5623x309
3289,CUS0003289,Laura,Durham,F,1981-01-15,Japanese,havery@example.com,001-543-946-4582x9546
3290,CUS0003290,Christine,Robinson,F,1951-01-25,Indonesian,walkeradam@example.com,266-323-4253
3291,CUS0003291,Susan,Schultz,F,2005-05-05,Indonesian,watkinsalexander@example.org,312-995-2078
3292,CUS0003292,Nicholas,Carter,M,1971-01-14,Australian,abailey@example.net,970.770.4373
3293,CUS0003293,Angela,Young,F,1966-09-08,Australian,michael46@example.net,(222)984-7660
3294,CUS0003294,Eric,Meadows,M,2003-03-18,Japanese,johnstonrobin@example.org,+1-726-619-3581x5141
3295,CUS0003295,Amy,Collins,F,1985-01-26,Japanese,arogers@example.net,769-754-4956x977
3296,CUS0003296,Jeffrey,Humphrey,M,1954-12-02,Singaporean,johnsmith@example.org,001-652-429-0401x50762
3297,CUS0003297,Alexander,Hernandez,M,1957-10-29,Australian,ltaylor@example.org,001-643-342-2082
3298,CUS0003298,Megan,Kelley,F,1974-11-09,Japanese,gbryant@example.com,541.737.2307
3299,CUS0003299,Katherine,Walsh,F,1976-12-12,Indonesian,masonsteven@example.net,789.353.5258x5355
3300,CUS0003300,Emily,Garcia,F,1970-03-26,Japanese,robertbrown@example.org,+1-872-243-0884
3301,CUS0003301,Jessica,Baker,F,1958-06-25,Australian,kevin25@example.net,001-309-769-3375x790
3302,CUS0003302,Tina,Krueger,F,1986-05-28,Singaporean,parrishjames@example.com,645.945.0529x65370
3303,CUS0003303,Jason,Shaw,M,1954-08-01,Indonesian,stacey68@example.org,905-218-3440x27554
3304,CUS0003304,Caleb,Hill,M,1990-07-05,Malaysian,andrew36@example.net,268.634.0211
3305,CUS0003305,Haley,Goodwin,F,1985-10-01,Australian,burtonmartha@example.net,860-565-3493x0966
3306,CUS0003306,Eric,Martinez,M,1975-12-24,Malaysian,brooksmarcus@example.com,490.545.5436
3307,CUS0003307,Cheryl,Burke,F,1993-01-20,Singaporean,charlesmoore@example.org,001-208-211-0387x738
3308,CUS0003308,Theresa,Yang,F,2003-08-24,Singaporean,trevinohayley@example.net,001-270-566-6884x33165
3309,CUS0003309,Danny,Patel,M,1995-07-27,Indonesian,tracykramer@example.net,001-601-940-5439x3469
3310,CUS0003310,Mary,Robertson,F,1969-07-30,Australian,brittanycabrera@example.com,(658)801-5358
3311,CUS0003311,Christian,Smith,M,1964-04-23,Japanese,maryjohnson@example.org,592-768-6017
3312,CUS0003312,Erica,Diaz,F,1974-06-24,Japanese,reedconnie@example.org,001-876-914-2662x443
3313,CUS0003313,Karen,Mccarthy,F,2006-09-09,Japanese,crystal11@example.org,700.826.4913x59748
3314,CUS0003314,Deborah,Watson,F,1983-11-08,Malaysian,julie17@example.com,001-991-505-3725x65633
3315,CUS0003315,Tina,Lee,F,1971-04-25,Indonesian,williamsonanthony@example.org,8242201277
3316,CUS0003316,Jasmine,Sanders,F,1959-06-09,Japanese,elizabeth57@example.net,444.911.2848x4217
3317,CUS0003317,David,Mccullough,M,1993-05-10,Malaysian,christianmckinney@example.com,3478891367
3318,CUS0003318,Benjamin,Butler,M,1970-06-11,Japanese,chenpatrick@example.org,001-982-579-4145x509
3319,CUS0003319,Shane,Clark,M,1953-07-10,Singaporean,gwilliams@example.org,001-542-698-5270x497
3320,CUS0003320,Elizabeth,Torres,F,2006-08-15,Australian,zkoch@example.net,264-374-9659x1311
3321,CUS0003321,Travis,Watson,M,2007-05-21,Malaysian,jenniferirwin@example.net,815.295.8812x36886
3322,CUS0003322,Jordan,Tran,M,1962-03-04,Indonesian,eddiemcmillan@example.org,639-752-2549
3323,CUS0003323,Joanna,Clark,F,1982-05-10,Malaysian,ggardner@example.org,332-647-0730
3324,CUS0003324,Angela,White,F,1965-07-23,Malaysian,rhoward@example.net,845-717-3301x65487
3325,CUS0003325,Jerry,Davis,M,2007-03-04,Malaysian,jill16@example.com,(251)372-8642x136
3326,CUS0003326,Karen,Davis,F,1983-04-24,Japanese,nicholethompson@example.net,(394)853-1965
3327,CUS0003327,Douglas,Roberts,M,2006-09-04,Japanese,kelleyalexis@example.com,900-885-3809x420
3328,CUS0003328,Michael,Horton,M,1990-08-17,Singaporean,valenciachristina@example.net,+1-996-259-1311
3329,CUS0003329,William,Alvarado,M,1986-01-05,Japanese,estone@example.com,849.816.7165x670
3330,CUS0003330,Johnathan,Greer,M,1986-10-19,Japanese,david68@example.org,6382528579
3331,CUS0003331,Andrea,Callahan,F,1970-01-09,Malaysian,estradashelby@example.com,598.651.1881x16787
3332,CUS0003332,Kayla,Brown,F,2003-02-10,Malaysian,darryl49@example.com,(675)471-6954x02313
3333,CUS0003333,Melissa,Castro,F,1992-02-10,Indonesian,wmatthews@example.com,639-757-0016
3334,CUS0003334,Ana,Thomas,F,2000-03-25,Singaporean,nicole02@example.org,278.893.0381x47604
3335,CUS0003335,Shannon,Mcdowell,M,2000-07-31,Singaporean,kthomas@example.org,(259)753-7621
3336,CUS0003336,Christina,Baldwin,F,1959-03-15,Malaysian,zpham@example.org,(767)554-9059x73037
3337,CUS0003337,Kaitlyn,Scott,F,2004-01-17,Australian,vaughankatrina@example.net,906.282.9481
3338,CUS0003338,Diana,Riley,F,1978-12-16,Singaporean,thernandez@example.org,691.991.6379x800
3339,CUS0003339,Charles,Jackson,M,2000-01-08,Singaporean,veronicalane@example.net,508.377.0152x4244
3340,CUS0003340,Andrew,Friedman,M,1992-08-17,Japanese,lisadavis@example.org,(574)300-9254x2709
3341,CUS0003341,Michael,Palmer,M,1958-09-11,Singaporean,youngjoshua@example.org,414.988.3054x508
3342,CUS0003342,Mark,Jennings,M,1991-02-28,Australian,jstone@example.org,+1-574-488-4674x822
3343,CUS0003343,Rachel,Ross,F,1967-09-05,Indonesian,lisasmith@example.com,871-874-2658x840
3344,CUS0003344,Riley,Gaines,M,1968-10-05,Singaporean,anthony16@example.net,2129418116
3345,CUS0003345,James,Singh,M,1951-12-17,Australian,ubishop@example.org,(621)368-4720x20631
3346,CUS0003346,Renee,Hardin,F,1959-04-18,Malaysian,jonathan29@example.com,001-440-656-8642x9617
3347,CUS0003347,Raven,Malone,F,2003-07-26,Singaporean,lindaleonard@example.org,689.670.6044x62037
3348,CUS0003348,Monique,Alvarez,F,1989-08-23,Japanese,estradaerin@example.org,821-842-1140x7813
3349,CUS0003349,Samantha,Harper,F,2006-08-06,Singaporean,simpsonjames@example.org,001-942-271-3424
3350,CUS0003350,Jennifer,Yoder,F,1995-09-06,Indonesian,davidanderson@example.net,316.640.0489x524
3351,CUS0003351,Daniel,Campbell,M,2007-01-16,Singaporean,roy66@example.org,+1-971-780-1206x335
3352,CUS0003352,Mark,Salazar,M,1982-11-14,Singaporean,carla56@example.com,(564)666-7667x491
3353,CUS0003353,Michael,Garcia,M,1990-02-24,Malaysian,regina32@example.com,001-822-316-4532x44214
3354,CUS0003354,Adam,Campbell,M,1985-05-08,Singaporean,leslieoliver@example.org,381-598-3651x46905
3355,CUS0003355,John,Gomez,M,1992-07-19,Indonesian,cray@example.org,278-534-1080x75095
3356,CUS0003356,Yvonne,Nelson,F,1975-09-27,Indonesian,clarkrussell@example.com,7292422085
3357,CUS0003357,Tommy,Ewing,M,1957-03-05,Indonesian,laurawolfe@example.org,(959)359-9592x419
3358,CUS0003358,Jessica,Morgan,F,2004-12-11,Australian,nicholaswilliams@example.net,417-703-2803
3359,CUS0003359,Curtis,Gonzalez,M,1955-03-19,Singaporean,joseph91@example.com,001-321-365-1481
3360,CUS0003360,Sean,Heath,M,1978-03-10,Indonesian,yclements@example.org,673-770-2153
3361,CUS0003361,Andrew,Harris,M,1972-07-24,Australian,omcintosh@example.org,612.813.1243
3362,CUS0003362,James,Price,M,2006-10-02,Malaysian,choisandra@example.com,(215)339-4406
3363,CUS0003363,Ryan,Carter,M,1999-12-04,Indonesian,dominguezalbert@example.net,+1-549-884-4753
3364,CUS0003364,Susan,Johnson,F,1970-07-21,Indonesian,morsemelissa@example.org,(233)236-9417x518
3365,CUS0003365,Jerry,Bailey,M,1975-05-28,Indonesian,matthewmurphy@example.net,001-238-768-6123x5879
3366,CUS0003366,Aaron,Burnett,M,1953-03-31,Japanese,olsondavid@example.com,+1-485-863-6667x31396
3367,CUS0003367,David,Gardner,M,1981-08-15,Singaporean,kyle01@example.net,521-643-5939
3368,CUS0003368,Candace,Wallace,F,1961-12-22,Indonesian,reneepatel@example.net,456-959-6040
3369,CUS0003369,Douglas,Stevens,M,1951-08-31,Singaporean,framirez@example.org,657.482.9924
3370,CUS0003370,Crystal,Nguyen,F,1953-06-01,Japanese,tpayne@example.org,001-593-393-9606x26382
3371,CUS0003371,Linda,Richards,F,1982-05-25,Malaysian,yramirez@example.com,(960)631-8686x592
3372,CUS0003372,Timothy,Wilson,M,1993-05-08,Japanese,catherinegutierrez@example.com,682-377-1959x1199
3373,CUS0003373,Ronald,Perez,M,1970-08-22,Japanese,erin72@example.net,918-284-4014
3374,CUS0003374,Justin,Faulkner,M,1956-05-20,Indonesian,prodriguez@example.org,(688)728-4427x180
3375,CUS0003375,Gabriel,Mcconnell,M,1962-05-10,Japanese,darrell17@example.com,001-947-256-3651x83704
3376,CUS0003376,Michael,Lee,M,1981-03-26,Singaporean,riosfrank@example.org,(782)312-0358x1397
3377,CUS0003377,Lisa,Mathews,F,1996-10-23,Singaporean,swalters@example.com,(324)705-5897x235
3378,CUS0003378,Reginald,Howard,M,2008-03-04,Indonesian,carolinecarr@example.com,7256984585
3379,CUS0003379,Chad,Skinner,M,1972-04-07,Japanese,jessica87@example.org,001-512-798-9673
3380,CUS0003380,Megan,Mcdaniel,F,1981-06-03,Malaysian,anthonyross@example.org,(730)901-7195
3381,CUS0003381,Robert,Lopez,M,1990-11-30,Australian,debra16@example.com,(915)667-4863
3382,CUS0003382,Robert,Williams,M,1994-02-23,Singaporean,lewisphillip@example.net,(302)868-7175x84053
3383,CUS0003383,Evelyn,Nguyen,F,1963-01-29,Australian,hmyers@example.com,(274)760-0341
3384,CUS0003384,Sharon,Dunlap,F,1988-04-19,Singaporean,lindahayes@example.org,(217)919-9497x450
3385,CUS0003385,Anthony,Adams,M,1995-05-17,Australian,brent71@example.net,(753)446-1155
3386,CUS0003386,Ruben,Green,M,1952-06-11,Malaysian,staceycastro@example.net,001-720-515-8113x0839
3387,CUS0003387,Brian,Tate,M,1993-10-14,Australian,cynthia15@example.org,(934)350-8960
3388,CUS0003388,Tanner,Trevino,M,1983-08-15,Japanese,dreyes@example.org,+1-380-560-6050x64051
3389,CUS0003389,Christopher,Blair,M,1951-11-22,Australian,hopkinsjessica@example.org,590.443.8935x317
3390,CUS0003390,Sharon,Hamilton,F,1974-04-10,Malaysian,eric41@example.org,441.848.1268
3391,CUS0003391,Jacob,Dominguez,M,1972-09-17,Indonesian,thomasherrera@example.net,+1-696-988-5606x9456
3392,CUS0003392,Amber,Lawson,F,1965-01-15,Australian,harveytravis@example.net,001-665-691-2394
3393,CUS0003393,Luis,Smith,M,1994-10-10,Australian,mark84@example.com,+1-402-830-7714x650
3394,CUS0003394,Alexis,Jones,F,1955-08-02,Australian,seanconley@example.org,2813898137
3395,CUS0003395,Ashley,Mitchell,F,1950-08-14,Australian,joshua44@example.com,725.367.2119
3396,CUS0003396,Tyler,Miller,M,1989-01-24,Japanese,michael26@example.com,001-982-816-5514x62000
3397,CUS0003397,Elizabeth,Cobb,F,1971-05-17,Malaysian,stephengriffin@example.org,(585)756-9314
3398,CUS0003398,Donna,Hansen,F,1999-07-18,Singaporean,griffithtravis@example.org,361.299.0377x731
3399,CUS0003399,Ricky,Meyers,M,1972-02-08,Australian,kimberlyterrell@example.com,001-633-658-5151
3400,CUS0003400,Amanda,Smith,F,1968-05-31,Singaporean,epitts@example.org,497.398.8118
3401,CUS0003401,Peter,Goodman,M,1953-08-04,Australian,xgray@example.net,4597558704
3402,CUS0003402,Daniel,Kim,M,1982-04-11,Australian,awatkins@example.com,001-932-554-9660x702
3403,CUS0003403,Tiffany,Flynn,F,2007-07-01,Japanese,jasonjohnson@example.com,421-966-2966
3404,CUS0003404,Darryl,Jackson,M,1988-10-04,Indonesian,valdezjoseph@example.com,+1-754-546-0688
3405,CUS0003405,William,Jones,M,1955-08-24,Australian,jacobjohnson@example.com,221-679-5348x5645
3406,CUS0003406,Emily,Jackson,F,1952-01-31,Japanese,gail41@example.com,216.564.1700
3407,CUS0003407,Daniel,Willis,M,1967-11-26,Singaporean,ibaker@example.org,(706)860-5808
3408,CUS0003408,Kevin,Smith,M,1959-05-13,Malaysian,burtonbrett@example.net,407.424.2075x30877
3409,CUS0003409,James,George,M,2003-02-15,Malaysian,ogalvan@example.com,+1-758-660-1500x858
3410,CUS0003410,Kenneth,Joseph,M,1997-05-02,Japanese,bbell@example.com,001-821-327-1952
3411,CUS0003411,Karen,Palmer,F,1982-05-27,Indonesian,waderussell@example.org,001-572-501-6485x471
3412,CUS0003412,Cesar,Nguyen,M,1956-08-17,Australian,jclark@example.org,300.743.6256
3413,CUS0003413,Danielle,Burgess,F,1999-11-26,Malaysian,adrianhawkins@example.org,+1-376-224-0466
3414,CUS0003414,Sara,Johnson,F,1997-02-08,Australian,armstrongjulia@example.org,(318)693-2986x5366
3415,CUS0003415,Heather,Santiago,F,1988-01-21,Australian,hoffmanangie@example.org,674.436.1251
3416,CUS0003416,Norma,Keller,F,1999-03-02,Australian,hgolden@example.net,+1-912-541-5212x19338
3417,CUS0003417,Alicia,Vega,F,1953-01-16,Singaporean,debramontoya@example.net,001-879-657-3775
3418,CUS0003418,Maria,Smith,F,1990-07-25,Indonesian,mitchell07@example.org,001-259-640-3764x94133
3419,CUS0003419,Nicholas,Ward,M,1998-12-27,Malaysian,mackenziemorris@example.net,001-442-728-5141x363
3420,CUS0003420,Sierra,Rice,F,1979-09-26,Australian,youngjessica@example.net,505.961.3111
3421,CUS0003421,Charles,Clark,M,2006-12-08,Singaporean,sharrison@example.net,3823135221
3422,CUS0003422,Brian,Willis,M,1989-05-07,Indonesian,elainewilliams@example.com,001-393-833-0913
3423,CUS0003423,Rodney,Smith,M,1951-08-12,Indonesian,annarussell@example.net,001-581-781-4335x8628
3424,CUS0003424,Kathy,Hoffman,F,1975-01-20,Indonesian,ltucker@example.com,407.568.7902x44644
3425,CUS0003425,Matthew,Donovan,M,1986-06-09,Australian,rnelson@example.org,001-492-670-2907x542
3426,CUS0003426,Kristen,Tran,F,1956-07-24,Singaporean,steven89@example.net,001-336-639-1596x58668
3427,CUS0003427,Amy,Wright,F,1968-11-06,Japanese,paige45@example.org,(379)932-6334x57081
3428,CUS0003428,Ian,Collier,M,1990-10-04,Indonesian,frussell@example.net,346-265-8490x8957
3429,CUS0003429,Karen,Cruz,F,1956-12-02,Australian,misty22@example.net,759.460.6585
3430,CUS0003430,Christopher,Hodges,M,2003-08-02,Malaysian,andrew44@example.org,(904)788-4861x81745
3431,CUS0003431,Jessica,Mills,F,1959-03-29,Australian,ycurtis@example.com,+1-200-989-7303x659
3432,CUS0003432,Julie,Coleman,F,2005-06-25,Japanese,jason40@example.net,001-570-355-5013x334
3433,CUS0003433,Vicki,Harrison,F,1959-07-09,Japanese,nlyons@example.com,001-231-388-5340x261
3434,CUS0003434,Gary,Meyer,M,1972-02-29,Indonesian,patrickorr@example.org,607-885-7788
3435,CUS0003435,Brenda,Johnson,F,2007-06-29,Indonesian,dennis11@example.net,(668)927-2634x01881
3436,CUS0003436,Rita,Gonzales,F,1967-10-29,Australian,dunncharles@example.net,001-427-915-1319x482
3437,CUS0003437,Jennifer,Robinson,F,1964-09-05,Australian,ryan57@example.net,588-968-3547
3438,CUS0003438,Donna,Murray,F,1971-07-29,Australian,qlopez@example.net,001-879-931-9807x1233
3439,CUS0003439,Jose,Sutton,M,1999-08-31,Indonesian,riverajoseph@example.org,373.699.7704
3440,CUS0003440,Ronnie,Rogers,M,1987-03-06,Japanese,zmiller@example.com,923.959.0632
3441,CUS0003441,Erica,Morgan,F,1968-02-03,Singaporean,benjamin04@example.org,909-897-9885
3442,CUS0003442,Michelle,Jones,F,1989-04-10,Australian,qmoran@example.com,+1-279-939-9278x36079
3443,CUS0003443,Noah,Walls,M,1991-03-04,Malaysian,lisaporter@example.net,001-883-438-1013
3444,CUS0003444,Diana,Hunter,F,1963-05-22,Australian,lynchkristy@example.org,001-764-267-4456x322
3445,CUS0003445,Jacob,Wong,M,1982-02-10,Japanese,vincent80@example.com,001-454-574-2002
3446,CUS0003446,Elizabeth,Cowan,F,1995-06-07,Japanese,gglenn@example.com,(443)688-0137
3447,CUS0003447,Lisa,Nichols,F,1970-07-22,Australian,pattonlaura@example.com,+1-465-273-8537x512
3448,CUS0003448,John,Miller,M,1972-01-05,Japanese,riveraadam@example.org,(947)203-2133
3449,CUS0003449,Anthony,Medina,M,1951-02-04,Australian,jramirez@example.net,485.255.0793
3450,CUS0003450,Amanda,Zimmerman,F,1986-06-24,Australian,dominiquesolis@example.com,291-630-6108x557
3451,CUS0003451,Barbara,Lopez,F,1967-09-22,Japanese,pacheconicole@example.com,351-518-2224
3452,CUS0003452,Megan,Melton,F,2001-02-01,Malaysian,bryan02@example.org,(732)313-9928
3453,CUS0003453,Diane,Lopez,F,1966-04-13,Indonesian,barry21@example.net,391-261-0199x532
3454,CUS0003454,Gary,Mendoza,M,1994-01-19,Japanese,zoe28@example.org,935-819-4199x7981
3455,CUS0003455,David,Beck,M,1990-11-09,Singaporean,rodriguezjoshua@example.org,001-216-870-1410x4882
3456,CUS0003456,Deborah,Bailey,F,1960-04-21,Malaysian,sotochristina@example.org,+1-427-236-5293x9725
3457,CUS0003457,Patrick,Walsh,M,1976-03-02,Malaysian,robert79@example.net,267-312-7944
3458,CUS0003458,Crystal,Bailey,F,1989-08-17,Indonesian,zanderson@example.org,824.897.0730
3459,CUS0003459,Sharon,Hicks,F,1987-11-24,Malaysian,kcarey@example.org,4228854040
3460,CUS0003460,Nicole,Patterson,F,1976-12-11,Australian,luis01@example.com,(422)958-4819x06045
3461,CUS0003461,Kirsten,Campbell,F,1982-08-20,Indonesian,petersonjulia@example.com,+1-771-572-9126x981
3462,CUS0003462,Daniel,Best,M,1974-11-06,Singaporean,jamesevans@example.org,5923697883
3463,CUS0003463,Anthony,Joseph,M,2002-09-16,Malaysian,gordongrace@example.org,+1-756-845-9803x4405
3464,CUS0003464,Herbert,Jensen,M,1975-03-17,Indonesian,silvathomas@example.com,001-739-650-4449x209
3465,CUS0003465,Erica,Nelson,F,1991-05-27,Indonesian,whitealicia@example.org,579-449-4422
3466,CUS0003466,Lori,Berry,F,1995-10-19,Singaporean,sfritz@example.org,996.830.4955x094
3467,CUS0003467,Michael,Jones,M,1979-12-12,Japanese,amydecker@example.net,+1-810-459-2512x11894
3468,CUS0003468,Dana,Garcia,F,1956-01-29,Indonesian,ygood@example.com,(263)363-0043x359
3469,CUS0003469,Hannah,Short,F,1951-04-05,Australian,oestrada@example.com,001-556-894-1467x35928
3470,CUS0003470,Robin,Richardson,F,1982-09-09,Malaysian,ggreen@example.net,(516)856-6576x4063
3471,CUS0003471,Hunter,Hicks,M,1958-03-11,Australian,dwilson@example.com,001-667-896-9392
3472,CUS0003472,Timothy,Perez,M,1969-09-05,Malaysian,rodneylowery@example.net,915-562-8379x47741
3473,CUS0003473,Courtney,Wright,F,2000-09-17,Japanese,wilsonstephanie@example.net,(776)605-3450x35816
3474,CUS0003474,Lisa,Tanner,F,1993-02-09,Malaysian,burtonphilip@example.net,264-587-6085x7646
3475,CUS0003475,Samuel,Walter,M,1964-03-10,Australian,nicoleanderson@example.com,(822)871-9217x3665
3476,CUS0003476,Jim,Cooke,M,1954-03-13,Singaporean,xdurham@example.org,827.872.3657x6147
3477,CUS0003477,Heather,Pham,F,1982-05-08,Australian,butleranthony@example.org,(961)423-4945
3478,CUS0003478,Debra,Baker,F,1956-05-03,Singaporean,ijordan@example.net,(761)948-1099
3479,CUS0003479,Kayla,Jones,F,1988-08-19,Malaysian,jameslittle@example.org,203.731.5667x0533
3480,CUS0003480,Angelica,Nichols,F,1987-05-09,Singaporean,kbrown@example.com,001-524-298-9569x110
3481,CUS0003481,Terri,Guerra,F,1990-06-06,Indonesian,hbaxter@example.com,380.840.4416
3482,CUS0003482,Jared,May,M,1996-05-07,Malaysian,harrisadam@example.org,248-753-9610x48088
3483,CUS0003483,Sarah,Mendoza,F,1968-03-24,Indonesian,tward@example.com,001-402-949-3871x3899
3484,CUS0003484,Laura,Hall,F,1995-12-13,Japanese,katelyn44@example.com,+1-790-457-3019
3485,CUS0003485,Jennifer,Miranda,F,1998-01-15,Singaporean,laura78@example.org,856-563-6305x1281
3486,CUS0003486,Ronald,Williamson,M,1980-01-10,Japanese,natashamcpherson@example.org,738.956.8369
3487,CUS0003487,Andrew,Daniel,M,1954-06-23,Japanese,murphyaustin@example.net,743.816.2923
3488,CUS0003488,Cathy,Farrell,F,1968-03-20,Malaysian,johnbenjamin@example.org,001-420-957-4921x38606
3489,CUS0003489,Randall,French,M,1995-07-24,Japanese,qjohnson@example.com,(845)231-0769x0700
3490,CUS0003490,Kimberly,Graham,F,1971-03-22,Australian,jeremy59@example.org,857-316-1563x360
3491,CUS0003491,Alan,Horton,M,1955-10-03,Malaysian,ginalewis@example.org,903.567.2684
3492,CUS0003492,Zachary,Williams,M,1956-04-09,Malaysian,cwheeler@example.org,403-642-0628x95804
3493,CUS0003493,Stephanie,Spencer,F,2005-10-08,Australian,fullerdonna@example.net,001-983-592-1143x6785
3494,CUS0003494,Cheyenne,Lang,F,1996-10-05,Singaporean,paul76@example.net,(982)993-0073x7038
3495,CUS0003495,Donna,Reynolds,F,1968-09-06,Australian,williampeterson@example.net,925.670.4455x42835
3496,CUS0003496,Carolyn,Williams,F,1968-07-12,Japanese,meredithwilliams@example.com,+1-279-948-9830x18608
3497,CUS0003497,Holly,Espinoza,F,1965-05-16,Japanese,donnaacosta@example.net,(567)860-0427x098
3498,CUS0003498,Paul,Rogers,M,2000-07-09,Indonesian,crystal38@example.net,9532634716
3499,CUS0003499,David,Briggs,M,1980-08-12,Japanese,coopergina@example.net,245-929-2582x4914
3500,CUS0003500,Deanna,Armstrong,F,1956-12-22,Singaporean,connorjoseph@example.com,976.386.9461x84165
3501,CUS0003501,Debbie,Stanley,F,1987-12-08,Malaysian,xhines@example.net,001-510-256-6326x246
3502,CUS0003502,Catherine,Tate,F,2001-09-03,Japanese,adaniels@example.com,857.286.6673
3503,CUS0003503,Daniel,Thomas,M,1956-12-16,Japanese,littlejennifer@example.com,786-315-4799x84418
3504,CUS0003504,Kyle,Jenkins,M,1964-03-28,Malaysian,timothybarnes@example.org,+1-790-882-3710
3505,CUS0003505,Alexandra,Martin,F,1965-10-06,Singaporean,hilljean@example.org,(372)324-3758
3506,CUS0003506,Jeffery,Cooper,M,1976-12-21,Singaporean,gpugh@example.com,314-777-7163
3507,CUS0003507,Lisa,Gonzalez,F,1953-10-30,Australian,vthomas@example.com,461.818.9192x83440
3508,CUS0003508,Margaret,Nicholson,F,1995-11-11,Malaysian,marvinpeters@example.net,+1-797-643-5408
3509,CUS0003509,Christopher,Smith,M,1991-12-21,Singaporean,courtney92@example.net,367.656.7538x6688
3510,CUS0003510,Tracy,Kidd,F,1964-11-09,Malaysian,emilyvelasquez@example.org,001-637-633-2640x8194
3511,CUS0003511,Kristina,Hayden,F,2002-08-27,Singaporean,andrewphillips@example.com,959.891.9215
3512,CUS0003512,Ruth,Scott,F,1969-03-07,Japanese,annehamilton@example.org,2528870019
3513,CUS0003513,Christopher,Mitchell,M,2001-08-16,Australian,edwin12@example.org,(862)844-3762x920
3514,CUS0003514,Thomas,Green,M,1978-08-09,Indonesian,dpatton@example.org,407.701.0955x753
3515,CUS0003515,Reginald,Chavez,M,1967-09-28,Singaporean,stephenhester@example.com,+1-918-756-9117x8188
3516,CUS0003516,Thomas,Wagner,M,1956-05-30,Singaporean,andrea18@example.net,(923)393-7840x87195
3517,CUS0003517,Haley,Morales,F,2006-10-23,Australian,kathleensmith@example.org,8477194065
3518,CUS0003518,Regina,Johnson,F,1954-02-21,Japanese,racheldorsey@example.net,(514)963-9102x74237
3519,CUS0003519,Victoria,Henderson,F,1966-07-10,Australian,cummingsphyllis@example.com,4128605629
3520,CUS0003520,James,Martin,M,1966-04-22,Singaporean,ganderson@example.org,421-348-7630x2986
3521,CUS0003521,Brad,Smith,M,1958-07-16,Malaysian,iwatts@example.com,559.913.5826
3522,CUS0003522,Terry,Gross,M,1980-10-14,Indonesian,kennethjennings@example.org,+1-487-481-3391x723
3523,CUS0003523,Maria,Walker,F,1962-11-08,Malaysian,fflores@example.org,470.655.4405x47553
3524,CUS0003524,William,Mccall,M,1979-01-17,Indonesian,burnettaustin@example.org,001-849-991-4107x1787
3525,CUS0003525,Nicole,Singh,F,1997-03-30,Indonesian,aherman@example.com,001-554-457-9427x53737
3526,CUS0003526,Steven,Sweeney,M,1997-03-24,Indonesian,james24@example.com,897-412-2695x143
3527,CUS0003527,Tammy,Williams,F,1989-11-06,Japanese,frankvickie@example.net,953.240.2970x89538
3528,CUS0003528,Teresa,Alvarado,F,1952-10-14,Indonesian,harrismichelle@example.com,+1-896-478-2637
3529,CUS0003529,Deborah,Jones,F,1972-11-30,Malaysian,danielvelez@example.com,+1-247-894-0505x15949
3530,CUS0003530,Philip,Sanchez,M,1972-11-09,Australian,kschultz@example.com,9613050091
3531,CUS0003531,William,Harvey,M,1975-02-13,Singaporean,scotthawkins@example.org,774.508.9884x797
3532,CUS0003532,Benjamin,Becker,M,1958-05-23,Japanese,joan45@example.net,564-833-9828
3533,CUS0003533,Ryan,Conley,M,1950-07-03,Japanese,watkinsjohnny@example.org,+1-386-982-8757
3534,CUS0003534,Samantha,Walters,F,1997-01-20,Australian,brettgonzales@example.net,(278)561-6584x130
3535,CUS0003535,Timothy,Martin,M,1978-02-22,Singaporean,richard06@example.net,(472)898-3619x41028
3536,CUS0003536,Dakota,Potter,M,1997-02-26,Malaysian,thompsonlarry@example.net,+1-328-903-1512x2658
3537,CUS0003537,Julie,Perkins,F,1994-04-24,Japanese,michaelschmidt@example.com,468.712.3053
3538,CUS0003538,Brenda,Williams,F,1955-01-20,Singaporean,ryandaniel@example.org,407.438.8801
3539,CUS0003539,Anita,Baker,F,1963-12-04,Singaporean,ibell@example.org,2102745205
3540,CUS0003540,Kevin,Ray,M,1954-12-11,Indonesian,gwilson@example.org,351.411.5041x22501
3541,CUS0003541,Taylor,Bryant,M,2002-06-17,Singaporean,brian82@example.com,303.690.9738x079
3542,CUS0003542,Lisa,Allen,F,1957-09-16,Australian,johnsonmitchell@example.com,346-288-1756
3543,CUS0003543,Kylie,Peters,F,2004-05-30,Malaysian,amber35@example.net,227-753-6247
3544,CUS0003544,Clifford,Hall,M,1963-07-10,Australian,thomas09@example.org,383.356.3640x5858
3545,CUS0003545,Kimberly,Bell,F,1982-09-24,Indonesian,ruizandrew@example.com,(476)262-7106x104
3546,CUS0003546,Danielle,Kennedy,F,1998-04-23,Japanese,jim68@example.org,215.297.8007x86169
3547,CUS0003547,Samantha,Stewart,F,1968-02-17,Australian,dmurphy@example.net,448.814.4439x446
3548,CUS0003548,James,Gutierrez,M,1965-02-20,Malaysian,cody81@example.net,783.434.9415
3549,CUS0003549,Kenneth,Richard,M,1992-05-24,Malaysian,stevenruiz@example.net,313.558.9961x600
3550,CUS0003550,Ashley,Sanchez,F,2003-10-01,Malaysian,emason@example.net,497.789.2930x9077
3551,CUS0003551,Kristen,Williams,F,2004-03-31,Indonesian,obrienadam@example.com,(750)294-6660
3552,CUS0003552,Jason,Bradley,M,2005-02-08,Indonesian,lisafigueroa@example.net,(288)997-3784
3553,CUS0003553,Matthew,Baker,M,1958-03-23,Malaysian,thompsonjoseph@example.org,(517)572-3797x30905
3554,CUS0003554,Paige,Wilson,F,1990-08-10,Malaysian,markcharles@example.net,(647)604-8550x23137
3555,CUS0003555,Sara,Martinez,F,1973-11-02,Indonesian,nhoward@example.com,450-807-4883
3556,CUS0003556,Joshua,Serrano,M,1955-12-20,Australian,austinlove@example.org,826-920-7679x57571
3557,CUS0003557,Brenda,Smith,F,1952-03-29,Indonesian,datkinson@example.org,(358)979-4923x15110
3558,CUS0003558,Kayla,Miller,F,1965-12-01,Malaysian,megan19@example.org,001-336-561-7658
3559,CUS0003559,Regina,Flowers,F,1951-11-10,Indonesian,sjones@example.com,525-350-7584
3560,CUS0003560,Robert,Mendoza,M,1986-11-04,Malaysian,marymcclain@example.com,4837444340
3561,CUS0003561,Michael,Rosales,M,1990-10-15,Singaporean,brownstephen@example.org,856.563.5790x3818
3562,CUS0003562,Candice,Smith,F,2000-02-09,Malaysian,angelacohen@example.com,937-401-1269x9289
3563,CUS0003563,Brandi,Armstrong,F,1980-09-05,Indonesian,ndavis@example.net,348.277.6013
3564,CUS0003564,Michelle,Ferguson,F,1979-07-03,Indonesian,josegonzalez@example.org,671-882-6522x71068
3565,CUS0003565,Jenny,Cline,F,1980-01-31,Australian,michele58@example.com,9425910374
3566,CUS0003566,Jessica,Cox,F,1984-02-17,Malaysian,moorechristian@example.org,398-376-4155x7213
3567,CUS0003567,Danielle,Hendrix,F,1986-02-25,Indonesian,leahpitts@example.org,(282)997-6722
3568,CUS0003568,Robert,Miller,M,1994-02-27,Malaysian,lewismichael@example.net,001-933-566-8949x492
3569,CUS0003569,Jeffery,Olson,M,1970-07-25,Malaysian,slopez@example.com,919.855.4968x472
3570,CUS0003570,Amanda,Jones,F,2000-02-22,Japanese,racheldavis@example.com,471-569-9444
3571,CUS0003571,Lauren,Lewis,F,2006-12-20,Australian,josephwilliams@example.org,329-855-4712x0073
3572,CUS0003572,Justin,Herrera,M,1976-04-18,Indonesian,josephsanchez@example.net,+1-577-367-5329x998
3573,CUS0003573,Juan,Haynes,M,1973-07-27,Australian,coxalyssa@example.org,001-248-524-6411
3574,CUS0003574,Nicholas,Morales,M,1953-07-02,Indonesian,hendersonkaren@example.net,584.973.8106
3575,CUS0003575,Sarah,Conrad,F,1980-04-14,Singaporean,chadwatson@example.net,(626)816-3405
3576,CUS0003576,Donna,Romero,F,1972-08-18,Malaysian,camposthomas@example.org,300-617-5504x9357
3577,CUS0003577,Brandon,Krueger,M,1983-06-08,Indonesian,joneslaura@example.com,438.379.2839
3578,CUS0003578,Terry,Colon,M,1984-07-27,Singaporean,grosschristopher@example.net,440.507.4326x2843
3579,CUS0003579,Matthew,Cruz,M,1999-11-08,Japanese,luiswells@example.org,001-844-624-7222
3580,CUS0003580,Tara,Hernandez,F,1967-03-26,Malaysian,jeffreyfrancis@example.org,+1-560-632-2275x6175
3581,CUS0003581,Melanie,Powers,F,1955-04-09,Australian,nrobinson@example.net,001-818-519-2424x129
3582,CUS0003582,Henry,Morrison,M,1975-08-10,Malaysian,derrickhorton@example.org,(209)239-7498
3583,CUS0003583,Roberto,Obrien,M,1991-12-22,Japanese,rickgonzales@example.com,645-454-9444
3584,CUS0003584,Rachel,Burke,F,1994-05-09,Malaysian,fmorse@example.org,(583)923-3483x37557
3585,CUS0003585,Joshua,Davis,M,1990-10-31,Indonesian,tiffanyjones@example.com,731-926-4569x67570
3586,CUS0003586,Ashley,Dillon,F,1956-10-06,Malaysian,christy18@example.org,333.556.2550
3587,CUS0003587,George,Arnold,M,1958-02-06,Australian,mannjohn@example.com,213-373-2022
3588,CUS0003588,Vanessa,Gibson,F,2006-02-17,Japanese,melissamccoy@example.org,(686)886-6307x0996
3589,CUS0003589,Robert,Nielsen,M,2001-05-15,Indonesian,bedwards@example.net,292-499-5911
3590,CUS0003590,Luke,Fox,M,1989-12-28,Japanese,alicialee@example.org,001-632-875-3296
3591,CUS0003591,Corey,Mcdaniel,M,1958-12-08,Indonesian,terrychristopher@example.org,001-806-853-3239x6911
3592,CUS0003592,Ellen,Fleming,F,1957-12-09,Singaporean,morganvirginia@example.com,446-859-2396x5978
3593,CUS0003593,Lauren,Williams,F,1951-05-27,Singaporean,campbellaaron@example.org,(360)508-8843
3594,CUS0003594,Michael,Adams,M,1981-08-31,Australian,davidblackwell@example.org,(638)488-9312x904
3595,CUS0003595,Kathryn,Whitaker,F,1960-04-01,Japanese,joanmartinez@example.org,001-210-397-2893x82121
3596,CUS0003596,Tracy,Sherman,F,1950-10-13,Singaporean,vkaufman@example.net,884.597.0420x9776
3597,CUS0003597,Brian,Johnson,M,1991-06-17,Malaysian,matthew19@example.net,001-942-423-6532x714
3598,CUS0003598,Mason,Reed,M,1983-03-09,Japanese,mshepherd@example.org,(575)309-4448
3599,CUS0003599,Jon,Livingston,M,2004-05-22,Indonesian,julie36@example.org,961-568-7630
3600,CUS0003600,Julie,Hernandez,F,1995-02-22,Australian,timothy84@example.net,363.291.7013
3601,CUS0003601,Briana,Morris,F,1980-06-13,Indonesian,glenchambers@example.org,+1-658-362-3422x34226
3602,CUS0003602,Alan,Green,M,1969-02-01,Singaporean,jamessmith@example.com,(557)676-0612x5174
3603,CUS0003603,Christopher,Johnson,M,1971-07-28,Malaysian,wandaherrera@example.net,001-639-803-1696
3604,CUS0003604,Jessica,Holmes,F,2002-06-30,Australian,margaretlong@example.net,+1-874-385-1176
3605,CUS0003605,Brittany,Vasquez,F,2004-12-07,Singaporean,jmorse@example.com,001-297-466-4692x659
3606,CUS0003606,Krista,Moore,F,2007-09-03,Singaporean,awolfe@example.net,001-448-225-4576x34478
3607,CUS0003607,Anthony,Lee,M,1995-07-04,Malaysian,xhunt@example.org,001-781-437-2420x4653
3608,CUS0003608,Austin,Vasquez,M,1954-08-07,Australian,lisa72@example.com,579.283.0020x3043
3609,CUS0003609,Thomas,Tucker,M,1988-10-24,Australian,bowendana@example.org,753-723-8840
3610,CUS0003610,George,Mcfarland,M,1979-08-10,Indonesian,toddgrant@example.org,(831)698-5448x0667
3611,CUS0003611,Michelle,Hamilton,F,1993-09-13,Malaysian,ortegatheresa@example.net,(651)465-1265x47370
3612,CUS0003612,Richard,Brown,M,1971-01-15,Japanese,coxjoe@example.com,887.500.0985x450
3613,CUS0003613,Renee,Garrett,F,1977-07-06,Singaporean,elizabethrobertson@example.net,823-454-3360
3614,CUS0003614,Abigail,Snyder,F,1978-06-29,Japanese,andersonleah@example.net,907.837.3668x0316
3615,CUS0003615,Alexis,Espinoza,F,1951-05-10,Indonesian,peggy60@example.org,359-831-9949x34499
3616,CUS0003616,Bradley,Williamson,M,1963-02-07,Australian,jlynch@example.org,(222)855-5741x94508
3617,CUS0003617,James,Hall,M,1966-03-31,Malaysian,alexander16@example.org,(693)513-3363x45280
3618,CUS0003618,Chelsea,Yang,F,1976-09-05,Singaporean,joshua58@example.org,(349)746-1528x6815
3619,CUS0003619,Jennifer,Turner,F,2001-07-09,Australian,mccoyhannah@example.net,991-279-0608x125
3620,CUS0003620,Jenna,Moore,F,1992-05-11,Indonesian,stephaniebaker@example.net,001-871-747-0675
3621,CUS0003621,Andrew,Patton,M,1951-08-22,Japanese,whitedaniel@example.net,001-879-776-4704x8601
3622,CUS0003622,James,Thomas,M,1980-02-04,Indonesian,ataylor@example.net,(612)451-6280x261
3623,CUS0003623,Tamara,Hess,F,1995-07-03,Singaporean,victor69@example.com,551.736.8194x80446
3624,CUS0003624,Melissa,Woodward,F,2006-02-07,Malaysian,mcgeedeborah@example.com,(391)471-4112
3625,CUS0003625,Leonard,Spence,M,1973-12-25,Indonesian,carlos36@example.net,+1-326-431-3494x6078
3626,CUS0003626,Lori,Raymond,F,1959-02-08,Japanese,bernardeileen@example.net,622-929-3114x23115
3627,CUS0003627,Sabrina,Perkins,F,1981-02-28,Malaysian,scottclaire@example.net,+1-698-583-1206x05395
3628,CUS0003628,Nina,Jackson,F,1985-05-25,Malaysian,michael12@example.net,+1-393-687-8843x10749
3629,CUS0003629,Victor,Rose,M,1978-08-09,Japanese,gregory30@example.org,001-520-418-8706
3630,CUS0003630,Paul,Hernandez,M,1968-11-18,Japanese,millernicholas@example.net,3169807328
3631,CUS0003631,Stephen,Garrett,M,1994-01-11,Malaysian,gibsonedward@example.net,+1-790-766-5056
3632,CUS0003632,David,Hester,M,1951-12-17,Japanese,yatesryan@example.com,761-672-7753
3633,CUS0003633,Sherry,Shelton,F,1997-12-07,Malaysian,edavis@example.net,(298)614-2185x92930
3634,CUS0003634,Megan,Hill,F,1960-03-31,Singaporean,rebeccaadams@example.net,+1-276-316-6118x570
3635,CUS0003635,Ronald,Bradford,M,1961-01-26,Malaysian,ariaslauren@example.org,486.265.5719x557
3636,CUS0003636,Cheryl,Jones,F,1966-01-09,Singaporean,eburnett@example.com,(573)372-7259x0635
3637,CUS0003637,Brooke,Wilson,F,1974-11-19,Indonesian,batesbrandon@example.net,+1-591-329-9824x861
3638,CUS0003638,Anne,Lee,F,1972-08-07,Indonesian,gibsonmindy@example.org,9917204593
3639,CUS0003639,Lee,Ellison,M,1965-10-04,Australian,marco54@example.com,+1-519-966-2300
3640,CUS0003640,Crystal,Gonzalez,F,2003-06-18,Malaysian,timothy08@example.org,618-607-7833x68261
3641,CUS0003641,Jennifer,Valenzuela,F,2007-03-14,Malaysian,sydney75@example.org,600-426-6897
3642,CUS0003642,Kara,Wallace,F,1955-03-19,Japanese,alexandra12@example.com,(929)616-5397x944
3643,CUS0003643,Alexandra,Estrada,F,1999-06-06,Japanese,andrea66@example.net,292-472-5452x8324
3644,CUS0003644,Chelsea,Cherry,F,2000-05-20,Australian,taylornicole@example.net,001-243-497-1501
3645,CUS0003645,Ryan,Powers,M,1989-04-16,Malaysian,darren29@example.org,3944017749
3646,CUS0003646,Tammy,Harris,F,1970-07-09,Singaporean,loretta10@example.net,001-567-602-4911x699
3647,CUS0003647,Mikayla,Schneider,F,2002-08-15,Indonesian,jford@example.net,346.479.3072x1782
3648,CUS0003648,John,Floyd,M,1998-12-28,Singaporean,sullivanwilliam@example.com,(942)587-3457x6358
3649,CUS0003649,Brent,Miller,M,1965-01-12,Singaporean,keith92@example.com,+1-367-545-6443
3650,CUS0003650,Christopher,Herrera,M,2001-02-16,Indonesian,sarah13@example.com,623.232.9046x08467
3651,CUS0003651,Julie,Roberts,F,2003-04-04,Malaysian,changdaniel@example.com,+1-799-471-7908x481
3652,CUS0003652,John,Horton,M,1955-04-26,Australian,jessica27@example.com,001-507-436-1320x406
3653,CUS0003653,Sara,Lee,F,1962-02-03,Indonesian,mayjennifer@example.net,399.811.1307x366
3654,CUS0003654,Judith,Rodriguez,F,1980-04-24,Indonesian,mbuchanan@example.com,716.926.6714x16826
3655,CUS0003655,Amanda,Wallace,F,1961-05-23,Malaysian,lutzdevin@example.org,+1-821-951-9709x62731
3656,CUS0003656,Christina,King,F,1989-01-04,Australian,angelagreen@example.com,486.217.8405x4851
3657,CUS0003657,Jennifer,Martinez,F,1976-02-01,Indonesian,ewalter@example.org,444-998-7715
3658,CUS0003658,Justin,Garcia,M,2000-01-08,Indonesian,gracecarlson@example.org,899.619.7936
3659,CUS0003659,Caitlin,Stewart,F,1955-11-20,Indonesian,jasminemyers@example.org,001-712-582-7756
3660,CUS0003660,Lawrence,Robles,M,1998-03-23,Malaysian,tiffanypatterson@example.net,+1-373-626-4266x7730
3661,CUS0003661,Tim,Wilkins,M,1973-07-21,Singaporean,toddaustin@example.com,840.671.6276
3662,CUS0003662,Karen,Reeves,F,1997-11-01,Japanese,aimee05@example.com,413-610-6660x297
3663,CUS0003663,Gavin,Harris,M,1999-11-24,Japanese,monica09@example.net,8147806810
3664,CUS0003664,Sean,Wall,M,1975-03-13,Japanese,woodwarddarlene@example.org,+1-226-423-7505x43226
3665,CUS0003665,John,Hill,M,1976-11-14,Australian,justinbrown@example.net,337.259.4587x02307
3666,CUS0003666,Paul,Bennett,M,1953-03-21,Singaporean,gutierrezshelly@example.org,(386)779-5240x874
3667,CUS0003667,Nicole,Douglas,F,2007-04-23,Indonesian,vanessa07@example.com,864.649.6392x1481
3668,CUS0003668,Carol,Hill,F,1954-08-06,Indonesian,katie65@example.com,001-851-991-6002x2265
3669,CUS0003669,Sherri,Montgomery,F,1978-12-21,Indonesian,otaylor@example.com,001-817-381-4808x965
3670,CUS0003670,Elizabeth,Austin,F,1995-02-06,Malaysian,holtmelanie@example.org,+1-268-675-7412x28767
3671,CUS0003671,Derek,Mcintosh,M,2005-01-14,Malaysian,ryanannette@example.net,839-404-0808
3672,CUS0003672,Micheal,Meyer,M,2005-01-10,Indonesian,logangraves@example.net,414.727.0931x9121
3673,CUS0003673,Richard,Aguilar,M,1973-03-11,Australian,stephanielewis@example.org,001-841-226-6620x6856
3674,CUS0003674,Sarah,Goodwin,F,1950-08-20,Australian,zacharyrivera@example.com,411-812-0150
3675,CUS0003675,Sherry,Hensley,F,1973-03-18,Japanese,monique42@example.com,001-871-641-0452x887
3676,CUS0003676,Nicholas,Hunter,M,1985-02-28,Malaysian,drakemichelle@example.org,001-849-652-6051x854
3677,CUS0003677,Willie,Delacruz,M,1983-06-27,Japanese,lisahansen@example.org,(523)814-4886
3678,CUS0003678,Jenny,Johnson,F,1991-10-17,Malaysian,michael85@example.net,001-497-652-6570x056
3679,CUS0003679,Drew,Mullen,M,2003-08-03,Singaporean,christyjohnson@example.net,716-809-6293
3680,CUS0003680,Brandon,Reyes,M,1972-06-17,Malaysian,smithkayla@example.org,249.921.2096x9860
3681,CUS0003681,Julie,Sutton,F,1980-10-30,Indonesian,coxkristi@example.com,(923)794-7646x9145
3682,CUS0003682,Manuel,Lyons,M,1995-07-21,Japanese,rileydavid@example.net,+1-209-559-9056
3683,CUS0003683,Samantha,Price,F,2007-07-08,Indonesian,iduran@example.net,001-551-503-1530x870
3684,CUS0003684,April,Rush,F,1969-03-14,Malaysian,ewebb@example.com,+1-396-288-7064x10809
3685,CUS0003685,John,Moore,M,1988-09-23,Singaporean,lsimpson@example.com,001-985-351-5703x43491
3686,CUS0003686,Mary,Brown,F,1994-10-25,Indonesian,lisa05@example.net,734.294.3747
3687,CUS0003687,Jeffrey,Morales,M,1988-05-26,Singaporean,jason92@example.net,(336)893-4115x2564
3688,CUS0003688,Hector,Williams,M,2007-09-11,Australian,jason30@example.com,906-496-5148x2682
3689,CUS0003689,Gina,Farmer,F,2007-10-04,Malaysian,sabrinawright@example.org,001-722-741-1771
3690,CUS0003690,Michael,Patterson,M,1983-10-14,Indonesian,danielwebb@example.com,(511)852-1926
3691,CUS0003691,Adrienne,Matthews,F,1953-01-29,Australian,nlee@example.net,(851)531-0398x688
3692,CUS0003692,Faith,Phillips,F,1959-12-21,Malaysian,albertflynn@example.com,(774)853-7709x6422
3693,CUS0003693,Daniel,Rowe,M,1955-01-07,Malaysian,mjohnson@example.org,(319)614-4238
3694,CUS0003694,Gary,Hill,M,1967-01-21,Malaysian,thomasnelson@example.com,464-222-5592x271
3695,CUS0003695,John,Hill,M,1996-01-16,Australian,carterapril@example.org,+1-378-832-8453x812
3696,CUS0003696,Jessica,Brown,F,1968-09-25,Australian,merrittmiranda@example.org,001-798-393-6870x1721
3697,CUS0003697,Kim,Baker,F,2004-07-06,Malaysian,sestes@example.com,4008543122
3698,CUS0003698,Elizabeth,Schmitt,F,1965-06-24,Indonesian,scottphillips@example.com,001-450-538-9347x64995
3699,CUS0003699,Brittany,Flores,F,1999-12-09,Malaysian,salvarez@example.org,(767)316-4843
3700,CUS0003700,Dustin,Bartlett,M,1999-10-21,Australian,ctaylor@example.com,238-555-5885x99189
3701,CUS0003701,Tara,Ruiz,F,1996-12-11,Indonesian,joshua99@example.com,+1-553-491-1130
3702,CUS0003702,Noah,Gillespie,M,1963-01-28,Japanese,wyattkayla@example.org,001-576-525-1973x10298
3703,CUS0003703,Victoria,Thomas,F,1972-07-27,Australian,denisedavis@example.org,649.288.8710x548
3704,CUS0003704,Donald,Sanchez,M,2005-06-06,Singaporean,brownsarah@example.com,(558)815-3936x22339
3705,CUS0003705,Desiree,Jordan,F,1974-03-06,Japanese,ashley46@example.com,001-592-405-4888x507
3706,CUS0003706,Jacob,Burke,M,1978-03-18,Malaysian,donnaharvey@example.org,872.869.2523x2099
3707,CUS0003707,Brianna,Joyce,F,1959-06-21,Australian,kristina70@example.org,(400)484-0758
3708,CUS0003708,Charles,Martinez,M,1971-08-27,Australian,brittany31@example.com,858.978.7340x53867
3709,CUS0003709,Joy,Smith,F,1963-03-22,Singaporean,mpreston@example.com,001-367-628-0367
3710,CUS0003710,Michael,Figueroa,M,2006-08-07,Malaysian,davisjames@example.com,282.823.9497x0834
3711,CUS0003711,Christian,Taylor,M,1975-06-24,Japanese,randyparker@example.com,+1-377-574-5994
3712,CUS0003712,Jamie,Todd,F,1950-10-02,Malaysian,willisjames@example.org,596.344.8175x525
3713,CUS0003713,Mark,Gallagher,M,1974-04-20,Japanese,dillon50@example.org,001-230-589-7376x02787
3714,CUS0003714,Tyrone,Wright,M,2004-04-03,Indonesian,masseymatthew@example.net,001-536-830-3928x58674
3715,CUS0003715,Alexander,Gordon,M,1992-07-17,Japanese,johntaylor@example.net,+1-217-850-6094x71888
3716,CUS0003716,Megan,May,F,1973-11-24,Australian,mathisjesse@example.net,642-896-7307
3717,CUS0003717,Robert,Kelley,M,1976-11-14,Australian,amandabennett@example.com,607-381-2779
3718,CUS0003718,Kaitlin,Nguyen,F,1972-03-01,Malaysian,jeffreygreene@example.com,001-427-504-9141x856
3719,CUS0003719,Cynthia,Clark,F,2007-09-02,Japanese,danieljimenez@example.net,6033724709
3720,CUS0003720,Nicholas,Mcgrath,M,1956-04-08,Japanese,brianevans@example.com,(790)903-5920
3721,CUS0003721,Matthew,Salas,M,1988-01-23,Indonesian,bonnieanderson@example.net,(963)303-0783
3722,CUS0003722,Sara,Ortiz,F,1968-02-05,Singaporean,jessicahill@example.net,(212)557-9812x3316
3723,CUS0003723,Anthony,Marquez,M,1991-04-07,Australian,erikacraig@example.com,211.240.2153
3724,CUS0003724,Robert,Brown,M,1981-08-18,Indonesian,fjones@example.net,728-693-3234
3725,CUS0003725,Brenda,Thomas,F,2000-04-18,Malaysian,elizabethmiller@example.com,+1-978-216-2142x76565
3726,CUS0003726,Karen,Hernandez,F,1997-04-14,Japanese,nicole63@example.com,3216421061
3727,CUS0003727,Sheri,Zavala,F,2001-04-08,Australian,umullen@example.com,620.809.4124x45161
3728,CUS0003728,Faith,Logan,F,1950-07-24,Malaysian,jeffhunt@example.com,+1-783-523-2367x709
3729,CUS0003729,Sean,Odom,M,1974-06-28,Singaporean,crawforddavid@example.net,588-212-1555x24899
3730,CUS0003730,Shaun,Wagner,M,1958-10-12,Indonesian,alexandergarcia@example.org,+1-880-341-1212
3731,CUS0003731,Amber,Santiago,F,1993-11-11,Indonesian,colemandavid@example.net,(296)574-6977
3732,CUS0003732,Diane,Patton,F,1957-07-11,Japanese,ulindsey@example.net,248.735.5749
3733,CUS0003733,Jeremiah,Downs,M,1983-07-30,Indonesian,henrydaniel@example.com,(348)396-4322x46963
3734,CUS0003734,Erika,Patel,F,1992-02-09,Indonesian,nsmith@example.org,001-626-434-3092x620
3735,CUS0003735,David,Rodriguez,M,1974-01-11,Singaporean,chadwang@example.net,601-989-7332
3736,CUS0003736,Annette,Keller,F,1973-08-22,Australian,osaunders@example.net,7316697281
3737,CUS0003737,Amanda,Allen,F,1970-01-26,Japanese,christophersmith@example.net,+1-957-734-6986
3738,CUS0003738,Melinda,Cabrera,F,1982-08-20,Malaysian,davismark@example.net,001-242-727-0955x7720
3739,CUS0003739,Melissa,Perry,F,1987-09-29,Australian,spencerryan@example.org,638-620-1877x67129
3740,CUS0003740,Monica,Snow,F,1975-08-04,Indonesian,crystalcoffey@example.org,(870)473-6620
3741,CUS0003741,Jonathan,Green,M,1969-05-07,Singaporean,kvelazquez@example.net,001-467-845-0716x23925
3742,CUS0003742,Michael,Craig,M,1975-03-15,Singaporean,heather75@example.com,(681)212-0056x55530
3743,CUS0003743,John,Ball,M,1963-12-14,Indonesian,alyssamoore@example.net,507.659.3359x242
3744,CUS0003744,David,Winters,M,1959-03-17,Indonesian,haleygardner@example.org,371-806-3781
3745,CUS0003745,Joseph,Matthews,M,1966-11-30,Australian,breannapadilla@example.net,243-745-7128x40384
3746,CUS0003746,Juan,Moreno,M,2003-09-07,Singaporean,kingchristina@example.org,001-731-387-3233
3747,CUS0003747,Latasha,Murphy,F,1992-04-09,Japanese,mmaynard@example.org,940-959-3898x3333
3748,CUS0003748,Dan,Barrett,M,1972-08-11,Indonesian,nguyenrebecca@example.org,+1-798-795-9814x880
3749,CUS0003749,Andrea,Peterson,F,1983-08-13,Australian,richard22@example.com,600.963.6470
3750,CUS0003750,Anthony,Davenport,M,1986-06-28,Australian,schmittsara@example.net,+1-919-529-4476x337
3751,CUS0003751,Katrina,Spears,F,2003-06-17,Indonesian,hmueller@example.org,3379604919
3752,CUS0003752,Kurt,Mcdonald,M,2003-11-17,Singaporean,spencer73@example.org,4807271362
3753,CUS0003753,Jacob,Meyer,M,1955-04-14,Australian,wrightdavid@example.org,838-286-9186
3754,CUS0003754,Shirley,Smith,F,2004-06-24,Australian,christopher95@example.com,(541)868-5845
3755,CUS0003755,Keith,Romero,M,1995-05-19,Australian,garrettteresa@example.com,440.553.4749
3756,CUS0003756,Andrew,Fernandez,M,2002-09-20,Singaporean,ruizcindy@example.org,656-751-3907x267
3757,CUS0003757,Sarah,Dennis,F,1992-03-27,Japanese,uanderson@example.net,001-791-478-0271
3758,CUS0003758,Shelby,Chavez,F,1983-03-06,Indonesian,jessicabartlett@example.org,001-386-917-1681x38358
3759,CUS0003759,Katie,Johnson,F,1974-10-26,Indonesian,kennethjarvis@example.org,357.583.5421
3760,CUS0003760,Stanley,Pearson,M,1993-04-12,Australian,thomas61@example.com,540-305-7997x984
3761,CUS0003761,Sierra,Jackson,F,1983-06-02,Australian,rodriguezerika@example.com,(755)406-5302x00686
3762,CUS0003762,Chelsea,Williams,F,1959-08-24,Indonesian,mayerik@example.com,904.428.4850x136
3763,CUS0003763,Elizabeth,Smith,F,1992-04-09,Australian,donaldbrown@example.org,858.675.2193x26944
3764,CUS0003764,Colleen,Smith,F,1990-06-11,Japanese,rodgerssara@example.org,001-976-858-3571
3765,CUS0003765,Brandy,Meyer,F,1990-11-13,Singaporean,stephenray@example.net,948.632.9480
3766,CUS0003766,Charles,Shaw,M,1950-12-30,Japanese,westbruce@example.com,554.875.0316x8157
3767,CUS0003767,Jeffrey,Barber,M,1995-12-14,Australian,hcastro@example.org,2036908197
3768,CUS0003768,Jessica,Morgan,F,1992-10-02,Japanese,kenneth40@example.net,+1-588-250-3721
3769,CUS0003769,Eric,Davis,M,2004-01-06,Malaysian,meyerkenneth@example.org,001-560-646-2087
3770,CUS0003770,Connie,Jackson,F,1975-04-27,Australian,shall@example.org,+1-976-682-5238x154
3771,CUS0003771,Thomas,Padilla,M,2004-02-11,Australian,susan75@example.com,583.250.6541
3772,CUS0003772,Yolanda,Ruiz,F,2007-05-12,Australian,monica32@example.net,492.402.2212x3703
3773,CUS0003773,Kelly,Beltran,F,1991-09-30,Indonesian,rpope@example.org,+1-860-905-2061x08410
3774,CUS0003774,John,Day,M,1973-05-06,Malaysian,patriciaallen@example.com,777.936.4217
3775,CUS0003775,Christopher,Jackson,M,1999-05-16,Australian,lijoseph@example.net,269.817.4238
3776,CUS0003776,Lindsey,Davis,F,1956-01-07,Australian,berryamber@example.com,455-527-5370x0410
3777,CUS0003777,Daniel,Hughes,M,1961-04-17,Japanese,fmitchell@example.org,(692)277-0389x3136
3778,CUS0003778,Robert,Reynolds,M,1972-09-02,Japanese,hjones@example.net,+1-772-793-1901x018
3779,CUS0003779,Denise,Brooks,F,1983-05-23,Japanese,justin70@example.org,+1-217-917-4749
3780,CUS0003780,Lisa,Sanchez,F,1986-03-08,Singaporean,james73@example.com,(430)857-6207
3781,CUS0003781,Suzanne,Cardenas,F,1991-06-15,Australian,davidpatel@example.com,652.918.6253x95639
3782,CUS0003782,Diane,Anderson,F,1964-04-07,Malaysian,brenda93@example.com,(569)226-3444
3783,CUS0003783,Danielle,Meadows,F,2008-01-12,Singaporean,wendy58@example.net,(801)293-7728x6756
3784,CUS0003784,Richard,Lee,M,1973-06-05,Malaysian,bcollier@example.com,878-606-5502
3785,CUS0003785,John,Anderson,M,1955-08-15,Australian,olivia42@example.org,(907)765-7966
3786,CUS0003786,Joseph,Vazquez,M,1970-10-09,Singaporean,katiesteele@example.com,362.436.9663x786
3787,CUS0003787,Vincent,Smith,M,1968-02-25,Singaporean,traci77@example.com,340.349.5069x2519
3788,CUS0003788,Hannah,Watson,F,1973-10-05,Indonesian,christinataylor@example.net,+1-813-962-4804
3789,CUS0003789,Julie,Franklin,F,1963-12-10,Australian,brandyfrench@example.org,(378)562-6314
3790,CUS0003790,Emily,Novak,F,1963-07-12,Singaporean,uwarren@example.org,712-401-1906x7736
3791,CUS0003791,Michael,Gibson,M,2002-09-29,Japanese,sara76@example.org,655-284-9738
3792,CUS0003792,Aaron,Rodriguez,M,2006-10-03,Indonesian,kellydonald@example.org,807-666-7861x986
3793,CUS0003793,Heather,Sanchez,F,1963-12-19,Malaysian,hperez@example.org,747.560.3107x773
3794,CUS0003794,Cynthia,Ortiz,F,1955-10-14,Singaporean,rebecca12@example.com,001-757-498-8027x20993
3795,CUS0003795,Steven,Jones,M,1950-06-17,Japanese,wbenitez@example.com,267-900-4758x7012
3796,CUS0003796,Andrew,Hill,M,1958-08-03,Indonesian,agonzalez@example.org,7104830153
3797,CUS0003797,Sharon,Cole,F,1988-04-07,Australian,williamsjessica@example.com,8884638419
3798,CUS0003798,Sean,Collins,M,1957-08-08,Japanese,jose46@example.net,5577923218
3799,CUS0003799,John,Padilla,M,1973-10-27,Indonesian,allisonhall@example.com,(424)919-5178x6318
3800,CUS0003800,Joseph,Montgomery,M,1988-06-15,Australian,robert79@example.com,001-773-879-9568x808
3801,CUS0003801,Jessica,Thomas,F,1976-04-24,Malaysian,valeriebowman@example.com,478.864.8010x51184
3802,CUS0003802,Tammy,Martinez,F,1950-09-21,Indonesian,dwaynewilkerson@example.com,+1-535-795-7880
3803,CUS0003803,Brandi,Gates,F,1999-10-27,Singaporean,qsanchez@example.net,(776)206-7062
3804,CUS0003804,Timothy,Miller,M,1995-12-31,Indonesian,nblair@example.org,(511)498-0956x0699
3805,CUS0003805,Danielle,Moss,F,1979-09-28,Australian,psteele@example.com,001-254-401-9731x112
3806,CUS0003806,Seth,Jackson,M,1958-02-14,Indonesian,eallen@example.com,719-893-8927x3340
3807,CUS0003807,David,Roberts,M,1990-03-27,Japanese,johntaylor@example.com,(242)999-6639
3808,CUS0003808,Donald,Stanley,M,1979-03-10,Japanese,jasonmcintosh@example.net,222-880-0237
3809,CUS0003809,Alex,Trujillo,M,2003-06-21,Singaporean,charlesjones@example.net,336.612.3933
3810,CUS0003810,Greg,Welch,M,1995-11-01,Singaporean,fbell@example.net,+1-352-538-5897x25067
3811,CUS0003811,Brenda,Camacho,F,2002-02-04,Singaporean,shannonmcintosh@example.net,6905313464
3812,CUS0003812,Lindsey,Park,F,1972-10-14,Australian,jeffreyorozco@example.net,432.365.0901
3813,CUS0003813,Kathy,Pearson,F,1986-09-07,Indonesian,danaevans@example.net,5306067991
3814,CUS0003814,Jason,Mclaughlin,M,1976-05-14,Malaysian,cruzrandall@example.org,674-272-6723
3815,CUS0003815,Vicki,Ryan,F,1999-03-07,Singaporean,ecrawford@example.com,+1-338-266-8970x7342
3816,CUS0003816,Nicholas,Dixon,M,1996-08-21,Singaporean,danielmorse@example.net,223.979.9534x20566
3817,CUS0003817,Courtney,Howard,F,2006-08-28,Australian,randystewart@example.com,(229)680-5303x610
3818,CUS0003818,Mark,Crosby,M,1951-10-09,Singaporean,daniel01@example.net,001-495-900-9872x646
3819,CUS0003819,Ashley,Leach,F,1974-04-13,Malaysian,melanieward@example.org,001-654-415-7239x74247
3820,CUS0003820,Marie,Fernandez,F,1956-12-03,Japanese,christina74@example.com,619-984-6563x16032
3821,CUS0003821,Justin,Bernard,M,1971-01-04,Indonesian,bensonrobin@example.org,(535)228-8280x82314
3822,CUS0003822,Mary,Hernandez,F,1960-07-14,Malaysian,smithdavid@example.net,001-789-504-2698x08782
3823,CUS0003823,Deborah,Simpson,F,1950-06-05,Malaysian,gibarra@example.net,306-816-1312x17888
3824,CUS0003824,Matthew,Long,M,1977-10-16,Singaporean,iadams@example.org,938.744.4611
3825,CUS0003825,Elizabeth,Acosta,F,2001-01-26,Singaporean,rvelasquez@example.org,704.394.4153x614
3826,CUS0003826,Michael,May,M,1987-04-04,Australian,charlesclayton@example.org,781-867-0491
3827,CUS0003827,Sandy,Smith,F,1954-05-14,Australian,danderson@example.com,(685)616-4064x0058
3828,CUS0003828,Hannah,Cummings,F,1959-07-15,Japanese,victoriaharrington@example.org,+1-942-489-8116x649
3829,CUS0003829,Megan,Warren,F,1967-02-28,Indonesian,leslieburke@example.com,685-791-3375x9933
3830,CUS0003830,Rachel,Lopez,F,1964-06-29,Singaporean,shawdaniel@example.net,867-256-8929x247
3831,CUS0003831,John,Rivera,M,1995-06-25,Japanese,okelly@example.org,415.346.3676
3832,CUS0003832,Daniel,Hamilton,M,1951-03-26,Indonesian,shernandez@example.net,001-744-972-7245
3833,CUS0003833,Jean,Matthews,F,1986-10-02,Malaysian,gedwards@example.net,689-633-3639x9601
3834,CUS0003834,Katherine,Diaz,F,1997-01-06,Singaporean,esimpson@example.net,945-695-9614x097
3835,CUS0003835,Angela,Romero,F,1957-05-30,Indonesian,samanthaking@example.org,735-929-3227x69730
3836,CUS0003836,Catherine,Hicks,F,1969-05-20,Indonesian,lisa32@example.net,(416)991-7499x39452
3837,CUS0003837,Michael,Wheeler,M,1957-03-16,Japanese,gomezkristi@example.com,8064887302
3838,CUS0003838,Alexander,Reed,M,1978-03-12,Japanese,jessemyers@example.com,4974628271
3839,CUS0003839,Tammy,Carey,F,1978-04-22,Australian,daviddennis@example.com,001-487-225-4077x48816
3840,CUS0003840,Diana,Martin,F,1985-09-14,Japanese,taylorsteven@example.org,577-942-7894
3841,CUS0003841,Kimberly,Hansen,F,1961-04-14,Malaysian,dillon58@example.org,806-650-5809x531
3842,CUS0003842,Jessica,Brooks,F,1993-06-28,Indonesian,andrea87@example.com,840.573.2845
3843,CUS0003843,Briana,Kirby,F,1986-02-04,Japanese,walshtimothy@example.org,+1-522-681-9403
3844,CUS0003844,Keith,Castillo,M,1974-10-21,Australian,jasonramos@example.net,858.984.5490
3845,CUS0003845,Madeline,Warren,F,1964-08-25,Singaporean,karenvaughn@example.org,001-719-867-6475x833
3846,CUS0003846,Jamie,Stone,F,1996-01-24,Malaysian,rebeccamartin@example.com,6694777730
3847,CUS0003847,Lauren,Wagner,F,1954-07-04,Singaporean,crivas@example.net,(836)581-0463
3848,CUS0003848,Brenda,Smith,F,1973-11-01,Indonesian,nicholas21@example.com,001-691-422-8673x1941
3849,CUS0003849,Matthew,Mccall,M,1996-03-22,Japanese,erin18@example.com,001-280-820-2315x218
3850,CUS0003850,Andrea,Collins,F,1992-01-01,Australian,bryanrodriguez@example.net,435-997-3098x0657
3851,CUS0003851,Stanley,Stone,M,1957-06-07,Japanese,jwolfe@example.com,(863)724-5405x360
3852,CUS0003852,Jennifer,Garcia,F,1972-03-25,Singaporean,connie98@example.com,+1-821-977-2962x29234
3853,CUS0003853,Brian,Turner,M,1978-10-07,Japanese,sandovaljake@example.com,930-876-6740x0184
3854,CUS0003854,Susan,Willis,F,2006-05-12,Japanese,james96@example.org,712.840.8476x520
3855,CUS0003855,Carrie,Parks,F,2002-03-20,Singaporean,dmartinez@example.org,+1-888-214-3710x4582
3856,CUS0003856,Kevin,Garner,M,1952-03-05,Indonesian,dstewart@example.net,001-697-352-2178x06677
3857,CUS0003857,Kayla,Petty,F,1951-03-02,Singaporean,rosshannah@example.com,842.763.3618x91355
3858,CUS0003858,Joyce,Marshall,F,1987-10-28,Australian,hclayton@example.net,001-984-214-7623x8026
3859,CUS0003859,Richard,Wheeler,M,1978-02-07,Indonesian,grantsteven@example.com,664-318-1460
3860,CUS0003860,Brittany,Guerrero,F,1965-07-07,Malaysian,xwoodard@example.org,(380)529-7980
3861,CUS0003861,Pamela,Tucker,F,2001-04-06,Indonesian,mcmillanryan@example.org,+1-566-975-1965
3862,CUS0003862,Robert,Mooney,M,1952-02-09,Indonesian,moniquecamacho@example.org,749.591.4383x9750
3863,CUS0003863,Alexis,Glass,F,1963-06-18,Malaysian,margaretgill@example.org,446-971-5118
3864,CUS0003864,Anthony,Moore,M,2007-01-25,Australian,kennethwagner@example.org,960.843.7455
3865,CUS0003865,Jessica,Murillo,F,1999-10-02,Singaporean,ashleyturner@example.net,992-975-8482
3866,CUS0003866,Jacob,Turner,M,2006-11-04,Malaysian,kmunoz@example.com,+1-501-592-4675x95796
3867,CUS0003867,Karen,Good,F,1997-04-13,Malaysian,burkeluis@example.com,9872165081
3868,CUS0003868,Damon,Becker,M,1980-04-18,Australian,ujones@example.org,628-416-9453x8455
3869,CUS0003869,Mark,Shepherd,M,1981-12-31,Indonesian,joshuabowman@example.com,(439)587-9201x482
3870,CUS0003870,Traci,Bishop,F,2006-11-22,Japanese,michaelarmstrong@example.net,+1-768-765-0660x116
3871,CUS0003871,Joseph,Everett,M,1974-06-22,Malaysian,millertheresa@example.org,855.858.1800
3872,CUS0003872,Martha,Kelly,F,2008-02-26,Indonesian,zcastillo@example.org,+1-513-560-0843x8006
3873,CUS0003873,Johnny,Taylor,M,1966-12-27,Australian,hrichards@example.org,+1-397-887-2191x630
3874,CUS0003874,Erin,Barnes,F,1953-04-02,Indonesian,nelsontimothy@example.org,435-270-0935x87170
3875,CUS0003875,Anthony,Acosta,M,1972-09-08,Indonesian,alexis18@example.com,690.505.2994x23255
3876,CUS0003876,Maria,Scott,F,1962-01-15,Singaporean,grantlogan@example.org,+1-443-402-5833x03613
3877,CUS0003877,Vicki,English,F,2000-05-05,Singaporean,macdonaldlynn@example.net,001-974-247-3098x110
3878,CUS0003878,Renee,Houston,F,1983-08-09,Indonesian,ebryan@example.net,253-334-3357x8437
3879,CUS0003879,Meghan,Romero,F,1996-11-24,Japanese,gonzalezjudith@example.com,736-237-5060
3880,CUS0003880,Connie,Krueger,F,1975-11-06,Japanese,villanuevakristin@example.org,(537)684-5736x2530
3881,CUS0003881,Mary,Martinez,F,1979-11-10,Malaysian,jacksonmary@example.org,(269)492-7287
3882,CUS0003882,Cathy,Turner,F,1951-05-10,Australian,matthewstracy@example.org,802-793-9409
3883,CUS0003883,Jennifer,Nash,F,1988-05-04,Australian,crystal45@example.net,+1-481-471-3032x92844
3884,CUS0003884,Ashley,Gardner,F,2000-07-04,Singaporean,jeffdavis@example.org,200.504.2956
3885,CUS0003885,Allen,Anderson,M,1963-12-03,Japanese,perkinsmonica@example.com,+1-820-520-7520x0255
3886,CUS0003886,Bradley,Archer,M,1950-11-16,Australian,omccarthy@example.net,543-287-4437
3887,CUS0003887,Heather,Proctor,F,1992-04-21,Singaporean,fanderson@example.com,400.997.6325
3888,CUS0003888,Matthew,Lawson,M,1976-08-23,Singaporean,qproctor@example.net,+1-913-791-4203
3889,CUS0003889,Patricia,Gilbert,F,1971-07-01,Australian,popejohn@example.com,4137988784
3890,CUS0003890,David,Norman,M,1999-06-07,Singaporean,lgarcia@example.com,001-728-440-8885x63802
3891,CUS0003891,Andrea,Malone,F,1953-09-20,Indonesian,darlene64@example.net,001-451-355-9648x703
3892,CUS0003892,Kelly,Smith,F,1992-02-23,Indonesian,jessica88@example.net,842.335.9402x16980
3893,CUS0003893,Darren,Burton,M,1964-04-12,Malaysian,jvalencia@example.com,+1-746-726-5561x57723
3894,CUS0003894,Sarah,Daugherty,F,1959-05-21,Indonesian,sramirez@example.net,979-527-0599x4461
3895,CUS0003895,Ethan,Morales,M,1978-11-27,Indonesian,sheryl70@example.com,001-274-909-1260x2870
3896,CUS0003896,Nicole,Rodriguez,F,1979-08-02,Malaysian,william23@example.org,(686)699-8008x814
3897,CUS0003897,Jasmine,Mcmillan,F,1972-10-12,Malaysian,charles12@example.com,001-322-996-0691x382
3898,CUS0003898,Michelle,Harmon,F,1992-11-16,Australian,madeline18@example.com,(678)823-9675x67659
3899,CUS0003899,Danny,Hawkins,M,2006-06-13,Singaporean,matthew71@example.org,001-989-972-4818x70633
3900,CUS0003900,Dennis,Wallace,M,1998-08-11,Japanese,csaunders@example.net,526.881.3615
3901,CUS0003901,Elizabeth,Webb,F,1977-01-21,Indonesian,brandonhester@example.org,+1-482-607-4959x62413
3902,CUS0003902,Gwendolyn,Mccall,F,1957-10-13,Malaysian,johncardenas@example.com,+1-614-521-5825x45143
3903,CUS0003903,Joshua,Hernandez,M,1954-07-17,Singaporean,rosejessica@example.net,+1-692-405-1034x159
3904,CUS0003904,Michelle,Daniels,F,1969-08-18,Indonesian,edwin35@example.org,406.507.7149x764
3905,CUS0003905,James,Austin,M,1983-12-03,Japanese,youngmonica@example.com,(323)341-7792
3906,CUS0003906,Judith,Johnson,F,1961-06-17,Indonesian,leon96@example.org,+1-201-427-1720x984
3907,CUS0003907,Jeremy,Johnson,M,1989-07-10,Australian,james15@example.org,419-797-1786
3908,CUS0003908,Stephanie,Stanton,F,1997-09-12,Japanese,richardsonjohn@example.net,+1-864-265-0456
3909,CUS0003909,Pamela,Perry,F,1961-04-14,Japanese,jeremy74@example.net,(581)787-1136
3910,CUS0003910,Patricia,Lee,F,1958-05-16,Malaysian,johnwilson@example.net,(570)264-5478
3911,CUS0003911,Diana,Lane,F,1991-09-16,Australian,smithbill@example.org,279.491.6185
3912,CUS0003912,Luis,Ross,M,1953-12-16,Singaporean,ascott@example.net,805.477.6140
3913,CUS0003913,Jenna,Williams,F,1969-09-26,Australian,angelalewis@example.com,508-485-1744x441
3914,CUS0003914,Emily,Banks,F,1999-04-22,Singaporean,kimberlybell@example.org,(237)633-8061x7799
3915,CUS0003915,Sarah,Clark,F,1997-08-05,Indonesian,gentryalex@example.org,605-295-0761
3916,CUS0003916,Megan,Robertson,F,1984-10-30,Australian,qrodriguez@example.com,+1-207-333-8210x920
3917,CUS0003917,Bruce,Morrison,M,1986-03-01,Australian,darylreyes@example.com,5988947939
3918,CUS0003918,Sylvia,Scott,F,1976-12-30,Japanese,fullerrobert@example.org,5964033822
3919,CUS0003919,Clayton,Brooks,M,1981-08-02,Australian,mark72@example.com,001-205-892-5018x872
3920,CUS0003920,Lisa,Ward,F,2002-11-03,Indonesian,fcrawford@example.net,001-478-287-1308x48397
3921,CUS0003921,Thomas,Myers,M,1979-04-30,Indonesian,davidcook@example.net,001-886-957-4893
3922,CUS0003922,Sarah,Fowler,F,1979-10-05,Japanese,bradleymelinda@example.com,(200)338-1404x388
3923,CUS0003923,Hayden,Harris,M,1974-06-06,Japanese,smithmichael@example.net,753.748.5842
3924,CUS0003924,James,Hill,M,1954-09-12,Singaporean,tpotts@example.org,860.718.3257x981
3925,CUS0003925,Michael,Webster,M,1994-04-07,Japanese,edward69@example.org,001-760-342-5990x40193
3926,CUS0003926,Michael,Hicks,M,1970-03-12,Australian,jenniferramirez@example.com,(874)734-2595x122
3927,CUS0003927,Charles,Gallagher,M,1965-07-06,Indonesian,dakotawilliams@example.org,+1-568-752-1007
3928,CUS0003928,Kyle,Jones,M,1962-11-15,Indonesian,melinda70@example.net,001-744-714-8224x30259
3929,CUS0003929,Sheryl,Serrano,F,1980-08-04,Singaporean,brittneyrobinson@example.com,326-608-5502x625
3930,CUS0003930,Peter,Woodward,M,2006-11-26,Japanese,meganstewart@example.net,(895)969-1720x703
3931,CUS0003931,Lisa,Underwood,F,1984-08-31,Indonesian,thomasprice@example.org,352-377-3748
3932,CUS0003932,Kim,Hill,F,1984-01-17,Australian,howardautumn@example.net,740-990-0255x8782
3933,CUS0003933,Curtis,Rodriguez,M,1964-10-22,Australian,whitemichelle@example.org,673.254.0533
3934,CUS0003934,Robert,Davis,M,1969-04-20,Malaysian,xdaniels@example.net,8607933719
3935,CUS0003935,Kathy,Flores,F,1951-11-01,Singaporean,jenniferdominguez@example.net,446-454-8193
3936,CUS0003936,Shelly,Johnson,F,2004-12-19,Indonesian,evilla@example.com,(950)719-1779
3937,CUS0003937,Alisha,Maynard,F,1982-02-10,Australian,smithvictoria@example.org,(950)617-7591
3938,CUS0003938,Regina,Newman,F,1952-12-05,Indonesian,jameshart@example.org,(804)747-0706x60579
3939,CUS0003939,Carl,Harris,M,2008-01-01,Indonesian,tammysimon@example.org,001-859-482-2189x8701
3940,CUS0003940,Michael,Cohen,M,1968-09-03,Malaysian,chad96@example.org,970.734.0849
3941,CUS0003941,Danny,Stewart,M,1953-06-01,Singaporean,theresagarrett@example.net,639-239-1916x5459
3942,CUS0003942,Jennifer,Brown,F,1996-02-03,Indonesian,lauren79@example.com,860.472.5093x33020
3943,CUS0003943,Robert,Smith,M,1965-01-01,Malaysian,matthew28@example.org,549.478.5752
3944,CUS0003944,Jamie,Miller,F,1952-08-06,Singaporean,andrearodriguez@example.net,(820)450-2551x30999
3945,CUS0003945,Lee,White,M,2004-01-23,Japanese,nroberts@example.com,001-470-970-3456x21555
3946,CUS0003946,Stephanie,Hernandez,F,1957-11-19,Singaporean,ghudson@example.net,(275)894-1904x549
3947,CUS0003947,Frank,Higgins,M,1984-03-16,Indonesian,chelseaturner@example.net,+1-988-666-6118x700
3948,CUS0003948,Lisa,Gill,F,1991-09-19,Australian,smithchristopher@example.org,(703)415-5677
3949,CUS0003949,Brian,Hobbs,M,1963-09-10,Malaysian,christine24@example.net,345-707-6547x889
3950,CUS0003950,Ricky,Hanson,M,1992-10-09,Australian,xhenry@example.net,+1-514-925-8074x22120
3951,CUS0003951,Natalie,Yates,F,1951-03-23,Malaysian,rodriguezmarc@example.org,(332)991-4204
3952,CUS0003952,Leah,Higgins,F,1972-09-19,Indonesian,williamlee@example.com,784-366-0903
3953,CUS0003953,Matthew,Harper,M,1994-11-29,Singaporean,jefferyhall@example.org,993.560.5720
3954,CUS0003954,Brandon,Ward,M,1996-02-23,Japanese,aburns@example.net,(238)365-8263
3955,CUS0003955,Michael,Huffman,M,1984-09-06,Australian,lopeztiffany@example.net,287.794.2634
3956,CUS0003956,Elizabeth,Snyder,F,1975-09-29,Indonesian,cookkatherine@example.com,+1-283-322-9918x128
3957,CUS0003957,Rhonda,Elliott,F,1956-02-22,Indonesian,bharrison@example.org,001-882-977-1795
3958,CUS0003958,Kelly,Blevins,F,1988-07-27,Australian,bmontoya@example.org,(817)774-4415
3959,CUS0003959,Joanna,Lewis,F,2007-11-07,Indonesian,vstafford@example.net,724.781.3281x80129
3960,CUS0003960,Kathryn,Contreras,F,1971-12-16,Indonesian,uhebert@example.org,(740)471-4913x1046
3961,CUS0003961,Kathleen,Brown,F,1999-12-20,Singaporean,michael45@example.com,712.390.3826
3962,CUS0003962,Christian,Willis,M,1981-01-28,Malaysian,ashleyanderson@example.org,370.409.5113
3963,CUS0003963,Ryan,Moore,M,1999-05-19,Singaporean,jgarcia@example.com,001-525-311-8742x23185
3964,CUS0003964,Tracy,Avila,M,1962-01-20,Malaysian,bbell@example.org,409-971-8148x5436
3965,CUS0003965,Tina,Adams,F,2007-11-11,Australian,hoffmanjake@example.com,001-785-329-7642x8468
3966,CUS0003966,Kevin,Powell,M,1983-07-26,Japanese,gina69@example.org,442.390.0391x610
3967,CUS0003967,Brian,Rodriguez,M,1957-04-19,Singaporean,bjohnson@example.com,001-978-273-7480x521
3968,CUS0003968,Betty,Porter,F,1966-11-11,Japanese,dtate@example.net,363-216-2958
3969,CUS0003969,Ronald,Hayes,M,1958-01-03,Singaporean,fdouglas@example.com,641.666.0648x5888
3970,CUS0003970,Deborah,Taylor,F,1973-08-13,Japanese,valenzuelajessica@example.net,786.445.3868x45126
3971,CUS0003971,Katherine,Perry,F,1980-08-25,Indonesian,stacycooper@example.org,841-778-3211x26818
3972,CUS0003972,Alexander,Gay,M,1964-12-30,Australian,mark85@example.com,001-597-671-0456x8826
3973,CUS0003973,Cassandra,Torres,F,1964-05-31,Singaporean,christina88@example.net,800.352.5136x2725
3974,CUS0003974,Jonathon,Garcia,M,1993-01-25,Indonesian,alex84@example.net,974.726.1547x12162
3975,CUS0003975,Jordan,Lee,F,1998-08-26,Malaysian,tiffanyjohnson@example.org,993-668-9529
3976,CUS0003976,Veronica,Maxwell,F,1951-01-23,Australian,michellelee@example.net,(623)858-4596x383
3977,CUS0003977,Amy,Roberts,F,1955-03-19,Singaporean,nadkins@example.net,255-656-1396
3978,CUS0003978,Kaitlyn,Morris,F,2002-06-07,Indonesian,dickersonadam@example.org,525-784-6589x933
3979,CUS0003979,John,West,M,1979-11-05,Japanese,james49@example.net,208-447-7279x728
3980,CUS0003980,Jonathan,Bryant,M,1955-05-27,Malaysian,aaron04@example.com,708-979-8173x618
3981,CUS0003981,Paul,Hernandez,M,1975-02-17,Australian,rhondamyers@example.org,+1-401-318-0829x5485
3982,CUS0003982,Nicholas,Sexton,M,1994-09-01,Singaporean,danieldrake@example.com,001-646-433-3817
3983,CUS0003983,Jessica,Fisher,F,1990-10-02,Australian,garciatanner@example.com,+1-805-733-7019x363
3984,CUS0003984,Thomas,Stafford,M,1993-12-23,Japanese,rickyjordan@example.net,(990)354-5219x0926
3985,CUS0003985,Chelsea,Flores,F,2003-09-19,Malaysian,alex76@example.org,230.973.5460x07974
3986,CUS0003986,Rachel,Kim,F,1974-03-31,Australian,wnelson@example.net,001-725-659-3348x869
3987,CUS0003987,Jennifer,Brown,F,1958-12-06,Singaporean,stephanieortega@example.com,(646)453-1759x59627
3988,CUS0003988,Samantha,Hall,F,1995-03-30,Malaysian,shannoneric@example.net,843.870.3752
3989,CUS0003989,Jose,Woods,M,1965-12-01,Australian,reyeschelsea@example.org,+1-846-589-3327x661
3990,CUS0003990,Lisa,Campbell,F,1957-06-24,Indonesian,elliskendra@example.org,812-557-4815x32460
3991,CUS0003991,Larry,Rodriguez,M,1986-01-29,Indonesian,rosemichael@example.org,2609993960
3992,CUS0003992,Kimberly,Garner,F,1989-08-21,Indonesian,matthewmontes@example.com,777-323-8207
3993,CUS0003993,Brian,Evans,M,2003-02-16,Singaporean,cmorgan@example.net,(481)303-2022x40173
3994,CUS0003994,Emma,Watts,F,1993-02-25,Japanese,katherine43@example.org,(246)674-0094
3995,CUS0003995,Dana,Dunn,F,1969-10-07,Australian,wilsonnicholas@example.com,001-236-706-3405x130
3996,CUS0003996,Joel,Hall,M,1975-10-27,Indonesian,jacobcherry@example.org,323.931.6716x29968
3997,CUS0003997,Raymond,Parker,M,1956-10-03,Australian,kenneth23@example.org,(821)956-0232x474
3998,CUS0003998,Wesley,Anderson,M,1983-12-31,Malaysian,piercemichael@example.org,270.935.9797
3999,CUS0003999,Katie,Johns,F,1957-03-17,Japanese,ahunt@example.com,+1-939-436-9394x995
4000,CUS0004000,Amanda,Williams,F,1971-12-06,Australian,davidturner@example.org,546-381-3893
4001,CUS0004001,Daniel,Jordan,M,1997-01-14,Indonesian,bailey35@example.net,+1-724-393-7104x17628
4002,CUS0004002,Shane,Wright,M,1950-11-09,Australian,jenkinsmary@example.net,803-297-6211x880
4003,CUS0004003,Destiny,Cameron,F,1984-09-04,Singaporean,rodriguezdeborah@example.org,699-312-0624
4004,CUS0004004,Kelsey,Christensen,F,1955-02-07,Indonesian,udeleon@example.com,+1-615-509-9575x68113
4005,CUS0004005,Billy,Walker,M,1962-11-29,Indonesian,megangreen@example.org,+1-428-822-3596x347
4006,CUS0004006,Carol,Nelson,F,1980-08-26,Malaysian,woodardkathryn@example.org,001-916-452-7730
4007,CUS0004007,Michael,Rich,M,1966-04-21,Indonesian,wmitchell@example.org,8257406467
4008,CUS0004008,Theresa,Vasquez,F,1983-05-05,Singaporean,uherman@example.org,(691)623-6556
4009,CUS0004009,Brian,Willis,M,1950-09-11,Australian,joneslori@example.net,4384240309
4010,CUS0004010,Tonya,Hunter,F,2003-08-14,Indonesian,james44@example.com,(663)209-0669x5804
4011,CUS0004011,Tammy,Estes,F,2007-06-11,Australian,larry51@example.com,617.492.3002x883
4012,CUS0004012,Thomas,Adams,M,1970-08-02,Indonesian,mark07@example.com,+1-229-282-8037x9440
4013,CUS0004013,Austin,Henson,M,1972-10-12,Australian,kmoreno@example.com,890.836.4964x4221
4014,CUS0004014,Ronald,Mills,M,2004-07-21,Malaysian,heatherreynolds@example.com,001-579-734-8596
4015,CUS0004015,Kara,Anderson,F,1995-09-17,Singaporean,jennystewart@example.net,(205)279-4815x7581
4016,CUS0004016,Billy,Wood,M,1971-05-20,Japanese,lward@example.com,(573)479-8480x020
4017,CUS0004017,Scott,Stone,M,2008-05-07,Indonesian,ramosalexandra@example.net,(917)583-2250x9155
4018,CUS0004018,Christopher,David,M,1962-12-07,Indonesian,jacquelinemorales@example.org,575-442-6988
4019,CUS0004019,Antonio,Strong,M,1989-06-28,Malaysian,tayloredward@example.com,+1-839-906-1845
4020,CUS0004020,Charles,Dixon,M,1983-01-11,Japanese,andrewmann@example.net,894.984.7714
4021,CUS0004021,Cynthia,Newman,F,1999-10-23,Singaporean,deandavid@example.net,601.983.2740x316
4022,CUS0004022,Robert,Allen,M,1956-03-29,Japanese,chungkaren@example.net,465.315.0218x645
4023,CUS0004023,Laura,Wilson,F,1956-02-21,Japanese,prussell@example.net,(518)790-8540x30325
4024,CUS0004024,Erica,Lawrence,F,1999-08-27,Indonesian,james72@example.org,001-956-500-6420x92259
4025,CUS0004025,Lisa,Perry,F,2004-12-27,Indonesian,griffinpatricia@example.org,4605113032
4026,CUS0004026,Wanda,Moore,F,1974-07-16,Australian,jeffrey74@example.com,365.460.2674
4027,CUS0004027,Angela,Foster,F,1984-12-25,Malaysian,johnsilva@example.com,(523)897-2484
4028,CUS0004028,Nathaniel,Graves,M,1953-10-04,Japanese,ywolfe@example.com,001-939-310-5150
4029,CUS0004029,Lori,Brown,F,1986-07-08,Australian,gutierrezmargaret@example.com,259.485.1532
4030,CUS0004030,Kristin,Valdez,F,1966-07-25,Japanese,edward49@example.com,8153280064
4031,CUS0004031,Trevor,Edwards,M,1995-03-05,Singaporean,lbauer@example.org,+1-824-269-6492x89638
4032,CUS0004032,Brian,Page,M,1976-01-24,Malaysian,mariejohnson@example.com,364.524.9442x828
4033,CUS0004033,Brittney,Cox,F,2006-05-06,Japanese,nicholasgibbs@example.net,+1-817-282-7297x213
4034,CUS0004034,Kristin,Patterson,F,1961-11-08,Malaysian,brendaperez@example.com,(801)224-0403x417
4035,CUS0004035,Maurice,Jensen,M,1958-03-01,Australian,samanthawoods@example.net,486.240.4704
4036,CUS0004036,Matthew,Landry,M,1979-03-27,Malaysian,fle@example.net,363.759.4301x22694
4037,CUS0004037,David,Morris,M,2005-09-10,Japanese,davidruiz@example.org,+1-450-498-2216x2593
4038,CUS0004038,Donald,Mccarthy,M,2006-01-28,Singaporean,cynthia74@example.net,783.441.6232
4039,CUS0004039,Katrina,Hill,F,1952-02-22,Indonesian,ashleyvaughan@example.org,(327)860-3921
4040,CUS0004040,Robert,Mason,M,1952-12-20,Singaporean,nscott@example.net,755.512.9986x63180
4041,CUS0004041,Robert,Smith,M,1981-02-12,Malaysian,yrichards@example.net,563-950-7731x8859
4042,CUS0004042,Julia,Allen,F,1974-04-21,Indonesian,dana95@example.net,+1-633-524-3350x6984
4043,CUS0004043,Daniel,Holmes,M,1951-10-05,Indonesian,mariobaker@example.net,727-880-6644
4044,CUS0004044,Rita,Conner,F,1997-04-29,Australian,krobertson@example.com,001-285-851-2701x1836
4045,CUS0004045,William,Brandt,M,2004-10-12,Japanese,ssmith@example.net,001-555-845-6515x4142
4046,CUS0004046,Angela,Torres,F,1951-11-09,Malaysian,david82@example.org,(281)640-1011x905
4047,CUS0004047,Nicholas,Quinn,M,1995-11-19,Indonesian,barnesstephanie@example.net,001-408-810-6355x197
4048,CUS0004048,Cheryl,Fletcher,F,1974-09-15,Singaporean,robert82@example.com,768.225.8459x7220
4049,CUS0004049,Barbara,Miller,F,1951-11-14,Indonesian,brightronnie@example.com,+1-896-577-7619x20297
4050,CUS0004050,Jessica,Peterson,F,2007-01-28,Japanese,elizabeth79@example.com,001-531-793-6671x1625
4051,CUS0004051,Christopher,Haas,M,2006-04-08,Indonesian,teresahansen@example.org,001-518-979-3759
4052,CUS0004052,Madison,Mendoza,F,1957-02-12,Indonesian,christiancamacho@example.com,662.207.1389x47785
4053,CUS0004053,Jill,Green,F,1973-11-30,Japanese,christinahill@example.org,(836)846-2850
4054,CUS0004054,Jesus,Moore,M,1950-10-24,Indonesian,rsosa@example.com,705-950-3750x1605
4055,CUS0004055,Paul,Ramirez,M,1983-02-01,Indonesian,ibarnett@example.org,828.773.5768x5642
4056,CUS0004056,Christy,Hartman,F,1989-11-04,Malaysian,harveyjustin@example.org,874.316.8674x4899
4057,CUS0004057,Michael,Randolph,M,2007-12-26,Singaporean,sandovalryan@example.org,+1-304-243-5835
4058,CUS0004058,Anthony,Caldwell,M,1982-06-16,Australian,tylerjennifer@example.net,(903)645-3007x34152
4059,CUS0004059,Peter,Moore,M,1956-03-06,Malaysian,amandasanchez@example.org,+1-943-680-1808x753
4060,CUS0004060,Ashley,Arellano,F,1999-09-27,Indonesian,ksmith@example.com,+1-474-658-6189x4206
4061,CUS0004061,Joshua,Bryant,M,1959-03-26,Indonesian,francokaren@example.org,(236)555-2205x384
4062,CUS0004062,Adam,Mckay,M,1957-05-13,Malaysian,steven16@example.org,+1-754-267-2390x441
4063,CUS0004063,Jill,Poole,F,1955-09-01,Australian,wesleygonzalez@example.net,+1-751-646-3547x65848
4064,CUS0004064,Randy,Acosta,M,1978-03-26,Japanese,aaroncordova@example.org,001-848-367-3702x197
4065,CUS0004065,Karen,Green,F,1959-10-25,Singaporean,fturner@example.com,(725)251-4588
4066,CUS0004066,Caleb,White,M,1990-03-21,Australian,carralejandro@example.org,2269390019
4067,CUS0004067,Michelle,Bradley,F,1968-11-30,Australian,kevinatkins@example.net,9602771872
4068,CUS0004068,Chelsey,Edwards,F,1996-05-29,Japanese,amy82@example.net,9246469439
4069,CUS0004069,Christopher,Nguyen,M,1983-11-10,Malaysian,albertgates@example.org,345-538-2332
4070,CUS0004070,Nathan,Johnson,M,2007-10-30,Australian,anacruz@example.net,822.367.2356x11943
4071,CUS0004071,Diane,Cervantes,F,1976-10-21,Japanese,brendagrant@example.org,855.231.8444
4072,CUS0004072,Edwin,Fox,M,1973-04-03,Indonesian,sgonzalez@example.com,268-880-1771
4073,CUS0004073,William,Long,M,1968-02-10,Indonesian,fostersara@example.org,(935)364-1407
4074,CUS0004074,Ryan,Chase,M,1955-12-07,Japanese,stewartjohn@example.net,437-418-3497
4075,CUS0004075,Levi,Brown,M,1987-08-10,Japanese,alexanderamber@example.com,+1-885-299-1928x92176
4076,CUS0004076,Timothy,Perez,M,1986-07-19,Japanese,joseburch@example.net,(726)246-1615x01860
4077,CUS0004077,Cynthia,Zavala,F,2006-01-19,Malaysian,hubervictor@example.com,614-907-6703
4078,CUS0004078,Alicia,Hunter,F,1977-04-22,Australian,timothyevans@example.com,562-525-0747x6219
4079,CUS0004079,Natasha,Flores,F,1966-01-05,Singaporean,joneswilliam@example.com,001-970-771-9925
4080,CUS0004080,Bryan,Ellis,M,1967-08-02,Singaporean,melody03@example.com,(287)356-7311
4081,CUS0004081,John,Cruz,M,2008-01-28,Indonesian,scottdavis@example.org,(515)640-9856x91039
4082,CUS0004082,Justin,Brown,M,1966-11-21,Malaysian,larrypeterson@example.net,317.342.2165
4083,CUS0004083,Heather,Stevenson,F,1982-11-06,Japanese,mayspaul@example.net,889.453.7928x063
4084,CUS0004084,Debbie,Jones,F,2005-08-06,Malaysian,christiegarcia@example.org,658-425-0843
4085,CUS0004085,Brandon,Quinn,M,1961-04-16,Singaporean,schwartzmichelle@example.net,(988)229-1454
4086,CUS0004086,Maria,Flores,F,1969-08-11,Malaysian,jasondavis@example.com,001-454-432-4439
4087,CUS0004087,Amy,Owens,F,1994-09-14,Malaysian,montoyamark@example.org,+1-998-494-0816
4088,CUS0004088,Dana,Cannon,F,1964-12-13,Indonesian,xrichards@example.org,001-907-638-5153x4356
4089,CUS0004089,Benjamin,Roberts,M,1996-01-29,Indonesian,prestonkevin@example.org,345.756.3780x187
4090,CUS0004090,Brandon,Shepherd,M,1950-12-26,Japanese,fosterkenneth@example.net,(912)999-2623x61815
4091,CUS0004091,Jeremy,Dunlap,M,1959-05-13,Australian,tannerespinoza@example.com,5792047552
4092,CUS0004092,Priscilla,Conley,F,1997-07-03,Singaporean,crystal01@example.org,529.600.1124
4093,CUS0004093,Brian,Woodward,M,1997-01-21,Singaporean,donglenn@example.org,001-851-710-8809x89506
4094,CUS0004094,Kyle,Bush,M,1965-10-23,Malaysian,randall14@example.org,8814452860
4095,CUS0004095,Robert,Webb,M,1971-04-13,Australian,travis07@example.com,+1-852-524-9949x897
4096,CUS0004096,Laura,Gray,F,1953-08-14,Japanese,sfoster@example.org,001-865-587-0152x950
4097,CUS0004097,Nicole,Rogers,F,1957-11-22,Japanese,owallace@example.com,304.845.6759
4098,CUS0004098,Dana,Taylor,F,1970-11-04,Japanese,tinaflores@example.net,+1-751-412-7481x6269
4099,CUS0004099,Susan,Johnson,F,1979-06-30,Australian,ssmith@example.net,001-793-821-9746
4100,CUS0004100,Christine,Mccoy,F,1960-06-18,Singaporean,robert02@example.net,261.497.6813x891
4101,CUS0004101,Matthew,Gardner,M,1999-02-07,Australian,antonio89@example.net,765.900.3190
4102,CUS0004102,Justin,Hodge,M,1961-03-23,Australian,alexandria22@example.org,565.920.7748x60256
4103,CUS0004103,Ronald,Crane,M,1956-07-04,Indonesian,dosborn@example.net,+1-972-673-2855x779
4104,CUS0004104,Justin,Scott,M,1950-06-11,Singaporean,frederick28@example.com,798-927-2606
4105,CUS0004105,Jessica,Moore,F,1998-06-13,Japanese,hruiz@example.org,419-778-6804x2887
4106,CUS0004106,Robert,Warren,M,1980-05-02,Singaporean,heathermartinez@example.net,(941)457-1762x696
4107,CUS0004107,Renee,Haney,F,1959-09-21,Malaysian,todd55@example.com,646-559-9831
4108,CUS0004108,Virginia,Wheeler,F,1990-11-04,Singaporean,jeremy18@example.net,615.530.5865
4109,CUS0004109,Robin,Barnett,F,1988-08-15,Singaporean,colemandaniel@example.org,342.951.8697x5667
4110,CUS0004110,Matthew,Delacruz,M,1958-12-01,Malaysian,melissa09@example.com,001-758-261-3934x749
4111,CUS0004111,William,Phillips,M,1954-10-04,Indonesian,cynthia06@example.org,607.898.4363
4112,CUS0004112,Angela,Cortez,F,1972-03-01,Indonesian,zguzman@example.org,904-986-9384x1370
4113,CUS0004113,Allen,Lin,M,1963-04-30,Singaporean,cannonchristopher@example.org,482-360-6068
4114,CUS0004114,Kara,Alexander,F,1978-12-12,Australian,mary67@example.org,001-457-842-0500x80001
4115,CUS0004115,Todd,Barker,M,1962-12-28,Japanese,mckaydavid@example.net,2686870909
4116,CUS0004116,Carla,Hernandez,F,1978-03-19,Indonesian,rwalker@example.com,(445)204-0794x2592
4117,CUS0004117,Christopher,Benjamin,M,1992-11-30,Singaporean,krista07@example.com,235-393-2561x837
4118,CUS0004118,Richard,Gibson,M,2005-09-04,Malaysian,ftorres@example.net,(562)814-5984x84716
4119,CUS0004119,Victor,Garcia,M,1996-06-06,Singaporean,nicholas26@example.net,001-214-315-5014x57004
4120,CUS0004120,Karina,Lopez,F,1965-11-10,Singaporean,fcook@example.org,+1-928-261-3188x3955
4121,CUS0004121,Ann,Johnson,F,1979-06-18,Japanese,guerrerochristine@example.net,001-659-442-5352x5370
4122,CUS0004122,Allen,Zimmerman,M,1974-09-21,Singaporean,denise44@example.org,+1-409-395-8928
4123,CUS0004123,Matthew,Robles,M,2005-07-21,Indonesian,alopez@example.net,597.572.5188
4124,CUS0004124,Justin,Chen,M,1973-03-24,Malaysian,kevinwillis@example.org,5267398649
4125,CUS0004125,Edward,Watkins,M,1994-05-27,Indonesian,vsmith@example.com,253-788-2234x0917
4126,CUS0004126,Steven,Washington,M,1971-03-03,Australian,vanessathomas@example.com,328.227.5987x68079
4127,CUS0004127,Ryan,Martinez,M,1966-02-12,Malaysian,parkerbrandi@example.org,001-993-438-6345
4128,CUS0004128,Danny,Buchanan,M,1994-11-20,Malaysian,vhernandez@example.net,001-984-598-1145x758
4129,CUS0004129,Stephanie,Henson,F,1987-07-13,Singaporean,richardsonheather@example.com,511-252-4718x71000
4130,CUS0004130,Stephanie,Sanchez,F,1995-04-15,Malaysian,meredithwells@example.org,528.863.2494x878
4131,CUS0004131,Thomas,Andersen,M,1999-03-26,Japanese,kempcathy@example.com,001-255-382-8146x1727
4132,CUS0004132,Kristi,Wilson,F,1985-05-19,Indonesian,ideleon@example.org,628.936.0696x6884
4133,CUS0004133,Kevin,Lynch,M,1956-04-25,Singaporean,ilee@example.org,6625480727
4134,CUS0004134,George,Hicks,M,1975-02-14,Singaporean,yduncan@example.org,774.234.2050x24090
4135,CUS0004135,Justin,Clark,M,1998-01-16,Japanese,michael37@example.org,(709)326-9252x617
4136,CUS0004136,Holly,Scott,F,1985-12-29,Malaysian,nicolethompson@example.net,570.402.1361x39992
4137,CUS0004137,Tara,Willis,F,1984-10-01,Japanese,rguerra@example.net,+1-245-912-2760x7866
4138,CUS0004138,Tanya,Powell,F,1970-01-13,Singaporean,kathleendurham@example.org,771.335.9923x3128
4139,CUS0004139,Brandon,Singh,M,2000-05-28,Japanese,reeddavid@example.org,626-825-7489
4140,CUS0004140,James,Snyder,M,1976-09-07,Japanese,matthew57@example.com,+1-719-343-4254x82508
4141,CUS0004141,Angela,Torres,F,1989-04-04,Singaporean,shannon50@example.net,565-434-2542x2880
4142,CUS0004142,Jennifer,Jackson,F,1983-01-20,Singaporean,kim05@example.com,+1-968-873-3520x188
4143,CUS0004143,Sean,Miller,M,1996-12-18,Malaysian,mhuff@example.org,(786)965-3581
4144,CUS0004144,Manuel,Rodriguez,M,1980-07-19,Japanese,christophermeyer@example.net,+1-223-585-5151
4145,CUS0004145,Stephanie,Powell,F,1980-03-19,Singaporean,brandonli@example.org,280-381-2727x460
4146,CUS0004146,Paul,Davis,M,1980-01-03,Australian,oyoung@example.org,001-310-484-8557x9393
4147,CUS0004147,David,Garcia,M,1969-11-10,Singaporean,lsullivan@example.com,484-961-5910x145
4148,CUS0004148,Mary,Garcia,F,1995-07-20,Japanese,jocelynhill@example.net,313-287-5093
4149,CUS0004149,Morgan,Klein,F,1957-07-14,Australian,sperez@example.com,+1-399-871-7772x16640
4150,CUS0004150,Valerie,Flores,F,1973-09-05,Singaporean,susanward@example.com,+1-772-880-8937x259
4151,CUS0004151,Ashley,Griffith,F,1991-02-11,Malaysian,melissasantiago@example.org,848-610-2703
4152,CUS0004152,Michelle,Gomez,F,1998-02-18,Australian,vsanders@example.net,5527723754
4153,CUS0004153,Elizabeth,Olson,F,1996-12-09,Malaysian,wilsongeorge@example.net,5749869935
4154,CUS0004154,Michelle,Campos,F,1980-11-06,Japanese,fritzjennifer@example.com,(459)614-4450x3231
4155,CUS0004155,Mark,Duarte,M,2000-01-08,Singaporean,farmermadeline@example.com,425-989-1596x545
4156,CUS0004156,Tony,Ellis,M,1962-12-13,Singaporean,scottryan@example.net,694.224.1850
4157,CUS0004157,Alexandra,Smith,F,1983-11-22,Singaporean,gatesjasmine@example.com,(240)482-8330
4158,CUS0004158,Julie,Hall,F,1972-04-23,Singaporean,angelaburke@example.org,970-926-7218x25715
4159,CUS0004159,Crystal,Martinez,F,1983-01-27,Australian,john63@example.net,886.490.3618x439
4160,CUS0004160,Caitlin,Richards,F,1994-12-18,Japanese,tanyajenkins@example.org,001-557-217-8300
4161,CUS0004161,Mark,Gray,M,1967-07-05,Malaysian,morrisbrooke@example.net,001-574-582-8758
4162,CUS0004162,Yesenia,Davis,F,1987-07-24,Japanese,emilysmith@example.net,(815)373-2083
4163,CUS0004163,Scott,Bennett,M,1962-12-21,Singaporean,wesleylawrence@example.com,311.809.8204
4164,CUS0004164,Brandon,Lopez,M,1979-08-04,Malaysian,angelaparks@example.net,(770)415-8967x196
4165,CUS0004165,Maria,Delgado,F,2008-05-22,Japanese,martinmary@example.com,+1-480-232-7399x666
4166,CUS0004166,Laura,Harris,F,1969-07-27,Singaporean,hoodamy@example.org,001-291-675-6735x0822
4167,CUS0004167,Johnny,Leonard,M,2003-02-09,Australian,andrewwatkins@example.com,001-507-548-8241
4168,CUS0004168,Heather,Mcdonald,F,1952-07-05,Australian,rshelton@example.org,+1-790-214-7342x7220
4169,CUS0004169,Lisa,Douglas,F,1974-12-11,Australian,fordjustin@example.net,001-986-522-0686
4170,CUS0004170,Jennifer,Hill,F,1993-01-18,Australian,caleb52@example.org,(398)720-2901x665
4171,CUS0004171,Andrea,Baker,F,1980-05-28,Australian,johncampbell@example.net,(266)647-9846x50335
4172,CUS0004172,Janet,Waters,F,1953-08-04,Malaysian,floresdennis@example.com,(509)860-3075x856
4173,CUS0004173,Stephanie,Eaton,F,1959-05-25,Indonesian,briannamccarty@example.net,457-563-4339x971
4174,CUS0004174,Jason,Gamble,M,1980-01-31,Australian,lawsonsarah@example.com,001-970-361-9878x018
4175,CUS0004175,Jason,Cruz,M,1990-03-27,Malaysian,josephmiller@example.com,967-324-2742x07842
4176,CUS0004176,Philip,Huynh,M,1954-09-16,Malaysian,scottcooper@example.com,386-971-4364x8936
4177,CUS0004177,Ernest,Dorsey,M,1951-02-26,Malaysian,anorris@example.org,(251)488-2816
4178,CUS0004178,Paul,Barr,M,1966-06-10,Malaysian,kelly10@example.org,(401)439-2160
4179,CUS0004179,Thomas,Golden,M,1992-01-03,Indonesian,stephenfigueroa@example.net,001-497-526-3329x3300
4180,CUS0004180,Christopher,Neal,M,1961-06-27,Indonesian,thomasalan@example.com,(224)817-4860
4181,CUS0004181,Debra,Bond,F,1996-12-20,Indonesian,johnvazquez@example.net,2296027699
4182,CUS0004182,Steven,Williams,M,1988-05-13,Malaysian,allenfields@example.org,001-569-927-8297x25398
4183,CUS0004183,Dylan,Perez,M,1968-07-14,Malaysian,jonesjacob@example.net,590-385-6432x065
4184,CUS0004184,Brianna,Baker,F,1966-08-25,Malaysian,teresafranklin@example.com,+1-554-857-3485x4132
4185,CUS0004185,Jane,Rocha,F,1978-10-05,Singaporean,marywhite@example.org,+1-781-497-3349x45204
4186,CUS0004186,Douglas,Douglas,M,1954-06-08,Japanese,garrett73@example.net,+1-789-607-6131x8763
4187,CUS0004187,Michelle,Johnson,F,1962-01-16,Indonesian,alanmoore@example.net,(478)986-9512x70570
4188,CUS0004188,Cheryl,Smith,F,1996-08-31,Malaysian,aprilwhite@example.org,2002390110
4189,CUS0004189,Latoya,Thompson,F,1988-06-10,Australian,danielbenjamin@example.org,388.978.1514
4190,CUS0004190,Kathy,Kirby,F,1979-05-07,Japanese,justin01@example.com,(942)295-5538
4191,CUS0004191,Kelly,Tapia,M,1956-06-20,Australian,elizabeth22@example.net,001-705-683-2837x1587
4192,CUS0004192,David,Bishop,M,1964-12-26,Australian,josephhernandez@example.com,(260)247-2948x4220
4193,CUS0004193,Brian,Carter,M,2003-08-14,Singaporean,bestsylvia@example.com,+1-309-570-6704x3024
4194,CUS0004194,Timothy,Johnson,M,1998-05-24,Australian,watsonmary@example.org,557.641.5181
4195,CUS0004195,Troy,Cohen,M,1993-11-15,Japanese,coxdominique@example.com,001-739-990-5379x9915
4196,CUS0004196,Brittany,Baldwin,F,1976-09-21,Australian,deborah18@example.org,(328)926-1362x43419
4197,CUS0004197,Yvonne,Lambert,F,1963-12-11,Indonesian,annette29@example.com,240-255-4632x1827
4198,CUS0004198,Shannon,Callahan,F,1976-12-25,Singaporean,rubenroberson@example.org,8844476077
4199,CUS0004199,Kelly,Jimenez,F,1970-03-25,Australian,jessewilcox@example.net,+1-489-785-2588x0496
4200,CUS0004200,Christopher,Duarte,M,1972-04-16,Australian,marksjane@example.com,495.331.3135
4201,CUS0004201,Elizabeth,Hunter,F,1995-06-09,Japanese,erowland@example.com,631-792-6219x731
4202,CUS0004202,Jesse,Simmons,M,1975-05-26,Malaysian,jacob86@example.net,(901)694-6116x0810
4203,CUS0004203,Michael,Knox,M,1974-07-09,Japanese,danielle86@example.org,+1-850-385-5110x8030
4204,CUS0004204,Gregory,Mendoza,M,1954-07-09,Malaysian,steven70@example.org,+1-571-831-1942x7100
4205,CUS0004205,Robert,Baird,M,1951-01-05,Australian,jclark@example.net,001-779-788-1594x5606
4206,CUS0004206,Marie,Love,F,1989-01-22,Malaysian,riverakaren@example.com,(775)509-0161
4207,CUS0004207,Steven,Becker,M,1977-01-07,Australian,joshua31@example.com,(430)203-0045
4208,CUS0004208,Kelsey,Moore,F,1971-08-31,Australian,hancockchristine@example.net,+1-588-831-1496
4209,CUS0004209,Kathleen,Weaver,F,2006-09-03,Malaysian,joshua21@example.net,670-462-2178
4210,CUS0004210,Taylor,Gutierrez,M,1950-08-28,Japanese,edwardsmith@example.net,790.629.1542
4211,CUS0004211,Michael,Hunter,M,2003-02-20,Singaporean,rodriguezdarin@example.com,001-870-212-4423
4212,CUS0004212,Michael,Flores,M,1983-09-26,Malaysian,traciwhite@example.org,+1-217-512-3209x554
4213,CUS0004213,Diana,Yoder,F,1999-02-16,Australian,rberry@example.net,2302665693
4214,CUS0004214,Nathaniel,Franklin,M,1967-03-31,Australian,vflores@example.com,561.234.2823x344
4215,CUS0004215,Michael,Wells,M,1971-05-08,Japanese,toddbarber@example.org,(313)395-4149x161
4216,CUS0004216,Brittany,Scott,F,1972-01-26,Singaporean,mmay@example.com,(532)968-6251
4217,CUS0004217,Karen,Wells,F,1995-11-11,Indonesian,kellymichael@example.org,948.631.0344x69430
4218,CUS0004218,Taylor,Crosby,F,1984-07-22,Japanese,brandonsweeney@example.com,001-868-712-7888x90122
4219,CUS0004219,Anita,Rich,F,1953-11-11,Malaysian,wjackson@example.com,920-752-0306x5712
4220,CUS0004220,Nathan,Robinson,M,1995-08-13,Singaporean,william80@example.org,360.649.4742
4221,CUS0004221,Christopher,Baker,M,1997-07-09,Japanese,shawncastro@example.net,+1-804-457-6922
4222,CUS0004222,Henry,Hoffman,M,1970-08-12,Indonesian,bmcconnell@example.com,+1-621-676-9995x90530
4223,CUS0004223,Rebecca,Hammond,F,1956-04-12,Indonesian,devans@example.com,995.690.7009
4224,CUS0004224,Antonio,Suarez,M,1966-09-11,Singaporean,hrobinson@example.org,001-390-693-3186x83985
4225,CUS0004225,Michael,Montgomery,M,1977-02-10,Australian,twoodward@example.com,291.989.0091
4226,CUS0004226,Cynthia,Martin,F,1956-11-02,Singaporean,david19@example.com,001-734-286-0717x754
4227,CUS0004227,John,Daniel,M,1975-02-10,Malaysian,bgordon@example.net,7479790013
4228,CUS0004228,Michael,Murray,M,1955-04-08,Australian,wrightjacob@example.org,905.594.6696x1479
4229,CUS0004229,Shawn,Carpenter,M,1977-01-10,Malaysian,alicia33@example.net,(629)454-0054x530
4230,CUS0004230,Stephen,Mitchell,M,1999-08-10,Singaporean,loribarker@example.com,001-265-418-9994x0364
4231,CUS0004231,Laura,Clayton,F,1979-11-16,Australian,jbrowning@example.net,732.662.1003
4232,CUS0004232,Karen,Cunningham,F,2007-05-15,Singaporean,nathan52@example.org,001-983-462-3081
4233,CUS0004233,Michael,Smith,M,1983-02-22,Singaporean,rdavis@example.org,9444156820
4234,CUS0004234,Karen,Tanner,F,1989-02-09,Australian,ashley94@example.net,4185989266
4235,CUS0004235,Pedro,Thornton,M,1994-05-10,Australian,dcole@example.net,+1-665-560-0229x5703
4236,CUS0004236,Gregory,Brooks,M,1968-10-08,Singaporean,alvarezbrian@example.net,001-787-467-9936x891
4237,CUS0004237,Andrew,Abbott,M,1971-05-15,Malaysian,phale@example.com,277.341.5463x3441
4238,CUS0004238,Cassandra,Johnson,F,1962-07-11,Australian,torresmaria@example.com,(907)448-0155
4239,CUS0004239,Anthony,Cruz,M,1959-09-09,Japanese,spencermiller@example.org,001-568-507-5009x6708
4240,CUS0004240,Stefanie,Rose,F,1998-08-17,Japanese,pattersonlauren@example.org,001-438-328-7899x17235
4241,CUS0004241,Henry,Chase,M,1963-05-08,Japanese,mcarlson@example.org,571.600.2397x70431
4242,CUS0004242,Heather,Schroeder,F,1975-08-22,Malaysian,russellalyssa@example.net,001-332-389-9710x57549
4243,CUS0004243,Bill,Nichols,M,1992-04-10,Indonesian,ortizlori@example.org,001-689-589-1128x1471
4244,CUS0004244,Juan,Phillips,M,1952-08-04,Australian,bowerschristopher@example.net,703-535-9690x0705
4245,CUS0004245,Alan,Patterson,M,1959-07-16,Australian,fgriffin@example.net,(698)468-3017x76260
4246,CUS0004246,Steve,Bartlett,M,1996-07-14,Japanese,nathan79@example.com,001-369-968-2606x92804
4247,CUS0004247,Lisa,Brooks,F,1986-11-23,Japanese,bobbywalker@example.org,7377660028
4248,CUS0004248,Amy,Peters,F,1969-06-17,Australian,fstrickland@example.org,(389)273-1736x72310
4249,CUS0004249,Lisa,Schaefer,F,2007-03-28,Japanese,gkelly@example.org,8125073081
4250,CUS0004250,Warren,Mason,M,1956-01-11,Indonesian,hinesandrew@example.com,001-325-477-2619x58436
4251,CUS0004251,Tracy,Lee,F,1974-03-29,Australian,lauren24@example.org,482-528-0857x6236
4252,CUS0004252,Laura,Ortiz,F,1957-07-28,Malaysian,zoemorgan@example.org,(948)255-2568
4253,CUS0004253,Kelly,Williams,F,1997-10-04,Japanese,michaelroberson@example.com,(398)598-2054
4254,CUS0004254,John,Villarreal,M,2007-12-08,Australian,victoriathompson@example.org,(771)264-3169
4255,CUS0004255,Antonio,Jenkins,M,1968-06-06,Singaporean,hodgescharles@example.com,6209122125
4256,CUS0004256,Pamela,Young,F,1981-10-03,Australian,zachary48@example.net,001-536-798-0225x091
4257,CUS0004257,Mary,Quinn,F,1998-06-16,Singaporean,lewisheather@example.org,441-357-0995
4258,CUS0004258,Antonio,Adams,M,2004-09-27,Australian,cooperamanda@example.net,(361)610-4476
4259,CUS0004259,Kenneth,Baker,M,1970-06-22,Singaporean,reedchristian@example.com,919.445.7545x23558
4260,CUS0004260,Kevin,Stewart,M,1950-08-09,Malaysian,lori24@example.org,408-471-5409
4261,CUS0004261,Lisa,Cohen,F,1963-09-04,Indonesian,robert29@example.com,(754)983-5459
4262,CUS0004262,Cody,Clark,M,1985-09-26,Australian,lisa50@example.org,(430)897-2967
4263,CUS0004263,Jamie,Armstrong,F,1959-09-14,Japanese,claire40@example.com,(509)243-4102
4264,CUS0004264,Brian,Alvarado,M,1953-11-12,Malaysian,hoganjohn@example.com,839.888.6849
4265,CUS0004265,Jason,Sullivan,M,1964-01-25,Indonesian,jill15@example.net,591.822.1904
4266,CUS0004266,Amanda,Stewart,F,1989-04-05,Australian,adamsjohn@example.net,244-269-4421x1067
4267,CUS0004267,Tiffany,Clark,F,1952-12-13,Singaporean,georgeschroeder@example.net,651-687-1040
4268,CUS0004268,Tara,Green,F,2002-01-08,Singaporean,kperez@example.net,001-922-284-0144
4269,CUS0004269,Michael,Herman,M,1973-06-09,Australian,oblanchard@example.com,205.841.6318x92750
4270,CUS0004270,Matthew,Knight,M,1961-03-11,Indonesian,rogerscheryl@example.org,+1-505-506-7481x79890
4271,CUS0004271,Tara,Suarez,F,1990-09-15,Australian,timothystrickland@example.net,001-681-730-1217x0994
4272,CUS0004272,Sherry,Jones,F,1954-11-05,Australian,jonathanbrown@example.net,8613691853
4273,CUS0004273,Anthony,Porter,M,1982-04-16,Australian,ysavage@example.com,9259891271
4274,CUS0004274,David,Patton,M,1977-06-21,Indonesian,jennifer78@example.org,8525894168
4275,CUS0004275,Angel,Mason,F,1974-08-03,Indonesian,david56@example.com,(378)379-0541x1669
4276,CUS0004276,Thomas,Clark,M,1951-10-23,Malaysian,duane42@example.com,+1-296-296-9768x699
4277,CUS0004277,Victoria,Grant,F,1984-08-20,Australian,rossteresa@example.com,937-296-4049
4278,CUS0004278,Christine,Young,F,1956-11-08,Indonesian,allennancy@example.org,(257)470-1830x784
4279,CUS0004279,Paul,Gay,M,1976-01-19,Japanese,suttonjanice@example.com,520.713.0223
4280,CUS0004280,Devon,Wright,M,1981-01-30,Australian,halljames@example.net,947-527-8121x965
4281,CUS0004281,Rodney,Sloan,M,1972-04-23,Australian,tina60@example.net,(860)576-6471x2434
4282,CUS0004282,Deborah,Murphy,F,1990-09-25,Singaporean,rpeterson@example.com,898.200.5832x6973
4283,CUS0004283,Jeffrey,Spears,M,2000-10-29,Indonesian,jonesmary@example.net,721.809.5927x83328
4284,CUS0004284,Roger,Hall,M,1968-03-16,Singaporean,darren61@example.net,4654151382
4285,CUS0004285,Jennifer,Mendez,F,1963-10-17,Indonesian,ghines@example.net,649.496.0520
4286,CUS0004286,Stacy,Thomas,F,2006-02-05,Singaporean,emaldonado@example.net,688.251.5869
4287,CUS0004287,Louis,Bass,M,1982-01-29,Indonesian,ricelauren@example.net,+1-217-880-7661x545
4288,CUS0004288,Ashley,Meyer,F,1953-12-22,Singaporean,haastina@example.com,812-620-1635x76913
4289,CUS0004289,Maria,White,F,1996-12-15,Malaysian,brittany56@example.net,321-622-8985x354
4290,CUS0004290,David,Davis,M,2004-12-06,Singaporean,guy73@example.com,525.215.3104
4291,CUS0004291,Joshua,Carter,M,1965-06-21,Japanese,johnsonbenjamin@example.com,+1-504-775-4769x171
4292,CUS0004292,Justin,Jones,M,1984-12-06,Australian,tiffany91@example.com,(484)971-2719
4293,CUS0004293,Christopher,Torres,M,1991-07-23,Japanese,mmedina@example.org,330.565.5976
4294,CUS0004294,Henry,Anderson,M,1959-11-05,Australian,wolfeeric@example.org,796.717.7001x280
4295,CUS0004295,Melissa,Chavez,F,1994-08-25,Australian,amy98@example.org,711.698.9683
4296,CUS0004296,Andrew,Taylor,M,1972-06-13,Japanese,bhartman@example.net,(705)264-3290x0889
4297,CUS0004297,Robert,Jones,M,1984-05-21,Indonesian,victornguyen@example.com,001-536-822-9822x505
4298,CUS0004298,Erica,Lee,F,1959-03-12,Singaporean,lesliebaker@example.net,220-694-1844x462
4299,CUS0004299,Scott,Lopez,M,1973-05-01,Malaysian,lreid@example.com,(273)413-9211
4300,CUS0004300,Matthew,Walker,M,1987-04-29,Singaporean,ellisjason@example.com,001-972-590-3216x51556
4301,CUS0004301,Patrick,Gonzales,M,1955-05-12,Indonesian,gibsondevin@example.com,787.965.9732x460
4302,CUS0004302,Nicole,Blake,F,1974-03-06,Indonesian,mercadoheather@example.org,+1-925-205-8368x251
4303,CUS0004303,Mark,Ramirez,M,1994-08-22,Malaysian,diana52@example.com,546.993.4432x228
4304,CUS0004304,Ronnie,Clayton,M,1963-10-06,Indonesian,lopeztroy@example.org,(604)748-4000
4305,CUS0004305,Daniel,Roberts,M,1977-02-25,Indonesian,loriporter@example.net,+1-928-917-2724x334
4306,CUS0004306,Christopher,Smith,M,1986-08-16,Singaporean,justin76@example.org,+1-782-855-9948x4827
4307,CUS0004307,Jacob,Larson,M,1983-11-25,Australian,oayala@example.net,001-794-313-0087x10623
4308,CUS0004308,James,Lewis,M,1957-10-01,Malaysian,emilybaker@example.com,001-864-495-6656x60207
4309,CUS0004309,Diana,Gross,F,1955-10-22,Japanese,jessicaperkins@example.org,001-627-634-8579x49418
4310,CUS0004310,Christopher,Flores,M,1969-04-06,Japanese,jeffrey05@example.com,(749)241-5874x491
4311,CUS0004311,Christopher,Moore,M,1990-12-23,Japanese,carlos85@example.net,+1-797-268-1165
4312,CUS0004312,Sandra,Horton,F,1991-09-25,Australian,collinsbryan@example.net,869.291.5748x004
4313,CUS0004313,Joseph,Smith,M,1998-12-18,Singaporean,nicholasjimenez@example.net,(924)690-9342
4314,CUS0004314,Steven,Cole,M,1984-09-10,Indonesian,stephen22@example.net,555-915-6249
4315,CUS0004315,Brenda,Burke,F,2005-01-23,Malaysian,austinclark@example.org,(604)826-3759x9729
4316,CUS0004316,Mark,Odonnell,M,1985-01-06,Indonesian,stephen05@example.org,+1-357-659-9753x92918
4317,CUS0004317,Amanda,Ramirez,F,2007-08-27,Malaysian,robert52@example.net,589-235-8058
4318,CUS0004318,Jeremy,Cervantes,M,1959-09-15,Australian,strongjohn@example.org,(802)444-2117x3849
4319,CUS0004319,Nicholas,Baker,M,1998-12-05,Australian,ucastro@example.com,+1-450-570-1342
4320,CUS0004320,Frederick,Stewart,M,1951-12-29,Indonesian,kirk05@example.com,001-610-362-0802x0110
4321,CUS0004321,Brianna,Cox,F,1984-10-28,Japanese,sbarker@example.net,+1-760-722-5092x0119
4322,CUS0004322,Carla,Miller,F,1959-11-26,Indonesian,tracyanderson@example.com,225-692-7976
4323,CUS0004323,Angel,Hayes,M,1986-08-29,Singaporean,kimberlysparks@example.org,2845952540
4324,CUS0004324,Holly,Mcclain,F,1958-01-11,Malaysian,joshuastewart@example.com,894-378-9792x6911
4325,CUS0004325,Jennifer,Estrada,F,1976-11-18,Indonesian,olong@example.org,(966)931-8829
4326,CUS0004326,James,Wolfe,M,1960-07-25,Malaysian,mitchell48@example.com,666-626-3575
4327,CUS0004327,Gary,Evans,M,2006-08-25,Japanese,vanessa16@example.net,531.242.1472
4328,CUS0004328,Sharon,Moore,F,1953-10-06,Australian,martin40@example.org,941.224.3205x8920
4329,CUS0004329,Matthew,Banks,M,1976-08-01,Malaysian,vdavis@example.org,(276)534-8528x5295
4330,CUS0004330,Michael,Davis,M,1960-07-29,Malaysian,rodriguezjudy@example.org,001-979-968-5596x5211
4331,CUS0004331,Shelly,Arnold,F,1951-07-20,Indonesian,jacksondaniel@example.org,393-690-3064x16702
4332,CUS0004332,Krystal,Brock,F,1993-01-08,Indonesian,hoganwilliam@example.org,701-507-7250x210
4333,CUS0004333,Amy,Jordan,F,1950-06-24,Australian,james29@example.org,453.994.1187
4334,CUS0004334,Devon,Cooley,M,1991-08-17,Japanese,jerrymiller@example.com,(313)963-1159x69554
4335,CUS0004335,Joshua,Rush,M,1988-02-13,Singaporean,rhonda76@example.org,916-525-3164x023
4336,CUS0004336,Kenneth,Choi,M,1954-01-19,Japanese,micheal74@example.org,+1-729-586-0377x90542
4337,CUS0004337,Tony,Alvarez,M,1951-12-30,Malaysian,trevorstein@example.org,478-887-2878
4338,CUS0004338,Gerald,Williams,M,1992-12-29,Australian,christianjackson@example.org,(348)536-6253x967
4339,CUS0004339,Tyrone,Osborne,M,1990-06-08,Japanese,james21@example.com,395-722-3931x59105
4340,CUS0004340,Andrew,Webb,M,2003-09-04,Indonesian,kbuchanan@example.net,708-291-8870
4341,CUS0004341,Andrew,Williams,M,1986-04-14,Malaysian,garciavictoria@example.org,9366096033
4342,CUS0004342,Kristine,Morales,F,1955-04-07,Malaysian,richardmorrow@example.com,(880)279-3446
4343,CUS0004343,Mark,Rodriguez,M,1961-01-13,Singaporean,christopherhines@example.com,001-380-644-6007
4344,CUS0004344,Laurie,Lewis,F,1992-07-13,Singaporean,briantucker@example.org,+1-504-299-7805x50144
4345,CUS0004345,Brett,Roach,M,1993-01-05,Singaporean,ytucker@example.com,721-607-5353
4346,CUS0004346,Melanie,Jackson,F,1967-02-22,Malaysian,nwood@example.com,(658)349-1282x642
4347,CUS0004347,Derrick,Black,M,1992-08-08,Malaysian,nwilson@example.com,(858)354-7398x9301
4348,CUS0004348,Tricia,Best,F,1991-09-17,Indonesian,kennethgray@example.net,415-507-1689
4349,CUS0004349,Brianna,Wolf,F,1983-07-04,Malaysian,millernicholas@example.com,230-415-7055x70143
4350,CUS0004350,Randall,Flowers,M,1977-01-09,Singaporean,qvaldez@example.net,582-444-0428
4351,CUS0004351,Dawn,Andersen,F,1953-03-14,Malaysian,joseph08@example.com,(897)596-7642
4352,CUS0004352,Nathan,Dawson,M,1958-09-30,Singaporean,ericperry@example.org,327-841-4055
4353,CUS0004353,Thomas,Mejia,M,2001-03-14,Singaporean,ymcdonald@example.org,+1-616-816-9349x617
4354,CUS0004354,David,Hayes,M,1998-12-24,Japanese,brianrichard@example.net,720-575-7046x48371
4355,CUS0004355,Norma,Lee,F,1978-10-29,Japanese,erintucker@example.com,816.974.3121x82725
4356,CUS0004356,Courtney,Phillips,F,1984-04-10,Singaporean,miranda17@example.net,616-347-5609x1575
4357,CUS0004357,Jacqueline,Mendez,F,1958-07-26,Indonesian,karla82@example.org,528-720-9788x622
4358,CUS0004358,Samuel,Wyatt,M,1999-10-22,Australian,edwardwalker@example.net,(786)887-9732
4359,CUS0004359,Anthony,Ray,M,1998-07-29,Singaporean,mistyharper@example.com,(285)398-9344x328
4360,CUS0004360,Kyle,Craig,M,1992-06-22,Singaporean,michael77@example.net,7172154894
4361,CUS0004361,Jake,Sutton,M,2007-07-07,Singaporean,pmartinez@example.com,+1-807-668-2637x40685
4362,CUS0004362,Jason,Lloyd,M,2005-08-30,Singaporean,murphytimothy@example.org,989-556-6546x4398
4363,CUS0004363,Aaron,Alexander,M,1950-09-16,Singaporean,campbellrobert@example.org,001-452-226-1247x1305
4364,CUS0004364,James,Mckinney,M,1999-07-01,Australian,harveychristian@example.com,001-306-369-3548x9102
4365,CUS0004365,Deborah,Johnson,F,1990-07-12,Malaysian,edwardslaura@example.org,(573)783-3997x0498
4366,CUS0004366,Jason,Friedman,M,1962-12-09,Singaporean,nruiz@example.com,793-928-8752
4367,CUS0004367,Jeffery,Pham,M,2005-11-20,Australian,qbailey@example.org,(343)979-7975x2542
4368,CUS0004368,Brandon,Morrow,M,2007-03-03,Japanese,perryjoseph@example.net,001-259-782-6349x459
4369,CUS0004369,Michael,Delacruz,M,1975-03-29,Malaysian,anna04@example.net,+1-451-814-1010x8987
4370,CUS0004370,Laura,Smith,F,1992-05-31,Japanese,shannon37@example.org,001-326-566-9598
4371,CUS0004371,Pamela,Love,F,1963-05-16,Singaporean,tyler31@example.org,001-654-297-0751x49767
4372,CUS0004372,Amy,Hernandez,F,1977-12-26,Australian,gwright@example.com,9734198504
4373,CUS0004373,Samuel,Cox,M,1997-02-10,Malaysian,igarcia@example.net,(640)282-8727
4374,CUS0004374,Jamie,Porter,F,2005-11-18,Australian,patelsean@example.com,691-560-7302x7587
4375,CUS0004375,Shawn,Thomas,M,1951-02-10,Australian,brandon09@example.net,436-459-6075x454
4376,CUS0004376,Christine,Dalton,F,1950-12-22,Australian,shaney@example.net,434-772-9693x215
4377,CUS0004377,Laura,Sanders,F,2001-01-10,Singaporean,gsims@example.net,(648)318-8264x909
4378,CUS0004378,Michele,Watson,F,1971-04-21,Indonesian,btaylor@example.org,603.545.8409
4379,CUS0004379,Amanda,Duncan,F,1970-08-03,Australian,daniellegraham@example.com,(847)705-4719x96130
4380,CUS0004380,John,Williams,M,1958-10-25,Malaysian,andrewshaw@example.org,+1-587-785-2724x40695
4381,CUS0004381,Steven,Jones,M,1955-11-09,Japanese,hmartinez@example.net,222.213.1723x61328
4382,CUS0004382,Angel,Garcia,M,1973-02-17,Malaysian,sara87@example.com,+1-550-833-4670x577
4383,CUS0004383,Meagan,Rodriguez,F,1969-08-26,Australian,arroyoisaac@example.net,(462)409-4846x180
4384,CUS0004384,Rebecca,Hart,F,1987-01-31,Australian,james72@example.org,583-218-5175
4385,CUS0004385,Tracy,Howell,F,1982-12-24,Australian,sheilajennings@example.com,868.518.2041x29250
4386,CUS0004386,Cassandra,Mclean,F,2005-07-15,Indonesian,jacqueline45@example.net,+1-368-763-1468x7041
4387,CUS0004387,Barbara,Mccarthy,F,1990-02-13,Singaporean,lee92@example.org,+1-211-924-6488
4388,CUS0004388,Yesenia,Kane,F,1991-03-14,Singaporean,porterlaura@example.com,409.383.9222
4389,CUS0004389,Mark,Coffey,M,1959-10-17,Singaporean,hensleymichael@example.org,448.441.7193
4390,CUS0004390,Gary,Barajas,M,1980-04-12,Indonesian,ggreene@example.com,2645197732
4391,CUS0004391,Jennifer,Dyer,F,1958-05-15,Australian,belinda87@example.org,878.544.5767
4392,CUS0004392,Barbara,Campbell,F,1998-03-25,Australian,emilymarquez@example.org,+1-293-722-3947x800
4393,CUS0004393,Amanda,Cannon,F,1980-03-04,Malaysian,wardnicholas@example.com,268.956.8801
4394,CUS0004394,Patricia,Baker,F,1996-05-05,Australian,christinelevine@example.com,7578326630
4395,CUS0004395,Brittany,Kelly,F,1990-10-07,Japanese,nhernandez@example.com,7915442884
4396,CUS0004396,Brandon,Cohen,M,1979-07-26,Australian,robertspaul@example.net,001-909-713-3077x26292
4397,CUS0004397,Anthony,Phillips,M,1966-03-24,Indonesian,peggybenson@example.org,585-980-2576x9985
4398,CUS0004398,Brittney,Garcia,F,1952-05-17,Japanese,fkim@example.com,(788)555-1895
4399,CUS0004399,Kyle,Jefferson,M,1973-12-19,Singaporean,joshuajackson@example.net,001-952-614-6111x0559
4400,CUS0004400,Cathy,Sloan,F,2001-06-07,Malaysian,kristinagarcia@example.org,726-828-9893x6519
4401,CUS0004401,Erica,Ramirez,F,1997-06-17,Japanese,onovak@example.com,(761)997-3996x4176
4402,CUS0004402,Tracy,Webb,F,1990-11-02,Malaysian,bonnie20@example.org,425.386.6370
4403,CUS0004403,Jason,Cunningham,M,1985-09-03,Australian,ejohnson@example.org,001-966-371-7382x337
4404,CUS0004404,Cindy,Stanton,F,2003-08-29,Singaporean,cynthiaolson@example.net,(813)532-6901x873
4405,CUS0004405,Jonathan,Clayton,M,1983-03-07,Australian,eugene86@example.org,6216912416
4406,CUS0004406,William,Bryant,M,1978-03-11,Malaysian,jonathangreene@example.org,317.748.4874
4407,CUS0004407,Charles,Smith,M,1964-08-03,Singaporean,archersteven@example.com,+1-688-906-1747x38366
4408,CUS0004408,Ashley,Aguirre,F,1969-10-05,Japanese,christina85@example.com,472-555-3655x5605
4409,CUS0004409,Christina,Hays,F,2000-06-29,Singaporean,luisbarnes@example.net,430-768-3129
4410,CUS0004410,Amanda,Scott,F,1956-03-24,Singaporean,pattygilbert@example.com,001-306-971-5152x5862
4411,CUS0004411,Thomas,Shepard,M,1951-05-29,Indonesian,gbuckley@example.org,429.991.1118
4412,CUS0004412,Larry,Love,M,1954-07-26,Indonesian,deborah82@example.com,445.299.8659
4413,CUS0004413,Kimberly,Warren,F,1962-09-12,Australian,kathleen55@example.org,716.930.7335
4414,CUS0004414,Thomas,Bridges,M,1955-04-26,Japanese,mollyhiggins@example.org,001-353-276-9848x2824
4415,CUS0004415,Michael,Trevino,M,1951-07-08,Australian,pdavis@example.org,956-733-9180
4416,CUS0004416,Michael,Jimenez,M,1976-05-11,Australian,keith32@example.org,001-533-307-4232
4417,CUS0004417,Patricia,Williams,F,1989-06-17,Malaysian,barneskenneth@example.org,(437)621-3661x59282
4418,CUS0004418,Leah,Sanchez,F,1961-05-31,Japanese,lisa97@example.org,(799)317-5541x33081
4419,CUS0004419,Andrea,Perez,F,1953-01-01,Australian,williamsjulia@example.net,+1-399-711-4434x2494
4420,CUS0004420,Norman,Martinez,M,1974-12-25,Indonesian,makayla63@example.net,3733875656
4421,CUS0004421,Sara,Harrington,F,1991-09-07,Singaporean,deborah90@example.com,001-901-527-2419x7502
4422,CUS0004422,Dana,Jones,F,1968-03-21,Singaporean,kevin85@example.com,(475)377-7783
4423,CUS0004423,Margaret,Melton,F,2001-01-08,Malaysian,nchavez@example.org,001-672-765-6837x200
4424,CUS0004424,Austin,Long,M,1975-07-08,Singaporean,mackenzie91@example.com,478-327-3350
4425,CUS0004425,Elizabeth,Garcia,F,1959-07-18,Indonesian,jensenalexa@example.net,223.972.2428x23442
4426,CUS0004426,Bryan,Hooper,M,2000-02-02,Indonesian,anthonydeleon@example.org,+1-700-372-3248x44440
4427,CUS0004427,Christina,Guerra,F,1969-07-18,Japanese,vbrown@example.com,400.557.2529x44930
4428,CUS0004428,Christina,Bonilla,F,2000-02-02,Malaysian,pamelabailey@example.net,(882)333-2018
4429,CUS0004429,Victoria,Webster,F,1975-12-03,Singaporean,randallmitchell@example.com,3985078721
4430,CUS0004430,Matthew,Parsons,M,1970-12-28,Malaysian,dwalters@example.com,5224749300
4431,CUS0004431,Robert,Jensen,M,1999-05-10,Singaporean,nicole36@example.net,715.973.7038
4432,CUS0004432,Jeremy,Rios,M,1978-09-19,Australian,hammondjason@example.com,001-506-335-9999x06702
4433,CUS0004433,Shawn,Tate,M,1953-06-14,Japanese,smithjohn@example.org,362-329-6522
4434,CUS0004434,Troy,Rose,M,1978-11-03,Australian,jessica71@example.org,841.281.2916
4435,CUS0004435,Zachary,White,M,2008-02-01,Singaporean,virginiahogan@example.org,981.984.8786
4436,CUS0004436,John,Jones,M,1989-12-15,Indonesian,beckerjohn@example.org,+1-820-476-2573x1695
4437,CUS0004437,Juan,Hart,M,1997-09-23,Singaporean,wintersvirginia@example.org,(782)209-1003x667
4438,CUS0004438,Madison,White,F,1982-11-30,Australian,jeffreygibson@example.net,001-779-831-5893x65748
4439,CUS0004439,Kelly,Fernandez,F,1982-06-15,Japanese,dianadiaz@example.com,333-387-2341x4293
4440,CUS0004440,Kenneth,Fisher,M,2003-07-01,Singaporean,hlopez@example.org,475.296.4887
4441,CUS0004441,James,Lawson,M,1982-01-28,Malaysian,jamescampbell@example.net,001-218-326-9549x00103
4442,CUS0004442,Christopher,Rubio,M,1988-09-21,Australian,paulachen@example.com,(433)902-9739x9599
4443,CUS0004443,Paul,Williams,M,1964-01-28,Malaysian,laurenmoore@example.org,228.239.0684
4444,CUS0004444,Paul,Davis,M,1976-08-06,Malaysian,ashleydiaz@example.org,5395949201
4445,CUS0004445,Matthew,Harris,M,1971-06-25,Japanese,geoffreyberry@example.com,001-618-624-3256x509
4446,CUS0004446,Jason,Estrada,M,2004-06-09,Australian,michael99@example.net,7339654531
4447,CUS0004447,Elizabeth,Turner,F,1990-08-25,Indonesian,swood@example.net,827.233.2999
4448,CUS0004448,Donald,Allen,M,1954-07-02,Indonesian,fwilson@example.org,270-643-7965
4449,CUS0004449,Christina,Ingram,F,1959-05-07,Indonesian,whitney74@example.net,3979827698
4450,CUS0004450,Michael,Rodriguez,M,1978-11-11,Indonesian,dustin74@example.org,351.877.7842x510
4451,CUS0004451,Gerald,Gordon,M,1983-04-09,Japanese,kjones@example.com,847.875.3162x7970
4452,CUS0004452,Scott,Gilbert,M,1999-09-01,Australian,michael54@example.org,728.592.6247
4453,CUS0004453,Rebecca,Acevedo,F,2004-12-06,Australian,acastro@example.org,+1-794-361-4554
4454,CUS0004454,Shari,Aguirre,F,1983-07-04,Malaysian,louis95@example.net,798.821.5709
4455,CUS0004455,Elizabeth,Mccullough,F,1998-05-24,Malaysian,tasha72@example.org,6855544364
4456,CUS0004456,Karen,Mercer,F,2004-01-28,Malaysian,slane@example.net,776.988.3849x16971
4457,CUS0004457,Michaela,Sanders,F,1998-01-28,Singaporean,patriciavang@example.com,+1-406-833-5186
4458,CUS0004458,Rachel,Mcdonald,F,1983-09-23,Australian,andrewsjamie@example.com,566.217.7200x231
4459,CUS0004459,Candace,Johnson,F,1956-08-02,Japanese,leslie16@example.org,444-600-9037x2247
4460,CUS0004460,Chris,Turner,M,1954-01-09,Malaysian,ricardo96@example.net,+1-405-680-8230x06799
4461,CUS0004461,Jenna,Riley,F,1972-11-19,Indonesian,matthew42@example.org,(208)617-5970x1190
4462,CUS0004462,Wayne,Greene,M,1970-09-29,Australian,kellyvicki@example.net,788-382-5812x0272
4463,CUS0004463,Maria,Hill,F,1979-08-23,Singaporean,benjamin65@example.com,413.928.5155
4464,CUS0004464,Derek,Anderson,M,1977-01-09,Japanese,halvarez@example.net,+1-902-233-6828x780
4465,CUS0004465,Jonathan,Aguilar,M,1983-10-30,Japanese,rebeccacooper@example.org,001-417-975-0863
4466,CUS0004466,Joyce,Sanders,F,2004-04-03,Singaporean,laura31@example.org,(840)898-6043
4467,CUS0004467,Kerri,Elliott,F,1983-12-27,Australian,campbelldaniel@example.com,456.342.3164
4468,CUS0004468,Lisa,Graham,F,2002-09-24,Japanese,raymond10@example.net,+1-487-659-8607x86381
4469,CUS0004469,Amanda,Castillo,F,2002-07-19,Singaporean,mistyarnold@example.net,001-748-337-5160x61403
4470,CUS0004470,Kevin,Bell,M,1965-06-28,Malaysian,smiththomas@example.com,(224)883-4831x145
4471,CUS0004471,Eric,Hall,M,1970-10-11,Malaysian,rickey24@example.org,638-259-8646
4472,CUS0004472,Michael,Fitzgerald,M,1974-10-22,Malaysian,sarahmoore@example.org,787-743-2362x9825
4473,CUS0004473,Angela,Mckay,F,1969-03-05,Singaporean,bennettjessica@example.com,001-200-306-7947x19912
4474,CUS0004474,Andrea,Rodriguez,F,1980-01-08,Australian,marialopez@example.net,5559641990
4475,CUS0004475,Adam,Mcgee,M,1992-03-08,Malaysian,zmcgee@example.org,992-721-0561x2199
4476,CUS0004476,Suzanne,Cox,F,1967-06-16,Australian,cpowers@example.net,+1-735-399-4472
4477,CUS0004477,Thomas,Wolfe,M,1958-08-18,Australian,andrewarcher@example.net,(250)799-0701x943
4478,CUS0004478,Lori,Daniels,F,1980-09-08,Japanese,moralesnicole@example.com,551-836-1240
4479,CUS0004479,Timothy,Johnson,M,1963-02-03,Singaporean,hwong@example.org,509.717.6024x026
4480,CUS0004480,Randy,Dunn,M,1987-05-24,Singaporean,ygarza@example.com,929-291-0062x91696
4481,CUS0004481,Kim,Thomas,F,1966-01-26,Indonesian,ispencer@example.com,6839400170
4482,CUS0004482,Jennifer,Williams,F,1967-05-07,Japanese,bennettnicholas@example.org,(661)724-4337
4483,CUS0004483,Jennifer,Robertson,F,1989-03-03,Singaporean,kdonovan@example.com,747.907.2462
4484,CUS0004484,Lauren,Cunningham,F,1986-04-07,Indonesian,danderson@example.com,+1-450-567-2823x60835
4485,CUS0004485,Sierra,Watkins,F,1990-11-03,Japanese,ptaylor@example.net,370.528.7489x2823
4486,CUS0004486,Bobby,Leonard,M,1990-02-19,Singaporean,nliu@example.net,723-306-5533
4487,CUS0004487,Jerry,Lin,M,1990-02-09,Singaporean,ydominguez@example.net,867-319-4714x3951
4488,CUS0004488,Matthew,Burns,M,1968-07-10,Indonesian,stewartbarbara@example.com,723.813.3361x434
4489,CUS0004489,Summer,Patel,F,1976-06-13,Indonesian,fjones@example.com,395.873.0334
4490,CUS0004490,Adam,Vincent,M,1976-09-12,Malaysian,brandimccoy@example.org,+1-750-614-2755x263
4491,CUS0004491,Amy,Monroe,F,1984-04-13,Malaysian,millerjulia@example.org,(832)349-3845x71596
4492,CUS0004492,Ronald,Willis,M,1959-05-21,Malaysian,brian61@example.com,371-332-7147
4493,CUS0004493,Kimberly,Price,F,1999-12-02,Indonesian,barnesstacy@example.com,+1-861-531-2129x88746
4494,CUS0004494,Frank,Harmon,M,1955-10-22,Japanese,jessicaallison@example.com,(711)492-6339x30906
4495,CUS0004495,Brittany,Perez,F,2004-01-27,Indonesian,smithlauren@example.com,848.318.6955
4496,CUS0004496,Stephanie,Gregory,F,2001-12-05,Singaporean,adamskathleen@example.org,001-488-999-2120x308
4497,CUS0004497,Daniel,Cordova,M,2005-12-30,Malaysian,dianajames@example.com,456.996.5420x9582
4498,CUS0004498,Marissa,Stewart,F,1994-03-21,Australian,justin56@example.com,6163299885
4499,CUS0004499,Jennifer,Pope,F,1986-01-04,Singaporean,brittany44@example.org,(786)205-2573x4998
4500,CUS0004500,Daniel,Stone,M,1984-09-08,Malaysian,jorgeochoa@example.net,001-400-591-5422x1843
4501,CUS0004501,Michael,Mckay,M,1982-06-17,Malaysian,nicole87@example.com,001-753-940-1074x902
4502,CUS0004502,Connor,Keller,M,1989-12-18,Indonesian,isims@example.org,666-974-6493x2516
4503,CUS0004503,David,Snyder,M,1952-04-18,Malaysian,graveschristina@example.net,(239)885-8798
4504,CUS0004504,Jeffrey,Howard,M,1960-05-28,Indonesian,zachary53@example.org,246.286.7304
4505,CUS0004505,Amber,Watson,F,1975-12-04,Singaporean,mackenzie67@example.org,629.326.8761x2884
4506,CUS0004506,Emily,Richardson,F,1994-08-11,Australian,robertbartlett@example.net,(690)688-7757x87359
4507,CUS0004507,Jason,Allen,M,1968-10-17,Malaysian,walterwood@example.org,(774)862-0665x273
4508,CUS0004508,Frank,Moore,M,1988-11-06,Japanese,hubbardvalerie@example.com,001-969-766-6715x630
4509,CUS0004509,Kenneth,Peterson,M,1981-01-03,Australian,ymcdonald@example.com,+1-900-402-7313
4510,CUS0004510,Pamela,Molina,F,1955-03-09,Malaysian,tanyaedwards@example.com,299.825.2340x2119
4511,CUS0004511,Donna,Wilkerson,F,1979-06-19,Singaporean,kellis@example.com,477-949-2050x318
4512,CUS0004512,Sean,Bennett,M,2001-10-28,Indonesian,danielsingh@example.net,(277)410-8669x47938
4513,CUS0004513,Kristie,Lawrence,F,1981-12-12,Indonesian,marquezalice@example.com,+1-927-386-9030x04512
4514,CUS0004514,Tammy,Mclaughlin,F,2000-08-23,Malaysian,edavis@example.org,601.781.1073x5527
4515,CUS0004515,Michael,Thomas,M,2000-03-10,Malaysian,smithpatricia@example.net,688.334.9877
4516,CUS0004516,Gregory,Webster,M,1982-10-12,Australian,rmaldonado@example.net,8869847625
4517,CUS0004517,Carol,Frank,F,1963-10-22,Singaporean,theresa17@example.net,001-917-871-0203
4518,CUS0004518,Deanna,Frederick,F,1987-04-27,Singaporean,shawn71@example.com,001-993-888-6848
4519,CUS0004519,Paul,Hawkins,M,1968-10-07,Japanese,ccarlson@example.org,+1-768-455-1312x7731
4520,CUS0004520,Rebecca,Calderon,F,1956-04-05,Malaysian,cathy04@example.org,(412)791-5163x9451
4521,CUS0004521,Michael,Elliott,M,1955-06-13,Malaysian,kathleenshaw@example.net,617.591.1598x72483
4522,CUS0004522,Tiffany,Brown,F,1999-02-04,Singaporean,sruiz@example.org,(971)823-9889x1399
4523,CUS0004523,Kim,Olson,F,1992-05-21,Malaysian,ypatton@example.com,572.743.6752
4524,CUS0004524,Rebecca,Perry,F,1982-02-28,Indonesian,smithcynthia@example.net,+1-997-333-5613x08524
4525,CUS0004525,Laura,Kirby,F,1974-03-31,Singaporean,bradleymcgee@example.com,621.587.1634x578
4526,CUS0004526,Keith,Pham,M,2001-06-23,Singaporean,nroberts@example.com,912.534.6929
4527,CUS0004527,Jeremy,Williams,M,1955-04-02,Singaporean,joshuahenry@example.org,3104383331
4528,CUS0004528,Leah,Cole,F,1991-09-11,Australian,qbrewer@example.com,(476)596-6242
4529,CUS0004529,Katherine,Morales,F,1980-12-10,Singaporean,christopherjohnson@example.com,(571)823-7868x94338
4530,CUS0004530,Patrick,Chan,M,1968-03-24,Japanese,ebony82@example.com,695.948.1661
4531,CUS0004531,Sandra,Davis,F,1985-06-13,Malaysian,jessicahamilton@example.net,(992)445-9094
4532,CUS0004532,Ashley,Cooper,F,1999-03-27,Australian,nicholas25@example.org,(588)385-8212x402
4533,CUS0004533,Danielle,Floyd,F,2004-11-30,Australian,christine09@example.net,831.533.1256x809
4534,CUS0004534,Mary,King,F,1991-07-25,Indonesian,robertpeterson@example.com,(957)601-7278x539
4535,CUS0004535,Miranda,Morgan,F,2005-06-07,Malaysian,blewis@example.com,349-228-6401
4536,CUS0004536,Brad,Martin,M,1952-04-02,Japanese,lopezemily@example.org,4792636690
4537,CUS0004537,Frances,Smith,F,1991-04-28,Indonesian,jackrice@example.org,425-328-5520
4538,CUS0004538,Richard,Rogers,M,1959-06-09,Malaysian,johnschmidt@example.net,001-755-878-6796x3023
4539,CUS0004539,Aaron,Brown,M,1951-09-15,Malaysian,elizabeth83@example.com,(541)550-7652
4540,CUS0004540,Emily,Williams,F,1958-01-02,Singaporean,barnesbrandon@example.org,+1-980-665-1527x012
4541,CUS0004541,Aaron,Wilson,M,1990-11-12,Australian,dbowman@example.com,424-695-4767x192
4542,CUS0004542,Jordan,Hammond,F,1960-09-02,Malaysian,davidlambert@example.net,(458)980-7612
4543,CUS0004543,Aaron,Ortega,M,2003-03-22,Singaporean,debbiespears@example.org,(311)623-7928
4544,CUS0004544,Michael,Mills,M,1960-12-15,Singaporean,kathleenhanson@example.org,001-558-674-7441x2404
4545,CUS0004545,Cody,Duffy,M,2000-09-05,Malaysian,johnbailey@example.net,+1-411-558-2702x45285
4546,CUS0004546,Dylan,Fisher,M,1965-12-11,Singaporean,georgejones@example.net,001-247-301-1723x96319
4547,CUS0004547,Melissa,Benson,F,1953-04-06,Australian,jchen@example.org,685.556.7123x0167
4548,CUS0004548,Zachary,Hernandez,M,1957-06-19,Indonesian,valeriewall@example.com,626.573.9589
4549,CUS0004549,Timothy,Meyer,M,1975-12-15,Malaysian,hannah64@example.org,(566)430-5968
4550,CUS0004550,Kelly,Young,F,1954-09-29,Singaporean,okennedy@example.com,001-949-733-5468x1755
4551,CUS0004551,Justin,Santos,M,1953-08-08,Indonesian,pgray@example.com,(809)468-5075x6638
4552,CUS0004552,Courtney,Ferguson,F,1968-09-17,Japanese,carrillotiffany@example.net,879-858-0495
4553,CUS0004553,Amy,Stewart,F,1998-02-16,Singaporean,pamelafrazier@example.org,(655)857-8179
4554,CUS0004554,Cheryl,Wade,F,1973-11-23,Singaporean,howedonna@example.com,670-623-7561x9042
4555,CUS0004555,Mark,Bryan,M,1958-12-27,Indonesian,julie16@example.net,+1-874-297-4899x5839
4556,CUS0004556,Richard,Hobbs,M,1964-02-24,Australian,palmerrebecca@example.org,981-848-5061
4557,CUS0004557,Danielle,Hopkins,F,2007-01-18,Malaysian,andrew08@example.net,(547)292-2297
4558,CUS0004558,Mark,Hull,M,1989-10-18,Australian,griffinashley@example.net,(793)598-9085
4559,CUS0004559,Christopher,Crawford,M,1982-02-19,Australian,xjohnson@example.net,6379181962
4560,CUS0004560,Jessica,Maldonado,F,1998-07-16,Malaysian,morganrebecca@example.org,697-757-4451x015
4561,CUS0004561,Heather,King,F,2007-09-11,Malaysian,ltaylor@example.org,391.840.1864x357
4562,CUS0004562,Billy,Smith,M,1960-03-25,Indonesian,fhammond@example.org,9294455469
4563,CUS0004563,Jeffrey,Baker,M,1968-09-06,Indonesian,abigail94@example.org,001-675-672-3089x6126
4564,CUS0004564,William,Bailey,M,2002-10-13,Australian,christopher37@example.org,442.738.2389
4565,CUS0004565,Jason,Tran,M,1979-10-11,Indonesian,tnicholson@example.org,568.728.7425x9437
4566,CUS0004566,Laura,Wilson,F,1986-08-08,Malaysian,baileyteresa@example.org,649.894.7662x73872
4567,CUS0004567,Connor,Contreras,M,1990-06-23,Japanese,hunterhuff@example.com,001-533-475-3614
4568,CUS0004568,Rodney,Rosario,M,2001-02-14,Australian,jeffery68@example.net,+1-924-209-1941x22954
4569,CUS0004569,Dana,Soto,F,2006-04-30,Australian,yvonneshields@example.net,(464)399-2898
4570,CUS0004570,Jordan,Norman,F,1992-07-14,Japanese,michael86@example.com,392.911.2196
4571,CUS0004571,Cody,Hutchinson,M,2006-10-24,Indonesian,brownalexander@example.net,(671)682-2909
4572,CUS0004572,Jane,Henry,F,1951-11-12,Indonesian,wdiaz@example.com,(812)624-7141x1673
4573,CUS0004573,Glen,Foster,M,2007-04-28,Australian,tmiller@example.com,001-511-977-6969x39110
4574,CUS0004574,Sergio,Lee,M,1973-05-04,Australian,stephenyang@example.com,513-504-5047x4424
4575,CUS0004575,Sheila,Sparks,F,1966-08-11,Indonesian,prattjennifer@example.com,536-759-1061
4576,CUS0004576,Richard,Green,M,1980-01-29,Singaporean,joshua10@example.com,+1-692-735-9551x0725
4577,CUS0004577,Jesse,Smith,M,1983-12-19,Singaporean,gracegarza@example.org,276-522-8989x9242
4578,CUS0004578,Steven,Brewer,M,1953-05-15,Indonesian,laura17@example.com,001-726-459-9387
4579,CUS0004579,Kimberly,Holmes,F,1990-05-07,Malaysian,yreyes@example.org,218.250.8146x358
4580,CUS0004580,Jack,Woods,M,1955-08-03,Indonesian,pharris@example.net,(482)698-1186
4581,CUS0004581,Michael,Schmidt,M,1997-11-18,Japanese,daviswilliam@example.net,+1-738-365-0306x66557
4582,CUS0004582,Julian,Green,M,2005-06-10,Singaporean,jameswang@example.org,890-206-6632x2581
4583,CUS0004583,Philip,Anderson,M,1960-08-16,Japanese,michellepage@example.net,+1-894-950-5495x2224
4584,CUS0004584,Tamara,Santos,F,1961-04-12,Indonesian,alexanderjennings@example.com,001-527-975-1309
4585,CUS0004585,Tyler,Hernandez,M,2006-01-25,Indonesian,kmcguire@example.net,340-622-6808
4586,CUS0004586,Regina,Brady,F,2003-02-06,Malaysian,stephaniemorris@example.org,(966)354-0791x3705
4587,CUS0004587,Bryan,Forbes,M,1966-02-15,Australian,michellecurtis@example.net,(535)466-2578
4588,CUS0004588,Oscar,Wolf,M,2000-05-24,Singaporean,srice@example.com,(955)320-1332x0573
4589,CUS0004589,Tammy,Underwood,F,2006-10-14,Indonesian,billy07@example.org,(877)671-9101
4590,CUS0004590,Marilyn,Williams,F,1960-01-18,Japanese,stephanierodriguez@example.net,(572)465-7552
4591,CUS0004591,Katherine,Snyder,F,1964-06-05,Singaporean,martingregory@example.org,2848851116
4592,CUS0004592,Maria,Anderson,F,1958-04-04,Malaysian,rroberts@example.org,4276818325
4593,CUS0004593,Elizabeth,Barron,F,2003-10-29,Japanese,victoria17@example.org,(682)615-5671x92012
4594,CUS0004594,Samuel,Wilson,M,1954-09-30,Indonesian,justin39@example.com,489-507-8315
4595,CUS0004595,David,Larson,M,2004-05-20,Singaporean,gailbanks@example.com,001-726-599-5191x3205
4596,CUS0004596,Phillip,Henry,M,2004-03-28,Singaporean,zachary48@example.org,001-676-942-3369x39091
4597,CUS0004597,Christopher,Smith,M,2007-11-08,Malaysian,harveyderrick@example.com,578.521.0567
4598,CUS0004598,Travis,Riddle,M,1952-08-07,Singaporean,icruz@example.com,(470)855-3435x35650
4599,CUS0004599,John,Flores,M,2001-04-14,Japanese,jessica57@example.net,504-949-9271x108
4600,CUS0004600,Kylie,Moreno,F,1989-07-14,Malaysian,bakercarl@example.net,(456)773-8564x88001
4601,CUS0004601,Nicholas,Salazar,M,1952-10-09,Japanese,natalie32@example.org,(996)336-0402x451
4602,CUS0004602,Leslie,Phillips,F,1969-02-06,Indonesian,david31@example.com,438.496.0105
4603,CUS0004603,Chelsea,Ortega,F,1964-01-18,Malaysian,leah58@example.net,556.474.4363x2250
4604,CUS0004604,Melissa,Roberts,F,1977-05-17,Singaporean,twoods@example.org,532.626.5711x4187
4605,CUS0004605,Nicole,Barker,F,1981-05-22,Australian,jrobertson@example.com,397-698-4362x01711
4606,CUS0004606,Cody,Brown,M,2001-07-23,Malaysian,hawkinsjennifer@example.net,226.403.4631x789
4607,CUS0004607,Danielle,Kirby,F,1966-11-22,Singaporean,bpham@example.net,001-369-917-8700
4608,CUS0004608,Nicholas,Cook,M,1986-12-30,Indonesian,davidrangel@example.net,740.228.2316x4303
4609,CUS0004609,Angela,Jones,F,1955-05-24,Singaporean,mooredavid@example.org,(902)753-8120x446
4610,CUS0004610,Sara,Schultz,F,1992-06-05,Japanese,heatherhorton@example.com,845-552-1808x59544
4611,CUS0004611,Edward,Webb,M,1985-04-11,Australian,henrycook@example.org,(308)210-9984x5276
4612,CUS0004612,Christopher,Oneill,M,1960-12-09,Malaysian,radams@example.org,001-784-524-3504x8148
4613,CUS0004613,Linda,Sanders,F,1985-01-25,Australian,christopherdiaz@example.org,293-847-3725x773
4614,CUS0004614,David,Brooks,M,1993-09-20,Japanese,ljones@example.org,+1-906-934-2587
4615,CUS0004615,Christopher,White,M,1994-02-06,Indonesian,iperry@example.net,982.448.9182x4553
4616,CUS0004616,Diana,Moore,F,1954-03-04,Indonesian,susanmarquez@example.net,(795)728-0707x71881
4617,CUS0004617,Joshua,Barker,M,1961-08-04,Japanese,sydneymatthews@example.org,(862)955-9165x434
4618,CUS0004618,Taylor,Salazar,F,1995-05-31,Indonesian,mperez@example.org,+1-591-212-8110x1801
4619,CUS0004619,Heidi,Thomas,F,1978-09-05,Indonesian,matthewtaylor@example.com,344.904.8902
4620,CUS0004620,Sandra,Wallace,F,1954-06-16,Malaysian,tcampbell@example.com,(927)464-3911
4621,CUS0004621,Carol,Hall,F,2001-05-18,Singaporean,lnguyen@example.net,001-928-970-4859x593
4622,CUS0004622,Chris,Pugh,M,2004-10-06,Malaysian,ygarcia@example.com,001-371-368-7754
4623,CUS0004623,Jose,Adkins,M,1984-05-04,Indonesian,cjackson@example.net,494-997-9161x710
4624,CUS0004624,Jessica,Cochran,F,1994-05-05,Singaporean,rebeccasmith@example.org,357-330-4523
4625,CUS0004625,Christina,Bates,F,1999-12-09,Indonesian,eedwards@example.com,(776)265-4209x86664
4626,CUS0004626,Jeffrey,Simpson,M,1958-02-08,Singaporean,parkerjennifer@example.org,602-609-0167
4627,CUS0004627,Christine,Lyons,F,1992-06-20,Japanese,markboyd@example.net,001-724-406-8588x93813
4628,CUS0004628,Rhonda,King,F,1962-11-29,Indonesian,scott02@example.org,+1-377-202-5383x69779
4629,CUS0004629,Linda,Peck,F,1995-06-03,Japanese,melissasmith@example.net,(795)482-5174x9145
4630,CUS0004630,Heather,Mclaughlin,F,1978-10-01,Japanese,cookjessica@example.net,919-952-3613
4631,CUS0004631,Emily,Evans,F,1967-11-30,Japanese,mary12@example.com,368.358.6433
4632,CUS0004632,Derek,Brooks,M,2002-01-06,Indonesian,barbarathomas@example.net,2778083954
4633,CUS0004633,David,Davis,M,1952-05-14,Malaysian,julie45@example.net,483-303-8606x551
4634,CUS0004634,Bonnie,Blevins,F,1986-04-23,Singaporean,brian66@example.com,690.549.0782
4635,CUS0004635,Cheyenne,Ponce,F,1958-11-25,Japanese,bsmith@example.net,402.658.3668
4636,CUS0004636,Amy,Hahn,F,1964-09-02,Australian,mariabarber@example.com,817-949-5387
4637,CUS0004637,Keith,Frye,M,1990-11-03,Malaysian,tmccoy@example.com,231.225.4756
4638,CUS0004638,Alex,Williamson,M,1996-09-10,Japanese,lfoster@example.com,241-998-1025
4639,CUS0004639,Richard,Glover,M,1963-03-12,Singaporean,xlewis@example.net,450.920.6723
4640,CUS0004640,Joseph,Scott,M,1991-01-10,Australian,yayala@example.com,949-983-8648
4641,CUS0004641,Michelle,Rowe,F,1963-09-26,Indonesian,richardashley@example.com,(276)402-4912x469
4642,CUS0004642,Holly,Stanley,F,2002-08-08,Singaporean,hamiltonkevin@example.org,574-289-0901
4643,CUS0004643,Melanie,Boyle,F,1983-05-06,Australian,samanthamartin@example.org,(571)446-7031x28691
4644,CUS0004644,Bryan,Reilly,M,2000-04-21,Australian,melissa52@example.net,943.786.3222x17050
4645,CUS0004645,Julia,Tran,F,1968-07-23,Australian,pmorrow@example.net,712-564-2887x970
4646,CUS0004646,Briana,Rowe,F,2002-11-08,Malaysian,mperry@example.org,868-461-8147
4647,CUS0004647,Brandy,Miller,F,2002-05-16,Japanese,gnunez@example.net,001-852-966-5330
4648,CUS0004648,Sean,Wise,M,1992-07-18,Malaysian,rebecca47@example.net,356-882-5427x71855
4649,CUS0004649,Joseph,Owens,M,1983-07-08,Malaysian,smithlindsay@example.com,+1-845-964-8035
4650,CUS0004650,Nancy,Wilson,F,1973-12-04,Malaysian,dmitchell@example.com,+1-873-342-2253
4651,CUS0004651,William,Moreno,M,1980-09-09,Indonesian,davidmckee@example.org,+1-402-606-8183x691
4652,CUS0004652,Joseph,Leonard,M,2004-05-16,Singaporean,caldwellkathryn@example.org,+1-587-424-0024
4653,CUS0004653,David,Hutchinson,M,1952-11-15,Singaporean,barbara13@example.net,4816813797
4654,CUS0004654,Victor,Burton,M,1955-01-25,Indonesian,iscott@example.net,(554)688-5101x02113
4655,CUS0004655,Tina,Cole,F,1954-09-10,Japanese,sheri66@example.org,(775)593-4875
4656,CUS0004656,Tina,Beck,F,1992-06-16,Indonesian,cryan@example.net,001-999-663-2386x642
4657,CUS0004657,Lorraine,Duffy,F,1969-06-29,Japanese,christopher75@example.org,001-596-777-5362x1027
4658,CUS0004658,Juan,Brown,M,1980-05-23,Australian,hernandeztodd@example.com,(370)677-0214x74550
4659,CUS0004659,Natalie,Walters,F,1959-12-09,Japanese,laurensandoval@example.net,001-531-384-5754
4660,CUS0004660,Jerome,Arroyo,M,1984-02-06,Australian,veronicawashington@example.com,8695687992
4661,CUS0004661,Micheal,Ferguson,M,1972-04-19,Japanese,deborahmcguire@example.org,2546316704
4662,CUS0004662,Scott,Thomas,M,1961-07-29,Indonesian,brandon66@example.net,(506)240-6462x78866
4663,CUS0004663,April,Gonzalez,F,1963-07-12,Japanese,srichardson@example.com,907.776.7758x31312
4664,CUS0004664,Tiffany,Hernandez,F,1979-07-02,Singaporean,alicia93@example.net,+1-686-511-3955
4665,CUS0004665,Dustin,Nguyen,M,1995-03-10,Japanese,moralesvictoria@example.org,958-508-1786x97728
4666,CUS0004666,Jessica,Cox,F,2002-11-25,Singaporean,smithjames@example.org,(883)599-5258x000
4667,CUS0004667,Bradley,Williams,M,2001-06-20,Singaporean,armstrongjennifer@example.com,531.766.5937
4668,CUS0004668,Anthony,Johnson,M,1964-08-26,Malaysian,smithcody@example.net,587-630-1924x41892
4669,CUS0004669,Joseph,Hernandez,M,1970-07-20,Japanese,pmiller@example.com,001-915-315-2854x895
4670,CUS0004670,Ann,Mata,F,1978-04-06,Indonesian,martineztina@example.net,(386)411-8394x97527
4671,CUS0004671,Lauren,Woodward,F,1950-12-06,Australian,eric08@example.org,546.219.8164x4337
4672,CUS0004672,Lisa,Johnson,F,1952-07-30,Singaporean,mthompson@example.net,839-504-1040
4673,CUS0004673,Claire,Campbell,F,2005-09-09,Indonesian,bcrawford@example.org,001-291-864-6191x5853
4674,CUS0004674,Shelia,Briggs,F,1967-06-23,Singaporean,zsanchez@example.net,001-245-523-6219
4675,CUS0004675,Tom,Jones,M,1976-10-31,Malaysian,joseph84@example.com,826-532-6237
4676,CUS0004676,Debra,Stanton,F,1976-11-27,Australian,maryhamilton@example.com,+1-835-222-7748x0766
4677,CUS0004677,Tammy,Hammond,F,1988-12-05,Malaysian,triddle@example.com,001-492-654-4951x764
4678,CUS0004678,Paul,Allen,M,1983-01-30,Indonesian,angelaschmidt@example.net,261.900.5948x2706
4679,CUS0004679,Marissa,Benjamin,F,1956-07-01,Singaporean,gmoore@example.com,502.808.2064x60288
4680,CUS0004680,Kelly,Washington,F,1978-05-02,Japanese,hardymichael@example.net,8438939881
4681,CUS0004681,John,Wilkins,M,1970-09-01,Australian,robert43@example.net,4779207802
4682,CUS0004682,Nancy,Knight,F,1953-07-08,Indonesian,jeremiah74@example.com,001-969-630-4510x583
4683,CUS0004683,Lindsay,Wilkinson,F,1979-08-07,Indonesian,brownnicholas@example.com,(751)788-6890
4684,CUS0004684,Alicia,Ruiz,F,1987-02-14,Malaysian,jeremy95@example.net,001-709-418-1498x35026
4685,CUS0004685,Sonia,Pitts,F,1989-05-03,Malaysian,mcdowelltina@example.com,307.577.8108
4686,CUS0004686,Andrew,Gonzales,M,1968-10-05,Indonesian,smithjames@example.com,001-396-821-3923
4687,CUS0004687,Heidi,Green,F,1959-05-21,Singaporean,jason94@example.org,+1-792-484-0645x3384
4688,CUS0004688,Tonya,Cole,F,1991-09-23,Malaysian,daniel73@example.com,718.382.8533x231
4689,CUS0004689,Christopher,Madden,M,1972-10-29,Indonesian,lindsey87@example.net,+1-397-608-7467x40906
4690,CUS0004690,Cindy,Cameron,F,1976-03-26,Australian,marymcneil@example.org,+1-423-621-1150
4691,CUS0004691,Michael,Kane,M,1978-12-13,Indonesian,reidkenneth@example.com,655.757.8841
4692,CUS0004692,Robert,Tate,M,2000-01-25,Australian,pmitchell@example.com,(687)985-7671x634
4693,CUS0004693,Joe,Spencer,M,1966-05-21,Australian,christophersherman@example.net,657.953.0453x707
4694,CUS0004694,Shane,Lewis,M,1967-08-26,Singaporean,sarahjenkins@example.org,(919)728-2793x07504
4695,CUS0004695,Julie,Brown,F,1988-11-11,Singaporean,ztorres@example.org,517-345-0115x959
4696,CUS0004696,Shannon,Watson,F,2002-05-09,Australian,larsonscott@example.org,(844)478-5894x4397
4697,CUS0004697,Shannon,Paul,F,1999-03-02,Malaysian,robertsonmegan@example.net,748.354.2084x8139
4698,CUS0004698,Stephanie,Smith,F,1983-10-13,Australian,bmartinez@example.net,330.785.6262x3924
4699,CUS0004699,Brandon,Lamb,M,1996-01-15,Japanese,millerjoshua@example.net,+1-271-336-4125x41895
4700,CUS0004700,Meghan,Ross,F,1987-12-30,Indonesian,eholt@example.org,+1-778-465-1793x852
4701,CUS0004701,Melanie,Cabrera,F,1997-01-24,Australian,rsmith@example.com,571-273-7715x78729
4702,CUS0004702,James,Meyers,M,1987-01-27,Singaporean,austinandre@example.org,929.263.5532x58788
4703,CUS0004703,Stephanie,Taylor,F,1954-12-13,Australian,pameladavid@example.com,(241)961-6694x59483
4704,CUS0004704,Donald,Lewis,M,1990-05-13,Malaysian,vaughngloria@example.com,001-822-389-7434x762
4705,CUS0004705,Benjamin,Yoder,M,1995-09-28,Indonesian,uwilson@example.org,+1-460-683-8921x662
4706,CUS0004706,Benjamin,Hendricks,M,1975-08-27,Malaysian,mmeadows@example.net,+1-468-805-6106x21756
4707,CUS0004707,Kyle,Hernandez,M,1965-08-04,Singaporean,jessicasanchez@example.org,267-667-7379x8890
4708,CUS0004708,Michelle,Clark,F,1969-05-03,Australian,david96@example.net,+1-713-622-1249
4709,CUS0004709,Chloe,Chambers,F,1990-02-05,Indonesian,lopezmatthew@example.com,744-438-0515
4710,CUS0004710,Jerry,Black,M,2003-12-31,Singaporean,kathleenbrown@example.com,001-566-450-4638x282
4711,CUS0004711,Jennifer,Herrera,F,1987-09-16,Malaysian,smyers@example.org,(227)517-7674x662
4712,CUS0004712,George,Vaughn,M,1954-08-04,Australian,joshua69@example.com,+1-895-450-0479
4713,CUS0004713,Jennifer,Diaz,F,1986-05-02,Japanese,orussell@example.com,+1-282-996-8981x9281
4714,CUS0004714,Shannon,Freeman,F,1977-05-26,Singaporean,ninarivers@example.com,388-368-0226x34714
4715,CUS0004715,Mary,Foster,F,1955-10-26,Australian,lwallace@example.com,9182357841
4716,CUS0004716,Molly,Ryan,F,1954-08-13,Singaporean,greenalan@example.com,(880)846-9575x552
4717,CUS0004717,Jeffrey,Scott,M,1955-01-14,Indonesian,monique57@example.org,001-599-319-0798x45174
4718,CUS0004718,Peter,Steele,M,1967-08-04,Singaporean,floydbrittany@example.com,001-739-344-5322x17841
4719,CUS0004719,Matthew,Powell,M,2007-11-25,Malaysian,webstertracy@example.com,001-863-413-6439
4720,CUS0004720,Warren,Little,M,1983-11-27,Singaporean,mbaker@example.net,327.627.5142
4721,CUS0004721,Gary,Gonzales,M,1954-10-01,Malaysian,lchurch@example.net,(655)420-8620x7669
4722,CUS0004722,Taylor,Griffin,F,1951-03-05,Japanese,davisamy@example.net,001-247-357-8621
4723,CUS0004723,Roger,Ortiz,M,2001-11-23,Australian,ajohnson@example.net,001-962-786-8604x4099
4724,CUS0004724,Sara,Hayes,F,2006-09-17,Malaysian,hamiltonvanessa@example.net,(316)788-6204x378
4725,CUS0004725,Kerri,Phillips,F,1951-09-13,Australian,stephaniegoodwin@example.org,001-657-256-9078x2394
4726,CUS0004726,Mark,Love,M,1986-07-04,Australian,alewis@example.com,517.698.5753x946
4727,CUS0004727,Craig,Wood,M,1951-02-05,Japanese,michaelliu@example.org,+1-429-982-5162x8167
4728,CUS0004728,Manuel,Bennett,M,1977-07-16,Japanese,chad00@example.org,(583)344-9207
4729,CUS0004729,Travis,Hicks,M,1997-08-23,Singaporean,vbond@example.net,+1-805-737-7998x519
4730,CUS0004730,Brittany,Phillips,F,1972-12-07,Indonesian,samantha64@example.net,+1-577-668-9799x032
4731,CUS0004731,Kristin,Lane,F,1951-05-25,Singaporean,smithkaylee@example.net,+1-296-593-5419x8932
4732,CUS0004732,Jessica,Morris,F,1972-09-05,Singaporean,gary66@example.org,(543)977-1578x99370
4733,CUS0004733,Brenda,Myers,F,2001-01-14,Indonesian,owensabigail@example.org,+1-531-444-8794x769
4734,CUS0004734,Gary,Harrison,M,1976-02-28,Singaporean,campbelljustin@example.net,2922522803
4735,CUS0004735,Christopher,Brewer,M,1975-05-20,Singaporean,johnparker@example.net,771-824-4977x8726
4736,CUS0004736,Eugene,Vincent,M,2006-05-26,Singaporean,doughertyhaley@example.net,430-444-3424x645
4737,CUS0004737,Amanda,Salazar,F,1988-07-19,Indonesian,mullenrebecca@example.org,001-631-785-4378x2625
4738,CUS0004738,Kim,Short,F,1963-04-16,Singaporean,misty14@example.net,(279)357-6760x244
4739,CUS0004739,Brian,Juarez,M,1963-08-06,Australian,katherinestewart@example.com,380.737.2178x87844
4740,CUS0004740,Robert,Williams,M,1977-09-20,Japanese,angelaellison@example.net,9747852986
4741,CUS0004741,Gene,Thomas,M,1997-05-02,Indonesian,melissajackson@example.com,001-520-681-7275x5258
4742,CUS0004742,Christopher,Duncan,M,1962-11-02,Australian,staceycarter@example.net,812-913-9511
4743,CUS0004743,Christina,Green,F,1995-09-26,Japanese,ljordan@example.net,+1-520-621-5442x3899
4744,CUS0004744,Victoria,Wallace,F,1987-02-07,Singaporean,margaret74@example.org,(478)906-2092
4745,CUS0004745,George,Cox,M,1992-10-21,Malaysian,jessica52@example.org,8455142469
4746,CUS0004746,Karen,Johnson,F,2005-10-22,Australian,fnelson@example.org,395-968-8191x112
4747,CUS0004747,Rodney,Adams,M,1960-04-10,Japanese,hjensen@example.org,001-317-523-4660x38090
4748,CUS0004748,Sarah,Simpson,F,1985-12-07,Indonesian,ddavis@example.org,(931)334-7921x90328
4749,CUS0004749,Karen,Mcneil,F,1985-03-28,Indonesian,paul67@example.org,589-781-5320x107
4750,CUS0004750,Sheri,Palmer,F,2001-12-20,Malaysian,hurstandrew@example.org,228-689-1694
4751,CUS0004751,Laura,Bennett,F,2001-01-04,Malaysian,ucook@example.org,+1-882-290-3118
4752,CUS0004752,Stacy,Munoz,F,1989-12-02,Singaporean,powellsamantha@example.com,208-656-2455x53810
4753,CUS0004753,Brittany,Compton,F,1975-01-27,Indonesian,xstewart@example.org,379.672.7545
4754,CUS0004754,David,Morse,M,1960-04-26,Indonesian,katiebender@example.com,(999)792-7466x216
4755,CUS0004755,Willie,Rivera,M,1980-10-08,Indonesian,gsmith@example.com,+1-891-676-3902
4756,CUS0004756,Amanda,Robertson,F,1956-11-01,Singaporean,vanessa58@example.net,9643599631
4757,CUS0004757,Lori,Bartlett,F,1990-12-13,Australian,jamesbailey@example.net,(909)358-6050x55814
4758,CUS0004758,Brittney,Wood,F,1973-02-28,Japanese,gpeterson@example.org,001-315-288-4902
4759,CUS0004759,David,Swanson,M,1957-10-29,Australian,georgechelsea@example.net,(693)262-5840
4760,CUS0004760,Paul,Carpenter,M,2006-12-21,Malaysian,melissaharris@example.org,(808)708-2872x3885
4761,CUS0004761,Jennifer,Richardson,F,1996-05-13,Malaysian,dbrady@example.org,001-363-869-5800x048
4762,CUS0004762,Kristin,Kelly,F,1996-01-07,Malaysian,bryan65@example.net,916-539-9319
4763,CUS0004763,Timothy,Perez,M,1995-03-17,Indonesian,phicks@example.net,277.504.2519x9529
4764,CUS0004764,Alexander,Callahan,M,1975-03-23,Japanese,ssalazar@example.com,+1-374-714-5187x365
4765,CUS0004765,Scott,Palmer,M,2004-11-08,Malaysian,renee45@example.net,(402)613-4820
4766,CUS0004766,Jennifer,Gonzalez,F,1966-08-02,Malaysian,williamwhite@example.net,935.639.4117x371
4767,CUS0004767,Heather,Henry,F,1973-10-03,Singaporean,jsantos@example.com,243.731.1647x8961
4768,CUS0004768,Chelsea,Simmons,F,1951-11-02,Singaporean,mcampbell@example.org,001-789-298-0907
4769,CUS0004769,Elizabeth,Young,F,1965-07-24,Indonesian,diazashley@example.net,+1-588-570-4628x159
4770,CUS0004770,Randall,Gray,M,1984-08-30,Singaporean,brandonsantiago@example.org,001-860-564-1668x1357
4771,CUS0004771,Robert,Chung,M,1989-01-16,Indonesian,khartman@example.net,683-716-0887
4772,CUS0004772,Robert,Reed,M,1985-12-23,Singaporean,btran@example.org,758.247.7267x95035
4773,CUS0004773,Maria,Robinson,F,1961-06-13,Indonesian,matthew59@example.com,+1-648-687-6970x42202
4774,CUS0004774,Richard,Alvarado,M,1992-01-24,Japanese,jacksonjeffrey@example.com,001-702-440-2418x79878
4775,CUS0004775,Stephanie,Warren,F,1997-12-08,Malaysian,bgrant@example.com,001-714-391-6968x01598
4776,CUS0004776,April,Jones,F,1957-05-04,Singaporean,veronica25@example.net,(464)305-1795
4777,CUS0004777,Leonard,Welch,M,1975-05-02,Indonesian,eddie14@example.com,(809)875-9177
4778,CUS0004778,Eric,Barker,M,1953-12-06,Singaporean,nanderson@example.org,001-925-385-7282x859
4779,CUS0004779,Brenda,Rogers,F,1986-07-14,Japanese,nathan48@example.com,+1-604-498-7509
4780,CUS0004780,Melissa,Cruz,F,1989-10-18,Japanese,charleskennedy@example.com,397.971.7593x006
4781,CUS0004781,Kathleen,Lucas,F,2007-05-07,Malaysian,kevin51@example.net,+1-370-730-3687x3391
4782,CUS0004782,Kristen,King,F,1998-09-14,Indonesian,wilsonrebecca@example.org,487-642-2749x935
4783,CUS0004783,Michele,Roberts,F,1990-06-30,Indonesian,andrew04@example.net,+1-380-474-4880
4784,CUS0004784,Susan,Henderson,F,1980-12-27,Australian,jthompson@example.net,(650)799-4241
4785,CUS0004785,Christopher,Carey,M,1990-01-27,Singaporean,scotttammy@example.org,001-704-306-3886x98475
4786,CUS0004786,Kayla,Morgan,F,1976-02-21,Singaporean,kingmarissa@example.org,001-954-640-6005x32589
4787,CUS0004787,Veronica,Flynn,F,1992-10-29,Indonesian,ejones@example.org,(498)935-7739x78341
4788,CUS0004788,Anthony,Soto,M,1970-04-20,Singaporean,thomas30@example.com,910-525-2965
4789,CUS0004789,Kristina,Hall,F,1996-04-07,Australian,stacyjones@example.com,001-820-450-4657x8466
4790,CUS0004790,Richard,Garcia,M,1954-09-24,Singaporean,jacquelinewilliams@example.org,001-526-953-7339x7850
4791,CUS0004791,Stephanie,White,F,1967-01-01,Japanese,nathan49@example.net,+1-520-886-7501x93344
4792,CUS0004792,Jacqueline,Hart,F,1957-12-23,Japanese,jeffrey76@example.org,+1-795-768-5142x3704
4793,CUS0004793,Ashlee,Garcia,F,2000-09-16,Australian,natalienixon@example.org,001-966-911-3588x845
4794,CUS0004794,Mary,Flores,F,1961-08-24,Singaporean,qmckenzie@example.net,+1-289-700-1118x195
4795,CUS0004795,Christopher,Rogers,M,1988-06-06,Indonesian,jenniferwilliams@example.org,207-991-0877
4796,CUS0004796,Edward,Russell,M,1969-02-05,Japanese,pwelch@example.com,(583)500-9306
4797,CUS0004797,Justin,Stout,M,1957-06-28,Japanese,jwilliams@example.org,242.317.8277x105
4798,CUS0004798,Michael,Peters,M,1966-02-06,Japanese,michaelstewart@example.org,538-530-8339
4799,CUS0004799,Tara,Reynolds,F,1962-02-26,Japanese,jkane@example.com,6016742591
4800,CUS0004800,Valerie,Allen,F,1964-01-15,Malaysian,nicolelewis@example.com,8762280995
4801,CUS0004801,Glenn,Farrell,M,1971-06-09,Malaysian,alec47@example.com,001-910-302-7578x98687
4802,CUS0004802,Whitney,Martinez,F,1969-07-10,Japanese,martinezsandra@example.net,889.566.5367
4803,CUS0004803,Anthony,Martin,M,1987-04-18,Singaporean,wanderson@example.com,831.282.9131x338
4804,CUS0004804,Jerry,Moore,M,1983-08-07,Indonesian,suzanne22@example.org,(454)846-3963
4805,CUS0004805,Jason,Garcia,M,1983-03-22,Malaysian,zkane@example.org,602.841.5984
4806,CUS0004806,Jimmy,Matthews,M,1986-10-06,Singaporean,shaun67@example.com,001-269-348-5648x3098
4807,CUS0004807,Erika,Williams,F,1976-03-19,Singaporean,brian33@example.net,001-656-726-4085x9551
4808,CUS0004808,Jordan,Andersen,F,1997-01-19,Indonesian,annagray@example.org,001-959-360-5267x1697
4809,CUS0004809,Kyle,Price,M,1999-12-11,Singaporean,daviddunn@example.org,379-756-0502x065
4810,CUS0004810,Jesse,Taylor,M,1952-02-08,Indonesian,johnlowe@example.net,+1-705-836-2639x638
4811,CUS0004811,Lindsay,Cox,F,1964-10-11,Japanese,amoore@example.net,(454)381-9011x7078
4812,CUS0004812,Teresa,Cordova,F,1979-01-02,Malaysian,john99@example.com,9673524750
4813,CUS0004813,Christopher,Griffin,M,2006-12-21,Japanese,michaelmclaughlin@example.com,232-228-7542
4814,CUS0004814,Jacqueline,Mcdonald,F,1955-01-22,Singaporean,deborahevans@example.org,9505448391
4815,CUS0004815,Sheila,Bauer,F,1951-11-20,Japanese,rsharp@example.com,+1-679-470-4157
4816,CUS0004816,Lori,Baker,F,1964-05-10,Malaysian,charleskaufman@example.net,(268)929-2730x73937
4817,CUS0004817,Daniel,Hansen,M,2003-11-05,Indonesian,iolson@example.com,+1-999-400-9749x9375
4818,CUS0004818,Katherine,Brown,F,1984-10-24,Singaporean,micheal16@example.com,(904)934-4846x611
4819,CUS0004819,Ann,Hernandez,F,1954-03-10,Singaporean,kimberlydixon@example.org,001-781-932-0272
4820,CUS0004820,Gabrielle,White,F,1962-06-11,Indonesian,levi83@example.org,622-793-0117x96851
4821,CUS0004821,Ronald,Fitzgerald,M,1987-08-22,Australian,joseph12@example.com,001-586-968-0015x6314
4822,CUS0004822,Julia,Santiago,F,1971-04-21,Japanese,williamwatkins@example.net,3443635852
4823,CUS0004823,Taylor,Martinez,M,2008-03-24,Australian,brianmendoza@example.com,572.497.5333x5657
4824,CUS0004824,Kevin,Price,M,1958-09-01,Malaysian,jessicahunt@example.net,001-945-429-6933x894
4825,CUS0004825,Tina,Willis,F,2001-02-17,Singaporean,twilliams@example.org,001-779-208-7333x81697
4826,CUS0004826,Jo,Perez,F,1985-05-10,Singaporean,wbond@example.com,+1-799-413-5466
4827,CUS0004827,Brenda,Bradley,F,1973-08-28,Singaporean,jennifersalazar@example.net,001-968-886-0102x56982
4828,CUS0004828,Nicole,Duncan,F,2008-02-06,Malaysian,sschroeder@example.com,798.296.3277x54055
4829,CUS0004829,Willie,Stephens,M,1963-08-03,Australian,sara40@example.org,(928)299-5544x4792
4830,CUS0004830,Kenneth,Archer,M,2000-10-25,Australian,hboyd@example.org,(511)485-8853
4831,CUS0004831,Ryan,Wood,M,1997-03-06,Australian,wwall@example.org,+1-552-356-3080x000
4832,CUS0004832,Alexander,Vance,M,1968-12-18,Singaporean,thompsondenise@example.org,9914031280
4833,CUS0004833,Kristopher,Pham,M,1997-01-13,Japanese,lindsey47@example.com,(522)369-6407x6386
4834,CUS0004834,Kayla,Dillon,F,1967-10-08,Singaporean,jennifer54@example.com,9603780540
4835,CUS0004835,Teresa,Vargas,F,1985-12-19,Indonesian,gknight@example.org,562.515.8873x1450
4836,CUS0004836,Ashley,Taylor,F,1975-03-11,Singaporean,erinnguyen@example.org,(508)312-7499
4837,CUS0004837,Ricky,Williams,M,1950-11-13,Australian,duffydavid@example.com,001-801-272-3446x77952
4838,CUS0004838,Joseph,Conley,M,1977-11-08,Indonesian,pachecolouis@example.org,282.691.9698
4839,CUS0004839,Kenneth,Schwartz,M,1955-03-26,Indonesian,webbmadison@example.net,9156919770
4840,CUS0004840,Nicole,Walker,F,1993-03-28,Singaporean,tiffany82@example.org,438.291.4550x564
4841,CUS0004841,Brandi,Adams,F,1971-02-15,Australian,alexandraleach@example.net,(425)729-2420x904
4842,CUS0004842,Joseph,Dawson,M,1970-04-02,Japanese,gregorygreene@example.org,678.307.7224
4843,CUS0004843,Thomas,Ramirez,M,1977-07-14,Indonesian,jacobhinton@example.net,+1-945-793-0506
4844,CUS0004844,Joseph,Stewart,M,1974-02-10,Australian,rchoi@example.net,(859)887-6400
4845,CUS0004845,Dawn,Austin,F,1958-02-18,Indonesian,qphillips@example.org,001-937-901-4155x1051
4846,CUS0004846,Tony,Harrison,M,1985-06-13,Indonesian,jmiller@example.org,(887)566-2690x911
4847,CUS0004847,Ralph,Hall,M,2002-12-02,Singaporean,nathanielgonzales@example.com,907.201.3168
4848,CUS0004848,Stephen,Wright,M,1999-04-05,Indonesian,jerrycoleman@example.net,386-649-1705x80307
4849,CUS0004849,Sheri,Butler,F,1958-01-14,Singaporean,harveymichael@example.com,(544)211-1397
4850,CUS0004850,Thomas,Eaton,M,1964-10-21,Indonesian,aguirremike@example.org,001-968-814-6910
4851,CUS0004851,Dennis,Pacheco,M,2000-04-09,Japanese,richardclark@example.com,(743)382-2442
4852,CUS0004852,Tracy,Brooks,F,1987-07-29,Indonesian,cody24@example.org,+1-375-526-0665x431
4853,CUS0004853,Mark,Wise,M,1992-10-06,Singaporean,cnielsen@example.com,501-594-2285x2204
4854,CUS0004854,Michelle,Walsh,F,1976-10-17,Japanese,jessebender@example.org,878-727-7345x734
4855,CUS0004855,Brianna,Reynolds,F,2000-11-03,Singaporean,christine88@example.org,719-591-7737x66062
4856,CUS0004856,Phyllis,Henry,F,1969-11-12,Malaysian,shannon44@example.org,(639)266-0860x489
4857,CUS0004857,Mallory,Hansen,F,1956-05-20,Singaporean,kimberly68@example.com,368.594.5618
4858,CUS0004858,Dustin,Chandler,M,1998-11-09,Indonesian,cummingsmorgan@example.com,503-910-9388x82956
4859,CUS0004859,Lisa,Kennedy,F,2001-04-03,Japanese,ffischer@example.net,001-588-301-9622
4860,CUS0004860,Dennis,Spence,M,1957-05-26,Indonesian,cooleymckenzie@example.org,434-704-4440x72111
4861,CUS0004861,Kevin,Stafford,M,1977-06-08,Indonesian,xdalton@example.net,(561)813-9353x019
4862,CUS0004862,Sydney,Robinson,F,1989-10-25,Indonesian,brittany57@example.com,697.376.1276x51492
4863,CUS0004863,Adrienne,Pham,F,1978-04-11,Singaporean,smithjoseph@example.net,336-262-0666
4864,CUS0004864,Ryan,Sherman,M,1955-11-20,Singaporean,haynesjoshua@example.org,+1-888-293-4773x10110
4865,CUS0004865,Aaron,Smith,M,1986-07-16,Singaporean,breanna37@example.org,(412)445-5519x5132
4866,CUS0004866,Jennifer,Hays,F,1973-01-22,Australian,guzmanamber@example.org,605.969.4904x5788
4867,CUS0004867,Bryan,Mccoy,M,1974-06-16,Malaysian,thompsonbrandon@example.net,(715)882-8436x568
4868,CUS0004868,Lisa,Hoover,F,1967-11-14,Singaporean,kimberly02@example.com,791.617.4561x85120
4869,CUS0004869,Amanda,Romero,F,2003-03-13,Indonesian,michael76@example.net,(254)913-2146
4870,CUS0004870,Karen,Mathis,F,1955-07-28,Singaporean,james93@example.net,(978)647-6505x476
4871,CUS0004871,Robert,Pearson,M,1964-12-10,Singaporean,sanchezlauren@example.com,282.736.2784x2374
4872,CUS0004872,Mark,Wells,M,1955-04-12,Malaysian,pcox@example.org,(628)436-1381
4873,CUS0004873,Alexis,Deleon,F,1959-04-24,Indonesian,psandoval@example.net,603-462-7562x9522
4874,CUS0004874,Linda,Thomas,F,1981-08-20,Indonesian,janet20@example.net,(560)375-9817
4875,CUS0004875,Pamela,Kim,F,1955-10-15,Indonesian,keithsanford@example.org,001-736-603-6082x78157
4876,CUS0004876,Kevin,Alvarez,M,1999-03-26,Japanese,kristy28@example.org,8935199389
4877,CUS0004877,Jack,Lopez,M,1956-10-04,Singaporean,johnponce@example.net,001-862-268-5038x5044
4878,CUS0004878,Ashley,Miller,F,1995-06-02,Japanese,dylanbrown@example.org,521-399-8939x6073
4879,CUS0004879,Catherine,Barnes,F,2000-06-27,Japanese,qjones@example.org,5626140249
4880,CUS0004880,Michael,Rodriguez,M,1984-02-09,Australian,sandovalluke@example.org,912.884.1527
4881,CUS0004881,Howard,Byrd,M,2005-06-28,Malaysian,stacyward@example.org,425-847-5957x624
4882,CUS0004882,Mary,Boyd,F,1981-06-30,Malaysian,garrett82@example.net,770-426-2458
4883,CUS0004883,Chase,Phillips,M,1995-12-14,Malaysian,christopherrusso@example.org,2838888461
4884,CUS0004884,Carolyn,White,F,2004-10-28,Malaysian,chelsea94@example.org,001-966-794-2505x5629
4885,CUS0004885,Jacqueline,Perez,F,1964-03-12,Indonesian,darrell62@example.org,+1-985-715-5388x469
4886,CUS0004886,Ronald,Allen,M,1970-05-08,Singaporean,yfritz@example.com,001-927-866-1131
4887,CUS0004887,Peter,Martinez,M,1972-10-22,Malaysian,sdiaz@example.org,887-908-7284x010
4888,CUS0004888,Nicholas,Myers,M,1993-03-18,Australian,donna05@example.com,7208187328
4889,CUS0004889,Erin,Grant,F,1954-08-19,Australian,belllisa@example.org,905.234.6503x24030
4890,CUS0004890,Michael,Williams,M,1984-06-16,Indonesian,dawn23@example.net,989-583-7638x9560
4891,CUS0004891,Michelle,Hubbard,F,1973-07-24,Malaysian,sarah74@example.com,001-501-710-8439x9016
4892,CUS0004892,Joseph,Gomez,M,1967-10-27,Indonesian,dsmith@example.org,330-709-5840x34499
4893,CUS0004893,Monica,Marquez,F,1967-12-02,Singaporean,wilsonshannon@example.com,+1-750-335-4492x530
4894,CUS0004894,Connor,Richardson,M,1962-08-22,Australian,rbuchanan@example.org,8892387559
4895,CUS0004895,Jenna,Sullivan,F,2002-10-19,Malaysian,james67@example.org,375.902.7873x62184
4896,CUS0004896,Judy,Vincent,F,1973-01-16,Australian,marie48@example.net,001-911-666-1734
4897,CUS0004897,Cassandra,Shaffer,F,1989-11-12,Australian,robertscorey@example.org,+1-797-207-1020x23492
4898,CUS0004898,Lisa,Steele,F,1956-01-08,Singaporean,mariahall@example.net,(228)298-1899x93284
4899,CUS0004899,Robert,Hunt,M,1959-11-02,Australian,ochase@example.net,213.424.1910
4900,CUS0004900,Bethany,Reed,F,1997-06-17,Japanese,butlerjason@example.net,353-542-1055x891
4901,CUS0004901,Barbara,Lester,F,1965-11-15,Japanese,adkinsmichael@example.com,6345418440
4902,CUS0004902,Katrina,Smith,F,1974-07-16,Japanese,rachel05@example.net,001-955-486-4452x64650
4903,CUS0004903,Peter,Clark,M,2005-08-28,Australian,nancyrodriguez@example.org,+1-362-688-4483x5753
4904,CUS0004904,Juan,Guerra,M,2005-04-16,Japanese,foxbrent@example.org,(423)233-2961x9300
4905,CUS0004905,Jill,Smith,F,2008-02-03,Japanese,sean95@example.net,500.281.7441x17072
4906,CUS0004906,Xavier,Robbins,M,1987-04-11,Indonesian,richard62@example.net,919.897.8835x84341
4907,CUS0004907,Philip,Brown,M,1979-08-28,Malaysian,martinchristopher@example.org,2516271981
4908,CUS0004908,Richard,Robles,M,1978-02-07,Singaporean,laura48@example.net,(265)823-4304
4909,CUS0004909,Shaun,Anderson,M,2000-04-27,Malaysian,annecruz@example.org,9357241544
4910,CUS0004910,Ruth,Jones,F,1987-05-01,Singaporean,tracey01@example.org,5836892116
4911,CUS0004911,Johnny,Hobbs,M,2008-01-03,Indonesian,xmejia@example.com,583-384-2936
4912,CUS0004912,Kara,Russell,F,1999-10-12,Malaysian,bradleyjeff@example.org,811-910-9498x9905
4913,CUS0004913,Larry,Mcgee,M,1987-09-17,Malaysian,william64@example.net,+1-307-896-1840x421
4914,CUS0004914,Michelle,Robinson,F,1995-06-08,Singaporean,martinezraymond@example.org,939-633-7361
4915,CUS0004915,Deborah,Patel,F,1991-06-23,Singaporean,nathanconway@example.com,+1-848-653-1241x7591
4916,CUS0004916,Tanner,Mata,M,1988-08-01,Singaporean,sfowler@example.com,001-640-901-4913x370
4917,CUS0004917,Timothy,Charles,M,1977-04-30,Singaporean,danielhughes@example.org,557-776-1574
4918,CUS0004918,Garrett,Rodriguez,M,1965-09-05,Singaporean,mscott@example.org,+1-501-669-4529x6724
4919,CUS0004919,Mary,Camacho,F,1952-07-15,Indonesian,collinsgeorge@example.net,202-869-7428
4920,CUS0004920,Jennifer,Carroll,F,1968-11-22,Malaysian,oallen@example.com,730-944-9796x9771
4921,CUS0004921,James,Russell,M,2004-02-29,Indonesian,smithjoan@example.org,(380)202-4318
4922,CUS0004922,Adrian,Hunter,M,1961-05-09,Australian,heidi33@example.com,365.894.7028
4923,CUS0004923,Clinton,Young,M,1972-12-17,Indonesian,ronald99@example.com,746-485-7494
4924,CUS0004924,Joseph,Booker,M,1993-11-29,Malaysian,luishahn@example.net,001-933-967-8092x27355
4925,CUS0004925,Jeremy,Giles,M,1985-06-16,Indonesian,ahernandez@example.net,674.268.6398
4926,CUS0004926,Jack,Clark,M,1962-09-04,Indonesian,alicia93@example.net,934-903-6073
4927,CUS0004927,Bob,Bradshaw,M,1976-11-15,Japanese,allenallison@example.com,590-202-8807x338
4928,CUS0004928,Diana,Carter,F,1991-09-15,Singaporean,joanna16@example.org,(536)552-8939
4929,CUS0004929,Samuel,Contreras,M,1983-11-27,Australian,julia44@example.com,+1-425-274-2377
4930,CUS0004930,David,Young,M,1965-03-19,Japanese,teresa30@example.org,+1-751-294-6878x713
4931,CUS0004931,Dana,Johns,F,1985-12-01,Australian,joseph36@example.com,(381)893-2096x672
4932,CUS0004932,Carolyn,Shelton,F,1987-12-12,Malaysian,sergio84@example.org,975-485-0808x6105
4933,CUS0004933,Jennifer,Horton,F,2006-05-12,Indonesian,williammaldonado@example.net,761-359-6543x910
4934,CUS0004934,April,Diaz,F,1994-06-29,Indonesian,cweeks@example.org,522.365.5999x33129
4935,CUS0004935,Steve,Mclaughlin,M,1962-07-12,Indonesian,sandraharrell@example.net,5513665234
4936,CUS0004936,Kelly,Bennett,M,2000-12-07,Japanese,ncarter@example.net,001-681-564-8462x431
4937,CUS0004937,Gary,Smith,M,1967-07-21,Japanese,jonesjoshua@example.org,(295)741-2809x493
4938,CUS0004938,Michael,Flores,M,1969-03-14,Indonesian,santosbrittany@example.com,548.704.1145x753
4939,CUS0004939,Megan,Howard,F,1981-05-11,Australian,kim06@example.com,708.731.2465x30722
4940,CUS0004940,Yesenia,Jones,F,1980-09-29,Japanese,sabrinahall@example.com,+1-689-375-5596
4941,CUS0004941,Chelsea,Bradley,F,1959-03-26,Japanese,lrogers@example.net,+1-790-485-6920x283
4942,CUS0004942,Pamela,Hayes,F,2005-11-21,Singaporean,yparsons@example.com,731.358.4171x4796
4943,CUS0004943,Linda,Dennis,F,1990-12-11,Singaporean,owensjennifer@example.org,(820)935-0836x860
4944,CUS0004944,Teresa,Rose,F,1971-07-03,Indonesian,hgreen@example.org,(489)227-0069x821
4945,CUS0004945,Brittany,Mccann,F,1971-12-25,Singaporean,gonzaleshector@example.net,(644)599-8159x5177
4946,CUS0004946,Dustin,Thomas,M,1992-02-12,Australian,klara@example.org,(434)383-2348x63415
4947,CUS0004947,Daniel,Moss,M,1983-01-20,Singaporean,cody71@example.com,685-790-7138x4568
4948,CUS0004948,Kristen,Davis,F,2005-09-21,Singaporean,sandraallison@example.com,001-738-389-3304x49818
4949,CUS0004949,Ryan,Thomas,M,2001-04-23,Australian,lgibson@example.com,+1-260-508-6078x049
4950,CUS0004950,Christine,Doyle,F,1996-10-27,Malaysian,lgonzalez@example.net,001-251-777-6983x67139
4951,CUS0004951,Savannah,Brown,F,1972-07-27,Australian,eric01@example.org,001-982-273-1542x12588
4952,CUS0004952,Jared,Mcclain,M,2004-01-05,Indonesian,whitesarah@example.com,652-209-8148x185
4953,CUS0004953,Marilyn,Parks,F,1953-08-05,Australian,christopher68@example.com,9525935410
4954,CUS0004954,Jeremy,Hernandez,M,1986-05-08,Malaysian,hunterwest@example.com,644-280-6344x68023
4955,CUS0004955,John,White,M,1994-05-31,Indonesian,ibrandt@example.net,(901)288-0381x45909
4956,CUS0004956,Joe,Fox,M,1970-04-09,Malaysian,phillipskelly@example.org,916-249-6494
4957,CUS0004957,Linda,Higgins,F,1989-07-30,Indonesian,xmorris@example.net,3007807350
4958,CUS0004958,Matthew,Robinson,M,1986-05-01,Malaysian,donald81@example.com,+1-297-983-9090
4959,CUS0004959,Brian,Johnson,M,1991-04-20,Japanese,thompsonjessica@example.org,+1-513-932-7809x11914
4960,CUS0004960,John,Olsen,M,2005-07-21,Indonesian,meghan67@example.org,+1-249-655-6821x069
4961,CUS0004961,Stephen,Johnson,M,1987-06-04,Japanese,nmayo@example.net,(596)562-3546x795
4962,CUS0004962,Jeremy,Wheeler,M,2000-07-21,Malaysian,thomas05@example.com,001-737-460-2885
4963,CUS0004963,Kevin,Dominguez,M,1985-03-06,Japanese,williamspamela@example.com,(714)312-2580x4849
4964,CUS0004964,Brian,Cox,M,1990-01-22,Indonesian,vdrake@example.org,001-887-584-1856x788
4965,CUS0004965,Christopher,Rodriguez,M,1961-10-24,Malaysian,brendafisher@example.net,324.644.3807x7442
4966,CUS0004966,Kyle,Ochoa,M,1953-06-12,Japanese,emily94@example.net,001-576-444-1507x9585
4967,CUS0004967,Jeffrey,Wiley,M,1959-03-26,Japanese,kimberly87@example.net,969-844-4249
4968,CUS0004968,Whitney,Rivera,F,1985-07-31,Indonesian,patrick13@example.net,551-930-2999x030
4969,CUS0004969,Chad,Bean,M,1975-03-22,Malaysian,wsalas@example.org,(875)821-4974x210
4970,CUS0004970,Douglas,Mcdonald,M,1966-04-30,Malaysian,cguerra@example.com,(706)494-2022x2588
4971,CUS0004971,Mario,Mcgrath,M,1969-02-12,Malaysian,bennettjustin@example.com,001-984-874-0180
4972,CUS0004972,Kelly,Wilson,F,1965-12-30,Australian,steelecasey@example.org,556.814.9492
4973,CUS0004973,Bruce,Kemp,M,1994-09-24,Malaysian,ystevens@example.com,973.413.3411x702
4974,CUS0004974,Krystal,Singh,F,1973-01-13,Malaysian,ashley32@example.net,368.471.7750x24839
4975,CUS0004975,Andrew,Ross,M,1955-08-02,Indonesian,matthew98@example.net,001-728-337-7522x3565
4976,CUS0004976,Morgan,Mcfarland,F,1958-10-05,Australian,tylerrivera@example.net,810-467-5858x834
4977,CUS0004977,Travis,Steele,M,1953-11-18,Japanese,daniel11@example.org,001-768-280-2812x59542
4978,CUS0004978,Dominic,Sanchez,M,1970-06-09,Indonesian,rogermartinez@example.com,714.589.0804x9479
4979,CUS0004979,Elizabeth,Kirk,F,1954-01-23,Australian,zlong@example.org,752-236-9238x220
4980,CUS0004980,Clayton,Bridges,M,1986-11-08,Malaysian,hernandezangela@example.net,868-830-5378x940
4981,CUS0004981,Jonathan,Jacobs,M,1976-10-20,Singaporean,heather64@example.net,(465)493-5238x57121
4982,CUS0004982,Mary,Gilmore,F,1958-05-26,Indonesian,duncandebbie@example.org,001-457-937-3932x50192
4983,CUS0004983,Matthew,Davis,M,1989-07-04,Singaporean,ehuang@example.net,001-403-210-5371x8098
4984,CUS0004984,Shannon,Dougherty,M,1967-04-03,Singaporean,shelbybeasley@example.com,331-828-4794x33152
4985,CUS0004985,Jeffrey,Parks,M,2000-04-05,Japanese,mary07@example.net,721-478-7830x057
4986,CUS0004986,Regina,Crawford,F,1996-12-12,Australian,normancampbell@example.net,(589)266-8106
4987,CUS0004987,Alan,Castillo,M,1996-09-02,Malaysian,colinfarrell@example.com,001-853-653-8218x108
4988,CUS0004988,Veronica,Williamson,F,1968-12-11,Malaysian,gregholloway@example.com,993-954-9410x9758
4989,CUS0004989,Mary,Aguirre,F,1997-05-20,Indonesian,hrios@example.com,001-560-787-0999
4990,CUS0004990,Debra,Martin,F,1979-04-09,Singaporean,carolynmiller@example.net,807.472.3096x6941
4991,CUS0004991,Andrew,Rodriguez,M,1989-11-29,Japanese,murphysteven@example.org,530-759-6160x5050
4992,CUS0004992,Brandon,Black,M,2006-05-01,Singaporean,tiffanymccarthy@example.org,200-281-9822x2832
4993,CUS0004993,Jennifer,Bell,F,1970-11-08,Indonesian,joshuahammond@example.net,697-423-9612
4994,CUS0004994,Matthew,Anderson,M,1999-05-01,Singaporean,samuelross@example.org,666.705.3894
4995,CUS0004995,Carol,Faulkner,F,1992-03-07,Japanese,fowlermichelle@example.net,001-613-723-7153x57953
4996,CUS0004996,Matthew,Diaz,M,2004-11-24,Australian,amyrodriguez@example.com,001-515-847-3653x193
4997,CUS0004997,James,Thomas,M,1950-06-27,Australian,luisnelson@example.org,(480)454-3913
4998,CUS0004998,Jaclyn,Cook,F,2002-03-01,Singaporean,osborncristian@example.org,854-478-3643x7482
4999,CUS0004999,Cindy,Yates,F,1995-02-19,Singaporean,gmclean@example.net,001-289-618-6359x1247
5000,CUS0005000,Nicholas,Davis,M,1960-04-15,Malaysian,linda02@example.net,340-699-1492
