booking_id,customer_id,booking_date,booking_channel,fare_basis_code
BKG00000001,CUS0001979,2025-07-24,WEB,FLXFST
BKG00000002,CUS0000268,2023-06-08,WEB,YOWUS
BKG00000003,CUS0001257,2026-04-10,OTA,CLXSAV
BKG00000004,CUS0002746,2023-06-16,MOB,FLXFST
BKG00000005,CUS0001982,2026-02-08,CTR,FLXFST
BKG00000006,CUS0001579,2025-02-24,CTR,FLXFST
BKG00000007,CUS0000423,2024-11-19,CTR,FLXFST
BKG00000008,CUS0001056,2026-01-11,AGT,FLXFST
BKG00000009,CUS0001424,2024-12-26,GDS,CLXSAV
BKG00000010,CUS0004238,2024-05-07,MOB,FLXFST
BKG00000011,CUS0001893,2024-06-20,WEB,BSSAVE
BKG00000012,CUS0004131,2025-05-22,WEB,FLXFST
BKG00000013,CUS0002132,2025-10-25,CTR,BSSAVE
BKG00000014,CUS0002642,2024-11-17,MOB,YOWRS
BKG00000015,CUS0000765,2026-05-02,WEB,FLXFST
BKG00000016,CUS0000095,2025-06-13,AGT,BSSAVE
BKG00000017,CUS0000228,2025-01-13,CTR,YOWRS
BKG00000018,CUS0004685,2024-10-13,GDS,YOWUS
BKG00000019,CUS0001070,2023-09-13,GDS,CLXSAV
BKG00000020,CUS0001529,2024-04-22,MOB,WOWBUS
BKG00000021,CUS0002433,2025-12-26,MOB,WOWBUS
BKG00000022,CUS0003098,2025-04-03,OTA,YOWUS
BKG00000023,CUS0002253,2023-08-12,WEB,BSSAVE
BKG00000024,CUS0000190,2023-10-20,AGT,YOWRS
BKG00000025,CUS0000909,2024-04-24,GDS,YOWRS
BKG00000026,CUS0000878,2023-10-18,MOB,CLXBUS
BKG00000027,CUS0002147,2024-05-09,MOB,YOWRS
BKG00000028,CUS0000634,2023-12-10,GDS,CLXSAV
BKG00000029,CUS0001704,2023-10-11,GDS,YOWRS
BKG00000030,CUS0004023,2023-07-09,WEB,FLXFST
BKG00000031,CUS0000603,2025-06-18,GDS,YOWRS
BKG00000032,CUS0001723,2026-01-27,AGT,FLXFST
BKG00000033,CUS0003075,2023-06-13,OTA,GRPECO
BKG00000034,CUS0001320,2024-05-08,MOB,CLXBUS
BKG00000035,CUS0000084,2024-02-13,MOB,YOWUS
BKG00000036,CUS0000961,2024-08-05,OTA,CLXSAV
BKG00000037,CUS0003965,2025-05-10,CTR,YOWUS
BKG00000038,CUS0001298,2023-12-18,CTR,CLXBUS
BKG00000039,CUS0000997,2025-04-30,MOB,YOWUS
BKG00000040,CUS0004391,2026-05-04,WEB,BSSAVE
BKG00000041,CUS0001772,2023-11-21,OTA,YOWRS
BKG00000042,CUS0001778,2024-01-07,WEB,CLXSAV
BKG00000043,CUS0001136,2026-02-11,MOB,YOWRS
BKG00000044,CUS0001037,2023-12-09,OTA,CLXBUS
BKG00000045,CUS0003946,2024-09-03,MOB,YOWRS
BKG00000046,CUS0002856,2025-02-07,AGT,CLXBUS
BKG00000047,CUS0003827,2024-05-14,AGT,GRPECO
BKG00000048,CUS0003573,2025-11-27,CTR,FLXFST
BKG00000049,CUS0001582,2024-09-17,OTA,BSSAVE
BKG00000050,CUS0001622,2025-08-21,AGT,CLXBUS
BKG00000051,CUS0003219,2024-07-05,WEB,CLXBUS
BKG00000052,CUS0001358,2023-10-04,MOB,GRPECO
BKG00000053,CUS0003551,2025-10-10,GDS,FLXFST
BKG00000054,CUS0004886,2024-08-23,AGT,CLXBUS
BKG00000055,CUS0002612,2025-10-19,CTR,YOWRS
BKG00000056,CUS0004975,2025-07-16,GDS,FLXFST
BKG00000057,CUS0001637,2025-04-01,CTR,CLXSAV
BKG00000058,CUS0003064,2026-01-15,AGT,YOWRS
BKG00000059,CUS0003682,2024-05-10,MOB,YOWUS
BKG00000060,CUS0004190,2024-09-24,OTA,FLXFST
BKG00000061,CUS0002405,2023-06-01,CTR,CLXSAV
BKG00000062,CUS0003263,2024-01-06,WEB,YOWRS
BKG00000063,CUS0001474,2025-08-30,OTA,FLXFST
BKG00000064,CUS0001524,2026-04-11,OTA,WOWBUS
BKG00000065,CUS0000596,2024-12-15,MOB,CLXSAV
BKG00000066,CUS0003048,2023-05-31,MOB,CLXSAV
BKG00000067,CUS0001002,2023-10-30,WEB,CLXSAV
BKG00000068,CUS0000090,2024-07-04,AGT,CLXSAV
BKG00000069,CUS0001752,2025-04-01,GDS,CLXSAV
BKG00000070,CUS0001906,2025-08-17,CTR,YOWRS
BKG00000071,CUS0003159,2025-12-28,OTA,WOWBUS
BKG00000072,CUS0004320,2025-05-03,MOB,YOWRS
BKG00000073,CUS0004596,2025-04-04,OTA,YOWRS
BKG00000074,CUS0004702,2024-04-26,AGT,FLXFST
BKG00000075,CUS0003566,2024-11-20,OTA,CLXSAV
BKG00000076,CUS0001624,2024-04-04,MOB,YOWUS
BKG00000077,CUS0004047,2026-04-23,GDS,YOWUS
BKG00000078,CUS0002249,2025-03-01,GDS,YOWRS
BKG00000079,CUS0001017,2026-05-11,GDS,BSSAVE
BKG00000080,CUS0004927,2025-08-02,OTA,FLXFST
BKG00000081,CUS0001937,2025-03-14,CTR,YOWUS
BKG00000082,CUS0002336,2026-04-24,WEB,YOWUS
BKG00000083,CUS0003783,2025-01-04,OTA,BSSAVE
BKG00000084,CUS0003300,2025-03-24,WEB,YOWUS
BKG00000085,CUS0002764,2025-12-13,AGT,YOWUS
BKG00000086,CUS0000569,2025-02-28,GDS,YOWRS
BKG00000087,CUS0003401,2023-08-31,AGT,CLXBUS
BKG00000088,CUS0002251,2025-04-13,OTA,CLXSAV
BKG00000089,CUS0003280,2026-01-24,WEB,CLXSAV
BKG00000090,CUS0004046,2023-07-25,CTR,YOWUS
BKG00000091,CUS0003223,2024-03-02,OTA,GRPECO
BKG00000092,CUS0004042,2025-05-29,AGT,YOWRS
BKG00000093,CUS0003064,2025-05-20,CTR,YOWRS
BKG00000094,CUS0000240,2024-11-17,MOB,YOWUS
BKG00000095,CUS0000086,2025-10-28,MOB,YOWRS
BKG00000096,CUS0002645,2023-09-21,AGT,FLXFST
BKG00000097,CUS0001855,2023-10-07,MOB,YOWRS
BKG00000098,CUS0001566,2023-06-25,AGT,CLXSAV
BKG00000099,CUS0004404,2025-04-25,WEB,YOWUS
BKG00000100,CUS0002128,2026-04-27,WEB,YOWRS
BKG00000101,CUS0000394,2024-02-07,OTA,YOWRS
BKG00000102,CUS0002161,2024-06-26,OTA,FLXFST
BKG00000103,CUS0002212,2025-08-18,AGT,BSSAVE
BKG00000104,CUS0001129,2024-04-21,CTR,GRPECO
BKG00000105,CUS0000983,2024-09-26,MOB,CLXSAV
BKG00000106,CUS0001213,2023-11-06,CTR,FLXFST
BKG00000107,CUS0003661,2025-02-28,AGT,YOWRS
BKG00000108,CUS0004275,2025-06-05,CTR,WOWBUS
BKG00000109,CUS0004735,2023-06-02,GDS,GRPECO
BKG00000110,CUS0002299,2023-11-04,OTA,GRPECO
BKG00000111,CUS0001851,2023-07-04,WEB,CLXBUS
BKG00000112,CUS0002427,2024-05-28,AGT,YOWRS
BKG00000113,CUS0002892,2026-04-14,CTR,WOWBUS
BKG00000114,CUS0001687,2025-06-29,AGT,YOWRS
BKG00000115,CUS0000616,2025-05-21,GDS,YOWUS
BKG00000116,CUS0001741,2024-10-22,WEB,WOWBUS
BKG00000117,CUS0003836,2025-03-05,GDS,WOWBUS
BKG00000118,CUS0003995,2024-12-17,WEB,CLXSAV
BKG00000119,CUS0001710,2025-08-26,CTR,CLXSAV
BKG00000120,CUS0002555,2025-03-24,AGT,GRPECO
BKG00000121,CUS0001262,2026-03-27,CTR,YOWRS
BKG00000122,CUS0001066,2026-01-18,MOB,CLXSAV
BKG00000123,CUS0003159,2024-10-03,GDS,WOWBUS
BKG00000124,CUS0003279,2025-11-24,MOB,YOWRS
BKG00000125,CUS0002277,2024-07-23,GDS,BSSAVE
BKG00000126,CUS0002517,2025-02-05,CTR,YOWRS
BKG00000127,CUS0001207,2025-06-08,GDS,YOWRS
BKG00000128,CUS0000903,2026-05-09,MOB,YOWUS
BKG00000129,CUS0003776,2024-04-13,MOB,CLXBUS
BKG00000130,CUS0000235,2025-10-04,GDS,GRPECO
BKG00000131,CUS0002884,2026-02-20,OTA,YOWRS
BKG00000132,CUS0004509,2026-04-03,WEB,CLXSAV
BKG00000133,CUS0003535,2024-11-04,MOB,BSSAVE
BKG00000134,CUS0003252,2024-03-08,CTR,FLXFST
BKG00000135,CUS0004161,2024-02-18,OTA,YOWUS
BKG00000136,CUS0003616,2023-11-05,OTA,CLXSAV
BKG00000137,CUS0000802,2025-11-10,WEB,FLXFST
BKG00000138,CUS0003462,2025-04-27,MOB,CLXBUS
BKG00000139,CUS0001552,2025-03-13,GDS,BSSAVE
BKG00000140,CUS0004867,2025-02-05,OTA,GRPECO
BKG00000141,CUS0004249,2024-07-25,GDS,YOWRS
BKG00000142,CUS0000409,2024-12-04,AGT,WOWBUS
BKG00000143,CUS0000910,2025-10-07,MOB,YOWRS
BKG00000144,CUS0000436,2023-08-16,WEB,CLXBUS
BKG00000145,CUS0001956,2025-05-20,WEB,YOWRS
BKG00000146,CUS0002257,2023-10-06,MOB,FLXFST
BKG00000147,CUS0003211,2025-12-12,GDS,YOWRS
BKG00000148,CUS0001802,2023-08-28,AGT,CLXBUS
BKG00000149,CUS0004057,2025-02-17,MOB,BSSAVE
BKG00000150,CUS0001668,2024-08-02,OTA,CLXBUS
BKG00000151,CUS0004885,2024-10-25,OTA,YOWUS
BKG00000152,CUS0000773,2025-05-12,MOB,GRPECO
BKG00000153,CUS0002502,2023-08-16,AGT,WOWBUS
BKG00000154,CUS0001395,2023-07-25,OTA,YOWRS
BKG00000155,CUS0001366,2024-01-21,MOB,CLXSAV
BKG00000156,CUS0003730,2024-07-29,MOB,YOWUS
BKG00000157,CUS0003888,2025-01-30,GDS,CLXSAV
BKG00000158,CUS0000171,2024-01-17,MOB,CLXBUS
BKG00000159,CUS0000631,2025-11-16,MOB,YOWUS
BKG00000160,CUS0004867,2024-12-14,OTA,GRPECO
BKG00000161,CUS0004778,2026-03-20,WEB,GRPECO
BKG00000162,CUS0002028,2025-01-06,GDS,YOWRS
BKG00000163,CUS0000371,2025-01-03,WEB,CLXBUS
BKG00000164,CUS0001871,2025-07-19,CTR,BSSAVE
BKG00000165,CUS0001201,2023-07-02,WEB,YOWRS
BKG00000166,CUS0002496,2024-12-04,AGT,CLXSAV
BKG00000167,CUS0003708,2023-09-14,GDS,CLXSAV
BKG00000168,CUS0004471,2023-09-08,OTA,GRPECO
BKG00000169,CUS0002077,2026-01-27,OTA,GRPECO
BKG00000170,CUS0000112,2025-11-09,OTA,CLXBUS
BKG00000171,CUS0002734,2024-09-07,CTR,GRPECO
BKG00000172,CUS0000924,2025-05-02,OTA,YOWUS
BKG00000173,CUS0001212,2024-01-12,GDS,WOWBUS
BKG00000174,CUS0001161,2024-09-29,OTA,GRPECO
BKG00000175,CUS0000254,2026-03-13,MOB,FLXFST
BKG00000176,CUS0002945,2025-12-01,MOB,YOWRS
BKG00000177,CUS0001588,2024-08-16,GDS,YOWRS
BKG00000178,CUS0002244,2025-08-02,AGT,GRPECO
BKG00000179,CUS0004317,2025-04-12,MOB,CLXBUS
BKG00000180,CUS0002858,2025-06-13,OTA,FLXFST
BKG00000181,CUS0004827,2025-01-12,GDS,CLXBUS
BKG00000182,CUS0002534,2023-11-25,MOB,YOWUS
BKG00000183,CUS0004748,2024-02-08,CTR,CLXSAV
BKG00000184,CUS0001008,2025-03-28,GDS,GRPECO
BKG00000185,CUS0004643,2026-04-01,OTA,CLXBUS
BKG00000186,CUS0000903,2025-07-30,WEB,GRPECO
BKG00000187,CUS0001206,2024-11-05,GDS,BSSAVE
BKG00000188,CUS0004286,2024-05-07,OTA,BSSAVE
BKG00000189,CUS0002488,2023-09-14,GDS,CLXBUS
BKG00000190,CUS0000530,2024-08-06,OTA,YOWUS
BKG00000191,CUS0003719,2026-04-30,WEB,WOWBUS
BKG00000192,CUS0002319,2026-05-21,CTR,YOWRS
BKG00000193,CUS0000436,2023-05-30,GDS,CLXBUS
BKG00000194,CUS0000042,2026-05-04,GDS,CLXSAV
BKG00000195,CUS0000006,2023-05-29,WEB,CLXBUS
BKG00000196,CUS0001129,2023-07-13,OTA,CLXBUS
BKG00000197,CUS0004113,2024-02-29,AGT,BSSAVE
BKG00000198,CUS0000705,2024-05-20,AGT,CLXBUS
BKG00000199,CUS0001169,2025-05-27,AGT,WOWBUS
BKG00000200,CUS0003540,2025-03-19,CTR,YOWRS
BKG00000201,CUS0002383,2025-06-03,MOB,YOWUS
BKG00000202,CUS0003877,2024-04-20,OTA,WOWBUS
BKG00000203,CUS0003165,2025-03-29,GDS,FLXFST
BKG00000204,CUS0000804,2023-07-08,OTA,CLXBUS
BKG00000205,CUS0004891,2024-12-17,OTA,BSSAVE
BKG00000206,CUS0004620,2023-10-04,GDS,CLXSAV
BKG00000207,CUS0004737,2025-04-14,MOB,WOWBUS
BKG00000208,CUS0002049,2023-09-07,MOB,FLXFST
BKG00000209,CUS0004541,2024-05-22,MOB,CLXBUS
BKG00000210,CUS0002499,2025-01-17,WEB,CLXBUS
BKG00000211,CUS0004643,2024-08-07,AGT,GRPECO
BKG00000212,CUS0004472,2024-07-27,MOB,FLXFST
BKG00000213,CUS0003580,2024-10-29,WEB,BSSAVE
BKG00000214,CUS0004314,2025-12-26,GDS,CLXSAV
BKG00000215,CUS0004128,2024-02-25,AGT,CLXSAV
BKG00000216,CUS0003837,2024-06-05,OTA,FLXFST
BKG00000217,CUS0003822,2025-03-14,GDS,FLXFST
BKG00000218,CUS0003779,2024-06-28,WEB,YOWUS
BKG00000219,CUS0003449,2025-10-20,WEB,BSSAVE
BKG00000220,CUS0002478,2025-12-16,MOB,CLXSAV
BKG00000221,CUS0001043,2025-06-21,CTR,CLXBUS
BKG00000222,CUS0000439,2025-11-24,GDS,BSSAVE
BKG00000223,CUS0003301,2025-09-09,AGT,YOWUS
BKG00000224,CUS0003792,2024-12-04,CTR,GRPECO
BKG00000225,CUS0000446,2023-09-27,WEB,YOWUS
BKG00000226,CUS0002214,2023-12-05,AGT,YOWRS
BKG00000227,CUS0002732,2024-08-29,CTR,YOWRS
BKG00000228,CUS0002381,2025-02-08,CTR,GRPECO
BKG00000229,CUS0002715,2023-09-08,WEB,YOWRS
BKG00000230,CUS0004790,2024-02-04,AGT,YOWUS
BKG00000231,CUS0001680,2024-11-07,CTR,BSSAVE
BKG00000232,CUS0004605,2024-11-13,AGT,GRPECO
BKG00000233,CUS0001118,2025-12-15,MOB,BSSAVE
BKG00000234,CUS0002465,2024-09-27,AGT,CLXBUS
BKG00000235,CUS0000053,2026-05-19,GDS,WOWBUS
BKG00000236,CUS0000940,2025-02-28,WEB,YOWUS
BKG00000237,CUS0001254,2025-12-06,CTR,YOWRS
BKG00000238,CUS0004259,2024-03-08,WEB,WOWBUS
BKG00000239,CUS0001674,2024-06-10,WEB,GRPECO
BKG00000240,CUS0000202,2023-09-06,CTR,GRPECO
BKG00000241,CUS0003201,2025-08-11,WEB,YOWRS
BKG00000242,CUS0002457,2024-05-11,GDS,GRPECO
BKG00000243,CUS0001508,2023-11-16,MOB,CLXBUS
BKG00000244,CUS0003598,2024-07-15,AGT,YOWRS
BKG00000245,CUS0003542,2024-02-20,MOB,YOWUS
BKG00000246,CUS0001514,2024-12-25,MOB,WOWBUS
BKG00000247,CUS0001399,2025-01-08,CTR,WOWBUS
BKG00000248,CUS0003901,2023-07-21,GDS,CLXBUS
BKG00000249,CUS0002372,2024-03-17,AGT,YOWRS
BKG00000250,CUS0004824,2024-12-03,GDS,CLXSAV
BKG00000251,CUS0002255,2023-10-22,GDS,FLXFST
BKG00000252,CUS0000880,2025-10-14,GDS,FLXFST
BKG00000253,CUS0003481,2024-04-25,MOB,YOWUS
BKG00000254,CUS0002322,2025-05-27,GDS,YOWRS
BKG00000255,CUS0004623,2024-04-05,GDS,YOWUS
BKG00000256,CUS0004756,2024-06-05,OTA,YOWUS
BKG00000257,CUS0003642,2026-01-11,WEB,CLXSAV
BKG00000258,CUS0001142,2023-11-01,GDS,GRPECO
BKG00000259,CUS0002269,2025-07-12,WEB,BSSAVE
BKG00000260,CUS0002931,2024-06-27,CTR,WOWBUS
BKG00000261,CUS0002858,2026-02-28,AGT,FLXFST
BKG00000262,CUS0004203,2026-04-04,WEB,BSSAVE
BKG00000263,CUS0001241,2025-08-20,OTA,CLXSAV
BKG00000264,CUS0003765,2025-02-26,AGT,BSSAVE
BKG00000265,CUS0002281,2023-06-27,AGT,CLXBUS
BKG00000266,CUS0003228,2025-03-25,WEB,GRPECO
BKG00000267,CUS0003085,2023-09-07,GDS,BSSAVE
BKG00000268,CUS0004719,2026-04-14,AGT,CLXBUS
BKG00000269,CUS0001061,2024-10-16,AGT,CLXSAV
BKG00000270,CUS0004824,2026-02-17,CTR,CLXSAV
BKG00000271,CUS0004789,2023-06-20,CTR,FLXFST
BKG00000272,CUS0000554,2024-07-25,WEB,YOWUS
BKG00000273,CUS0001304,2025-08-15,MOB,YOWRS
BKG00000274,CUS0000871,2024-12-05,GDS,GRPECO
BKG00000275,CUS0002652,2024-09-13,MOB,WOWBUS
BKG00000276,CUS0000864,2025-07-29,MOB,FLXFST
BKG00000277,CUS0003442,2025-06-07,WEB,YOWUS
BKG00000278,CUS0002052,2024-09-20,WEB,YOWUS
BKG00000279,CUS0000598,2024-04-12,GDS,CLXSAV
BKG00000280,CUS0004969,2025-11-25,AGT,YOWUS
BKG00000281,CUS0001426,2023-07-25,OTA,YOWRS
BKG00000282,CUS0003683,2023-07-11,GDS,BSSAVE
BKG00000283,CUS0004701,2024-01-31,CTR,WOWBUS
BKG00000284,CUS0001604,2023-08-24,OTA,GRPECO
BKG00000285,CUS0003585,2025-07-17,AGT,CLXBUS
BKG00000286,CUS0001848,2026-05-02,MOB,BSSAVE
BKG00000287,CUS0003556,2025-12-19,CTR,WOWBUS
BKG00000288,CUS0000705,2023-11-06,CTR,YOWUS
BKG00000289,CUS0000789,2024-06-30,MOB,YOWUS
BKG00000290,CUS0001152,2023-08-22,WEB,CLXSAV
BKG00000291,CUS0003343,2025-11-29,CTR,YOWRS
BKG00000292,CUS0002792,2025-03-02,MOB,GRPECO
BKG00000293,CUS0001558,2024-07-30,MOB,GRPECO
BKG00000294,CUS0004103,2025-02-09,OTA,CLXSAV
BKG00000295,CUS0004577,2024-12-29,MOB,YOWRS
BKG00000296,CUS0003596,2024-07-27,GDS,FLXFST
BKG00000297,CUS0000581,2024-03-01,CTR,YOWRS
BKG00000298,CUS0001042,2024-09-10,CTR,CLXBUS
BKG00000299,CUS0000827,2025-10-15,WEB,GRPECO
BKG00000300,CUS0001889,2024-08-07,WEB,CLXSAV
BKG00000301,CUS0000185,2023-09-12,MOB,CLXBUS
BKG00000302,CUS0002060,2025-09-14,GDS,CLXSAV
BKG00000303,CUS0000557,2024-02-12,MOB,CLXBUS
BKG00000304,CUS0000613,2025-06-03,CTR,WOWBUS
BKG00000305,CUS0004242,2024-10-07,CTR,CLXBUS
BKG00000306,CUS0003271,2024-08-26,CTR,YOWUS
BKG00000307,CUS0004473,2026-04-28,AGT,YOWRS
BKG00000308,CUS0004775,2024-04-26,GDS,CLXBUS
BKG00000309,CUS0000246,2023-07-29,WEB,CLXSAV
BKG00000310,CUS0003453,2025-05-17,OTA,WOWBUS
BKG00000311,CUS0002741,2023-11-13,WEB,BSSAVE
BKG00000312,CUS0001674,2024-09-03,CTR,CLXSAV
BKG00000313,CUS0000511,2026-01-27,MOB,GRPECO
BKG00000314,CUS0000598,2023-09-30,CTR,YOWUS
BKG00000315,CUS0002834,2025-04-19,WEB,FLXFST
BKG00000316,CUS0004901,2024-09-09,AGT,YOWRS
BKG00000317,CUS0004518,2025-07-08,GDS,BSSAVE
BKG00000318,CUS0002217,2026-02-02,AGT,YOWUS
BKG00000319,CUS0000853,2023-11-05,WEB,GRPECO
BKG00000320,CUS0004159,2024-12-12,MOB,CLXSAV
BKG00000321,CUS0003535,2025-05-10,GDS,CLXBUS
BKG00000322,CUS0001866,2024-07-24,WEB,YOWUS
BKG00000323,CUS0000216,2025-11-21,MOB,FLXFST
BKG00000324,CUS0000149,2025-12-01,CTR,GRPECO
BKG00000325,CUS0000428,2025-02-03,GDS,FLXFST
BKG00000326,CUS0001026,2024-07-09,GDS,FLXFST
BKG00000327,CUS0004502,2025-05-08,MOB,YOWRS
BKG00000328,CUS0003588,2024-02-04,WEB,CLXSAV
BKG00000329,CUS0002882,2024-04-26,MOB,CLXSAV
BKG00000330,CUS0003577,2025-03-29,WEB,WOWBUS
BKG00000331,CUS0001901,2025-01-22,WEB,YOWUS
BKG00000332,CUS0001861,2023-09-30,GDS,YOWUS
BKG00000333,CUS0000123,2023-09-19,AGT,WOWBUS
BKG00000334,CUS0000466,2025-05-08,WEB,YOWUS
BKG00000335,CUS0001039,2025-02-07,GDS,BSSAVE
BKG00000336,CUS0002316,2023-09-13,WEB,CLXSAV
BKG00000337,CUS0002865,2024-07-19,CTR,WOWBUS
BKG00000338,CUS0002396,2025-06-29,MOB,FLXFST
BKG00000339,CUS0003922,2023-06-17,AGT,YOWRS
BKG00000340,CUS0000630,2024-02-09,WEB,CLXBUS
BKG00000341,CUS0004454,2025-04-16,MOB,GRPECO
BKG00000342,CUS0002925,2025-12-26,MOB,GRPECO
BKG00000343,CUS0002480,2026-04-16,OTA,CLXBUS
BKG00000344,CUS0002001,2026-04-04,CTR,CLXBUS
BKG00000345,CUS0002613,2024-07-01,AGT,YOWRS
BKG00000346,CUS0000443,2026-02-15,OTA,FLXFST
BKG00000347,CUS0003984,2023-08-29,OTA,YOWRS
BKG00000348,CUS0001668,2024-06-23,MOB,WOWBUS
BKG00000349,CUS0002499,2025-11-24,AGT,WOWBUS
BKG00000350,CUS0001006,2025-08-16,OTA,BSSAVE
BKG00000351,CUS0000294,2026-03-20,MOB,GRPECO
BKG00000352,CUS0003718,2025-01-16,WEB,YOWUS
BKG00000353,CUS0004088,2023-09-13,WEB,CLXBUS
BKG00000354,CUS0002278,2023-10-24,CTR,FLXFST
BKG00000355,CUS0002461,2023-11-02,WEB,YOWUS
BKG00000356,CUS0002287,2025-04-19,CTR,FLXFST
BKG00000357,CUS0004058,2024-02-10,WEB,FLXFST
BKG00000358,CUS0003152,2024-07-12,GDS,YOWUS
BKG00000359,CUS0001839,2025-04-23,MOB,FLXFST
BKG00000360,CUS0001511,2026-04-15,AGT,FLXFST
BKG00000361,CUS0004363,2025-09-27,WEB,CLXBUS
BKG00000362,CUS0000257,2026-01-06,CTR,CLXSAV
BKG00000363,CUS0000213,2023-11-29,CTR,CLXSAV
BKG00000364,CUS0002151,2024-06-25,CTR,WOWBUS
BKG00000365,CUS0000225,2026-03-22,OTA,FLXFST
BKG00000366,CUS0003503,2025-03-03,AGT,YOWUS
BKG00000367,CUS0000895,2024-11-19,CTR,FLXFST
BKG00000368,CUS0002355,2024-05-31,CTR,GRPECO
BKG00000369,CUS0003473,2024-07-23,CTR,CLXBUS
BKG00000370,CUS0001332,2025-01-03,GDS,GRPECO
BKG00000371,CUS0001952,2023-09-28,MOB,YOWUS
BKG00000372,CUS0002300,2026-01-19,AGT,CLXBUS
BKG00000373,CUS0000701,2026-02-13,MOB,CLXBUS
BKG00000374,CUS0002766,2024-02-16,CTR,FLXFST
BKG00000375,CUS0000317,2024-06-16,CTR,CLXBUS
BKG00000376,CUS0002964,2023-07-17,OTA,CLXBUS
BKG00000377,CUS0004981,2023-05-28,WEB,YOWRS
BKG00000378,CUS0002515,2023-10-13,CTR,CLXSAV
BKG00000379,CUS0002167,2023-12-27,MOB,GRPECO
BKG00000380,CUS0003791,2023-08-09,WEB,GRPECO
BKG00000381,CUS0000073,2024-01-20,GDS,YOWUS
BKG00000382,CUS0002939,2025-11-08,GDS,WOWBUS
BKG00000383,CUS0003348,2025-07-13,WEB,YOWRS
BKG00000384,CUS0002265,2025-11-19,CTR,CLXSAV
BKG00000385,CUS0000525,2026-02-06,GDS,BSSAVE
BKG00000386,CUS0002114,2024-11-19,OTA,CLXBUS
BKG00000387,CUS0004055,2024-12-01,MOB,WOWBUS
BKG00000388,CUS0001430,2024-09-14,MOB,YOWUS
BKG00000389,CUS0001907,2025-08-17,WEB,YOWUS
BKG00000390,CUS0001510,2023-11-29,AGT,GRPECO
BKG00000391,CUS0004751,2025-05-09,OTA,YOWUS
BKG00000392,CUS0004534,2024-02-21,AGT,WOWBUS
BKG00000393,CUS0000499,2025-02-12,AGT,CLXBUS
BKG00000394,CUS0002109,2025-06-03,WEB,CLXSAV
BKG00000395,CUS0004428,2026-04-30,AGT,YOWUS
BKG00000396,CUS0004920,2024-05-11,MOB,CLXSAV
BKG00000397,CUS0000895,2023-09-11,WEB,GRPECO
BKG00000398,CUS0000928,2026-03-24,CTR,YOWRS
BKG00000399,CUS0001942,2024-01-02,MOB,CLXSAV
BKG00000400,CUS0004673,2025-10-29,OTA,FLXFST
BKG00000401,CUS0000585,2024-04-09,AGT,FLXFST
BKG00000402,CUS0002320,2024-08-07,MOB,YOWUS
BKG00000403,CUS0002676,2023-07-30,CTR,CLXSAV
BKG00000404,CUS0002745,2024-06-21,GDS,CLXSAV
BKG00000405,CUS0003856,2025-04-30,OTA,YOWUS
BKG00000406,CUS0001314,2024-02-05,OTA,YOWUS
BKG00000407,CUS0002383,2023-10-16,MOB,YOWUS
BKG00000408,CUS0000871,2023-09-14,CTR,WOWBUS
BKG00000409,CUS0002565,2025-05-22,CTR,CLXSAV
BKG00000410,CUS0001761,2024-06-20,GDS,YOWUS
BKG00000411,CUS0001230,2024-12-21,GDS,YOWRS
BKG00000412,CUS0000634,2026-02-02,MOB,FLXFST
BKG00000413,CUS0004416,2026-03-07,AGT,YOWRS
BKG00000414,CUS0004324,2025-03-14,WEB,GRPECO
BKG00000415,CUS0004297,2023-08-26,CTR,GRPECO
BKG00000416,CUS0002597,2024-01-05,OTA,WOWBUS
BKG00000417,CUS0004713,2025-02-26,OTA,WOWBUS
BKG00000418,CUS0002693,2025-05-27,MOB,CLXSAV
BKG00000419,CUS0001892,2023-09-05,GDS,CLXSAV
BKG00000420,CUS0000946,2024-09-18,AGT,WOWBUS
BKG00000421,CUS0003646,2023-07-18,AGT,FLXFST
BKG00000422,CUS0002965,2025-02-05,WEB,CLXSAV
BKG00000423,CUS0004592,2024-01-12,CTR,YOWRS
BKG00000424,CUS0002968,2023-07-01,AGT,GRPECO
BKG00000425,CUS0004958,2026-01-09,MOB,GRPECO
BKG00000426,CUS0003432,2025-01-12,MOB,BSSAVE
BKG00000427,CUS0004405,2026-01-25,MOB,FLXFST
BKG00000428,CUS0004791,2024-04-03,AGT,BSSAVE
BKG00000429,CUS0004961,2023-08-31,OTA,CLXBUS
BKG00000430,CUS0002799,2025-04-10,OTA,YOWRS
BKG00000431,CUS0000668,2026-04-07,GDS,FLXFST
BKG00000432,CUS0004138,2025-10-02,MOB,GRPECO
BKG00000433,CUS0001623,2025-01-05,MOB,GRPECO
BKG00000434,CUS0000128,2024-06-21,MOB,YOWRS
BKG00000435,CUS0003430,2025-09-28,OTA,GRPECO
BKG00000436,CUS0000828,2025-12-13,MOB,YOWUS
BKG00000437,CUS0003535,2025-04-23,WEB,BSSAVE
BKG00000438,CUS0000599,2023-10-22,MOB,FLXFST
BKG00000439,CUS0003460,2024-06-20,OTA,BSSAVE
BKG00000440,CUS0003296,2024-06-16,AGT,WOWBUS
BKG00000441,CUS0002404,2025-12-11,WEB,CLXSAV
BKG00000442,CUS0002758,2025-03-31,CTR,YOWRS
BKG00000443,CUS0000371,2025-02-23,WEB,CLXSAV
BKG00000444,CUS0003678,2026-01-26,GDS,GRPECO
BKG00000445,CUS0003570,2026-02-14,OTA,GRPECO
BKG00000446,CUS0001103,2026-02-07,AGT,BSSAVE
BKG00000447,CUS0004830,2023-07-24,CTR,YOWRS
BKG00000448,CUS0001248,2023-05-28,WEB,CLXSAV
BKG00000449,CUS0003716,2025-11-06,GDS,CLXSAV
BKG00000450,CUS0003593,2025-07-31,MOB,CLXBUS
BKG00000451,CUS0000794,2025-01-20,MOB,CLXBUS
BKG00000452,CUS0004042,2025-04-24,OTA,YOWUS
BKG00000453,CUS0004622,2025-09-04,CTR,FLXFST
BKG00000454,CUS0002337,2023-05-25,OTA,FLXFST
BKG00000455,CUS0002610,2026-04-04,MOB,BSSAVE
BKG00000456,CUS0000344,2023-06-24,AGT,WOWBUS
BKG00000457,CUS0003527,2023-07-09,CTR,CLXBUS
BKG00000458,CUS0004712,2023-09-04,CTR,CLXSAV
BKG00000459,CUS0000815,2024-06-04,OTA,CLXBUS
BKG00000460,CUS0001357,2024-04-01,WEB,CLXBUS
BKG00000461,CUS0002244,2023-07-25,GDS,GRPECO
BKG00000462,CUS0001833,2024-03-17,MOB,CLXBUS
BKG00000463,CUS0002126,2024-08-17,CTR,YOWRS
BKG00000464,CUS0001898,2026-01-02,AGT,CLXBUS
BKG00000465,CUS0001156,2023-06-15,WEB,WOWBUS
BKG00000466,CUS0004524,2024-02-25,CTR,BSSAVE
BKG00000467,CUS0000225,2024-11-30,CTR,YOWUS
BKG00000468,CUS0004423,2025-06-09,CTR,WOWBUS
BKG00000469,CUS0000055,2024-10-28,GDS,YOWUS
BKG00000470,CUS0003028,2023-10-07,MOB,CLXBUS
BKG00000471,CUS0004679,2023-08-25,GDS,GRPECO
BKG00000472,CUS0004268,2025-10-09,MOB,GRPECO
BKG00000473,CUS0002417,2026-02-24,WEB,YOWRS
BKG00000474,CUS0003641,2023-09-26,GDS,GRPECO
BKG00000475,CUS0002155,2025-11-18,WEB,BSSAVE
BKG00000476,CUS0002282,2026-03-06,AGT,YOWRS
BKG00000477,CUS0002898,2024-04-16,WEB,WOWBUS
BKG00000478,CUS0000610,2025-12-24,OTA,BSSAVE
BKG00000479,CUS0004154,2023-08-12,OTA,CLXBUS
BKG00000480,CUS0003715,2023-12-02,AGT,YOWRS
BKG00000481,CUS0002579,2026-03-31,WEB,FLXFST
BKG00000482,CUS0000823,2024-11-11,AGT,CLXSAV
BKG00000483,CUS0001560,2024-09-12,CTR,YOWUS
BKG00000484,CUS0000066,2023-06-29,MOB,BSSAVE
BKG00000485,CUS0004804,2024-09-28,GDS,WOWBUS
BKG00000486,CUS0001603,2025-02-01,OTA,GRPECO
BKG00000487,CUS0001241,2024-02-12,GDS,BSSAVE
BKG00000488,CUS0004070,2025-02-18,OTA,BSSAVE
BKG00000489,CUS0001627,2025-10-17,AGT,YOWRS
BKG00000490,CUS0004230,2026-03-21,AGT,WOWBUS
BKG00000491,CUS0000027,2024-10-14,GDS,YOWRS
BKG00000492,CUS0004020,2025-11-27,CTR,WOWBUS
BKG00000493,CUS0001460,2024-12-25,WEB,FLXFST
BKG00000494,CUS0002156,2023-10-29,CTR,FLXFST
BKG00000495,CUS0004784,2025-10-25,MOB,CLXSAV
BKG00000496,CUS0003967,2025-06-22,CTR,BSSAVE
BKG00000497,CUS0002459,2024-10-14,MOB,CLXBUS
BKG00000498,CUS0003974,2024-04-07,GDS,FLXFST
BKG00000499,CUS0004898,2025-12-16,OTA,GRPECO
BKG00000500,CUS0002421,2025-09-12,WEB,WOWBUS
BKG00000501,CUS0000921,2025-10-21,OTA,FLXFST
BKG00000502,CUS0003664,2024-11-16,OTA,WOWBUS
BKG00000503,CUS0003481,2024-08-23,WEB,BSSAVE
BKG00000504,CUS0003808,2025-04-23,OTA,YOWRS
BKG00000505,CUS0002848,2025-03-04,AGT,FLXFST
BKG00000506,CUS0001050,2025-12-12,GDS,GRPECO
BKG00000507,CUS0004924,2026-02-13,GDS,WOWBUS
BKG00000508,CUS0000238,2023-06-08,OTA,CLXBUS
BKG00000509,CUS0004158,2025-11-07,MOB,FLXFST
BKG00000510,CUS0000499,2024-07-13,CTR,CLXSAV
BKG00000511,CUS0002144,2023-10-15,AGT,CLXSAV
BKG00000512,CUS0003369,2024-10-29,GDS,GRPECO
BKG00000513,CUS0003484,2025-08-08,GDS,CLXBUS
BKG00000514,CUS0000448,2025-01-10,OTA,GRPECO
BKG00000515,CUS0001794,2024-05-05,OTA,YOWUS
BKG00000516,CUS0002528,2023-11-03,GDS,FLXFST
BKG00000517,CUS0001813,2025-11-06,CTR,BSSAVE
BKG00000518,CUS0004392,2024-12-17,MOB,YOWRS
BKG00000519,CUS0002701,2025-10-28,MOB,YOWUS
BKG00000520,CUS0000173,2023-08-09,GDS,YOWRS
BKG00000521,CUS0002731,2024-06-09,OTA,YOWRS
BKG00000522,CUS0000404,2024-11-05,CTR,WOWBUS
BKG00000523,CUS0002967,2025-07-04,CTR,WOWBUS
BKG00000524,CUS0001287,2026-04-28,CTR,FLXFST
BKG00000525,CUS0001879,2025-11-14,OTA,BSSAVE
BKG00000526,CUS0003063,2023-08-25,OTA,FLXFST
BKG00000527,CUS0001767,2025-02-14,CTR,WOWBUS
BKG00000528,CUS0000112,2024-02-29,WEB,YOWUS
BKG00000529,CUS0004314,2026-03-19,WEB,FLXFST
BKG00000530,CUS0003973,2024-01-25,WEB,BSSAVE
BKG00000531,CUS0002320,2024-07-13,OTA,YOWUS
BKG00000532,CUS0001885,2025-09-20,AGT,WOWBUS
BKG00000533,CUS0000277,2023-09-23,OTA,YOWRS
BKG00000534,CUS0003096,2024-05-29,AGT,FLXFST
BKG00000535,CUS0001075,2025-11-04,AGT,CLXBUS
BKG00000536,CUS0000696,2026-04-26,WEB,YOWRS
BKG00000537,CUS0004133,2023-12-17,AGT,FLXFST
BKG00000538,CUS0000166,2025-11-20,WEB,BSSAVE
BKG00000539,CUS0000783,2026-03-26,AGT,FLXFST
BKG00000540,CUS0001592,2024-07-01,CTR,CLXBUS
BKG00000541,CUS0002652,2024-03-08,GDS,YOWUS
BKG00000542,CUS0002476,2025-08-07,OTA,GRPECO
BKG00000543,CUS0001661,2025-06-09,WEB,CLXBUS
BKG00000544,CUS0004721,2023-12-09,GDS,FLXFST
BKG00000545,CUS0002386,2025-06-26,GDS,YOWRS
BKG00000546,CUS0001821,2025-03-03,GDS,CLXBUS
BKG00000547,CUS0003960,2024-10-05,OTA,WOWBUS
BKG00000548,CUS0003133,2023-09-09,WEB,GRPECO
BKG00000549,CUS0003225,2026-05-12,OTA,YOWRS
BKG00000550,CUS0003705,2023-11-25,MOB,YOWUS
BKG00000551,CUS0003256,2024-09-02,MOB,GRPECO
BKG00000552,CUS0003030,2023-07-18,GDS,YOWRS
BKG00000553,CUS0002545,2024-01-29,OTA,BSSAVE
BKG00000554,CUS0000686,2023-07-29,WEB,BSSAVE
BKG00000555,CUS0001702,2023-06-22,GDS,WOWBUS
BKG00000556,CUS0000688,2025-07-06,MOB,FLXFST
BKG00000557,CUS0003880,2026-03-09,CTR,WOWBUS
BKG00000558,CUS0000483,2026-05-07,GDS,CLXBUS
BKG00000559,CUS0003374,2024-03-12,OTA,CLXSAV
BKG00000560,CUS0001234,2023-11-23,WEB,CLXSAV
BKG00000561,CUS0004632,2026-01-29,CTR,FLXFST
BKG00000562,CUS0000046,2023-07-01,OTA,WOWBUS
BKG00000563,CUS0004608,2025-01-08,GDS,GRPECO
BKG00000564,CUS0002565,2026-03-28,AGT,WOWBUS
BKG00000565,CUS0002637,2024-12-11,GDS,GRPECO
BKG00000566,CUS0004215,2024-02-03,CTR,YOWRS
BKG00000567,CUS0000861,2024-12-31,GDS,YOWRS
BKG00000568,CUS0003078,2025-06-09,MOB,YOWUS
BKG00000569,CUS0001328,2025-06-22,CTR,YOWRS
BKG00000570,CUS0001362,2025-02-10,MOB,GRPECO
BKG00000571,CUS0000932,2025-05-06,WEB,FLXFST
BKG00000572,CUS0004057,2025-03-19,MOB,GRPECO
BKG00000573,CUS0001146,2024-05-31,AGT,FLXFST
BKG00000574,CUS0003272,2025-11-02,WEB,CLXBUS
BKG00000575,CUS0000964,2023-11-20,GDS,CLXBUS
BKG00000576,CUS0002221,2025-05-13,CTR,CLXSAV
BKG00000577,CUS0003045,2023-09-14,CTR,BSSAVE
BKG00000578,CUS0001160,2023-07-08,OTA,WOWBUS
BKG00000579,CUS0003042,2024-08-16,CTR,CLXBUS
BKG00000580,CUS0003868,2026-04-13,GDS,WOWBUS
BKG00000581,CUS0002705,2024-06-10,AGT,BSSAVE
BKG00000582,CUS0001346,2024-06-20,CTR,GRPECO
BKG00000583,CUS0000081,2023-09-03,OTA,FLXFST
BKG00000584,CUS0001469,2023-07-16,MOB,GRPECO
BKG00000585,CUS0000550,2025-02-01,WEB,CLXBUS
BKG00000586,CUS0001538,2023-12-14,MOB,YOWRS
BKG00000587,CUS0004406,2025-07-17,GDS,CLXSAV
BKG00000588,CUS0000776,2025-02-02,WEB,GRPECO
BKG00000589,CUS0004870,2026-05-11,MOB,YOWRS
BKG00000590,CUS0002871,2024-06-18,AGT,WOWBUS
BKG00000591,CUS0002826,2025-07-07,AGT,YOWUS
BKG00000592,CUS0001579,2026-01-25,OTA,CLXBUS
BKG00000593,CUS0003492,2025-12-18,CTR,CLXBUS
BKG00000594,CUS0003009,2024-02-26,CTR,FLXFST
BKG00000595,CUS0002087,2024-03-31,CTR,WOWBUS
BKG00000596,CUS0000635,2023-10-05,CTR,BSSAVE
BKG00000597,CUS0000844,2025-06-06,AGT,WOWBUS
BKG00000598,CUS0002294,2025-01-11,MOB,CLXBUS
BKG00000599,CUS0004618,2023-09-27,WEB,BSSAVE
BKG00000600,CUS0004279,2026-04-12,CTR,FLXFST
BKG00000601,CUS0002705,2023-10-24,CTR,CLXBUS
BKG00000602,CUS0003879,2024-07-09,MOB,BSSAVE
BKG00000603,CUS0000022,2025-04-08,MOB,WOWBUS
BKG00000604,CUS0000749,2026-02-03,CTR,BSSAVE
BKG00000605,CUS0001175,2025-08-07,MOB,GRPECO
BKG00000606,CUS0000003,2025-08-01,OTA,YOWRS
BKG00000607,CUS0000428,2023-12-11,MOB,GRPECO
BKG00000608,CUS0003485,2024-09-09,AGT,GRPECO
BKG00000609,CUS0002680,2024-06-27,OTA,YOWRS
BKG00000610,CUS0001973,2025-09-11,CTR,FLXFST
BKG00000611,CUS0003091,2023-10-28,GDS,GRPECO
BKG00000612,CUS0002909,2024-10-13,OTA,CLXSAV
BKG00000613,CUS0004348,2025-03-28,WEB,WOWBUS
BKG00000614,CUS0001361,2024-07-30,AGT,CLXBUS
BKG00000615,CUS0001171,2023-12-16,GDS,GRPECO
BKG00000616,CUS0004015,2025-02-02,AGT,CLXBUS
BKG00000617,CUS0000986,2024-08-25,CTR,FLXFST
BKG00000618,CUS0002853,2024-03-27,MOB,YOWUS
BKG00000619,CUS0002996,2026-01-06,GDS,CLXSAV
BKG00000620,CUS0003475,2026-03-29,MOB,WOWBUS
BKG00000621,CUS0003134,2025-03-17,OTA,BSSAVE
BKG00000622,CUS0000088,2025-12-31,MOB,GRPECO
BKG00000623,CUS0002958,2024-07-19,CTR,WOWBUS
BKG00000624,CUS0000046,2024-11-24,CTR,CLXBUS
BKG00000625,CUS0002691,2025-12-11,WEB,CLXSAV
BKG00000626,CUS0002079,2023-11-09,CTR,YOWUS
BKG00000627,CUS0004971,2024-11-15,OTA,YOWUS
BKG00000628,CUS0002253,2023-11-17,AGT,GRPECO
BKG00000629,CUS0003263,2026-03-29,WEB,CLXBUS
BKG00000630,CUS0002247,2023-09-16,AGT,YOWUS
BKG00000631,CUS0004688,2025-01-04,WEB,GRPECO
BKG00000632,CUS0004978,2023-10-05,AGT,GRPECO
BKG00000633,CUS0004017,2024-06-08,MOB,GRPECO
BKG00000634,CUS0004470,2023-10-29,WEB,YOWUS
BKG00000635,CUS0003028,2024-08-19,WEB,BSSAVE
BKG00000636,CUS0001450,2025-08-01,MOB,YOWRS
BKG00000637,CUS0003438,2026-01-12,WEB,YOWUS
BKG00000638,CUS0003633,2025-04-07,AGT,YOWUS
BKG00000639,CUS0002575,2026-05-08,WEB,CLXBUS
BKG00000640,CUS0001591,2023-09-16,AGT,YOWUS
BKG00000641,CUS0002726,2025-10-29,AGT,CLXSAV
BKG00000642,CUS0001387,2024-10-18,CTR,CLXSAV
BKG00000643,CUS0004230,2024-10-24,WEB,FLXFST
BKG00000644,CUS0003411,2023-11-14,AGT,YOWUS
BKG00000645,CUS0000533,2024-07-08,MOB,BSSAVE
BKG00000646,CUS0002185,2025-01-06,WEB,BSSAVE
BKG00000647,CUS0003633,2024-02-28,WEB,CLXBUS
BKG00000648,CUS0004986,2024-06-11,MOB,FLXFST
BKG00000649,CUS0001417,2023-06-22,AGT,YOWUS
BKG00000650,CUS0002550,2023-11-20,OTA,CLXSAV
BKG00000651,CUS0000965,2026-01-26,OTA,GRPECO
BKG00000652,CUS0004655,2024-04-27,AGT,YOWRS
BKG00000653,CUS0004639,2025-06-28,GDS,YOWRS
BKG00000654,CUS0000953,2023-11-17,WEB,BSSAVE
BKG00000655,CUS0000708,2025-10-02,MOB,CLXSAV
BKG00000656,CUS0004843,2025-12-04,AGT,YOWUS
BKG00000657,CUS0001388,2024-03-17,WEB,WOWBUS
BKG00000658,CUS0003069,2024-01-09,GDS,YOWRS
BKG00000659,CUS0002022,2025-05-19,OTA,WOWBUS
BKG00000660,CUS0001088,2025-01-30,OTA,YOWUS
BKG00000661,CUS0003108,2025-03-15,AGT,CLXBUS
BKG00000662,CUS0001459,2024-12-19,OTA,BSSAVE
BKG00000663,CUS0004629,2023-12-17,OTA,FLXFST
BKG00000664,CUS0001852,2025-02-22,MOB,CLXBUS
BKG00000665,CUS0001633,2025-07-14,MOB,CLXBUS
BKG00000666,CUS0002125,2024-12-03,AGT,GRPECO
BKG00000667,CUS0002168,2024-06-12,WEB,GRPECO
BKG00000668,CUS0002910,2023-06-15,CTR,CLXSAV
BKG00000669,CUS0002858,2025-04-15,AGT,GRPECO
BKG00000670,CUS0001397,2024-08-26,WEB,FLXFST
BKG00000671,CUS0001276,2024-09-14,CTR,WOWBUS
BKG00000672,CUS0003555,2023-08-04,OTA,CLXBUS
BKG00000673,CUS0001700,2023-10-20,OTA,CLXBUS
BKG00000674,CUS0000744,2026-05-02,CTR,WOWBUS
BKG00000675,CUS0002116,2024-07-23,MOB,GRPECO
BKG00000676,CUS0002137,2024-03-15,WEB,YOWRS
BKG00000677,CUS0004236,2025-02-06,AGT,BSSAVE
BKG00000678,CUS0003893,2025-03-12,MOB,GRPECO
BKG00000679,CUS0004808,2026-03-23,OTA,CLXSAV
BKG00000680,CUS0004619,2024-06-22,GDS,YOWUS
BKG00000681,CUS0002641,2024-06-24,AGT,YOWRS
BKG00000682,CUS0002940,2025-03-22,WEB,BSSAVE
BKG00000683,CUS0003453,2025-10-25,GDS,CLXSAV
BKG00000684,CUS0002759,2023-06-12,AGT,YOWRS
BKG00000685,CUS0001533,2024-01-31,OTA,CLXBUS
BKG00000686,CUS0001334,2024-07-23,GDS,BSSAVE
BKG00000687,CUS0000179,2026-01-28,GDS,GRPECO
BKG00000688,CUS0004863,2025-03-20,CTR,FLXFST
BKG00000689,CUS0003272,2025-02-04,GDS,WOWBUS
BKG00000690,CUS0002070,2025-03-06,AGT,CLXSAV
BKG00000691,CUS0004923,2024-07-31,OTA,GRPECO
BKG00000692,CUS0003287,2026-01-23,OTA,YOWUS
BKG00000693,CUS0001920,2024-11-26,CTR,YOWRS
BKG00000694,CUS0003449,2023-08-05,GDS,CLXBUS
BKG00000695,CUS0004731,2023-12-06,GDS,YOWUS
BKG00000696,CUS0001344,2025-11-02,CTR,BSSAVE
BKG00000697,CUS0002463,2025-10-15,CTR,WOWBUS
BKG00000698,CUS0004653,2025-05-05,MOB,BSSAVE
BKG00000699,CUS0002730,2023-09-19,WEB,YOWRS
BKG00000700,CUS0002534,2025-07-19,MOB,CLXSAV
BKG00000701,CUS0003758,2025-10-31,GDS,BSSAVE
BKG00000702,CUS0003774,2024-05-11,WEB,BSSAVE
BKG00000703,CUS0001642,2024-06-15,MOB,CLXBUS
BKG00000704,CUS0002520,2023-12-04,WEB,BSSAVE
BKG00000705,CUS0001935,2025-12-13,MOB,FLXFST
BKG00000706,CUS0000739,2024-07-02,AGT,WOWBUS
BKG00000707,CUS0001263,2025-04-06,AGT,CLXSAV
BKG00000708,CUS0000041,2026-03-04,GDS,BSSAVE
BKG00000709,CUS0002824,2023-12-06,WEB,GRPECO
BKG00000710,CUS0004505,2024-06-01,AGT,FLXFST
BKG00000711,CUS0001741,2024-10-22,GDS,FLXFST
BKG00000712,CUS0003797,2024-02-05,AGT,WOWBUS
BKG00000713,CUS0000785,2024-06-27,GDS,BSSAVE
BKG00000714,CUS0002608,2025-08-17,MOB,FLXFST
BKG00000715,CUS0002680,2025-08-23,OTA,FLXFST
BKG00000716,CUS0004891,2023-08-05,GDS,YOWRS
BKG00000717,CUS0002842,2025-06-05,GDS,YOWUS
BKG00000718,CUS0001817,2026-02-17,CTR,BSSAVE
BKG00000719,CUS0001927,2023-10-20,OTA,CLXSAV
BKG00000720,CUS0002785,2025-12-30,CTR,YOWUS
BKG00000721,CUS0004909,2026-04-10,GDS,YOWRS
BKG00000722,CUS0001885,2026-03-31,MOB,GRPECO
BKG00000723,CUS0001540,2025-02-08,WEB,WOWBUS
BKG00000724,CUS0002474,2024-05-12,GDS,YOWRS
BKG00000725,CUS0002782,2023-10-16,GDS,BSSAVE
BKG00000726,CUS0003488,2024-09-07,MOB,CLXBUS
BKG00000727,CUS0002549,2024-01-02,GDS,GRPECO
BKG00000728,CUS0000286,2025-10-23,OTA,FLXFST
BKG00000729,CUS0001471,2023-08-31,MOB,FLXFST
BKG00000730,CUS0004239,2025-08-25,WEB,GRPECO
BKG00000731,CUS0000677,2024-10-24,OTA,YOWRS
BKG00000732,CUS0003314,2023-09-18,WEB,BSSAVE
BKG00000733,CUS0002614,2025-01-19,MOB,FLXFST
BKG00000734,CUS0003725,2025-07-28,WEB,GRPECO
BKG00000735,CUS0003291,2025-01-12,GDS,YOWUS
BKG00000736,CUS0002482,2024-01-20,GDS,CLXBUS
BKG00000737,CUS0000950,2023-11-14,CTR,GRPECO
BKG00000738,CUS0004113,2024-01-12,OTA,GRPECO
BKG00000739,CUS0002745,2024-09-05,CTR,CLXSAV
BKG00000740,CUS0000915,2024-05-14,MOB,FLXFST
BKG00000741,CUS0004356,2025-10-24,GDS,YOWRS
BKG00000742,CUS0001232,2023-08-15,WEB,CLXSAV
BKG00000743,CUS0004835,2026-02-03,OTA,WOWBUS
BKG00000744,CUS0004219,2025-08-12,CTR,GRPECO
BKG00000745,CUS0003563,2023-11-21,WEB,GRPECO
BKG00000746,CUS0002308,2024-11-24,WEB,YOWRS
BKG00000747,CUS0004011,2025-12-21,GDS,CLXSAV
BKG00000748,CUS0000411,2026-04-01,CTR,CLXSAV
BKG00000749,CUS0002068,2025-05-20,GDS,CLXSAV
BKG00000750,CUS0002427,2026-02-21,WEB,CLXBUS
BKG00000751,CUS0001465,2024-03-11,OTA,CLXSAV
BKG00000752,CUS0003417,2024-01-14,WEB,GRPECO
BKG00000753,CUS0002660,2024-07-14,OTA,YOWUS
BKG00000754,CUS0004881,2025-10-09,WEB,CLXSAV
BKG00000755,CUS0000300,2026-03-24,CTR,FLXFST
BKG00000756,CUS0002037,2026-05-08,MOB,YOWRS
BKG00000757,CUS0004383,2026-02-13,WEB,BSSAVE
BKG00000758,CUS0001185,2024-03-11,AGT,GRPECO
BKG00000759,CUS0003532,2026-04-23,OTA,CLXSAV
BKG00000760,CUS0003753,2023-11-14,AGT,WOWBUS
BKG00000761,CUS0004289,2025-12-26,CTR,GRPECO
BKG00000762,CUS0000333,2023-10-02,WEB,CLXSAV
BKG00000763,CUS0003054,2024-10-04,WEB,BSSAVE
BKG00000764,CUS0004992,2025-11-29,AGT,YOWRS
BKG00000765,CUS0003129,2024-06-30,CTR,YOWRS
BKG00000766,CUS0002768,2024-03-09,AGT,CLXBUS
BKG00000767,CUS0003462,2025-10-30,GDS,YOWUS
BKG00000768,CUS0001507,2025-01-23,AGT,CLXBUS
BKG00000769,CUS0000650,2025-09-19,GDS,YOWRS
BKG00000770,CUS0001570,2025-12-04,CTR,CLXBUS
BKG00000771,CUS0002484,2024-08-07,CTR,WOWBUS
BKG00000772,CUS0000401,2024-11-30,OTA,GRPECO
BKG00000773,CUS0001763,2025-07-02,GDS,CLXBUS
BKG00000774,CUS0001522,2023-12-09,OTA,YOWUS
BKG00000775,CUS0004954,2025-11-22,GDS,BSSAVE
BKG00000776,CUS0002335,2026-01-13,OTA,YOWUS
BKG00000777,CUS0003336,2025-07-28,MOB,YOWUS
BKG00000778,CUS0003395,2025-04-11,AGT,BSSAVE
BKG00000779,CUS0002251,2024-02-11,OTA,GRPECO
BKG00000780,CUS0004908,2025-02-12,AGT,CLXSAV
BKG00000781,CUS0000796,2023-06-19,MOB,WOWBUS
BKG00000782,CUS0000149,2025-06-22,AGT,CLXSAV
BKG00000783,CUS0001811,2023-11-09,WEB,CLXBUS
BKG00000784,CUS0004992,2025-08-06,GDS,FLXFST
BKG00000785,CUS0004877,2025-06-28,OTA,FLXFST
BKG00000786,CUS0003897,2023-06-26,CTR,YOWUS
BKG00000787,CUS0002810,2025-12-06,OTA,CLXSAV
BKG00000788,CUS0002838,2025-04-11,GDS,BSSAVE
BKG00000789,CUS0003785,2024-11-08,AGT,GRPECO
BKG00000790,CUS0001726,2023-12-21,CTR,BSSAVE
BKG00000791,CUS0003196,2025-09-28,OTA,FLXFST
BKG00000792,CUS0000265,2024-10-09,AGT,YOWRS
BKG00000793,CUS0003986,2023-09-02,CTR,CLXSAV
BKG00000794,CUS0000681,2026-05-05,MOB,CLXSAV
BKG00000795,CUS0002491,2024-03-25,OTA,CLXSAV
BKG00000796,CUS0003699,2023-12-11,AGT,GRPECO
BKG00000797,CUS0000243,2025-12-28,MOB,BSSAVE
BKG00000798,CUS0002881,2023-06-21,CTR,FLXFST
BKG00000799,CUS0003403,2025-10-15,WEB,CLXBUS
BKG00000800,CUS0004559,2025-05-15,AGT,GRPECO
BKG00000801,CUS0001923,2023-11-17,GDS,BSSAVE
BKG00000802,CUS0003101,2024-05-29,CTR,YOWRS
BKG00000803,CUS0000795,2025-04-09,GDS,WOWBUS
BKG00000804,CUS0001732,2026-02-11,WEB,CLXBUS
BKG00000805,CUS0001464,2024-04-18,MOB,FLXFST
BKG00000806,CUS0004507,2025-09-28,GDS,CLXSAV
BKG00000807,CUS0001784,2025-09-16,GDS,CLXBUS
BKG00000808,CUS0002617,2024-08-01,OTA,YOWRS
BKG00000809,CUS0002604,2025-12-18,CTR,FLXFST
BKG00000810,CUS0001845,2024-09-30,GDS,GRPECO
BKG00000811,CUS0003801,2025-08-04,OTA,GRPECO
BKG00000812,CUS0001286,2024-03-15,MOB,FLXFST
BKG00000813,CUS0002363,2026-04-20,WEB,CLXSAV
BKG00000814,CUS0003802,2024-06-27,AGT,BSSAVE
BKG00000815,CUS0000806,2024-05-30,GDS,FLXFST
BKG00000816,CUS0003427,2024-10-05,GDS,WOWBUS
BKG00000817,CUS0000238,2025-10-09,CTR,WOWBUS
BKG00000818,CUS0001136,2024-08-27,CTR,YOWRS
BKG00000819,CUS0004912,2025-12-20,CTR,FLXFST
BKG00000820,CUS0000188,2025-06-28,OTA,WOWBUS
BKG00000821,CUS0001364,2026-03-21,CTR,GRPECO
BKG00000822,CUS0000746,2026-05-15,OTA,YOWUS
BKG00000823,CUS0004927,2024-02-21,AGT,FLXFST
BKG00000824,CUS0004523,2025-06-15,CTR,WOWBUS
BKG00000825,CUS0001323,2025-05-17,GDS,CLXSAV
BKG00000826,CUS0001961,2025-11-07,MOB,GRPECO
BKG00000827,CUS0001637,2023-10-13,OTA,BSSAVE
BKG00000828,CUS0002401,2024-04-18,WEB,YOWUS
BKG00000829,CUS0001696,2024-09-21,CTR,GRPECO
BKG00000830,CUS0003762,2024-11-28,MOB,GRPECO
BKG00000831,CUS0001982,2023-08-10,MOB,GRPECO
BKG00000832,CUS0004098,2025-11-07,AGT,YOWRS
BKG00000833,CUS0004949,2024-08-05,OTA,BSSAVE
BKG00000834,CUS0002006,2025-10-09,GDS,YOWRS
BKG00000835,CUS0000057,2024-06-09,AGT,YOWUS
BKG00000836,CUS0003329,2024-01-03,CTR,GRPECO
BKG00000837,CUS0003157,2025-01-14,WEB,FLXFST
BKG00000838,CUS0002131,2023-09-20,AGT,YOWRS
BKG00000839,CUS0004973,2025-01-27,AGT,YOWUS
BKG00000840,CUS0003593,2025-06-05,GDS,YOWUS
BKG00000841,CUS0002400,2025-01-02,GDS,YOWUS
BKG00000842,CUS0002977,2024-07-09,GDS,GRPECO
BKG00000843,CUS0003511,2024-10-28,WEB,YOWRS
BKG00000844,CUS0001196,2025-02-18,OTA,YOWRS
BKG00000845,CUS0001385,2025-09-01,OTA,FLXFST
BKG00000846,CUS0002784,2025-06-07,MOB,WOWBUS
BKG00000847,CUS0003954,2026-01-12,MOB,CLXBUS
BKG00000848,CUS0000796,2024-09-10,OTA,YOWRS
BKG00000849,CUS0003754,2025-02-01,AGT,GRPECO
BKG00000850,CUS0002005,2025-09-24,OTA,CLXSAV
BKG00000851,CUS0002420,2024-12-26,AGT,GRPECO
BKG00000852,CUS0002709,2025-04-10,GDS,CLXBUS
BKG00000853,CUS0004655,2025-01-18,OTA,YOWUS
BKG00000854,CUS0001148,2025-05-16,MOB,CLXBUS
BKG00000855,CUS0000213,2026-05-16,MOB,CLXSAV
BKG00000856,CUS0004617,2025-07-26,OTA,CLXBUS
BKG00000857,CUS0002513,2025-01-28,AGT,BSSAVE
BKG00000858,CUS0004651,2024-06-08,AGT,CLXBUS
BKG00000859,CUS0003894,2024-07-11,AGT,GRPECO
BKG00000860,CUS0002416,2023-07-18,MOB,BSSAVE
BKG00000861,CUS0001201,2024-11-22,CTR,CLXBUS
BKG00000862,CUS0003148,2025-08-27,OTA,WOWBUS
BKG00000863,CUS0000230,2024-01-03,MOB,CLXBUS
BKG00000864,CUS0001216,2026-04-29,CTR,YOWUS
BKG00000865,CUS0002126,2025-12-31,OTA,FLXFST
BKG00000866,CUS0003908,2023-07-18,CTR,BSSAVE
BKG00000867,CUS0002820,2025-12-27,AGT,BSSAVE
BKG00000868,CUS0004810,2026-03-04,CTR,CLXSAV
BKG00000869,CUS0004288,2025-05-21,OTA,FLXFST
BKG00000870,CUS0003976,2023-08-08,AGT,BSSAVE
BKG00000871,CUS0004303,2024-09-04,GDS,BSSAVE
BKG00000872,CUS0003965,2026-02-08,GDS,YOWUS
BKG00000873,CUS0000531,2025-03-11,OTA,WOWBUS
BKG00000874,CUS0002534,2025-08-10,MOB,WOWBUS
BKG00000875,CUS0001230,2024-04-12,OTA,YOWRS
BKG00000876,CUS0001614,2024-02-29,OTA,GRPECO
BKG00000877,CUS0003763,2024-01-16,CTR,YOWUS
BKG00000878,CUS0004294,2025-05-12,MOB,WOWBUS
BKG00000879,CUS0002979,2024-04-17,AGT,YOWUS
BKG00000880,CUS0003265,2026-04-16,AGT,YOWRS
BKG00000881,CUS0002700,2024-12-03,CTR,YOWRS
BKG00000882,CUS0002224,2025-11-15,CTR,YOWRS
BKG00000883,CUS0000459,2024-08-09,GDS,WOWBUS
BKG00000884,CUS0002005,2025-07-02,OTA,BSSAVE
BKG00000885,CUS0002008,2023-10-03,MOB,GRPECO
BKG00000886,CUS0001454,2024-09-12,WEB,CLXBUS
BKG00000887,CUS0004522,2026-03-19,OTA,YOWRS
BKG00000888,CUS0001557,2024-12-01,AGT,YOWRS
BKG00000889,CUS0001086,2024-10-29,CTR,CLXBUS
BKG00000890,CUS0000499,2024-05-30,MOB,WOWBUS
BKG00000891,CUS0001999,2026-02-06,CTR,GRPECO
BKG00000892,CUS0003804,2024-09-11,WEB,YOWUS
BKG00000893,CUS0002613,2026-03-19,AGT,YOWRS
BKG00000894,CUS0001610,2023-07-12,GDS,YOWRS
BKG00000895,CUS0003621,2023-11-11,WEB,GRPECO
BKG00000896,CUS0001618,2023-08-06,WEB,WOWBUS
BKG00000897,CUS0004902,2025-11-03,GDS,CLXBUS
BKG00000898,CUS0004664,2025-11-04,WEB,FLXFST
BKG00000899,CUS0000914,2025-10-07,AGT,GRPECO
BKG00000900,CUS0001596,2026-04-24,CTR,GRPECO
BKG00000901,CUS0000005,2025-01-26,OTA,FLXFST
BKG00000902,CUS0004927,2025-02-28,OTA,GRPECO
BKG00000903,CUS0001447,2026-03-04,OTA,GRPECO
BKG00000904,CUS0004213,2024-06-30,OTA,CLXBUS
BKG00000905,CUS0002165,2025-04-13,CTR,WOWBUS
BKG00000906,CUS0002795,2025-10-28,OTA,CLXBUS
BKG00000907,CUS0003605,2025-12-23,WEB,BSSAVE
BKG00000908,CUS0003995,2026-04-01,WEB,CLXSAV
BKG00000909,CUS0004175,2026-03-19,GDS,GRPECO
BKG00000910,CUS0001337,2023-06-13,MOB,YOWRS
BKG00000911,CUS0003540,2025-04-29,AGT,CLXBUS
BKG00000912,CUS0000775,2024-03-17,GDS,CLXSAV
BKG00000913,CUS0004413,2025-05-23,MOB,WOWBUS
BKG00000914,CUS0000891,2023-06-23,MOB,WOWBUS
BKG00000915,CUS0002517,2026-05-07,CTR,CLXBUS
BKG00000916,CUS0002622,2025-04-13,CTR,GRPECO
BKG00000917,CUS0000844,2026-04-22,AGT,CLXBUS
BKG00000918,CUS0004994,2024-07-20,MOB,BSSAVE
BKG00000919,CUS0002653,2024-03-30,MOB,WOWBUS
BKG00000920,CUS0003246,2024-07-22,MOB,BSSAVE
BKG00000921,CUS0004999,2025-07-12,AGT,BSSAVE
BKG00000922,CUS0002668,2025-04-12,CTR,GRPECO
BKG00000923,CUS0004877,2024-11-13,GDS,CLXBUS
BKG00000924,CUS0001874,2026-04-26,OTA,GRPECO
BKG00000925,CUS0002488,2023-07-25,OTA,BSSAVE
BKG00000926,CUS0002509,2023-06-26,OTA,CLXSAV
BKG00000927,CUS0002584,2024-02-26,GDS,CLXBUS
BKG00000928,CUS0003485,2025-10-18,CTR,FLXFST
BKG00000929,CUS0003418,2025-07-27,WEB,FLXFST
BKG00000930,CUS0000454,2023-08-13,GDS,CLXSAV
BKG00000931,CUS0001147,2025-12-13,GDS,CLXBUS
BKG00000932,CUS0000160,2025-02-22,AGT,WOWBUS
BKG00000933,CUS0001709,2024-10-15,AGT,CLXBUS
BKG00000934,CUS0002415,2024-10-31,OTA,YOWUS
BKG00000935,CUS0002637,2025-10-24,GDS,FLXFST
BKG00000936,CUS0002669,2023-07-15,CTR,WOWBUS
BKG00000937,CUS0001762,2024-08-11,CTR,GRPECO
BKG00000938,CUS0002245,2024-02-23,WEB,YOWRS
BKG00000939,CUS0001992,2023-09-02,MOB,CLXSAV
BKG00000940,CUS0003930,2026-04-18,AGT,GRPECO
BKG00000941,CUS0000377,2025-01-09,AGT,FLXFST
BKG00000942,CUS0003990,2025-07-29,MOB,CLXBUS
BKG00000943,CUS0004971,2024-10-13,CTR,FLXFST
BKG00000944,CUS0000486,2023-10-01,WEB,YOWUS
BKG00000945,CUS0002808,2025-03-28,OTA,CLXSAV
BKG00000946,CUS0003590,2024-03-26,OTA,YOWRS
BKG00000947,CUS0003866,2024-11-17,MOB,YOWRS
BKG00000948,CUS0002659,2025-06-27,AGT,FLXFST
BKG00000949,CUS0001244,2025-07-05,MOB,CLXBUS
BKG00000950,CUS0004703,2024-01-21,MOB,YOWRS
BKG00000951,CUS0003591,2023-06-04,MOB,CLXSAV
BKG00000952,CUS0004692,2025-08-14,CTR,CLXBUS
BKG00000953,CUS0004561,2025-11-11,CTR,CLXBUS
BKG00000954,CUS0000180,2025-05-13,MOB,YOWRS
BKG00000955,CUS0002572,2026-01-11,OTA,GRPECO
BKG00000956,CUS0001760,2023-11-03,MOB,CLXSAV
BKG00000957,CUS0003837,2026-02-24,MOB,GRPECO
BKG00000958,CUS0002968,2025-07-20,OTA,WOWBUS
BKG00000959,CUS0002122,2025-09-09,OTA,YOWUS
BKG00000960,CUS0001150,2024-06-05,WEB,FLXFST
BKG00000961,CUS0003501,2025-02-18,GDS,GRPECO
BKG00000962,CUS0000394,2023-09-26,CTR,YOWUS
BKG00000963,CUS0004197,2025-03-26,OTA,YOWUS
BKG00000964,CUS0004635,2024-09-06,GDS,YOWUS
BKG00000965,CUS0004131,2024-12-27,OTA,GRPECO
BKG00000966,CUS0002316,2026-04-01,CTR,CLXSAV
BKG00000967,CUS0000550,2025-01-23,AGT,YOWRS
BKG00000968,CUS0004631,2025-12-09,WEB,YOWRS
BKG00000969,CUS0004357,2026-04-01,MOB,YOWRS
BKG00000970,CUS0004702,2024-05-07,GDS,WOWBUS
BKG00000971,CUS0000599,2025-12-20,AGT,FLXFST
BKG00000972,CUS0002269,2025-09-20,GDS,GRPECO
BKG00000973,CUS0001247,2023-12-16,AGT,CLXSAV
BKG00000974,CUS0000599,2023-09-12,MOB,CLXSAV
BKG00000975,CUS0003720,2025-01-27,CTR,FLXFST
BKG00000976,CUS0000176,2023-10-03,GDS,CLXBUS
BKG00000977,CUS0000053,2023-11-30,CTR,FLXFST
BKG00000978,CUS0000155,2025-12-09,WEB,WOWBUS
BKG00000979,CUS0002641,2025-11-06,GDS,BSSAVE
BKG00000980,CUS0002121,2024-11-02,MOB,CLXSAV
BKG00000981,CUS0004362,2025-08-09,GDS,WOWBUS
BKG00000982,CUS0004706,2025-08-05,OTA,BSSAVE
BKG00000983,CUS0001548,2024-01-30,MOB,WOWBUS
BKG00000984,CUS0002528,2024-07-28,MOB,YOWRS
BKG00000985,CUS0000215,2023-12-20,CTR,YOWUS
BKG00000986,CUS0001044,2026-05-11,CTR,CLXSAV
BKG00000987,CUS0000568,2026-03-22,OTA,CLXSAV
BKG00000988,CUS0001886,2025-04-08,AGT,WOWBUS
BKG00000989,CUS0001653,2026-02-28,OTA,BSSAVE
BKG00000990,CUS0003476,2025-08-29,OTA,WOWBUS
BKG00000991,CUS0001780,2023-09-06,OTA,YOWUS
BKG00000992,CUS0001125,2023-07-17,GDS,YOWRS
BKG00000993,CUS0003073,2025-09-04,WEB,GRPECO
BKG00000994,CUS0001709,2024-06-10,GDS,YOWUS
BKG00000995,CUS0003661,2023-08-18,GDS,FLXFST
BKG00000996,CUS0001628,2023-08-18,MOB,FLXFST
BKG00000997,CUS0004836,2023-07-10,WEB,YOWRS
BKG00000998,CUS0001435,2025-06-05,CTR,YOWRS
BKG00000999,CUS0001335,2024-12-03,MOB,YOWRS
BKG00001000,CUS0004007,2024-06-02,AGT,CLXSAV
BKG00001001,CUS0002596,2025-06-13,GDS,WOWBUS
BKG00001002,CUS0001724,2023-10-08,WEB,CLXSAV
BKG00001003,CUS0003916,2024-08-07,OTA,YOWRS
BKG00001004,CUS0003744,2024-02-08,WEB,YOWUS
BKG00001005,CUS0003114,2024-02-02,GDS,FLXFST
BKG00001006,CUS0000820,2025-05-27,OTA,CLXSAV
BKG00001007,CUS0002540,2025-02-05,WEB,FLXFST
BKG00001008,CUS0002464,2025-12-03,MOB,YOWRS
BKG00001009,CUS0003193,2023-08-04,GDS,YOWUS
BKG00001010,CUS0002251,2024-06-04,AGT,CLXSAV
BKG00001011,CUS0000372,2025-04-02,MOB,WOWBUS
BKG00001012,CUS0001453,2024-02-08,CTR,YOWUS
BKG00001013,CUS0001049,2025-01-21,CTR,BSSAVE
BKG00001014,CUS0001149,2024-07-23,AGT,GRPECO
BKG00001015,CUS0000320,2024-07-24,WEB,WOWBUS
BKG00001016,CUS0002401,2024-05-03,OTA,FLXFST
BKG00001017,CUS0001291,2024-05-15,GDS,BSSAVE
BKG00001018,CUS0001431,2023-12-11,CTR,BSSAVE
BKG00001019,CUS0001488,2025-05-01,OTA,YOWRS
BKG00001020,CUS0001331,2025-09-15,WEB,GRPECO
BKG00001021,CUS0001672,2025-08-12,OTA,FLXFST
BKG00001022,CUS0003058,2024-11-08,OTA,CLXSAV
BKG00001023,CUS0000234,2024-11-29,WEB,CLXSAV
BKG00001024,CUS0000234,2025-06-15,GDS,YOWUS
BKG00001025,CUS0001183,2024-06-24,GDS,YOWUS
BKG00001026,CUS0004420,2026-04-08,GDS,BSSAVE
BKG00001027,CUS0001296,2025-11-21,WEB,YOWUS
BKG00001028,CUS0002857,2023-12-10,MOB,YOWRS
BKG00001029,CUS0003440,2025-01-06,WEB,YOWRS
BKG00001030,CUS0003897,2024-01-04,GDS,FLXFST
BKG00001031,CUS0004397,2025-06-17,GDS,BSSAVE
BKG00001032,CUS0004942,2025-05-05,AGT,YOWUS
BKG00001033,CUS0002552,2025-04-19,GDS,GRPECO
BKG00001034,CUS0002105,2024-04-09,MOB,CLXSAV
BKG00001035,CUS0004424,2023-06-21,OTA,YOWRS
BKG00001036,CUS0003915,2026-04-11,GDS,WOWBUS
BKG00001037,CUS0001031,2023-12-19,MOB,BSSAVE
BKG00001038,CUS0001169,2024-04-02,MOB,YOWRS
BKG00001039,CUS0000777,2025-03-20,AGT,FLXFST
BKG00001040,CUS0002313,2023-08-02,CTR,YOWRS
BKG00001041,CUS0002047,2024-05-31,MOB,CLXBUS
BKG00001042,CUS0001513,2023-10-31,AGT,CLXBUS
BKG00001043,CUS0002693,2025-03-12,AGT,GRPECO
BKG00001044,CUS0004840,2024-12-03,CTR,CLXBUS
BKG00001045,CUS0001079,2023-07-21,OTA,FLXFST
BKG00001046,CUS0003071,2025-07-31,AGT,BSSAVE
BKG00001047,CUS0004747,2025-04-23,AGT,YOWUS
BKG00001048,CUS0003155,2024-12-22,AGT,YOWUS
BKG00001049,CUS0001622,2024-11-11,MOB,YOWUS
BKG00001050,CUS0001172,2023-09-21,AGT,YOWUS
BKG00001051,CUS0001949,2025-07-05,MOB,FLXFST
BKG00001052,CUS0002643,2024-04-30,WEB,GRPECO
BKG00001053,CUS0003964,2025-11-06,OTA,WOWBUS
BKG00001054,CUS0004729,2025-12-19,GDS,GRPECO
BKG00001055,CUS0001760,2023-12-17,GDS,CLXBUS
BKG00001056,CUS0004472,2026-02-15,GDS,YOWRS
BKG00001057,CUS0002289,2023-07-20,AGT,CLXSAV
BKG00001058,CUS0002763,2024-09-23,MOB,CLXBUS
BKG00001059,CUS0002794,2023-09-13,GDS,GRPECO
BKG00001060,CUS0000791,2026-04-03,AGT,CLXSAV
BKG00001061,CUS0004253,2025-06-16,OTA,YOWRS
BKG00001062,CUS0002994,2026-03-07,GDS,YOWUS
BKG00001063,CUS0004451,2025-05-19,MOB,YOWRS
BKG00001064,CUS0001861,2023-10-05,GDS,YOWRS
BKG00001065,CUS0000986,2025-07-25,CTR,CLXBUS
BKG00001066,CUS0001035,2025-09-27,OTA,CLXBUS
BKG00001067,CUS0003708,2025-09-25,GDS,YOWRS
BKG00001068,CUS0004135,2025-05-03,MOB,FLXFST
BKG00001069,CUS0004186,2024-06-18,MOB,BSSAVE
BKG00001070,CUS0001818,2025-12-03,WEB,WOWBUS
BKG00001071,CUS0002900,2024-06-25,CTR,BSSAVE
BKG00001072,CUS0004612,2024-07-01,CTR,YOWUS
BKG00001073,CUS0004368,2024-02-23,OTA,WOWBUS
BKG00001074,CUS0004349,2024-04-25,MOB,CLXSAV
BKG00001075,CUS0001301,2023-11-28,WEB,BSSAVE
BKG00001076,CUS0001854,2025-08-03,AGT,BSSAVE
BKG00001077,CUS0004431,2023-11-29,CTR,FLXFST
BKG00001078,CUS0001657,2023-09-05,OTA,YOWUS
BKG00001079,CUS0003284,2024-08-01,OTA,FLXFST
BKG00001080,CUS0004275,2023-08-20,GDS,GRPECO
BKG00001081,CUS0003834,2026-03-02,OTA,BSSAVE
BKG00001082,CUS0002458,2026-04-17,WEB,YOWRS
BKG00001083,CUS0002059,2025-06-15,AGT,CLXBUS
BKG00001084,CUS0001711,2024-06-04,AGT,YOWRS
BKG00001085,CUS0000486,2023-10-22,GDS,BSSAVE
BKG00001086,CUS0001178,2026-01-16,GDS,BSSAVE
BKG00001087,CUS0001987,2023-10-27,GDS,BSSAVE
BKG00001088,CUS0003433,2026-05-22,GDS,WOWBUS
BKG00001089,CUS0002037,2026-04-29,OTA,YOWRS
BKG00001090,CUS0001854,2026-04-03,OTA,BSSAVE
BKG00001091,CUS0003289,2025-11-26,WEB,BSSAVE
BKG00001092,CUS0001687,2025-04-10,GDS,BSSAVE
BKG00001093,CUS0002257,2024-11-18,OTA,YOWUS
BKG00001094,CUS0000961,2025-02-28,CTR,CLXBUS
BKG00001095,CUS0004295,2025-08-19,WEB,GRPECO
BKG00001096,CUS0001903,2024-05-01,AGT,GRPECO
BKG00001097,CUS0002448,2024-02-21,WEB,GRPECO
BKG00001098,CUS0001259,2025-02-07,WEB,CLXSAV
BKG00001099,CUS0002230,2025-06-09,WEB,FLXFST
BKG00001100,CUS0002093,2023-06-19,WEB,GRPECO
BKG00001101,CUS0003490,2024-07-13,CTR,BSSAVE
BKG00001102,CUS0003992,2024-11-10,OTA,WOWBUS
BKG00001103,CUS0004284,2025-03-30,WEB,YOWRS
BKG00001104,CUS0004943,2025-11-26,CTR,CLXSAV
BKG00001105,CUS0001977,2025-10-11,AGT,GRPECO
BKG00001106,CUS0003543,2025-04-21,GDS,YOWUS
BKG00001107,CUS0000862,2025-03-07,OTA,CLXBUS
BKG00001108,CUS0002062,2024-04-18,AGT,CLXSAV
BKG00001109,CUS0003438,2024-08-26,AGT,CLXBUS
BKG00001110,CUS0002922,2025-08-05,WEB,YOWUS
BKG00001111,CUS0000829,2025-01-27,AGT,GRPECO
BKG00001112,CUS0001989,2024-10-24,CTR,GRPECO
BKG00001113,CUS0001814,2024-06-17,CTR,FLXFST
BKG00001114,CUS0002178,2025-05-13,WEB,GRPECO
BKG00001115,CUS0004594,2023-12-15,CTR,FLXFST
BKG00001116,CUS0004970,2023-12-16,CTR,FLXFST
BKG00001117,CUS0000345,2024-04-12,CTR,YOWRS
BKG00001118,CUS0004837,2023-08-16,AGT,YOWRS
BKG00001119,CUS0004716,2024-03-18,WEB,YOWRS
BKG00001120,CUS0001955,2023-07-08,OTA,FLXFST
BKG00001121,CUS0003226,2025-08-11,AGT,YOWUS
BKG00001122,CUS0002846,2024-10-19,AGT,GRPECO
BKG00001123,CUS0003775,2025-12-30,CTR,YOWUS
BKG00001124,CUS0003267,2024-05-06,AGT,FLXFST
BKG00001125,CUS0000211,2025-09-23,MOB,BSSAVE
BKG00001126,CUS0000198,2025-10-01,AGT,CLXSAV
BKG00001127,CUS0000810,2025-07-06,OTA,FLXFST
BKG00001128,CUS0000233,2023-07-20,AGT,GRPECO
BKG00001129,CUS0002077,2024-12-03,OTA,CLXSAV
BKG00001130,CUS0002887,2025-03-17,MOB,CLXBUS
BKG00001131,CUS0003654,2025-06-17,WEB,CLXSAV
BKG00001132,CUS0003754,2025-03-24,AGT,CLXBUS
BKG00001133,CUS0001316,2025-08-01,MOB,CLXSAV
BKG00001134,CUS0003288,2023-08-22,OTA,BSSAVE
BKG00001135,CUS0004095,2024-01-22,WEB,CLXSAV
BKG00001136,CUS0002882,2023-06-23,CTR,WOWBUS
BKG00001137,CUS0002594,2024-04-03,OTA,YOWRS
BKG00001138,CUS0000741,2024-06-28,AGT,FLXFST
BKG00001139,CUS0002564,2025-04-12,CTR,GRPECO
BKG00001140,CUS0001526,2026-04-06,GDS,WOWBUS
BKG00001141,CUS0002169,2024-02-20,AGT,GRPECO
BKG00001142,CUS0002873,2024-06-06,OTA,GRPECO
BKG00001143,CUS0002962,2024-06-07,MOB,BSSAVE
BKG00001144,CUS0002645,2023-10-09,WEB,YOWRS
BKG00001145,CUS0001555,2023-12-21,CTR,CLXBUS
BKG00001146,CUS0004147,2024-02-02,AGT,CLXBUS
BKG00001147,CUS0004587,2025-04-05,CTR,BSSAVE
BKG00001148,CUS0003261,2025-09-23,CTR,YOWRS
BKG00001149,CUS0001628,2023-08-21,WEB,YOWRS
BKG00001150,CUS0004899,2025-07-28,AGT,FLXFST
BKG00001151,CUS0002158,2023-09-28,MOB,CLXSAV
BKG00001152,CUS0004365,2023-06-10,OTA,FLXFST
BKG00001153,CUS0001090,2025-10-11,GDS,YOWRS
BKG00001154,CUS0002408,2025-10-14,CTR,YOWRS
BKG00001155,CUS0002653,2025-07-17,MOB,GRPECO
BKG00001156,CUS0000335,2025-05-10,MOB,BSSAVE
BKG00001157,CUS0002243,2023-08-28,WEB,GRPECO
BKG00001158,CUS0001839,2024-03-30,AGT,WOWBUS
BKG00001159,CUS0002010,2024-09-13,MOB,GRPECO
BKG00001160,CUS0001770,2024-07-26,MOB,YOWUS
BKG00001161,CUS0002432,2024-09-19,MOB,YOWUS
BKG00001162,CUS0003959,2025-08-11,GDS,FLXFST
BKG00001163,CUS0004558,2026-01-31,CTR,WOWBUS
BKG00001164,CUS0003378,2023-07-25,MOB,FLXFST
BKG00001165,CUS0004715,2025-05-15,GDS,CLXBUS
BKG00001166,CUS0002982,2025-05-29,OTA,FLXFST
BKG00001167,CUS0003033,2024-03-22,OTA,WOWBUS
BKG00001168,CUS0002623,2025-07-11,CTR,CLXSAV
BKG00001169,CUS0000632,2026-05-19,AGT,BSSAVE
BKG00001170,CUS0002636,2024-05-10,AGT,WOWBUS
BKG00001171,CUS0004410,2024-08-17,CTR,BSSAVE
BKG00001172,CUS0000792,2024-11-17,CTR,GRPECO
BKG00001173,CUS0004386,2024-03-13,OTA,YOWRS
BKG00001174,CUS0004949,2025-01-22,MOB,CLXSAV
BKG00001175,CUS0004539,2024-10-10,MOB,GRPECO
BKG00001176,CUS0002205,2024-05-03,CTR,YOWUS
BKG00001177,CUS0003771,2024-09-26,CTR,GRPECO
BKG00001178,CUS0004073,2025-11-29,CTR,FLXFST
BKG00001179,CUS0000530,2025-02-11,MOB,YOWUS
BKG00001180,CUS0004588,2025-09-27,GDS,YOWUS
BKG00001181,CUS0002848,2024-09-28,GDS,BSSAVE
BKG00001182,CUS0000523,2025-02-01,AGT,CLXSAV
BKG00001183,CUS0000536,2026-03-24,AGT,CLXBUS
BKG00001184,CUS0004668,2025-07-12,OTA,YOWUS
BKG00001185,CUS0004897,2026-04-13,GDS,FLXFST
BKG00001186,CUS0001093,2024-03-19,GDS,WOWBUS
BKG00001187,CUS0003704,2025-09-14,OTA,CLXBUS
BKG00001188,CUS0002708,2025-11-02,MOB,FLXFST
BKG00001189,CUS0001182,2023-06-16,CTR,CLXSAV
BKG00001190,CUS0000056,2024-11-15,CTR,YOWUS
BKG00001191,CUS0002936,2023-08-01,CTR,YOWRS
BKG00001192,CUS0000582,2024-10-02,CTR,YOWRS
BKG00001193,CUS0004340,2024-01-23,GDS,BSSAVE
BKG00001194,CUS0001595,2025-02-01,MOB,BSSAVE
BKG00001195,CUS0001485,2025-07-23,WEB,GRPECO
BKG00001196,CUS0000979,2025-02-22,OTA,YOWRS
BKG00001197,CUS0000772,2025-02-20,GDS,FLXFST
BKG00001198,CUS0003339,2025-06-19,GDS,GRPECO
BKG00001199,CUS0001135,2025-01-05,OTA,BSSAVE
BKG00001200,CUS0000786,2024-12-15,OTA,CLXSAV
BKG00001201,CUS0001454,2025-02-19,AGT,FLXFST
BKG00001202,CUS0002065,2024-07-16,GDS,YOWRS
BKG00001203,CUS0001512,2023-06-30,OTA,FLXFST
BKG00001204,CUS0001644,2025-02-03,MOB,CLXSAV
BKG00001205,CUS0000669,2023-06-04,OTA,GRPECO
BKG00001206,CUS0000771,2023-06-11,CTR,CLXBUS
BKG00001207,CUS0000168,2025-10-21,CTR,YOWUS
BKG00001208,CUS0004564,2024-04-15,WEB,CLXSAV
BKG00001209,CUS0000783,2023-07-07,MOB,YOWUS
BKG00001210,CUS0004335,2024-06-09,WEB,YOWUS
BKG00001211,CUS0002678,2025-05-20,GDS,CLXBUS
BKG00001212,CUS0000227,2024-09-16,CTR,CLXSAV
BKG00001213,CUS0000569,2023-08-01,MOB,WOWBUS
BKG00001214,CUS0004082,2023-07-09,MOB,WOWBUS
BKG00001215,CUS0002829,2026-01-28,WEB,BSSAVE
BKG00001216,CUS0004913,2025-03-29,OTA,BSSAVE
BKG00001217,CUS0003611,2026-02-14,AGT,BSSAVE
BKG00001218,CUS0004157,2024-05-06,MOB,GRPECO
BKG00001219,CUS0000249,2026-01-02,CTR,YOWUS
BKG00001220,CUS0004404,2023-12-26,WEB,CLXBUS
BKG00001221,CUS0002388,2024-07-14,WEB,CLXSAV
BKG00001222,CUS0001478,2025-12-11,CTR,BSSAVE
BKG00001223,CUS0000817,2024-07-23,GDS,WOWBUS
BKG00001224,CUS0004944,2025-09-25,MOB,CLXSAV
BKG00001225,CUS0003725,2026-05-14,AGT,FLXFST
BKG00001226,CUS0003670,2024-07-12,WEB,YOWRS
BKG00001227,CUS0002772,2023-08-18,MOB,CLXSAV
BKG00001228,CUS0001159,2024-05-22,MOB,GRPECO
BKG00001229,CUS0001543,2023-10-27,GDS,YOWUS
BKG00001230,CUS0002936,2024-05-15,WEB,GRPECO
BKG00001231,CUS0004843,2026-02-17,WEB,YOWRS
BKG00001232,CUS0002626,2024-06-10,CTR,FLXFST
BKG00001233,CUS0004476,2025-08-11,AGT,WOWBUS
BKG00001234,CUS0002315,2024-03-13,OTA,BSSAVE
BKG00001235,CUS0003670,2025-05-29,MOB,CLXBUS
BKG00001236,CUS0003493,2026-03-17,GDS,FLXFST
BKG00001237,CUS0003089,2025-05-20,WEB,GRPECO
BKG00001238,CUS0000196,2024-07-19,GDS,YOWRS
BKG00001239,CUS0002634,2024-02-08,CTR,GRPECO
BKG00001240,CUS0004995,2025-09-27,GDS,CLXBUS
BKG00001241,CUS0004077,2024-07-13,OTA,YOWUS
BKG00001242,CUS0004322,2024-02-14,WEB,WOWBUS
BKG00001243,CUS0000731,2025-08-22,OTA,BSSAVE
BKG00001244,CUS0002570,2024-10-09,AGT,YOWUS
BKG00001245,CUS0004377,2023-10-07,WEB,YOWUS
BKG00001246,CUS0002482,2025-04-05,GDS,WOWBUS
BKG00001247,CUS0002882,2026-01-23,CTR,YOWUS
BKG00001248,CUS0003554,2025-07-01,AGT,BSSAVE
BKG00001249,CUS0004168,2024-12-09,OTA,YOWUS
BKG00001250,CUS0001758,2025-03-20,WEB,GRPECO
BKG00001251,CUS0001522,2024-10-16,MOB,CLXSAV
BKG00001252,CUS0000598,2025-02-01,AGT,WOWBUS
BKG00001253,CUS0004058,2024-10-20,MOB,YOWUS
BKG00001254,CUS0000371,2025-09-06,GDS,WOWBUS
BKG00001255,CUS0000953,2025-08-05,OTA,YOWUS
BKG00001256,CUS0001970,2026-05-16,AGT,CLXSAV
BKG00001257,CUS0001451,2024-06-20,GDS,WOWBUS
BKG00001258,CUS0003046,2025-02-20,GDS,YOWUS
BKG00001259,CUS0001278,2025-11-22,MOB,WOWBUS
BKG00001260,CUS0002116,2026-05-03,GDS,CLXBUS
BKG00001261,CUS0001679,2023-12-05,AGT,CLXBUS
BKG00001262,CUS0003353,2025-09-18,AGT,YOWUS
BKG00001263,CUS0003407,2023-09-30,GDS,FLXFST
BKG00001264,CUS0002279,2025-01-17,MOB,GRPECO
BKG00001265,CUS0002077,2024-10-17,CTR,YOWUS
BKG00001266,CUS0003240,2024-07-01,WEB,GRPECO
BKG00001267,CUS0001056,2025-03-29,AGT,WOWBUS
BKG00001268,CUS0000578,2024-05-24,AGT,YOWRS
BKG00001269,CUS0000945,2024-12-30,MOB,GRPECO
BKG00001270,CUS0000545,2025-07-29,MOB,CLXSAV
BKG00001271,CUS0001372,2023-08-26,AGT,CLXBUS
BKG00001272,CUS0003263,2024-11-29,OTA,CLXBUS
BKG00001273,CUS0002333,2024-02-04,CTR,CLXBUS
BKG00001274,CUS0000889,2024-06-26,WEB,FLXFST
BKG00001275,CUS0001656,2024-10-14,WEB,GRPECO
BKG00001276,CUS0001645,2025-04-23,MOB,YOWUS
BKG00001277,CUS0003842,2025-12-25,GDS,YOWRS
BKG00001278,CUS0000913,2024-11-01,MOB,YOWUS
BKG00001279,CUS0003180,2023-10-13,MOB,YOWRS
BKG00001280,CUS0000553,2025-04-05,MOB,FLXFST
BKG00001281,CUS0003039,2023-08-03,GDS,BSSAVE
BKG00001282,CUS0003622,2024-12-28,CTR,YOWUS
BKG00001283,CUS0004126,2026-02-15,MOB,WOWBUS
BKG00001284,CUS0002605,2024-08-14,WEB,YOWUS
BKG00001285,CUS0001252,2025-11-06,OTA,CLXBUS
BKG00001286,CUS0001438,2024-12-08,OTA,GRPECO
BKG00001287,CUS0001644,2024-01-14,AGT,YOWUS
BKG00001288,CUS0003206,2026-02-28,GDS,BSSAVE
BKG00001289,CUS0002391,2025-07-03,CTR,YOWRS
BKG00001290,CUS0001846,2025-01-02,MOB,WOWBUS
BKG00001291,CUS0002752,2023-10-04,AGT,GRPECO
BKG00001292,CUS0000208,2025-01-12,GDS,YOWRS
BKG00001293,CUS0002014,2024-11-18,CTR,CLXBUS
BKG00001294,CUS0004562,2024-11-19,MOB,BSSAVE
BKG00001295,CUS0004483,2024-06-10,OTA,YOWUS
BKG00001296,CUS0000913,2023-12-27,AGT,YOWRS
BKG00001297,CUS0003359,2024-03-01,CTR,YOWUS
BKG00001298,CUS0001392,2026-02-01,AGT,CLXSAV
BKG00001299,CUS0003035,2026-03-12,WEB,BSSAVE
BKG00001300,CUS0000851,2025-02-10,AGT,WOWBUS
BKG00001301,CUS0000049,2025-04-02,GDS,YOWUS
BKG00001302,CUS0004610,2024-06-22,WEB,FLXFST
BKG00001303,CUS0004645,2024-02-20,WEB,WOWBUS
BKG00001304,CUS0000289,2025-03-16,CTR,YOWRS
BKG00001305,CUS0000163,2026-04-30,AGT,GRPECO
BKG00001306,CUS0004682,2024-10-20,AGT,FLXFST
BKG00001307,CUS0002314,2023-09-11,AGT,FLXFST
BKG00001308,CUS0003684,2025-11-11,AGT,WOWBUS
BKG00001309,CUS0004019,2026-04-16,CTR,CLXBUS
BKG00001310,CUS0002828,2025-05-21,AGT,GRPECO
BKG00001311,CUS0003926,2025-03-24,MOB,GRPECO
BKG00001312,CUS0004395,2023-12-26,OTA,WOWBUS
BKG00001313,CUS0001183,2023-10-18,OTA,BSSAVE
BKG00001314,CUS0003183,2023-12-13,OTA,BSSAVE
BKG00001315,CUS0003016,2025-01-25,AGT,YOWUS
BKG00001316,CUS0003537,2025-02-27,OTA,BSSAVE
BKG00001317,CUS0000349,2024-05-30,GDS,FLXFST
BKG00001318,CUS0004436,2024-09-23,MOB,FLXFST
BKG00001319,CUS0001025,2023-05-27,AGT,CLXSAV
BKG00001320,CUS0001705,2024-10-02,GDS,FLXFST
BKG00001321,CUS0003423,2025-06-06,GDS,GRPECO
BKG00001322,CUS0003637,2023-05-28,GDS,GRPECO
BKG00001323,CUS0002979,2024-10-20,OTA,CLXSAV
BKG00001324,CUS0003268,2025-11-08,MOB,WOWBUS
BKG00001325,CUS0002016,2023-11-03,MOB,WOWBUS
BKG00001326,CUS0004657,2025-06-01,MOB,CLXSAV
BKG00001327,CUS0003796,2025-07-15,CTR,FLXFST
BKG00001328,CUS0003071,2026-02-02,AGT,CLXBUS
BKG00001329,CUS0001750,2025-06-20,GDS,BSSAVE
BKG00001330,CUS0003853,2025-02-17,WEB,GRPECO
BKG00001331,CUS0002461,2025-02-15,CTR,FLXFST
BKG00001332,CUS0000417,2026-01-20,MOB,WOWBUS
BKG00001333,CUS0002767,2024-04-20,CTR,BSSAVE
BKG00001334,CUS0003149,2024-08-31,CTR,FLXFST
BKG00001335,CUS0001478,2024-02-29,GDS,YOWUS
BKG00001336,CUS0001692,2025-09-21,GDS,BSSAVE
BKG00001337,CUS0002240,2024-05-08,AGT,BSSAVE
BKG00001338,CUS0003293,2024-04-03,CTR,WOWBUS
BKG00001339,CUS0001235,2023-12-27,GDS,CLXSAV
BKG00001340,CUS0003839,2024-04-11,MOB,BSSAVE
BKG00001341,CUS0003987,2026-04-14,OTA,YOWUS
BKG00001342,CUS0000796,2026-03-21,WEB,YOWRS
BKG00001343,CUS0000176,2025-07-26,WEB,YOWUS
BKG00001344,CUS0002716,2024-05-31,WEB,CLXSAV
BKG00001345,CUS0002923,2024-11-29,MOB,BSSAVE
BKG00001346,CUS0001745,2025-04-02,OTA,YOWRS
BKG00001347,CUS0002974,2024-01-31,CTR,CLXSAV
BKG00001348,CUS0004780,2025-06-19,GDS,GRPECO
BKG00001349,CUS0002774,2024-04-17,AGT,BSSAVE
BKG00001350,CUS0002374,2025-05-23,OTA,YOWRS
BKG00001351,CUS0004603,2023-10-17,MOB,BSSAVE
BKG00001352,CUS0001338,2023-10-07,GDS,YOWRS
BKG00001353,CUS0004361,2025-10-24,CTR,FLXFST
BKG00001354,CUS0001297,2023-09-30,CTR,GRPECO
BKG00001355,CUS0002304,2025-07-22,AGT,WOWBUS
BKG00001356,CUS0000929,2026-04-15,AGT,BSSAVE
BKG00001357,CUS0003645,2024-01-18,WEB,YOWUS
BKG00001358,CUS0001111,2023-06-01,GDS,GRPECO
BKG00001359,CUS0003108,2025-02-06,GDS,BSSAVE
BKG00001360,CUS0000164,2023-05-29,CTR,CLXSAV
BKG00001361,CUS0003613,2024-08-27,CTR,BSSAVE
BKG00001362,CUS0003665,2024-11-23,WEB,GRPECO
BKG00001363,CUS0004644,2024-08-31,OTA,CLXSAV
BKG00001364,CUS0000697,2023-07-10,OTA,YOWRS
BKG00001365,CUS0001452,2025-12-18,MOB,CLXBUS
BKG00001366,CUS0003225,2025-03-28,MOB,YOWRS
BKG00001367,CUS0001615,2026-01-25,AGT,CLXSAV
BKG00001368,CUS0002395,2025-07-23,AGT,YOWRS
BKG00001369,CUS0002906,2024-02-22,CTR,GRPECO
BKG00001370,CUS0000131,2024-04-07,CTR,FLXFST
BKG00001371,CUS0001385,2026-03-02,OTA,CLXBUS
BKG00001372,CUS0001574,2023-08-28,CTR,CLXBUS
BKG00001373,CUS0004264,2023-09-02,WEB,GRPECO
BKG00001374,CUS0002610,2023-09-24,MOB,YOWUS
BKG00001375,CUS0001957,2024-04-11,AGT,CLXBUS
BKG00001376,CUS0002156,2024-08-07,GDS,FLXFST
BKG00001377,CUS0002765,2025-09-15,WEB,CLXBUS
BKG00001378,CUS0003753,2024-02-15,AGT,YOWRS
BKG00001379,CUS0002728,2025-03-09,CTR,YOWUS
BKG00001380,CUS0001071,2024-12-17,CTR,YOWUS
BKG00001381,CUS0004700,2024-10-21,WEB,CLXBUS
BKG00001382,CUS0003119,2023-10-03,MOB,GRPECO
BKG00001383,CUS0003114,2023-12-22,GDS,YOWUS
BKG00001384,CUS0002215,2025-09-03,AGT,FLXFST
BKG00001385,CUS0002750,2026-02-18,OTA,FLXFST
BKG00001386,CUS0003336,2025-04-08,AGT,CLXSAV
BKG00001387,CUS0001085,2025-09-30,OTA,CLXBUS
BKG00001388,CUS0004526,2024-03-19,MOB,GRPECO
BKG00001389,CUS0002308,2024-07-29,OTA,YOWRS
BKG00001390,CUS0003686,2025-07-22,AGT,YOWRS
BKG00001391,CUS0002611,2023-09-11,CTR,YOWRS
BKG00001392,CUS0000189,2026-02-15,MOB,YOWRS
BKG00001393,CUS0001991,2025-11-03,WEB,BSSAVE
BKG00001394,CUS0003059,2024-10-31,WEB,BSSAVE
BKG00001395,CUS0004686,2025-06-04,MOB,YOWRS
BKG00001396,CUS0000618,2023-10-27,WEB,YOWUS
BKG00001397,CUS0002795,2024-09-20,CTR,YOWRS
BKG00001398,CUS0001280,2025-02-03,CTR,GRPECO
BKG00001399,CUS0002711,2024-05-22,AGT,YOWRS
BKG00001400,CUS0001000,2025-12-24,WEB,BSSAVE
BKG00001401,CUS0001635,2025-06-02,AGT,YOWRS
BKG00001402,CUS0001521,2023-07-07,WEB,YOWRS
BKG00001403,CUS0000032,2025-12-24,GDS,WOWBUS
BKG00001404,CUS0001723,2023-06-14,WEB,YOWRS
BKG00001405,CUS0003170,2024-03-23,OTA,WOWBUS
BKG00001406,CUS0003900,2024-10-20,MOB,GRPECO
BKG00001407,CUS0004960,2026-04-06,AGT,BSSAVE
BKG00001408,CUS0003844,2024-11-16,OTA,YOWUS
BKG00001409,CUS0003626,2024-02-08,MOB,YOWUS
BKG00001410,CUS0000652,2026-01-21,MOB,WOWBUS
BKG00001411,CUS0002157,2025-10-24,MOB,WOWBUS
BKG00001412,CUS0001016,2025-04-28,AGT,YOWRS
BKG00001413,CUS0001542,2023-08-15,MOB,CLXSAV
BKG00001414,CUS0001866,2025-12-05,MOB,FLXFST
BKG00001415,CUS0004853,2025-02-08,OTA,FLXFST
BKG00001416,CUS0004151,2024-10-19,AGT,CLXBUS
BKG00001417,CUS0001788,2023-07-08,GDS,CLXBUS
BKG00001418,CUS0002825,2023-10-01,AGT,WOWBUS
BKG00001419,CUS0004347,2025-05-14,WEB,CLXBUS
BKG00001420,CUS0002306,2025-05-25,MOB,YOWRS
BKG00001421,CUS0000505,2024-01-13,WEB,GRPECO
BKG00001422,CUS0002820,2025-06-18,AGT,YOWUS
BKG00001423,CUS0003524,2024-05-30,WEB,GRPECO
BKG00001424,CUS0000099,2024-04-19,AGT,YOWRS
BKG00001425,CUS0002609,2025-08-21,CTR,CLXSAV
BKG00001426,CUS0004961,2024-04-06,AGT,YOWRS
BKG00001427,CUS0004663,2024-02-12,OTA,CLXSAV
BKG00001428,CUS0003693,2025-11-14,OTA,GRPECO
BKG00001429,CUS0003035,2025-06-01,GDS,CLXBUS
BKG00001430,CUS0004007,2026-02-25,OTA,WOWBUS
BKG00001431,CUS0001869,2025-03-04,CTR,BSSAVE
BKG00001432,CUS0000350,2026-01-15,AGT,CLXSAV
BKG00001433,CUS0003357,2023-10-18,GDS,GRPECO
BKG00001434,CUS0002658,2023-11-12,GDS,GRPECO
BKG00001435,CUS0003805,2024-06-05,GDS,BSSAVE
BKG00001436,CUS0001164,2023-10-17,AGT,FLXFST
BKG00001437,CUS0003438,2025-08-16,WEB,BSSAVE
BKG00001438,CUS0002595,2025-09-08,GDS,BSSAVE
BKG00001439,CUS0003273,2024-06-10,OTA,YOWUS
BKG00001440,CUS0003559,2024-05-12,AGT,BSSAVE
BKG00001441,CUS0001238,2025-01-06,CTR,BSSAVE
BKG00001442,CUS0001778,2024-11-20,WEB,YOWUS
BKG00001443,CUS0003206,2025-10-01,GDS,BSSAVE
BKG00001444,CUS0002220,2025-12-19,OTA,WOWBUS
BKG00001445,CUS0000178,2024-07-28,GDS,FLXFST
BKG00001446,CUS0001297,2024-01-19,OTA,CLXBUS
BKG00001447,CUS0001866,2025-04-22,MOB,GRPECO
BKG00001448,CUS0004972,2025-07-24,AGT,GRPECO
BKG00001449,CUS0003546,2024-05-24,GDS,BSSAVE
BKG00001450,CUS0003993,2025-10-07,AGT,YOWUS
BKG00001451,CUS0002895,2023-09-23,WEB,YOWRS
BKG00001452,CUS0002649,2025-03-09,AGT,GRPECO
BKG00001453,CUS0004980,2024-09-06,OTA,BSSAVE
BKG00001454,CUS0001927,2024-11-27,CTR,GRPECO
BKG00001455,CUS0001773,2024-05-11,GDS,GRPECO
BKG00001456,CUS0000107,2025-05-23,OTA,BSSAVE
BKG00001457,CUS0002774,2025-02-03,AGT,CLXBUS
BKG00001458,CUS0003515,2025-03-30,CTR,YOWRS
BKG00001459,CUS0004908,2023-11-11,MOB,CLXBUS
BKG00001460,CUS0002795,2024-06-25,AGT,CLXSAV
BKG00001461,CUS0001050,2023-11-09,OTA,GRPECO
BKG00001462,CUS0000518,2025-10-07,WEB,GRPECO
BKG00001463,CUS0003032,2023-08-18,GDS,WOWBUS
BKG00001464,CUS0001716,2023-10-09,OTA,WOWBUS
BKG00001465,CUS0002561,2024-05-29,AGT,GRPECO
BKG00001466,CUS0002299,2025-06-23,CTR,CLXSAV
BKG00001467,CUS0004729,2024-09-06,OTA,WOWBUS
BKG00001468,CUS0001042,2024-03-06,OTA,WOWBUS
BKG00001469,CUS0004857,2024-12-05,CTR,WOWBUS
BKG00001470,CUS0002041,2025-09-02,GDS,GRPECO
BKG00001471,CUS0000159,2025-07-08,OTA,YOWRS
BKG00001472,CUS0003147,2023-09-25,MOB,CLXSAV
BKG00001473,CUS0000667,2023-10-25,CTR,GRPECO
BKG00001474,CUS0003791,2025-02-23,CTR,CLXBUS
BKG00001475,CUS0000549,2025-07-04,GDS,FLXFST
BKG00001476,CUS0001583,2023-10-19,OTA,BSSAVE
BKG00001477,CUS0002981,2024-09-10,WEB,GRPECO
BKG00001478,CUS0002021,2023-12-13,MOB,YOWUS
BKG00001479,CUS0002681,2024-02-12,OTA,GRPECO
BKG00001480,CUS0004603,2025-04-19,MOB,CLXBUS
BKG00001481,CUS0002622,2024-12-14,GDS,CLXSAV
BKG00001482,CUS0004955,2024-09-01,CTR,WOWBUS
BKG00001483,CUS0001542,2023-10-21,CTR,YOWRS
BKG00001484,CUS0002422,2023-08-10,AGT,YOWUS
BKG00001485,CUS0001597,2025-11-19,CTR,CLXBUS
BKG00001486,CUS0002034,2024-09-29,GDS,FLXFST
BKG00001487,CUS0000090,2026-01-06,OTA,CLXBUS
BKG00001488,CUS0001674,2025-04-25,MOB,CLXBUS
BKG00001489,CUS0000208,2024-09-22,WEB,FLXFST
BKG00001490,CUS0000645,2025-02-19,OTA,GRPECO
BKG00001491,CUS0001210,2025-07-15,GDS,FLXFST
BKG00001492,CUS0004549,2024-10-25,MOB,GRPECO
BKG00001493,CUS0002574,2024-08-28,WEB,CLXBUS
BKG00001494,CUS0003736,2024-01-07,OTA,WOWBUS
BKG00001495,CUS0004969,2023-07-02,GDS,CLXBUS
BKG00001496,CUS0001335,2025-02-18,CTR,BSSAVE
BKG00001497,CUS0002645,2024-12-29,WEB,YOWRS
BKG00001498,CUS0000430,2025-04-10,OTA,GRPECO
BKG00001499,CUS0003022,2023-11-09,MOB,CLXSAV
BKG00001500,CUS0003073,2024-03-02,CTR,YOWUS
BKG00001501,CUS0003558,2024-07-14,AGT,CLXSAV
BKG00001502,CUS0003241,2026-01-03,MOB,CLXSAV
BKG00001503,CUS0000283,2024-07-18,AGT,CLXBUS
BKG00001504,CUS0002655,2024-07-13,CTR,YOWUS
BKG00001505,CUS0004192,2024-05-23,WEB,BSSAVE
BKG00001506,CUS0004069,2024-09-08,WEB,YOWRS
BKG00001507,CUS0001147,2025-07-23,MOB,YOWRS
BKG00001508,CUS0004283,2024-10-07,MOB,WOWBUS
BKG00001509,CUS0000753,2024-07-08,OTA,CLXSAV
BKG00001510,CUS0002771,2024-01-08,WEB,FLXFST
BKG00001511,CUS0002815,2023-07-06,WEB,GRPECO
BKG00001512,CUS0003282,2025-10-19,CTR,YOWUS
BKG00001513,CUS0004299,2025-09-25,GDS,FLXFST
BKG00001514,CUS0001270,2026-01-26,CTR,YOWRS
BKG00001515,CUS0001698,2026-03-19,GDS,BSSAVE
BKG00001516,CUS0000945,2025-03-16,OTA,WOWBUS
BKG00001517,CUS0001961,2023-06-20,WEB,YOWUS
BKG00001518,CUS0000430,2025-10-29,AGT,WOWBUS
BKG00001519,CUS0003922,2025-06-22,WEB,YOWUS
BKG00001520,CUS0001795,2025-07-16,MOB,BSSAVE
BKG00001521,CUS0001128,2024-06-27,CTR,CLXSAV
BKG00001522,CUS0002646,2026-05-14,GDS,FLXFST
BKG00001523,CUS0000158,2026-04-11,CTR,CLXBUS
BKG00001524,CUS0004033,2025-07-22,WEB,FLXFST
BKG00001525,CUS0004506,2024-03-19,WEB,YOWUS
BKG00001526,CUS0001640,2025-08-17,CTR,YOWUS
BKG00001527,CUS0001711,2025-10-17,MOB,GRPECO
BKG00001528,CUS0000059,2024-03-23,OTA,YOWRS
BKG00001529,CUS0004765,2025-11-02,OTA,BSSAVE
BKG00001530,CUS0003254,2024-03-07,MOB,BSSAVE
BKG00001531,CUS0004393,2026-05-01,WEB,CLXBUS
BKG00001532,CUS0002177,2024-09-07,CTR,CLXSAV
BKG00001533,CUS0004186,2024-01-23,GDS,BSSAVE
BKG00001534,CUS0001652,2026-03-15,CTR,CLXBUS
BKG00001535,CUS0002741,2026-03-07,MOB,CLXSAV
BKG00001536,CUS0002133,2025-08-02,GDS,YOWRS
BKG00001537,CUS0002338,2023-09-07,GDS,YOWUS
BKG00001538,CUS0003650,2023-10-07,CTR,FLXFST
BKG00001539,CUS0001677,2023-12-21,MOB,YOWRS
BKG00001540,CUS0000342,2026-03-06,GDS,YOWRS
BKG00001541,CUS0001685,2024-03-11,MOB,CLXBUS
BKG00001542,CUS0001756,2026-01-23,CTR,CLXBUS
BKG00001543,CUS0002957,2025-03-02,GDS,YOWUS
BKG00001544,CUS0001883,2024-01-25,CTR,CLXBUS
BKG00001545,CUS0001777,2025-11-15,CTR,YOWUS
BKG00001546,CUS0002539,2024-04-25,WEB,WOWBUS
BKG00001547,CUS0001483,2025-09-18,OTA,WOWBUS
BKG00001548,CUS0004093,2024-01-15,AGT,FLXFST
BKG00001549,CUS0002682,2025-07-19,GDS,FLXFST
BKG00001550,CUS0004931,2025-08-26,MOB,GRPECO
BKG00001551,CUS0003934,2025-04-28,CTR,CLXBUS
BKG00001552,CUS0002036,2025-04-18,WEB,YOWRS
BKG00001553,CUS0000003,2025-06-21,WEB,YOWUS
BKG00001554,CUS0000092,2025-09-10,OTA,YOWUS
BKG00001555,CUS0002486,2025-07-03,GDS,FLXFST
BKG00001556,CUS0004654,2024-04-02,MOB,YOWRS
BKG00001557,CUS0000439,2023-12-03,OTA,WOWBUS
BKG00001558,CUS0001563,2024-05-09,GDS,CLXSAV
BKG00001559,CUS0000624,2024-09-25,OTA,FLXFST
BKG00001560,CUS0000184,2023-06-14,OTA,YOWUS
BKG00001561,CUS0000984,2024-05-17,OTA,BSSAVE
BKG00001562,CUS0002153,2024-11-15,GDS,WOWBUS
BKG00001563,CUS0000986,2025-06-04,AGT,YOWUS
BKG00001564,CUS0003904,2024-06-28,MOB,YOWUS
BKG00001565,CUS0000923,2024-06-12,WEB,WOWBUS
BKG00001566,CUS0003730,2024-06-06,CTR,CLXBUS
BKG00001567,CUS0002213,2025-11-08,WEB,GRPECO
BKG00001568,CUS0000519,2026-05-15,AGT,BSSAVE
BKG00001569,CUS0001766,2024-11-06,WEB,FLXFST
BKG00001570,CUS0003092,2023-07-05,WEB,YOWUS
BKG00001571,CUS0004075,2026-02-27,GDS,GRPECO
BKG00001572,CUS0003379,2024-03-15,MOB,YOWUS
BKG00001573,CUS0004725,2025-11-20,WEB,YOWRS
BKG00001574,CUS0002301,2025-04-09,AGT,CLXBUS
BKG00001575,CUS0003926,2025-08-23,MOB,CLXBUS
BKG00001576,CUS0000200,2025-07-26,AGT,CLXBUS
BKG00001577,CUS0001541,2025-02-12,MOB,GRPECO
BKG00001578,CUS0000016,2024-05-10,AGT,YOWUS
BKG00001579,CUS0004614,2023-05-28,GDS,GRPECO
BKG00001580,CUS0001897,2024-07-04,AGT,YOWUS
BKG00001581,CUS0002348,2023-07-06,OTA,YOWRS
BKG00001582,CUS0004900,2025-05-12,OTA,GRPECO
BKG00001583,CUS0003871,2024-08-17,CTR,BSSAVE
BKG00001584,CUS0003058,2023-11-03,AGT,CLXSAV
BKG00001585,CUS0004514,2025-12-03,CTR,BSSAVE
BKG00001586,CUS0002628,2025-07-15,AGT,CLXSAV
BKG00001587,CUS0003335,2025-07-10,MOB,FLXFST
BKG00001588,CUS0003049,2025-07-17,GDS,CLXSAV
BKG00001589,CUS0002396,2025-08-16,MOB,GRPECO
BKG00001590,CUS0004443,2025-01-29,GDS,CLXSAV
BKG00001591,CUS0003537,2025-02-11,WEB,CLXBUS
BKG00001592,CUS0001128,2024-05-29,OTA,CLXSAV
BKG00001593,CUS0003823,2023-10-28,GDS,BSSAVE
BKG00001594,CUS0000351,2025-08-22,OTA,BSSAVE
BKG00001595,CUS0004906,2024-04-06,OTA,BSSAVE
BKG00001596,CUS0004700,2025-01-22,MOB,WOWBUS
BKG00001597,CUS0003247,2025-06-01,WEB,FLXFST
BKG00001598,CUS0000917,2024-08-20,CTR,YOWUS
BKG00001599,CUS0004257,2025-02-20,WEB,YOWUS
BKG00001600,CUS0002087,2026-04-03,CTR,BSSAVE
BKG00001601,CUS0001858,2024-04-02,AGT,CLXSAV
BKG00001602,CUS0004008,2024-06-04,WEB,CLXSAV
BKG00001603,CUS0003059,2026-04-01,CTR,FLXFST
BKG00001604,CUS0004286,2026-04-16,AGT,FLXFST
BKG00001605,CUS0001795,2023-08-13,CTR,CLXSAV
BKG00001606,CUS0003343,2024-06-10,AGT,YOWRS
BKG00001607,CUS0001850,2024-08-22,AGT,GRPECO
BKG00001608,CUS0001276,2025-12-02,AGT,WOWBUS
BKG00001609,CUS0000005,2024-07-18,CTR,YOWRS
BKG00001610,CUS0004057,2025-01-15,MOB,YOWRS
BKG00001611,CUS0002512,2025-05-13,MOB,FLXFST
BKG00001612,CUS0002482,2023-07-28,MOB,YOWRS
BKG00001613,CUS0001565,2023-12-16,WEB,YOWUS
BKG00001614,CUS0000255,2026-03-12,OTA,YOWRS
BKG00001615,CUS0001697,2025-06-21,MOB,YOWRS
BKG00001616,CUS0000550,2025-01-01,OTA,GRPECO
BKG00001617,CUS0000975,2025-10-04,GDS,CLXSAV
BKG00001618,CUS0003302,2023-06-09,WEB,CLXBUS
BKG00001619,CUS0002812,2026-02-11,GDS,CLXSAV
BKG00001620,CUS0001708,2025-02-28,OTA,FLXFST
BKG00001621,CUS0004831,2025-05-22,GDS,YOWUS
BKG00001622,CUS0004026,2023-07-17,WEB,GRPECO
BKG00001623,CUS0002619,2024-07-06,OTA,YOWUS
BKG00001624,CUS0002096,2025-10-09,AGT,GRPECO
BKG00001625,CUS0003144,2023-08-07,CTR,YOWRS
BKG00001626,CUS0003463,2024-03-24,AGT,CLXSAV
BKG00001627,CUS0004017,2025-09-02,WEB,FLXFST
BKG00001628,CUS0000317,2024-04-11,GDS,YOWRS
BKG00001629,CUS0003891,2024-08-19,OTA,YOWRS
BKG00001630,CUS0000680,2024-03-13,MOB,YOWRS
BKG00001631,CUS0003725,2023-06-15,GDS,CLXSAV
BKG00001632,CUS0001978,2025-03-29,CTR,GRPECO
BKG00001633,CUS0000282,2026-01-10,OTA,CLXBUS
BKG00001634,CUS0004528,2023-07-11,AGT,GRPECO
BKG00001635,CUS0001775,2024-06-12,CTR,FLXFST
BKG00001636,CUS0000778,2024-09-27,WEB,BSSAVE
BKG00001637,CUS0004862,2024-11-26,AGT,YOWUS
BKG00001638,CUS0004148,2025-01-01,GDS,YOWRS
BKG00001639,CUS0004113,2024-07-12,MOB,GRPECO
BKG00001640,CUS0002251,2023-09-21,AGT,FLXFST
BKG00001641,CUS0004389,2025-01-13,AGT,YOWUS
BKG00001642,CUS0002075,2025-04-23,CTR,YOWRS
BKG00001643,CUS0004234,2024-03-07,GDS,BSSAVE
BKG00001644,CUS0003701,2023-08-12,OTA,BSSAVE
BKG00001645,CUS0000327,2026-01-15,OTA,CLXSAV
BKG00001646,CUS0003496,2023-06-06,WEB,BSSAVE
BKG00001647,CUS0000630,2025-03-28,MOB,GRPECO
BKG00001648,CUS0003984,2025-10-16,MOB,YOWUS
BKG00001649,CUS0003173,2023-11-26,AGT,BSSAVE
BKG00001650,CUS0003087,2024-01-09,WEB,CLXBUS
BKG00001651,CUS0001497,2024-02-12,MOB,CLXSAV
BKG00001652,CUS0004781,2023-10-31,GDS,WOWBUS
BKG00001653,CUS0003643,2025-10-11,AGT,YOWRS
BKG00001654,CUS0000832,2026-01-02,MOB,BSSAVE
BKG00001655,CUS0001082,2025-08-17,AGT,YOWUS
BKG00001656,CUS0003589,2023-06-23,GDS,CLXSAV
BKG00001657,CUS0003523,2024-04-19,WEB,CLXSAV
BKG00001658,CUS0004453,2026-03-17,WEB,FLXFST
BKG00001659,CUS0003881,2024-01-03,WEB,CLXBUS
BKG00001660,CUS0003575,2025-04-01,CTR,FLXFST
BKG00001661,CUS0000549,2024-04-26,WEB,YOWRS
BKG00001662,CUS0002153,2023-08-31,AGT,CLXSAV
BKG00001663,CUS0003889,2023-06-16,GDS,WOWBUS
BKG00001664,CUS0001127,2023-10-03,WEB,YOWUS
BKG00001665,CUS0001328,2024-06-15,WEB,BSSAVE
BKG00001666,CUS0001610,2025-07-23,GDS,CLXSAV
BKG00001667,CUS0004566,2025-10-08,OTA,GRPECO
BKG00001668,CUS0000548,2023-08-09,AGT,BSSAVE
BKG00001669,CUS0004769,2025-10-11,GDS,YOWRS
BKG00001670,CUS0004585,2026-04-19,WEB,WOWBUS
BKG00001671,CUS0001659,2025-02-17,MOB,CLXBUS
BKG00001672,CUS0001092,2024-01-29,AGT,FLXFST
BKG00001673,CUS0000092,2025-12-15,OTA,YOWUS
BKG00001674,CUS0004180,2026-02-14,WEB,YOWRS
BKG00001675,CUS0004298,2026-05-06,AGT,CLXBUS
BKG00001676,CUS0004798,2024-12-30,CTR,YOWUS
BKG00001677,CUS0002485,2026-02-05,MOB,CLXSAV
BKG00001678,CUS0001997,2025-02-18,GDS,WOWBUS
BKG00001679,CUS0001546,2024-02-15,AGT,GRPECO
BKG00001680,CUS0003919,2025-12-22,GDS,WOWBUS
BKG00001681,CUS0000812,2024-01-11,MOB,FLXFST
BKG00001682,CUS0004531,2024-03-22,AGT,YOWRS
BKG00001683,CUS0001197,2023-11-23,AGT,BSSAVE
BKG00001684,CUS0004177,2025-10-28,MOB,YOWRS
BKG00001685,CUS0003914,2023-11-03,CTR,YOWRS
BKG00001686,CUS0004638,2026-02-10,MOB,WOWBUS
BKG00001687,CUS0003388,2024-02-04,AGT,CLXSAV
BKG00001688,CUS0001847,2024-02-26,OTA,FLXFST
BKG00001689,CUS0000489,2025-02-06,GDS,YOWUS
BKG00001690,CUS0002626,2025-03-07,GDS,YOWUS
BKG00001691,CUS0001578,2025-04-10,AGT,CLXSAV
BKG00001692,CUS0003202,2024-11-23,GDS,WOWBUS
BKG00001693,CUS0001044,2024-12-25,GDS,FLXFST
BKG00001694,CUS0001289,2024-11-09,MOB,CLXBUS
BKG00001695,CUS0004073,2024-05-03,WEB,FLXFST
BKG00001696,CUS0004914,2025-09-11,WEB,FLXFST
BKG00001697,CUS0000544,2024-03-23,CTR,YOWRS
BKG00001698,CUS0001193,2025-05-27,AGT,YOWUS
BKG00001699,CUS0003028,2026-03-06,OTA,FLXFST
BKG00001700,CUS0002301,2024-04-11,GDS,CLXSAV
BKG00001701,CUS0002487,2024-10-05,CTR,CLXSAV
BKG00001702,CUS0002525,2025-06-03,GDS,GRPECO
BKG00001703,CUS0003163,2025-12-06,AGT,BSSAVE
BKG00001704,CUS0003845,2026-01-08,OTA,YOWRS
BKG00001705,CUS0004012,2025-07-21,OTA,YOWRS
BKG00001706,CUS0002062,2025-06-29,AGT,CLXBUS
BKG00001707,CUS0002223,2026-04-02,OTA,WOWBUS
BKG00001708,CUS0002565,2024-05-26,OTA,WOWBUS
BKG00001709,CUS0004637,2024-08-31,MOB,CLXSAV
BKG00001710,CUS0002510,2025-02-01,MOB,CLXSAV
BKG00001711,CUS0004241,2025-08-30,AGT,FLXFST
BKG00001712,CUS0002282,2026-01-16,OTA,FLXFST
BKG00001713,CUS0001543,2024-05-30,CTR,BSSAVE
BKG00001714,CUS0002417,2026-01-03,MOB,CLXSAV
BKG00001715,CUS0004447,2023-10-23,CTR,CLXSAV
BKG00001716,CUS0001675,2025-09-28,GDS,BSSAVE
BKG00001717,CUS0000961,2024-11-05,AGT,CLXBUS
BKG00001718,CUS0002024,2023-12-25,MOB,CLXSAV
BKG00001719,CUS0001500,2023-11-17,AGT,GRPECO
BKG00001720,CUS0003072,2026-05-06,MOB,FLXFST
BKG00001721,CUS0003968,2024-06-24,AGT,CLXBUS
BKG00001722,CUS0004655,2025-04-30,GDS,CLXSAV
BKG00001723,CUS0001199,2025-10-20,OTA,YOWRS
BKG00001724,CUS0002069,2024-09-23,WEB,FLXFST
BKG00001725,CUS0004512,2025-12-22,GDS,YOWUS
BKG00001726,CUS0000546,2025-11-07,MOB,CLXBUS
BKG00001727,CUS0004056,2024-03-26,GDS,CLXBUS
BKG00001728,CUS0004188,2025-09-20,CTR,FLXFST
BKG00001729,CUS0001632,2025-03-07,OTA,YOWUS
BKG00001730,CUS0003504,2025-11-24,AGT,GRPECO
BKG00001731,CUS0004877,2024-04-18,WEB,GRPECO
BKG00001732,CUS0003582,2025-10-02,GDS,CLXSAV
BKG00001733,CUS0000979,2024-04-08,MOB,BSSAVE
BKG00001734,CUS0001007,2026-04-08,OTA,YOWUS
BKG00001735,CUS0000337,2023-07-19,WEB,CLXBUS
BKG00001736,CUS0000881,2024-06-08,CTR,CLXBUS
BKG00001737,CUS0001044,2025-10-04,WEB,FLXFST
BKG00001738,CUS0001679,2024-12-18,WEB,YOWUS
BKG00001739,CUS0000081,2024-07-03,WEB,CLXSAV
BKG00001740,CUS0002271,2025-04-30,OTA,FLXFST
BKG00001741,CUS0001972,2024-01-20,MOB,WOWBUS
BKG00001742,CUS0004946,2025-08-05,CTR,CLXBUS
BKG00001743,CUS0004528,2025-11-02,OTA,WOWBUS
BKG00001744,CUS0001243,2024-12-26,WEB,CLXSAV
BKG00001745,CUS0001802,2026-01-04,MOB,FLXFST
BKG00001746,CUS0001665,2026-03-23,CTR,YOWUS
BKG00001747,CUS0001314,2024-06-19,WEB,CLXBUS
BKG00001748,CUS0003984,2023-12-25,WEB,YOWRS
BKG00001749,CUS0002017,2023-11-24,GDS,WOWBUS
BKG00001750,CUS0001983,2023-12-03,GDS,BSSAVE
BKG00001751,CUS0001422,2024-07-18,MOB,CLXBUS
BKG00001752,CUS0000880,2024-11-08,WEB,WOWBUS
BKG00001753,CUS0002528,2025-07-31,GDS,FLXFST
BKG00001754,CUS0003655,2024-11-12,MOB,WOWBUS
BKG00001755,CUS0000823,2024-12-31,WEB,FLXFST
BKG00001756,CUS0003639,2023-11-27,GDS,BSSAVE
BKG00001757,CUS0003150,2025-10-16,CTR,FLXFST
BKG00001758,CUS0000189,2025-06-15,CTR,CLXBUS
BKG00001759,CUS0001681,2025-07-26,AGT,GRPECO
BKG00001760,CUS0003578,2023-07-05,CTR,CLXSAV
BKG00001761,CUS0002639,2024-08-23,WEB,GRPECO
BKG00001762,CUS0004158,2025-10-09,CTR,FLXFST
BKG00001763,CUS0003623,2023-10-25,CTR,WOWBUS
BKG00001764,CUS0003056,2025-07-13,MOB,YOWRS
BKG00001765,CUS0004924,2025-11-25,AGT,FLXFST
BKG00001766,CUS0001380,2026-02-14,GDS,WOWBUS
BKG00001767,CUS0001786,2023-06-09,OTA,CLXSAV
BKG00001768,CUS0003319,2024-01-21,OTA,WOWBUS
BKG00001769,CUS0002382,2025-11-26,MOB,FLXFST
BKG00001770,CUS0004919,2023-07-24,GDS,YOWUS
BKG00001771,CUS0004615,2023-10-22,MOB,YOWRS
BKG00001772,CUS0003705,2025-08-18,AGT,YOWUS
BKG00001773,CUS0003186,2023-09-26,CTR,CLXSAV
BKG00001774,CUS0002946,2025-08-29,GDS,YOWUS
BKG00001775,CUS0004022,2023-10-02,GDS,GRPECO
BKG00001776,CUS0003475,2024-06-23,WEB,FLXFST
BKG00001777,CUS0002089,2023-07-19,OTA,WOWBUS
BKG00001778,CUS0002205,2025-05-06,OTA,CLXBUS
BKG00001779,CUS0003921,2026-02-23,MOB,BSSAVE
BKG00001780,CUS0001796,2023-12-22,CTR,WOWBUS
BKG00001781,CUS0000298,2025-10-22,GDS,CLXSAV
BKG00001782,CUS0000394,2024-07-15,MOB,YOWRS
BKG00001783,CUS0001301,2025-09-30,WEB,YOWUS
BKG00001784,CUS0002052,2025-08-31,WEB,CLXBUS
BKG00001785,CUS0003712,2024-04-07,MOB,CLXBUS
BKG00001786,CUS0001161,2023-09-04,GDS,CLXBUS
BKG00001787,CUS0001524,2025-08-16,MOB,FLXFST
BKG00001788,CUS0002553,2023-09-02,MOB,YOWRS
BKG00001789,CUS0001900,2023-05-31,WEB,YOWUS
BKG00001790,CUS0004691,2023-07-19,AGT,BSSAVE
BKG00001791,CUS0002362,2025-06-22,CTR,GRPECO
BKG00001792,CUS0003468,2026-04-01,MOB,WOWBUS
BKG00001793,CUS0000141,2023-07-03,MOB,YOWRS
BKG00001794,CUS0000552,2024-12-04,WEB,CLXBUS
BKG00001795,CUS0001465,2026-04-22,CTR,YOWRS
BKG00001796,CUS0003790,2025-06-23,CTR,CLXSAV
BKG00001797,CUS0001466,2024-06-12,MOB,BSSAVE
BKG00001798,CUS0002013,2025-07-02,WEB,CLXSAV
BKG00001799,CUS0001408,2025-06-08,OTA,YOWUS
BKG00001800,CUS0004104,2024-06-15,CTR,YOWUS
BKG00001801,CUS0003227,2024-04-01,MOB,BSSAVE
BKG00001802,CUS0000397,2025-10-30,GDS,BSSAVE
BKG00001803,CUS0001084,2026-03-07,MOB,CLXSAV
BKG00001804,CUS0004702,2025-07-13,OTA,GRPECO
BKG00001805,CUS0002014,2025-04-16,GDS,BSSAVE
BKG00001806,CUS0000901,2023-10-26,AGT,WOWBUS
BKG00001807,CUS0001328,2024-08-01,AGT,YOWUS
BKG00001808,CUS0000550,2023-07-26,GDS,BSSAVE
BKG00001809,CUS0000005,2025-12-01,OTA,GRPECO
BKG00001810,CUS0004333,2026-02-19,GDS,FLXFST
BKG00001811,CUS0004509,2025-01-26,CTR,FLXFST
BKG00001812,CUS0004302,2023-09-13,GDS,CLXSAV
BKG00001813,CUS0004961,2025-11-26,CTR,FLXFST
BKG00001814,CUS0002060,2025-08-19,CTR,FLXFST
BKG00001815,CUS0001368,2024-08-13,CTR,GRPECO
BKG00001816,CUS0001035,2024-06-07,WEB,WOWBUS
BKG00001817,CUS0000602,2026-05-19,CTR,CLXSAV
BKG00001818,CUS0002445,2024-02-28,WEB,FLXFST
BKG00001819,CUS0003135,2024-02-21,GDS,CLXBUS
BKG00001820,CUS0003061,2023-07-08,WEB,CLXSAV
BKG00001821,CUS0003992,2024-03-28,MOB,YOWUS
BKG00001822,CUS0001766,2024-01-29,GDS,BSSAVE
BKG00001823,CUS0003686,2024-12-11,CTR,BSSAVE
BKG00001824,CUS0002474,2024-08-28,GDS,WOWBUS
BKG00001825,CUS0001166,2024-08-06,WEB,WOWBUS
BKG00001826,CUS0003597,2023-07-23,OTA,GRPECO
BKG00001827,CUS0003271,2025-09-13,GDS,GRPECO
BKG00001828,CUS0003044,2023-11-28,MOB,GRPECO
BKG00001829,CUS0001069,2024-06-16,GDS,YOWUS
BKG00001830,CUS0002011,2025-06-28,MOB,YOWRS
BKG00001831,CUS0002421,2024-02-06,OTA,YOWUS
BKG00001832,CUS0002872,2025-06-16,GDS,FLXFST
BKG00001833,CUS0003551,2025-05-27,WEB,CLXBUS
BKG00001834,CUS0002907,2025-04-03,CTR,GRPECO
BKG00001835,CUS0000332,2024-06-10,GDS,YOWRS
BKG00001836,CUS0002888,2023-10-26,OTA,WOWBUS
BKG00001837,CUS0002543,2023-10-21,CTR,BSSAVE
BKG00001838,CUS0000091,2026-04-20,WEB,BSSAVE
BKG00001839,CUS0004601,2024-09-28,OTA,YOWUS
BKG00001840,CUS0000203,2023-08-30,CTR,WOWBUS
BKG00001841,CUS0004269,2024-06-14,OTA,YOWUS
BKG00001842,CUS0003673,2025-02-15,GDS,CLXSAV
BKG00001843,CUS0003771,2025-01-25,OTA,CLXSAV
BKG00001844,CUS0002335,2024-12-11,OTA,YOWUS
BKG00001845,CUS0004236,2023-11-02,CTR,YOWRS
BKG00001846,CUS0003592,2026-05-02,GDS,FLXFST
BKG00001847,CUS0004211,2024-05-26,WEB,YOWRS
BKG00001848,CUS0001257,2023-06-29,GDS,CLXSAV
BKG00001849,CUS0003604,2025-03-27,AGT,CLXBUS
BKG00001850,CUS0001180,2025-05-28,MOB,WOWBUS
BKG00001851,CUS0000764,2025-12-10,CTR,FLXFST
BKG00001852,CUS0002260,2023-09-27,GDS,WOWBUS
BKG00001853,CUS0000344,2024-04-13,WEB,CLXBUS
BKG00001854,CUS0000100,2024-05-12,MOB,WOWBUS
BKG00001855,CUS0003428,2025-10-07,CTR,WOWBUS
BKG00001856,CUS0003421,2024-06-27,MOB,FLXFST
BKG00001857,CUS0004482,2024-05-12,CTR,CLXBUS
BKG00001858,CUS0001726,2024-08-08,WEB,YOWRS
BKG00001859,CUS0001339,2025-01-28,WEB,CLXBUS
BKG00001860,CUS0003954,2024-05-09,WEB,WOWBUS
BKG00001861,CUS0003837,2026-03-18,MOB,GRPECO
BKG00001862,CUS0000936,2023-09-12,WEB,GRPECO
BKG00001863,CUS0002808,2025-08-12,CTR,CLXSAV
BKG00001864,CUS0003842,2024-08-10,OTA,CLXSAV
BKG00001865,CUS0002675,2025-04-12,CTR,BSSAVE
BKG00001866,CUS0004832,2025-01-18,CTR,CLXBUS
BKG00001867,CUS0004865,2023-11-12,MOB,WOWBUS
BKG00001868,CUS0000183,2024-02-05,GDS,GRPECO
BKG00001869,CUS0002230,2024-09-17,OTA,CLXBUS
BKG00001870,CUS0004087,2023-07-15,AGT,FLXFST
BKG00001871,CUS0000421,2025-01-20,CTR,CLXBUS
BKG00001872,CUS0002111,2026-04-21,WEB,BSSAVE
BKG00001873,CUS0004547,2024-01-07,MOB,WOWBUS
BKG00001874,CUS0002038,2025-12-09,GDS,BSSAVE
BKG00001875,CUS0000808,2026-04-01,AGT,CLXSAV
BKG00001876,CUS0003381,2024-04-05,AGT,FLXFST
BKG00001877,CUS0003435,2025-04-17,CTR,CLXSAV
BKG00001878,CUS0002451,2025-07-18,WEB,WOWBUS
BKG00001879,CUS0001331,2025-11-21,CTR,GRPECO
BKG00001880,CUS0000544,2024-10-17,OTA,YOWUS
BKG00001881,CUS0003569,2026-04-24,GDS,FLXFST
BKG00001882,CUS0001262,2024-08-24,GDS,GRPECO
BKG00001883,CUS0000251,2023-08-14,OTA,CLXSAV
BKG00001884,CUS0000969,2024-07-17,OTA,WOWBUS
BKG00001885,CUS0003986,2025-06-17,GDS,FLXFST
BKG00001886,CUS0004821,2026-03-12,MOB,FLXFST
BKG00001887,CUS0003524,2025-06-26,MOB,CLXBUS
BKG00001888,CUS0001993,2025-06-10,CTR,BSSAVE
BKG00001889,CUS0002754,2025-11-21,MOB,CLXSAV
BKG00001890,CUS0004862,2024-06-13,GDS,YOWRS
BKG00001891,CUS0000825,2024-02-13,WEB,YOWRS
BKG00001892,CUS0000070,2023-08-20,MOB,FLXFST
BKG00001893,CUS0004036,2025-07-17,WEB,BSSAVE
BKG00001894,CUS0000421,2023-12-15,WEB,GRPECO
BKG00001895,CUS0001455,2025-09-14,WEB,BSSAVE
BKG00001896,CUS0002388,2026-05-02,OTA,CLXSAV
BKG00001897,CUS0004686,2024-09-09,WEB,YOWUS
BKG00001898,CUS0001354,2023-11-02,OTA,CLXSAV
BKG00001899,CUS0000819,2025-08-09,WEB,YOWRS
BKG00001900,CUS0000324,2026-02-01,CTR,YOWUS
BKG00001901,CUS0001575,2025-10-08,MOB,FLXFST
BKG00001902,CUS0004018,2025-10-29,WEB,CLXBUS
BKG00001903,CUS0004861,2024-07-28,OTA,YOWRS
BKG00001904,CUS0002331,2025-02-25,MOB,YOWRS
BKG00001905,CUS0003788,2025-11-09,CTR,CLXBUS
BKG00001906,CUS0001290,2024-10-09,AGT,YOWRS
BKG00001907,CUS0004067,2025-09-21,CTR,WOWBUS
BKG00001908,CUS0002325,2026-03-24,WEB,FLXFST
BKG00001909,CUS0002775,2024-07-14,AGT,BSSAVE
BKG00001910,CUS0003873,2025-06-29,GDS,CLXSAV
BKG00001911,CUS0004169,2023-12-01,OTA,CLXBUS
BKG00001912,CUS0003286,2024-04-07,GDS,WOWBUS
BKG00001913,CUS0002534,2025-02-10,AGT,CLXSAV
BKG00001914,CUS0001725,2026-03-06,MOB,GRPECO
BKG00001915,CUS0001219,2025-08-05,AGT,BSSAVE
BKG00001916,CUS0000302,2025-03-09,WEB,YOWUS
BKG00001917,CUS0004815,2024-06-27,WEB,BSSAVE
BKG00001918,CUS0000883,2026-02-08,GDS,BSSAVE
BKG00001919,CUS0001224,2024-03-15,AGT,YOWRS
BKG00001920,CUS0002315,2025-02-23,OTA,CLXSAV
BKG00001921,CUS0004746,2025-10-11,MOB,GRPECO
BKG00001922,CUS0003567,2023-11-17,GDS,YOWRS
BKG00001923,CUS0004523,2024-01-08,AGT,CLXBUS
BKG00001924,CUS0001719,2025-08-03,GDS,YOWUS
BKG00001925,CUS0002984,2023-09-06,MOB,FLXFST
BKG00001926,CUS0001569,2023-09-28,OTA,YOWRS
BKG00001927,CUS0000401,2025-06-13,WEB,CLXBUS
BKG00001928,CUS0003192,2024-04-26,MOB,GRPECO
BKG00001929,CUS0003798,2026-04-01,AGT,FLXFST
BKG00001930,CUS0002651,2023-09-20,GDS,BSSAVE
BKG00001931,CUS0002679,2023-05-29,AGT,FLXFST
BKG00001932,CUS0002579,2024-09-30,CTR,BSSAVE
BKG00001933,CUS0000061,2024-02-03,MOB,CLXBUS
BKG00001934,CUS0003407,2026-04-17,WEB,GRPECO
BKG00001935,CUS0002741,2023-09-26,MOB,YOWUS
BKG00001936,CUS0001150,2024-10-17,MOB,GRPECO
BKG00001937,CUS0002277,2025-02-25,MOB,BSSAVE
BKG00001938,CUS0003424,2024-03-03,WEB,YOWUS
BKG00001939,CUS0002956,2025-07-06,AGT,CLXSAV
BKG00001940,CUS0003056,2025-10-07,OTA,YOWUS
BKG00001941,CUS0000857,2024-04-11,GDS,WOWBUS
BKG00001942,CUS0001730,2023-09-11,MOB,CLXSAV
BKG00001943,CUS0004137,2023-12-06,OTA,FLXFST
BKG00001944,CUS0004332,2024-05-11,CTR,WOWBUS
BKG00001945,CUS0003564,2024-07-26,AGT,YOWUS
BKG00001946,CUS0003727,2024-01-07,AGT,CLXBUS
BKG00001947,CUS0004414,2026-01-03,GDS,YOWUS
BKG00001948,CUS0002331,2026-04-19,OTA,YOWUS
BKG00001949,CUS0003337,2026-02-06,CTR,YOWRS
BKG00001950,CUS0003888,2025-12-25,GDS,GRPECO
BKG00001951,CUS0004987,2024-02-05,CTR,WOWBUS
BKG00001952,CUS0002582,2025-01-10,CTR,WOWBUS
BKG00001953,CUS0003681,2024-06-23,OTA,CLXBUS
BKG00001954,CUS0000318,2025-06-06,MOB,CLXBUS
BKG00001955,CUS0003235,2025-01-10,OTA,YOWUS
BKG00001956,CUS0004348,2026-02-25,MOB,YOWUS
BKG00001957,CUS0001817,2025-12-23,GDS,WOWBUS
BKG00001958,CUS0003253,2025-02-26,WEB,FLXFST
BKG00001959,CUS0000392,2024-10-03,WEB,CLXBUS
BKG00001960,CUS0004385,2023-08-12,CTR,FLXFST
BKG00001961,CUS0000134,2024-06-09,CTR,CLXBUS
BKG00001962,CUS0004918,2023-06-13,AGT,YOWUS
BKG00001963,CUS0004069,2023-09-02,CTR,WOWBUS
BKG00001964,CUS0004376,2025-08-19,AGT,CLXBUS
BKG00001965,CUS0000950,2024-10-29,MOB,FLXFST
BKG00001966,CUS0004594,2023-06-22,AGT,CLXSAV
BKG00001967,CUS0001452,2025-04-23,CTR,WOWBUS
BKG00001968,CUS0000117,2026-02-08,AGT,FLXFST
BKG00001969,CUS0000653,2025-06-17,OTA,WOWBUS
BKG00001970,CUS0003932,2024-03-12,WEB,YOWRS
BKG00001971,CUS0001064,2023-07-11,AGT,CLXBUS
BKG00001972,CUS0001385,2026-01-12,AGT,CLXBUS
BKG00001973,CUS0002107,2024-12-24,GDS,BSSAVE
BKG00001974,CUS0003494,2024-11-04,MOB,BSSAVE
BKG00001975,CUS0002961,2026-03-27,WEB,CLXBUS
BKG00001976,CUS0002536,2025-12-27,CTR,YOWRS
BKG00001977,CUS0000625,2025-06-28,MOB,YOWRS
BKG00001978,CUS0000028,2025-04-21,MOB,YOWRS
BKG00001979,CUS0002213,2026-01-24,MOB,YOWRS
BKG00001980,CUS0003697,2023-11-18,OTA,YOWRS
BKG00001981,CUS0004100,2024-07-09,CTR,GRPECO
BKG00001982,CUS0004185,2024-04-20,WEB,GRPECO
BKG00001983,CUS0002280,2026-01-25,WEB,CLXSAV
BKG00001984,CUS0000754,2026-02-19,OTA,BSSAVE
BKG00001985,CUS0003178,2026-05-05,MOB,CLXBUS
BKG00001986,CUS0000150,2025-03-27,CTR,YOWRS
BKG00001987,CUS0000520,2025-10-17,MOB,BSSAVE
BKG00001988,CUS0002803,2023-10-20,MOB,WOWBUS
BKG00001989,CUS0003922,2025-04-14,AGT,CLXSAV
BKG00001990,CUS0000245,2023-09-06,OTA,FLXFST
BKG00001991,CUS0003543,2024-10-04,WEB,FLXFST
BKG00001992,CUS0001740,2025-12-25,MOB,WOWBUS
BKG00001993,CUS0003961,2026-04-01,CTR,YOWRS
BKG00001994,CUS0001858,2023-10-04,AGT,GRPECO
BKG00001995,CUS0004567,2023-12-13,GDS,FLXFST
BKG00001996,CUS0002640,2023-08-21,AGT,CLXSAV
BKG00001997,CUS0001632,2024-08-05,WEB,YOWUS
BKG00001998,CUS0003711,2025-01-02,MOB,YOWUS
BKG00001999,CUS0004678,2024-09-12,OTA,YOWUS
BKG00002000,CUS0003052,2024-08-25,AGT,CLXSAV
BKG00002001,CUS0003405,2024-08-24,AGT,YOWUS
BKG00002002,CUS0002582,2025-02-12,GDS,YOWRS
BKG00002003,CUS0001099,2023-12-11,WEB,YOWRS
BKG00002004,CUS0004857,2025-05-23,MOB,GRPECO
BKG00002005,CUS0004050,2024-07-07,CTR,CLXSAV
BKG00002006,CUS0000982,2023-09-07,CTR,YOWUS
BKG00002007,CUS0002598,2024-04-18,MOB,CLXBUS
BKG00002008,CUS0004400,2026-04-07,GDS,CLXBUS
BKG00002009,CUS0000319,2025-12-22,WEB,YOWUS
BKG00002010,CUS0002460,2025-06-17,AGT,BSSAVE
BKG00002011,CUS0002116,2024-09-08,GDS,BSSAVE
BKG00002012,CUS0002300,2025-03-04,OTA,FLXFST
BKG00002013,CUS0000610,2025-02-13,CTR,CLXSAV
BKG00002014,CUS0000616,2026-01-02,GDS,CLXBUS
BKG00002015,CUS0002457,2025-10-22,GDS,YOWUS
BKG00002016,CUS0000215,2024-05-17,OTA,CLXSAV
BKG00002017,CUS0001514,2024-09-08,AGT,YOWRS
BKG00002018,CUS0001126,2025-03-28,CTR,YOWRS
BKG00002019,CUS0002970,2024-09-02,WEB,YOWRS
BKG00002020,CUS0002165,2025-12-05,OTA,CLXSAV
BKG00002021,CUS0001014,2023-08-24,MOB,WOWBUS
BKG00002022,CUS0004770,2024-11-27,WEB,WOWBUS
BKG00002023,CUS0000403,2026-04-27,OTA,CLXBUS
BKG00002024,CUS0004508,2025-05-11,CTR,YOWRS
BKG00002025,CUS0004497,2024-09-24,CTR,CLXBUS
BKG00002026,CUS0004525,2024-02-02,AGT,CLXBUS
BKG00002027,CUS0000823,2023-05-29,GDS,YOWUS
BKG00002028,CUS0002556,2025-04-28,GDS,YOWRS
BKG00002029,CUS0002731,2024-02-16,OTA,YOWUS
BKG00002030,CUS0001122,2024-09-17,WEB,YOWRS
BKG00002031,CUS0004820,2025-10-03,WEB,YOWRS
BKG00002032,CUS0003908,2026-02-27,WEB,GRPECO
BKG00002033,CUS0002959,2025-02-28,GDS,YOWRS
BKG00002034,CUS0002166,2024-03-30,MOB,WOWBUS
BKG00002035,CUS0000672,2023-11-06,OTA,BSSAVE
BKG00002036,CUS0001517,2026-03-18,AGT,YOWRS
BKG00002037,CUS0000138,2023-09-07,GDS,WOWBUS
BKG00002038,CUS0001038,2024-05-29,MOB,WOWBUS
BKG00002039,CUS0003342,2024-07-22,WEB,CLXBUS
BKG00002040,CUS0004725,2024-04-02,AGT,WOWBUS
BKG00002041,CUS0004036,2024-05-03,CTR,WOWBUS
BKG00002042,CUS0000487,2026-02-10,GDS,WOWBUS
BKG00002043,CUS0003183,2025-10-12,MOB,CLXBUS
BKG00002044,CUS0002821,2023-10-17,MOB,FLXFST
BKG00002045,CUS0004840,2024-03-12,GDS,CLXBUS
BKG00002046,CUS0002207,2024-01-17,MOB,YOWRS
BKG00002047,CUS0003443,2023-06-11,OTA,GRPECO
BKG00002048,CUS0000012,2026-02-26,WEB,FLXFST
BKG00002049,CUS0004840,2023-11-06,MOB,CLXBUS
BKG00002050,CUS0001051,2025-03-23,CTR,BSSAVE
BKG00002051,CUS0004754,2023-06-29,WEB,WOWBUS
BKG00002052,CUS0001086,2025-06-02,AGT,YOWUS
BKG00002053,CUS0001892,2025-01-08,MOB,YOWUS
BKG00002054,CUS0000592,2024-01-07,AGT,FLXFST
BKG00002055,CUS0001090,2025-01-11,MOB,CLXBUS
BKG00002056,CUS0000923,2024-11-02,CTR,YOWUS
BKG00002057,CUS0001722,2023-07-10,AGT,YOWRS
BKG00002058,CUS0000113,2025-03-17,GDS,YOWRS
BKG00002059,CUS0002797,2024-09-21,MOB,GRPECO
BKG00002060,CUS0001183,2023-07-07,MOB,YOWRS
BKG00002061,CUS0003021,2024-04-22,OTA,FLXFST
BKG00002062,CUS0003103,2025-02-15,AGT,CLXBUS
BKG00002063,CUS0003633,2025-09-11,AGT,WOWBUS
BKG00002064,CUS0001196,2024-08-29,MOB,FLXFST
BKG00002065,CUS0002894,2023-05-25,MOB,WOWBUS
BKG00002066,CUS0004014,2025-02-11,GDS,CLXBUS
BKG00002067,CUS0003584,2025-11-26,WEB,CLXBUS
BKG00002068,CUS0000026,2025-04-23,GDS,GRPECO
BKG00002069,CUS0001300,2024-01-29,WEB,YOWUS
BKG00002070,CUS0003759,2024-01-24,CTR,CLXBUS
BKG00002071,CUS0001670,2024-11-28,GDS,YOWRS
BKG00002072,CUS0002353,2026-04-13,MOB,CLXBUS
BKG00002073,CUS0002289,2025-05-12,MOB,FLXFST
BKG00002074,CUS0000113,2024-03-10,GDS,YOWRS
BKG00002075,CUS0004805,2024-06-09,GDS,CLXSAV
BKG00002076,CUS0002484,2026-02-13,AGT,WOWBUS
BKG00002077,CUS0003682,2023-09-07,MOB,CLXBUS
BKG00002078,CUS0003907,2023-12-06,GDS,CLXBUS
BKG00002079,CUS0001315,2023-11-09,GDS,WOWBUS
BKG00002080,CUS0003590,2023-07-21,MOB,YOWUS
BKG00002081,CUS0001921,2025-04-23,AGT,GRPECO
BKG00002082,CUS0003151,2024-03-05,MOB,BSSAVE
BKG00002083,CUS0000900,2025-01-01,OTA,CLXSAV
BKG00002084,CUS0004277,2024-09-11,OTA,YOWRS
BKG00002085,CUS0002227,2024-01-14,AGT,CLXBUS
BKG00002086,CUS0003308,2025-06-23,WEB,YOWRS
BKG00002087,CUS0004647,2024-03-09,WEB,WOWBUS
BKG00002088,CUS0002317,2024-10-07,OTA,WOWBUS
BKG00002089,CUS0004555,2023-08-31,CTR,BSSAVE
BKG00002090,CUS0004072,2025-02-02,CTR,YOWUS
BKG00002091,CUS0001222,2023-07-23,WEB,CLXSAV
BKG00002092,CUS0004538,2026-04-15,GDS,CLXSAV
BKG00002093,CUS0000012,2025-12-04,GDS,WOWBUS
BKG00002094,CUS0001535,2025-03-08,WEB,CLXBUS
BKG00002095,CUS0003481,2024-07-03,OTA,CLXBUS
BKG00002096,CUS0004803,2025-05-10,MOB,FLXFST
BKG00002097,CUS0004929,2025-06-21,CTR,CLXSAV
BKG00002098,CUS0000788,2023-10-02,GDS,GRPECO
BKG00002099,CUS0001608,2025-02-10,MOB,CLXSAV
BKG00002100,CUS0000376,2024-10-14,OTA,CLXSAV
BKG00002101,CUS0003862,2024-04-13,MOB,CLXSAV
BKG00002102,CUS0004040,2024-11-17,MOB,FLXFST
BKG00002103,CUS0004608,2024-07-28,WEB,YOWRS
BKG00002104,CUS0000846,2024-05-30,CTR,BSSAVE
BKG00002105,CUS0001895,2024-06-18,GDS,YOWUS
BKG00002106,CUS0001680,2025-04-03,GDS,FLXFST
BKG00002107,CUS0004383,2025-12-05,AGT,YOWRS
BKG00002108,CUS0000841,2025-12-20,AGT,GRPECO
BKG00002109,CUS0001112,2026-04-05,MOB,WOWBUS
BKG00002110,CUS0001790,2024-09-12,OTA,YOWRS
BKG00002111,CUS0000300,2025-08-13,OTA,YOWUS
BKG00002112,CUS0004813,2023-06-18,GDS,YOWRS
BKG00002113,CUS0002298,2024-10-12,AGT,GRPECO
BKG00002114,CUS0001713,2025-06-17,WEB,CLXSAV
BKG00002115,CUS0001940,2023-08-30,CTR,YOWRS
BKG00002116,CUS0000767,2025-08-01,OTA,WOWBUS
BKG00002117,CUS0000362,2023-10-06,GDS,CLXBUS
BKG00002118,CUS0004433,2025-10-08,MOB,YOWUS
BKG00002119,CUS0004011,2025-07-07,MOB,FLXFST
BKG00002120,CUS0002710,2025-08-13,WEB,YOWRS
BKG00002121,CUS0004127,2023-09-28,CTR,WOWBUS
BKG00002122,CUS0004716,2025-06-14,OTA,YOWUS
BKG00002123,CUS0003499,2025-05-06,AGT,CLXSAV
BKG00002124,CUS0002924,2023-07-18,GDS,BSSAVE
BKG00002125,CUS0000221,2025-12-19,AGT,YOWRS
BKG00002126,CUS0004684,2025-06-13,WEB,CLXBUS
BKG00002127,CUS0001578,2025-01-24,MOB,BSSAVE
BKG00002128,CUS0001919,2024-03-19,AGT,YOWUS
BKG00002129,CUS0001470,2024-03-09,MOB,WOWBUS
BKG00002130,CUS0001620,2025-12-30,MOB,CLXBUS
BKG00002131,CUS0003776,2024-01-11,WEB,GRPECO
BKG00002132,CUS0001849,2024-04-13,CTR,BSSAVE
BKG00002133,CUS0000258,2025-04-15,WEB,WOWBUS
BKG00002134,CUS0003004,2024-03-17,AGT,CLXBUS
BKG00002135,CUS0003538,2023-12-18,MOB,YOWRS
BKG00002136,CUS0001304,2024-04-08,GDS,FLXFST
BKG00002137,CUS0000063,2024-11-17,MOB,CLXSAV
BKG00002138,CUS0000288,2023-11-20,CTR,BSSAVE
BKG00002139,CUS0003444,2024-08-13,WEB,YOWRS
BKG00002140,CUS0001291,2024-01-22,MOB,YOWRS
BKG00002141,CUS0001260,2024-05-14,GDS,YOWRS
BKG00002142,CUS0003561,2024-10-04,MOB,BSSAVE
BKG00002143,CUS0002181,2024-08-31,AGT,CLXSAV
BKG00002144,CUS0003712,2024-08-24,MOB,WOWBUS
BKG00002145,CUS0003679,2026-05-04,GDS,BSSAVE
BKG00002146,CUS0003647,2024-06-07,OTA,CLXSAV
BKG00002147,CUS0002132,2024-03-05,CTR,WOWBUS
BKG00002148,CUS0000165,2024-08-13,MOB,FLXFST
BKG00002149,CUS0002422,2023-06-11,GDS,GRPECO
BKG00002150,CUS0000746,2025-08-12,CTR,YOWRS
BKG00002151,CUS0001039,2026-04-28,WEB,WOWBUS
BKG00002152,CUS0004371,2025-02-01,WEB,GRPECO
BKG00002153,CUS0003233,2024-06-06,AGT,BSSAVE
BKG00002154,CUS0000433,2023-12-23,CTR,BSSAVE
BKG00002155,CUS0004416,2025-08-04,MOB,BSSAVE
BKG00002156,CUS0001971,2024-03-31,WEB,YOWRS
BKG00002157,CUS0001979,2023-10-26,CTR,YOWRS
BKG00002158,CUS0002779,2025-03-29,CTR,YOWRS
BKG00002159,CUS0002128,2025-09-20,OTA,CLXSAV
BKG00002160,CUS0004497,2024-01-21,MOB,BSSAVE
BKG00002161,CUS0000361,2026-04-11,GDS,GRPECO
BKG00002162,CUS0001682,2025-01-08,MOB,WOWBUS
BKG00002163,CUS0000733,2025-09-22,CTR,BSSAVE
BKG00002164,CUS0003624,2025-08-25,WEB,FLXFST
BKG00002165,CUS0004479,2024-02-21,WEB,CLXSAV
BKG00002166,CUS0003776,2025-05-29,MOB,CLXBUS
BKG00002167,CUS0002767,2023-05-28,WEB,YOWUS
BKG00002168,CUS0000095,2025-07-30,WEB,YOWUS
BKG00002169,CUS0000249,2025-02-18,WEB,CLXSAV
BKG00002170,CUS0001352,2026-03-23,AGT,YOWRS
BKG00002171,CUS0000677,2026-02-26,AGT,WOWBUS
BKG00002172,CUS0003939,2024-12-12,WEB,GRPECO
BKG00002173,CUS0004416,2023-07-28,AGT,CLXSAV
BKG00002174,CUS0000469,2024-02-01,AGT,YOWUS
BKG00002175,CUS0001227,2023-09-06,OTA,CLXSAV
BKG00002176,CUS0003106,2024-04-29,AGT,YOWRS
BKG00002177,CUS0004129,2025-03-10,AGT,CLXBUS
BKG00002178,CUS0002394,2023-08-08,OTA,BSSAVE
BKG00002179,CUS0000697,2025-07-12,CTR,BSSAVE
BKG00002180,CUS0004919,2023-07-27,AGT,GRPECO
BKG00002181,CUS0002353,2025-01-16,GDS,YOWRS
BKG00002182,CUS0001234,2023-08-03,MOB,CLXBUS
BKG00002183,CUS0004108,2025-10-13,CTR,YOWUS
BKG00002184,CUS0002574,2024-05-04,GDS,GRPECO
BKG00002185,CUS0000331,2026-02-04,CTR,FLXFST
BKG00002186,CUS0003829,2023-09-23,WEB,YOWUS
BKG00002187,CUS0004909,2026-05-24,WEB,YOWUS
BKG00002188,CUS0002141,2025-06-01,MOB,FLXFST
BKG00002189,CUS0002830,2024-07-19,AGT,CLXSAV
BKG00002190,CUS0000727,2026-02-06,OTA,CLXBUS
BKG00002191,CUS0004343,2026-04-11,MOB,FLXFST
BKG00002192,CUS0003095,2023-12-23,CTR,YOWRS
BKG00002193,CUS0001932,2025-06-15,GDS,BSSAVE
BKG00002194,CUS0002208,2024-06-30,CTR,WOWBUS
BKG00002195,CUS0002635,2024-08-09,OTA,YOWUS
BKG00002196,CUS0003000,2025-08-25,OTA,BSSAVE
BKG00002197,CUS0004726,2025-12-02,GDS,YOWUS
BKG00002198,CUS0004527,2025-12-03,AGT,YOWUS
BKG00002199,CUS0003849,2025-09-25,WEB,FLXFST
BKG00002200,CUS0001704,2025-09-10,MOB,FLXFST
BKG00002201,CUS0004933,2023-11-25,CTR,GRPECO
BKG00002202,CUS0002909,2025-01-06,WEB,BSSAVE
BKG00002203,CUS0001031,2025-10-09,WEB,YOWUS
BKG00002204,CUS0002194,2026-05-03,WEB,YOWRS
BKG00002205,CUS0003209,2025-09-27,OTA,YOWRS
BKG00002206,CUS0004554,2024-05-25,CTR,YOWUS
BKG00002207,CUS0002144,2026-03-02,AGT,CLXBUS
BKG00002208,CUS0001454,2024-09-10,CTR,GRPECO
BKG00002209,CUS0004084,2025-07-11,MOB,WOWBUS
BKG00002210,CUS0003098,2024-08-21,AGT,WOWBUS
BKG00002211,CUS0004329,2024-02-11,AGT,YOWRS
BKG00002212,CUS0003275,2025-03-02,OTA,WOWBUS
BKG00002213,CUS0001269,2024-03-02,AGT,YOWRS
BKG00002214,CUS0001160,2024-12-23,AGT,FLXFST
BKG00002215,CUS0002418,2023-06-25,AGT,BSSAVE
BKG00002216,CUS0004274,2024-08-21,CTR,CLXBUS
BKG00002217,CUS0003340,2023-09-21,OTA,BSSAVE
BKG00002218,CUS0000170,2023-12-04,MOB,FLXFST
BKG00002219,CUS0001070,2025-10-11,OTA,FLXFST
BKG00002220,CUS0001753,2024-10-09,WEB,CLXBUS
BKG00002221,CUS0002064,2024-12-08,WEB,GRPECO
BKG00002222,CUS0000335,2025-02-05,GDS,CLXBUS
BKG00002223,CUS0003194,2024-11-15,MOB,CLXSAV
BKG00002224,CUS0003062,2025-06-05,OTA,YOWUS
BKG00002225,CUS0001529,2025-03-19,GDS,WOWBUS
BKG00002226,CUS0003024,2023-10-29,OTA,BSSAVE
BKG00002227,CUS0002408,2023-06-29,MOB,YOWUS
BKG00002228,CUS0000694,2025-09-29,GDS,FLXFST
BKG00002229,CUS0002521,2024-02-01,GDS,CLXBUS
BKG00002230,CUS0002381,2025-08-10,CTR,YOWUS
BKG00002231,CUS0001851,2025-08-05,AGT,YOWRS
BKG00002232,CUS0003018,2024-05-24,MOB,BSSAVE
BKG00002233,CUS0002257,2024-06-30,OTA,BSSAVE
BKG00002234,CUS0003815,2025-03-20,CTR,YOWUS
BKG00002235,CUS0002785,2025-10-25,WEB,CLXBUS
BKG00002236,CUS0000472,2023-08-10,OTA,WOWBUS
BKG00002237,CUS0001677,2025-12-19,MOB,WOWBUS
BKG00002238,CUS0002909,2023-05-25,MOB,CLXBUS
BKG00002239,CUS0004810,2024-12-29,OTA,YOWRS
BKG00002240,CUS0003234,2025-12-19,AGT,WOWBUS
BKG00002241,CUS0001159,2024-11-11,WEB,YOWRS
BKG00002242,CUS0000775,2024-10-12,AGT,GRPECO
BKG00002243,CUS0004311,2024-06-17,GDS,YOWRS
BKG00002244,CUS0004460,2024-11-28,WEB,WOWBUS
BKG00002245,CUS0001976,2026-03-09,CTR,YOWRS
BKG00002246,CUS0001622,2025-01-11,GDS,WOWBUS
BKG00002247,CUS0001104,2024-03-30,GDS,CLXSAV
BKG00002248,CUS0001850,2024-03-21,WEB,FLXFST
BKG00002249,CUS0000285,2024-10-03,AGT,YOWRS
BKG00002250,CUS0000688,2024-01-17,CTR,GRPECO
BKG00002251,CUS0002683,2024-10-12,GDS,YOWRS
BKG00002252,CUS0003783,2024-03-03,CTR,FLXFST
BKG00002253,CUS0004527,2025-03-08,AGT,YOWUS
BKG00002254,CUS0000088,2023-09-19,MOB,WOWBUS
BKG00002255,CUS0000218,2024-09-28,WEB,YOWRS
BKG00002256,CUS0002741,2025-11-06,GDS,YOWRS
BKG00002257,CUS0004504,2025-09-22,MOB,YOWUS
BKG00002258,CUS0002003,2024-03-09,AGT,FLXFST
BKG00002259,CUS0002735,2025-01-05,GDS,GRPECO
BKG00002260,CUS0002162,2025-07-31,AGT,CLXBUS
BKG00002261,CUS0004884,2023-10-20,WEB,FLXFST
BKG00002262,CUS0000026,2026-05-01,CTR,WOWBUS
BKG00002263,CUS0003210,2023-08-14,OTA,CLXSAV
BKG00002264,CUS0001098,2024-09-28,WEB,YOWRS
BKG00002265,CUS0002550,2026-02-15,CTR,YOWRS
BKG00002266,CUS0001010,2025-03-16,CTR,CLXBUS
BKG00002267,CUS0000892,2023-12-19,CTR,CLXBUS
BKG00002268,CUS0001851,2024-11-04,MOB,FLXFST
BKG00002269,CUS0004341,2023-08-02,GDS,CLXSAV
BKG00002270,CUS0000217,2025-03-20,CTR,BSSAVE
BKG00002271,CUS0003337,2024-12-29,MOB,BSSAVE
BKG00002272,CUS0001292,2025-09-22,MOB,BSSAVE
BKG00002273,CUS0000603,2023-07-27,MOB,GRPECO
BKG00002274,CUS0002253,2024-03-21,OTA,CLXSAV
BKG00002275,CUS0003427,2026-01-29,WEB,YOWRS
BKG00002276,CUS0002091,2025-01-14,WEB,CLXBUS
BKG00002277,CUS0001066,2023-08-13,CTR,FLXFST
BKG00002278,CUS0000352,2024-02-10,OTA,YOWUS
BKG00002279,CUS0002765,2025-02-18,MOB,GRPECO
BKG00002280,CUS0003240,2024-09-27,GDS,FLXFST
BKG00002281,CUS0000380,2023-12-04,CTR,YOWRS
BKG00002282,CUS0000955,2025-01-07,AGT,BSSAVE
BKG00002283,CUS0003495,2024-05-14,WEB,YOWUS
BKG00002284,CUS0001581,2024-09-28,WEB,WOWBUS
BKG00002285,CUS0002960,2026-02-18,GDS,FLXFST
BKG00002286,CUS0004977,2024-04-10,WEB,YOWUS
BKG00002287,CUS0003165,2025-06-07,MOB,GRPECO
BKG00002288,CUS0000596,2024-03-18,OTA,WOWBUS
BKG00002289,CUS0000819,2026-03-21,MOB,WOWBUS
BKG00002290,CUS0002081,2023-12-16,OTA,CLXSAV
BKG00002291,CUS0000427,2024-04-15,GDS,BSSAVE
BKG00002292,CUS0003574,2024-08-21,CTR,YOWRS
BKG00002293,CUS0003977,2024-03-02,AGT,GRPECO
BKG00002294,CUS0003478,2025-12-23,CTR,BSSAVE
BKG00002295,CUS0001728,2023-08-18,CTR,CLXBUS
BKG00002296,CUS0002379,2023-06-21,AGT,YOWUS
BKG00002297,CUS0000949,2023-05-28,MOB,CLXBUS
BKG00002298,CUS0004543,2026-05-02,WEB,GRPECO
BKG00002299,CUS0001590,2024-06-23,OTA,CLXBUS
BKG00002300,CUS0001945,2025-06-29,GDS,BSSAVE
BKG00002301,CUS0003338,2025-03-07,WEB,WOWBUS
BKG00002302,CUS0001915,2025-02-03,AGT,CLXSAV
BKG00002303,CUS0001017,2026-01-04,WEB,YOWRS
BKG00002304,CUS0003036,2026-03-05,GDS,YOWUS
BKG00002305,CUS0004962,2024-06-24,WEB,CLXSAV
BKG00002306,CUS0004625,2024-09-27,CTR,YOWRS
BKG00002307,CUS0002371,2025-12-15,OTA,BSSAVE
BKG00002308,CUS0000130,2024-01-23,AGT,GRPECO
BKG00002309,CUS0002091,2025-03-27,CTR,BSSAVE
BKG00002310,CUS0003301,2025-07-15,CTR,FLXFST
BKG00002311,CUS0004692,2023-07-04,GDS,CLXBUS
BKG00002312,CUS0004528,2025-09-15,AGT,GRPECO
BKG00002313,CUS0000735,2025-05-15,CTR,CLXBUS
BKG00002314,CUS0001190,2024-05-15,CTR,CLXSAV
BKG00002315,CUS0004746,2023-07-27,GDS,WOWBUS
BKG00002316,CUS0001204,2025-10-27,OTA,YOWRS
BKG00002317,CUS0002412,2023-08-05,WEB,CLXBUS
BKG00002318,CUS0004666,2025-10-31,CTR,WOWBUS
BKG00002319,CUS0001435,2026-01-23,MOB,YOWRS
BKG00002320,CUS0001516,2024-10-12,MOB,CLXBUS
BKG00002321,CUS0001158,2024-02-04,GDS,FLXFST
BKG00002322,CUS0004620,2024-04-23,CTR,YOWUS
BKG00002323,CUS0003341,2024-04-30,CTR,YOWUS
BKG00002324,CUS0004571,2025-01-07,GDS,BSSAVE
BKG00002325,CUS0003261,2024-03-14,AGT,YOWRS
BKG00002326,CUS0003746,2023-11-20,GDS,YOWUS
BKG00002327,CUS0003621,2024-06-23,MOB,WOWBUS
BKG00002328,CUS0002536,2024-10-27,CTR,WOWBUS
BKG00002329,CUS0004260,2024-07-18,CTR,WOWBUS
BKG00002330,CUS0002669,2026-01-31,AGT,CLXSAV
BKG00002331,CUS0001999,2025-02-24,CTR,BSSAVE
BKG00002332,CUS0004597,2023-10-04,WEB,CLXBUS
BKG00002333,CUS0000026,2024-12-08,OTA,FLXFST
BKG00002334,CUS0000966,2024-02-29,MOB,FLXFST
BKG00002335,CUS0002797,2024-03-02,WEB,BSSAVE
BKG00002336,CUS0003328,2024-11-13,CTR,CLXSAV
BKG00002337,CUS0004461,2024-12-25,AGT,BSSAVE
BKG00002338,CUS0003557,2024-10-07,AGT,CLXBUS
BKG00002339,CUS0000766,2023-10-30,CTR,FLXFST
BKG00002340,CUS0004694,2025-11-13,GDS,CLXSAV
BKG00002341,CUS0003334,2026-03-03,AGT,YOWRS
BKG00002342,CUS0001775,2025-01-22,WEB,GRPECO
BKG00002343,CUS0003490,2025-07-05,WEB,BSSAVE
BKG00002344,CUS0001559,2024-09-24,CTR,CLXSAV
BKG00002345,CUS0004682,2025-06-24,OTA,YOWRS
BKG00002346,CUS0002064,2025-06-29,MOB,CLXBUS
BKG00002347,CUS0003266,2025-03-22,CTR,BSSAVE
BKG00002348,CUS0001972,2023-09-28,CTR,CLXBUS
BKG00002349,CUS0004170,2025-04-02,OTA,YOWUS
BKG00002350,CUS0000242,2024-07-12,MOB,GRPECO
BKG00002351,CUS0001833,2025-07-10,WEB,YOWUS
BKG00002352,CUS0004210,2023-08-25,GDS,FLXFST
BKG00002353,CUS0003190,2024-07-25,WEB,YOWUS
BKG00002354,CUS0000957,2024-02-02,GDS,WOWBUS
BKG00002355,CUS0000615,2026-02-10,WEB,WOWBUS
BKG00002356,CUS0002744,2023-11-21,WEB,YOWUS
BKG00002357,CUS0000543,2023-06-10,GDS,YOWUS
BKG00002358,CUS0002288,2023-06-22,WEB,CLXBUS
BKG00002359,CUS0004969,2026-01-22,WEB,CLXSAV
BKG00002360,CUS0000446,2023-06-07,GDS,FLXFST
BKG00002361,CUS0001452,2025-03-20,AGT,WOWBUS
BKG00002362,CUS0004772,2023-12-05,GDS,FLXFST
BKG00002363,CUS0001177,2023-12-03,WEB,CLXSAV
BKG00002364,CUS0001807,2026-05-09,AGT,CLXBUS
BKG00002365,CUS0002213,2025-09-23,WEB,GRPECO
BKG00002366,CUS0003610,2024-02-16,GDS,CLXBUS
BKG00002367,CUS0003201,2024-04-16,MOB,YOWUS
BKG00002368,CUS0003679,2024-12-17,MOB,FLXFST
BKG00002369,CUS0003373,2025-08-20,AGT,BSSAVE
BKG00002370,CUS0004885,2025-03-16,MOB,CLXSAV
BKG00002371,CUS0000160,2024-04-05,CTR,YOWRS
BKG00002372,CUS0004032,2025-01-28,AGT,GRPECO
BKG00002373,CUS0003150,2024-05-30,WEB,BSSAVE
BKG00002374,CUS0004632,2025-09-17,AGT,YOWRS
BKG00002375,CUS0002159,2025-04-14,WEB,FLXFST
BKG00002376,CUS0004293,2025-09-29,AGT,CLXBUS
BKG00002377,CUS0000551,2025-11-01,MOB,WOWBUS
BKG00002378,CUS0001661,2024-04-05,GDS,WOWBUS
BKG00002379,CUS0000731,2023-10-06,MOB,CLXSAV
BKG00002380,CUS0002932,2026-02-17,AGT,BSSAVE
BKG00002381,CUS0001660,2024-07-14,OTA,FLXFST
BKG00002382,CUS0000891,2026-05-24,GDS,YOWRS
BKG00002383,CUS0003804,2025-08-11,WEB,WOWBUS
BKG00002384,CUS0001346,2025-12-13,AGT,YOWRS
BKG00002385,CUS0000644,2023-08-26,CTR,BSSAVE
BKG00002386,CUS0000004,2024-09-05,GDS,YOWRS
BKG00002387,CUS0001793,2024-07-31,GDS,WOWBUS
BKG00002388,CUS0004205,2025-10-20,AGT,CLXSAV
BKG00002389,CUS0001085,2024-11-02,GDS,GRPECO
BKG00002390,CUS0004474,2024-03-02,CTR,CLXSAV
BKG00002391,CUS0003081,2025-02-21,WEB,WOWBUS
BKG00002392,CUS0001788,2025-01-02,GDS,YOWRS
BKG00002393,CUS0004467,2025-01-19,OTA,CLXBUS
BKG00002394,CUS0002168,2024-07-27,CTR,YOWUS
BKG00002395,CUS0001382,2024-12-14,CTR,CLXSAV
BKG00002396,CUS0000392,2025-05-19,MOB,FLXFST
BKG00002397,CUS0002409,2023-08-22,CTR,YOWUS
BKG00002398,CUS0000775,2026-03-17,GDS,CLXBUS
BKG00002399,CUS0002333,2024-01-15,WEB,WOWBUS
BKG00002400,CUS0003701,2026-05-08,MOB,CLXBUS
BKG00002401,CUS0000833,2025-02-17,GDS,GRPECO
BKG00002402,CUS0004377,2026-03-12,WEB,BSSAVE
BKG00002403,CUS0003795,2025-12-16,AGT,GRPECO
BKG00002404,CUS0004206,2023-11-26,MOB,BSSAVE
BKG00002405,CUS0000616,2024-09-19,WEB,BSSAVE
BKG00002406,CUS0000756,2025-07-24,GDS,BSSAVE
BKG00002407,CUS0000839,2026-04-17,AGT,WOWBUS
BKG00002408,CUS0002139,2023-06-10,CTR,FLXFST
BKG00002409,CUS0001406,2024-06-27,CTR,CLXSAV
BKG00002410,CUS0004025,2023-07-31,AGT,GRPECO
BKG00002411,CUS0001916,2024-12-22,GDS,WOWBUS
BKG00002412,CUS0004419,2024-07-06,MOB,YOWRS
BKG00002413,CUS0004222,2023-10-30,MOB,CLXSAV
BKG00002414,CUS0003346,2024-01-16,WEB,CLXSAV
BKG00002415,CUS0001876,2025-06-15,CTR,GRPECO
BKG00002416,CUS0000188,2024-05-04,GDS,FLXFST
BKG00002417,CUS0003300,2024-04-11,AGT,YOWRS
BKG00002418,CUS0003716,2024-08-12,GDS,YOWUS
BKG00002419,CUS0003299,2024-12-14,GDS,WOWBUS
BKG00002420,CUS0003319,2023-08-06,CTR,BSSAVE
BKG00002421,CUS0000127,2026-05-05,OTA,YOWUS
BKG00002422,CUS0003082,2024-12-08,CTR,BSSAVE
BKG00002423,CUS0000692,2025-01-08,AGT,BSSAVE
BKG00002424,CUS0001479,2026-05-18,MOB,CLXSAV
BKG00002425,CUS0002687,2024-03-12,AGT,BSSAVE
BKG00002426,CUS0000707,2024-12-05,GDS,CLXSAV
BKG00002427,CUS0000122,2024-04-26,OTA,GRPECO
BKG00002428,CUS0000860,2026-02-22,AGT,CLXBUS
BKG00002429,CUS0003318,2025-08-25,CTR,BSSAVE
BKG00002430,CUS0000597,2024-08-26,CTR,BSSAVE
BKG00002431,CUS0000596,2025-06-04,CTR,BSSAVE
BKG00002432,CUS0002682,2025-02-28,CTR,FLXFST
BKG00002433,CUS0003742,2024-02-16,CTR,YOWUS
BKG00002434,CUS0004568,2024-04-19,CTR,CLXBUS
BKG00002435,CUS0001927,2025-01-22,GDS,CLXBUS
BKG00002436,CUS0004479,2023-12-30,WEB,BSSAVE
BKG00002437,CUS0001040,2024-01-18,WEB,CLXSAV
BKG00002438,CUS0000278,2025-08-11,CTR,WOWBUS
BKG00002439,CUS0004443,2025-07-29,GDS,CLXBUS
BKG00002440,CUS0004157,2024-01-15,OTA,BSSAVE
BKG00002441,CUS0002443,2026-04-23,CTR,CLXSAV
BKG00002442,CUS0004995,2026-01-08,CTR,YOWRS
BKG00002443,CUS0000689,2024-12-29,OTA,CLXSAV
BKG00002444,CUS0003702,2026-03-04,AGT,GRPECO
BKG00002445,CUS0000294,2023-08-21,AGT,GRPECO
BKG00002446,CUS0000751,2025-05-15,OTA,BSSAVE
BKG00002447,CUS0001928,2023-12-01,CTR,FLXFST
BKG00002448,CUS0003667,2024-05-17,GDS,GRPECO
BKG00002449,CUS0001606,2024-09-30,CTR,BSSAVE
BKG00002450,CUS0000215,2025-05-26,CTR,GRPECO
BKG00002451,CUS0002252,2025-12-08,GDS,YOWRS
BKG00002452,CUS0000521,2026-03-12,AGT,GRPECO
BKG00002453,CUS0004055,2025-01-08,CTR,GRPECO
BKG00002454,CUS0003150,2025-02-18,CTR,BSSAVE
BKG00002455,CUS0004708,2025-12-12,GDS,GRPECO
BKG00002456,CUS0001261,2025-12-30,MOB,CLXSAV
BKG00002457,CUS0004229,2024-08-28,CTR,WOWBUS
BKG00002458,CUS0004047,2024-06-10,AGT,YOWUS
BKG00002459,CUS0004360,2024-10-11,OTA,YOWUS
BKG00002460,CUS0003266,2025-01-23,AGT,BSSAVE
BKG00002461,CUS0001946,2025-12-19,OTA,YOWUS
BKG00002462,CUS0002207,2024-11-30,WEB,CLXSAV
BKG00002463,CUS0003197,2026-04-30,GDS,CLXSAV
BKG00002464,CUS0003741,2026-03-11,CTR,YOWUS
BKG00002465,CUS0000251,2023-10-29,AGT,YOWRS
BKG00002466,CUS0001376,2024-05-14,OTA,BSSAVE
BKG00002467,CUS0002807,2025-11-18,OTA,CLXBUS
BKG00002468,CUS0002058,2024-08-29,MOB,FLXFST
BKG00002469,CUS0003774,2025-05-17,CTR,FLXFST
BKG00002470,CUS0001607,2024-10-05,MOB,CLXSAV
BKG00002471,CUS0002410,2025-12-03,MOB,WOWBUS
BKG00002472,CUS0001091,2024-09-10,AGT,CLXBUS
BKG00002473,CUS0003207,2024-05-16,MOB,WOWBUS
BKG00002474,CUS0004475,2024-07-20,CTR,YOWRS
BKG00002475,CUS0002787,2025-12-30,GDS,BSSAVE
BKG00002476,CUS0002136,2025-01-14,WEB,CLXSAV
BKG00002477,CUS0001529,2025-04-24,CTR,CLXSAV
BKG00002478,CUS0003960,2025-05-08,MOB,CLXSAV
BKG00002479,CUS0003188,2025-10-13,MOB,BSSAVE
BKG00002480,CUS0003307,2025-05-28,CTR,WOWBUS
BKG00002481,CUS0001821,2026-02-16,OTA,CLXSAV
BKG00002482,CUS0000838,2024-05-12,MOB,YOWRS
BKG00002483,CUS0004587,2025-05-03,AGT,FLXFST
BKG00002484,CUS0003025,2023-09-06,OTA,YOWUS
BKG00002485,CUS0004012,2026-03-24,CTR,CLXBUS
BKG00002486,CUS0003165,2024-12-10,CTR,CLXSAV
BKG00002487,CUS0000129,2024-03-04,CTR,CLXSAV
BKG00002488,CUS0003996,2025-07-09,AGT,CLXBUS
BKG00002489,CUS0002144,2024-03-26,MOB,YOWUS
BKG00002490,CUS0001591,2024-05-04,OTA,YOWRS
BKG00002491,CUS0004197,2023-08-20,CTR,YOWRS
BKG00002492,CUS0000928,2026-03-02,GDS,GRPECO
BKG00002493,CUS0001351,2023-08-12,WEB,WOWBUS
BKG00002494,CUS0004273,2025-03-20,AGT,CLXSAV
BKG00002495,CUS0004768,2023-12-26,MOB,CLXBUS
BKG00002496,CUS0000309,2025-06-05,WEB,CLXSAV
BKG00002497,CUS0001722,2025-04-07,GDS,CLXBUS
BKG00002498,CUS0000723,2024-01-01,OTA,CLXBUS
BKG00002499,CUS0003717,2026-02-03,WEB,CLXSAV
BKG00002500,CUS0002686,2025-05-09,MOB,YOWRS
BKG00002501,CUS0001775,2023-10-08,AGT,BSSAVE
BKG00002502,CUS0003000,2023-08-31,CTR,WOWBUS
BKG00002503,CUS0003437,2026-01-28,GDS,YOWRS
BKG00002504,CUS0001951,2024-06-10,GDS,GRPECO
BKG00002505,CUS0002600,2024-10-11,WEB,YOWUS
BKG00002506,CUS0002178,2026-02-06,MOB,YOWRS
BKG00002507,CUS0002323,2025-02-04,WEB,YOWUS
BKG00002508,CUS0002899,2025-11-30,MOB,GRPECO
BKG00002509,CUS0003137,2024-07-28,CTR,YOWRS
BKG00002510,CUS0004848,2025-06-17,CTR,GRPECO
BKG00002511,CUS0004600,2026-05-16,WEB,BSSAVE
BKG00002512,CUS0003916,2023-09-06,WEB,CLXBUS
BKG00002513,CUS0002958,2024-02-11,MOB,WOWBUS
BKG00002514,CUS0004213,2025-03-27,CTR,CLXSAV
BKG00002515,CUS0003295,2025-06-16,MOB,BSSAVE
BKG00002516,CUS0002711,2024-05-06,CTR,FLXFST
BKG00002517,CUS0003409,2025-03-09,WEB,CLXSAV
BKG00002518,CUS0004781,2024-10-24,CTR,FLXFST
BKG00002519,CUS0003685,2023-08-18,CTR,GRPECO
BKG00002520,CUS0002290,2025-05-24,OTA,BSSAVE
BKG00002521,CUS0001133,2024-04-11,GDS,CLXSAV
BKG00002522,CUS0004180,2024-06-04,OTA,CLXBUS
BKG00002523,CUS0004435,2023-11-25,AGT,CLXSAV
BKG00002524,CUS0004820,2026-04-10,GDS,CLXSAV
BKG00002525,CUS0002600,2024-06-20,AGT,CLXBUS
BKG00002526,CUS0001457,2023-07-07,CTR,BSSAVE
BKG00002527,CUS0002495,2025-06-01,CTR,YOWRS
BKG00002528,CUS0000680,2024-06-27,AGT,FLXFST
BKG00002529,CUS0002723,2025-12-20,WEB,BSSAVE
BKG00002530,CUS0000052,2023-06-06,WEB,YOWUS
BKG00002531,CUS0001278,2023-06-03,OTA,CLXSAV
BKG00002532,CUS0001881,2025-03-17,CTR,WOWBUS
BKG00002533,CUS0000596,2025-07-17,MOB,BSSAVE
BKG00002534,CUS0000949,2024-06-15,OTA,CLXSAV
BKG00002535,CUS0000568,2026-03-31,MOB,YOWUS
BKG00002536,CUS0002655,2024-02-01,OTA,GRPECO
BKG00002537,CUS0000277,2025-04-01,CTR,WOWBUS
BKG00002538,CUS0003488,2024-01-04,CTR,BSSAVE
BKG00002539,CUS0000823,2023-07-31,OTA,CLXBUS
BKG00002540,CUS0002330,2024-02-23,CTR,FLXFST
BKG00002541,CUS0003161,2026-03-19,CTR,GRPECO
BKG00002542,CUS0001181,2023-11-09,GDS,WOWBUS
BKG00002543,CUS0003466,2024-02-09,GDS,GRPECO
BKG00002544,CUS0002398,2024-05-02,AGT,FLXFST
BKG00002545,CUS0001227,2023-06-28,AGT,YOWUS
BKG00002546,CUS0001063,2025-11-14,OTA,BSSAVE
BKG00002547,CUS0003022,2023-06-13,OTA,WOWBUS
BKG00002548,CUS0000571,2025-08-23,CTR,WOWBUS
BKG00002549,CUS0001417,2025-03-17,AGT,YOWRS
BKG00002550,CUS0001096,2023-11-12,MOB,YOWRS
BKG00002551,CUS0001035,2024-01-25,MOB,BSSAVE
BKG00002552,CUS0000059,2023-06-19,AGT,CLXBUS
BKG00002553,CUS0000759,2025-07-15,WEB,FLXFST
BKG00002554,CUS0000067,2025-09-17,WEB,WOWBUS
BKG00002555,CUS0003403,2024-11-08,OTA,GRPECO
BKG00002556,CUS0001312,2025-10-12,MOB,GRPECO
BKG00002557,CUS0002827,2024-04-17,WEB,BSSAVE
BKG00002558,CUS0003864,2023-08-28,GDS,YOWRS
BKG00002559,CUS0003736,2025-01-08,MOB,BSSAVE
BKG00002560,CUS0002868,2024-10-17,GDS,GRPECO
BKG00002561,CUS0002629,2025-01-25,OTA,CLXSAV
BKG00002562,CUS0004605,2026-04-01,AGT,CLXBUS
BKG00002563,CUS0003964,2024-05-26,MOB,FLXFST
BKG00002564,CUS0001268,2024-05-16,CTR,YOWUS
BKG00002565,CUS0002666,2026-05-09,MOB,YOWRS
BKG00002566,CUS0004186,2024-12-13,AGT,GRPECO
BKG00002567,CUS0003133,2024-04-01,AGT,WOWBUS
BKG00002568,CUS0000838,2025-01-06,GDS,YOWUS
BKG00002569,CUS0004501,2025-08-22,MOB,GRPECO
BKG00002570,CUS0000991,2024-12-13,AGT,GRPECO
BKG00002571,CUS0001439,2026-05-20,WEB,GRPECO
BKG00002572,CUS0001762,2024-03-29,MOB,GRPECO
BKG00002573,CUS0001780,2023-07-29,CTR,BSSAVE
BKG00002574,CUS0000240,2026-02-20,OTA,BSSAVE
BKG00002575,CUS0001414,2023-12-21,MOB,WOWBUS
BKG00002576,CUS0003375,2026-03-22,MOB,YOWRS
BKG00002577,CUS0003499,2024-07-01,OTA,YOWRS
BKG00002578,CUS0002484,2023-09-21,MOB,BSSAVE
BKG00002579,CUS0001938,2026-05-15,MOB,CLXSAV
BKG00002580,CUS0002980,2026-05-14,AGT,WOWBUS
BKG00002581,CUS0004732,2025-09-07,CTR,WOWBUS
BKG00002582,CUS0002624,2025-03-26,CTR,CLXBUS
BKG00002583,CUS0002186,2024-09-25,GDS,YOWRS
BKG00002584,CUS0004007,2025-06-27,AGT,GRPECO
BKG00002585,CUS0004040,2023-12-26,MOB,BSSAVE
BKG00002586,CUS0003221,2024-04-28,OTA,WOWBUS
BKG00002587,CUS0000161,2025-03-25,CTR,CLXSAV
BKG00002588,CUS0002139,2024-08-22,OTA,GRPECO
BKG00002589,CUS0000955,2023-05-30,MOB,GRPECO
BKG00002590,CUS0004945,2024-03-27,CTR,GRPECO
BKG00002591,CUS0000023,2023-06-30,MOB,BSSAVE
BKG00002592,CUS0003606,2025-01-10,WEB,BSSAVE
BKG00002593,CUS0000455,2025-06-26,OTA,WOWBUS
BKG00002594,CUS0004882,2024-10-05,GDS,GRPECO
BKG00002595,CUS0000922,2023-08-26,MOB,GRPECO
BKG00002596,CUS0002678,2026-01-10,MOB,WOWBUS
BKG00002597,CUS0001071,2025-12-10,MOB,YOWUS
BKG00002598,CUS0000808,2023-10-20,MOB,CLXSAV
BKG00002599,CUS0003254,2025-10-16,AGT,YOWUS
BKG00002600,CUS0004490,2026-05-14,MOB,BSSAVE
BKG00002601,CUS0000309,2025-04-26,WEB,CLXBUS
BKG00002602,CUS0004541,2024-10-21,GDS,GRPECO
BKG00002603,CUS0004249,2024-09-30,CTR,GRPECO
BKG00002604,CUS0002862,2024-09-29,AGT,WOWBUS
BKG00002605,CUS0003050,2026-03-05,AGT,CLXSAV
BKG00002606,CUS0001513,2024-09-17,MOB,FLXFST
BKG00002607,CUS0000499,2026-05-05,WEB,WOWBUS
BKG00002608,CUS0000143,2026-03-27,OTA,CLXBUS
BKG00002609,CUS0001936,2026-01-18,GDS,YOWRS
BKG00002610,CUS0004692,2023-06-17,CTR,CLXSAV
BKG00002611,CUS0000897,2024-08-21,GDS,YOWRS
BKG00002612,CUS0002842,2025-06-22,MOB,WOWBUS
BKG00002613,CUS0004674,2025-01-10,WEB,YOWUS
BKG00002614,CUS0001223,2026-02-04,AGT,BSSAVE
BKG00002615,CUS0004808,2025-03-25,AGT,CLXSAV
BKG00002616,CUS0000197,2024-04-28,WEB,CLXBUS
BKG00002617,CUS0001629,2025-11-27,GDS,CLXBUS
BKG00002618,CUS0004190,2023-07-31,MOB,YOWUS
BKG00002619,CUS0001609,2024-12-03,WEB,FLXFST
BKG00002620,CUS0003852,2026-04-30,WEB,WOWBUS
BKG00002621,CUS0004862,2025-03-30,GDS,YOWRS
BKG00002622,CUS0004987,2024-11-17,WEB,BSSAVE
BKG00002623,CUS0003259,2023-12-28,WEB,BSSAVE
BKG00002624,CUS0001244,2025-11-11,WEB,WOWBUS
BKG00002625,CUS0001290,2024-10-23,WEB,GRPECO
BKG00002626,CUS0003360,2024-02-25,GDS,BSSAVE
BKG00002627,CUS0000439,2025-01-24,WEB,YOWRS
BKG00002628,CUS0000950,2024-03-23,WEB,FLXFST
BKG00002629,CUS0003299,2024-12-20,WEB,BSSAVE
BKG00002630,CUS0001481,2025-12-03,WEB,YOWRS
BKG00002631,CUS0000262,2023-08-13,GDS,BSSAVE
BKG00002632,CUS0002810,2024-07-29,AGT,GRPECO
BKG00002633,CUS0002038,2024-03-31,MOB,WOWBUS
BKG00002634,CUS0000304,2024-07-23,OTA,WOWBUS
BKG00002635,CUS0003535,2023-12-16,GDS,CLXSAV
BKG00002636,CUS0001708,2023-07-09,CTR,YOWUS
BKG00002637,CUS0001466,2025-05-15,GDS,CLXBUS
BKG00002638,CUS0004268,2024-11-17,WEB,BSSAVE
BKG00002639,CUS0002311,2025-04-15,MOB,YOWRS
BKG00002640,CUS0000739,2025-05-26,OTA,YOWUS
BKG00002641,CUS0004575,2025-01-25,AGT,FLXFST
BKG00002642,CUS0004300,2025-01-18,MOB,CLXSAV
BKG00002643,CUS0000072,2023-09-15,CTR,CLXSAV
BKG00002644,CUS0001103,2024-06-10,MOB,CLXBUS
BKG00002645,CUS0003077,2023-05-27,MOB,YOWUS
BKG00002646,CUS0004845,2024-05-08,MOB,CLXSAV
BKG00002647,CUS0002867,2023-06-20,AGT,FLXFST
BKG00002648,CUS0000541,2025-02-15,AGT,YOWUS
BKG00002649,CUS0001759,2026-03-02,AGT,CLXSAV
BKG00002650,CUS0001051,2023-06-03,AGT,GRPECO
BKG00002651,CUS0000140,2023-11-05,WEB,WOWBUS
BKG00002652,CUS0003717,2025-11-29,WEB,BSSAVE
BKG00002653,CUS0002257,2024-09-30,MOB,FLXFST
BKG00002654,CUS0002942,2025-01-12,CTR,CLXSAV
BKG00002655,CUS0004421,2025-04-06,OTA,FLXFST
BKG00002656,CUS0002515,2025-06-27,MOB,WOWBUS
BKG00002657,CUS0000222,2024-03-20,OTA,YOWRS
BKG00002658,CUS0001280,2023-10-14,WEB,BSSAVE
BKG00002659,CUS0003948,2025-08-29,WEB,FLXFST
BKG00002660,CUS0001009,2025-09-26,OTA,BSSAVE
BKG00002661,CUS0003927,2024-07-31,MOB,GRPECO
BKG00002662,CUS0002277,2024-01-03,WEB,BSSAVE
BKG00002663,CUS0004908,2024-01-02,CTR,YOWUS
BKG00002664,CUS0003630,2024-07-11,AGT,YOWRS
BKG00002665,CUS0003533,2025-06-29,GDS,YOWUS
BKG00002666,CUS0003378,2025-09-06,MOB,BSSAVE
BKG00002667,CUS0001037,2025-12-11,OTA,YOWRS
BKG00002668,CUS0002805,2024-03-26,OTA,CLXBUS
BKG00002669,CUS0001300,2023-08-29,AGT,YOWUS
BKG00002670,CUS0001818,2025-01-10,AGT,CLXBUS
BKG00002671,CUS0000266,2025-10-15,MOB,YOWUS
BKG00002672,CUS0001022,2026-04-07,WEB,CLXSAV
BKG00002673,CUS0003323,2024-01-04,GDS,GRPECO
BKG00002674,CUS0003020,2026-01-05,GDS,CLXBUS
BKG00002675,CUS0000532,2023-06-30,OTA,GRPECO
BKG00002676,CUS0004835,2024-11-07,AGT,CLXSAV
BKG00002677,CUS0003048,2024-12-26,OTA,FLXFST
BKG00002678,CUS0001413,2024-08-23,MOB,CLXBUS
BKG00002679,CUS0003929,2026-03-21,WEB,BSSAVE
BKG00002680,CUS0002058,2024-04-03,GDS,FLXFST
BKG00002681,CUS0000023,2025-08-05,WEB,YOWUS
BKG00002682,CUS0004547,2023-09-11,WEB,YOWRS
BKG00002683,CUS0004213,2024-01-23,WEB,YOWUS
BKG00002684,CUS0001698,2025-10-12,WEB,FLXFST
BKG00002685,CUS0004538,2024-11-30,MOB,YOWRS
BKG00002686,CUS0003681,2026-05-10,GDS,CLXBUS
BKG00002687,CUS0000738,2025-09-12,GDS,BSSAVE
BKG00002688,CUS0003472,2024-03-07,CTR,YOWUS
BKG00002689,CUS0004460,2025-11-30,WEB,YOWRS
BKG00002690,CUS0003001,2024-07-16,GDS,YOWRS
BKG00002691,CUS0001214,2024-04-17,CTR,YOWUS
BKG00002692,CUS0000887,2025-09-08,OTA,YOWUS
BKG00002693,CUS0003797,2023-07-22,WEB,WOWBUS
BKG00002694,CUS0004165,2023-06-15,WEB,FLXFST
BKG00002695,CUS0003711,2024-03-05,WEB,WOWBUS
BKG00002696,CUS0000442,2024-09-17,GDS,WOWBUS
BKG00002697,CUS0002721,2023-10-20,WEB,YOWUS
BKG00002698,CUS0002358,2024-02-12,OTA,CLXBUS
BKG00002699,CUS0004031,2025-02-11,OTA,WOWBUS
BKG00002700,CUS0003282,2023-07-15,MOB,YOWRS
BKG00002701,CUS0001611,2024-04-13,WEB,YOWUS
BKG00002702,CUS0004630,2024-10-23,GDS,BSSAVE
BKG00002703,CUS0002859,2024-09-14,CTR,CLXSAV
BKG00002704,CUS0003661,2024-03-01,GDS,FLXFST
BKG00002705,CUS0004884,2024-10-06,OTA,GRPECO
BKG00002706,CUS0000244,2026-02-10,MOB,YOWRS
BKG00002707,CUS0004598,2026-01-27,WEB,CLXSAV
BKG00002708,CUS0001630,2026-05-12,AGT,WOWBUS
BKG00002709,CUS0004973,2025-10-09,GDS,BSSAVE
BKG00002710,CUS0003601,2024-12-02,OTA,FLXFST
BKG00002711,CUS0003225,2026-04-22,GDS,BSSAVE
BKG00002712,CUS0000647,2026-01-19,OTA,YOWRS
BKG00002713,CUS0004298,2024-09-23,MOB,BSSAVE
BKG00002714,CUS0003892,2025-07-27,WEB,YOWUS
BKG00002715,CUS0000472,2023-07-24,OTA,FLXFST
BKG00002716,CUS0003399,2023-09-12,GDS,YOWRS
BKG00002717,CUS0002545,2024-03-12,OTA,YOWUS
BKG00002718,CUS0000556,2023-12-06,WEB,YOWUS
BKG00002719,CUS0003662,2025-01-19,CTR,GRPECO
BKG00002720,CUS0003829,2024-07-21,WEB,CLXBUS
BKG00002721,CUS0000306,2024-08-30,WEB,CLXBUS
BKG00002722,CUS0004797,2025-06-16,MOB,YOWRS
BKG00002723,CUS0004612,2024-04-23,AGT,CLXBUS
BKG00002724,CUS0004704,2025-11-19,WEB,CLXSAV
BKG00002725,CUS0002043,2025-09-24,AGT,YOWRS
BKG00002726,CUS0002595,2024-06-26,MOB,YOWUS
BKG00002727,CUS0002094,2025-06-09,CTR,YOWUS
BKG00002728,CUS0004831,2023-07-12,OTA,GRPECO
BKG00002729,CUS0003236,2026-01-19,CTR,GRPECO
BKG00002730,CUS0001833,2025-05-24,AGT,YOWRS
BKG00002731,CUS0001628,2026-03-07,GDS,GRPECO
BKG00002732,CUS0000986,2024-08-10,GDS,FLXFST
BKG00002733,CUS0004940,2025-08-23,CTR,CLXBUS
BKG00002734,CUS0000837,2026-05-18,GDS,FLXFST
BKG00002735,CUS0000816,2025-02-21,MOB,WOWBUS
BKG00002736,CUS0003973,2026-01-27,OTA,YOWUS
BKG00002737,CUS0003974,2026-05-19,GDS,CLXBUS
BKG00002738,CUS0002034,2024-12-03,MOB,BSSAVE
BKG00002739,CUS0002641,2024-04-17,GDS,BSSAVE
BKG00002740,CUS0001728,2023-10-21,AGT,CLXBUS
BKG00002741,CUS0004775,2024-02-19,CTR,YOWRS
BKG00002742,CUS0003655,2026-05-07,WEB,YOWRS
BKG00002743,CUS0002164,2026-03-14,MOB,FLXFST
BKG00002744,CUS0001144,2025-09-28,WEB,WOWBUS
BKG00002745,CUS0003828,2026-02-24,WEB,GRPECO
BKG00002746,CUS0004429,2024-12-18,MOB,YOWRS
BKG00002747,CUS0000730,2024-12-25,GDS,YOWUS
BKG00002748,CUS0001298,2024-02-15,AGT,YOWUS
BKG00002749,CUS0002126,2025-04-22,WEB,YOWRS
BKG00002750,CUS0001927,2025-12-11,OTA,GRPECO
BKG00002751,CUS0001201,2025-12-14,WEB,YOWRS
BKG00002752,CUS0003641,2024-03-29,WEB,CLXBUS
BKG00002753,CUS0004164,2025-01-07,WEB,YOWRS
BKG00002754,CUS0004478,2025-01-26,GDS,CLXBUS
BKG00002755,CUS0002492,2024-02-29,CTR,BSSAVE
BKG00002756,CUS0001317,2024-11-10,WEB,GRPECO
BKG00002757,CUS0002917,2024-09-05,CTR,WOWBUS
BKG00002758,CUS0004679,2025-07-15,GDS,CLXSAV
BKG00002759,CUS0003586,2026-02-23,WEB,BSSAVE
BKG00002760,CUS0000506,2026-03-21,WEB,CLXBUS
BKG00002761,CUS0004425,2026-02-20,WEB,FLXFST
BKG00002762,CUS0003886,2023-06-01,OTA,GRPECO
BKG00002763,CUS0000768,2023-11-20,MOB,WOWBUS
BKG00002764,CUS0003116,2026-01-27,CTR,YOWRS
BKG00002765,CUS0002454,2026-04-28,CTR,FLXFST
BKG00002766,CUS0000750,2023-08-18,AGT,YOWRS
BKG00002767,CUS0001293,2024-05-12,CTR,GRPECO
BKG00002768,CUS0004837,2023-10-03,OTA,BSSAVE
BKG00002769,CUS0004915,2025-05-03,AGT,FLXFST
BKG00002770,CUS0004585,2026-04-23,CTR,BSSAVE
BKG00002771,CUS0003796,2024-06-18,AGT,FLXFST
BKG00002772,CUS0004740,2026-03-07,AGT,GRPECO
BKG00002773,CUS0000410,2025-07-14,OTA,YOWUS
BKG00002774,CUS0004824,2025-06-23,OTA,WOWBUS
BKG00002775,CUS0000966,2023-07-09,OTA,YOWRS
BKG00002776,CUS0004760,2024-08-08,GDS,YOWRS
BKG00002777,CUS0002905,2023-10-17,GDS,YOWUS
BKG00002778,CUS0004050,2025-08-20,CTR,WOWBUS
BKG00002779,CUS0001451,2026-04-08,GDS,CLXBUS
BKG00002780,CUS0004532,2025-05-15,CTR,WOWBUS
BKG00002781,CUS0002731,2025-04-06,AGT,FLXFST
BKG00002782,CUS0002901,2025-09-18,WEB,GRPECO
BKG00002783,CUS0004760,2025-01-06,AGT,FLXFST
BKG00002784,CUS0001489,2024-06-10,OTA,YOWUS
BKG00002785,CUS0004955,2023-06-22,GDS,CLXBUS
BKG00002786,CUS0004996,2025-05-01,GDS,FLXFST
BKG00002787,CUS0004480,2025-07-09,MOB,CLXBUS
BKG00002788,CUS0003517,2023-09-02,WEB,CLXBUS
BKG00002789,CUS0003712,2025-08-15,CTR,CLXBUS
BKG00002790,CUS0001243,2023-07-05,WEB,GRPECO
BKG00002791,CUS0000096,2025-01-08,MOB,CLXSAV
BKG00002792,CUS0000838,2024-11-08,GDS,BSSAVE
BKG00002793,CUS0001310,2025-11-20,OTA,WOWBUS
BKG00002794,CUS0003332,2025-05-02,OTA,BSSAVE
BKG00002795,CUS0000003,2024-05-16,CTR,WOWBUS
BKG00002796,CUS0002179,2024-04-27,CTR,FLXFST
BKG00002797,CUS0004364,2026-01-25,AGT,WOWBUS
BKG00002798,CUS0000337,2025-08-24,GDS,BSSAVE
BKG00002799,CUS0002118,2023-10-13,GDS,GRPECO
BKG00002800,CUS0001240,2024-09-03,CTR,GRPECO
BKG00002801,CUS0004932,2026-03-15,CTR,YOWRS
BKG00002802,CUS0003481,2024-05-30,WEB,YOWRS
BKG00002803,CUS0000731,2024-09-28,OTA,YOWRS
BKG00002804,CUS0001757,2026-03-12,WEB,WOWBUS
BKG00002805,CUS0002931,2025-12-04,AGT,BSSAVE
BKG00002806,CUS0001676,2025-04-24,AGT,FLXFST
BKG00002807,CUS0000885,2024-04-01,MOB,WOWBUS
BKG00002808,CUS0003893,2026-05-11,AGT,FLXFST
BKG00002809,CUS0000004,2024-04-06,OTA,BSSAVE
BKG00002810,CUS0002037,2024-11-12,WEB,CLXBUS
BKG00002811,CUS0002632,2023-09-29,CTR,YOWRS
BKG00002812,CUS0003282,2023-09-26,OTA,YOWUS
BKG00002813,CUS0001357,2024-11-06,OTA,CLXBUS
BKG00002814,CUS0002475,2024-12-13,GDS,BSSAVE
BKG00002815,CUS0002148,2024-01-09,WEB,YOWRS
BKG00002816,CUS0003514,2024-06-22,OTA,YOWUS
BKG00002817,CUS0001584,2023-10-09,AGT,CLXBUS
BKG00002818,CUS0002242,2024-11-15,WEB,FLXFST
BKG00002819,CUS0003294,2025-06-12,WEB,GRPECO
BKG00002820,CUS0003967,2025-04-15,AGT,YOWRS
BKG00002821,CUS0004226,2025-12-07,MOB,CLXBUS
BKG00002822,CUS0004871,2024-02-11,CTR,YOWUS
BKG00002823,CUS0004479,2026-02-10,CTR,YOWUS
BKG00002824,CUS0003283,2024-10-16,GDS,BSSAVE
BKG00002825,CUS0000794,2025-09-13,OTA,YOWRS
BKG00002826,CUS0003628,2026-01-25,OTA,FLXFST
BKG00002827,CUS0004236,2024-09-27,WEB,WOWBUS
BKG00002828,CUS0002675,2024-04-24,CTR,BSSAVE
BKG00002829,CUS0003232,2023-07-03,AGT,FLXFST
BKG00002830,CUS0002172,2025-11-01,CTR,FLXFST
BKG00002831,CUS0004411,2023-12-31,CTR,WOWBUS
BKG00002832,CUS0004766,2024-02-02,GDS,GRPECO
BKG00002833,CUS0002553,2025-04-01,CTR,FLXFST
BKG00002834,CUS0004647,2025-01-03,OTA,YOWRS
BKG00002835,CUS0002682,2024-12-11,OTA,CLXBUS
BKG00002836,CUS0002569,2026-02-13,AGT,YOWUS
BKG00002837,CUS0000907,2025-08-06,WEB,BSSAVE
BKG00002838,CUS0004908,2023-12-13,AGT,BSSAVE
BKG00002839,CUS0000480,2026-01-31,AGT,GRPECO
BKG00002840,CUS0002960,2026-02-27,MOB,FLXFST
BKG00002841,CUS0000365,2024-05-25,OTA,YOWRS
BKG00002842,CUS0000577,2026-03-11,GDS,YOWRS
BKG00002843,CUS0003461,2025-07-15,AGT,YOWUS
BKG00002844,CUS0001861,2023-11-16,CTR,FLXFST
BKG00002845,CUS0001697,2024-07-14,GDS,CLXSAV
BKG00002846,CUS0002037,2024-08-09,GDS,BSSAVE
BKG00002847,CUS0000820,2025-12-05,CTR,CLXBUS
BKG00002848,CUS0002685,2024-03-16,OTA,YOWUS
BKG00002849,CUS0003105,2024-03-06,GDS,YOWUS
BKG00002850,CUS0000403,2025-09-29,WEB,CLXBUS
BKG00002851,CUS0001114,2025-12-17,OTA,CLXBUS
BKG00002852,CUS0001466,2024-11-13,WEB,CLXBUS
BKG00002853,CUS0003083,2024-11-01,GDS,CLXBUS
BKG00002854,CUS0004561,2025-04-23,CTR,FLXFST
BKG00002855,CUS0003534,2025-12-15,GDS,FLXFST
BKG00002856,CUS0000410,2023-11-17,OTA,FLXFST
BKG00002857,CUS0002148,2025-08-03,MOB,YOWUS
BKG00002858,CUS0002546,2026-04-06,OTA,FLXFST
BKG00002859,CUS0002984,2023-08-20,GDS,GRPECO
BKG00002860,CUS0002785,2024-10-18,CTR,YOWUS
BKG00002861,CUS0004680,2024-03-13,GDS,CLXBUS
BKG00002862,CUS0002613,2024-04-07,MOB,WOWBUS
BKG00002863,CUS0004149,2025-05-27,CTR,YOWUS
BKG00002864,CUS0003483,2025-10-12,MOB,WOWBUS
BKG00002865,CUS0003028,2024-09-24,OTA,FLXFST
BKG00002866,CUS0003124,2026-02-24,MOB,BSSAVE
BKG00002867,CUS0003431,2023-11-19,OTA,CLXBUS
BKG00002868,CUS0000444,2024-02-09,WEB,FLXFST
BKG00002869,CUS0002737,2024-01-17,CTR,CLXSAV
BKG00002870,CUS0001876,2024-02-16,WEB,YOWUS
BKG00002871,CUS0003486,2025-10-29,MOB,BSSAVE
BKG00002872,CUS0000971,2024-12-12,MOB,BSSAVE
BKG00002873,CUS0002410,2026-02-04,MOB,GRPECO
BKG00002874,CUS0003508,2026-01-10,GDS,GRPECO
BKG00002875,CUS0002545,2024-04-25,GDS,BSSAVE
BKG00002876,CUS0002589,2024-10-26,CTR,YOWRS
BKG00002877,CUS0003197,2026-02-25,WEB,YOWRS
BKG00002878,CUS0000648,2025-03-24,MOB,CLXBUS
BKG00002879,CUS0000819,2024-07-20,WEB,CLXSAV
BKG00002880,CUS0004124,2025-02-24,OTA,FLXFST
BKG00002881,CUS0000492,2023-08-28,WEB,YOWUS
BKG00002882,CUS0000888,2023-06-14,GDS,FLXFST
BKG00002883,CUS0003942,2024-12-03,AGT,GRPECO
BKG00002884,CUS0004578,2025-03-27,MOB,WOWBUS
BKG00002885,CUS0000649,2023-11-17,MOB,CLXSAV
BKG00002886,CUS0003638,2024-08-20,WEB,CLXBUS
BKG00002887,CUS0003655,2023-10-09,MOB,FLXFST
BKG00002888,CUS0002156,2023-08-05,MOB,FLXFST
BKG00002889,CUS0000624,2024-07-12,MOB,YOWRS
BKG00002890,CUS0001349,2025-10-08,WEB,WOWBUS
BKG00002891,CUS0004332,2025-07-16,OTA,WOWBUS
BKG00002892,CUS0003922,2025-01-05,OTA,WOWBUS
BKG00002893,CUS0003524,2025-07-19,OTA,FLXFST
BKG00002894,CUS0004361,2025-11-10,WEB,GRPECO
BKG00002895,CUS0004540,2025-02-03,OTA,BSSAVE
BKG00002896,CUS0003019,2024-11-08,OTA,BSSAVE
BKG00002897,CUS0002538,2025-04-04,MOB,YOWRS
BKG00002898,CUS0004567,2023-09-01,AGT,WOWBUS
BKG00002899,CUS0004125,2026-04-22,OTA,CLXBUS
BKG00002900,CUS0002966,2024-07-07,OTA,YOWUS
BKG00002901,CUS0000258,2025-03-06,AGT,FLXFST
BKG00002902,CUS0002085,2025-07-15,OTA,CLXSAV
BKG00002903,CUS0002337,2024-07-25,AGT,GRPECO
BKG00002904,CUS0002774,2026-03-23,AGT,BSSAVE
BKG00002905,CUS0001613,2025-06-26,WEB,YOWRS
BKG00002906,CUS0001147,2024-03-02,MOB,BSSAVE
BKG00002907,CUS0003666,2025-07-15,OTA,GRPECO
BKG00002908,CUS0000696,2025-11-29,GDS,GRPECO
BKG00002909,CUS0003262,2025-01-29,MOB,WOWBUS
BKG00002910,CUS0002405,2024-05-05,AGT,BSSAVE
BKG00002911,CUS0004009,2023-05-26,MOB,YOWUS
BKG00002912,CUS0001570,2025-09-16,CTR,FLXFST
BKG00002913,CUS0001391,2023-12-04,WEB,GRPECO
BKG00002914,CUS0002897,2023-12-10,AGT,YOWUS
BKG00002915,CUS0004448,2026-04-20,WEB,YOWRS
BKG00002916,CUS0004971,2026-04-11,GDS,WOWBUS
BKG00002917,CUS0000342,2023-09-29,OTA,CLXSAV
BKG00002918,CUS0001593,2025-11-25,WEB,FLXFST
BKG00002919,CUS0004988,2025-03-27,MOB,CLXSAV
BKG00002920,CUS0004468,2025-04-23,CTR,BSSAVE
BKG00002921,CUS0002186,2026-02-01,CTR,WOWBUS
BKG00002922,CUS0002712,2024-06-05,MOB,CLXBUS
BKG00002923,CUS0000097,2026-01-27,WEB,YOWRS
BKG00002924,CUS0004217,2025-12-22,WEB,FLXFST
BKG00002925,CUS0003609,2025-06-13,GDS,CLXBUS
BKG00002926,CUS0004213,2023-12-01,WEB,FLXFST
BKG00002927,CUS0002830,2024-01-05,MOB,CLXBUS
BKG00002928,CUS0002082,2026-01-25,OTA,CLXSAV
BKG00002929,CUS0002144,2025-01-04,OTA,FLXFST
BKG00002930,CUS0000439,2024-04-17,CTR,WOWBUS
BKG00002931,CUS0004384,2025-06-09,OTA,YOWRS
BKG00002932,CUS0003893,2026-04-07,CTR,WOWBUS
BKG00002933,CUS0003690,2025-04-05,AGT,YOWRS
BKG00002934,CUS0000128,2024-03-05,AGT,CLXSAV
BKG00002935,CUS0001974,2025-06-08,AGT,YOWRS
BKG00002936,CUS0001205,2024-04-02,CTR,GRPECO
BKG00002937,CUS0004116,2023-06-11,CTR,CLXBUS
BKG00002938,CUS0004415,2026-02-21,AGT,FLXFST
BKG00002939,CUS0004653,2023-10-31,CTR,FLXFST
BKG00002940,CUS0004804,2024-08-21,CTR,BSSAVE
BKG00002941,CUS0004906,2023-07-12,WEB,CLXBUS
BKG00002942,CUS0002577,2025-08-10,GDS,BSSAVE
BKG00002943,CUS0003927,2024-12-10,WEB,CLXBUS
BKG00002944,CUS0003682,2023-07-08,AGT,BSSAVE
BKG00002945,CUS0002080,2026-02-24,GDS,WOWBUS
BKG00002946,CUS0000299,2025-07-03,WEB,FLXFST
BKG00002947,CUS0002070,2023-07-26,MOB,CLXBUS
BKG00002948,CUS0001083,2025-07-30,MOB,WOWBUS
BKG00002949,CUS0004853,2024-11-07,GDS,BSSAVE
BKG00002950,CUS0004272,2023-09-30,MOB,WOWBUS
BKG00002951,CUS0004654,2025-05-02,WEB,BSSAVE
BKG00002952,CUS0000924,2025-02-10,AGT,GRPECO
BKG00002953,CUS0000247,2025-04-13,GDS,BSSAVE
BKG00002954,CUS0004642,2024-11-03,MOB,BSSAVE
BKG00002955,CUS0004236,2026-05-15,CTR,YOWUS
BKG00002956,CUS0004736,2023-09-25,CTR,WOWBUS
BKG00002957,CUS0001375,2026-03-09,MOB,YOWRS
BKG00002958,CUS0000367,2026-03-26,WEB,YOWUS
BKG00002959,CUS0001517,2025-02-03,MOB,BSSAVE
BKG00002960,CUS0000018,2023-09-22,WEB,YOWRS
BKG00002961,CUS0004277,2023-07-11,GDS,GRPECO
BKG00002962,CUS0003556,2023-12-09,GDS,YOWRS
BKG00002963,CUS0000372,2025-06-15,WEB,GRPECO
BKG00002964,CUS0003165,2026-02-09,WEB,YOWUS
BKG00002965,CUS0004488,2025-04-09,WEB,CLXBUS
BKG00002966,CUS0001552,2025-11-09,OTA,FLXFST
BKG00002967,CUS0000762,2025-10-10,OTA,YOWUS
BKG00002968,CUS0001928,2025-07-21,CTR,CLXBUS
BKG00002969,CUS0002616,2024-11-04,AGT,WOWBUS
BKG00002970,CUS0000697,2024-06-03,CTR,YOWUS
BKG00002971,CUS0003954,2024-04-30,OTA,FLXFST
BKG00002972,CUS0004509,2026-01-19,AGT,BSSAVE
BKG00002973,CUS0001598,2025-11-27,OTA,CLXBUS
BKG00002974,CUS0003348,2025-03-27,CTR,CLXSAV
BKG00002975,CUS0000801,2023-10-12,WEB,YOWUS
BKG00002976,CUS0001627,2025-12-28,AGT,YOWUS
BKG00002977,CUS0003745,2024-03-31,GDS,BSSAVE
BKG00002978,CUS0000029,2026-04-23,OTA,CLXBUS
BKG00002979,CUS0002699,2025-07-31,AGT,FLXFST
BKG00002980,CUS0003585,2023-10-04,WEB,CLXSAV
BKG00002981,CUS0000161,2023-07-31,AGT,YOWUS
BKG00002982,CUS0003571,2025-06-09,GDS,FLXFST
BKG00002983,CUS0003458,2025-09-24,OTA,YOWRS
BKG00002984,CUS0000605,2024-01-02,WEB,FLXFST
BKG00002985,CUS0003039,2025-07-28,OTA,YOWRS
BKG00002986,CUS0000740,2024-06-05,AGT,WOWBUS
BKG00002987,CUS0002312,2025-02-24,WEB,GRPECO
BKG00002988,CUS0004438,2025-04-29,OTA,YOWRS
BKG00002989,CUS0003268,2025-12-19,CTR,CLXBUS
BKG00002990,CUS0003846,2025-03-03,WEB,YOWUS
BKG00002991,CUS0003009,2026-05-16,CTR,WOWBUS
BKG00002992,CUS0003522,2026-05-20,GDS,WOWBUS
BKG00002993,CUS0002411,2023-11-14,CTR,BSSAVE
BKG00002994,CUS0003096,2023-12-26,CTR,FLXFST
BKG00002995,CUS0001306,2023-06-07,GDS,GRPECO
BKG00002996,CUS0000127,2026-03-22,CTR,WOWBUS
BKG00002997,CUS0004424,2025-06-26,GDS,YOWRS
BKG00002998,CUS0003871,2025-11-01,CTR,GRPECO
BKG00002999,CUS0000596,2024-12-06,OTA,YOWUS
BKG00003000,CUS0003040,2025-10-25,CTR,FLXFST
BKG00003001,CUS0001480,2025-06-26,OTA,GRPECO
BKG00003002,CUS0000636,2023-06-19,CTR,GRPECO
BKG00003003,CUS0003089,2026-01-16,WEB,WOWBUS
BKG00003004,CUS0001037,2024-03-20,WEB,YOWRS
BKG00003005,CUS0001088,2024-01-26,GDS,CLXSAV
BKG00003006,CUS0003724,2023-11-03,AGT,BSSAVE
BKG00003007,CUS0003115,2024-07-18,WEB,CLXBUS
BKG00003008,CUS0000645,2023-11-16,CTR,YOWUS
BKG00003009,CUS0004683,2025-09-25,OTA,BSSAVE
BKG00003010,CUS0000597,2023-10-02,GDS,CLXSAV
BKG00003011,CUS0002750,2026-04-07,CTR,CLXSAV
BKG00003012,CUS0000965,2025-09-12,GDS,GRPECO
BKG00003013,CUS0003744,2024-08-25,OTA,YOWRS
BKG00003014,CUS0001131,2024-05-14,GDS,CLXBUS
BKG00003015,CUS0003155,2025-12-18,CTR,BSSAVE
BKG00003016,CUS0000612,2025-05-24,WEB,BSSAVE
BKG00003017,CUS0002297,2026-04-30,WEB,FLXFST
BKG00003018,CUS0001129,2026-01-15,GDS,CLXBUS
BKG00003019,CUS0001451,2023-08-12,MOB,BSSAVE
BKG00003020,CUS0004942,2023-10-17,GDS,CLXSAV
BKG00003021,CUS0004197,2025-06-30,CTR,YOWRS
BKG00003022,CUS0003681,2024-08-07,WEB,CLXBUS
BKG00003023,CUS0003002,2023-06-28,OTA,BSSAVE
BKG00003024,CUS0000863,2024-06-07,CTR,CLXSAV
BKG00003025,CUS0002406,2026-01-18,OTA,GRPECO
BKG00003026,CUS0000372,2025-04-12,OTA,FLXFST
BKG00003027,CUS0004144,2024-03-05,MOB,YOWUS
BKG00003028,CUS0004735,2024-03-08,MOB,BSSAVE
BKG00003029,CUS0003008,2024-06-10,GDS,YOWUS
BKG00003030,CUS0004707,2024-07-29,WEB,YOWUS
BKG00003031,CUS0000520,2024-02-17,AGT,FLXFST
BKG00003032,CUS0001799,2026-03-21,AGT,CLXSAV
BKG00003033,CUS0003359,2026-03-07,OTA,YOWUS
BKG00003034,CUS0003764,2023-10-13,MOB,WOWBUS
BKG00003035,CUS0001115,2024-10-02,OTA,GRPECO
BKG00003036,CUS0001456,2024-09-03,CTR,BSSAVE
BKG00003037,CUS0004588,2024-04-26,CTR,CLXSAV
BKG00003038,CUS0002294,2025-09-14,WEB,YOWUS
BKG00003039,CUS0000729,2023-07-15,GDS,BSSAVE
BKG00003040,CUS0001319,2023-06-22,AGT,CLXBUS
BKG00003041,CUS0003708,2025-05-02,MOB,YOWRS
BKG00003042,CUS0001117,2023-12-11,GDS,YOWRS
BKG00003043,CUS0003191,2026-03-28,CTR,CLXSAV
BKG00003044,CUS0000052,2025-10-24,GDS,YOWRS
BKG00003045,CUS0000483,2023-12-29,OTA,YOWUS
BKG00003046,CUS0000750,2024-04-14,WEB,CLXSAV
BKG00003047,CUS0000009,2025-03-09,CTR,BSSAVE
BKG00003048,CUS0003800,2024-11-18,WEB,YOWRS
BKG00003049,CUS0002581,2026-05-10,MOB,FLXFST
BKG00003050,CUS0000663,2025-04-14,AGT,YOWUS
BKG00003051,CUS0002972,2025-12-15,MOB,GRPECO
BKG00003052,CUS0000437,2025-08-19,CTR,BSSAVE
BKG00003053,CUS0001636,2025-11-24,WEB,YOWUS
BKG00003054,CUS0003788,2023-11-02,WEB,FLXFST
BKG00003055,CUS0004864,2024-08-07,OTA,YOWUS
BKG00003056,CUS0000038,2025-03-27,GDS,CLXBUS
BKG00003057,CUS0000710,2025-10-10,CTR,CLXBUS
BKG00003058,CUS0004603,2024-10-30,AGT,CLXSAV
BKG00003059,CUS0002401,2025-03-27,MOB,BSSAVE
BKG00003060,CUS0004649,2024-06-25,CTR,GRPECO
BKG00003061,CUS0003385,2025-12-13,CTR,WOWBUS
BKG00003062,CUS0003377,2024-03-07,OTA,BSSAVE
BKG00003063,CUS0004876,2024-01-19,OTA,CLXBUS
BKG00003064,CUS0003869,2025-03-18,WEB,FLXFST
BKG00003065,CUS0000722,2023-08-28,CTR,BSSAVE
BKG00003066,CUS0003885,2024-06-18,MOB,CLXBUS
BKG00003067,CUS0004411,2024-02-19,WEB,WOWBUS
BKG00003068,CUS0000580,2023-11-10,WEB,CLXBUS
BKG00003069,CUS0002723,2025-06-11,WEB,BSSAVE
BKG00003070,CUS0002882,2024-01-17,CTR,FLXFST
BKG00003071,CUS0001817,2024-12-06,AGT,BSSAVE
BKG00003072,CUS0000563,2024-07-27,GDS,CLXBUS
BKG00003073,CUS0001748,2023-07-20,AGT,CLXSAV
BKG00003074,CUS0003587,2023-10-18,OTA,WOWBUS
BKG00003075,CUS0002764,2024-06-23,MOB,FLXFST
BKG00003076,CUS0004342,2025-10-09,WEB,FLXFST
BKG00003077,CUS0002237,2025-03-27,CTR,FLXFST
BKG00003078,CUS0000319,2023-10-26,AGT,FLXFST
BKG00003079,CUS0003669,2024-01-10,MOB,WOWBUS
BKG00003080,CUS0002060,2025-04-06,OTA,WOWBUS
BKG00003081,CUS0004483,2023-10-18,OTA,BSSAVE
BKG00003082,CUS0002605,2024-05-23,MOB,FLXFST
BKG00003083,CUS0002441,2025-12-05,GDS,BSSAVE
BKG00003084,CUS0004426,2023-07-03,WEB,CLXSAV
BKG00003085,CUS0002737,2024-10-21,WEB,GRPECO
BKG00003086,CUS0003640,2024-03-21,OTA,YOWUS
BKG00003087,CUS0003224,2025-02-24,OTA,GRPECO
BKG00003088,CUS0002749,2023-12-11,OTA,YOWRS
BKG00003089,CUS0002984,2025-03-24,GDS,BSSAVE
BKG00003090,CUS0001688,2023-09-11,CTR,BSSAVE
BKG00003091,CUS0000080,2025-04-04,CTR,YOWUS
BKG00003092,CUS0004431,2025-07-06,OTA,CLXSAV
BKG00003093,CUS0000878,2023-09-29,WEB,GRPECO
BKG00003094,CUS0002536,2026-04-08,AGT,YOWUS
BKG00003095,CUS0004916,2024-05-18,WEB,WOWBUS
BKG00003096,CUS0000817,2024-10-14,WEB,YOWRS
BKG00003097,CUS0003791,2024-04-08,CTR,FLXFST
BKG00003098,CUS0000777,2025-08-08,CTR,YOWUS
BKG00003099,CUS0001166,2026-03-09,OTA,CLXBUS
BKG00003100,CUS0003647,2025-11-14,AGT,FLXFST
BKG00003101,CUS0000443,2025-12-21,AGT,BSSAVE
BKG00003102,CUS0001378,2023-08-20,AGT,YOWUS
BKG00003103,CUS0003327,2025-10-22,AGT,CLXSAV
BKG00003104,CUS0001916,2025-01-18,OTA,CLXBUS
BKG00003105,CUS0000682,2026-01-30,AGT,BSSAVE
BKG00003106,CUS0000006,2025-11-21,WEB,BSSAVE
BKG00003107,CUS0001493,2024-11-21,GDS,CLXSAV
BKG00003108,CUS0004636,2025-10-31,OTA,YOWUS
BKG00003109,CUS0000087,2024-08-19,MOB,FLXFST
BKG00003110,CUS0000416,2026-02-18,WEB,CLXSAV
BKG00003111,CUS0000910,2025-01-20,OTA,WOWBUS
BKG00003112,CUS0001500,2025-12-09,OTA,CLXBUS
BKG00003113,CUS0003606,2025-01-19,AGT,CLXSAV
BKG00003114,CUS0000263,2024-01-14,GDS,CLXBUS
BKG00003115,CUS0000360,2025-10-22,GDS,YOWRS
BKG00003116,CUS0003629,2024-01-21,AGT,WOWBUS
BKG00003117,CUS0001058,2024-09-03,GDS,YOWUS
BKG00003118,CUS0002899,2023-06-06,AGT,CLXSAV
BKG00003119,CUS0000230,2024-10-09,MOB,YOWRS
BKG00003120,CUS0000395,2025-10-08,WEB,FLXFST
BKG00003121,CUS0002359,2026-03-18,AGT,WOWBUS
BKG00003122,CUS0002491,2023-08-12,AGT,YOWUS
BKG00003123,CUS0001666,2025-04-12,AGT,YOWRS
BKG00003124,CUS0000025,2024-06-02,OTA,CLXSAV
BKG00003125,CUS0001033,2025-03-10,WEB,WOWBUS
BKG00003126,CUS0003510,2024-11-26,WEB,CLXBUS
BKG00003127,CUS0000528,2025-01-24,WEB,CLXBUS
BKG00003128,CUS0000769,2023-09-25,MOB,CLXSAV
BKG00003129,CUS0001428,2023-09-30,CTR,CLXSAV
BKG00003130,CUS0002836,2025-07-31,MOB,CLXSAV
BKG00003131,CUS0004646,2026-02-17,OTA,BSSAVE
BKG00003132,CUS0000375,2025-04-26,OTA,FLXFST
BKG00003133,CUS0000579,2024-06-29,WEB,YOWUS
BKG00003134,CUS0003339,2023-08-11,GDS,YOWUS
BKG00003135,CUS0000158,2025-06-06,GDS,FLXFST
BKG00003136,CUS0004486,2026-05-03,WEB,YOWRS
BKG00003137,CUS0004479,2024-07-01,GDS,GRPECO
BKG00003138,CUS0003912,2025-12-30,OTA,YOWUS
BKG00003139,CUS0001980,2025-11-21,GDS,CLXBUS
BKG00003140,CUS0001027,2026-04-18,AGT,WOWBUS
BKG00003141,CUS0001588,2023-09-14,CTR,CLXBUS
BKG00003142,CUS0002513,2023-11-25,CTR,CLXSAV
BKG00003143,CUS0001844,2024-12-06,WEB,YOWUS
BKG00003144,CUS0003217,2024-12-02,GDS,GRPECO
BKG00003145,CUS0003089,2024-03-27,MOB,CLXSAV
BKG00003146,CUS0002688,2026-01-15,WEB,WOWBUS
BKG00003147,CUS0001317,2023-07-08,AGT,CLXSAV
BKG00003148,CUS0000091,2023-12-04,WEB,GRPECO
BKG00003149,CUS0001741,2024-11-26,GDS,CLXSAV
BKG00003150,CUS0002090,2025-11-06,MOB,FLXFST
BKG00003151,CUS0001505,2026-01-18,OTA,YOWRS
BKG00003152,CUS0003764,2025-04-06,CTR,CLXBUS
BKG00003153,CUS0001506,2024-03-17,CTR,YOWUS
BKG00003154,CUS0001531,2025-02-04,AGT,BSSAVE
BKG00003155,CUS0001793,2024-08-18,MOB,CLXBUS
BKG00003156,CUS0002712,2024-05-13,WEB,YOWRS
BKG00003157,CUS0000125,2024-10-13,AGT,YOWUS
BKG00003158,CUS0004681,2023-07-07,WEB,FLXFST
BKG00003159,CUS0000381,2026-02-21,OTA,WOWBUS
BKG00003160,CUS0000047,2025-05-23,AGT,FLXFST
BKG00003161,CUS0004182,2023-08-05,OTA,WOWBUS
BKG00003162,CUS0000115,2023-11-17,MOB,YOWRS
BKG00003163,CUS0000725,2026-01-25,GDS,FLXFST
BKG00003164,CUS0003638,2026-01-12,MOB,BSSAVE
BKG00003165,CUS0000054,2024-01-25,OTA,CLXSAV
BKG00003166,CUS0003740,2025-11-13,OTA,GRPECO
BKG00003167,CUS0002649,2024-12-26,CTR,BSSAVE
BKG00003168,CUS0000719,2023-05-29,MOB,FLXFST
BKG00003169,CUS0002554,2026-02-11,MOB,FLXFST
BKG00003170,CUS0000381,2024-11-24,MOB,WOWBUS
BKG00003171,CUS0003434,2023-07-27,AGT,BSSAVE
BKG00003172,CUS0000070,2025-08-08,AGT,BSSAVE
BKG00003173,CUS0003749,2025-03-09,OTA,CLXSAV
BKG00003174,CUS0004266,2025-01-19,MOB,YOWRS
BKG00003175,CUS0002096,2023-09-24,GDS,GRPECO
BKG00003176,CUS0000203,2023-06-05,AGT,BSSAVE
BKG00003177,CUS0000009,2025-12-24,GDS,YOWRS
BKG00003178,CUS0000745,2023-11-06,OTA,BSSAVE
BKG00003179,CUS0001849,2026-04-30,AGT,YOWUS
BKG00003180,CUS0001483,2025-03-26,MOB,FLXFST
BKG00003181,CUS0001379,2024-12-06,WEB,BSSAVE
BKG00003182,CUS0000554,2023-07-22,OTA,YOWRS
BKG00003183,CUS0004279,2024-08-08,CTR,GRPECO
BKG00003184,CUS0000036,2026-01-29,AGT,CLXSAV
BKG00003185,CUS0004633,2026-02-09,WEB,FLXFST
BKG00003186,CUS0000872,2026-01-12,WEB,FLXFST
BKG00003187,CUS0001733,2024-03-24,CTR,CLXSAV
BKG00003188,CUS0002723,2025-10-31,CTR,YOWRS
BKG00003189,CUS0004822,2026-04-12,OTA,GRPECO
BKG00003190,CUS0003854,2026-05-16,MOB,YOWRS
BKG00003191,CUS0003128,2025-08-18,CTR,YOWUS
BKG00003192,CUS0000413,2023-08-13,OTA,WOWBUS
BKG00003193,CUS0003922,2024-11-14,CTR,WOWBUS
BKG00003194,CUS0000551,2023-06-04,CTR,FLXFST
BKG00003195,CUS0004987,2024-09-05,MOB,GRPECO
BKG00003196,CUS0001413,2024-09-13,CTR,CLXBUS
BKG00003197,CUS0002718,2024-02-08,OTA,YOWUS
BKG00003198,CUS0000787,2023-10-07,CTR,BSSAVE
BKG00003199,CUS0001378,2025-08-16,AGT,GRPECO
BKG00003200,CUS0001332,2024-10-03,WEB,YOWUS
BKG00003201,CUS0001456,2023-11-22,CTR,WOWBUS
BKG00003202,CUS0002413,2023-12-06,CTR,BSSAVE
BKG00003203,CUS0001874,2023-08-17,MOB,BSSAVE
BKG00003204,CUS0000485,2024-06-15,OTA,YOWRS
BKG00003205,CUS0002273,2026-02-14,OTA,GRPECO
BKG00003206,CUS0002284,2025-01-14,AGT,WOWBUS
BKG00003207,CUS0001079,2024-01-06,AGT,YOWRS
BKG00003208,CUS0000541,2025-03-15,GDS,CLXSAV
BKG00003209,CUS0004730,2024-10-26,CTR,WOWBUS
BKG00003210,CUS0000084,2024-04-30,AGT,BSSAVE
BKG00003211,CUS0000107,2024-04-10,MOB,YOWUS
BKG00003212,CUS0001703,2024-12-30,WEB,CLXBUS
BKG00003213,CUS0001223,2024-10-22,MOB,BSSAVE
BKG00003214,CUS0001070,2025-03-12,AGT,GRPECO
BKG00003215,CUS0004080,2024-08-19,OTA,BSSAVE
BKG00003216,CUS0000846,2024-06-05,MOB,CLXSAV
BKG00003217,CUS0001589,2025-03-24,WEB,BSSAVE
BKG00003218,CUS0004124,2025-10-20,WEB,FLXFST
BKG00003219,CUS0002749,2024-06-17,WEB,FLXFST
BKG00003220,CUS0002077,2026-02-17,GDS,WOWBUS
BKG00003221,CUS0000024,2024-02-26,AGT,YOWUS
BKG00003222,CUS0002822,2023-05-29,AGT,WOWBUS
BKG00003223,CUS0003605,2025-04-18,GDS,GRPECO
BKG00003224,CUS0002916,2024-12-19,GDS,YOWRS
BKG00003225,CUS0004402,2024-08-04,MOB,BSSAVE
BKG00003226,CUS0000582,2024-01-04,AGT,YOWUS
BKG00003227,CUS0001327,2024-10-05,CTR,YOWRS
BKG00003228,CUS0003406,2024-11-13,AGT,YOWRS
BKG00003229,CUS0003848,2024-02-06,OTA,FLXFST
BKG00003230,CUS0004982,2024-06-07,WEB,BSSAVE
BKG00003231,CUS0004769,2024-08-29,AGT,WOWBUS
BKG00003232,CUS0000978,2026-05-07,WEB,CLXBUS
BKG00003233,CUS0002032,2025-10-21,AGT,CLXBUS
BKG00003234,CUS0000548,2024-06-06,CTR,FLXFST
BKG00003235,CUS0003211,2023-12-17,MOB,BSSAVE
BKG00003236,CUS0004649,2024-08-02,WEB,WOWBUS
BKG00003237,CUS0000971,2023-09-29,GDS,GRPECO
BKG00003238,CUS0000115,2024-10-09,CTR,YOWUS
BKG00003239,CUS0003006,2026-04-07,GDS,CLXSAV
BKG00003240,CUS0003422,2025-01-22,GDS,GRPECO
BKG00003241,CUS0000333,2025-07-15,GDS,WOWBUS
BKG00003242,CUS0003228,2025-09-27,MOB,YOWRS
BKG00003243,CUS0004673,2023-07-26,CTR,FLXFST
BKG00003244,CUS0002966,2026-03-15,OTA,YOWUS
BKG00003245,CUS0002484,2025-04-27,CTR,CLXBUS
BKG00003246,CUS0002087,2024-01-03,OTA,YOWUS
BKG00003247,CUS0003613,2025-09-28,GDS,FLXFST
BKG00003248,CUS0001609,2024-10-24,AGT,CLXBUS
BKG00003249,CUS0004954,2025-03-28,MOB,WOWBUS
BKG00003250,CUS0004650,2023-06-05,GDS,CLXSAV
BKG00003251,CUS0000070,2023-07-08,OTA,FLXFST
BKG00003252,CUS0001371,2025-06-20,GDS,WOWBUS
BKG00003253,CUS0001061,2024-04-29,MOB,FLXFST
BKG00003254,CUS0001104,2025-09-18,GDS,YOWRS
BKG00003255,CUS0000725,2025-08-27,OTA,BSSAVE
BKG00003256,CUS0002095,2026-01-07,MOB,FLXFST
BKG00003257,CUS0001126,2024-10-08,AGT,CLXSAV
BKG00003258,CUS0004545,2023-06-20,AGT,CLXSAV
BKG00003259,CUS0002184,2026-02-23,AGT,BSSAVE
BKG00003260,CUS0000831,2026-02-24,AGT,YOWUS
BKG00003261,CUS0004373,2023-11-24,AGT,GRPECO
BKG00003262,CUS0004868,2025-09-21,AGT,YOWRS
BKG00003263,CUS0003339,2023-06-03,MOB,WOWBUS
BKG00003264,CUS0002549,2026-04-01,AGT,YOWRS
BKG00003265,CUS0004922,2024-10-21,CTR,FLXFST
BKG00003266,CUS0002160,2023-09-25,MOB,WOWBUS
BKG00003267,CUS0004586,2023-06-08,OTA,WOWBUS
BKG00003268,CUS0001098,2024-12-20,AGT,CLXBUS
BKG00003269,CUS0003776,2023-11-22,MOB,CLXSAV
BKG00003270,CUS0000472,2026-05-09,OTA,WOWBUS
BKG00003271,CUS0001843,2023-09-26,MOB,CLXBUS
BKG00003272,CUS0001658,2025-10-27,WEB,WOWBUS
BKG00003273,CUS0000636,2024-04-05,WEB,CLXSAV
BKG00003274,CUS0004334,2023-10-03,GDS,FLXFST
BKG00003275,CUS0000230,2024-08-08,OTA,CLXBUS
BKG00003276,CUS0003030,2024-09-27,GDS,FLXFST
BKG00003277,CUS0004618,2023-06-16,AGT,CLXBUS
BKG00003278,CUS0004091,2024-09-19,OTA,GRPECO
BKG00003279,CUS0003289,2023-11-16,CTR,CLXBUS
BKG00003280,CUS0002749,2023-10-15,MOB,CLXSAV
BKG00003281,CUS0001966,2026-01-26,GDS,CLXSAV
BKG00003282,CUS0004623,2024-12-13,GDS,CLXBUS
BKG00003283,CUS0003220,2025-07-17,GDS,FLXFST
BKG00003284,CUS0000521,2026-05-22,GDS,WOWBUS
BKG00003285,CUS0002297,2023-12-09,MOB,YOWRS
BKG00003286,CUS0001451,2023-12-24,OTA,CLXBUS
BKG00003287,CUS0003031,2025-08-20,WEB,YOWUS
BKG00003288,CUS0004692,2024-01-08,OTA,CLXBUS
BKG00003289,CUS0004162,2024-09-22,WEB,CLXSAV
BKG00003290,CUS0001519,2025-07-16,GDS,BSSAVE
BKG00003291,CUS0002647,2024-12-01,OTA,FLXFST
BKG00003292,CUS0003253,2025-05-18,OTA,GRPECO
BKG00003293,CUS0001489,2025-04-19,WEB,WOWBUS
BKG00003294,CUS0000111,2023-06-07,GDS,CLXBUS
BKG00003295,CUS0001120,2024-02-09,MOB,CLXSAV
BKG00003296,CUS0004822,2025-10-14,WEB,CLXBUS
BKG00003297,CUS0001488,2025-10-06,GDS,YOWRS
BKG00003298,CUS0002343,2026-02-07,WEB,CLXBUS
BKG00003299,CUS0004461,2023-07-24,CTR,WOWBUS
BKG00003300,CUS0002031,2025-04-24,MOB,FLXFST
BKG00003301,CUS0000954,2023-11-22,OTA,CLXSAV
BKG00003302,CUS0002531,2025-12-26,MOB,YOWUS
BKG00003303,CUS0003710,2026-02-12,CTR,FLXFST
BKG00003304,CUS0001803,2024-12-16,AGT,GRPECO
BKG00003305,CUS0001852,2025-03-08,WEB,YOWUS
BKG00003306,CUS0000246,2023-07-07,CTR,YOWRS
BKG00003307,CUS0004061,2024-11-09,CTR,CLXSAV
BKG00003308,CUS0001369,2023-12-16,MOB,YOWRS
BKG00003309,CUS0000651,2025-07-25,OTA,GRPECO
BKG00003310,CUS0000757,2024-12-05,CTR,CLXBUS
BKG00003311,CUS0002608,2026-02-18,MOB,WOWBUS
BKG00003312,CUS0002972,2026-05-24,AGT,CLXBUS
BKG00003313,CUS0001444,2026-04-17,GDS,GRPECO
BKG00003314,CUS0002128,2024-12-29,OTA,GRPECO
BKG00003315,CUS0000399,2024-01-08,WEB,GRPECO
BKG00003316,CUS0001590,2024-11-04,AGT,BSSAVE
BKG00003317,CUS0000208,2024-10-12,AGT,FLXFST
BKG00003318,CUS0002798,2026-02-14,AGT,BSSAVE
BKG00003319,CUS0001824,2025-08-06,GDS,GRPECO
BKG00003320,CUS0003711,2023-09-22,MOB,FLXFST
BKG00003321,CUS0003280,2026-05-13,AGT,CLXSAV
BKG00003322,CUS0003332,2024-06-04,MOB,WOWBUS
BKG00003323,CUS0003835,2025-03-02,WEB,YOWRS
BKG00003324,CUS0002283,2025-01-03,WEB,YOWUS
BKG00003325,CUS0002926,2025-02-17,MOB,GRPECO
BKG00003326,CUS0004400,2023-10-02,WEB,YOWUS
BKG00003327,CUS0003011,2025-08-29,OTA,YOWUS
BKG00003328,CUS0000298,2025-10-02,WEB,BSSAVE
BKG00003329,CUS0003964,2023-07-15,AGT,BSSAVE
BKG00003330,CUS0001049,2023-08-13,WEB,CLXBUS
BKG00003331,CUS0001527,2026-01-06,OTA,GRPECO
BKG00003332,CUS0001597,2026-03-07,WEB,FLXFST
BKG00003333,CUS0000217,2026-04-26,CTR,CLXBUS
BKG00003334,CUS0001858,2025-05-05,CTR,YOWRS
BKG00003335,CUS0001783,2024-01-21,GDS,YOWRS
BKG00003336,CUS0004050,2024-07-25,MOB,YOWUS
BKG00003337,CUS0001626,2024-12-18,WEB,WOWBUS
BKG00003338,CUS0003098,2025-12-17,CTR,CLXSAV
BKG00003339,CUS0002876,2024-12-23,AGT,BSSAVE
BKG00003340,CUS0004245,2024-10-10,GDS,BSSAVE
BKG00003341,CUS0000220,2024-01-05,CTR,BSSAVE
BKG00003342,CUS0004716,2023-10-18,AGT,GRPECO
BKG00003343,CUS0002017,2023-12-24,OTA,BSSAVE
BKG00003344,CUS0003060,2023-12-21,CTR,CLXSAV
BKG00003345,CUS0001747,2023-11-03,MOB,BSSAVE
BKG00003346,CUS0001385,2024-10-16,MOB,GRPECO
BKG00003347,CUS0001859,2024-12-19,AGT,WOWBUS
BKG00003348,CUS0004278,2025-02-12,CTR,BSSAVE
BKG00003349,CUS0000012,2026-04-18,OTA,CLXSAV
BKG00003350,CUS0003881,2024-03-18,AGT,WOWBUS
BKG00003351,CUS0002901,2023-11-06,MOB,BSSAVE
BKG00003352,CUS0001857,2026-04-02,GDS,FLXFST
BKG00003353,CUS0000714,2024-07-28,CTR,CLXSAV
BKG00003354,CUS0000285,2026-03-13,GDS,FLXFST
BKG00003355,CUS0000751,2024-07-03,WEB,GRPECO
BKG00003356,CUS0000374,2026-03-24,CTR,BSSAVE
BKG00003357,CUS0003188,2023-07-07,CTR,GRPECO
BKG00003358,CUS0000990,2024-07-14,CTR,BSSAVE
BKG00003359,CUS0001638,2024-10-08,GDS,YOWUS
BKG00003360,CUS0000809,2026-04-18,WEB,GRPECO
BKG00003361,CUS0001022,2025-04-01,MOB,FLXFST
BKG00003362,CUS0000818,2025-07-13,OTA,WOWBUS
BKG00003363,CUS0004574,2024-07-05,AGT,BSSAVE
BKG00003364,CUS0000735,2025-06-16,GDS,FLXFST
BKG00003365,CUS0002148,2025-05-01,CTR,CLXBUS
BKG00003366,CUS0003298,2024-10-11,GDS,WOWBUS
BKG00003367,CUS0002657,2025-04-02,GDS,CLXBUS
BKG00003368,CUS0001074,2024-01-30,MOB,WOWBUS
BKG00003369,CUS0001776,2025-01-05,AGT,BSSAVE
BKG00003370,CUS0001161,2026-01-13,MOB,YOWUS
BKG00003371,CUS0000870,2023-11-23,CTR,CLXBUS
BKG00003372,CUS0002079,2024-08-14,MOB,CLXSAV
BKG00003373,CUS0004590,2024-02-20,AGT,BSSAVE
BKG00003374,CUS0001509,2024-01-31,MOB,CLXSAV
BKG00003375,CUS0003318,2026-02-20,WEB,FLXFST
BKG00003376,CUS0001500,2025-11-13,CTR,CLXSAV
BKG00003377,CUS0001730,2024-01-05,OTA,YOWUS
BKG00003378,CUS0003192,2025-05-03,MOB,GRPECO
BKG00003379,CUS0002005,2023-11-05,WEB,YOWRS
BKG00003380,CUS0004355,2023-05-31,WEB,CLXBUS
BKG00003381,CUS0003251,2025-01-11,AGT,GRPECO
BKG00003382,CUS0002260,2025-12-01,WEB,WOWBUS
BKG00003383,CUS0000052,2025-06-11,GDS,CLXSAV
BKG00003384,CUS0001877,2025-02-13,CTR,CLXBUS
BKG00003385,CUS0001000,2025-04-17,AGT,CLXSAV
BKG00003386,CUS0001217,2024-09-27,WEB,YOWRS
BKG00003387,CUS0001801,2024-10-28,GDS,BSSAVE
BKG00003388,CUS0003288,2026-01-23,AGT,YOWUS
BKG00003389,CUS0004168,2025-08-07,OTA,FLXFST
BKG00003390,CUS0001878,2024-06-12,CTR,GRPECO
BKG00003391,CUS0002994,2023-10-21,GDS,YOWRS
BKG00003392,CUS0002571,2023-09-26,AGT,CLXBUS
BKG00003393,CUS0003901,2023-08-20,WEB,CLXSAV
BKG00003394,CUS0002609,2025-08-29,OTA,YOWRS
BKG00003395,CUS0001428,2023-11-03,AGT,YOWRS
BKG00003396,CUS0003018,2024-02-06,WEB,FLXFST
BKG00003397,CUS0002193,2024-03-18,WEB,YOWRS
BKG00003398,CUS0004639,2024-07-14,AGT,CLXSAV
BKG00003399,CUS0002703,2025-09-04,GDS,CLXBUS
BKG00003400,CUS0000139,2025-12-15,CTR,YOWRS
BKG00003401,CUS0004721,2024-06-12,AGT,FLXFST
BKG00003402,CUS0004854,2024-03-08,MOB,CLXSAV
BKG00003403,CUS0003694,2024-04-22,CTR,GRPECO
BKG00003404,CUS0002931,2025-01-19,MOB,YOWUS
BKG00003405,CUS0003909,2024-08-19,WEB,BSSAVE
BKG00003406,CUS0000149,2026-02-09,OTA,BSSAVE
BKG00003407,CUS0003561,2024-10-25,MOB,YOWUS
BKG00003408,CUS0000583,2023-10-13,CTR,GRPECO
BKG00003409,CUS0000788,2026-04-04,MOB,YOWRS
BKG00003410,CUS0001227,2023-11-22,OTA,YOWRS
BKG00003411,CUS0001654,2025-09-18,CTR,WOWBUS
BKG00003412,CUS0003523,2025-03-26,CTR,FLXFST
BKG00003413,CUS0003791,2024-10-11,CTR,GRPECO
BKG00003414,CUS0003326,2025-12-31,WEB,GRPECO
BKG00003415,CUS0001767,2025-08-14,WEB,BSSAVE
BKG00003416,CUS0003493,2026-02-03,GDS,GRPECO
BKG00003417,CUS0001896,2023-10-05,WEB,BSSAVE
BKG00003418,CUS0001081,2025-05-19,GDS,FLXFST
BKG00003419,CUS0000232,2025-03-24,GDS,CLXSAV
BKG00003420,CUS0004725,2023-06-01,CTR,GRPECO
BKG00003421,CUS0004463,2025-09-30,GDS,CLXSAV
BKG00003422,CUS0001944,2026-03-21,AGT,WOWBUS
BKG00003423,CUS0004684,2023-08-06,AGT,CLXBUS
BKG00003424,CUS0001664,2025-05-29,WEB,YOWRS
BKG00003425,CUS0003132,2025-12-13,OTA,CLXBUS
BKG00003426,CUS0001544,2024-08-07,WEB,CLXSAV
BKG00003427,CUS0001489,2025-02-10,MOB,YOWRS
BKG00003428,CUS0001186,2025-02-21,WEB,BSSAVE
BKG00003429,CUS0000992,2023-11-11,CTR,YOWRS
BKG00003430,CUS0002884,2024-05-09,WEB,CLXSAV
BKG00003431,CUS0003984,2023-08-27,GDS,CLXBUS
BKG00003432,CUS0002317,2024-04-01,CTR,GRPECO
BKG00003433,CUS0002328,2023-06-30,GDS,YOWUS
BKG00003434,CUS0000410,2024-05-27,WEB,BSSAVE
BKG00003435,CUS0003448,2024-11-14,CTR,GRPECO
BKG00003436,CUS0003242,2025-01-08,OTA,CLXBUS
BKG00003437,CUS0004463,2024-01-06,AGT,FLXFST
BKG00003438,CUS0004067,2026-01-27,GDS,CLXBUS
BKG00003439,CUS0004690,2024-02-23,GDS,GRPECO
BKG00003440,CUS0002536,2023-10-05,WEB,FLXFST
BKG00003441,CUS0001650,2024-03-14,GDS,CLXSAV
BKG00003442,CUS0003495,2024-11-02,AGT,YOWUS
BKG00003443,CUS0002105,2023-06-14,OTA,YOWUS
BKG00003444,CUS0000189,2025-02-03,GDS,WOWBUS
BKG00003445,CUS0002892,2024-07-07,OTA,WOWBUS
BKG00003446,CUS0003853,2025-05-25,MOB,YOWUS
BKG00003447,CUS0004824,2023-12-18,AGT,FLXFST
BKG00003448,CUS0002232,2026-04-06,CTR,FLXFST
BKG00003449,CUS0001528,2023-07-02,GDS,GRPECO
BKG00003450,CUS0000648,2026-03-14,WEB,CLXSAV
BKG00003451,CUS0001126,2026-01-29,CTR,FLXFST
BKG00003452,CUS0001825,2025-11-30,OTA,WOWBUS
BKG00003453,CUS0000406,2024-12-26,AGT,CLXSAV
BKG00003454,CUS0004863,2025-08-30,GDS,YOWUS
BKG00003455,CUS0001469,2025-05-22,OTA,CLXSAV
BKG00003456,CUS0000903,2025-02-10,MOB,BSSAVE
BKG00003457,CUS0003791,2023-06-12,GDS,WOWBUS
BKG00003458,CUS0003495,2026-04-11,OTA,WOWBUS
BKG00003459,CUS0000642,2023-09-09,OTA,CLXBUS
BKG00003460,CUS0004297,2026-05-14,CTR,CLXSAV
BKG00003461,CUS0003224,2026-02-05,OTA,CLXBUS
BKG00003462,CUS0003392,2024-01-28,AGT,FLXFST
BKG00003463,CUS0002032,2023-10-13,OTA,CLXSAV
BKG00003464,CUS0002145,2024-05-26,OTA,WOWBUS
BKG00003465,CUS0002519,2026-04-28,AGT,CLXBUS
BKG00003466,CUS0000598,2024-05-04,OTA,YOWRS
BKG00003467,CUS0003241,2023-08-10,CTR,WOWBUS
BKG00003468,CUS0004977,2024-11-01,MOB,CLXBUS
BKG00003469,CUS0002260,2025-05-19,CTR,GRPECO
BKG00003470,CUS0002336,2026-03-22,MOB,CLXBUS
BKG00003471,CUS0003359,2023-10-07,OTA,YOWUS
BKG00003472,CUS0004308,2024-12-04,AGT,BSSAVE
BKG00003473,CUS0001197,2023-11-06,MOB,YOWUS
BKG00003474,CUS0004861,2025-12-11,OTA,FLXFST
BKG00003475,CUS0001052,2024-12-06,CTR,GRPECO
BKG00003476,CUS0001791,2025-12-28,CTR,CLXBUS
BKG00003477,CUS0000818,2024-05-04,MOB,BSSAVE
BKG00003478,CUS0000849,2024-03-31,WEB,GRPECO
BKG00003479,CUS0001058,2025-06-07,WEB,BSSAVE
BKG00003480,CUS0000944,2023-12-29,GDS,YOWUS
BKG00003481,CUS0003924,2024-12-16,OTA,CLXBUS
BKG00003482,CUS0004249,2023-09-27,OTA,WOWBUS
BKG00003483,CUS0002352,2024-04-12,AGT,FLXFST
BKG00003484,CUS0003036,2024-05-10,OTA,GRPECO
BKG00003485,CUS0004798,2025-08-31,MOB,BSSAVE
BKG00003486,CUS0000306,2025-03-28,MOB,YOWUS
BKG00003487,CUS0000352,2024-04-21,OTA,CLXBUS
BKG00003488,CUS0004643,2025-11-04,GDS,CLXBUS
BKG00003489,CUS0003126,2025-12-29,WEB,BSSAVE
BKG00003490,CUS0001831,2025-04-24,CTR,YOWUS
BKG00003491,CUS0000225,2024-11-15,MOB,CLXSAV
BKG00003492,CUS0000874,2024-08-15,MOB,YOWRS
BKG00003493,CUS0001672,2025-03-29,AGT,GRPECO
BKG00003494,CUS0002731,2025-09-20,GDS,CLXSAV
BKG00003495,CUS0004332,2024-01-17,AGT,FLXFST
BKG00003496,CUS0001560,2026-05-15,OTA,CLXSAV
BKG00003497,CUS0003862,2024-03-18,WEB,FLXFST
BKG00003498,CUS0000647,2025-07-19,CTR,WOWBUS
BKG00003499,CUS0000564,2024-11-01,OTA,CLXSAV
BKG00003500,CUS0004527,2025-05-30,OTA,WOWBUS
BKG00003501,CUS0002125,2024-03-27,AGT,CLXSAV
BKG00003502,CUS0003249,2023-11-29,GDS,WOWBUS
BKG00003503,CUS0000694,2023-12-11,WEB,WOWBUS
BKG00003504,CUS0004441,2024-12-18,CTR,CLXSAV
BKG00003505,CUS0000394,2025-04-19,MOB,CLXBUS
BKG00003506,CUS0001504,2024-04-22,MOB,FLXFST
BKG00003507,CUS0001291,2024-05-05,AGT,BSSAVE
BKG00003508,CUS0000275,2024-07-20,MOB,WOWBUS
BKG00003509,CUS0002540,2023-07-22,GDS,CLXBUS
BKG00003510,CUS0001501,2024-09-23,OTA,FLXFST
BKG00003511,CUS0001704,2024-03-18,AGT,YOWRS
BKG00003512,CUS0000154,2024-06-15,OTA,WOWBUS
BKG00003513,CUS0003693,2025-10-16,AGT,FLXFST
BKG00003514,CUS0004133,2025-11-09,AGT,FLXFST
BKG00003515,CUS0004426,2026-02-19,WEB,YOWUS
BKG00003516,CUS0004524,2023-06-06,AGT,CLXSAV
BKG00003517,CUS0001154,2026-03-19,CTR,CLXBUS
BKG00003518,CUS0003125,2024-02-14,CTR,YOWUS
BKG00003519,CUS0001254,2025-03-08,AGT,YOWRS
BKG00003520,CUS0003992,2024-11-02,GDS,CLXBUS
BKG00003521,CUS0000528,2025-12-22,GDS,CLXBUS
BKG00003522,CUS0001543,2024-01-14,WEB,CLXBUS
BKG00003523,CUS0001703,2025-03-30,OTA,YOWUS
BKG00003524,CUS0001272,2025-02-07,MOB,CLXSAV
BKG00003525,CUS0000385,2024-10-21,MOB,BSSAVE
BKG00003526,CUS0004581,2023-06-27,CTR,CLXBUS
BKG00003527,CUS0003459,2025-10-20,GDS,CLXSAV
BKG00003528,CUS0001485,2024-05-25,GDS,CLXSAV
BKG00003529,CUS0001307,2025-06-13,MOB,WOWBUS
BKG00003530,CUS0001094,2024-03-31,CTR,BSSAVE
BKG00003531,CUS0001916,2023-08-02,WEB,BSSAVE
BKG00003532,CUS0000134,2023-08-20,MOB,CLXSAV
BKG00003533,CUS0003288,2023-10-25,CTR,YOWRS
BKG00003534,CUS0001766,2025-02-24,MOB,YOWUS
BKG00003535,CUS0001882,2024-03-25,WEB,WOWBUS
BKG00003536,CUS0001617,2025-09-28,OTA,FLXFST
BKG00003537,CUS0003838,2025-09-15,GDS,YOWRS
BKG00003538,CUS0001007,2023-09-11,AGT,FLXFST
BKG00003539,CUS0003738,2025-05-30,OTA,YOWUS
BKG00003540,CUS0003585,2025-06-22,GDS,BSSAVE
BKG00003541,CUS0003919,2023-12-14,CTR,CLXSAV
BKG00003542,CUS0002583,2026-04-02,MOB,YOWUS
BKG00003543,CUS0001422,2024-01-16,OTA,CLXSAV
BKG00003544,CUS0001726,2023-06-16,WEB,YOWRS
BKG00003545,CUS0001418,2023-10-07,MOB,CLXBUS
BKG00003546,CUS0003995,2023-06-10,MOB,WOWBUS
BKG00003547,CUS0000238,2026-01-27,MOB,CLXBUS
BKG00003548,CUS0001080,2024-03-12,WEB,BSSAVE
BKG00003549,CUS0004426,2024-02-18,OTA,GRPECO
BKG00003550,CUS0000558,2025-08-02,CTR,YOWUS
BKG00003551,CUS0000745,2024-05-01,GDS,BSSAVE
BKG00003552,CUS0001339,2023-10-05,AGT,BSSAVE
BKG00003553,CUS0002398,2023-09-30,WEB,CLXSAV
BKG00003554,CUS0000480,2023-09-05,GDS,FLXFST
BKG00003555,CUS0002122,2023-06-02,AGT,GRPECO
BKG00003556,CUS0000833,2024-03-11,GDS,GRPECO
BKG00003557,CUS0002631,2025-12-29,OTA,FLXFST
BKG00003558,CUS0000868,2025-05-11,CTR,BSSAVE
BKG00003559,CUS0002161,2024-08-21,WEB,FLXFST
BKG00003560,CUS0002948,2025-05-31,AGT,WOWBUS
BKG00003561,CUS0004398,2024-01-18,GDS,BSSAVE
BKG00003562,CUS0003844,2025-12-08,AGT,BSSAVE
BKG00003563,CUS0002782,2024-12-23,CTR,YOWRS
BKG00003564,CUS0001474,2025-03-31,MOB,CLXSAV
BKG00003565,CUS0004906,2026-05-18,WEB,CLXSAV
BKG00003566,CUS0003157,2024-08-15,GDS,CLXBUS
BKG00003567,CUS0002087,2025-03-12,CTR,BSSAVE
BKG00003568,CUS0002027,2026-03-07,GDS,WOWBUS
BKG00003569,CUS0001538,2025-11-01,GDS,YOWRS
BKG00003570,CUS0001527,2026-02-05,WEB,BSSAVE
BKG00003571,CUS0000693,2024-08-27,WEB,YOWUS
BKG00003572,CUS0000977,2025-06-23,CTR,GRPECO
BKG00003573,CUS0004207,2026-05-17,WEB,WOWBUS
BKG00003574,CUS0002840,2023-09-16,AGT,FLXFST
BKG00003575,CUS0000410,2024-06-11,AGT,YOWRS
BKG00003576,CUS0003723,2026-05-13,WEB,GRPECO
BKG00003577,CUS0002387,2023-07-30,AGT,YOWUS
BKG00003578,CUS0001848,2025-05-02,CTR,BSSAVE
BKG00003579,CUS0002888,2024-01-02,WEB,CLXBUS
BKG00003580,CUS0002908,2023-06-23,MOB,CLXSAV
BKG00003581,CUS0000897,2025-03-08,GDS,YOWRS
BKG00003582,CUS0001415,2023-11-06,MOB,BSSAVE
BKG00003583,CUS0004033,2023-06-04,GDS,CLXBUS
BKG00003584,CUS0002047,2024-03-01,MOB,GRPECO
BKG00003585,CUS0001490,2025-07-16,MOB,YOWUS
BKG00003586,CUS0002955,2024-06-03,OTA,BSSAVE
BKG00003587,CUS0001183,2024-07-26,WEB,FLXFST
BKG00003588,CUS0001444,2025-10-30,GDS,CLXSAV
BKG00003589,CUS0002136,2025-03-21,CTR,FLXFST
BKG00003590,CUS0001576,2026-02-10,MOB,YOWUS
BKG00003591,CUS0004421,2023-05-27,MOB,WOWBUS
BKG00003592,CUS0002375,2025-02-10,OTA,CLXBUS
BKG00003593,CUS0003628,2026-01-21,WEB,CLXBUS
BKG00003594,CUS0004115,2026-03-09,CTR,GRPECO
BKG00003595,CUS0004167,2023-11-08,CTR,CLXSAV
BKG00003596,CUS0000097,2025-01-17,OTA,GRPECO
BKG00003597,CUS0000171,2024-07-27,MOB,YOWUS
BKG00003598,CUS0003066,2026-05-15,CTR,FLXFST
BKG00003599,CUS0004158,2025-10-01,AGT,CLXSAV
BKG00003600,CUS0000585,2024-04-20,CTR,CLXSAV
BKG00003601,CUS0001553,2023-11-19,AGT,GRPECO
BKG00003602,CUS0004071,2024-03-09,OTA,BSSAVE
BKG00003603,CUS0003255,2024-04-01,GDS,WOWBUS
BKG00003604,CUS0001311,2023-07-12,CTR,CLXSAV
BKG00003605,CUS0003393,2025-01-31,MOB,CLXBUS
BKG00003606,CUS0001516,2025-07-22,GDS,GRPECO
BKG00003607,CUS0003885,2023-09-17,OTA,BSSAVE
BKG00003608,CUS0001311,2024-02-17,OTA,BSSAVE
BKG00003609,CUS0000144,2024-10-01,GDS,YOWRS
BKG00003610,CUS0003272,2025-07-21,OTA,YOWRS
BKG00003611,CUS0001162,2025-05-30,CTR,BSSAVE
BKG00003612,CUS0000228,2025-08-21,AGT,CLXSAV
BKG00003613,CUS0004692,2023-11-16,AGT,BSSAVE
BKG00003614,CUS0001237,2026-02-18,CTR,CLXBUS
BKG00003615,CUS0000959,2026-01-28,WEB,CLXSAV
BKG00003616,CUS0003363,2023-10-03,MOB,YOWUS
BKG00003617,CUS0001243,2026-04-05,CTR,CLXSAV
BKG00003618,CUS0002588,2023-08-27,AGT,FLXFST
BKG00003619,CUS0001906,2023-12-14,GDS,WOWBUS
BKG00003620,CUS0003796,2024-11-08,AGT,BSSAVE
BKG00003621,CUS0003348,2024-02-23,MOB,CLXBUS
BKG00003622,CUS0001474,2025-06-22,WEB,FLXFST
BKG00003623,CUS0003089,2023-07-27,WEB,CLXSAV
BKG00003624,CUS0002124,2025-03-17,CTR,YOWUS
BKG00003625,CUS0004516,2026-02-09,OTA,YOWRS
BKG00003626,CUS0001594,2023-10-25,MOB,YOWRS
BKG00003627,CUS0001828,2023-12-28,AGT,YOWUS
BKG00003628,CUS0000358,2023-12-29,OTA,WOWBUS
BKG00003629,CUS0001287,2025-01-20,WEB,YOWRS
BKG00003630,CUS0001449,2023-07-19,MOB,YOWRS
BKG00003631,CUS0001417,2026-04-13,WEB,CLXSAV
BKG00003632,CUS0002426,2025-03-05,CTR,YOWRS
BKG00003633,CUS0003052,2026-05-04,CTR,BSSAVE
BKG00003634,CUS0003568,2023-10-19,CTR,FLXFST
BKG00003635,CUS0004390,2024-08-13,GDS,FLXFST
BKG00003636,CUS0002441,2024-02-18,WEB,YOWRS
BKG00003637,CUS0004775,2024-06-16,WEB,CLXSAV
BKG00003638,CUS0002148,2024-09-21,CTR,YOWUS
BKG00003639,CUS0003191,2025-09-26,OTA,CLXBUS
BKG00003640,CUS0001095,2025-03-27,AGT,YOWUS
BKG00003641,CUS0000349,2024-07-21,GDS,BSSAVE
BKG00003642,CUS0004670,2023-09-29,CTR,GRPECO
BKG00003643,CUS0003623,2024-08-27,AGT,GRPECO
BKG00003644,CUS0002004,2024-10-28,OTA,CLXSAV
BKG00003645,CUS0003177,2025-07-27,AGT,FLXFST
BKG00003646,CUS0002309,2024-03-04,GDS,CLXBUS
BKG00003647,CUS0000973,2024-05-10,CTR,FLXFST
BKG00003648,CUS0001060,2023-08-30,MOB,CLXBUS
BKG00003649,CUS0001477,2024-03-31,WEB,BSSAVE
BKG00003650,CUS0003573,2026-05-11,MOB,BSSAVE
BKG00003651,CUS0000616,2025-09-05,MOB,BSSAVE
BKG00003652,CUS0000141,2024-09-04,OTA,YOWRS
BKG00003653,CUS0000373,2024-02-05,OTA,BSSAVE
BKG00003654,CUS0002073,2025-10-11,CTR,WOWBUS
BKG00003655,CUS0000924,2025-05-18,OTA,GRPECO
BKG00003656,CUS0004187,2024-03-28,CTR,YOWRS
BKG00003657,CUS0000738,2024-05-15,GDS,GRPECO
BKG00003658,CUS0001257,2024-03-31,GDS,CLXBUS
BKG00003659,CUS0004714,2023-06-27,AGT,YOWRS
BKG00003660,CUS0001318,2025-04-08,CTR,WOWBUS
BKG00003661,CUS0000909,2025-04-16,AGT,YOWUS
BKG00003662,CUS0000468,2024-04-04,MOB,FLXFST
BKG00003663,CUS0003460,2025-05-18,GDS,YOWUS
BKG00003664,CUS0001378,2024-12-18,AGT,YOWUS
BKG00003665,CUS0000512,2024-04-20,WEB,CLXSAV
BKG00003666,CUS0001612,2024-09-17,AGT,BSSAVE
BKG00003667,CUS0004418,2025-07-08,OTA,WOWBUS
BKG00003668,CUS0004457,2024-07-19,GDS,WOWBUS
BKG00003669,CUS0000790,2025-05-17,WEB,CLXSAV
BKG00003670,CUS0000381,2024-07-29,OTA,BSSAVE
BKG00003671,CUS0002214,2025-01-03,MOB,WOWBUS
BKG00003672,CUS0004505,2024-08-28,AGT,YOWUS
BKG00003673,CUS0002911,2023-06-11,CTR,BSSAVE
BKG00003674,CUS0003424,2024-01-13,CTR,BSSAVE
BKG00003675,CUS0004625,2024-03-19,CTR,YOWUS
BKG00003676,CUS0000489,2023-06-17,GDS,FLXFST
BKG00003677,CUS0004375,2024-11-25,AGT,FLXFST
BKG00003678,CUS0001344,2024-11-26,GDS,FLXFST
BKG00003679,CUS0002000,2026-02-23,MOB,BSSAVE
BKG00003680,CUS0004554,2024-09-13,MOB,FLXFST
BKG00003681,CUS0001670,2026-05-07,MOB,GRPECO
BKG00003682,CUS0003339,2023-09-27,AGT,YOWRS
BKG00003683,CUS0004143,2023-12-09,OTA,YOWRS
BKG00003684,CUS0004443,2023-11-18,GDS,BSSAVE
BKG00003685,CUS0003258,2024-01-23,GDS,YOWRS
BKG00003686,CUS0002031,2024-09-15,GDS,CLXBUS
BKG00003687,CUS0000891,2024-01-05,WEB,YOWRS
BKG00003688,CUS0001556,2025-08-10,MOB,BSSAVE
BKG00003689,CUS0001648,2024-04-18,MOB,BSSAVE
BKG00003690,CUS0000813,2024-10-23,AGT,WOWBUS
BKG00003691,CUS0002862,2026-02-09,MOB,GRPECO
BKG00003692,CUS0004916,2025-12-07,AGT,YOWRS
BKG00003693,CUS0004329,2026-01-25,GDS,CLXSAV
BKG00003694,CUS0000163,2024-06-23,GDS,GRPECO
BKG00003695,CUS0004039,2025-01-25,GDS,YOWRS
BKG00003696,CUS0000356,2023-09-06,GDS,CLXSAV
BKG00003697,CUS0004768,2023-08-25,MOB,YOWUS
BKG00003698,CUS0004410,2026-03-12,CTR,YOWRS
BKG00003699,CUS0002183,2025-02-23,MOB,YOWRS
BKG00003700,CUS0001044,2023-06-13,GDS,GRPECO
BKG00003701,CUS0003357,2026-01-20,WEB,GRPECO
BKG00003702,CUS0004122,2023-11-25,AGT,YOWRS
BKG00003703,CUS0002887,2024-08-03,CTR,FLXFST
BKG00003704,CUS0004748,2023-08-09,CTR,WOWBUS
BKG00003705,CUS0004433,2024-06-03,AGT,CLXBUS
BKG00003706,CUS0002867,2024-05-18,AGT,GRPECO
BKG00003707,CUS0001460,2025-01-12,AGT,YOWUS
BKG00003708,CUS0001235,2025-07-03,AGT,FLXFST
BKG00003709,CUS0003088,2025-03-18,OTA,FLXFST
BKG00003710,CUS0004374,2025-11-30,GDS,BSSAVE
BKG00003711,CUS0002900,2023-11-14,CTR,YOWRS
BKG00003712,CUS0001134,2023-12-22,OTA,GRPECO
BKG00003713,CUS0001673,2024-05-03,OTA,BSSAVE
BKG00003714,CUS0002814,2024-11-19,OTA,WOWBUS
BKG00003715,CUS0004935,2026-04-08,OTA,FLXFST
BKG00003716,CUS0000074,2025-04-18,GDS,CLXBUS
BKG00003717,CUS0001119,2025-10-31,CTR,YOWUS
BKG00003718,CUS0003646,2023-11-04,OTA,GRPECO
BKG00003719,CUS0001170,2023-07-08,CTR,FLXFST
BKG00003720,CUS0003466,2023-06-09,CTR,CLXBUS
BKG00003721,CUS0000516,2026-02-04,GDS,FLXFST
BKG00003722,CUS0003969,2024-03-11,WEB,YOWUS
BKG00003723,CUS0004533,2024-03-24,CTR,GRPECO
BKG00003724,CUS0002515,2023-10-23,AGT,GRPECO
BKG00003725,CUS0002089,2025-01-31,CTR,CLXSAV
BKG00003726,CUS0004678,2025-04-27,OTA,FLXFST
BKG00003727,CUS0002260,2024-12-21,WEB,WOWBUS
BKG00003728,CUS0004983,2025-12-27,CTR,CLXBUS
BKG00003729,CUS0000922,2023-06-07,GDS,GRPECO
BKG00003730,CUS0001987,2025-01-27,OTA,GRPECO
BKG00003731,CUS0004252,2024-02-25,AGT,CLXSAV
BKG00003732,CUS0001690,2023-07-16,GDS,YOWRS
BKG00003733,CUS0003120,2025-06-26,OTA,YOWUS
BKG00003734,CUS0002173,2023-06-06,OTA,CLXSAV
BKG00003735,CUS0000081,2025-10-28,CTR,BSSAVE
BKG00003736,CUS0004217,2025-08-17,GDS,YOWUS
BKG00003737,CUS0002677,2025-01-20,MOB,YOWRS
BKG00003738,CUS0000258,2025-04-22,MOB,FLXFST
BKG00003739,CUS0001144,2026-04-17,GDS,YOWUS
BKG00003740,CUS0003250,2025-11-03,GDS,CLXBUS
BKG00003741,CUS0004530,2024-10-22,CTR,YOWUS
BKG00003742,CUS0000149,2023-10-05,CTR,BSSAVE
BKG00003743,CUS0002217,2024-08-27,CTR,CLXBUS
BKG00003744,CUS0002938,2024-04-01,CTR,YOWRS
BKG00003745,CUS0001815,2023-08-30,WEB,WOWBUS
BKG00003746,CUS0000338,2025-02-07,OTA,GRPECO
BKG00003747,CUS0002500,2024-12-25,AGT,WOWBUS
BKG00003748,CUS0004875,2026-05-13,AGT,GRPECO
BKG00003749,CUS0002146,2025-07-14,AGT,YOWRS
BKG00003750,CUS0004533,2024-12-06,OTA,FLXFST
BKG00003751,CUS0001938,2024-09-28,WEB,BSSAVE
BKG00003752,CUS0003663,2025-06-29,OTA,YOWUS
BKG00003753,CUS0000388,2026-04-21,WEB,WOWBUS
BKG00003754,CUS0000377,2025-04-12,AGT,CLXSAV
BKG00003755,CUS0003198,2024-11-19,AGT,FLXFST
BKG00003756,CUS0000835,2024-09-09,CTR,CLXSAV
BKG00003757,CUS0001666,2024-07-25,WEB,CLXSAV
BKG00003758,CUS0003174,2025-10-14,OTA,YOWRS
BKG00003759,CUS0004571,2023-11-30,OTA,WOWBUS
BKG00003760,CUS0003591,2026-01-30,CTR,CLXBUS
BKG00003761,CUS0003539,2024-12-30,GDS,YOWUS
BKG00003762,CUS0004118,2023-07-29,GDS,YOWUS
BKG00003763,CUS0000970,2026-03-31,CTR,GRPECO
BKG00003764,CUS0001328,2025-04-03,GDS,YOWUS
BKG00003765,CUS0000256,2023-10-07,WEB,WOWBUS
BKG00003766,CUS0003504,2025-06-25,OTA,YOWRS
BKG00003767,CUS0000390,2024-02-05,MOB,CLXBUS
BKG00003768,CUS0002422,2023-09-26,OTA,CLXBUS
BKG00003769,CUS0001078,2024-11-25,CTR,YOWUS
BKG00003770,CUS0003223,2025-02-16,GDS,CLXBUS
BKG00003771,CUS0002810,2025-02-18,GDS,FLXFST
BKG00003772,CUS0003066,2024-03-20,MOB,CLXBUS
BKG00003773,CUS0000317,2025-11-24,GDS,BSSAVE
BKG00003774,CUS0001033,2025-03-19,WEB,CLXSAV
BKG00003775,CUS0002820,2024-02-27,CTR,FLXFST
BKG00003776,CUS0003914,2025-05-01,MOB,CLXSAV
BKG00003777,CUS0003486,2025-12-04,MOB,BSSAVE
BKG00003778,CUS0001482,2024-12-05,WEB,YOWUS
BKG00003779,CUS0002718,2024-07-19,MOB,WOWBUS
BKG00003780,CUS0002416,2026-03-08,GDS,YOWUS
BKG00003781,CUS0002119,2026-01-18,GDS,CLXBUS
BKG00003782,CUS0003936,2024-03-29,GDS,CLXBUS
BKG00003783,CUS0004434,2023-08-23,OTA,CLXSAV
BKG00003784,CUS0003051,2024-08-22,CTR,WOWBUS
BKG00003785,CUS0004922,2023-08-16,GDS,CLXSAV
BKG00003786,CUS0001399,2026-03-30,WEB,WOWBUS
BKG00003787,CUS0004378,2025-03-21,MOB,CLXSAV
BKG00003788,CUS0000051,2024-08-11,GDS,YOWRS
BKG00003789,CUS0001124,2025-10-09,OTA,CLXSAV
BKG00003790,CUS0002849,2025-04-18,MOB,YOWRS
BKG00003791,CUS0001362,2023-09-21,AGT,YOWUS
BKG00003792,CUS0000028,2023-06-11,AGT,WOWBUS
BKG00003793,CUS0003231,2024-01-02,MOB,BSSAVE
BKG00003794,CUS0000749,2025-05-27,WEB,GRPECO
BKG00003795,CUS0001941,2023-05-25,AGT,BSSAVE
BKG00003796,CUS0003796,2024-07-16,GDS,BSSAVE
BKG00003797,CUS0003487,2025-12-31,OTA,WOWBUS
BKG00003798,CUS0002839,2024-04-10,CTR,CLXSAV
BKG00003799,CUS0002632,2026-03-24,CTR,CLXSAV
BKG00003800,CUS0001401,2025-10-28,MOB,CLXBUS
BKG00003801,CUS0001396,2025-01-07,AGT,CLXSAV
BKG00003802,CUS0001147,2026-04-05,AGT,CLXSAV
BKG00003803,CUS0000831,2024-07-21,GDS,YOWRS
BKG00003804,CUS0004116,2023-10-30,OTA,GRPECO
BKG00003805,CUS0003017,2023-10-27,CTR,YOWRS
BKG00003806,CUS0003676,2025-05-25,WEB,YOWUS
BKG00003807,CUS0002753,2025-06-02,WEB,YOWUS
BKG00003808,CUS0002976,2026-03-01,OTA,YOWRS
BKG00003809,CUS0002117,2024-06-29,GDS,GRPECO
BKG00003810,CUS0002518,2024-08-17,OTA,GRPECO
BKG00003811,CUS0001887,2026-01-01,OTA,WOWBUS
BKG00003812,CUS0002922,2024-08-02,MOB,CLXBUS
BKG00003813,CUS0003592,2023-07-19,CTR,CLXBUS
BKG00003814,CUS0000919,2023-12-01,GDS,YOWRS
BKG00003815,CUS0002920,2024-06-01,CTR,CLXBUS
BKG00003816,CUS0004679,2025-01-04,GDS,WOWBUS
BKG00003817,CUS0002130,2023-10-04,OTA,WOWBUS
BKG00003818,CUS0000301,2025-02-20,OTA,WOWBUS
BKG00003819,CUS0004001,2023-07-27,CTR,YOWUS
BKG00003820,CUS0001821,2025-05-09,MOB,YOWRS
BKG00003821,CUS0004341,2024-09-28,MOB,FLXFST
BKG00003822,CUS0000682,2025-10-16,WEB,WOWBUS
BKG00003823,CUS0001964,2026-01-10,AGT,BSSAVE
BKG00003824,CUS0003499,2023-11-22,WEB,GRPECO
BKG00003825,CUS0004146,2023-10-27,CTR,BSSAVE
BKG00003826,CUS0004562,2023-07-08,WEB,CLXSAV
BKG00003827,CUS0001427,2023-08-20,GDS,GRPECO
BKG00003828,CUS0001609,2026-05-23,WEB,CLXBUS
BKG00003829,CUS0004546,2023-06-30,GDS,BSSAVE
BKG00003830,CUS0002589,2023-09-04,AGT,YOWRS
BKG00003831,CUS0002568,2024-01-03,MOB,YOWRS
BKG00003832,CUS0003647,2025-09-07,AGT,CLXBUS
BKG00003833,CUS0003348,2024-04-22,OTA,WOWBUS
BKG00003834,CUS0002683,2026-02-26,AGT,WOWBUS
BKG00003835,CUS0003954,2025-04-07,CTR,YOWUS
BKG00003836,CUS0000832,2023-07-24,CTR,YOWRS
BKG00003837,CUS0002919,2024-01-13,GDS,GRPECO
BKG00003838,CUS0001541,2024-11-17,OTA,CLXBUS
BKG00003839,CUS0003126,2025-02-16,GDS,YOWRS
BKG00003840,CUS0003926,2024-02-20,GDS,FLXFST
BKG00003841,CUS0001332,2023-07-13,CTR,FLXFST
BKG00003842,CUS0004824,2024-01-01,WEB,CLXBUS
BKG00003843,CUS0001839,2026-05-14,MOB,FLXFST
BKG00003844,CUS0001119,2025-09-03,CTR,CLXBUS
BKG00003845,CUS0003081,2024-05-19,AGT,FLXFST
BKG00003846,CUS0002147,2024-12-10,OTA,YOWUS
BKG00003847,CUS0004994,2025-02-11,CTR,YOWUS
BKG00003848,CUS0000303,2023-12-10,WEB,YOWUS
BKG00003849,CUS0004361,2026-02-02,CTR,CLXSAV
BKG00003850,CUS0003930,2023-08-17,MOB,YOWUS
BKG00003851,CUS0004353,2024-08-30,MOB,CLXSAV
BKG00003852,CUS0001342,2024-04-28,WEB,YOWRS
BKG00003853,CUS0004427,2025-07-17,CTR,FLXFST
BKG00003854,CUS0004277,2025-11-14,OTA,CLXBUS
BKG00003855,CUS0001395,2026-02-12,AGT,CLXBUS
BKG00003856,CUS0003194,2024-11-12,OTA,CLXBUS
BKG00003857,CUS0003751,2023-08-15,CTR,CLXSAV
BKG00003858,CUS0003589,2023-08-21,MOB,CLXSAV
BKG00003859,CUS0004017,2024-10-24,OTA,CLXSAV
BKG00003860,CUS0004260,2024-07-24,MOB,YOWRS
BKG00003861,CUS0004853,2023-09-08,WEB,BSSAVE
BKG00003862,CUS0001176,2024-04-28,WEB,GRPECO
BKG00003863,CUS0004783,2023-09-07,GDS,YOWRS
BKG00003864,CUS0001128,2025-01-18,OTA,WOWBUS
BKG00003865,CUS0004985,2024-09-29,GDS,YOWRS
BKG00003866,CUS0003786,2025-08-19,WEB,CLXSAV
BKG00003867,CUS0004757,2025-05-14,CTR,CLXBUS
BKG00003868,CUS0002152,2023-11-25,OTA,YOWRS
BKG00003869,CUS0002179,2024-01-15,MOB,FLXFST
BKG00003870,CUS0004067,2023-08-05,MOB,FLXFST
BKG00003871,CUS0004288,2024-11-24,WEB,YOWRS
BKG00003872,CUS0001493,2023-08-16,AGT,WOWBUS
BKG00003873,CUS0000244,2023-11-11,MOB,CLXSAV
BKG00003874,CUS0003559,2023-12-13,CTR,YOWRS
BKG00003875,CUS0000672,2024-01-08,CTR,WOWBUS
BKG00003876,CUS0004996,2026-03-20,GDS,YOWRS
BKG00003877,CUS0002254,2024-04-06,OTA,YOWUS
BKG00003878,CUS0000186,2023-12-21,AGT,BSSAVE
BKG00003879,CUS0000864,2025-06-13,GDS,GRPECO
BKG00003880,CUS0004728,2023-09-27,WEB,CLXSAV
BKG00003881,CUS0002586,2024-05-11,MOB,FLXFST
BKG00003882,CUS0003465,2024-01-15,CTR,WOWBUS
BKG00003883,CUS0001811,2023-06-29,OTA,YOWRS
BKG00003884,CUS0002565,2025-12-10,AGT,YOWUS
BKG00003885,CUS0003807,2023-08-27,AGT,YOWUS
BKG00003886,CUS0002609,2024-09-16,MOB,BSSAVE
BKG00003887,CUS0003233,2025-01-10,WEB,YOWRS
BKG00003888,CUS0000999,2025-01-12,CTR,WOWBUS
BKG00003889,CUS0004789,2026-04-27,WEB,YOWUS
BKG00003890,CUS0002037,2023-11-25,CTR,BSSAVE
BKG00003891,CUS0004699,2023-12-26,GDS,CLXBUS
BKG00003892,CUS0001102,2026-01-09,AGT,CLXSAV
BKG00003893,CUS0002864,2025-02-05,WEB,WOWBUS
BKG00003894,CUS0003495,2024-06-05,WEB,YOWUS
BKG00003895,CUS0004351,2023-09-17,OTA,YOWRS
BKG00003896,CUS0004115,2023-09-13,AGT,YOWRS
BKG00003897,CUS0000350,2024-12-12,OTA,CLXSAV
BKG00003898,CUS0000500,2025-01-26,MOB,CLXBUS
BKG00003899,CUS0001739,2025-11-03,AGT,GRPECO
BKG00003900,CUS0001693,2025-05-31,GDS,YOWRS
BKG00003901,CUS0002812,2023-10-28,AGT,GRPECO
BKG00003902,CUS0001685,2025-05-25,GDS,FLXFST
BKG00003903,CUS0001146,2026-05-11,GDS,YOWRS
BKG00003904,CUS0001778,2023-09-11,AGT,CLXSAV
BKG00003905,CUS0004176,2025-02-28,AGT,FLXFST
BKG00003906,CUS0004656,2023-12-12,MOB,WOWBUS
BKG00003907,CUS0002894,2025-03-03,MOB,YOWUS
BKG00003908,CUS0000059,2025-07-08,AGT,CLXSAV
BKG00003909,CUS0004461,2025-10-07,OTA,FLXFST
BKG00003910,CUS0000741,2023-12-13,OTA,CLXBUS
BKG00003911,CUS0003690,2023-09-23,AGT,WOWBUS
BKG00003912,CUS0000705,2024-07-18,AGT,CLXSAV
BKG00003913,CUS0003161,2024-11-25,GDS,WOWBUS
BKG00003914,CUS0004791,2026-02-27,GDS,BSSAVE
BKG00003915,CUS0002926,2025-01-12,OTA,YOWRS
BKG00003916,CUS0000830,2025-05-18,GDS,CLXBUS
BKG00003917,CUS0002017,2024-08-03,GDS,YOWUS
BKG00003918,CUS0001098,2025-04-25,CTR,WOWBUS
BKG00003919,CUS0003863,2024-10-15,GDS,BSSAVE
BKG00003920,CUS0003744,2023-07-19,WEB,BSSAVE
BKG00003921,CUS0004463,2024-02-11,CTR,FLXFST
BKG00003922,CUS0003099,2025-02-13,GDS,YOWUS
BKG00003923,CUS0002811,2023-12-01,MOB,CLXBUS
BKG00003924,CUS0001451,2026-03-14,CTR,YOWRS
BKG00003925,CUS0003095,2024-12-01,OTA,CLXBUS
BKG00003926,CUS0000563,2025-08-11,AGT,FLXFST
BKG00003927,CUS0000628,2025-03-02,WEB,YOWRS
BKG00003928,CUS0003784,2023-11-08,OTA,WOWBUS
BKG00003929,CUS0002743,2025-09-29,CTR,CLXBUS
BKG00003930,CUS0003356,2026-01-22,OTA,YOWUS
BKG00003931,CUS0003059,2024-12-31,WEB,YOWUS
BKG00003932,CUS0001548,2023-09-13,AGT,YOWUS
BKG00003933,CUS0001109,2024-05-29,GDS,WOWBUS
BKG00003934,CUS0000068,2024-09-10,OTA,BSSAVE
BKG00003935,CUS0003987,2025-04-21,GDS,WOWBUS
BKG00003936,CUS0003459,2023-09-08,MOB,YOWRS
BKG00003937,CUS0002157,2025-07-05,AGT,CLXBUS
BKG00003938,CUS0002217,2025-02-07,GDS,YOWRS
BKG00003939,CUS0004333,2026-01-24,CTR,WOWBUS
BKG00003940,CUS0004850,2023-10-16,OTA,WOWBUS
BKG00003941,CUS0000178,2026-03-15,CTR,FLXFST
BKG00003942,CUS0004712,2024-03-22,WEB,FLXFST
BKG00003943,CUS0004058,2025-04-27,GDS,CLXBUS
BKG00003944,CUS0004972,2025-11-03,AGT,YOWUS
BKG00003945,CUS0004667,2025-09-21,MOB,BSSAVE
BKG00003946,CUS0004143,2025-09-13,CTR,CLXBUS
BKG00003947,CUS0004171,2025-02-26,GDS,CLXBUS
BKG00003948,CUS0002621,2025-05-15,OTA,YOWRS
BKG00003949,CUS0001943,2024-08-24,OTA,GRPECO
BKG00003950,CUS0001113,2024-06-18,GDS,YOWRS
BKG00003951,CUS0003716,2025-11-18,OTA,WOWBUS
BKG00003952,CUS0000175,2024-11-29,AGT,FLXFST
BKG00003953,CUS0004529,2025-12-10,CTR,YOWRS
BKG00003954,CUS0000866,2025-06-06,GDS,CLXBUS
BKG00003955,CUS0000288,2024-04-27,MOB,CLXBUS
BKG00003956,CUS0001707,2025-04-10,CTR,YOWRS
BKG00003957,CUS0004156,2025-10-04,GDS,WOWBUS
BKG00003958,CUS0004493,2025-03-16,GDS,GRPECO
BKG00003959,CUS0002943,2026-03-14,CTR,WOWBUS
BKG00003960,CUS0001918,2024-02-09,MOB,FLXFST
BKG00003961,CUS0002327,2025-02-12,GDS,GRPECO
BKG00003962,CUS0000115,2024-11-21,OTA,YOWRS
BKG00003963,CUS0001906,2026-05-01,AGT,YOWUS
BKG00003964,CUS0004957,2025-11-29,WEB,YOWRS
BKG00003965,CUS0002860,2023-11-28,MOB,FLXFST
BKG00003966,CUS0000190,2023-12-01,MOB,BSSAVE
BKG00003967,CUS0003244,2025-06-06,MOB,CLXSAV
BKG00003968,CUS0002167,2025-12-18,MOB,YOWUS
BKG00003969,CUS0002147,2026-01-13,WEB,BSSAVE
BKG00003970,CUS0001906,2025-01-20,WEB,YOWUS
BKG00003971,CUS0002918,2024-03-22,GDS,GRPECO
BKG00003972,CUS0001098,2025-10-23,WEB,CLXBUS
BKG00003973,CUS0002290,2023-09-29,WEB,YOWUS
BKG00003974,CUS0000464,2023-09-09,AGT,GRPECO
BKG00003975,CUS0004847,2025-06-18,AGT,CLXBUS
BKG00003976,CUS0000817,2025-12-07,CTR,WOWBUS
BKG00003977,CUS0001308,2024-02-16,OTA,CLXSAV
BKG00003978,CUS0001968,2026-02-15,CTR,YOWRS
BKG00003979,CUS0000488,2024-04-27,CTR,GRPECO
BKG00003980,CUS0002536,2025-09-11,WEB,BSSAVE
BKG00003981,CUS0001182,2025-07-11,OTA,GRPECO
BKG00003982,CUS0000231,2025-07-22,CTR,GRPECO
BKG00003983,CUS0001238,2024-05-22,AGT,FLXFST
BKG00003984,CUS0002096,2024-07-23,CTR,FLXFST
BKG00003985,CUS0001677,2023-06-21,MOB,BSSAVE
BKG00003986,CUS0003058,2026-03-31,WEB,GRPECO
BKG00003987,CUS0002446,2024-03-03,MOB,BSSAVE
BKG00003988,CUS0002373,2026-03-15,WEB,CLXBUS
BKG00003989,CUS0001753,2026-01-22,MOB,FLXFST
BKG00003990,CUS0000817,2024-12-23,WEB,YOWUS
BKG00003991,CUS0000291,2025-07-16,MOB,CLXBUS
BKG00003992,CUS0003135,2025-01-13,CTR,FLXFST
BKG00003993,CUS0000813,2024-02-03,AGT,FLXFST
BKG00003994,CUS0001763,2025-02-18,WEB,GRPECO
BKG00003995,CUS0000099,2024-04-17,MOB,FLXFST
BKG00003996,CUS0003676,2025-08-27,AGT,BSSAVE
BKG00003997,CUS0000460,2023-07-08,MOB,YOWUS
BKG00003998,CUS0000261,2025-08-03,CTR,CLXSAV
BKG00003999,CUS0001937,2025-01-04,GDS,FLXFST
BKG00004000,CUS0001111,2025-12-25,WEB,CLXSAV
BKG00004001,CUS0001611,2024-02-04,GDS,YOWUS
BKG00004002,CUS0000082,2025-05-03,OTA,GRPECO
BKG00004003,CUS0003898,2024-05-27,CTR,CLXSAV
BKG00004004,CUS0000246,2023-12-09,WEB,YOWRS
BKG00004005,CUS0004055,2023-11-18,MOB,BSSAVE
BKG00004006,CUS0002733,2023-06-16,CTR,YOWUS
BKG00004007,CUS0000213,2026-04-11,GDS,WOWBUS
BKG00004008,CUS0003781,2025-08-18,WEB,WOWBUS
BKG00004009,CUS0000284,2025-05-02,AGT,GRPECO
BKG00004010,CUS0001407,2024-05-29,MOB,YOWRS
BKG00004011,CUS0000895,2025-05-31,MOB,FLXFST
BKG00004012,CUS0004640,2025-04-24,WEB,GRPECO
BKG00004013,CUS0000620,2024-08-30,AGT,FLXFST
BKG00004014,CUS0004061,2024-02-17,MOB,BSSAVE
BKG00004015,CUS0000983,2026-02-15,WEB,CLXBUS
BKG00004016,CUS0002591,2024-08-23,AGT,CLXBUS
BKG00004017,CUS0003339,2024-09-16,WEB,GRPECO
BKG00004018,CUS0000909,2024-06-07,CTR,BSSAVE
BKG00004019,CUS0004483,2024-09-30,WEB,GRPECO
BKG00004020,CUS0000052,2025-03-16,GDS,CLXBUS
BKG00004021,CUS0002510,2024-08-31,MOB,FLXFST
BKG00004022,CUS0000441,2025-08-02,MOB,WOWBUS
BKG00004023,CUS0002471,2023-05-28,OTA,BSSAVE
BKG00004024,CUS0001505,2025-06-11,OTA,BSSAVE
BKG00004025,CUS0000761,2025-07-14,AGT,FLXFST
BKG00004026,CUS0000127,2025-10-28,MOB,CLXSAV
BKG00004027,CUS0001484,2024-06-23,MOB,CLXBUS
BKG00004028,CUS0000675,2023-08-21,MOB,YOWUS
BKG00004029,CUS0004779,2025-01-25,OTA,CLXBUS
BKG00004030,CUS0003655,2023-12-16,GDS,BSSAVE
BKG00004031,CUS0003079,2025-04-04,CTR,YOWUS
BKG00004032,CUS0001706,2025-11-02,AGT,BSSAVE
BKG00004033,CUS0003447,2024-04-29,AGT,CLXSAV
BKG00004034,CUS0002588,2023-08-02,WEB,WOWBUS
BKG00004035,CUS0001070,2024-10-28,GDS,FLXFST
BKG00004036,CUS0000647,2025-05-16,AGT,GRPECO
BKG00004037,CUS0004938,2025-12-07,OTA,YOWUS
BKG00004038,CUS0001098,2025-01-19,OTA,CLXSAV
BKG00004039,CUS0002942,2024-09-16,CTR,CLXSAV
BKG00004040,CUS0000918,2024-05-20,GDS,YOWUS
BKG00004041,CUS0001077,2025-09-24,WEB,YOWRS
BKG00004042,CUS0004711,2025-09-27,AGT,YOWRS
BKG00004043,CUS0002619,2025-04-20,CTR,YOWRS
BKG00004044,CUS0001399,2024-03-17,GDS,FLXFST
BKG00004045,CUS0002340,2024-04-11,AGT,FLXFST
BKG00004046,CUS0002092,2024-08-09,GDS,FLXFST
BKG00004047,CUS0004209,2024-12-28,AGT,FLXFST
BKG00004048,CUS0001040,2024-01-29,MOB,GRPECO
BKG00004049,CUS0003108,2024-02-03,WEB,YOWUS
BKG00004050,CUS0004098,2024-08-09,CTR,CLXBUS
BKG00004051,CUS0002556,2025-02-07,GDS,CLXBUS
BKG00004052,CUS0000194,2024-07-31,CTR,WOWBUS
BKG00004053,CUS0003591,2024-07-19,AGT,YOWRS
BKG00004054,CUS0004625,2023-12-06,WEB,YOWUS
BKG00004055,CUS0004020,2025-09-05,OTA,BSSAVE
BKG00004056,CUS0000703,2025-04-30,GDS,CLXBUS
BKG00004057,CUS0000358,2024-02-04,WEB,FLXFST
BKG00004058,CUS0004680,2024-02-14,AGT,WOWBUS
BKG00004059,CUS0003220,2024-05-04,CTR,BSSAVE
BKG00004060,CUS0001617,2023-10-27,OTA,WOWBUS
BKG00004061,CUS0002283,2026-01-24,CTR,CLXBUS
BKG00004062,CUS0004177,2024-03-12,GDS,CLXBUS
BKG00004063,CUS0003679,2023-06-06,WEB,BSSAVE
BKG00004064,CUS0000961,2024-07-26,MOB,FLXFST
BKG00004065,CUS0002610,2023-05-27,OTA,FLXFST
BKG00004066,CUS0001536,2023-06-03,MOB,YOWUS
BKG00004067,CUS0001378,2026-02-09,WEB,BSSAVE
BKG00004068,CUS0001633,2024-10-25,AGT,GRPECO
BKG00004069,CUS0001216,2023-09-02,WEB,CLXSAV
BKG00004070,CUS0002694,2024-02-01,WEB,WOWBUS
BKG00004071,CUS0001785,2026-01-03,WEB,YOWUS
BKG00004072,CUS0000169,2024-06-28,WEB,FLXFST
BKG00004073,CUS0002038,2025-08-23,OTA,FLXFST
BKG00004074,CUS0003715,2025-02-28,MOB,YOWRS
BKG00004075,CUS0000040,2026-01-04,WEB,YOWRS
BKG00004076,CUS0000994,2024-03-14,OTA,YOWRS
BKG00004077,CUS0003328,2024-10-17,WEB,YOWUS
BKG00004078,CUS0004749,2023-06-25,WEB,FLXFST
BKG00004079,CUS0004651,2024-08-29,AGT,BSSAVE
BKG00004080,CUS0001926,2025-12-23,MOB,GRPECO
BKG00004081,CUS0001652,2024-12-02,GDS,GRPECO
BKG00004082,CUS0000367,2024-03-24,GDS,YOWUS
BKG00004083,CUS0004439,2025-03-31,AGT,CLXSAV
BKG00004084,CUS0002460,2026-02-26,CTR,YOWRS
BKG00004085,CUS0004487,2024-08-10,GDS,GRPECO
BKG00004086,CUS0002114,2023-08-10,GDS,WOWBUS
BKG00004087,CUS0000333,2024-05-23,WEB,YOWUS
BKG00004088,CUS0004889,2024-11-21,CTR,CLXBUS
BKG00004089,CUS0001796,2024-01-27,MOB,FLXFST
BKG00004090,CUS0000973,2025-04-06,WEB,WOWBUS
BKG00004091,CUS0003651,2023-07-22,WEB,YOWRS
BKG00004092,CUS0004288,2024-04-20,WEB,CLXSAV
BKG00004093,CUS0000758,2026-04-04,AGT,CLXSAV
BKG00004094,CUS0002123,2026-01-31,OTA,BSSAVE
BKG00004095,CUS0004697,2024-02-10,OTA,BSSAVE
BKG00004096,CUS0000149,2023-06-03,MOB,CLXBUS
BKG00004097,CUS0000099,2024-03-30,WEB,CLXSAV
BKG00004098,CUS0001667,2025-03-07,OTA,WOWBUS
BKG00004099,CUS0002276,2026-01-28,GDS,FLXFST
BKG00004100,CUS0000246,2023-09-20,GDS,CLXSAV
BKG00004101,CUS0003073,2024-05-08,CTR,CLXBUS
BKG00004102,CUS0002322,2025-01-05,CTR,CLXBUS
BKG00004103,CUS0003314,2023-12-28,GDS,GRPECO
BKG00004104,CUS0001215,2025-02-03,AGT,YOWUS
BKG00004105,CUS0000783,2024-05-03,WEB,BSSAVE
BKG00004106,CUS0002188,2025-11-03,AGT,YOWUS
BKG00004107,CUS0001141,2025-09-12,AGT,YOWRS
BKG00004108,CUS0004154,2024-05-24,MOB,BSSAVE
BKG00004109,CUS0001823,2025-07-13,CTR,GRPECO
BKG00004110,CUS0004887,2024-07-25,OTA,YOWUS
BKG00004111,CUS0001223,2026-05-04,GDS,BSSAVE
BKG00004112,CUS0000276,2024-03-09,CTR,CLXSAV
BKG00004113,CUS0004103,2024-08-24,WEB,GRPECO
BKG00004114,CUS0002147,2025-09-16,AGT,CLXSAV
BKG00004115,CUS0001114,2023-09-30,GDS,WOWBUS
BKG00004116,CUS0002937,2024-01-12,AGT,WOWBUS
BKG00004117,CUS0003372,2023-08-26,OTA,BSSAVE
BKG00004118,CUS0001821,2023-05-27,OTA,GRPECO
BKG00004119,CUS0000143,2025-10-14,WEB,CLXBUS
BKG00004120,CUS0000715,2025-12-20,MOB,YOWRS
BKG00004121,CUS0004588,2024-11-19,MOB,CLXSAV
BKG00004122,CUS0000879,2024-07-17,CTR,YOWRS
BKG00004123,CUS0003430,2023-10-08,WEB,BSSAVE
BKG00004124,CUS0002682,2024-05-07,OTA,YOWUS
BKG00004125,CUS0002350,2024-12-22,AGT,FLXFST
BKG00004126,CUS0000938,2023-12-29,WEB,YOWUS
BKG00004127,CUS0003807,2025-02-25,CTR,BSSAVE
BKG00004128,CUS0001795,2023-12-06,WEB,CLXBUS
BKG00004129,CUS0003494,2024-01-31,GDS,YOWUS
BKG00004130,CUS0000441,2025-07-23,WEB,BSSAVE
BKG00004131,CUS0004601,2025-11-05,MOB,BSSAVE
BKG00004132,CUS0003755,2025-07-26,WEB,YOWUS
BKG00004133,CUS0000736,2023-10-15,AGT,BSSAVE
BKG00004134,CUS0001643,2023-06-21,MOB,FLXFST
BKG00004135,CUS0000563,2025-09-22,OTA,YOWRS
BKG00004136,CUS0001025,2024-11-23,WEB,CLXBUS
BKG00004137,CUS0004362,2023-07-30,AGT,CLXSAV
BKG00004138,CUS0000095,2023-07-18,GDS,FLXFST
BKG00004139,CUS0003566,2023-07-13,OTA,WOWBUS
BKG00004140,CUS0002119,2025-12-11,OTA,FLXFST
BKG00004141,CUS0000377,2023-10-23,OTA,BSSAVE
BKG00004142,CUS0001183,2025-12-12,GDS,FLXFST
BKG00004143,CUS0001793,2025-06-21,AGT,CLXBUS
BKG00004144,CUS0003137,2025-01-21,WEB,YOWRS
BKG00004145,CUS0000722,2024-10-27,OTA,WOWBUS
BKG00004146,CUS0000057,2025-05-21,OTA,GRPECO
BKG00004147,CUS0001680,2025-12-04,AGT,CLXBUS
BKG00004148,CUS0004029,2024-08-27,MOB,CLXBUS
BKG00004149,CUS0001925,2023-11-23,OTA,FLXFST
BKG00004150,CUS0000681,2023-08-13,GDS,FLXFST
BKG00004151,CUS0004381,2024-12-10,MOB,BSSAVE
BKG00004152,CUS0002604,2023-07-22,WEB,BSSAVE
BKG00004153,CUS0003759,2024-03-12,AGT,BSSAVE
BKG00004154,CUS0003230,2023-10-29,GDS,YOWUS
BKG00004155,CUS0004173,2025-11-22,GDS,FLXFST
BKG00004156,CUS0003174,2025-06-29,OTA,FLXFST
BKG00004157,CUS0001251,2023-09-30,MOB,CLXBUS
BKG00004158,CUS0000628,2023-09-29,CTR,GRPECO
BKG00004159,CUS0003349,2023-11-22,CTR,GRPECO
BKG00004160,CUS0004184,2025-05-02,OTA,CLXBUS
BKG00004161,CUS0003878,2026-03-07,GDS,YOWRS
BKG00004162,CUS0001308,2023-06-04,CTR,YOWUS
BKG00004163,CUS0001702,2025-09-03,OTA,YOWUS
BKG00004164,CUS0000300,2025-06-21,GDS,YOWRS
BKG00004165,CUS0004181,2025-10-11,OTA,GRPECO
BKG00004166,CUS0002469,2023-12-30,MOB,BSSAVE
BKG00004167,CUS0001928,2024-01-17,OTA,CLXBUS
BKG00004168,CUS0001717,2024-05-22,OTA,YOWUS
BKG00004169,CUS0002517,2025-07-31,AGT,FLXFST
BKG00004170,CUS0003100,2024-10-22,CTR,BSSAVE
BKG00004171,CUS0000905,2024-10-24,MOB,YOWRS
BKG00004172,CUS0002755,2024-08-27,AGT,FLXFST
BKG00004173,CUS0002071,2025-07-02,CTR,CLXSAV
BKG00004174,CUS0001341,2025-02-21,OTA,CLXBUS
BKG00004175,CUS0004710,2026-03-09,MOB,YOWUS
BKG00004176,CUS0003275,2025-07-19,AGT,CLXBUS
BKG00004177,CUS0002319,2024-07-02,AGT,YOWRS
BKG00004178,CUS0001014,2025-05-14,WEB,GRPECO
BKG00004179,CUS0001603,2025-01-03,CTR,YOWRS
BKG00004180,CUS0004352,2025-06-10,MOB,GRPECO
BKG00004181,CUS0002041,2024-09-22,WEB,FLXFST
BKG00004182,CUS0001913,2023-07-15,OTA,WOWBUS
BKG00004183,CUS0002764,2026-05-01,AGT,CLXBUS
BKG00004184,CUS0004100,2026-02-07,CTR,BSSAVE
BKG00004185,CUS0000531,2025-01-17,CTR,CLXBUS
BKG00004186,CUS0004807,2024-03-28,GDS,YOWUS
BKG00004187,CUS0003320,2024-08-01,GDS,CLXBUS
BKG00004188,CUS0000150,2024-06-20,OTA,YOWRS
BKG00004189,CUS0000826,2025-05-19,WEB,BSSAVE
BKG00004190,CUS0000747,2023-06-06,MOB,CLXSAV
BKG00004191,CUS0002548,2025-11-17,MOB,CLXBUS
BKG00004192,CUS0000674,2024-07-20,AGT,BSSAVE
BKG00004193,CUS0002025,2024-08-14,WEB,YOWRS
BKG00004194,CUS0003289,2024-08-30,WEB,CLXBUS
BKG00004195,CUS0004325,2024-02-26,GDS,YOWUS
BKG00004196,CUS0001964,2025-07-01,GDS,BSSAVE
BKG00004197,CUS0000824,2024-07-05,AGT,FLXFST
BKG00004198,CUS0000434,2023-08-13,WEB,WOWBUS
BKG00004199,CUS0001337,2025-06-06,WEB,WOWBUS
BKG00004200,CUS0000861,2025-02-13,CTR,GRPECO
BKG00004201,CUS0004512,2025-03-09,CTR,YOWUS
BKG00004202,CUS0000657,2024-08-02,WEB,CLXBUS
BKG00004203,CUS0000266,2024-08-29,WEB,WOWBUS
BKG00004204,CUS0002440,2024-08-13,GDS,YOWRS
BKG00004205,CUS0001972,2023-11-23,WEB,GRPECO
BKG00004206,CUS0000811,2023-08-08,CTR,GRPECO
BKG00004207,CUS0004545,2024-12-31,GDS,YOWUS
BKG00004208,CUS0000860,2023-11-30,AGT,FLXFST
BKG00004209,CUS0001275,2025-10-31,OTA,YOWUS
BKG00004210,CUS0004157,2024-02-06,OTA,YOWRS
BKG00004211,CUS0004767,2023-08-04,AGT,CLXBUS
BKG00004212,CUS0003823,2025-07-29,CTR,CLXSAV
BKG00004213,CUS0002988,2026-02-04,WEB,YOWRS
BKG00004214,CUS0000632,2024-09-20,MOB,GRPECO
BKG00004215,CUS0002792,2023-09-08,MOB,CLXSAV
BKG00004216,CUS0004343,2026-05-23,MOB,YOWRS
BKG00004217,CUS0000186,2023-12-26,GDS,BSSAVE
BKG00004218,CUS0004573,2023-12-31,CTR,GRPECO
BKG00004219,CUS0004282,2024-01-09,AGT,YOWUS
BKG00004220,CUS0003864,2023-07-20,MOB,GRPECO
BKG00004221,CUS0004905,2024-05-27,WEB,WOWBUS
BKG00004222,CUS0003834,2025-09-10,WEB,FLXFST
BKG00004223,CUS0000867,2025-06-30,GDS,YOWUS
BKG00004224,CUS0004527,2026-04-22,AGT,YOWRS
BKG00004225,CUS0003851,2025-03-27,MOB,BSSAVE
BKG00004226,CUS0001662,2025-04-25,AGT,FLXFST
BKG00004227,CUS0002059,2024-04-11,GDS,GRPECO
BKG00004228,CUS0000989,2026-04-16,CTR,WOWBUS
BKG00004229,CUS0003975,2025-09-01,OTA,WOWBUS
BKG00004230,CUS0000331,2024-09-05,GDS,FLXFST
BKG00004231,CUS0004585,2023-12-24,WEB,YOWUS
BKG00004232,CUS0001492,2025-11-17,OTA,YOWUS
BKG00004233,CUS0004498,2023-09-04,OTA,CLXSAV
BKG00004234,CUS0003814,2025-07-23,CTR,YOWUS
BKG00004235,CUS0000121,2024-09-13,MOB,CLXBUS
BKG00004236,CUS0002402,2025-01-04,MOB,BSSAVE
BKG00004237,CUS0001748,2023-10-19,GDS,BSSAVE
BKG00004238,CUS0001330,2024-01-01,WEB,FLXFST
BKG00004239,CUS0004793,2023-12-25,WEB,FLXFST
BKG00004240,CUS0004936,2024-06-04,AGT,FLXFST
BKG00004241,CUS0004518,2025-11-08,OTA,GRPECO
BKG00004242,CUS0002127,2023-11-09,GDS,GRPECO
BKG00004243,CUS0000164,2025-07-15,GDS,GRPECO
BKG00004244,CUS0002921,2023-12-21,WEB,FLXFST
BKG00004245,CUS0000970,2024-08-31,MOB,CLXSAV
BKG00004246,CUS0001164,2024-12-11,WEB,CLXSAV
BKG00004247,CUS0000450,2026-03-31,AGT,YOWRS
BKG00004248,CUS0003331,2023-10-22,OTA,BSSAVE
BKG00004249,CUS0003182,2024-08-10,WEB,YOWUS
BKG00004250,CUS0003935,2023-07-16,WEB,WOWBUS
BKG00004251,CUS0001619,2025-02-22,OTA,YOWUS
BKG00004252,CUS0004282,2024-12-17,OTA,BSSAVE
BKG00004253,CUS0002311,2024-05-23,MOB,YOWRS
BKG00004254,CUS0004409,2024-08-26,MOB,BSSAVE
BKG00004255,CUS0002364,2023-07-28,CTR,CLXBUS
BKG00004256,CUS0004124,2024-02-06,WEB,WOWBUS
BKG00004257,CUS0000194,2026-01-11,WEB,CLXBUS
BKG00004258,CUS0000878,2024-03-01,AGT,FLXFST
BKG00004259,CUS0004921,2025-01-24,WEB,YOWUS
BKG00004260,CUS0002592,2025-01-13,MOB,YOWUS
BKG00004261,CUS0001208,2025-07-03,WEB,CLXSAV
BKG00004262,CUS0000584,2026-04-12,GDS,GRPECO
BKG00004263,CUS0002988,2024-04-27,AGT,FLXFST
BKG00004264,CUS0002383,2023-11-05,GDS,WOWBUS
BKG00004265,CUS0001894,2025-03-12,AGT,CLXSAV
BKG00004266,CUS0001907,2025-04-26,OTA,YOWRS
BKG00004267,CUS0000766,2025-08-29,WEB,CLXSAV
BKG00004268,CUS0000140,2026-02-07,WEB,CLXBUS
BKG00004269,CUS0004086,2024-11-13,GDS,CLXBUS
BKG00004270,CUS0001274,2023-07-07,GDS,FLXFST
BKG00004271,CUS0001002,2024-09-12,OTA,GRPECO
BKG00004272,CUS0002022,2024-03-12,CTR,CLXSAV
BKG00004273,CUS0002630,2025-07-01,AGT,YOWRS
BKG00004274,CUS0001121,2024-07-08,CTR,YOWRS
BKG00004275,CUS0003679,2024-08-10,GDS,CLXSAV
BKG00004276,CUS0000807,2024-05-30,MOB,WOWBUS
BKG00004277,CUS0004852,2023-09-08,OTA,GRPECO
BKG00004278,CUS0004151,2025-12-09,WEB,CLXSAV
BKG00004279,CUS0002968,2025-04-16,OTA,BSSAVE
BKG00004280,CUS0003084,2026-05-04,AGT,YOWUS
BKG00004281,CUS0004904,2024-12-10,GDS,BSSAVE
BKG00004282,CUS0001861,2024-06-30,AGT,FLXFST
BKG00004283,CUS0000155,2023-12-21,MOB,CLXBUS
BKG00004284,CUS0002398,2024-05-07,GDS,CLXSAV
BKG00004285,CUS0002296,2025-11-11,GDS,GRPECO
BKG00004286,CUS0003839,2025-04-28,MOB,YOWUS
BKG00004287,CUS0002934,2024-01-21,WEB,GRPECO
BKG00004288,CUS0000834,2025-07-30,WEB,GRPECO
BKG00004289,CUS0001668,2023-06-07,WEB,GRPECO
BKG00004290,CUS0001004,2023-11-04,OTA,FLXFST
BKG00004291,CUS0002160,2025-10-10,AGT,GRPECO
BKG00004292,CUS0004355,2025-06-30,AGT,WOWBUS
BKG00004293,CUS0003942,2023-06-29,AGT,YOWUS
BKG00004294,CUS0001774,2024-11-02,WEB,GRPECO
BKG00004295,CUS0002606,2024-02-16,OTA,WOWBUS
BKG00004296,CUS0004343,2025-07-27,WEB,BSSAVE
BKG00004297,CUS0003624,2024-06-23,OTA,YOWRS
BKG00004298,CUS0002472,2024-11-24,CTR,CLXSAV
BKG00004299,CUS0003761,2024-05-22,AGT,BSSAVE
BKG00004300,CUS0003141,2026-03-14,WEB,BSSAVE
BKG00004301,CUS0004610,2023-10-16,MOB,CLXSAV
BKG00004302,CUS0002127,2023-11-22,GDS,FLXFST
BKG00004303,CUS0001209,2024-11-28,GDS,BSSAVE
BKG00004304,CUS0004547,2025-08-23,CTR,CLXBUS
BKG00004305,CUS0000375,2025-04-29,GDS,FLXFST
BKG00004306,CUS0003512,2023-07-30,OTA,BSSAVE
BKG00004307,CUS0000085,2025-05-01,GDS,FLXFST
BKG00004308,CUS0001695,2025-12-11,MOB,GRPECO
BKG00004309,CUS0000554,2023-09-24,AGT,WOWBUS
BKG00004310,CUS0002772,2026-03-18,MOB,FLXFST
BKG00004311,CUS0003899,2026-04-03,GDS,BSSAVE
BKG00004312,CUS0002934,2024-07-05,CTR,BSSAVE
BKG00004313,CUS0001785,2025-09-28,CTR,FLXFST
BKG00004314,CUS0004129,2026-05-18,GDS,YOWUS
BKG00004315,CUS0003330,2023-11-04,AGT,YOWUS
BKG00004316,CUS0002157,2026-05-07,CTR,FLXFST
BKG00004317,CUS0004845,2026-04-04,AGT,WOWBUS
BKG00004318,CUS0001445,2024-03-12,WEB,CLXSAV
BKG00004319,CUS0003036,2025-12-16,MOB,CLXBUS
BKG00004320,CUS0000050,2025-08-06,OTA,YOWUS
BKG00004321,CUS0004300,2024-02-02,CTR,BSSAVE
BKG00004322,CUS0003886,2025-11-12,MOB,FLXFST
BKG00004323,CUS0000687,2025-07-31,OTA,GRPECO
BKG00004324,CUS0003515,2023-09-17,OTA,YOWUS
BKG00004325,CUS0002575,2026-01-25,MOB,CLXSAV
BKG00004326,CUS0003371,2023-06-04,GDS,YOWUS
BKG00004327,CUS0003881,2025-08-01,CTR,GRPECO
BKG00004328,CUS0004095,2025-01-26,AGT,CLXSAV
BKG00004329,CUS0002821,2023-07-27,OTA,BSSAVE
BKG00004330,CUS0003575,2024-09-06,WEB,YOWUS
BKG00004331,CUS0001977,2024-07-15,CTR,CLXBUS
BKG00004332,CUS0001206,2026-01-27,MOB,GRPECO
BKG00004333,CUS0001721,2023-10-26,GDS,BSSAVE
BKG00004334,CUS0003731,2024-11-12,AGT,WOWBUS
BKG00004335,CUS0001477,2025-11-25,WEB,BSSAVE
BKG00004336,CUS0001438,2024-05-06,AGT,BSSAVE
BKG00004337,CUS0003950,2025-08-21,WEB,YOWRS
BKG00004338,CUS0000615,2024-10-16,GDS,CLXSAV
BKG00004339,CUS0004015,2023-08-15,GDS,YOWRS
BKG00004340,CUS0004029,2025-11-28,WEB,FLXFST
BKG00004341,CUS0001347,2025-09-06,WEB,CLXBUS
BKG00004342,CUS0001292,2023-09-11,CTR,CLXSAV
BKG00004343,CUS0000935,2025-08-14,OTA,CLXBUS
BKG00004344,CUS0004526,2023-09-06,GDS,WOWBUS
BKG00004345,CUS0000266,2024-08-02,OTA,BSSAVE
BKG00004346,CUS0000849,2025-11-18,GDS,YOWUS
BKG00004347,CUS0001699,2024-12-30,CTR,BSSAVE
BKG00004348,CUS0001534,2026-05-09,WEB,BSSAVE
BKG00004349,CUS0003386,2025-10-21,CTR,YOWUS
BKG00004350,CUS0000784,2025-02-27,OTA,BSSAVE
BKG00004351,CUS0003257,2024-07-18,OTA,GRPECO
BKG00004352,CUS0000635,2026-02-19,WEB,FLXFST
BKG00004353,CUS0004476,2024-12-09,WEB,YOWRS
BKG00004354,CUS0003692,2024-04-17,GDS,YOWUS
BKG00004355,CUS0001770,2024-06-01,WEB,FLXFST
BKG00004356,CUS0001590,2025-05-01,GDS,YOWUS
BKG00004357,CUS0002806,2023-10-20,AGT,YOWUS
BKG00004358,CUS0000270,2024-09-29,OTA,WOWBUS
BKG00004359,CUS0001710,2025-11-23,MOB,FLXFST
BKG00004360,CUS0003759,2025-05-23,MOB,CLXBUS
BKG00004361,CUS0002291,2024-07-05,GDS,WOWBUS
BKG00004362,CUS0000927,2024-05-15,GDS,BSSAVE
BKG00004363,CUS0004614,2024-05-15,OTA,GRPECO
BKG00004364,CUS0003550,2024-03-15,MOB,YOWUS
BKG00004365,CUS0004424,2024-08-30,MOB,YOWUS
BKG00004366,CUS0003258,2024-04-11,OTA,CLXBUS
BKG00004367,CUS0000499,2024-07-21,MOB,CLXSAV
BKG00004368,CUS0004506,2023-09-12,OTA,YOWRS
BKG00004369,CUS0004945,2023-12-03,MOB,WOWBUS
BKG00004370,CUS0001043,2026-01-22,GDS,BSSAVE
BKG00004371,CUS0004041,2025-07-17,MOB,YOWRS
BKG00004372,CUS0001312,2024-02-25,CTR,YOWRS
BKG00004373,CUS0003176,2026-02-07,MOB,CLXSAV
BKG00004374,CUS0000392,2024-12-08,OTA,FLXFST
BKG00004375,CUS0000488,2026-02-18,MOB,FLXFST
BKG00004376,CUS0003439,2023-10-31,GDS,FLXFST
BKG00004377,CUS0002713,2024-08-01,MOB,GRPECO
BKG00004378,CUS0001362,2025-08-31,CTR,CLXBUS
BKG00004379,CUS0002916,2025-02-03,MOB,GRPECO
BKG00004380,CUS0002170,2026-04-29,CTR,CLXSAV
BKG00004381,CUS0000192,2024-06-16,GDS,YOWUS
BKG00004382,CUS0004143,2023-07-06,CTR,FLXFST
BKG00004383,CUS0002469,2024-01-01,WEB,FLXFST
BKG00004384,CUS0004057,2024-02-08,OTA,FLXFST
BKG00004385,CUS0000178,2025-11-20,MOB,YOWUS
BKG00004386,CUS0004470,2024-07-05,WEB,YOWRS
BKG00004387,CUS0004629,2026-02-17,MOB,YOWUS
BKG00004388,CUS0001360,2025-07-12,MOB,YOWRS
BKG00004389,CUS0003043,2024-05-30,OTA,WOWBUS
BKG00004390,CUS0000267,2023-08-24,OTA,CLXBUS
BKG00004391,CUS0004442,2026-05-03,CTR,YOWUS
BKG00004392,CUS0004791,2024-01-12,MOB,BSSAVE
BKG00004393,CUS0001286,2026-02-17,OTA,WOWBUS
BKG00004394,CUS0002026,2024-01-01,MOB,BSSAVE
BKG00004395,CUS0000054,2023-06-07,MOB,WOWBUS
BKG00004396,CUS0002929,2024-09-06,WEB,YOWUS
BKG00004397,CUS0001262,2025-08-07,OTA,CLXSAV
BKG00004398,CUS0002819,2025-04-04,WEB,YOWRS
BKG00004399,CUS0001854,2024-02-12,OTA,CLXBUS
BKG00004400,CUS0002692,2025-08-19,AGT,YOWUS
BKG00004401,CUS0001852,2025-04-19,GDS,CLXBUS
BKG00004402,CUS0001706,2024-09-14,CTR,WOWBUS
BKG00004403,CUS0002012,2026-03-24,MOB,BSSAVE
BKG00004404,CUS0002413,2024-05-08,MOB,FLXFST
BKG00004405,CUS0001338,2026-03-03,CTR,FLXFST
BKG00004406,CUS0001084,2026-01-05,WEB,YOWUS
BKG00004407,CUS0002842,2024-08-05,CTR,WOWBUS
BKG00004408,CUS0001004,2024-03-15,MOB,CLXBUS
BKG00004409,CUS0002214,2026-04-30,WEB,BSSAVE
BKG00004410,CUS0004750,2024-11-18,WEB,GRPECO
BKG00004411,CUS0002731,2025-10-07,CTR,FLXFST
BKG00004412,CUS0002565,2025-01-20,CTR,BSSAVE
BKG00004413,CUS0000463,2023-12-20,WEB,BSSAVE
BKG00004414,CUS0001989,2023-11-24,GDS,FLXFST
BKG00004415,CUS0001623,2024-05-29,WEB,GRPECO
BKG00004416,CUS0003767,2026-01-27,OTA,CLXSAV
BKG00004417,CUS0002277,2023-11-29,MOB,YOWRS
BKG00004418,CUS0000122,2025-08-30,GDS,BSSAVE
BKG00004419,CUS0004877,2026-02-12,OTA,YOWRS
BKG00004420,CUS0004640,2024-07-18,MOB,GRPECO
BKG00004421,CUS0002801,2023-09-25,CTR,YOWRS
BKG00004422,CUS0004801,2025-10-11,MOB,BSSAVE
BKG00004423,CUS0003241,2023-07-25,GDS,YOWRS
BKG00004424,CUS0001877,2025-06-05,WEB,GRPECO
BKG00004425,CUS0003051,2023-11-22,MOB,FLXFST
BKG00004426,CUS0001050,2026-02-05,GDS,CLXBUS
BKG00004427,CUS0003879,2025-04-15,OTA,BSSAVE
BKG00004428,CUS0004168,2025-10-13,AGT,FLXFST
BKG00004429,CUS0002064,2023-08-11,GDS,YOWRS
BKG00004430,CUS0001163,2025-10-17,AGT,YOWUS
BKG00004431,CUS0003488,2025-10-03,WEB,GRPECO
BKG00004432,CUS0001873,2025-09-02,WEB,YOWUS
BKG00004433,CUS0004679,2025-01-24,CTR,BSSAVE
BKG00004434,CUS0004367,2024-12-26,OTA,CLXSAV
BKG00004435,CUS0001126,2025-11-05,OTA,YOWUS
BKG00004436,CUS0001566,2025-08-08,MOB,YOWRS
BKG00004437,CUS0000515,2024-11-22,OTA,WOWBUS
BKG00004438,CUS0002719,2024-09-03,OTA,YOWUS
BKG00004439,CUS0002604,2023-09-11,WEB,CLXBUS
BKG00004440,CUS0001720,2025-06-28,AGT,BSSAVE
BKG00004441,CUS0000823,2024-04-09,CTR,YOWRS
BKG00004442,CUS0002454,2024-02-25,MOB,YOWUS
BKG00004443,CUS0004239,2024-03-21,GDS,GRPECO
BKG00004444,CUS0004844,2024-08-25,GDS,BSSAVE
BKG00004445,CUS0002138,2026-02-22,GDS,BSSAVE
BKG00004446,CUS0003067,2024-01-25,AGT,CLXBUS
BKG00004447,CUS0001076,2024-10-24,MOB,YOWRS
BKG00004448,CUS0004111,2023-12-04,CTR,WOWBUS
BKG00004449,CUS0002084,2024-03-26,AGT,CLXSAV
BKG00004450,CUS0004422,2025-07-16,WEB,BSSAVE
BKG00004451,CUS0000061,2025-04-02,OTA,GRPECO
BKG00004452,CUS0004036,2023-11-23,WEB,FLXFST
BKG00004453,CUS0004037,2025-04-06,AGT,FLXFST
BKG00004454,CUS0004707,2024-10-01,MOB,WOWBUS
BKG00004455,CUS0001921,2026-02-16,MOB,FLXFST
BKG00004456,CUS0002903,2024-09-28,WEB,CLXSAV
BKG00004457,CUS0000469,2025-03-04,MOB,CLXSAV
BKG00004458,CUS0003828,2024-10-13,AGT,CLXBUS
BKG00004459,CUS0003550,2023-09-02,OTA,YOWUS
BKG00004460,CUS0004258,2025-05-09,OTA,CLXSAV
BKG00004461,CUS0004320,2024-04-06,CTR,WOWBUS
BKG00004462,CUS0004436,2026-02-21,MOB,CLXSAV
BKG00004463,CUS0003582,2026-04-13,AGT,GRPECO
BKG00004464,CUS0001106,2026-01-16,GDS,BSSAVE
BKG00004465,CUS0000148,2024-06-29,AGT,CLXBUS
BKG00004466,CUS0003260,2024-02-11,GDS,BSSAVE
BKG00004467,CUS0004789,2025-02-06,MOB,CLXSAV
BKG00004468,CUS0002500,2024-01-15,MOB,CLXSAV
BKG00004469,CUS0003058,2023-07-13,WEB,FLXFST
BKG00004470,CUS0001383,2026-02-19,CTR,BSSAVE
BKG00004471,CUS0001415,2026-01-28,MOB,CLXSAV
BKG00004472,CUS0000071,2026-01-29,WEB,BSSAVE
BKG00004473,CUS0002890,2025-03-11,AGT,FLXFST
BKG00004474,CUS0001377,2023-10-30,OTA,GRPECO
BKG00004475,CUS0001410,2025-10-27,CTR,FLXFST
BKG00004476,CUS0001546,2024-08-22,CTR,CLXBUS
BKG00004477,CUS0001477,2024-04-30,AGT,YOWUS
BKG00004478,CUS0000743,2024-07-07,MOB,BSSAVE
BKG00004479,CUS0002013,2025-08-07,OTA,YOWRS
BKG00004480,CUS0002355,2024-12-26,CTR,BSSAVE
BKG00004481,CUS0004867,2024-02-04,WEB,YOWUS
BKG00004482,CUS0004961,2023-07-06,AGT,FLXFST
BKG00004483,CUS0003232,2024-11-29,MOB,GRPECO
BKG00004484,CUS0000326,2025-08-15,MOB,FLXFST
BKG00004485,CUS0003265,2024-07-08,WEB,CLXBUS
BKG00004486,CUS0002808,2025-05-01,WEB,CLXSAV
BKG00004487,CUS0003526,2026-05-04,MOB,BSSAVE
BKG00004488,CUS0000547,2026-02-10,GDS,CLXBUS
BKG00004489,CUS0000323,2023-05-25,WEB,WOWBUS
BKG00004490,CUS0000614,2025-09-09,WEB,YOWRS
BKG00004491,CUS0004710,2024-11-07,MOB,WOWBUS
BKG00004492,CUS0003038,2024-08-13,MOB,BSSAVE
BKG00004493,CUS0001102,2023-09-15,MOB,CLXBUS
BKG00004494,CUS0003799,2026-04-24,WEB,YOWRS
BKG00004495,CUS0004849,2023-12-11,MOB,FLXFST
BKG00004496,CUS0000048,2024-08-12,AGT,YOWUS
BKG00004497,CUS0003440,2024-07-21,WEB,BSSAVE
BKG00004498,CUS0003780,2025-06-20,GDS,YOWUS
BKG00004499,CUS0002625,2025-08-13,GDS,CLXBUS
BKG00004500,CUS0003279,2025-10-03,WEB,FLXFST
BKG00004501,CUS0000450,2024-08-15,GDS,FLXFST
BKG00004502,CUS0001064,2024-04-16,GDS,CLXBUS
BKG00004503,CUS0001790,2023-08-16,AGT,CLXSAV
BKG00004504,CUS0000085,2023-06-22,WEB,CLXSAV
BKG00004505,CUS0001870,2026-04-26,GDS,BSSAVE
BKG00004506,CUS0001638,2026-03-23,OTA,FLXFST
BKG00004507,CUS0000739,2024-10-29,GDS,FLXFST
BKG00004508,CUS0001202,2026-05-08,MOB,YOWRS
BKG00004509,CUS0001685,2023-06-19,MOB,FLXFST
BKG00004510,CUS0000940,2025-05-15,WEB,CLXBUS
BKG00004511,CUS0002320,2026-02-12,AGT,YOWRS
BKG00004512,CUS0003566,2024-03-18,OTA,BSSAVE
BKG00004513,CUS0001639,2024-10-12,AGT,YOWRS
BKG00004514,CUS0003188,2024-03-18,OTA,CLXBUS
BKG00004515,CUS0002357,2024-10-15,WEB,WOWBUS
BKG00004516,CUS0003767,2024-03-16,MOB,GRPECO
BKG00004517,CUS0003850,2024-02-27,AGT,FLXFST
BKG00004518,CUS0004288,2024-06-25,OTA,GRPECO
BKG00004519,CUS0003443,2024-09-15,WEB,FLXFST
BKG00004520,CUS0001708,2024-06-19,OTA,CLXBUS
BKG00004521,CUS0001476,2025-12-30,CTR,YOWUS
BKG00004522,CUS0002273,2024-01-13,GDS,YOWRS
BKG00004523,CUS0003878,2025-11-16,OTA,CLXSAV
BKG00004524,CUS0000820,2026-04-15,CTR,GRPECO
BKG00004525,CUS0000162,2024-11-03,WEB,GRPECO
BKG00004526,CUS0004626,2026-03-16,MOB,BSSAVE
BKG00004527,CUS0002456,2025-05-23,AGT,BSSAVE
BKG00004528,CUS0000338,2025-12-02,MOB,CLXBUS
BKG00004529,CUS0004591,2025-05-07,MOB,GRPECO
BKG00004530,CUS0002521,2025-09-21,OTA,CLXBUS
BKG00004531,CUS0000638,2025-01-13,GDS,BSSAVE
BKG00004532,CUS0001795,2026-02-07,OTA,CLXSAV
BKG00004533,CUS0003510,2023-11-17,OTA,WOWBUS
BKG00004534,CUS0004105,2023-12-18,GDS,CLXBUS
BKG00004535,CUS0003676,2025-10-08,CTR,YOWUS
BKG00004536,CUS0001356,2025-02-12,OTA,CLXBUS
BKG00004537,CUS0004392,2023-06-06,OTA,WOWBUS
BKG00004538,CUS0003101,2023-08-19,MOB,FLXFST
BKG00004539,CUS0004583,2024-04-22,CTR,YOWUS
BKG00004540,CUS0002301,2024-06-23,AGT,GRPECO
BKG00004541,CUS0001417,2023-12-25,MOB,FLXFST
BKG00004542,CUS0002181,2024-02-09,WEB,YOWUS
BKG00004543,CUS0000027,2026-03-05,CTR,CLXSAV
BKG00004544,CUS0001861,2024-02-08,CTR,CLXSAV
BKG00004545,CUS0002564,2024-12-18,GDS,CLXBUS
BKG00004546,CUS0001429,2025-01-13,WEB,FLXFST
BKG00004547,CUS0002282,2023-12-12,MOB,CLXSAV
BKG00004548,CUS0004834,2024-07-25,CTR,YOWUS
BKG00004549,CUS0000267,2025-02-07,CTR,WOWBUS
BKG00004550,CUS0003908,2025-07-02,CTR,YOWRS
BKG00004551,CUS0002146,2025-05-30,AGT,FLXFST
BKG00004552,CUS0000409,2024-10-06,OTA,GRPECO
BKG00004553,CUS0003364,2023-09-23,AGT,YOWRS
BKG00004554,CUS0002406,2025-01-28,MOB,GRPECO
BKG00004555,CUS0004139,2025-01-24,CTR,CLXBUS
BKG00004556,CUS0002260,2025-02-16,MOB,GRPECO
BKG00004557,CUS0000420,2024-05-12,GDS,FLXFST
BKG00004558,CUS0000675,2023-05-27,CTR,GRPECO
BKG00004559,CUS0002879,2024-06-05,GDS,CLXBUS
BKG00004560,CUS0003393,2023-09-20,GDS,BSSAVE
BKG00004561,CUS0003177,2025-07-02,MOB,FLXFST
BKG00004562,CUS0004534,2026-03-16,WEB,CLXSAV
BKG00004563,CUS0002433,2024-01-12,AGT,YOWRS
BKG00004564,CUS0004256,2023-11-20,OTA,YOWUS
BKG00004565,CUS0000490,2023-10-28,MOB,GRPECO
BKG00004566,CUS0003895,2025-03-15,AGT,BSSAVE
BKG00004567,CUS0004726,2024-02-03,WEB,YOWUS
BKG00004568,CUS0004236,2026-04-27,OTA,CLXSAV
BKG00004569,CUS0000336,2024-09-07,AGT,GRPECO
BKG00004570,CUS0004605,2024-07-31,GDS,YOWUS
BKG00004571,CUS0002377,2024-02-13,MOB,CLXSAV
BKG00004572,CUS0003375,2023-09-05,GDS,YOWUS
BKG00004573,CUS0002765,2025-02-27,WEB,WOWBUS
BKG00004574,CUS0002032,2026-04-05,GDS,CLXBUS
BKG00004575,CUS0003481,2025-10-30,CTR,WOWBUS
BKG00004576,CUS0001731,2025-01-08,WEB,FLXFST
BKG00004577,CUS0003958,2023-09-06,AGT,GRPECO
BKG00004578,CUS0001729,2026-04-11,WEB,FLXFST
BKG00004579,CUS0003859,2025-04-12,AGT,YOWRS
BKG00004580,CUS0004490,2025-03-28,MOB,BSSAVE
BKG00004581,CUS0001503,2023-07-26,GDS,FLXFST
BKG00004582,CUS0003895,2023-05-28,CTR,CLXBUS
BKG00004583,CUS0000666,2023-06-05,CTR,YOWUS
BKG00004584,CUS0004194,2026-01-26,GDS,FLXFST
BKG00004585,CUS0002696,2024-08-31,MOB,CLXSAV
BKG00004586,CUS0004898,2023-08-21,WEB,FLXFST
BKG00004587,CUS0003857,2026-05-17,MOB,FLXFST
BKG00004588,CUS0001675,2025-08-30,OTA,BSSAVE
BKG00004589,CUS0004220,2024-03-11,AGT,GRPECO
BKG00004590,CUS0003276,2025-10-23,WEB,CLXSAV
BKG00004591,CUS0002644,2024-03-17,WEB,CLXBUS
BKG00004592,CUS0004678,2025-03-27,MOB,BSSAVE
BKG00004593,CUS0000967,2026-04-12,AGT,GRPECO
BKG00004594,CUS0000481,2025-01-27,OTA,FLXFST
BKG00004595,CUS0000637,2026-04-14,CTR,FLXFST
BKG00004596,CUS0003628,2025-02-14,WEB,FLXFST
BKG00004597,CUS0003202,2025-01-12,MOB,BSSAVE
BKG00004598,CUS0000502,2025-01-28,WEB,FLXFST
BKG00004599,CUS0001335,2023-12-17,CTR,YOWUS
BKG00004600,CUS0003888,2025-01-22,MOB,BSSAVE
BKG00004601,CUS0004170,2023-07-12,CTR,YOWRS
BKG00004602,CUS0004642,2025-07-21,CTR,BSSAVE
BKG00004603,CUS0004019,2026-01-03,WEB,BSSAVE
BKG00004604,CUS0003430,2024-10-30,AGT,CLXSAV
BKG00004605,CUS0001672,2026-05-06,MOB,GRPECO
BKG00004606,CUS0000741,2024-10-18,GDS,YOWUS
BKG00004607,CUS0004374,2025-09-24,GDS,CLXBUS
BKG00004608,CUS0002150,2025-07-18,MOB,FLXFST
BKG00004609,CUS0004812,2026-05-20,OTA,BSSAVE
BKG00004610,CUS0000248,2024-03-29,MOB,WOWBUS
BKG00004611,CUS0000714,2026-01-23,AGT,WOWBUS
BKG00004612,CUS0002678,2025-05-28,OTA,YOWUS
BKG00004613,CUS0000926,2023-11-25,OTA,CLXSAV
BKG00004614,CUS0004634,2023-08-04,CTR,FLXFST
BKG00004615,CUS0003684,2024-04-10,WEB,FLXFST
BKG00004616,CUS0004906,2024-10-19,MOB,YOWRS
BKG00004617,CUS0002786,2026-01-25,CTR,GRPECO
BKG00004618,CUS0001556,2024-10-16,WEB,CLXSAV
BKG00004619,CUS0002118,2025-10-11,CTR,BSSAVE
BKG00004620,CUS0002225,2024-07-20,MOB,CLXBUS
BKG00004621,CUS0002010,2024-11-30,WEB,BSSAVE
BKG00004622,CUS0000618,2024-04-12,GDS,YOWRS
BKG00004623,CUS0003394,2025-07-09,GDS,YOWUS
BKG00004624,CUS0003166,2025-07-03,AGT,FLXFST
BKG00004625,CUS0002221,2026-01-26,AGT,WOWBUS
BKG00004626,CUS0000934,2025-10-24,OTA,YOWUS
BKG00004627,CUS0000844,2025-06-08,GDS,CLXBUS
BKG00004628,CUS0004759,2024-05-25,AGT,BSSAVE
BKG00004629,CUS0004187,2024-08-11,WEB,CLXSAV
BKG00004630,CUS0000013,2023-11-25,MOB,GRPECO
BKG00004631,CUS0000380,2025-05-17,WEB,GRPECO
BKG00004632,CUS0000446,2024-09-16,CTR,BSSAVE
BKG00004633,CUS0003378,2023-06-09,AGT,CLXBUS
BKG00004634,CUS0000349,2024-06-19,GDS,YOWUS
BKG00004635,CUS0001668,2025-07-04,WEB,YOWUS
BKG00004636,CUS0004241,2023-10-01,AGT,YOWRS
BKG00004637,CUS0003722,2024-11-19,MOB,FLXFST
BKG00004638,CUS0001231,2025-12-03,CTR,BSSAVE
BKG00004639,CUS0004921,2023-12-25,GDS,BSSAVE
BKG00004640,CUS0002425,2025-10-24,OTA,CLXSAV
BKG00004641,CUS0000248,2023-11-15,AGT,YOWUS
BKG00004642,CUS0003750,2023-12-27,MOB,CLXSAV
BKG00004643,CUS0004629,2026-05-09,MOB,GRPECO
BKG00004644,CUS0002258,2023-11-27,WEB,YOWRS
BKG00004645,CUS0003433,2024-06-12,CTR,YOWUS
BKG00004646,CUS0003466,2026-05-20,CTR,YOWRS
BKG00004647,CUS0004914,2024-11-13,GDS,YOWRS
BKG00004648,CUS0001405,2025-07-15,GDS,FLXFST
BKG00004649,CUS0003211,2025-09-02,MOB,YOWUS
BKG00004650,CUS0004567,2025-06-28,WEB,BSSAVE
BKG00004651,CUS0000138,2023-07-06,MOB,YOWRS
BKG00004652,CUS0003738,2024-06-21,WEB,BSSAVE
BKG00004653,CUS0003452,2024-04-08,MOB,CLXBUS
BKG00004654,CUS0002299,2023-12-30,OTA,WOWBUS
BKG00004655,CUS0002672,2023-07-20,CTR,FLXFST
BKG00004656,CUS0001507,2025-09-12,AGT,CLXBUS
BKG00004657,CUS0002737,2023-06-23,CTR,GRPECO
BKG00004658,CUS0000049,2024-07-10,WEB,BSSAVE
BKG00004659,CUS0000090,2025-03-08,AGT,CLXBUS
BKG00004660,CUS0001169,2025-08-05,OTA,BSSAVE
BKG00004661,CUS0003064,2025-10-23,MOB,FLXFST
BKG00004662,CUS0004888,2026-01-05,WEB,YOWRS
BKG00004663,CUS0001280,2023-08-29,MOB,GRPECO
BKG00004664,CUS0002984,2023-08-13,MOB,YOWUS
BKG00004665,CUS0001497,2025-11-10,CTR,CLXBUS
BKG00004666,CUS0004669,2025-07-12,GDS,FLXFST
BKG00004667,CUS0000482,2025-08-31,MOB,FLXFST
BKG00004668,CUS0003678,2026-01-24,WEB,BSSAVE
BKG00004669,CUS0002406,2025-03-26,MOB,FLXFST
BKG00004670,CUS0002608,2024-10-11,MOB,CLXBUS
BKG00004671,CUS0000345,2025-03-25,OTA,CLXSAV
BKG00004672,CUS0001822,2025-06-07,AGT,FLXFST
BKG00004673,CUS0002096,2024-03-25,CTR,YOWRS
BKG00004674,CUS0004365,2024-03-24,GDS,CLXSAV
BKG00004675,CUS0002281,2024-07-19,AGT,YOWUS
BKG00004676,CUS0001992,2026-02-27,GDS,CLXBUS
BKG00004677,CUS0004179,2024-12-21,CTR,BSSAVE
BKG00004678,CUS0000974,2025-11-21,OTA,GRPECO
BKG00004679,CUS0004083,2025-07-11,MOB,CLXSAV
BKG00004680,CUS0002265,2026-04-16,AGT,FLXFST
BKG00004681,CUS0003368,2024-06-17,MOB,WOWBUS
BKG00004682,CUS0001042,2023-07-30,MOB,FLXFST
BKG00004683,CUS0000315,2026-05-16,GDS,FLXFST
BKG00004684,CUS0003798,2025-06-12,CTR,FLXFST
BKG00004685,CUS0002325,2023-11-08,CTR,YOWRS
BKG00004686,CUS0001060,2026-05-18,OTA,CLXBUS
BKG00004687,CUS0004645,2025-05-12,GDS,BSSAVE
BKG00004688,CUS0001106,2024-10-15,AGT,YOWUS
BKG00004689,CUS0002102,2026-05-18,MOB,FLXFST
BKG00004690,CUS0001512,2024-02-15,MOB,FLXFST
BKG00004691,CUS0004618,2024-08-26,CTR,BSSAVE
BKG00004692,CUS0000091,2025-04-17,GDS,FLXFST
BKG00004693,CUS0003262,2025-03-17,WEB,GRPECO
BKG00004694,CUS0004663,2025-12-08,CTR,FLXFST
BKG00004695,CUS0001450,2024-05-21,MOB,CLXSAV
BKG00004696,CUS0003089,2025-09-28,CTR,BSSAVE
BKG00004697,CUS0004817,2025-12-24,AGT,WOWBUS
BKG00004698,CUS0001765,2024-10-18,OTA,GRPECO
BKG00004699,CUS0003276,2023-06-19,CTR,GRPECO
BKG00004700,CUS0004059,2024-01-14,GDS,BSSAVE
BKG00004701,CUS0003049,2023-06-05,GDS,YOWUS
BKG00004702,CUS0002467,2023-06-06,WEB,WOWBUS
BKG00004703,CUS0002088,2024-10-08,CTR,BSSAVE
BKG00004704,CUS0000401,2024-03-07,CTR,CLXBUS
BKG00004705,CUS0004981,2025-11-27,MOB,YOWRS
BKG00004706,CUS0002682,2024-11-03,MOB,WOWBUS
BKG00004707,CUS0004912,2025-02-01,WEB,BSSAVE
BKG00004708,CUS0001033,2024-07-28,GDS,YOWUS
BKG00004709,CUS0000241,2024-01-23,WEB,YOWRS
BKG00004710,CUS0002373,2025-01-22,OTA,YOWUS
BKG00004711,CUS0003821,2026-03-01,GDS,BSSAVE
BKG00004712,CUS0000552,2024-01-28,OTA,WOWBUS
BKG00004713,CUS0000277,2024-08-25,OTA,YOWRS
BKG00004714,CUS0001784,2026-04-05,OTA,YOWRS
BKG00004715,CUS0000137,2024-11-01,MOB,GRPECO
BKG00004716,CUS0002633,2025-09-19,MOB,GRPECO
BKG00004717,CUS0001085,2025-03-30,WEB,FLXFST
BKG00004718,CUS0002681,2023-11-22,AGT,FLXFST
BKG00004719,CUS0002435,2024-03-11,MOB,BSSAVE
BKG00004720,CUS0002432,2024-07-31,WEB,CLXSAV
BKG00004721,CUS0001240,2025-05-06,WEB,BSSAVE
BKG00004722,CUS0001914,2025-01-05,OTA,WOWBUS
BKG00004723,CUS0000254,2023-09-17,CTR,GRPECO
BKG00004724,CUS0003495,2024-09-24,GDS,YOWRS
BKG00004725,CUS0002139,2024-08-23,CTR,FLXFST
BKG00004726,CUS0001025,2023-06-04,CTR,YOWUS
BKG00004727,CUS0003032,2023-05-26,GDS,BSSAVE
BKG00004728,CUS0000036,2023-11-08,WEB,GRPECO
BKG00004729,CUS0002986,2024-03-10,MOB,YOWUS
BKG00004730,CUS0003675,2025-07-10,CTR,FLXFST
BKG00004731,CUS0003351,2025-07-30,WEB,FLXFST
BKG00004732,CUS0004685,2023-05-28,OTA,GRPECO
BKG00004733,CUS0001253,2023-10-15,AGT,CLXBUS
BKG00004734,CUS0000056,2024-08-18,OTA,WOWBUS
BKG00004735,CUS0002518,2024-05-31,GDS,CLXBUS
BKG00004736,CUS0000988,2024-09-07,AGT,BSSAVE
BKG00004737,CUS0002605,2023-11-29,MOB,YOWRS
BKG00004738,CUS0001591,2025-09-01,GDS,CLXSAV
BKG00004739,CUS0003316,2026-04-14,WEB,YOWUS
BKG00004740,CUS0000425,2024-02-18,GDS,GRPECO
BKG00004741,CUS0004063,2024-08-05,MOB,BSSAVE
BKG00004742,CUS0000601,2024-12-01,GDS,CLXSAV
BKG00004743,CUS0000509,2024-03-11,MOB,FLXFST
BKG00004744,CUS0000706,2025-09-29,CTR,BSSAVE
BKG00004745,CUS0000369,2025-08-07,MOB,CLXSAV
BKG00004746,CUS0004783,2023-05-26,CTR,YOWRS
BKG00004747,CUS0004840,2025-02-10,MOB,GRPECO
BKG00004748,CUS0001585,2025-05-12,MOB,GRPECO
BKG00004749,CUS0000331,2025-06-08,MOB,CLXBUS
BKG00004750,CUS0001507,2024-01-17,OTA,CLXBUS
BKG00004751,CUS0002254,2024-01-25,GDS,CLXBUS
BKG00004752,CUS0004506,2024-08-31,CTR,YOWUS
BKG00004753,CUS0002220,2024-04-02,GDS,FLXFST
BKG00004754,CUS0000211,2024-05-20,GDS,FLXFST
BKG00004755,CUS0001055,2025-11-02,MOB,CLXSAV
BKG00004756,CUS0000539,2023-06-13,WEB,GRPECO
BKG00004757,CUS0003388,2025-01-29,OTA,YOWRS
BKG00004758,CUS0004984,2025-10-20,WEB,GRPECO
BKG00004759,CUS0000280,2024-09-26,AGT,CLXSAV
BKG00004760,CUS0000736,2024-09-09,GDS,WOWBUS
BKG00004761,CUS0001364,2026-02-01,CTR,CLXSAV
BKG00004762,CUS0000643,2024-01-25,OTA,CLXSAV
BKG00004763,CUS0003142,2024-02-06,MOB,CLXBUS
BKG00004764,CUS0000304,2024-05-07,CTR,YOWRS
BKG00004765,CUS0004574,2023-10-18,OTA,YOWUS
BKG00004766,CUS0002821,2023-06-24,OTA,YOWRS
BKG00004767,CUS0000782,2023-10-05,OTA,GRPECO
BKG00004768,CUS0002135,2024-02-19,OTA,FLXFST
BKG00004769,CUS0002997,2024-09-23,MOB,YOWRS
BKG00004770,CUS0003264,2023-08-31,WEB,GRPECO
BKG00004771,CUS0003874,2023-12-05,WEB,YOWUS
BKG00004772,CUS0002336,2025-09-26,WEB,WOWBUS
BKG00004773,CUS0000104,2024-04-30,AGT,CLXBUS
BKG00004774,CUS0002613,2024-04-30,OTA,YOWRS
BKG00004775,CUS0004421,2025-06-01,OTA,YOWUS
BKG00004776,CUS0002037,2023-06-21,CTR,BSSAVE
BKG00004777,CUS0001460,2026-05-22,WEB,YOWUS
BKG00004778,CUS0001713,2025-04-07,CTR,FLXFST
BKG00004779,CUS0003225,2026-01-04,MOB,YOWUS
BKG00004780,CUS0001955,2023-08-25,CTR,CLXSAV
BKG00004781,CUS0004457,2023-07-17,CTR,FLXFST
BKG00004782,CUS0002284,2024-04-14,AGT,YOWUS
BKG00004783,CUS0003644,2023-08-27,CTR,YOWUS
BKG00004784,CUS0001242,2024-01-24,GDS,CLXSAV
BKG00004785,CUS0001290,2024-02-27,CTR,CLXSAV
BKG00004786,CUS0000742,2024-07-29,GDS,CLXBUS
BKG00004787,CUS0003583,2026-01-29,AGT,WOWBUS
BKG00004788,CUS0001669,2024-02-06,AGT,WOWBUS
BKG00004789,CUS0002807,2025-05-11,AGT,FLXFST
BKG00004790,CUS0001083,2025-10-20,MOB,YOWUS
BKG00004791,CUS0001556,2024-04-20,CTR,GRPECO
BKG00004792,CUS0002458,2023-10-22,OTA,YOWUS
BKG00004793,CUS0004122,2025-01-27,CTR,YOWUS
BKG00004794,CUS0003539,2025-01-26,GDS,YOWUS
BKG00004795,CUS0004142,2024-05-25,AGT,GRPECO
BKG00004796,CUS0000349,2026-05-01,CTR,BSSAVE
BKG00004797,CUS0000337,2023-12-31,AGT,YOWRS
BKG00004798,CUS0004911,2024-07-29,AGT,YOWRS
BKG00004799,CUS0004431,2023-10-04,AGT,CLXBUS
BKG00004800,CUS0001822,2025-07-13,WEB,YOWRS
BKG00004801,CUS0001636,2023-06-23,AGT,BSSAVE
BKG00004802,CUS0003194,2025-07-31,GDS,YOWRS
BKG00004803,CUS0000789,2023-10-09,OTA,CLXBUS
BKG00004804,CUS0004535,2024-07-25,OTA,YOWUS
BKG00004805,CUS0002810,2025-06-13,MOB,FLXFST
BKG00004806,CUS0001975,2026-04-08,MOB,YOWRS
BKG00004807,CUS0000913,2025-10-11,CTR,FLXFST
BKG00004808,CUS0000265,2024-09-16,OTA,GRPECO
BKG00004809,CUS0001302,2023-09-01,MOB,YOWUS
BKG00004810,CUS0002569,2024-11-28,MOB,GRPECO
BKG00004811,CUS0000058,2023-12-25,GDS,GRPECO
BKG00004812,CUS0002234,2024-05-23,OTA,CLXBUS
BKG00004813,CUS0002428,2024-12-01,GDS,YOWUS
BKG00004814,CUS0004357,2025-07-20,AGT,BSSAVE
BKG00004815,CUS0001612,2025-09-22,WEB,GRPECO
BKG00004816,CUS0000521,2024-01-20,OTA,FLXFST
BKG00004817,CUS0000602,2025-07-11,CTR,CLXSAV
BKG00004818,CUS0001998,2023-06-01,CTR,CLXBUS
BKG00004819,CUS0003451,2026-05-13,GDS,FLXFST
BKG00004820,CUS0003344,2024-03-27,MOB,FLXFST
BKG00004821,CUS0001473,2023-09-16,MOB,CLXSAV
BKG00004822,CUS0004721,2023-12-12,GDS,YOWUS
BKG00004823,CUS0002977,2024-06-28,MOB,YOWUS
BKG00004824,CUS0001130,2024-04-09,AGT,FLXFST
BKG00004825,CUS0000604,2025-08-24,AGT,CLXBUS
BKG00004826,CUS0000135,2025-05-26,MOB,CLXSAV
BKG00004827,CUS0003983,2023-08-18,CTR,GRPECO
BKG00004828,CUS0000049,2023-09-25,MOB,FLXFST
BKG00004829,CUS0004235,2025-04-16,GDS,YOWUS
BKG00004830,CUS0002709,2025-01-30,WEB,FLXFST
BKG00004831,CUS0001938,2025-12-22,WEB,FLXFST
BKG00004832,CUS0003243,2024-04-08,MOB,FLXFST
BKG00004833,CUS0000069,2023-11-11,OTA,YOWUS
BKG00004834,CUS0001059,2024-08-10,AGT,YOWRS
BKG00004835,CUS0003514,2023-07-12,OTA,YOWUS
BKG00004836,CUS0004465,2024-01-11,CTR,YOWRS
BKG00004837,CUS0000090,2025-05-16,MOB,YOWUS
BKG00004838,CUS0004853,2025-09-04,WEB,BSSAVE
BKG00004839,CUS0000481,2024-06-17,AGT,WOWBUS
BKG00004840,CUS0000237,2025-12-26,MOB,CLXSAV
BKG00004841,CUS0001109,2023-09-27,WEB,CLXBUS
BKG00004842,CUS0002777,2025-12-22,MOB,WOWBUS
BKG00004843,CUS0003769,2024-01-07,OTA,GRPECO
BKG00004844,CUS0004895,2025-11-30,OTA,WOWBUS
BKG00004845,CUS0000919,2024-03-15,CTR,BSSAVE
BKG00004846,CUS0003215,2024-04-20,WEB,YOWUS
BKG00004847,CUS0004370,2025-06-13,GDS,YOWUS
BKG00004848,CUS0001090,2024-02-11,GDS,CLXSAV
BKG00004849,CUS0004039,2025-11-14,OTA,CLXSAV
BKG00004850,CUS0002112,2025-04-17,OTA,BSSAVE
BKG00004851,CUS0000360,2024-09-02,OTA,CLXBUS
BKG00004852,CUS0004562,2024-11-27,CTR,CLXBUS
BKG00004853,CUS0002338,2026-04-12,OTA,WOWBUS
BKG00004854,CUS0004210,2025-12-04,WEB,YOWRS
BKG00004855,CUS0004567,2024-05-15,WEB,YOWRS
BKG00004856,CUS0004490,2024-11-17,CTR,FLXFST
BKG00004857,CUS0002850,2024-11-12,AGT,CLXSAV
BKG00004858,CUS0004337,2023-06-19,MOB,CLXBUS
BKG00004859,CUS0002319,2026-03-01,OTA,FLXFST
BKG00004860,CUS0003328,2025-03-22,MOB,BSSAVE
BKG00004861,CUS0004892,2024-01-08,AGT,CLXSAV
BKG00004862,CUS0001224,2025-11-28,WEB,GRPECO
BKG00004863,CUS0004056,2024-08-29,WEB,CLXSAV
BKG00004864,CUS0003338,2023-12-17,GDS,YOWUS
BKG00004865,CUS0001923,2023-07-19,GDS,YOWRS
BKG00004866,CUS0003441,2024-07-13,MOB,CLXBUS
BKG00004867,CUS0004439,2026-01-23,GDS,YOWUS
BKG00004868,CUS0003668,2025-06-25,WEB,CLXBUS
BKG00004869,CUS0003678,2025-02-23,AGT,BSSAVE
BKG00004870,CUS0003454,2024-04-10,GDS,YOWUS
BKG00004871,CUS0001074,2024-05-22,MOB,CLXSAV
BKG00004872,CUS0000516,2023-06-06,OTA,CLXSAV
BKG00004873,CUS0000223,2023-10-10,WEB,CLXSAV
BKG00004874,CUS0001631,2023-09-17,AGT,YOWUS
BKG00004875,CUS0000556,2024-02-11,GDS,WOWBUS
BKG00004876,CUS0000739,2023-07-02,GDS,GRPECO
BKG00004877,CUS0000770,2024-09-28,OTA,FLXFST
BKG00004878,CUS0000443,2023-12-02,OTA,GRPECO
BKG00004879,CUS0004687,2024-07-31,WEB,CLXSAV
BKG00004880,CUS0001057,2024-07-09,MOB,CLXBUS
BKG00004881,CUS0002476,2026-05-24,WEB,WOWBUS
BKG00004882,CUS0002010,2026-04-01,CTR,CLXSAV
BKG00004883,CUS0002520,2026-02-11,GDS,CLXBUS
BKG00004884,CUS0000464,2026-05-15,AGT,FLXFST
BKG00004885,CUS0002165,2025-11-07,AGT,CLXSAV
BKG00004886,CUS0001752,2025-08-09,WEB,CLXSAV
BKG00004887,CUS0003831,2024-07-30,CTR,YOWUS
BKG00004888,CUS0002616,2023-12-15,AGT,GRPECO
BKG00004889,CUS0001009,2025-05-16,CTR,YOWRS
BKG00004890,CUS0004299,2025-07-01,AGT,FLXFST
BKG00004891,CUS0003562,2025-09-25,AGT,CLXBUS
BKG00004892,CUS0003315,2025-10-14,CTR,WOWBUS
BKG00004893,CUS0003520,2024-12-25,OTA,FLXFST
BKG00004894,CUS0001009,2025-04-13,CTR,WOWBUS
BKG00004895,CUS0001596,2023-09-13,OTA,GRPECO
BKG00004896,CUS0002162,2023-07-10,AGT,GRPECO
BKG00004897,CUS0003244,2023-11-23,CTR,YOWUS
BKG00004898,CUS0003066,2023-12-09,AGT,GRPECO
BKG00004899,CUS0000403,2025-04-24,MOB,WOWBUS
BKG00004900,CUS0003918,2024-04-24,GDS,YOWRS
BKG00004901,CUS0004441,2025-10-28,OTA,WOWBUS
BKG00004902,CUS0000049,2025-06-09,AGT,YOWRS
BKG00004903,CUS0004618,2025-08-31,MOB,BSSAVE
BKG00004904,CUS0000210,2025-02-22,CTR,CLXSAV
BKG00004905,CUS0003543,2024-07-06,GDS,WOWBUS
BKG00004906,CUS0001778,2024-10-17,MOB,BSSAVE
BKG00004907,CUS0004946,2023-11-28,AGT,GRPECO
BKG00004908,CUS0001743,2025-02-04,AGT,BSSAVE
BKG00004909,CUS0001724,2025-06-17,CTR,FLXFST
BKG00004910,CUS0002369,2025-09-26,OTA,YOWUS
BKG00004911,CUS0001525,2025-08-11,CTR,BSSAVE
BKG00004912,CUS0002640,2024-12-15,MOB,BSSAVE
BKG00004913,CUS0003235,2023-06-23,GDS,FLXFST
BKG00004914,CUS0004864,2024-12-19,AGT,BSSAVE
BKG00004915,CUS0002116,2026-04-03,MOB,GRPECO
BKG00004916,CUS0003879,2023-11-20,MOB,BSSAVE
BKG00004917,CUS0001834,2025-08-15,AGT,CLXSAV
BKG00004918,CUS0001153,2023-05-25,WEB,BSSAVE
BKG00004919,CUS0001953,2026-01-01,AGT,BSSAVE
BKG00004920,CUS0000178,2025-04-11,CTR,YOWRS
BKG00004921,CUS0002060,2023-08-08,AGT,YOWUS
BKG00004922,CUS0000535,2023-10-05,GDS,WOWBUS
BKG00004923,CUS0001868,2024-04-28,MOB,CLXBUS
BKG00004924,CUS0002404,2026-02-06,MOB,WOWBUS
BKG00004925,CUS0002433,2023-09-25,GDS,YOWRS
BKG00004926,CUS0004954,2024-12-22,CTR,BSSAVE
BKG00004927,CUS0004982,2023-07-08,WEB,GRPECO
BKG00004928,CUS0002715,2026-03-26,OTA,YOWRS
BKG00004929,CUS0002690,2025-09-11,OTA,CLXSAV
BKG00004930,CUS0001040,2023-07-17,GDS,YOWUS
BKG00004931,CUS0003626,2025-03-15,OTA,FLXFST
BKG00004932,CUS0004657,2024-01-31,AGT,YOWRS
BKG00004933,CUS0001653,2025-04-22,CTR,WOWBUS
BKG00004934,CUS0001019,2024-02-13,WEB,YOWUS
BKG00004935,CUS0003223,2025-11-01,OTA,WOWBUS
BKG00004936,CUS0001749,2025-05-30,AGT,BSSAVE
BKG00004937,CUS0001510,2024-09-02,GDS,BSSAVE
BKG00004938,CUS0001051,2023-09-15,GDS,GRPECO
BKG00004939,CUS0003830,2024-01-29,GDS,WOWBUS
BKG00004940,CUS0001670,2025-06-10,WEB,FLXFST
BKG00004941,CUS0004148,2026-05-10,AGT,YOWUS
BKG00004942,CUS0003264,2025-08-17,GDS,CLXBUS
BKG00004943,CUS0003917,2024-01-15,WEB,GRPECO
BKG00004944,CUS0000029,2024-03-08,MOB,CLXSAV
BKG00004945,CUS0000429,2024-02-10,MOB,FLXFST
BKG00004946,CUS0000284,2024-03-19,OTA,CLXSAV
BKG00004947,CUS0001389,2024-08-12,CTR,CLXBUS
BKG00004948,CUS0001109,2024-03-01,AGT,CLXBUS
BKG00004949,CUS0000695,2024-05-15,AGT,YOWUS
BKG00004950,CUS0003875,2024-02-06,AGT,CLXBUS
BKG00004951,CUS0000440,2024-01-01,MOB,GRPECO
BKG00004952,CUS0002214,2026-05-07,WEB,FLXFST
BKG00004953,CUS0003877,2024-04-08,OTA,BSSAVE
BKG00004954,CUS0003507,2023-07-18,GDS,FLXFST
BKG00004955,CUS0001129,2025-11-20,OTA,YOWUS
BKG00004956,CUS0003521,2026-02-06,MOB,YOWUS
BKG00004957,CUS0000328,2025-05-09,MOB,FLXFST
BKG00004958,CUS0001564,2026-01-31,CTR,CLXSAV
BKG00004959,CUS0003306,2023-08-20,OTA,FLXFST
BKG00004960,CUS0000582,2026-05-15,OTA,GRPECO
BKG00004961,CUS0002190,2023-10-13,OTA,GRPECO
BKG00004962,CUS0004803,2024-03-03,MOB,YOWRS
BKG00004963,CUS0004283,2025-01-13,MOB,GRPECO
BKG00004964,CUS0004705,2025-09-23,CTR,CLXBUS
BKG00004965,CUS0004901,2023-12-19,WEB,CLXBUS
BKG00004966,CUS0004905,2023-10-29,AGT,FLXFST
BKG00004967,CUS0000282,2024-05-24,CTR,CLXSAV
BKG00004968,CUS0002569,2024-03-31,WEB,CLXBUS
BKG00004969,CUS0004893,2024-07-13,AGT,WOWBUS
BKG00004970,CUS0001171,2023-12-10,GDS,FLXFST
BKG00004971,CUS0002430,2024-03-20,MOB,BSSAVE
BKG00004972,CUS0001080,2025-04-26,AGT,WOWBUS
BKG00004973,CUS0004838,2024-06-20,OTA,FLXFST
BKG00004974,CUS0000831,2024-05-06,MOB,YOWRS
BKG00004975,CUS0001286,2025-02-27,AGT,YOWRS
BKG00004976,CUS0000855,2024-01-10,OTA,CLXBUS
BKG00004977,CUS0004608,2023-12-22,OTA,WOWBUS
BKG00004978,CUS0002061,2024-03-24,WEB,YOWUS
BKG00004979,CUS0000600,2025-11-20,MOB,GRPECO
BKG00004980,CUS0003580,2025-08-18,AGT,BSSAVE
BKG00004981,CUS0001127,2024-03-10,MOB,CLXBUS
BKG00004982,CUS0004078,2025-06-13,OTA,BSSAVE
BKG00004983,CUS0001324,2023-08-20,OTA,FLXFST
BKG00004984,CUS0003778,2023-06-21,AGT,GRPECO
BKG00004985,CUS0000527,2025-01-13,CTR,BSSAVE
BKG00004986,CUS0001055,2025-03-15,MOB,GRPECO
BKG00004987,CUS0004308,2024-01-02,AGT,GRPECO
BKG00004988,CUS0000474,2026-01-04,OTA,CLXBUS
BKG00004989,CUS0000553,2024-07-26,GDS,YOWUS
BKG00004990,CUS0003150,2024-03-12,AGT,YOWRS
BKG00004991,CUS0001638,2025-10-29,AGT,CLXBUS
BKG00004992,CUS0004715,2025-06-11,AGT,CLXSAV
BKG00004993,CUS0003284,2026-02-01,OTA,GRPECO
BKG00004994,CUS0004711,2024-02-10,CTR,CLXBUS
BKG00004995,CUS0003207,2024-07-10,WEB,CLXSAV
BKG00004996,CUS0004222,2023-12-21,GDS,GRPECO
BKG00004997,CUS0002207,2024-03-04,CTR,FLXFST
BKG00004998,CUS0001580,2025-04-05,AGT,WOWBUS
BKG00004999,CUS0000031,2025-10-28,CTR,GRPECO
BKG00005000,CUS0001263,2024-03-14,MOB,FLXFST
BKG00005001,CUS0000978,2024-08-25,WEB,YOWUS
BKG00005002,CUS0004702,2025-03-16,MOB,FLXFST
BKG00005003,CUS0000686,2024-01-24,GDS,FLXFST
BKG00005004,CUS0001085,2026-03-13,WEB,YOWRS
BKG00005005,CUS0003430,2026-01-16,OTA,CLXSAV
BKG00005006,CUS0002611,2023-07-25,AGT,GRPECO
BKG00005007,CUS0004150,2025-05-31,GDS,CLXBUS
BKG00005008,CUS0002708,2024-11-08,GDS,FLXFST
BKG00005009,CUS0002642,2024-01-17,OTA,CLXSAV
BKG00005010,CUS0004044,2024-02-09,OTA,YOWRS
BKG00005011,CUS0001411,2025-04-08,OTA,GRPECO
BKG00005012,CUS0003531,2025-06-08,OTA,YOWUS
BKG00005013,CUS0000057,2024-11-06,WEB,FLXFST
BKG00005014,CUS0004291,2025-08-24,GDS,CLXSAV
BKG00005015,CUS0004269,2025-07-23,GDS,BSSAVE
BKG00005016,CUS0002386,2025-08-25,AGT,YOWUS
BKG00005017,CUS0002928,2025-04-25,WEB,FLXFST
BKG00005018,CUS0003135,2023-11-29,OTA,CLXBUS
BKG00005019,CUS0002664,2024-08-06,WEB,BSSAVE
BKG00005020,CUS0001435,2024-05-21,OTA,CLXBUS
BKG00005021,CUS0002131,2026-04-27,WEB,GRPECO
BKG00005022,CUS0002426,2025-01-31,WEB,BSSAVE
BKG00005023,CUS0001653,2024-10-29,MOB,FLXFST
BKG00005024,CUS0004378,2024-06-15,GDS,YOWUS
BKG00005025,CUS0004199,2026-04-06,MOB,CLXSAV
BKG00005026,CUS0003850,2025-11-10,WEB,YOWRS
BKG00005027,CUS0003708,2024-03-28,WEB,WOWBUS
BKG00005028,CUS0003345,2024-07-05,MOB,YOWUS
BKG00005029,CUS0002444,2025-05-13,OTA,BSSAVE
BKG00005030,CUS0001739,2025-12-15,CTR,FLXFST
BKG00005031,CUS0000498,2025-05-23,MOB,YOWUS
BKG00005032,CUS0002727,2023-08-15,AGT,YOWUS
BKG00005033,CUS0004429,2024-04-01,CTR,WOWBUS
BKG00005034,CUS0000250,2023-12-05,CTR,CLXBUS
BKG00005035,CUS0000567,2025-08-12,MOB,CLXBUS
BKG00005036,CUS0004739,2025-09-08,WEB,FLXFST
BKG00005037,CUS0000543,2024-08-24,CTR,GRPECO
BKG00005038,CUS0004886,2023-08-08,GDS,GRPECO
BKG00005039,CUS0001106,2024-07-14,OTA,CLXSAV
BKG00005040,CUS0001253,2024-08-16,CTR,CLXBUS
BKG00005041,CUS0000898,2025-03-22,MOB,CLXSAV
BKG00005042,CUS0003189,2024-12-04,CTR,CLXBUS
BKG00005043,CUS0004315,2025-03-27,WEB,CLXBUS
BKG00005044,CUS0002604,2024-11-05,WEB,GRPECO
BKG00005045,CUS0001677,2025-10-25,OTA,FLXFST
BKG00005046,CUS0004032,2026-05-15,OTA,YOWUS
BKG00005047,CUS0004695,2024-09-20,OTA,GRPECO
BKG00005048,CUS0001825,2025-09-11,CTR,CLXBUS
BKG00005049,CUS0000155,2026-02-05,OTA,YOWUS
BKG00005050,CUS0001150,2024-06-03,AGT,FLXFST
BKG00005051,CUS0000009,2025-01-19,MOB,CLXBUS
BKG00005052,CUS0002215,2025-06-06,MOB,YOWUS
BKG00005053,CUS0001911,2025-11-18,WEB,CLXSAV
BKG00005054,CUS0004346,2023-12-14,CTR,BSSAVE
BKG00005055,CUS0002721,2023-08-29,CTR,CLXBUS
BKG00005056,CUS0000144,2025-09-16,GDS,WOWBUS
BKG00005057,CUS0002558,2026-01-16,MOB,YOWUS
BKG00005058,CUS0001863,2024-08-24,WEB,GRPECO
BKG00005059,CUS0003767,2024-12-02,GDS,CLXBUS
BKG00005060,CUS0004363,2025-02-08,GDS,GRPECO
BKG00005061,CUS0002971,2023-11-06,CTR,CLXSAV
BKG00005062,CUS0000932,2026-05-01,AGT,CLXBUS
BKG00005063,CUS0000547,2024-01-16,CTR,FLXFST
BKG00005064,CUS0002190,2023-11-28,AGT,BSSAVE
BKG00005065,CUS0001651,2023-06-27,WEB,BSSAVE
BKG00005066,CUS0004968,2025-05-31,OTA,FLXFST
BKG00005067,CUS0004214,2024-10-25,OTA,YOWRS
BKG00005068,CUS0004674,2025-06-07,GDS,BSSAVE
BKG00005069,CUS0002005,2025-10-28,AGT,WOWBUS
BKG00005070,CUS0001379,2023-09-01,GDS,YOWUS
BKG00005071,CUS0002954,2026-01-31,AGT,FLXFST
BKG00005072,CUS0002294,2025-10-04,MOB,GRPECO
BKG00005073,CUS0003441,2025-09-10,GDS,CLXBUS
BKG00005074,CUS0004230,2024-01-20,MOB,YOWRS
BKG00005075,CUS0003633,2025-03-13,MOB,YOWUS
BKG00005076,CUS0003146,2025-03-16,GDS,BSSAVE
BKG00005077,CUS0004837,2026-04-17,MOB,YOWRS
BKG00005078,CUS0003044,2023-11-28,WEB,YOWRS
BKG00005079,CUS0003840,2025-05-31,CTR,BSSAVE
BKG00005080,CUS0002416,2023-08-29,MOB,FLXFST
BKG00005081,CUS0002964,2023-10-10,OTA,CLXBUS
BKG00005082,CUS0003395,2026-02-07,CTR,YOWUS
BKG00005083,CUS0003444,2024-05-06,MOB,WOWBUS
BKG00005084,CUS0001094,2025-03-07,GDS,BSSAVE
BKG00005085,CUS0001803,2024-05-23,AGT,GRPECO
BKG00005086,CUS0000976,2024-11-14,GDS,YOWUS
BKG00005087,CUS0001242,2024-05-07,MOB,WOWBUS
BKG00005088,CUS0003863,2023-07-10,AGT,YOWUS
BKG00005089,CUS0000295,2023-05-27,AGT,FLXFST
BKG00005090,CUS0002592,2024-06-28,OTA,GRPECO
BKG00005091,CUS0000456,2026-02-16,AGT,CLXBUS
BKG00005092,CUS0003818,2025-03-26,GDS,CLXSAV
BKG00005093,CUS0002126,2024-11-28,WEB,GRPECO
BKG00005094,CUS0003447,2026-04-25,GDS,CLXSAV
BKG00005095,CUS0002572,2024-01-23,MOB,YOWRS
BKG00005096,CUS0004462,2024-01-25,CTR,YOWUS
BKG00005097,CUS0003707,2025-12-23,AGT,WOWBUS
BKG00005098,CUS0003792,2025-04-15,CTR,YOWRS
BKG00005099,CUS0002890,2025-08-05,CTR,YOWRS
BKG00005100,CUS0002625,2024-02-16,GDS,YOWUS
BKG00005101,CUS0004570,2025-10-07,CTR,CLXBUS
BKG00005102,CUS0003028,2023-06-29,CTR,FLXFST
BKG00005103,CUS0001374,2025-05-10,GDS,WOWBUS
BKG00005104,CUS0004142,2024-09-24,OTA,GRPECO
BKG00005105,CUS0003368,2024-05-17,MOB,YOWUS
BKG00005106,CUS0001275,2024-11-26,WEB,GRPECO
BKG00005107,CUS0003266,2026-03-29,WEB,BSSAVE
BKG00005108,CUS0001949,2025-12-10,CTR,FLXFST
BKG00005109,CUS0000892,2024-07-19,MOB,YOWRS
BKG00005110,CUS0004937,2025-07-25,WEB,CLXSAV
BKG00005111,CUS0000723,2024-02-10,CTR,YOWRS
BKG00005112,CUS0001268,2025-07-08,CTR,FLXFST
BKG00005113,CUS0000806,2023-09-16,CTR,BSSAVE
BKG00005114,CUS0000218,2026-02-18,AGT,GRPECO
BKG00005115,CUS0000058,2025-01-04,GDS,FLXFST
BKG00005116,CUS0004883,2025-10-02,WEB,YOWRS
BKG00005117,CUS0000386,2023-12-07,GDS,BSSAVE
BKG00005118,CUS0001798,2023-08-31,GDS,BSSAVE
BKG00005119,CUS0004830,2024-05-16,CTR,BSSAVE
BKG00005120,CUS0003176,2024-05-14,CTR,WOWBUS
BKG00005121,CUS0001835,2025-09-22,OTA,FLXFST
BKG00005122,CUS0002489,2024-11-25,CTR,GRPECO
BKG00005123,CUS0000379,2023-10-20,MOB,CLXSAV
BKG00005124,CUS0000363,2025-01-06,GDS,GRPECO
BKG00005125,CUS0002687,2025-03-28,GDS,FLXFST
BKG00005126,CUS0004249,2024-03-27,AGT,WOWBUS
BKG00005127,CUS0001565,2023-11-13,OTA,CLXSAV
BKG00005128,CUS0003655,2025-07-30,WEB,GRPECO
BKG00005129,CUS0003623,2024-07-07,MOB,YOWRS
BKG00005130,CUS0001400,2025-11-07,AGT,WOWBUS
BKG00005131,CUS0000821,2025-10-02,OTA,CLXSAV
BKG00005132,CUS0002788,2024-05-15,AGT,YOWUS
BKG00005133,CUS0002608,2024-08-10,GDS,YOWUS
BKG00005134,CUS0002929,2023-11-30,MOB,YOWRS
BKG00005135,CUS0004300,2024-03-20,GDS,WOWBUS
BKG00005136,CUS0004232,2024-08-29,OTA,CLXBUS
BKG00005137,CUS0002158,2024-12-20,WEB,CLXBUS
BKG00005138,CUS0003012,2025-06-10,CTR,WOWBUS
BKG00005139,CUS0000858,2023-08-11,WEB,CLXBUS
BKG00005140,CUS0000524,2025-10-14,OTA,GRPECO
BKG00005141,CUS0000422,2023-10-30,AGT,YOWRS
BKG00005142,CUS0001249,2025-06-30,MOB,CLXSAV
BKG00005143,CUS0000404,2025-05-29,MOB,FLXFST
BKG00005144,CUS0004389,2024-09-27,GDS,YOWRS
BKG00005145,CUS0002657,2026-04-15,AGT,FLXFST
BKG00005146,CUS0004374,2026-04-29,CTR,YOWRS
BKG00005147,CUS0000307,2024-04-27,CTR,GRPECO
BKG00005148,CUS0003690,2024-08-19,CTR,GRPECO
BKG00005149,CUS0004406,2024-04-13,WEB,BSSAVE
BKG00005150,CUS0001902,2024-04-30,AGT,CLXBUS
BKG00005151,CUS0002188,2025-05-29,OTA,FLXFST
BKG00005152,CUS0004198,2024-08-07,OTA,CLXBUS
BKG00005153,CUS0003376,2025-05-31,GDS,CLXBUS
BKG00005154,CUS0000203,2026-01-15,MOB,FLXFST
BKG00005155,CUS0003501,2026-03-22,OTA,YOWUS
BKG00005156,CUS0000544,2026-03-09,GDS,WOWBUS
BKG00005157,CUS0001104,2025-11-08,CTR,CLXSAV
BKG00005158,CUS0003931,2024-07-31,MOB,GRPECO
BKG00005159,CUS0004146,2024-09-30,AGT,WOWBUS
BKG00005160,CUS0000976,2024-12-08,OTA,GRPECO
BKG00005161,CUS0002999,2024-05-06,GDS,BSSAVE
BKG00005162,CUS0004927,2023-07-05,AGT,BSSAVE
BKG00005163,CUS0003598,2025-11-16,MOB,YOWRS
BKG00005164,CUS0004171,2024-12-19,GDS,WOWBUS
BKG00005165,CUS0000310,2024-01-02,MOB,YOWRS
BKG00005166,CUS0002716,2026-01-29,CTR,CLXSAV
BKG00005167,CUS0002493,2025-05-31,AGT,BSSAVE
BKG00005168,CUS0001858,2025-03-02,MOB,BSSAVE
BKG00005169,CUS0002459,2023-10-30,WEB,FLXFST
BKG00005170,CUS0003055,2026-04-22,WEB,CLXSAV
BKG00005171,CUS0002084,2024-06-01,CTR,WOWBUS
BKG00005172,CUS0004777,2025-09-27,GDS,FLXFST
BKG00005173,CUS0000197,2023-05-28,GDS,WOWBUS
BKG00005174,CUS0002457,2023-08-29,OTA,FLXFST
BKG00005175,CUS0003858,2024-12-25,AGT,CLXBUS
BKG00005176,CUS0003185,2025-02-18,MOB,YOWRS
BKG00005177,CUS0002830,2024-05-28,AGT,CLXSAV
BKG00005178,CUS0004463,2024-06-28,OTA,YOWRS
BKG00005179,CUS0003990,2025-04-26,OTA,YOWRS
BKG00005180,CUS0003480,2024-07-25,WEB,GRPECO
BKG00005181,CUS0000025,2026-05-01,OTA,YOWUS
BKG00005182,CUS0001324,2026-05-11,MOB,YOWRS
BKG00005183,CUS0004208,2024-05-27,AGT,YOWRS
BKG00005184,CUS0003314,2025-09-03,CTR,YOWRS
BKG00005185,CUS0002349,2024-01-18,WEB,WOWBUS
BKG00005186,CUS0002457,2025-10-07,OTA,GRPECO
BKG00005187,CUS0003168,2025-07-10,AGT,YOWUS
BKG00005188,CUS0004840,2023-12-24,OTA,WOWBUS
BKG00005189,CUS0003989,2024-10-23,GDS,CLXBUS
BKG00005190,CUS0000212,2025-10-25,AGT,BSSAVE
BKG00005191,CUS0004846,2025-12-23,AGT,BSSAVE
BKG00005192,CUS0004392,2025-05-27,GDS,CLXBUS
BKG00005193,CUS0001978,2025-09-08,MOB,YOWUS
BKG00005194,CUS0001242,2024-12-13,GDS,CLXSAV
BKG00005195,CUS0000243,2024-09-07,CTR,FLXFST
BKG00005196,CUS0001534,2024-11-21,WEB,WOWBUS
BKG00005197,CUS0003405,2024-11-13,GDS,GRPECO
BKG00005198,CUS0003766,2024-09-28,WEB,FLXFST
BKG00005199,CUS0003404,2023-06-21,GDS,FLXFST
BKG00005200,CUS0000639,2024-09-17,WEB,BSSAVE
BKG00005201,CUS0002568,2023-11-10,AGT,FLXFST
BKG00005202,CUS0001971,2024-09-25,OTA,BSSAVE
BKG00005203,CUS0000263,2025-09-21,MOB,BSSAVE
BKG00005204,CUS0001095,2025-06-18,AGT,WOWBUS
BKG00005205,CUS0002201,2026-02-21,CTR,YOWUS
BKG00005206,CUS0000593,2025-12-13,MOB,GRPECO
BKG00005207,CUS0003469,2023-07-07,CTR,WOWBUS
BKG00005208,CUS0003449,2024-08-01,GDS,CLXSAV
BKG00005209,CUS0000133,2025-07-17,WEB,GRPECO
BKG00005210,CUS0003706,2023-08-14,CTR,YOWRS
BKG00005211,CUS0002683,2025-01-04,MOB,CLXBUS
BKG00005212,CUS0002262,2023-07-25,GDS,YOWRS
BKG00005213,CUS0002248,2025-02-04,OTA,YOWUS
BKG00005214,CUS0001346,2025-05-21,MOB,WOWBUS
BKG00005215,CUS0002871,2026-03-10,WEB,GRPECO
BKG00005216,CUS0002491,2025-12-05,GDS,CLXSAV
BKG00005217,CUS0003558,2024-02-27,OTA,BSSAVE
BKG00005218,CUS0003088,2024-08-02,WEB,YOWRS
BKG00005219,CUS0004503,2024-07-03,GDS,WOWBUS
BKG00005220,CUS0004011,2025-12-18,MOB,FLXFST
BKG00005221,CUS0001788,2026-05-04,WEB,CLXSAV
BKG00005222,CUS0003125,2024-05-11,CTR,CLXSAV
BKG00005223,CUS0002917,2025-12-26,CTR,BSSAVE
BKG00005224,CUS0001497,2023-12-10,GDS,GRPECO
BKG00005225,CUS0003078,2024-03-20,OTA,YOWRS
BKG00005226,CUS0002447,2023-10-07,CTR,YOWUS
BKG00005227,CUS0000216,2025-10-03,MOB,CLXSAV
BKG00005228,CUS0000021,2023-12-19,MOB,CLXSAV
BKG00005229,CUS0002813,2023-06-05,WEB,WOWBUS
BKG00005230,CUS0002221,2024-10-17,OTA,CLXBUS
BKG00005231,CUS0004501,2025-12-13,GDS,GRPECO
BKG00005232,CUS0001153,2023-08-13,MOB,WOWBUS
BKG00005233,CUS0004692,2024-09-01,WEB,CLXBUS
BKG00005234,CUS0003841,2025-02-01,MOB,WOWBUS
BKG00005235,CUS0000542,2025-09-17,OTA,CLXSAV
BKG00005236,CUS0002261,2024-08-27,GDS,YOWRS
BKG00005237,CUS0003063,2023-08-01,AGT,GRPECO
BKG00005238,CUS0002396,2025-07-19,CTR,WOWBUS
BKG00005239,CUS0001220,2026-05-02,OTA,YOWRS
BKG00005240,CUS0000938,2025-11-06,OTA,GRPECO
BKG00005241,CUS0004309,2024-08-23,CTR,GRPECO
BKG00005242,CUS0004831,2023-05-28,OTA,WOWBUS
BKG00005243,CUS0000521,2026-01-10,MOB,YOWUS
BKG00005244,CUS0002372,2024-06-28,WEB,CLXSAV
BKG00005245,CUS0002339,2024-03-26,MOB,GRPECO
BKG00005246,CUS0004060,2024-07-09,AGT,FLXFST
BKG00005247,CUS0003481,2025-06-30,WEB,WOWBUS
BKG00005248,CUS0000425,2024-07-13,AGT,CLXSAV
BKG00005249,CUS0004113,2025-06-21,WEB,YOWUS
BKG00005250,CUS0000819,2026-01-16,AGT,GRPECO
BKG00005251,CUS0001993,2025-06-16,WEB,CLXBUS
BKG00005252,CUS0001689,2025-10-20,CTR,YOWRS
BKG00005253,CUS0002659,2025-06-15,WEB,YOWRS
BKG00005254,CUS0002050,2025-08-03,MOB,FLXFST
BKG00005255,CUS0003944,2024-01-13,CTR,FLXFST
BKG00005256,CUS0001400,2025-03-08,AGT,YOWRS
BKG00005257,CUS0000122,2025-07-25,GDS,YOWRS
BKG00005258,CUS0004496,2025-03-15,GDS,YOWRS
BKG00005259,CUS0000372,2024-01-21,CTR,FLXFST
BKG00005260,CUS0004297,2024-08-26,OTA,FLXFST
BKG00005261,CUS0002468,2024-10-08,MOB,CLXSAV
BKG00005262,CUS0003721,2025-08-08,WEB,FLXFST
BKG00005263,CUS0004489,2024-03-21,AGT,YOWUS
BKG00005264,CUS0001170,2023-09-14,GDS,WOWBUS
BKG00005265,CUS0002003,2026-04-22,AGT,YOWRS
BKG00005266,CUS0003050,2024-08-27,OTA,BSSAVE
BKG00005267,CUS0001608,2023-07-18,WEB,FLXFST
BKG00005268,CUS0000273,2025-11-07,WEB,BSSAVE
BKG00005269,CUS0001600,2023-11-22,WEB,BSSAVE
BKG00005270,CUS0004115,2026-04-23,GDS,CLXSAV
BKG00005271,CUS0002746,2026-02-11,AGT,YOWUS
BKG00005272,CUS0002675,2025-04-10,MOB,BSSAVE
BKG00005273,CUS0002362,2023-11-12,AGT,YOWRS
BKG00005274,CUS0000786,2024-07-17,OTA,BSSAVE
BKG00005275,CUS0000224,2025-06-13,GDS,FLXFST
BKG00005276,CUS0003936,2024-02-20,WEB,YOWRS
BKG00005277,CUS0002581,2025-04-08,WEB,CLXBUS
BKG00005278,CUS0002620,2023-07-17,AGT,BSSAVE
BKG00005279,CUS0000157,2024-05-25,WEB,FLXFST
BKG00005280,CUS0003477,2026-01-13,MOB,WOWBUS
BKG00005281,CUS0004255,2024-03-27,MOB,BSSAVE
BKG00005282,CUS0001112,2025-11-25,MOB,CLXBUS
BKG00005283,CUS0000307,2024-12-04,WEB,CLXSAV
BKG00005284,CUS0001902,2024-07-10,CTR,BSSAVE
BKG00005285,CUS0001509,2026-01-23,AGT,BSSAVE
BKG00005286,CUS0000387,2025-11-25,OTA,FLXFST
BKG00005287,CUS0001146,2025-10-05,AGT,YOWUS
BKG00005288,CUS0000784,2026-03-02,AGT,YOWUS
BKG00005289,CUS0000619,2024-06-05,WEB,WOWBUS
BKG00005290,CUS0002098,2024-10-04,CTR,CLXBUS
BKG00005291,CUS0001713,2024-04-02,MOB,YOWRS
BKG00005292,CUS0001577,2024-05-15,MOB,BSSAVE
BKG00005293,CUS0002979,2025-02-17,MOB,FLXFST
BKG00005294,CUS0000957,2023-12-29,MOB,BSSAVE
BKG00005295,CUS0001993,2024-01-11,AGT,CLXBUS
BKG00005296,CUS0002749,2026-01-14,GDS,CLXBUS
BKG00005297,CUS0002731,2025-03-23,MOB,WOWBUS
BKG00005298,CUS0002493,2025-06-23,MOB,FLXFST
BKG00005299,CUS0002445,2025-05-18,OTA,GRPECO
BKG00005300,CUS0003508,2024-10-09,WEB,BSSAVE
BKG00005301,CUS0002161,2023-08-17,CTR,FLXFST
BKG00005302,CUS0003518,2025-04-02,MOB,CLXBUS
BKG00005303,CUS0001425,2024-03-26,AGT,YOWUS
BKG00005304,CUS0004779,2025-06-07,OTA,WOWBUS
BKG00005305,CUS0003583,2026-03-08,GDS,GRPECO
BKG00005306,CUS0001987,2026-05-01,OTA,CLXSAV
BKG00005307,CUS0001453,2025-12-29,CTR,GRPECO
BKG00005308,CUS0001901,2024-04-25,OTA,FLXFST
BKG00005309,CUS0000755,2024-02-19,OTA,BSSAVE
BKG00005310,CUS0003143,2026-02-23,GDS,CLXSAV
BKG00005311,CUS0002724,2024-11-08,CTR,YOWRS
BKG00005312,CUS0002192,2024-12-17,GDS,FLXFST
BKG00005313,CUS0001292,2024-07-06,OTA,WOWBUS
BKG00005314,CUS0004186,2025-11-03,WEB,FLXFST
BKG00005315,CUS0003412,2023-08-04,OTA,YOWRS
BKG00005316,CUS0002184,2024-06-26,GDS,CLXSAV
BKG00005317,CUS0001796,2023-11-11,MOB,FLXFST
BKG00005318,CUS0004765,2025-09-16,AGT,CLXSAV
BKG00005319,CUS0001305,2024-09-13,OTA,GRPECO
BKG00005320,CUS0002219,2024-12-04,GDS,FLXFST
BKG00005321,CUS0002604,2025-07-20,AGT,WOWBUS
BKG00005322,CUS0002770,2025-02-02,MOB,FLXFST
BKG00005323,CUS0001043,2024-01-28,AGT,CLXSAV
BKG00005324,CUS0002047,2024-03-30,MOB,CLXBUS
BKG00005325,CUS0001660,2025-10-21,AGT,FLXFST
BKG00005326,CUS0004046,2023-09-21,CTR,BSSAVE
BKG00005327,CUS0002440,2024-03-25,WEB,CLXSAV
BKG00005328,CUS0003890,2026-01-12,WEB,BSSAVE
BKG00005329,CUS0003750,2025-01-18,AGT,FLXFST
BKG00005330,CUS0001610,2025-06-29,AGT,WOWBUS
BKG00005331,CUS0002655,2025-04-12,OTA,WOWBUS
BKG00005332,CUS0002348,2024-09-13,GDS,CLXSAV
BKG00005333,CUS0004098,2024-06-05,AGT,FLXFST
BKG00005334,CUS0002019,2024-06-26,AGT,YOWUS
BKG00005335,CUS0003383,2026-04-05,WEB,FLXFST
BKG00005336,CUS0004411,2026-01-20,MOB,CLXBUS
BKG00005337,CUS0004633,2023-11-04,GDS,WOWBUS
BKG00005338,CUS0004985,2026-02-27,CTR,YOWRS
BKG00005339,CUS0003402,2024-07-13,WEB,CLXSAV
BKG00005340,CUS0001840,2024-12-29,AGT,YOWRS
BKG00005341,CUS0000832,2025-04-08,GDS,WOWBUS
BKG00005342,CUS0003784,2023-09-13,WEB,YOWUS
BKG00005343,CUS0002006,2025-07-06,WEB,GRPECO
BKG00005344,CUS0001706,2026-03-07,GDS,BSSAVE
BKG00005345,CUS0003110,2023-06-10,WEB,GRPECO
BKG00005346,CUS0001361,2023-09-08,WEB,YOWRS
BKG00005347,CUS0002244,2025-04-02,CTR,FLXFST
BKG00005348,CUS0003949,2024-08-30,CTR,YOWUS
BKG00005349,CUS0004555,2024-10-08,MOB,FLXFST
BKG00005350,CUS0002254,2024-02-12,CTR,WOWBUS
BKG00005351,CUS0000966,2025-06-12,MOB,YOWRS
BKG00005352,CUS0002339,2024-04-15,GDS,WOWBUS
BKG00005353,CUS0004851,2024-11-17,OTA,GRPECO
BKG00005354,CUS0003252,2023-12-31,MOB,CLXSAV
BKG00005355,CUS0002278,2026-01-31,MOB,BSSAVE
BKG00005356,CUS0003184,2025-12-17,AGT,CLXBUS
BKG00005357,CUS0002822,2023-06-17,GDS,WOWBUS
BKG00005358,CUS0001567,2023-09-06,CTR,YOWRS
BKG00005359,CUS0003769,2024-05-08,MOB,CLXBUS
BKG00005360,CUS0000093,2024-04-10,MOB,FLXFST
BKG00005361,CUS0004692,2024-08-22,OTA,YOWRS
BKG00005362,CUS0000900,2024-05-11,MOB,FLXFST
BKG00005363,CUS0003140,2025-01-11,AGT,CLXBUS
BKG00005364,CUS0004647,2025-11-21,GDS,YOWRS
BKG00005365,CUS0003359,2024-08-29,GDS,YOWUS
BKG00005366,CUS0003373,2025-01-11,AGT,WOWBUS
BKG00005367,CUS0001790,2024-08-15,OTA,WOWBUS
BKG00005368,CUS0004916,2024-11-09,WEB,YOWUS
BKG00005369,CUS0000860,2025-10-23,GDS,YOWRS
BKG00005370,CUS0001392,2024-08-11,OTA,YOWUS
BKG00005371,CUS0000931,2024-06-27,GDS,WOWBUS
BKG00005372,CUS0004651,2024-12-10,CTR,CLXBUS
BKG00005373,CUS0004794,2023-08-13,WEB,YOWRS
BKG00005374,CUS0001595,2023-06-01,MOB,WOWBUS
BKG00005375,CUS0002230,2024-09-03,OTA,WOWBUS
BKG00005376,CUS0003902,2023-07-10,AGT,FLXFST
BKG00005377,CUS0003949,2023-11-08,AGT,WOWBUS
BKG00005378,CUS0002242,2025-04-19,CTR,YOWRS
BKG00005379,CUS0002306,2025-04-26,WEB,CLXBUS
BKG00005380,CUS0000726,2026-05-03,AGT,YOWUS
BKG00005381,CUS0000583,2025-02-27,GDS,GRPECO
BKG00005382,CUS0004920,2025-05-06,MOB,YOWUS
BKG00005383,CUS0000606,2024-12-25,OTA,YOWRS
BKG00005384,CUS0000850,2023-12-26,GDS,YOWUS
BKG00005385,CUS0002318,2023-07-13,CTR,YOWRS
BKG00005386,CUS0000205,2023-06-02,WEB,CLXBUS
BKG00005387,CUS0001324,2024-05-21,WEB,BSSAVE
BKG00005388,CUS0004339,2024-09-13,CTR,FLXFST
BKG00005389,CUS0003417,2025-11-07,WEB,FLXFST
BKG00005390,CUS0004459,2025-12-16,WEB,YOWRS
BKG00005391,CUS0004934,2024-07-09,WEB,WOWBUS
BKG00005392,CUS0002392,2026-04-23,MOB,YOWRS
BKG00005393,CUS0001644,2023-09-04,OTA,CLXSAV
BKG00005394,CUS0002477,2023-11-14,CTR,CLXBUS
BKG00005395,CUS0001278,2024-09-24,WEB,WOWBUS
BKG00005396,CUS0002616,2023-12-09,MOB,YOWRS
BKG00005397,CUS0003486,2025-12-24,WEB,GRPECO
BKG00005398,CUS0004633,2025-10-29,AGT,YOWRS
BKG00005399,CUS0003979,2024-01-28,CTR,YOWRS
BKG00005400,CUS0001683,2025-02-08,CTR,FLXFST
BKG00005401,CUS0000482,2024-08-21,WEB,CLXSAV
BKG00005402,CUS0003937,2024-09-12,WEB,YOWRS
BKG00005403,CUS0004060,2023-08-11,WEB,WOWBUS
BKG00005404,CUS0001108,2025-10-06,AGT,YOWRS
BKG00005405,CUS0004776,2026-02-01,AGT,CLXBUS
BKG00005406,CUS0000133,2024-06-17,MOB,CLXBUS
BKG00005407,CUS0003801,2023-10-20,AGT,YOWUS
BKG00005408,CUS0001324,2023-06-22,CTR,YOWRS
BKG00005409,CUS0002371,2025-09-09,WEB,YOWRS
BKG00005410,CUS0001086,2024-12-27,CTR,GRPECO
BKG00005411,CUS0002451,2025-05-28,OTA,BSSAVE
BKG00005412,CUS0003970,2024-01-19,AGT,YOWRS
BKG00005413,CUS0004978,2024-08-12,MOB,FLXFST
BKG00005414,CUS0003903,2023-07-09,CTR,CLXSAV
BKG00005415,CUS0004022,2026-03-27,GDS,CLXBUS
BKG00005416,CUS0003512,2024-04-28,MOB,YOWRS
BKG00005417,CUS0001957,2023-06-21,CTR,YOWRS
BKG00005418,CUS0000308,2024-10-23,AGT,GRPECO
BKG00005419,CUS0002472,2026-05-02,CTR,YOWRS
BKG00005420,CUS0003105,2026-03-16,WEB,CLXBUS
BKG00005421,CUS0001388,2026-02-27,MOB,BSSAVE
BKG00005422,CUS0000975,2024-06-19,OTA,CLXBUS
BKG00005423,CUS0000393,2025-03-18,WEB,WOWBUS
BKG00005424,CUS0000676,2024-12-06,OTA,WOWBUS
BKG00005425,CUS0002716,2025-09-22,WEB,FLXFST
BKG00005426,CUS0004890,2026-03-19,AGT,FLXFST
BKG00005427,CUS0001520,2025-07-03,GDS,YOWRS
BKG00005428,CUS0003331,2025-08-18,CTR,CLXBUS
BKG00005429,CUS0002822,2025-04-09,OTA,BSSAVE
BKG00005430,CUS0002648,2024-08-24,MOB,GRPECO
BKG00005431,CUS0002555,2026-02-17,WEB,YOWUS
BKG00005432,CUS0001139,2025-04-10,AGT,CLXSAV
BKG00005433,CUS0002319,2025-03-25,GDS,YOWRS
BKG00005434,CUS0003822,2025-07-09,CTR,CLXBUS
BKG00005435,CUS0004265,2024-09-21,CTR,CLXSAV
BKG00005436,CUS0003490,2023-10-04,GDS,CLXBUS
BKG00005437,CUS0004151,2025-10-18,CTR,WOWBUS
BKG00005438,CUS0000479,2024-06-02,WEB,CLXSAV
BKG00005439,CUS0000869,2024-01-08,CTR,CLXSAV
BKG00005440,CUS0003545,2025-12-01,GDS,CLXSAV
BKG00005441,CUS0003293,2025-09-25,MOB,CLXSAV
BKG00005442,CUS0002983,2025-03-31,CTR,CLXBUS
BKG00005443,CUS0001194,2024-03-15,MOB,GRPECO
BKG00005444,CUS0000708,2024-03-09,GDS,BSSAVE
BKG00005445,CUS0003193,2025-05-06,GDS,BSSAVE
BKG00005446,CUS0002963,2024-04-28,GDS,CLXSAV
BKG00005447,CUS0000213,2023-09-23,OTA,FLXFST
BKG00005448,CUS0000066,2023-11-14,GDS,YOWUS
BKG00005449,CUS0000351,2026-01-20,WEB,CLXBUS
BKG00005450,CUS0002249,2024-01-23,WEB,WOWBUS
BKG00005451,CUS0000042,2025-12-16,GDS,FLXFST
BKG00005452,CUS0001475,2025-10-08,OTA,YOWUS
BKG00005453,CUS0004194,2024-01-27,GDS,YOWRS
BKG00005454,CUS0000043,2026-02-16,WEB,FLXFST
BKG00005455,CUS0003352,2025-10-31,CTR,YOWUS
BKG00005456,CUS0002228,2025-09-25,WEB,GRPECO
BKG00005457,CUS0001111,2025-08-08,CTR,BSSAVE
BKG00005458,CUS0000064,2024-05-23,GDS,FLXFST
BKG00005459,CUS0001381,2025-07-23,MOB,YOWRS
BKG00005460,CUS0000998,2023-06-02,OTA,BSSAVE
BKG00005461,CUS0001147,2026-05-10,MOB,BSSAVE
BKG00005462,CUS0004524,2024-07-25,MOB,BSSAVE
BKG00005463,CUS0001434,2023-11-12,CTR,BSSAVE
BKG00005464,CUS0002326,2025-02-14,WEB,CLXBUS
BKG00005465,CUS0003859,2025-12-17,OTA,BSSAVE
BKG00005466,CUS0004310,2026-01-19,MOB,CLXSAV
BKG00005467,CUS0004965,2024-04-05,CTR,CLXBUS
BKG00005468,CUS0000262,2025-05-03,WEB,CLXBUS
BKG00005469,CUS0000756,2025-02-26,WEB,CLXBUS
BKG00005470,CUS0003706,2026-01-03,CTR,YOWRS
BKG00005471,CUS0001870,2025-04-10,OTA,YOWRS
BKG00005472,CUS0000946,2023-06-01,MOB,CLXSAV
BKG00005473,CUS0000244,2025-07-17,OTA,WOWBUS
BKG00005474,CUS0002611,2025-03-25,GDS,BSSAVE
BKG00005475,CUS0001350,2024-05-19,AGT,BSSAVE
BKG00005476,CUS0000063,2024-02-04,GDS,CLXBUS
BKG00005477,CUS0000964,2025-11-05,AGT,CLXSAV
BKG00005478,CUS0004009,2024-11-28,CTR,YOWUS
BKG00005479,CUS0004906,2025-01-24,GDS,WOWBUS
BKG00005480,CUS0000240,2025-07-04,MOB,YOWUS
BKG00005481,CUS0000597,2024-10-18,WEB,CLXBUS
BKG00005482,CUS0000839,2025-10-03,CTR,CLXBUS
BKG00005483,CUS0002699,2024-07-11,MOB,CLXBUS
BKG00005484,CUS0000633,2025-11-14,CTR,CLXSAV
BKG00005485,CUS0001035,2024-04-28,CTR,YOWRS
BKG00005486,CUS0002152,2023-12-02,OTA,GRPECO
BKG00005487,CUS0004553,2025-11-17,GDS,GRPECO
BKG00005488,CUS0002358,2025-06-27,AGT,BSSAVE
BKG00005489,CUS0004511,2026-05-24,WEB,BSSAVE
BKG00005490,CUS0000697,2024-08-05,AGT,WOWBUS
BKG00005491,CUS0000185,2024-06-12,GDS,WOWBUS
BKG00005492,CUS0002821,2025-01-09,GDS,YOWUS
BKG00005493,CUS0001863,2024-01-18,GDS,YOWRS
BKG00005494,CUS0001196,2025-07-06,WEB,WOWBUS
BKG00005495,CUS0003643,2023-10-24,OTA,WOWBUS
BKG00005496,CUS0003298,2024-06-27,CTR,YOWUS
BKG00005497,CUS0002613,2023-11-29,OTA,CLXSAV
BKG00005498,CUS0002822,2026-01-26,GDS,CLXSAV
BKG00005499,CUS0004853,2026-01-21,CTR,CLXBUS
BKG00005500,CUS0000171,2025-06-25,CTR,CLXBUS
BKG00005501,CUS0001529,2024-02-19,CTR,YOWUS
BKG00005502,CUS0003434,2024-01-07,CTR,FLXFST
BKG00005503,CUS0004641,2024-01-12,AGT,YOWUS
BKG00005504,CUS0002442,2025-09-22,OTA,BSSAVE
BKG00005505,CUS0004259,2024-06-03,CTR,FLXFST
BKG00005506,CUS0000122,2023-06-24,GDS,YOWRS
BKG00005507,CUS0000398,2024-09-04,GDS,CLXSAV
BKG00005508,CUS0003444,2025-07-31,GDS,WOWBUS
BKG00005509,CUS0001914,2025-03-07,GDS,CLXBUS
BKG00005510,CUS0003042,2025-05-07,GDS,YOWUS
BKG00005511,CUS0000680,2025-08-24,GDS,CLXSAV
BKG00005512,CUS0001179,2024-01-04,GDS,FLXFST
BKG00005513,CUS0000764,2025-08-15,MOB,FLXFST
BKG00005514,CUS0004589,2025-07-13,WEB,CLXBUS
BKG00005515,CUS0004815,2024-10-26,CTR,YOWUS
BKG00005516,CUS0001147,2024-04-13,OTA,WOWBUS
BKG00005517,CUS0000168,2025-06-14,CTR,CLXBUS
BKG00005518,CUS0001593,2026-01-23,GDS,FLXFST
BKG00005519,CUS0001317,2025-10-02,AGT,FLXFST
BKG00005520,CUS0002423,2024-06-13,OTA,CLXBUS
BKG00005521,CUS0003767,2025-08-23,GDS,BSSAVE
BKG00005522,CUS0002647,2026-02-03,WEB,CLXBUS
BKG00005523,CUS0001509,2023-11-06,MOB,BSSAVE
BKG00005524,CUS0002053,2024-08-30,MOB,WOWBUS
BKG00005525,CUS0002470,2025-11-14,CTR,YOWUS
BKG00005526,CUS0000262,2026-05-07,OTA,YOWRS
BKG00005527,CUS0003723,2025-02-05,AGT,BSSAVE
BKG00005528,CUS0002522,2024-02-22,WEB,CLXSAV
BKG00005529,CUS0002802,2024-05-29,MOB,FLXFST
BKG00005530,CUS0004919,2026-01-21,WEB,CLXSAV
BKG00005531,CUS0004380,2024-08-25,OTA,CLXSAV
BKG00005532,CUS0003757,2026-02-07,OTA,YOWUS
BKG00005533,CUS0003148,2023-06-08,MOB,GRPECO
BKG00005534,CUS0004613,2026-03-06,GDS,YOWUS
BKG00005535,CUS0001329,2024-01-25,OTA,BSSAVE
BKG00005536,CUS0003023,2023-09-19,GDS,YOWUS
BKG00005537,CUS0001960,2025-01-03,MOB,WOWBUS
BKG00005538,CUS0001183,2024-06-26,CTR,CLXSAV
BKG00005539,CUS0004914,2025-03-04,OTA,CLXSAV
BKG00005540,CUS0001486,2025-03-14,MOB,YOWRS
BKG00005541,CUS0002640,2026-02-22,AGT,BSSAVE
BKG00005542,CUS0004304,2025-04-24,GDS,WOWBUS
BKG00005543,CUS0000378,2023-10-29,OTA,YOWUS
BKG00005544,CUS0001146,2025-12-30,CTR,FLXFST
BKG00005545,CUS0003214,2024-06-15,MOB,YOWRS
BKG00005546,CUS0003626,2024-07-27,MOB,YOWRS
BKG00005547,CUS0003977,2026-03-11,OTA,BSSAVE
BKG00005548,CUS0004918,2024-01-12,MOB,BSSAVE
BKG00005549,CUS0000217,2025-12-18,OTA,YOWRS
BKG00005550,CUS0003337,2025-08-28,GDS,BSSAVE
BKG00005551,CUS0000977,2025-03-01,OTA,WOWBUS
BKG00005552,CUS0004837,2023-12-06,MOB,FLXFST
BKG00005553,CUS0003134,2024-09-04,CTR,WOWBUS
BKG00005554,CUS0003890,2025-08-28,WEB,FLXFST
BKG00005555,CUS0001813,2023-12-16,MOB,CLXSAV
BKG00005556,CUS0000271,2026-01-16,MOB,YOWRS
BKG00005557,CUS0001890,2026-04-04,CTR,BSSAVE
BKG00005558,CUS0004097,2024-02-29,WEB,CLXBUS
BKG00005559,CUS0004356,2024-03-05,OTA,YOWUS
BKG00005560,CUS0001516,2025-10-23,MOB,YOWUS
BKG00005561,CUS0003425,2024-06-26,WEB,YOWUS
BKG00005562,CUS0000871,2024-05-10,CTR,WOWBUS
BKG00005563,CUS0001995,2023-12-15,MOB,CLXSAV
BKG00005564,CUS0001849,2024-02-01,GDS,GRPECO
BKG00005565,CUS0000695,2026-05-04,CTR,YOWUS
BKG00005566,CUS0000017,2025-05-10,WEB,YOWUS
BKG00005567,CUS0001506,2023-11-10,AGT,CLXSAV
BKG00005568,CUS0003525,2023-09-22,WEB,FLXFST
BKG00005569,CUS0001198,2024-10-01,MOB,CLXSAV
BKG00005570,CUS0003085,2023-12-10,AGT,CLXBUS
BKG00005571,CUS0004033,2024-04-11,WEB,CLXSAV
BKG00005572,CUS0002900,2024-11-13,CTR,CLXBUS
BKG00005573,CUS0000021,2025-06-24,AGT,GRPECO
BKG00005574,CUS0004747,2025-08-08,CTR,BSSAVE
BKG00005575,CUS0001859,2023-09-11,WEB,CLXBUS
BKG00005576,CUS0002820,2024-08-09,AGT,WOWBUS
BKG00005577,CUS0001120,2025-09-29,AGT,WOWBUS
BKG00005578,CUS0000679,2023-11-16,GDS,GRPECO
BKG00005579,CUS0003814,2025-09-22,CTR,YOWRS
BKG00005580,CUS0002334,2023-08-28,OTA,FLXFST
BKG00005581,CUS0002373,2024-02-28,GDS,CLXBUS
BKG00005582,CUS0002008,2023-07-21,GDS,YOWUS
BKG00005583,CUS0000969,2024-12-16,CTR,CLXBUS
BKG00005584,CUS0002890,2026-05-09,MOB,YOWRS
BKG00005585,CUS0000658,2024-08-04,AGT,GRPECO
BKG00005586,CUS0004088,2023-06-13,GDS,FLXFST
BKG00005587,CUS0003507,2024-10-27,OTA,YOWUS
BKG00005588,CUS0002823,2025-08-02,MOB,GRPECO
BKG00005589,CUS0003425,2023-12-13,WEB,BSSAVE
BKG00005590,CUS0000218,2025-07-02,CTR,BSSAVE
BKG00005591,CUS0004537,2026-04-05,WEB,CLXSAV
BKG00005592,CUS0003906,2026-01-05,CTR,YOWUS
BKG00005593,CUS0003333,2026-01-05,AGT,YOWRS
BKG00005594,CUS0000491,2023-09-05,MOB,BSSAVE
BKG00005595,CUS0002015,2024-08-03,WEB,YOWRS
BKG00005596,CUS0003202,2023-06-14,GDS,GRPECO
BKG00005597,CUS0000197,2024-07-03,GDS,GRPECO
BKG00005598,CUS0003503,2023-11-17,MOB,CLXSAV
BKG00005599,CUS0002016,2025-10-02,MOB,BSSAVE
BKG00005600,CUS0001626,2026-04-26,AGT,GRPECO
BKG00005601,CUS0001009,2025-02-26,CTR,CLXSAV
BKG00005602,CUS0004799,2026-05-07,MOB,YOWRS
BKG00005603,CUS0001131,2025-11-21,GDS,CLXBUS
BKG00005604,CUS0004200,2023-08-22,OTA,FLXFST
BKG00005605,CUS0001808,2024-11-15,GDS,YOWRS
BKG00005606,CUS0000681,2025-02-10,OTA,BSSAVE
BKG00005607,CUS0004967,2024-05-30,OTA,WOWBUS
BKG00005608,CUS0000177,2025-07-12,WEB,YOWUS
BKG00005609,CUS0002006,2023-06-19,GDS,CLXSAV
BKG00005610,CUS0002013,2024-08-27,CTR,BSSAVE
BKG00005611,CUS0001994,2023-07-12,AGT,YOWRS
BKG00005612,CUS0001698,2023-06-21,MOB,CLXBUS
BKG00005613,CUS0003583,2024-09-10,OTA,FLXFST
BKG00005614,CUS0003113,2024-12-09,CTR,WOWBUS
BKG00005615,CUS0001039,2024-12-12,GDS,CLXBUS
BKG00005616,CUS0000847,2024-03-01,GDS,WOWBUS
BKG00005617,CUS0004071,2024-12-26,GDS,CLXSAV
BKG00005618,CUS0004671,2024-01-11,WEB,CLXSAV
BKG00005619,CUS0001723,2025-02-19,CTR,BSSAVE
BKG00005620,CUS0000338,2024-09-22,WEB,YOWRS
BKG00005621,CUS0002252,2024-07-30,AGT,YOWUS
BKG00005622,CUS0003178,2025-01-20,OTA,BSSAVE
BKG00005623,CUS0003506,2023-08-19,GDS,CLXBUS
BKG00005624,CUS0001508,2025-02-09,GDS,GRPECO
BKG00005625,CUS0001805,2025-06-23,OTA,YOWRS
BKG00005626,CUS0001184,2025-12-18,GDS,BSSAVE
BKG00005627,CUS0002291,2024-02-26,OTA,CLXSAV
BKG00005628,CUS0001808,2025-02-17,MOB,GRPECO
BKG00005629,CUS0002994,2025-07-14,AGT,FLXFST
BKG00005630,CUS0002573,2025-09-21,GDS,GRPECO
BKG00005631,CUS0003365,2025-07-22,OTA,GRPECO
BKG00005632,CUS0004189,2024-05-18,OTA,FLXFST
BKG00005633,CUS0001309,2024-06-14,MOB,CLXBUS
BKG00005634,CUS0004733,2024-08-26,OTA,CLXSAV
BKG00005635,CUS0000986,2026-05-20,WEB,CLXBUS
BKG00005636,CUS0003333,2024-12-25,AGT,BSSAVE
BKG00005637,CUS0002580,2025-08-19,WEB,FLXFST
BKG00005638,CUS0004740,2023-06-08,MOB,FLXFST
BKG00005639,CUS0002679,2025-10-31,GDS,CLXSAV
BKG00005640,CUS0000900,2025-03-27,MOB,YOWUS
BKG00005641,CUS0003455,2026-01-06,MOB,GRPECO
BKG00005642,CUS0003424,2025-02-21,AGT,GRPECO
BKG00005643,CUS0001470,2024-06-01,CTR,WOWBUS
BKG00005644,CUS0002618,2023-05-25,AGT,YOWUS
BKG00005645,CUS0003612,2025-11-01,CTR,WOWBUS
BKG00005646,CUS0002109,2024-09-26,AGT,CLXBUS
BKG00005647,CUS0001135,2025-02-05,WEB,BSSAVE
BKG00005648,CUS0004715,2025-05-29,WEB,CLXBUS
BKG00005649,CUS0003581,2024-12-07,AGT,CLXSAV
BKG00005650,CUS0000036,2024-10-05,MOB,BSSAVE
BKG00005651,CUS0001605,2023-08-13,OTA,GRPECO
BKG00005652,CUS0003781,2026-03-08,CTR,YOWUS
BKG00005653,CUS0002351,2024-04-01,OTA,GRPECO
BKG00005654,CUS0004647,2025-04-11,GDS,BSSAVE
BKG00005655,CUS0003061,2025-02-05,WEB,CLXBUS
BKG00005656,CUS0000426,2026-03-14,GDS,YOWUS
BKG00005657,CUS0001668,2024-09-06,MOB,BSSAVE
BKG00005658,CUS0000767,2025-06-16,OTA,GRPECO
BKG00005659,CUS0004551,2025-07-30,AGT,BSSAVE
BKG00005660,CUS0001991,2025-11-11,MOB,GRPECO
BKG00005661,CUS0001279,2023-11-17,AGT,YOWUS
BKG00005662,CUS0004649,2024-05-13,AGT,CLXBUS
BKG00005663,CUS0002595,2024-05-20,WEB,FLXFST
BKG00005664,CUS0004000,2026-01-01,GDS,GRPECO
BKG00005665,CUS0000097,2023-06-16,GDS,WOWBUS
BKG00005666,CUS0003335,2023-06-05,AGT,WOWBUS
BKG00005667,CUS0001152,2025-06-07,CTR,FLXFST
BKG00005668,CUS0001643,2024-09-02,WEB,YOWRS
BKG00005669,CUS0000552,2025-03-31,MOB,BSSAVE
BKG00005670,CUS0000222,2024-01-31,WEB,CLXBUS
BKG00005671,CUS0004124,2025-08-05,OTA,BSSAVE
BKG00005672,CUS0003177,2025-02-08,OTA,WOWBUS
BKG00005673,CUS0001677,2025-10-28,MOB,FLXFST
BKG00005674,CUS0003698,2023-11-04,AGT,FLXFST
BKG00005675,CUS0000188,2023-11-30,CTR,BSSAVE
BKG00005676,CUS0004426,2023-08-18,CTR,FLXFST
BKG00005677,CUS0004086,2024-10-20,AGT,YOWRS
BKG00005678,CUS0001695,2023-05-31,GDS,YOWUS
BKG00005679,CUS0002749,2025-03-01,AGT,CLXBUS
BKG00005680,CUS0004970,2026-02-18,OTA,FLXFST
BKG00005681,CUS0004911,2025-09-04,MOB,YOWUS
BKG00005682,CUS0004607,2024-04-22,OTA,FLXFST
BKG00005683,CUS0002294,2024-12-13,CTR,YOWUS
BKG00005684,CUS0000932,2025-07-10,MOB,BSSAVE
BKG00005685,CUS0002143,2026-05-02,CTR,CLXSAV
BKG00005686,CUS0000767,2025-06-03,CTR,WOWBUS
BKG00005687,CUS0003066,2025-07-01,WEB,YOWUS
BKG00005688,CUS0000635,2025-01-11,WEB,CLXSAV
BKG00005689,CUS0002391,2025-01-28,GDS,YOWRS
BKG00005690,CUS0003893,2024-03-20,OTA,YOWUS
BKG00005691,CUS0004431,2023-11-05,WEB,WOWBUS
BKG00005692,CUS0004292,2025-04-01,AGT,YOWUS
BKG00005693,CUS0002342,2023-09-16,OTA,YOWRS
BKG00005694,CUS0000502,2026-03-10,OTA,YOWUS
BKG00005695,CUS0002228,2025-12-25,MOB,YOWRS
BKG00005696,CUS0002856,2025-09-28,GDS,FLXFST
BKG00005697,CUS0004170,2026-04-27,OTA,YOWRS
BKG00005698,CUS0001750,2025-04-03,OTA,WOWBUS
BKG00005699,CUS0004280,2024-06-18,AGT,YOWRS
BKG00005700,CUS0002249,2026-02-22,CTR,WOWBUS
BKG00005701,CUS0003911,2023-08-12,OTA,GRPECO
BKG00005702,CUS0002620,2024-12-23,OTA,YOWUS
BKG00005703,CUS0001615,2024-06-14,WEB,YOWUS
BKG00005704,CUS0000845,2025-06-23,GDS,CLXSAV
BKG00005705,CUS0003125,2025-03-09,OTA,GRPECO
BKG00005706,CUS0000902,2025-04-10,GDS,GRPECO
BKG00005707,CUS0004497,2023-07-16,OTA,YOWUS
BKG00005708,CUS0000748,2026-05-04,CTR,YOWUS
BKG00005709,CUS0001268,2024-06-23,GDS,YOWRS
BKG00005710,CUS0003317,2023-09-30,CTR,WOWBUS
BKG00005711,CUS0003963,2024-10-03,AGT,YOWRS
BKG00005712,CUS0003572,2023-11-18,WEB,YOWRS
BKG00005713,CUS0002997,2023-06-09,CTR,FLXFST
BKG00005714,CUS0003476,2025-02-02,CTR,FLXFST
BKG00005715,CUS0000925,2023-10-10,WEB,GRPECO
BKG00005716,CUS0003158,2024-02-23,GDS,CLXSAV
BKG00005717,CUS0004745,2026-03-04,AGT,WOWBUS
BKG00005718,CUS0001632,2026-04-25,MOB,FLXFST
BKG00005719,CUS0000538,2024-10-26,GDS,YOWUS
BKG00005720,CUS0002629,2024-01-02,WEB,CLXSAV
BKG00005721,CUS0004394,2023-08-29,MOB,CLXSAV
BKG00005722,CUS0001554,2025-02-10,OTA,CLXSAV
BKG00005723,CUS0004417,2023-08-28,WEB,CLXSAV
BKG00005724,CUS0003457,2024-09-21,OTA,GRPECO
BKG00005725,CUS0001229,2025-04-21,CTR,CLXSAV
BKG00005726,CUS0002023,2025-12-05,OTA,WOWBUS
BKG00005727,CUS0002028,2025-12-12,CTR,BSSAVE
BKG00005728,CUS0002313,2024-05-06,MOB,FLXFST
BKG00005729,CUS0003279,2024-07-18,AGT,BSSAVE
BKG00005730,CUS0000773,2023-12-04,GDS,GRPECO
BKG00005731,CUS0002746,2026-05-07,CTR,YOWUS
BKG00005732,CUS0000546,2024-02-23,AGT,CLXSAV
BKG00005733,CUS0004419,2023-09-01,OTA,FLXFST
BKG00005734,CUS0003505,2026-05-16,CTR,GRPECO
BKG00005735,CUS0004955,2024-08-22,MOB,YOWUS
BKG00005736,CUS0001659,2025-07-13,WEB,BSSAVE
BKG00005737,CUS0004223,2025-09-11,OTA,WOWBUS
BKG00005738,CUS0001291,2024-09-30,GDS,BSSAVE
BKG00005739,CUS0003924,2023-10-07,GDS,FLXFST
BKG00005740,CUS0004854,2024-07-17,CTR,WOWBUS
BKG00005741,CUS0002090,2024-11-02,OTA,YOWRS
BKG00005742,CUS0003040,2025-06-21,AGT,YOWUS
BKG00005743,CUS0001349,2026-05-13,OTA,BSSAVE
BKG00005744,CUS0004243,2025-10-25,OTA,CLXBUS
BKG00005745,CUS0003494,2024-10-10,WEB,WOWBUS
BKG00005746,CUS0000037,2025-02-07,CTR,GRPECO
BKG00005747,CUS0001561,2023-08-03,WEB,GRPECO
BKG00005748,CUS0001025,2024-11-10,AGT,YOWUS
BKG00005749,CUS0003742,2025-03-08,MOB,BSSAVE
BKG00005750,CUS0003964,2023-07-14,GDS,GRPECO
BKG00005751,CUS0003735,2025-06-07,AGT,YOWRS
BKG00005752,CUS0000991,2024-06-03,CTR,CLXBUS
BKG00005753,CUS0001149,2025-05-19,OTA,BSSAVE
BKG00005754,CUS0003939,2025-04-06,AGT,FLXFST
BKG00005755,CUS0001626,2023-10-02,WEB,YOWUS
BKG00005756,CUS0000071,2023-11-27,GDS,YOWRS
BKG00005757,CUS0001200,2025-07-20,WEB,YOWUS
BKG00005758,CUS0001160,2025-09-08,AGT,CLXBUS
BKG00005759,CUS0001154,2024-02-29,MOB,CLXBUS
BKG00005760,CUS0002378,2026-02-22,GDS,WOWBUS
BKG00005761,CUS0000425,2024-06-19,OTA,GRPECO
BKG00005762,CUS0003663,2024-02-01,GDS,YOWRS
BKG00005763,CUS0003500,2023-07-07,WEB,GRPECO
BKG00005764,CUS0000888,2024-09-30,GDS,CLXSAV
BKG00005765,CUS0004997,2023-12-01,GDS,CLXSAV
BKG00005766,CUS0003267,2024-02-28,GDS,GRPECO
BKG00005767,CUS0003332,2024-12-26,OTA,YOWUS
BKG00005768,CUS0004975,2024-05-24,CTR,FLXFST
BKG00005769,CUS0004293,2024-02-01,MOB,WOWBUS
BKG00005770,CUS0002356,2023-12-24,OTA,YOWUS
BKG00005771,CUS0000144,2023-06-07,CTR,CLXSAV
BKG00005772,CUS0001248,2025-02-05,MOB,CLXBUS
BKG00005773,CUS0001134,2026-02-10,AGT,FLXFST
BKG00005774,CUS0002987,2023-11-16,MOB,GRPECO
BKG00005775,CUS0001641,2025-11-06,AGT,BSSAVE
BKG00005776,CUS0001042,2024-06-19,WEB,YOWRS
BKG00005777,CUS0002117,2026-04-18,MOB,YOWUS
BKG00005778,CUS0003758,2023-11-06,WEB,CLXSAV
BKG00005779,CUS0002331,2025-04-18,GDS,WOWBUS
BKG00005780,CUS0003452,2024-05-19,WEB,YOWRS
BKG00005781,CUS0002741,2025-06-02,GDS,YOWRS
BKG00005782,CUS0000677,2023-11-03,OTA,YOWUS
BKG00005783,CUS0000788,2024-08-12,WEB,YOWRS
BKG00005784,CUS0003252,2026-03-02,AGT,BSSAVE
BKG00005785,CUS0003433,2024-06-25,WEB,YOWUS
BKG00005786,CUS0004129,2026-04-27,WEB,BSSAVE
BKG00005787,CUS0003288,2024-03-07,OTA,WOWBUS
BKG00005788,CUS0002144,2023-11-17,GDS,CLXSAV
BKG00005789,CUS0004898,2024-08-15,GDS,WOWBUS
BKG00005790,CUS0001808,2023-06-28,OTA,CLXBUS
BKG00005791,CUS0004159,2024-01-22,CTR,WOWBUS
BKG00005792,CUS0002935,2023-07-28,GDS,YOWRS
BKG00005793,CUS0004917,2025-12-03,MOB,YOWRS
BKG00005794,CUS0002324,2024-02-12,CTR,FLXFST
BKG00005795,CUS0003867,2023-09-01,CTR,YOWRS
BKG00005796,CUS0002066,2026-05-15,GDS,WOWBUS
BKG00005797,CUS0004140,2023-08-23,GDS,FLXFST
BKG00005798,CUS0002324,2023-12-12,AGT,WOWBUS
BKG00005799,CUS0001277,2026-02-22,WEB,WOWBUS
BKG00005800,CUS0000751,2025-07-11,GDS,BSSAVE
BKG00005801,CUS0003340,2024-06-10,GDS,CLXSAV
BKG00005802,CUS0001199,2024-07-01,CTR,BSSAVE
BKG00005803,CUS0002543,2025-07-29,GDS,CLXSAV
BKG00005804,CUS0002162,2025-03-08,CTR,BSSAVE
BKG00005805,CUS0004081,2024-03-12,AGT,BSSAVE
BKG00005806,CUS0002377,2026-04-26,WEB,YOWUS
BKG00005807,CUS0000282,2026-04-22,AGT,BSSAVE
BKG00005808,CUS0000171,2024-12-23,CTR,FLXFST
BKG00005809,CUS0000407,2024-09-29,WEB,CLXBUS
BKG00005810,CUS0003089,2025-04-10,WEB,CLXSAV
BKG00005811,CUS0000705,2026-04-15,CTR,YOWUS
BKG00005812,CUS0004584,2026-02-25,OTA,CLXBUS
BKG00005813,CUS0001708,2025-06-28,MOB,GRPECO
BKG00005814,CUS0000939,2024-09-24,GDS,WOWBUS
BKG00005815,CUS0000468,2024-07-01,AGT,WOWBUS
BKG00005816,CUS0001921,2024-03-12,OTA,FLXFST
BKG00005817,CUS0001779,2026-01-22,GDS,WOWBUS
BKG00005818,CUS0000106,2025-04-28,WEB,YOWUS
BKG00005819,CUS0000466,2024-02-27,AGT,YOWUS
BKG00005820,CUS0004828,2025-12-06,WEB,WOWBUS
BKG00005821,CUS0000541,2024-09-30,CTR,GRPECO
BKG00005822,CUS0004269,2024-08-16,WEB,YOWUS
BKG00005823,CUS0002538,2023-09-01,CTR,YOWUS
BKG00005824,CUS0001422,2026-03-16,CTR,WOWBUS
BKG00005825,CUS0002752,2024-02-05,AGT,CLXBUS
BKG00005826,CUS0000529,2024-10-08,OTA,BSSAVE
BKG00005827,CUS0000415,2024-02-21,CTR,WOWBUS
BKG00005828,CUS0000405,2023-10-22,OTA,WOWBUS
BKG00005829,CUS0003634,2023-09-26,GDS,FLXFST
BKG00005830,CUS0000726,2023-11-26,MOB,FLXFST
BKG00005831,CUS0003227,2026-05-08,MOB,YOWUS
BKG00005832,CUS0004194,2025-01-28,WEB,BSSAVE
BKG00005833,CUS0001124,2025-11-15,AGT,FLXFST
BKG00005834,CUS0004260,2025-04-07,WEB,CLXSAV
BKG00005835,CUS0004687,2024-03-15,OTA,GRPECO
BKG00005836,CUS0002101,2025-01-28,GDS,YOWUS
BKG00005837,CUS0002847,2025-02-05,AGT,WOWBUS
BKG00005838,CUS0000604,2024-12-20,WEB,YOWUS
BKG00005839,CUS0002858,2024-07-20,AGT,WOWBUS
BKG00005840,CUS0002004,2023-05-30,WEB,FLXFST
BKG00005841,CUS0004074,2026-02-14,MOB,GRPECO
BKG00005842,CUS0004128,2025-08-17,OTA,BSSAVE
BKG00005843,CUS0000776,2023-07-15,CTR,YOWRS
BKG00005844,CUS0002527,2023-07-30,MOB,FLXFST
BKG00005845,CUS0004968,2024-07-30,MOB,GRPECO
BKG00005846,CUS0003344,2024-03-26,AGT,CLXSAV
BKG00005847,CUS0000236,2025-07-28,AGT,YOWRS
BKG00005848,CUS0003323,2025-01-27,GDS,FLXFST
BKG00005849,CUS0003924,2024-10-19,AGT,YOWRS
BKG00005850,CUS0004171,2024-03-04,GDS,GRPECO
BKG00005851,CUS0003262,2025-02-15,MOB,WOWBUS
BKG00005852,CUS0003352,2025-08-13,MOB,FLXFST
BKG00005853,CUS0004463,2024-08-11,CTR,CLXSAV
BKG00005854,CUS0000202,2023-10-03,WEB,FLXFST
BKG00005855,CUS0001323,2025-09-26,GDS,FLXFST
BKG00005856,CUS0001409,2025-03-22,CTR,BSSAVE
BKG00005857,CUS0001508,2023-07-06,GDS,FLXFST
BKG00005858,CUS0003564,2024-09-28,GDS,YOWUS
BKG00005859,CUS0004669,2024-04-01,AGT,WOWBUS
BKG00005860,CUS0003667,2026-01-07,AGT,FLXFST
BKG00005861,CUS0000702,2023-07-25,GDS,CLXSAV
BKG00005862,CUS0001385,2023-08-03,MOB,YOWUS
BKG00005863,CUS0003800,2026-01-16,OTA,WOWBUS
BKG00005864,CUS0002605,2023-05-27,CTR,YOWRS
BKG00005865,CUS0001111,2024-12-04,OTA,CLXSAV
BKG00005866,CUS0003905,2025-10-14,GDS,GRPECO
BKG00005867,CUS0001248,2024-07-28,GDS,CLXSAV
BKG00005868,CUS0004942,2025-08-16,GDS,FLXFST
BKG00005869,CUS0002428,2023-10-15,WEB,WOWBUS
BKG00005870,CUS0004564,2024-06-07,OTA,YOWUS
BKG00005871,CUS0002598,2025-02-23,WEB,YOWRS
BKG00005872,CUS0002384,2026-04-17,WEB,GRPECO
BKG00005873,CUS0000896,2026-02-18,GDS,CLXSAV
BKG00005874,CUS0003956,2025-11-30,CTR,WOWBUS
BKG00005875,CUS0004684,2024-11-11,WEB,BSSAVE
BKG00005876,CUS0004836,2025-03-04,OTA,FLXFST
BKG00005877,CUS0002875,2024-09-28,WEB,GRPECO
BKG00005878,CUS0000658,2025-02-26,AGT,YOWRS
BKG00005879,CUS0002527,2024-11-08,CTR,FLXFST
BKG00005880,CUS0000323,2025-02-19,WEB,CLXSAV
BKG00005881,CUS0000358,2025-01-29,WEB,BSSAVE
BKG00005882,CUS0002146,2025-01-28,OTA,BSSAVE
BKG00005883,CUS0004284,2024-05-30,GDS,GRPECO
BKG00005884,CUS0002864,2024-03-27,AGT,GRPECO
BKG00005885,CUS0000408,2023-08-03,AGT,WOWBUS
BKG00005886,CUS0000137,2026-05-01,MOB,WOWBUS
BKG00005887,CUS0000148,2025-09-29,WEB,YOWRS
BKG00005888,CUS0001229,2023-06-08,OTA,YOWUS
BKG00005889,CUS0000523,2024-02-03,AGT,FLXFST
BKG00005890,CUS0000296,2024-10-21,GDS,CLXBUS
BKG00005891,CUS0001401,2024-06-24,CTR,YOWUS
BKG00005892,CUS0003290,2024-04-22,AGT,CLXSAV
BKG00005893,CUS0001223,2025-05-21,MOB,BSSAVE
BKG00005894,CUS0001861,2024-04-11,MOB,FLXFST
BKG00005895,CUS0004954,2023-10-30,MOB,YOWRS
BKG00005896,CUS0004595,2025-01-21,WEB,FLXFST
BKG00005897,CUS0001378,2025-04-20,WEB,YOWUS
BKG00005898,CUS0004084,2025-03-06,AGT,WOWBUS
BKG00005899,CUS0000163,2025-12-27,MOB,CLXBUS
BKG00005900,CUS0001416,2025-07-11,GDS,FLXFST
BKG00005901,CUS0001138,2025-05-11,OTA,GRPECO
BKG00005902,CUS0002978,2024-09-23,MOB,GRPECO
BKG00005903,CUS0002362,2023-12-05,WEB,CLXSAV
BKG00005904,CUS0004054,2026-04-11,AGT,YOWRS
BKG00005905,CUS0002270,2024-09-17,OTA,FLXFST
BKG00005906,CUS0004896,2025-01-31,OTA,FLXFST
BKG00005907,CUS0004064,2024-07-05,OTA,YOWUS
BKG00005908,CUS0003117,2025-01-28,CTR,GRPECO
BKG00005909,CUS0001707,2023-06-29,OTA,CLXBUS
BKG00005910,CUS0002074,2026-05-14,OTA,WOWBUS
BKG00005911,CUS0002084,2025-01-27,OTA,YOWRS
BKG00005912,CUS0002300,2024-03-07,GDS,FLXFST
BKG00005913,CUS0004498,2024-09-25,CTR,FLXFST
BKG00005914,CUS0002900,2026-04-02,CTR,WOWBUS
BKG00005915,CUS0002193,2023-09-12,CTR,WOWBUS
BKG00005916,CUS0002431,2023-07-12,CTR,WOWBUS
BKG00005917,CUS0002894,2024-07-15,AGT,FLXFST
BKG00005918,CUS0001311,2025-09-20,GDS,GRPECO
BKG00005919,CUS0001769,2024-02-20,GDS,FLXFST
BKG00005920,CUS0002456,2025-07-16,CTR,CLXSAV
BKG00005921,CUS0001969,2023-08-15,MOB,YOWUS
BKG00005922,CUS0003775,2023-09-17,GDS,CLXSAV
BKG00005923,CUS0004297,2026-03-30,GDS,YOWUS
BKG00005924,CUS0004161,2025-05-02,CTR,CLXBUS
BKG00005925,CUS0001997,2024-08-12,MOB,FLXFST
BKG00005926,CUS0004998,2024-11-15,CTR,WOWBUS
BKG00005927,CUS0002063,2024-09-08,OTA,WOWBUS
BKG00005928,CUS0003528,2025-03-27,CTR,CLXSAV
BKG00005929,CUS0004388,2025-12-15,WEB,CLXSAV
BKG00005930,CUS0000195,2025-02-05,AGT,CLXBUS
BKG00005931,CUS0002615,2025-02-09,WEB,CLXSAV
BKG00005932,CUS0000262,2024-02-25,CTR,BSSAVE
BKG00005933,CUS0004359,2025-03-14,OTA,FLXFST
BKG00005934,CUS0003797,2024-08-22,MOB,YOWUS
BKG00005935,CUS0000419,2025-09-04,GDS,WOWBUS
BKG00005936,CUS0002297,2025-10-28,MOB,WOWBUS
BKG00005937,CUS0004647,2026-02-05,WEB,GRPECO
BKG00005938,CUS0003661,2025-06-08,MOB,GRPECO
BKG00005939,CUS0001163,2024-03-29,CTR,CLXSAV
BKG00005940,CUS0002209,2026-02-20,AGT,CLXSAV
BKG00005941,CUS0000040,2023-06-02,MOB,YOWUS
BKG00005942,CUS0000520,2023-11-03,GDS,BSSAVE
BKG00005943,CUS0002745,2024-03-07,CTR,CLXSAV
BKG00005944,CUS0000901,2024-04-12,OTA,YOWUS
BKG00005945,CUS0001087,2023-08-31,AGT,YOWUS
BKG00005946,CUS0002457,2026-01-07,OTA,YOWUS
BKG00005947,CUS0001516,2026-04-10,CTR,YOWRS
BKG00005948,CUS0002554,2025-10-22,MOB,CLXSAV
BKG00005949,CUS0001860,2024-12-09,WEB,BSSAVE
BKG00005950,CUS0003802,2026-01-21,CTR,CLXBUS
BKG00005951,CUS0001905,2025-01-27,MOB,GRPECO
BKG00005952,CUS0002709,2025-01-16,MOB,YOWRS
BKG00005953,CUS0000824,2024-01-30,WEB,BSSAVE
BKG00005954,CUS0001958,2025-01-31,AGT,CLXSAV
BKG00005955,CUS0004720,2025-10-29,WEB,CLXBUS
BKG00005956,CUS0001367,2025-06-01,GDS,CLXSAV
BKG00005957,CUS0001513,2025-12-04,GDS,CLXBUS
BKG00005958,CUS0001221,2024-11-07,CTR,FLXFST
BKG00005959,CUS0003116,2024-12-01,MOB,CLXSAV
BKG00005960,CUS0000910,2024-04-09,AGT,YOWUS
BKG00005961,CUS0004290,2026-05-10,OTA,GRPECO
BKG00005962,CUS0001831,2025-01-20,CTR,WOWBUS
BKG00005963,CUS0004539,2023-06-25,AGT,CLXSAV
BKG00005964,CUS0002856,2025-02-19,OTA,CLXSAV
BKG00005965,CUS0000658,2024-08-02,OTA,FLXFST
BKG00005966,CUS0000336,2025-10-30,CTR,YOWRS
BKG00005967,CUS0004790,2025-01-24,MOB,CLXSAV
BKG00005968,CUS0000769,2026-02-25,WEB,GRPECO
BKG00005969,CUS0002494,2023-12-25,OTA,CLXSAV
BKG00005970,CUS0002562,2023-11-26,AGT,WOWBUS
BKG00005971,CUS0003718,2025-10-19,AGT,YOWUS
BKG00005972,CUS0003424,2025-06-12,MOB,GRPECO
BKG00005973,CUS0001528,2025-03-23,CTR,YOWRS
BKG00005974,CUS0003406,2024-11-15,GDS,WOWBUS
BKG00005975,CUS0002028,2025-07-16,GDS,CLXBUS
BKG00005976,CUS0003157,2025-08-18,WEB,BSSAVE
BKG00005977,CUS0000712,2025-02-03,AGT,CLXSAV
BKG00005978,CUS0003897,2026-03-11,OTA,FLXFST
BKG00005979,CUS0001367,2023-07-05,GDS,CLXBUS
BKG00005980,CUS0000832,2026-05-24,MOB,FLXFST
BKG00005981,CUS0000236,2025-09-22,CTR,CLXBUS
BKG00005982,CUS0004307,2023-11-16,WEB,GRPECO
BKG00005983,CUS0003214,2024-02-10,MOB,YOWUS
BKG00005984,CUS0004827,2024-11-20,CTR,YOWUS
BKG00005985,CUS0003473,2023-11-29,CTR,WOWBUS
BKG00005986,CUS0000687,2026-02-12,CTR,FLXFST
BKG00005987,CUS0001971,2023-09-30,WEB,WOWBUS
BKG00005988,CUS0004897,2024-04-28,OTA,YOWRS
BKG00005989,CUS0003571,2024-05-13,AGT,GRPECO
BKG00005990,CUS0000486,2026-01-10,OTA,CLXSAV
BKG00005991,CUS0000267,2025-08-10,AGT,CLXSAV
BKG00005992,CUS0004835,2025-11-21,CTR,BSSAVE
BKG00005993,CUS0001025,2025-07-08,AGT,FLXFST
BKG00005994,CUS0003611,2025-06-03,MOB,YOWRS
BKG00005995,CUS0001420,2024-02-17,MOB,CLXBUS
BKG00005996,CUS0001878,2025-07-02,CTR,YOWUS
BKG00005997,CUS0002528,2023-08-11,CTR,CLXSAV
BKG00005998,CUS0000741,2025-11-01,AGT,CLXBUS
BKG00005999,CUS0001248,2024-07-10,WEB,BSSAVE
BKG00006000,CUS0003026,2023-09-07,CTR,WOWBUS
BKG00006001,CUS0003283,2025-01-04,OTA,CLXSAV
BKG00006002,CUS0000379,2025-10-02,AGT,BSSAVE
BKG00006003,CUS0004530,2024-09-14,MOB,WOWBUS
BKG00006004,CUS0000878,2023-08-29,MOB,CLXBUS
BKG00006005,CUS0001086,2025-02-01,GDS,CLXSAV
BKG00006006,CUS0003040,2026-04-11,GDS,FLXFST
BKG00006007,CUS0003823,2023-09-11,MOB,YOWRS
BKG00006008,CUS0000903,2024-12-10,AGT,CLXSAV
BKG00006009,CUS0002399,2025-06-13,CTR,YOWUS
BKG00006010,CUS0002337,2026-04-19,AGT,CLXBUS
BKG00006011,CUS0001590,2024-03-16,WEB,WOWBUS
BKG00006012,CUS0002451,2025-03-13,MOB,FLXFST
BKG00006013,CUS0003052,2024-05-28,MOB,YOWRS
BKG00006014,CUS0000313,2024-12-02,AGT,BSSAVE
BKG00006015,CUS0004795,2025-02-24,GDS,GRPECO
BKG00006016,CUS0000973,2023-09-24,AGT,YOWRS
BKG00006017,CUS0002628,2025-12-16,WEB,FLXFST
BKG00006018,CUS0001205,2026-04-15,AGT,YOWRS
BKG00006019,CUS0003832,2023-07-28,CTR,BSSAVE
BKG00006020,CUS0003194,2025-03-24,OTA,YOWRS
BKG00006021,CUS0003703,2024-01-02,MOB,BSSAVE
BKG00006022,CUS0004172,2026-02-14,WEB,FLXFST
BKG00006023,CUS0001158,2025-09-10,AGT,YOWRS
BKG00006024,CUS0000439,2024-03-14,AGT,GRPECO
BKG00006025,CUS0001873,2025-01-14,CTR,BSSAVE
BKG00006026,CUS0001284,2023-06-15,WEB,WOWBUS
BKG00006027,CUS0003253,2023-07-16,CTR,YOWRS
BKG00006028,CUS0002640,2025-01-26,GDS,WOWBUS
BKG00006029,CUS0003773,2024-09-29,GDS,GRPECO
BKG00006030,CUS0000934,2023-11-15,WEB,CLXSAV
BKG00006031,CUS0001122,2023-11-09,CTR,GRPECO
BKG00006032,CUS0003993,2025-03-19,WEB,GRPECO
BKG00006033,CUS0002393,2025-07-16,OTA,YOWRS
BKG00006034,CUS0003057,2023-06-10,MOB,YOWUS
BKG00006035,CUS0002084,2024-05-02,OTA,CLXSAV
BKG00006036,CUS0000419,2023-10-18,WEB,BSSAVE
BKG00006037,CUS0000049,2024-07-01,MOB,FLXFST
BKG00006038,CUS0004266,2023-10-09,MOB,GRPECO
BKG00006039,CUS0004547,2024-05-25,CTR,YOWUS
BKG00006040,CUS0001746,2026-02-21,AGT,CLXBUS
BKG00006041,CUS0002837,2025-05-18,WEB,BSSAVE
BKG00006042,CUS0004870,2024-12-16,OTA,FLXFST
BKG00006043,CUS0003708,2026-02-16,GDS,YOWUS
BKG00006044,CUS0001948,2025-11-20,AGT,YOWUS
BKG00006045,CUS0002230,2024-01-08,WEB,WOWBUS
BKG00006046,CUS0002238,2025-03-20,GDS,GRPECO
BKG00006047,CUS0002851,2023-12-01,OTA,YOWRS
BKG00006048,CUS0004395,2026-02-17,AGT,BSSAVE
BKG00006049,CUS0001967,2024-01-21,GDS,YOWRS
BKG00006050,CUS0000366,2025-03-16,WEB,WOWBUS
BKG00006051,CUS0004502,2024-07-06,AGT,BSSAVE
BKG00006052,CUS0003657,2023-08-26,MOB,YOWRS
BKG00006053,CUS0000398,2024-07-08,OTA,YOWRS
BKG00006054,CUS0001997,2023-07-28,MOB,CLXBUS
BKG00006055,CUS0003075,2025-04-06,WEB,YOWRS
BKG00006056,CUS0004469,2025-11-14,OTA,BSSAVE
BKG00006057,CUS0001220,2025-09-21,WEB,YOWRS
BKG00006058,CUS0001926,2024-02-09,CTR,BSSAVE
BKG00006059,CUS0002963,2026-03-12,MOB,BSSAVE
BKG00006060,CUS0000259,2023-07-02,CTR,WOWBUS
BKG00006061,CUS0000630,2026-01-30,AGT,FLXFST
BKG00006062,CUS0004285,2025-03-14,WEB,FLXFST
BKG00006063,CUS0001821,2024-03-18,GDS,YOWUS
BKG00006064,CUS0001947,2024-06-10,CTR,YOWRS
BKG00006065,CUS0003924,2023-10-20,MOB,FLXFST
BKG00006066,CUS0004918,2024-10-16,WEB,GRPECO
BKG00006067,CUS0004181,2026-03-21,CTR,CLXBUS
BKG00006068,CUS0003983,2023-08-25,GDS,GRPECO
BKG00006069,CUS0001509,2025-02-20,WEB,YOWUS
BKG00006070,CUS0000190,2026-02-07,OTA,BSSAVE
BKG00006071,CUS0000662,2025-06-12,OTA,YOWRS
BKG00006072,CUS0000413,2025-12-29,GDS,YOWUS
BKG00006073,CUS0003742,2024-02-13,WEB,FLXFST
BKG00006074,CUS0001978,2025-03-04,OTA,CLXSAV
BKG00006075,CUS0000226,2024-07-20,AGT,CLXSAV
BKG00006076,CUS0000854,2024-02-11,MOB,WOWBUS
BKG00006077,CUS0003759,2023-06-12,WEB,CLXSAV
BKG00006078,CUS0000663,2026-04-17,WEB,YOWRS
BKG00006079,CUS0002170,2025-04-19,AGT,CLXBUS
BKG00006080,CUS0002964,2023-09-29,OTA,CLXSAV
BKG00006081,CUS0003444,2024-02-20,CTR,GRPECO
BKG00006082,CUS0001162,2023-09-17,CTR,FLXFST
BKG00006083,CUS0002820,2023-10-25,OTA,FLXFST
BKG00006084,CUS0000942,2024-03-24,CTR,BSSAVE
BKG00006085,CUS0003716,2026-01-21,GDS,GRPECO
BKG00006086,CUS0000642,2025-08-06,MOB,GRPECO
BKG00006087,CUS0003655,2025-05-10,AGT,YOWRS
BKG00006088,CUS0004105,2023-11-25,CTR,FLXFST
BKG00006089,CUS0001159,2024-01-28,GDS,WOWBUS
BKG00006090,CUS0004790,2025-04-23,OTA,FLXFST
BKG00006091,CUS0000873,2023-07-03,MOB,FLXFST
BKG00006092,CUS0003127,2025-08-13,GDS,WOWBUS
BKG00006093,CUS0000207,2024-05-21,OTA,CLXSAV
BKG00006094,CUS0004051,2025-11-14,MOB,GRPECO
BKG00006095,CUS0000807,2025-05-05,MOB,GRPECO
BKG00006096,CUS0002347,2023-11-13,WEB,BSSAVE
BKG00006097,CUS0001146,2026-02-07,MOB,CLXBUS
BKG00006098,CUS0003120,2024-10-22,WEB,CLXBUS
BKG00006099,CUS0002435,2024-03-25,GDS,FLXFST
BKG00006100,CUS0001442,2024-09-03,GDS,FLXFST
BKG00006101,CUS0001678,2025-07-12,AGT,WOWBUS
BKG00006102,CUS0000007,2025-04-25,OTA,YOWRS
BKG00006103,CUS0000587,2023-10-20,GDS,FLXFST
BKG00006104,CUS0000793,2024-04-01,AGT,CLXBUS
BKG00006105,CUS0001427,2024-09-14,AGT,YOWRS
BKG00006106,CUS0003069,2026-01-30,MOB,CLXBUS
BKG00006107,CUS0004190,2023-07-19,MOB,YOWRS
BKG00006108,CUS0004924,2026-04-29,GDS,FLXFST
BKG00006109,CUS0001698,2025-08-29,GDS,CLXBUS
BKG00006110,CUS0003926,2024-03-22,WEB,CLXBUS
BKG00006111,CUS0003181,2025-10-22,OTA,FLXFST
BKG00006112,CUS0004413,2025-05-19,CTR,FLXFST
BKG00006113,CUS0004860,2024-11-26,CTR,GRPECO
BKG00006114,CUS0000179,2026-03-08,MOB,FLXFST
BKG00006115,CUS0004516,2025-05-03,CTR,WOWBUS
BKG00006116,CUS0000025,2026-01-29,WEB,CLXBUS
BKG00006117,CUS0004435,2023-10-05,MOB,GRPECO
BKG00006118,CUS0004943,2024-04-16,AGT,WOWBUS
BKG00006119,CUS0003290,2024-08-13,AGT,WOWBUS
BKG00006120,CUS0000646,2026-01-19,OTA,BSSAVE
BKG00006121,CUS0001188,2024-12-26,AGT,YOWRS
BKG00006122,CUS0001374,2024-11-13,GDS,YOWUS
BKG00006123,CUS0003141,2023-12-30,OTA,WOWBUS
BKG00006124,CUS0002296,2024-01-17,WEB,YOWUS
BKG00006125,CUS0002165,2024-12-22,WEB,FLXFST
BKG00006126,CUS0001190,2025-07-06,CTR,YOWRS
BKG00006127,CUS0000672,2025-03-29,CTR,GRPECO
BKG00006128,CUS0001396,2026-05-15,MOB,BSSAVE
BKG00006129,CUS0002301,2024-10-12,GDS,YOWRS
BKG00006130,CUS0004249,2023-06-02,MOB,YOWUS
BKG00006131,CUS0000717,2023-07-27,CTR,YOWRS
BKG00006132,CUS0003657,2025-05-15,AGT,FLXFST
BKG00006133,CUS0000438,2024-07-29,GDS,CLXSAV
BKG00006134,CUS0003672,2024-07-29,CTR,CLXBUS
BKG00006135,CUS0004724,2025-12-26,GDS,CLXBUS
BKG00006136,CUS0004765,2023-10-23,CTR,GRPECO
BKG00006137,CUS0004918,2024-08-10,WEB,CLXSAV
BKG00006138,CUS0001321,2024-01-24,MOB,YOWRS
BKG00006139,CUS0004017,2024-03-08,WEB,YOWRS
BKG00006140,CUS0002287,2024-05-12,CTR,FLXFST
BKG00006141,CUS0002751,2026-01-23,GDS,CLXSAV
BKG00006142,CUS0004234,2024-08-01,AGT,YOWRS
BKG00006143,CUS0004530,2025-05-11,CTR,YOWRS
BKG00006144,CUS0000078,2023-10-03,GDS,YOWRS
BKG00006145,CUS0004035,2025-11-14,MOB,CLXSAV
BKG00006146,CUS0003330,2026-05-12,MOB,YOWRS
BKG00006147,CUS0003342,2023-08-19,MOB,YOWRS
BKG00006148,CUS0001378,2024-11-05,CTR,GRPECO
BKG00006149,CUS0003003,2025-05-12,OTA,GRPECO
BKG00006150,CUS0001459,2024-06-21,AGT,FLXFST
BKG00006151,CUS0000847,2023-11-27,GDS,CLXBUS
BKG00006152,CUS0004988,2025-04-16,GDS,WOWBUS
BKG00006153,CUS0003998,2026-01-11,CTR,YOWRS
BKG00006154,CUS0000727,2024-04-11,CTR,WOWBUS
BKG00006155,CUS0004306,2026-03-16,AGT,YOWUS
BKG00006156,CUS0003211,2024-02-24,CTR,BSSAVE
BKG00006157,CUS0000388,2023-10-03,WEB,WOWBUS
BKG00006158,CUS0000107,2026-02-24,GDS,YOWRS
BKG00006159,CUS0003490,2024-11-12,GDS,CLXSAV
BKG00006160,CUS0001545,2024-08-11,AGT,BSSAVE
BKG00006161,CUS0000942,2024-09-03,GDS,WOWBUS
BKG00006162,CUS0001594,2023-07-28,GDS,YOWRS
BKG00006163,CUS0001984,2025-11-28,WEB,GRPECO
BKG00006164,CUS0004317,2025-10-03,OTA,CLXBUS
BKG00006165,CUS0004739,2025-06-05,WEB,YOWUS
BKG00006166,CUS0002544,2024-06-29,AGT,YOWUS
BKG00006167,CUS0001988,2023-11-16,GDS,BSSAVE
BKG00006168,CUS0004927,2025-08-01,OTA,CLXBUS
BKG00006169,CUS0003044,2023-12-26,CTR,CLXSAV
BKG00006170,CUS0004125,2025-02-15,MOB,CLXSAV
BKG00006171,CUS0003450,2023-11-18,MOB,YOWRS
BKG00006172,CUS0001255,2025-12-23,GDS,CLXBUS
BKG00006173,CUS0001785,2025-12-26,CTR,BSSAVE
BKG00006174,CUS0001192,2025-07-23,OTA,CLXSAV
BKG00006175,CUS0000868,2025-12-06,GDS,CLXBUS
BKG00006176,CUS0000572,2023-06-02,CTR,BSSAVE
BKG00006177,CUS0002644,2024-10-29,CTR,YOWRS
BKG00006178,CUS0002082,2024-01-05,GDS,FLXFST
BKG00006179,CUS0001471,2025-02-16,WEB,BSSAVE
BKG00006180,CUS0001540,2025-11-01,GDS,YOWUS
BKG00006181,CUS0000996,2025-10-13,AGT,FLXFST
BKG00006182,CUS0001911,2023-10-20,CTR,CLXBUS
BKG00006183,CUS0002933,2024-08-12,OTA,YOWRS
BKG00006184,CUS0001704,2025-09-23,AGT,CLXBUS
BKG00006185,CUS0002608,2025-08-03,MOB,YOWRS
BKG00006186,CUS0002572,2025-05-09,GDS,WOWBUS
BKG00006187,CUS0000432,2023-09-20,CTR,WOWBUS
BKG00006188,CUS0000072,2023-06-11,GDS,FLXFST
BKG00006189,CUS0004271,2025-02-22,AGT,CLXSAV
BKG00006190,CUS0000378,2025-11-23,AGT,FLXFST
BKG00006191,CUS0002506,2024-11-03,OTA,GRPECO
BKG00006192,CUS0001111,2025-01-20,AGT,CLXBUS
BKG00006193,CUS0000264,2024-03-09,CTR,BSSAVE
BKG00006194,CUS0000882,2024-10-10,GDS,GRPECO
BKG00006195,CUS0001542,2023-09-21,OTA,YOWRS
BKG00006196,CUS0003429,2024-08-30,GDS,YOWRS
BKG00006197,CUS0000546,2025-01-27,MOB,WOWBUS
BKG00006198,CUS0003855,2024-11-15,MOB,FLXFST
BKG00006199,CUS0003710,2025-08-25,WEB,GRPECO
BKG00006200,CUS0001115,2025-11-16,WEB,GRPECO
BKG00006201,CUS0001855,2026-05-22,AGT,CLXBUS
BKG00006202,CUS0000092,2024-03-07,AGT,BSSAVE
BKG00006203,CUS0002504,2026-04-16,MOB,BSSAVE
BKG00006204,CUS0001399,2025-01-25,AGT,CLXBUS
BKG00006205,CUS0000771,2026-01-13,AGT,WOWBUS
BKG00006206,CUS0000503,2025-01-24,GDS,WOWBUS
BKG00006207,CUS0001515,2024-05-28,AGT,WOWBUS
BKG00006208,CUS0003555,2023-09-18,OTA,CLXBUS
BKG00006209,CUS0000119,2025-04-04,WEB,YOWRS
BKG00006210,CUS0002540,2025-06-05,OTA,CLXBUS
BKG00006211,CUS0001378,2025-05-17,OTA,CLXBUS
BKG00006212,CUS0001273,2026-05-11,AGT,YOWUS
BKG00006213,CUS0001289,2023-11-30,AGT,CLXBUS
BKG00006214,CUS0002005,2025-08-12,OTA,YOWUS
BKG00006215,CUS0004923,2023-10-06,OTA,GRPECO
BKG00006216,CUS0003370,2024-05-20,OTA,YOWRS
BKG00006217,CUS0000967,2023-07-07,AGT,FLXFST
BKG00006218,CUS0000534,2024-12-29,OTA,FLXFST
BKG00006219,CUS0002245,2023-12-02,WEB,CLXBUS
BKG00006220,CUS0000845,2024-01-29,OTA,GRPECO
BKG00006221,CUS0002880,2023-10-11,MOB,YOWRS
BKG00006222,CUS0001578,2024-02-23,GDS,YOWUS
BKG00006223,CUS0002621,2025-02-20,OTA,BSSAVE
BKG00006224,CUS0002459,2025-07-18,OTA,YOWRS
BKG00006225,CUS0000458,2024-05-30,CTR,BSSAVE
BKG00006226,CUS0003159,2024-06-20,WEB,YOWRS
BKG00006227,CUS0000223,2024-01-29,AGT,WOWBUS
BKG00006228,CUS0002608,2024-04-23,GDS,CLXSAV
BKG00006229,CUS0002189,2026-05-11,MOB,BSSAVE
BKG00006230,CUS0000289,2023-11-11,AGT,BSSAVE
BKG00006231,CUS0001982,2025-11-03,GDS,FLXFST
BKG00006232,CUS0003127,2025-04-01,GDS,FLXFST
BKG00006233,CUS0004915,2025-03-16,MOB,BSSAVE
BKG00006234,CUS0004669,2026-04-14,OTA,WOWBUS
BKG00006235,CUS0001899,2023-07-30,CTR,FLXFST
BKG00006236,CUS0000765,2023-08-04,CTR,CLXBUS
BKG00006237,CUS0000761,2024-11-10,WEB,WOWBUS
BKG00006238,CUS0004988,2026-04-01,AGT,YOWUS
BKG00006239,CUS0001889,2025-07-24,OTA,BSSAVE
BKG00006240,CUS0002298,2025-06-17,AGT,BSSAVE
BKG00006241,CUS0002409,2026-04-01,WEB,FLXFST
BKG00006242,CUS0003479,2024-09-03,AGT,BSSAVE
BKG00006243,CUS0004198,2025-11-19,AGT,WOWBUS
BKG00006244,CUS0002214,2026-01-25,GDS,WOWBUS
BKG00006245,CUS0001652,2025-12-16,OTA,WOWBUS
BKG00006246,CUS0001951,2026-02-23,OTA,WOWBUS
BKG00006247,CUS0003872,2024-09-13,OTA,YOWRS
BKG00006248,CUS0004316,2024-11-28,GDS,FLXFST
BKG00006249,CUS0002085,2024-06-04,AGT,YOWUS
BKG00006250,CUS0004160,2023-10-24,GDS,CLXSAV
BKG00006251,CUS0002360,2023-11-06,MOB,CLXBUS
BKG00006252,CUS0002041,2023-07-08,AGT,BSSAVE
BKG00006253,CUS0003144,2024-01-20,CTR,BSSAVE
BKG00006254,CUS0004543,2025-11-19,OTA,CLXSAV
BKG00006255,CUS0000171,2023-06-02,GDS,CLXBUS
BKG00006256,CUS0001673,2024-04-09,OTA,YOWUS
BKG00006257,CUS0004732,2025-02-07,OTA,BSSAVE
BKG00006258,CUS0004583,2025-01-25,AGT,CLXSAV
BKG00006259,CUS0004988,2025-07-13,OTA,GRPECO
BKG00006260,CUS0000068,2024-07-26,MOB,FLXFST
BKG00006261,CUS0004957,2023-06-03,GDS,CLXBUS
BKG00006262,CUS0002677,2025-06-09,MOB,CLXSAV
BKG00006263,CUS0004923,2024-09-17,WEB,GRPECO
BKG00006264,CUS0003317,2023-11-30,OTA,YOWUS
BKG00006265,CUS0002119,2026-01-07,GDS,YOWRS
BKG00006266,CUS0004502,2026-03-18,CTR,WOWBUS
BKG00006267,CUS0000038,2025-10-12,WEB,CLXSAV
BKG00006268,CUS0002245,2024-05-30,MOB,GRPECO
BKG00006269,CUS0001739,2025-07-25,OTA,CLXBUS
BKG00006270,CUS0003293,2025-04-08,AGT,FLXFST
BKG00006271,CUS0004230,2025-04-25,GDS,FLXFST
BKG00006272,CUS0003687,2024-06-08,CTR,CLXBUS
BKG00006273,CUS0003744,2023-12-02,WEB,FLXFST
BKG00006274,CUS0000873,2025-08-26,GDS,YOWUS
BKG00006275,CUS0003550,2025-06-11,CTR,YOWUS
BKG00006276,CUS0000697,2025-10-15,OTA,GRPECO
BKG00006277,CUS0000673,2025-09-15,WEB,YOWUS
BKG00006278,CUS0001761,2025-04-05,CTR,CLXBUS
BKG00006279,CUS0003671,2025-09-06,WEB,CLXSAV
BKG00006280,CUS0003213,2023-09-08,GDS,CLXSAV
BKG00006281,CUS0003432,2023-09-18,GDS,CLXSAV
BKG00006282,CUS0000001,2023-11-04,AGT,CLXSAV
BKG00006283,CUS0000628,2024-04-24,CTR,FLXFST
BKG00006284,CUS0000164,2024-03-07,AGT,YOWRS
BKG00006285,CUS0003149,2025-04-05,GDS,CLXBUS
BKG00006286,CUS0002137,2025-09-29,CTR,BSSAVE
BKG00006287,CUS0001675,2026-03-12,OTA,WOWBUS
BKG00006288,CUS0003015,2024-11-22,CTR,FLXFST
BKG00006289,CUS0004715,2026-01-24,CTR,CLXSAV
BKG00006290,CUS0000153,2025-09-27,OTA,CLXSAV
BKG00006291,CUS0000137,2026-04-05,AGT,CLXSAV
BKG00006292,CUS0003351,2024-03-08,GDS,WOWBUS
BKG00006293,CUS0003969,2023-09-17,OTA,CLXBUS
BKG00006294,CUS0000374,2023-07-14,MOB,CLXBUS
BKG00006295,CUS0001458,2025-03-13,CTR,FLXFST
BKG00006296,CUS0000591,2024-01-27,GDS,BSSAVE
BKG00006297,CUS0002713,2025-02-16,GDS,YOWRS
BKG00006298,CUS0002464,2023-09-28,WEB,BSSAVE
BKG00006299,CUS0002707,2023-12-09,WEB,WOWBUS
BKG00006300,CUS0004415,2025-01-11,OTA,GRPECO
BKG00006301,CUS0003505,2024-01-08,AGT,BSSAVE
BKG00006302,CUS0003084,2024-08-05,OTA,YOWRS
BKG00006303,CUS0003370,2023-06-25,MOB,CLXBUS
BKG00006304,CUS0004694,2025-07-10,MOB,FLXFST
BKG00006305,CUS0004582,2026-04-01,WEB,FLXFST
BKG00006306,CUS0001605,2026-01-19,OTA,CLXSAV
BKG00006307,CUS0001809,2024-02-11,WEB,YOWRS
BKG00006308,CUS0000179,2026-04-17,WEB,BSSAVE
BKG00006309,CUS0003599,2025-01-03,CTR,FLXFST
BKG00006310,CUS0004925,2023-07-09,OTA,YOWRS
BKG00006311,CUS0001708,2024-01-10,WEB,CLXBUS
BKG00006312,CUS0004127,2026-04-06,OTA,BSSAVE
BKG00006313,CUS0004012,2025-02-07,GDS,CLXSAV
BKG00006314,CUS0004295,2026-04-02,GDS,GRPECO
BKG00006315,CUS0000400,2024-02-01,MOB,FLXFST
BKG00006316,CUS0002684,2024-08-24,GDS,BSSAVE
BKG00006317,CUS0000423,2026-01-04,MOB,FLXFST
BKG00006318,CUS0001767,2026-02-17,OTA,CLXBUS
BKG00006319,CUS0002305,2025-09-16,MOB,CLXBUS
BKG00006320,CUS0003302,2025-07-06,CTR,FLXFST
BKG00006321,CUS0002004,2023-12-28,MOB,YOWRS
BKG00006322,CUS0004401,2024-09-10,WEB,BSSAVE
BKG00006323,CUS0001608,2025-11-25,MOB,CLXSAV
BKG00006324,CUS0003603,2024-09-28,AGT,FLXFST
BKG00006325,CUS0000728,2025-07-15,GDS,YOWUS
BKG00006326,CUS0003675,2023-08-19,MOB,YOWRS
BKG00006327,CUS0003658,2025-03-23,OTA,CLXBUS
BKG00006328,CUS0002928,2025-12-24,GDS,GRPECO
BKG00006329,CUS0003507,2024-12-06,MOB,FLXFST
BKG00006330,CUS0001114,2024-04-19,GDS,WOWBUS
BKG00006331,CUS0003215,2023-06-11,GDS,CLXSAV
BKG00006332,CUS0000338,2023-12-30,CTR,GRPECO
BKG00006333,CUS0004063,2023-08-06,OTA,GRPECO
BKG00006334,CUS0003067,2026-02-11,CTR,CLXBUS
BKG00006335,CUS0002350,2024-04-24,AGT,WOWBUS
BKG00006336,CUS0002337,2024-04-12,CTR,CLXSAV
BKG00006337,CUS0001134,2023-09-02,CTR,CLXSAV
BKG00006338,CUS0001559,2026-04-09,GDS,GRPECO
BKG00006339,CUS0002079,2024-10-31,WEB,WOWBUS
BKG00006340,CUS0003902,2024-09-05,GDS,GRPECO
BKG00006341,CUS0003440,2023-11-23,CTR,GRPECO
BKG00006342,CUS0002306,2024-05-19,WEB,CLXBUS
BKG00006343,CUS0001232,2025-10-20,WEB,GRPECO
BKG00006344,CUS0003451,2024-03-31,GDS,CLXSAV
BKG00006345,CUS0000660,2025-07-29,OTA,GRPECO
BKG00006346,CUS0002874,2024-11-26,MOB,CLXBUS
BKG00006347,CUS0000724,2023-07-12,WEB,CLXSAV
BKG00006348,CUS0003860,2024-04-21,MOB,WOWBUS
BKG00006349,CUS0000487,2025-05-07,CTR,YOWUS
BKG00006350,CUS0000265,2025-10-23,AGT,YOWUS
BKG00006351,CUS0004678,2025-06-30,OTA,YOWUS
BKG00006352,CUS0003351,2023-06-10,OTA,FLXFST
BKG00006353,CUS0002926,2024-03-16,AGT,BSSAVE
BKG00006354,CUS0001984,2024-10-05,AGT,CLXBUS
BKG00006355,CUS0002158,2024-09-05,OTA,WOWBUS
BKG00006356,CUS0004304,2025-11-18,OTA,FLXFST
BKG00006357,CUS0002994,2023-11-06,MOB,CLXSAV
BKG00006358,CUS0001477,2024-12-06,MOB,BSSAVE
BKG00006359,CUS0003372,2025-07-04,GDS,YOWUS
BKG00006360,CUS0000111,2024-10-06,WEB,CLXBUS
BKG00006361,CUS0003821,2023-11-16,WEB,YOWRS
BKG00006362,CUS0000575,2024-07-04,WEB,WOWBUS
BKG00006363,CUS0002521,2023-06-14,CTR,CLXSAV
BKG00006364,CUS0003453,2024-07-22,WEB,YOWRS
BKG00006365,CUS0004916,2024-06-22,AGT,FLXFST
BKG00006366,CUS0002576,2024-09-07,WEB,YOWRS
BKG00006367,CUS0004487,2024-10-24,WEB,CLXSAV
BKG00006368,CUS0004116,2026-02-08,MOB,GRPECO
BKG00006369,CUS0002267,2024-04-09,GDS,FLXFST
BKG00006370,CUS0000627,2025-06-26,OTA,CLXBUS
BKG00006371,CUS0003854,2025-01-27,GDS,FLXFST
BKG00006372,CUS0000762,2023-08-27,CTR,FLXFST
BKG00006373,CUS0004188,2026-03-18,GDS,YOWUS
BKG00006374,CUS0002300,2023-08-27,AGT,GRPECO
BKG00006375,CUS0004781,2025-02-21,GDS,FLXFST
BKG00006376,CUS0003141,2025-05-29,CTR,BSSAVE
BKG00006377,CUS0000130,2025-05-04,AGT,CLXSAV
BKG00006378,CUS0001091,2024-05-31,OTA,FLXFST
BKG00006379,CUS0002811,2024-04-20,CTR,CLXSAV
BKG00006380,CUS0000138,2023-06-03,CTR,YOWRS
BKG00006381,CUS0002263,2025-01-16,AGT,BSSAVE
BKG00006382,CUS0001907,2025-02-08,AGT,WOWBUS
BKG00006383,CUS0000030,2024-12-12,AGT,BSSAVE
BKG00006384,CUS0004705,2024-11-09,AGT,BSSAVE
BKG00006385,CUS0004067,2025-03-08,GDS,CLXBUS
BKG00006386,CUS0000143,2024-03-02,OTA,CLXBUS
BKG00006387,CUS0003942,2023-10-15,AGT,WOWBUS
BKG00006388,CUS0004383,2023-12-29,GDS,BSSAVE
BKG00006389,CUS0001275,2025-01-05,WEB,CLXBUS
BKG00006390,CUS0000449,2023-10-20,OTA,YOWRS
BKG00006391,CUS0001772,2024-03-12,WEB,FLXFST
BKG00006392,CUS0003081,2025-05-18,WEB,CLXBUS
BKG00006393,CUS0003970,2023-10-01,OTA,GRPECO
BKG00006394,CUS0001996,2025-01-28,MOB,YOWRS
BKG00006395,CUS0002076,2024-09-05,GDS,CLXSAV
BKG00006396,CUS0001374,2023-06-22,OTA,GRPECO
BKG00006397,CUS0002452,2024-06-12,OTA,BSSAVE
BKG00006398,CUS0000022,2024-01-22,MOB,CLXSAV
BKG00006399,CUS0004962,2024-07-15,OTA,CLXBUS
BKG00006400,CUS0000845,2025-10-14,WEB,BSSAVE
BKG00006401,CUS0001851,2025-04-29,CTR,GRPECO
BKG00006402,CUS0001849,2026-01-20,OTA,YOWRS
BKG00006403,CUS0004402,2026-05-01,AGT,FLXFST
BKG00006404,CUS0003389,2024-03-27,OTA,GRPECO
BKG00006405,CUS0003925,2024-11-13,OTA,YOWRS
BKG00006406,CUS0001670,2025-05-10,WEB,WOWBUS
BKG00006407,CUS0003003,2023-07-03,WEB,WOWBUS
BKG00006408,CUS0000071,2023-07-27,MOB,CLXSAV
BKG00006409,CUS0004212,2023-07-20,OTA,WOWBUS
BKG00006410,CUS0002192,2025-05-15,GDS,CLXSAV
BKG00006411,CUS0004379,2023-09-10,WEB,CLXSAV
BKG00006412,CUS0001721,2023-10-18,CTR,CLXSAV
BKG00006413,CUS0001375,2025-03-23,AGT,YOWRS
BKG00006414,CUS0004006,2025-11-08,CTR,CLXSAV
BKG00006415,CUS0002816,2023-10-02,CTR,YOWUS
BKG00006416,CUS0004730,2025-04-25,CTR,CLXBUS
BKG00006417,CUS0000623,2024-07-31,MOB,FLXFST
BKG00006418,CUS0002706,2023-10-27,OTA,YOWRS
BKG00006419,CUS0003087,2025-10-12,GDS,CLXSAV
BKG00006420,CUS0001457,2025-04-05,MOB,WOWBUS
BKG00006421,CUS0000796,2025-07-24,CTR,WOWBUS
BKG00006422,CUS0002549,2025-03-13,CTR,YOWRS
BKG00006423,CUS0004488,2023-10-14,AGT,YOWUS
BKG00006424,CUS0000455,2026-02-15,MOB,YOWRS
BKG00006425,CUS0002116,2026-05-22,GDS,WOWBUS
BKG00006426,CUS0002123,2024-08-02,MOB,BSSAVE
BKG00006427,CUS0002554,2025-09-28,MOB,YOWRS
BKG00006428,CUS0004983,2025-04-03,OTA,GRPECO
BKG00006429,CUS0001984,2024-04-04,WEB,YOWRS
BKG00006430,CUS0001421,2023-10-17,WEB,CLXSAV
BKG00006431,CUS0001268,2024-08-07,GDS,WOWBUS
BKG00006432,CUS0002419,2026-03-12,WEB,YOWRS
BKG00006433,CUS0002423,2025-03-17,AGT,FLXFST
BKG00006434,CUS0000722,2023-06-02,MOB,WOWBUS
BKG00006435,CUS0000687,2023-11-24,OTA,CLXSAV
BKG00006436,CUS0002970,2023-08-09,MOB,YOWUS
BKG00006437,CUS0000515,2024-06-22,OTA,WOWBUS
BKG00006438,CUS0000320,2025-04-13,MOB,YOWUS
BKG00006439,CUS0002518,2024-12-11,OTA,YOWUS
BKG00006440,CUS0003685,2025-06-20,GDS,YOWRS
BKG00006441,CUS0000818,2024-12-11,WEB,FLXFST
BKG00006442,CUS0002954,2024-03-21,CTR,CLXBUS
BKG00006443,CUS0002563,2023-09-18,OTA,GRPECO
BKG00006444,CUS0003333,2024-09-21,AGT,FLXFST
BKG00006445,CUS0001945,2026-02-16,AGT,CLXBUS
BKG00006446,CUS0002667,2024-05-25,OTA,YOWRS
BKG00006447,CUS0004575,2023-06-10,AGT,BSSAVE
BKG00006448,CUS0004896,2026-03-15,CTR,YOWRS
BKG00006449,CUS0001159,2023-09-24,GDS,CLXBUS
BKG00006450,CUS0002796,2025-05-23,MOB,YOWUS
BKG00006451,CUS0003416,2023-09-01,OTA,YOWRS
BKG00006452,CUS0000844,2023-11-09,WEB,FLXFST
BKG00006453,CUS0000858,2023-07-26,AGT,FLXFST
BKG00006454,CUS0003118,2025-01-23,AGT,YOWRS
BKG00006455,CUS0000142,2024-10-22,WEB,BSSAVE
BKG00006456,CUS0001312,2025-07-15,AGT,CLXBUS
BKG00006457,CUS0001098,2024-03-11,AGT,YOWRS
BKG00006458,CUS0003314,2025-08-23,CTR,BSSAVE
BKG00006459,CUS0003420,2024-11-19,CTR,BSSAVE
BKG00006460,CUS0001245,2023-12-27,AGT,YOWRS
BKG00006461,CUS0004090,2025-04-20,OTA,FLXFST
BKG00006462,CUS0001397,2025-05-05,AGT,FLXFST
BKG00006463,CUS0004657,2026-03-26,GDS,BSSAVE
BKG00006464,CUS0000250,2024-01-02,CTR,WOWBUS
BKG00006465,CUS0002220,2025-09-19,GDS,YOWRS
BKG00006466,CUS0000032,2024-03-05,WEB,CLXSAV
BKG00006467,CUS0004659,2025-08-02,MOB,BSSAVE
BKG00006468,CUS0002882,2025-10-22,GDS,BSSAVE
BKG00006469,CUS0001087,2025-06-21,CTR,GRPECO
BKG00006470,CUS0000403,2024-11-03,AGT,WOWBUS
BKG00006471,CUS0001294,2025-07-12,MOB,YOWUS
BKG00006472,CUS0000382,2026-01-20,AGT,GRPECO
BKG00006473,CUS0002190,2024-12-15,CTR,CLXSAV
BKG00006474,CUS0004042,2024-10-21,AGT,BSSAVE
BKG00006475,CUS0002082,2023-10-20,MOB,GRPECO
BKG00006476,CUS0001001,2023-12-19,MOB,CLXSAV
BKG00006477,CUS0000724,2024-02-03,OTA,CLXSAV
BKG00006478,CUS0001526,2024-07-11,AGT,YOWUS
BKG00006479,CUS0002714,2024-08-06,AGT,YOWUS
BKG00006480,CUS0001208,2025-12-25,AGT,FLXFST
BKG00006481,CUS0000131,2024-07-30,GDS,YOWUS
BKG00006482,CUS0002360,2025-08-14,CTR,YOWUS
BKG00006483,CUS0001422,2026-04-27,MOB,CLXBUS
BKG00006484,CUS0000105,2025-07-18,GDS,CLXSAV
BKG00006485,CUS0002462,2025-06-25,GDS,CLXBUS
BKG00006486,CUS0003696,2023-08-23,GDS,CLXSAV
BKG00006487,CUS0000342,2026-05-16,AGT,YOWUS
BKG00006488,CUS0002107,2025-11-27,WEB,CLXSAV
BKG00006489,CUS0003569,2024-04-20,GDS,CLXBUS
BKG00006490,CUS0001674,2024-08-03,WEB,YOWRS
BKG00006491,CUS0003187,2025-02-10,OTA,CLXSAV
BKG00006492,CUS0003535,2025-04-27,MOB,WOWBUS
BKG00006493,CUS0004218,2024-08-24,CTR,GRPECO
BKG00006494,CUS0004349,2026-02-12,CTR,GRPECO
BKG00006495,CUS0003121,2024-07-16,OTA,FLXFST
BKG00006496,CUS0001947,2025-07-20,WEB,WOWBUS
BKG00006497,CUS0003190,2024-08-06,AGT,YOWUS
BKG00006498,CUS0003414,2026-05-11,AGT,BSSAVE
BKG00006499,CUS0001131,2025-03-31,CTR,YOWUS
BKG00006500,CUS0000723,2025-12-04,WEB,WOWBUS
BKG00006501,CUS0004555,2023-06-04,GDS,YOWUS
BKG00006502,CUS0002290,2025-12-05,GDS,CLXBUS
BKG00006503,CUS0003664,2024-03-28,WEB,YOWUS
BKG00006504,CUS0001756,2026-03-01,CTR,YOWUS
BKG00006505,CUS0001699,2025-01-01,OTA,YOWRS
BKG00006506,CUS0002101,2026-03-22,CTR,CLXSAV
BKG00006507,CUS0002015,2024-06-06,CTR,BSSAVE
BKG00006508,CUS0004666,2025-01-14,OTA,CLXBUS
BKG00006509,CUS0000602,2025-02-07,CTR,YOWRS
BKG00006510,CUS0002127,2024-02-17,GDS,YOWUS
BKG00006511,CUS0002963,2023-08-29,MOB,CLXBUS
BKG00006512,CUS0003609,2024-12-10,MOB,WOWBUS
BKG00006513,CUS0004822,2025-04-23,OTA,YOWRS
BKG00006514,CUS0003350,2026-05-03,GDS,WOWBUS
BKG00006515,CUS0000462,2023-06-20,CTR,CLXSAV
BKG00006516,CUS0001811,2024-07-12,MOB,FLXFST
BKG00006517,CUS0004043,2024-02-08,WEB,CLXBUS
BKG00006518,CUS0004183,2025-04-25,CTR,FLXFST
BKG00006519,CUS0004332,2025-09-19,AGT,FLXFST
BKG00006520,CUS0002718,2025-04-26,GDS,BSSAVE
BKG00006521,CUS0004858,2025-04-13,MOB,CLXSAV
BKG00006522,CUS0004382,2023-11-23,AGT,BSSAVE
BKG00006523,CUS0001302,2023-09-01,CTR,BSSAVE
BKG00006524,CUS0004396,2024-03-10,WEB,YOWRS
BKG00006525,CUS0004317,2025-05-12,MOB,BSSAVE
BKG00006526,CUS0002011,2025-07-25,OTA,WOWBUS
BKG00006527,CUS0000342,2023-09-10,GDS,CLXSAV
BKG00006528,CUS0003499,2025-01-04,CTR,CLXBUS
BKG00006529,CUS0003461,2023-11-22,GDS,FLXFST
BKG00006530,CUS0004057,2024-03-27,CTR,YOWUS
BKG00006531,CUS0003271,2023-10-31,OTA,CLXSAV
BKG00006532,CUS0004520,2025-01-12,MOB,GRPECO
BKG00006533,CUS0002203,2025-07-13,AGT,CLXBUS
BKG00006534,CUS0004707,2025-09-06,OTA,GRPECO
BKG00006535,CUS0002743,2026-02-12,MOB,YOWRS
BKG00006536,CUS0001893,2025-10-07,OTA,WOWBUS
BKG00006537,CUS0000665,2023-11-02,GDS,CLXSAV
BKG00006538,CUS0002824,2024-04-22,AGT,CLXSAV
BKG00006539,CUS0004913,2025-12-05,AGT,BSSAVE
BKG00006540,CUS0004121,2025-10-16,AGT,GRPECO
BKG00006541,CUS0002250,2023-08-05,CTR,GRPECO
BKG00006542,CUS0002265,2023-11-19,WEB,YOWRS
BKG00006543,CUS0002385,2026-04-24,CTR,FLXFST
BKG00006544,CUS0001282,2025-04-12,GDS,GRPECO
BKG00006545,CUS0002648,2025-07-27,WEB,YOWRS
BKG00006546,CUS0004039,2024-12-25,GDS,CLXBUS
BKG00006547,CUS0002742,2024-10-10,MOB,CLXBUS
BKG00006548,CUS0003329,2025-03-12,OTA,CLXSAV
BKG00006549,CUS0000590,2025-01-09,OTA,FLXFST
BKG00006550,CUS0002546,2024-10-20,WEB,FLXFST
BKG00006551,CUS0003610,2025-05-01,CTR,FLXFST
BKG00006552,CUS0001947,2024-01-22,AGT,YOWUS
BKG00006553,CUS0000409,2023-07-20,CTR,WOWBUS
BKG00006554,CUS0002876,2023-06-26,AGT,BSSAVE
BKG00006555,CUS0000500,2025-04-23,WEB,FLXFST
BKG00006556,CUS0001571,2023-10-07,WEB,YOWRS
BKG00006557,CUS0002682,2026-01-30,CTR,GRPECO
BKG00006558,CUS0001272,2024-01-25,MOB,CLXBUS
BKG00006559,CUS0001185,2023-08-04,MOB,CLXBUS
BKG00006560,CUS0004436,2025-07-15,AGT,WOWBUS
BKG00006561,CUS0002502,2023-09-10,AGT,BSSAVE
BKG00006562,CUS0003929,2024-05-15,GDS,FLXFST
BKG00006563,CUS0004533,2024-06-10,WEB,CLXBUS
BKG00006564,CUS0003571,2026-04-25,AGT,YOWUS
BKG00006565,CUS0000679,2024-02-19,AGT,YOWUS
BKG00006566,CUS0002250,2024-08-07,WEB,WOWBUS
BKG00006567,CUS0001611,2023-11-18,OTA,YOWUS
BKG00006568,CUS0000590,2024-01-14,OTA,WOWBUS
BKG00006569,CUS0003594,2024-10-03,AGT,WOWBUS
BKG00006570,CUS0003070,2024-08-09,CTR,FLXFST
BKG00006571,CUS0003279,2025-10-20,AGT,GRPECO
BKG00006572,CUS0000855,2025-03-15,OTA,CLXSAV
BKG00006573,CUS0002140,2023-06-01,OTA,FLXFST
BKG00006574,CUS0000130,2023-10-20,OTA,WOWBUS
BKG00006575,CUS0004799,2024-04-10,MOB,FLXFST
BKG00006576,CUS0000336,2024-05-31,CTR,FLXFST
BKG00006577,CUS0003970,2024-09-14,OTA,FLXFST
BKG00006578,CUS0001129,2025-09-03,GDS,BSSAVE
BKG00006579,CUS0000394,2024-12-13,AGT,CLXSAV
BKG00006580,CUS0001690,2026-04-08,GDS,CLXBUS
BKG00006581,CUS0004698,2024-03-14,WEB,YOWRS
BKG00006582,CUS0004910,2025-01-20,AGT,BSSAVE
BKG00006583,CUS0004348,2025-08-17,OTA,FLXFST
BKG00006584,CUS0003641,2023-10-27,AGT,BSSAVE
BKG00006585,CUS0004107,2025-10-21,OTA,YOWUS
BKG00006586,CUS0001399,2023-08-22,WEB,CLXSAV
BKG00006587,CUS0002630,2025-11-16,AGT,WOWBUS
BKG00006588,CUS0004564,2025-09-04,MOB,YOWUS
BKG00006589,CUS0004073,2025-06-25,GDS,CLXSAV
BKG00006590,CUS0002622,2025-05-04,CTR,BSSAVE
BKG00006591,CUS0000732,2025-03-17,MOB,FLXFST
BKG00006592,CUS0001495,2025-05-28,GDS,CLXBUS
BKG00006593,CUS0001783,2024-08-14,CTR,CLXSAV
BKG00006594,CUS0003258,2025-10-22,GDS,CLXBUS
BKG00006595,CUS0002364,2025-02-24,AGT,FLXFST
BKG00006596,CUS0000021,2025-04-26,GDS,YOWUS
BKG00006597,CUS0003937,2023-09-30,OTA,YOWRS
BKG00006598,CUS0004609,2025-10-21,AGT,YOWRS
BKG00006599,CUS0004974,2026-05-20,CTR,YOWRS
BKG00006600,CUS0003737,2024-07-02,GDS,CLXSAV
BKG00006601,CUS0003034,2025-07-04,WEB,BSSAVE
BKG00006602,CUS0004691,2023-10-13,AGT,CLXBUS
BKG00006603,CUS0002449,2024-01-05,WEB,CLXBUS
BKG00006604,CUS0004949,2024-12-13,MOB,CLXSAV
BKG00006605,CUS0001688,2023-07-28,AGT,YOWRS
BKG00006606,CUS0003519,2026-05-05,OTA,BSSAVE
BKG00006607,CUS0004260,2025-10-30,AGT,WOWBUS
BKG00006608,CUS0004239,2024-06-05,AGT,CLXSAV
BKG00006609,CUS0004673,2025-05-27,GDS,CLXBUS
BKG00006610,CUS0003605,2023-08-26,GDS,FLXFST
BKG00006611,CUS0002872,2023-07-23,GDS,CLXSAV
BKG00006612,CUS0004771,2025-12-17,WEB,GRPECO
BKG00006613,CUS0000154,2023-11-06,OTA,CLXSAV
BKG00006614,CUS0002483,2023-09-29,AGT,CLXBUS
BKG00006615,CUS0001723,2023-11-19,AGT,CLXBUS
BKG00006616,CUS0001824,2025-02-15,GDS,GRPECO
BKG00006617,CUS0004036,2024-09-26,WEB,CLXSAV
BKG00006618,CUS0003364,2024-03-27,CTR,BSSAVE
BKG00006619,CUS0001154,2025-06-02,AGT,YOWUS
BKG00006620,CUS0004770,2025-06-05,OTA,YOWUS
BKG00006621,CUS0003989,2024-10-17,GDS,WOWBUS
BKG00006622,CUS0002445,2024-08-07,WEB,CLXSAV
BKG00006623,CUS0001725,2025-03-06,OTA,GRPECO
BKG00006624,CUS0003823,2024-02-17,WEB,YOWUS
BKG00006625,CUS0000392,2025-10-08,WEB,YOWRS
BKG00006626,CUS0002729,2024-09-03,AGT,CLXBUS
BKG00006627,CUS0003788,2023-07-25,GDS,WOWBUS
BKG00006628,CUS0002358,2025-01-28,CTR,CLXBUS
BKG00006629,CUS0001970,2023-11-04,AGT,YOWRS
BKG00006630,CUS0002150,2025-01-13,AGT,GRPECO
BKG00006631,CUS0001094,2026-03-16,MOB,CLXSAV
BKG00006632,CUS0002993,2024-04-08,GDS,CLXSAV
BKG00006633,CUS0003288,2024-03-05,OTA,YOWRS
BKG00006634,CUS0001829,2025-07-14,OTA,CLXBUS
BKG00006635,CUS0003997,2024-04-09,OTA,YOWRS
BKG00006636,CUS0003224,2025-11-03,CTR,CLXSAV
BKG00006637,CUS0003065,2025-02-25,GDS,WOWBUS
BKG00006638,CUS0002573,2025-06-25,MOB,WOWBUS
BKG00006639,CUS0001185,2025-04-15,CTR,CLXSAV
BKG00006640,CUS0003055,2024-12-16,OTA,YOWUS
BKG00006641,CUS0004769,2026-04-24,OTA,GRPECO
BKG00006642,CUS0004898,2025-07-04,OTA,GRPECO
BKG00006643,CUS0002967,2024-03-08,CTR,YOWRS
BKG00006644,CUS0003349,2025-12-24,GDS,YOWUS
BKG00006645,CUS0001273,2025-09-08,CTR,CLXBUS
BKG00006646,CUS0000964,2024-12-02,MOB,FLXFST
BKG00006647,CUS0001374,2024-06-23,MOB,WOWBUS
BKG00006648,CUS0002474,2023-06-18,GDS,YOWUS
BKG00006649,CUS0002463,2025-05-15,WEB,GRPECO
BKG00006650,CUS0000834,2026-03-15,OTA,FLXFST
BKG00006651,CUS0004858,2023-11-12,GDS,YOWRS
BKG00006652,CUS0002085,2024-08-30,AGT,GRPECO
BKG00006653,CUS0004833,2025-10-31,GDS,WOWBUS
BKG00006654,CUS0002383,2026-05-22,WEB,CLXSAV
BKG00006655,CUS0002617,2025-11-22,CTR,CLXSAV
BKG00006656,CUS0000342,2023-09-25,CTR,WOWBUS
BKG00006657,CUS0004091,2025-10-03,OTA,CLXSAV
BKG00006658,CUS0003297,2025-12-22,WEB,YOWRS
BKG00006659,CUS0003781,2026-04-10,WEB,WOWBUS
BKG00006660,CUS0004985,2023-10-27,GDS,YOWRS
BKG00006661,CUS0000159,2025-03-29,WEB,GRPECO
BKG00006662,CUS0002851,2024-01-26,CTR,YOWUS
BKG00006663,CUS0000323,2023-10-17,WEB,GRPECO
BKG00006664,CUS0000289,2024-12-10,GDS,GRPECO
BKG00006665,CUS0004693,2024-01-18,AGT,CLXBUS
BKG00006666,CUS0004708,2025-12-14,WEB,GRPECO
BKG00006667,CUS0004449,2024-05-26,GDS,BSSAVE
BKG00006668,CUS0004334,2025-08-16,OTA,CLXSAV
BKG00006669,CUS0000802,2026-04-06,GDS,BSSAVE
BKG00006670,CUS0000900,2024-01-10,AGT,CLXSAV
BKG00006671,CUS0004738,2024-05-08,MOB,FLXFST
BKG00006672,CUS0003647,2026-03-28,GDS,WOWBUS
BKG00006673,CUS0002892,2023-10-28,MOB,FLXFST
BKG00006674,CUS0003988,2024-09-19,MOB,CLXSAV
BKG00006675,CUS0002917,2023-09-01,AGT,FLXFST
BKG00006676,CUS0000373,2023-05-31,GDS,YOWUS
BKG00006677,CUS0003723,2024-08-14,MOB,BSSAVE
BKG00006678,CUS0004375,2026-02-20,CTR,WOWBUS
BKG00006679,CUS0002213,2025-01-18,WEB,WOWBUS
BKG00006680,CUS0001889,2025-09-12,OTA,YOWRS
BKG00006681,CUS0001589,2025-04-18,CTR,YOWUS
BKG00006682,CUS0000610,2023-11-07,OTA,WOWBUS
BKG00006683,CUS0000387,2024-11-19,CTR,GRPECO
BKG00006684,CUS0002539,2025-02-28,MOB,GRPECO
BKG00006685,CUS0002538,2023-10-11,CTR,WOWBUS
BKG00006686,CUS0003541,2024-01-02,GDS,WOWBUS
BKG00006687,CUS0002570,2024-03-09,GDS,FLXFST
BKG00006688,CUS0003618,2023-06-03,WEB,CLXBUS
BKG00006689,CUS0004262,2025-03-15,WEB,WOWBUS
BKG00006690,CUS0000091,2025-03-21,AGT,YOWUS
BKG00006691,CUS0003738,2025-04-20,AGT,WOWBUS
BKG00006692,CUS0002984,2023-09-17,AGT,FLXFST
BKG00006693,CUS0002989,2024-10-04,CTR,BSSAVE
BKG00006694,CUS0003194,2024-12-15,WEB,BSSAVE
BKG00006695,CUS0002808,2026-04-19,MOB,FLXFST
BKG00006696,CUS0001944,2024-12-22,AGT,GRPECO
BKG00006697,CUS0004844,2025-01-31,OTA,YOWRS
BKG00006698,CUS0001160,2024-11-03,CTR,FLXFST
BKG00006699,CUS0003516,2023-06-16,CTR,YOWRS
BKG00006700,CUS0000725,2024-07-02,MOB,BSSAVE
BKG00006701,CUS0001607,2026-03-22,MOB,YOWRS
BKG00006702,CUS0002162,2025-01-09,AGT,BSSAVE
BKG00006703,CUS0002641,2025-04-10,MOB,FLXFST
BKG00006704,CUS0000677,2025-01-10,WEB,GRPECO
BKG00006705,CUS0004478,2024-12-11,CTR,BSSAVE
BKG00006706,CUS0002730,2024-11-02,CTR,CLXBUS
BKG00006707,CUS0003231,2023-07-20,OTA,GRPECO
BKG00006708,CUS0002164,2024-11-10,AGT,CLXBUS
BKG00006709,CUS0003093,2025-04-03,OTA,WOWBUS
BKG00006710,CUS0001482,2023-08-14,OTA,CLXSAV
BKG00006711,CUS0002296,2024-11-08,OTA,YOWRS
BKG00006712,CUS0000897,2026-05-19,CTR,YOWRS
BKG00006713,CUS0004361,2025-05-12,AGT,CLXSAV
BKG00006714,CUS0000700,2023-12-18,MOB,FLXFST
BKG00006715,CUS0003688,2024-04-26,MOB,YOWUS
BKG00006716,CUS0002770,2024-12-31,MOB,YOWUS
BKG00006717,CUS0001689,2026-02-10,CTR,YOWRS
BKG00006718,CUS0004859,2024-08-07,MOB,GRPECO
BKG00006719,CUS0003514,2025-06-05,CTR,CLXBUS
BKG00006720,CUS0000817,2024-09-10,CTR,CLXBUS
BKG00006721,CUS0004069,2025-10-03,WEB,CLXBUS
BKG00006722,CUS0003130,2024-06-04,AGT,BSSAVE
BKG00006723,CUS0001359,2023-05-27,WEB,YOWRS
BKG00006724,CUS0002139,2026-01-01,AGT,WOWBUS
BKG00006725,CUS0001625,2023-12-07,MOB,CLXSAV
BKG00006726,CUS0002187,2025-10-17,WEB,YOWRS
BKG00006727,CUS0000912,2023-06-10,MOB,GRPECO
BKG00006728,CUS0001385,2025-06-09,CTR,WOWBUS
BKG00006729,CUS0003189,2025-03-10,WEB,WOWBUS
BKG00006730,CUS0000014,2025-06-10,CTR,GRPECO
BKG00006731,CUS0003235,2023-09-27,OTA,GRPECO
BKG00006732,CUS0003956,2026-05-16,WEB,YOWUS
BKG00006733,CUS0003456,2024-09-01,AGT,GRPECO
BKG00006734,CUS0003568,2026-05-11,WEB,WOWBUS
BKG00006735,CUS0003810,2025-04-03,GDS,BSSAVE
BKG00006736,CUS0004946,2024-01-25,OTA,YOWUS
BKG00006737,CUS0003959,2024-03-30,GDS,GRPECO
BKG00006738,CUS0000539,2024-10-09,AGT,FLXFST
BKG00006739,CUS0001520,2023-11-06,WEB,GRPECO
BKG00006740,CUS0001207,2023-11-19,WEB,CLXBUS
BKG00006741,CUS0004470,2026-02-14,CTR,FLXFST
BKG00006742,CUS0004596,2025-07-29,WEB,CLXBUS
BKG00006743,CUS0000844,2024-01-25,CTR,FLXFST
BKG00006744,CUS0004705,2026-03-08,MOB,YOWUS
BKG00006745,CUS0001853,2026-05-12,AGT,BSSAVE
BKG00006746,CUS0003172,2024-02-09,OTA,CLXSAV
BKG00006747,CUS0003282,2024-02-14,OTA,FLXFST
BKG00006748,CUS0003828,2024-07-17,OTA,YOWRS
BKG00006749,CUS0004824,2025-09-20,CTR,YOWRS
BKG00006750,CUS0003288,2025-09-26,WEB,CLXSAV
BKG00006751,CUS0001890,2024-09-18,CTR,YOWUS
BKG00006752,CUS0003170,2024-11-06,OTA,YOWUS
BKG00006753,CUS0004625,2025-09-01,AGT,GRPECO
BKG00006754,CUS0000127,2023-11-24,MOB,CLXBUS
BKG00006755,CUS0001071,2025-12-03,OTA,YOWRS
BKG00006756,CUS0004884,2024-10-01,GDS,YOWUS
BKG00006757,CUS0001011,2026-04-05,CTR,YOWRS
BKG00006758,CUS0003062,2024-02-29,CTR,YOWRS
BKG00006759,CUS0001539,2025-04-13,GDS,BSSAVE
BKG00006760,CUS0004748,2025-05-08,GDS,GRPECO
BKG00006761,CUS0000089,2023-11-15,GDS,CLXBUS
BKG00006762,CUS0001435,2023-09-19,WEB,CLXSAV
BKG00006763,CUS0002021,2024-05-23,WEB,WOWBUS
BKG00006764,CUS0003261,2023-09-18,AGT,BSSAVE
BKG00006765,CUS0002793,2024-11-14,MOB,FLXFST
BKG00006766,CUS0000029,2023-11-30,MOB,BSSAVE
BKG00006767,CUS0000927,2025-04-21,GDS,YOWUS
BKG00006768,CUS0004509,2025-03-29,AGT,GRPECO
BKG00006769,CUS0003006,2025-06-12,OTA,YOWUS
BKG00006770,CUS0001160,2025-07-10,CTR,WOWBUS
BKG00006771,CUS0001631,2025-09-20,OTA,WOWBUS
BKG00006772,CUS0004125,2024-01-10,OTA,WOWBUS
BKG00006773,CUS0000678,2024-05-28,WEB,FLXFST
BKG00006774,CUS0002967,2024-11-29,GDS,WOWBUS
BKG00006775,CUS0002673,2024-12-04,WEB,GRPECO
BKG00006776,CUS0002552,2023-09-22,OTA,CLXBUS
BKG00006777,CUS0003092,2024-04-30,CTR,WOWBUS
BKG00006778,CUS0002828,2024-11-27,WEB,YOWUS
BKG00006779,CUS0001335,2024-03-28,AGT,YOWRS
BKG00006780,CUS0002493,2024-02-24,WEB,YOWRS
BKG00006781,CUS0001234,2025-05-06,CTR,WOWBUS
BKG00006782,CUS0001552,2024-11-21,WEB,CLXSAV
BKG00006783,CUS0003012,2025-11-26,CTR,GRPECO
BKG00006784,CUS0004639,2023-12-27,CTR,YOWUS
BKG00006785,CUS0001807,2024-05-04,OTA,GRPECO
BKG00006786,CUS0000819,2024-11-20,GDS,GRPECO
BKG00006787,CUS0000668,2023-09-25,GDS,YOWUS
BKG00006788,CUS0001575,2026-03-23,WEB,CLXSAV
BKG00006789,CUS0003366,2026-01-07,CTR,GRPECO
BKG00006790,CUS0000467,2025-11-30,CTR,CLXBUS
BKG00006791,CUS0000604,2024-08-08,MOB,CLXBUS
BKG00006792,CUS0003130,2023-08-01,WEB,CLXSAV
BKG00006793,CUS0000764,2024-05-05,GDS,CLXBUS
BKG00006794,CUS0004431,2025-07-15,MOB,CLXSAV
BKG00006795,CUS0001711,2023-08-29,MOB,GRPECO
BKG00006796,CUS0003156,2025-12-28,CTR,CLXBUS
BKG00006797,CUS0000945,2025-05-30,CTR,GRPECO
BKG00006798,CUS0003308,2025-10-07,GDS,GRPECO
BKG00006799,CUS0003569,2025-05-13,WEB,YOWUS
BKG00006800,CUS0003177,2025-07-25,OTA,WOWBUS
BKG00006801,CUS0002541,2024-09-23,OTA,GRPECO
BKG00006802,CUS0001911,2023-08-30,WEB,GRPECO
BKG00006803,CUS0001937,2026-03-12,WEB,WOWBUS
BKG00006804,CUS0001850,2024-09-01,MOB,CLXBUS
BKG00006805,CUS0004753,2026-03-18,GDS,GRPECO
BKG00006806,CUS0002731,2024-12-08,GDS,CLXBUS
BKG00006807,CUS0002788,2024-06-11,WEB,YOWUS
BKG00006808,CUS0002476,2026-04-01,CTR,CLXBUS
BKG00006809,CUS0004370,2025-07-11,WEB,CLXBUS
BKG00006810,CUS0003595,2025-10-07,AGT,WOWBUS
BKG00006811,CUS0000960,2024-09-21,CTR,YOWRS
BKG00006812,CUS0002822,2024-02-27,GDS,YOWUS
BKG00006813,CUS0002793,2025-07-31,OTA,BSSAVE
BKG00006814,CUS0003963,2024-04-24,WEB,GRPECO
BKG00006815,CUS0004869,2025-08-23,CTR,CLXSAV
BKG00006816,CUS0004750,2025-01-04,AGT,CLXBUS
BKG00006817,CUS0003911,2025-01-02,GDS,YOWRS
BKG00006818,CUS0000862,2024-06-17,WEB,YOWUS
BKG00006819,CUS0003966,2026-02-16,CTR,GRPECO
BKG00006820,CUS0003213,2025-05-12,OTA,GRPECO
BKG00006821,CUS0002966,2023-06-26,OTA,CLXSAV
BKG00006822,CUS0003427,2026-02-08,OTA,GRPECO
BKG00006823,CUS0001228,2025-11-18,CTR,GRPECO
BKG00006824,CUS0001243,2025-07-22,MOB,FLXFST
BKG00006825,CUS0004724,2025-02-25,MOB,CLXBUS
BKG00006826,CUS0004153,2024-06-01,OTA,CLXBUS
BKG00006827,CUS0000203,2025-03-09,MOB,YOWUS
BKG00006828,CUS0004988,2025-05-10,CTR,CLXBUS
BKG00006829,CUS0003115,2025-11-05,CTR,CLXSAV
BKG00006830,CUS0003415,2024-06-22,WEB,FLXFST
BKG00006831,CUS0003105,2024-04-27,AGT,BSSAVE
BKG00006832,CUS0003341,2024-03-12,WEB,WOWBUS
BKG00006833,CUS0004255,2025-10-17,MOB,FLXFST
BKG00006834,CUS0004489,2024-10-04,GDS,YOWUS
BKG00006835,CUS0003628,2026-03-05,GDS,GRPECO
BKG00006836,CUS0003597,2025-10-21,CTR,CLXSAV
BKG00006837,CUS0003838,2024-11-06,WEB,WOWBUS
BKG00006838,CUS0004666,2025-01-05,CTR,FLXFST
BKG00006839,CUS0001183,2024-07-25,GDS,WOWBUS
BKG00006840,CUS0004072,2024-01-10,GDS,BSSAVE
BKG00006841,CUS0003638,2023-12-29,WEB,YOWRS
BKG00006842,CUS0000452,2024-05-13,GDS,WOWBUS
BKG00006843,CUS0002930,2023-09-17,WEB,BSSAVE
BKG00006844,CUS0004538,2024-09-04,CTR,FLXFST
BKG00006845,CUS0001413,2024-08-21,MOB,YOWUS
BKG00006846,CUS0003334,2025-11-11,CTR,BSSAVE
BKG00006847,CUS0002355,2023-07-28,MOB,BSSAVE
BKG00006848,CUS0001900,2025-08-30,MOB,WOWBUS
BKG00006849,CUS0000426,2023-09-02,MOB,WOWBUS
BKG00006850,CUS0004829,2025-05-13,MOB,CLXBUS
BKG00006851,CUS0002294,2024-02-27,GDS,YOWUS
BKG00006852,CUS0003287,2023-12-24,AGT,YOWUS
BKG00006853,CUS0003096,2024-12-07,CTR,CLXBUS
BKG00006854,CUS0001857,2025-08-03,AGT,YOWUS
BKG00006855,CUS0003268,2023-08-24,CTR,CLXSAV
BKG00006856,CUS0001070,2024-03-14,MOB,CLXSAV
BKG00006857,CUS0003586,2025-11-10,CTR,FLXFST
BKG00006858,CUS0002647,2025-06-24,MOB,CLXBUS
BKG00006859,CUS0000741,2023-12-16,MOB,CLXSAV
BKG00006860,CUS0001987,2025-06-06,GDS,YOWUS
BKG00006861,CUS0000271,2025-07-12,GDS,CLXBUS
BKG00006862,CUS0002080,2023-11-12,CTR,CLXSAV
BKG00006863,CUS0002354,2025-12-27,CTR,GRPECO
BKG00006864,CUS0002791,2025-02-14,MOB,YOWRS
BKG00006865,CUS0000954,2024-03-02,CTR,YOWUS
BKG00006866,CUS0002097,2024-04-20,MOB,CLXSAV
BKG00006867,CUS0002868,2026-04-18,OTA,BSSAVE
BKG00006868,CUS0004337,2025-02-17,WEB,CLXSAV
BKG00006869,CUS0002029,2024-08-25,GDS,FLXFST
BKG00006870,CUS0002480,2025-10-27,MOB,CLXSAV
BKG00006871,CUS0002729,2024-10-29,WEB,GRPECO
BKG00006872,CUS0004565,2025-01-17,GDS,GRPECO
BKG00006873,CUS0004460,2025-12-12,GDS,YOWUS
BKG00006874,CUS0001479,2023-10-12,WEB,WOWBUS
BKG00006875,CUS0004835,2025-05-18,MOB,BSSAVE
BKG00006876,CUS0001003,2024-09-27,MOB,YOWRS
BKG00006877,CUS0003937,2025-06-14,WEB,YOWRS
BKG00006878,CUS0002671,2025-07-16,CTR,FLXFST
BKG00006879,CUS0003398,2024-06-29,MOB,BSSAVE
BKG00006880,CUS0004424,2026-05-14,GDS,GRPECO
BKG00006881,CUS0001307,2023-07-18,CTR,GRPECO
BKG00006882,CUS0001663,2023-09-30,AGT,YOWRS
BKG00006883,CUS0002062,2024-04-06,MOB,CLXBUS
BKG00006884,CUS0004649,2025-01-14,OTA,FLXFST
BKG00006885,CUS0001423,2025-03-19,CTR,YOWRS
BKG00006886,CUS0003883,2023-12-18,AGT,FLXFST
BKG00006887,CUS0002538,2024-01-12,OTA,YOWRS
BKG00006888,CUS0003499,2023-08-19,WEB,WOWBUS
BKG00006889,CUS0001595,2025-03-17,MOB,YOWUS
BKG00006890,CUS0003859,2024-04-18,WEB,YOWUS
BKG00006891,CUS0002656,2024-03-29,WEB,YOWUS
BKG00006892,CUS0001465,2025-02-07,CTR,GRPECO
BKG00006893,CUS0002558,2023-07-08,OTA,YOWRS
BKG00006894,CUS0001230,2025-02-08,WEB,BSSAVE
BKG00006895,CUS0001305,2025-02-12,AGT,YOWUS
BKG00006896,CUS0000674,2023-07-21,AGT,GRPECO
BKG00006897,CUS0002957,2024-03-04,OTA,CLXSAV
BKG00006898,CUS0002225,2025-05-30,WEB,FLXFST
BKG00006899,CUS0002257,2024-11-04,CTR,GRPECO
BKG00006900,CUS0001127,2025-12-14,AGT,YOWRS
BKG00006901,CUS0000456,2024-08-03,OTA,FLXFST
BKG00006902,CUS0003401,2024-11-11,MOB,GRPECO
BKG00006903,CUS0002618,2024-07-09,AGT,YOWUS
BKG00006904,CUS0000801,2023-12-29,OTA,BSSAVE
BKG00006905,CUS0003324,2024-11-20,AGT,GRPECO
BKG00006906,CUS0002072,2024-05-19,OTA,BSSAVE
BKG00006907,CUS0000417,2024-06-10,MOB,FLXFST
BKG00006908,CUS0000454,2026-02-11,GDS,CLXSAV
BKG00006909,CUS0002395,2025-07-08,AGT,WOWBUS
BKG00006910,CUS0001653,2025-11-11,WEB,CLXSAV
BKG00006911,CUS0004159,2025-10-12,GDS,BSSAVE
BKG00006912,CUS0001949,2023-07-03,AGT,WOWBUS
BKG00006913,CUS0003260,2024-10-02,CTR,YOWUS
BKG00006914,CUS0003492,2024-06-10,WEB,YOWRS
BKG00006915,CUS0002127,2023-07-20,OTA,GRPECO
BKG00006916,CUS0004870,2026-01-30,MOB,WOWBUS
BKG00006917,CUS0001103,2025-09-22,GDS,GRPECO
BKG00006918,CUS0000619,2026-03-11,OTA,CLXSAV
BKG00006919,CUS0004098,2026-04-03,AGT,YOWRS
BKG00006920,CUS0003771,2023-10-05,WEB,YOWRS
BKG00006921,CUS0002990,2025-03-31,WEB,YOWRS
BKG00006922,CUS0004633,2025-12-10,GDS,GRPECO
BKG00006923,CUS0004992,2024-09-22,GDS,BSSAVE
BKG00006924,CUS0000227,2025-06-03,CTR,BSSAVE
BKG00006925,CUS0002871,2026-01-29,WEB,BSSAVE
BKG00006926,CUS0000379,2025-09-21,WEB,BSSAVE
BKG00006927,CUS0004504,2025-04-20,AGT,CLXSAV
BKG00006928,CUS0001035,2024-01-12,MOB,WOWBUS
BKG00006929,CUS0001224,2024-04-15,CTR,GRPECO
BKG00006930,CUS0000031,2023-06-30,OTA,WOWBUS
BKG00006931,CUS0003905,2025-05-06,CTR,CLXSAV
BKG00006932,CUS0004142,2024-08-14,MOB,YOWRS
BKG00006933,CUS0002816,2024-09-19,CTR,CLXSAV
BKG00006934,CUS0002644,2024-11-06,WEB,YOWRS
BKG00006935,CUS0003518,2026-03-09,MOB,GRPECO
BKG00006936,CUS0000683,2026-03-26,OTA,BSSAVE
BKG00006937,CUS0000159,2025-12-23,GDS,CLXSAV
BKG00006938,CUS0003765,2025-07-12,OTA,YOWRS
BKG00006939,CUS0002538,2024-03-30,MOB,CLXBUS
BKG00006940,CUS0004599,2023-08-06,GDS,WOWBUS
BKG00006941,CUS0004775,2026-04-27,GDS,BSSAVE
BKG00006942,CUS0003158,2024-11-20,MOB,CLXSAV
BKG00006943,CUS0004926,2023-10-22,WEB,WOWBUS
BKG00006944,CUS0000575,2026-04-15,MOB,CLXBUS
BKG00006945,CUS0004712,2023-12-22,GDS,GRPECO
BKG00006946,CUS0001931,2024-02-29,AGT,FLXFST
BKG00006947,CUS0003778,2023-07-08,GDS,BSSAVE
BKG00006948,CUS0002113,2025-02-05,OTA,WOWBUS
BKG00006949,CUS0002505,2024-03-14,MOB,CLXSAV
BKG00006950,CUS0002493,2025-08-31,CTR,GRPECO
BKG00006951,CUS0004251,2025-04-04,GDS,BSSAVE
BKG00006952,CUS0004945,2023-08-24,GDS,CLXSAV
BKG00006953,CUS0003904,2025-04-26,WEB,CLXSAV
BKG00006954,CUS0003327,2026-03-16,AGT,CLXBUS
BKG00006955,CUS0001826,2025-09-05,CTR,YOWUS
BKG00006956,CUS0001284,2023-10-07,CTR,YOWUS
BKG00006957,CUS0001855,2024-11-13,OTA,YOWUS
BKG00006958,CUS0002432,2025-12-11,MOB,CLXBUS
BKG00006959,CUS0003858,2024-03-10,CTR,FLXFST
BKG00006960,CUS0000415,2023-09-23,AGT,YOWUS
BKG00006961,CUS0000409,2025-08-18,CTR,CLXBUS
BKG00006962,CUS0000078,2023-11-24,CTR,YOWRS
BKG00006963,CUS0003433,2024-12-29,AGT,CLXSAV
BKG00006964,CUS0003957,2025-12-07,MOB,GRPECO
BKG00006965,CUS0003402,2025-05-22,MOB,CLXBUS
BKG00006966,CUS0001375,2025-06-12,GDS,FLXFST
BKG00006967,CUS0001134,2024-10-24,MOB,CLXSAV
BKG00006968,CUS0002144,2023-12-19,CTR,BSSAVE
BKG00006969,CUS0000271,2026-03-06,MOB,FLXFST
BKG00006970,CUS0004912,2024-12-26,MOB,YOWUS
BKG00006971,CUS0004878,2026-01-29,WEB,CLXBUS
BKG00006972,CUS0000481,2025-04-15,WEB,CLXSAV
BKG00006973,CUS0001215,2024-08-03,GDS,WOWBUS
BKG00006974,CUS0000891,2025-02-01,AGT,YOWRS
BKG00006975,CUS0003770,2024-07-10,MOB,BSSAVE
BKG00006976,CUS0003245,2023-10-04,OTA,YOWRS
BKG00006977,CUS0002119,2024-12-02,GDS,CLXSAV
BKG00006978,CUS0003450,2025-05-19,CTR,YOWUS
BKG00006979,CUS0000095,2024-06-20,AGT,YOWRS
BKG00006980,CUS0004274,2025-09-09,OTA,BSSAVE
BKG00006981,CUS0001825,2023-06-14,MOB,CLXSAV
BKG00006982,CUS0004322,2025-07-11,AGT,CLXBUS
BKG00006983,CUS0003674,2025-01-09,OTA,BSSAVE
BKG00006984,CUS0001294,2025-01-08,CTR,WOWBUS
BKG00006985,CUS0002647,2024-03-21,CTR,FLXFST
BKG00006986,CUS0003404,2023-10-01,AGT,GRPECO
BKG00006987,CUS0003905,2025-03-25,WEB,CLXSAV
BKG00006988,CUS0002042,2024-08-11,CTR,YOWUS
BKG00006989,CUS0001383,2025-08-24,MOB,FLXFST
BKG00006990,CUS0001340,2026-01-20,AGT,CLXBUS
BKG00006991,CUS0003810,2025-12-15,AGT,WOWBUS
BKG00006992,CUS0003299,2026-03-25,OTA,YOWUS
BKG00006993,CUS0000350,2024-12-12,AGT,WOWBUS
BKG00006994,CUS0001174,2025-12-28,CTR,YOWUS
BKG00006995,CUS0004708,2024-05-12,WEB,YOWUS
BKG00006996,CUS0003542,2024-11-04,OTA,GRPECO
BKG00006997,CUS0003331,2024-05-17,WEB,CLXBUS
BKG00006998,CUS0002467,2025-02-16,MOB,GRPECO
BKG00006999,CUS0004123,2023-11-30,GDS,WOWBUS
BKG00007000,CUS0002662,2023-08-23,OTA,CLXBUS
BKG00007001,CUS0000431,2024-06-10,AGT,CLXBUS
BKG00007002,CUS0001443,2025-08-28,AGT,WOWBUS
BKG00007003,CUS0001024,2025-04-10,GDS,GRPECO
BKG00007004,CUS0004905,2024-09-05,MOB,YOWUS
BKG00007005,CUS0003547,2025-09-26,GDS,CLXSAV
BKG00007006,CUS0002193,2025-04-23,CTR,WOWBUS
BKG00007007,CUS0001610,2023-10-26,OTA,WOWBUS
BKG00007008,CUS0004707,2025-01-20,GDS,YOWUS
BKG00007009,CUS0002271,2024-06-28,OTA,WOWBUS
BKG00007010,CUS0004833,2024-08-30,MOB,CLXSAV
BKG00007011,CUS0001430,2024-11-14,CTR,GRPECO
BKG00007012,CUS0004571,2025-02-03,AGT,WOWBUS
BKG00007013,CUS0002740,2026-04-11,GDS,WOWBUS
BKG00007014,CUS0002033,2026-01-02,CTR,YOWRS
BKG00007015,CUS0001814,2023-07-08,MOB,YOWUS
BKG00007016,CUS0003944,2023-12-29,MOB,CLXBUS
BKG00007017,CUS0002789,2023-08-20,MOB,WOWBUS
BKG00007018,CUS0000414,2023-07-26,MOB,WOWBUS
BKG00007019,CUS0003467,2024-10-17,OTA,YOWRS
BKG00007020,CUS0001465,2024-04-11,MOB,CLXBUS
BKG00007021,CUS0003897,2024-06-07,OTA,YOWUS
BKG00007022,CUS0004670,2023-11-22,CTR,CLXSAV
BKG00007023,CUS0001564,2025-03-10,AGT,GRPECO
BKG00007024,CUS0001289,2024-08-07,WEB,WOWBUS
BKG00007025,CUS0001886,2023-06-11,OTA,YOWUS
BKG00007026,CUS0002656,2026-05-03,WEB,FLXFST
BKG00007027,CUS0000395,2023-08-13,MOB,WOWBUS
BKG00007028,CUS0001082,2025-05-19,OTA,YOWRS
BKG00007029,CUS0000233,2025-10-28,GDS,YOWRS
BKG00007030,CUS0002996,2025-01-13,OTA,CLXSAV
BKG00007031,CUS0004378,2024-12-21,GDS,YOWUS
BKG00007032,CUS0004815,2025-07-31,OTA,YOWUS
BKG00007033,CUS0002240,2025-10-16,MOB,BSSAVE
BKG00007034,CUS0002451,2023-09-03,OTA,FLXFST
BKG00007035,CUS0002504,2024-08-19,WEB,YOWRS
BKG00007036,CUS0004864,2025-10-17,CTR,BSSAVE
BKG00007037,CUS0003042,2025-04-19,OTA,YOWRS
BKG00007038,CUS0001079,2025-01-22,OTA,WOWBUS
BKG00007039,CUS0004184,2024-12-10,WEB,GRPECO
BKG00007040,CUS0004235,2026-04-24,WEB,YOWRS
BKG00007041,CUS0002044,2023-09-26,AGT,CLXSAV
BKG00007042,CUS0000175,2025-10-17,OTA,WOWBUS
BKG00007043,CUS0002541,2023-05-25,CTR,CLXBUS
BKG00007044,CUS0000561,2023-10-27,CTR,GRPECO
BKG00007045,CUS0000902,2025-06-05,OTA,GRPECO
BKG00007046,CUS0002573,2024-07-24,OTA,GRPECO
BKG00007047,CUS0000994,2025-11-02,GDS,FLXFST
BKG00007048,CUS0001890,2025-12-09,MOB,BSSAVE
BKG00007049,CUS0002275,2026-02-09,GDS,WOWBUS
BKG00007050,CUS0000143,2024-04-30,GDS,YOWRS
BKG00007051,CUS0003363,2025-08-03,MOB,YOWRS
BKG00007052,CUS0004395,2024-03-11,AGT,CLXSAV
BKG00007053,CUS0003544,2025-05-12,MOB,CLXSAV
BKG00007054,CUS0001077,2025-11-14,WEB,YOWUS
BKG00007055,CUS0003754,2025-04-19,GDS,YOWRS
BKG00007056,CUS0002562,2025-07-14,WEB,CLXBUS
BKG00007057,CUS0001261,2024-11-10,WEB,CLXSAV
BKG00007058,CUS0004974,2025-05-29,CTR,FLXFST
BKG00007059,CUS0004104,2026-04-20,OTA,FLXFST
BKG00007060,CUS0004880,2023-07-07,GDS,GRPECO
BKG00007061,CUS0000634,2025-07-09,OTA,WOWBUS
BKG00007062,CUS0001768,2024-06-30,AGT,FLXFST
BKG00007063,CUS0000197,2025-06-09,CTR,YOWUS
BKG00007064,CUS0004857,2023-08-19,WEB,YOWRS
BKG00007065,CUS0000362,2025-04-03,WEB,CLXBUS
BKG00007066,CUS0003421,2025-10-24,AGT,YOWRS
BKG00007067,CUS0000411,2025-04-15,AGT,WOWBUS
BKG00007068,CUS0004915,2025-04-23,MOB,GRPECO
BKG00007069,CUS0004207,2023-08-22,CTR,YOWRS
BKG00007070,CUS0004407,2023-07-03,CTR,WOWBUS
BKG00007071,CUS0000314,2024-08-27,OTA,FLXFST
BKG00007072,CUS0000939,2024-01-05,GDS,WOWBUS
BKG00007073,CUS0004546,2024-11-22,CTR,YOWRS
BKG00007074,CUS0003340,2026-04-02,CTR,GRPECO
BKG00007075,CUS0004389,2024-01-21,AGT,CLXSAV
BKG00007076,CUS0000726,2025-05-14,CTR,CLXSAV
BKG00007077,CUS0003445,2025-01-08,CTR,YOWUS
BKG00007078,CUS0002872,2026-01-09,AGT,YOWUS
BKG00007079,CUS0004844,2024-12-25,GDS,CLXSAV
BKG00007080,CUS0003279,2025-11-15,CTR,BSSAVE
BKG00007081,CUS0003115,2026-05-10,GDS,BSSAVE
BKG00007082,CUS0004293,2024-10-08,WEB,YOWUS
BKG00007083,CUS0003926,2024-05-19,MOB,GRPECO
BKG00007084,CUS0001283,2024-08-19,WEB,YOWRS
BKG00007085,CUS0002379,2026-03-04,GDS,BSSAVE
BKG00007086,CUS0001583,2026-05-22,GDS,WOWBUS
BKG00007087,CUS0002882,2023-12-02,GDS,CLXBUS
BKG00007088,CUS0000146,2023-08-17,GDS,WOWBUS
BKG00007089,CUS0000236,2025-05-19,CTR,WOWBUS
BKG00007090,CUS0000408,2024-08-04,GDS,GRPECO
BKG00007091,CUS0004264,2024-09-10,CTR,CLXSAV
BKG00007092,CUS0000846,2024-05-07,AGT,CLXBUS
BKG00007093,CUS0002840,2023-08-16,OTA,WOWBUS
BKG00007094,CUS0003373,2024-03-22,GDS,YOWRS
BKG00007095,CUS0002132,2026-02-11,GDS,GRPECO
BKG00007096,CUS0002159,2024-02-16,CTR,YOWUS
BKG00007097,CUS0003562,2023-06-26,GDS,FLXFST
BKG00007098,CUS0003682,2025-09-26,OTA,YOWRS
BKG00007099,CUS0004598,2023-11-17,OTA,GRPECO
BKG00007100,CUS0000828,2024-07-03,WEB,FLXFST
BKG00007101,CUS0002494,2023-07-12,OTA,FLXFST
BKG00007102,CUS0000373,2023-10-03,OTA,CLXSAV
BKG00007103,CUS0003295,2025-08-03,MOB,CLXBUS
BKG00007104,CUS0002040,2024-08-01,WEB,YOWUS
BKG00007105,CUS0003596,2023-11-11,MOB,BSSAVE
BKG00007106,CUS0000134,2025-10-04,AGT,YOWUS
BKG00007107,CUS0001104,2025-02-07,OTA,CLXSAV
BKG00007108,CUS0003511,2024-09-05,OTA,WOWBUS
BKG00007109,CUS0001968,2024-03-10,GDS,GRPECO
BKG00007110,CUS0003950,2024-01-02,MOB,YOWUS
BKG00007111,CUS0001639,2024-03-29,WEB,FLXFST
BKG00007112,CUS0004057,2024-12-17,AGT,GRPECO
BKG00007113,CUS0000887,2025-11-22,CTR,BSSAVE
BKG00007114,CUS0003406,2025-03-18,WEB,CLXSAV
BKG00007115,CUS0002320,2023-07-05,CTR,GRPECO
BKG00007116,CUS0001260,2024-11-09,WEB,YOWRS
BKG00007117,CUS0001177,2024-04-09,OTA,YOWUS
BKG00007118,CUS0001135,2026-05-07,OTA,CLXBUS
BKG00007119,CUS0002761,2026-03-31,OTA,YOWUS
BKG00007120,CUS0000474,2026-05-06,OTA,CLXBUS
BKG00007121,CUS0004833,2025-10-16,WEB,YOWUS
BKG00007122,CUS0004617,2025-03-06,CTR,WOWBUS
BKG00007123,CUS0004654,2026-04-30,GDS,FLXFST
BKG00007124,CUS0003754,2024-01-28,MOB,GRPECO
BKG00007125,CUS0001107,2024-09-02,OTA,FLXFST
BKG00007126,CUS0000798,2025-07-28,GDS,WOWBUS
BKG00007127,CUS0000109,2026-01-17,MOB,CLXBUS
BKG00007128,CUS0002038,2025-06-26,CTR,WOWBUS
BKG00007129,CUS0000487,2024-10-07,WEB,YOWUS
BKG00007130,CUS0004754,2024-08-11,WEB,CLXBUS
BKG00007131,CUS0001831,2025-08-02,OTA,BSSAVE
BKG00007132,CUS0002517,2024-02-06,CTR,WOWBUS
BKG00007133,CUS0000146,2026-01-07,GDS,CLXBUS
BKG00007134,CUS0000872,2024-08-16,GDS,FLXFST
BKG00007135,CUS0002574,2025-08-06,OTA,FLXFST
BKG00007136,CUS0003175,2025-04-07,MOB,GRPECO
BKG00007137,CUS0001595,2023-11-16,OTA,YOWRS
BKG00007138,CUS0004276,2024-01-17,CTR,FLXFST
BKG00007139,CUS0001285,2025-02-28,MOB,CLXSAV
BKG00007140,CUS0001272,2024-06-02,GDS,CLXSAV
BKG00007141,CUS0003312,2024-08-05,WEB,YOWUS
BKG00007142,CUS0001360,2024-01-25,MOB,WOWBUS
BKG00007143,CUS0000307,2025-03-04,MOB,WOWBUS
BKG00007144,CUS0002351,2025-05-05,WEB,CLXSAV
BKG00007145,CUS0003132,2024-01-10,AGT,GRPECO
BKG00007146,CUS0003700,2024-07-13,WEB,BSSAVE
BKG00007147,CUS0002945,2024-04-21,WEB,CLXSAV
BKG00007148,CUS0004249,2025-06-04,CTR,YOWUS
BKG00007149,CUS0002150,2023-10-15,WEB,BSSAVE
BKG00007150,CUS0004153,2026-03-19,WEB,CLXSAV
BKG00007151,CUS0000569,2024-08-19,GDS,FLXFST
BKG00007152,CUS0003534,2023-07-12,WEB,YOWRS
BKG00007153,CUS0001473,2025-07-25,MOB,BSSAVE
BKG00007154,CUS0003997,2024-03-10,CTR,CLXBUS
BKG00007155,CUS0002257,2025-10-04,GDS,YOWUS
BKG00007156,CUS0004782,2025-02-15,CTR,FLXFST
BKG00007157,CUS0001587,2025-02-04,GDS,YOWRS
BKG00007158,CUS0002674,2024-06-05,MOB,GRPECO
BKG00007159,CUS0003203,2026-04-17,CTR,CLXSAV
BKG00007160,CUS0004520,2023-10-15,OTA,CLXBUS
BKG00007161,CUS0002482,2025-09-28,MOB,YOWUS
BKG00007162,CUS0001186,2025-11-30,MOB,CLXBUS
BKG00007163,CUS0004550,2024-01-30,MOB,CLXBUS
BKG00007164,CUS0004397,2025-11-15,CTR,FLXFST
BKG00007165,CUS0001568,2023-05-31,AGT,YOWRS
BKG00007166,CUS0002002,2023-11-04,GDS,WOWBUS
BKG00007167,CUS0003785,2024-10-08,WEB,CLXBUS
BKG00007168,CUS0003007,2024-06-16,WEB,WOWBUS
BKG00007169,CUS0000604,2024-08-27,WEB,YOWUS
BKG00007170,CUS0001250,2023-07-10,GDS,FLXFST
BKG00007171,CUS0004811,2023-09-10,WEB,CLXBUS
BKG00007172,CUS0000996,2024-08-31,CTR,WOWBUS
BKG00007173,CUS0004701,2023-06-13,GDS,YOWUS
BKG00007174,CUS0003140,2023-10-31,WEB,YOWUS
BKG00007175,CUS0002161,2024-10-20,GDS,YOWRS
BKG00007176,CUS0004108,2023-12-28,CTR,YOWRS
BKG00007177,CUS0000836,2026-04-29,CTR,BSSAVE
BKG00007178,CUS0002584,2024-10-15,GDS,BSSAVE
BKG00007179,CUS0002489,2026-05-05,AGT,GRPECO
BKG00007180,CUS0003353,2023-08-24,CTR,WOWBUS
BKG00007181,CUS0002372,2024-04-21,WEB,YOWUS
BKG00007182,CUS0001806,2023-07-30,OTA,YOWRS
BKG00007183,CUS0002302,2026-04-05,WEB,WOWBUS
BKG00007184,CUS0000572,2023-08-10,CTR,YOWRS
BKG00007185,CUS0000909,2025-02-01,CTR,YOWRS
BKG00007186,CUS0002557,2026-01-27,WEB,CLXSAV
BKG00007187,CUS0000704,2024-07-09,AGT,WOWBUS
BKG00007188,CUS0001283,2025-01-18,OTA,YOWRS
BKG00007189,CUS0003645,2024-06-19,CTR,YOWUS
BKG00007190,CUS0002538,2026-05-13,OTA,GRPECO
BKG00007191,CUS0000316,2023-10-26,CTR,CLXSAV
BKG00007192,CUS0003393,2025-07-06,WEB,CLXBUS
BKG00007193,CUS0000392,2024-06-13,GDS,GRPECO
BKG00007194,CUS0000820,2023-10-19,OTA,GRPECO
BKG00007195,CUS0004314,2026-04-02,MOB,YOWRS
BKG00007196,CUS0000179,2024-03-31,MOB,YOWRS
BKG00007197,CUS0002152,2024-11-07,OTA,FLXFST
BKG00007198,CUS0002227,2025-09-10,OTA,GRPECO
BKG00007199,CUS0001026,2023-07-13,MOB,GRPECO
BKG00007200,CUS0002688,2025-12-09,AGT,GRPECO
BKG00007201,CUS0004913,2025-12-29,OTA,YOWUS
BKG00007202,CUS0003728,2024-08-12,AGT,CLXBUS
BKG00007203,CUS0000224,2026-05-01,MOB,WOWBUS
BKG00007204,CUS0003685,2024-11-08,OTA,CLXBUS
BKG00007205,CUS0004757,2026-05-15,CTR,GRPECO
BKG00007206,CUS0000031,2025-01-16,CTR,WOWBUS
BKG00007207,CUS0002023,2025-05-26,CTR,YOWRS
BKG00007208,CUS0001874,2026-02-05,GDS,CLXBUS
BKG00007209,CUS0000729,2024-02-03,MOB,FLXFST
BKG00007210,CUS0002462,2025-01-04,WEB,YOWUS
BKG00007211,CUS0003157,2025-08-23,WEB,WOWBUS
BKG00007212,CUS0001375,2023-09-30,GDS,GRPECO
BKG00007213,CUS0002873,2023-09-05,MOB,YOWRS
BKG00007214,CUS0004560,2026-05-01,WEB,CLXSAV
BKG00007215,CUS0004006,2023-10-25,GDS,WOWBUS
BKG00007216,CUS0000718,2023-07-04,AGT,YOWUS
BKG00007217,CUS0000666,2024-08-16,WEB,FLXFST
BKG00007218,CUS0002723,2023-09-14,OTA,FLXFST
BKG00007219,CUS0000776,2024-06-21,MOB,CLXSAV
BKG00007220,CUS0001851,2024-11-05,GDS,YOWUS
BKG00007221,CUS0003183,2026-05-15,OTA,YOWUS
BKG00007222,CUS0000504,2023-09-22,OTA,GRPECO
BKG00007223,CUS0002381,2025-04-25,CTR,FLXFST
BKG00007224,CUS0003801,2024-09-10,CTR,CLXBUS
BKG00007225,CUS0004600,2025-11-20,GDS,CLXBUS
BKG00007226,CUS0004168,2023-08-25,OTA,YOWRS
BKG00007227,CUS0003829,2025-02-23,WEB,WOWBUS
BKG00007228,CUS0003321,2024-07-05,WEB,YOWUS
BKG00007229,CUS0000439,2026-03-16,GDS,GRPECO
BKG00007230,CUS0000033,2025-03-30,WEB,GRPECO
BKG00007231,CUS0003984,2024-03-31,MOB,GRPECO
BKG00007232,CUS0002566,2024-11-22,CTR,CLXBUS
BKG00007233,CUS0004879,2023-10-03,MOB,WOWBUS
BKG00007234,CUS0000303,2023-10-02,GDS,YOWRS
BKG00007235,CUS0000907,2024-08-11,WEB,GRPECO
BKG00007236,CUS0000874,2026-05-05,CTR,FLXFST
BKG00007237,CUS0000427,2023-06-09,WEB,CLXBUS
BKG00007238,CUS0000194,2023-10-20,MOB,YOWRS
BKG00007239,CUS0002196,2025-12-11,OTA,CLXBUS
BKG00007240,CUS0000706,2023-08-12,OTA,CLXSAV
BKG00007241,CUS0004849,2025-08-09,GDS,GRPECO
BKG00007242,CUS0002289,2024-09-07,MOB,WOWBUS
BKG00007243,CUS0001912,2025-10-13,AGT,CLXBUS
BKG00007244,CUS0004626,2024-11-25,AGT,FLXFST
BKG00007245,CUS0002806,2024-04-21,OTA,BSSAVE
BKG00007246,CUS0001875,2026-01-14,CTR,YOWRS
BKG00007247,CUS0003933,2024-06-05,AGT,YOWUS
BKG00007248,CUS0001730,2023-09-02,AGT,WOWBUS
BKG00007249,CUS0002951,2024-04-25,MOB,YOWUS
BKG00007250,CUS0000454,2026-02-20,OTA,BSSAVE
BKG00007251,CUS0003152,2025-10-10,AGT,FLXFST
BKG00007252,CUS0002851,2025-11-10,MOB,FLXFST
BKG00007253,CUS0000915,2024-09-26,AGT,GRPECO
BKG00007254,CUS0003739,2024-12-24,MOB,YOWRS
BKG00007255,CUS0003723,2025-04-06,MOB,CLXBUS
BKG00007256,CUS0003503,2023-09-26,AGT,BSSAVE
BKG00007257,CUS0002237,2026-04-15,CTR,GRPECO
BKG00007258,CUS0001248,2025-05-19,MOB,CLXSAV
BKG00007259,CUS0004310,2026-03-03,GDS,CLXSAV
BKG00007260,CUS0001996,2025-12-08,CTR,BSSAVE
BKG00007261,CUS0003926,2026-05-09,AGT,FLXFST
BKG00007262,CUS0004534,2024-09-09,GDS,YOWRS
BKG00007263,CUS0002137,2024-05-26,AGT,YOWRS
BKG00007264,CUS0001978,2025-02-22,OTA,WOWBUS
BKG00007265,CUS0001019,2024-10-31,GDS,FLXFST
BKG00007266,CUS0003608,2024-10-13,WEB,FLXFST
BKG00007267,CUS0000049,2024-05-02,OTA,CLXSAV
BKG00007268,CUS0004582,2023-12-23,AGT,YOWRS
BKG00007269,CUS0003914,2024-06-07,MOB,CLXSAV
BKG00007270,CUS0003789,2024-01-12,CTR,BSSAVE
BKG00007271,CUS0000971,2025-04-13,AGT,YOWRS
BKG00007272,CUS0003184,2024-05-14,MOB,CLXSAV
BKG00007273,CUS0000201,2024-03-22,GDS,WOWBUS
BKG00007274,CUS0003040,2025-05-04,OTA,FLXFST
BKG00007275,CUS0002477,2025-12-11,GDS,WOWBUS
BKG00007276,CUS0004855,2023-11-28,CTR,GRPECO
BKG00007277,CUS0000128,2025-08-26,WEB,CLXBUS
BKG00007278,CUS0002685,2023-06-11,OTA,GRPECO
BKG00007279,CUS0000041,2024-03-02,MOB,WOWBUS
BKG00007280,CUS0002053,2024-11-07,AGT,BSSAVE
BKG00007281,CUS0003895,2023-08-02,AGT,YOWRS
BKG00007282,CUS0004432,2026-01-26,GDS,FLXFST
BKG00007283,CUS0004778,2023-12-14,MOB,CLXSAV
BKG00007284,CUS0002640,2026-03-25,MOB,YOWUS
BKG00007285,CUS0002698,2024-01-18,WEB,BSSAVE
BKG00007286,CUS0003191,2025-03-19,WEB,YOWUS
BKG00007287,CUS0000393,2025-01-28,AGT,YOWRS
BKG00007288,CUS0000911,2024-12-11,AGT,YOWUS
BKG00007289,CUS0000682,2023-12-30,OTA,FLXFST
BKG00007290,CUS0000605,2025-09-09,GDS,YOWRS
BKG00007291,CUS0004796,2026-02-28,GDS,WOWBUS
BKG00007292,CUS0004603,2024-02-13,OTA,CLXBUS
BKG00007293,CUS0004213,2025-02-08,WEB,BSSAVE
BKG00007294,CUS0000719,2024-08-10,MOB,YOWUS
BKG00007295,CUS0000385,2025-09-20,AGT,BSSAVE
BKG00007296,CUS0001583,2023-10-31,CTR,CLXBUS
BKG00007297,CUS0003076,2024-06-14,CTR,YOWUS
BKG00007298,CUS0004594,2026-03-13,GDS,GRPECO
BKG00007299,CUS0001048,2023-11-24,MOB,WOWBUS
BKG00007300,CUS0000603,2024-01-19,WEB,CLXBUS
BKG00007301,CUS0002150,2024-01-09,CTR,YOWRS
BKG00007302,CUS0004046,2024-06-25,AGT,GRPECO
BKG00007303,CUS0002008,2024-04-27,AGT,FLXFST
BKG00007304,CUS0002973,2023-06-17,OTA,FLXFST
BKG00007305,CUS0000576,2026-01-28,CTR,BSSAVE
BKG00007306,CUS0001036,2024-07-06,WEB,BSSAVE
BKG00007307,CUS0001145,2025-11-07,WEB,FLXFST
BKG00007308,CUS0001748,2026-05-16,WEB,FLXFST
BKG00007309,CUS0002355,2026-02-12,WEB,GRPECO
BKG00007310,CUS0003150,2025-01-07,WEB,WOWBUS
BKG00007311,CUS0000239,2025-07-20,MOB,WOWBUS
BKG00007312,CUS0003388,2024-09-21,OTA,YOWRS
BKG00007313,CUS0003575,2025-03-26,CTR,WOWBUS
BKG00007314,CUS0003470,2026-04-10,CTR,WOWBUS
BKG00007315,CUS0002596,2024-08-28,AGT,YOWRS
BKG00007316,CUS0003391,2026-01-26,GDS,FLXFST
BKG00007317,CUS0002244,2024-08-04,WEB,WOWBUS
BKG00007318,CUS0001208,2026-03-31,MOB,YOWRS
BKG00007319,CUS0004683,2023-10-04,AGT,WOWBUS
BKG00007320,CUS0001472,2024-03-11,OTA,BSSAVE
BKG00007321,CUS0004372,2023-12-14,MOB,FLXFST
BKG00007322,CUS0003721,2024-02-19,WEB,BSSAVE
BKG00007323,CUS0003118,2023-08-21,CTR,WOWBUS
BKG00007324,CUS0003778,2025-06-12,CTR,CLXBUS
BKG00007325,CUS0004957,2023-09-12,CTR,CLXSAV
BKG00007326,CUS0001356,2023-07-24,MOB,CLXSAV
BKG00007327,CUS0001516,2025-09-13,CTR,FLXFST
BKG00007328,CUS0002108,2024-06-21,OTA,CLXBUS
BKG00007329,CUS0004262,2024-01-09,OTA,WOWBUS
BKG00007330,CUS0003517,2024-11-22,AGT,FLXFST
BKG00007331,CUS0004156,2025-01-04,WEB,YOWRS
BKG00007332,CUS0000610,2024-11-30,OTA,WOWBUS
BKG00007333,CUS0001809,2025-10-10,WEB,FLXFST
BKG00007334,CUS0002110,2025-11-15,WEB,YOWUS
BKG00007335,CUS0002626,2024-01-20,CTR,GRPECO
BKG00007336,CUS0003924,2025-09-15,WEB,CLXSAV
BKG00007337,CUS0002600,2024-08-05,AGT,CLXSAV
BKG00007338,CUS0004865,2025-07-14,AGT,YOWUS
BKG00007339,CUS0003184,2025-08-08,AGT,BSSAVE
BKG00007340,CUS0003945,2026-05-23,CTR,GRPECO
BKG00007341,CUS0004996,2023-11-20,WEB,BSSAVE
BKG00007342,CUS0002920,2024-11-23,CTR,YOWRS
BKG00007343,CUS0001245,2025-12-21,WEB,CLXBUS
BKG00007344,CUS0003197,2023-08-28,MOB,GRPECO
BKG00007345,CUS0001379,2025-03-31,WEB,FLXFST
BKG00007346,CUS0001463,2023-08-30,AGT,FLXFST
BKG00007347,CUS0003239,2025-11-09,AGT,YOWUS
BKG00007348,CUS0001773,2023-12-12,MOB,WOWBUS
BKG00007349,CUS0002655,2025-11-16,CTR,CLXBUS
BKG00007350,CUS0000594,2024-01-20,CTR,YOWUS
BKG00007351,CUS0001436,2024-02-17,CTR,CLXSAV
BKG00007352,CUS0002824,2023-09-17,AGT,GRPECO
BKG00007353,CUS0003838,2024-06-30,MOB,GRPECO
BKG00007354,CUS0004680,2024-02-04,MOB,CLXSAV
BKG00007355,CUS0004005,2025-01-31,CTR,CLXSAV
BKG00007356,CUS0002837,2024-09-13,WEB,BSSAVE
BKG00007357,CUS0002088,2025-08-07,AGT,GRPECO
BKG00007358,CUS0002208,2024-07-26,AGT,YOWRS
BKG00007359,CUS0000603,2026-05-03,WEB,GRPECO
BKG00007360,CUS0001775,2025-05-10,GDS,GRPECO
BKG00007361,CUS0000098,2026-04-27,MOB,FLXFST
BKG00007362,CUS0001216,2025-03-05,OTA,FLXFST
BKG00007363,CUS0003794,2024-07-04,GDS,YOWRS
BKG00007364,CUS0000848,2023-09-05,MOB,CLXSAV
BKG00007365,CUS0004552,2025-05-17,OTA,BSSAVE
BKG00007366,CUS0001682,2024-05-24,MOB,YOWUS
BKG00007367,CUS0000119,2023-09-26,CTR,YOWUS
BKG00007368,CUS0002962,2024-07-19,GDS,WOWBUS
BKG00007369,CUS0000263,2023-10-23,AGT,BSSAVE
BKG00007370,CUS0004736,2023-08-25,MOB,CLXBUS
BKG00007371,CUS0004577,2025-07-21,MOB,GRPECO
BKG00007372,CUS0001829,2026-01-20,MOB,YOWRS
BKG00007373,CUS0000323,2025-08-20,GDS,WOWBUS
BKG00007374,CUS0000682,2026-02-24,MOB,GRPECO
BKG00007375,CUS0001881,2025-06-16,AGT,FLXFST
BKG00007376,CUS0002893,2025-09-08,OTA,CLXSAV
BKG00007377,CUS0001224,2024-05-04,MOB,YOWUS
BKG00007378,CUS0003867,2024-09-12,MOB,YOWUS
BKG00007379,CUS0000525,2025-02-11,CTR,GRPECO
BKG00007380,CUS0000185,2023-10-24,CTR,CLXBUS
BKG00007381,CUS0001129,2025-09-30,CTR,GRPECO
BKG00007382,CUS0002076,2025-07-23,AGT,YOWRS
BKG00007383,CUS0003579,2024-09-18,AGT,BSSAVE
BKG00007384,CUS0004015,2024-11-19,CTR,FLXFST
BKG00007385,CUS0001715,2024-03-04,AGT,FLXFST
BKG00007386,CUS0002673,2024-06-18,WEB,BSSAVE
BKG00007387,CUS0002681,2024-06-05,OTA,CLXSAV
BKG00007388,CUS0000749,2024-08-15,AGT,YOWUS
BKG00007389,CUS0000151,2026-04-20,OTA,YOWRS
BKG00007390,CUS0000266,2026-04-09,CTR,YOWRS
BKG00007391,CUS0002487,2024-09-25,AGT,CLXBUS
BKG00007392,CUS0001056,2024-01-03,MOB,FLXFST
BKG00007393,CUS0001417,2024-08-28,MOB,YOWUS
BKG00007394,CUS0000106,2024-05-13,MOB,FLXFST
BKG00007395,CUS0000088,2025-02-05,GDS,BSSAVE
BKG00007396,CUS0001057,2025-07-25,MOB,CLXSAV
BKG00007397,CUS0000314,2023-06-01,MOB,WOWBUS
BKG00007398,CUS0000024,2023-09-26,AGT,WOWBUS
BKG00007399,CUS0002226,2025-06-21,AGT,BSSAVE
BKG00007400,CUS0002250,2023-08-18,MOB,GRPECO
BKG00007401,CUS0002711,2025-09-28,MOB,YOWRS
BKG00007402,CUS0003562,2024-04-09,CTR,BSSAVE
BKG00007403,CUS0004590,2025-09-09,WEB,YOWRS
BKG00007404,CUS0003405,2025-05-12,AGT,FLXFST
BKG00007405,CUS0001812,2025-11-10,WEB,FLXFST
BKG00007406,CUS0003493,2025-05-23,CTR,FLXFST
BKG00007407,CUS0004573,2023-06-07,GDS,CLXBUS
BKG00007408,CUS0000076,2023-07-23,MOB,WOWBUS
BKG00007409,CUS0000012,2024-07-21,OTA,CLXSAV
BKG00007410,CUS0002282,2026-04-28,OTA,YOWRS
BKG00007411,CUS0000155,2023-06-07,GDS,YOWRS
BKG00007412,CUS0003571,2025-09-15,GDS,CLXBUS
BKG00007413,CUS0004754,2024-10-23,GDS,YOWUS
BKG00007414,CUS0000251,2024-03-23,AGT,CLXBUS
BKG00007415,CUS0002377,2024-02-28,AGT,CLXSAV
BKG00007416,CUS0004525,2023-11-18,WEB,YOWRS
BKG00007417,CUS0002697,2025-06-02,AGT,YOWRS
BKG00007418,CUS0004013,2024-11-27,GDS,CLXBUS
BKG00007419,CUS0001170,2025-05-12,CTR,FLXFST
BKG00007420,CUS0001393,2024-11-30,CTR,YOWUS
BKG00007421,CUS0004804,2023-09-10,MOB,CLXBUS
BKG00007422,CUS0000786,2024-08-12,WEB,CLXSAV
BKG00007423,CUS0000050,2026-04-23,OTA,YOWUS
BKG00007424,CUS0004996,2025-02-10,GDS,FLXFST
BKG00007425,CUS0000809,2026-01-04,AGT,WOWBUS
BKG00007426,CUS0001001,2024-12-19,OTA,BSSAVE
BKG00007427,CUS0002715,2024-07-27,OTA,BSSAVE
BKG00007428,CUS0002004,2025-01-05,AGT,BSSAVE
BKG00007429,CUS0001091,2023-06-15,AGT,YOWUS
BKG00007430,CUS0002658,2025-07-03,CTR,WOWBUS
BKG00007431,CUS0003736,2025-02-09,AGT,GRPECO
BKG00007432,CUS0002492,2026-03-02,MOB,CLXSAV
BKG00007433,CUS0002221,2025-08-28,AGT,YOWUS
BKG00007434,CUS0002508,2024-01-02,GDS,FLXFST
BKG00007435,CUS0001429,2024-03-24,OTA,WOWBUS
BKG00007436,CUS0004881,2023-11-04,OTA,YOWUS
BKG00007437,CUS0000873,2026-02-08,WEB,YOWRS
BKG00007438,CUS0002701,2024-08-19,MOB,CLXSAV
BKG00007439,CUS0002617,2024-12-14,CTR,FLXFST
BKG00007440,CUS0001488,2025-04-16,GDS,GRPECO
BKG00007441,CUS0004451,2025-03-31,CTR,BSSAVE
BKG00007442,CUS0003293,2023-11-24,WEB,WOWBUS
BKG00007443,CUS0000676,2023-11-15,GDS,CLXBUS
BKG00007444,CUS0004355,2023-08-15,CTR,YOWUS
BKG00007445,CUS0001950,2024-01-15,WEB,CLXBUS
BKG00007446,CUS0002939,2024-03-09,CTR,YOWUS
BKG00007447,CUS0004858,2024-11-26,GDS,YOWRS
BKG00007448,CUS0004453,2023-10-03,GDS,YOWRS
BKG00007449,CUS0002536,2024-08-25,MOB,BSSAVE
BKG00007450,CUS0004991,2024-08-28,MOB,CLXSAV
BKG00007451,CUS0002691,2025-02-11,AGT,CLXBUS
BKG00007452,CUS0002986,2024-07-31,CTR,BSSAVE
BKG00007453,CUS0000371,2025-09-12,OTA,CLXSAV
BKG00007454,CUS0004617,2024-08-28,GDS,GRPECO
BKG00007455,CUS0002632,2023-10-06,GDS,GRPECO
BKG00007456,CUS0004912,2024-05-08,CTR,YOWRS
BKG00007457,CUS0000877,2024-02-09,AGT,WOWBUS
BKG00007458,CUS0003680,2025-03-15,CTR,WOWBUS
BKG00007459,CUS0000151,2025-12-17,AGT,CLXBUS
BKG00007460,CUS0002715,2025-04-26,GDS,FLXFST
BKG00007461,CUS0001170,2026-02-17,GDS,CLXBUS
BKG00007462,CUS0002664,2023-08-30,AGT,YOWRS
BKG00007463,CUS0000719,2025-06-14,GDS,YOWUS
BKG00007464,CUS0004502,2026-03-12,CTR,CLXSAV
BKG00007465,CUS0004347,2026-03-27,CTR,GRPECO
BKG00007466,CUS0000320,2026-01-16,WEB,CLXSAV
BKG00007467,CUS0001376,2024-05-23,MOB,YOWRS
BKG00007468,CUS0001681,2024-02-16,MOB,FLXFST
BKG00007469,CUS0004274,2025-09-07,CTR,FLXFST
BKG00007470,CUS0000498,2024-12-17,WEB,WOWBUS
BKG00007471,CUS0002231,2025-07-30,GDS,FLXFST
BKG00007472,CUS0000577,2025-02-13,MOB,WOWBUS
BKG00007473,CUS0000058,2024-07-22,AGT,GRPECO
BKG00007474,CUS0002301,2024-02-28,GDS,YOWRS
BKG00007475,CUS0000958,2025-06-19,AGT,WOWBUS
BKG00007476,CUS0004688,2023-09-06,CTR,GRPECO
BKG00007477,CUS0004730,2026-02-25,CTR,BSSAVE
BKG00007478,CUS0003822,2024-10-15,WEB,CLXSAV
BKG00007479,CUS0003228,2025-04-18,WEB,WOWBUS
BKG00007480,CUS0001731,2023-07-20,CTR,GRPECO
BKG00007481,CUS0004432,2023-11-12,CTR,CLXSAV
BKG00007482,CUS0001193,2025-01-03,CTR,CLXSAV
BKG00007483,CUS0004595,2026-03-03,CTR,FLXFST
BKG00007484,CUS0004199,2024-06-02,AGT,YOWRS
BKG00007485,CUS0004474,2025-12-19,OTA,WOWBUS
BKG00007486,CUS0004714,2024-08-23,GDS,FLXFST
BKG00007487,CUS0001989,2024-04-30,WEB,YOWUS
BKG00007488,CUS0000034,2025-01-24,GDS,WOWBUS
BKG00007489,CUS0004067,2025-02-13,CTR,CLXBUS
BKG00007490,CUS0004771,2024-09-29,CTR,CLXBUS
BKG00007491,CUS0002267,2023-10-30,OTA,GRPECO
BKG00007492,CUS0002070,2023-09-25,OTA,CLXBUS
BKG00007493,CUS0000904,2023-12-07,WEB,GRPECO
BKG00007494,CUS0003302,2026-03-22,CTR,BSSAVE
BKG00007495,CUS0003491,2023-12-05,MOB,FLXFST
BKG00007496,CUS0002813,2025-05-26,OTA,WOWBUS
BKG00007497,CUS0002439,2024-09-10,GDS,CLXSAV
BKG00007498,CUS0004654,2025-04-20,WEB,FLXFST
BKG00007499,CUS0000254,2024-04-08,AGT,CLXBUS
BKG00007500,CUS0002044,2023-09-09,OTA,WOWBUS
BKG00007501,CUS0004225,2025-12-17,OTA,YOWUS
BKG00007502,CUS0003786,2025-08-21,CTR,FLXFST
BKG00007503,CUS0002981,2025-06-12,CTR,CLXSAV
BKG00007504,CUS0003691,2024-08-14,CTR,WOWBUS
BKG00007505,CUS0004071,2023-06-30,OTA,FLXFST
BKG00007506,CUS0004524,2025-02-03,WEB,FLXFST
BKG00007507,CUS0003908,2023-12-25,CTR,CLXBUS
BKG00007508,CUS0001787,2023-11-01,OTA,YOWUS
BKG00007509,CUS0004005,2024-11-17,AGT,WOWBUS
BKG00007510,CUS0000466,2023-12-17,GDS,YOWRS
BKG00007511,CUS0003818,2026-04-18,GDS,FLXFST
BKG00007512,CUS0000770,2025-07-06,AGT,WOWBUS
BKG00007513,CUS0002592,2024-06-07,AGT,YOWUS
BKG00007514,CUS0000022,2025-09-11,GDS,WOWBUS
BKG00007515,CUS0003178,2023-10-05,CTR,BSSAVE
BKG00007516,CUS0001218,2025-09-12,MOB,WOWBUS
BKG00007517,CUS0004105,2024-12-07,OTA,CLXBUS
BKG00007518,CUS0000112,2024-10-28,MOB,WOWBUS
BKG00007519,CUS0003349,2025-02-09,CTR,CLXSAV
BKG00007520,CUS0001065,2025-10-16,CTR,CLXSAV
BKG00007521,CUS0000355,2024-10-25,AGT,BSSAVE
BKG00007522,CUS0001837,2024-09-17,WEB,BSSAVE
BKG00007523,CUS0003217,2024-12-21,OTA,WOWBUS
BKG00007524,CUS0001300,2025-04-22,GDS,WOWBUS
BKG00007525,CUS0002569,2023-10-25,AGT,CLXSAV
BKG00007526,CUS0000974,2025-07-06,OTA,GRPECO
BKG00007527,CUS0001277,2024-12-04,OTA,YOWUS
BKG00007528,CUS0001544,2024-02-12,MOB,BSSAVE
BKG00007529,CUS0002013,2025-02-02,OTA,GRPECO
BKG00007530,CUS0003992,2023-10-16,WEB,CLXBUS
BKG00007531,CUS0003473,2024-07-20,CTR,CLXSAV
BKG00007532,CUS0000274,2024-01-24,CTR,WOWBUS
BKG00007533,CUS0002925,2024-03-02,OTA,CLXSAV
BKG00007534,CUS0002824,2023-07-26,AGT,GRPECO
BKG00007535,CUS0000344,2025-04-07,MOB,YOWUS
BKG00007536,CUS0000336,2025-12-10,GDS,YOWRS
BKG00007537,CUS0003853,2025-07-12,OTA,YOWRS
BKG00007538,CUS0001594,2024-02-17,GDS,CLXBUS
BKG00007539,CUS0002175,2025-06-24,OTA,CLXBUS
BKG00007540,CUS0003852,2024-05-03,GDS,YOWRS
BKG00007541,CUS0001312,2023-07-15,WEB,WOWBUS
BKG00007542,CUS0004892,2025-05-10,WEB,BSSAVE
BKG00007543,CUS0003913,2024-01-15,AGT,YOWUS
BKG00007544,CUS0003429,2024-01-07,OTA,YOWUS
BKG00007545,CUS0003585,2023-07-21,AGT,FLXFST
BKG00007546,CUS0000847,2025-05-02,MOB,BSSAVE
BKG00007547,CUS0001225,2023-06-23,CTR,WOWBUS
BKG00007548,CUS0000217,2024-11-29,OTA,FLXFST
BKG00007549,CUS0002426,2024-03-30,OTA,FLXFST
BKG00007550,CUS0004567,2024-06-20,AGT,CLXSAV
BKG00007551,CUS0002035,2024-02-19,AGT,YOWUS
BKG00007552,CUS0002103,2023-06-02,OTA,CLXSAV
BKG00007553,CUS0002653,2026-05-07,OTA,CLXSAV
BKG00007554,CUS0000419,2024-01-20,MOB,FLXFST
BKG00007555,CUS0001739,2025-03-20,AGT,CLXSAV
BKG00007556,CUS0003512,2024-05-13,WEB,GRPECO
BKG00007557,CUS0004084,2024-08-05,GDS,CLXBUS
BKG00007558,CUS0001773,2026-01-30,MOB,BSSAVE
BKG00007559,CUS0003999,2026-01-06,GDS,WOWBUS
BKG00007560,CUS0004724,2025-01-02,AGT,YOWUS
BKG00007561,CUS0002154,2023-07-29,AGT,FLXFST
BKG00007562,CUS0000290,2025-06-22,WEB,BSSAVE
BKG00007563,CUS0002001,2023-06-28,GDS,FLXFST
BKG00007564,CUS0001165,2026-04-23,GDS,YOWUS
BKG00007565,CUS0001506,2025-08-07,AGT,BSSAVE
BKG00007566,CUS0001227,2026-02-22,WEB,GRPECO
BKG00007567,CUS0003069,2024-10-17,OTA,YOWUS
BKG00007568,CUS0003281,2023-10-25,WEB,GRPECO
BKG00007569,CUS0004961,2025-11-24,WEB,FLXFST
BKG00007570,CUS0003787,2024-08-29,WEB,YOWRS
BKG00007571,CUS0002792,2026-02-10,AGT,YOWRS
BKG00007572,CUS0001415,2023-09-26,WEB,YOWUS
BKG00007573,CUS0001698,2024-02-08,CTR,WOWBUS
BKG00007574,CUS0002072,2023-10-06,OTA,YOWUS
BKG00007575,CUS0003745,2023-07-23,GDS,GRPECO
BKG00007576,CUS0001341,2024-05-08,WEB,FLXFST
BKG00007577,CUS0001494,2023-11-30,AGT,YOWRS
BKG00007578,CUS0004516,2024-09-24,AGT,WOWBUS
BKG00007579,CUS0001947,2024-10-05,AGT,WOWBUS
BKG00007580,CUS0004819,2024-04-12,AGT,YOWRS
BKG00007581,CUS0004885,2025-09-30,MOB,FLXFST
BKG00007582,CUS0004993,2024-03-14,MOB,YOWRS
BKG00007583,CUS0000021,2023-11-12,OTA,WOWBUS
BKG00007584,CUS0000204,2024-12-31,GDS,YOWRS
BKG00007585,CUS0001308,2023-11-24,MOB,FLXFST
BKG00007586,CUS0000346,2024-11-25,WEB,BSSAVE
BKG00007587,CUS0001191,2024-06-02,CTR,WOWBUS
BKG00007588,CUS0003796,2025-10-23,GDS,CLXBUS
BKG00007589,CUS0001490,2023-07-27,GDS,YOWUS
BKG00007590,CUS0002586,2025-08-07,OTA,CLXSAV
BKG00007591,CUS0004023,2024-04-02,AGT,GRPECO
BKG00007592,CUS0001365,2023-08-06,CTR,BSSAVE
BKG00007593,CUS0000510,2024-02-01,GDS,WOWBUS
BKG00007594,CUS0001235,2024-01-29,MOB,YOWUS
BKG00007595,CUS0000649,2024-04-11,MOB,FLXFST
BKG00007596,CUS0004727,2025-04-07,CTR,YOWUS
BKG00007597,CUS0002385,2026-04-27,OTA,FLXFST
BKG00007598,CUS0003434,2025-06-06,OTA,CLXSAV
BKG00007599,CUS0001126,2025-12-18,AGT,CLXBUS
BKG00007600,CUS0004023,2025-02-19,GDS,YOWUS
BKG00007601,CUS0004652,2024-09-09,GDS,YOWUS
BKG00007602,CUS0003495,2024-07-11,OTA,GRPECO
BKG00007603,CUS0001275,2024-04-03,AGT,CLXBUS
BKG00007604,CUS0002807,2026-01-16,MOB,CLXSAV
BKG00007605,CUS0003777,2026-04-16,MOB,GRPECO
BKG00007606,CUS0004507,2026-01-28,GDS,CLXBUS
BKG00007607,CUS0003845,2023-10-15,GDS,CLXBUS
BKG00007608,CUS0000116,2024-02-19,GDS,YOWUS
BKG00007609,CUS0004965,2023-06-03,OTA,FLXFST
BKG00007610,CUS0002606,2025-11-21,GDS,GRPECO
BKG00007611,CUS0003754,2026-02-20,WEB,FLXFST
BKG00007612,CUS0000708,2023-12-07,MOB,GRPECO
BKG00007613,CUS0001255,2024-05-11,CTR,CLXBUS
BKG00007614,CUS0001271,2026-04-03,GDS,YOWUS
BKG00007615,CUS0004905,2025-04-22,MOB,BSSAVE
BKG00007616,CUS0003286,2023-11-15,AGT,YOWRS
BKG00007617,CUS0003094,2025-06-17,OTA,YOWRS
BKG00007618,CUS0003585,2023-08-06,WEB,YOWUS
BKG00007619,CUS0002799,2024-04-29,MOB,GRPECO
BKG00007620,CUS0000611,2024-12-11,AGT,FLXFST
BKG00007621,CUS0000273,2024-08-05,OTA,FLXFST
BKG00007622,CUS0003259,2025-08-01,CTR,YOWUS
BKG00007623,CUS0001649,2023-06-04,WEB,FLXFST
BKG00007624,CUS0003097,2025-06-12,OTA,GRPECO
BKG00007625,CUS0004729,2023-09-12,OTA,YOWRS
BKG00007626,CUS0001183,2025-11-11,GDS,WOWBUS
BKG00007627,CUS0001010,2026-01-19,MOB,CLXBUS
BKG00007628,CUS0001094,2025-12-01,CTR,CLXSAV
BKG00007629,CUS0001952,2024-05-23,OTA,CLXBUS
BKG00007630,CUS0000682,2023-11-30,GDS,YOWUS
BKG00007631,CUS0000695,2026-01-12,CTR,YOWRS
BKG00007632,CUS0004558,2025-01-31,AGT,CLXBUS
BKG00007633,CUS0004557,2024-06-26,WEB,GRPECO
BKG00007634,CUS0000023,2023-08-25,AGT,YOWRS
BKG00007635,CUS0003861,2025-06-07,WEB,FLXFST
BKG00007636,CUS0003981,2025-01-09,WEB,CLXSAV
BKG00007637,CUS0001398,2023-07-08,WEB,GRPECO
BKG00007638,CUS0003829,2023-09-18,AGT,YOWRS
BKG00007639,CUS0000450,2024-10-01,GDS,CLXBUS
BKG00007640,CUS0000477,2026-04-12,OTA,WOWBUS
BKG00007641,CUS0001843,2023-07-26,GDS,CLXSAV
BKG00007642,CUS0003627,2023-06-29,CTR,FLXFST
BKG00007643,CUS0003712,2024-09-11,AGT,BSSAVE
BKG00007644,CUS0002406,2026-03-06,GDS,YOWRS
BKG00007645,CUS0000440,2024-04-29,OTA,YOWRS
BKG00007646,CUS0000751,2025-08-15,WEB,YOWUS
BKG00007647,CUS0000420,2024-12-09,AGT,GRPECO
BKG00007648,CUS0000418,2024-03-01,WEB,GRPECO
BKG00007649,CUS0004549,2025-08-08,AGT,CLXSAV
BKG00007650,CUS0000231,2025-03-06,AGT,BSSAVE
BKG00007651,CUS0000097,2025-11-19,OTA,YOWUS
BKG00007652,CUS0001218,2023-10-07,OTA,CLXBUS
BKG00007653,CUS0004632,2024-07-10,GDS,BSSAVE
BKG00007654,CUS0001882,2023-11-13,AGT,BSSAVE
BKG00007655,CUS0000269,2024-04-12,WEB,YOWUS
BKG00007656,CUS0001411,2023-12-20,CTR,GRPECO
BKG00007657,CUS0002986,2026-04-28,CTR,GRPECO
BKG00007658,CUS0002204,2026-04-15,AGT,GRPECO
BKG00007659,CUS0002735,2025-06-15,AGT,WOWBUS
BKG00007660,CUS0004909,2023-07-03,GDS,CLXSAV
BKG00007661,CUS0004875,2024-09-08,AGT,GRPECO
BKG00007662,CUS0002534,2024-06-09,OTA,BSSAVE
BKG00007663,CUS0002839,2025-12-09,MOB,FLXFST
BKG00007664,CUS0002113,2023-11-02,AGT,BSSAVE
BKG00007665,CUS0000461,2025-04-04,OTA,YOWRS
BKG00007666,CUS0003314,2025-11-17,OTA,YOWRS
BKG00007667,CUS0002861,2025-10-01,AGT,WOWBUS
BKG00007668,CUS0003612,2024-03-11,OTA,YOWUS
BKG00007669,CUS0003002,2023-07-24,WEB,WOWBUS
BKG00007670,CUS0001953,2024-03-12,GDS,WOWBUS
BKG00007671,CUS0003639,2023-12-12,GDS,FLXFST
BKG00007672,CUS0004698,2024-04-10,AGT,GRPECO
BKG00007673,CUS0003108,2023-11-01,CTR,YOWRS
BKG00007674,CUS0003087,2023-12-01,WEB,CLXSAV
BKG00007675,CUS0002814,2023-08-07,GDS,YOWRS
BKG00007676,CUS0003751,2026-01-19,OTA,YOWUS
BKG00007677,CUS0002976,2024-04-08,CTR,CLXBUS
BKG00007678,CUS0003203,2025-07-24,CTR,YOWRS
BKG00007679,CUS0002254,2025-05-26,OTA,YOWUS
BKG00007680,CUS0004224,2025-08-30,WEB,WOWBUS
BKG00007681,CUS0002765,2025-10-05,CTR,FLXFST
BKG00007682,CUS0001401,2023-10-10,OTA,YOWUS
BKG00007683,CUS0002913,2024-02-29,GDS,CLXBUS
BKG00007684,CUS0002176,2026-05-24,OTA,YOWUS
BKG00007685,CUS0004628,2025-10-29,CTR,FLXFST
BKG00007686,CUS0001713,2024-12-08,MOB,CLXBUS
BKG00007687,CUS0003063,2025-01-19,MOB,CLXSAV
BKG00007688,CUS0001191,2024-09-24,GDS,YOWRS
BKG00007689,CUS0000797,2026-04-27,WEB,YOWRS
BKG00007690,CUS0000465,2025-01-20,AGT,CLXSAV
BKG00007691,CUS0000581,2024-04-04,CTR,CLXBUS
BKG00007692,CUS0003362,2024-12-12,AGT,FLXFST
BKG00007693,CUS0004192,2025-11-14,CTR,CLXSAV
BKG00007694,CUS0004887,2025-06-20,MOB,BSSAVE
BKG00007695,CUS0000626,2024-01-15,MOB,CLXSAV
BKG00007696,CUS0004726,2025-11-10,GDS,YOWRS
BKG00007697,CUS0004097,2024-04-19,AGT,WOWBUS
BKG00007698,CUS0000429,2026-04-22,AGT,GRPECO
BKG00007699,CUS0001627,2023-09-12,AGT,CLXBUS
BKG00007700,CUS0004358,2024-03-04,WEB,YOWUS
BKG00007701,CUS0001280,2026-03-11,MOB,FLXFST
BKG00007702,CUS0002169,2024-03-15,MOB,CLXSAV
BKG00007703,CUS0004058,2025-03-11,AGT,BSSAVE
BKG00007704,CUS0000071,2025-07-20,OTA,CLXSAV
BKG00007705,CUS0002429,2025-11-28,CTR,BSSAVE
BKG00007706,CUS0004706,2024-03-04,CTR,GRPECO
BKG00007707,CUS0004490,2026-01-16,WEB,BSSAVE
BKG00007708,CUS0000527,2025-06-13,OTA,GRPECO
BKG00007709,CUS0002093,2026-02-26,CTR,CLXBUS
BKG00007710,CUS0003661,2024-10-25,OTA,FLXFST
BKG00007711,CUS0000041,2025-03-24,OTA,BSSAVE
BKG00007712,CUS0004784,2025-11-17,MOB,GRPECO
BKG00007713,CUS0000850,2025-08-05,GDS,CLXBUS
BKG00007714,CUS0003887,2025-09-19,MOB,YOWRS
BKG00007715,CUS0002149,2025-02-02,GDS,YOWRS
BKG00007716,CUS0003753,2024-08-08,MOB,GRPECO
BKG00007717,CUS0002753,2025-06-19,CTR,YOWUS
BKG00007718,CUS0002224,2023-09-14,OTA,BSSAVE
BKG00007719,CUS0001483,2026-02-06,GDS,GRPECO
BKG00007720,CUS0003506,2024-08-05,CTR,GRPECO
BKG00007721,CUS0004831,2026-02-22,CTR,GRPECO
BKG00007722,CUS0003856,2025-12-07,OTA,CLXBUS
BKG00007723,CUS0002284,2024-06-23,OTA,CLXBUS
BKG00007724,CUS0003703,2025-12-20,OTA,YOWRS
BKG00007725,CUS0001931,2025-04-03,OTA,YOWUS
BKG00007726,CUS0000947,2024-08-02,CTR,BSSAVE
BKG00007727,CUS0004762,2025-01-20,AGT,WOWBUS
BKG00007728,CUS0003408,2025-10-25,WEB,CLXSAV
BKG00007729,CUS0004933,2024-02-04,GDS,BSSAVE
BKG00007730,CUS0003717,2024-06-15,OTA,YOWRS
BKG00007731,CUS0004764,2025-05-05,MOB,CLXBUS
BKG00007732,CUS0003088,2025-01-31,MOB,YOWUS
BKG00007733,CUS0000909,2023-07-01,MOB,CLXBUS
BKG00007734,CUS0004326,2023-10-13,OTA,CLXBUS
BKG00007735,CUS0003921,2025-07-05,CTR,WOWBUS
BKG00007736,CUS0003457,2026-01-02,AGT,CLXSAV
BKG00007737,CUS0003336,2024-09-11,WEB,YOWRS
BKG00007738,CUS0002951,2024-06-06,GDS,FLXFST
BKG00007739,CUS0001115,2024-07-06,AGT,BSSAVE
BKG00007740,CUS0001967,2024-05-08,WEB,GRPECO
BKG00007741,CUS0000232,2024-04-16,AGT,FLXFST
BKG00007742,CUS0002747,2025-07-01,CTR,CLXBUS
BKG00007743,CUS0004248,2025-09-05,WEB,CLXSAV
BKG00007744,CUS0001902,2023-06-17,WEB,FLXFST
BKG00007745,CUS0000288,2024-07-13,MOB,BSSAVE
BKG00007746,CUS0003683,2025-09-02,AGT,CLXBUS
BKG00007747,CUS0001977,2025-11-14,MOB,YOWUS
BKG00007748,CUS0001747,2023-05-27,GDS,BSSAVE
BKG00007749,CUS0004031,2025-04-18,WEB,FLXFST
BKG00007750,CUS0001327,2026-04-24,OTA,CLXBUS
BKG00007751,CUS0003741,2024-01-03,OTA,FLXFST
BKG00007752,CUS0001541,2025-12-04,WEB,YOWRS
BKG00007753,CUS0001066,2024-04-13,AGT,YOWRS
BKG00007754,CUS0001718,2023-11-08,CTR,YOWUS
BKG00007755,CUS0004027,2024-01-08,CTR,BSSAVE
BKG00007756,CUS0004568,2024-01-17,GDS,YOWUS
BKG00007757,CUS0003237,2025-07-12,GDS,YOWRS
BKG00007758,CUS0002613,2025-01-10,AGT,CLXBUS
BKG00007759,CUS0002841,2025-10-07,CTR,CLXSAV
BKG00007760,CUS0004208,2024-04-19,GDS,FLXFST
BKG00007761,CUS0001898,2024-09-24,OTA,FLXFST
BKG00007762,CUS0002672,2023-10-11,AGT,CLXBUS
BKG00007763,CUS0000655,2023-12-29,CTR,YOWUS
BKG00007764,CUS0001354,2023-06-02,AGT,BSSAVE
BKG00007765,CUS0002774,2026-02-19,MOB,YOWRS
BKG00007766,CUS0001404,2024-06-22,AGT,FLXFST
BKG00007767,CUS0003546,2026-04-12,CTR,YOWUS
BKG00007768,CUS0002590,2024-01-27,CTR,CLXBUS
BKG00007769,CUS0003196,2024-12-18,CTR,CLXBUS
BKG00007770,CUS0001439,2025-03-10,CTR,BSSAVE
BKG00007771,CUS0004364,2024-06-06,OTA,GRPECO
BKG00007772,CUS0000295,2024-09-05,OTA,BSSAVE
BKG00007773,CUS0000365,2024-09-05,MOB,YOWRS
BKG00007774,CUS0001805,2024-03-17,AGT,BSSAVE
BKG00007775,CUS0004427,2023-09-01,CTR,GRPECO
BKG00007776,CUS0000747,2024-03-05,AGT,BSSAVE
BKG00007777,CUS0001718,2023-11-26,AGT,BSSAVE
BKG00007778,CUS0000138,2026-05-22,MOB,FLXFST
BKG00007779,CUS0003127,2025-03-12,CTR,FLXFST
BKG00007780,CUS0002401,2026-05-22,MOB,GRPECO
BKG00007781,CUS0003937,2025-11-18,CTR,FLXFST
BKG00007782,CUS0001116,2023-07-04,GDS,CLXSAV
BKG00007783,CUS0001525,2025-11-21,GDS,BSSAVE
BKG00007784,CUS0004336,2023-08-26,GDS,FLXFST
BKG00007785,CUS0000239,2025-05-10,AGT,WOWBUS
BKG00007786,CUS0001226,2025-11-17,WEB,GRPECO
BKG00007787,CUS0003677,2024-03-25,CTR,WOWBUS
BKG00007788,CUS0002201,2025-11-12,GDS,YOWRS
BKG00007789,CUS0000060,2026-03-26,GDS,BSSAVE
BKG00007790,CUS0004399,2025-01-20,MOB,WOWBUS
BKG00007791,CUS0002179,2025-10-15,AGT,CLXSAV
BKG00007792,CUS0003017,2026-02-24,GDS,WOWBUS
BKG00007793,CUS0002803,2023-07-09,GDS,BSSAVE
BKG00007794,CUS0001581,2025-01-27,AGT,BSSAVE
BKG00007795,CUS0003711,2026-05-05,GDS,YOWUS
BKG00007796,CUS0000459,2026-02-02,OTA,CLXSAV
BKG00007797,CUS0001745,2025-09-17,OTA,CLXSAV
BKG00007798,CUS0004785,2026-03-19,GDS,WOWBUS
BKG00007799,CUS0000499,2024-01-18,MOB,GRPECO
BKG00007800,CUS0001808,2025-09-22,AGT,BSSAVE
BKG00007801,CUS0001395,2025-05-08,CTR,CLXSAV
BKG00007802,CUS0003672,2023-06-25,WEB,CLXBUS
BKG00007803,CUS0001338,2023-06-20,OTA,YOWUS
BKG00007804,CUS0001249,2026-05-06,OTA,CLXSAV
BKG00007805,CUS0002767,2025-06-10,OTA,FLXFST
BKG00007806,CUS0004270,2025-01-25,CTR,WOWBUS
BKG00007807,CUS0004742,2024-02-18,GDS,GRPECO
BKG00007808,CUS0000317,2024-10-22,OTA,YOWRS
BKG00007809,CUS0000852,2025-11-06,GDS,GRPECO
BKG00007810,CUS0004571,2025-12-29,CTR,YOWRS
BKG00007811,CUS0002947,2025-02-16,CTR,FLXFST
BKG00007812,CUS0002339,2024-02-27,GDS,GRPECO
BKG00007813,CUS0001908,2023-11-08,CTR,FLXFST
BKG00007814,CUS0002813,2024-08-01,GDS,YOWUS
BKG00007815,CUS0002434,2025-12-12,OTA,CLXBUS
BKG00007816,CUS0003533,2024-02-29,GDS,WOWBUS
BKG00007817,CUS0001698,2025-01-13,MOB,BSSAVE
BKG00007818,CUS0000578,2023-09-25,AGT,BSSAVE
BKG00007819,CUS0002322,2026-05-05,CTR,CLXSAV
BKG00007820,CUS0002886,2024-08-07,CTR,GRPECO
BKG00007821,CUS0003586,2024-02-03,WEB,YOWUS
BKG00007822,CUS0003468,2024-11-29,MOB,WOWBUS
BKG00007823,CUS0002145,2023-09-02,OTA,CLXBUS
BKG00007824,CUS0001308,2025-12-17,GDS,CLXBUS
BKG00007825,CUS0000261,2024-08-15,GDS,FLXFST
BKG00007826,CUS0000197,2026-02-28,AGT,CLXSAV
BKG00007827,CUS0001691,2025-07-27,WEB,YOWRS
BKG00007828,CUS0001055,2025-02-22,AGT,YOWUS
BKG00007829,CUS0001847,2026-04-28,MOB,YOWUS
BKG00007830,CUS0000962,2025-06-29,MOB,GRPECO
BKG00007831,CUS0000747,2024-10-31,GDS,BSSAVE
BKG00007832,CUS0004459,2025-01-08,MOB,WOWBUS
BKG00007833,CUS0002916,2026-04-13,GDS,YOWUS
BKG00007834,CUS0002626,2025-09-09,CTR,YOWRS
BKG00007835,CUS0000313,2024-04-20,CTR,YOWUS
BKG00007836,CUS0000959,2025-01-31,OTA,WOWBUS
BKG00007837,CUS0001694,2024-04-07,GDS,CLXBUS
BKG00007838,CUS0001620,2024-04-04,OTA,FLXFST
BKG00007839,CUS0003756,2024-06-15,WEB,BSSAVE
BKG00007840,CUS0003686,2023-10-04,GDS,BSSAVE
BKG00007841,CUS0004191,2025-12-05,GDS,YOWRS
BKG00007842,CUS0002612,2026-05-14,GDS,CLXSAV
BKG00007843,CUS0004982,2026-04-22,GDS,CLXSAV
BKG00007844,CUS0003791,2024-06-14,AGT,CLXBUS
BKG00007845,CUS0002896,2024-04-01,GDS,CLXSAV
BKG00007846,CUS0004656,2024-05-31,OTA,CLXSAV
BKG00007847,CUS0003014,2025-09-11,WEB,CLXSAV
BKG00007848,CUS0002656,2024-02-20,AGT,WOWBUS
BKG00007849,CUS0003169,2026-03-26,MOB,YOWRS
BKG00007850,CUS0003630,2024-08-31,WEB,CLXBUS
BKG00007851,CUS0004211,2025-01-04,OTA,CLXBUS
BKG00007852,CUS0000609,2025-01-12,CTR,WOWBUS
BKG00007853,CUS0002827,2023-07-07,MOB,CLXSAV
BKG00007854,CUS0001074,2025-12-25,AGT,CLXSAV
BKG00007855,CUS0001175,2024-03-18,WEB,GRPECO
BKG00007856,CUS0004339,2025-06-18,AGT,BSSAVE
BKG00007857,CUS0000609,2024-06-06,GDS,CLXSAV
BKG00007858,CUS0000789,2023-12-19,WEB,BSSAVE
BKG00007859,CUS0000759,2025-09-29,OTA,CLXSAV
BKG00007860,CUS0004026,2024-02-02,OTA,CLXBUS
BKG00007861,CUS0002619,2023-08-25,MOB,YOWUS
BKG00007862,CUS0001676,2026-03-15,WEB,BSSAVE
BKG00007863,CUS0003880,2023-11-18,AGT,FLXFST
BKG00007864,CUS0002147,2024-09-29,GDS,WOWBUS
BKG00007865,CUS0000211,2024-11-19,CTR,BSSAVE
BKG00007866,CUS0002460,2026-05-01,WEB,WOWBUS
BKG00007867,CUS0002969,2023-08-09,AGT,WOWBUS
BKG00007868,CUS0001412,2025-04-02,AGT,YOWRS
BKG00007869,CUS0001381,2025-07-07,AGT,CLXBUS
BKG00007870,CUS0002341,2024-11-24,WEB,BSSAVE
BKG00007871,CUS0004774,2026-02-27,MOB,FLXFST
BKG00007872,CUS0001914,2024-02-08,OTA,YOWUS
BKG00007873,CUS0004718,2023-06-23,OTA,YOWRS
BKG00007874,CUS0001443,2023-11-26,AGT,YOWRS
BKG00007875,CUS0004520,2025-08-21,WEB,CLXSAV
BKG00007876,CUS0001350,2025-03-02,OTA,GRPECO
BKG00007877,CUS0004684,2023-07-24,OTA,YOWUS
BKG00007878,CUS0000221,2024-05-29,OTA,GRPECO
BKG00007879,CUS0004979,2026-03-08,OTA,YOWRS
BKG00007880,CUS0001117,2024-01-03,AGT,WOWBUS
BKG00007881,CUS0001261,2023-11-17,OTA,CLXBUS
BKG00007882,CUS0003332,2024-09-09,WEB,YOWRS
BKG00007883,CUS0004536,2024-09-14,CTR,YOWRS
BKG00007884,CUS0000933,2025-02-06,MOB,CLXBUS
BKG00007885,CUS0001911,2024-10-01,OTA,CLXSAV
BKG00007886,CUS0003875,2024-06-26,WEB,WOWBUS
BKG00007887,CUS0001756,2024-08-05,CTR,FLXFST
BKG00007888,CUS0001441,2025-12-21,GDS,FLXFST
BKG00007889,CUS0004480,2025-12-13,GDS,YOWRS
BKG00007890,CUS0001521,2025-08-26,GDS,WOWBUS
BKG00007891,CUS0002379,2025-01-25,MOB,YOWRS
BKG00007892,CUS0000955,2025-12-01,MOB,YOWUS
BKG00007893,CUS0001356,2023-07-16,CTR,YOWRS
BKG00007894,CUS0001670,2026-04-30,CTR,YOWRS
BKG00007895,CUS0001834,2025-01-21,WEB,YOWRS
BKG00007896,CUS0002376,2024-11-05,CTR,CLXBUS
BKG00007897,CUS0004592,2024-02-06,WEB,BSSAVE
BKG00007898,CUS0004307,2024-02-09,CTR,YOWUS
BKG00007899,CUS0004556,2025-05-28,CTR,YOWRS
BKG00007900,CUS0004739,2024-01-30,GDS,FLXFST
BKG00007901,CUS0002475,2023-08-21,OTA,BSSAVE
BKG00007902,CUS0001543,2024-09-07,WEB,YOWRS
BKG00007903,CUS0004717,2024-06-10,CTR,YOWUS
BKG00007904,CUS0004204,2025-08-18,MOB,YOWRS
BKG00007905,CUS0001778,2026-03-23,MOB,CLXSAV
BKG00007906,CUS0003216,2023-09-20,CTR,WOWBUS
BKG00007907,CUS0000771,2024-08-22,GDS,BSSAVE
BKG00007908,CUS0001913,2023-10-10,GDS,FLXFST
BKG00007909,CUS0004007,2024-01-14,WEB,CLXBUS
BKG00007910,CUS0000567,2023-09-04,GDS,YOWRS
BKG00007911,CUS0000093,2024-07-29,AGT,WOWBUS
BKG00007912,CUS0004489,2024-12-10,CTR,YOWRS
BKG00007913,CUS0000944,2024-10-25,CTR,GRPECO
BKG00007914,CUS0002381,2025-03-08,WEB,CLXSAV
BKG00007915,CUS0000248,2025-03-02,WEB,WOWBUS
BKG00007916,CUS0001688,2024-08-18,MOB,YOWUS
BKG00007917,CUS0002040,2024-07-27,OTA,CLXBUS
BKG00007918,CUS0004854,2024-12-08,OTA,FLXFST
BKG00007919,CUS0000228,2025-06-01,GDS,YOWRS
BKG00007920,CUS0002098,2026-03-31,CTR,GRPECO
BKG00007921,CUS0003202,2025-05-06,OTA,YOWUS
BKG00007922,CUS0004063,2024-01-12,GDS,CLXSAV
BKG00007923,CUS0001258,2023-08-08,OTA,GRPECO
BKG00007924,CUS0001246,2023-05-30,MOB,YOWRS
BKG00007925,CUS0003092,2025-10-03,AGT,WOWBUS
BKG00007926,CUS0000964,2023-06-27,GDS,YOWUS
BKG00007927,CUS0001605,2024-12-25,AGT,GRPECO
BKG00007928,CUS0004128,2023-06-21,AGT,YOWRS
BKG00007929,CUS0000761,2026-03-22,AGT,YOWUS
BKG00007930,CUS0002585,2025-08-02,AGT,GRPECO
BKG00007931,CUS0000254,2023-08-01,MOB,FLXFST
BKG00007932,CUS0001686,2024-07-02,WEB,FLXFST
BKG00007933,CUS0003269,2024-11-27,GDS,YOWUS
BKG00007934,CUS0000112,2025-09-03,OTA,CLXBUS
BKG00007935,CUS0003299,2026-01-19,CTR,FLXFST
BKG00007936,CUS0003254,2024-12-02,AGT,WOWBUS
BKG00007937,CUS0001122,2024-07-28,MOB,WOWBUS
BKG00007938,CUS0003779,2024-01-17,WEB,YOWUS
BKG00007939,CUS0004040,2025-07-12,WEB,CLXSAV
BKG00007940,CUS0004284,2024-10-27,WEB,YOWUS
BKG00007941,CUS0004752,2024-03-03,GDS,YOWRS
BKG00007942,CUS0002248,2024-04-20,AGT,YOWUS
BKG00007943,CUS0004583,2023-10-16,GDS,WOWBUS
BKG00007944,CUS0002046,2024-10-11,MOB,WOWBUS
BKG00007945,CUS0002444,2025-09-08,MOB,YOWUS
BKG00007946,CUS0003328,2025-11-27,OTA,GRPECO
BKG00007947,CUS0002402,2025-12-24,OTA,WOWBUS
BKG00007948,CUS0001402,2025-08-10,MOB,GRPECO
BKG00007949,CUS0002745,2024-03-21,CTR,YOWUS
BKG00007950,CUS0004734,2026-04-05,GDS,BSSAVE
BKG00007951,CUS0001165,2023-12-17,CTR,CLXSAV
BKG00007952,CUS0004438,2024-01-03,AGT,BSSAVE
BKG00007953,CUS0003063,2024-09-02,CTR,CLXSAV
BKG00007954,CUS0002248,2024-02-02,OTA,CLXSAV
BKG00007955,CUS0000923,2025-09-26,MOB,YOWRS
BKG00007956,CUS0004720,2024-06-29,GDS,YOWUS
BKG00007957,CUS0001760,2025-12-02,OTA,BSSAVE
BKG00007958,CUS0001927,2025-04-08,GDS,GRPECO
BKG00007959,CUS0004446,2024-04-15,CTR,WOWBUS
BKG00007960,CUS0004488,2025-09-04,AGT,GRPECO
BKG00007961,CUS0001602,2025-01-20,GDS,WOWBUS
BKG00007962,CUS0001191,2025-03-05,MOB,YOWUS
BKG00007963,CUS0000267,2025-01-31,OTA,WOWBUS
BKG00007964,CUS0003369,2023-09-01,OTA,GRPECO
BKG00007965,CUS0002983,2025-02-27,CTR,CLXBUS
BKG00007966,CUS0003386,2023-07-11,GDS,CLXBUS
BKG00007967,CUS0004238,2023-09-19,GDS,GRPECO
BKG00007968,CUS0002178,2023-07-13,WEB,FLXFST
BKG00007969,CUS0001892,2025-05-21,GDS,YOWRS
BKG00007970,CUS0001068,2026-01-12,WEB,FLXFST
BKG00007971,CUS0001868,2024-09-18,WEB,GRPECO
BKG00007972,CUS0002728,2026-04-10,OTA,BSSAVE
BKG00007973,CUS0004712,2024-11-09,GDS,GRPECO
BKG00007974,CUS0003274,2023-06-08,WEB,YOWRS
BKG00007975,CUS0002132,2026-01-04,OTA,CLXBUS
BKG00007976,CUS0000040,2026-02-23,CTR,YOWRS
BKG00007977,CUS0000909,2025-09-17,AGT,CLXBUS
BKG00007978,CUS0002074,2024-11-23,WEB,CLXSAV
BKG00007979,CUS0003600,2024-06-30,MOB,YOWRS
BKG00007980,CUS0002553,2026-01-17,AGT,WOWBUS
BKG00007981,CUS0003107,2025-11-20,WEB,YOWRS
BKG00007982,CUS0003393,2023-10-10,CTR,FLXFST
BKG00007983,CUS0000969,2024-12-03,WEB,CLXBUS
BKG00007984,CUS0003168,2025-05-26,WEB,WOWBUS
BKG00007985,CUS0003073,2026-01-04,WEB,YOWRS
BKG00007986,CUS0004231,2024-12-01,CTR,BSSAVE
BKG00007987,CUS0003275,2025-02-12,AGT,YOWUS
BKG00007988,CUS0002727,2023-09-01,OTA,CLXSAV
BKG00007989,CUS0002209,2025-10-24,GDS,CLXSAV
BKG00007990,CUS0002116,2024-10-08,MOB,FLXFST
BKG00007991,CUS0004103,2025-05-24,MOB,FLXFST
BKG00007992,CUS0004150,2024-03-07,OTA,WOWBUS
BKG00007993,CUS0004095,2023-11-07,GDS,YOWRS
BKG00007994,CUS0002187,2026-05-09,WEB,WOWBUS
BKG00007995,CUS0002377,2025-06-12,AGT,CLXBUS
BKG00007996,CUS0002579,2025-08-08,OTA,CLXSAV
BKG00007997,CUS0004642,2025-12-21,OTA,FLXFST
BKG00007998,CUS0003474,2024-07-12,WEB,YOWUS
BKG00007999,CUS0001892,2023-06-02,WEB,YOWRS
BKG00008000,CUS0000760,2024-01-21,CTR,FLXFST
BKG00008001,CUS0001128,2024-12-28,MOB,GRPECO
BKG00008002,CUS0001228,2026-05-04,MOB,FLXFST
BKG00008003,CUS0004810,2025-02-04,GDS,CLXBUS
BKG00008004,CUS0001030,2026-03-19,AGT,YOWRS
BKG00008005,CUS0003646,2025-06-23,AGT,WOWBUS
BKG00008006,CUS0003200,2026-04-22,CTR,WOWBUS
BKG00008007,CUS0004384,2025-02-11,OTA,YOWUS
BKG00008008,CUS0004759,2024-09-22,OTA,GRPECO
BKG00008009,CUS0000176,2024-07-30,CTR,WOWBUS
BKG00008010,CUS0002119,2024-05-09,WEB,YOWRS
BKG00008011,CUS0003330,2025-08-15,AGT,CLXSAV
BKG00008012,CUS0000272,2025-07-18,CTR,YOWRS
BKG00008013,CUS0000571,2024-10-14,MOB,FLXFST
BKG00008014,CUS0002127,2024-03-14,WEB,WOWBUS
BKG00008015,CUS0002254,2025-07-21,CTR,CLXBUS
BKG00008016,CUS0004604,2023-07-23,OTA,WOWBUS
BKG00008017,CUS0003882,2024-10-06,GDS,YOWUS
BKG00008018,CUS0000128,2024-04-01,AGT,FLXFST
BKG00008019,CUS0001415,2024-04-03,GDS,CLXSAV
BKG00008020,CUS0004722,2024-07-05,OTA,YOWRS
BKG00008021,CUS0002498,2024-04-20,MOB,CLXSAV
BKG00008022,CUS0002090,2024-01-18,OTA,FLXFST
BKG00008023,CUS0003505,2024-12-28,CTR,CLXSAV
BKG00008024,CUS0002406,2024-10-30,MOB,YOWRS
BKG00008025,CUS0003900,2026-02-23,AGT,CLXSAV
BKG00008026,CUS0003565,2025-07-17,MOB,GRPECO
BKG00008027,CUS0002809,2025-10-02,MOB,YOWUS
BKG00008028,CUS0000099,2024-03-10,WEB,FLXFST
BKG00008029,CUS0000548,2025-05-30,AGT,GRPECO
BKG00008030,CUS0001677,2025-02-17,OTA,CLXBUS
BKG00008031,CUS0003777,2025-07-19,CTR,CLXBUS
BKG00008032,CUS0002613,2025-08-31,CTR,BSSAVE
BKG00008033,CUS0001919,2023-12-03,OTA,YOWRS
BKG00008034,CUS0003353,2024-11-20,AGT,WOWBUS
BKG00008035,CUS0004513,2023-06-13,MOB,BSSAVE
BKG00008036,CUS0003462,2026-01-31,OTA,GRPECO
BKG00008037,CUS0000747,2025-08-29,AGT,YOWUS
BKG00008038,CUS0000435,2025-07-11,WEB,GRPECO
BKG00008039,CUS0000105,2024-11-26,GDS,YOWRS
BKG00008040,CUS0001028,2023-08-11,AGT,CLXBUS
BKG00008041,CUS0002768,2023-08-06,GDS,FLXFST
BKG00008042,CUS0000614,2024-02-07,AGT,WOWBUS
BKG00008043,CUS0000336,2025-12-11,OTA,CLXBUS
BKG00008044,CUS0004583,2026-01-12,OTA,YOWRS
BKG00008045,CUS0002363,2026-01-10,MOB,WOWBUS
BKG00008046,CUS0002568,2023-08-15,AGT,CLXSAV
BKG00008047,CUS0001227,2025-06-16,CTR,WOWBUS
BKG00008048,CUS0001748,2025-04-18,GDS,BSSAVE
BKG00008049,CUS0004382,2025-03-01,GDS,CLXSAV
BKG00008050,CUS0003321,2024-11-24,AGT,GRPECO
BKG00008051,CUS0004701,2025-09-10,CTR,YOWRS
BKG00008052,CUS0001705,2023-12-27,WEB,BSSAVE
BKG00008053,CUS0003397,2025-08-31,OTA,FLXFST
BKG00008054,CUS0002244,2023-08-14,AGT,GRPECO
BKG00008055,CUS0003870,2026-02-13,WEB,YOWRS
BKG00008056,CUS0002799,2025-05-08,CTR,BSSAVE
BKG00008057,CUS0000531,2024-01-06,CTR,GRPECO
BKG00008058,CUS0000308,2025-07-09,AGT,CLXBUS
BKG00008059,CUS0000598,2024-06-03,AGT,YOWUS
BKG00008060,CUS0003995,2024-12-23,AGT,YOWRS
BKG00008061,CUS0000951,2025-09-16,GDS,YOWRS
BKG00008062,CUS0000624,2025-03-25,OTA,FLXFST
BKG00008063,CUS0002112,2025-04-10,OTA,FLXFST
BKG00008064,CUS0000670,2024-08-30,WEB,WOWBUS
BKG00008065,CUS0000495,2023-12-30,CTR,GRPECO
BKG00008066,CUS0002976,2025-08-04,OTA,BSSAVE
BKG00008067,CUS0002474,2023-07-18,GDS,WOWBUS
BKG00008068,CUS0004229,2024-11-02,CTR,CLXSAV
BKG00008069,CUS0001514,2025-08-13,MOB,GRPECO
BKG00008070,CUS0003956,2025-08-19,OTA,GRPECO
BKG00008071,CUS0003756,2025-03-30,WEB,YOWUS
BKG00008072,CUS0003841,2025-10-21,CTR,YOWRS
BKG00008073,CUS0001205,2023-11-05,OTA,WOWBUS
BKG00008074,CUS0001414,2024-10-22,OTA,YOWRS
BKG00008075,CUS0001285,2023-07-13,WEB,YOWUS
BKG00008076,CUS0004511,2024-03-19,MOB,BSSAVE
BKG00008077,CUS0003328,2023-05-30,GDS,YOWUS
BKG00008078,CUS0003352,2025-10-23,AGT,FLXFST
BKG00008079,CUS0003375,2023-10-07,AGT,YOWUS
BKG00008080,CUS0001216,2026-01-22,CTR,FLXFST
BKG00008081,CUS0002954,2024-05-25,AGT,WOWBUS
BKG00008082,CUS0004500,2025-05-23,MOB,CLXSAV
BKG00008083,CUS0003764,2023-09-30,WEB,FLXFST
BKG00008084,CUS0002519,2024-02-09,GDS,BSSAVE
BKG00008085,CUS0000889,2025-08-31,AGT,YOWUS
BKG00008086,CUS0000114,2024-05-29,MOB,GRPECO
BKG00008087,CUS0000079,2025-06-28,AGT,YOWUS
BKG00008088,CUS0003662,2025-12-24,WEB,WOWBUS
BKG00008089,CUS0003993,2023-07-23,CTR,YOWUS
BKG00008090,CUS0004324,2023-08-02,AGT,FLXFST
BKG00008091,CUS0003561,2023-06-25,CTR,WOWBUS
BKG00008092,CUS0001346,2024-01-13,WEB,GRPECO
BKG00008093,CUS0000288,2025-06-23,CTR,WOWBUS
BKG00008094,CUS0002237,2024-03-12,CTR,CLXBUS
BKG00008095,CUS0004865,2025-03-21,MOB,FLXFST
BKG00008096,CUS0004029,2024-05-06,AGT,CLXBUS
BKG00008097,CUS0004431,2025-05-10,GDS,FLXFST
BKG00008098,CUS0001442,2026-02-04,CTR,FLXFST
BKG00008099,CUS0002848,2025-12-02,WEB,GRPECO
BKG00008100,CUS0002347,2024-05-04,AGT,CLXBUS
BKG00008101,CUS0002788,2024-11-06,GDS,CLXSAV
BKG00008102,CUS0003618,2026-04-27,MOB,FLXFST
BKG00008103,CUS0003858,2025-09-19,GDS,CLXSAV
BKG00008104,CUS0002263,2025-11-09,WEB,BSSAVE
BKG00008105,CUS0004114,2024-08-09,WEB,GRPECO
BKG00008106,CUS0004801,2024-06-16,OTA,GRPECO
BKG00008107,CUS0003905,2026-04-13,CTR,CLXSAV
BKG00008108,CUS0000029,2023-10-13,WEB,WOWBUS
BKG00008109,CUS0002518,2024-07-01,OTA,BSSAVE
BKG00008110,CUS0001222,2024-05-31,WEB,BSSAVE
BKG00008111,CUS0003584,2025-05-12,MOB,FLXFST
BKG00008112,CUS0001850,2024-01-19,WEB,WOWBUS
BKG00008113,CUS0001025,2024-10-28,AGT,FLXFST
BKG00008114,CUS0002095,2025-12-06,OTA,BSSAVE
BKG00008115,CUS0003042,2025-07-18,GDS,WOWBUS
BKG00008116,CUS0001979,2024-06-18,WEB,YOWUS
BKG00008117,CUS0003781,2025-11-13,OTA,YOWUS
BKG00008118,CUS0003122,2024-07-28,MOB,CLXSAV
BKG00008119,CUS0000709,2026-05-07,GDS,CLXSAV
BKG00008120,CUS0001202,2023-11-10,AGT,BSSAVE
BKG00008121,CUS0002227,2025-12-01,GDS,FLXFST
BKG00008122,CUS0003921,2023-12-28,OTA,YOWRS
BKG00008123,CUS0001026,2023-12-19,OTA,WOWBUS
BKG00008124,CUS0003951,2025-07-24,AGT,YOWUS
BKG00008125,CUS0000507,2025-10-20,AGT,CLXSAV
BKG00008126,CUS0001720,2024-01-01,GDS,FLXFST
BKG00008127,CUS0004920,2025-09-18,MOB,WOWBUS
BKG00008128,CUS0001115,2026-03-27,GDS,FLXFST
BKG00008129,CUS0001889,2024-10-24,MOB,CLXBUS
BKG00008130,CUS0001062,2023-07-13,MOB,CLXSAV
BKG00008131,CUS0003279,2024-02-20,MOB,WOWBUS
BKG00008132,CUS0003813,2025-06-08,MOB,WOWBUS
BKG00008133,CUS0004074,2024-07-25,AGT,BSSAVE
BKG00008134,CUS0001526,2026-04-30,OTA,WOWBUS
BKG00008135,CUS0000836,2025-12-05,WEB,WOWBUS
BKG00008136,CUS0001880,2024-07-05,AGT,GRPECO
BKG00008137,CUS0000436,2023-08-13,WEB,CLXBUS
BKG00008138,CUS0001168,2025-02-24,AGT,WOWBUS
BKG00008139,CUS0002057,2026-05-22,WEB,WOWBUS
BKG00008140,CUS0003652,2023-07-13,WEB,CLXBUS
BKG00008141,CUS0001619,2025-01-23,MOB,WOWBUS
BKG00008142,CUS0001611,2025-04-20,AGT,YOWRS
BKG00008143,CUS0004403,2025-08-14,CTR,WOWBUS
BKG00008144,CUS0004370,2024-05-26,OTA,CLXSAV
BKG00008145,CUS0003266,2025-05-13,AGT,YOWRS
BKG00008146,CUS0001048,2023-08-01,OTA,GRPECO
BKG00008147,CUS0004485,2024-05-11,AGT,YOWUS
BKG00008148,CUS0002207,2026-01-09,GDS,WOWBUS
BKG00008149,CUS0003604,2024-03-27,WEB,CLXSAV
BKG00008150,CUS0000932,2025-12-24,GDS,FLXFST
BKG00008151,CUS0004681,2025-01-12,AGT,FLXFST
BKG00008152,CUS0004427,2025-10-04,WEB,FLXFST
BKG00008153,CUS0002424,2025-06-28,OTA,CLXSAV
BKG00008154,CUS0002517,2025-02-28,OTA,BSSAVE
BKG00008155,CUS0000786,2025-05-05,OTA,GRPECO
BKG00008156,CUS0004419,2023-10-24,MOB,GRPECO
BKG00008157,CUS0001289,2024-02-19,GDS,CLXBUS
BKG00008158,CUS0000247,2024-01-07,OTA,WOWBUS
BKG00008159,CUS0001192,2024-03-20,AGT,GRPECO
BKG00008160,CUS0001624,2025-05-04,AGT,FLXFST
BKG00008161,CUS0004280,2024-05-10,CTR,CLXSAV
BKG00008162,CUS0001673,2025-10-31,OTA,BSSAVE
BKG00008163,CUS0004311,2023-12-26,CTR,WOWBUS
BKG00008164,CUS0004688,2024-01-25,WEB,WOWBUS
BKG00008165,CUS0004942,2023-07-20,GDS,GRPECO
BKG00008166,CUS0004243,2024-04-13,MOB,WOWBUS
BKG00008167,CUS0000658,2026-02-08,AGT,CLXSAV
BKG00008168,CUS0000188,2023-08-18,MOB,BSSAVE
BKG00008169,CUS0000775,2025-05-19,CTR,CLXSAV
BKG00008170,CUS0004765,2024-12-24,AGT,FLXFST
BKG00008171,CUS0002830,2023-06-30,OTA,YOWRS
BKG00008172,CUS0000245,2026-02-15,MOB,CLXSAV
BKG00008173,CUS0000096,2024-12-09,GDS,FLXFST
BKG00008174,CUS0003559,2025-06-03,AGT,FLXFST
BKG00008175,CUS0000302,2023-08-20,GDS,GRPECO
BKG00008176,CUS0001829,2023-12-19,OTA,GRPECO
BKG00008177,CUS0003421,2025-03-12,GDS,YOWRS
BKG00008178,CUS0002440,2025-03-17,CTR,FLXFST
BKG00008179,CUS0002021,2023-07-27,MOB,CLXSAV
BKG00008180,CUS0000730,2025-05-27,AGT,YOWUS
BKG00008181,CUS0001894,2025-10-18,CTR,CLXSAV
BKG00008182,CUS0001518,2023-07-21,OTA,BSSAVE
BKG00008183,CUS0003848,2024-02-16,GDS,BSSAVE
BKG00008184,CUS0001251,2026-01-04,WEB,CLXSAV
BKG00008185,CUS0002888,2025-08-14,CTR,FLXFST
BKG00008186,CUS0001983,2023-07-27,AGT,GRPECO
BKG00008187,CUS0002417,2025-05-09,MOB,FLXFST
BKG00008188,CUS0001867,2025-10-01,CTR,CLXBUS
BKG00008189,CUS0002760,2023-10-05,CTR,CLXBUS
BKG00008190,CUS0000060,2024-01-29,MOB,CLXSAV
BKG00008191,CUS0002625,2026-03-25,AGT,CLXBUS
BKG00008192,CUS0003398,2023-09-26,OTA,FLXFST
BKG00008193,CUS0003015,2025-02-03,MOB,YOWRS
BKG00008194,CUS0003850,2023-07-03,WEB,GRPECO
BKG00008195,CUS0001780,2024-09-13,WEB,YOWUS
BKG00008196,CUS0001226,2025-11-16,AGT,YOWRS
BKG00008197,CUS0000129,2023-07-24,AGT,BSSAVE
BKG00008198,CUS0003832,2023-12-04,MOB,FLXFST
BKG00008199,CUS0003081,2025-10-13,MOB,BSSAVE
BKG00008200,CUS0002875,2026-02-25,AGT,FLXFST
BKG00008201,CUS0003779,2025-11-20,MOB,BSSAVE
BKG00008202,CUS0001393,2024-02-03,AGT,WOWBUS
BKG00008203,CUS0002336,2025-03-04,CTR,GRPECO
BKG00008204,CUS0002195,2024-10-28,CTR,WOWBUS
BKG00008205,CUS0004903,2023-08-14,WEB,FLXFST
BKG00008206,CUS0003207,2023-07-20,WEB,YOWRS
BKG00008207,CUS0004754,2024-05-17,WEB,YOWUS
BKG00008208,CUS0004942,2026-01-19,WEB,CLXBUS
BKG00008209,CUS0004496,2025-10-16,CTR,FLXFST
BKG00008210,CUS0003247,2023-09-04,AGT,YOWUS
BKG00008211,CUS0003624,2024-12-07,MOB,BSSAVE
BKG00008212,CUS0003387,2025-01-04,OTA,CLXBUS
BKG00008213,CUS0003665,2025-09-19,CTR,WOWBUS
BKG00008214,CUS0003843,2024-03-28,CTR,CLXSAV
BKG00008215,CUS0002975,2024-09-16,AGT,CLXBUS
BKG00008216,CUS0000749,2024-04-08,GDS,FLXFST
BKG00008217,CUS0000478,2024-07-31,CTR,YOWUS
BKG00008218,CUS0004911,2025-04-23,MOB,GRPECO
BKG00008219,CUS0000793,2023-10-27,GDS,CLXBUS
BKG00008220,CUS0002997,2026-03-21,AGT,YOWRS
BKG00008221,CUS0000119,2023-11-24,OTA,CLXSAV
BKG00008222,CUS0004021,2024-04-11,MOB,CLXBUS
BKG00008223,CUS0003429,2024-09-25,GDS,CLXBUS
BKG00008224,CUS0002089,2026-03-04,GDS,WOWBUS
BKG00008225,CUS0001916,2023-11-09,CTR,GRPECO
BKG00008226,CUS0004499,2024-03-20,WEB,CLXSAV
BKG00008227,CUS0001072,2025-11-26,CTR,YOWUS
BKG00008228,CUS0002718,2024-11-23,GDS,FLXFST
BKG00008229,CUS0002825,2026-05-22,WEB,WOWBUS
BKG00008230,CUS0003625,2025-12-22,CTR,CLXBUS
BKG00008231,CUS0003682,2024-01-08,GDS,YOWRS
BKG00008232,CUS0004862,2025-06-27,CTR,WOWBUS
BKG00008233,CUS0003646,2024-07-01,OTA,WOWBUS
BKG00008234,CUS0002163,2025-01-09,OTA,YOWUS
BKG00008235,CUS0004967,2025-09-22,GDS,CLXSAV
BKG00008236,CUS0001756,2023-10-23,CTR,YOWUS
BKG00008237,CUS0003237,2025-03-11,MOB,CLXSAV
BKG00008238,CUS0000474,2024-01-15,MOB,WOWBUS
BKG00008239,CUS0000370,2023-05-31,CTR,FLXFST
BKG00008240,CUS0002298,2024-01-20,GDS,BSSAVE
BKG00008241,CUS0002173,2025-03-30,MOB,CLXBUS
BKG00008242,CUS0001903,2025-08-08,OTA,CLXBUS
BKG00008243,CUS0004329,2025-07-15,GDS,CLXSAV
BKG00008244,CUS0001449,2024-04-24,WEB,BSSAVE
BKG00008245,CUS0000837,2025-04-14,AGT,CLXSAV
BKG00008246,CUS0003186,2023-10-16,WEB,WOWBUS
BKG00008247,CUS0004133,2024-11-19,GDS,YOWRS
BKG00008248,CUS0000042,2025-06-11,CTR,YOWUS
BKG00008249,CUS0001717,2023-10-15,OTA,CLXBUS
BKG00008250,CUS0003438,2024-07-14,CTR,CLXBUS
BKG00008251,CUS0003128,2023-06-27,GDS,YOWUS
BKG00008252,CUS0002455,2025-02-11,CTR,YOWUS
BKG00008253,CUS0001737,2025-12-19,GDS,FLXFST
BKG00008254,CUS0002127,2024-02-12,GDS,CLXBUS
BKG00008255,CUS0003765,2024-08-29,GDS,YOWRS
BKG00008256,CUS0000672,2025-07-02,GDS,YOWRS
BKG00008257,CUS0001526,2023-11-27,MOB,YOWRS
BKG00008258,CUS0002770,2023-11-12,WEB,WOWBUS
BKG00008259,CUS0004707,2024-01-02,AGT,FLXFST
BKG00008260,CUS0002565,2024-06-12,OTA,FLXFST
BKG00008261,CUS0004119,2024-10-31,AGT,YOWRS
BKG00008262,CUS0004613,2023-10-22,AGT,YOWUS
BKG00008263,CUS0000348,2025-05-15,OTA,YOWRS
BKG00008264,CUS0002572,2024-05-14,CTR,WOWBUS
BKG00008265,CUS0001761,2024-11-01,MOB,CLXSAV
BKG00008266,CUS0001074,2025-10-31,CTR,FLXFST
BKG00008267,CUS0003286,2024-10-17,WEB,YOWRS
BKG00008268,CUS0001831,2025-06-26,CTR,CLXSAV
BKG00008269,CUS0002586,2024-01-20,AGT,YOWUS
BKG00008270,CUS0000213,2024-09-18,MOB,CLXSAV
BKG00008271,CUS0003948,2024-08-14,MOB,YOWUS
BKG00008272,CUS0000868,2025-12-16,WEB,YOWRS
BKG00008273,CUS0001511,2024-03-19,OTA,CLXSAV
BKG00008274,CUS0003815,2025-05-03,WEB,YOWRS
BKG00008275,CUS0003071,2025-01-17,CTR,YOWUS
BKG00008276,CUS0003153,2026-02-20,AGT,YOWRS
BKG00008277,CUS0004897,2024-03-15,OTA,YOWRS
BKG00008278,CUS0001554,2023-09-05,GDS,CLXSAV
BKG00008279,CUS0000297,2024-04-03,OTA,CLXSAV
BKG00008280,CUS0000990,2023-09-23,CTR,YOWRS
BKG00008281,CUS0004859,2023-08-20,MOB,FLXFST
BKG00008282,CUS0004361,2025-09-13,GDS,YOWRS
BKG00008283,CUS0004110,2024-12-19,GDS,GRPECO
BKG00008284,CUS0000630,2026-02-09,GDS,YOWUS
BKG00008285,CUS0004394,2024-11-18,WEB,CLXBUS
BKG00008286,CUS0005000,2025-03-24,MOB,WOWBUS
BKG00008287,CUS0001335,2023-08-05,CTR,CLXSAV
BKG00008288,CUS0000142,2024-09-19,GDS,YOWRS
BKG00008289,CUS0004917,2025-11-14,GDS,YOWRS
BKG00008290,CUS0001260,2025-11-18,CTR,WOWBUS
BKG00008291,CUS0001701,2023-10-04,MOB,YOWRS
BKG00008292,CUS0001596,2025-06-29,OTA,CLXSAV
BKG00008293,CUS0001337,2025-01-28,MOB,YOWUS
BKG00008294,CUS0004609,2024-11-13,OTA,YOWUS
BKG00008295,CUS0000428,2024-08-27,MOB,GRPECO
BKG00008296,CUS0000599,2026-03-15,GDS,GRPECO
BKG00008297,CUS0002976,2026-02-24,CTR,CLXSAV
BKG00008298,CUS0003157,2026-01-14,MOB,GRPECO
BKG00008299,CUS0002089,2024-09-05,CTR,YOWUS
BKG00008300,CUS0003184,2023-09-08,GDS,YOWRS
BKG00008301,CUS0000560,2025-04-22,AGT,BSSAVE
BKG00008302,CUS0003396,2025-05-25,AGT,BSSAVE
BKG00008303,CUS0000269,2025-04-06,AGT,WOWBUS
BKG00008304,CUS0000488,2024-12-18,GDS,CLXSAV
BKG00008305,CUS0000602,2025-09-06,GDS,CLXSAV
BKG00008306,CUS0004018,2023-12-27,AGT,YOWRS
BKG00008307,CUS0001377,2024-05-18,WEB,YOWRS
BKG00008308,CUS0004542,2023-10-29,GDS,YOWUS
BKG00008309,CUS0000520,2025-03-18,CTR,YOWRS
BKG00008310,CUS0000995,2024-10-22,AGT,BSSAVE
BKG00008311,CUS0001885,2025-09-01,AGT,WOWBUS
BKG00008312,CUS0001603,2025-03-06,WEB,BSSAVE
BKG00008313,CUS0002659,2024-07-17,OTA,GRPECO
BKG00008314,CUS0004758,2025-05-08,AGT,BSSAVE
BKG00008315,CUS0000488,2023-08-03,GDS,BSSAVE
BKG00008316,CUS0001812,2024-02-27,WEB,CLXBUS
BKG00008317,CUS0002793,2025-03-20,CTR,FLXFST
BKG00008318,CUS0004547,2023-07-06,AGT,YOWRS
BKG00008319,CUS0000166,2023-10-03,CTR,FLXFST
BKG00008320,CUS0000883,2025-03-24,CTR,FLXFST
BKG00008321,CUS0004486,2025-09-21,WEB,CLXBUS
BKG00008322,CUS0002944,2023-08-01,WEB,CLXSAV
BKG00008323,CUS0001338,2024-06-19,WEB,YOWRS
BKG00008324,CUS0001155,2025-06-01,WEB,WOWBUS
BKG00008325,CUS0003459,2024-07-11,WEB,YOWRS
BKG00008326,CUS0003318,2024-03-29,OTA,YOWRS
BKG00008327,CUS0004562,2025-02-21,WEB,CLXBUS
BKG00008328,CUS0002090,2025-11-15,AGT,FLXFST
BKG00008329,CUS0000349,2026-02-15,CTR,YOWRS
BKG00008330,CUS0004093,2024-08-14,WEB,CLXBUS
BKG00008331,CUS0000313,2026-05-08,CTR,WOWBUS
BKG00008332,CUS0002238,2025-01-07,GDS,CLXSAV
BKG00008333,CUS0002160,2025-10-11,OTA,CLXSAV
BKG00008334,CUS0000245,2023-08-26,GDS,YOWUS
BKG00008335,CUS0004839,2024-12-07,AGT,CLXSAV
BKG00008336,CUS0004109,2024-08-13,WEB,FLXFST
BKG00008337,CUS0001079,2026-02-24,AGT,GRPECO
BKG00008338,CUS0002149,2026-04-05,OTA,FLXFST
BKG00008339,CUS0003541,2025-02-03,CTR,WOWBUS
BKG00008340,CUS0004476,2024-05-15,OTA,YOWUS
BKG00008341,CUS0003991,2024-10-29,OTA,BSSAVE
BKG00008342,CUS0004984,2026-05-24,OTA,YOWRS
BKG00008343,CUS0002499,2024-07-23,MOB,YOWUS
BKG00008344,CUS0002379,2023-10-04,CTR,CLXSAV
BKG00008345,CUS0003722,2024-10-11,AGT,GRPECO
BKG00008346,CUS0003532,2024-06-08,MOB,CLXSAV
BKG00008347,CUS0001561,2023-08-03,AGT,CLXBUS
BKG00008348,CUS0003721,2024-09-22,GDS,FLXFST
BKG00008349,CUS0004955,2024-03-16,WEB,CLXSAV
BKG00008350,CUS0001600,2026-03-10,WEB,YOWRS
BKG00008351,CUS0003201,2025-08-21,OTA,GRPECO
BKG00008352,CUS0001139,2025-03-23,CTR,FLXFST
BKG00008353,CUS0001012,2024-06-04,GDS,CLXBUS
BKG00008354,CUS0003075,2025-06-08,CTR,CLXSAV
BKG00008355,CUS0004772,2025-05-15,WEB,BSSAVE
BKG00008356,CUS0003174,2024-02-05,MOB,GRPECO
BKG00008357,CUS0003180,2024-12-26,WEB,YOWRS
BKG00008358,CUS0003197,2024-04-25,GDS,BSSAVE
BKG00008359,CUS0004425,2025-12-03,GDS,FLXFST
BKG00008360,CUS0000065,2026-02-17,MOB,CLXBUS
BKG00008361,CUS0004889,2024-01-31,CTR,BSSAVE
BKG00008362,CUS0002213,2025-10-18,GDS,FLXFST
BKG00008363,CUS0003958,2023-09-03,AGT,YOWUS
BKG00008364,CUS0001024,2026-04-01,GDS,CLXSAV
BKG00008365,CUS0003101,2024-09-09,MOB,GRPECO
BKG00008366,CUS0004023,2025-03-30,AGT,CLXBUS
BKG00008367,CUS0000368,2025-12-28,MOB,YOWRS
BKG00008368,CUS0002982,2025-03-15,GDS,BSSAVE
BKG00008369,CUS0001690,2025-08-18,WEB,BSSAVE
BKG00008370,CUS0002641,2024-11-14,MOB,CLXBUS
BKG00008371,CUS0001469,2023-09-22,MOB,CLXSAV
BKG00008372,CUS0001241,2023-12-29,OTA,FLXFST
BKG00008373,CUS0000278,2025-02-08,WEB,CLXSAV
BKG00008374,CUS0004281,2025-06-17,CTR,CLXBUS
BKG00008375,CUS0004917,2024-05-10,GDS,YOWRS
BKG00008376,CUS0003708,2025-11-24,MOB,YOWRS
BKG00008377,CUS0002966,2023-06-18,WEB,CLXSAV
BKG00008378,CUS0001231,2025-08-19,WEB,CLXSAV
BKG00008379,CUS0001866,2026-01-27,OTA,WOWBUS
BKG00008380,CUS0000719,2025-03-23,MOB,YOWRS
BKG00008381,CUS0004220,2025-11-24,OTA,CLXSAV
BKG00008382,CUS0003390,2026-03-02,WEB,CLXSAV
BKG00008383,CUS0001884,2024-06-26,OTA,BSSAVE
BKG00008384,CUS0001985,2026-03-24,MOB,BSSAVE
BKG00008385,CUS0001013,2024-05-16,WEB,YOWRS
BKG00008386,CUS0001204,2026-02-27,CTR,CLXBUS
BKG00008387,CUS0002115,2025-08-22,AGT,WOWBUS
BKG00008388,CUS0000893,2024-03-19,OTA,YOWRS
BKG00008389,CUS0002303,2025-06-19,WEB,GRPECO
BKG00008390,CUS0004195,2024-06-18,MOB,CLXBUS
BKG00008391,CUS0001613,2023-07-28,AGT,GRPECO
BKG00008392,CUS0003947,2024-01-23,CTR,BSSAVE
BKG00008393,CUS0002489,2024-12-10,WEB,BSSAVE
BKG00008394,CUS0000792,2026-04-27,WEB,FLXFST
BKG00008395,CUS0004350,2024-10-15,MOB,WOWBUS
BKG00008396,CUS0000760,2024-02-16,MOB,GRPECO
BKG00008397,CUS0004636,2025-08-28,AGT,YOWRS
BKG00008398,CUS0004115,2024-07-19,WEB,YOWUS
BKG00008399,CUS0000350,2026-05-24,AGT,FLXFST
BKG00008400,CUS0001234,2023-07-13,OTA,BSSAVE
BKG00008401,CUS0003346,2026-03-20,OTA,GRPECO
BKG00008402,CUS0004255,2023-08-23,CTR,FLXFST
BKG00008403,CUS0001779,2024-05-02,AGT,CLXSAV
BKG00008404,CUS0002963,2026-01-30,CTR,GRPECO
BKG00008405,CUS0003700,2024-12-03,OTA,CLXSAV
BKG00008406,CUS0001045,2024-04-26,GDS,WOWBUS
BKG00008407,CUS0002462,2023-12-31,CTR,BSSAVE
BKG00008408,CUS0001601,2024-07-11,AGT,GRPECO
BKG00008409,CUS0001222,2024-08-09,OTA,CLXBUS
BKG00008410,CUS0002421,2024-10-03,AGT,BSSAVE
BKG00008411,CUS0001051,2025-04-05,AGT,CLXSAV
BKG00008412,CUS0001660,2025-02-19,OTA,YOWRS
BKG00008413,CUS0000554,2025-07-10,GDS,BSSAVE
BKG00008414,CUS0004535,2025-08-30,WEB,CLXSAV
BKG00008415,CUS0000378,2024-06-12,MOB,CLXBUS
BKG00008416,CUS0002756,2024-04-14,OTA,WOWBUS
BKG00008417,CUS0004539,2024-10-04,AGT,BSSAVE
BKG00008418,CUS0004185,2023-10-17,GDS,BSSAVE
BKG00008419,CUS0000059,2025-01-21,OTA,GRPECO
BKG00008420,CUS0003250,2025-01-30,GDS,FLXFST
BKG00008421,CUS0003111,2023-07-23,GDS,YOWUS
BKG00008422,CUS0004361,2025-07-08,MOB,GRPECO
BKG00008423,CUS0002452,2025-06-07,OTA,GRPECO
BKG00008424,CUS0000648,2024-03-11,AGT,BSSAVE
BKG00008425,CUS0000456,2025-08-12,AGT,GRPECO
BKG00008426,CUS0002568,2025-03-19,MOB,YOWRS
BKG00008427,CUS0001763,2025-01-23,AGT,FLXFST
BKG00008428,CUS0004551,2025-04-29,OTA,WOWBUS
BKG00008429,CUS0000842,2024-03-17,OTA,BSSAVE
BKG00008430,CUS0003246,2025-05-15,MOB,YOWRS
BKG00008431,CUS0000283,2025-07-28,GDS,CLXBUS
BKG00008432,CUS0000674,2025-08-30,OTA,CLXBUS
BKG00008433,CUS0001802,2025-02-19,WEB,YOWRS
BKG00008434,CUS0000125,2026-05-23,GDS,YOWRS
BKG00008435,CUS0002273,2025-09-16,OTA,CLXSAV
BKG00008436,CUS0001167,2026-05-24,CTR,FLXFST
BKG00008437,CUS0002506,2025-01-13,OTA,GRPECO
BKG00008438,CUS0002555,2025-04-25,OTA,WOWBUS
BKG00008439,CUS0001750,2023-11-05,WEB,GRPECO
BKG00008440,CUS0000793,2025-12-16,WEB,CLXSAV
BKG00008441,CUS0001858,2025-05-02,MOB,WOWBUS
BKG00008442,CUS0002267,2023-11-04,CTR,GRPECO
BKG00008443,CUS0001349,2024-03-19,CTR,FLXFST
BKG00008444,CUS0003829,2024-03-07,WEB,YOWRS
BKG00008445,CUS0000207,2023-06-12,WEB,WOWBUS
BKG00008446,CUS0002479,2025-12-22,MOB,CLXBUS
BKG00008447,CUS0002471,2026-03-04,CTR,GRPECO
BKG00008448,CUS0002985,2024-01-05,AGT,CLXSAV
BKG00008449,CUS0004519,2024-05-19,AGT,FLXFST
BKG00008450,CUS0000564,2024-03-08,AGT,YOWRS
BKG00008451,CUS0003901,2025-02-22,CTR,FLXFST
BKG00008452,CUS0000440,2025-06-21,AGT,BSSAVE
BKG00008453,CUS0000948,2025-05-29,OTA,BSSAVE
BKG00008454,CUS0004089,2024-02-18,CTR,CLXBUS
BKG00008455,CUS0001781,2024-01-31,GDS,FLXFST
BKG00008456,CUS0001799,2025-06-08,CTR,BSSAVE
BKG00008457,CUS0004023,2026-04-12,OTA,YOWUS
BKG00008458,CUS0001726,2025-02-07,MOB,YOWRS
BKG00008459,CUS0001313,2025-07-05,MOB,BSSAVE
BKG00008460,CUS0001877,2024-01-10,CTR,CLXSAV
BKG00008461,CUS0002164,2024-05-05,CTR,YOWUS
BKG00008462,CUS0003597,2024-01-28,WEB,CLXBUS
BKG00008463,CUS0003691,2024-04-22,MOB,YOWRS
BKG00008464,CUS0002558,2024-02-09,AGT,WOWBUS
BKG00008465,CUS0003247,2025-10-31,CTR,GRPECO
BKG00008466,CUS0002537,2026-02-04,GDS,GRPECO
BKG00008467,CUS0004067,2023-06-04,OTA,YOWUS
BKG00008468,CUS0003761,2025-05-10,WEB,WOWBUS
BKG00008469,CUS0003299,2024-10-29,GDS,FLXFST
BKG00008470,CUS0002894,2026-04-05,GDS,YOWUS
BKG00008471,CUS0000031,2025-03-26,AGT,GRPECO
BKG00008472,CUS0003094,2025-08-23,AGT,BSSAVE
BKG00008473,CUS0001328,2023-11-22,CTR,BSSAVE
BKG00008474,CUS0000985,2025-10-04,MOB,BSSAVE
BKG00008475,CUS0000991,2025-10-14,CTR,WOWBUS
BKG00008476,CUS0004125,2023-09-13,GDS,BSSAVE
BKG00008477,CUS0003939,2025-10-25,CTR,CLXBUS
BKG00008478,CUS0003608,2024-11-25,MOB,FLXFST
BKG00008479,CUS0002142,2024-10-06,AGT,WOWBUS
BKG00008480,CUS0004905,2025-05-26,MOB,WOWBUS
BKG00008481,CUS0000091,2025-04-16,OTA,CLXSAV
BKG00008482,CUS0004803,2024-08-05,GDS,BSSAVE
BKG00008483,CUS0000301,2024-07-10,GDS,FLXFST
BKG00008484,CUS0003253,2025-04-11,WEB,CLXBUS
BKG00008485,CUS0004449,2025-01-12,OTA,WOWBUS
BKG00008486,CUS0000775,2026-05-12,MOB,WOWBUS
BKG00008487,CUS0002068,2025-12-18,AGT,CLXBUS
BKG00008488,CUS0001685,2025-02-24,OTA,CLXBUS
BKG00008489,CUS0004738,2023-10-28,CTR,YOWRS
BKG00008490,CUS0000922,2026-01-17,CTR,CLXBUS
BKG00008491,CUS0003548,2023-07-23,OTA,YOWRS
BKG00008492,CUS0001262,2023-11-01,OTA,BSSAVE
BKG00008493,CUS0000970,2025-03-01,WEB,FLXFST
BKG00008494,CUS0001926,2025-12-24,GDS,YOWRS
BKG00008495,CUS0003882,2024-02-19,AGT,YOWUS
BKG00008496,CUS0002515,2023-09-20,CTR,WOWBUS
BKG00008497,CUS0003083,2023-07-02,OTA,YOWRS
BKG00008498,CUS0000682,2025-12-29,AGT,FLXFST
BKG00008499,CUS0002770,2026-02-21,CTR,CLXSAV
BKG00008500,CUS0002961,2025-09-06,AGT,CLXSAV
BKG00008501,CUS0004692,2024-06-01,OTA,BSSAVE
BKG00008502,CUS0000601,2023-08-26,CTR,WOWBUS
BKG00008503,CUS0004094,2025-12-07,CTR,WOWBUS
BKG00008504,CUS0000856,2024-01-02,MOB,FLXFST
BKG00008505,CUS0001585,2024-08-16,AGT,FLXFST
BKG00008506,CUS0002757,2024-11-29,CTR,GRPECO
BKG00008507,CUS0001453,2023-08-05,GDS,FLXFST
BKG00008508,CUS0003779,2023-05-31,GDS,GRPECO
BKG00008509,CUS0003902,2024-09-14,GDS,CLXSAV
BKG00008510,CUS0004653,2026-01-15,MOB,CLXSAV
BKG00008511,CUS0004580,2025-02-07,GDS,YOWRS
BKG00008512,CUS0001710,2025-08-28,OTA,YOWRS
BKG00008513,CUS0003978,2025-06-17,OTA,YOWRS
BKG00008514,CUS0004791,2026-02-16,OTA,WOWBUS
BKG00008515,CUS0004550,2023-08-12,WEB,CLXBUS
BKG00008516,CUS0001468,2025-08-13,GDS,GRPECO
BKG00008517,CUS0001068,2025-11-01,MOB,WOWBUS
BKG00008518,CUS0004980,2024-05-14,CTR,YOWUS
BKG00008519,CUS0004015,2025-03-30,GDS,YOWRS
BKG00008520,CUS0002977,2026-04-29,WEB,YOWUS
BKG00008521,CUS0000770,2023-10-26,WEB,YOWRS
BKG00008522,CUS0001835,2025-01-25,CTR,YOWRS
BKG00008523,CUS0002739,2023-12-05,OTA,YOWUS
BKG00008524,CUS0002522,2024-02-01,OTA,BSSAVE
BKG00008525,CUS0001629,2024-02-04,GDS,CLXBUS
BKG00008526,CUS0004092,2025-04-21,CTR,BSSAVE
BKG00008527,CUS0000612,2026-02-11,OTA,YOWUS
BKG00008528,CUS0000713,2023-08-16,WEB,FLXFST
BKG00008529,CUS0000797,2023-08-03,GDS,CLXBUS
BKG00008530,CUS0003771,2024-02-24,AGT,YOWUS
BKG00008531,CUS0002555,2025-02-10,AGT,YOWRS
BKG00008532,CUS0002807,2023-10-15,GDS,WOWBUS
BKG00008533,CUS0004345,2025-03-27,AGT,YOWUS
BKG00008534,CUS0003125,2025-04-02,GDS,FLXFST
BKG00008535,CUS0003783,2025-10-28,AGT,WOWBUS
BKG00008536,CUS0003172,2024-11-20,GDS,BSSAVE
BKG00008537,CUS0000300,2024-04-22,CTR,FLXFST
BKG00008538,CUS0000969,2024-08-28,WEB,BSSAVE
BKG00008539,CUS0001587,2024-05-01,GDS,BSSAVE
BKG00008540,CUS0003542,2024-02-29,OTA,WOWBUS
BKG00008541,CUS0001421,2026-01-15,WEB,CLXSAV
BKG00008542,CUS0004170,2024-11-02,GDS,GRPECO
BKG00008543,CUS0001297,2023-08-28,OTA,CLXSAV
BKG00008544,CUS0003842,2025-01-18,WEB,CLXSAV
BKG00008545,CUS0002965,2026-03-12,AGT,GRPECO
BKG00008546,CUS0001602,2024-06-30,MOB,GRPECO
BKG00008547,CUS0003825,2025-01-23,WEB,YOWRS
BKG00008548,CUS0000948,2023-06-30,AGT,CLXSAV
BKG00008549,CUS0002526,2023-07-09,AGT,YOWRS
BKG00008550,CUS0003822,2023-10-13,AGT,GRPECO
BKG00008551,CUS0001685,2024-12-19,AGT,BSSAVE
BKG00008552,CUS0003390,2024-11-25,WEB,FLXFST
BKG00008553,CUS0004162,2023-11-23,OTA,FLXFST
BKG00008554,CUS0004165,2025-02-01,CTR,FLXFST
BKG00008555,CUS0000515,2025-04-01,WEB,CLXSAV
BKG00008556,CUS0004956,2023-06-04,GDS,WOWBUS
BKG00008557,CUS0002841,2025-05-30,CTR,FLXFST
BKG00008558,CUS0003923,2024-02-26,CTR,CLXBUS
BKG00008559,CUS0001742,2025-09-07,AGT,WOWBUS
BKG00008560,CUS0003365,2025-10-23,OTA,CLXBUS
BKG00008561,CUS0004065,2026-03-15,WEB,BSSAVE
BKG00008562,CUS0003135,2025-09-04,MOB,BSSAVE
BKG00008563,CUS0004015,2026-02-21,GDS,GRPECO
BKG00008564,CUS0003476,2025-01-16,OTA,FLXFST
BKG00008565,CUS0002162,2024-10-11,AGT,CLXSAV
BKG00008566,CUS0004246,2025-07-30,GDS,FLXFST
BKG00008567,CUS0003155,2024-05-13,CTR,CLXBUS
BKG00008568,CUS0004779,2023-08-06,AGT,CLXBUS
BKG00008569,CUS0003626,2025-11-25,AGT,YOWRS
BKG00008570,CUS0002858,2025-08-01,OTA,WOWBUS
BKG00008571,CUS0002254,2024-05-07,GDS,CLXBUS
BKG00008572,CUS0002620,2025-04-01,AGT,YOWUS
BKG00008573,CUS0001063,2025-03-07,OTA,YOWUS
BKG00008574,CUS0002987,2026-03-06,MOB,GRPECO
BKG00008575,CUS0004057,2024-09-08,MOB,YOWUS
BKG00008576,CUS0004581,2023-10-16,AGT,CLXBUS
BKG00008577,CUS0004295,2025-02-27,CTR,FLXFST
BKG00008578,CUS0002580,2024-12-26,MOB,CLXBUS
BKG00008579,CUS0002727,2023-06-19,WEB,WOWBUS
BKG00008580,CUS0003613,2025-05-28,OTA,CLXBUS
BKG00008581,CUS0004539,2025-01-19,WEB,GRPECO
BKG00008582,CUS0004301,2024-12-12,WEB,CLXSAV
BKG00008583,CUS0001881,2025-01-22,CTR,WOWBUS
BKG00008584,CUS0001628,2025-06-09,AGT,CLXSAV
BKG00008585,CUS0003301,2024-05-30,CTR,WOWBUS
BKG00008586,CUS0001529,2025-09-06,AGT,YOWRS
BKG00008587,CUS0002029,2024-11-20,GDS,FLXFST
BKG00008588,CUS0002482,2025-05-05,AGT,YOWUS
BKG00008589,CUS0002267,2024-12-16,WEB,GRPECO
BKG00008590,CUS0001814,2023-09-03,GDS,WOWBUS
BKG00008591,CUS0000454,2025-04-17,OTA,YOWRS
BKG00008592,CUS0002882,2023-10-10,WEB,FLXFST
BKG00008593,CUS0001790,2024-08-08,MOB,CLXBUS
BKG00008594,CUS0000241,2024-12-01,OTA,YOWRS
BKG00008595,CUS0000376,2024-02-14,AGT,BSSAVE
BKG00008596,CUS0003340,2024-02-09,OTA,WOWBUS
BKG00008597,CUS0004367,2024-09-17,GDS,FLXFST
BKG00008598,CUS0001688,2023-09-10,MOB,CLXBUS
BKG00008599,CUS0003233,2024-07-15,GDS,CLXBUS
BKG00008600,CUS0003499,2026-03-25,OTA,FLXFST
BKG00008601,CUS0003538,2025-11-25,AGT,YOWUS
BKG00008602,CUS0002029,2023-11-20,MOB,BSSAVE
BKG00008603,CUS0003979,2026-02-19,MOB,GRPECO
BKG00008604,CUS0002167,2023-08-19,WEB,CLXSAV
BKG00008605,CUS0004872,2025-10-27,MOB,YOWUS
BKG00008606,CUS0004716,2023-06-27,OTA,YOWRS
BKG00008607,CUS0000438,2026-01-25,WEB,YOWUS
BKG00008608,CUS0001467,2024-10-08,AGT,GRPECO
BKG00008609,CUS0003574,2024-04-19,WEB,GRPECO
BKG00008610,CUS0004369,2025-10-31,WEB,CLXSAV
BKG00008611,CUS0000942,2023-06-28,GDS,CLXBUS
BKG00008612,CUS0004242,2024-08-07,OTA,GRPECO
BKG00008613,CUS0003898,2023-07-29,CTR,GRPECO
BKG00008614,CUS0001657,2023-08-20,CTR,WOWBUS
BKG00008615,CUS0001934,2024-07-14,WEB,FLXFST
BKG00008616,CUS0000715,2024-08-17,OTA,CLXBUS
BKG00008617,CUS0001761,2024-07-02,OTA,GRPECO
BKG00008618,CUS0003041,2023-11-04,OTA,GRPECO
BKG00008619,CUS0004327,2025-10-02,CTR,WOWBUS
BKG00008620,CUS0002797,2023-11-17,WEB,CLXSAV
BKG00008621,CUS0001503,2025-05-11,GDS,YOWUS
BKG00008622,CUS0001522,2025-03-12,GDS,YOWUS
BKG00008623,CUS0003306,2025-10-17,CTR,GRPECO
BKG00008624,CUS0002738,2024-05-16,GDS,GRPECO
BKG00008625,CUS0000496,2024-11-08,GDS,YOWRS
BKG00008626,CUS0004439,2023-08-22,AGT,YOWRS
BKG00008627,CUS0001311,2025-10-02,CTR,BSSAVE
BKG00008628,CUS0001960,2024-04-28,AGT,FLXFST
BKG00008629,CUS0000778,2026-05-23,MOB,YOWRS
BKG00008630,CUS0001044,2025-05-24,MOB,GRPECO
BKG00008631,CUS0003783,2026-02-03,OTA,CLXSAV
BKG00008632,CUS0004901,2023-07-13,AGT,CLXBUS
BKG00008633,CUS0000840,2023-08-08,AGT,WOWBUS
BKG00008634,CUS0002036,2025-01-21,GDS,FLXFST
BKG00008635,CUS0004101,2024-09-23,GDS,YOWUS
BKG00008636,CUS0002740,2025-07-29,AGT,YOWUS
BKG00008637,CUS0004009,2025-03-12,CTR,YOWRS
BKG00008638,CUS0000368,2026-04-30,AGT,FLXFST
BKG00008639,CUS0002977,2025-07-22,WEB,YOWUS
BKG00008640,CUS0003501,2026-04-14,OTA,YOWUS
BKG00008641,CUS0004063,2026-02-19,WEB,GRPECO
BKG00008642,CUS0004324,2025-11-20,MOB,CLXBUS
BKG00008643,CUS0003616,2024-02-29,CTR,CLXBUS
BKG00008644,CUS0004197,2024-04-16,MOB,YOWUS
BKG00008645,CUS0001868,2024-05-08,OTA,CLXSAV
BKG00008646,CUS0003789,2025-06-18,MOB,FLXFST
BKG00008647,CUS0002692,2025-12-17,AGT,CLXBUS
BKG00008648,CUS0000060,2023-12-31,OTA,CLXBUS
BKG00008649,CUS0001060,2023-06-20,GDS,BSSAVE
BKG00008650,CUS0004212,2025-02-12,WEB,YOWUS
BKG00008651,CUS0001550,2024-03-31,WEB,GRPECO
BKG00008652,CUS0004540,2025-09-06,CTR,WOWBUS
BKG00008653,CUS0003195,2023-07-04,OTA,WOWBUS
BKG00008654,CUS0000678,2025-06-03,GDS,GRPECO
BKG00008655,CUS0004254,2025-01-25,OTA,CLXBUS
BKG00008656,CUS0002139,2025-11-18,OTA,YOWUS
BKG00008657,CUS0004513,2025-02-18,CTR,CLXSAV
BKG00008658,CUS0004814,2026-01-19,MOB,YOWUS
BKG00008659,CUS0001638,2025-07-05,MOB,YOWUS
BKG00008660,CUS0003778,2024-01-21,AGT,CLXSAV
BKG00008661,CUS0003570,2025-12-08,WEB,CLXSAV
BKG00008662,CUS0001266,2023-07-13,GDS,YOWUS
BKG00008663,CUS0001018,2023-08-21,AGT,CLXSAV
BKG00008664,CUS0001303,2024-12-27,MOB,YOWUS
BKG00008665,CUS0001068,2024-07-17,CTR,FLXFST
BKG00008666,CUS0003122,2024-05-30,MOB,WOWBUS
BKG00008667,CUS0000175,2026-04-06,CTR,BSSAVE
BKG00008668,CUS0002015,2026-02-10,OTA,FLXFST
BKG00008669,CUS0002889,2025-10-10,OTA,YOWUS
BKG00008670,CUS0002006,2026-03-24,WEB,GRPECO
BKG00008671,CUS0004893,2024-09-18,AGT,YOWRS
BKG00008672,CUS0002894,2024-01-21,OTA,YOWUS
BKG00008673,CUS0001475,2025-08-08,AGT,GRPECO
BKG00008674,CUS0001708,2024-01-12,MOB,YOWUS
BKG00008675,CUS0000963,2024-06-14,MOB,CLXSAV
BKG00008676,CUS0001762,2025-12-01,WEB,CLXSAV
BKG00008677,CUS0000036,2025-03-16,WEB,CLXBUS
BKG00008678,CUS0001049,2024-05-19,MOB,YOWRS
BKG00008679,CUS0004356,2025-11-20,MOB,YOWUS
BKG00008680,CUS0003150,2023-12-04,CTR,BSSAVE
BKG00008681,CUS0000455,2025-02-10,OTA,YOWRS
BKG00008682,CUS0000267,2024-05-29,CTR,WOWBUS
BKG00008683,CUS0000459,2025-09-11,OTA,CLXBUS
BKG00008684,CUS0004348,2025-07-23,OTA,GRPECO
BKG00008685,CUS0001782,2025-07-16,CTR,CLXSAV
BKG00008686,CUS0003633,2026-02-10,GDS,GRPECO
BKG00008687,CUS0001676,2025-07-31,CTR,BSSAVE
BKG00008688,CUS0002220,2025-04-11,AGT,CLXSAV
BKG00008689,CUS0002683,2023-06-23,MOB,YOWRS
BKG00008690,CUS0003070,2024-09-30,WEB,BSSAVE
BKG00008691,CUS0003982,2023-12-16,MOB,WOWBUS
BKG00008692,CUS0004221,2025-06-05,MOB,FLXFST
BKG00008693,CUS0002249,2025-02-01,MOB,CLXSAV
BKG00008694,CUS0000807,2025-07-13,CTR,CLXSAV
BKG00008695,CUS0001513,2024-03-29,OTA,CLXSAV
BKG00008696,CUS0003826,2025-04-26,AGT,FLXFST
BKG00008697,CUS0004325,2026-01-22,CTR,YOWRS
BKG00008698,CUS0002757,2024-06-09,OTA,YOWUS
BKG00008699,CUS0001997,2024-10-20,WEB,YOWRS
BKG00008700,CUS0004712,2024-07-09,GDS,CLXSAV
BKG00008701,CUS0002485,2025-08-05,OTA,GRPECO
BKG00008702,CUS0003176,2026-02-24,WEB,CLXSAV
BKG00008703,CUS0000123,2025-01-18,AGT,CLXBUS
BKG00008704,CUS0004199,2025-02-09,CTR,CLXBUS
BKG00008705,CUS0004794,2025-10-28,AGT,YOWRS
BKG00008706,CUS0002666,2023-10-18,AGT,YOWUS
BKG00008707,CUS0004182,2024-08-07,CTR,BSSAVE
BKG00008708,CUS0002092,2023-12-18,OTA,FLXFST
BKG00008709,CUS0002380,2024-09-23,WEB,WOWBUS
BKG00008710,CUS0002724,2024-10-17,WEB,GRPECO
BKG00008711,CUS0003384,2024-09-14,CTR,CLXSAV
BKG00008712,CUS0002840,2024-01-01,OTA,WOWBUS
BKG00008713,CUS0003017,2024-10-10,OTA,YOWRS
BKG00008714,CUS0000508,2026-03-08,CTR,BSSAVE
BKG00008715,CUS0001250,2024-10-04,GDS,GRPECO
BKG00008716,CUS0002702,2024-11-11,OTA,GRPECO
BKG00008717,CUS0003703,2026-04-10,AGT,GRPECO
BKG00008718,CUS0004040,2025-12-10,OTA,CLXSAV
BKG00008719,CUS0004706,2025-11-19,MOB,CLXSAV
BKG00008720,CUS0002326,2024-01-19,AGT,YOWRS
BKG00008721,CUS0001034,2026-05-02,MOB,GRPECO
BKG00008722,CUS0001216,2025-08-10,OTA,WOWBUS
BKG00008723,CUS0003953,2024-11-06,CTR,GRPECO
BKG00008724,CUS0000316,2026-04-07,WEB,GRPECO
BKG00008725,CUS0000509,2024-05-27,AGT,CLXBUS
BKG00008726,CUS0002712,2024-03-30,OTA,CLXBUS
BKG00008727,CUS0004485,2026-04-07,OTA,FLXFST
BKG00008728,CUS0003784,2025-10-07,OTA,YOWRS
BKG00008729,CUS0003575,2025-07-03,GDS,BSSAVE
BKG00008730,CUS0001618,2025-02-06,AGT,CLXSAV
BKG00008731,CUS0003456,2024-10-07,AGT,GRPECO
BKG00008732,CUS0000962,2026-02-04,MOB,CLXSAV
BKG00008733,CUS0002983,2025-06-07,CTR,WOWBUS
BKG00008734,CUS0002815,2024-12-24,WEB,BSSAVE
BKG00008735,CUS0003690,2025-10-04,GDS,GRPECO
BKG00008736,CUS0002159,2024-01-01,CTR,YOWUS
BKG00008737,CUS0003077,2024-06-28,OTA,YOWRS
BKG00008738,CUS0001269,2023-07-08,MOB,GRPECO
BKG00008739,CUS0001209,2025-10-01,AGT,GRPECO
BKG00008740,CUS0003255,2024-05-12,OTA,WOWBUS
BKG00008741,CUS0000515,2024-07-07,OTA,CLXSAV
BKG00008742,CUS0000928,2023-10-22,AGT,WOWBUS
BKG00008743,CUS0002264,2024-11-27,WEB,GRPECO
BKG00008744,CUS0000405,2025-07-27,WEB,CLXSAV
BKG00008745,CUS0002318,2026-05-05,OTA,CLXSAV
BKG00008746,CUS0004553,2024-11-07,MOB,CLXBUS
BKG00008747,CUS0002894,2025-10-14,OTA,CLXSAV
BKG00008748,CUS0002979,2024-04-14,GDS,BSSAVE
BKG00008749,CUS0001008,2025-11-19,GDS,WOWBUS
BKG00008750,CUS0001668,2024-03-16,OTA,GRPECO
BKG00008751,CUS0003397,2025-01-20,GDS,YOWUS
BKG00008752,CUS0004592,2025-02-07,CTR,CLXSAV
BKG00008753,CUS0000064,2023-08-09,OTA,YOWRS
BKG00008754,CUS0000246,2024-10-21,CTR,FLXFST
BKG00008755,CUS0000417,2024-12-18,OTA,WOWBUS
BKG00008756,CUS0000651,2026-03-21,GDS,YOWRS
BKG00008757,CUS0003036,2026-02-01,OTA,GRPECO
BKG00008758,CUS0004581,2024-03-18,OTA,BSSAVE
BKG00008759,CUS0000766,2025-04-09,AGT,GRPECO
BKG00008760,CUS0004777,2025-07-28,MOB,WOWBUS
BKG00008761,CUS0003203,2024-01-28,CTR,FLXFST
BKG00008762,CUS0000379,2025-11-01,CTR,WOWBUS
BKG00008763,CUS0000562,2023-10-29,AGT,FLXFST
BKG00008764,CUS0000296,2024-10-13,CTR,CLXSAV
BKG00008765,CUS0000201,2025-10-26,WEB,YOWUS
BKG00008766,CUS0003020,2024-11-29,OTA,WOWBUS
BKG00008767,CUS0004893,2023-06-19,WEB,YOWRS
BKG00008768,CUS0000885,2025-05-16,OTA,WOWBUS
BKG00008769,CUS0001419,2023-10-28,WEB,BSSAVE
BKG00008770,CUS0003326,2025-03-15,OTA,YOWUS
BKG00008771,CUS0000271,2023-12-05,CTR,WOWBUS
BKG00008772,CUS0001945,2025-05-01,AGT,WOWBUS
BKG00008773,CUS0004675,2025-07-15,GDS,WOWBUS
BKG00008774,CUS0004095,2024-12-23,CTR,YOWUS
BKG00008775,CUS0001516,2024-08-16,WEB,WOWBUS
BKG00008776,CUS0004452,2025-06-19,CTR,GRPECO
BKG00008777,CUS0004250,2024-07-17,MOB,YOWRS
BKG00008778,CUS0004585,2024-01-09,CTR,WOWBUS
BKG00008779,CUS0004328,2025-10-28,OTA,CLXBUS
BKG00008780,CUS0003685,2023-07-30,CTR,YOWRS
BKG00008781,CUS0003377,2024-12-22,GDS,FLXFST
BKG00008782,CUS0003312,2025-06-03,MOB,CLXBUS
BKG00008783,CUS0001107,2025-08-16,AGT,YOWUS
BKG00008784,CUS0004454,2025-11-12,MOB,CLXBUS
BKG00008785,CUS0004199,2024-11-29,AGT,YOWRS
BKG00008786,CUS0001521,2026-02-27,OTA,BSSAVE
BKG00008787,CUS0003316,2025-08-04,GDS,CLXBUS
BKG00008788,CUS0003939,2026-02-27,OTA,BSSAVE
BKG00008789,CUS0003384,2024-07-08,OTA,CLXBUS
BKG00008790,CUS0000246,2024-01-19,OTA,GRPECO
BKG00008791,CUS0004578,2026-01-07,MOB,BSSAVE
BKG00008792,CUS0004055,2024-10-18,CTR,FLXFST
BKG00008793,CUS0003330,2024-02-26,MOB,GRPECO
BKG00008794,CUS0004866,2024-08-08,AGT,CLXSAV
BKG00008795,CUS0004246,2026-01-03,WEB,GRPECO
BKG00008796,CUS0003635,2025-02-24,OTA,CLXBUS
BKG00008797,CUS0004993,2025-05-04,CTR,BSSAVE
BKG00008798,CUS0002549,2024-01-30,GDS,GRPECO
BKG00008799,CUS0000724,2024-12-28,OTA,CLXBUS
BKG00008800,CUS0003146,2025-11-20,CTR,WOWBUS
BKG00008801,CUS0004662,2025-01-09,CTR,CLXSAV
BKG00008802,CUS0002043,2023-10-10,WEB,CLXSAV
BKG00008803,CUS0002706,2025-12-10,GDS,FLXFST
BKG00008804,CUS0002548,2026-01-28,AGT,BSSAVE
BKG00008805,CUS0001606,2023-10-28,CTR,CLXBUS
BKG00008806,CUS0000084,2024-02-22,MOB,FLXFST
BKG00008807,CUS0004779,2024-03-20,WEB,FLXFST
BKG00008808,CUS0002198,2025-09-17,CTR,FLXFST
BKG00008809,CUS0003199,2023-06-14,GDS,YOWRS
BKG00008810,CUS0000998,2024-10-23,AGT,BSSAVE
BKG00008811,CUS0001140,2023-08-04,CTR,BSSAVE
BKG00008812,CUS0001991,2025-08-05,AGT,BSSAVE
BKG00008813,CUS0002182,2026-04-05,GDS,GRPECO
BKG00008814,CUS0001126,2026-05-23,MOB,YOWUS
BKG00008815,CUS0001856,2024-06-15,GDS,WOWBUS
BKG00008816,CUS0001888,2024-05-05,GDS,CLXBUS
BKG00008817,CUS0000437,2024-09-24,GDS,YOWRS
BKG00008818,CUS0001670,2023-06-20,CTR,FLXFST
BKG00008819,CUS0004030,2024-09-21,OTA,CLXSAV
BKG00008820,CUS0004062,2024-02-07,CTR,WOWBUS
BKG00008821,CUS0000422,2024-11-16,OTA,CLXSAV
BKG00008822,CUS0002686,2025-08-15,CTR,FLXFST
BKG00008823,CUS0002667,2026-04-21,AGT,GRPECO
BKG00008824,CUS0003272,2024-11-29,AGT,CLXSAV
BKG00008825,CUS0003772,2026-05-12,CTR,FLXFST
BKG00008826,CUS0004601,2024-04-11,AGT,YOWUS
BKG00008827,CUS0000444,2026-01-26,OTA,CLXSAV
BKG00008828,CUS0000550,2026-03-17,AGT,BSSAVE
BKG00008829,CUS0003241,2025-09-29,AGT,GRPECO
BKG00008830,CUS0003477,2025-01-29,OTA,CLXBUS
BKG00008831,CUS0004929,2025-07-16,OTA,WOWBUS
BKG00008832,CUS0003394,2024-03-18,MOB,BSSAVE
BKG00008833,CUS0003825,2024-11-02,WEB,CLXSAV
BKG00008834,CUS0003368,2023-11-29,WEB,CLXBUS
BKG00008835,CUS0003559,2023-09-08,OTA,WOWBUS
BKG00008836,CUS0002059,2026-01-09,OTA,BSSAVE
BKG00008837,CUS0000347,2023-08-22,WEB,CLXBUS
BKG00008838,CUS0001237,2024-04-04,WEB,FLXFST
BKG00008839,CUS0003630,2026-03-08,OTA,GRPECO
BKG00008840,CUS0000818,2024-11-24,OTA,BSSAVE
BKG00008841,CUS0000416,2025-10-16,MOB,CLXSAV
BKG00008842,CUS0000679,2024-03-23,AGT,YOWRS
BKG00008843,CUS0004683,2025-04-17,CTR,CLXSAV
BKG00008844,CUS0000178,2026-05-21,OTA,FLXFST
BKG00008845,CUS0003065,2024-12-07,AGT,YOWRS
BKG00008846,CUS0001929,2025-02-06,MOB,CLXSAV
BKG00008847,CUS0004484,2024-05-27,OTA,YOWUS
BKG00008848,CUS0004452,2025-07-29,WEB,CLXBUS
BKG00008849,CUS0001537,2025-09-30,MOB,BSSAVE
BKG00008850,CUS0004610,2024-11-14,CTR,GRPECO
BKG00008851,CUS0003468,2025-01-18,GDS,WOWBUS
BKG00008852,CUS0001526,2025-09-09,GDS,YOWUS
BKG00008853,CUS0002287,2024-11-19,MOB,WOWBUS
BKG00008854,CUS0001675,2024-06-01,CTR,YOWRS
BKG00008855,CUS0000013,2026-04-14,GDS,YOWUS
BKG00008856,CUS0004141,2023-10-08,CTR,YOWRS
BKG00008857,CUS0004023,2025-12-17,WEB,YOWUS
BKG00008858,CUS0002979,2026-04-30,MOB,BSSAVE
BKG00008859,CUS0004941,2024-05-27,WEB,CLXBUS
BKG00008860,CUS0002864,2024-11-14,GDS,CLXBUS
BKG00008861,CUS0004755,2024-11-26,GDS,CLXSAV
BKG00008862,CUS0004904,2026-03-01,WEB,CLXSAV
BKG00008863,CUS0001088,2025-03-16,GDS,YOWUS
BKG00008864,CUS0001477,2026-03-07,OTA,FLXFST
BKG00008865,CUS0000784,2024-09-04,WEB,CLXBUS
BKG00008866,CUS0001766,2024-02-12,OTA,WOWBUS
BKG00008867,CUS0000367,2026-01-11,OTA,YOWUS
BKG00008868,CUS0003965,2023-12-20,GDS,CLXSAV
BKG00008869,CUS0001012,2025-05-28,MOB,YOWUS
BKG00008870,CUS0003508,2026-03-11,WEB,YOWUS
BKG00008871,CUS0004878,2025-04-28,MOB,BSSAVE
BKG00008872,CUS0000891,2025-08-31,GDS,GRPECO
BKG00008873,CUS0002356,2024-02-26,OTA,WOWBUS
BKG00008874,CUS0003768,2024-03-28,WEB,CLXBUS
BKG00008875,CUS0003662,2025-02-06,MOB,BSSAVE
BKG00008876,CUS0000359,2025-10-02,OTA,WOWBUS
BKG00008877,CUS0000678,2023-09-10,CTR,BSSAVE
BKG00008878,CUS0003633,2024-05-30,OTA,WOWBUS
BKG00008879,CUS0000713,2023-09-24,MOB,FLXFST
BKG00008880,CUS0003482,2024-07-19,GDS,CLXSAV
BKG00008881,CUS0003262,2024-06-05,WEB,BSSAVE
BKG00008882,CUS0001816,2024-09-20,MOB,FLXFST
BKG00008883,CUS0000709,2023-12-14,GDS,CLXSAV
BKG00008884,CUS0002784,2023-05-29,CTR,YOWUS
BKG00008885,CUS0003429,2024-06-16,MOB,CLXBUS
BKG00008886,CUS0003717,2024-02-13,OTA,CLXSAV
BKG00008887,CUS0002772,2024-09-20,MOB,FLXFST
BKG00008888,CUS0003743,2026-01-06,MOB,YOWUS
BKG00008889,CUS0001983,2024-05-08,GDS,GRPECO
BKG00008890,CUS0000471,2025-12-24,MOB,GRPECO
BKG00008891,CUS0002573,2025-04-29,WEB,YOWUS
BKG00008892,CUS0000064,2025-03-22,OTA,FLXFST
BKG00008893,CUS0004505,2025-08-20,GDS,YOWUS
BKG00008894,CUS0003492,2024-07-02,CTR,YOWUS
BKG00008895,CUS0002615,2026-03-31,GDS,YOWRS
BKG00008896,CUS0000582,2026-03-15,MOB,YOWRS
BKG00008897,CUS0004281,2025-08-03,WEB,FLXFST
BKG00008898,CUS0003717,2024-06-17,AGT,WOWBUS
BKG00008899,CUS0001477,2025-12-28,MOB,CLXSAV
BKG00008900,CUS0001538,2023-07-05,CTR,WOWBUS
BKG00008901,CUS0001896,2023-07-29,WEB,CLXSAV
BKG00008902,CUS0002234,2023-06-15,CTR,CLXBUS
BKG00008903,CUS0004774,2024-12-28,AGT,CLXSAV
BKG00008904,CUS0000671,2026-04-04,GDS,CLXSAV
BKG00008905,CUS0003876,2023-07-29,WEB,GRPECO
BKG00008906,CUS0004766,2026-01-30,OTA,WOWBUS
BKG00008907,CUS0001191,2024-03-21,WEB,WOWBUS
BKG00008908,CUS0000263,2024-01-09,MOB,CLXBUS
BKG00008909,CUS0001448,2024-03-07,GDS,CLXBUS
BKG00008910,CUS0003378,2025-12-26,AGT,CLXSAV
BKG00008911,CUS0002711,2025-01-01,AGT,YOWRS
BKG00008912,CUS0004699,2025-11-12,WEB,BSSAVE
BKG00008913,CUS0000283,2025-10-09,OTA,YOWRS
BKG00008914,CUS0000531,2026-01-04,OTA,CLXBUS
BKG00008915,CUS0004460,2024-04-13,CTR,YOWUS
BKG00008916,CUS0002590,2023-11-19,WEB,YOWUS
BKG00008917,CUS0004971,2026-05-04,MOB,WOWBUS
BKG00008918,CUS0002331,2024-09-15,GDS,CLXSAV
BKG00008919,CUS0002031,2024-10-09,MOB,FLXFST
BKG00008920,CUS0001664,2025-01-05,MOB,YOWUS
BKG00008921,CUS0002587,2026-05-12,GDS,CLXSAV
BKG00008922,CUS0002480,2025-03-20,MOB,GRPECO
BKG00008923,CUS0000434,2024-01-22,WEB,CLXBUS
BKG00008924,CUS0000980,2024-10-06,GDS,CLXBUS
BKG00008925,CUS0001912,2024-03-06,GDS,GRPECO
BKG00008926,CUS0000271,2025-08-26,AGT,BSSAVE
BKG00008927,CUS0000786,2024-02-18,GDS,YOWUS
BKG00008928,CUS0002209,2026-02-01,GDS,YOWUS
BKG00008929,CUS0000912,2024-12-02,MOB,CLXSAV
BKG00008930,CUS0001390,2023-10-31,CTR,WOWBUS
BKG00008931,CUS0001739,2026-01-31,AGT,GRPECO
BKG00008932,CUS0000759,2025-01-06,GDS,CLXSAV
BKG00008933,CUS0003119,2024-09-06,CTR,YOWRS
BKG00008934,CUS0003720,2025-01-06,GDS,GRPECO
BKG00008935,CUS0003072,2024-10-21,WEB,CLXSAV
BKG00008936,CUS0004951,2024-05-07,WEB,GRPECO
BKG00008937,CUS0001940,2026-02-24,AGT,WOWBUS
BKG00008938,CUS0000251,2023-05-25,AGT,YOWRS
BKG00008939,CUS0000469,2023-10-05,AGT,CLXSAV
BKG00008940,CUS0002975,2026-01-03,CTR,YOWRS
BKG00008941,CUS0003101,2024-03-12,CTR,WOWBUS
BKG00008942,CUS0002027,2025-09-08,AGT,YOWRS
BKG00008943,CUS0003999,2024-08-30,CTR,WOWBUS
BKG00008944,CUS0003079,2026-04-07,OTA,GRPECO
BKG00008945,CUS0000229,2024-06-26,CTR,CLXBUS
BKG00008946,CUS0002458,2023-07-05,WEB,FLXFST
BKG00008947,CUS0002871,2024-09-10,AGT,CLXBUS
BKG00008948,CUS0002908,2025-04-16,MOB,CLXSAV
BKG00008949,CUS0004678,2025-04-25,MOB,CLXSAV
BKG00008950,CUS0003827,2024-11-27,WEB,GRPECO
BKG00008951,CUS0003131,2023-10-10,OTA,YOWUS
BKG00008952,CUS0004724,2024-12-04,OTA,FLXFST
BKG00008953,CUS0001474,2024-02-11,WEB,GRPECO
BKG00008954,CUS0004408,2024-09-21,AGT,CLXSAV
BKG00008955,CUS0003485,2025-02-24,MOB,BSSAVE
BKG00008956,CUS0003688,2025-01-10,WEB,BSSAVE
BKG00008957,CUS0003365,2024-02-29,WEB,BSSAVE
BKG00008958,CUS0003138,2025-09-21,AGT,YOWRS
BKG00008959,CUS0000994,2025-08-04,CTR,FLXFST
BKG00008960,CUS0004199,2024-09-25,WEB,YOWRS
BKG00008961,CUS0000217,2024-01-17,CTR,WOWBUS
BKG00008962,CUS0003572,2024-12-02,WEB,YOWRS
BKG00008963,CUS0004830,2024-04-30,OTA,YOWUS
BKG00008964,CUS0004553,2023-08-04,WEB,GRPECO
BKG00008965,CUS0000402,2024-02-24,WEB,WOWBUS
BKG00008966,CUS0001114,2023-10-11,GDS,FLXFST
BKG00008967,CUS0001377,2025-02-16,CTR,YOWUS
BKG00008968,CUS0002824,2025-06-10,AGT,GRPECO
BKG00008969,CUS0003809,2024-03-22,GDS,GRPECO
BKG00008970,CUS0000408,2025-08-29,WEB,CLXBUS
BKG00008971,CUS0004823,2023-05-29,GDS,BSSAVE
BKG00008972,CUS0003160,2024-09-08,CTR,BSSAVE
BKG00008973,CUS0000824,2025-04-22,WEB,CLXSAV
BKG00008974,CUS0003497,2025-02-20,AGT,FLXFST
BKG00008975,CUS0002507,2025-04-27,GDS,YOWUS
BKG00008976,CUS0004022,2025-05-29,GDS,WOWBUS
BKG00008977,CUS0002605,2025-09-11,CTR,CLXSAV
BKG00008978,CUS0003198,2026-02-26,AGT,YOWRS
BKG00008979,CUS0004857,2024-06-10,MOB,BSSAVE
BKG00008980,CUS0000303,2025-12-25,OTA,YOWRS
BKG00008981,CUS0001677,2023-08-17,OTA,FLXFST
BKG00008982,CUS0001968,2023-10-04,AGT,GRPECO
BKG00008983,CUS0002313,2025-07-14,AGT,BSSAVE
BKG00008984,CUS0002882,2024-04-13,WEB,YOWUS
BKG00008985,CUS0004064,2026-05-17,OTA,YOWRS
BKG00008986,CUS0003477,2025-08-21,GDS,CLXBUS
BKG00008987,CUS0004301,2024-08-04,GDS,GRPECO
BKG00008988,CUS0001550,2024-08-02,OTA,YOWRS
BKG00008989,CUS0004514,2023-08-22,MOB,YOWRS
BKG00008990,CUS0004015,2024-05-11,AGT,GRPECO
BKG00008991,CUS0002148,2026-04-30,CTR,GRPECO
BKG00008992,CUS0002312,2026-01-17,GDS,GRPECO
BKG00008993,CUS0004975,2023-08-19,MOB,CLXSAV
BKG00008994,CUS0002729,2023-10-21,AGT,CLXBUS
BKG00008995,CUS0001771,2023-08-11,CTR,WOWBUS
BKG00008996,CUS0003055,2024-03-29,GDS,GRPECO
BKG00008997,CUS0001018,2026-01-20,MOB,CLXSAV
BKG00008998,CUS0001185,2024-08-28,WEB,YOWRS
BKG00008999,CUS0001640,2026-01-03,WEB,FLXFST
BKG00009000,CUS0002083,2023-08-13,GDS,YOWRS
BKG00009001,CUS0001219,2024-03-10,GDS,GRPECO
BKG00009002,CUS0000917,2024-02-27,CTR,YOWRS
BKG00009003,CUS0004658,2024-10-17,GDS,WOWBUS
BKG00009004,CUS0001728,2024-10-24,OTA,WOWBUS
BKG00009005,CUS0000308,2025-12-10,MOB,YOWRS
BKG00009006,CUS0002010,2023-08-18,CTR,GRPECO
BKG00009007,CUS0004562,2025-02-13,MOB,YOWUS
BKG00009008,CUS0002630,2023-09-06,AGT,FLXFST
BKG00009009,CUS0004345,2025-08-18,MOB,GRPECO
BKG00009010,CUS0003064,2025-10-05,MOB,WOWBUS
BKG00009011,CUS0002699,2026-05-22,OTA,BSSAVE
BKG00009012,CUS0003470,2025-05-28,AGT,BSSAVE
BKG00009013,CUS0000437,2023-12-27,MOB,CLXBUS
BKG00009014,CUS0004497,2023-12-06,GDS,CLXBUS
BKG00009015,CUS0003933,2024-04-21,CTR,YOWRS
BKG00009016,CUS0000932,2026-02-11,MOB,BSSAVE
BKG00009017,CUS0003304,2026-01-31,CTR,WOWBUS
BKG00009018,CUS0002379,2024-11-27,AGT,CLXSAV
BKG00009019,CUS0001002,2026-03-05,GDS,WOWBUS
BKG00009020,CUS0004675,2024-05-22,MOB,BSSAVE
BKG00009021,CUS0001126,2023-08-08,CTR,WOWBUS
BKG00009022,CUS0000678,2024-05-07,GDS,GRPECO
BKG00009023,CUS0004184,2024-05-02,GDS,CLXSAV
BKG00009024,CUS0000067,2025-02-21,MOB,CLXBUS
BKG00009025,CUS0003600,2025-06-09,OTA,YOWUS
BKG00009026,CUS0002591,2025-11-10,OTA,GRPECO
BKG00009027,CUS0004055,2025-09-21,AGT,GRPECO
BKG00009028,CUS0004609,2024-06-07,WEB,GRPECO
BKG00009029,CUS0002463,2024-02-15,MOB,YOWRS
BKG00009030,CUS0001029,2025-07-24,AGT,CLXBUS
BKG00009031,CUS0001735,2026-04-03,OTA,CLXSAV
BKG00009032,CUS0001691,2025-10-23,OTA,WOWBUS
BKG00009033,CUS0004120,2023-10-26,AGT,YOWRS
BKG00009034,CUS0000563,2025-01-16,AGT,CLXSAV
BKG00009035,CUS0004055,2025-03-04,OTA,YOWUS
BKG00009036,CUS0004814,2023-09-28,MOB,GRPECO
BKG00009037,CUS0001294,2023-12-14,WEB,CLXBUS
BKG00009038,CUS0004224,2025-01-11,WEB,WOWBUS
BKG00009039,CUS0003118,2026-02-24,CTR,CLXSAV
BKG00009040,CUS0003693,2025-08-15,AGT,CLXSAV
BKG00009041,CUS0003422,2023-11-08,MOB,CLXBUS
BKG00009042,CUS0001615,2023-11-11,MOB,YOWRS
BKG00009043,CUS0003334,2026-01-23,CTR,FLXFST
BKG00009044,CUS0003774,2025-08-28,WEB,CLXSAV
BKG00009045,CUS0002659,2024-03-04,WEB,FLXFST
BKG00009046,CUS0004691,2026-03-05,OTA,WOWBUS
BKG00009047,CUS0004745,2024-09-12,AGT,CLXBUS
BKG00009048,CUS0002180,2025-11-02,WEB,YOWUS
BKG00009049,CUS0000553,2026-05-10,WEB,CLXBUS
BKG00009050,CUS0001196,2024-03-19,GDS,GRPECO
BKG00009051,CUS0002134,2024-01-16,CTR,WOWBUS
BKG00009052,CUS0002858,2025-09-25,OTA,BSSAVE
BKG00009053,CUS0000940,2026-04-11,WEB,YOWRS
BKG00009054,CUS0004298,2024-04-17,WEB,FLXFST
BKG00009055,CUS0000931,2024-01-28,MOB,BSSAVE
BKG00009056,CUS0004803,2024-10-18,MOB,CLXSAV
BKG00009057,CUS0003673,2024-10-05,OTA,WOWBUS
BKG00009058,CUS0004331,2025-05-01,OTA,YOWRS
BKG00009059,CUS0000826,2026-03-02,WEB,CLXSAV
BKG00009060,CUS0004092,2024-08-19,WEB,WOWBUS
BKG00009061,CUS0002455,2024-08-24,GDS,CLXSAV
BKG00009062,CUS0003241,2024-09-13,WEB,YOWRS
BKG00009063,CUS0003376,2024-10-26,OTA,BSSAVE
BKG00009064,CUS0003149,2026-01-26,MOB,CLXBUS
BKG00009065,CUS0002739,2025-03-05,OTA,CLXBUS
BKG00009066,CUS0003410,2025-11-11,MOB,YOWUS
BKG00009067,CUS0001458,2024-05-27,WEB,WOWBUS
BKG00009068,CUS0002800,2024-12-21,AGT,CLXBUS
BKG00009069,CUS0003190,2025-09-02,CTR,BSSAVE
BKG00009070,CUS0001181,2024-05-10,AGT,WOWBUS
BKG00009071,CUS0004667,2024-12-25,OTA,YOWUS
BKG00009072,CUS0004016,2024-06-17,WEB,GRPECO
BKG00009073,CUS0002017,2023-09-22,AGT,CLXBUS
BKG00009074,CUS0001877,2023-08-26,OTA,FLXFST
BKG00009075,CUS0003138,2024-03-27,WEB,CLXSAV
BKG00009076,CUS0002124,2024-02-06,GDS,YOWUS
BKG00009077,CUS0000415,2025-04-01,GDS,YOWUS
BKG00009078,CUS0002047,2025-05-12,CTR,YOWRS
BKG00009079,CUS0000422,2025-09-30,GDS,CLXSAV
BKG00009080,CUS0000888,2025-09-24,GDS,WOWBUS
BKG00009081,CUS0002764,2025-04-29,MOB,YOWRS
BKG00009082,CUS0002128,2025-12-11,AGT,YOWRS
BKG00009083,CUS0001453,2025-03-12,WEB,BSSAVE
BKG00009084,CUS0001356,2026-05-21,OTA,YOWRS
BKG00009085,CUS0003995,2025-03-08,OTA,FLXFST
BKG00009086,CUS0000552,2023-11-23,GDS,YOWUS
BKG00009087,CUS0004976,2023-12-04,OTA,FLXFST
BKG00009088,CUS0002074,2024-05-27,AGT,YOWRS
BKG00009089,CUS0004332,2023-05-28,AGT,CLXSAV
BKG00009090,CUS0002211,2023-10-24,WEB,WOWBUS
BKG00009091,CUS0001789,2024-06-19,AGT,WOWBUS
BKG00009092,CUS0003562,2024-08-07,GDS,CLXSAV
BKG00009093,CUS0000102,2024-09-01,MOB,CLXSAV
BKG00009094,CUS0004893,2024-08-16,WEB,CLXSAV
BKG00009095,CUS0003532,2023-11-19,AGT,CLXSAV
BKG00009096,CUS0004522,2023-08-08,WEB,GRPECO
BKG00009097,CUS0000811,2024-09-12,AGT,CLXSAV
BKG00009098,CUS0003879,2025-10-13,CTR,BSSAVE
BKG00009099,CUS0004636,2025-03-02,WEB,CLXSAV
BKG00009100,CUS0001456,2025-08-27,AGT,CLXBUS
BKG00009101,CUS0004855,2026-01-11,MOB,BSSAVE
BKG00009102,CUS0000702,2023-06-25,CTR,YOWRS
BKG00009103,CUS0000841,2025-03-17,AGT,CLXBUS
BKG00009104,CUS0001311,2024-05-03,CTR,CLXBUS
BKG00009105,CUS0004127,2025-05-04,WEB,CLXBUS
BKG00009106,CUS0000903,2025-01-30,OTA,YOWUS
BKG00009107,CUS0000689,2025-01-28,MOB,CLXSAV
BKG00009108,CUS0003251,2023-09-10,CTR,WOWBUS
BKG00009109,CUS0004756,2024-07-09,WEB,CLXBUS
BKG00009110,CUS0001380,2024-06-23,GDS,CLXSAV
BKG00009111,CUS0001261,2026-05-14,WEB,YOWRS
BKG00009112,CUS0001330,2025-08-26,AGT,YOWUS
BKG00009113,CUS0000886,2025-12-01,GDS,CLXBUS
BKG00009114,CUS0000352,2023-08-16,MOB,YOWUS
BKG00009115,CUS0004146,2025-01-19,AGT,CLXBUS
BKG00009116,CUS0002517,2024-09-27,GDS,FLXFST
BKG00009117,CUS0003304,2025-11-11,OTA,CLXBUS
BKG00009118,CUS0004455,2024-05-15,WEB,BSSAVE
BKG00009119,CUS0003796,2025-04-29,MOB,YOWRS
BKG00009120,CUS0002026,2026-01-15,AGT,FLXFST
BKG00009121,CUS0003745,2024-05-10,AGT,CLXSAV
BKG00009122,CUS0004970,2023-05-27,WEB,FLXFST
BKG00009123,CUS0002558,2023-08-31,OTA,YOWRS
BKG00009124,CUS0002568,2024-04-19,MOB,BSSAVE
BKG00009125,CUS0000932,2026-04-21,CTR,YOWUS
BKG00009126,CUS0000780,2026-04-13,WEB,WOWBUS
BKG00009127,CUS0000505,2023-10-29,CTR,CLXSAV
BKG00009128,CUS0001126,2023-08-26,MOB,YOWRS
BKG00009129,CUS0002944,2024-10-24,GDS,BSSAVE
BKG00009130,CUS0001932,2025-05-07,OTA,BSSAVE
BKG00009131,CUS0004450,2023-11-09,OTA,YOWUS
BKG00009132,CUS0001028,2025-03-24,MOB,CLXBUS
BKG00009133,CUS0003233,2025-10-23,MOB,FLXFST
BKG00009134,CUS0003905,2025-12-20,WEB,WOWBUS
BKG00009135,CUS0001296,2024-09-06,WEB,BSSAVE
BKG00009136,CUS0002566,2024-05-08,MOB,CLXBUS
BKG00009137,CUS0001302,2025-10-17,MOB,FLXFST
BKG00009138,CUS0003613,2023-10-06,WEB,GRPECO
BKG00009139,CUS0003884,2025-08-19,GDS,YOWUS
BKG00009140,CUS0002548,2024-10-14,MOB,WOWBUS
BKG00009141,CUS0004834,2025-01-19,CTR,GRPECO
BKG00009142,CUS0003495,2025-10-12,AGT,FLXFST
BKG00009143,CUS0003849,2025-03-31,OTA,YOWUS
BKG00009144,CUS0004417,2025-05-28,AGT,GRPECO
BKG00009145,CUS0003988,2024-08-31,MOB,YOWRS
BKG00009146,CUS0000326,2026-03-01,GDS,CLXSAV
BKG00009147,CUS0001463,2025-09-20,OTA,YOWUS
BKG00009148,CUS0000168,2026-03-06,MOB,WOWBUS
BKG00009149,CUS0000294,2024-08-05,OTA,YOWRS
BKG00009150,CUS0000153,2025-04-21,AGT,GRPECO
BKG00009151,CUS0001185,2024-10-20,OTA,GRPECO
BKG00009152,CUS0001127,2025-08-08,OTA,CLXBUS
BKG00009153,CUS0001498,2025-01-21,GDS,CLXSAV
BKG00009154,CUS0002371,2024-01-05,WEB,FLXFST
BKG00009155,CUS0004357,2023-10-17,CTR,WOWBUS
BKG00009156,CUS0004863,2025-08-15,MOB,GRPECO
BKG00009157,CUS0003559,2025-06-26,AGT,WOWBUS
BKG00009158,CUS0004759,2024-10-19,CTR,CLXSAV
BKG00009159,CUS0001518,2024-08-07,MOB,YOWRS
BKG00009160,CUS0004517,2026-04-24,MOB,WOWBUS
BKG00009161,CUS0003124,2023-06-27,AGT,WOWBUS
BKG00009162,CUS0001364,2026-02-12,GDS,FLXFST
BKG00009163,CUS0004227,2025-03-22,WEB,GRPECO
BKG00009164,CUS0000326,2024-09-27,OTA,BSSAVE
BKG00009165,CUS0001903,2025-06-17,OTA,GRPECO
BKG00009166,CUS0001893,2023-06-04,WEB,CLXSAV
BKG00009167,CUS0004742,2024-01-14,MOB,YOWRS
BKG00009168,CUS0000661,2024-01-19,AGT,FLXFST
BKG00009169,CUS0004740,2024-08-23,CTR,BSSAVE
BKG00009170,CUS0000663,2024-10-27,AGT,WOWBUS
BKG00009171,CUS0002612,2025-10-03,MOB,CLXBUS
BKG00009172,CUS0003831,2024-11-11,AGT,YOWUS
BKG00009173,CUS0002836,2024-01-18,WEB,GRPECO
BKG00009174,CUS0000028,2025-05-01,GDS,GRPECO
BKG00009175,CUS0003072,2025-07-02,WEB,CLXBUS
BKG00009176,CUS0004640,2023-12-02,OTA,FLXFST
BKG00009177,CUS0001621,2024-05-25,OTA,GRPECO
BKG00009178,CUS0003096,2023-06-14,CTR,FLXFST
BKG00009179,CUS0003397,2026-02-26,MOB,YOWRS
BKG00009180,CUS0001948,2024-11-19,CTR,YOWUS
BKG00009181,CUS0002666,2025-12-30,CTR,CLXSAV
BKG00009182,CUS0000598,2025-05-24,CTR,CLXBUS
BKG00009183,CUS0004526,2025-03-18,OTA,CLXSAV
BKG00009184,CUS0002277,2023-11-10,AGT,BSSAVE
BKG00009185,CUS0001335,2025-09-12,OTA,CLXSAV
BKG00009186,CUS0002758,2026-03-08,WEB,WOWBUS
BKG00009187,CUS0001548,2023-07-22,AGT,YOWUS
BKG00009188,CUS0002683,2023-11-19,CTR,YOWRS
BKG00009189,CUS0002876,2024-12-14,OTA,YOWRS
BKG00009190,CUS0004767,2026-03-21,GDS,WOWBUS
BKG00009191,CUS0002904,2024-12-24,WEB,YOWRS
BKG00009192,CUS0000213,2023-12-03,CTR,FLXFST
BKG00009193,CUS0004079,2024-04-14,OTA,CLXSAV
BKG00009194,CUS0000879,2024-03-15,AGT,WOWBUS
BKG00009195,CUS0003514,2024-08-22,MOB,FLXFST
BKG00009196,CUS0002913,2023-10-24,AGT,YOWUS
BKG00009197,CUS0002746,2024-02-12,AGT,YOWUS
BKG00009198,CUS0002063,2024-03-25,WEB,GRPECO
BKG00009199,CUS0001945,2026-05-07,GDS,BSSAVE
BKG00009200,CUS0001153,2023-08-31,MOB,CLXBUS
BKG00009201,CUS0001101,2024-12-02,GDS,GRPECO
BKG00009202,CUS0004116,2023-08-11,GDS,YOWUS
BKG00009203,CUS0001628,2026-04-09,AGT,BSSAVE
BKG00009204,CUS0001774,2024-04-11,AGT,YOWRS
BKG00009205,CUS0001147,2024-06-13,CTR,YOWRS
BKG00009206,CUS0003616,2025-05-30,WEB,WOWBUS
BKG00009207,CUS0002895,2026-02-13,OTA,GRPECO
BKG00009208,CUS0002623,2025-06-16,MOB,YOWRS
BKG00009209,CUS0000579,2025-06-14,MOB,GRPECO
BKG00009210,CUS0002599,2026-03-21,CTR,FLXFST
BKG00009211,CUS0002001,2026-04-22,GDS,WOWBUS
BKG00009212,CUS0000577,2024-06-25,WEB,CLXBUS
BKG00009213,CUS0004968,2025-05-22,MOB,WOWBUS
BKG00009214,CUS0000862,2024-08-28,WEB,FLXFST
BKG00009215,CUS0001327,2025-03-30,MOB,YOWUS
BKG00009216,CUS0003539,2025-05-29,AGT,CLXSAV
BKG00009217,CUS0004764,2024-05-27,OTA,YOWUS
BKG00009218,CUS0000220,2025-08-07,MOB,YOWRS
BKG00009219,CUS0004174,2025-12-22,WEB,WOWBUS
BKG00009220,CUS0003421,2025-02-26,OTA,CLXSAV
BKG00009221,CUS0000760,2023-06-26,AGT,YOWUS
BKG00009222,CUS0000365,2023-06-06,MOB,YOWRS
BKG00009223,CUS0004103,2023-08-07,MOB,CLXBUS
BKG00009224,CUS0000621,2024-03-22,AGT,CLXBUS
BKG00009225,CUS0000195,2023-12-06,CTR,YOWRS
BKG00009226,CUS0003668,2023-07-12,WEB,BSSAVE
BKG00009227,CUS0004242,2024-12-28,OTA,FLXFST
BKG00009228,CUS0000514,2025-01-29,GDS,GRPECO
BKG00009229,CUS0004366,2024-05-16,GDS,WOWBUS
BKG00009230,CUS0001506,2023-09-19,WEB,CLXBUS
BKG00009231,CUS0004653,2026-01-26,CTR,GRPECO
BKG00009232,CUS0000089,2026-05-20,MOB,BSSAVE
BKG00009233,CUS0000169,2025-06-01,OTA,WOWBUS
BKG00009234,CUS0002551,2026-04-22,AGT,GRPECO
BKG00009235,CUS0002096,2025-05-18,MOB,WOWBUS
BKG00009236,CUS0002514,2023-11-17,OTA,BSSAVE
BKG00009237,CUS0000856,2026-04-26,WEB,FLXFST
BKG00009238,CUS0002960,2023-12-16,WEB,YOWUS
BKG00009239,CUS0000171,2024-01-16,OTA,FLXFST
BKG00009240,CUS0000016,2025-09-29,WEB,YOWUS
BKG00009241,CUS0002395,2023-08-10,WEB,WOWBUS
BKG00009242,CUS0001000,2024-08-28,MOB,CLXSAV
BKG00009243,CUS0003002,2024-08-08,OTA,GRPECO
BKG00009244,CUS0004680,2023-12-06,OTA,BSSAVE
BKG00009245,CUS0000388,2024-08-01,AGT,GRPECO
BKG00009246,CUS0001203,2023-11-24,AGT,BSSAVE
BKG00009247,CUS0001901,2025-01-06,CTR,CLXSAV
BKG00009248,CUS0003468,2025-03-10,AGT,GRPECO
BKG00009249,CUS0001069,2023-07-31,AGT,YOWRS
BKG00009250,CUS0004007,2025-06-19,GDS,YOWRS
BKG00009251,CUS0004283,2024-02-15,CTR,GRPECO
BKG00009252,CUS0004537,2025-12-06,GDS,GRPECO
BKG00009253,CUS0003470,2026-01-13,GDS,GRPECO
BKG00009254,CUS0003040,2025-08-01,WEB,WOWBUS
BKG00009255,CUS0004097,2025-11-25,GDS,GRPECO
BKG00009256,CUS0000627,2024-11-23,MOB,WOWBUS
BKG00009257,CUS0004969,2024-11-02,CTR,YOWRS
BKG00009258,CUS0004367,2024-03-19,CTR,WOWBUS
BKG00009259,CUS0003740,2024-08-11,AGT,BSSAVE
BKG00009260,CUS0000342,2024-10-16,OTA,GRPECO
BKG00009261,CUS0001842,2025-06-22,WEB,CLXBUS
BKG00009262,CUS0002960,2024-11-14,WEB,CLXBUS
BKG00009263,CUS0002614,2025-01-31,OTA,FLXFST
BKG00009264,CUS0004177,2025-08-24,WEB,GRPECO
BKG00009265,CUS0001830,2024-05-09,OTA,YOWRS
BKG00009266,CUS0004412,2024-08-26,CTR,YOWUS
BKG00009267,CUS0004085,2025-08-21,CTR,FLXFST
BKG00009268,CUS0002554,2024-02-28,AGT,YOWUS
BKG00009269,CUS0002032,2026-02-24,AGT,YOWRS
BKG00009270,CUS0002850,2024-01-01,GDS,CLXSAV
BKG00009271,CUS0004178,2025-04-18,OTA,WOWBUS
BKG00009272,CUS0004660,2025-06-04,WEB,CLXSAV
BKG00009273,CUS0001954,2025-08-20,AGT,FLXFST
BKG00009274,CUS0001149,2025-12-10,WEB,CLXSAV
BKG00009275,CUS0002285,2024-03-31,OTA,WOWBUS
BKG00009276,CUS0001930,2024-06-29,CTR,BSSAVE
BKG00009277,CUS0003671,2025-08-17,WEB,CLXSAV
BKG00009278,CUS0002062,2024-06-18,WEB,FLXFST
BKG00009279,CUS0001867,2026-02-09,CTR,CLXSAV
BKG00009280,CUS0003445,2024-05-14,GDS,YOWUS
BKG00009281,CUS0001150,2024-03-30,WEB,GRPECO
BKG00009282,CUS0000612,2024-04-26,OTA,WOWBUS
BKG00009283,CUS0003758,2024-03-22,CTR,CLXBUS
BKG00009284,CUS0001523,2025-02-08,WEB,CLXSAV
BKG00009285,CUS0002942,2024-01-05,AGT,CLXSAV
BKG00009286,CUS0002758,2024-07-13,MOB,CLXSAV
BKG00009287,CUS0002188,2025-07-22,OTA,YOWUS
BKG00009288,CUS0003688,2025-10-30,CTR,FLXFST
BKG00009289,CUS0003736,2023-08-12,GDS,BSSAVE
BKG00009290,CUS0001110,2023-06-01,WEB,YOWUS
BKG00009291,CUS0000318,2023-06-24,GDS,BSSAVE
BKG00009292,CUS0000075,2023-10-25,OTA,YOWUS
BKG00009293,CUS0002543,2025-12-04,GDS,YOWRS
BKG00009294,CUS0001023,2023-07-08,MOB,CLXBUS
BKG00009295,CUS0003298,2025-11-05,WEB,GRPECO
BKG00009296,CUS0003007,2024-04-08,AGT,GRPECO
BKG00009297,CUS0004403,2025-10-07,AGT,YOWUS
BKG00009298,CUS0002290,2025-05-30,WEB,YOWUS
BKG00009299,CUS0002545,2026-02-27,CTR,FLXFST
BKG00009300,CUS0003350,2025-02-15,GDS,YOWRS
BKG00009301,CUS0004275,2026-04-07,GDS,CLXBUS
BKG00009302,CUS0002240,2026-03-15,MOB,FLXFST
BKG00009303,CUS0001033,2026-02-28,OTA,CLXBUS
BKG00009304,CUS0004077,2023-10-02,WEB,CLXBUS
BKG00009305,CUS0004612,2026-01-24,CTR,FLXFST
BKG00009306,CUS0003851,2026-03-18,WEB,YOWRS
BKG00009307,CUS0000129,2024-09-17,WEB,GRPECO
BKG00009308,CUS0003820,2025-05-15,WEB,WOWBUS
BKG00009309,CUS0001985,2024-03-16,MOB,CLXSAV
BKG00009310,CUS0003795,2024-04-13,WEB,CLXBUS
BKG00009311,CUS0002407,2024-03-03,MOB,YOWUS
BKG00009312,CUS0003798,2026-05-17,MOB,BSSAVE
BKG00009313,CUS0002523,2023-12-06,GDS,FLXFST
BKG00009314,CUS0004343,2023-08-27,CTR,GRPECO
BKG00009315,CUS0002101,2026-03-29,CTR,YOWUS
BKG00009316,CUS0001752,2025-02-04,AGT,YOWUS
BKG00009317,CUS0002137,2026-03-31,MOB,YOWRS
BKG00009318,CUS0003802,2024-03-30,GDS,BSSAVE
BKG00009319,CUS0002140,2026-02-07,GDS,BSSAVE
BKG00009320,CUS0002324,2024-05-07,GDS,YOWUS
BKG00009321,CUS0002315,2025-10-30,CTR,YOWRS
BKG00009322,CUS0000863,2025-12-27,AGT,WOWBUS
BKG00009323,CUS0000485,2024-12-26,WEB,FLXFST
BKG00009324,CUS0002363,2026-03-14,MOB,BSSAVE
BKG00009325,CUS0002028,2024-05-10,WEB,CLXBUS
BKG00009326,CUS0002927,2024-08-03,AGT,FLXFST
BKG00009327,CUS0003045,2023-11-04,WEB,YOWRS
BKG00009328,CUS0001361,2023-06-04,GDS,CLXSAV
BKG00009329,CUS0004872,2024-05-25,WEB,GRPECO
BKG00009330,CUS0000466,2024-06-30,WEB,WOWBUS
BKG00009331,CUS0002222,2024-11-28,MOB,GRPECO
BKG00009332,CUS0002219,2024-11-17,MOB,BSSAVE
BKG00009333,CUS0002901,2026-05-04,GDS,GRPECO
BKG00009334,CUS0002425,2024-11-11,WEB,CLXSAV
BKG00009335,CUS0001721,2023-08-19,GDS,BSSAVE
BKG00009336,CUS0002583,2023-11-07,WEB,BSSAVE
BKG00009337,CUS0001684,2024-07-06,WEB,YOWRS
BKG00009338,CUS0002758,2024-10-29,OTA,YOWRS
BKG00009339,CUS0000545,2024-04-06,WEB,YOWUS
BKG00009340,CUS0001127,2023-08-20,WEB,FLXFST
BKG00009341,CUS0000095,2026-04-10,GDS,YOWRS
BKG00009342,CUS0002031,2025-06-17,AGT,FLXFST
BKG00009343,CUS0004777,2026-03-20,MOB,YOWUS
BKG00009344,CUS0000271,2026-03-02,OTA,BSSAVE
BKG00009345,CUS0001447,2026-01-31,WEB,CLXBUS
BKG00009346,CUS0002170,2024-04-28,MOB,FLXFST
BKG00009347,CUS0003586,2023-08-13,AGT,WOWBUS
BKG00009348,CUS0002995,2023-07-10,MOB,CLXBUS
BKG00009349,CUS0001115,2024-02-19,OTA,FLXFST
BKG00009350,CUS0000983,2023-12-19,WEB,FLXFST
BKG00009351,CUS0000891,2025-11-29,AGT,CLXSAV
BKG00009352,CUS0004677,2023-05-30,AGT,CLXBUS
BKG00009353,CUS0002213,2023-08-17,AGT,BSSAVE
BKG00009354,CUS0003385,2026-04-02,AGT,YOWRS
BKG00009355,CUS0004375,2025-04-08,OTA,CLXSAV
BKG00009356,CUS0002578,2025-04-08,MOB,GRPECO
BKG00009357,CUS0002595,2024-06-04,CTR,BSSAVE
BKG00009358,CUS0003289,2025-06-07,CTR,BSSAVE
BKG00009359,CUS0003021,2026-03-14,WEB,YOWRS
BKG00009360,CUS0002210,2026-03-14,CTR,CLXBUS
BKG00009361,CUS0000258,2025-03-28,MOB,WOWBUS
BKG00009362,CUS0001095,2024-10-15,MOB,CLXSAV
BKG00009363,CUS0004548,2024-12-24,OTA,WOWBUS
BKG00009364,CUS0002850,2024-12-18,CTR,YOWUS
BKG00009365,CUS0001690,2023-07-19,AGT,CLXSAV
BKG00009366,CUS0001405,2024-08-14,CTR,YOWUS
BKG00009367,CUS0002754,2024-09-11,WEB,GRPECO
BKG00009368,CUS0002590,2025-01-25,WEB,GRPECO
BKG00009369,CUS0004166,2024-03-07,WEB,GRPECO
BKG00009370,CUS0001736,2024-02-17,OTA,CLXBUS
BKG00009371,CUS0002415,2023-06-13,MOB,CLXSAV
BKG00009372,CUS0001482,2026-04-12,OTA,GRPECO
BKG00009373,CUS0004034,2024-03-20,GDS,GRPECO
BKG00009374,CUS0002074,2025-02-04,OTA,CLXBUS
BKG00009375,CUS0004633,2025-12-15,GDS,CLXBUS
BKG00009376,CUS0004812,2025-12-13,MOB,YOWUS
BKG00009377,CUS0002508,2025-11-29,GDS,CLXBUS
BKG00009378,CUS0000434,2024-10-26,WEB,FLXFST
BKG00009379,CUS0000072,2025-05-30,GDS,BSSAVE
BKG00009380,CUS0003197,2024-11-13,OTA,FLXFST
BKG00009381,CUS0001032,2024-06-09,AGT,GRPECO
BKG00009382,CUS0002984,2025-08-04,OTA,WOWBUS
BKG00009383,CUS0004071,2023-08-01,GDS,WOWBUS
BKG00009384,CUS0004608,2026-02-13,OTA,CLXBUS
BKG00009385,CUS0003112,2024-02-26,WEB,YOWRS
BKG00009386,CUS0001145,2025-12-25,WEB,YOWUS
BKG00009387,CUS0002083,2025-11-17,WEB,GRPECO
BKG00009388,CUS0001288,2025-12-01,OTA,CLXBUS
BKG00009389,CUS0002902,2023-11-02,AGT,WOWBUS
BKG00009390,CUS0004941,2024-03-08,GDS,YOWUS
BKG00009391,CUS0000759,2026-02-02,GDS,YOWUS
BKG00009392,CUS0004699,2023-06-27,CTR,WOWBUS
BKG00009393,CUS0001158,2023-12-13,AGT,CLXBUS
BKG00009394,CUS0003840,2025-08-12,WEB,GRPECO
BKG00009395,CUS0004618,2023-08-13,MOB,FLXFST
BKG00009396,CUS0001115,2024-01-29,OTA,YOWRS
BKG00009397,CUS0003907,2023-09-12,OTA,WOWBUS
BKG00009398,CUS0001019,2024-05-15,AGT,FLXFST
BKG00009399,CUS0000466,2024-02-16,MOB,BSSAVE
BKG00009400,CUS0003046,2026-04-22,WEB,WOWBUS
BKG00009401,CUS0004789,2025-02-10,OTA,WOWBUS
BKG00009402,CUS0004895,2024-07-23,CTR,CLXBUS
BKG00009403,CUS0002191,2026-05-22,MOB,GRPECO
BKG00009404,CUS0004562,2023-06-04,CTR,CLXSAV
BKG00009405,CUS0001273,2023-09-26,AGT,WOWBUS
BKG00009406,CUS0003502,2023-11-06,WEB,GRPECO
BKG00009407,CUS0004846,2025-01-25,OTA,FLXFST
BKG00009408,CUS0002151,2025-03-03,OTA,CLXBUS
BKG00009409,CUS0004953,2023-12-27,AGT,CLXSAV
BKG00009410,CUS0002901,2025-07-31,GDS,YOWRS
BKG00009411,CUS0001420,2026-01-09,GDS,WOWBUS
BKG00009412,CUS0000895,2024-01-13,GDS,CLXBUS
BKG00009413,CUS0001178,2025-04-11,GDS,YOWRS
BKG00009414,CUS0004335,2025-10-30,MOB,BSSAVE
BKG00009415,CUS0001189,2026-02-22,AGT,CLXBUS
BKG00009416,CUS0000194,2026-04-22,MOB,WOWBUS
BKG00009417,CUS0004913,2024-06-03,MOB,FLXFST
BKG00009418,CUS0001060,2023-08-30,GDS,FLXFST
BKG00009419,CUS0000839,2025-09-08,GDS,FLXFST
BKG00009420,CUS0002217,2023-10-16,AGT,YOWUS
BKG00009421,CUS0002268,2026-04-11,WEB,CLXBUS
BKG00009422,CUS0003191,2024-11-30,OTA,CLXSAV
BKG00009423,CUS0000814,2024-10-15,WEB,BSSAVE
BKG00009424,CUS0004526,2024-11-24,GDS,WOWBUS
BKG00009425,CUS0004135,2023-07-12,WEB,YOWRS
BKG00009426,CUS0000131,2025-05-21,OTA,YOWUS
BKG00009427,CUS0001113,2025-10-02,AGT,BSSAVE
BKG00009428,CUS0004358,2025-03-15,AGT,BSSAVE
BKG00009429,CUS0000311,2023-10-21,GDS,CLXBUS
BKG00009430,CUS0002774,2024-06-14,CTR,CLXSAV
BKG00009431,CUS0001391,2026-04-14,CTR,BSSAVE
BKG00009432,CUS0003624,2023-08-08,GDS,GRPECO
BKG00009433,CUS0003945,2025-08-25,OTA,BSSAVE
BKG00009434,CUS0001690,2024-10-13,CTR,WOWBUS
BKG00009435,CUS0002608,2025-07-30,AGT,CLXBUS
BKG00009436,CUS0001778,2024-12-05,MOB,GRPECO
BKG00009437,CUS0001586,2023-06-25,AGT,BSSAVE
BKG00009438,CUS0003609,2026-04-02,CTR,WOWBUS
BKG00009439,CUS0004981,2023-08-16,GDS,BSSAVE
BKG00009440,CUS0000654,2023-11-20,OTA,YOWRS
BKG00009441,CUS0000337,2026-04-24,WEB,BSSAVE
BKG00009442,CUS0003108,2025-04-18,WEB,GRPECO
BKG00009443,CUS0003613,2025-03-16,MOB,YOWRS
BKG00009444,CUS0002110,2025-11-03,MOB,CLXBUS
BKG00009445,CUS0004276,2024-02-13,GDS,FLXFST
BKG00009446,CUS0002813,2023-07-14,MOB,GRPECO
BKG00009447,CUS0000560,2026-05-08,OTA,CLXSAV
BKG00009448,CUS0003903,2025-11-16,MOB,YOWRS
BKG00009449,CUS0000216,2026-01-11,OTA,BSSAVE
BKG00009450,CUS0000036,2023-08-02,CTR,WOWBUS
BKG00009451,CUS0000537,2025-05-13,CTR,GRPECO
BKG00009452,CUS0001819,2024-01-25,WEB,CLXSAV
BKG00009453,CUS0000424,2025-05-07,GDS,WOWBUS
BKG00009454,CUS0001909,2025-09-18,GDS,GRPECO
BKG00009455,CUS0001866,2023-05-28,WEB,BSSAVE
BKG00009456,CUS0003903,2026-01-19,MOB,CLXBUS
BKG00009457,CUS0000702,2023-06-13,AGT,CLXBUS
BKG00009458,CUS0004237,2026-02-19,OTA,YOWUS
BKG00009459,CUS0001310,2025-07-21,AGT,GRPECO
BKG00009460,CUS0003057,2024-12-08,CTR,YOWUS
BKG00009461,CUS0004305,2023-12-31,MOB,FLXFST
BKG00009462,CUS0004458,2024-11-05,AGT,YOWUS
BKG00009463,CUS0000003,2025-10-18,CTR,YOWUS
BKG00009464,CUS0003868,2024-08-15,MOB,BSSAVE
BKG00009465,CUS0000226,2025-02-20,CTR,GRPECO
BKG00009466,CUS0000700,2024-03-27,MOB,YOWRS
BKG00009467,CUS0004280,2023-07-20,CTR,CLXBUS
BKG00009468,CUS0002845,2025-08-24,MOB,WOWBUS
BKG00009469,CUS0004885,2025-10-31,AGT,CLXSAV
BKG00009470,CUS0004672,2025-03-20,GDS,YOWUS
BKG00009471,CUS0001077,2024-09-09,MOB,WOWBUS
BKG00009472,CUS0000618,2025-04-01,OTA,GRPECO
BKG00009473,CUS0002874,2025-10-31,WEB,GRPECO
BKG00009474,CUS0002956,2024-12-30,GDS,YOWUS
BKG00009475,CUS0001620,2024-03-06,MOB,WOWBUS
BKG00009476,CUS0000113,2024-08-15,CTR,YOWUS
BKG00009477,CUS0003555,2024-03-12,WEB,CLXBUS
BKG00009478,CUS0000550,2024-07-28,GDS,CLXSAV
BKG00009479,CUS0000097,2023-11-12,MOB,CLXBUS
BKG00009480,CUS0000998,2024-05-28,MOB,YOWUS
BKG00009481,CUS0000386,2024-07-08,GDS,FLXFST
BKG00009482,CUS0004044,2026-01-13,AGT,CLXSAV
BKG00009483,CUS0004225,2025-10-16,AGT,GRPECO
BKG00009484,CUS0002659,2025-12-21,OTA,CLXSAV
BKG00009485,CUS0000041,2024-01-05,CTR,CLXSAV
BKG00009486,CUS0004711,2024-10-27,WEB,CLXBUS
BKG00009487,CUS0002747,2024-11-30,WEB,CLXBUS
BKG00009488,CUS0003586,2024-08-20,MOB,WOWBUS
BKG00009489,CUS0003202,2025-11-20,GDS,CLXBUS
BKG00009490,CUS0003223,2024-11-26,MOB,GRPECO
BKG00009491,CUS0001459,2025-10-27,CTR,FLXFST
BKG00009492,CUS0002779,2024-12-20,WEB,YOWRS
BKG00009493,CUS0002360,2024-02-22,AGT,BSSAVE
BKG00009494,CUS0000323,2025-10-14,OTA,WOWBUS
BKG00009495,CUS0004534,2026-01-07,OTA,CLXSAV
BKG00009496,CUS0000377,2024-01-22,AGT,CLXBUS
BKG00009497,CUS0003288,2023-10-14,MOB,YOWRS
BKG00009498,CUS0003990,2025-03-22,GDS,CLXBUS
BKG00009499,CUS0001585,2025-06-23,OTA,WOWBUS
BKG00009500,CUS0004703,2023-12-20,OTA,YOWRS
BKG00009501,CUS0003488,2023-12-13,AGT,FLXFST
BKG00009502,CUS0003680,2026-05-21,OTA,YOWUS
BKG00009503,CUS0003618,2024-06-10,CTR,FLXFST
BKG00009504,CUS0004618,2024-09-08,CTR,CLXSAV
BKG00009505,CUS0004366,2023-07-12,OTA,GRPECO
BKG00009506,CUS0002218,2024-02-25,CTR,YOWRS
BKG00009507,CUS0000705,2025-09-21,WEB,FLXFST
BKG00009508,CUS0003578,2025-05-06,GDS,BSSAVE
BKG00009509,CUS0003513,2025-11-25,OTA,YOWRS
BKG00009510,CUS0004129,2026-03-12,GDS,WOWBUS
BKG00009511,CUS0004744,2024-12-05,GDS,CLXSAV
BKG00009512,CUS0001775,2025-05-05,GDS,GRPECO
BKG00009513,CUS0000430,2024-03-15,WEB,BSSAVE
BKG00009514,CUS0002284,2025-03-15,CTR,WOWBUS
BKG00009515,CUS0000898,2024-05-30,GDS,CLXBUS
BKG00009516,CUS0002920,2026-02-11,AGT,BSSAVE
BKG00009517,CUS0002120,2025-05-02,MOB,GRPECO
BKG00009518,CUS0004478,2024-09-22,WEB,CLXBUS
BKG00009519,CUS0003608,2025-12-19,WEB,CLXBUS
BKG00009520,CUS0000322,2025-10-26,GDS,WOWBUS
BKG00009521,CUS0003187,2024-10-10,OTA,YOWRS
BKG00009522,CUS0004170,2024-05-01,GDS,CLXSAV
BKG00009523,CUS0003227,2023-12-18,CTR,BSSAVE
BKG00009524,CUS0003540,2024-07-17,AGT,BSSAVE
BKG00009525,CUS0000412,2025-01-08,MOB,BSSAVE
BKG00009526,CUS0003848,2025-01-11,MOB,CLXSAV
BKG00009527,CUS0004066,2025-09-27,WEB,BSSAVE
BKG00009528,CUS0002984,2025-11-25,GDS,GRPECO
BKG00009529,CUS0001513,2025-02-07,WEB,BSSAVE
BKG00009530,CUS0002042,2025-06-30,WEB,YOWUS
BKG00009531,CUS0004527,2025-01-05,OTA,GRPECO
BKG00009532,CUS0004145,2026-05-08,CTR,CLXSAV
BKG00009533,CUS0004809,2023-09-14,WEB,CLXSAV
BKG00009534,CUS0001918,2024-04-25,MOB,CLXBUS
BKG00009535,CUS0001488,2025-02-14,OTA,FLXFST
BKG00009536,CUS0003119,2023-10-01,WEB,YOWUS
BKG00009537,CUS0004755,2025-05-04,CTR,YOWUS
BKG00009538,CUS0002734,2024-05-11,GDS,WOWBUS
BKG00009539,CUS0003337,2025-02-14,AGT,YOWUS
BKG00009540,CUS0001684,2025-10-20,WEB,WOWBUS
BKG00009541,CUS0002201,2025-02-17,WEB,WOWBUS
BKG00009542,CUS0003324,2024-10-29,OTA,WOWBUS
BKG00009543,CUS0001025,2024-06-23,CTR,CLXSAV
BKG00009544,CUS0003553,2023-08-18,AGT,CLXBUS
BKG00009545,CUS0004933,2026-01-27,GDS,GRPECO
BKG00009546,CUS0000227,2024-03-31,AGT,GRPECO
BKG00009547,CUS0000357,2024-10-05,GDS,YOWUS
BKG00009548,CUS0000204,2025-03-23,GDS,CLXBUS
BKG00009549,CUS0003092,2025-07-31,WEB,CLXBUS
BKG00009550,CUS0001963,2025-05-06,MOB,GRPECO
BKG00009551,CUS0000258,2024-08-31,WEB,CLXBUS
BKG00009552,CUS0004844,2023-12-19,WEB,GRPECO
BKG00009553,CUS0002531,2026-01-06,OTA,WOWBUS
BKG00009554,CUS0003175,2023-09-22,CTR,GRPECO
BKG00009555,CUS0000676,2023-12-27,AGT,FLXFST
BKG00009556,CUS0001953,2025-11-13,CTR,GRPECO
BKG00009557,CUS0003578,2024-03-31,MOB,YOWRS
BKG00009558,CUS0002931,2023-06-20,GDS,GRPECO
BKG00009559,CUS0002467,2024-08-20,WEB,CLXSAV
BKG00009560,CUS0002089,2024-03-27,OTA,FLXFST
BKG00009561,CUS0003516,2023-10-06,WEB,BSSAVE
BKG00009562,CUS0002380,2023-09-28,CTR,GRPECO
BKG00009563,CUS0002520,2026-04-14,WEB,CLXBUS
BKG00009564,CUS0001396,2026-05-01,GDS,CLXSAV
BKG00009565,CUS0001916,2024-05-18,AGT,YOWRS
BKG00009566,CUS0002054,2023-07-15,WEB,GRPECO
BKG00009567,CUS0001419,2023-10-15,GDS,WOWBUS
BKG00009568,CUS0002116,2024-01-06,AGT,BSSAVE
BKG00009569,CUS0000674,2023-09-13,AGT,BSSAVE
BKG00009570,CUS0001118,2024-11-27,MOB,WOWBUS
BKG00009571,CUS0004721,2024-12-10,CTR,BSSAVE
BKG00009572,CUS0001005,2023-08-01,OTA,YOWUS
BKG00009573,CUS0000118,2023-07-19,GDS,YOWRS
BKG00009574,CUS0001734,2023-11-21,MOB,YOWUS
BKG00009575,CUS0002372,2025-05-29,AGT,CLXBUS
BKG00009576,CUS0004190,2026-01-30,OTA,CLXSAV
BKG00009577,CUS0003440,2025-10-27,GDS,GRPECO
BKG00009578,CUS0000583,2024-02-02,OTA,CLXBUS
BKG00009579,CUS0000905,2023-12-25,AGT,GRPECO
BKG00009580,CUS0003112,2024-10-11,GDS,YOWUS
BKG00009581,CUS0002431,2025-03-21,OTA,FLXFST
BKG00009582,CUS0004490,2025-02-26,CTR,WOWBUS
BKG00009583,CUS0004725,2026-03-02,WEB,YOWRS
BKG00009584,CUS0003293,2024-07-19,AGT,CLXBUS
BKG00009585,CUS0003036,2023-09-20,GDS,FLXFST
BKG00009586,CUS0004027,2025-08-19,AGT,GRPECO
BKG00009587,CUS0003273,2025-06-06,OTA,GRPECO
BKG00009588,CUS0003548,2024-07-10,GDS,FLXFST
BKG00009589,CUS0002062,2024-01-16,GDS,FLXFST
BKG00009590,CUS0000384,2025-12-17,CTR,CLXSAV
BKG00009591,CUS0001030,2024-07-23,WEB,CLXSAV
BKG00009592,CUS0001145,2025-09-26,CTR,FLXFST
BKG00009593,CUS0002547,2025-09-23,OTA,CLXSAV
BKG00009594,CUS0001516,2023-07-13,WEB,GRPECO
BKG00009595,CUS0002980,2025-01-03,WEB,CLXBUS
BKG00009596,CUS0004696,2024-08-02,CTR,GRPECO
BKG00009597,CUS0004336,2026-02-07,MOB,GRPECO
BKG00009598,CUS0001177,2026-04-09,GDS,CLXSAV
BKG00009599,CUS0002451,2023-08-05,AGT,CLXBUS
BKG00009600,CUS0001162,2025-01-24,MOB,YOWUS
BKG00009601,CUS0003532,2025-08-08,WEB,CLXSAV
BKG00009602,CUS0000333,2024-10-15,GDS,BSSAVE
BKG00009603,CUS0004874,2025-09-20,CTR,GRPECO
BKG00009604,CUS0001902,2023-06-08,AGT,FLXFST
BKG00009605,CUS0002258,2026-03-19,WEB,YOWUS
BKG00009606,CUS0003113,2026-01-28,GDS,BSSAVE
BKG00009607,CUS0002501,2025-01-09,GDS,FLXFST
BKG00009608,CUS0001657,2026-05-05,CTR,YOWUS
BKG00009609,CUS0002014,2025-12-05,MOB,YOWRS
BKG00009610,CUS0002105,2025-10-14,MOB,YOWUS
BKG00009611,CUS0001590,2024-07-13,WEB,WOWBUS
BKG00009612,CUS0004643,2024-05-26,MOB,WOWBUS
BKG00009613,CUS0000163,2024-09-01,WEB,YOWRS
BKG00009614,CUS0000918,2026-02-10,CTR,CLXBUS
BKG00009615,CUS0000176,2025-11-22,GDS,CLXSAV
BKG00009616,CUS0002062,2024-12-07,CTR,CLXSAV
BKG00009617,CUS0002811,2025-12-15,CTR,GRPECO
BKG00009618,CUS0002620,2025-06-13,OTA,BSSAVE
BKG00009619,CUS0002372,2025-12-05,OTA,BSSAVE
BKG00009620,CUS0004666,2024-11-25,GDS,YOWRS
BKG00009621,CUS0002815,2025-08-04,WEB,CLXBUS
BKG00009622,CUS0001580,2024-02-08,GDS,GRPECO
BKG00009623,CUS0002073,2026-04-06,OTA,GRPECO
BKG00009624,CUS0004287,2024-06-01,MOB,CLXSAV
BKG00009625,CUS0000597,2024-01-13,GDS,WOWBUS
BKG00009626,CUS0004110,2024-08-29,GDS,YOWRS
BKG00009627,CUS0001979,2025-05-24,OTA,CLXSAV
BKG00009628,CUS0003256,2023-09-09,GDS,FLXFST
BKG00009629,CUS0002028,2023-10-15,AGT,WOWBUS
BKG00009630,CUS0004446,2024-07-20,AGT,CLXSAV
BKG00009631,CUS0004401,2025-04-02,GDS,CLXBUS
BKG00009632,CUS0000560,2023-12-06,GDS,BSSAVE
BKG00009633,CUS0002679,2026-01-29,AGT,FLXFST
BKG00009634,CUS0000377,2025-04-18,AGT,YOWRS
BKG00009635,CUS0004916,2025-05-31,CTR,YOWRS
BKG00009636,CUS0003541,2024-01-04,MOB,CLXBUS
BKG00009637,CUS0003479,2023-05-26,CTR,CLXBUS
BKG00009638,CUS0003855,2025-09-19,GDS,BSSAVE
BKG00009639,CUS0004849,2026-04-05,MOB,FLXFST
BKG00009640,CUS0004397,2023-08-11,OTA,BSSAVE
BKG00009641,CUS0003536,2025-05-05,CTR,CLXSAV
BKG00009642,CUS0000958,2026-02-24,GDS,GRPECO
BKG00009643,CUS0001567,2025-11-28,GDS,GRPECO
BKG00009644,CUS0004626,2024-08-29,AGT,YOWUS
BKG00009645,CUS0000742,2025-09-20,WEB,BSSAVE
BKG00009646,CUS0004051,2024-03-26,WEB,YOWUS
BKG00009647,CUS0002563,2024-10-02,AGT,BSSAVE
BKG00009648,CUS0000074,2024-12-19,MOB,GRPECO
BKG00009649,CUS0001302,2024-03-20,WEB,BSSAVE
BKG00009650,CUS0001018,2025-09-19,OTA,YOWRS
BKG00009651,CUS0004687,2023-09-23,WEB,CLXBUS
BKG00009652,CUS0002883,2023-06-16,AGT,FLXFST
BKG00009653,CUS0001406,2025-01-27,OTA,CLXBUS
BKG00009654,CUS0003417,2025-03-25,AGT,BSSAVE
BKG00009655,CUS0001233,2025-01-29,WEB,YOWRS
BKG00009656,CUS0003201,2023-10-06,OTA,FLXFST
BKG00009657,CUS0003343,2024-02-24,MOB,WOWBUS
BKG00009658,CUS0004929,2025-10-01,MOB,CLXSAV
BKG00009659,CUS0000299,2023-11-03,CTR,BSSAVE
BKG00009660,CUS0002359,2025-01-03,MOB,BSSAVE
BKG00009661,CUS0003140,2024-07-26,MOB,CLXSAV
BKG00009662,CUS0001971,2023-11-30,AGT,YOWRS
BKG00009663,CUS0002266,2024-05-03,WEB,WOWBUS
BKG00009664,CUS0000440,2024-03-05,AGT,GRPECO
BKG00009665,CUS0002572,2026-05-08,OTA,CLXBUS
BKG00009666,CUS0000537,2023-07-06,AGT,CLXBUS
BKG00009667,CUS0001308,2025-10-22,WEB,BSSAVE
BKG00009668,CUS0002320,2026-05-11,CTR,CLXBUS
BKG00009669,CUS0001554,2026-04-16,OTA,YOWUS
BKG00009670,CUS0003997,2025-01-30,OTA,CLXSAV
BKG00009671,CUS0000119,2024-04-06,AGT,WOWBUS
BKG00009672,CUS0002022,2026-02-01,MOB,YOWUS
BKG00009673,CUS0004787,2024-10-03,AGT,GRPECO
BKG00009674,CUS0000201,2025-09-15,MOB,CLXBUS
BKG00009675,CUS0002211,2026-04-27,WEB,CLXBUS
BKG00009676,CUS0001657,2025-05-02,WEB,YOWUS
BKG00009677,CUS0000099,2025-11-02,GDS,GRPECO
BKG00009678,CUS0000789,2024-01-17,AGT,BSSAVE
BKG00009679,CUS0001931,2023-09-16,AGT,CLXSAV
BKG00009680,CUS0001979,2024-01-01,MOB,GRPECO
BKG00009681,CUS0003889,2026-01-08,AGT,WOWBUS
BKG00009682,CUS0004011,2024-10-16,GDS,CLXSAV
BKG00009683,CUS0002812,2026-01-03,OTA,GRPECO
BKG00009684,CUS0003260,2023-10-07,WEB,GRPECO
BKG00009685,CUS0001043,2025-03-15,GDS,CLXSAV
BKG00009686,CUS0003898,2023-06-15,MOB,CLXSAV
BKG00009687,CUS0002626,2024-05-22,OTA,YOWRS
BKG00009688,CUS0002361,2025-10-23,GDS,YOWRS
BKG00009689,CUS0001473,2025-12-04,GDS,FLXFST
BKG00009690,CUS0003507,2025-09-23,WEB,CLXSAV
BKG00009691,CUS0002024,2025-12-03,CTR,WOWBUS
BKG00009692,CUS0004728,2026-03-23,AGT,BSSAVE
BKG00009693,CUS0004975,2025-09-15,OTA,BSSAVE
BKG00009694,CUS0003791,2025-12-04,AGT,YOWUS
BKG00009695,CUS0001138,2023-07-06,WEB,CLXSAV
BKG00009696,CUS0000483,2024-12-09,AGT,YOWRS
BKG00009697,CUS0001702,2026-02-16,OTA,WOWBUS
BKG00009698,CUS0002045,2024-02-06,CTR,YOWUS
BKG00009699,CUS0003578,2023-10-28,MOB,GRPECO
BKG00009700,CUS0004421,2024-10-30,CTR,CLXSAV
BKG00009701,CUS0004131,2023-12-18,MOB,CLXBUS
BKG00009702,CUS0003658,2024-12-22,GDS,WOWBUS
BKG00009703,CUS0001764,2025-05-31,AGT,YOWRS
BKG00009704,CUS0001079,2024-08-27,CTR,YOWUS
BKG00009705,CUS0001811,2023-11-15,GDS,YOWRS
BKG00009706,CUS0004920,2025-12-30,WEB,BSSAVE
BKG00009707,CUS0003618,2024-03-03,OTA,WOWBUS
BKG00009708,CUS0004648,2024-01-13,AGT,CLXSAV
BKG00009709,CUS0002581,2025-11-09,GDS,YOWRS
BKG00009710,CUS0002358,2023-09-28,MOB,YOWRS
BKG00009711,CUS0000734,2024-09-23,GDS,BSSAVE
BKG00009712,CUS0001453,2024-03-24,WEB,FLXFST
BKG00009713,CUS0002665,2024-07-12,CTR,YOWRS
BKG00009714,CUS0000376,2026-01-19,WEB,CLXBUS
BKG00009715,CUS0002060,2025-03-28,MOB,FLXFST
BKG00009716,CUS0002058,2023-10-03,MOB,FLXFST
BKG00009717,CUS0002188,2026-01-02,OTA,CLXBUS
BKG00009718,CUS0001723,2023-10-07,MOB,FLXFST
BKG00009719,CUS0004819,2025-12-02,WEB,CLXBUS
BKG00009720,CUS0001208,2025-09-04,MOB,YOWUS
BKG00009721,CUS0000462,2025-04-21,GDS,BSSAVE
BKG00009722,CUS0001353,2025-08-20,GDS,FLXFST
BKG00009723,CUS0004098,2025-05-03,MOB,CLXSAV
BKG00009724,CUS0001288,2024-10-17,GDS,YOWUS
BKG00009725,CUS0004156,2025-10-08,GDS,CLXSAV
BKG00009726,CUS0003952,2023-12-16,WEB,YOWUS
BKG00009727,CUS0004929,2025-04-16,MOB,WOWBUS
BKG00009728,CUS0004428,2024-03-21,OTA,WOWBUS
BKG00009729,CUS0000324,2024-10-25,WEB,YOWUS
BKG00009730,CUS0004817,2026-04-26,WEB,YOWUS
BKG00009731,CUS0003466,2025-02-22,MOB,BSSAVE
BKG00009732,CUS0002803,2024-02-27,CTR,FLXFST
BKG00009733,CUS0003899,2024-04-06,GDS,CLXSAV
BKG00009734,CUS0002324,2024-02-18,GDS,CLXSAV
BKG00009735,CUS0004519,2025-01-17,GDS,YOWRS
BKG00009736,CUS0003928,2023-11-14,MOB,CLXBUS
BKG00009737,CUS0003789,2023-07-13,AGT,YOWUS
BKG00009738,CUS0001977,2023-06-09,OTA,CLXBUS
BKG00009739,CUS0003451,2024-03-02,AGT,WOWBUS
BKG00009740,CUS0001805,2025-05-22,MOB,CLXBUS
BKG00009741,CUS0003102,2023-07-13,OTA,FLXFST
BKG00009742,CUS0004329,2024-04-01,OTA,YOWRS
BKG00009743,CUS0002738,2023-11-29,OTA,FLXFST
BKG00009744,CUS0001645,2026-05-02,OTA,YOWRS
BKG00009745,CUS0003814,2024-09-10,OTA,GRPECO
BKG00009746,CUS0001672,2024-09-02,OTA,YOWRS
BKG00009747,CUS0004217,2024-01-24,OTA,YOWRS
BKG00009748,CUS0004094,2024-11-09,GDS,FLXFST
BKG00009749,CUS0002941,2023-11-11,AGT,CLXSAV
BKG00009750,CUS0004751,2023-08-21,GDS,CLXSAV
BKG00009751,CUS0003374,2023-11-11,WEB,YOWUS
BKG00009752,CUS0001874,2026-04-07,AGT,WOWBUS
BKG00009753,CUS0003668,2023-10-07,AGT,CLXSAV
BKG00009754,CUS0001258,2023-08-01,MOB,FLXFST
BKG00009755,CUS0002229,2025-12-14,CTR,CLXBUS
BKG00009756,CUS0001145,2023-06-08,WEB,YOWUS
BKG00009757,CUS0004620,2023-05-29,MOB,BSSAVE
BKG00009758,CUS0001048,2024-12-11,OTA,YOWRS
BKG00009759,CUS0002176,2024-04-10,OTA,CLXSAV
BKG00009760,CUS0003932,2026-01-20,CTR,CLXSAV
BKG00009761,CUS0001622,2025-04-06,GDS,BSSAVE
BKG00009762,CUS0001883,2023-08-08,GDS,FLXFST
BKG00009763,CUS0003386,2026-03-15,WEB,CLXBUS
BKG00009764,CUS0000575,2025-10-18,OTA,BSSAVE
BKG00009765,CUS0003520,2025-07-24,OTA,WOWBUS
BKG00009766,CUS0000471,2026-03-27,MOB,GRPECO
BKG00009767,CUS0000379,2025-01-06,CTR,YOWRS
BKG00009768,CUS0001808,2026-04-08,GDS,BSSAVE
BKG00009769,CUS0001466,2026-03-11,CTR,BSSAVE
BKG00009770,CUS0000999,2023-11-27,WEB,WOWBUS
BKG00009771,CUS0002964,2025-06-07,AGT,BSSAVE
BKG00009772,CUS0002551,2023-12-10,AGT,WOWBUS
BKG00009773,CUS0004966,2025-12-16,MOB,BSSAVE
BKG00009774,CUS0004976,2024-02-27,AGT,CLXSAV
BKG00009775,CUS0000270,2025-09-17,WEB,CLXBUS
BKG00009776,CUS0004652,2025-08-03,GDS,BSSAVE
BKG00009777,CUS0004563,2024-04-21,OTA,YOWUS
BKG00009778,CUS0003776,2023-12-25,GDS,CLXSAV
BKG00009779,CUS0001624,2023-12-14,CTR,YOWUS
BKG00009780,CUS0004471,2026-03-04,GDS,WOWBUS
BKG00009781,CUS0002409,2025-11-09,GDS,FLXFST
BKG00009782,CUS0003752,2025-08-24,AGT,YOWUS
BKG00009783,CUS0000413,2024-06-15,GDS,BSSAVE
BKG00009784,CUS0002546,2025-06-21,OTA,FLXFST
BKG00009785,CUS0003531,2024-08-26,GDS,FLXFST
BKG00009786,CUS0004978,2025-03-07,OTA,WOWBUS
BKG00009787,CUS0003535,2023-09-22,AGT,YOWUS
BKG00009788,CUS0004630,2024-02-16,AGT,CLXBUS
BKG00009789,CUS0001724,2024-02-12,CTR,FLXFST
BKG00009790,CUS0004142,2023-07-01,MOB,CLXSAV
BKG00009791,CUS0000135,2025-05-10,CTR,CLXSAV
BKG00009792,CUS0002748,2023-08-15,CTR,BSSAVE
BKG00009793,CUS0002738,2025-04-27,AGT,FLXFST
BKG00009794,CUS0001354,2024-04-07,CTR,GRPECO
BKG00009795,CUS0001511,2023-09-15,GDS,FLXFST
BKG00009796,CUS0004634,2026-01-15,MOB,WOWBUS
BKG00009797,CUS0001170,2025-06-22,OTA,GRPECO
BKG00009798,CUS0001302,2023-09-02,GDS,WOWBUS
BKG00009799,CUS0002492,2025-06-05,AGT,FLXFST
BKG00009800,CUS0004427,2024-10-08,AGT,BSSAVE
BKG00009801,CUS0003880,2026-05-24,WEB,CLXBUS
BKG00009802,CUS0003830,2025-05-18,MOB,WOWBUS
BKG00009803,CUS0001974,2025-01-30,OTA,CLXBUS
BKG00009804,CUS0003527,2024-03-03,GDS,FLXFST
BKG00009805,CUS0000864,2025-08-01,WEB,CLXSAV
BKG00009806,CUS0000821,2024-04-24,OTA,FLXFST
BKG00009807,CUS0000713,2025-04-06,CTR,YOWUS
BKG00009808,CUS0003101,2025-12-18,CTR,FLXFST
BKG00009809,CUS0001383,2025-01-01,CTR,FLXFST
BKG00009810,CUS0004260,2025-07-02,AGT,GRPECO
BKG00009811,CUS0001388,2024-12-05,OTA,CLXBUS
BKG00009812,CUS0004949,2025-01-06,OTA,YOWUS
BKG00009813,CUS0002014,2025-02-04,AGT,CLXSAV
BKG00009814,CUS0000684,2024-05-01,CTR,FLXFST
BKG00009815,CUS0002655,2026-05-18,GDS,YOWRS
BKG00009816,CUS0001881,2025-04-30,AGT,CLXBUS
BKG00009817,CUS0002238,2025-01-27,WEB,WOWBUS
BKG00009818,CUS0001928,2024-05-25,WEB,WOWBUS
BKG00009819,CUS0004461,2025-04-24,WEB,YOWRS
BKG00009820,CUS0003237,2024-03-30,CTR,WOWBUS
BKG00009821,CUS0002195,2024-03-22,GDS,FLXFST
BKG00009822,CUS0004798,2024-10-25,WEB,BSSAVE
BKG00009823,CUS0001667,2024-06-22,GDS,GRPECO
BKG00009824,CUS0004936,2025-05-16,MOB,YOWUS
BKG00009825,CUS0000746,2023-12-30,AGT,BSSAVE
BKG00009826,CUS0001311,2024-07-30,WEB,YOWRS
BKG00009827,CUS0003159,2023-07-11,MOB,YOWRS
BKG00009828,CUS0004106,2023-09-04,OTA,BSSAVE
BKG00009829,CUS0000255,2025-08-19,WEB,BSSAVE
BKG00009830,CUS0001970,2025-12-10,CTR,YOWRS
BKG00009831,CUS0002981,2023-09-05,MOB,WOWBUS
BKG00009832,CUS0000600,2024-12-05,MOB,WOWBUS
BKG00009833,CUS0003236,2026-01-17,AGT,WOWBUS
BKG00009834,CUS0000546,2026-01-09,OTA,YOWUS
BKG00009835,CUS0004864,2023-10-26,CTR,BSSAVE
BKG00009836,CUS0000652,2023-06-07,MOB,GRPECO
BKG00009837,CUS0000373,2025-10-06,MOB,WOWBUS
BKG00009838,CUS0001002,2026-04-25,CTR,FLXFST
BKG00009839,CUS0003965,2024-10-29,MOB,YOWUS
BKG00009840,CUS0000921,2025-02-28,MOB,CLXSAV
BKG00009841,CUS0004952,2026-02-04,WEB,WOWBUS
BKG00009842,CUS0000801,2025-09-01,AGT,GRPECO
BKG00009843,CUS0003981,2025-08-03,AGT,CLXSAV
BKG00009844,CUS0003268,2025-01-06,CTR,YOWUS
BKG00009845,CUS0000064,2023-11-16,AGT,YOWUS
BKG00009846,CUS0000862,2024-10-18,AGT,YOWRS
BKG00009847,CUS0003793,2024-12-20,GDS,CLXSAV
BKG00009848,CUS0001742,2024-12-18,MOB,CLXBUS
BKG00009849,CUS0002531,2024-03-20,CTR,WOWBUS
BKG00009850,CUS0002107,2024-09-26,MOB,GRPECO
BKG00009851,CUS0000932,2023-09-19,OTA,YOWRS
BKG00009852,CUS0002561,2024-05-27,OTA,GRPECO
BKG00009853,CUS0002495,2024-10-08,GDS,YOWRS
BKG00009854,CUS0000931,2026-04-09,GDS,YOWUS
BKG00009855,CUS0004526,2025-10-27,GDS,YOWUS
BKG00009856,CUS0001093,2024-02-03,GDS,BSSAVE
BKG00009857,CUS0004367,2023-08-25,MOB,YOWUS
BKG00009858,CUS0002085,2025-05-08,WEB,YOWUS
BKG00009859,CUS0001945,2025-01-29,AGT,YOWUS
BKG00009860,CUS0004468,2025-02-26,AGT,WOWBUS
BKG00009861,CUS0002319,2025-06-19,AGT,YOWRS
BKG00009862,CUS0001465,2025-12-02,MOB,BSSAVE
BKG00009863,CUS0000928,2025-08-10,GDS,YOWUS
BKG00009864,CUS0000205,2026-05-06,OTA,WOWBUS
BKG00009865,CUS0001458,2025-08-12,OTA,YOWRS
BKG00009866,CUS0004476,2026-01-18,MOB,BSSAVE
BKG00009867,CUS0002870,2025-11-29,MOB,GRPECO
BKG00009868,CUS0003149,2025-02-16,MOB,CLXSAV
BKG00009869,CUS0001209,2025-07-22,AGT,YOWUS
BKG00009870,CUS0001344,2024-06-26,WEB,WOWBUS
BKG00009871,CUS0000916,2023-12-17,WEB,FLXFST
BKG00009872,CUS0003829,2025-06-30,CTR,CLXSAV
BKG00009873,CUS0002377,2024-10-16,MOB,WOWBUS
BKG00009874,CUS0001372,2025-10-08,GDS,GRPECO
BKG00009875,CUS0000218,2024-08-21,WEB,YOWRS
BKG00009876,CUS0003285,2026-04-08,GDS,YOWRS
BKG00009877,CUS0000926,2026-01-29,GDS,GRPECO
BKG00009878,CUS0004400,2025-01-16,GDS,BSSAVE
BKG00009879,CUS0004898,2025-01-23,WEB,BSSAVE
BKG00009880,CUS0002621,2026-02-03,WEB,CLXSAV
BKG00009881,CUS0001547,2023-12-09,CTR,FLXFST
BKG00009882,CUS0002102,2024-03-26,MOB,FLXFST
BKG00009883,CUS0003625,2024-09-07,MOB,YOWUS
BKG00009884,CUS0001398,2024-07-11,MOB,YOWUS
BKG00009885,CUS0004698,2025-12-09,OTA,YOWRS
BKG00009886,CUS0003960,2025-01-27,AGT,CLXSAV
BKG00009887,CUS0001710,2024-03-03,AGT,YOWUS
BKG00009888,CUS0002318,2023-12-18,AGT,YOWUS
BKG00009889,CUS0002958,2025-05-08,MOB,YOWRS
BKG00009890,CUS0004984,2025-09-16,CTR,CLXBUS
BKG00009891,CUS0000609,2025-05-25,WEB,CLXSAV
BKG00009892,CUS0000226,2025-01-15,GDS,CLXSAV
BKG00009893,CUS0002620,2023-09-29,WEB,CLXBUS
BKG00009894,CUS0004111,2025-08-10,OTA,BSSAVE
BKG00009895,CUS0004488,2026-05-13,OTA,FLXFST
BKG00009896,CUS0004010,2025-06-10,GDS,YOWUS
BKG00009897,CUS0001907,2023-06-04,GDS,CLXBUS
BKG00009898,CUS0003574,2024-11-20,GDS,GRPECO
BKG00009899,CUS0000406,2025-06-04,AGT,YOWUS
BKG00009900,CUS0004581,2023-07-10,AGT,WOWBUS
BKG00009901,CUS0000195,2025-08-17,AGT,GRPECO
BKG00009902,CUS0003218,2023-11-27,OTA,CLXBUS
BKG00009903,CUS0000331,2023-08-27,OTA,WOWBUS
BKG00009904,CUS0002638,2025-11-10,OTA,YOWUS
BKG00009905,CUS0000690,2023-09-18,GDS,BSSAVE
BKG00009906,CUS0003620,2024-04-11,MOB,GRPECO
BKG00009907,CUS0004874,2024-09-06,GDS,WOWBUS
BKG00009908,CUS0001127,2024-03-29,CTR,BSSAVE
BKG00009909,CUS0004627,2024-09-07,WEB,YOWRS
BKG00009910,CUS0004483,2024-01-02,MOB,BSSAVE
BKG00009911,CUS0000090,2025-11-18,OTA,YOWRS
BKG00009912,CUS0000738,2025-03-05,MOB,YOWRS
BKG00009913,CUS0001584,2025-03-07,OTA,YOWUS
BKG00009914,CUS0003500,2024-09-16,MOB,FLXFST
BKG00009915,CUS0004376,2024-04-18,WEB,YOWRS
BKG00009916,CUS0004887,2023-10-18,WEB,CLXSAV
BKG00009917,CUS0000242,2024-01-18,MOB,CLXBUS
BKG00009918,CUS0000340,2023-11-22,GDS,CLXSAV
BKG00009919,CUS0000527,2025-07-14,WEB,GRPECO
BKG00009920,CUS0002238,2026-02-11,GDS,YOWRS
BKG00009921,CUS0000727,2025-09-15,GDS,YOWUS
BKG00009922,CUS0003219,2024-10-09,OTA,CLXSAV
BKG00009923,CUS0003604,2023-11-15,CTR,FLXFST
BKG00009924,CUS0004180,2025-08-21,CTR,FLXFST
BKG00009925,CUS0001600,2024-01-16,AGT,YOWRS
BKG00009926,CUS0001340,2023-10-07,OTA,YOWUS
BKG00009927,CUS0003669,2026-03-09,AGT,YOWUS
BKG00009928,CUS0002523,2025-02-10,AGT,CLXBUS
BKG00009929,CUS0004449,2024-07-08,AGT,YOWRS
BKG00009930,CUS0002019,2024-01-08,CTR,YOWRS
BKG00009931,CUS0004732,2023-08-08,WEB,YOWRS
BKG00009932,CUS0000818,2023-06-11,OTA,CLXSAV
BKG00009933,CUS0003334,2023-08-12,GDS,FLXFST
BKG00009934,CUS0003808,2025-12-19,GDS,FLXFST
BKG00009935,CUS0000584,2023-05-27,CTR,CLXSAV
BKG00009936,CUS0001059,2025-11-23,OTA,FLXFST
BKG00009937,CUS0000238,2025-09-08,WEB,GRPECO
BKG00009938,CUS0000320,2025-04-16,CTR,BSSAVE
BKG00009939,CUS0000775,2026-04-02,GDS,FLXFST
BKG00009940,CUS0002511,2026-04-05,OTA,YOWRS
BKG00009941,CUS0003959,2025-09-07,GDS,YOWUS
BKG00009942,CUS0001057,2025-01-05,MOB,WOWBUS
BKG00009943,CUS0004548,2025-12-11,WEB,CLXBUS
BKG00009944,CUS0002868,2025-04-09,MOB,CLXBUS
BKG00009945,CUS0003704,2024-01-25,CTR,BSSAVE
BKG00009946,CUS0003608,2025-09-05,GDS,BSSAVE
BKG00009947,CUS0002643,2023-05-31,MOB,BSSAVE
BKG00009948,CUS0000486,2025-12-28,CTR,CLXSAV
BKG00009949,CUS0004818,2025-12-02,AGT,BSSAVE
BKG00009950,CUS0004360,2024-12-17,OTA,GRPECO
BKG00009951,CUS0001932,2025-04-25,OTA,GRPECO
BKG00009952,CUS0001431,2025-08-22,GDS,BSSAVE
BKG00009953,CUS0004979,2026-04-22,MOB,WOWBUS
BKG00009954,CUS0002781,2023-11-17,AGT,GRPECO
BKG00009955,CUS0000131,2023-06-27,MOB,CLXBUS
BKG00009956,CUS0000246,2023-10-26,CTR,WOWBUS
BKG00009957,CUS0004714,2023-05-27,CTR,FLXFST
BKG00009958,CUS0003471,2024-05-27,MOB,CLXBUS
BKG00009959,CUS0003147,2024-12-18,OTA,CLXBUS
BKG00009960,CUS0002184,2024-06-13,MOB,GRPECO
BKG00009961,CUS0002036,2023-08-29,CTR,WOWBUS
BKG00009962,CUS0002615,2024-07-05,AGT,FLXFST
BKG00009963,CUS0002842,2025-08-19,MOB,WOWBUS
BKG00009964,CUS0004939,2024-06-28,WEB,FLXFST
BKG00009965,CUS0003719,2025-06-08,GDS,BSSAVE
BKG00009966,CUS0001275,2025-02-19,GDS,WOWBUS
BKG00009967,CUS0002732,2025-11-30,MOB,WOWBUS
BKG00009968,CUS0002554,2025-07-07,WEB,FLXFST
BKG00009969,CUS0001295,2024-03-14,WEB,YOWRS
BKG00009970,CUS0003368,2025-12-12,GDS,WOWBUS
BKG00009971,CUS0002014,2025-06-11,OTA,YOWUS
BKG00009972,CUS0000956,2023-12-04,OTA,BSSAVE
BKG00009973,CUS0000753,2025-02-11,OTA,FLXFST
BKG00009974,CUS0001608,2024-08-20,OTA,CLXSAV
BKG00009975,CUS0001451,2025-06-16,GDS,WOWBUS
BKG00009976,CUS0003287,2026-01-12,MOB,FLXFST
BKG00009977,CUS0001491,2026-01-04,MOB,WOWBUS
BKG00009978,CUS0002986,2023-06-07,GDS,YOWUS
BKG00009979,CUS0002321,2026-01-16,OTA,CLXBUS
BKG00009980,CUS0002981,2025-06-28,OTA,YOWRS
BKG00009981,CUS0002511,2024-08-09,MOB,CLXBUS
BKG00009982,CUS0002380,2023-12-31,MOB,YOWRS
BKG00009983,CUS0000635,2026-05-21,WEB,GRPECO
BKG00009984,CUS0002782,2023-12-29,OTA,CLXBUS
BKG00009985,CUS0002401,2024-06-08,CTR,CLXSAV
BKG00009986,CUS0003917,2024-12-06,AGT,CLXBUS
BKG00009987,CUS0001366,2023-07-20,WEB,CLXBUS
BKG00009988,CUS0001472,2024-02-06,AGT,CLXBUS
BKG00009989,CUS0003102,2025-10-24,MOB,YOWRS
BKG00009990,CUS0003008,2023-11-27,WEB,BSSAVE
BKG00009991,CUS0000912,2024-03-21,WEB,FLXFST
BKG00009992,CUS0002238,2026-01-24,GDS,BSSAVE
BKG00009993,CUS0002062,2026-01-18,AGT,FLXFST
BKG00009994,CUS0002362,2024-05-08,MOB,GRPECO
BKG00009995,CUS0001422,2026-03-03,OTA,GRPECO
BKG00009996,CUS0001674,2026-04-19,OTA,WOWBUS
BKG00009997,CUS0004328,2023-08-30,GDS,CLXSAV
BKG00009998,CUS0004669,2024-03-10,WEB,CLXSAV
BKG00009999,CUS0001965,2024-04-26,WEB,YOWUS
BKG00010000,CUS0003807,2025-11-08,OTA,YOWRS
BKG00010001,CUS0002139,2024-01-29,OTA,YOWRS
BKG00010002,CUS0004334,2025-10-25,MOB,CLXBUS
BKG00010003,CUS0003934,2023-09-08,CTR,BSSAVE
BKG00010004,CUS0001922,2024-08-28,WEB,CLXSAV
BKG00010005,CUS0003814,2025-10-22,CTR,BSSAVE
BKG00010006,CUS0002131,2025-03-20,OTA,WOWBUS
BKG00010007,CUS0000625,2025-05-14,WEB,YOWRS
BKG00010008,CUS0001150,2024-05-24,OTA,FLXFST
BKG00010009,CUS0002457,2024-04-21,MOB,GRPECO
BKG00010010,CUS0004384,2023-10-08,AGT,FLXFST
BKG00010011,CUS0001377,2023-07-28,OTA,WOWBUS
BKG00010012,CUS0000389,2025-02-08,AGT,YOWRS
BKG00010013,CUS0002201,2023-06-28,AGT,FLXFST
BKG00010014,CUS0000109,2023-06-14,GDS,FLXFST
BKG00010015,CUS0004837,2025-11-14,GDS,YOWRS
BKG00010016,CUS0000217,2025-01-30,GDS,FLXFST
BKG00010017,CUS0001986,2024-01-22,AGT,GRPECO
BKG00010018,CUS0002536,2023-10-10,CTR,YOWRS
BKG00010019,CUS0001205,2024-12-07,WEB,GRPECO
BKG00010020,CUS0004897,2025-11-15,AGT,YOWUS
BKG00010021,CUS0003161,2026-03-05,OTA,YOWUS
BKG00010022,CUS0003480,2026-02-12,WEB,CLXBUS
BKG00010023,CUS0003587,2024-07-19,WEB,CLXSAV
BKG00010024,CUS0004763,2025-09-09,WEB,YOWRS
BKG00010025,CUS0000881,2023-07-16,MOB,CLXSAV
BKG00010026,CUS0000019,2024-10-04,MOB,WOWBUS
BKG00010027,CUS0000667,2025-08-06,GDS,YOWUS
BKG00010028,CUS0000014,2025-03-30,OTA,YOWUS
BKG00010029,CUS0001534,2026-04-24,GDS,BSSAVE
BKG00010030,CUS0004571,2025-11-22,CTR,FLXFST
BKG00010031,CUS0004190,2023-11-05,MOB,BSSAVE
BKG00010032,CUS0000925,2026-03-04,MOB,YOWUS
BKG00010033,CUS0004540,2026-01-06,GDS,YOWRS
BKG00010034,CUS0002165,2024-10-05,AGT,CLXBUS
BKG00010035,CUS0001156,2025-01-01,OTA,YOWUS
BKG00010036,CUS0003786,2024-06-01,CTR,FLXFST
BKG00010037,CUS0003119,2025-10-31,CTR,GRPECO
BKG00010038,CUS0004140,2024-03-31,OTA,BSSAVE
BKG00010039,CUS0000266,2026-02-05,WEB,YOWRS
BKG00010040,CUS0002343,2025-07-13,WEB,CLXBUS
BKG00010041,CUS0002210,2026-03-09,MOB,CLXBUS
BKG00010042,CUS0003214,2025-02-20,WEB,GRPECO
BKG00010043,CUS0001826,2024-11-05,GDS,BSSAVE
BKG00010044,CUS0002021,2023-11-07,AGT,FLXFST
BKG00010045,CUS0000555,2025-01-21,AGT,CLXSAV
BKG00010046,CUS0004742,2023-07-17,OTA,BSSAVE
BKG00010047,CUS0004251,2024-06-26,AGT,CLXSAV
BKG00010048,CUS0004907,2025-08-30,AGT,CLXBUS
BKG00010049,CUS0003744,2026-01-28,OTA,GRPECO
BKG00010050,CUS0003579,2025-02-10,MOB,GRPECO
BKG00010051,CUS0004988,2025-11-07,CTR,BSSAVE
BKG00010052,CUS0004859,2023-11-17,MOB,YOWUS
BKG00010053,CUS0002786,2024-01-30,OTA,GRPECO
BKG00010054,CUS0003915,2025-12-31,CTR,GRPECO
BKG00010055,CUS0004922,2023-08-13,AGT,WOWBUS
BKG00010056,CUS0003195,2025-03-20,GDS,FLXFST
BKG00010057,CUS0000130,2024-10-17,GDS,CLXBUS
BKG00010058,CUS0000817,2026-05-14,WEB,CLXSAV
BKG00010059,CUS0004806,2025-09-07,MOB,CLXBUS
BKG00010060,CUS0004387,2024-02-26,WEB,CLXSAV
BKG00010061,CUS0000037,2025-09-11,OTA,WOWBUS
BKG00010062,CUS0004668,2024-02-29,WEB,WOWBUS
BKG00010063,CUS0002794,2023-11-15,GDS,YOWUS
BKG00010064,CUS0001093,2023-10-25,CTR,CLXSAV
BKG00010065,CUS0004519,2024-05-03,AGT,FLXFST
BKG00010066,CUS0003139,2024-11-22,GDS,YOWUS
BKG00010067,CUS0003434,2026-01-17,MOB,CLXSAV
BKG00010068,CUS0002518,2023-12-01,AGT,GRPECO
BKG00010069,CUS0003218,2026-01-27,WEB,GRPECO
BKG00010070,CUS0002676,2025-02-01,WEB,BSSAVE
BKG00010071,CUS0000714,2023-11-04,WEB,YOWRS
BKG00010072,CUS0004100,2024-03-21,OTA,BSSAVE
BKG00010073,CUS0003191,2025-02-12,MOB,BSSAVE
BKG00010074,CUS0003111,2024-11-12,OTA,CLXBUS
BKG00010075,CUS0000851,2025-06-23,CTR,YOWUS
BKG00010076,CUS0001071,2023-06-17,OTA,CLXSAV
BKG00010077,CUS0004772,2024-10-07,OTA,YOWUS
BKG00010078,CUS0004111,2025-11-16,OTA,WOWBUS
BKG00010079,CUS0002635,2024-08-17,GDS,CLXSAV
BKG00010080,CUS0001970,2026-05-09,OTA,BSSAVE
BKG00010081,CUS0002265,2025-09-22,AGT,WOWBUS
BKG00010082,CUS0003856,2024-02-14,GDS,CLXSAV
BKG00010083,CUS0000312,2026-04-27,GDS,FLXFST
BKG00010084,CUS0002970,2025-12-10,OTA,GRPECO
BKG00010085,CUS0001831,2024-02-07,GDS,CLXBUS
BKG00010086,CUS0004589,2025-12-30,AGT,CLXSAV
BKG00010087,CUS0001268,2025-08-15,OTA,YOWRS
BKG00010088,CUS0001397,2024-06-26,MOB,CLXSAV
BKG00010089,CUS0004513,2025-04-28,OTA,FLXFST
BKG00010090,CUS0003752,2025-09-26,CTR,YOWUS
BKG00010091,CUS0000675,2024-03-21,AGT,GRPECO
BKG00010092,CUS0002660,2024-11-06,MOB,BSSAVE
BKG00010093,CUS0003935,2023-06-08,CTR,BSSAVE
BKG00010094,CUS0002243,2023-11-04,CTR,FLXFST
BKG00010095,CUS0002685,2025-02-16,MOB,WOWBUS
BKG00010096,CUS0003256,2025-11-20,GDS,CLXBUS
BKG00010097,CUS0004791,2024-05-10,CTR,YOWUS
BKG00010098,CUS0001165,2025-12-17,WEB,WOWBUS
BKG00010099,CUS0004236,2026-04-05,OTA,CLXBUS
BKG00010100,CUS0000312,2024-06-03,GDS,YOWUS
BKG00010101,CUS0000483,2024-04-03,CTR,CLXBUS
BKG00010102,CUS0000735,2026-02-24,OTA,YOWRS
BKG00010103,CUS0001056,2025-03-24,OTA,BSSAVE
BKG00010104,CUS0003399,2023-10-29,CTR,CLXSAV
BKG00010105,CUS0003849,2024-10-06,OTA,WOWBUS
BKG00010106,CUS0004452,2025-10-19,OTA,YOWRS
BKG00010107,CUS0001653,2023-08-04,AGT,GRPECO
BKG00010108,CUS0003073,2025-05-08,AGT,WOWBUS
BKG00010109,CUS0002734,2024-02-29,MOB,CLXBUS
BKG00010110,CUS0003418,2025-04-03,WEB,CLXBUS
BKG00010111,CUS0001072,2025-03-12,AGT,FLXFST
BKG00010112,CUS0001373,2026-02-20,WEB,CLXBUS
BKG00010113,CUS0000488,2026-02-24,CTR,CLXSAV
BKG00010114,CUS0001153,2026-03-26,WEB,FLXFST
BKG00010115,CUS0002016,2025-06-06,MOB,CLXBUS
BKG00010116,CUS0003340,2023-09-11,WEB,YOWRS
BKG00010117,CUS0004319,2025-02-22,CTR,GRPECO
BKG00010118,CUS0004306,2023-12-23,GDS,WOWBUS
BKG00010119,CUS0003677,2026-03-31,MOB,BSSAVE
BKG00010120,CUS0003133,2024-09-25,OTA,WOWBUS
BKG00010121,CUS0001791,2025-01-13,AGT,YOWUS
BKG00010122,CUS0002350,2024-01-18,WEB,YOWRS
BKG00010123,CUS0003941,2025-01-01,WEB,FLXFST
BKG00010124,CUS0000396,2025-03-28,MOB,WOWBUS
BKG00010125,CUS0001896,2024-11-28,WEB,CLXSAV
BKG00010126,CUS0002392,2025-06-08,OTA,YOWRS
BKG00010127,CUS0004335,2025-09-01,AGT,CLXBUS
BKG00010128,CUS0002047,2023-10-31,GDS,FLXFST
BKG00010129,CUS0000445,2025-01-13,AGT,BSSAVE
BKG00010130,CUS0000131,2024-12-17,AGT,WOWBUS
BKG00010131,CUS0000715,2025-05-09,MOB,GRPECO
BKG00010132,CUS0004533,2024-08-04,CTR,YOWUS
BKG00010133,CUS0001298,2024-12-27,AGT,YOWRS
BKG00010134,CUS0000258,2025-07-29,CTR,WOWBUS
BKG00010135,CUS0003404,2023-06-28,GDS,FLXFST
BKG00010136,CUS0004086,2024-01-07,GDS,GRPECO
BKG00010137,CUS0003727,2025-07-14,MOB,FLXFST
BKG00010138,CUS0002803,2026-02-13,GDS,FLXFST
BKG00010139,CUS0002549,2023-12-12,OTA,CLXSAV
BKG00010140,CUS0002448,2024-07-28,OTA,YOWUS
BKG00010141,CUS0001705,2023-08-04,OTA,YOWRS
BKG00010142,CUS0002711,2026-02-03,AGT,CLXBUS
BKG00010143,CUS0001656,2023-12-23,OTA,YOWRS
BKG00010144,CUS0000884,2026-04-26,WEB,BSSAVE
BKG00010145,CUS0003128,2023-10-29,CTR,WOWBUS
BKG00010146,CUS0004704,2023-07-13,OTA,CLXSAV
BKG00010147,CUS0001683,2023-09-30,MOB,YOWUS
BKG00010148,CUS0004403,2025-11-29,CTR,BSSAVE
BKG00010149,CUS0001575,2026-04-14,AGT,WOWBUS
BKG00010150,CUS0001545,2024-02-21,AGT,YOWRS
BKG00010151,CUS0001686,2024-03-15,OTA,YOWRS
BKG00010152,CUS0002551,2025-05-17,AGT,CLXSAV
BKG00010153,CUS0002756,2023-08-06,AGT,YOWUS
BKG00010154,CUS0003806,2024-01-13,WEB,BSSAVE
BKG00010155,CUS0003085,2025-03-07,OTA,YOWUS
BKG00010156,CUS0003541,2025-01-21,MOB,FLXFST
BKG00010157,CUS0000117,2025-10-30,GDS,GRPECO
BKG00010158,CUS0002306,2026-04-05,AGT,YOWRS
BKG00010159,CUS0002621,2023-11-03,AGT,YOWRS
BKG00010160,CUS0002433,2025-12-09,OTA,GRPECO
BKG00010161,CUS0003580,2023-11-20,MOB,YOWRS
BKG00010162,CUS0003442,2024-12-12,OTA,WOWBUS
BKG00010163,CUS0002089,2025-06-19,AGT,BSSAVE
BKG00010164,CUS0003713,2024-02-12,AGT,GRPECO
BKG00010165,CUS0002042,2025-01-20,WEB,BSSAVE
BKG00010166,CUS0004778,2024-11-03,OTA,YOWUS
BKG00010167,CUS0003579,2024-01-26,CTR,CLXSAV
BKG00010168,CUS0003916,2026-03-21,MOB,CLXSAV
BKG00010169,CUS0001375,2026-02-11,AGT,YOWUS
BKG00010170,CUS0001292,2023-10-21,MOB,CLXSAV
BKG00010171,CUS0004156,2026-04-30,CTR,WOWBUS
BKG00010172,CUS0003719,2024-04-11,GDS,YOWRS
BKG00010173,CUS0001318,2025-03-31,OTA,BSSAVE
BKG00010174,CUS0004400,2024-11-09,OTA,YOWRS
BKG00010175,CUS0004848,2026-04-20,AGT,CLXBUS
BKG00010176,CUS0004943,2026-05-11,OTA,YOWRS
BKG00010177,CUS0003147,2024-01-28,AGT,CLXSAV
BKG00010178,CUS0004771,2024-07-07,WEB,CLXBUS
BKG00010179,CUS0002569,2024-04-13,GDS,CLXBUS
BKG00010180,CUS0002446,2025-10-23,GDS,CLXBUS
BKG00010181,CUS0002634,2024-08-29,MOB,WOWBUS
BKG00010182,CUS0004786,2024-04-07,WEB,YOWUS
BKG00010183,CUS0002113,2024-10-22,WEB,CLXSAV
BKG00010184,CUS0001392,2025-03-19,OTA,BSSAVE
BKG00010185,CUS0004312,2026-02-19,GDS,GRPECO
BKG00010186,CUS0004411,2025-09-12,OTA,CLXSAV
BKG00010187,CUS0002095,2026-03-07,GDS,YOWUS
BKG00010188,CUS0000567,2024-06-21,CTR,GRPECO
BKG00010189,CUS0003999,2023-06-24,CTR,CLXSAV
BKG00010190,CUS0000370,2023-07-23,WEB,CLXBUS
BKG00010191,CUS0003079,2025-02-08,GDS,YOWUS
BKG00010192,CUS0001872,2024-11-09,GDS,GRPECO
BKG00010193,CUS0001174,2025-09-08,AGT,CLXSAV
BKG00010194,CUS0000365,2025-01-04,AGT,BSSAVE
BKG00010195,CUS0004125,2023-09-20,AGT,YOWUS
BKG00010196,CUS0000470,2024-10-28,AGT,CLXBUS
BKG00010197,CUS0000629,2025-07-20,GDS,GRPECO
BKG00010198,CUS0000266,2024-06-16,AGT,GRPECO
BKG00010199,CUS0001977,2024-05-16,OTA,FLXFST
BKG00010200,CUS0000352,2024-11-05,AGT,WOWBUS
BKG00010201,CUS0000868,2025-10-10,GDS,YOWRS
BKG00010202,CUS0001816,2026-03-03,AGT,CLXBUS
BKG00010203,CUS0000104,2026-04-25,AGT,GRPECO
BKG00010204,CUS0004813,2023-11-23,CTR,BSSAVE
BKG00010205,CUS0000720,2024-09-13,GDS,CLXBUS
BKG00010206,CUS0002868,2026-01-09,GDS,CLXSAV
BKG00010207,CUS0001454,2023-08-30,GDS,CLXSAV
BKG00010208,CUS0002365,2026-04-15,AGT,BSSAVE
BKG00010209,CUS0004120,2025-07-15,AGT,WOWBUS
BKG00010210,CUS0001029,2025-08-24,CTR,FLXFST
BKG00010211,CUS0004014,2026-02-04,AGT,CLXSAV
BKG00010212,CUS0000740,2024-01-02,OTA,YOWUS
BKG00010213,CUS0003465,2024-08-24,GDS,YOWRS
BKG00010214,CUS0002847,2024-04-08,OTA,GRPECO
BKG00010215,CUS0000900,2025-04-01,AGT,CLXSAV
BKG00010216,CUS0002989,2026-05-23,GDS,FLXFST
BKG00010217,CUS0000664,2025-06-15,GDS,FLXFST
BKG00010218,CUS0004585,2024-11-27,CTR,CLXBUS
BKG00010219,CUS0000354,2026-05-01,CTR,WOWBUS
BKG00010220,CUS0003446,2026-04-04,AGT,WOWBUS
BKG00010221,CUS0003179,2025-10-03,OTA,FLXFST
BKG00010222,CUS0000116,2023-07-18,OTA,CLXSAV
BKG00010223,CUS0002569,2023-08-01,WEB,FLXFST
BKG00010224,CUS0000955,2025-01-18,WEB,WOWBUS
BKG00010225,CUS0001697,2025-02-23,CTR,CLXSAV
BKG00010226,CUS0003403,2024-01-24,MOB,BSSAVE
BKG00010227,CUS0001079,2024-02-07,OTA,CLXSAV
BKG00010228,CUS0000612,2025-06-21,CTR,BSSAVE
BKG00010229,CUS0003058,2025-07-02,GDS,FLXFST
BKG00010230,CUS0000552,2023-10-05,CTR,BSSAVE
BKG00010231,CUS0000668,2026-04-30,MOB,FLXFST
BKG00010232,CUS0004650,2024-01-20,GDS,CLXBUS
BKG00010233,CUS0004572,2023-11-06,AGT,FLXFST
BKG00010234,CUS0004750,2023-06-10,GDS,CLXBUS
BKG00010235,CUS0004306,2024-02-06,GDS,FLXFST
BKG00010236,CUS0001624,2023-08-08,WEB,FLXFST
BKG00010237,CUS0001839,2026-02-25,WEB,CLXSAV
BKG00010238,CUS0001328,2025-06-22,GDS,YOWUS
BKG00010239,CUS0002129,2024-09-08,AGT,WOWBUS
BKG00010240,CUS0003185,2024-06-08,CTR,BSSAVE
BKG00010241,CUS0001479,2026-05-22,OTA,YOWRS
BKG00010242,CUS0003457,2023-12-07,OTA,BSSAVE
BKG00010243,CUS0001926,2023-10-11,WEB,YOWRS
BKG00010244,CUS0001099,2023-08-19,GDS,CLXBUS
BKG00010245,CUS0003321,2024-11-06,CTR,YOWUS
BKG00010246,CUS0000907,2025-03-27,GDS,FLXFST
BKG00010247,CUS0001670,2026-01-02,WEB,YOWRS
BKG00010248,CUS0004675,2026-05-24,CTR,FLXFST
BKG00010249,CUS0001997,2023-07-12,GDS,YOWUS
BKG00010250,CUS0004294,2023-11-25,OTA,CLXSAV
BKG00010251,CUS0001854,2025-04-12,GDS,YOWUS
BKG00010252,CUS0003442,2023-11-03,MOB,BSSAVE
BKG00010253,CUS0001579,2025-02-02,WEB,FLXFST
BKG00010254,CUS0001545,2024-07-12,OTA,FLXFST
BKG00010255,CUS0003854,2024-12-19,MOB,CLXSAV
BKG00010256,CUS0004017,2024-07-20,GDS,CLXSAV
BKG00010257,CUS0003208,2024-08-18,CTR,CLXBUS
BKG00010258,CUS0001362,2023-11-24,CTR,CLXBUS
BKG00010259,CUS0000532,2023-10-18,WEB,CLXBUS
BKG00010260,CUS0000069,2024-02-26,AGT,YOWUS
BKG00010261,CUS0001779,2024-10-28,AGT,BSSAVE
BKG00010262,CUS0003841,2023-09-11,MOB,YOWUS
BKG00010263,CUS0001786,2025-04-19,MOB,CLXBUS
BKG00010264,CUS0004291,2024-04-22,MOB,GRPECO
BKG00010265,CUS0002496,2025-08-04,AGT,FLXFST
BKG00010266,CUS0001696,2026-02-20,AGT,CLXSAV
BKG00010267,CUS0001044,2024-07-29,AGT,WOWBUS
BKG00010268,CUS0002798,2023-10-03,GDS,YOWRS
BKG00010269,CUS0000950,2026-02-20,CTR,BSSAVE
BKG00010270,CUS0000106,2025-06-25,MOB,YOWUS
BKG00010271,CUS0003517,2024-12-26,AGT,CLXSAV
BKG00010272,CUS0004142,2023-07-10,AGT,FLXFST
BKG00010273,CUS0001137,2026-03-12,AGT,YOWRS
BKG00010274,CUS0004606,2024-03-10,OTA,WOWBUS
BKG00010275,CUS0000525,2024-01-02,AGT,YOWRS
BKG00010276,CUS0000770,2025-06-12,AGT,BSSAVE
BKG00010277,CUS0004117,2025-09-17,WEB,GRPECO
BKG00010278,CUS0003969,2024-05-06,CTR,YOWUS
BKG00010279,CUS0001713,2026-03-23,AGT,FLXFST
BKG00010280,CUS0003473,2023-11-01,GDS,FLXFST
BKG00010281,CUS0001873,2023-11-29,GDS,CLXBUS
BKG00010282,CUS0003934,2025-01-18,MOB,YOWRS
BKG00010283,CUS0002018,2025-11-02,MOB,FLXFST
BKG00010284,CUS0002674,2024-11-05,CTR,CLXBUS
BKG00010285,CUS0002755,2024-01-07,WEB,WOWBUS
BKG00010286,CUS0001648,2024-06-13,AGT,GRPECO
BKG00010287,CUS0000404,2024-12-12,AGT,BSSAVE
BKG00010288,CUS0004926,2025-12-17,OTA,YOWUS
BKG00010289,CUS0001843,2024-03-21,GDS,CLXSAV
BKG00010290,CUS0001792,2025-10-16,OTA,WOWBUS
BKG00010291,CUS0000882,2024-02-14,AGT,WOWBUS
BKG00010292,CUS0001273,2026-03-08,AGT,CLXBUS
BKG00010293,CUS0002810,2024-02-13,MOB,GRPECO
BKG00010294,CUS0002704,2023-08-18,GDS,GRPECO
BKG00010295,CUS0000804,2025-11-12,CTR,CLXSAV
BKG00010296,CUS0000389,2023-08-20,AGT,WOWBUS
BKG00010297,CUS0000447,2024-05-09,OTA,FLXFST
BKG00010298,CUS0004107,2024-01-31,GDS,YOWUS
BKG00010299,CUS0003737,2024-07-27,WEB,BSSAVE
BKG00010300,CUS0003261,2023-08-29,OTA,BSSAVE
BKG00010301,CUS0002327,2023-07-07,CTR,CLXBUS
BKG00010302,CUS0004439,2025-04-26,CTR,YOWRS
BKG00010303,CUS0004101,2024-02-05,OTA,BSSAVE
BKG00010304,CUS0004911,2026-04-23,CTR,WOWBUS
BKG00010305,CUS0004159,2026-03-23,CTR,BSSAVE
BKG00010306,CUS0000033,2023-11-08,AGT,YOWRS
BKG00010307,CUS0002688,2023-12-17,WEB,CLXBUS
BKG00010308,CUS0004810,2023-10-30,GDS,GRPECO
BKG00010309,CUS0004069,2025-08-07,GDS,CLXBUS
BKG00010310,CUS0004706,2025-04-25,WEB,WOWBUS
BKG00010311,CUS0003277,2025-09-24,AGT,YOWRS
BKG00010312,CUS0003345,2024-10-05,OTA,GRPECO
BKG00010313,CUS0003391,2024-08-20,OTA,BSSAVE
BKG00010314,CUS0004163,2026-02-20,MOB,BSSAVE
BKG00010315,CUS0003169,2024-02-19,WEB,CLXSAV
BKG00010316,CUS0002203,2025-06-06,AGT,YOWUS
BKG00010317,CUS0001074,2023-05-26,CTR,CLXBUS
BKG00010318,CUS0004604,2024-02-21,OTA,CLXBUS
BKG00010319,CUS0001555,2023-06-27,AGT,CLXBUS
BKG00010320,CUS0002621,2025-11-25,GDS,GRPECO
BKG00010321,CUS0003353,2024-09-01,GDS,YOWRS
BKG00010322,CUS0001948,2024-10-10,CTR,FLXFST
BKG00010323,CUS0002812,2024-11-06,AGT,CLXSAV
BKG00010324,CUS0000135,2025-04-28,AGT,YOWUS
BKG00010325,CUS0004773,2024-06-20,WEB,CLXSAV
BKG00010326,CUS0004869,2026-05-12,OTA,FLXFST
BKG00010327,CUS0003634,2025-03-14,CTR,WOWBUS
BKG00010328,CUS0001161,2024-03-25,MOB,CLXSAV
BKG00010329,CUS0004843,2026-01-09,MOB,FLXFST
BKG00010330,CUS0000126,2025-10-22,WEB,CLXBUS
BKG00010331,CUS0000713,2023-06-26,MOB,GRPECO
BKG00010332,CUS0000252,2024-08-19,GDS,FLXFST
BKG00010333,CUS0000869,2024-06-03,CTR,CLXSAV
BKG00010334,CUS0001883,2024-05-10,GDS,YOWUS
BKG00010335,CUS0004351,2023-11-16,GDS,YOWUS
BKG00010336,CUS0003591,2026-04-04,MOB,YOWUS
BKG00010337,CUS0001146,2025-03-16,WEB,WOWBUS
BKG00010338,CUS0001759,2025-10-06,CTR,YOWRS
BKG00010339,CUS0000547,2024-01-05,MOB,YOWUS
BKG00010340,CUS0004734,2023-07-07,CTR,FLXFST
BKG00010341,CUS0003245,2025-05-04,GDS,FLXFST
BKG00010342,CUS0001801,2025-04-08,GDS,BSSAVE
BKG00010343,CUS0000143,2025-08-13,MOB,GRPECO
BKG00010344,CUS0001832,2024-12-17,OTA,CLXBUS
BKG00010345,CUS0004123,2024-02-04,MOB,FLXFST
BKG00010346,CUS0002963,2025-04-23,GDS,GRPECO
BKG00010347,CUS0000008,2024-10-22,GDS,YOWRS
BKG00010348,CUS0004746,2024-06-14,AGT,YOWUS
BKG00010349,CUS0002847,2023-12-19,GDS,CLXSAV
BKG00010350,CUS0004018,2023-07-22,OTA,WOWBUS
BKG00010351,CUS0004825,2025-01-22,GDS,GRPECO
BKG00010352,CUS0003919,2026-02-16,WEB,CLXSAV
BKG00010353,CUS0002136,2023-10-26,GDS,GRPECO
BKG00010354,CUS0001649,2024-03-22,CTR,WOWBUS
BKG00010355,CUS0000622,2024-08-31,GDS,CLXBUS
BKG00010356,CUS0004891,2023-11-27,WEB,CLXSAV
BKG00010357,CUS0002217,2025-12-21,GDS,GRPECO
BKG00010358,CUS0001975,2024-02-04,AGT,YOWUS
BKG00010359,CUS0002899,2026-05-24,CTR,FLXFST
BKG00010360,CUS0004373,2025-05-04,WEB,YOWUS
BKG00010361,CUS0001318,2023-11-08,OTA,WOWBUS
BKG00010362,CUS0000775,2024-03-17,MOB,BSSAVE
BKG00010363,CUS0003461,2024-05-01,GDS,BSSAVE
BKG00010364,CUS0002591,2025-10-20,OTA,GRPECO
BKG00010365,CUS0004165,2025-04-29,WEB,YOWUS
BKG00010366,CUS0004617,2026-03-18,OTA,YOWUS
BKG00010367,CUS0002506,2024-07-01,WEB,YOWRS
BKG00010368,CUS0002408,2024-11-01,GDS,YOWRS
BKG00010369,CUS0002585,2023-07-13,CTR,GRPECO
BKG00010370,CUS0000107,2024-02-01,WEB,YOWUS
BKG00010371,CUS0000577,2023-11-24,CTR,YOWUS
BKG00010372,CUS0000287,2024-08-17,GDS,WOWBUS
BKG00010373,CUS0004253,2024-12-04,CTR,CLXSAV
BKG00010374,CUS0002111,2024-05-26,GDS,GRPECO
BKG00010375,CUS0001899,2023-11-06,AGT,CLXBUS
BKG00010376,CUS0004065,2023-10-12,OTA,WOWBUS
BKG00010377,CUS0003293,2024-12-17,CTR,WOWBUS
BKG00010378,CUS0004701,2025-10-22,AGT,YOWUS
BKG00010379,CUS0004543,2025-05-29,CTR,CLXBUS
BKG00010380,CUS0000858,2024-08-28,MOB,YOWRS
BKG00010381,CUS0004706,2026-01-01,CTR,CLXSAV
BKG00010382,CUS0004713,2025-05-25,GDS,GRPECO
BKG00010383,CUS0000555,2025-10-04,CTR,WOWBUS
BKG00010384,CUS0001176,2026-02-09,WEB,WOWBUS
BKG00010385,CUS0000109,2025-03-31,OTA,CLXBUS
BKG00010386,CUS0001031,2026-04-28,AGT,CLXBUS
BKG00010387,CUS0001435,2026-02-08,OTA,YOWRS
BKG00010388,CUS0000849,2025-02-27,WEB,YOWUS
BKG00010389,CUS0001609,2024-08-06,OTA,CLXBUS
BKG00010390,CUS0000118,2024-03-29,CTR,CLXBUS
BKG00010391,CUS0001361,2025-12-30,AGT,CLXBUS
BKG00010392,CUS0000517,2023-11-04,MOB,CLXSAV
BKG00010393,CUS0004627,2024-04-20,GDS,YOWUS
BKG00010394,CUS0001870,2024-03-07,MOB,WOWBUS
BKG00010395,CUS0004570,2025-02-05,CTR,GRPECO
BKG00010396,CUS0003431,2023-09-11,GDS,FLXFST
BKG00010397,CUS0003525,2024-08-13,WEB,FLXFST
BKG00010398,CUS0001355,2024-12-14,AGT,CLXSAV
BKG00010399,CUS0000582,2024-10-29,MOB,CLXBUS
BKG00010400,CUS0000137,2023-08-19,AGT,WOWBUS
BKG00010401,CUS0004622,2025-12-11,CTR,GRPECO
BKG00010402,CUS0004507,2024-02-15,MOB,GRPECO
BKG00010403,CUS0002350,2024-09-22,OTA,WOWBUS
BKG00010404,CUS0000175,2024-07-27,CTR,YOWRS
BKG00010405,CUS0004183,2023-05-29,MOB,FLXFST
BKG00010406,CUS0001957,2025-08-19,MOB,WOWBUS
BKG00010407,CUS0003668,2024-05-18,AGT,YOWUS
BKG00010408,CUS0001478,2024-09-03,GDS,FLXFST
BKG00010409,CUS0001986,2024-11-16,CTR,BSSAVE
BKG00010410,CUS0000037,2023-09-19,GDS,YOWRS
BKG00010411,CUS0002853,2024-01-09,OTA,YOWRS
BKG00010412,CUS0004514,2025-10-15,OTA,YOWRS
BKG00010413,CUS0001823,2023-10-18,MOB,YOWRS
BKG00010414,CUS0000637,2026-03-02,GDS,FLXFST
BKG00010415,CUS0000463,2026-01-15,OTA,GRPECO
BKG00010416,CUS0003679,2024-10-04,GDS,GRPECO
BKG00010417,CUS0004042,2025-09-11,WEB,BSSAVE
BKG00010418,CUS0004577,2026-02-10,CTR,BSSAVE
BKG00010419,CUS0000274,2025-05-27,MOB,YOWUS
BKG00010420,CUS0001279,2023-08-05,CTR,GRPECO
BKG00010421,CUS0002619,2025-12-22,GDS,CLXBUS
BKG00010422,CUS0000275,2024-11-03,OTA,BSSAVE
BKG00010423,CUS0001952,2024-02-16,AGT,YOWUS
BKG00010424,CUS0001714,2025-03-24,GDS,YOWUS
BKG00010425,CUS0003098,2024-04-13,GDS,GRPECO
BKG00010426,CUS0004341,2025-01-01,GDS,YOWRS
BKG00010427,CUS0004872,2026-02-18,AGT,BSSAVE
BKG00010428,CUS0002182,2024-03-06,CTR,GRPECO
BKG00010429,CUS0001434,2025-04-12,GDS,CLXSAV
BKG00010430,CUS0002799,2024-07-21,GDS,YOWRS
BKG00010431,CUS0001552,2024-02-23,GDS,CLXBUS
BKG00010432,CUS0004721,2023-12-26,GDS,GRPECO
BKG00010433,CUS0002120,2024-10-06,AGT,CLXSAV
BKG00010434,CUS0000777,2025-10-14,AGT,CLXBUS
BKG00010435,CUS0002592,2024-09-25,MOB,GRPECO
BKG00010436,CUS0002920,2024-04-24,MOB,CLXSAV
BKG00010437,CUS0003633,2025-11-05,AGT,CLXBUS
BKG00010438,CUS0002435,2025-03-01,AGT,BSSAVE
BKG00010439,CUS0002648,2024-06-02,MOB,FLXFST
BKG00010440,CUS0004945,2024-11-05,CTR,YOWUS
BKG00010441,CUS0000922,2023-07-03,CTR,CLXSAV
BKG00010442,CUS0000854,2024-01-21,WEB,YOWRS
BKG00010443,CUS0002578,2025-11-11,AGT,FLXFST
BKG00010444,CUS0003903,2025-11-06,MOB,WOWBUS
BKG00010445,CUS0004452,2025-08-25,OTA,YOWRS
BKG00010446,CUS0002620,2024-04-23,GDS,FLXFST
BKG00010447,CUS0002350,2026-04-16,AGT,FLXFST
BKG00010448,CUS0004051,2026-03-23,WEB,CLXSAV
BKG00010449,CUS0000494,2024-11-01,AGT,FLXFST
BKG00010450,CUS0004359,2024-10-18,WEB,WOWBUS
BKG00010451,CUS0004129,2025-06-08,AGT,WOWBUS
BKG00010452,CUS0000555,2023-05-28,CTR,WOWBUS
BKG00010453,CUS0002124,2026-01-28,GDS,CLXSAV
BKG00010454,CUS0000496,2025-08-21,MOB,GRPECO
BKG00010455,CUS0002622,2026-03-31,CTR,FLXFST
BKG00010456,CUS0000423,2025-04-16,MOB,CLXBUS
BKG00010457,CUS0002819,2024-07-06,GDS,WOWBUS
BKG00010458,CUS0001975,2025-04-27,MOB,BSSAVE
BKG00010459,CUS0002001,2025-02-23,OTA,CLXSAV
BKG00010460,CUS0001134,2024-10-13,OTA,CLXSAV
BKG00010461,CUS0003704,2023-12-25,WEB,CLXSAV
BKG00010462,CUS0000632,2025-08-18,OTA,CLXSAV
BKG00010463,CUS0003855,2025-02-02,CTR,BSSAVE
BKG00010464,CUS0003297,2025-10-02,MOB,YOWUS
BKG00010465,CUS0001660,2024-04-13,MOB,CLXBUS
BKG00010466,CUS0001191,2026-04-21,GDS,YOWRS
BKG00010467,CUS0003093,2025-09-18,WEB,FLXFST
BKG00010468,CUS0001317,2024-06-30,AGT,FLXFST
BKG00010469,CUS0004752,2024-04-02,GDS,CLXBUS
BKG00010470,CUS0003944,2024-01-25,GDS,BSSAVE
BKG00010471,CUS0001767,2024-07-23,AGT,GRPECO
BKG00010472,CUS0000202,2025-06-06,MOB,CLXSAV
BKG00010473,CUS0002287,2026-02-13,GDS,GRPECO
BKG00010474,CUS0001519,2025-03-10,GDS,YOWRS
BKG00010475,CUS0004676,2023-10-12,MOB,YOWRS
BKG00010476,CUS0001270,2023-09-06,MOB,CLXBUS
BKG00010477,CUS0000740,2024-09-18,AGT,BSSAVE
BKG00010478,CUS0001827,2024-05-10,MOB,YOWUS
BKG00010479,CUS0003210,2024-07-07,MOB,CLXSAV
BKG00010480,CUS0001972,2024-05-02,AGT,CLXBUS
BKG00010481,CUS0000777,2025-07-26,CTR,CLXSAV
BKG00010482,CUS0002250,2024-04-30,OTA,CLXSAV
BKG00010483,CUS0002280,2024-05-28,WEB,BSSAVE
BKG00010484,CUS0002608,2024-12-22,CTR,WOWBUS
BKG00010485,CUS0000701,2023-07-04,OTA,YOWUS
BKG00010486,CUS0000420,2025-02-15,MOB,CLXSAV
BKG00010487,CUS0003296,2025-08-16,MOB,YOWUS
BKG00010488,CUS0001664,2025-10-23,MOB,BSSAVE
BKG00010489,CUS0003532,2025-06-08,GDS,WOWBUS
BKG00010490,CUS0002674,2026-04-07,AGT,CLXBUS
BKG00010491,CUS0000075,2026-03-08,OTA,GRPECO
BKG00010492,CUS0004748,2024-08-03,CTR,FLXFST
BKG00010493,CUS0002952,2024-08-25,GDS,YOWRS
BKG00010494,CUS0003495,2026-04-05,CTR,FLXFST
BKG00010495,CUS0001141,2024-06-20,WEB,WOWBUS
BKG00010496,CUS0001211,2025-03-13,AGT,CLXSAV
BKG00010497,CUS0000489,2025-10-11,CTR,FLXFST
BKG00010498,CUS0001415,2026-03-29,CTR,FLXFST
BKG00010499,CUS0004393,2025-05-04,OTA,FLXFST
BKG00010500,CUS0002394,2023-12-03,AGT,WOWBUS
BKG00010501,CUS0002442,2025-04-20,GDS,FLXFST
BKG00010502,CUS0000415,2024-07-27,AGT,BSSAVE
BKG00010503,CUS0001728,2025-12-21,WEB,BSSAVE
BKG00010504,CUS0002962,2023-06-05,CTR,GRPECO
BKG00010505,CUS0001451,2026-01-03,CTR,CLXBUS
BKG00010506,CUS0003237,2026-04-02,GDS,WOWBUS
BKG00010507,CUS0003219,2024-10-11,MOB,YOWRS
BKG00010508,CUS0003250,2024-09-26,MOB,WOWBUS
BKG00010509,CUS0000135,2024-01-25,CTR,CLXBUS
BKG00010510,CUS0003174,2025-12-31,WEB,YOWRS
BKG00010511,CUS0003843,2025-09-14,MOB,FLXFST
BKG00010512,CUS0001248,2023-06-03,CTR,YOWUS
BKG00010513,CUS0001931,2025-04-22,MOB,FLXFST
BKG00010514,CUS0002553,2023-10-14,CTR,YOWUS
BKG00010515,CUS0004224,2025-06-21,OTA,GRPECO
BKG00010516,CUS0002305,2026-01-13,CTR,YOWRS
BKG00010517,CUS0000740,2025-03-10,GDS,WOWBUS
BKG00010518,CUS0002082,2026-05-24,AGT,WOWBUS
BKG00010519,CUS0000284,2024-12-07,MOB,YOWRS
BKG00010520,CUS0000501,2024-04-07,AGT,YOWRS
BKG00010521,CUS0003181,2024-02-29,GDS,WOWBUS
BKG00010522,CUS0003075,2023-09-02,GDS,BSSAVE
BKG00010523,CUS0001178,2025-04-04,CTR,CLXBUS
BKG00010524,CUS0002973,2026-02-12,OTA,CLXBUS
BKG00010525,CUS0000593,2023-05-30,OTA,YOWUS
BKG00010526,CUS0004370,2025-11-25,AGT,CLXSAV
BKG00010527,CUS0003717,2023-11-19,CTR,FLXFST
BKG00010528,CUS0001248,2023-11-09,MOB,CLXSAV
BKG00010529,CUS0000623,2025-06-30,WEB,YOWUS
BKG00010530,CUS0004190,2025-05-28,OTA,FLXFST
BKG00010531,CUS0000654,2026-02-24,WEB,FLXFST
BKG00010532,CUS0003397,2025-09-19,AGT,YOWUS
BKG00010533,CUS0000493,2025-02-15,MOB,FLXFST
BKG00010534,CUS0000051,2026-03-31,OTA,FLXFST
BKG00010535,CUS0004843,2024-08-15,WEB,YOWRS
BKG00010536,CUS0003623,2025-12-17,OTA,CLXSAV
BKG00010537,CUS0001633,2026-05-03,CTR,YOWRS
BKG00010538,CUS0003111,2025-01-26,MOB,CLXBUS
BKG00010539,CUS0002273,2024-09-18,WEB,YOWUS
BKG00010540,CUS0003412,2025-01-03,GDS,GRPECO
BKG00010541,CUS0004471,2024-10-11,CTR,CLXBUS
BKG00010542,CUS0002617,2025-08-12,GDS,WOWBUS
BKG00010543,CUS0001209,2026-03-19,WEB,FLXFST
BKG00010544,CUS0002861,2025-07-30,WEB,BSSAVE
BKG00010545,CUS0002244,2026-01-02,MOB,WOWBUS
BKG00010546,CUS0004300,2024-09-05,CTR,WOWBUS
BKG00010547,CUS0002839,2025-12-18,OTA,CLXBUS
BKG00010548,CUS0000115,2023-12-31,GDS,YOWRS
BKG00010549,CUS0000555,2023-09-18,AGT,YOWUS
BKG00010550,CUS0003802,2026-04-05,MOB,CLXSAV
BKG00010551,CUS0000197,2024-09-20,MOB,WOWBUS
BKG00010552,CUS0000210,2025-07-01,OTA,YOWUS
BKG00010553,CUS0003487,2024-12-24,GDS,GRPECO
BKG00010554,CUS0000773,2025-09-07,OTA,CLXSAV
BKG00010555,CUS0001917,2024-10-04,MOB,WOWBUS
BKG00010556,CUS0001000,2025-04-13,GDS,YOWRS
BKG00010557,CUS0002087,2023-08-24,GDS,CLXSAV
BKG00010558,CUS0002924,2024-06-18,OTA,YOWRS
BKG00010559,CUS0001399,2023-07-08,CTR,BSSAVE
BKG00010560,CUS0002398,2025-11-04,CTR,BSSAVE
BKG00010561,CUS0001283,2025-12-04,WEB,BSSAVE
BKG00010562,CUS0004159,2026-03-25,AGT,YOWRS
BKG00010563,CUS0002921,2024-01-26,AGT,BSSAVE
BKG00010564,CUS0000390,2025-01-29,CTR,CLXSAV
BKG00010565,CUS0001137,2024-07-25,WEB,GRPECO
BKG00010566,CUS0003216,2026-02-10,CTR,YOWUS
BKG00010567,CUS0000985,2024-04-14,MOB,FLXFST
BKG00010568,CUS0004975,2025-02-01,GDS,BSSAVE
BKG00010569,CUS0002738,2026-01-07,WEB,CLXSAV
BKG00010570,CUS0000468,2026-03-03,GDS,WOWBUS
BKG00010571,CUS0001114,2023-07-20,OTA,YOWRS
BKG00010572,CUS0001898,2023-12-10,CTR,CLXBUS
BKG00010573,CUS0001955,2024-12-21,WEB,WOWBUS
BKG00010574,CUS0001383,2025-08-03,OTA,YOWUS
BKG00010575,CUS0001380,2024-09-21,GDS,CLXBUS
BKG00010576,CUS0004919,2024-10-16,GDS,BSSAVE
BKG00010577,CUS0001964,2024-02-29,CTR,WOWBUS
BKG00010578,CUS0004144,2024-11-20,OTA,CLXBUS
BKG00010579,CUS0000388,2023-08-30,AGT,WOWBUS
BKG00010580,CUS0003948,2025-02-22,AGT,FLXFST
BKG00010581,CUS0002907,2023-11-23,OTA,WOWBUS
BKG00010582,CUS0004884,2024-01-03,CTR,CLXBUS
BKG00010583,CUS0001265,2025-11-14,AGT,CLXSAV
BKG00010584,CUS0004298,2024-10-03,WEB,WOWBUS
BKG00010585,CUS0001842,2024-08-05,WEB,FLXFST
BKG00010586,CUS0002087,2023-07-07,WEB,CLXBUS
BKG00010587,CUS0004560,2023-10-09,GDS,WOWBUS
BKG00010588,CUS0001049,2025-04-25,CTR,YOWUS
BKG00010589,CUS0004222,2025-12-23,OTA,YOWUS
BKG00010590,CUS0002726,2026-05-22,WEB,CLXBUS
BKG00010591,CUS0004188,2024-12-18,GDS,YOWRS
BKG00010592,CUS0002741,2024-12-07,CTR,YOWUS
BKG00010593,CUS0002581,2025-10-22,WEB,BSSAVE
BKG00010594,CUS0001732,2025-08-11,GDS,GRPECO
BKG00010595,CUS0001396,2026-02-10,WEB,YOWUS
BKG00010596,CUS0000426,2025-12-21,GDS,CLXBUS
BKG00010597,CUS0002367,2025-10-14,OTA,GRPECO
BKG00010598,CUS0004690,2024-05-30,AGT,WOWBUS
BKG00010599,CUS0004654,2024-06-24,WEB,YOWRS
BKG00010600,CUS0003864,2024-03-19,WEB,GRPECO
BKG00010601,CUS0002060,2025-06-08,AGT,YOWUS
BKG00010602,CUS0000243,2023-08-01,MOB,CLXBUS
BKG00010603,CUS0002921,2024-02-14,GDS,CLXBUS
BKG00010604,CUS0004342,2024-08-13,GDS,CLXSAV
BKG00010605,CUS0003988,2023-09-08,MOB,GRPECO
BKG00010606,CUS0002407,2023-08-02,OTA,FLXFST
BKG00010607,CUS0003317,2024-11-19,GDS,YOWUS
BKG00010608,CUS0003625,2024-02-11,MOB,WOWBUS
BKG00010609,CUS0003226,2025-07-19,GDS,YOWUS
BKG00010610,CUS0002394,2024-05-27,GDS,CLXBUS
BKG00010611,CUS0000849,2024-12-11,MOB,YOWUS
BKG00010612,CUS0004574,2026-01-01,WEB,YOWUS
BKG00010613,CUS0001581,2025-02-25,GDS,WOWBUS
BKG00010614,CUS0004105,2024-06-04,AGT,BSSAVE
BKG00010615,CUS0002913,2024-04-03,MOB,CLXBUS
BKG00010616,CUS0000039,2023-08-25,OTA,WOWBUS
BKG00010617,CUS0004759,2023-08-07,MOB,CLXSAV
BKG00010618,CUS0000959,2024-05-16,GDS,YOWUS
BKG00010619,CUS0001121,2025-04-08,GDS,CLXSAV
BKG00010620,CUS0003958,2024-07-06,GDS,CLXSAV
BKG00010621,CUS0001085,2023-11-24,AGT,FLXFST
BKG00010622,CUS0003431,2025-07-08,CTR,CLXBUS
BKG00010623,CUS0004579,2024-02-21,WEB,WOWBUS
BKG00010624,CUS0000809,2025-06-06,GDS,WOWBUS
BKG00010625,CUS0003280,2023-09-20,GDS,YOWRS
BKG00010626,CUS0003768,2024-06-17,OTA,BSSAVE
BKG00010627,CUS0002144,2025-06-10,AGT,YOWRS
BKG00010628,CUS0002036,2025-05-08,OTA,WOWBUS
BKG00010629,CUS0003994,2025-09-25,GDS,CLXBUS
BKG00010630,CUS0001284,2023-07-08,CTR,WOWBUS
BKG00010631,CUS0001804,2026-01-07,WEB,WOWBUS
BKG00010632,CUS0002932,2025-01-21,MOB,CLXSAV
BKG00010633,CUS0001112,2023-06-12,AGT,FLXFST
BKG00010634,CUS0000343,2024-03-09,CTR,CLXSAV
BKG00010635,CUS0001542,2026-05-13,MOB,GRPECO
BKG00010636,CUS0001940,2023-08-09,OTA,YOWUS
BKG00010637,CUS0000762,2023-09-18,WEB,CLXBUS
BKG00010638,CUS0004935,2024-11-28,GDS,CLXBUS
BKG00010639,CUS0003730,2025-10-11,OTA,CLXBUS
BKG00010640,CUS0004010,2023-11-10,MOB,GRPECO
BKG00010641,CUS0003795,2024-03-08,WEB,CLXBUS
BKG00010642,CUS0004821,2026-01-30,CTR,YOWUS
BKG00010643,CUS0004718,2025-08-03,GDS,GRPECO
BKG00010644,CUS0004375,2025-05-25,WEB,CLXBUS
BKG00010645,CUS0002987,2023-08-14,GDS,CLXSAV
BKG00010646,CUS0004711,2024-08-22,GDS,GRPECO
BKG00010647,CUS0001909,2025-04-16,CTR,FLXFST
BKG00010648,CUS0000771,2025-11-07,WEB,WOWBUS
BKG00010649,CUS0002055,2026-05-23,WEB,CLXSAV
BKG00010650,CUS0003852,2026-04-11,MOB,FLXFST
BKG00010651,CUS0004436,2024-03-16,AGT,YOWRS
BKG00010652,CUS0000420,2023-12-09,CTR,YOWUS
BKG00010653,CUS0002404,2023-06-26,WEB,GRPECO
BKG00010654,CUS0002571,2026-05-08,GDS,CLXBUS
BKG00010655,CUS0001758,2023-06-18,WEB,GRPECO
BKG00010656,CUS0001324,2023-12-15,WEB,GRPECO
BKG00010657,CUS0003719,2024-08-03,WEB,FLXFST
BKG00010658,CUS0004721,2024-01-21,CTR,YOWRS
BKG00010659,CUS0003172,2025-03-17,OTA,GRPECO
BKG00010660,CUS0001484,2026-02-05,MOB,FLXFST
BKG00010661,CUS0002026,2026-05-17,OTA,YOWRS
BKG00010662,CUS0000973,2024-04-08,WEB,CLXBUS
BKG00010663,CUS0004408,2025-01-27,OTA,GRPECO
BKG00010664,CUS0004555,2024-06-09,AGT,FLXFST
BKG00010665,CUS0003681,2024-02-29,WEB,BSSAVE
BKG00010666,CUS0003155,2025-02-01,OTA,GRPECO
BKG00010667,CUS0001310,2023-09-13,CTR,YOWRS
BKG00010668,CUS0004533,2025-08-03,MOB,YOWRS
BKG00010669,CUS0001362,2024-07-30,GDS,CLXSAV
BKG00010670,CUS0001349,2025-05-08,OTA,YOWRS
BKG00010671,CUS0003313,2025-04-01,WEB,CLXBUS
BKG00010672,CUS0000819,2023-06-10,AGT,CLXSAV
BKG00010673,CUS0004590,2025-01-06,OTA,CLXSAV
BKG00010674,CUS0001584,2025-12-05,GDS,WOWBUS
BKG00010675,CUS0000506,2026-03-12,AGT,CLXBUS
BKG00010676,CUS0001758,2024-05-30,GDS,FLXFST
BKG00010677,CUS0001665,2025-07-04,WEB,CLXSAV
BKG00010678,CUS0003019,2023-10-31,CTR,FLXFST
BKG00010679,CUS0004048,2026-05-02,WEB,GRPECO
BKG00010680,CUS0001010,2026-03-25,GDS,CLXBUS
BKG00010681,CUS0002092,2024-02-11,CTR,YOWRS
BKG00010682,CUS0002220,2023-10-31,AGT,CLXBUS
BKG00010683,CUS0000019,2025-09-21,WEB,YOWUS
BKG00010684,CUS0002227,2024-05-01,WEB,GRPECO
BKG00010685,CUS0003028,2024-09-28,GDS,YOWUS
BKG00010686,CUS0001221,2024-04-04,MOB,YOWRS
BKG00010687,CUS0000418,2025-09-09,AGT,FLXFST
BKG00010688,CUS0002559,2024-07-30,WEB,GRPECO
BKG00010689,CUS0004975,2023-11-18,GDS,BSSAVE
BKG00010690,CUS0004787,2024-02-19,GDS,BSSAVE
BKG00010691,CUS0001446,2025-04-06,AGT,CLXSAV
BKG00010692,CUS0002503,2024-05-01,MOB,GRPECO
BKG00010693,CUS0001689,2023-11-30,AGT,CLXBUS
BKG00010694,CUS0002119,2023-07-05,CTR,GRPECO
BKG00010695,CUS0004717,2025-02-26,AGT,BSSAVE
BKG00010696,CUS0003071,2024-03-21,WEB,GRPECO
BKG00010697,CUS0001597,2025-10-13,GDS,FLXFST
BKG00010698,CUS0002636,2023-10-17,OTA,GRPECO
BKG00010699,CUS0003001,2024-10-18,CTR,GRPECO
BKG00010700,CUS0004590,2023-12-04,AGT,WOWBUS
BKG00010701,CUS0003968,2025-08-06,WEB,YOWUS
BKG00010702,CUS0002643,2023-06-04,MOB,BSSAVE
BKG00010703,CUS0002905,2024-07-29,AGT,YOWUS
BKG00010704,CUS0003524,2025-11-24,AGT,GRPECO
BKG00010705,CUS0003765,2026-04-09,WEB,CLXSAV
BKG00010706,CUS0001598,2025-03-24,AGT,FLXFST
BKG00010707,CUS0000017,2024-04-24,AGT,YOWRS
BKG00010708,CUS0003896,2025-05-28,OTA,WOWBUS
BKG00010709,CUS0000165,2025-06-09,OTA,YOWUS
BKG00010710,CUS0001293,2023-07-28,OTA,FLXFST
BKG00010711,CUS0000483,2026-03-25,WEB,CLXBUS
BKG00010712,CUS0000991,2024-02-10,MOB,YOWRS
BKG00010713,CUS0003351,2025-07-05,AGT,FLXFST
BKG00010714,CUS0004049,2023-08-06,GDS,CLXSAV
BKG00010715,CUS0001210,2023-07-09,GDS,YOWUS
BKG00010716,CUS0003587,2026-01-31,WEB,BSSAVE
BKG00010717,CUS0003670,2024-02-20,CTR,GRPECO
BKG00010718,CUS0000841,2023-11-23,GDS,FLXFST
BKG00010719,CUS0001745,2023-06-02,AGT,CLXSAV
BKG00010720,CUS0000076,2023-07-06,GDS,CLXBUS
BKG00010721,CUS0001462,2026-03-16,AGT,GRPECO
BKG00010722,CUS0001289,2024-11-04,CTR,YOWUS
BKG00010723,CUS0002410,2025-09-23,MOB,YOWRS
BKG00010724,CUS0003991,2023-07-10,AGT,FLXFST
BKG00010725,CUS0003784,2025-11-17,GDS,BSSAVE
BKG00010726,CUS0001376,2025-12-23,GDS,YOWUS
BKG00010727,CUS0001179,2025-08-26,AGT,CLXSAV
BKG00010728,CUS0002556,2024-02-13,MOB,YOWRS
BKG00010729,CUS0003247,2025-01-17,AGT,WOWBUS
BKG00010730,CUS0004707,2024-02-02,WEB,CLXSAV
BKG00010731,CUS0004181,2025-03-19,OTA,FLXFST
BKG00010732,CUS0002235,2025-02-15,GDS,BSSAVE
BKG00010733,CUS0002749,2024-09-22,GDS,YOWUS
BKG00010734,CUS0002317,2025-02-28,GDS,GRPECO
BKG00010735,CUS0004198,2025-10-03,MOB,YOWUS
BKG00010736,CUS0001673,2023-07-18,GDS,YOWUS
BKG00010737,CUS0003202,2024-08-09,AGT,YOWRS
BKG00010738,CUS0002624,2024-01-05,AGT,CLXSAV
BKG00010739,CUS0000269,2025-09-17,AGT,BSSAVE
BKG00010740,CUS0003219,2024-12-01,WEB,WOWBUS
BKG00010741,CUS0002109,2023-06-13,WEB,GRPECO
BKG00010742,CUS0001855,2024-04-01,WEB,BSSAVE
BKG00010743,CUS0001268,2025-08-30,AGT,YOWUS
BKG00010744,CUS0003539,2025-09-13,GDS,GRPECO
BKG00010745,CUS0003568,2024-12-17,GDS,CLXSAV
BKG00010746,CUS0002347,2024-05-08,AGT,YOWUS
BKG00010747,CUS0002657,2025-03-30,MOB,BSSAVE
BKG00010748,CUS0002276,2025-05-26,MOB,YOWRS
BKG00010749,CUS0003375,2023-09-12,CTR,CLXBUS
BKG00010750,CUS0001813,2025-05-02,OTA,WOWBUS
BKG00010751,CUS0001366,2025-01-19,CTR,FLXFST
BKG00010752,CUS0000601,2024-09-30,GDS,YOWUS
BKG00010753,CUS0002996,2024-04-16,CTR,YOWRS
BKG00010754,CUS0001965,2024-07-20,CTR,YOWUS
BKG00010755,CUS0002728,2025-05-31,GDS,WOWBUS
BKG00010756,CUS0001531,2024-05-13,WEB,WOWBUS
BKG00010757,CUS0003098,2025-08-05,GDS,FLXFST
BKG00010758,CUS0002430,2024-06-05,OTA,CLXSAV
BKG00010759,CUS0003050,2024-12-11,MOB,FLXFST
BKG00010760,CUS0000903,2024-02-24,OTA,YOWRS
BKG00010761,CUS0000248,2026-03-08,GDS,YOWUS
BKG00010762,CUS0002850,2023-11-05,AGT,CLXSAV
BKG00010763,CUS0004078,2024-08-26,WEB,CLXSAV
BKG00010764,CUS0001282,2026-02-06,CTR,CLXSAV
BKG00010765,CUS0000296,2023-09-05,CTR,FLXFST
BKG00010766,CUS0004355,2025-08-19,GDS,CLXBUS
BKG00010767,CUS0002370,2026-02-13,WEB,BSSAVE
BKG00010768,CUS0001565,2023-07-12,OTA,FLXFST
BKG00010769,CUS0001420,2026-03-09,OTA,FLXFST
BKG00010770,CUS0004889,2024-06-30,MOB,FLXFST
BKG00010771,CUS0002020,2026-05-04,OTA,FLXFST
BKG00010772,CUS0000205,2025-05-12,WEB,FLXFST
BKG00010773,CUS0001533,2023-11-06,OTA,CLXSAV
BKG00010774,CUS0000516,2025-07-31,OTA,YOWRS
BKG00010775,CUS0003954,2025-09-11,CTR,GRPECO
BKG00010776,CUS0002976,2024-05-15,WEB,WOWBUS
BKG00010777,CUS0003889,2023-07-01,CTR,CLXBUS
BKG00010778,CUS0004817,2024-05-20,OTA,WOWBUS
BKG00010779,CUS0000549,2026-04-29,MOB,GRPECO
BKG00010780,CUS0001622,2023-11-01,OTA,CLXBUS
BKG00010781,CUS0002739,2023-07-16,CTR,YOWUS
BKG00010782,CUS0000542,2023-11-05,CTR,GRPECO
BKG00010783,CUS0003467,2023-09-23,AGT,BSSAVE
BKG00010784,CUS0000918,2024-02-09,MOB,CLXBUS
BKG00010785,CUS0003416,2025-05-13,WEB,FLXFST
BKG00010786,CUS0002272,2024-07-03,AGT,FLXFST
BKG00010787,CUS0000631,2025-06-30,OTA,BSSAVE
BKG00010788,CUS0003536,2023-07-18,OTA,WOWBUS
BKG00010789,CUS0001239,2026-03-16,MOB,BSSAVE
BKG00010790,CUS0002144,2024-09-24,GDS,YOWUS
BKG00010791,CUS0004179,2024-08-17,WEB,YOWUS
BKG00010792,CUS0000879,2023-08-21,OTA,YOWRS
BKG00010793,CUS0001375,2026-03-31,CTR,GRPECO
BKG00010794,CUS0000593,2025-12-15,CTR,CLXBUS
BKG00010795,CUS0000357,2025-08-20,CTR,CLXBUS
BKG00010796,CUS0002018,2024-10-12,GDS,CLXBUS
BKG00010797,CUS0004537,2026-01-31,AGT,YOWRS
BKG00010798,CUS0001113,2025-01-25,GDS,YOWRS
BKG00010799,CUS0003994,2025-05-04,CTR,WOWBUS
BKG00010800,CUS0000068,2023-07-25,AGT,YOWUS
BKG00010801,CUS0004270,2025-01-04,WEB,CLXSAV
BKG00010802,CUS0004219,2024-03-08,CTR,YOWUS
BKG00010803,CUS0002701,2023-10-02,AGT,YOWUS
BKG00010804,CUS0004477,2024-12-23,WEB,CLXBUS
BKG00010805,CUS0000132,2024-06-22,MOB,WOWBUS
BKG00010806,CUS0002316,2024-06-18,AGT,YOWUS
BKG00010807,CUS0002785,2025-01-23,WEB,YOWRS
BKG00010808,CUS0000396,2024-08-22,OTA,FLXFST
BKG00010809,CUS0001814,2025-06-04,OTA,FLXFST
BKG00010810,CUS0004845,2025-12-22,CTR,YOWUS
BKG00010811,CUS0001511,2025-05-18,WEB,WOWBUS
BKG00010812,CUS0000562,2025-02-03,WEB,FLXFST
BKG00010813,CUS0003399,2023-11-05,CTR,CLXBUS
BKG00010814,CUS0003425,2025-09-17,WEB,BSSAVE
BKG00010815,CUS0000616,2024-09-28,MOB,CLXBUS
BKG00010816,CUS0003524,2025-06-07,GDS,FLXFST
BKG00010817,CUS0002116,2026-01-30,MOB,YOWRS
BKG00010818,CUS0001221,2024-08-20,AGT,CLXSAV
BKG00010819,CUS0004637,2024-06-03,CTR,WOWBUS
BKG00010820,CUS0003249,2025-07-16,MOB,YOWUS
BKG00010821,CUS0003745,2025-04-01,OTA,CLXBUS
BKG00010822,CUS0004791,2025-02-18,AGT,CLXSAV
BKG00010823,CUS0004906,2023-12-09,WEB,BSSAVE
BKG00010824,CUS0003185,2024-12-01,WEB,BSSAVE
BKG00010825,CUS0000004,2023-08-10,MOB,WOWBUS
BKG00010826,CUS0000648,2024-02-15,AGT,CLXBUS
BKG00010827,CUS0003545,2025-07-11,OTA,FLXFST
BKG00010828,CUS0002900,2024-08-01,GDS,YOWRS
BKG00010829,CUS0003438,2024-10-07,GDS,CLXSAV
BKG00010830,CUS0004023,2023-10-07,CTR,YOWRS
BKG00010831,CUS0001730,2025-09-19,WEB,CLXBUS
BKG00010832,CUS0004708,2026-02-13,CTR,CLXSAV
BKG00010833,CUS0000470,2023-09-30,OTA,WOWBUS
BKG00010834,CUS0004107,2025-07-16,CTR,FLXFST
BKG00010835,CUS0002382,2024-11-05,AGT,YOWRS
BKG00010836,CUS0003260,2024-05-31,OTA,CLXSAV
BKG00010837,CUS0000324,2025-08-01,CTR,FLXFST
BKG00010838,CUS0001182,2023-09-06,AGT,CLXSAV
BKG00010839,CUS0001557,2026-03-05,MOB,BSSAVE
BKG00010840,CUS0001853,2024-02-26,WEB,GRPECO
BKG00010841,CUS0001211,2024-07-10,OTA,GRPECO
BKG00010842,CUS0003159,2024-06-07,OTA,YOWRS
BKG00010843,CUS0001527,2025-10-13,GDS,YOWRS
BKG00010844,CUS0001783,2026-04-26,AGT,CLXSAV
BKG00010845,CUS0002975,2024-03-31,GDS,CLXBUS
BKG00010846,CUS0002627,2023-10-08,CTR,FLXFST
BKG00010847,CUS0000972,2023-11-03,CTR,YOWUS
BKG00010848,CUS0002646,2024-07-18,CTR,WOWBUS
BKG00010849,CUS0004724,2023-11-06,MOB,CLXBUS
BKG00010850,CUS0000297,2023-05-30,CTR,WOWBUS
BKG00010851,CUS0003023,2023-07-29,OTA,CLXBUS
BKG00010852,CUS0001154,2025-12-13,AGT,GRPECO
BKG00010853,CUS0004219,2026-05-01,CTR,CLXSAV
BKG00010854,CUS0004626,2024-11-11,CTR,YOWRS
BKG00010855,CUS0004830,2025-05-17,MOB,YOWUS
BKG00010856,CUS0003551,2025-08-25,CTR,FLXFST
BKG00010857,CUS0003055,2024-01-27,GDS,WOWBUS
BKG00010858,CUS0001457,2025-11-11,OTA,FLXFST
BKG00010859,CUS0001164,2024-07-13,GDS,FLXFST
BKG00010860,CUS0001338,2026-04-09,MOB,WOWBUS
BKG00010861,CUS0003395,2023-10-10,CTR,WOWBUS
BKG00010862,CUS0000680,2026-05-03,MOB,GRPECO
BKG00010863,CUS0002790,2026-05-18,MOB,CLXBUS
BKG00010864,CUS0001006,2026-01-12,CTR,WOWBUS
BKG00010865,CUS0004976,2025-12-18,AGT,CLXSAV
BKG00010866,CUS0002779,2025-05-22,AGT,GRPECO
BKG00010867,CUS0004596,2025-02-13,AGT,YOWUS
BKG00010868,CUS0001319,2024-09-30,MOB,YOWUS
BKG00010869,CUS0000721,2026-05-08,GDS,GRPECO
BKG00010870,CUS0000661,2024-05-24,AGT,YOWUS
BKG00010871,CUS0003445,2023-08-14,MOB,CLXBUS
BKG00010872,CUS0002973,2026-03-10,WEB,BSSAVE
BKG00010873,CUS0003167,2024-07-03,AGT,CLXBUS
BKG00010874,CUS0002192,2025-08-16,GDS,WOWBUS
BKG00010875,CUS0002989,2024-02-03,AGT,WOWBUS
BKG00010876,CUS0002274,2025-04-30,WEB,CLXBUS
BKG00010877,CUS0002022,2026-05-06,CTR,YOWRS
BKG00010878,CUS0000252,2023-12-23,AGT,WOWBUS
BKG00010879,CUS0001526,2023-10-11,MOB,YOWRS
BKG00010880,CUS0004331,2024-10-29,GDS,FLXFST
BKG00010881,CUS0003840,2024-11-16,CTR,YOWUS
BKG00010882,CUS0003478,2023-08-05,GDS,GRPECO
BKG00010883,CUS0002106,2024-03-15,GDS,GRPECO
BKG00010884,CUS0001113,2025-11-26,WEB,YOWRS
BKG00010885,CUS0000652,2026-02-08,AGT,YOWUS
BKG00010886,CUS0002419,2025-03-28,WEB,WOWBUS
BKG00010887,CUS0004173,2026-05-18,OTA,WOWBUS
BKG00010888,CUS0003837,2025-07-14,CTR,BSSAVE
BKG00010889,CUS0003230,2023-07-06,WEB,YOWRS
BKG00010890,CUS0004475,2023-12-03,GDS,GRPECO
BKG00010891,CUS0003897,2023-09-10,CTR,CLXSAV
BKG00010892,CUS0001817,2025-02-18,MOB,CLXBUS
BKG00010893,CUS0001168,2025-10-04,MOB,CLXSAV
BKG00010894,CUS0001735,2024-01-08,CTR,WOWBUS
BKG00010895,CUS0001063,2023-09-19,MOB,CLXBUS
BKG00010896,CUS0001050,2025-09-10,OTA,GRPECO
BKG00010897,CUS0003907,2025-04-29,GDS,BSSAVE
BKG00010898,CUS0003736,2024-06-22,GDS,CLXBUS
BKG00010899,CUS0002967,2023-07-20,GDS,CLXSAV
BKG00010900,CUS0000393,2025-01-18,MOB,YOWRS
BKG00010901,CUS0004270,2024-06-28,CTR,CLXSAV
BKG00010902,CUS0001530,2025-10-24,WEB,YOWRS
BKG00010903,CUS0002310,2024-01-19,CTR,CLXBUS
BKG00010904,CUS0003539,2024-02-11,WEB,WOWBUS
BKG00010905,CUS0003101,2023-07-24,MOB,WOWBUS
BKG00010906,CUS0004772,2025-04-25,GDS,GRPECO
BKG00010907,CUS0004441,2024-06-13,CTR,CLXBUS
BKG00010908,CUS0001445,2024-12-25,WEB,CLXBUS
BKG00010909,CUS0003786,2026-03-12,OTA,WOWBUS
BKG00010910,CUS0003019,2026-01-30,AGT,CLXBUS
BKG00010911,CUS0003663,2024-12-19,GDS,YOWUS
BKG00010912,CUS0003141,2025-01-24,CTR,WOWBUS
BKG00010913,CUS0004832,2023-12-09,MOB,CLXSAV
BKG00010914,CUS0001978,2023-07-22,MOB,YOWUS
BKG00010915,CUS0001231,2023-12-14,OTA,CLXBUS
BKG00010916,CUS0003337,2026-04-24,WEB,FLXFST
BKG00010917,CUS0003885,2026-03-02,CTR,CLXBUS
BKG00010918,CUS0003372,2023-12-07,AGT,GRPECO
BKG00010919,CUS0003705,2025-11-19,CTR,YOWRS
BKG00010920,CUS0004259,2024-06-19,CTR,FLXFST
BKG00010921,CUS0001764,2025-11-05,AGT,FLXFST
BKG00010922,CUS0000643,2024-08-05,MOB,CLXSAV
BKG00010923,CUS0002381,2024-12-19,AGT,CLXSAV
BKG00010924,CUS0004799,2023-10-20,MOB,YOWRS
BKG00010925,CUS0000941,2024-03-20,AGT,CLXSAV
BKG00010926,CUS0003590,2026-01-31,MOB,WOWBUS
BKG00010927,CUS0002722,2023-09-12,AGT,YOWUS
BKG00010928,CUS0000716,2025-12-11,CTR,CLXBUS
BKG00010929,CUS0003774,2025-09-13,MOB,GRPECO
BKG00010930,CUS0003993,2025-11-10,CTR,FLXFST
BKG00010931,CUS0001128,2024-07-24,GDS,WOWBUS
BKG00010932,CUS0004139,2026-03-22,CTR,FLXFST
BKG00010933,CUS0002893,2026-02-08,OTA,GRPECO
BKG00010934,CUS0003808,2026-03-17,CTR,YOWRS
BKG00010935,CUS0003922,2025-08-18,CTR,BSSAVE
BKG00010936,CUS0001108,2024-09-16,WEB,YOWUS
BKG00010937,CUS0004507,2025-06-10,AGT,YOWRS
BKG00010938,CUS0000191,2026-01-24,WEB,YOWRS
BKG00010939,CUS0002094,2026-05-14,MOB,FLXFST
BKG00010940,CUS0003410,2026-04-11,CTR,YOWUS
BKG00010941,CUS0003237,2026-03-25,MOB,CLXSAV
BKG00010942,CUS0000703,2023-07-29,OTA,GRPECO
BKG00010943,CUS0002649,2025-05-24,CTR,CLXSAV
BKG00010944,CUS0000883,2023-09-03,OTA,YOWUS
BKG00010945,CUS0004629,2025-07-02,AGT,FLXFST
BKG00010946,CUS0003648,2024-06-01,WEB,YOWUS
BKG00010947,CUS0004189,2023-06-22,WEB,YOWUS
BKG00010948,CUS0002173,2026-03-25,AGT,CLXSAV
BKG00010949,CUS0004218,2024-03-03,AGT,GRPECO
BKG00010950,CUS0001503,2023-10-05,OTA,BSSAVE
BKG00010951,CUS0001430,2024-11-28,GDS,CLXBUS
BKG00010952,CUS0004827,2025-02-10,GDS,FLXFST
BKG00010953,CUS0002864,2023-07-10,AGT,BSSAVE
BKG00010954,CUS0002437,2023-11-03,CTR,WOWBUS
BKG00010955,CUS0000368,2024-04-07,OTA,YOWRS
BKG00010956,CUS0003741,2025-11-22,WEB,GRPECO
BKG00010957,CUS0001273,2025-11-26,AGT,CLXSAV
BKG00010958,CUS0000524,2024-06-24,MOB,WOWBUS
BKG00010959,CUS0002098,2025-05-27,MOB,WOWBUS
BKG00010960,CUS0002684,2025-02-11,MOB,FLXFST
BKG00010961,CUS0003796,2024-10-31,OTA,GRPECO
BKG00010962,CUS0003966,2025-12-26,GDS,GRPECO
BKG00010963,CUS0001743,2025-07-24,OTA,BSSAVE
BKG00010964,CUS0003179,2024-07-30,OTA,GRPECO
BKG00010965,CUS0002644,2024-11-19,WEB,WOWBUS
BKG00010966,CUS0000571,2025-05-09,WEB,CLXBUS
BKG00010967,CUS0004836,2025-02-05,GDS,YOWRS
BKG00010968,CUS0002104,2024-01-29,WEB,GRPECO
BKG00010969,CUS0003911,2023-09-07,WEB,BSSAVE
BKG00010970,CUS0004178,2026-05-20,WEB,FLXFST
BKG00010971,CUS0000700,2026-01-21,AGT,YOWUS
BKG00010972,CUS0003944,2023-07-31,OTA,FLXFST
BKG00010973,CUS0003220,2026-03-05,AGT,FLXFST
BKG00010974,CUS0004950,2024-09-25,GDS,CLXBUS
BKG00010975,CUS0003888,2024-01-26,MOB,YOWRS
BKG00010976,CUS0003764,2023-07-11,WEB,BSSAVE
BKG00010977,CUS0002375,2025-03-27,MOB,CLXSAV
BKG00010978,CUS0003196,2025-09-03,GDS,WOWBUS
BKG00010979,CUS0000414,2023-11-27,MOB,BSSAVE
BKG00010980,CUS0002853,2023-06-14,MOB,FLXFST
BKG00010981,CUS0004693,2025-03-05,OTA,BSSAVE
BKG00010982,CUS0002969,2025-11-25,OTA,GRPECO
BKG00010983,CUS0003111,2025-03-09,GDS,WOWBUS
BKG00010984,CUS0002623,2023-11-01,AGT,YOWUS
BKG00010985,CUS0003888,2024-03-22,CTR,YOWRS
BKG00010986,CUS0000454,2025-09-25,AGT,GRPECO
BKG00010987,CUS0001441,2025-04-10,CTR,WOWBUS
BKG00010988,CUS0004878,2024-06-07,OTA,GRPECO
BKG00010989,CUS0003163,2026-04-10,OTA,FLXFST
BKG00010990,CUS0000590,2026-03-03,MOB,FLXFST
BKG00010991,CUS0000723,2024-08-12,OTA,WOWBUS
BKG00010992,CUS0003317,2024-05-08,AGT,WOWBUS
BKG00010993,CUS0000880,2024-10-08,CTR,FLXFST
BKG00010994,CUS0001443,2025-06-07,GDS,CLXSAV
BKG00010995,CUS0003232,2023-09-22,AGT,CLXBUS
BKG00010996,CUS0002095,2026-05-10,MOB,YOWUS
BKG00010997,CUS0004777,2023-10-16,OTA,YOWRS
BKG00010998,CUS0004958,2023-06-26,OTA,FLXFST
BKG00010999,CUS0003285,2023-12-05,MOB,YOWUS
BKG00011000,CUS0000506,2024-05-14,AGT,FLXFST
BKG00011001,CUS0001646,2024-09-20,GDS,BSSAVE
BKG00011002,CUS0000968,2025-04-04,WEB,CLXSAV
BKG00011003,CUS0000633,2025-05-05,GDS,CLXBUS
BKG00011004,CUS0000463,2026-04-27,GDS,GRPECO
BKG00011005,CUS0000455,2023-08-10,OTA,YOWRS
BKG00011006,CUS0000741,2024-08-02,MOB,CLXSAV
BKG00011007,CUS0001601,2025-05-23,AGT,GRPECO
BKG00011008,CUS0002019,2023-12-21,CTR,FLXFST
BKG00011009,CUS0002990,2026-03-22,MOB,GRPECO
BKG00011010,CUS0001337,2025-10-29,CTR,CLXSAV
BKG00011011,CUS0004758,2023-08-11,AGT,FLXFST
BKG00011012,CUS0003610,2024-02-02,GDS,GRPECO
BKG00011013,CUS0000502,2024-03-20,OTA,CLXSAV
BKG00011014,CUS0002443,2025-08-07,CTR,YOWUS
BKG00011015,CUS0003885,2025-09-13,WEB,BSSAVE
BKG00011016,CUS0004816,2023-10-22,CTR,FLXFST
BKG00011017,CUS0004989,2026-02-25,CTR,YOWRS
BKG00011018,CUS0002668,2024-04-25,OTA,BSSAVE
BKG00011019,CUS0003918,2025-10-21,WEB,YOWUS
BKG00011020,CUS0001043,2024-04-24,CTR,WOWBUS
BKG00011021,CUS0001777,2025-04-15,AGT,YOWRS
BKG00011022,CUS0001738,2023-12-18,MOB,FLXFST
BKG00011023,CUS0004173,2025-10-18,CTR,WOWBUS
BKG00011024,CUS0003859,2025-12-11,OTA,FLXFST
BKG00011025,CUS0000162,2025-09-16,MOB,YOWRS
BKG00011026,CUS0002046,2023-11-20,GDS,CLXBUS
BKG00011027,CUS0000621,2025-10-07,OTA,GRPECO
BKG00011028,CUS0003949,2025-06-25,WEB,BSSAVE
BKG00011029,CUS0004977,2025-01-24,WEB,CLXBUS
BKG00011030,CUS0001416,2024-06-15,AGT,CLXSAV
BKG00011031,CUS0000518,2024-02-07,AGT,CLXSAV
BKG00011032,CUS0003389,2024-01-11,WEB,GRPECO
BKG00011033,CUS0003570,2026-03-04,AGT,CLXSAV
BKG00011034,CUS0002753,2023-10-28,CTR,BSSAVE
BKG00011035,CUS0001271,2023-08-10,MOB,CLXSAV
BKG00011036,CUS0002962,2025-08-17,MOB,CLXSAV
BKG00011037,CUS0004558,2023-10-08,GDS,YOWUS
BKG00011038,CUS0003582,2024-07-30,MOB,YOWUS
BKG00011039,CUS0001240,2024-07-05,MOB,BSSAVE
BKG00011040,CUS0004984,2023-08-02,MOB,WOWBUS
BKG00011041,CUS0002924,2025-12-04,MOB,GRPECO
BKG00011042,CUS0004319,2024-04-21,CTR,GRPECO
BKG00011043,CUS0000851,2023-06-28,OTA,WOWBUS
BKG00011044,CUS0002874,2025-02-24,CTR,FLXFST
BKG00011045,CUS0002461,2025-10-25,GDS,BSSAVE
BKG00011046,CUS0003364,2026-04-26,CTR,CLXBUS
BKG00011047,CUS0004087,2024-07-20,OTA,FLXFST
BKG00011048,CUS0002270,2025-09-17,AGT,CLXSAV
BKG00011049,CUS0002630,2024-02-18,WEB,GRPECO
BKG00011050,CUS0001237,2025-06-12,CTR,WOWBUS
BKG00011051,CUS0000842,2023-12-12,WEB,YOWRS
BKG00011052,CUS0004511,2026-03-23,OTA,YOWUS
BKG00011053,CUS0004312,2023-09-28,CTR,YOWUS
BKG00011054,CUS0004423,2024-06-24,GDS,CLXSAV
BKG00011055,CUS0003303,2025-07-20,AGT,CLXBUS
BKG00011056,CUS0002873,2024-08-12,WEB,CLXSAV
BKG00011057,CUS0004448,2025-01-16,WEB,YOWUS
BKG00011058,CUS0002622,2024-06-01,CTR,YOWUS
BKG00011059,CUS0000892,2024-08-20,WEB,FLXFST
BKG00011060,CUS0003986,2025-01-31,CTR,GRPECO
BKG00011061,CUS0002130,2024-02-21,OTA,GRPECO
BKG00011062,CUS0003566,2025-04-24,WEB,WOWBUS
BKG00011063,CUS0003659,2025-06-01,CTR,FLXFST
BKG00011064,CUS0003088,2023-10-12,MOB,FLXFST
BKG00011065,CUS0002423,2024-06-23,GDS,CLXSAV
BKG00011066,CUS0001985,2024-01-23,MOB,WOWBUS
BKG00011067,CUS0002461,2024-11-20,GDS,GRPECO
BKG00011068,CUS0002266,2024-09-05,AGT,FLXFST
BKG00011069,CUS0001875,2025-01-14,MOB,GRPECO
BKG00011070,CUS0004729,2026-04-17,MOB,BSSAVE
BKG00011071,CUS0003526,2024-06-06,MOB,YOWRS
BKG00011072,CUS0000609,2024-05-17,OTA,YOWUS
BKG00011073,CUS0001486,2023-08-12,MOB,GRPECO
BKG00011074,CUS0002378,2025-07-01,MOB,GRPECO
BKG00011075,CUS0002007,2023-12-08,OTA,CLXSAV
BKG00011076,CUS0000412,2025-05-26,OTA,BSSAVE
BKG00011077,CUS0000945,2026-03-06,CTR,CLXBUS
BKG00011078,CUS0000072,2024-04-19,OTA,YOWUS
BKG00011079,CUS0002069,2023-09-04,GDS,BSSAVE
BKG00011080,CUS0003414,2023-12-19,WEB,GRPECO
BKG00011081,CUS0004618,2024-11-06,GDS,BSSAVE
BKG00011082,CUS0004876,2025-03-28,WEB,CLXBUS
BKG00011083,CUS0002912,2025-10-24,CTR,GRPECO
BKG00011084,CUS0003694,2025-01-19,MOB,FLXFST
BKG00011085,CUS0003094,2025-01-12,WEB,CLXSAV
BKG00011086,CUS0004757,2023-10-19,WEB,YOWRS
BKG00011087,CUS0003597,2024-08-10,OTA,GRPECO
BKG00011088,CUS0001900,2025-01-21,GDS,FLXFST
BKG00011089,CUS0002989,2025-12-21,MOB,GRPECO
BKG00011090,CUS0004332,2024-11-28,CTR,CLXSAV
BKG00011091,CUS0004293,2025-01-21,GDS,CLXBUS
BKG00011092,CUS0004145,2023-11-12,AGT,CLXSAV
BKG00011093,CUS0002968,2024-06-28,GDS,YOWRS
BKG00011094,CUS0002005,2024-02-04,WEB,CLXBUS
BKG00011095,CUS0002150,2026-04-14,OTA,FLXFST
BKG00011096,CUS0000529,2025-01-23,GDS,WOWBUS
BKG00011097,CUS0004625,2025-02-27,OTA,BSSAVE
BKG00011098,CUS0002777,2026-02-19,GDS,CLXBUS
BKG00011099,CUS0003912,2026-02-01,GDS,GRPECO
BKG00011100,CUS0002275,2026-02-16,MOB,GRPECO
BKG00011101,CUS0001293,2023-08-28,WEB,BSSAVE
BKG00011102,CUS0001821,2024-09-24,CTR,CLXBUS
BKG00011103,CUS0004221,2024-05-15,GDS,GRPECO
BKG00011104,CUS0003025,2024-03-12,GDS,YOWRS
BKG00011105,CUS0000667,2025-10-23,CTR,GRPECO
BKG00011106,CUS0002721,2024-02-13,OTA,GRPECO
BKG00011107,CUS0004855,2023-06-07,AGT,WOWBUS
BKG00011108,CUS0001040,2024-04-11,AGT,BSSAVE
BKG00011109,CUS0004872,2024-05-01,WEB,YOWUS
BKG00011110,CUS0000490,2023-06-01,OTA,YOWUS
BKG00011111,CUS0002619,2023-06-18,OTA,CLXSAV
BKG00011112,CUS0000929,2025-12-09,GDS,WOWBUS
BKG00011113,CUS0003112,2025-08-30,OTA,CLXSAV
BKG00011114,CUS0002330,2025-12-03,WEB,CLXSAV
BKG00011115,CUS0004648,2025-09-03,WEB,WOWBUS
BKG00011116,CUS0002272,2026-01-04,OTA,BSSAVE
BKG00011117,CUS0002380,2024-04-08,GDS,BSSAVE
BKG00011118,CUS0003845,2025-11-25,WEB,BSSAVE
BKG00011119,CUS0001544,2025-02-11,CTR,WOWBUS
BKG00011120,CUS0002024,2023-11-17,WEB,FLXFST
BKG00011121,CUS0002755,2024-10-20,MOB,WOWBUS
BKG00011122,CUS0003047,2025-06-17,MOB,CLXSAV
BKG00011123,CUS0003870,2024-09-18,OTA,YOWUS
BKG00011124,CUS0004673,2024-08-16,GDS,BSSAVE
BKG00011125,CUS0004127,2024-05-05,MOB,YOWRS
BKG00011126,CUS0004870,2024-07-07,GDS,YOWUS
BKG00011127,CUS0004304,2023-12-08,GDS,GRPECO
BKG00011128,CUS0002665,2025-09-28,AGT,GRPECO
BKG00011129,CUS0004131,2025-08-22,AGT,BSSAVE
BKG00011130,CUS0003901,2023-10-19,MOB,GRPECO
BKG00011131,CUS0003481,2026-02-20,MOB,YOWUS
BKG00011132,CUS0004817,2023-12-02,GDS,GRPECO
BKG00011133,CUS0001799,2025-07-25,CTR,WOWBUS
BKG00011134,CUS0003583,2024-09-15,GDS,FLXFST
BKG00011135,CUS0000224,2025-02-03,CTR,GRPECO
BKG00011136,CUS0004665,2026-05-03,GDS,CLXSAV
BKG00011137,CUS0002745,2026-04-20,WEB,YOWUS
BKG00011138,CUS0002395,2024-02-28,OTA,CLXSAV
BKG00011139,CUS0000380,2025-11-19,GDS,BSSAVE
BKG00011140,CUS0004921,2025-07-16,GDS,BSSAVE
BKG00011141,CUS0004996,2026-05-19,AGT,YOWUS
BKG00011142,CUS0000670,2026-03-06,WEB,GRPECO
BKG00011143,CUS0001895,2024-02-20,AGT,BSSAVE
BKG00011144,CUS0001209,2023-06-15,GDS,CLXSAV
BKG00011145,CUS0001211,2023-11-13,GDS,BSSAVE
BKG00011146,CUS0002832,2023-08-11,OTA,FLXFST
BKG00011147,CUS0001947,2025-06-25,WEB,CLXSAV
BKG00011148,CUS0002493,2023-12-06,AGT,YOWRS
BKG00011149,CUS0002878,2024-02-26,GDS,GRPECO
BKG00011150,CUS0000992,2026-03-15,WEB,GRPECO
BKG00011151,CUS0003622,2025-09-03,OTA,WOWBUS
BKG00011152,CUS0004785,2025-05-16,CTR,GRPECO
BKG00011153,CUS0001349,2023-11-20,OTA,CLXSAV
BKG00011154,CUS0004536,2023-09-25,WEB,GRPECO
BKG00011155,CUS0000281,2025-02-26,CTR,CLXBUS
BKG00011156,CUS0000059,2024-08-11,GDS,CLXSAV
BKG00011157,CUS0002584,2025-08-26,MOB,YOWUS
BKG00011158,CUS0002987,2025-08-03,MOB,FLXFST
BKG00011159,CUS0002775,2026-03-07,CTR,GRPECO
BKG00011160,CUS0001163,2025-06-18,GDS,WOWBUS
BKG00011161,CUS0003039,2025-09-24,WEB,GRPECO
BKG00011162,CUS0000197,2026-04-14,OTA,YOWRS
BKG00011163,CUS0001556,2025-12-23,WEB,FLXFST
BKG00011164,CUS0004965,2025-08-27,GDS,GRPECO
BKG00011165,CUS0001489,2024-05-21,WEB,BSSAVE
BKG00011166,CUS0004381,2024-05-10,WEB,CLXSAV
BKG00011167,CUS0003180,2026-02-21,CTR,WOWBUS
BKG00011168,CUS0004529,2025-06-19,GDS,YOWUS
BKG00011169,CUS0001501,2024-05-12,GDS,CLXSAV
BKG00011170,CUS0001839,2024-03-02,GDS,BSSAVE
BKG00011171,CUS0000915,2023-07-12,OTA,BSSAVE
BKG00011172,CUS0002541,2024-03-01,WEB,WOWBUS
BKG00011173,CUS0003876,2024-12-01,WEB,GRPECO
BKG00011174,CUS0001978,2024-04-15,WEB,FLXFST
BKG00011175,CUS0001575,2024-10-21,CTR,YOWUS
BKG00011176,CUS0004336,2024-05-17,OTA,WOWBUS
BKG00011177,CUS0000274,2026-01-04,GDS,CLXBUS
BKG00011178,CUS0004112,2025-02-27,MOB,FLXFST
BKG00011179,CUS0004227,2024-09-26,WEB,FLXFST
BKG00011180,CUS0003630,2026-03-21,MOB,WOWBUS
BKG00011181,CUS0004389,2024-08-03,GDS,FLXFST
BKG00011182,CUS0002753,2023-06-03,AGT,FLXFST
BKG00011183,CUS0000377,2024-02-18,GDS,GRPECO
BKG00011184,CUS0003939,2026-05-14,OTA,CLXSAV
BKG00011185,CUS0004622,2025-05-19,OTA,GRPECO
BKG00011186,CUS0001995,2025-08-30,AGT,CLXSAV
BKG00011187,CUS0002381,2025-02-22,WEB,YOWUS
BKG00011188,CUS0002609,2024-10-17,AGT,GRPECO
BKG00011189,CUS0003944,2026-04-16,AGT,BSSAVE
BKG00011190,CUS0002899,2025-03-01,WEB,CLXBUS
BKG00011191,CUS0000321,2023-07-28,MOB,CLXSAV
BKG00011192,CUS0004368,2025-06-30,AGT,YOWRS
BKG00011193,CUS0000212,2024-07-26,AGT,CLXSAV
BKG00011194,CUS0002666,2023-09-16,CTR,GRPECO
BKG00011195,CUS0001240,2025-03-04,MOB,CLXSAV
BKG00011196,CUS0003969,2025-09-03,CTR,CLXBUS
BKG00011197,CUS0002948,2025-08-10,GDS,BSSAVE
BKG00011198,CUS0000381,2023-10-03,CTR,YOWUS
BKG00011199,CUS0001253,2026-01-31,OTA,YOWRS
BKG00011200,CUS0000135,2023-09-20,OTA,YOWRS
BKG00011201,CUS0003030,2024-05-16,WEB,GRPECO
BKG00011202,CUS0002482,2024-08-12,CTR,WOWBUS
BKG00011203,CUS0000958,2025-02-19,GDS,FLXFST
BKG00011204,CUS0000113,2025-10-16,CTR,YOWRS
BKG00011205,CUS0003508,2025-08-06,AGT,YOWRS
BKG00011206,CUS0000705,2024-07-23,OTA,CLXSAV
BKG00011207,CUS0003133,2023-10-10,GDS,YOWRS
BKG00011208,CUS0001893,2026-01-12,AGT,CLXBUS
BKG00011209,CUS0000137,2025-10-02,AGT,CLXBUS
BKG00011210,CUS0003609,2024-10-29,AGT,CLXSAV
BKG00011211,CUS0000369,2024-12-16,WEB,YOWUS
BKG00011212,CUS0002555,2024-03-24,OTA,CLXBUS
BKG00011213,CUS0000278,2025-08-23,AGT,BSSAVE
BKG00011214,CUS0001066,2025-10-30,AGT,GRPECO
BKG00011215,CUS0000190,2024-05-14,GDS,YOWUS
BKG00011216,CUS0003150,2023-10-25,OTA,CLXBUS
BKG00011217,CUS0001983,2026-04-06,OTA,FLXFST
BKG00011218,CUS0002854,2026-02-26,AGT,YOWUS
BKG00011219,CUS0001846,2025-06-22,AGT,FLXFST
BKG00011220,CUS0001730,2024-11-07,CTR,WOWBUS
BKG00011221,CUS0003306,2026-02-07,OTA,GRPECO
BKG00011222,CUS0001148,2023-08-20,MOB,CLXBUS
BKG00011223,CUS0002973,2026-01-28,OTA,YOWRS
BKG00011224,CUS0003970,2023-06-14,WEB,WOWBUS
BKG00011225,CUS0001931,2025-11-11,OTA,YOWRS
BKG00011226,CUS0002432,2024-10-24,AGT,BSSAVE
BKG00011227,CUS0002136,2025-02-17,OTA,FLXFST
BKG00011228,CUS0003289,2026-01-30,AGT,WOWBUS
BKG00011229,CUS0004977,2023-09-23,WEB,YOWUS
BKG00011230,CUS0000286,2024-06-29,OTA,CLXSAV
BKG00011231,CUS0001735,2025-10-09,CTR,YOWUS
BKG00011232,CUS0002239,2025-08-30,AGT,FLXFST
BKG00011233,CUS0004062,2023-06-27,AGT,BSSAVE
BKG00011234,CUS0002591,2026-03-20,WEB,CLXBUS
BKG00011235,CUS0000084,2023-09-17,AGT,FLXFST
BKG00011236,CUS0000897,2025-11-24,AGT,GRPECO
BKG00011237,CUS0000418,2024-04-18,CTR,GRPECO
BKG00011238,CUS0001727,2026-01-18,WEB,GRPECO
BKG00011239,CUS0000114,2024-07-22,CTR,YOWRS
BKG00011240,CUS0003261,2024-04-04,GDS,YOWRS
BKG00011241,CUS0001826,2024-08-16,WEB,WOWBUS
BKG00011242,CUS0004470,2025-12-02,OTA,FLXFST
BKG00011243,CUS0004938,2024-05-30,WEB,BSSAVE
BKG00011244,CUS0004502,2025-08-26,WEB,CLXSAV
BKG00011245,CUS0000448,2025-06-05,WEB,FLXFST
BKG00011246,CUS0002068,2023-09-26,OTA,CLXBUS
BKG00011247,CUS0003350,2024-05-21,GDS,BSSAVE
BKG00011248,CUS0003029,2024-06-19,GDS,WOWBUS
BKG00011249,CUS0000916,2024-08-31,MOB,CLXSAV
BKG00011250,CUS0001795,2024-06-03,GDS,YOWRS
BKG00011251,CUS0001043,2025-10-18,GDS,FLXFST
BKG00011252,CUS0004862,2023-11-21,CTR,GRPECO
BKG00011253,CUS0003234,2024-11-05,MOB,BSSAVE
BKG00011254,CUS0004785,2026-03-17,OTA,GRPECO
BKG00011255,CUS0004788,2025-12-04,OTA,GRPECO
BKG00011256,CUS0002295,2024-04-18,OTA,YOWUS
BKG00011257,CUS0004550,2026-02-24,WEB,GRPECO
BKG00011258,CUS0000981,2025-02-17,GDS,WOWBUS
BKG00011259,CUS0001807,2025-07-08,WEB,CLXSAV
BKG00011260,CUS0004064,2024-11-22,WEB,FLXFST
BKG00011261,CUS0000302,2024-05-21,OTA,BSSAVE
BKG00011262,CUS0003135,2024-11-24,WEB,CLXBUS
BKG00011263,CUS0002069,2026-01-12,GDS,YOWRS
BKG00011264,CUS0003420,2024-07-04,OTA,YOWUS
BKG00011265,CUS0002171,2025-04-03,OTA,YOWRS
BKG00011266,CUS0003031,2024-09-10,MOB,FLXFST
BKG00011267,CUS0002141,2024-09-30,OTA,CLXSAV
BKG00011268,CUS0004098,2025-06-05,AGT,BSSAVE
BKG00011269,CUS0004912,2024-11-28,GDS,CLXBUS
BKG00011270,CUS0003024,2024-03-03,OTA,YOWRS
BKG00011271,CUS0004697,2026-05-21,WEB,WOWBUS
BKG00011272,CUS0003793,2025-03-21,CTR,YOWUS
BKG00011273,CUS0002084,2024-01-26,CTR,GRPECO
BKG00011274,CUS0003511,2023-11-27,MOB,YOWUS
BKG00011275,CUS0004940,2026-02-10,MOB,WOWBUS
BKG00011276,CUS0003640,2026-01-30,MOB,FLXFST
BKG00011277,CUS0002665,2024-03-22,AGT,BSSAVE
BKG00011278,CUS0002560,2024-04-16,MOB,GRPECO
BKG00011279,CUS0003416,2025-10-02,WEB,GRPECO
BKG00011280,CUS0002305,2026-03-30,AGT,YOWRS
BKG00011281,CUS0002548,2025-06-11,GDS,CLXBUS
BKG00011282,CUS0002214,2026-01-19,WEB,BSSAVE
BKG00011283,CUS0003567,2025-02-10,AGT,YOWRS
BKG00011284,CUS0001560,2023-06-05,OTA,WOWBUS
BKG00011285,CUS0002314,2024-01-03,MOB,CLXSAV
BKG00011286,CUS0002894,2023-06-11,OTA,FLXFST
BKG00011287,CUS0000708,2024-09-14,CTR,WOWBUS
BKG00011288,CUS0001175,2023-11-20,GDS,BSSAVE
BKG00011289,CUS0000724,2024-10-07,MOB,CLXBUS
BKG00011290,CUS0001007,2024-10-28,AGT,CLXSAV
BKG00011291,CUS0002824,2026-02-15,WEB,YOWUS
BKG00011292,CUS0004716,2025-08-16,AGT,CLXSAV
BKG00011293,CUS0002238,2024-06-14,MOB,CLXSAV
BKG00011294,CUS0001159,2023-08-13,GDS,CLXSAV
BKG00011295,CUS0000055,2023-11-15,OTA,FLXFST
BKG00011296,CUS0004434,2026-03-31,CTR,YOWUS
BKG00011297,CUS0004183,2025-12-13,OTA,BSSAVE
BKG00011298,CUS0000109,2023-10-22,GDS,BSSAVE
BKG00011299,CUS0003857,2026-05-11,WEB,BSSAVE
BKG00011300,CUS0003206,2025-02-24,MOB,WOWBUS
BKG00011301,CUS0002514,2024-08-27,WEB,BSSAVE
BKG00011302,CUS0001736,2025-04-03,GDS,YOWRS
BKG00011303,CUS0002034,2024-05-08,MOB,FLXFST
BKG00011304,CUS0003850,2023-12-05,MOB,GRPECO
BKG00011305,CUS0002028,2024-03-06,MOB,BSSAVE
BKG00011306,CUS0003355,2023-09-01,MOB,GRPECO
BKG00011307,CUS0003664,2024-01-12,AGT,FLXFST
BKG00011308,CUS0003597,2025-08-31,OTA,FLXFST
BKG00011309,CUS0002751,2024-06-14,CTR,YOWRS
BKG00011310,CUS0004757,2026-03-07,AGT,CLXBUS
BKG00011311,CUS0003153,2024-05-05,CTR,GRPECO
BKG00011312,CUS0003751,2023-09-27,OTA,BSSAVE
BKG00011313,CUS0004712,2023-05-26,OTA,CLXBUS
BKG00011314,CUS0004974,2025-12-31,CTR,WOWBUS
BKG00011315,CUS0000598,2023-08-09,MOB,FLXFST
BKG00011316,CUS0004006,2026-02-22,OTA,GRPECO
BKG00011317,CUS0001287,2025-01-27,AGT,FLXFST
BKG00011318,CUS0003350,2025-11-23,CTR,CLXBUS
BKG00011319,CUS0004945,2024-01-10,WEB,CLXSAV
BKG00011320,CUS0001884,2025-11-20,GDS,FLXFST
BKG00011321,CUS0003598,2024-09-24,AGT,WOWBUS
BKG00011322,CUS0001530,2023-11-21,WEB,WOWBUS
BKG00011323,CUS0000620,2023-12-28,GDS,YOWRS
BKG00011324,CUS0001691,2026-02-09,WEB,GRPECO
BKG00011325,CUS0003688,2024-07-17,CTR,YOWUS
BKG00011326,CUS0002798,2026-04-17,MOB,CLXBUS
BKG00011327,CUS0000338,2026-02-26,MOB,WOWBUS
BKG00011328,CUS0001552,2025-12-27,MOB,YOWRS
BKG00011329,CUS0002613,2023-06-14,AGT,YOWRS
BKG00011330,CUS0004196,2025-12-01,WEB,YOWRS
BKG00011331,CUS0003261,2024-02-25,GDS,CLXBUS
BKG00011332,CUS0004429,2026-02-01,WEB,BSSAVE
BKG00011333,CUS0002045,2026-04-12,GDS,BSSAVE
BKG00011334,CUS0004406,2023-09-07,WEB,YOWRS
BKG00011335,CUS0004891,2025-08-13,MOB,CLXSAV
BKG00011336,CUS0001589,2025-12-20,WEB,YOWRS
BKG00011337,CUS0002897,2023-07-29,OTA,WOWBUS
BKG00011338,CUS0004616,2023-08-29,GDS,YOWRS
BKG00011339,CUS0002945,2026-03-25,GDS,WOWBUS
BKG00011340,CUS0002131,2023-07-08,WEB,CLXSAV
BKG00011341,CUS0004750,2025-11-15,WEB,YOWUS
BKG00011342,CUS0003094,2023-09-05,GDS,YOWUS
BKG00011343,CUS0004097,2024-06-08,GDS,BSSAVE
BKG00011344,CUS0001931,2023-12-12,AGT,FLXFST
BKG00011345,CUS0002894,2024-12-24,WEB,CLXBUS
BKG00011346,CUS0003254,2024-03-16,WEB,BSSAVE
BKG00011347,CUS0003362,2023-09-16,AGT,BSSAVE
BKG00011348,CUS0001176,2023-11-01,OTA,GRPECO
BKG00011349,CUS0004524,2024-01-11,AGT,BSSAVE
BKG00011350,CUS0001185,2025-11-24,OTA,YOWRS
BKG00011351,CUS0004508,2023-08-08,AGT,BSSAVE
BKG00011352,CUS0003492,2026-05-05,AGT,YOWRS
BKG00011353,CUS0002005,2024-06-25,OTA,YOWUS
BKG00011354,CUS0003407,2025-05-13,MOB,YOWRS
BKG00011355,CUS0000495,2026-04-29,CTR,CLXBUS
BKG00011356,CUS0000272,2024-02-12,WEB,CLXSAV
BKG00011357,CUS0003933,2025-05-15,CTR,GRPECO
BKG00011358,CUS0000145,2023-06-14,GDS,BSSAVE
BKG00011359,CUS0004289,2023-06-14,WEB,YOWUS
BKG00011360,CUS0004624,2024-05-29,CTR,GRPECO
BKG00011361,CUS0002899,2026-05-04,MOB,FLXFST
BKG00011362,CUS0004350,2026-03-06,GDS,FLXFST
BKG00011363,CUS0003066,2023-11-01,WEB,WOWBUS
BKG00011364,CUS0003431,2025-07-20,CTR,YOWRS
BKG00011365,CUS0003206,2024-11-30,CTR,BSSAVE
BKG00011366,CUS0000932,2023-09-15,OTA,YOWUS
BKG00011367,CUS0003626,2024-03-18,MOB,GRPECO
BKG00011368,CUS0001606,2024-02-15,WEB,GRPECO
BKG00011369,CUS0000678,2024-12-09,OTA,WOWBUS
BKG00011370,CUS0004740,2026-03-28,WEB,WOWBUS
BKG00011371,CUS0000083,2023-07-04,CTR,BSSAVE
BKG00011372,CUS0000215,2024-12-08,WEB,CLXSAV
BKG00011373,CUS0003205,2024-06-03,MOB,FLXFST
BKG00011374,CUS0000325,2023-07-12,GDS,YOWUS
BKG00011375,CUS0001453,2024-05-01,AGT,CLXBUS
BKG00011376,CUS0004035,2024-06-28,OTA,CLXSAV
BKG00011377,CUS0003678,2025-02-09,CTR,BSSAVE
BKG00011378,CUS0000518,2024-10-28,MOB,BSSAVE
BKG00011379,CUS0003784,2025-07-29,MOB,YOWRS
BKG00011380,CUS0002705,2024-10-03,MOB,BSSAVE
BKG00011381,CUS0004883,2024-12-11,MOB,BSSAVE
BKG00011382,CUS0001108,2024-12-07,CTR,GRPECO
BKG00011383,CUS0001431,2023-06-30,OTA,CLXBUS
BKG00011384,CUS0000305,2024-02-27,WEB,CLXBUS
BKG00011385,CUS0004856,2024-08-05,AGT,WOWBUS
BKG00011386,CUS0004512,2024-05-21,AGT,CLXBUS
BKG00011387,CUS0004009,2025-03-31,OTA,CLXBUS
BKG00011388,CUS0001923,2023-07-15,AGT,YOWRS
BKG00011389,CUS0004145,2024-09-14,CTR,FLXFST
BKG00011390,CUS0002551,2023-10-30,OTA,CLXBUS
BKG00011391,CUS0003724,2023-10-29,CTR,YOWUS
BKG00011392,CUS0000471,2023-07-15,GDS,BSSAVE
BKG00011393,CUS0002209,2024-06-08,GDS,WOWBUS
BKG00011394,CUS0003276,2025-04-11,GDS,WOWBUS
BKG00011395,CUS0003917,2026-03-29,OTA,CLXSAV
BKG00011396,CUS0002995,2024-06-20,AGT,YOWUS
BKG00011397,CUS0002295,2023-07-28,OTA,WOWBUS
BKG00011398,CUS0004421,2025-10-14,GDS,CLXSAV
BKG00011399,CUS0000317,2025-03-19,WEB,GRPECO
BKG00011400,CUS0003808,2023-08-09,WEB,YOWUS
BKG00011401,CUS0001543,2023-08-08,WEB,GRPECO
BKG00011402,CUS0001187,2024-08-26,WEB,YOWRS
BKG00011403,CUS0001860,2026-02-05,OTA,YOWUS
BKG00011404,CUS0002317,2024-10-12,MOB,WOWBUS
BKG00011405,CUS0001938,2023-12-02,WEB,CLXSAV
BKG00011406,CUS0003446,2023-12-25,CTR,FLXFST
BKG00011407,CUS0002168,2025-01-14,WEB,YOWRS
BKG00011408,CUS0000400,2025-03-10,WEB,CLXBUS
BKG00011409,CUS0003324,2024-07-13,WEB,YOWRS
BKG00011410,CUS0001638,2025-12-04,MOB,CLXSAV
BKG00011411,CUS0001521,2025-06-09,WEB,FLXFST
BKG00011412,CUS0001363,2025-10-03,MOB,FLXFST
BKG00011413,CUS0000447,2024-07-20,AGT,WOWBUS
BKG00011414,CUS0000633,2024-09-08,GDS,CLXBUS
BKG00011415,CUS0001069,2026-04-10,GDS,FLXFST
BKG00011416,CUS0001858,2024-05-03,MOB,YOWRS
BKG00011417,CUS0003106,2025-06-12,WEB,CLXBUS
BKG00011418,CUS0000430,2025-01-10,CTR,BSSAVE
BKG00011419,CUS0001559,2023-11-21,WEB,YOWUS
BKG00011420,CUS0000523,2023-07-18,GDS,YOWRS
BKG00011421,CUS0003678,2025-11-12,WEB,CLXBUS
BKG00011422,CUS0002593,2024-01-11,GDS,CLXBUS
BKG00011423,CUS0000379,2024-12-09,OTA,YOWRS
BKG00011424,CUS0004946,2025-10-22,AGT,CLXSAV
BKG00011425,CUS0000237,2024-07-30,CTR,YOWRS
BKG00011426,CUS0004899,2024-08-11,AGT,YOWUS
BKG00011427,CUS0000047,2024-12-23,OTA,FLXFST
BKG00011428,CUS0003613,2024-01-23,MOB,CLXSAV
BKG00011429,CUS0001289,2025-08-29,GDS,WOWBUS
BKG00011430,CUS0002989,2025-04-12,CTR,CLXSAV
BKG00011431,CUS0000713,2025-11-21,GDS,FLXFST
BKG00011432,CUS0001955,2026-04-08,OTA,BSSAVE
BKG00011433,CUS0002161,2026-02-10,WEB,WOWBUS
BKG00011434,CUS0000231,2023-11-09,MOB,BSSAVE
BKG00011435,CUS0004320,2024-07-15,GDS,GRPECO
BKG00011436,CUS0000802,2025-08-13,WEB,FLXFST
BKG00011437,CUS0003394,2025-08-05,OTA,FLXFST
BKG00011438,CUS0000178,2023-09-14,MOB,CLXBUS
BKG00011439,CUS0004761,2026-03-17,MOB,WOWBUS
BKG00011440,CUS0003001,2024-04-12,GDS,GRPECO
BKG00011441,CUS0003636,2024-08-29,OTA,YOWRS
BKG00011442,CUS0002466,2023-10-17,CTR,YOWUS
BKG00011443,CUS0003009,2024-12-25,GDS,YOWRS
BKG00011444,CUS0004083,2025-06-19,OTA,WOWBUS
BKG00011445,CUS0001239,2025-12-01,MOB,GRPECO
BKG00011446,CUS0004041,2023-10-28,AGT,CLXSAV
BKG00011447,CUS0001338,2025-12-31,GDS,YOWRS
BKG00011448,CUS0002588,2023-12-28,CTR,GRPECO
BKG00011449,CUS0004282,2025-11-27,CTR,YOWRS
BKG00011450,CUS0003286,2023-09-26,AGT,WOWBUS
BKG00011451,CUS0000809,2024-02-21,GDS,YOWRS
BKG00011452,CUS0002599,2025-03-12,WEB,YOWRS
BKG00011453,CUS0000547,2025-10-05,OTA,BSSAVE
BKG00011454,CUS0002156,2024-07-14,WEB,BSSAVE
BKG00011455,CUS0002399,2025-06-23,AGT,CLXBUS
BKG00011456,CUS0002985,2026-05-16,OTA,FLXFST
BKG00011457,CUS0003602,2023-11-11,MOB,YOWRS
BKG00011458,CUS0001671,2025-01-15,GDS,YOWRS
BKG00011459,CUS0003850,2026-01-29,AGT,CLXBUS
BKG00011460,CUS0000758,2025-06-26,CTR,YOWUS
BKG00011461,CUS0003358,2023-11-02,GDS,CLXSAV
BKG00011462,CUS0002542,2023-09-16,OTA,YOWUS
BKG00011463,CUS0004447,2023-07-23,OTA,GRPECO
BKG00011464,CUS0000041,2023-07-27,MOB,CLXBUS
BKG00011465,CUS0000061,2025-04-25,WEB,YOWRS
BKG00011466,CUS0004039,2026-01-04,GDS,YOWRS
BKG00011467,CUS0003781,2025-10-12,WEB,FLXFST
BKG00011468,CUS0000855,2024-11-27,MOB,YOWUS
BKG00011469,CUS0000929,2023-09-21,WEB,BSSAVE
BKG00011470,CUS0003703,2025-11-04,MOB,WOWBUS
BKG00011471,CUS0000742,2024-02-25,AGT,YOWRS
BKG00011472,CUS0003728,2026-02-15,MOB,YOWUS
BKG00011473,CUS0002003,2023-11-02,OTA,GRPECO
BKG00011474,CUS0004810,2025-09-05,GDS,CLXSAV
BKG00011475,CUS0003457,2023-08-24,OTA,YOWUS
BKG00011476,CUS0000252,2024-07-15,WEB,YOWRS
BKG00011477,CUS0002599,2024-05-29,OTA,BSSAVE
BKG00011478,CUS0003268,2025-11-11,AGT,YOWUS
BKG00011479,CUS0003586,2025-11-28,CTR,BSSAVE
BKG00011480,CUS0002384,2025-04-01,WEB,YOWRS
BKG00011481,CUS0003451,2025-11-15,OTA,WOWBUS
BKG00011482,CUS0002222,2024-01-24,AGT,BSSAVE
BKG00011483,CUS0002482,2026-01-30,AGT,YOWRS
BKG00011484,CUS0001001,2025-06-23,OTA,GRPECO
BKG00011485,CUS0002598,2023-11-25,OTA,FLXFST
BKG00011486,CUS0003576,2025-04-16,MOB,CLXBUS
BKG00011487,CUS0004327,2025-03-31,MOB,BSSAVE
BKG00011488,CUS0001875,2025-11-08,WEB,FLXFST
BKG00011489,CUS0002408,2024-03-26,MOB,YOWRS
BKG00011490,CUS0000650,2024-06-27,GDS,CLXBUS
BKG00011491,CUS0003280,2024-04-26,WEB,WOWBUS
BKG00011492,CUS0004248,2023-11-15,CTR,CLXSAV
BKG00011493,CUS0000802,2025-06-06,AGT,CLXSAV
BKG00011494,CUS0001220,2024-12-17,MOB,CLXBUS
BKG00011495,CUS0003462,2024-01-01,GDS,CLXSAV
BKG00011496,CUS0001204,2024-05-07,WEB,GRPECO
BKG00011497,CUS0002349,2023-07-13,GDS,CLXBUS
BKG00011498,CUS0002661,2024-04-01,MOB,WOWBUS
BKG00011499,CUS0000808,2024-12-21,GDS,CLXBUS
BKG00011500,CUS0004756,2026-03-30,OTA,YOWUS
BKG00011501,CUS0003524,2024-01-18,WEB,CLXSAV
BKG00011502,CUS0002360,2025-03-01,WEB,YOWRS
BKG00011503,CUS0001747,2026-05-10,GDS,YOWRS
BKG00011504,CUS0001834,2023-06-06,AGT,CLXBUS
BKG00011505,CUS0003484,2024-03-08,AGT,WOWBUS
BKG00011506,CUS0000862,2024-07-23,AGT,YOWUS
BKG00011507,CUS0004067,2025-07-15,CTR,YOWUS
BKG00011508,CUS0003962,2025-03-24,CTR,FLXFST
BKG00011509,CUS0004724,2025-12-20,AGT,CLXSAV
BKG00011510,CUS0003710,2025-01-06,AGT,FLXFST
BKG00011511,CUS0000439,2025-02-14,WEB,WOWBUS
BKG00011512,CUS0000113,2024-05-29,OTA,YOWRS
BKG00011513,CUS0002644,2026-03-16,AGT,CLXBUS
BKG00011514,CUS0002323,2024-11-13,GDS,CLXBUS
BKG00011515,CUS0004083,2025-07-04,MOB,WOWBUS
BKG00011516,CUS0002192,2024-03-23,AGT,WOWBUS
BKG00011517,CUS0003041,2024-09-19,AGT,GRPECO
BKG00011518,CUS0002037,2025-03-05,GDS,GRPECO
BKG00011519,CUS0000283,2024-01-01,WEB,FLXFST
BKG00011520,CUS0004113,2024-05-22,OTA,BSSAVE
BKG00011521,CUS0002973,2024-03-05,MOB,YOWRS
BKG00011522,CUS0003963,2026-04-05,OTA,YOWUS
BKG00011523,CUS0002082,2023-10-06,WEB,WOWBUS
BKG00011524,CUS0003882,2025-01-29,WEB,YOWRS
BKG00011525,CUS0000947,2025-08-22,CTR,CLXSAV
BKG00011526,CUS0003260,2024-02-12,CTR,GRPECO
BKG00011527,CUS0002201,2024-08-14,AGT,YOWUS
BKG00011528,CUS0002937,2023-10-23,MOB,YOWUS
BKG00011529,CUS0002684,2025-11-17,AGT,CLXSAV
BKG00011530,CUS0000267,2025-04-08,CTR,CLXSAV
BKG00011531,CUS0003958,2024-10-17,CTR,BSSAVE
BKG00011532,CUS0004114,2024-06-15,WEB,CLXBUS
BKG00011533,CUS0003662,2024-04-19,AGT,BSSAVE
BKG00011534,CUS0003200,2023-12-23,GDS,YOWUS
BKG00011535,CUS0003250,2025-10-07,MOB,BSSAVE
BKG00011536,CUS0002360,2024-07-31,WEB,FLXFST
BKG00011537,CUS0000778,2023-07-14,WEB,CLXSAV
BKG00011538,CUS0002207,2025-11-19,WEB,FLXFST
BKG00011539,CUS0001455,2024-05-02,AGT,GRPECO
BKG00011540,CUS0004201,2025-12-15,AGT,YOWUS
BKG00011541,CUS0004183,2024-06-27,CTR,YOWUS
BKG00011542,CUS0003226,2024-01-02,CTR,WOWBUS
BKG00011543,CUS0000730,2024-06-06,WEB,BSSAVE
BKG00011544,CUS0000965,2024-12-09,GDS,CLXSAV
BKG00011545,CUS0004938,2023-07-09,MOB,BSSAVE
BKG00011546,CUS0001313,2024-04-15,MOB,WOWBUS
BKG00011547,CUS0000667,2024-05-15,MOB,CLXSAV
BKG00011548,CUS0003197,2024-03-12,GDS,GRPECO
BKG00011549,CUS0001123,2025-03-10,OTA,YOWUS
BKG00011550,CUS0001755,2024-10-11,CTR,CLXSAV
BKG00011551,CUS0003514,2025-02-16,WEB,FLXFST
BKG00011552,CUS0001433,2024-07-25,AGT,GRPECO
BKG00011553,CUS0000952,2023-10-11,OTA,YOWRS
BKG00011554,CUS0001553,2025-09-10,OTA,BSSAVE
BKG00011555,CUS0004070,2023-12-04,AGT,GRPECO
BKG00011556,CUS0001546,2025-01-10,MOB,WOWBUS
BKG00011557,CUS0002585,2024-01-19,AGT,GRPECO
BKG00011558,CUS0001905,2024-04-10,AGT,GRPECO
BKG00011559,CUS0002084,2023-06-01,MOB,YOWRS
BKG00011560,CUS0002536,2025-12-03,AGT,BSSAVE
BKG00011561,CUS0000098,2024-02-05,CTR,CLXBUS
BKG00011562,CUS0001517,2025-04-25,WEB,GRPECO
BKG00011563,CUS0004866,2023-07-27,MOB,GRPECO
BKG00011564,CUS0002138,2025-07-06,WEB,CLXSAV
BKG00011565,CUS0004164,2025-07-26,GDS,YOWRS
BKG00011566,CUS0002356,2026-02-05,MOB,CLXSAV
BKG00011567,CUS0000413,2026-04-09,AGT,CLXSAV
BKG00011568,CUS0004642,2026-03-04,MOB,CLXSAV
BKG00011569,CUS0001854,2025-01-16,AGT,YOWUS
BKG00011570,CUS0004708,2025-08-27,OTA,CLXSAV
BKG00011571,CUS0004485,2025-12-06,GDS,GRPECO
BKG00011572,CUS0004980,2023-09-28,AGT,WOWBUS
BKG00011573,CUS0003239,2023-07-31,OTA,BSSAVE
BKG00011574,CUS0004003,2026-04-20,MOB,GRPECO
BKG00011575,CUS0004793,2023-06-10,OTA,GRPECO
BKG00011576,CUS0001221,2025-10-10,MOB,YOWRS
BKG00011577,CUS0003460,2025-05-15,AGT,YOWRS
BKG00011578,CUS0001046,2024-01-28,CTR,BSSAVE
BKG00011579,CUS0000697,2025-12-17,MOB,CLXSAV
BKG00011580,CUS0000850,2024-02-28,WEB,YOWRS
BKG00011581,CUS0001961,2024-06-27,AGT,WOWBUS
BKG00011582,CUS0000416,2023-12-18,WEB,YOWUS
BKG00011583,CUS0003895,2025-11-08,OTA,WOWBUS
BKG00011584,CUS0003056,2025-11-03,AGT,YOWUS
BKG00011585,CUS0001460,2025-11-14,OTA,FLXFST
BKG00011586,CUS0004725,2023-08-06,OTA,CLXBUS
BKG00011587,CUS0000849,2025-01-03,MOB,WOWBUS
BKG00011588,CUS0001143,2024-04-01,AGT,BSSAVE
BKG00011589,CUS0001486,2025-10-28,MOB,BSSAVE
BKG00011590,CUS0000274,2025-03-06,CTR,GRPECO
BKG00011591,CUS0002043,2025-06-22,CTR,CLXSAV
BKG00011592,CUS0003888,2025-04-26,WEB,CLXBUS
BKG00011593,CUS0001698,2024-05-06,CTR,YOWRS
BKG00011594,CUS0002037,2025-12-09,GDS,YOWUS
BKG00011595,CUS0004316,2024-02-24,OTA,GRPECO
BKG00011596,CUS0004254,2026-02-26,MOB,GRPECO
BKG00011597,CUS0001389,2024-05-05,WEB,WOWBUS
BKG00011598,CUS0000915,2026-03-04,GDS,BSSAVE
BKG00011599,CUS0001152,2024-03-03,GDS,YOWUS
BKG00011600,CUS0004226,2026-02-12,WEB,WOWBUS
BKG00011601,CUS0003657,2024-10-24,WEB,CLXSAV
BKG00011602,CUS0000875,2023-11-23,CTR,WOWBUS
BKG00011603,CUS0000611,2023-12-02,GDS,CLXBUS
BKG00011604,CUS0002212,2024-02-09,AGT,WOWBUS
BKG00011605,CUS0004427,2025-02-27,WEB,WOWBUS
BKG00011606,CUS0003640,2025-07-16,AGT,CLXBUS
BKG00011607,CUS0003586,2026-04-09,AGT,WOWBUS
BKG00011608,CUS0004455,2024-04-19,WEB,YOWRS
BKG00011609,CUS0001830,2024-06-01,MOB,GRPECO
BKG00011610,CUS0000502,2023-10-15,AGT,CLXBUS
BKG00011611,CUS0004710,2025-04-13,OTA,FLXFST
BKG00011612,CUS0001385,2026-05-15,OTA,CLXSAV
BKG00011613,CUS0002566,2024-08-05,OTA,YOWUS
BKG00011614,CUS0003602,2024-05-14,GDS,YOWUS
BKG00011615,CUS0000128,2023-08-01,OTA,WOWBUS
BKG00011616,CUS0002917,2023-10-06,OTA,BSSAVE
BKG00011617,CUS0001675,2025-06-20,OTA,YOWRS
BKG00011618,CUS0001019,2023-09-15,CTR,YOWUS
BKG00011619,CUS0004550,2025-10-24,MOB,WOWBUS
BKG00011620,CUS0004240,2025-12-06,OTA,YOWUS
BKG00011621,CUS0001117,2023-09-10,AGT,CLXBUS
BKG00011622,CUS0004032,2023-08-01,GDS,BSSAVE
BKG00011623,CUS0002791,2025-02-15,CTR,GRPECO
BKG00011624,CUS0002901,2024-10-06,MOB,GRPECO
BKG00011625,CUS0000575,2023-09-01,OTA,FLXFST
BKG00011626,CUS0002415,2026-05-13,WEB,CLXSAV
BKG00011627,CUS0001924,2025-05-23,MOB,YOWUS
BKG00011628,CUS0003656,2024-09-05,WEB,FLXFST
BKG00011629,CUS0003367,2024-11-03,GDS,GRPECO
BKG00011630,CUS0000499,2025-09-30,AGT,FLXFST
BKG00011631,CUS0001747,2023-07-26,MOB,YOWRS
BKG00011632,CUS0000819,2026-01-04,CTR,YOWRS
BKG00011633,CUS0003529,2025-12-25,AGT,YOWRS
BKG00011634,CUS0000855,2025-05-25,CTR,CLXSAV
BKG00011635,CUS0002761,2024-09-01,AGT,WOWBUS
BKG00011636,CUS0000210,2023-10-02,CTR,WOWBUS
BKG00011637,CUS0004015,2025-03-12,MOB,YOWRS
BKG00011638,CUS0001560,2024-08-07,OTA,YOWUS
BKG00011639,CUS0001888,2025-12-27,GDS,GRPECO
BKG00011640,CUS0000633,2024-02-21,GDS,YOWUS
BKG00011641,CUS0001761,2025-04-21,GDS,WOWBUS
BKG00011642,CUS0000226,2024-05-11,GDS,YOWRS
BKG00011643,CUS0004412,2023-07-01,CTR,BSSAVE
BKG00011644,CUS0000417,2024-11-06,WEB,CLXBUS
BKG00011645,CUS0003040,2024-11-09,CTR,BSSAVE
BKG00011646,CUS0000370,2025-11-17,GDS,BSSAVE
BKG00011647,CUS0000791,2024-04-15,GDS,BSSAVE
BKG00011648,CUS0002215,2023-11-19,GDS,CLXBUS
BKG00011649,CUS0001041,2026-01-01,OTA,FLXFST
BKG00011650,CUS0004579,2024-08-12,OTA,GRPECO
BKG00011651,CUS0001998,2023-12-07,MOB,CLXSAV
BKG00011652,CUS0002632,2025-02-21,WEB,FLXFST
BKG00011653,CUS0002691,2023-08-20,MOB,YOWUS
BKG00011654,CUS0002747,2026-02-01,AGT,WOWBUS
BKG00011655,CUS0003151,2024-01-07,GDS,YOWRS
BKG00011656,CUS0001060,2023-11-01,WEB,GRPECO
BKG00011657,CUS0001302,2025-09-30,AGT,YOWUS
BKG00011658,CUS0002832,2023-10-18,GDS,YOWUS
BKG00011659,CUS0001919,2024-02-26,OTA,CLXSAV
BKG00011660,CUS0000092,2025-11-25,CTR,YOWRS
BKG00011661,CUS0004657,2025-11-21,CTR,FLXFST
BKG00011662,CUS0004421,2024-12-10,AGT,CLXBUS
BKG00011663,CUS0002275,2026-03-06,OTA,FLXFST
BKG00011664,CUS0002676,2025-05-16,AGT,GRPECO
BKG00011665,CUS0004413,2025-07-31,WEB,GRPECO
BKG00011666,CUS0002159,2024-11-26,OTA,BSSAVE
BKG00011667,CUS0000276,2025-09-25,OTA,CLXBUS
BKG00011668,CUS0000455,2026-01-02,AGT,CLXSAV
BKG00011669,CUS0000696,2023-06-02,OTA,CLXSAV
BKG00011670,CUS0003440,2023-07-19,GDS,CLXBUS
BKG00011671,CUS0000079,2026-04-20,CTR,BSSAVE
BKG00011672,CUS0000398,2023-09-18,WEB,FLXFST
BKG00011673,CUS0004084,2025-03-10,OTA,WOWBUS
BKG00011674,CUS0000291,2025-04-27,WEB,YOWRS
BKG00011675,CUS0001836,2025-10-12,OTA,YOWRS
BKG00011676,CUS0002484,2023-06-18,WEB,CLXSAV
BKG00011677,CUS0004415,2025-04-07,WEB,FLXFST
BKG00011678,CUS0003922,2024-04-07,WEB,YOWRS
BKG00011679,CUS0002088,2025-12-24,OTA,FLXFST
BKG00011680,CUS0002944,2024-11-01,OTA,CLXBUS
BKG00011681,CUS0000046,2025-02-05,WEB,YOWUS
BKG00011682,CUS0000330,2026-02-02,OTA,YOWUS
BKG00011683,CUS0000185,2024-01-07,OTA,FLXFST
BKG00011684,CUS0002088,2024-05-07,OTA,CLXBUS
BKG00011685,CUS0003785,2025-09-11,GDS,WOWBUS
BKG00011686,CUS0002423,2023-10-21,AGT,GRPECO
BKG00011687,CUS0002876,2024-02-07,MOB,CLXSAV
BKG00011688,CUS0003329,2025-05-23,WEB,CLXBUS
BKG00011689,CUS0004519,2026-04-19,CTR,BSSAVE
BKG00011690,CUS0002311,2025-07-03,GDS,FLXFST
BKG00011691,CUS0001103,2025-09-13,OTA,GRPECO
BKG00011692,CUS0003458,2024-07-10,WEB,YOWRS
BKG00011693,CUS0001577,2023-08-11,CTR,YOWUS
BKG00011694,CUS0003855,2023-11-14,CTR,CLXSAV
BKG00011695,CUS0000649,2025-02-01,WEB,YOWRS
BKG00011696,CUS0001398,2025-10-10,AGT,YOWRS
BKG00011697,CUS0003147,2025-07-14,OTA,BSSAVE
BKG00011698,CUS0003055,2026-05-10,WEB,YOWRS
BKG00011699,CUS0003016,2026-01-05,CTR,CLXSAV
BKG00011700,CUS0004929,2025-06-14,WEB,CLXBUS
BKG00011701,CUS0001969,2024-01-04,WEB,CLXSAV
BKG00011702,CUS0000177,2026-04-24,GDS,YOWRS
BKG00011703,CUS0004074,2025-04-18,OTA,YOWRS
BKG00011704,CUS0003546,2024-09-17,AGT,CLXBUS
BKG00011705,CUS0003941,2025-09-06,GDS,FLXFST
BKG00011706,CUS0001546,2024-11-28,WEB,YOWUS
BKG00011707,CUS0001874,2025-01-05,MOB,WOWBUS
BKG00011708,CUS0000997,2023-09-26,CTR,GRPECO
BKG00011709,CUS0003294,2024-05-01,GDS,YOWUS
BKG00011710,CUS0001329,2025-01-17,OTA,CLXBUS
BKG00011711,CUS0003079,2025-01-10,WEB,FLXFST
BKG00011712,CUS0004178,2024-01-29,OTA,CLXBUS
BKG00011713,CUS0002278,2025-02-22,GDS,FLXFST
BKG00011714,CUS0002318,2024-02-22,OTA,BSSAVE
BKG00011715,CUS0002059,2025-10-13,AGT,CLXBUS
BKG00011716,CUS0000689,2025-04-11,AGT,WOWBUS
BKG00011717,CUS0001518,2024-03-14,CTR,YOWRS
BKG00011718,CUS0000722,2024-08-25,MOB,GRPECO
BKG00011719,CUS0001041,2024-08-04,OTA,CLXBUS
BKG00011720,CUS0004040,2025-09-08,AGT,BSSAVE
BKG00011721,CUS0004738,2025-05-19,GDS,CLXSAV
BKG00011722,CUS0004708,2025-01-23,WEB,CLXBUS
BKG00011723,CUS0002453,2023-12-15,CTR,CLXBUS
BKG00011724,CUS0000164,2023-10-08,WEB,CLXBUS
BKG00011725,CUS0003150,2025-10-19,OTA,CLXBUS
BKG00011726,CUS0003320,2026-04-09,MOB,BSSAVE
BKG00011727,CUS0002370,2025-08-15,CTR,GRPECO
BKG00011728,CUS0004589,2023-12-16,WEB,GRPECO
BKG00011729,CUS0001999,2023-09-18,GDS,FLXFST
BKG00011730,CUS0003911,2023-10-01,GDS,CLXBUS
BKG00011731,CUS0004688,2026-04-09,GDS,WOWBUS
BKG00011732,CUS0003710,2024-01-13,CTR,YOWUS
BKG00011733,CUS0002635,2023-10-27,MOB,CLXBUS
BKG00011734,CUS0001213,2025-06-29,OTA,YOWRS
BKG00011735,CUS0004612,2025-07-17,WEB,GRPECO
BKG00011736,CUS0001005,2024-10-28,GDS,BSSAVE
BKG00011737,CUS0004410,2025-11-25,CTR,GRPECO
BKG00011738,CUS0002512,2023-06-10,GDS,FLXFST
BKG00011739,CUS0003750,2026-03-24,GDS,FLXFST
BKG00011740,CUS0003280,2026-05-16,WEB,YOWRS
BKG00011741,CUS0004820,2023-10-26,WEB,WOWBUS
BKG00011742,CUS0002989,2023-12-18,MOB,FLXFST
BKG00011743,CUS0002074,2025-02-11,MOB,CLXSAV
BKG00011744,CUS0004726,2026-03-21,AGT,WOWBUS
BKG00011745,CUS0000928,2023-06-11,GDS,FLXFST
BKG00011746,CUS0004747,2024-01-08,GDS,YOWUS
BKG00011747,CUS0004350,2024-09-30,OTA,FLXFST
BKG00011748,CUS0003666,2024-04-27,OTA,YOWRS
BKG00011749,CUS0000215,2024-01-25,AGT,CLXSAV
BKG00011750,CUS0003573,2024-07-15,AGT,WOWBUS
BKG00011751,CUS0004844,2025-09-28,AGT,FLXFST
BKG00011752,CUS0003973,2024-08-16,WEB,CLXBUS
BKG00011753,CUS0002274,2023-06-18,GDS,GRPECO
BKG00011754,CUS0003943,2024-11-19,WEB,CLXBUS
BKG00011755,CUS0000279,2025-11-19,OTA,GRPECO
BKG00011756,CUS0003835,2025-11-25,WEB,BSSAVE
BKG00011757,CUS0002992,2023-11-26,AGT,YOWUS
BKG00011758,CUS0000701,2024-06-24,OTA,CLXSAV
BKG00011759,CUS0002311,2025-07-07,OTA,CLXBUS
BKG00011760,CUS0000294,2023-07-06,AGT,CLXSAV
BKG00011761,CUS0003755,2025-12-01,OTA,BSSAVE
BKG00011762,CUS0003033,2024-01-12,GDS,WOWBUS
BKG00011763,CUS0004020,2025-01-31,OTA,CLXBUS
BKG00011764,CUS0004503,2024-12-26,OTA,CLXSAV
BKG00011765,CUS0002758,2023-08-19,AGT,CLXSAV
BKG00011766,CUS0003879,2024-12-31,GDS,FLXFST
BKG00011767,CUS0001725,2024-07-27,MOB,CLXSAV
BKG00011768,CUS0002225,2025-09-11,MOB,YOWUS
BKG00011769,CUS0002736,2024-01-10,WEB,CLXSAV
BKG00011770,CUS0001768,2024-03-30,WEB,GRPECO
BKG00011771,CUS0001316,2026-04-06,GDS,GRPECO
BKG00011772,CUS0001072,2025-06-28,CTR,BSSAVE
BKG00011773,CUS0003890,2025-12-20,GDS,CLXSAV
BKG00011774,CUS0004158,2024-12-28,CTR,GRPECO
BKG00011775,CUS0000494,2023-10-18,AGT,CLXBUS
BKG00011776,CUS0001291,2026-05-02,AGT,FLXFST
BKG00011777,CUS0003303,2024-05-02,WEB,WOWBUS
BKG00011778,CUS0003357,2024-12-23,GDS,YOWUS
BKG00011779,CUS0001536,2025-06-27,GDS,FLXFST
BKG00011780,CUS0002509,2025-08-05,OTA,BSSAVE
BKG00011781,CUS0004916,2024-02-29,OTA,WOWBUS
BKG00011782,CUS0002953,2025-02-16,WEB,YOWUS
BKG00011783,CUS0003949,2023-10-04,CTR,FLXFST
BKG00011784,CUS0000841,2026-05-05,GDS,CLXSAV
BKG00011785,CUS0001835,2025-10-09,GDS,GRPECO
BKG00011786,CUS0003826,2024-03-21,AGT,CLXBUS
BKG00011787,CUS0001144,2024-01-29,OTA,GRPECO
BKG00011788,CUS0000870,2025-11-07,GDS,CLXBUS
BKG00011789,CUS0004623,2024-08-11,WEB,YOWRS
BKG00011790,CUS0003192,2023-09-29,MOB,FLXFST
BKG00011791,CUS0004768,2023-09-17,OTA,YOWUS
BKG00011792,CUS0003857,2023-10-13,MOB,CLXSAV
BKG00011793,CUS0004976,2025-02-21,MOB,CLXSAV
BKG00011794,CUS0000296,2025-08-23,WEB,FLXFST
BKG00011795,CUS0004968,2025-03-11,WEB,CLXSAV
BKG00011796,CUS0003499,2025-01-08,CTR,GRPECO
BKG00011797,CUS0004344,2026-02-11,WEB,GRPECO
BKG00011798,CUS0004175,2025-12-30,MOB,WOWBUS
BKG00011799,CUS0000439,2025-08-17,GDS,YOWUS
BKG00011800,CUS0000174,2025-12-20,CTR,YOWRS
BKG00011801,CUS0001612,2023-07-04,MOB,CLXBUS
BKG00011802,CUS0004748,2025-10-19,WEB,BSSAVE
BKG00011803,CUS0001709,2024-09-15,GDS,CLXBUS
BKG00011804,CUS0001899,2025-12-11,MOB,FLXFST
BKG00011805,CUS0004704,2024-11-15,AGT,BSSAVE
BKG00011806,CUS0002284,2026-05-21,CTR,CLXBUS
BKG00011807,CUS0000801,2023-09-20,CTR,YOWUS
BKG00011808,CUS0000740,2025-03-26,AGT,FLXFST
BKG00011809,CUS0004729,2025-07-25,AGT,CLXSAV
BKG00011810,CUS0000966,2023-08-12,WEB,BSSAVE
BKG00011811,CUS0004689,2024-08-31,OTA,FLXFST
BKG00011812,CUS0002154,2023-06-28,WEB,WOWBUS
BKG00011813,CUS0000559,2024-11-09,WEB,BSSAVE
BKG00011814,CUS0004533,2023-07-24,GDS,YOWRS
BKG00011815,CUS0002156,2026-05-23,GDS,CLXSAV
BKG00011816,CUS0004835,2026-01-01,OTA,YOWRS
BKG00011817,CUS0000673,2024-02-09,AGT,BSSAVE
BKG00011818,CUS0000226,2024-01-28,MOB,WOWBUS
BKG00011819,CUS0004612,2025-06-23,AGT,YOWUS
BKG00011820,CUS0003011,2025-04-25,CTR,FLXFST
BKG00011821,CUS0003541,2024-02-10,AGT,FLXFST
BKG00011822,CUS0004749,2025-09-01,OTA,BSSAVE
BKG00011823,CUS0001777,2025-01-22,CTR,CLXBUS
BKG00011824,CUS0001548,2025-03-31,CTR,WOWBUS
BKG00011825,CUS0003946,2024-06-15,OTA,CLXBUS
BKG00011826,CUS0001303,2024-08-10,CTR,CLXBUS
BKG00011827,CUS0003154,2024-11-22,MOB,GRPECO
BKG00011828,CUS0003927,2026-02-10,MOB,CLXBUS
BKG00011829,CUS0004505,2024-05-16,AGT,CLXSAV
BKG00011830,CUS0000440,2023-07-12,AGT,WOWBUS
BKG00011831,CUS0000080,2023-06-08,AGT,BSSAVE
BKG00011832,CUS0003675,2024-07-24,GDS,BSSAVE
BKG00011833,CUS0000650,2025-06-28,GDS,WOWBUS
BKG00011834,CUS0000612,2023-08-04,GDS,BSSAVE
BKG00011835,CUS0002931,2024-04-30,WEB,CLXSAV
BKG00011836,CUS0002888,2023-12-02,MOB,BSSAVE
BKG00011837,CUS0003478,2025-10-27,GDS,BSSAVE
BKG00011838,CUS0002277,2024-08-05,AGT,CLXBUS
BKG00011839,CUS0004187,2026-05-05,MOB,GRPECO
BKG00011840,CUS0001177,2023-11-06,GDS,GRPECO
BKG00011841,CUS0003993,2025-01-05,CTR,WOWBUS
BKG00011842,CUS0004180,2024-09-05,AGT,CLXBUS
BKG00011843,CUS0004871,2024-07-20,WEB,BSSAVE
BKG00011844,CUS0004314,2024-07-01,GDS,GRPECO
BKG00011845,CUS0001358,2024-03-23,CTR,GRPECO
BKG00011846,CUS0003934,2024-05-12,OTA,GRPECO
BKG00011847,CUS0004411,2024-10-13,GDS,YOWRS
BKG00011848,CUS0000427,2025-09-24,OTA,YOWUS
BKG00011849,CUS0003630,2024-08-30,GDS,BSSAVE
BKG00011850,CUS0004890,2024-03-09,GDS,FLXFST
BKG00011851,CUS0002569,2024-09-03,MOB,CLXBUS
BKG00011852,CUS0000822,2025-03-24,AGT,CLXSAV
BKG00011853,CUS0003982,2025-04-07,MOB,YOWRS
BKG00011854,CUS0004209,2023-08-23,WEB,BSSAVE
BKG00011855,CUS0000150,2025-09-25,OTA,YOWUS
BKG00011856,CUS0002162,2024-07-25,WEB,YOWUS
BKG00011857,CUS0003770,2026-05-22,WEB,YOWRS
BKG00011858,CUS0001104,2024-09-22,CTR,CLXBUS
BKG00011859,CUS0002043,2023-06-12,AGT,WOWBUS
BKG00011860,CUS0003739,2024-07-24,WEB,BSSAVE
BKG00011861,CUS0003460,2024-05-26,OTA,GRPECO
BKG00011862,CUS0004335,2025-06-21,WEB,CLXBUS
BKG00011863,CUS0003242,2024-03-27,MOB,CLXSAV
BKG00011864,CUS0002604,2025-06-13,WEB,YOWRS
BKG00011865,CUS0004772,2023-09-09,MOB,CLXSAV
BKG00011866,CUS0001713,2026-03-12,WEB,YOWRS
BKG00011867,CUS0000249,2023-12-07,WEB,CLXSAV
BKG00011868,CUS0004188,2024-10-15,OTA,CLXSAV
BKG00011869,CUS0003242,2025-01-30,GDS,WOWBUS
BKG00011870,CUS0000751,2025-11-04,MOB,GRPECO
BKG00011871,CUS0000472,2025-09-18,AGT,YOWUS
BKG00011872,CUS0000538,2023-10-02,AGT,GRPECO
BKG00011873,CUS0002255,2023-10-25,CTR,WOWBUS
BKG00011874,CUS0000756,2023-06-11,GDS,CLXSAV
BKG00011875,CUS0003399,2024-06-19,WEB,GRPECO
BKG00011876,CUS0001911,2025-05-23,WEB,BSSAVE
BKG00011877,CUS0000850,2026-02-12,AGT,GRPECO
BKG00011878,CUS0001746,2024-08-16,GDS,WOWBUS
BKG00011879,CUS0001934,2025-09-07,CTR,GRPECO
BKG00011880,CUS0000363,2024-10-31,WEB,YOWUS
BKG00011881,CUS0000801,2024-05-27,AGT,CLXBUS
BKG00011882,CUS0004635,2023-11-06,MOB,FLXFST
BKG00011883,CUS0001282,2025-07-25,WEB,BSSAVE
BKG00011884,CUS0001305,2023-12-09,AGT,CLXBUS
BKG00011885,CUS0000128,2024-09-04,WEB,FLXFST
BKG00011886,CUS0000634,2026-05-10,MOB,FLXFST
BKG00011887,CUS0002742,2025-02-28,OTA,FLXFST
BKG00011888,CUS0003301,2026-05-15,WEB,BSSAVE
BKG00011889,CUS0002565,2025-05-27,WEB,CLXBUS
BKG00011890,CUS0002045,2023-08-26,OTA,YOWUS
BKG00011891,CUS0002268,2023-10-30,GDS,YOWRS
BKG00011892,CUS0000526,2025-05-03,CTR,YOWUS
BKG00011893,CUS0000267,2025-07-14,OTA,CLXSAV
BKG00011894,CUS0000431,2025-10-12,WEB,CLXSAV
BKG00011895,CUS0001986,2023-10-26,WEB,YOWRS
BKG00011896,CUS0004688,2024-05-18,OTA,FLXFST
BKG00011897,CUS0000477,2024-11-30,MOB,GRPECO
BKG00011898,CUS0003328,2026-01-23,CTR,WOWBUS
BKG00011899,CUS0002245,2024-07-08,GDS,GRPECO
BKG00011900,CUS0004973,2024-04-26,GDS,FLXFST
BKG00011901,CUS0000408,2023-12-22,OTA,CLXBUS
BKG00011902,CUS0004116,2023-09-25,OTA,FLXFST
BKG00011903,CUS0001227,2025-08-31,OTA,GRPECO
BKG00011904,CUS0002867,2023-09-16,WEB,CLXBUS
BKG00011905,CUS0001386,2023-12-16,MOB,CLXBUS
BKG00011906,CUS0003283,2025-03-08,OTA,YOWUS
BKG00011907,CUS0003169,2024-08-18,CTR,CLXBUS
BKG00011908,CUS0004098,2023-11-15,GDS,YOWRS
BKG00011909,CUS0004031,2024-11-14,OTA,CLXBUS
BKG00011910,CUS0000868,2023-07-31,AGT,BSSAVE
BKG00011911,CUS0004085,2025-05-01,GDS,YOWRS
BKG00011912,CUS0000949,2025-12-31,OTA,YOWRS
BKG00011913,CUS0003135,2024-10-16,WEB,CLXSAV
BKG00011914,CUS0004558,2025-02-17,WEB,YOWRS
BKG00011915,CUS0004650,2025-06-23,GDS,CLXSAV
BKG00011916,CUS0002901,2024-12-05,GDS,YOWUS
BKG00011917,CUS0004561,2026-02-03,MOB,FLXFST
BKG00011918,CUS0004030,2026-02-04,AGT,FLXFST
BKG00011919,CUS0002672,2025-05-14,WEB,CLXBUS
BKG00011920,CUS0002219,2025-03-19,AGT,CLXBUS
BKG00011921,CUS0000749,2025-10-24,OTA,CLXBUS
BKG00011922,CUS0001126,2023-09-10,CTR,CLXBUS
BKG00011923,CUS0001188,2026-04-28,AGT,FLXFST
BKG00011924,CUS0004045,2024-02-27,AGT,YOWUS
BKG00011925,CUS0004343,2023-08-04,CTR,YOWUS
BKG00011926,CUS0002839,2023-11-03,WEB,YOWRS
BKG00011927,CUS0002691,2024-05-08,WEB,WOWBUS
BKG00011928,CUS0003591,2024-10-17,AGT,FLXFST
BKG00011929,CUS0001449,2025-07-22,GDS,CLXBUS
BKG00011930,CUS0003640,2024-04-24,WEB,CLXBUS
BKG00011931,CUS0001172,2024-08-17,OTA,YOWRS
BKG00011932,CUS0003367,2024-01-29,AGT,YOWRS
BKG00011933,CUS0002416,2024-01-02,MOB,YOWUS
BKG00011934,CUS0003648,2025-10-29,GDS,YOWRS
BKG00011935,CUS0003598,2025-07-22,AGT,YOWUS
BKG00011936,CUS0000362,2024-01-02,GDS,YOWRS
BKG00011937,CUS0002169,2025-01-07,MOB,FLXFST
BKG00011938,CUS0002949,2026-04-15,CTR,GRPECO
BKG00011939,CUS0001263,2025-12-08,AGT,WOWBUS
BKG00011940,CUS0004883,2025-02-17,AGT,GRPECO
BKG00011941,CUS0003207,2023-10-22,GDS,YOWRS
BKG00011942,CUS0000389,2025-12-01,OTA,CLXBUS
BKG00011943,CUS0000996,2026-03-05,GDS,YOWRS
BKG00011944,CUS0002642,2024-10-06,WEB,YOWUS
BKG00011945,CUS0004050,2026-01-21,GDS,YOWUS
BKG00011946,CUS0000659,2024-02-13,AGT,GRPECO
BKG00011947,CUS0002850,2024-10-22,WEB,YOWUS
BKG00011948,CUS0000045,2024-06-24,GDS,GRPECO
BKG00011949,CUS0004536,2024-12-26,OTA,BSSAVE
BKG00011950,CUS0004153,2025-08-17,OTA,CLXSAV
BKG00011951,CUS0002971,2025-04-08,GDS,FLXFST
BKG00011952,CUS0000841,2023-12-29,CTR,FLXFST
BKG00011953,CUS0003959,2025-07-21,GDS,YOWUS
BKG00011954,CUS0003551,2023-10-26,GDS,GRPECO
BKG00011955,CUS0001076,2024-03-19,AGT,YOWRS
BKG00011956,CUS0004949,2025-03-24,AGT,BSSAVE
BKG00011957,CUS0001449,2023-12-09,CTR,WOWBUS
BKG00011958,CUS0002453,2024-01-08,CTR,YOWRS
BKG00011959,CUS0002122,2025-04-07,MOB,YOWUS
BKG00011960,CUS0004849,2025-03-13,MOB,YOWRS
BKG00011961,CUS0002969,2025-05-19,MOB,GRPECO
BKG00011962,CUS0001448,2025-11-05,AGT,CLXSAV
BKG00011963,CUS0003976,2024-02-14,CTR,WOWBUS
BKG00011964,CUS0001608,2025-04-18,GDS,GRPECO
BKG00011965,CUS0002297,2025-11-03,AGT,YOWUS
BKG00011966,CUS0004292,2023-08-03,AGT,YOWRS
BKG00011967,CUS0001398,2026-03-31,AGT,YOWUS
BKG00011968,CUS0002829,2024-10-30,CTR,CLXBUS
BKG00011969,CUS0002348,2024-06-27,AGT,GRPECO
BKG00011970,CUS0003204,2023-09-14,CTR,YOWUS
BKG00011971,CUS0000743,2024-04-17,MOB,BSSAVE
BKG00011972,CUS0002804,2024-03-11,GDS,BSSAVE
BKG00011973,CUS0000499,2023-11-21,CTR,WOWBUS
BKG00011974,CUS0003400,2025-04-06,WEB,YOWUS
BKG00011975,CUS0004583,2025-11-21,CTR,YOWUS
BKG00011976,CUS0001219,2024-08-06,OTA,GRPECO
BKG00011977,CUS0000316,2025-03-21,WEB,FLXFST
BKG00011978,CUS0001380,2024-01-18,AGT,YOWUS
BKG00011979,CUS0003263,2024-06-05,AGT,WOWBUS
BKG00011980,CUS0003750,2025-08-24,WEB,WOWBUS
BKG00011981,CUS0003045,2024-06-03,OTA,CLXSAV
BKG00011982,CUS0000866,2026-04-21,OTA,YOWRS
BKG00011983,CUS0003207,2025-02-16,GDS,FLXFST
BKG00011984,CUS0000630,2026-01-31,GDS,FLXFST
BKG00011985,CUS0001243,2024-04-07,CTR,FLXFST
BKG00011986,CUS0002845,2025-02-18,CTR,FLXFST
BKG00011987,CUS0001580,2025-11-07,GDS,YOWUS
BKG00011988,CUS0001088,2023-05-28,OTA,WOWBUS
BKG00011989,CUS0003078,2024-11-07,CTR,GRPECO
BKG00011990,CUS0001541,2023-05-27,MOB,YOWUS
BKG00011991,CUS0001214,2025-06-17,MOB,CLXSAV
BKG00011992,CUS0002261,2024-04-29,OTA,YOWUS
BKG00011993,CUS0004503,2023-09-05,WEB,FLXFST
BKG00011994,CUS0002198,2024-09-17,WEB,GRPECO
BKG00011995,CUS0004581,2024-07-20,GDS,WOWBUS
BKG00011996,CUS0004579,2023-10-17,GDS,YOWRS
BKG00011997,CUS0004390,2023-12-30,MOB,CLXBUS
BKG00011998,CUS0000961,2023-07-02,WEB,YOWUS
BKG00011999,CUS0000037,2024-08-19,GDS,FLXFST
BKG00012000,CUS0002643,2025-04-06,CTR,CLXBUS
BKG00012001,CUS0004222,2024-08-30,OTA,WOWBUS
BKG00012002,CUS0004617,2025-02-09,MOB,YOWUS
BKG00012003,CUS0000048,2024-06-15,OTA,FLXFST
BKG00012004,CUS0000508,2025-12-04,MOB,CLXSAV
BKG00012005,CUS0003393,2024-10-18,WEB,GRPECO
BKG00012006,CUS0000313,2024-02-29,GDS,CLXBUS
BKG00012007,CUS0004631,2024-06-25,AGT,WOWBUS
BKG00012008,CUS0003853,2025-02-09,OTA,YOWUS
BKG00012009,CUS0002332,2026-01-29,OTA,GRPECO
BKG00012010,CUS0000418,2026-02-26,AGT,CLXSAV
BKG00012011,CUS0004543,2025-01-14,MOB,YOWUS
BKG00012012,CUS0002153,2024-03-16,GDS,YOWUS
BKG00012013,CUS0001037,2024-01-03,GDS,YOWUS
BKG00012014,CUS0001310,2023-10-03,GDS,FLXFST
BKG00012015,CUS0002154,2025-01-19,OTA,YOWRS
BKG00012016,CUS0001541,2023-06-24,WEB,YOWUS
BKG00012017,CUS0002627,2024-04-13,AGT,YOWUS
BKG00012018,CUS0000969,2025-07-12,CTR,CLXSAV
BKG00012019,CUS0004022,2023-05-29,OTA,CLXBUS
BKG00012020,CUS0003951,2025-08-06,MOB,YOWUS
BKG00012021,CUS0004440,2023-05-26,OTA,BSSAVE
BKG00012022,CUS0003971,2025-04-16,OTA,YOWUS
BKG00012023,CUS0003136,2024-04-25,MOB,BSSAVE
BKG00012024,CUS0004108,2025-01-25,OTA,YOWUS
BKG00012025,CUS0003641,2026-02-13,MOB,CLXSAV
BKG00012026,CUS0002579,2026-03-20,MOB,BSSAVE
BKG00012027,CUS0000108,2024-10-05,OTA,BSSAVE
BKG00012028,CUS0004393,2023-10-26,OTA,YOWRS
BKG00012029,CUS0002619,2023-10-02,OTA,YOWUS
BKG00012030,CUS0000960,2024-04-15,MOB,CLXSAV
BKG00012031,CUS0001287,2024-03-23,OTA,GRPECO
BKG00012032,CUS0000661,2024-01-28,WEB,GRPECO
BKG00012033,CUS0004530,2025-05-08,CTR,GRPECO
BKG00012034,CUS0002831,2024-07-11,WEB,CLXSAV
BKG00012035,CUS0001001,2024-07-09,MOB,YOWRS
BKG00012036,CUS0004347,2025-12-20,AGT,CLXBUS
BKG00012037,CUS0000720,2025-05-24,CTR,YOWUS
BKG00012038,CUS0002940,2026-02-11,AGT,YOWRS
BKG00012039,CUS0002372,2024-12-22,WEB,BSSAVE
BKG00012040,CUS0000181,2023-07-25,AGT,YOWUS
BKG00012041,CUS0004036,2023-11-26,OTA,YOWUS
BKG00012042,CUS0002252,2024-09-09,AGT,CLXSAV
BKG00012043,CUS0000555,2025-08-15,OTA,FLXFST
BKG00012044,CUS0004756,2024-03-09,CTR,WOWBUS
BKG00012045,CUS0001772,2023-10-13,MOB,GRPECO
BKG00012046,CUS0003336,2025-07-10,AGT,BSSAVE
BKG00012047,CUS0003135,2025-08-31,CTR,CLXBUS
BKG00012048,CUS0003671,2023-07-26,MOB,GRPECO
BKG00012049,CUS0001664,2026-05-10,WEB,BSSAVE
BKG00012050,CUS0003029,2025-10-21,MOB,WOWBUS
BKG00012051,CUS0004938,2025-04-08,WEB,FLXFST
BKG00012052,CUS0000420,2025-12-31,OTA,FLXFST
BKG00012053,CUS0001628,2023-07-18,GDS,YOWUS
BKG00012054,CUS0003596,2026-02-04,WEB,BSSAVE
BKG00012055,CUS0002472,2023-09-06,WEB,WOWBUS
BKG00012056,CUS0003910,2024-07-17,MOB,CLXBUS
BKG00012057,CUS0000710,2024-06-06,MOB,CLXSAV
BKG00012058,CUS0004385,2025-06-29,WEB,WOWBUS
BKG00012059,CUS0003525,2024-06-13,GDS,CLXBUS
BKG00012060,CUS0001554,2024-12-08,GDS,CLXBUS
BKG00012061,CUS0001701,2025-04-26,GDS,CLXSAV
BKG00012062,CUS0001598,2024-07-16,WEB,CLXBUS
BKG00012063,CUS0002582,2023-06-14,AGT,CLXBUS
BKG00012064,CUS0003055,2023-06-11,GDS,YOWRS
BKG00012065,CUS0003016,2026-02-06,WEB,CLXSAV
BKG00012066,CUS0000892,2023-10-28,OTA,FLXFST
BKG00012067,CUS0001907,2023-12-17,AGT,YOWRS
BKG00012068,CUS0004376,2024-01-22,GDS,GRPECO
BKG00012069,CUS0003366,2025-03-21,MOB,WOWBUS
BKG00012070,CUS0000380,2024-05-09,MOB,WOWBUS
BKG00012071,CUS0000065,2024-05-20,OTA,BSSAVE
BKG00012072,CUS0001722,2026-03-29,MOB,WOWBUS
BKG00012073,CUS0004245,2023-08-08,CTR,WOWBUS
BKG00012074,CUS0000850,2023-07-04,AGT,FLXFST
BKG00012075,CUS0000034,2023-09-20,MOB,CLXSAV
BKG00012076,CUS0000222,2025-12-15,CTR,BSSAVE
BKG00012077,CUS0004061,2024-02-04,WEB,CLXBUS
BKG00012078,CUS0000048,2025-11-26,WEB,CLXBUS
BKG00012079,CUS0002009,2025-10-09,CTR,FLXFST
BKG00012080,CUS0003110,2025-08-22,GDS,CLXBUS
BKG00012081,CUS0003829,2023-07-30,WEB,GRPECO
BKG00012082,CUS0001252,2026-01-16,GDS,YOWUS
BKG00012083,CUS0001313,2024-01-01,GDS,CLXSAV
BKG00012084,CUS0003905,2025-09-26,AGT,FLXFST
BKG00012085,CUS0003495,2025-07-30,MOB,FLXFST
BKG00012086,CUS0004125,2026-05-02,WEB,CLXSAV
BKG00012087,CUS0001681,2023-12-12,GDS,WOWBUS
BKG00012088,CUS0004342,2023-07-21,WEB,BSSAVE
BKG00012089,CUS0001649,2023-07-25,MOB,YOWUS
BKG00012090,CUS0004623,2024-12-01,GDS,YOWUS
BKG00012091,CUS0000765,2024-10-16,CTR,BSSAVE
BKG00012092,CUS0002414,2023-07-01,GDS,GRPECO
BKG00012093,CUS0000413,2025-09-15,AGT,GRPECO
BKG00012094,CUS0002965,2024-11-23,WEB,FLXFST
BKG00012095,CUS0001136,2025-01-27,WEB,YOWUS
BKG00012096,CUS0004616,2026-01-01,CTR,FLXFST
BKG00012097,CUS0001542,2023-10-13,GDS,GRPECO
BKG00012098,CUS0004321,2025-07-10,AGT,BSSAVE
BKG00012099,CUS0004141,2025-04-04,AGT,YOWRS
BKG00012100,CUS0003471,2026-05-20,CTR,FLXFST
BKG00012101,CUS0000093,2026-04-10,WEB,FLXFST
BKG00012102,CUS0003269,2024-12-16,CTR,YOWRS
BKG00012103,CUS0001308,2025-12-30,GDS,YOWUS
BKG00012104,CUS0002553,2026-02-05,AGT,BSSAVE
BKG00012105,CUS0003027,2024-07-10,MOB,CLXBUS
BKG00012106,CUS0003092,2025-01-01,OTA,YOWUS
BKG00012107,CUS0003460,2024-03-09,CTR,YOWRS
BKG00012108,CUS0003684,2025-03-01,CTR,BSSAVE
BKG00012109,CUS0001285,2023-09-14,AGT,CLXBUS
BKG00012110,CUS0000827,2024-04-23,AGT,GRPECO
BKG00012111,CUS0004953,2024-02-07,GDS,YOWUS
BKG00012112,CUS0001778,2024-01-10,WEB,YOWUS
BKG00012113,CUS0004568,2023-11-03,WEB,WOWBUS
BKG00012114,CUS0002166,2025-03-30,CTR,YOWUS
BKG00012115,CUS0004474,2025-08-21,OTA,CLXBUS
BKG00012116,CUS0002109,2024-03-01,CTR,GRPECO
BKG00012117,CUS0004514,2025-08-27,CTR,YOWUS
BKG00012118,CUS0002226,2023-06-15,CTR,WOWBUS
BKG00012119,CUS0001577,2026-04-08,OTA,FLXFST
BKG00012120,CUS0002608,2025-10-14,CTR,FLXFST
BKG00012121,CUS0003751,2023-09-29,AGT,BSSAVE
BKG00012122,CUS0003170,2025-01-04,WEB,BSSAVE
BKG00012123,CUS0000819,2024-02-25,MOB,YOWRS
BKG00012124,CUS0004132,2023-10-20,AGT,YOWUS
BKG00012125,CUS0003460,2025-05-27,AGT,FLXFST
BKG00012126,CUS0003400,2024-06-01,OTA,YOWUS
BKG00012127,CUS0002623,2023-06-20,AGT,GRPECO
BKG00012128,CUS0002488,2023-05-30,MOB,YOWUS
BKG00012129,CUS0004352,2024-01-27,GDS,YOWUS
BKG00012130,CUS0001734,2025-04-28,GDS,BSSAVE
BKG00012131,CUS0002740,2023-09-10,AGT,WOWBUS
BKG00012132,CUS0003595,2024-05-24,WEB,BSSAVE
BKG00012133,CUS0003427,2024-08-12,AGT,GRPECO
BKG00012134,CUS0000190,2025-04-03,OTA,YOWRS
BKG00012135,CUS0002734,2023-12-10,OTA,GRPECO
BKG00012136,CUS0004428,2024-10-26,AGT,YOWRS
BKG00012137,CUS0001925,2024-06-07,AGT,GRPECO
BKG00012138,CUS0001641,2025-09-08,AGT,YOWRS
BKG00012139,CUS0002325,2024-07-26,MOB,YOWRS
BKG00012140,CUS0003916,2024-08-13,AGT,CLXSAV
BKG00012141,CUS0003177,2024-05-01,MOB,CLXBUS
BKG00012142,CUS0003937,2025-03-28,CTR,CLXBUS
BKG00012143,CUS0002065,2025-03-26,MOB,WOWBUS
BKG00012144,CUS0000912,2024-10-20,GDS,BSSAVE
BKG00012145,CUS0003683,2024-01-08,MOB,YOWUS
BKG00012146,CUS0002883,2023-08-21,AGT,GRPECO
BKG00012147,CUS0003347,2024-06-22,GDS,BSSAVE
BKG00012148,CUS0000263,2023-11-05,CTR,CLXBUS
BKG00012149,CUS0000115,2023-06-02,GDS,CLXBUS
BKG00012150,CUS0003285,2024-02-23,OTA,YOWUS
BKG00012151,CUS0000942,2025-02-05,OTA,GRPECO
BKG00012152,CUS0003679,2025-08-07,OTA,FLXFST
BKG00012153,CUS0003164,2023-06-22,MOB,YOWRS
BKG00012154,CUS0004915,2024-05-05,CTR,GRPECO
BKG00012155,CUS0004187,2024-06-13,AGT,CLXSAV
BKG00012156,CUS0003502,2023-07-14,OTA,BSSAVE
BKG00012157,CUS0002590,2026-02-04,OTA,CLXBUS
BKG00012158,CUS0001227,2025-05-02,OTA,CLXSAV
BKG00012159,CUS0004606,2025-01-07,GDS,FLXFST
BKG00012160,CUS0003723,2025-12-29,MOB,BSSAVE
BKG00012161,CUS0004691,2024-11-24,CTR,YOWUS
BKG00012162,CUS0003795,2023-08-01,MOB,BSSAVE
BKG00012163,CUS0003441,2023-06-21,GDS,CLXBUS
BKG00012164,CUS0000358,2025-10-11,GDS,YOWUS
BKG00012165,CUS0000811,2025-05-17,OTA,CLXBUS
BKG00012166,CUS0000854,2024-02-15,MOB,BSSAVE
BKG00012167,CUS0003591,2024-05-30,AGT,WOWBUS
BKG00012168,CUS0004564,2024-04-08,GDS,WOWBUS
BKG00012169,CUS0001939,2026-05-07,CTR,BSSAVE
BKG00012170,CUS0001663,2025-10-20,CTR,FLXFST
BKG00012171,CUS0001130,2024-12-24,MOB,CLXSAV
BKG00012172,CUS0002072,2023-11-03,GDS,FLXFST
BKG00012173,CUS0001530,2025-06-01,CTR,FLXFST
BKG00012174,CUS0003529,2025-09-03,WEB,YOWUS
BKG00012175,CUS0001857,2026-05-24,OTA,FLXFST
BKG00012176,CUS0003056,2026-02-24,GDS,CLXBUS
BKG00012177,CUS0004544,2025-10-10,WEB,CLXBUS
BKG00012178,CUS0001645,2023-06-23,GDS,YOWRS
BKG00012179,CUS0002502,2023-09-02,CTR,BSSAVE
BKG00012180,CUS0003363,2024-07-03,MOB,GRPECO
BKG00012181,CUS0001900,2024-04-05,AGT,CLXSAV
BKG00012182,CUS0000034,2023-09-21,AGT,FLXFST
BKG00012183,CUS0000258,2024-02-20,WEB,YOWRS
BKG00012184,CUS0001218,2026-04-27,GDS,FLXFST
BKG00012185,CUS0002338,2024-01-14,GDS,YOWUS
BKG00012186,CUS0004797,2023-12-22,GDS,YOWRS
BKG00012187,CUS0002333,2025-09-03,CTR,YOWUS
BKG00012188,CUS0004642,2025-07-12,WEB,YOWUS
BKG00012189,CUS0000385,2023-11-12,CTR,YOWRS
BKG00012190,CUS0003521,2025-12-15,GDS,CLXSAV
BKG00012191,CUS0004857,2025-10-01,OTA,CLXBUS
BKG00012192,CUS0002784,2023-12-12,OTA,WOWBUS
BKG00012193,CUS0000318,2025-01-30,WEB,YOWRS
BKG00012194,CUS0003888,2024-08-09,CTR,CLXBUS
BKG00012195,CUS0003278,2023-12-07,MOB,GRPECO
BKG00012196,CUS0002443,2024-11-19,AGT,BSSAVE
BKG00012197,CUS0000035,2025-08-15,AGT,CLXSAV
BKG00012198,CUS0001482,2024-01-11,AGT,BSSAVE
BKG00012199,CUS0002785,2025-03-22,AGT,GRPECO
BKG00012200,CUS0001618,2024-01-12,WEB,GRPECO
BKG00012201,CUS0001625,2024-08-02,MOB,YOWRS
BKG00012202,CUS0003373,2024-07-27,GDS,CLXSAV
BKG00012203,CUS0003276,2026-03-13,CTR,YOWRS
BKG00012204,CUS0000376,2025-08-18,AGT,GRPECO
BKG00012205,CUS0000485,2025-01-23,AGT,FLXFST
BKG00012206,CUS0000539,2024-03-16,WEB,GRPECO
BKG00012207,CUS0000764,2025-12-12,MOB,CLXBUS
BKG00012208,CUS0000008,2026-01-30,AGT,BSSAVE
BKG00012209,CUS0002930,2025-07-24,WEB,YOWUS
BKG00012210,CUS0003336,2025-04-05,OTA,BSSAVE
BKG00012211,CUS0001210,2025-05-24,GDS,FLXFST
BKG00012212,CUS0002108,2023-10-22,MOB,CLXBUS
BKG00012213,CUS0004713,2024-09-25,AGT,CLXBUS
BKG00012214,CUS0003391,2024-12-30,OTA,BSSAVE
BKG00012215,CUS0003532,2024-10-17,AGT,CLXSAV
BKG00012216,CUS0000499,2023-12-02,OTA,WOWBUS
BKG00012217,CUS0002331,2023-08-29,GDS,GRPECO
BKG00012218,CUS0002158,2023-08-03,WEB,YOWRS
BKG00012219,CUS0003369,2023-11-25,WEB,BSSAVE
BKG00012220,CUS0004165,2025-08-15,OTA,CLXSAV
BKG00012221,CUS0001575,2023-05-30,AGT,GRPECO
BKG00012222,CUS0002813,2024-05-19,OTA,GRPECO
BKG00012223,CUS0002593,2024-09-21,CTR,BSSAVE
BKG00012224,CUS0000487,2025-03-22,OTA,YOWRS
BKG00012225,CUS0002821,2025-05-24,OTA,BSSAVE
BKG00012226,CUS0004337,2026-04-29,AGT,BSSAVE
BKG00012227,CUS0001872,2024-01-11,WEB,YOWRS
BKG00012228,CUS0003272,2023-10-07,OTA,WOWBUS
BKG00012229,CUS0000168,2024-10-20,AGT,WOWBUS
BKG00012230,CUS0001097,2024-03-05,CTR,GRPECO
BKG00012231,CUS0003752,2024-07-30,AGT,CLXBUS
BKG00012232,CUS0002416,2023-06-29,AGT,CLXBUS
BKG00012233,CUS0001862,2025-11-04,MOB,BSSAVE
BKG00012234,CUS0004860,2024-05-10,AGT,CLXBUS
BKG00012235,CUS0002827,2025-09-02,AGT,GRPECO
BKG00012236,CUS0004304,2024-05-24,GDS,GRPECO
BKG00012237,CUS0002314,2024-11-28,AGT,YOWUS
BKG00012238,CUS0002417,2023-12-17,GDS,GRPECO
BKG00012239,CUS0001061,2025-07-06,OTA,FLXFST
BKG00012240,CUS0002245,2024-09-28,CTR,GRPECO
BKG00012241,CUS0001232,2025-02-11,AGT,WOWBUS
BKG00012242,CUS0002424,2023-09-28,WEB,YOWUS
BKG00012243,CUS0003360,2025-04-24,GDS,YOWRS
BKG00012244,CUS0000179,2023-09-29,WEB,GRPECO
BKG00012245,CUS0004580,2026-03-13,OTA,CLXBUS
BKG00012246,CUS0001424,2024-04-02,CTR,BSSAVE
BKG00012247,CUS0004743,2025-10-31,CTR,WOWBUS
BKG00012248,CUS0000541,2025-05-08,GDS,CLXBUS
BKG00012249,CUS0001075,2026-04-19,WEB,BSSAVE
BKG00012250,CUS0004119,2026-01-04,MOB,FLXFST
BKG00012251,CUS0002913,2026-05-05,CTR,CLXSAV
BKG00012252,CUS0004952,2024-12-31,GDS,YOWUS
BKG00012253,CUS0001475,2025-06-22,OTA,YOWRS
BKG00012254,CUS0000015,2023-12-15,OTA,CLXSAV
BKG00012255,CUS0003847,2025-05-14,CTR,YOWRS
BKG00012256,CUS0002963,2025-04-16,CTR,CLXBUS
BKG00012257,CUS0001873,2023-06-16,OTA,CLXSAV
BKG00012258,CUS0003104,2024-07-14,OTA,YOWRS
BKG00012259,CUS0001208,2023-09-25,MOB,CLXBUS
BKG00012260,CUS0001676,2024-03-04,OTA,CLXBUS
BKG00012261,CUS0000458,2024-10-06,AGT,GRPECO
BKG00012262,CUS0000220,2025-02-07,CTR,YOWUS
BKG00012263,CUS0003395,2024-01-21,AGT,WOWBUS
BKG00012264,CUS0000583,2024-07-08,AGT,WOWBUS
BKG00012265,CUS0004841,2025-07-25,OTA,CLXBUS
BKG00012266,CUS0001956,2025-04-24,OTA,GRPECO
BKG00012267,CUS0004423,2025-08-10,AGT,CLXBUS
BKG00012268,CUS0002672,2023-09-12,CTR,YOWUS
BKG00012269,CUS0003872,2025-12-03,MOB,YOWRS
BKG00012270,CUS0001279,2025-12-21,CTR,BSSAVE
BKG00012271,CUS0000601,2024-04-04,AGT,YOWRS
BKG00012272,CUS0000585,2024-11-28,MOB,FLXFST
BKG00012273,CUS0002528,2025-05-31,AGT,BSSAVE
BKG00012274,CUS0000776,2024-02-04,AGT,YOWRS
BKG00012275,CUS0002617,2024-11-24,OTA,CLXBUS
BKG00012276,CUS0004062,2025-02-23,CTR,WOWBUS
BKG00012277,CUS0003805,2026-03-15,AGT,GRPECO
BKG00012278,CUS0000425,2024-06-05,GDS,YOWUS
BKG00012279,CUS0003031,2025-06-25,WEB,GRPECO
BKG00012280,CUS0000206,2023-06-08,CTR,CLXSAV
BKG00012281,CUS0000164,2023-08-01,AGT,FLXFST
BKG00012282,CUS0001067,2025-07-21,GDS,WOWBUS
BKG00012283,CUS0001520,2024-01-15,GDS,FLXFST
BKG00012284,CUS0001469,2024-10-01,OTA,WOWBUS
BKG00012285,CUS0001065,2023-11-24,GDS,CLXSAV
BKG00012286,CUS0003712,2024-01-25,MOB,YOWUS
BKG00012287,CUS0004064,2024-03-23,CTR,YOWUS
BKG00012288,CUS0002092,2025-08-28,AGT,GRPECO
BKG00012289,CUS0000329,2023-08-30,GDS,WOWBUS
BKG00012290,CUS0003613,2025-11-29,CTR,GRPECO
BKG00012291,CUS0004053,2025-01-22,AGT,CLXSAV
BKG00012292,CUS0001336,2024-03-10,AGT,WOWBUS
BKG00012293,CUS0004825,2025-03-16,CTR,FLXFST
BKG00012294,CUS0001599,2024-04-03,GDS,YOWRS
BKG00012295,CUS0004254,2026-03-05,OTA,CLXSAV
BKG00012296,CUS0002271,2024-05-12,OTA,YOWRS
BKG00012297,CUS0004803,2025-03-19,CTR,WOWBUS
BKG00012298,CUS0004153,2024-11-20,OTA,GRPECO
BKG00012299,CUS0004659,2024-04-19,MOB,BSSAVE
BKG00012300,CUS0003275,2026-04-11,MOB,YOWUS
BKG00012301,CUS0000825,2025-08-10,GDS,CLXSAV
BKG00012302,CUS0000858,2024-07-26,OTA,CLXSAV
BKG00012303,CUS0001360,2025-06-16,GDS,CLXBUS
BKG00012304,CUS0003657,2025-05-11,CTR,GRPECO
BKG00012305,CUS0000810,2025-04-16,OTA,CLXSAV
BKG00012306,CUS0001835,2024-05-23,MOB,WOWBUS
BKG00012307,CUS0000579,2024-06-03,AGT,GRPECO
BKG00012308,CUS0004704,2026-03-07,MOB,YOWRS
BKG00012309,CUS0001747,2025-01-12,AGT,CLXBUS
BKG00012310,CUS0004056,2024-01-31,OTA,FLXFST
BKG00012311,CUS0000521,2024-04-11,CTR,FLXFST
BKG00012312,CUS0000777,2024-08-07,GDS,FLXFST
BKG00012313,CUS0002956,2024-02-25,AGT,YOWUS
BKG00012314,CUS0001168,2026-01-20,WEB,YOWUS
BKG00012315,CUS0000168,2024-11-19,WEB,BSSAVE
BKG00012316,CUS0004086,2026-03-09,CTR,FLXFST
BKG00012317,CUS0002521,2024-01-12,AGT,CLXSAV
BKG00012318,CUS0004275,2025-09-06,AGT,GRPECO
BKG00012319,CUS0000463,2025-12-07,WEB,CLXSAV
BKG00012320,CUS0000989,2025-03-19,AGT,BSSAVE
BKG00012321,CUS0002668,2025-03-14,MOB,YOWUS
BKG00012322,CUS0003456,2023-05-25,MOB,YOWRS
BKG00012323,CUS0000023,2025-02-08,OTA,WOWBUS
BKG00012324,CUS0004063,2024-06-28,GDS,WOWBUS
BKG00012325,CUS0001398,2025-04-22,AGT,GRPECO
BKG00012326,CUS0004715,2024-10-30,AGT,BSSAVE
BKG00012327,CUS0004080,2024-04-28,OTA,FLXFST
BKG00012328,CUS0001535,2024-01-21,MOB,FLXFST
BKG00012329,CUS0004224,2024-11-12,AGT,GRPECO
BKG00012330,CUS0002599,2026-04-17,MOB,YOWRS
BKG00012331,CUS0000629,2024-11-27,AGT,CLXSAV
BKG00012332,CUS0001340,2025-05-09,AGT,CLXBUS
BKG00012333,CUS0001691,2024-04-07,CTR,GRPECO
BKG00012334,CUS0001098,2025-10-04,AGT,YOWUS
BKG00012335,CUS0003642,2023-12-15,OTA,GRPECO
BKG00012336,CUS0004937,2024-08-14,MOB,YOWRS
BKG00012337,CUS0002544,2023-06-25,AGT,CLXBUS
BKG00012338,CUS0002057,2025-04-24,AGT,CLXBUS
BKG00012339,CUS0000943,2025-11-26,CTR,FLXFST
BKG00012340,CUS0002214,2026-05-11,OTA,FLXFST
BKG00012341,CUS0001441,2024-03-17,AGT,CLXBUS
BKG00012342,CUS0001659,2024-12-29,CTR,CLXBUS
BKG00012343,CUS0000052,2024-10-22,CTR,BSSAVE
BKG00012344,CUS0004040,2024-03-09,GDS,YOWRS
BKG00012345,CUS0002907,2025-07-19,GDS,WOWBUS
BKG00012346,CUS0003392,2025-12-07,CTR,CLXSAV
BKG00012347,CUS0000046,2025-11-09,AGT,GRPECO
BKG00012348,CUS0000482,2025-07-17,OTA,YOWRS
BKG00012349,CUS0004438,2025-09-12,MOB,CLXSAV
BKG00012350,CUS0000727,2026-05-18,AGT,YOWRS
BKG00012351,CUS0000251,2024-12-08,MOB,YOWRS
BKG00012352,CUS0004353,2026-02-13,GDS,GRPECO
BKG00012353,CUS0001070,2024-10-13,WEB,GRPECO
BKG00012354,CUS0002910,2023-07-26,CTR,YOWRS
BKG00012355,CUS0002244,2024-12-03,OTA,CLXSAV
BKG00012356,CUS0003394,2025-11-16,GDS,YOWRS
BKG00012357,CUS0003344,2024-01-31,GDS,GRPECO
BKG00012358,CUS0003084,2026-04-16,WEB,YOWRS
BKG00012359,CUS0002728,2023-07-27,WEB,CLXBUS
BKG00012360,CUS0001922,2025-01-28,OTA,YOWUS
BKG00012361,CUS0000665,2024-04-04,WEB,BSSAVE
BKG00012362,CUS0003213,2024-06-11,AGT,CLXSAV
BKG00012363,CUS0002804,2025-06-19,GDS,FLXFST
BKG00012364,CUS0002492,2023-08-26,GDS,CLXSAV
BKG00012365,CUS0003435,2025-01-15,AGT,FLXFST
BKG00012366,CUS0002972,2026-02-24,AGT,GRPECO
BKG00012367,CUS0001578,2025-05-02,AGT,BSSAVE
BKG00012368,CUS0004817,2026-01-07,AGT,GRPECO
BKG00012369,CUS0003930,2023-11-20,OTA,YOWRS
BKG00012370,CUS0000481,2023-07-08,OTA,YOWUS
BKG00012371,CUS0003549,2024-07-25,CTR,CLXSAV
BKG00012372,CUS0000173,2023-12-21,AGT,BSSAVE
BKG00012373,CUS0001977,2025-10-10,MOB,YOWUS
BKG00012374,CUS0002433,2024-10-12,GDS,BSSAVE
BKG00012375,CUS0000961,2024-09-24,OTA,GRPECO
BKG00012376,CUS0000192,2025-06-18,GDS,YOWRS
BKG00012377,CUS0003074,2026-01-07,OTA,WOWBUS
BKG00012378,CUS0003792,2025-10-03,MOB,YOWUS
BKG00012379,CUS0002638,2025-06-08,MOB,CLXBUS
BKG00012380,CUS0001351,2024-03-31,CTR,YOWUS
BKG00012381,CUS0004021,2024-01-12,AGT,YOWRS
BKG00012382,CUS0003424,2023-11-27,MOB,WOWBUS
BKG00012383,CUS0000512,2025-02-06,CTR,FLXFST
BKG00012384,CUS0000913,2024-01-10,OTA,YOWUS
BKG00012385,CUS0003924,2025-10-14,WEB,YOWUS
BKG00012386,CUS0003538,2024-02-25,GDS,YOWRS
BKG00012387,CUS0003255,2024-04-19,CTR,YOWUS
BKG00012388,CUS0001805,2023-07-09,GDS,GRPECO
BKG00012389,CUS0000473,2025-09-02,OTA,YOWUS
BKG00012390,CUS0002206,2025-08-30,WEB,YOWRS
BKG00012391,CUS0003770,2026-03-25,AGT,GRPECO
BKG00012392,CUS0003630,2023-07-16,CTR,FLXFST
BKG00012393,CUS0001661,2024-05-17,WEB,CLXBUS
BKG00012394,CUS0003379,2024-12-14,GDS,YOWUS
BKG00012395,CUS0004651,2024-12-17,CTR,FLXFST
BKG00012396,CUS0000399,2026-01-06,CTR,GRPECO
BKG00012397,CUS0002222,2025-10-02,CTR,FLXFST
BKG00012398,CUS0000568,2025-10-08,MOB,BSSAVE
BKG00012399,CUS0004957,2025-04-18,CTR,WOWBUS
BKG00012400,CUS0000151,2023-10-07,CTR,GRPECO
BKG00012401,CUS0004433,2024-07-07,CTR,CLXBUS
BKG00012402,CUS0003843,2024-02-15,GDS,BSSAVE
BKG00012403,CUS0002097,2023-12-02,MOB,GRPECO
BKG00012404,CUS0002853,2026-01-02,CTR,FLXFST
BKG00012405,CUS0004351,2024-02-10,AGT,FLXFST
BKG00012406,CUS0004407,2024-05-20,AGT,FLXFST
BKG00012407,CUS0001450,2025-03-17,GDS,CLXBUS
BKG00012408,CUS0004115,2024-07-04,MOB,WOWBUS
BKG00012409,CUS0000101,2025-01-14,WEB,GRPECO
BKG00012410,CUS0000531,2025-02-01,OTA,CLXBUS
BKG00012411,CUS0003999,2025-02-02,OTA,CLXSAV
BKG00012412,CUS0000131,2023-08-23,WEB,WOWBUS
BKG00012413,CUS0001771,2024-08-06,GDS,GRPECO
BKG00012414,CUS0001241,2026-05-05,AGT,YOWRS
BKG00012415,CUS0000538,2024-12-17,OTA,FLXFST
BKG00012416,CUS0003655,2025-09-30,AGT,YOWRS
BKG00012417,CUS0002270,2025-12-05,WEB,BSSAVE
BKG00012418,CUS0004381,2024-06-16,MOB,CLXBUS
BKG00012419,CUS0003324,2024-10-25,OTA,YOWRS
BKG00012420,CUS0001966,2024-06-12,GDS,YOWRS
BKG00012421,CUS0003442,2024-01-15,OTA,YOWUS
BKG00012422,CUS0004653,2025-09-18,OTA,BSSAVE
BKG00012423,CUS0001775,2024-07-14,AGT,YOWRS
BKG00012424,CUS0003062,2024-05-10,CTR,FLXFST
BKG00012425,CUS0001932,2024-12-12,GDS,YOWRS
BKG00012426,CUS0001825,2025-04-18,WEB,YOWRS
BKG00012427,CUS0002987,2025-07-25,WEB,YOWRS
BKG00012428,CUS0001977,2026-05-17,GDS,YOWUS
BKG00012429,CUS0000216,2025-08-21,OTA,GRPECO
BKG00012430,CUS0004868,2024-07-05,WEB,CLXBUS
BKG00012431,CUS0003541,2025-04-29,AGT,CLXBUS
BKG00012432,CUS0002306,2023-11-15,CTR,CLXBUS
BKG00012433,CUS0000492,2024-12-23,OTA,YOWRS
BKG00012434,CUS0002692,2026-05-03,WEB,WOWBUS
BKG00012435,CUS0002089,2024-07-30,MOB,GRPECO
BKG00012436,CUS0004586,2023-11-13,CTR,YOWRS
BKG00012437,CUS0000596,2024-12-04,CTR,BSSAVE
BKG00012438,CUS0003556,2025-12-24,CTR,YOWUS
BKG00012439,CUS0000173,2025-07-04,CTR,FLXFST
BKG00012440,CUS0000410,2023-05-27,AGT,FLXFST
BKG00012441,CUS0004282,2026-02-26,WEB,CLXBUS
BKG00012442,CUS0002526,2024-11-22,WEB,FLXFST
BKG00012443,CUS0003496,2024-06-25,AGT,FLXFST
BKG00012444,CUS0000787,2023-10-04,WEB,GRPECO
BKG00012445,CUS0003823,2024-04-30,AGT,BSSAVE
BKG00012446,CUS0004992,2024-09-10,OTA,BSSAVE
BKG00012447,CUS0000017,2024-11-19,GDS,GRPECO
BKG00012448,CUS0000411,2024-05-13,CTR,YOWUS
BKG00012449,CUS0002805,2023-07-24,AGT,CLXSAV
BKG00012450,CUS0004542,2024-08-30,MOB,CLXBUS
BKG00012451,CUS0000096,2024-11-30,OTA,GRPECO
BKG00012452,CUS0003970,2026-02-22,AGT,CLXSAV
BKG00012453,CUS0003967,2024-05-12,MOB,CLXBUS
BKG00012454,CUS0000056,2024-05-30,WEB,WOWBUS
BKG00012455,CUS0000482,2026-05-10,MOB,YOWRS
BKG00012456,CUS0002995,2024-09-24,WEB,FLXFST
BKG00012457,CUS0000757,2025-04-01,GDS,CLXSAV
BKG00012458,CUS0004830,2025-03-08,CTR,FLXFST
BKG00012459,CUS0001459,2024-12-17,MOB,CLXBUS
BKG00012460,CUS0002489,2025-05-03,AGT,GRPECO
BKG00012461,CUS0003436,2024-01-08,OTA,YOWRS
BKG00012462,CUS0004998,2025-03-16,OTA,CLXSAV
BKG00012463,CUS0004146,2026-04-20,MOB,BSSAVE
BKG00012464,CUS0002973,2024-03-09,WEB,YOWUS
BKG00012465,CUS0000678,2024-11-25,WEB,BSSAVE
BKG00012466,CUS0003306,2025-02-24,MOB,WOWBUS
BKG00012467,CUS0002150,2024-02-13,CTR,BSSAVE
BKG00012468,CUS0001188,2025-01-31,GDS,GRPECO
BKG00012469,CUS0003879,2024-12-02,WEB,CLXSAV
BKG00012470,CUS0004729,2025-09-06,OTA,BSSAVE
BKG00012471,CUS0003463,2024-10-22,CTR,BSSAVE
BKG00012472,CUS0001924,2025-10-28,CTR,CLXSAV
BKG00012473,CUS0003038,2025-01-17,OTA,WOWBUS
BKG00012474,CUS0002280,2024-01-09,OTA,BSSAVE
BKG00012475,CUS0000749,2026-03-15,MOB,YOWUS
BKG00012476,CUS0000961,2024-10-18,WEB,CLXSAV
BKG00012477,CUS0002777,2025-01-24,GDS,FLXFST
BKG00012478,CUS0004932,2026-03-13,OTA,YOWRS
BKG00012479,CUS0003037,2023-08-02,WEB,WOWBUS
BKG00012480,CUS0004471,2025-07-23,OTA,CLXSAV
BKG00012481,CUS0002036,2023-10-12,MOB,WOWBUS
BKG00012482,CUS0003855,2023-05-31,OTA,YOWUS
BKG00012483,CUS0004131,2025-10-14,MOB,GRPECO
BKG00012484,CUS0001985,2024-10-06,WEB,GRPECO
BKG00012485,CUS0002619,2025-04-09,MOB,CLXSAV
BKG00012486,CUS0001226,2025-10-01,AGT,WOWBUS
BKG00012487,CUS0001206,2025-07-15,OTA,WOWBUS
BKG00012488,CUS0002058,2023-08-09,AGT,BSSAVE
BKG00012489,CUS0000787,2023-06-08,AGT,WOWBUS
BKG00012490,CUS0004661,2024-09-10,OTA,GRPECO
BKG00012491,CUS0004720,2024-11-21,GDS,CLXSAV
BKG00012492,CUS0003582,2025-11-23,MOB,YOWUS
BKG00012493,CUS0004021,2025-07-13,MOB,WOWBUS
BKG00012494,CUS0003063,2025-07-27,WEB,YOWUS
BKG00012495,CUS0003444,2025-11-17,AGT,CLXBUS
BKG00012496,CUS0002669,2024-03-29,OTA,YOWUS
BKG00012497,CUS0002498,2024-07-25,CTR,BSSAVE
BKG00012498,CUS0002398,2023-09-26,WEB,GRPECO
BKG00012499,CUS0004433,2025-12-08,MOB,FLXFST
BKG00012500,CUS0001534,2025-12-09,OTA,CLXSAV
BKG00012501,CUS0004273,2025-01-27,GDS,BSSAVE
BKG00012502,CUS0004724,2023-09-01,MOB,GRPECO
BKG00012503,CUS0000191,2025-04-18,GDS,BSSAVE
BKG00012504,CUS0002959,2026-03-28,CTR,GRPECO
BKG00012505,CUS0001783,2025-02-21,GDS,YOWUS
BKG00012506,CUS0004290,2024-08-14,WEB,CLXSAV
BKG00012507,CUS0002885,2024-07-12,CTR,BSSAVE
BKG00012508,CUS0001114,2024-05-26,GDS,BSSAVE
BKG00012509,CUS0001662,2023-12-12,AGT,YOWRS
BKG00012510,CUS0003349,2025-12-21,GDS,CLXSAV
BKG00012511,CUS0000165,2023-06-02,WEB,YOWRS
BKG00012512,CUS0003032,2025-05-24,MOB,BSSAVE
BKG00012513,CUS0003681,2025-02-15,AGT,YOWUS
BKG00012514,CUS0001762,2024-10-08,OTA,YOWRS
BKG00012515,CUS0002340,2025-10-11,GDS,GRPECO
BKG00012516,CUS0002765,2023-12-16,GDS,FLXFST
BKG00012517,CUS0001733,2024-06-16,AGT,GRPECO
BKG00012518,CUS0000736,2024-08-11,MOB,GRPECO
BKG00012519,CUS0004835,2025-08-28,CTR,GRPECO
BKG00012520,CUS0000065,2025-11-30,CTR,YOWUS
BKG00012521,CUS0002727,2025-07-24,MOB,BSSAVE
BKG00012522,CUS0004421,2025-06-17,CTR,YOWRS
BKG00012523,CUS0001441,2025-05-21,AGT,BSSAVE
BKG00012524,CUS0001827,2024-07-15,AGT,FLXFST
BKG00012525,CUS0002705,2025-10-22,GDS,CLXSAV
BKG00012526,CUS0001600,2025-10-13,AGT,GRPECO
BKG00012527,CUS0003187,2024-11-05,OTA,CLXBUS
BKG00012528,CUS0002722,2024-06-25,WEB,BSSAVE
BKG00012529,CUS0002685,2025-09-05,GDS,BSSAVE
BKG00012530,CUS0001385,2024-11-21,MOB,YOWUS
BKG00012531,CUS0004438,2023-08-21,AGT,WOWBUS
BKG00012532,CUS0002299,2025-02-02,GDS,CLXBUS
BKG00012533,CUS0002203,2025-05-15,MOB,FLXFST
BKG00012534,CUS0001000,2026-03-30,MOB,YOWUS
BKG00012535,CUS0003667,2025-07-30,WEB,FLXFST
BKG00012536,CUS0000364,2023-09-07,AGT,FLXFST
BKG00012537,CUS0004672,2024-06-28,CTR,WOWBUS
BKG00012538,CUS0004958,2024-08-22,CTR,CLXBUS
BKG00012539,CUS0002785,2025-03-30,WEB,YOWUS
BKG00012540,CUS0003149,2024-07-12,AGT,WOWBUS
BKG00012541,CUS0004250,2026-04-13,AGT,BSSAVE
BKG00012542,CUS0001155,2025-11-17,WEB,FLXFST
BKG00012543,CUS0001194,2024-08-24,CTR,FLXFST
BKG00012544,CUS0000121,2026-02-16,OTA,BSSAVE
BKG00012545,CUS0003972,2024-11-21,CTR,CLXSAV
BKG00012546,CUS0004059,2025-11-26,WEB,YOWUS
BKG00012547,CUS0002011,2025-12-04,GDS,WOWBUS
BKG00012548,CUS0000103,2024-01-14,OTA,FLXFST
BKG00012549,CUS0004903,2024-07-05,OTA,FLXFST
BKG00012550,CUS0001444,2025-09-21,OTA,YOWUS
BKG00012551,CUS0004762,2026-02-24,GDS,CLXBUS
BKG00012552,CUS0000601,2024-11-11,MOB,WOWBUS
BKG00012553,CUS0002615,2025-12-04,MOB,YOWUS
BKG00012554,CUS0004493,2026-04-01,CTR,FLXFST
BKG00012555,CUS0000255,2026-03-22,CTR,YOWRS
BKG00012556,CUS0000752,2023-11-30,WEB,GRPECO
BKG00012557,CUS0000815,2023-07-29,OTA,BSSAVE
BKG00012558,CUS0001674,2025-03-30,AGT,FLXFST
BKG00012559,CUS0000211,2023-09-30,MOB,FLXFST
BKG00012560,CUS0004189,2024-11-09,WEB,CLXSAV
BKG00012561,CUS0004575,2026-03-18,AGT,CLXBUS
BKG00012562,CUS0002139,2024-05-13,OTA,WOWBUS
BKG00012563,CUS0003998,2024-08-03,MOB,YOWRS
BKG00012564,CUS0001626,2024-05-01,MOB,FLXFST
BKG00012565,CUS0004050,2024-05-19,GDS,FLXFST
BKG00012566,CUS0001741,2025-02-09,CTR,WOWBUS
BKG00012567,CUS0000596,2025-01-13,AGT,YOWRS
BKG00012568,CUS0004132,2025-05-31,WEB,CLXBUS
BKG00012569,CUS0001909,2023-11-02,CTR,CLXBUS
BKG00012570,CUS0001972,2026-04-01,WEB,GRPECO
BKG00012571,CUS0004670,2024-02-20,GDS,CLXSAV
BKG00012572,CUS0003079,2025-09-27,CTR,CLXBUS
BKG00012573,CUS0001447,2025-08-25,WEB,YOWRS
BKG00012574,CUS0004556,2023-09-24,WEB,YOWRS
BKG00012575,CUS0004306,2023-08-06,AGT,GRPECO
BKG00012576,CUS0002288,2026-04-23,GDS,BSSAVE
BKG00012577,CUS0004902,2025-04-05,WEB,WOWBUS
BKG00012578,CUS0000859,2025-10-30,WEB,BSSAVE
BKG00012579,CUS0003166,2023-09-15,OTA,GRPECO
BKG00012580,CUS0002533,2023-06-23,GDS,YOWUS
BKG00012581,CUS0001780,2025-08-13,WEB,BSSAVE
BKG00012582,CUS0001741,2024-06-22,WEB,BSSAVE
BKG00012583,CUS0000592,2025-07-27,GDS,YOWRS
BKG00012584,CUS0003669,2023-12-20,WEB,CLXBUS
BKG00012585,CUS0001456,2024-09-05,AGT,WOWBUS
BKG00012586,CUS0001152,2023-11-08,GDS,CLXSAV
BKG00012587,CUS0004309,2025-07-05,CTR,YOWRS
BKG00012588,CUS0000651,2025-10-20,CTR,CLXSAV
BKG00012589,CUS0001367,2024-08-05,WEB,FLXFST
BKG00012590,CUS0001792,2024-12-28,WEB,CLXBUS
BKG00012591,CUS0000954,2026-04-18,GDS,CLXSAV
BKG00012592,CUS0001068,2024-12-25,GDS,BSSAVE
BKG00012593,CUS0003247,2024-03-07,WEB,YOWRS
BKG00012594,CUS0000080,2024-02-29,CTR,CLXSAV
BKG00012595,CUS0001846,2024-11-20,WEB,YOWUS
BKG00012596,CUS0000153,2025-01-09,WEB,GRPECO
BKG00012597,CUS0004932,2025-01-31,AGT,BSSAVE
BKG00012598,CUS0002654,2024-02-06,WEB,WOWBUS
BKG00012599,CUS0003252,2025-12-27,AGT,BSSAVE
BKG00012600,CUS0001279,2024-12-12,MOB,YOWUS
BKG00012601,CUS0000616,2024-02-17,MOB,GRPECO
BKG00012602,CUS0000263,2026-04-09,MOB,YOWUS
BKG00012603,CUS0004635,2024-04-11,AGT,YOWRS
BKG00012604,CUS0004889,2023-05-29,OTA,YOWUS
BKG00012605,CUS0000613,2026-05-02,OTA,FLXFST
BKG00012606,CUS0003175,2024-12-11,WEB,WOWBUS
BKG00012607,CUS0003302,2024-04-30,WEB,GRPECO
BKG00012608,CUS0004058,2023-06-04,MOB,GRPECO
BKG00012609,CUS0001284,2024-11-11,WEB,CLXBUS
BKG00012610,CUS0002986,2023-10-05,WEB,YOWUS
BKG00012611,CUS0003555,2024-05-22,AGT,WOWBUS
BKG00012612,CUS0002875,2024-02-22,MOB,WOWBUS
BKG00012613,CUS0001695,2025-06-30,OTA,YOWUS
BKG00012614,CUS0000918,2023-06-11,GDS,BSSAVE
BKG00012615,CUS0003451,2025-07-11,MOB,CLXSAV
BKG00012616,CUS0000559,2025-06-24,WEB,CLXBUS
BKG00012617,CUS0004721,2024-03-05,OTA,FLXFST
BKG00012618,CUS0000980,2024-10-10,GDS,WOWBUS
BKG00012619,CUS0000291,2026-04-10,OTA,YOWRS
BKG00012620,CUS0002769,2026-04-22,WEB,WOWBUS
BKG00012621,CUS0001814,2024-09-04,AGT,BSSAVE
BKG00012622,CUS0000241,2025-02-05,CTR,FLXFST
BKG00012623,CUS0003631,2025-01-30,MOB,YOWUS
BKG00012624,CUS0004805,2024-01-21,MOB,CLXBUS
BKG00012625,CUS0000001,2024-02-05,GDS,CLXBUS
BKG00012626,CUS0000765,2024-05-21,AGT,WOWBUS
BKG00012627,CUS0002769,2023-07-27,CTR,FLXFST
BKG00012628,CUS0003399,2025-09-12,OTA,WOWBUS
BKG00012629,CUS0001938,2025-08-01,CTR,YOWUS
BKG00012630,CUS0001822,2025-01-17,GDS,WOWBUS
BKG00012631,CUS0004240,2023-11-20,OTA,GRPECO
BKG00012632,CUS0002277,2024-10-26,MOB,WOWBUS
BKG00012633,CUS0004957,2025-08-06,WEB,CLXSAV
BKG00012634,CUS0004132,2025-10-26,WEB,YOWUS
BKG00012635,CUS0000227,2024-01-29,CTR,CLXBUS
BKG00012636,CUS0000836,2024-10-20,GDS,BSSAVE
BKG00012637,CUS0003090,2023-08-06,GDS,CLXSAV
BKG00012638,CUS0000359,2025-06-02,WEB,CLXBUS
BKG00012639,CUS0003527,2023-10-13,CTR,WOWBUS
BKG00012640,CUS0000994,2024-03-13,OTA,FLXFST
BKG00012641,CUS0002972,2024-03-12,WEB,YOWUS
BKG00012642,CUS0001845,2024-03-31,CTR,CLXBUS
BKG00012643,CUS0003033,2025-12-03,OTA,CLXBUS
BKG00012644,CUS0003183,2024-11-02,AGT,CLXBUS
BKG00012645,CUS0001322,2025-12-12,WEB,YOWRS
BKG00012646,CUS0004113,2026-04-22,WEB,YOWUS
BKG00012647,CUS0001151,2025-05-11,MOB,BSSAVE
BKG00012648,CUS0000018,2024-09-29,WEB,FLXFST
BKG00012649,CUS0002852,2023-12-10,WEB,YOWUS
BKG00012650,CUS0003326,2024-04-25,AGT,YOWUS
BKG00012651,CUS0004865,2024-12-06,WEB,GRPECO
BKG00012652,CUS0002860,2025-04-29,WEB,GRPECO
BKG00012653,CUS0002815,2025-11-10,WEB,BSSAVE
BKG00012654,CUS0003194,2025-01-10,GDS,GRPECO
BKG00012655,CUS0002903,2024-12-15,WEB,CLXBUS
BKG00012656,CUS0003287,2025-11-13,WEB,FLXFST
BKG00012657,CUS0001307,2024-04-13,AGT,BSSAVE
BKG00012658,CUS0004221,2023-09-27,AGT,CLXBUS
BKG00012659,CUS0001608,2024-09-11,AGT,FLXFST
BKG00012660,CUS0002833,2025-12-15,GDS,GRPECO
BKG00012661,CUS0001349,2023-10-06,WEB,BSSAVE
BKG00012662,CUS0000029,2025-05-09,OTA,GRPECO
BKG00012663,CUS0000659,2023-08-16,WEB,WOWBUS
BKG00012664,CUS0003142,2025-05-11,AGT,CLXSAV
BKG00012665,CUS0001864,2025-05-30,OTA,GRPECO
BKG00012666,CUS0003086,2024-12-01,OTA,YOWRS
BKG00012667,CUS0002069,2026-02-24,OTA,BSSAVE
BKG00012668,CUS0003843,2025-05-20,WEB,GRPECO
BKG00012669,CUS0002421,2024-08-03,OTA,WOWBUS
BKG00012670,CUS0000528,2023-07-22,OTA,CLXSAV
BKG00012671,CUS0004756,2026-01-09,OTA,CLXSAV
BKG00012672,CUS0000126,2024-04-29,CTR,YOWUS
BKG00012673,CUS0000408,2025-01-16,MOB,YOWUS
BKG00012674,CUS0003495,2023-05-30,AGT,CLXSAV
BKG00012675,CUS0002499,2024-03-01,GDS,WOWBUS
BKG00012676,CUS0002582,2024-09-08,GDS,CLXBUS
BKG00012677,CUS0001108,2023-12-30,GDS,BSSAVE
BKG00012678,CUS0004862,2023-07-14,OTA,WOWBUS
BKG00012679,CUS0003382,2023-09-17,AGT,YOWRS
BKG00012680,CUS0000312,2023-10-07,CTR,YOWUS
BKG00012681,CUS0004633,2025-11-30,CTR,BSSAVE
BKG00012682,CUS0002139,2025-04-03,OTA,YOWUS
BKG00012683,CUS0004273,2026-04-07,WEB,CLXBUS
BKG00012684,CUS0003528,2023-07-12,AGT,CLXBUS
BKG00012685,CUS0003621,2023-12-20,WEB,BSSAVE
BKG00012686,CUS0001623,2024-10-01,GDS,YOWUS
BKG00012687,CUS0003602,2025-01-19,OTA,YOWRS
BKG00012688,CUS0004031,2023-12-31,WEB,FLXFST
BKG00012689,CUS0000105,2024-04-26,MOB,BSSAVE
BKG00012690,CUS0002974,2025-01-03,MOB,CLXSAV
BKG00012691,CUS0002647,2024-09-11,MOB,YOWRS
BKG00012692,CUS0001542,2023-08-03,OTA,YOWRS
BKG00012693,CUS0003688,2025-02-18,GDS,BSSAVE
BKG00012694,CUS0001530,2024-04-10,CTR,YOWUS
BKG00012695,CUS0004719,2025-07-30,OTA,CLXBUS
BKG00012696,CUS0000568,2025-02-21,GDS,CLXSAV
BKG00012697,CUS0002179,2024-04-09,AGT,YOWUS
BKG00012698,CUS0000789,2025-03-13,GDS,WOWBUS
BKG00012699,CUS0003680,2023-06-09,CTR,YOWUS
BKG00012700,CUS0002876,2024-12-24,CTR,CLXBUS
BKG00012701,CUS0004543,2025-06-12,MOB,YOWRS
BKG00012702,CUS0003651,2024-08-31,MOB,WOWBUS
BKG00012703,CUS0001731,2025-05-30,CTR,FLXFST
BKG00012704,CUS0000847,2023-07-27,WEB,BSSAVE
BKG00012705,CUS0004793,2025-04-07,GDS,CLXSAV
BKG00012706,CUS0003556,2025-02-24,WEB,BSSAVE
BKG00012707,CUS0000499,2025-05-28,GDS,CLXBUS
BKG00012708,CUS0003166,2023-08-10,OTA,FLXFST
BKG00012709,CUS0003929,2024-06-12,GDS,CLXBUS
BKG00012710,CUS0003798,2023-10-05,CTR,CLXSAV
BKG00012711,CUS0003133,2023-07-25,MOB,CLXSAV
BKG00012712,CUS0000392,2023-07-31,CTR,CLXBUS
BKG00012713,CUS0002892,2026-05-20,WEB,YOWRS
BKG00012714,CUS0002505,2024-10-17,MOB,BSSAVE
BKG00012715,CUS0002918,2023-11-26,GDS,YOWUS
BKG00012716,CUS0004753,2023-11-15,CTR,BSSAVE
BKG00012717,CUS0004216,2023-10-02,GDS,YOWRS
BKG00012718,CUS0000068,2026-03-25,MOB,CLXSAV
BKG00012719,CUS0002744,2024-02-15,WEB,CLXBUS
BKG00012720,CUS0001954,2025-06-24,CTR,BSSAVE
BKG00012721,CUS0002641,2025-05-03,AGT,CLXSAV
BKG00012722,CUS0001155,2025-03-31,WEB,WOWBUS
BKG00012723,CUS0001521,2023-11-06,AGT,FLXFST
BKG00012724,CUS0002764,2024-04-04,CTR,YOWRS
BKG00012725,CUS0004397,2025-07-24,WEB,YOWUS
BKG00012726,CUS0002859,2025-02-13,MOB,WOWBUS
BKG00012727,CUS0004954,2025-04-30,WEB,CLXSAV
BKG00012728,CUS0001596,2024-01-02,WEB,FLXFST
BKG00012729,CUS0004006,2025-11-14,MOB,YOWUS
BKG00012730,CUS0004435,2024-05-06,MOB,YOWUS
BKG00012731,CUS0001860,2026-02-06,CTR,CLXBUS
BKG00012732,CUS0000153,2025-10-08,WEB,FLXFST
BKG00012733,CUS0003890,2026-03-05,GDS,FLXFST
BKG00012734,CUS0004854,2024-03-31,MOB,YOWRS
BKG00012735,CUS0004766,2026-04-15,AGT,YOWRS
BKG00012736,CUS0000143,2026-03-25,OTA,YOWUS
BKG00012737,CUS0004011,2024-12-01,WEB,GRPECO
BKG00012738,CUS0000287,2025-09-30,CTR,CLXSAV
BKG00012739,CUS0003974,2025-03-22,OTA,CLXBUS
BKG00012740,CUS0002854,2024-11-07,AGT,CLXBUS
BKG00012741,CUS0000201,2024-12-05,GDS,YOWRS
BKG00012742,CUS0002535,2025-09-07,MOB,GRPECO
BKG00012743,CUS0003556,2023-09-04,GDS,WOWBUS
BKG00012744,CUS0004525,2023-12-14,AGT,CLXBUS
BKG00012745,CUS0002013,2025-07-21,WEB,CLXSAV
BKG00012746,CUS0003053,2024-07-10,GDS,GRPECO
BKG00012747,CUS0003479,2025-09-03,CTR,CLXSAV
BKG00012748,CUS0004911,2026-04-02,GDS,BSSAVE
BKG00012749,CUS0004614,2024-10-14,GDS,BSSAVE
BKG00012750,CUS0003351,2024-10-27,MOB,BSSAVE
BKG00012751,CUS0003899,2023-07-15,MOB,BSSAVE
BKG00012752,CUS0002167,2024-10-12,MOB,GRPECO
BKG00012753,CUS0000352,2025-03-26,MOB,YOWRS
BKG00012754,CUS0004678,2024-06-14,AGT,YOWUS
BKG00012755,CUS0002675,2024-12-24,GDS,FLXFST
BKG00012756,CUS0002631,2024-05-08,AGT,YOWRS
BKG00012757,CUS0002176,2023-06-01,WEB,WOWBUS
BKG00012758,CUS0002525,2026-04-28,MOB,YOWUS
BKG00012759,CUS0003673,2025-02-22,GDS,WOWBUS
BKG00012760,CUS0001232,2025-04-10,CTR,GRPECO
BKG00012761,CUS0003152,2025-08-14,AGT,YOWRS
BKG00012762,CUS0003535,2025-04-09,WEB,CLXSAV
BKG00012763,CUS0000711,2024-05-03,CTR,YOWRS
BKG00012764,CUS0003857,2025-10-11,WEB,BSSAVE
BKG00012765,CUS0002196,2024-08-23,MOB,WOWBUS
BKG00012766,CUS0003505,2023-09-15,AGT,WOWBUS
BKG00012767,CUS0003617,2023-09-21,OTA,WOWBUS
BKG00012768,CUS0003789,2023-06-30,MOB,YOWUS
BKG00012769,CUS0000552,2026-02-01,MOB,YOWRS
BKG00012770,CUS0004306,2025-04-06,OTA,WOWBUS
BKG00012771,CUS0002354,2024-03-31,WEB,WOWBUS
BKG00012772,CUS0002822,2026-03-18,AGT,GRPECO
BKG00012773,CUS0000978,2024-09-11,GDS,BSSAVE
BKG00012774,CUS0003392,2024-01-08,WEB,YOWRS
BKG00012775,CUS0000891,2025-12-01,AGT,CLXBUS
BKG00012776,CUS0003779,2024-07-23,GDS,BSSAVE
BKG00012777,CUS0000207,2025-01-01,GDS,WOWBUS
BKG00012778,CUS0002092,2024-08-14,GDS,GRPECO
BKG00012779,CUS0001876,2023-09-22,AGT,CLXSAV
BKG00012780,CUS0002557,2023-10-16,WEB,CLXBUS
BKG00012781,CUS0002652,2025-06-22,OTA,FLXFST
BKG00012782,CUS0002502,2023-11-18,GDS,WOWBUS
BKG00012783,CUS0000527,2024-05-17,AGT,YOWRS
BKG00012784,CUS0003248,2025-10-23,CTR,CLXSAV
BKG00012785,CUS0004854,2024-03-16,MOB,FLXFST
BKG00012786,CUS0003297,2025-09-16,MOB,GRPECO
BKG00012787,CUS0000155,2025-01-21,WEB,CLXBUS
BKG00012788,CUS0001832,2024-04-23,CTR,WOWBUS
BKG00012789,CUS0000372,2023-08-19,WEB,CLXBUS
BKG00012790,CUS0004482,2025-07-14,AGT,CLXSAV
BKG00012791,CUS0003883,2026-04-03,CTR,YOWRS
BKG00012792,CUS0003315,2024-12-06,OTA,FLXFST
BKG00012793,CUS0000081,2025-07-14,CTR,YOWUS
BKG00012794,CUS0002168,2023-12-22,WEB,YOWUS
BKG00012795,CUS0001064,2024-11-19,OTA,CLXBUS
BKG00012796,CUS0003295,2025-11-07,AGT,BSSAVE
BKG00012797,CUS0004553,2024-01-03,CTR,BSSAVE
BKG00012798,CUS0003541,2026-01-12,WEB,GRPECO
BKG00012799,CUS0001682,2025-08-12,OTA,FLXFST
BKG00012800,CUS0000279,2023-12-31,CTR,GRPECO
BKG00012801,CUS0001783,2025-08-13,GDS,WOWBUS
BKG00012802,CUS0000641,2023-11-23,OTA,WOWBUS
BKG00012803,CUS0000768,2024-02-03,CTR,YOWRS
BKG00012804,CUS0001557,2023-12-29,GDS,BSSAVE
BKG00012805,CUS0001243,2025-08-10,CTR,WOWBUS
BKG00012806,CUS0004261,2023-09-02,AGT,YOWUS
BKG00012807,CUS0002503,2025-03-21,OTA,YOWUS
BKG00012808,CUS0001878,2023-11-22,WEB,WOWBUS
BKG00012809,CUS0002271,2026-04-11,CTR,YOWRS
BKG00012810,CUS0000663,2025-08-27,GDS,CLXBUS
BKG00012811,CUS0004015,2024-02-05,GDS,CLXBUS
BKG00012812,CUS0004757,2026-03-19,MOB,GRPECO
BKG00012813,CUS0001619,2024-04-18,CTR,FLXFST
BKG00012814,CUS0004547,2024-04-08,WEB,WOWBUS
BKG00012815,CUS0001916,2024-02-05,AGT,GRPECO
BKG00012816,CUS0001078,2025-10-23,AGT,BSSAVE
BKG00012817,CUS0003993,2024-06-28,AGT,YOWRS
BKG00012818,CUS0004574,2026-03-10,WEB,CLXSAV
BKG00012819,CUS0002830,2023-11-17,MOB,BSSAVE
BKG00012820,CUS0002991,2025-11-04,AGT,WOWBUS
BKG00012821,CUS0000280,2024-07-29,MOB,YOWRS
BKG00012822,CUS0001640,2025-01-13,GDS,GRPECO
BKG00012823,CUS0000520,2023-05-28,GDS,YOWUS
BKG00012824,CUS0001954,2026-05-18,MOB,CLXBUS
BKG00012825,CUS0000596,2023-06-01,AGT,GRPECO
BKG00012826,CUS0004269,2025-06-06,GDS,FLXFST
BKG00012827,CUS0000110,2025-10-01,MOB,GRPECO
BKG00012828,CUS0002538,2026-03-03,CTR,YOWUS
BKG00012829,CUS0003868,2024-10-19,MOB,FLXFST
BKG00012830,CUS0002056,2023-11-09,CTR,YOWRS
BKG00012831,CUS0000032,2025-08-15,OTA,YOWUS
BKG00012832,CUS0002034,2023-11-05,CTR,YOWRS
BKG00012833,CUS0003420,2024-10-15,GDS,YOWRS
BKG00012834,CUS0001423,2025-04-30,CTR,WOWBUS
BKG00012835,CUS0003640,2025-06-16,CTR,WOWBUS
BKG00012836,CUS0004930,2024-12-05,AGT,CLXSAV
BKG00012837,CUS0004648,2023-07-17,MOB,YOWUS
BKG00012838,CUS0004557,2024-07-19,MOB,BSSAVE
BKG00012839,CUS0003671,2023-10-06,AGT,YOWRS
BKG00012840,CUS0002244,2023-11-09,GDS,CLXSAV
BKG00012841,CUS0002048,2026-01-09,CTR,CLXSAV
BKG00012842,CUS0002008,2023-06-15,GDS,BSSAVE
BKG00012843,CUS0001991,2024-10-13,MOB,YOWUS
BKG00012844,CUS0003594,2023-06-04,MOB,CLXBUS
BKG00012845,CUS0004192,2025-07-05,GDS,YOWRS
BKG00012846,CUS0000701,2025-08-10,OTA,FLXFST
BKG00012847,CUS0001305,2024-04-28,MOB,YOWUS
BKG00012848,CUS0003186,2023-11-22,GDS,YOWUS
BKG00012849,CUS0000529,2024-02-15,AGT,CLXBUS
BKG00012850,CUS0003160,2025-01-27,GDS,YOWUS
BKG00012851,CUS0000694,2025-12-14,OTA,YOWRS
BKG00012852,CUS0001233,2024-02-11,CTR,YOWUS
BKG00012853,CUS0002092,2023-12-23,OTA,GRPECO
BKG00012854,CUS0000862,2024-03-27,MOB,YOWUS
BKG00012855,CUS0004603,2025-11-05,MOB,FLXFST
BKG00012856,CUS0001050,2025-03-14,OTA,GRPECO
BKG00012857,CUS0002520,2025-02-19,CTR,CLXSAV
BKG00012858,CUS0003299,2025-09-20,MOB,WOWBUS
BKG00012859,CUS0003676,2025-06-11,CTR,FLXFST
BKG00012860,CUS0000576,2026-03-31,GDS,WOWBUS
BKG00012861,CUS0001065,2023-12-13,GDS,GRPECO
BKG00012862,CUS0003337,2025-11-13,WEB,FLXFST
BKG00012863,CUS0001543,2024-04-14,CTR,CLXSAV
BKG00012864,CUS0000543,2025-02-19,AGT,WOWBUS
BKG00012865,CUS0003340,2024-06-12,CTR,YOWUS
BKG00012866,CUS0003496,2023-12-03,OTA,GRPECO
BKG00012867,CUS0002391,2025-06-08,WEB,FLXFST
BKG00012868,CUS0004864,2025-07-29,CTR,CLXBUS
BKG00012869,CUS0001797,2025-04-03,GDS,FLXFST
BKG00012870,CUS0001997,2025-09-19,AGT,WOWBUS
BKG00012871,CUS0003897,2023-08-21,AGT,CLXSAV
BKG00012872,CUS0003412,2025-09-24,WEB,CLXBUS
BKG00012873,CUS0002897,2026-03-10,MOB,CLXSAV
BKG00012874,CUS0003948,2025-07-20,GDS,GRPECO
BKG00012875,CUS0004063,2026-05-19,CTR,CLXSAV
BKG00012876,CUS0004611,2025-08-15,MOB,CLXBUS
BKG00012877,CUS0002779,2025-10-10,CTR,WOWBUS
BKG00012878,CUS0003392,2023-12-09,WEB,WOWBUS
BKG00012879,CUS0003603,2026-02-27,OTA,CLXBUS
BKG00012880,CUS0004435,2024-04-19,CTR,BSSAVE
BKG00012881,CUS0001558,2025-12-31,CTR,FLXFST
BKG00012882,CUS0000308,2023-08-19,OTA,BSSAVE
BKG00012883,CUS0002201,2023-08-08,OTA,CLXSAV
BKG00012884,CUS0000036,2024-11-24,MOB,CLXSAV
BKG00012885,CUS0003195,2024-01-06,GDS,YOWUS
BKG00012886,CUS0001274,2024-01-23,WEB,GRPECO
BKG00012887,CUS0004236,2024-05-23,MOB,CLXSAV
BKG00012888,CUS0004815,2025-07-27,CTR,YOWRS
BKG00012889,CUS0003261,2025-10-30,WEB,YOWUS
BKG00012890,CUS0001919,2024-01-27,GDS,FLXFST
BKG00012891,CUS0001707,2024-08-24,MOB,CLXBUS
BKG00012892,CUS0000021,2023-09-15,MOB,YOWUS
BKG00012893,CUS0002491,2024-01-29,MOB,GRPECO
BKG00012894,CUS0002093,2026-02-10,WEB,BSSAVE
BKG00012895,CUS0003581,2024-12-23,CTR,YOWUS
BKG00012896,CUS0004199,2025-03-06,AGT,FLXFST
BKG00012897,CUS0002612,2024-03-22,OTA,YOWRS
BKG00012898,CUS0000125,2025-05-08,CTR,FLXFST
BKG00012899,CUS0000833,2024-06-21,CTR,GRPECO
BKG00012900,CUS0000026,2025-06-13,GDS,WOWBUS
BKG00012901,CUS0001693,2025-02-13,AGT,YOWRS
BKG00012902,CUS0001925,2023-12-29,MOB,CLXBUS
BKG00012903,CUS0000265,2025-03-27,MOB,GRPECO
BKG00012904,CUS0003008,2025-03-04,CTR,CLXBUS
BKG00012905,CUS0001488,2023-09-06,OTA,YOWUS
BKG00012906,CUS0000541,2025-07-25,GDS,CLXSAV
BKG00012907,CUS0003673,2024-09-01,OTA,CLXSAV
BKG00012908,CUS0002617,2023-08-01,GDS,CLXBUS
BKG00012909,CUS0004272,2026-02-12,GDS,WOWBUS
BKG00012910,CUS0001217,2025-07-07,CTR,YOWRS
BKG00012911,CUS0000089,2026-05-13,AGT,GRPECO
BKG00012912,CUS0000027,2023-08-06,OTA,FLXFST
BKG00012913,CUS0000486,2025-09-07,OTA,CLXSAV
BKG00012914,CUS0003923,2025-06-29,MOB,CLXBUS
BKG00012915,CUS0000949,2026-03-28,WEB,FLXFST
BKG00012916,CUS0000055,2024-03-21,WEB,FLXFST
BKG00012917,CUS0003110,2025-05-09,WEB,FLXFST
BKG00012918,CUS0000548,2023-09-06,AGT,CLXSAV
BKG00012919,CUS0001587,2023-10-21,WEB,GRPECO
BKG00012920,CUS0003101,2025-01-07,GDS,YOWUS
BKG00012921,CUS0001348,2023-09-15,OTA,CLXBUS
BKG00012922,CUS0003069,2025-06-23,GDS,GRPECO
BKG00012923,CUS0004833,2024-06-25,WEB,YOWRS
BKG00012924,CUS0002404,2023-11-26,MOB,WOWBUS
BKG00012925,CUS0003171,2024-06-06,CTR,GRPECO
BKG00012926,CUS0002689,2024-12-10,GDS,CLXSAV
BKG00012927,CUS0002966,2026-05-03,OTA,FLXFST
BKG00012928,CUS0000137,2026-02-24,GDS,WOWBUS
BKG00012929,CUS0002199,2024-01-20,MOB,FLXFST
BKG00012930,CUS0000176,2025-04-19,OTA,WOWBUS
BKG00012931,CUS0001929,2023-06-02,CTR,BSSAVE
BKG00012932,CUS0002542,2023-06-21,CTR,FLXFST
BKG00012933,CUS0004821,2025-08-21,GDS,FLXFST
BKG00012934,CUS0000412,2025-06-01,CTR,YOWRS
BKG00012935,CUS0004210,2025-07-23,GDS,CLXSAV
BKG00012936,CUS0004240,2023-06-06,CTR,YOWUS
BKG00012937,CUS0002363,2024-04-20,WEB,CLXBUS
BKG00012938,CUS0000161,2024-03-04,MOB,FLXFST
BKG00012939,CUS0001828,2024-08-06,OTA,GRPECO
BKG00012940,CUS0002131,2023-06-04,OTA,YOWRS
BKG00012941,CUS0001132,2026-04-18,AGT,FLXFST
BKG00012942,CUS0000991,2025-11-13,CTR,WOWBUS
BKG00012943,CUS0003688,2025-06-14,CTR,YOWUS
BKG00012944,CUS0001350,2023-11-10,MOB,WOWBUS
BKG00012945,CUS0000181,2025-03-05,CTR,CLXBUS
BKG00012946,CUS0002411,2024-03-08,MOB,YOWRS
BKG00012947,CUS0001338,2025-08-25,WEB,WOWBUS
BKG00012948,CUS0002251,2024-05-30,AGT,CLXSAV
BKG00012949,CUS0002707,2024-07-23,GDS,YOWUS
BKG00012950,CUS0000336,2025-07-02,GDS,BSSAVE
BKG00012951,CUS0002807,2024-10-31,GDS,FLXFST
BKG00012952,CUS0004564,2024-09-19,GDS,BSSAVE
BKG00012953,CUS0002045,2025-08-31,WEB,FLXFST
BKG00012954,CUS0001719,2023-06-25,GDS,CLXSAV
BKG00012955,CUS0003660,2023-06-02,CTR,WOWBUS
BKG00012956,CUS0003622,2024-01-09,AGT,YOWRS
BKG00012957,CUS0003034,2025-12-26,WEB,YOWUS
BKG00012958,CUS0002334,2023-10-15,WEB,WOWBUS
BKG00012959,CUS0003269,2024-07-17,GDS,GRPECO
BKG00012960,CUS0003959,2025-03-26,GDS,GRPECO
BKG00012961,CUS0004967,2025-07-05,OTA,WOWBUS
BKG00012962,CUS0001054,2024-02-05,AGT,BSSAVE
BKG00012963,CUS0002223,2025-02-16,CTR,FLXFST
BKG00012964,CUS0003928,2023-06-17,MOB,GRPECO
BKG00012965,CUS0000652,2025-09-08,CTR,FLXFST
BKG00012966,CUS0003864,2025-10-04,OTA,CLXSAV
BKG00012967,CUS0003700,2025-03-09,CTR,YOWRS
BKG00012968,CUS0001083,2023-08-19,WEB,CLXBUS
BKG00012969,CUS0002741,2023-09-21,OTA,YOWUS
BKG00012970,CUS0001338,2025-01-19,CTR,CLXBUS
BKG00012971,CUS0002443,2023-07-03,MOB,BSSAVE
BKG00012972,CUS0003089,2025-06-07,CTR,GRPECO
BKG00012973,CUS0003307,2023-12-18,CTR,CLXBUS
BKG00012974,CUS0000992,2024-02-29,MOB,FLXFST
BKG00012975,CUS0003170,2024-04-12,GDS,CLXBUS
BKG00012976,CUS0004473,2025-07-30,CTR,FLXFST
BKG00012977,CUS0004147,2025-12-05,CTR,FLXFST
BKG00012978,CUS0004936,2025-04-17,WEB,GRPECO
BKG00012979,CUS0004246,2023-07-21,GDS,WOWBUS
BKG00012980,CUS0004628,2025-09-17,WEB,CLXBUS
BKG00012981,CUS0001002,2026-01-08,CTR,WOWBUS
BKG00012982,CUS0002651,2024-10-31,CTR,YOWUS
BKG00012983,CUS0002338,2024-01-02,CTR,YOWUS
BKG00012984,CUS0002306,2023-07-27,OTA,CLXBUS
BKG00012985,CUS0003822,2026-01-21,OTA,BSSAVE
BKG00012986,CUS0003753,2026-04-11,WEB,GRPECO
BKG00012987,CUS0001129,2025-12-27,OTA,CLXBUS
BKG00012988,CUS0002234,2025-07-28,OTA,BSSAVE
BKG00012989,CUS0003936,2023-11-06,CTR,FLXFST
BKG00012990,CUS0000523,2023-11-20,WEB,CLXSAV
BKG00012991,CUS0002069,2026-02-03,GDS,BSSAVE
BKG00012992,CUS0004503,2024-09-14,GDS,CLXBUS
BKG00012993,CUS0000450,2026-01-11,GDS,CLXSAV
BKG00012994,CUS0000741,2023-08-11,CTR,WOWBUS
BKG00012995,CUS0001016,2026-02-18,OTA,FLXFST
BKG00012996,CUS0000060,2023-08-03,MOB,GRPECO
BKG00012997,CUS0004474,2023-10-14,MOB,YOWUS
BKG00012998,CUS0001871,2025-09-24,OTA,FLXFST
BKG00012999,CUS0004287,2025-04-21,CTR,YOWRS
BKG00013000,CUS0000153,2023-10-10,CTR,CLXSAV
BKG00013001,CUS0004383,2023-08-25,GDS,GRPECO
BKG00013002,CUS0003761,2025-12-18,WEB,GRPECO
BKG00013003,CUS0002935,2023-11-19,WEB,YOWRS
BKG00013004,CUS0001568,2024-03-02,CTR,WOWBUS
BKG00013005,CUS0004921,2026-02-01,AGT,BSSAVE
BKG00013006,CUS0002641,2025-03-05,GDS,GRPECO
BKG00013007,CUS0003917,2026-02-27,AGT,CLXBUS
BKG00013008,CUS0003232,2025-04-05,MOB,YOWRS
BKG00013009,CUS0003926,2025-02-01,GDS,YOWRS
BKG00013010,CUS0004250,2023-09-15,GDS,BSSAVE
BKG00013011,CUS0003329,2025-09-17,GDS,GRPECO
BKG00013012,CUS0004322,2023-11-21,GDS,YOWRS
BKG00013013,CUS0003308,2025-10-04,MOB,WOWBUS
BKG00013014,CUS0004602,2024-02-06,GDS,WOWBUS
BKG00013015,CUS0004376,2025-08-15,WEB,WOWBUS
BKG00013016,CUS0000085,2026-05-07,MOB,BSSAVE
BKG00013017,CUS0003360,2026-04-29,MOB,CLXBUS
BKG00013018,CUS0004225,2024-03-16,GDS,CLXBUS
BKG00013019,CUS0000224,2026-03-21,CTR,CLXBUS
BKG00013020,CUS0003297,2023-10-05,GDS,CLXSAV
BKG00013021,CUS0002268,2023-06-17,CTR,GRPECO
BKG00013022,CUS0003707,2026-05-08,WEB,CLXSAV
BKG00013023,CUS0001844,2024-04-08,GDS,CLXBUS
BKG00013024,CUS0002204,2023-10-24,MOB,CLXBUS
BKG00013025,CUS0004614,2025-10-31,AGT,CLXSAV
BKG00013026,CUS0002354,2024-04-08,WEB,BSSAVE
BKG00013027,CUS0000893,2025-12-07,AGT,GRPECO
BKG00013028,CUS0003116,2025-10-07,MOB,YOWUS
BKG00013029,CUS0004431,2026-01-20,AGT,YOWUS
BKG00013030,CUS0000625,2026-02-27,AGT,BSSAVE
BKG00013031,CUS0004351,2023-09-16,CTR,WOWBUS
BKG00013032,CUS0002087,2023-06-15,CTR,BSSAVE
BKG00013033,CUS0004364,2026-04-21,WEB,YOWUS
BKG00013034,CUS0004827,2024-06-03,MOB,YOWUS
BKG00013035,CUS0002912,2024-10-04,MOB,FLXFST
BKG00013036,CUS0002633,2025-06-12,WEB,CLXBUS
BKG00013037,CUS0002908,2024-09-20,GDS,FLXFST
BKG00013038,CUS0003431,2023-11-19,CTR,YOWUS
BKG00013039,CUS0000315,2024-03-04,WEB,BSSAVE
BKG00013040,CUS0001790,2024-04-21,MOB,YOWRS
BKG00013041,CUS0002590,2023-08-30,MOB,CLXBUS
BKG00013042,CUS0000120,2024-10-16,OTA,YOWRS
BKG00013043,CUS0002567,2026-03-13,AGT,GRPECO
BKG00013044,CUS0002680,2025-07-04,CTR,CLXBUS
BKG00013045,CUS0001192,2025-04-18,GDS,FLXFST
BKG00013046,CUS0004238,2023-05-26,GDS,YOWRS
BKG00013047,CUS0001430,2025-06-19,GDS,GRPECO
BKG00013048,CUS0004675,2024-05-10,AGT,WOWBUS
BKG00013049,CUS0001979,2024-05-22,MOB,WOWBUS
BKG00013050,CUS0002693,2023-05-29,GDS,CLXBUS
BKG00013051,CUS0001268,2023-09-18,WEB,YOWRS
BKG00013052,CUS0004518,2026-02-01,OTA,CLXBUS
BKG00013053,CUS0002626,2026-01-09,GDS,FLXFST
BKG00013054,CUS0003099,2024-03-04,WEB,FLXFST
BKG00013055,CUS0001436,2025-09-27,CTR,CLXSAV
BKG00013056,CUS0000435,2025-06-23,AGT,FLXFST
BKG00013057,CUS0002305,2026-01-29,WEB,YOWUS
BKG00013058,CUS0001752,2026-02-16,WEB,CLXBUS
BKG00013059,CUS0000517,2023-12-26,AGT,GRPECO
BKG00013060,CUS0002013,2026-01-01,AGT,BSSAVE
BKG00013061,CUS0003342,2023-09-11,OTA,BSSAVE
BKG00013062,CUS0001737,2024-06-12,OTA,FLXFST
BKG00013063,CUS0003027,2023-11-12,AGT,CLXSAV
BKG00013064,CUS0002306,2023-07-26,GDS,YOWRS
BKG00013065,CUS0001045,2024-04-30,AGT,YOWUS
BKG00013066,CUS0001806,2023-10-16,CTR,CLXBUS
BKG00013067,CUS0003370,2025-01-09,GDS,BSSAVE
BKG00013068,CUS0003569,2024-03-21,OTA,CLXBUS
BKG00013069,CUS0000425,2023-06-30,WEB,BSSAVE
BKG00013070,CUS0004180,2026-01-31,CTR,YOWRS
BKG00013071,CUS0002459,2025-12-11,AGT,WOWBUS
BKG00013072,CUS0002736,2025-09-14,MOB,CLXSAV
BKG00013073,CUS0002148,2024-08-07,MOB,CLXSAV
BKG00013074,CUS0003521,2023-08-17,MOB,FLXFST
BKG00013075,CUS0000020,2025-07-11,GDS,YOWRS
BKG00013076,CUS0002033,2025-03-11,CTR,CLXBUS
BKG00013077,CUS0003725,2024-04-08,OTA,YOWRS
BKG00013078,CUS0002006,2023-07-27,AGT,CLXBUS
BKG00013079,CUS0000356,2026-05-17,GDS,CLXBUS
BKG00013080,CUS0000723,2026-04-22,CTR,CLXSAV
BKG00013081,CUS0000152,2025-12-05,OTA,BSSAVE
BKG00013082,CUS0002134,2026-01-23,WEB,CLXSAV
BKG00013083,CUS0002583,2024-06-09,OTA,FLXFST
BKG00013084,CUS0002879,2025-02-07,WEB,BSSAVE
BKG00013085,CUS0000488,2024-08-05,GDS,YOWUS
BKG00013086,CUS0003529,2026-03-22,WEB,YOWRS
BKG00013087,CUS0002858,2024-09-25,CTR,GRPECO
BKG00013088,CUS0001791,2025-10-14,AGT,GRPECO
BKG00013089,CUS0001275,2025-09-28,OTA,WOWBUS
BKG00013090,CUS0000009,2024-11-03,MOB,YOWRS
BKG00013091,CUS0002586,2025-03-20,CTR,CLXBUS
BKG00013092,CUS0003102,2025-11-28,OTA,WOWBUS
BKG00013093,CUS0004882,2024-03-21,OTA,CLXBUS
BKG00013094,CUS0001047,2024-07-24,CTR,YOWUS
BKG00013095,CUS0002625,2024-07-03,OTA,YOWUS
BKG00013096,CUS0000502,2023-07-21,CTR,BSSAVE
BKG00013097,CUS0001727,2025-04-05,WEB,CLXSAV
BKG00013098,CUS0000392,2025-07-15,GDS,GRPECO
BKG00013099,CUS0001991,2025-09-06,WEB,CLXSAV
BKG00013100,CUS0001548,2024-10-11,CTR,YOWUS
BKG00013101,CUS0000311,2025-09-03,MOB,CLXBUS
BKG00013102,CUS0001714,2025-03-06,MOB,BSSAVE
BKG00013103,CUS0003182,2026-03-28,MOB,YOWUS
BKG00013104,CUS0002711,2023-11-08,AGT,CLXSAV
BKG00013105,CUS0003013,2026-05-10,AGT,CLXSAV
BKG00013106,CUS0003135,2025-08-31,MOB,CLXBUS
BKG00013107,CUS0004973,2025-12-12,GDS,CLXSAV
BKG00013108,CUS0003151,2024-06-15,OTA,GRPECO
BKG00013109,CUS0004476,2023-11-26,AGT,WOWBUS
BKG00013110,CUS0001880,2025-10-18,CTR,WOWBUS
BKG00013111,CUS0004935,2024-01-21,CTR,CLXBUS
BKG00013112,CUS0001701,2025-11-18,WEB,YOWUS
BKG00013113,CUS0004738,2024-04-01,AGT,CLXSAV
BKG00013114,CUS0000651,2023-09-23,CTR,CLXSAV
BKG00013115,CUS0003645,2025-11-11,CTR,GRPECO
BKG00013116,CUS0004348,2026-05-08,MOB,YOWUS
BKG00013117,CUS0004636,2025-07-24,OTA,GRPECO
BKG00013118,CUS0001476,2023-12-17,AGT,WOWBUS
BKG00013119,CUS0004948,2025-03-19,GDS,WOWBUS
BKG00013120,CUS0000100,2026-03-01,AGT,YOWRS
BKG00013121,CUS0004595,2024-04-16,CTR,FLXFST
BKG00013122,CUS0002961,2023-07-27,AGT,CLXBUS
BKG00013123,CUS0003312,2024-03-13,AGT,YOWUS
BKG00013124,CUS0003694,2024-11-01,OTA,CLXSAV
BKG00013125,CUS0003437,2025-12-11,MOB,CLXSAV
BKG00013126,CUS0003090,2025-10-24,AGT,GRPECO
BKG00013127,CUS0000030,2024-07-01,MOB,BSSAVE
BKG00013128,CUS0003666,2026-04-20,WEB,GRPECO
BKG00013129,CUS0002922,2023-06-02,CTR,GRPECO
BKG00013130,CUS0002689,2026-04-26,WEB,YOWUS
BKG00013131,CUS0001083,2023-11-09,WEB,GRPECO
BKG00013132,CUS0002797,2024-01-20,AGT,BSSAVE
BKG00013133,CUS0000374,2024-05-13,OTA,FLXFST
BKG00013134,CUS0004796,2025-03-29,WEB,GRPECO
BKG00013135,CUS0002356,2023-10-23,MOB,YOWUS
BKG00013136,CUS0003268,2025-03-14,OTA,CLXBUS
BKG00013137,CUS0003933,2025-01-26,GDS,WOWBUS
BKG00013138,CUS0001375,2023-07-22,WEB,BSSAVE
BKG00013139,CUS0002441,2024-04-07,AGT,CLXBUS
BKG00013140,CUS0002203,2024-05-01,WEB,GRPECO
BKG00013141,CUS0001930,2024-06-15,AGT,YOWRS
BKG00013142,CUS0004704,2025-10-18,GDS,YOWRS
BKG00013143,CUS0004436,2025-04-24,AGT,YOWUS
BKG00013144,CUS0000990,2026-04-06,WEB,BSSAVE
BKG00013145,CUS0000475,2025-11-08,MOB,FLXFST
BKG00013146,CUS0004001,2026-04-24,MOB,YOWRS
BKG00013147,CUS0003235,2023-06-16,CTR,CLXBUS
BKG00013148,CUS0001027,2026-05-15,GDS,YOWRS
BKG00013149,CUS0003214,2024-09-21,GDS,FLXFST
BKG00013150,CUS0002250,2026-04-03,GDS,YOWRS
BKG00013151,CUS0000240,2025-08-21,GDS,WOWBUS
BKG00013152,CUS0002840,2025-07-11,MOB,GRPECO
BKG00013153,CUS0002799,2025-02-17,GDS,CLXSAV
BKG00013154,CUS0001108,2023-10-15,AGT,YOWUS
BKG00013155,CUS0004455,2024-10-31,MOB,YOWRS
BKG00013156,CUS0001580,2025-03-05,WEB,YOWUS
BKG00013157,CUS0000617,2026-05-21,AGT,FLXFST
BKG00013158,CUS0000656,2024-10-21,AGT,WOWBUS
BKG00013159,CUS0001463,2024-03-29,WEB,CLXSAV
BKG00013160,CUS0001298,2026-02-27,CTR,YOWUS
BKG00013161,CUS0000487,2023-10-28,GDS,CLXBUS
BKG00013162,CUS0000570,2023-12-24,AGT,FLXFST
BKG00013163,CUS0003093,2024-04-06,AGT,CLXBUS
BKG00013164,CUS0001727,2024-08-26,WEB,FLXFST
BKG00013165,CUS0000199,2023-09-20,OTA,BSSAVE
BKG00013166,CUS0004557,2024-10-20,AGT,WOWBUS
BKG00013167,CUS0000790,2025-06-17,GDS,GRPECO
BKG00013168,CUS0001150,2025-06-04,MOB,BSSAVE
BKG00013169,CUS0002464,2024-11-02,GDS,CLXBUS
BKG00013170,CUS0002301,2023-06-04,GDS,YOWRS
BKG00013171,CUS0000313,2023-11-15,GDS,YOWUS
BKG00013172,CUS0003224,2024-06-26,WEB,FLXFST
BKG00013173,CUS0003721,2026-04-13,AGT,WOWBUS
BKG00013174,CUS0004026,2026-04-28,GDS,BSSAVE
BKG00013175,CUS0000594,2026-02-15,OTA,YOWRS
BKG00013176,CUS0004452,2026-05-15,WEB,YOWUS
BKG00013177,CUS0000492,2024-07-14,GDS,BSSAVE
BKG00013178,CUS0004982,2023-12-02,WEB,CLXBUS
BKG00013179,CUS0003858,2025-02-22,CTR,YOWUS
BKG00013180,CUS0000858,2025-10-17,AGT,YOWRS
BKG00013181,CUS0003737,2026-05-05,WEB,CLXSAV
BKG00013182,CUS0003201,2025-10-25,OTA,GRPECO
BKG00013183,CUS0003511,2024-05-02,AGT,CLXSAV
BKG00013184,CUS0004419,2023-07-24,AGT,CLXSAV
BKG00013185,CUS0003724,2025-04-22,OTA,GRPECO
BKG00013186,CUS0004855,2025-06-29,WEB,WOWBUS
BKG00013187,CUS0001843,2026-05-13,GDS,GRPECO
BKG00013188,CUS0002624,2023-09-23,AGT,CLXBUS
BKG00013189,CUS0004008,2024-02-04,CTR,YOWRS
BKG00013190,CUS0000170,2024-03-28,CTR,WOWBUS
BKG00013191,CUS0003958,2024-02-17,CTR,CLXBUS
BKG00013192,CUS0004424,2023-11-24,AGT,FLXFST
BKG00013193,CUS0002577,2024-02-09,MOB,WOWBUS
BKG00013194,CUS0000353,2025-04-06,CTR,YOWUS
BKG00013195,CUS0002368,2024-12-05,OTA,WOWBUS
BKG00013196,CUS0001586,2026-01-28,OTA,WOWBUS
BKG00013197,CUS0000204,2023-07-23,OTA,BSSAVE
BKG00013198,CUS0000214,2025-11-01,GDS,YOWUS
BKG00013199,CUS0000018,2023-12-27,WEB,BSSAVE
BKG00013200,CUS0003217,2024-07-21,GDS,CLXSAV
BKG00013201,CUS0002766,2024-08-22,OTA,GRPECO
BKG00013202,CUS0002845,2025-07-18,MOB,FLXFST
BKG00013203,CUS0002381,2025-07-08,AGT,YOWRS
BKG00013204,CUS0003477,2026-02-14,MOB,BSSAVE
BKG00013205,CUS0002798,2026-04-20,WEB,YOWRS
BKG00013206,CUS0003860,2026-03-29,MOB,WOWBUS
BKG00013207,CUS0000432,2024-04-06,MOB,CLXSAV
BKG00013208,CUS0004153,2025-06-14,MOB,YOWRS
BKG00013209,CUS0003889,2024-03-07,MOB,FLXFST
BKG00013210,CUS0001845,2024-01-09,AGT,WOWBUS
BKG00013211,CUS0000240,2025-05-05,CTR,YOWUS
BKG00013212,CUS0002116,2025-05-29,CTR,YOWUS
BKG00013213,CUS0004385,2026-02-19,AGT,FLXFST
BKG00013214,CUS0000648,2023-07-30,WEB,BSSAVE
BKG00013215,CUS0003010,2026-02-14,CTR,YOWUS
BKG00013216,CUS0002479,2023-10-14,OTA,WOWBUS
BKG00013217,CUS0000493,2024-10-10,GDS,CLXSAV
BKG00013218,CUS0003805,2024-12-09,GDS,BSSAVE
BKG00013219,CUS0000760,2026-01-08,WEB,BSSAVE
BKG00013220,CUS0003648,2023-07-19,WEB,FLXFST
BKG00013221,CUS0004232,2023-08-15,WEB,YOWUS
BKG00013222,CUS0004626,2026-04-17,CTR,YOWRS
BKG00013223,CUS0003719,2024-10-06,GDS,FLXFST
BKG00013224,CUS0001909,2024-03-29,OTA,BSSAVE
BKG00013225,CUS0000699,2025-06-26,OTA,BSSAVE
BKG00013226,CUS0003427,2025-03-12,GDS,WOWBUS
BKG00013227,CUS0003700,2026-02-24,WEB,YOWRS
BKG00013228,CUS0000103,2023-10-26,GDS,YOWUS
BKG00013229,CUS0003236,2024-05-12,CTR,FLXFST
BKG00013230,CUS0004309,2023-07-13,AGT,FLXFST
BKG00013231,CUS0002246,2026-05-14,GDS,CLXBUS
BKG00013232,CUS0000827,2025-10-07,OTA,GRPECO
BKG00013233,CUS0001927,2023-11-02,OTA,CLXBUS
BKG00013234,CUS0003504,2025-03-31,CTR,CLXSAV
BKG00013235,CUS0001569,2025-04-05,AGT,GRPECO
BKG00013236,CUS0002391,2025-06-23,MOB,CLXSAV
BKG00013237,CUS0001413,2026-03-23,OTA,GRPECO
BKG00013238,CUS0003640,2023-12-09,GDS,GRPECO
BKG00013239,CUS0003952,2026-05-15,MOB,CLXSAV
BKG00013240,CUS0000725,2023-07-02,GDS,FLXFST
BKG00013241,CUS0000279,2025-07-14,MOB,BSSAVE
BKG00013242,CUS0002042,2023-05-31,AGT,GRPECO
BKG00013243,CUS0000247,2026-01-12,WEB,CLXBUS
BKG00013244,CUS0000140,2025-01-16,CTR,CLXSAV
BKG00013245,CUS0000507,2024-07-17,AGT,GRPECO
BKG00013246,CUS0000629,2025-11-06,OTA,YOWRS
BKG00013247,CUS0004997,2024-02-03,GDS,WOWBUS
BKG00013248,CUS0001154,2026-04-26,MOB,YOWUS
BKG00013249,CUS0002515,2025-06-11,GDS,GRPECO
BKG00013250,CUS0001237,2023-10-23,OTA,FLXFST
BKG00013251,CUS0000617,2025-01-05,AGT,YOWRS
BKG00013252,CUS0002961,2025-05-15,AGT,CLXSAV
BKG00013253,CUS0001884,2024-01-18,MOB,CLXBUS
BKG00013254,CUS0000751,2026-05-22,GDS,BSSAVE
BKG00013255,CUS0004749,2025-12-21,AGT,YOWUS
BKG00013256,CUS0003559,2025-03-05,MOB,YOWRS
BKG00013257,CUS0002629,2025-11-02,AGT,FLXFST
BKG00013258,CUS0003258,2023-11-27,WEB,WOWBUS
BKG00013259,CUS0000219,2024-05-05,CTR,YOWUS
BKG00013260,CUS0002879,2025-01-14,WEB,WOWBUS
BKG00013261,CUS0002155,2023-08-08,MOB,CLXBUS
BKG00013262,CUS0004649,2025-10-16,MOB,FLXFST
BKG00013263,CUS0002046,2024-10-03,OTA,FLXFST
BKG00013264,CUS0004321,2026-01-31,WEB,GRPECO
BKG00013265,CUS0003629,2024-04-13,CTR,WOWBUS
BKG00013266,CUS0002330,2025-12-31,GDS,BSSAVE
BKG00013267,CUS0002415,2024-04-13,AGT,CLXBUS
BKG00013268,CUS0000771,2024-07-15,AGT,FLXFST
BKG00013269,CUS0003800,2025-12-18,GDS,BSSAVE
BKG00013270,CUS0000773,2024-03-05,CTR,GRPECO
BKG00013271,CUS0002378,2024-04-19,MOB,YOWUS
BKG00013272,CUS0003335,2023-06-02,OTA,GRPECO
BKG00013273,CUS0002470,2025-01-26,MOB,WOWBUS
BKG00013274,CUS0001148,2025-05-27,GDS,WOWBUS
BKG00013275,CUS0002473,2025-12-12,CTR,GRPECO
BKG00013276,CUS0000199,2024-08-17,CTR,BSSAVE
BKG00013277,CUS0004782,2025-03-01,OTA,YOWRS
BKG00013278,CUS0003446,2025-04-27,AGT,BSSAVE
BKG00013279,CUS0004589,2024-04-19,AGT,YOWUS
BKG00013280,CUS0004559,2024-03-30,OTA,CLXSAV
BKG00013281,CUS0002170,2023-09-01,CTR,BSSAVE
BKG00013282,CUS0003094,2025-01-20,MOB,GRPECO
BKG00013283,CUS0003906,2025-06-11,MOB,WOWBUS
BKG00013284,CUS0000837,2023-09-18,MOB,CLXSAV
BKG00013285,CUS0004270,2026-02-09,WEB,BSSAVE
BKG00013286,CUS0004591,2025-11-07,GDS,FLXFST
BKG00013287,CUS0003297,2025-09-07,MOB,CLXBUS
BKG00013288,CUS0000058,2025-09-20,OTA,YOWRS
BKG00013289,CUS0003624,2024-09-12,AGT,CLXBUS
BKG00013290,CUS0002141,2025-01-26,GDS,FLXFST
BKG00013291,CUS0002795,2025-03-03,AGT,BSSAVE
BKG00013292,CUS0001058,2023-11-19,OTA,FLXFST
BKG00013293,CUS0003286,2024-05-18,CTR,CLXSAV
BKG00013294,CUS0000941,2024-06-03,GDS,BSSAVE
BKG00013295,CUS0000546,2025-11-02,GDS,CLXSAV
BKG00013296,CUS0000592,2023-12-20,GDS,YOWRS
BKG00013297,CUS0002028,2025-03-04,OTA,BSSAVE
BKG00013298,CUS0004534,2024-01-12,OTA,CLXSAV
BKG00013299,CUS0002135,2025-08-14,AGT,GRPECO
BKG00013300,CUS0000239,2025-12-08,AGT,CLXSAV
BKG00013301,CUS0000059,2023-11-30,AGT,YOWUS
BKG00013302,CUS0002904,2026-04-10,GDS,CLXBUS
BKG00013303,CUS0002725,2025-08-08,AGT,YOWUS
BKG00013304,CUS0003971,2024-03-24,GDS,FLXFST
BKG00013305,CUS0002560,2025-06-05,CTR,GRPECO
BKG00013306,CUS0004241,2025-09-08,OTA,YOWRS
BKG00013307,CUS0001851,2026-01-13,CTR,WOWBUS
BKG00013308,CUS0000975,2024-10-28,MOB,GRPECO
BKG00013309,CUS0003570,2024-03-10,WEB,GRPECO
BKG00013310,CUS0004390,2025-01-04,MOB,WOWBUS
BKG00013311,CUS0002869,2024-08-02,CTR,CLXBUS
BKG00013312,CUS0004430,2026-01-03,MOB,BSSAVE
BKG00013313,CUS0002099,2023-12-18,OTA,BSSAVE
BKG00013314,CUS0002351,2026-02-20,CTR,YOWRS
BKG00013315,CUS0003170,2024-12-16,WEB,WOWBUS
BKG00013316,CUS0002987,2026-03-27,MOB,CLXBUS
BKG00013317,CUS0000884,2024-06-19,GDS,FLXFST
BKG00013318,CUS0002891,2024-12-18,OTA,FLXFST
BKG00013319,CUS0000874,2024-02-29,OTA,YOWRS
BKG00013320,CUS0000846,2026-05-20,AGT,YOWRS
BKG00013321,CUS0000268,2024-11-28,AGT,YOWRS
BKG00013322,CUS0002400,2023-12-17,AGT,GRPECO
BKG00013323,CUS0001822,2024-06-22,CTR,YOWRS
BKG00013324,CUS0001388,2023-09-15,CTR,WOWBUS
BKG00013325,CUS0002568,2025-01-07,CTR,CLXBUS
BKG00013326,CUS0002308,2023-09-20,CTR,YOWUS
BKG00013327,CUS0000812,2025-01-15,MOB,GRPECO
BKG00013328,CUS0003890,2025-01-14,WEB,BSSAVE
BKG00013329,CUS0003625,2024-06-05,GDS,YOWRS
BKG00013330,CUS0002636,2025-07-12,GDS,CLXSAV
BKG00013331,CUS0001595,2025-06-19,CTR,YOWUS
BKG00013332,CUS0004839,2024-03-05,WEB,GRPECO
BKG00013333,CUS0002309,2024-05-24,OTA,GRPECO
BKG00013334,CUS0004669,2025-10-25,OTA,YOWUS
BKG00013335,CUS0004311,2024-12-02,WEB,WOWBUS
BKG00013336,CUS0000236,2023-10-05,CTR,BSSAVE
BKG00013337,CUS0001365,2025-06-14,CTR,YOWUS
BKG00013338,CUS0003297,2026-04-29,OTA,YOWRS
BKG00013339,CUS0004957,2024-07-16,CTR,FLXFST
BKG00013340,CUS0002669,2024-10-01,CTR,CLXBUS
BKG00013341,CUS0000270,2026-01-21,MOB,WOWBUS
BKG00013342,CUS0003806,2023-09-08,GDS,CLXBUS
BKG00013343,CUS0002638,2025-08-27,MOB,FLXFST
BKG00013344,CUS0002614,2024-07-10,CTR,GRPECO
BKG00013345,CUS0001061,2025-08-23,CTR,YOWUS
BKG00013346,CUS0001382,2023-09-21,MOB,FLXFST
BKG00013347,CUS0002624,2024-05-24,GDS,BSSAVE
BKG00013348,CUS0003392,2024-01-07,WEB,YOWUS
BKG00013349,CUS0004542,2026-04-05,WEB,CLXSAV
BKG00013350,CUS0004749,2025-03-27,CTR,YOWUS
BKG00013351,CUS0000985,2025-05-13,CTR,YOWUS
BKG00013352,CUS0000057,2026-02-22,AGT,WOWBUS
BKG00013353,CUS0000001,2024-04-04,WEB,CLXSAV
BKG00013354,CUS0001599,2024-04-13,GDS,BSSAVE
BKG00013355,CUS0004475,2024-06-17,GDS,GRPECO
BKG00013356,CUS0001313,2024-08-12,AGT,BSSAVE
BKG00013357,CUS0000419,2023-12-04,MOB,YOWUS
BKG00013358,CUS0003722,2025-03-08,WEB,YOWUS
BKG00013359,CUS0004444,2025-09-12,WEB,FLXFST
BKG00013360,CUS0004679,2024-04-11,AGT,BSSAVE
BKG00013361,CUS0001363,2025-04-12,MOB,GRPECO
BKG00013362,CUS0003101,2025-10-09,AGT,FLXFST
BKG00013363,CUS0001371,2026-02-12,WEB,CLXSAV
BKG00013364,CUS0002205,2025-11-26,WEB,CLXSAV
BKG00013365,CUS0000556,2024-01-05,CTR,YOWUS
BKG00013366,CUS0003649,2025-01-26,WEB,BSSAVE
BKG00013367,CUS0003722,2024-12-06,AGT,BSSAVE
BKG00013368,CUS0001366,2024-08-13,AGT,CLXBUS
BKG00013369,CUS0001268,2025-12-15,AGT,FLXFST
BKG00013370,CUS0001775,2024-12-09,OTA,WOWBUS
BKG00013371,CUS0002510,2024-01-26,CTR,BSSAVE
BKG00013372,CUS0003199,2025-06-25,MOB,GRPECO
BKG00013373,CUS0002207,2025-11-17,CTR,CLXSAV
BKG00013374,CUS0002877,2025-06-17,CTR,YOWRS
BKG00013375,CUS0000435,2023-11-16,CTR,BSSAVE
BKG00013376,CUS0001882,2026-04-19,MOB,CLXSAV
BKG00013377,CUS0002976,2026-02-08,CTR,CLXSAV
BKG00013378,CUS0003732,2024-04-03,MOB,WOWBUS
BKG00013379,CUS0002151,2024-02-18,GDS,WOWBUS
BKG00013380,CUS0004225,2023-07-11,CTR,YOWRS
BKG00013381,CUS0003561,2026-04-25,WEB,YOWUS
BKG00013382,CUS0002869,2024-04-03,OTA,GRPECO
BKG00013383,CUS0002996,2023-09-07,MOB,YOWUS
BKG00013384,CUS0001226,2024-05-06,CTR,FLXFST
BKG00013385,CUS0000707,2024-05-20,OTA,YOWUS
BKG00013386,CUS0004995,2023-11-14,OTA,YOWRS
BKG00013387,CUS0003512,2023-05-25,GDS,CLXSAV
BKG00013388,CUS0001285,2024-06-09,AGT,YOWUS
BKG00013389,CUS0001533,2024-04-16,GDS,YOWRS
BKG00013390,CUS0002252,2025-04-26,OTA,CLXBUS
BKG00013391,CUS0004436,2024-06-12,WEB,YOWRS
BKG00013392,CUS0004608,2024-05-19,CTR,YOWRS
BKG00013393,CUS0003877,2025-01-11,AGT,BSSAVE
BKG00013394,CUS0004206,2023-10-10,OTA,CLXSAV
BKG00013395,CUS0004228,2025-11-22,OTA,GRPECO
BKG00013396,CUS0002216,2023-09-22,CTR,CLXBUS
BKG00013397,CUS0000352,2024-04-25,WEB,BSSAVE
BKG00013398,CUS0003448,2024-09-16,MOB,FLXFST
BKG00013399,CUS0002840,2026-04-16,AGT,YOWUS
BKG00013400,CUS0004041,2024-05-20,AGT,BSSAVE
BKG00013401,CUS0000176,2023-11-24,WEB,YOWUS
BKG00013402,CUS0002913,2025-03-23,GDS,YOWUS
BKG00013403,CUS0000659,2025-12-13,CTR,GRPECO
BKG00013404,CUS0002337,2023-11-22,MOB,CLXSAV
BKG00013405,CUS0003657,2025-06-08,OTA,BSSAVE
BKG00013406,CUS0001056,2024-04-26,OTA,CLXSAV
BKG00013407,CUS0003061,2024-03-15,AGT,FLXFST
BKG00013408,CUS0004098,2025-11-20,WEB,CLXBUS
BKG00013409,CUS0003477,2025-09-02,CTR,YOWUS
BKG00013410,CUS0000012,2025-08-29,WEB,CLXSAV
BKG00013411,CUS0004605,2024-05-29,WEB,BSSAVE
BKG00013412,CUS0001730,2024-02-07,GDS,BSSAVE
BKG00013413,CUS0002239,2024-11-11,AGT,BSSAVE
BKG00013414,CUS0002404,2024-10-04,CTR,CLXBUS
BKG00013415,CUS0003961,2023-08-16,AGT,YOWUS
BKG00013416,CUS0000039,2023-10-28,MOB,CLXSAV
BKG00013417,CUS0000952,2023-09-19,CTR,YOWUS
BKG00013418,CUS0003221,2025-09-28,AGT,GRPECO
BKG00013419,CUS0001139,2026-03-21,OTA,CLXBUS
BKG00013420,CUS0003482,2024-12-18,WEB,CLXSAV
BKG00013421,CUS0003876,2024-01-19,AGT,GRPECO
BKG00013422,CUS0001306,2025-09-17,OTA,GRPECO
BKG00013423,CUS0003969,2025-04-28,OTA,GRPECO
BKG00013424,CUS0003165,2025-06-20,MOB,YOWUS
BKG00013425,CUS0004354,2025-01-19,MOB,CLXSAV
BKG00013426,CUS0003601,2026-04-02,MOB,YOWUS
BKG00013427,CUS0000775,2024-05-24,AGT,YOWUS
BKG00013428,CUS0000303,2025-07-11,AGT,FLXFST
BKG00013429,CUS0002047,2023-12-23,OTA,GRPECO
BKG00013430,CUS0002519,2024-10-19,AGT,YOWRS
BKG00013431,CUS0004137,2024-04-02,WEB,CLXBUS
BKG00013432,CUS0001103,2023-07-17,WEB,BSSAVE
BKG00013433,CUS0001286,2025-05-24,MOB,YOWUS
BKG00013434,CUS0002589,2025-05-18,CTR,GRPECO
BKG00013435,CUS0002821,2026-04-18,GDS,WOWBUS
BKG00013436,CUS0001760,2025-03-15,GDS,BSSAVE
BKG00013437,CUS0004107,2023-05-26,GDS,FLXFST
BKG00013438,CUS0002820,2023-10-24,GDS,CLXSAV
BKG00013439,CUS0002927,2024-05-13,OTA,BSSAVE
BKG00013440,CUS0002719,2024-02-09,CTR,FLXFST
BKG00013441,CUS0004567,2025-02-28,OTA,FLXFST
BKG00013442,CUS0004429,2025-09-03,OTA,YOWUS
BKG00013443,CUS0003492,2024-07-21,GDS,CLXBUS
BKG00013444,CUS0004104,2024-05-21,GDS,BSSAVE
BKG00013445,CUS0003284,2023-11-06,OTA,GRPECO
BKG00013446,CUS0000914,2023-09-24,MOB,YOWUS
BKG00013447,CUS0000421,2026-01-21,WEB,BSSAVE
BKG00013448,CUS0002814,2024-07-25,OTA,CLXBUS
BKG00013449,CUS0003320,2025-12-04,AGT,CLXBUS
BKG00013450,CUS0002790,2023-06-15,MOB,WOWBUS
BKG00013451,CUS0002341,2025-03-08,GDS,CLXSAV
BKG00013452,CUS0001117,2023-07-31,CTR,CLXBUS
BKG00013453,CUS0004168,2024-07-15,OTA,CLXBUS
BKG00013454,CUS0003729,2025-01-02,WEB,CLXBUS
BKG00013455,CUS0000969,2025-05-18,AGT,CLXBUS
BKG00013456,CUS0003047,2026-01-16,WEB,CLXSAV
BKG00013457,CUS0003160,2024-06-09,MOB,WOWBUS
BKG00013458,CUS0003952,2024-02-19,WEB,FLXFST
BKG00013459,CUS0004943,2024-03-22,OTA,YOWRS
BKG00013460,CUS0000538,2025-02-20,CTR,YOWRS
BKG00013461,CUS0004838,2025-05-27,GDS,YOWRS
BKG00013462,CUS0001621,2023-06-25,CTR,GRPECO
BKG00013463,CUS0002982,2024-12-20,AGT,CLXSAV
BKG00013464,CUS0002669,2024-06-13,CTR,CLXBUS
BKG00013465,CUS0001340,2025-03-02,MOB,YOWRS
BKG00013466,CUS0001565,2026-02-09,MOB,BSSAVE
BKG00013467,CUS0002366,2023-11-09,WEB,GRPECO
BKG00013468,CUS0003785,2026-05-03,AGT,YOWRS
BKG00013469,CUS0000664,2023-06-23,CTR,YOWUS
BKG00013470,CUS0000885,2024-10-27,AGT,FLXFST
BKG00013471,CUS0003617,2023-11-18,AGT,GRPECO
BKG00013472,CUS0002413,2026-02-17,MOB,FLXFST
BKG00013473,CUS0000423,2026-01-31,OTA,YOWUS
BKG00013474,CUS0004859,2024-12-16,CTR,CLXSAV
BKG00013475,CUS0004945,2023-10-16,MOB,GRPECO
BKG00013476,CUS0000814,2024-03-28,OTA,WOWBUS
BKG00013477,CUS0003405,2024-07-03,CTR,CLXBUS
BKG00013478,CUS0003853,2026-01-06,OTA,WOWBUS
BKG00013479,CUS0002505,2023-08-29,GDS,FLXFST
BKG00013480,CUS0004234,2025-05-06,CTR,WOWBUS
BKG00013481,CUS0004143,2024-01-04,GDS,YOWRS
BKG00013482,CUS0003203,2025-08-25,AGT,YOWRS
BKG00013483,CUS0004313,2024-02-12,AGT,GRPECO
BKG00013484,CUS0003764,2024-11-21,GDS,CLXBUS
BKG00013485,CUS0002592,2024-10-23,CTR,YOWUS
BKG00013486,CUS0004421,2026-04-11,OTA,WOWBUS
BKG00013487,CUS0000666,2023-09-27,CTR,FLXFST
BKG00013488,CUS0002606,2024-09-18,MOB,YOWRS
BKG00013489,CUS0003663,2025-01-14,CTR,YOWUS
BKG00013490,CUS0000227,2026-02-10,OTA,WOWBUS
BKG00013491,CUS0000531,2025-10-25,MOB,FLXFST
BKG00013492,CUS0000163,2023-08-02,OTA,CLXSAV
BKG00013493,CUS0004015,2025-02-14,OTA,YOWUS
BKG00013494,CUS0001147,2023-10-17,AGT,CLXBUS
BKG00013495,CUS0002753,2024-10-25,CTR,CLXSAV
BKG00013496,CUS0004406,2026-03-27,GDS,FLXFST
BKG00013497,CUS0004696,2024-05-29,OTA,CLXSAV
BKG00013498,CUS0004631,2024-03-20,WEB,BSSAVE
BKG00013499,CUS0003406,2026-01-18,CTR,YOWRS
BKG00013500,CUS0001861,2026-01-10,WEB,GRPECO
BKG00013501,CUS0004247,2025-01-24,MOB,GRPECO
BKG00013502,CUS0001718,2023-11-17,WEB,WOWBUS
BKG00013503,CUS0002856,2024-03-19,CTR,CLXBUS
BKG00013504,CUS0000894,2024-05-14,MOB,WOWBUS
BKG00013505,CUS0002144,2023-10-24,OTA,BSSAVE
BKG00013506,CUS0001654,2025-05-01,MOB,CLXSAV
BKG00013507,CUS0004230,2024-02-28,WEB,BSSAVE
BKG00013508,CUS0002368,2024-10-23,OTA,CLXSAV
BKG00013509,CUS0004096,2024-04-01,WEB,YOWRS
BKG00013510,CUS0003140,2024-04-05,MOB,GRPECO
BKG00013511,CUS0002212,2025-12-30,MOB,CLXSAV
BKG00013512,CUS0000842,2025-07-05,OTA,BSSAVE
BKG00013513,CUS0004214,2026-02-12,GDS,WOWBUS
BKG00013514,CUS0001097,2023-11-19,GDS,YOWUS
BKG00013515,CUS0001261,2025-10-14,MOB,YOWRS
BKG00013516,CUS0003807,2023-08-29,OTA,YOWUS
BKG00013517,CUS0001063,2024-01-13,CTR,YOWRS
BKG00013518,CUS0000365,2026-05-12,GDS,YOWUS
BKG00013519,CUS0003970,2023-12-26,GDS,WOWBUS
BKG00013520,CUS0002431,2026-03-01,OTA,WOWBUS
BKG00013521,CUS0001701,2024-04-24,OTA,FLXFST
BKG00013522,CUS0000017,2024-04-02,MOB,FLXFST
BKG00013523,CUS0001705,2024-03-14,MOB,CLXSAV
BKG00013524,CUS0003262,2024-07-29,OTA,YOWRS
BKG00013525,CUS0003306,2025-09-18,AGT,BSSAVE
BKG00013526,CUS0004854,2024-07-07,CTR,GRPECO
BKG00013527,CUS0000310,2026-02-18,MOB,CLXSAV
BKG00013528,CUS0001235,2025-04-02,WEB,CLXSAV
BKG00013529,CUS0000723,2023-06-23,OTA,WOWBUS
BKG00013530,CUS0002876,2023-08-28,WEB,GRPECO
BKG00013531,CUS0001071,2025-03-12,AGT,WOWBUS
BKG00013532,CUS0003124,2023-07-25,CTR,CLXSAV
BKG00013533,CUS0000357,2024-04-15,OTA,CLXBUS
BKG00013534,CUS0004391,2023-05-27,OTA,BSSAVE
BKG00013535,CUS0003183,2023-06-08,WEB,BSSAVE
BKG00013536,CUS0002014,2025-09-02,OTA,CLXBUS
BKG00013537,CUS0003856,2025-01-15,MOB,BSSAVE
BKG00013538,CUS0002102,2024-05-07,WEB,CLXSAV
BKG00013539,CUS0002951,2025-07-30,MOB,YOWUS
BKG00013540,CUS0003323,2025-03-03,WEB,YOWRS
BKG00013541,CUS0001849,2024-07-01,CTR,YOWUS
BKG00013542,CUS0000035,2025-11-22,OTA,CLXSAV
BKG00013543,CUS0004349,2026-02-01,CTR,BSSAVE
BKG00013544,CUS0003878,2026-01-03,OTA,BSSAVE
BKG00013545,CUS0001609,2025-11-08,OTA,YOWUS
BKG00013546,CUS0004150,2024-02-11,GDS,YOWUS
BKG00013547,CUS0003065,2025-07-05,GDS,WOWBUS
BKG00013548,CUS0001794,2026-01-06,OTA,CLXSAV
BKG00013549,CUS0002931,2024-01-03,GDS,WOWBUS
BKG00013550,CUS0004171,2024-07-07,OTA,YOWRS
BKG00013551,CUS0004308,2023-12-15,MOB,CLXBUS
BKG00013552,CUS0001720,2026-02-20,CTR,GRPECO
BKG00013553,CUS0002434,2025-08-18,CTR,FLXFST
BKG00013554,CUS0004751,2026-04-18,CTR,YOWUS
BKG00013555,CUS0000359,2025-12-24,OTA,CLXSAV
BKG00013556,CUS0004001,2026-05-13,AGT,WOWBUS
BKG00013557,CUS0001659,2025-09-26,CTR,YOWUS
BKG00013558,CUS0003776,2023-10-30,CTR,BSSAVE
BKG00013559,CUS0003327,2025-07-09,AGT,FLXFST
BKG00013560,CUS0000008,2024-12-21,CTR,CLXBUS
BKG00013561,CUS0000083,2026-04-23,OTA,CLXBUS
BKG00013562,CUS0003736,2025-01-20,OTA,YOWUS
BKG00013563,CUS0000841,2023-08-14,GDS,CLXSAV
BKG00013564,CUS0000128,2025-12-18,OTA,FLXFST
BKG00013565,CUS0003209,2023-11-04,OTA,CLXSAV
BKG00013566,CUS0004226,2026-04-19,CTR,YOWUS
BKG00013567,CUS0003259,2025-09-14,OTA,FLXFST
BKG00013568,CUS0004840,2025-12-14,GDS,BSSAVE
BKG00013569,CUS0001342,2024-07-13,MOB,BSSAVE
BKG00013570,CUS0002372,2024-07-03,MOB,YOWUS
BKG00013571,CUS0002065,2024-02-28,MOB,YOWUS
BKG00013572,CUS0000502,2023-07-04,GDS,WOWBUS
BKG00013573,CUS0000525,2025-01-28,CTR,YOWRS
BKG00013574,CUS0000305,2025-10-25,GDS,GRPECO
BKG00013575,CUS0000826,2023-12-24,AGT,WOWBUS
BKG00013576,CUS0003128,2026-02-08,MOB,CLXSAV
BKG00013577,CUS0004848,2024-12-06,WEB,YOWRS
BKG00013578,CUS0002468,2025-01-10,AGT,BSSAVE
BKG00013579,CUS0000405,2024-12-12,MOB,FLXFST
BKG00013580,CUS0000892,2023-12-09,MOB,BSSAVE
BKG00013581,CUS0001772,2025-12-15,MOB,FLXFST
BKG00013582,CUS0000989,2023-11-02,OTA,YOWUS
BKG00013583,CUS0001079,2025-11-08,AGT,CLXBUS
BKG00013584,CUS0002703,2024-04-03,OTA,BSSAVE
BKG00013585,CUS0001194,2023-05-25,OTA,BSSAVE
BKG00013586,CUS0001400,2024-12-22,OTA,WOWBUS
BKG00013587,CUS0000184,2026-05-12,MOB,WOWBUS
BKG00013588,CUS0001078,2024-12-31,AGT,YOWUS
BKG00013589,CUS0000124,2025-06-13,WEB,YOWRS
BKG00013590,CUS0001563,2026-04-21,MOB,GRPECO
BKG00013591,CUS0004313,2024-10-22,CTR,BSSAVE
BKG00013592,CUS0004462,2023-11-05,AGT,BSSAVE
BKG00013593,CUS0002169,2024-06-29,AGT,WOWBUS
BKG00013594,CUS0002728,2025-05-06,WEB,GRPECO
BKG00013595,CUS0004647,2024-02-23,WEB,WOWBUS
BKG00013596,CUS0002750,2025-03-16,MOB,BSSAVE
BKG00013597,CUS0004950,2026-04-24,OTA,FLXFST
BKG00013598,CUS0000955,2025-07-06,AGT,GRPECO
BKG00013599,CUS0003366,2025-09-20,MOB,CLXBUS
BKG00013600,CUS0004256,2025-10-24,OTA,FLXFST
BKG00013601,CUS0004000,2023-08-19,GDS,CLXBUS
BKG00013602,CUS0000459,2024-07-29,CTR,GRPECO
BKG00013603,CUS0003755,2024-06-27,CTR,CLXSAV
BKG00013604,CUS0001766,2024-02-11,GDS,YOWRS
BKG00013605,CUS0002254,2024-01-16,WEB,WOWBUS
BKG00013606,CUS0000003,2023-06-17,AGT,GRPECO
BKG00013607,CUS0000326,2026-01-13,CTR,YOWUS
BKG00013608,CUS0003213,2025-04-04,MOB,WOWBUS
BKG00013609,CUS0003087,2025-02-01,WEB,BSSAVE
BKG00013610,CUS0003975,2025-10-13,MOB,YOWRS
BKG00013611,CUS0002740,2025-10-11,GDS,GRPECO
BKG00013612,CUS0001343,2024-06-18,GDS,YOWRS
BKG00013613,CUS0004014,2025-07-28,AGT,WOWBUS
BKG00013614,CUS0003518,2023-10-18,MOB,BSSAVE
BKG00013615,CUS0002388,2025-11-18,OTA,GRPECO
BKG00013616,CUS0003691,2026-05-18,GDS,WOWBUS
BKG00013617,CUS0004456,2023-06-28,AGT,BSSAVE
BKG00013618,CUS0002464,2024-03-20,MOB,BSSAVE
BKG00013619,CUS0000525,2024-04-22,OTA,FLXFST
BKG00013620,CUS0001362,2023-09-03,CTR,BSSAVE
BKG00013621,CUS0001358,2025-05-12,MOB,BSSAVE
BKG00013622,CUS0004343,2026-05-11,MOB,WOWBUS
BKG00013623,CUS0004277,2023-11-09,AGT,YOWRS
BKG00013624,CUS0001613,2025-08-04,CTR,CLXSAV
BKG00013625,CUS0001447,2023-07-29,AGT,BSSAVE
BKG00013626,CUS0001782,2024-03-16,OTA,YOWUS
BKG00013627,CUS0003153,2026-04-22,MOB,GRPECO
BKG00013628,CUS0000225,2024-12-09,CTR,CLXBUS
BKG00013629,CUS0000348,2023-11-05,AGT,YOWRS
BKG00013630,CUS0002277,2025-03-22,OTA,YOWRS
BKG00013631,CUS0001408,2024-07-04,OTA,CLXSAV
BKG00013632,CUS0001315,2024-12-08,MOB,BSSAVE
BKG00013633,CUS0002062,2024-06-26,OTA,FLXFST
BKG00013634,CUS0003628,2025-01-27,AGT,YOWUS
BKG00013635,CUS0004280,2024-10-14,AGT,WOWBUS
BKG00013636,CUS0004713,2024-04-29,AGT,WOWBUS
BKG00013637,CUS0002855,2024-05-08,WEB,CLXBUS
BKG00013638,CUS0003400,2026-01-01,MOB,WOWBUS
BKG00013639,CUS0001611,2026-04-03,AGT,GRPECO
BKG00013640,CUS0002281,2026-02-15,WEB,CLXSAV
BKG00013641,CUS0001612,2026-03-08,OTA,WOWBUS
BKG00013642,CUS0001698,2025-11-30,AGT,GRPECO
BKG00013643,CUS0004166,2023-09-13,AGT,CLXSAV
BKG00013644,CUS0000653,2025-01-30,AGT,YOWUS
BKG00013645,CUS0002789,2023-07-06,MOB,YOWUS
BKG00013646,CUS0004746,2024-04-17,AGT,CLXBUS
BKG00013647,CUS0002788,2025-05-15,CTR,GRPECO
BKG00013648,CUS0002961,2026-02-24,CTR,CLXSAV
BKG00013649,CUS0000485,2026-05-05,CTR,BSSAVE
BKG00013650,CUS0002830,2024-04-09,GDS,BSSAVE
BKG00013651,CUS0001844,2026-04-28,MOB,WOWBUS
BKG00013652,CUS0000115,2023-11-10,WEB,GRPECO
BKG00013653,CUS0000037,2023-06-15,CTR,FLXFST
BKG00013654,CUS0000574,2024-02-23,CTR,FLXFST
BKG00013655,CUS0004940,2024-12-22,OTA,CLXBUS
BKG00013656,CUS0003227,2026-03-09,AGT,GRPECO
BKG00013657,CUS0002336,2023-12-04,GDS,CLXSAV
BKG00013658,CUS0001378,2023-10-03,AGT,YOWRS
BKG00013659,CUS0002203,2026-05-03,CTR,WOWBUS
BKG00013660,CUS0003005,2025-04-19,AGT,FLXFST
BKG00013661,CUS0002975,2024-04-08,WEB,FLXFST
BKG00013662,CUS0004681,2024-09-30,MOB,BSSAVE
BKG00013663,CUS0003753,2024-03-25,AGT,YOWUS
BKG00013664,CUS0001415,2025-05-25,OTA,BSSAVE
BKG00013665,CUS0003023,2025-06-28,AGT,CLXBUS
BKG00013666,CUS0000847,2025-06-04,WEB,YOWUS
BKG00013667,CUS0003015,2023-09-28,OTA,FLXFST
BKG00013668,CUS0001458,2024-03-05,AGT,CLXBUS
BKG00013669,CUS0000588,2024-09-16,MOB,FLXFST
BKG00013670,CUS0003344,2025-12-28,GDS,FLXFST
BKG00013671,CUS0004157,2023-12-14,WEB,CLXBUS
BKG00013672,CUS0000405,2023-07-13,AGT,CLXSAV
BKG00013673,CUS0004657,2025-08-01,GDS,CLXBUS
BKG00013674,CUS0003964,2024-10-12,WEB,WOWBUS
BKG00013675,CUS0001642,2024-10-01,GDS,CLXBUS
BKG00013676,CUS0001397,2024-11-03,OTA,CLXSAV
BKG00013677,CUS0001627,2024-09-12,AGT,BSSAVE
BKG00013678,CUS0000193,2024-11-22,GDS,CLXSAV
BKG00013679,CUS0002218,2026-01-07,AGT,WOWBUS
BKG00013680,CUS0001149,2024-12-06,GDS,YOWRS
BKG00013681,CUS0002417,2023-06-13,MOB,CLXBUS
BKG00013682,CUS0000481,2024-08-23,AGT,WOWBUS
BKG00013683,CUS0003920,2023-10-02,WEB,CLXSAV
BKG00013684,CUS0001224,2025-10-11,AGT,CLXBUS
BKG00013685,CUS0001558,2023-10-09,WEB,YOWUS
BKG00013686,CUS0004987,2023-08-01,WEB,CLXSAV
BKG00013687,CUS0003370,2026-03-10,CTR,WOWBUS
BKG00013688,CUS0000248,2026-03-31,CTR,CLXSAV
BKG00013689,CUS0001973,2025-06-27,AGT,YOWRS
BKG00013690,CUS0001527,2024-12-27,MOB,CLXSAV
BKG00013691,CUS0001339,2024-07-28,AGT,FLXFST
BKG00013692,CUS0002259,2024-06-13,CTR,GRPECO
BKG00013693,CUS0002308,2025-09-06,GDS,GRPECO
BKG00013694,CUS0000506,2026-02-23,GDS,GRPECO
BKG00013695,CUS0003124,2025-05-17,OTA,CLXBUS
BKG00013696,CUS0001338,2026-05-01,CTR,FLXFST
BKG00013697,CUS0001907,2023-06-13,WEB,GRPECO
BKG00013698,CUS0000246,2025-11-08,GDS,YOWRS
BKG00013699,CUS0000326,2025-07-17,AGT,YOWRS
BKG00013700,CUS0000301,2026-03-09,WEB,BSSAVE
BKG00013701,CUS0002412,2024-03-25,OTA,YOWUS
BKG00013702,CUS0003047,2025-07-02,GDS,CLXBUS
BKG00013703,CUS0001056,2025-09-22,WEB,YOWRS
BKG00013704,CUS0004172,2024-04-27,GDS,CLXBUS
BKG00013705,CUS0004804,2024-01-21,AGT,YOWUS
BKG00013706,CUS0000210,2023-10-09,OTA,CLXBUS
BKG00013707,CUS0004786,2025-11-05,WEB,YOWUS
BKG00013708,CUS0000506,2025-09-10,GDS,BSSAVE
BKG00013709,CUS0001576,2023-06-23,AGT,YOWRS
BKG00013710,CUS0002404,2023-06-26,CTR,BSSAVE
BKG00013711,CUS0000253,2025-12-22,OTA,WOWBUS
BKG00013712,CUS0000134,2024-05-10,AGT,FLXFST
BKG00013713,CUS0002369,2025-04-08,WEB,CLXBUS
BKG00013714,CUS0000702,2024-05-07,MOB,YOWRS
BKG00013715,CUS0000484,2025-07-21,GDS,YOWUS
BKG00013716,CUS0002249,2026-03-24,AGT,WOWBUS
BKG00013717,CUS0000615,2026-01-27,WEB,CLXSAV
BKG00013718,CUS0003035,2023-08-18,WEB,WOWBUS
BKG00013719,CUS0000723,2024-05-29,OTA,GRPECO
BKG00013720,CUS0004503,2024-06-08,OTA,YOWUS
BKG00013721,CUS0003171,2025-10-08,GDS,YOWUS
BKG00013722,CUS0003528,2026-03-17,GDS,CLXSAV
BKG00013723,CUS0000949,2024-05-21,OTA,YOWRS
BKG00013724,CUS0002170,2025-06-01,CTR,WOWBUS
BKG00013725,CUS0002831,2023-12-03,WEB,CLXSAV
BKG00013726,CUS0003303,2024-03-29,WEB,CLXSAV
BKG00013727,CUS0000987,2024-03-03,OTA,BSSAVE
BKG00013728,CUS0003751,2025-06-21,GDS,YOWUS
BKG00013729,CUS0001279,2025-10-20,WEB,CLXSAV
BKG00013730,CUS0001887,2023-07-25,CTR,FLXFST
BKG00013731,CUS0000941,2024-04-12,WEB,CLXSAV
BKG00013732,CUS0001001,2026-05-11,WEB,YOWRS
BKG00013733,CUS0003559,2026-04-22,MOB,GRPECO
BKG00013734,CUS0000789,2024-05-19,OTA,WOWBUS
BKG00013735,CUS0003030,2024-02-08,CTR,WOWBUS
BKG00013736,CUS0002157,2024-02-14,WEB,YOWUS
BKG00013737,CUS0003219,2024-11-02,WEB,FLXFST
BKG00013738,CUS0002668,2026-04-16,WEB,CLXBUS
BKG00013739,CUS0004088,2024-04-18,MOB,CLXSAV
BKG00013740,CUS0002849,2026-01-28,MOB,YOWRS
BKG00013741,CUS0000296,2023-08-03,GDS,WOWBUS
BKG00013742,CUS0004090,2024-08-28,WEB,BSSAVE
BKG00013743,CUS0001193,2025-12-22,WEB,GRPECO
BKG00013744,CUS0001189,2023-09-09,OTA,YOWUS
BKG00013745,CUS0004471,2023-07-17,AGT,CLXBUS
BKG00013746,CUS0002629,2023-06-27,AGT,BSSAVE
BKG00013747,CUS0002463,2025-08-28,WEB,FLXFST
BKG00013748,CUS0000283,2025-12-14,AGT,FLXFST
BKG00013749,CUS0004858,2023-11-16,MOB,CLXSAV
BKG00013750,CUS0001887,2024-08-15,MOB,FLXFST
BKG00013751,CUS0000320,2026-03-21,WEB,YOWUS
BKG00013752,CUS0004771,2024-12-10,AGT,WOWBUS
BKG00013753,CUS0000610,2025-07-24,CTR,YOWRS
BKG00013754,CUS0002203,2026-04-28,WEB,YOWUS
BKG00013755,CUS0004875,2024-01-23,CTR,YOWRS
BKG00013756,CUS0001350,2024-04-03,AGT,GRPECO
BKG00013757,CUS0000907,2023-07-01,CTR,BSSAVE
BKG00013758,CUS0001514,2026-04-01,CTR,GRPECO
BKG00013759,CUS0002506,2026-04-02,AGT,YOWRS
BKG00013760,CUS0002748,2025-09-23,AGT,CLXBUS
BKG00013761,CUS0001229,2025-01-14,OTA,CLXBUS
BKG00013762,CUS0001571,2023-06-24,OTA,CLXSAV
BKG00013763,CUS0000361,2025-01-13,MOB,FLXFST
BKG00013764,CUS0003493,2024-08-31,OTA,BSSAVE
BKG00013765,CUS0003926,2026-05-08,MOB,FLXFST
BKG00013766,CUS0004877,2024-01-13,GDS,FLXFST
BKG00013767,CUS0002282,2025-04-16,CTR,YOWRS
BKG00013768,CUS0000681,2025-06-06,WEB,CLXSAV
BKG00013769,CUS0000575,2024-01-04,MOB,BSSAVE
BKG00013770,CUS0003837,2024-12-25,MOB,CLXBUS
BKG00013771,CUS0001549,2025-11-05,WEB,FLXFST
BKG00013772,CUS0004037,2024-07-30,GDS,GRPECO
BKG00013773,CUS0004233,2025-06-23,MOB,FLXFST
BKG00013774,CUS0003732,2024-03-03,GDS,YOWRS
BKG00013775,CUS0000095,2023-09-19,GDS,YOWUS
BKG00013776,CUS0004184,2024-08-16,AGT,BSSAVE
BKG00013777,CUS0002060,2023-10-30,WEB,WOWBUS
BKG00013778,CUS0002937,2024-02-29,WEB,WOWBUS
BKG00013779,CUS0001565,2025-06-27,AGT,YOWRS
BKG00013780,CUS0002912,2023-07-01,GDS,BSSAVE
BKG00013781,CUS0000449,2024-02-09,CTR,BSSAVE
BKG00013782,CUS0002040,2026-01-20,GDS,FLXFST
BKG00013783,CUS0000688,2023-12-30,AGT,FLXFST
BKG00013784,CUS0001344,2025-10-19,WEB,YOWRS
BKG00013785,CUS0003656,2026-04-14,MOB,CLXSAV
BKG00013786,CUS0000960,2024-11-10,AGT,BSSAVE
BKG00013787,CUS0003125,2026-03-21,AGT,FLXFST
BKG00013788,CUS0000475,2026-03-16,AGT,FLXFST
BKG00013789,CUS0004805,2025-05-15,GDS,YOWRS
BKG00013790,CUS0000717,2026-02-22,WEB,CLXBUS
BKG00013791,CUS0000014,2023-12-19,AGT,WOWBUS
BKG00013792,CUS0000221,2025-09-16,AGT,BSSAVE
BKG00013793,CUS0003912,2024-12-30,GDS,GRPECO
BKG00013794,CUS0001773,2024-10-23,GDS,YOWUS
BKG00013795,CUS0004331,2024-10-26,GDS,WOWBUS
BKG00013796,CUS0001694,2025-12-31,MOB,CLXSAV
BKG00013797,CUS0000361,2023-07-05,GDS,FLXFST
BKG00013798,CUS0003313,2024-02-13,AGT,GRPECO
BKG00013799,CUS0003508,2025-04-25,WEB,CLXSAV
BKG00013800,CUS0002902,2025-01-30,WEB,YOWUS
BKG00013801,CUS0000303,2025-04-27,OTA,YOWUS
BKG00013802,CUS0004985,2023-11-19,WEB,WOWBUS
BKG00013803,CUS0000353,2026-02-25,GDS,BSSAVE
BKG00013804,CUS0002955,2025-02-17,WEB,YOWUS
BKG00013805,CUS0002880,2025-07-18,OTA,FLXFST
BKG00013806,CUS0002417,2024-10-11,OTA,YOWRS
BKG00013807,CUS0004793,2025-08-09,CTR,CLXBUS
BKG00013808,CUS0000554,2023-08-29,MOB,CLXBUS
BKG00013809,CUS0001731,2025-10-11,GDS,YOWRS
BKG00013810,CUS0003215,2024-08-15,WEB,CLXSAV
BKG00013811,CUS0000106,2026-05-03,AGT,BSSAVE
BKG00013812,CUS0004885,2025-08-12,AGT,YOWUS
BKG00013813,CUS0003607,2025-12-26,GDS,YOWRS
BKG00013814,CUS0004762,2023-11-11,WEB,YOWRS
BKG00013815,CUS0002544,2025-05-24,CTR,WOWBUS
BKG00013816,CUS0003384,2023-12-29,GDS,CLXBUS
BKG00013817,CUS0004997,2025-07-25,WEB,WOWBUS
BKG00013818,CUS0001098,2025-01-30,WEB,GRPECO
BKG00013819,CUS0003625,2024-07-12,OTA,YOWRS
BKG00013820,CUS0000975,2024-12-16,GDS,FLXFST
BKG00013821,CUS0003596,2024-11-14,OTA,CLXSAV
BKG00013822,CUS0000191,2023-09-27,AGT,YOWUS
BKG00013823,CUS0002287,2025-07-22,MOB,GRPECO
BKG00013824,CUS0002778,2025-08-03,AGT,WOWBUS
BKG00013825,CUS0000862,2023-09-02,OTA,GRPECO
BKG00013826,CUS0002904,2024-08-09,AGT,BSSAVE
BKG00013827,CUS0001453,2026-04-11,CTR,CLXSAV
BKG00013828,CUS0000430,2024-04-08,AGT,WOWBUS
BKG00013829,CUS0004579,2026-05-03,GDS,YOWUS
BKG00013830,CUS0001621,2023-09-01,CTR,YOWUS
BKG00013831,CUS0001745,2024-03-25,GDS,GRPECO
BKG00013832,CUS0002385,2024-05-30,CTR,FLXFST
BKG00013833,CUS0003622,2024-01-23,OTA,FLXFST
BKG00013834,CUS0003867,2025-09-22,OTA,WOWBUS
BKG00013835,CUS0002663,2024-01-22,WEB,CLXSAV
BKG00013836,CUS0002035,2026-01-11,OTA,GRPECO
BKG00013837,CUS0002331,2023-10-08,MOB,BSSAVE
BKG00013838,CUS0004068,2026-05-10,WEB,YOWRS
BKG00013839,CUS0001400,2026-01-21,WEB,GRPECO
BKG00013840,CUS0004471,2023-09-22,WEB,YOWUS
BKG00013841,CUS0001700,2026-01-22,GDS,YOWRS
BKG00013842,CUS0000018,2025-05-23,WEB,YOWUS
BKG00013843,CUS0002041,2023-09-11,AGT,BSSAVE
BKG00013844,CUS0000046,2023-08-27,CTR,BSSAVE
BKG00013845,CUS0001961,2025-04-20,OTA,YOWRS
BKG00013846,CUS0003318,2024-03-20,WEB,YOWUS
BKG00013847,CUS0004726,2023-08-20,GDS,CLXSAV
BKG00013848,CUS0004007,2024-09-22,AGT,CLXSAV
BKG00013849,CUS0000933,2024-11-05,GDS,FLXFST
BKG00013850,CUS0000692,2026-03-14,CTR,YOWUS
BKG00013851,CUS0004086,2024-12-26,GDS,CLXBUS
BKG00013852,CUS0002560,2024-09-03,OTA,YOWUS
BKG00013853,CUS0002300,2023-11-08,MOB,CLXBUS
BKG00013854,CUS0003266,2026-02-02,AGT,YOWRS
BKG00013855,CUS0003557,2024-06-10,AGT,BSSAVE
BKG00013856,CUS0001026,2025-11-14,AGT,BSSAVE
BKG00013857,CUS0003820,2025-10-13,AGT,GRPECO
BKG00013858,CUS0001084,2023-10-05,GDS,YOWRS
BKG00013859,CUS0000153,2025-06-27,OTA,CLXBUS
BKG00013860,CUS0000309,2023-10-29,MOB,FLXFST
BKG00013861,CUS0000159,2024-07-19,AGT,BSSAVE
BKG00013862,CUS0004287,2025-03-16,AGT,CLXBUS
BKG00013863,CUS0003378,2024-07-17,OTA,CLXSAV
BKG00013864,CUS0004791,2024-02-08,MOB,YOWRS
BKG00013865,CUS0004346,2023-10-11,CTR,CLXSAV
BKG00013866,CUS0003139,2024-03-19,CTR,FLXFST
BKG00013867,CUS0002050,2025-12-26,CTR,WOWBUS
BKG00013868,CUS0001573,2025-05-02,AGT,GRPECO
BKG00013869,CUS0002249,2024-09-05,OTA,WOWBUS
BKG00013870,CUS0004969,2023-12-28,WEB,YOWUS
BKG00013871,CUS0001444,2024-06-18,MOB,CLXBUS
BKG00013872,CUS0004559,2024-11-20,GDS,FLXFST
BKG00013873,CUS0000691,2025-07-19,AGT,CLXBUS
BKG00013874,CUS0002488,2025-09-04,OTA,WOWBUS
BKG00013875,CUS0001840,2026-04-12,AGT,GRPECO
BKG00013876,CUS0001900,2025-08-13,GDS,YOWUS
BKG00013877,CUS0000508,2024-01-03,CTR,CLXSAV
BKG00013878,CUS0003592,2023-12-10,OTA,WOWBUS
BKG00013879,CUS0003833,2025-04-09,CTR,CLXBUS
BKG00013880,CUS0003628,2026-04-13,GDS,WOWBUS
BKG00013881,CUS0000858,2023-08-19,CTR,WOWBUS
BKG00013882,CUS0002089,2026-03-22,MOB,YOWUS
BKG00013883,CUS0000107,2025-06-27,MOB,CLXBUS
BKG00013884,CUS0004864,2024-04-30,MOB,GRPECO
BKG00013885,CUS0004401,2024-06-29,OTA,BSSAVE
BKG00013886,CUS0001661,2024-03-27,OTA,FLXFST
BKG00013887,CUS0000643,2024-05-10,OTA,YOWRS
BKG00013888,CUS0001308,2024-02-22,WEB,FLXFST
BKG00013889,CUS0004030,2025-06-25,GDS,YOWUS
BKG00013890,CUS0004285,2026-04-12,CTR,FLXFST
BKG00013891,CUS0000363,2024-01-22,WEB,YOWUS
BKG00013892,CUS0003098,2023-12-13,GDS,CLXSAV
BKG00013893,CUS0004143,2023-12-06,CTR,GRPECO
BKG00013894,CUS0004113,2023-07-17,AGT,BSSAVE
BKG00013895,CUS0002544,2024-06-15,MOB,CLXSAV
BKG00013896,CUS0003454,2026-01-02,OTA,BSSAVE
BKG00013897,CUS0004724,2023-08-11,MOB,CLXSAV
BKG00013898,CUS0002053,2026-03-19,AGT,YOWUS
BKG00013899,CUS0002463,2025-08-26,AGT,CLXBUS
BKG00013900,CUS0002759,2025-05-12,WEB,WOWBUS
BKG00013901,CUS0004705,2025-01-06,CTR,FLXFST
BKG00013902,CUS0001587,2026-03-09,CTR,WOWBUS
BKG00013903,CUS0002079,2025-04-20,GDS,FLXFST
BKG00013904,CUS0004938,2024-01-30,WEB,YOWRS
BKG00013905,CUS0002110,2024-10-14,OTA,FLXFST
BKG00013906,CUS0000357,2024-08-05,MOB,FLXFST
BKG00013907,CUS0002710,2026-04-07,MOB,BSSAVE
BKG00013908,CUS0004554,2024-09-15,AGT,WOWBUS
BKG00013909,CUS0000629,2025-11-19,OTA,WOWBUS
BKG00013910,CUS0000182,2023-11-04,GDS,YOWUS
BKG00013911,CUS0003820,2025-04-08,CTR,YOWRS
BKG00013912,CUS0000348,2025-11-29,OTA,GRPECO
BKG00013913,CUS0004231,2024-02-05,GDS,YOWUS
BKG00013914,CUS0000621,2023-12-23,OTA,YOWUS
BKG00013915,CUS0004224,2025-09-01,AGT,WOWBUS
BKG00013916,CUS0001956,2023-08-26,OTA,CLXSAV
BKG00013917,CUS0000578,2024-04-18,MOB,BSSAVE
BKG00013918,CUS0004939,2024-12-25,AGT,CLXBUS
BKG00013919,CUS0002844,2023-11-06,OTA,YOWRS
BKG00013920,CUS0004162,2024-08-01,MOB,WOWBUS
BKG00013921,CUS0004065,2024-11-28,CTR,YOWRS
BKG00013922,CUS0002493,2025-09-24,AGT,GRPECO
BKG00013923,CUS0002520,2025-01-28,MOB,CLXSAV
BKG00013924,CUS0000194,2023-12-05,GDS,CLXBUS
BKG00013925,CUS0001822,2024-08-05,CTR,BSSAVE
BKG00013926,CUS0000376,2025-05-06,MOB,CLXSAV
BKG00013927,CUS0000488,2024-10-10,AGT,YOWUS
BKG00013928,CUS0003632,2025-05-08,CTR,FLXFST
BKG00013929,CUS0003664,2024-06-30,GDS,CLXSAV
BKG00013930,CUS0002737,2023-07-03,WEB,YOWUS
BKG00013931,CUS0002629,2026-01-06,MOB,CLXSAV
BKG00013932,CUS0003967,2025-03-30,AGT,FLXFST
BKG00013933,CUS0000489,2023-11-15,AGT,WOWBUS
BKG00013934,CUS0003216,2025-03-03,GDS,WOWBUS
BKG00013935,CUS0001780,2025-07-10,GDS,YOWRS
BKG00013936,CUS0002205,2025-01-08,MOB,CLXBUS
BKG00013937,CUS0003865,2024-03-09,OTA,YOWRS
BKG00013938,CUS0002919,2026-05-24,WEB,FLXFST
BKG00013939,CUS0001835,2025-04-03,MOB,CLXSAV
BKG00013940,CUS0003578,2026-02-16,GDS,YOWRS
BKG00013941,CUS0002255,2025-05-06,CTR,BSSAVE
BKG00013942,CUS0002167,2024-12-23,AGT,WOWBUS
BKG00013943,CUS0003413,2026-01-21,OTA,CLXSAV
BKG00013944,CUS0000616,2025-03-16,GDS,BSSAVE
BKG00013945,CUS0003684,2024-08-04,AGT,CLXSAV
BKG00013946,CUS0004059,2024-05-28,GDS,WOWBUS
BKG00013947,CUS0000493,2024-07-30,GDS,YOWRS
BKG00013948,CUS0002134,2025-01-16,GDS,YOWUS
BKG00013949,CUS0000656,2025-10-09,GDS,CLXBUS
BKG00013950,CUS0000705,2023-12-09,CTR,FLXFST
BKG00013951,CUS0002512,2023-07-11,WEB,YOWUS
BKG00013952,CUS0000504,2025-04-09,AGT,BSSAVE
BKG00013953,CUS0002683,2024-01-24,GDS,WOWBUS
BKG00013954,CUS0002704,2024-12-04,CTR,FLXFST
BKG00013955,CUS0001036,2023-10-07,GDS,WOWBUS
BKG00013956,CUS0004562,2023-06-11,GDS,GRPECO
BKG00013957,CUS0003921,2024-07-09,GDS,CLXSAV
BKG00013958,CUS0002136,2024-04-17,WEB,BSSAVE
BKG00013959,CUS0001839,2024-06-18,OTA,GRPECO
BKG00013960,CUS0000995,2026-02-17,OTA,CLXSAV
BKG00013961,CUS0000938,2025-03-22,MOB,GRPECO
BKG00013962,CUS0002233,2025-08-29,AGT,YOWUS
BKG00013963,CUS0001047,2024-06-30,CTR,BSSAVE
BKG00013964,CUS0003426,2024-12-01,OTA,FLXFST
BKG00013965,CUS0002801,2025-02-22,MOB,WOWBUS
BKG00013966,CUS0003084,2025-10-05,GDS,CLXSAV
BKG00013967,CUS0003183,2025-01-28,MOB,GRPECO
BKG00013968,CUS0003030,2023-06-26,OTA,CLXSAV
BKG00013969,CUS0002118,2026-03-10,WEB,WOWBUS
BKG00013970,CUS0002499,2026-03-26,CTR,WOWBUS
BKG00013971,CUS0004957,2023-05-27,GDS,CLXSAV
BKG00013972,CUS0002933,2024-08-30,OTA,WOWBUS
BKG00013973,CUS0003272,2023-12-20,AGT,CLXBUS
BKG00013974,CUS0001389,2025-04-27,MOB,YOWUS
BKG00013975,CUS0004739,2024-06-29,OTA,GRPECO
BKG00013976,CUS0000276,2026-01-11,OTA,CLXBUS
BKG00013977,CUS0002130,2025-10-17,GDS,FLXFST
BKG00013978,CUS0002934,2025-10-05,CTR,WOWBUS
BKG00013979,CUS0005000,2025-02-18,AGT,YOWUS
BKG00013980,CUS0000558,2023-10-12,CTR,GRPECO
BKG00013981,CUS0003155,2024-05-31,AGT,BSSAVE
BKG00013982,CUS0003656,2026-02-08,WEB,CLXBUS
BKG00013983,CUS0001967,2024-05-08,CTR,CLXSAV
BKG00013984,CUS0001203,2025-05-12,CTR,GRPECO
BKG00013985,CUS0000515,2023-07-05,OTA,WOWBUS
BKG00013986,CUS0002224,2025-08-01,AGT,CLXBUS
BKG00013987,CUS0001841,2025-10-12,WEB,BSSAVE
BKG00013988,CUS0004776,2026-04-30,CTR,GRPECO
BKG00013989,CUS0001967,2023-07-11,CTR,CLXSAV
BKG00013990,CUS0002546,2024-07-02,OTA,BSSAVE
BKG00013991,CUS0002297,2026-01-25,WEB,BSSAVE
BKG00013992,CUS0002127,2023-07-13,CTR,YOWUS
BKG00013993,CUS0002471,2024-07-21,AGT,FLXFST
BKG00013994,CUS0004224,2024-12-10,CTR,FLXFST
BKG00013995,CUS0004571,2023-08-06,AGT,YOWUS
BKG00013996,CUS0004418,2025-02-12,AGT,GRPECO
BKG00013997,CUS0003282,2026-04-03,MOB,CLXBUS
BKG00013998,CUS0001427,2025-06-10,GDS,BSSAVE
BKG00013999,CUS0002518,2024-05-14,GDS,GRPECO
BKG00014000,CUS0000849,2025-02-25,WEB,CLXSAV
BKG00014001,CUS0003649,2024-03-24,CTR,GRPECO
BKG00014002,CUS0001586,2024-02-14,GDS,YOWRS
BKG00014003,CUS0002797,2026-04-04,GDS,YOWRS
BKG00014004,CUS0003307,2024-09-11,MOB,YOWRS
BKG00014005,CUS0004005,2024-03-06,MOB,FLXFST
BKG00014006,CUS0003881,2023-06-15,WEB,WOWBUS
BKG00014007,CUS0004322,2024-04-13,AGT,GRPECO
BKG00014008,CUS0001618,2025-03-31,WEB,CLXBUS
BKG00014009,CUS0000165,2025-01-10,AGT,WOWBUS
BKG00014010,CUS0000618,2025-04-18,CTR,YOWRS
BKG00014011,CUS0003259,2023-11-15,GDS,FLXFST
BKG00014012,CUS0000986,2024-07-08,GDS,BSSAVE
BKG00014013,CUS0002546,2025-08-09,AGT,FLXFST
BKG00014014,CUS0004470,2024-01-09,CTR,FLXFST
BKG00014015,CUS0003929,2023-07-13,GDS,BSSAVE
BKG00014016,CUS0000623,2023-09-08,CTR,BSSAVE
BKG00014017,CUS0001476,2025-03-18,OTA,GRPECO
BKG00014018,CUS0004666,2026-02-20,AGT,BSSAVE
BKG00014019,CUS0001032,2024-10-18,OTA,GRPECO
BKG00014020,CUS0003317,2025-06-07,AGT,FLXFST
BKG00014021,CUS0003605,2025-03-10,WEB,GRPECO
BKG00014022,CUS0000840,2024-02-27,GDS,GRPECO
BKG00014023,CUS0000754,2025-07-12,AGT,CLXBUS
BKG00014024,CUS0004251,2026-05-16,AGT,CLXSAV
BKG00014025,CUS0003771,2024-09-24,CTR,BSSAVE
BKG00014026,CUS0002736,2025-06-24,GDS,CLXSAV
BKG00014027,CUS0001414,2025-07-02,MOB,CLXSAV
BKG00014028,CUS0001240,2025-04-17,CTR,YOWUS
BKG00014029,CUS0000213,2026-05-24,CTR,WOWBUS
BKG00014030,CUS0002395,2024-03-28,WEB,WOWBUS
BKG00014031,CUS0003617,2025-10-02,MOB,CLXBUS
BKG00014032,CUS0002795,2023-09-11,OTA,BSSAVE
BKG00014033,CUS0002343,2026-03-14,GDS,YOWRS
BKG00014034,CUS0000537,2024-05-01,OTA,CLXSAV
BKG00014035,CUS0004243,2024-08-07,MOB,BSSAVE
BKG00014036,CUS0000543,2023-11-26,CTR,YOWRS
BKG00014037,CUS0004635,2025-02-23,OTA,YOWRS
BKG00014038,CUS0003643,2024-08-12,WEB,YOWUS
BKG00014039,CUS0003695,2024-03-03,WEB,FLXFST
BKG00014040,CUS0003738,2025-06-29,GDS,FLXFST
BKG00014041,CUS0004963,2023-11-29,MOB,YOWRS
BKG00014042,CUS0001717,2025-02-19,WEB,FLXFST
BKG00014043,CUS0002440,2024-11-16,OTA,WOWBUS
BKG00014044,CUS0004535,2026-02-21,MOB,WOWBUS
BKG00014045,CUS0003279,2025-06-06,OTA,BSSAVE
BKG00014046,CUS0002858,2023-09-13,OTA,YOWUS
BKG00014047,CUS0001827,2026-01-03,OTA,WOWBUS
BKG00014048,CUS0001992,2024-03-21,AGT,BSSAVE
BKG00014049,CUS0000726,2026-01-31,WEB,YOWRS
BKG00014050,CUS0001315,2024-01-31,OTA,CLXBUS
BKG00014051,CUS0003306,2025-09-02,GDS,CLXSAV
BKG00014052,CUS0004881,2026-03-26,WEB,CLXBUS
BKG00014053,CUS0004746,2026-05-13,CTR,CLXSAV
BKG00014054,CUS0004677,2024-06-16,GDS,GRPECO
BKG00014055,CUS0000347,2024-08-22,MOB,YOWRS
BKG00014056,CUS0003933,2024-03-31,WEB,CLXSAV
BKG00014057,CUS0003512,2025-09-20,CTR,BSSAVE
BKG00014058,CUS0003029,2023-12-18,CTR,WOWBUS
BKG00014059,CUS0001529,2025-04-24,WEB,YOWRS
BKG00014060,CUS0002178,2025-09-10,MOB,CLXSAV
BKG00014061,CUS0002512,2024-12-10,OTA,FLXFST
BKG00014062,CUS0001581,2026-04-01,GDS,GRPECO
BKG00014063,CUS0004181,2025-12-28,CTR,WOWBUS
BKG00014064,CUS0003580,2024-12-31,CTR,FLXFST
BKG00014065,CUS0001928,2025-08-02,GDS,CLXBUS
BKG00014066,CUS0002556,2024-05-19,AGT,CLXBUS
BKG00014067,CUS0004748,2023-09-12,CTR,YOWRS
BKG00014068,CUS0000249,2025-05-26,AGT,FLXFST
BKG00014069,CUS0001590,2024-07-27,MOB,FLXFST
BKG00014070,CUS0003674,2025-09-18,MOB,BSSAVE
BKG00014071,CUS0000223,2024-01-29,GDS,YOWUS
BKG00014072,CUS0002251,2025-07-02,MOB,CLXBUS
BKG00014073,CUS0001203,2025-01-01,CTR,BSSAVE
BKG00014074,CUS0000626,2026-05-02,WEB,BSSAVE
BKG00014075,CUS0002182,2025-10-01,GDS,CLXBUS
BKG00014076,CUS0001741,2023-11-29,AGT,CLXSAV
BKG00014077,CUS0000411,2023-08-21,GDS,GRPECO
BKG00014078,CUS0004436,2023-09-13,MOB,YOWUS
BKG00014079,CUS0004718,2024-08-26,CTR,WOWBUS
BKG00014080,CUS0004118,2026-01-13,GDS,BSSAVE
BKG00014081,CUS0000973,2025-09-15,WEB,BSSAVE
BKG00014082,CUS0000152,2023-12-15,MOB,BSSAVE
BKG00014083,CUS0004851,2023-06-01,CTR,WOWBUS
BKG00014084,CUS0004813,2024-01-08,CTR,YOWUS
BKG00014085,CUS0000859,2024-03-02,OTA,YOWUS
BKG00014086,CUS0003011,2024-11-04,CTR,CLXSAV
BKG00014087,CUS0002442,2026-01-24,GDS,FLXFST
BKG00014088,CUS0000645,2023-05-30,GDS,YOWUS
BKG00014089,CUS0003181,2025-04-10,CTR,YOWUS
BKG00014090,CUS0001946,2025-08-22,WEB,CLXBUS
BKG00014091,CUS0000253,2026-04-29,WEB,CLXSAV
BKG00014092,CUS0002213,2026-05-06,GDS,YOWUS
BKG00014093,CUS0000650,2025-12-05,AGT,WOWBUS
BKG00014094,CUS0000971,2024-10-16,OTA,WOWBUS
BKG00014095,CUS0001969,2025-02-16,GDS,YOWUS
BKG00014096,CUS0002931,2024-11-29,GDS,CLXBUS
BKG00014097,CUS0001606,2023-11-03,MOB,YOWRS
BKG00014098,CUS0000883,2025-08-27,WEB,CLXSAV
BKG00014099,CUS0002180,2024-12-23,CTR,CLXSAV
BKG00014100,CUS0001066,2023-09-22,CTR,YOWRS
BKG00014101,CUS0003883,2025-03-01,CTR,YOWRS
BKG00014102,CUS0004886,2025-01-02,GDS,YOWUS
BKG00014103,CUS0004934,2026-04-13,WEB,WOWBUS
BKG00014104,CUS0003108,2024-03-23,OTA,YOWRS
BKG00014105,CUS0004015,2024-06-20,AGT,FLXFST
BKG00014106,CUS0002597,2026-03-17,AGT,BSSAVE
BKG00014107,CUS0000149,2024-01-18,OTA,CLXBUS
BKG00014108,CUS0004441,2024-12-05,AGT,WOWBUS
BKG00014109,CUS0003260,2024-10-14,WEB,YOWUS
BKG00014110,CUS0000611,2024-06-30,GDS,YOWUS
BKG00014111,CUS0000880,2024-03-23,WEB,CLXSAV
BKG00014112,CUS0001776,2025-11-14,AGT,FLXFST
BKG00014113,CUS0000148,2026-04-14,CTR,FLXFST
BKG00014114,CUS0002392,2024-08-06,MOB,CLXBUS
BKG00014115,CUS0002982,2023-09-13,AGT,WOWBUS
BKG00014116,CUS0002186,2025-06-21,CTR,GRPECO
BKG00014117,CUS0001701,2023-06-04,MOB,YOWUS
BKG00014118,CUS0000025,2024-11-02,CTR,FLXFST
BKG00014119,CUS0000274,2024-02-29,WEB,CLXSAV
BKG00014120,CUS0001610,2025-08-23,OTA,WOWBUS
BKG00014121,CUS0000238,2025-07-01,OTA,WOWBUS
BKG00014122,CUS0001467,2024-04-12,OTA,FLXFST
BKG00014123,CUS0001416,2023-06-21,OTA,YOWUS
BKG00014124,CUS0002462,2023-09-28,CTR,GRPECO
BKG00014125,CUS0000354,2024-07-17,OTA,FLXFST
BKG00014126,CUS0002264,2025-01-10,CTR,CLXSAV
BKG00014127,CUS0002644,2025-09-29,OTA,YOWRS
BKG00014128,CUS0003314,2024-02-01,CTR,WOWBUS
BKG00014129,CUS0001336,2023-09-05,AGT,CLXBUS
BKG00014130,CUS0000259,2024-01-02,OTA,GRPECO
BKG00014131,CUS0002370,2024-08-06,WEB,YOWRS
BKG00014132,CUS0004635,2026-02-08,MOB,CLXSAV
BKG00014133,CUS0001631,2026-03-03,CTR,YOWRS
BKG00014134,CUS0000013,2024-04-08,MOB,YOWRS
BKG00014135,CUS0003248,2026-03-19,GDS,GRPECO
BKG00014136,CUS0003610,2024-01-11,AGT,YOWUS
BKG00014137,CUS0002952,2023-06-22,MOB,YOWRS
BKG00014138,CUS0004157,2025-11-23,OTA,FLXFST
BKG00014139,CUS0004348,2024-06-11,AGT,YOWUS
BKG00014140,CUS0002140,2023-09-07,AGT,WOWBUS
BKG00014141,CUS0004966,2026-05-20,OTA,BSSAVE
BKG00014142,CUS0004833,2026-03-10,WEB,YOWUS
BKG00014143,CUS0004218,2025-05-18,AGT,BSSAVE
BKG00014144,CUS0002676,2024-04-25,CTR,CLXSAV
BKG00014145,CUS0003966,2025-09-09,CTR,WOWBUS
BKG00014146,CUS0004987,2025-09-26,AGT,YOWUS
BKG00014147,CUS0001571,2023-07-01,GDS,YOWUS
BKG00014148,CUS0001756,2023-12-20,GDS,GRPECO
BKG00014149,CUS0001689,2026-03-16,WEB,BSSAVE
BKG00014150,CUS0000424,2023-12-09,OTA,FLXFST
BKG00014151,CUS0004644,2024-01-01,AGT,CLXBUS
BKG00014152,CUS0004255,2025-07-05,OTA,WOWBUS
BKG00014153,CUS0000505,2025-07-24,GDS,CLXBUS
BKG00014154,CUS0004264,2025-02-02,GDS,YOWRS
BKG00014155,CUS0001548,2025-10-18,OTA,YOWUS
BKG00014156,CUS0004854,2023-12-05,OTA,YOWRS
BKG00014157,CUS0002243,2024-01-10,WEB,CLXSAV
BKG00014158,CUS0000470,2025-12-18,AGT,YOWRS
BKG00014159,CUS0004535,2024-01-29,WEB,WOWBUS
BKG00014160,CUS0003165,2024-05-11,WEB,GRPECO
BKG00014161,CUS0000275,2026-03-26,WEB,YOWUS
BKG00014162,CUS0002263,2023-07-20,CTR,CLXSAV
BKG00014163,CUS0002494,2023-07-28,AGT,YOWRS
BKG00014164,CUS0001108,2024-06-14,AGT,WOWBUS
BKG00014165,CUS0002055,2026-04-23,CTR,YOWRS
BKG00014166,CUS0000069,2023-10-19,AGT,CLXBUS
BKG00014167,CUS0002666,2025-12-25,MOB,CLXSAV
BKG00014168,CUS0002678,2023-09-28,MOB,FLXFST
BKG00014169,CUS0001197,2023-06-06,OTA,CLXSAV
BKG00014170,CUS0003534,2024-01-24,WEB,CLXBUS
BKG00014171,CUS0002204,2025-03-15,WEB,BSSAVE
BKG00014172,CUS0004621,2026-02-27,CTR,GRPECO
BKG00014173,CUS0000502,2024-12-11,WEB,YOWUS
BKG00014174,CUS0001563,2024-08-09,AGT,BSSAVE
BKG00014175,CUS0000993,2023-12-05,OTA,BSSAVE
BKG00014176,CUS0004824,2023-09-03,OTA,YOWRS
BKG00014177,CUS0004066,2024-09-08,GDS,YOWRS
BKG00014178,CUS0000907,2025-01-05,WEB,CLXBUS
BKG00014179,CUS0004220,2025-07-02,MOB,BSSAVE
BKG00014180,CUS0002053,2025-03-20,AGT,YOWUS
BKG00014181,CUS0004907,2023-11-01,GDS,CLXSAV
BKG00014182,CUS0001111,2025-01-08,AGT,FLXFST
BKG00014183,CUS0000626,2026-03-09,MOB,YOWRS
BKG00014184,CUS0003179,2024-06-27,GDS,CLXBUS
BKG00014185,CUS0004230,2025-06-08,WEB,YOWUS
BKG00014186,CUS0000016,2024-01-10,WEB,YOWRS
BKG00014187,CUS0001350,2026-01-08,AGT,WOWBUS
BKG00014188,CUS0001797,2024-11-02,AGT,YOWUS
BKG00014189,CUS0001005,2024-06-12,GDS,GRPECO
BKG00014190,CUS0004749,2026-01-14,GDS,CLXSAV
BKG00014191,CUS0003021,2024-05-25,AGT,FLXFST
BKG00014192,CUS0003807,2025-10-08,MOB,BSSAVE
BKG00014193,CUS0001814,2026-02-17,CTR,WOWBUS
BKG00014194,CUS0003181,2024-06-25,CTR,CLXBUS
BKG00014195,CUS0000815,2024-02-18,OTA,WOWBUS
BKG00014196,CUS0002518,2024-12-28,OTA,FLXFST
BKG00014197,CUS0001392,2024-08-10,MOB,YOWUS
BKG00014198,CUS0003987,2023-08-19,OTA,YOWUS
BKG00014199,CUS0002571,2023-07-23,MOB,YOWUS
BKG00014200,CUS0002808,2025-07-14,AGT,CLXSAV
BKG00014201,CUS0000061,2025-08-11,CTR,CLXBUS
BKG00014202,CUS0001326,2025-06-09,CTR,YOWRS
BKG00014203,CUS0003572,2026-04-22,CTR,WOWBUS
BKG00014204,CUS0003255,2025-12-28,MOB,CLXSAV
BKG00014205,CUS0003651,2023-09-28,GDS,BSSAVE
BKG00014206,CUS0000703,2025-04-16,WEB,GRPECO
BKG00014207,CUS0001516,2024-09-02,GDS,CLXBUS
BKG00014208,CUS0001002,2024-03-08,WEB,CLXSAV
BKG00014209,CUS0004776,2023-05-30,WEB,CLXSAV
BKG00014210,CUS0003773,2025-05-22,CTR,YOWRS
BKG00014211,CUS0003057,2024-12-12,OTA,CLXSAV
BKG00014212,CUS0000747,2024-02-27,CTR,CLXBUS
BKG00014213,CUS0004858,2024-10-13,OTA,CLXSAV
BKG00014214,CUS0001372,2024-12-27,CTR,FLXFST
BKG00014215,CUS0002098,2024-06-14,MOB,CLXSAV
BKG00014216,CUS0001152,2025-01-27,MOB,YOWRS
BKG00014217,CUS0003965,2024-03-29,MOB,BSSAVE
BKG00014218,CUS0004520,2025-08-25,OTA,BSSAVE
BKG00014219,CUS0002167,2026-03-29,CTR,GRPECO
BKG00014220,CUS0001406,2023-06-10,CTR,YOWUS
BKG00014221,CUS0001328,2024-03-20,WEB,BSSAVE
BKG00014222,CUS0000624,2023-09-08,AGT,GRPECO
BKG00014223,CUS0001412,2023-06-23,GDS,CLXSAV
BKG00014224,CUS0000872,2025-03-09,AGT,WOWBUS
BKG00014225,CUS0002153,2024-03-11,MOB,YOWUS
BKG00014226,CUS0002559,2023-10-13,AGT,CLXSAV
BKG00014227,CUS0004020,2024-04-29,CTR,YOWRS
BKG00014228,CUS0002001,2026-05-11,WEB,CLXBUS
BKG00014229,CUS0002973,2026-05-03,GDS,BSSAVE
BKG00014230,CUS0003055,2026-01-20,MOB,YOWUS
BKG00014231,CUS0001792,2023-08-18,WEB,BSSAVE
BKG00014232,CUS0002299,2025-10-22,WEB,WOWBUS
BKG00014233,CUS0000129,2025-12-23,WEB,YOWRS
BKG00014234,CUS0000927,2026-02-09,MOB,YOWRS
BKG00014235,CUS0002308,2025-02-27,GDS,CLXBUS
BKG00014236,CUS0002519,2025-01-21,MOB,YOWRS
BKG00014237,CUS0002311,2024-02-03,MOB,GRPECO
BKG00014238,CUS0003917,2024-02-04,CTR,YOWUS
BKG00014239,CUS0003042,2025-11-28,OTA,BSSAVE
BKG00014240,CUS0001091,2023-06-01,GDS,GRPECO
BKG00014241,CUS0000193,2025-02-27,AGT,BSSAVE
BKG00014242,CUS0003502,2024-05-19,WEB,CLXBUS
BKG00014243,CUS0004616,2026-03-30,GDS,FLXFST
BKG00014244,CUS0003876,2024-09-02,CTR,GRPECO
BKG00014245,CUS0001506,2025-06-11,OTA,FLXFST
BKG00014246,CUS0004847,2026-05-17,GDS,CLXBUS
BKG00014247,CUS0000638,2023-06-03,WEB,WOWBUS
BKG00014248,CUS0002849,2023-11-25,WEB,GRPECO
BKG00014249,CUS0003560,2026-03-21,OTA,FLXFST
BKG00014250,CUS0003701,2024-05-29,MOB,GRPECO
BKG00014251,CUS0003301,2025-02-06,MOB,WOWBUS
BKG00014252,CUS0004627,2024-05-22,GDS,YOWUS
BKG00014253,CUS0000329,2024-11-18,GDS,YOWRS
BKG00014254,CUS0000869,2024-01-23,CTR,CLXBUS
BKG00014255,CUS0004089,2025-07-01,OTA,YOWUS
BKG00014256,CUS0002918,2026-03-25,AGT,BSSAVE
BKG00014257,CUS0001050,2025-06-03,WEB,YOWRS
BKG00014258,CUS0000542,2025-02-23,MOB,GRPECO
BKG00014259,CUS0000068,2024-07-27,AGT,CLXBUS
BKG00014260,CUS0001167,2024-03-05,MOB,CLXSAV
BKG00014261,CUS0004669,2025-03-31,AGT,WOWBUS
BKG00014262,CUS0001929,2024-07-23,AGT,BSSAVE
BKG00014263,CUS0001723,2025-12-04,CTR,YOWRS
BKG00014264,CUS0002495,2024-03-28,MOB,WOWBUS
BKG00014265,CUS0000916,2025-10-26,GDS,YOWRS
BKG00014266,CUS0003534,2023-08-23,GDS,GRPECO
BKG00014267,CUS0002519,2026-02-17,AGT,CLXBUS
BKG00014268,CUS0003386,2025-04-08,CTR,GRPECO
BKG00014269,CUS0000325,2023-09-04,GDS,YOWRS
BKG00014270,CUS0000918,2024-05-08,CTR,CLXSAV
BKG00014271,CUS0000557,2023-12-12,WEB,YOWRS
BKG00014272,CUS0003032,2025-12-15,GDS,GRPECO
BKG00014273,CUS0001052,2026-04-08,MOB,YOWUS
BKG00014274,CUS0001616,2025-06-11,GDS,YOWRS
BKG00014275,CUS0002638,2024-10-30,AGT,CLXSAV
BKG00014276,CUS0004226,2024-05-31,GDS,YOWUS
BKG00014277,CUS0001490,2024-05-15,GDS,CLXBUS
BKG00014278,CUS0001067,2024-11-02,MOB,FLXFST
BKG00014279,CUS0001457,2025-06-15,AGT,CLXBUS
BKG00014280,CUS0002777,2024-04-15,CTR,CLXBUS
BKG00014281,CUS0003083,2026-04-12,AGT,WOWBUS
BKG00014282,CUS0003654,2025-01-04,WEB,CLXBUS
BKG00014283,CUS0003783,2023-11-26,AGT,GRPECO
BKG00014284,CUS0002838,2023-08-06,WEB,YOWUS
BKG00014285,CUS0002925,2024-12-26,AGT,GRPECO
BKG00014286,CUS0000537,2023-05-29,WEB,GRPECO
BKG00014287,CUS0004331,2025-09-02,OTA,CLXBUS
BKG00014288,CUS0002287,2024-08-31,WEB,YOWUS
BKG00014289,CUS0001280,2026-05-20,AGT,GRPECO
BKG00014290,CUS0002134,2024-07-01,CTR,CLXBUS
BKG00014291,CUS0001393,2023-08-06,OTA,CLXBUS
BKG00014292,CUS0001893,2025-01-02,GDS,WOWBUS
BKG00014293,CUS0003327,2025-08-10,GDS,FLXFST
BKG00014294,CUS0000428,2024-09-13,OTA,CLXBUS
BKG00014295,CUS0004414,2024-09-10,GDS,GRPECO
BKG00014296,CUS0000957,2024-04-10,WEB,YOWRS
BKG00014297,CUS0003336,2024-11-19,WEB,BSSAVE
BKG00014298,CUS0004013,2023-10-08,AGT,GRPECO
BKG00014299,CUS0001805,2023-07-23,OTA,GRPECO
BKG00014300,CUS0003799,2025-10-05,OTA,FLXFST
BKG00014301,CUS0003590,2025-03-01,CTR,CLXBUS
BKG00014302,CUS0003072,2026-04-26,AGT,BSSAVE
BKG00014303,CUS0003792,2025-10-01,MOB,WOWBUS
BKG00014304,CUS0000839,2024-06-06,AGT,YOWRS
BKG00014305,CUS0002603,2026-03-27,GDS,GRPECO
BKG00014306,CUS0002680,2025-09-07,OTA,YOWRS
BKG00014307,CUS0001750,2024-11-18,OTA,CLXBUS
BKG00014308,CUS0002883,2025-09-24,OTA,GRPECO
BKG00014309,CUS0004893,2024-12-15,GDS,YOWUS
BKG00014310,CUS0003771,2023-10-27,CTR,YOWUS
BKG00014311,CUS0003901,2024-01-24,GDS,YOWUS
BKG00014312,CUS0002530,2026-02-14,AGT,CLXSAV
BKG00014313,CUS0002764,2025-12-18,MOB,YOWUS
BKG00014314,CUS0000162,2025-12-31,WEB,GRPECO
BKG00014315,CUS0001605,2023-06-28,WEB,CLXBUS
BKG00014316,CUS0000855,2025-02-27,MOB,GRPECO
BKG00014317,CUS0001410,2024-11-22,OTA,BSSAVE
BKG00014318,CUS0000889,2023-08-05,AGT,BSSAVE
BKG00014319,CUS0004708,2023-08-01,AGT,CLXSAV
BKG00014320,CUS0003129,2023-10-10,GDS,BSSAVE
BKG00014321,CUS0002117,2024-10-25,WEB,CLXSAV
BKG00014322,CUS0002999,2026-02-07,OTA,BSSAVE
BKG00014323,CUS0002675,2025-12-21,WEB,GRPECO
BKG00014324,CUS0003844,2024-10-24,OTA,CLXSAV
BKG00014325,CUS0003532,2025-10-05,OTA,BSSAVE
BKG00014326,CUS0003306,2025-12-19,OTA,BSSAVE
BKG00014327,CUS0002210,2024-02-06,MOB,GRPECO
BKG00014328,CUS0002522,2026-01-25,MOB,BSSAVE
BKG00014329,CUS0001261,2025-09-29,WEB,BSSAVE
BKG00014330,CUS0001042,2025-08-15,WEB,CLXBUS
BKG00014331,CUS0000597,2025-03-29,WEB,FLXFST
BKG00014332,CUS0002397,2025-03-31,CTR,FLXFST
BKG00014333,CUS0000344,2026-05-04,GDS,BSSAVE
BKG00014334,CUS0003081,2023-08-24,OTA,BSSAVE
BKG00014335,CUS0000506,2025-12-09,AGT,YOWRS
BKG00014336,CUS0002283,2024-11-08,CTR,GRPECO
BKG00014337,CUS0003436,2024-12-28,WEB,FLXFST
BKG00014338,CUS0003698,2024-02-16,MOB,GRPECO
BKG00014339,CUS0001395,2024-11-21,OTA,YOWUS
BKG00014340,CUS0000451,2025-10-25,CTR,WOWBUS
BKG00014341,CUS0001318,2025-08-03,WEB,CLXSAV
BKG00014342,CUS0003193,2024-04-20,AGT,WOWBUS
BKG00014343,CUS0001470,2026-03-07,WEB,CLXSAV
BKG00014344,CUS0000009,2024-08-15,GDS,CLXSAV
BKG00014345,CUS0000342,2025-10-27,GDS,FLXFST
BKG00014346,CUS0000930,2026-01-08,AGT,CLXSAV
BKG00014347,CUS0004432,2026-04-09,CTR,CLXBUS
BKG00014348,CUS0002233,2024-12-11,AGT,CLXSAV
BKG00014349,CUS0001038,2025-02-02,MOB,FLXFST
BKG00014350,CUS0002049,2025-03-04,CTR,CLXBUS
BKG00014351,CUS0000592,2025-02-25,WEB,YOWUS
BKG00014352,CUS0000273,2024-04-23,AGT,BSSAVE
BKG00014353,CUS0000272,2025-06-09,CTR,FLXFST
BKG00014354,CUS0004028,2024-02-18,GDS,YOWUS
BKG00014355,CUS0002437,2024-08-04,WEB,FLXFST
BKG00014356,CUS0001178,2024-05-18,MOB,BSSAVE
BKG00014357,CUS0000792,2025-09-11,OTA,YOWRS
BKG00014358,CUS0003820,2023-08-07,OTA,YOWRS
BKG00014359,CUS0004935,2024-10-04,GDS,GRPECO
BKG00014360,CUS0004836,2026-03-11,MOB,FLXFST
BKG00014361,CUS0000225,2026-03-23,OTA,FLXFST
BKG00014362,CUS0002898,2025-07-09,MOB,YOWRS
BKG00014363,CUS0002217,2023-07-17,AGT,WOWBUS
BKG00014364,CUS0002216,2026-02-18,MOB,BSSAVE
BKG00014365,CUS0000269,2024-03-17,GDS,YOWUS
BKG00014366,CUS0002350,2025-04-18,MOB,YOWRS
BKG00014367,CUS0000371,2025-02-25,GDS,GRPECO
BKG00014368,CUS0001380,2025-03-30,MOB,BSSAVE
BKG00014369,CUS0004599,2024-12-16,GDS,CLXBUS
BKG00014370,CUS0004895,2026-02-09,OTA,WOWBUS
BKG00014371,CUS0003279,2023-07-06,GDS,CLXBUS
BKG00014372,CUS0001347,2025-06-13,CTR,FLXFST
BKG00014373,CUS0000271,2025-07-27,WEB,GRPECO
BKG00014374,CUS0003211,2024-05-22,AGT,GRPECO
BKG00014375,CUS0004341,2026-04-12,GDS,WOWBUS
BKG00014376,CUS0004118,2024-09-09,CTR,YOWUS
BKG00014377,CUS0000968,2024-06-07,WEB,YOWRS
BKG00014378,CUS0001693,2024-06-22,WEB,CLXSAV
BKG00014379,CUS0001411,2025-10-05,AGT,BSSAVE
BKG00014380,CUS0001703,2024-03-28,CTR,WOWBUS
BKG00014381,CUS0002983,2025-08-12,MOB,BSSAVE
BKG00014382,CUS0001724,2024-04-15,GDS,GRPECO
BKG00014383,CUS0002748,2024-08-02,WEB,CLXBUS
BKG00014384,CUS0002348,2025-08-18,CTR,YOWUS
BKG00014385,CUS0003257,2024-04-25,AGT,WOWBUS
BKG00014386,CUS0001533,2023-05-26,OTA,CLXBUS
BKG00014387,CUS0004508,2024-05-05,AGT,FLXFST
BKG00014388,CUS0004497,2025-04-11,OTA,FLXFST
BKG00014389,CUS0000284,2023-11-05,OTA,YOWRS
BKG00014390,CUS0001388,2024-02-12,GDS,YOWRS
BKG00014391,CUS0003245,2024-10-24,AGT,CLXSAV
BKG00014392,CUS0002662,2026-04-30,AGT,CLXBUS
BKG00014393,CUS0001064,2025-10-09,GDS,WOWBUS
BKG00014394,CUS0001609,2024-08-11,AGT,GRPECO
BKG00014395,CUS0000457,2026-05-04,MOB,YOWRS
BKG00014396,CUS0002440,2024-11-27,AGT,FLXFST
BKG00014397,CUS0000635,2024-08-23,AGT,FLXFST
BKG00014398,CUS0000286,2024-05-31,OTA,GRPECO
BKG00014399,CUS0003114,2023-09-15,WEB,YOWUS
BKG00014400,CUS0001220,2026-05-20,CTR,FLXFST
BKG00014401,CUS0003005,2024-04-26,OTA,CLXBUS
BKG00014402,CUS0000677,2025-06-21,CTR,YOWUS
BKG00014403,CUS0002173,2024-07-30,MOB,GRPECO
BKG00014404,CUS0003809,2024-03-08,WEB,BSSAVE
BKG00014405,CUS0003396,2023-08-26,GDS,YOWUS
BKG00014406,CUS0002705,2023-12-07,WEB,WOWBUS
BKG00014407,CUS0002633,2026-03-25,GDS,BSSAVE
BKG00014408,CUS0001947,2026-02-24,GDS,BSSAVE
BKG00014409,CUS0002247,2025-09-13,GDS,CLXBUS
BKG00014410,CUS0002667,2023-12-17,GDS,YOWUS
BKG00014411,CUS0002410,2025-07-28,CTR,CLXSAV
BKG00014412,CUS0000708,2023-09-26,WEB,YOWUS
BKG00014413,CUS0003315,2026-01-22,OTA,FLXFST
BKG00014414,CUS0001928,2023-07-23,MOB,BSSAVE
BKG00014415,CUS0003312,2025-07-29,GDS,YOWRS
BKG00014416,CUS0000946,2026-04-22,WEB,GRPECO
BKG00014417,CUS0004168,2025-09-27,OTA,YOWRS
BKG00014418,CUS0001473,2026-02-03,OTA,BSSAVE
BKG00014419,CUS0003721,2024-09-09,MOB,YOWRS
BKG00014420,CUS0003322,2024-05-27,CTR,CLXBUS
BKG00014421,CUS0001144,2025-09-07,MOB,BSSAVE
BKG00014422,CUS0004972,2024-06-05,MOB,CLXSAV
BKG00014423,CUS0002022,2024-02-21,CTR,CLXBUS
BKG00014424,CUS0000580,2026-04-22,CTR,GRPECO
BKG00014425,CUS0002707,2026-01-20,GDS,FLXFST
BKG00014426,CUS0000710,2023-10-14,GDS,FLXFST
BKG00014427,CUS0003067,2026-05-21,AGT,GRPECO
BKG00014428,CUS0001326,2024-03-16,MOB,CLXBUS
BKG00014429,CUS0002983,2023-12-29,CTR,WOWBUS
BKG00014430,CUS0003572,2023-09-26,GDS,YOWUS
BKG00014431,CUS0004094,2024-06-08,CTR,WOWBUS
BKG00014432,CUS0001925,2026-03-02,AGT,CLXBUS
BKG00014433,CUS0000391,2023-10-16,CTR,WOWBUS
BKG00014434,CUS0001594,2025-11-04,GDS,WOWBUS
BKG00014435,CUS0003215,2023-09-08,AGT,YOWRS
BKG00014436,CUS0002881,2023-06-29,AGT,BSSAVE
BKG00014437,CUS0003188,2026-02-02,GDS,FLXFST
BKG00014438,CUS0003134,2025-05-19,AGT,YOWUS
BKG00014439,CUS0004441,2024-12-08,WEB,GRPECO
BKG00014440,CUS0004824,2024-03-09,OTA,FLXFST
BKG00014441,CUS0002752,2026-05-07,MOB,YOWUS
BKG00014442,CUS0000207,2025-06-11,WEB,BSSAVE
BKG00014443,CUS0001173,2025-10-10,GDS,CLXSAV
BKG00014444,CUS0000111,2026-01-07,CTR,WOWBUS
BKG00014445,CUS0003352,2025-01-30,AGT,YOWUS
BKG00014446,CUS0002302,2024-01-09,GDS,YOWUS
BKG00014447,CUS0001273,2025-08-23,CTR,YOWUS
BKG00014448,CUS0001924,2025-09-10,MOB,GRPECO
BKG00014449,CUS0000713,2024-08-05,OTA,BSSAVE
BKG00014450,CUS0000914,2025-06-07,MOB,GRPECO
BKG00014451,CUS0002365,2025-07-18,GDS,BSSAVE
BKG00014452,CUS0004087,2026-04-16,CTR,WOWBUS
BKG00014453,CUS0004742,2023-11-30,MOB,BSSAVE
BKG00014454,CUS0003340,2026-05-14,AGT,CLXBUS
BKG00014455,CUS0004675,2024-10-31,OTA,CLXBUS
BKG00014456,CUS0001293,2025-08-19,GDS,FLXFST
BKG00014457,CUS0001032,2025-11-27,CTR,WOWBUS
BKG00014458,CUS0002020,2025-02-02,GDS,WOWBUS
BKG00014459,CUS0001158,2025-10-03,OTA,YOWUS
BKG00014460,CUS0003862,2024-11-19,MOB,YOWRS
BKG00014461,CUS0002832,2025-12-22,CTR,YOWRS
BKG00014462,CUS0003412,2024-06-18,WEB,YOWUS
BKG00014463,CUS0004830,2024-01-22,CTR,YOWUS
BKG00014464,CUS0004914,2023-10-16,CTR,YOWUS
BKG00014465,CUS0002153,2025-06-15,WEB,WOWBUS
BKG00014466,CUS0001894,2026-05-14,GDS,BSSAVE
BKG00014467,CUS0003585,2026-01-19,MOB,CLXBUS
BKG00014468,CUS0002476,2024-01-27,OTA,BSSAVE
BKG00014469,CUS0001522,2025-03-08,GDS,CLXSAV
BKG00014470,CUS0004934,2026-01-22,OTA,BSSAVE
BKG00014471,CUS0003193,2023-07-19,GDS,WOWBUS
BKG00014472,CUS0001097,2025-07-28,AGT,GRPECO
BKG00014473,CUS0001471,2024-01-23,MOB,BSSAVE
BKG00014474,CUS0000835,2023-10-25,OTA,CLXSAV
BKG00014475,CUS0001951,2024-04-16,MOB,CLXSAV
BKG00014476,CUS0000412,2026-01-25,WEB,FLXFST
BKG00014477,CUS0004739,2024-10-02,MOB,BSSAVE
BKG00014478,CUS0004643,2025-12-26,GDS,CLXBUS
BKG00014479,CUS0002962,2023-09-30,WEB,YOWRS
BKG00014480,CUS0003233,2024-02-15,OTA,YOWRS
BKG00014481,CUS0003458,2025-10-20,WEB,FLXFST
BKG00014482,CUS0001422,2024-02-01,OTA,CLXSAV
BKG00014483,CUS0000871,2026-04-28,MOB,WOWBUS
BKG00014484,CUS0004761,2024-05-14,GDS,FLXFST
BKG00014485,CUS0000039,2023-11-29,AGT,CLXSAV
BKG00014486,CUS0003804,2023-06-07,OTA,BSSAVE
BKG00014487,CUS0004711,2025-05-08,GDS,FLXFST
BKG00014488,CUS0002498,2025-07-16,GDS,YOWRS
BKG00014489,CUS0000766,2024-08-14,CTR,YOWRS
BKG00014490,CUS0001739,2025-02-17,MOB,YOWUS
BKG00014491,CUS0003715,2025-04-02,MOB,WOWBUS
BKG00014492,CUS0004697,2026-05-18,WEB,YOWRS
BKG00014493,CUS0004402,2025-12-18,OTA,FLXFST
BKG00014494,CUS0002701,2026-02-01,OTA,YOWUS
BKG00014495,CUS0003366,2024-11-05,MOB,FLXFST
BKG00014496,CUS0004754,2025-01-04,AGT,CLXSAV
BKG00014497,CUS0000519,2023-10-29,GDS,GRPECO
BKG00014498,CUS0003445,2025-04-10,AGT,CLXSAV
BKG00014499,CUS0002910,2023-10-09,CTR,YOWRS
BKG00014500,CUS0004891,2025-09-07,GDS,FLXFST
BKG00014501,CUS0004795,2024-02-02,GDS,FLXFST
BKG00014502,CUS0000504,2024-04-24,AGT,BSSAVE
BKG00014503,CUS0001130,2024-02-10,MOB,FLXFST
BKG00014504,CUS0002251,2025-07-02,OTA,CLXSAV
BKG00014505,CUS0000854,2024-04-13,OTA,WOWBUS
BKG00014506,CUS0003689,2025-09-21,AGT,YOWUS
BKG00014507,CUS0002204,2025-10-07,MOB,CLXBUS
BKG00014508,CUS0001271,2023-12-13,OTA,YOWRS
BKG00014509,CUS0003426,2026-03-07,MOB,FLXFST
BKG00014510,CUS0001619,2025-05-26,WEB,GRPECO
BKG00014511,CUS0003834,2025-10-15,GDS,CLXBUS
BKG00014512,CUS0002240,2025-05-26,MOB,BSSAVE
BKG00014513,CUS0001189,2024-07-23,WEB,BSSAVE
BKG00014514,CUS0002471,2023-10-02,MOB,YOWRS
BKG00014515,CUS0004837,2024-06-09,GDS,WOWBUS
BKG00014516,CUS0004205,2025-10-19,WEB,YOWUS
BKG00014517,CUS0001906,2026-03-02,OTA,GRPECO
BKG00014518,CUS0001672,2026-03-20,WEB,GRPECO
BKG00014519,CUS0002677,2025-04-05,WEB,YOWUS
BKG00014520,CUS0001448,2024-05-15,CTR,CLXSAV
BKG00014521,CUS0004428,2023-09-21,MOB,CLXSAV
BKG00014522,CUS0000121,2026-01-27,CTR,WOWBUS
BKG00014523,CUS0001927,2025-07-08,MOB,GRPECO
BKG00014524,CUS0000829,2025-06-30,WEB,CLXBUS
BKG00014525,CUS0002573,2023-06-05,MOB,CLXSAV
BKG00014526,CUS0000718,2024-12-29,MOB,CLXSAV
BKG00014527,CUS0003494,2025-04-15,AGT,WOWBUS
BKG00014528,CUS0002415,2024-10-12,MOB,YOWRS
BKG00014529,CUS0003601,2025-03-21,WEB,YOWRS
BKG00014530,CUS0003119,2023-11-08,MOB,WOWBUS
BKG00014531,CUS0002853,2024-09-09,OTA,GRPECO
BKG00014532,CUS0000698,2025-10-30,AGT,CLXSAV
BKG00014533,CUS0002134,2026-04-10,MOB,WOWBUS
BKG00014534,CUS0004145,2023-07-20,MOB,CLXSAV
BKG00014535,CUS0002480,2024-08-08,WEB,GRPECO
BKG00014536,CUS0003361,2026-04-07,CTR,BSSAVE
BKG00014537,CUS0001206,2025-07-25,WEB,FLXFST
BKG00014538,CUS0004419,2024-09-24,MOB,CLXBUS
BKG00014539,CUS0002794,2025-09-18,CTR,YOWUS
BKG00014540,CUS0001424,2024-08-19,CTR,CLXBUS
BKG00014541,CUS0002840,2024-12-15,GDS,YOWRS
BKG00014542,CUS0004561,2026-03-19,GDS,YOWRS
BKG00014543,CUS0004622,2023-12-18,AGT,YOWRS
BKG00014544,CUS0003500,2023-11-17,AGT,BSSAVE
BKG00014545,CUS0003025,2023-09-10,OTA,WOWBUS
BKG00014546,CUS0000875,2024-01-24,OTA,CLXSAV
BKG00014547,CUS0002039,2026-01-09,AGT,FLXFST
BKG00014548,CUS0002775,2024-09-20,WEB,WOWBUS
BKG00014549,CUS0001778,2024-07-27,CTR,FLXFST
BKG00014550,CUS0000910,2024-04-07,MOB,FLXFST
BKG00014551,CUS0003818,2024-11-12,AGT,CLXBUS
BKG00014552,CUS0003163,2024-07-12,WEB,FLXFST
BKG00014553,CUS0000824,2023-07-04,GDS,YOWUS
BKG00014554,CUS0002611,2023-08-25,OTA,WOWBUS
BKG00014555,CUS0001856,2025-04-02,GDS,YOWUS
BKG00014556,CUS0003966,2024-01-28,AGT,WOWBUS
BKG00014557,CUS0003134,2023-10-08,GDS,YOWRS
BKG00014558,CUS0001041,2026-02-08,GDS,CLXBUS
BKG00014559,CUS0003964,2026-05-07,WEB,FLXFST
BKG00014560,CUS0004961,2025-07-06,OTA,WOWBUS
BKG00014561,CUS0000640,2024-07-30,MOB,YOWRS
BKG00014562,CUS0003715,2025-08-31,CTR,CLXBUS
BKG00014563,CUS0000004,2025-08-17,AGT,FLXFST
BKG00014564,CUS0003696,2023-10-12,MOB,FLXFST
BKG00014565,CUS0003657,2025-12-03,MOB,YOWUS
BKG00014566,CUS0002236,2023-06-26,WEB,FLXFST
BKG00014567,CUS0001391,2025-12-29,CTR,WOWBUS
BKG00014568,CUS0000534,2025-01-14,CTR,YOWRS
BKG00014569,CUS0003089,2023-07-06,GDS,GRPECO
BKG00014570,CUS0002569,2025-06-24,AGT,FLXFST
BKG00014571,CUS0002113,2025-01-30,GDS,CLXBUS
BKG00014572,CUS0000117,2023-08-21,WEB,BSSAVE
BKG00014573,CUS0002979,2024-08-17,OTA,WOWBUS
BKG00014574,CUS0000989,2026-02-28,GDS,CLXSAV
BKG00014575,CUS0002673,2024-11-26,WEB,CLXBUS
BKG00014576,CUS0003204,2025-03-04,WEB,FLXFST
BKG00014577,CUS0000920,2024-11-28,OTA,WOWBUS
BKG00014578,CUS0004436,2023-08-29,AGT,CLXBUS
BKG00014579,CUS0000401,2023-11-15,MOB,GRPECO
BKG00014580,CUS0001030,2025-01-15,GDS,GRPECO
BKG00014581,CUS0002755,2024-06-09,OTA,CLXSAV
BKG00014582,CUS0003605,2025-09-24,GDS,YOWUS
BKG00014583,CUS0004767,2026-03-28,OTA,YOWRS
BKG00014584,CUS0002114,2024-11-13,MOB,CLXSAV
BKG00014585,CUS0000507,2025-05-27,CTR,CLXSAV
BKG00014586,CUS0003214,2024-06-15,MOB,FLXFST
BKG00014587,CUS0000461,2023-09-08,MOB,CLXSAV
BKG00014588,CUS0002639,2025-12-29,MOB,BSSAVE
BKG00014589,CUS0001556,2026-01-24,WEB,WOWBUS
BKG00014590,CUS0001218,2025-02-21,CTR,FLXFST
BKG00014591,CUS0003983,2025-08-31,CTR,WOWBUS
BKG00014592,CUS0002529,2024-08-27,MOB,CLXSAV
BKG00014593,CUS0004390,2025-05-08,AGT,CLXSAV
BKG00014594,CUS0004743,2026-04-30,WEB,GRPECO
BKG00014595,CUS0003819,2023-06-19,GDS,WOWBUS
BKG00014596,CUS0004197,2025-09-27,OTA,FLXFST
BKG00014597,CUS0004716,2023-11-01,MOB,BSSAVE
BKG00014598,CUS0002737,2024-07-19,AGT,CLXBUS
BKG00014599,CUS0001857,2026-04-21,GDS,FLXFST
BKG00014600,CUS0001607,2024-11-30,GDS,FLXFST
BKG00014601,CUS0001447,2023-07-22,CTR,GRPECO
BKG00014602,CUS0000795,2025-07-19,WEB,GRPECO
BKG00014603,CUS0000950,2023-12-21,GDS,CLXSAV
BKG00014604,CUS0001739,2026-03-25,AGT,CLXSAV
BKG00014605,CUS0004891,2024-04-27,OTA,CLXSAV
BKG00014606,CUS0001600,2025-04-17,CTR,CLXBUS
BKG00014607,CUS0003026,2025-09-12,WEB,FLXFST
BKG00014608,CUS0004655,2024-05-30,CTR,CLXSAV
BKG00014609,CUS0004117,2025-07-15,AGT,BSSAVE
BKG00014610,CUS0004972,2024-12-08,OTA,FLXFST
BKG00014611,CUS0001929,2024-02-09,WEB,GRPECO
BKG00014612,CUS0001233,2024-12-31,CTR,CLXSAV
BKG00014613,CUS0002665,2024-04-05,AGT,CLXBUS
BKG00014614,CUS0000995,2026-05-07,GDS,WOWBUS
BKG00014615,CUS0002452,2024-12-08,MOB,YOWRS
BKG00014616,CUS0002558,2026-05-17,CTR,YOWRS
BKG00014617,CUS0002158,2024-03-27,MOB,YOWRS
BKG00014618,CUS0002919,2024-01-29,OTA,CLXBUS
BKG00014619,CUS0000272,2024-11-10,CTR,FLXFST
BKG00014620,CUS0003790,2025-03-29,GDS,BSSAVE
BKG00014621,CUS0002551,2024-11-06,MOB,CLXSAV
BKG00014622,CUS0004052,2025-09-13,OTA,YOWUS
BKG00014623,CUS0002534,2025-10-19,WEB,CLXSAV
BKG00014624,CUS0001302,2025-11-07,AGT,GRPECO
BKG00014625,CUS0003812,2024-04-20,WEB,WOWBUS
BKG00014626,CUS0003017,2026-04-10,OTA,GRPECO
BKG00014627,CUS0003531,2023-11-24,GDS,WOWBUS
BKG00014628,CUS0000410,2025-04-06,GDS,GRPECO
BKG00014629,CUS0004673,2024-04-16,CTR,GRPECO
BKG00014630,CUS0002626,2023-07-14,WEB,YOWUS
BKG00014631,CUS0004775,2025-12-01,WEB,FLXFST
BKG00014632,CUS0002897,2023-05-31,WEB,CLXBUS
BKG00014633,CUS0000190,2023-09-18,GDS,BSSAVE
BKG00014634,CUS0001872,2026-01-18,OTA,FLXFST
BKG00014635,CUS0000841,2023-09-16,OTA,YOWUS
BKG00014636,CUS0002228,2024-05-07,WEB,YOWRS
BKG00014637,CUS0004089,2024-09-05,WEB,BSSAVE
BKG00014638,CUS0004617,2025-03-30,MOB,BSSAVE
BKG00014639,CUS0000432,2025-09-14,CTR,BSSAVE
BKG00014640,CUS0002603,2026-04-11,WEB,WOWBUS
BKG00014641,CUS0000233,2023-06-11,WEB,BSSAVE
BKG00014642,CUS0004794,2023-08-12,AGT,CLXSAV
BKG00014643,CUS0000367,2026-04-14,WEB,YOWRS
BKG00014644,CUS0002490,2024-05-14,GDS,CLXBUS
BKG00014645,CUS0003652,2025-02-25,MOB,YOWUS
BKG00014646,CUS0002847,2026-01-17,OTA,CLXSAV
BKG00014647,CUS0001037,2023-10-14,MOB,GRPECO
BKG00014648,CUS0004129,2024-12-10,MOB,YOWUS
BKG00014649,CUS0002069,2024-11-03,CTR,GRPECO
BKG00014650,CUS0002826,2024-07-24,GDS,CLXBUS
BKG00014651,CUS0002567,2024-01-09,GDS,CLXBUS
BKG00014652,CUS0002323,2025-03-20,MOB,FLXFST
BKG00014653,CUS0001900,2023-08-20,MOB,WOWBUS
BKG00014654,CUS0002013,2024-01-24,AGT,CLXBUS
BKG00014655,CUS0003395,2025-03-31,OTA,YOWRS
BKG00014656,CUS0004676,2025-06-25,WEB,WOWBUS
BKG00014657,CUS0002384,2025-01-28,CTR,WOWBUS
BKG00014658,CUS0000435,2026-01-22,CTR,BSSAVE
BKG00014659,CUS0002414,2026-04-12,WEB,WOWBUS
BKG00014660,CUS0000338,2023-09-07,WEB,FLXFST
BKG00014661,CUS0000402,2024-10-31,GDS,CLXBUS
BKG00014662,CUS0002155,2023-10-06,CTR,YOWUS
BKG00014663,CUS0001650,2025-10-13,OTA,WOWBUS
BKG00014664,CUS0002382,2026-03-16,WEB,GRPECO
BKG00014665,CUS0003966,2023-09-02,AGT,WOWBUS
BKG00014666,CUS0001671,2025-11-19,OTA,WOWBUS
BKG00014667,CUS0000348,2024-06-05,AGT,GRPECO
BKG00014668,CUS0000910,2024-06-10,CTR,BSSAVE
BKG00014669,CUS0000819,2023-10-10,AGT,BSSAVE
BKG00014670,CUS0000754,2026-03-22,GDS,YOWUS
BKG00014671,CUS0003554,2023-08-06,AGT,WOWBUS
BKG00014672,CUS0004662,2024-07-21,MOB,WOWBUS
BKG00014673,CUS0000550,2024-05-18,CTR,FLXFST
BKG00014674,CUS0003780,2024-06-16,AGT,YOWRS
BKG00014675,CUS0000696,2025-05-06,AGT,YOWUS
BKG00014676,CUS0004457,2024-07-26,WEB,BSSAVE
BKG00014677,CUS0001930,2025-01-19,CTR,WOWBUS
BKG00014678,CUS0003270,2024-10-15,CTR,GRPECO
BKG00014679,CUS0000052,2026-01-12,AGT,BSSAVE
BKG00014680,CUS0002916,2023-10-08,GDS,CLXSAV
BKG00014681,CUS0001965,2024-04-22,OTA,FLXFST
BKG00014682,CUS0002537,2023-10-16,OTA,YOWRS
BKG00014683,CUS0000570,2025-03-04,CTR,WOWBUS
BKG00014684,CUS0002857,2024-03-20,OTA,GRPECO
BKG00014685,CUS0001515,2025-07-22,CTR,FLXFST
BKG00014686,CUS0002040,2023-10-15,CTR,FLXFST
BKG00014687,CUS0001332,2024-02-25,OTA,YOWUS
BKG00014688,CUS0001285,2025-09-23,MOB,CLXBUS
BKG00014689,CUS0001179,2026-03-16,WEB,WOWBUS
BKG00014690,CUS0000577,2025-09-12,GDS,CLXSAV
BKG00014691,CUS0000617,2025-02-15,OTA,CLXSAV
BKG00014692,CUS0000083,2023-09-16,CTR,YOWUS
BKG00014693,CUS0004928,2024-08-03,AGT,YOWUS
BKG00014694,CUS0001567,2025-11-20,CTR,CLXSAV
BKG00014695,CUS0003927,2025-09-03,MOB,FLXFST
BKG00014696,CUS0001979,2023-05-25,CTR,CLXSAV
BKG00014697,CUS0001930,2025-11-17,CTR,YOWRS
BKG00014698,CUS0000202,2024-01-21,GDS,GRPECO
BKG00014699,CUS0001856,2024-09-08,MOB,WOWBUS
BKG00014700,CUS0004258,2025-09-28,MOB,GRPECO
BKG00014701,CUS0003146,2025-12-12,OTA,WOWBUS
BKG00014702,CUS0002421,2025-08-04,CTR,YOWUS
BKG00014703,CUS0001459,2024-10-28,AGT,CLXBUS
BKG00014704,CUS0004723,2024-07-04,GDS,FLXFST
BKG00014705,CUS0004270,2024-11-25,CTR,BSSAVE
BKG00014706,CUS0001929,2025-06-28,CTR,CLXSAV
BKG00014707,CUS0004488,2024-09-13,OTA,CLXSAV
BKG00014708,CUS0001495,2025-10-30,WEB,YOWRS
BKG00014709,CUS0000014,2025-11-26,AGT,YOWRS
BKG00014710,CUS0002984,2025-10-08,AGT,CLXBUS
BKG00014711,CUS0002481,2026-01-19,OTA,CLXBUS
BKG00014712,CUS0004025,2024-07-13,CTR,BSSAVE
BKG00014713,CUS0000033,2025-05-09,GDS,CLXBUS
BKG00014714,CUS0000467,2024-06-01,OTA,YOWRS
BKG00014715,CUS0004501,2025-09-23,GDS,YOWUS
BKG00014716,CUS0001547,2025-07-15,AGT,BSSAVE
BKG00014717,CUS0001394,2023-08-26,WEB,GRPECO
BKG00014718,CUS0003738,2026-03-18,OTA,YOWUS
BKG00014719,CUS0001098,2024-03-04,OTA,CLXBUS
BKG00014720,CUS0004891,2024-11-29,CTR,WOWBUS
BKG00014721,CUS0004704,2024-09-09,WEB,YOWUS
BKG00014722,CUS0001711,2024-07-03,MOB,YOWUS
BKG00014723,CUS0002248,2024-07-19,WEB,YOWUS
BKG00014724,CUS0001881,2023-06-23,AGT,GRPECO
BKG00014725,CUS0001076,2025-09-11,CTR,YOWRS
BKG00014726,CUS0000449,2025-03-03,MOB,GRPECO
BKG00014727,CUS0001412,2026-01-14,CTR,CLXSAV
BKG00014728,CUS0003671,2025-12-06,OTA,CLXSAV
BKG00014729,CUS0000938,2023-10-12,MOB,FLXFST
BKG00014730,CUS0001759,2025-12-17,GDS,YOWUS
BKG00014731,CUS0000457,2025-06-14,GDS,FLXFST
BKG00014732,CUS0001734,2025-04-05,MOB,YOWUS
BKG00014733,CUS0001481,2024-11-17,MOB,CLXSAV
BKG00014734,CUS0000848,2024-12-15,GDS,FLXFST
BKG00014735,CUS0003518,2026-03-25,GDS,BSSAVE
BKG00014736,CUS0000968,2024-09-28,MOB,GRPECO
BKG00014737,CUS0002341,2025-01-02,GDS,BSSAVE
BKG00014738,CUS0000809,2025-06-10,MOB,WOWBUS
BKG00014739,CUS0002482,2025-05-31,OTA,CLXSAV
BKG00014740,CUS0004602,2025-12-20,MOB,CLXSAV
BKG00014741,CUS0003260,2024-06-21,OTA,FLXFST
BKG00014742,CUS0001308,2023-12-25,WEB,BSSAVE
BKG00014743,CUS0004899,2023-07-12,AGT,CLXSAV
BKG00014744,CUS0004901,2024-07-13,WEB,CLXBUS
BKG00014745,CUS0002433,2025-10-25,WEB,CLXBUS
BKG00014746,CUS0004084,2023-06-30,OTA,WOWBUS
BKG00014747,CUS0003597,2025-11-18,GDS,WOWBUS
BKG00014748,CUS0003702,2023-06-09,CTR,BSSAVE
BKG00014749,CUS0002858,2026-01-10,GDS,CLXBUS
BKG00014750,CUS0004162,2024-12-20,OTA,FLXFST
BKG00014751,CUS0002554,2025-11-02,GDS,FLXFST
BKG00014752,CUS0003422,2024-08-18,CTR,CLXSAV
BKG00014753,CUS0002649,2026-02-19,AGT,GRPECO
BKG00014754,CUS0003983,2024-08-18,AGT,YOWUS
BKG00014755,CUS0002635,2024-06-18,WEB,FLXFST
BKG00014756,CUS0002993,2024-09-10,WEB,FLXFST
BKG00014757,CUS0003801,2023-08-29,CTR,FLXFST
BKG00014758,CUS0002295,2024-12-03,OTA,YOWRS
BKG00014759,CUS0000815,2025-03-26,OTA,YOWUS
BKG00014760,CUS0002565,2024-12-23,CTR,BSSAVE
BKG00014761,CUS0002715,2024-12-11,GDS,GRPECO
BKG00014762,CUS0000023,2026-04-15,OTA,BSSAVE
BKG00014763,CUS0003480,2024-11-15,OTA,FLXFST
BKG00014764,CUS0004093,2023-09-10,CTR,CLXSAV
BKG00014765,CUS0000380,2026-01-05,AGT,YOWUS
BKG00014766,CUS0002453,2025-06-29,AGT,FLXFST
BKG00014767,CUS0003337,2023-11-14,WEB,FLXFST
BKG00014768,CUS0001806,2025-06-26,CTR,BSSAVE
BKG00014769,CUS0004134,2023-10-17,OTA,YOWUS
BKG00014770,CUS0002423,2025-09-07,WEB,FLXFST
BKG00014771,CUS0001166,2023-12-24,GDS,CLXSAV
BKG00014772,CUS0000001,2024-05-13,AGT,BSSAVE
BKG00014773,CUS0000227,2023-12-02,AGT,BSSAVE
BKG00014774,CUS0001479,2024-03-20,OTA,BSSAVE
BKG00014775,CUS0000901,2026-03-30,MOB,WOWBUS
BKG00014776,CUS0004597,2023-06-25,WEB,BSSAVE
BKG00014777,CUS0004759,2023-07-25,AGT,CLXBUS
BKG00014778,CUS0002175,2025-06-27,AGT,FLXFST
BKG00014779,CUS0001102,2025-08-29,GDS,FLXFST
BKG00014780,CUS0001995,2023-12-04,OTA,YOWRS
BKG00014781,CUS0002406,2024-12-11,CTR,GRPECO
BKG00014782,CUS0002160,2026-05-15,CTR,GRPECO
BKG00014783,CUS0000751,2023-12-27,OTA,YOWRS
BKG00014784,CUS0001078,2025-06-20,AGT,CLXSAV
BKG00014785,CUS0002260,2025-04-14,OTA,WOWBUS
BKG00014786,CUS0004475,2026-03-13,OTA,WOWBUS
BKG00014787,CUS0001860,2025-09-15,OTA,CLXBUS
BKG00014788,CUS0004674,2025-06-16,CTR,YOWRS
BKG00014789,CUS0003550,2023-08-05,CTR,CLXSAV
BKG00014790,CUS0001826,2024-02-11,OTA,CLXSAV
BKG00014791,CUS0001173,2023-12-05,MOB,GRPECO
BKG00014792,CUS0002636,2025-01-02,WEB,BSSAVE
BKG00014793,CUS0000058,2026-02-17,CTR,YOWUS
BKG00014794,CUS0000539,2025-08-26,CTR,YOWRS
BKG00014795,CUS0004068,2026-03-01,AGT,CLXBUS
BKG00014796,CUS0004712,2024-11-24,GDS,WOWBUS
BKG00014797,CUS0000519,2024-07-29,WEB,YOWRS
BKG00014798,CUS0002353,2023-08-21,CTR,FLXFST
BKG00014799,CUS0001957,2023-12-11,MOB,FLXFST
BKG00014800,CUS0000209,2025-06-16,CTR,YOWRS
BKG00014801,CUS0000441,2025-05-26,OTA,YOWUS
BKG00014802,CUS0002309,2023-12-13,AGT,CLXSAV
BKG00014803,CUS0004958,2024-05-11,GDS,YOWRS
BKG00014804,CUS0003706,2024-07-14,AGT,CLXBUS
BKG00014805,CUS0000505,2025-07-24,WEB,CLXSAV
BKG00014806,CUS0004021,2026-05-10,OTA,WOWBUS
BKG00014807,CUS0002145,2025-12-30,AGT,CLXBUS
BKG00014808,CUS0002930,2023-08-30,CTR,CLXBUS
BKG00014809,CUS0001377,2026-05-19,WEB,YOWUS
BKG00014810,CUS0002456,2023-12-31,MOB,YOWUS
BKG00014811,CUS0004170,2025-01-07,OTA,YOWRS
BKG00014812,CUS0004209,2026-03-22,MOB,FLXFST
BKG00014813,CUS0002626,2024-01-21,OTA,YOWUS
BKG00014814,CUS0003812,2023-11-05,CTR,GRPECO
BKG00014815,CUS0001426,2025-10-13,OTA,CLXSAV
BKG00014816,CUS0000286,2023-09-15,AGT,CLXSAV
BKG00014817,CUS0002547,2025-12-12,WEB,CLXSAV
BKG00014818,CUS0000990,2025-10-08,CTR,YOWUS
BKG00014819,CUS0004701,2025-11-30,MOB,GRPECO
BKG00014820,CUS0003029,2024-01-23,GDS,GRPECO
BKG00014821,CUS0000019,2024-09-01,GDS,FLXFST
BKG00014822,CUS0000243,2023-07-06,AGT,FLXFST
BKG00014823,CUS0000760,2026-03-02,AGT,FLXFST
BKG00014824,CUS0004809,2025-06-02,OTA,YOWRS
BKG00014825,CUS0001731,2025-06-28,OTA,YOWRS
BKG00014826,CUS0001408,2025-09-09,CTR,CLXBUS
BKG00014827,CUS0004560,2025-03-12,MOB,FLXFST
BKG00014828,CUS0004923,2024-10-13,OTA,CLXSAV
BKG00014829,CUS0004817,2026-04-04,OTA,BSSAVE
BKG00014830,CUS0003969,2024-04-18,GDS,YOWUS
BKG00014831,CUS0003353,2025-10-01,CTR,BSSAVE
BKG00014832,CUS0001118,2025-01-20,GDS,YOWRS
BKG00014833,CUS0003069,2026-02-15,GDS,CLXBUS
BKG00014834,CUS0004900,2024-05-24,WEB,FLXFST
BKG00014835,CUS0000171,2025-03-06,CTR,BSSAVE
BKG00014836,CUS0004075,2024-09-15,GDS,YOWRS
BKG00014837,CUS0000160,2024-09-22,WEB,BSSAVE
BKG00014838,CUS0001846,2025-09-02,OTA,YOWRS
BKG00014839,CUS0001127,2026-03-23,WEB,CLXBUS
BKG00014840,CUS0002994,2026-01-16,CTR,FLXFST
BKG00014841,CUS0004781,2024-09-23,WEB,CLXSAV
BKG00014842,CUS0003845,2024-07-17,MOB,CLXBUS
BKG00014843,CUS0004923,2026-01-14,OTA,WOWBUS
BKG00014844,CUS0004608,2025-03-18,OTA,FLXFST
BKG00014845,CUS0001642,2025-05-30,MOB,GRPECO
BKG00014846,CUS0002938,2023-11-14,CTR,CLXBUS
BKG00014847,CUS0004852,2025-02-08,AGT,YOWRS
BKG00014848,CUS0001989,2023-06-23,AGT,GRPECO
BKG00014849,CUS0004332,2025-08-25,GDS,YOWUS
BKG00014850,CUS0000926,2026-01-18,CTR,YOWRS
BKG00014851,CUS0000717,2023-06-25,WEB,WOWBUS
BKG00014852,CUS0001915,2025-02-12,GDS,CLXSAV
BKG00014853,CUS0001310,2024-07-26,MOB,WOWBUS
BKG00014854,CUS0000769,2025-05-29,OTA,WOWBUS
BKG00014855,CUS0001364,2024-01-10,OTA,YOWRS
BKG00014856,CUS0003623,2024-09-04,WEB,GRPECO
BKG00014857,CUS0000806,2026-03-15,MOB,GRPECO
BKG00014858,CUS0004123,2024-01-01,GDS,FLXFST
BKG00014859,CUS0001966,2023-12-08,MOB,GRPECO
BKG00014860,CUS0000336,2026-05-04,CTR,YOWRS
BKG00014861,CUS0001573,2023-09-27,AGT,BSSAVE
BKG00014862,CUS0001415,2024-04-29,AGT,YOWUS
BKG00014863,CUS0004158,2023-12-05,MOB,BSSAVE
BKG00014864,CUS0000444,2026-05-16,OTA,CLXBUS
BKG00014865,CUS0004253,2024-09-30,OTA,WOWBUS
BKG00014866,CUS0002606,2024-10-21,WEB,GRPECO
BKG00014867,CUS0004219,2023-07-07,CTR,YOWRS
BKG00014868,CUS0003403,2026-05-01,OTA,CLXSAV
BKG00014869,CUS0003898,2025-10-20,WEB,YOWUS
BKG00014870,CUS0002384,2023-08-06,MOB,CLXSAV
BKG00014871,CUS0004844,2024-02-03,WEB,YOWUS
BKG00014872,CUS0001527,2024-03-13,CTR,CLXBUS
BKG00014873,CUS0001345,2023-05-25,MOB,CLXBUS
BKG00014874,CUS0000799,2025-04-25,GDS,YOWUS
BKG00014875,CUS0001020,2024-11-24,CTR,WOWBUS
BKG00014876,CUS0000784,2023-05-30,MOB,GRPECO
BKG00014877,CUS0004033,2024-06-29,AGT,CLXBUS
BKG00014878,CUS0001718,2026-05-01,OTA,YOWUS
BKG00014879,CUS0001837,2025-12-17,WEB,CLXSAV
BKG00014880,CUS0003875,2023-11-15,CTR,BSSAVE
BKG00014881,CUS0002721,2025-02-24,AGT,YOWRS
BKG00014882,CUS0004080,2025-09-20,MOB,WOWBUS
BKG00014883,CUS0002015,2024-08-17,OTA,YOWRS
BKG00014884,CUS0001906,2024-01-10,GDS,BSSAVE
BKG00014885,CUS0001330,2025-03-21,WEB,YOWRS
BKG00014886,CUS0002742,2023-08-12,MOB,GRPECO
BKG00014887,CUS0003428,2024-06-19,CTR,CLXSAV
BKG00014888,CUS0002358,2023-05-26,GDS,BSSAVE
BKG00014889,CUS0000667,2025-08-27,WEB,FLXFST
BKG00014890,CUS0003701,2026-03-16,WEB,YOWUS
BKG00014891,CUS0003417,2026-01-06,MOB,YOWUS
BKG00014892,CUS0004212,2026-01-04,MOB,YOWRS
BKG00014893,CUS0001088,2026-01-31,OTA,YOWUS
BKG00014894,CUS0003745,2025-05-13,AGT,FLXFST
BKG00014895,CUS0003545,2024-11-30,OTA,CLXSAV
BKG00014896,CUS0001746,2024-05-23,GDS,BSSAVE
BKG00014897,CUS0004711,2024-05-28,MOB,YOWRS
BKG00014898,CUS0002009,2025-02-20,AGT,CLXSAV
BKG00014899,CUS0000360,2024-11-11,AGT,YOWRS
BKG00014900,CUS0000860,2025-10-21,MOB,CLXBUS
BKG00014901,CUS0002100,2025-10-03,CTR,FLXFST
BKG00014902,CUS0004439,2026-01-05,AGT,CLXSAV
BKG00014903,CUS0000222,2025-02-09,CTR,BSSAVE
BKG00014904,CUS0004616,2024-09-08,WEB,CLXBUS
BKG00014905,CUS0004168,2026-05-05,CTR,CLXBUS
BKG00014906,CUS0002917,2024-06-05,OTA,CLXBUS
BKG00014907,CUS0004865,2024-02-01,GDS,BSSAVE
BKG00014908,CUS0002882,2024-02-04,OTA,GRPECO
BKG00014909,CUS0001202,2024-08-30,AGT,YOWUS
BKG00014910,CUS0002367,2025-10-19,GDS,CLXBUS
BKG00014911,CUS0002512,2023-08-12,MOB,YOWRS
BKG00014912,CUS0003669,2023-09-08,OTA,FLXFST
BKG00014913,CUS0001892,2025-04-30,CTR,CLXBUS
BKG00014914,CUS0004808,2025-11-09,WEB,CLXBUS
BKG00014915,CUS0003148,2024-04-14,OTA,YOWRS
BKG00014916,CUS0002323,2024-12-30,OTA,CLXBUS
BKG00014917,CUS0002500,2024-04-29,GDS,CLXSAV
BKG00014918,CUS0003974,2024-10-29,OTA,YOWRS
BKG00014919,CUS0002396,2024-09-01,AGT,CLXSAV
BKG00014920,CUS0001312,2025-05-16,OTA,BSSAVE
BKG00014921,CUS0004192,2023-07-30,CTR,FLXFST
BKG00014922,CUS0002442,2024-08-27,GDS,CLXSAV
BKG00014923,CUS0000141,2023-08-26,CTR,WOWBUS
BKG00014924,CUS0000204,2025-08-14,OTA,WOWBUS
BKG00014925,CUS0000674,2023-08-17,GDS,CLXBUS
BKG00014926,CUS0001272,2025-02-15,WEB,WOWBUS
BKG00014927,CUS0004883,2024-05-28,WEB,WOWBUS
BKG00014928,CUS0003579,2025-11-20,AGT,GRPECO
BKG00014929,CUS0002788,2023-12-25,OTA,WOWBUS
BKG00014930,CUS0001759,2026-03-20,GDS,GRPECO
BKG00014931,CUS0003963,2025-07-22,MOB,GRPECO
BKG00014932,CUS0001000,2024-02-08,OTA,CLXBUS
BKG00014933,CUS0001242,2024-06-03,MOB,CLXBUS
BKG00014934,CUS0000947,2025-08-28,MOB,CLXSAV
BKG00014935,CUS0000013,2024-03-08,AGT,WOWBUS
BKG00014936,CUS0004318,2025-02-08,AGT,WOWBUS
BKG00014937,CUS0002254,2025-03-27,WEB,BSSAVE
BKG00014938,CUS0002360,2024-07-29,GDS,BSSAVE
BKG00014939,CUS0001479,2025-02-09,MOB,GRPECO
BKG00014940,CUS0001198,2024-01-24,WEB,GRPECO
BKG00014941,CUS0002438,2023-09-24,WEB,GRPECO
BKG00014942,CUS0002831,2024-03-05,MOB,GRPECO
BKG00014943,CUS0000404,2026-01-10,AGT,YOWUS
BKG00014944,CUS0003520,2025-11-17,MOB,BSSAVE
BKG00014945,CUS0001923,2026-01-28,CTR,GRPECO
BKG00014946,CUS0003736,2025-10-15,MOB,WOWBUS
BKG00014947,CUS0003055,2024-09-13,MOB,YOWRS
BKG00014948,CUS0000006,2024-07-06,CTR,CLXSAV
BKG00014949,CUS0004338,2024-10-11,MOB,GRPECO
BKG00014950,CUS0002996,2023-08-17,OTA,BSSAVE
BKG00014951,CUS0003401,2025-06-01,MOB,BSSAVE
BKG00014952,CUS0000718,2025-10-05,CTR,CLXBUS
BKG00014953,CUS0003028,2024-07-05,WEB,YOWUS
BKG00014954,CUS0004562,2026-03-17,CTR,CLXSAV
BKG00014955,CUS0004157,2025-12-03,CTR,YOWRS
BKG00014956,CUS0004324,2023-05-28,WEB,YOWRS
BKG00014957,CUS0004929,2023-12-20,CTR,CLXBUS
BKG00014958,CUS0001486,2026-01-13,CTR,YOWRS
BKG00014959,CUS0004071,2025-02-12,AGT,WOWBUS
BKG00014960,CUS0002338,2024-12-08,MOB,YOWUS
BKG00014961,CUS0003373,2025-12-22,OTA,WOWBUS
BKG00014962,CUS0001643,2023-09-28,AGT,CLXSAV
BKG00014963,CUS0002781,2025-06-09,MOB,CLXBUS
BKG00014964,CUS0001602,2025-03-07,MOB,CLXBUS
BKG00014965,CUS0004619,2023-09-27,AGT,GRPECO
BKG00014966,CUS0000810,2023-12-09,CTR,GRPECO
BKG00014967,CUS0001046,2023-10-22,AGT,YOWUS
BKG00014968,CUS0002216,2024-08-31,WEB,WOWBUS
BKG00014969,CUS0001518,2024-04-18,OTA,BSSAVE
BKG00014970,CUS0002270,2023-08-27,MOB,YOWUS
BKG00014971,CUS0000201,2023-06-02,CTR,YOWRS
BKG00014972,CUS0003765,2024-01-27,MOB,YOWRS
BKG00014973,CUS0003082,2025-07-14,MOB,WOWBUS
BKG00014974,CUS0001096,2024-04-18,OTA,WOWBUS
BKG00014975,CUS0000032,2023-08-03,AGT,GRPECO
BKG00014976,CUS0001399,2025-01-10,OTA,CLXBUS
BKG00014977,CUS0003934,2026-01-25,CTR,WOWBUS
BKG00014978,CUS0004693,2025-01-14,AGT,YOWUS
BKG00014979,CUS0003981,2026-02-03,WEB,BSSAVE
BKG00014980,CUS0000685,2025-08-08,MOB,CLXSAV
BKG00014981,CUS0004062,2025-02-23,CTR,FLXFST
BKG00014982,CUS0004917,2026-05-08,WEB,YOWUS
BKG00014983,CUS0001201,2024-02-06,OTA,YOWRS
BKG00014984,CUS0004661,2026-05-02,CTR,BSSAVE
BKG00014985,CUS0003857,2024-05-23,MOB,CLXBUS
BKG00014986,CUS0002383,2025-07-21,AGT,CLXSAV
BKG00014987,CUS0001446,2023-11-08,WEB,GRPECO
BKG00014988,CUS0003145,2023-12-16,CTR,YOWRS
BKG00014989,CUS0002914,2025-04-16,MOB,WOWBUS
BKG00014990,CUS0000699,2025-05-11,WEB,GRPECO
BKG00014991,CUS0004039,2024-11-09,CTR,CLXSAV
BKG00014992,CUS0000875,2025-09-04,GDS,FLXFST
BKG00014993,CUS0002936,2024-09-16,WEB,YOWRS
BKG00014994,CUS0004382,2024-04-24,WEB,YOWUS
BKG00014995,CUS0003051,2023-07-03,OTA,CLXBUS
BKG00014996,CUS0000171,2026-01-22,MOB,GRPECO
BKG00014997,CUS0003585,2025-08-10,GDS,YOWUS
BKG00014998,CUS0000960,2025-08-13,AGT,BSSAVE
BKG00014999,CUS0001821,2024-02-16,WEB,FLXFST
BKG00015000,CUS0001128,2024-07-20,OTA,GRPECO
