booking_id,customer_key,customer_id,booking_date,booking_channel
BKG00000001,8818,CUS0008217,2025-03-25,GDS
BKG00000002,15990,CUS0014845,2023-11-23,OTA
BKG00000003,2787,CUS0002602,2025-03-25,WEB
BKG00000004,5564,CUS0005179,2024-10-14,WEB
BKG00000005,1424,CUS0001322,2025-02-07,AGT
BKG00000006,2350,CUS0002190,2025-02-27,AGT
BKG00000007,14218,CUS0013206,2024-08-14,GDS
BKG00000008,1176,CUS0001091,2023-12-22,WEB
BKG00000009,10346,CUS0009630,2024-06-23,AGT
BKG00000010,1171,CUS0001086,2025-07-05,AGT
BKG00000011,2375,CUS0002213,2026-04-28,CTR
BKG00000012,12530,CUS0011662,2025-05-25,MOB
BKG00000013,8428,CUS0007852,2024-09-15,GDS
BKG00000014,5548,CUS0005166,2023-08-09,GDS
BKG00000015,11597,CUS0010787,2025-12-15,OTA
BKG00000016,3359,CUS0003132,2025-01-03,CTR
BKG00000017,9978,CUS0009287,2025-08-20,CTR
BKG00000018,12374,CUS0011516,2025-09-22,MOB
BKG00000019,8632,CUS0008043,2025-01-12,GDS
BKG00000020,12600,CUS0011721,2024-09-28,AGT
BKG00000021,11056,CUS0010290,2024-05-28,GDS
BKG00000022,4012,CUS0003741,2026-01-28,MOB
BKG00000023,7411,CUS0006907,2023-11-03,OTA
BKG00000024,2844,CUS0002654,2024-02-27,GDS
BKG00000025,11632,CUS0010822,2025-10-12,GDS
BKG00000026,13604,CUS0012638,2024-08-20,GDS
BKG00000027,7784,CUS0007252,2023-10-12,MOB
BKG00000028,490,CUS0000455,2026-05-16,WEB
BKG00000029,4612,CUS0004295,2023-08-10,MOB
BKG00000030,14469,CUS0013437,2025-07-29,MOB
BKG00000031,5983,CUS0005576,2024-07-01,AGT
BKG00000032,2404,CUS0002242,2026-03-09,GDS
BKG00000033,11883,CUS0011061,2024-09-05,CTR
BKG00000034,11864,CUS0011042,2024-06-23,OTA
BKG00000035,4209,CUS0003922,2025-09-11,OTA
BKG00000036,661,CUS0000613,2024-09-09,GDS
BKG00000037,1275,CUS0001187,2023-11-27,AGT
BKG00000038,13074,CUS0012154,2025-11-20,AGT
BKG00000039,7132,CUS0006654,2023-10-26,MOB
BKG00000040,13534,CUS0012573,2024-11-21,AGT
BKG00000041,8535,CUS0007951,2023-06-21,GDS
BKG00000042,7668,CUS0007144,2024-08-29,OTA
BKG00000043,8456,CUS0007878,2026-01-24,CTR
BKG00000044,12568,CUS0011694,2025-04-06,AGT
BKG00000045,5412,CUS0005040,2023-06-09,CTR
BKG00000046,7635,CUS0007115,2025-09-16,WEB
BKG00000047,11287,CUS0010500,2026-03-11,OTA
BKG00000048,6742,CUS0006290,2024-08-08,OTA
BKG00000049,2073,CUS0001929,2024-01-04,MOB
BKG00000050,1406,CUS0001305,2024-08-05,AGT
BKG00000051,414,CUS0000383,2026-04-21,GDS
BKG00000052,7058,CUS0006584,2026-02-26,GDS
BKG00000053,16088,CUS0014936,2024-03-01,WEB
BKG00000054,12756,CUS0011866,2024-04-15,MOB
BKG00000055,10789,CUS0010043,2025-10-11,AGT
BKG00000056,15184,CUS0014103,2025-10-20,GDS
BKG00000057,2523,CUS0002352,2023-06-22,CTR
BKG00000058,5342,CUS0004976,2024-01-08,OTA
BKG00000059,2072,CUS0001928,2025-03-16,MOB
BKG00000060,12815,CUS0011919,2024-08-12,OTA
BKG00000061,15364,CUS0014269,2026-02-05,GDS
BKG00000062,113,CUS0000105,2023-08-28,CTR
BKG00000063,10423,CUS0009700,2023-08-05,WEB
BKG00000064,1341,CUS0001248,2026-05-06,AGT
BKG00000065,4582,CUS0004268,2025-08-21,CTR
BKG00000066,251,CUS0000233,2025-12-22,GDS
BKG00000067,9754,CUS0009086,2024-07-12,WEB
BKG00000068,1034,CUS0000960,2025-02-19,GDS
BKG00000069,11030,CUS0010267,2025-02-23,OTA
BKG00000070,15270,CUS0014181,2024-02-21,CTR
BKG00000071,14690,CUS0013646,2024-08-26,AGT
BKG00000072,6404,CUS0005972,2024-09-06,AGT
BKG00000073,22,CUS0000021,2023-06-02,MOB
BKG00000074,11300,CUS0010512,2025-01-12,GDS
BKG00000075,14777,CUS0013727,2025-04-09,MOB
BKG00000076,12008,CUS0011177,2023-06-07,MOB
BKG00000077,7559,CUS0007045,2024-01-09,MOB
BKG00000078,3986,CUS0003716,2026-01-07,GDS
BKG00000079,5669,CUS0005282,2024-08-14,WEB
BKG00000080,5894,CUS0005495,2023-06-22,AGT
BKG00000081,14799,CUS0013748,2026-02-12,AGT
BKG00000082,5175,CUS0004816,2026-03-25,MOB
BKG00000083,2706,CUS0002524,2023-08-26,MOB
BKG00000084,12684,CUS0011797,2026-02-10,GDS
BKG00000085,176,CUS0000165,2026-03-26,MOB
BKG00000086,8471,CUS0007893,2024-07-18,CTR
BKG00000087,4819,CUS0004491,2026-05-20,GDS
BKG00000088,12345,CUS0011491,2025-04-30,MOB
BKG00000089,4989,CUS0004641,2025-09-01,WEB
BKG00000090,6597,CUS0006153,2024-11-13,AGT
BKG00000091,9084,CUS0008466,2023-11-15,MOB
BKG00000092,7943,CUS0007405,2025-06-08,OTA
BKG00000093,10474,CUS0009749,2024-02-28,AGT
BKG00000094,4554,CUS0004242,2023-09-06,AGT
BKG00000095,6268,CUS0005842,2024-08-05,CTR
BKG00000096,8501,CUS0007919,2026-04-15,AGT
BKG00000097,962,CUS0000892,2023-11-13,MOB
BKG00000098,3758,CUS0003501,2025-04-28,WEB
BKG00000099,8283,CUS0007718,2024-10-03,AGT
BKG00000100,13984,CUS0012983,2023-10-10,WEB
BKG00000101,759,CUS0000706,2025-01-09,AGT
BKG00000102,5771,CUS0005379,2023-07-22,GDS
BKG00000103,5378,CUS0005010,2025-02-19,WEB
BKG00000104,13058,CUS0012141,2024-06-03,WEB
BKG00000105,7252,CUS0006761,2023-10-21,GDS
BKG00000106,5374,CUS0005006,2024-11-29,WEB
BKG00000107,6550,CUS0006108,2023-12-06,CTR
BKG00000108,6763,CUS0006308,2024-07-11,GDS
BKG00000109,10746,CUS0010002,2023-06-20,OTA
BKG00000110,11855,CUS0011033,2024-01-30,MOB
BKG00000111,5054,CUS0004701,2025-08-12,AGT
BKG00000112,401,CUS0000371,2025-02-22,AGT
BKG00000113,9440,CUS0008796,2025-05-12,GDS
BKG00000114,12354,CUS0011499,2024-09-03,OTA
BKG00000115,14750,CUS0013703,2024-12-27,WEB
BKG00000116,5564,CUS0005179,2024-04-14,AGT
BKG00000117,14750,CUS0013703,2025-04-24,AGT
BKG00000118,6501,CUS0006059,2024-11-20,WEB
BKG00000119,7976,CUS0007436,2024-10-01,OTA
BKG00000120,8648,CUS0008059,2024-07-24,GDS
BKG00000121,4551,CUS0004239,2025-01-03,OTA
BKG00000122,10175,CUS0009470,2023-06-19,GDS
BKG00000123,11021,CUS0010258,2025-11-22,MOB
BKG00000124,15270,CUS0014181,2024-09-30,CTR
BKG00000125,3206,CUS0002993,2024-07-16,WEB
BKG00000126,5351,CUS0004984,2025-04-02,CTR
BKG00000127,14077,CUS0013071,2026-05-17,WEB
BKG00000128,10036,CUS0009341,2026-01-03,GDS
BKG00000129,5466,CUS0005089,2024-11-05,MOB
BKG00000130,14959,CUS0013896,2026-04-30,OTA
BKG00000131,12609,CUS0011729,2026-04-12,WEB
BKG00000132,15126,CUS0014051,2025-04-28,OTA
BKG00000133,13515,CUS0012556,2023-07-05,MOB
BKG00000134,7035,CUS0006563,2026-01-06,OTA
BKG00000135,5125,CUS0004766,2023-07-08,AGT
BKG00000136,5685,CUS0005298,2026-01-05,WEB
BKG00000137,10402,CUS0009680,2025-07-27,WEB
BKG00000138,12541,CUS0011672,2024-01-09,GDS
BKG00000139,891,CUS0000825,2024-10-22,WEB
BKG00000140,11283,CUS0010496,2024-06-20,MOB
BKG00000141,12472,CUS0011607,2025-06-28,MOB
BKG00000142,2666,CUS0002487,2024-05-28,GDS
BKG00000143,11989,CUS0011162,2024-05-20,OTA
BKG00000144,16039,CUS0014892,2025-11-13,AGT
BKG00000145,7418,CUS0006914,2025-05-22,GDS
BKG00000146,15463,CUS0014360,2025-04-19,CTR
BKG00000147,10889,CUS0010137,2024-12-17,MOB
BKG00000148,7381,CUS0006881,2023-07-20,GDS
BKG00000149,2364,CUS0002203,2024-08-14,OTA
BKG00000150,4031,CUS0003758,2026-04-19,OTA
BKG00000151,15891,CUS0014753,2024-09-03,AGT
BKG00000152,12838,CUS0011941,2026-05-11,AGT
BKG00000153,1716,CUS0001594,2026-03-06,GDS
BKG00000154,13899,CUS0012906,2024-08-06,CTR
BKG00000155,11577,CUS0010769,2025-07-31,WEB
BKG00000156,14976,CUS0013913,2025-06-12,OTA
BKG00000157,9193,CUS0008567,2025-09-02,AGT
BKG00000158,12980,CUS0012070,2024-05-21,WEB
BKG00000159,9446,CUS0008802,2024-07-19,CTR
BKG00000160,12410,CUS0011549,2025-07-07,GDS
BKG00000161,6336,CUS0005908,2025-09-02,AGT
BKG00000162,11447,CUS0010647,2026-01-24,CTR
BKG00000163,6709,CUS0006259,2026-04-24,WEB
BKG00000164,5259,CUS0004896,2026-02-21,GDS
BKG00000165,10789,CUS0010043,2026-02-06,MOB
BKG00000166,11572,CUS0010764,2026-04-14,WEB
BKG00000167,12178,CUS0011338,2024-11-20,WEB
BKG00000168,14952,CUS0013889,2024-02-12,CTR
BKG00000169,3907,CUS0003643,2025-08-01,AGT
BKG00000170,6698,CUS0006250,2024-08-26,CTR
BKG00000171,8165,CUS0007608,2024-10-27,OTA
BKG00000172,8423,CUS0007847,2024-09-17,OTA
BKG00000173,1592,CUS0001478,2024-04-18,MOB
BKG00000174,16004,CUS0014859,2024-07-18,MOB
BKG00000175,12575,CUS0011701,2025-09-16,CTR
BKG00000176,8328,CUS0007757,2024-01-20,GDS
BKG00000177,8542,CUS0007958,2024-12-13,WEB
BKG00000178,11937,CUS0011114,2024-09-22,OTA
BKG00000179,4696,CUS0004375,2024-10-02,OTA
BKG00000180,8343,CUS0007771,2024-10-25,WEB
BKG00000181,9473,CUS0008828,2026-01-14,GDS
BKG00000182,9939,CUS0009253,2026-01-12,OTA
BKG00000183,11614,CUS0010804,2025-03-25,WEB
BKG00000184,3998,CUS0003727,2023-08-13,CTR
BKG00000185,918,CUS0000850,2024-03-15,OTA
BKG00000186,650,CUS0000603,2023-10-09,CTR
BKG00000187,925,CUS0000857,2023-09-01,CTR
BKG00000188,7162,CUS0006682,2023-11-28,MOB
BKG00000189,12553,CUS0011683,2025-12-27,AGT
BKG00000190,9153,CUS0008531,2025-05-23,AGT
BKG00000191,4068,CUS0003793,2024-10-31,OTA
BKG00000192,12824,CUS0011928,2024-01-28,AGT
BKG00000193,5760,CUS0005368,2023-12-11,AGT
BKG00000194,8469,CUS0007891,2023-11-14,WEB
BKG00000195,4958,CUS0004616,2024-09-11,MOB
BKG00000196,8209,CUS0007650,2024-03-21,WEB
BKG00000197,10329,CUS0009613,2024-10-25,MOB
BKG00000198,1480,CUS0001374,2024-10-16,CTR
BKG00000199,1469,CUS0001364,2023-08-12,AGT
BKG00000200,3207,CUS0002994,2025-11-10,AGT
BKG00000201,1128,CUS0001047,2026-01-13,MOB
BKG00000202,5896,CUS0005497,2025-11-28,AGT
BKG00000203,10261,CUS0009550,2024-08-11,OTA
BKG00000204,4027,CUS0003755,2023-08-31,OTA
BKG00000205,3771,CUS0003514,2024-09-20,AGT
BKG00000206,2370,CUS0002208,2025-05-19,AGT
BKG00000207,5077,CUS0004722,2025-10-23,WEB
BKG00000208,2890,CUS0002697,2026-02-08,GDS
BKG00000209,7285,CUS0006792,2024-08-25,GDS
BKG00000210,12264,CUS0011418,2024-08-11,MOB
BKG00000211,11574,CUS0010766,2026-01-06,WEB
BKG00000212,7485,CUS0006976,2025-02-08,CTR
BKG00000213,15762,CUS0014633,2024-08-02,OTA
BKG00000214,6881,CUS0006423,2024-12-18,GDS
BKG00000215,13800,CUS0012816,2024-12-05,WEB
BKG00000216,14862,CUS0013806,2026-02-17,CTR
BKG00000217,63,CUS0000058,2023-07-22,AGT
BKG00000218,2675,CUS0002495,2026-02-19,CTR
BKG00000219,9639,CUS0008980,2026-01-19,OTA
BKG00000220,14038,CUS0013032,2024-04-13,OTA
BKG00000221,1210,CUS0001125,2024-05-21,WEB
BKG00000222,14708,CUS0013663,2025-11-03,WEB
BKG00000223,12595,CUS0011717,2023-12-12,WEB
BKG00000224,11208,CUS0010426,2026-05-08,MOB
BKG00000225,512,CUS0000473,2024-08-14,WEB
BKG00000226,6304,CUS0005878,2026-05-06,WEB
BKG00000227,2717,CUS0002535,2024-11-02,GDS
BKG00000228,15484,CUS0014379,2025-07-07,WEB
BKG00000229,15197,CUS0014114,2025-08-03,OTA
BKG00000230,6496,CUS0006054,2024-10-01,OTA
BKG00000231,12691,CUS0011804,2026-01-29,MOB
BKG00000232,8155,CUS0007598,2025-11-26,AGT
BKG00000233,7843,CUS0007308,2023-07-17,AGT
BKG00000234,15666,CUS0014546,2024-05-04,WEB
BKG00000235,11370,CUS0010578,2026-03-18,OTA
BKG00000236,1142,CUS0001059,2025-08-14,WEB
BKG00000237,5484,CUS0005106,2026-02-25,OTA
BKG00000238,2397,CUS0002235,2026-03-23,CTR
BKG00000239,9428,CUS0008784,2024-10-24,GDS
BKG00000240,7135,CUS0006657,2025-08-27,OTA
BKG00000241,12876,CUS0011979,2023-06-15,GDS
BKG00000242,8912,CUS0008307,2023-09-27,CTR
BKG00000243,380,CUS0000351,2023-05-27,CTR
BKG00000244,449,CUS0000415,2025-08-02,AGT
BKG00000245,12013,CUS0011182,2025-04-16,OTA
BKG00000246,10983,CUS0010225,2024-12-10,AGT
BKG00000247,5635,CUS0005249,2023-09-27,MOB
BKG00000248,6684,CUS0006237,2026-01-17,WEB
BKG00000249,5895,CUS0005496,2026-03-02,AGT
BKG00000250,15472,CUS0014367,2025-10-24,WEB
BKG00000251,13032,CUS0012118,2025-09-21,AGT
BKG00000252,8825,CUS0008224,2024-07-14,OTA
BKG00000253,14663,CUS0013620,2026-03-28,OTA
BKG00000254,12924,CUS0012022,2024-02-10,AGT
BKG00000255,6754,CUS0006300,2025-03-06,OTA
BKG00000256,1652,CUS0001537,2025-12-06,MOB
BKG00000257,8551,CUS0007967,2024-08-21,MOB
BKG00000258,14382,CUS0013355,2023-07-14,CTR
BKG00000259,1893,CUS0001759,2025-10-29,WEB
BKG00000260,2242,CUS0002091,2024-03-10,MOB
BKG00000261,3672,CUS0003423,2025-09-13,WEB
BKG00000262,5330,CUS0004964,2026-01-23,OTA
BKG00000263,9829,CUS0009152,2024-11-11,CTR
BKG00000264,7131,CUS0006653,2024-08-14,MOB
BKG00000265,7299,CUS0006805,2024-07-18,GDS
BKG00000266,8864,CUS0008261,2024-11-04,WEB
BKG00000267,3078,CUS0002871,2025-09-01,CTR
BKG00000268,5590,CUS0005204,2025-08-19,OTA
BKG00000269,4711,CUS0004390,2025-07-23,CTR
BKG00000270,6039,CUS0005627,2025-02-21,CTR
BKG00000271,12391,CUS0011532,2024-06-03,AGT
BKG00000272,13565,CUS0012604,2024-06-21,AGT
BKG00000273,10500,CUS0009772,2024-11-27,GDS
BKG00000274,5789,CUS0005395,2024-03-07,MOB
BKG00000275,15107,CUS0014035,2025-02-08,GDS
BKG00000276,6094,CUS0005680,2024-11-17,GDS
BKG00000277,673,CUS0000624,2025-07-14,WEB
BKG00000278,6089,CUS0005675,2023-09-19,GDS
BKG00000279,2453,CUS0002286,2026-05-19,CTR
BKG00000280,12315,CUS0011464,2024-08-21,OTA
BKG00000281,4999,CUS0004650,2023-06-30,MOB
BKG00000282,15515,CUS0014408,2025-12-12,MOB
BKG00000283,10944,CUS0010187,2025-11-23,AGT
BKG00000284,576,CUS0000533,2026-04-15,AGT
BKG00000285,15868,CUS0014732,2025-07-22,CTR
BKG00000286,1554,CUS0001444,2024-01-13,AGT
BKG00000287,1642,CUS0001527,2023-11-10,GDS
BKG00000288,766,CUS0000711,2025-06-17,AGT
BKG00000289,14719,CUS0013673,2024-12-26,CTR
BKG00000290,7222,CUS0006734,2023-12-02,MOB
BKG00000291,10822,CUS0010075,2024-11-12,AGT
BKG00000292,4330,CUS0004034,2026-03-09,CTR
BKG00000293,12752,CUS0011862,2025-03-04,OTA
BKG00000294,12824,CUS0011928,2024-04-27,AGT
BKG00000295,11227,CUS0010445,2024-10-01,GDS
BKG00000296,1613,CUS0001499,2023-09-01,MOB
BKG00000297,6711,CUS0006261,2024-12-11,WEB
BKG00000298,5703,CUS0005313,2024-05-31,WEB
BKG00000299,149,CUS0000139,2023-09-21,WEB
BKG00000300,3577,CUS0003336,2023-10-28,GDS
BKG00000301,4536,CUS0004226,2024-11-02,AGT
BKG00000302,11182,CUS0010401,2024-11-02,CTR
BKG00000303,12073,CUS0011240,2024-11-27,MOB
BKG00000304,2181,CUS0002033,2023-12-26,MOB
BKG00000305,158,CUS0000148,2026-01-11,CTR
BKG00000306,7370,CUS0006872,2023-12-01,CTR
BKG00000307,9011,CUS0008399,2023-09-17,GDS
BKG00000308,643,CUS0000597,2024-07-07,WEB
BKG00000309,12206,CUS0011365,2025-12-05,AGT
BKG00000310,8724,CUS0008129,2024-10-12,GDS
BKG00000311,14888,CUS0013829,2024-01-06,AGT
BKG00000312,5765,CUS0005373,2025-09-14,GDS
BKG00000313,1643,CUS0001528,2025-04-01,OTA
BKG00000314,6363,CUS0005933,2025-09-27,OTA
BKG00000315,6775,CUS0006320,2025-09-24,MOB
BKG00000316,12149,CUS0011310,2023-06-21,MOB
BKG00000317,10127,CUS0009425,2024-08-15,AGT
BKG00000318,5002,CUS0004653,2024-09-20,GDS
BKG00000319,7311,CUS0006817,2025-11-10,OTA
BKG00000320,15775,CUS0014645,2024-05-03,GDS
BKG00000321,14948,CUS0013885,2024-11-05,AGT
BKG00000322,10853,CUS0010104,2026-03-12,WEB
BKG00000323,12980,CUS0012070,2025-04-05,OTA
BKG00000324,14723,CUS0013677,2026-01-07,OTA
BKG00000325,8026,CUS0007481,2025-09-07,CTR
BKG00000326,14036,CUS0013031,2025-03-08,OTA
BKG00000327,10902,CUS0010149,2024-01-14,AGT
BKG00000328,15349,CUS0014254,2026-03-03,AGT
BKG00000329,12884,CUS0011986,2024-12-05,WEB
BKG00000330,10204,CUS0009496,2025-08-17,OTA
BKG00000331,2114,CUS0001968,2024-02-29,CTR
BKG00000332,12796,CUS0011902,2025-09-28,CTR
BKG00000333,14864,CUS0013808,2023-12-10,WEB
BKG00000334,10325,CUS0009609,2024-03-09,OTA
BKG00000335,10503,CUS0009774,2024-06-30,CTR
BKG00000336,13630,CUS0012661,2026-01-15,WEB
BKG00000337,6296,CUS0005870,2024-02-09,GDS
BKG00000338,313,CUS0000290,2023-09-17,MOB
BKG00000339,14492,CUS0013459,2023-06-28,MOB
BKG00000340,6842,CUS0006386,2024-09-27,GDS
BKG00000341,13477,CUS0012521,2023-11-20,MOB
BKG00000342,12820,CUS0011924,2025-08-26,AGT
BKG00000343,5979,CUS0005573,2023-08-15,AGT
BKG00000344,1715,CUS0001593,2025-08-27,WEB
BKG00000345,4094,CUS0003815,2026-01-12,WEB
BKG00000346,6399,CUS0005968,2025-07-24,MOB
BKG00000347,447,CUS0000413,2025-03-01,CTR
BKG00000348,8233,CUS0007670,2025-07-20,WEB
BKG00000349,4199,CUS0003913,2025-02-06,MOB
BKG00000350,14,CUS0000013,2023-09-19,MOB
BKG00000351,4859,CUS0004528,2024-06-14,GDS
BKG00000352,8514,CUS0007931,2024-01-13,GDS
BKG00000353,7362,CUS0006864,2024-08-27,AGT
BKG00000354,10987,CUS0010229,2023-06-21,AGT
BKG00000355,7381,CUS0006881,2026-01-18,CTR
BKG00000356,11494,CUS0010693,2024-04-26,CTR
BKG00000357,15113,CUS0014040,2025-12-29,GDS
BKG00000358,12888,CUS0011990,2026-03-07,WEB
BKG00000359,7471,CUS0006962,2025-02-09,OTA
BKG00000360,1583,CUS0001471,2026-03-23,WEB
BKG00000361,8928,CUS0008323,2025-01-13,WEB
BKG00000362,10961,CUS0010204,2024-06-30,AGT
BKG00000363,1173,CUS0001088,2025-06-24,WEB
BKG00000364,8263,CUS0007698,2024-03-12,AGT
BKG00000365,2739,CUS0002557,2024-10-22,CTR
BKG00000366,10808,CUS0010061,2024-04-17,AGT
BKG00000367,7629,CUS0007109,2024-02-16,GDS
BKG00000368,3006,CUS0002804,2026-04-04,MOB
BKG00000369,4999,CUS0004650,2025-10-20,CTR
BKG00000370,5955,CUS0005550,2024-11-25,OTA
BKG00000371,2034,CUS0001892,2024-10-28,OTA
BKG00000372,14891,CUS0013832,2024-06-22,AGT
BKG00000373,7878,CUS0007341,2024-10-17,WEB
BKG00000374,3559,CUS0003321,2024-12-14,OTA
BKG00000375,3567,CUS0003327,2024-12-21,OTA
BKG00000376,13995,CUS0012993,2024-01-09,CTR
BKG00000377,1634,CUS0001520,2024-08-04,GDS
BKG00000378,14238,CUS0013223,2023-12-26,WEB
BKG00000379,11693,CUS0010879,2024-05-09,WEB
BKG00000380,934,CUS0000866,2024-11-06,MOB
BKG00000381,11496,CUS0010695,2023-11-06,AGT
BKG00000382,6026,CUS0005616,2023-11-18,GDS
BKG00000383,11019,CUS0010256,2023-08-18,WEB
BKG00000384,5881,CUS0005482,2023-08-05,CTR
BKG00000385,3989,CUS0003719,2023-08-07,AGT
BKG00000386,3854,CUS0003593,2025-04-01,AGT
BKG00000387,14043,CUS0013037,2024-11-07,OTA
BKG00000388,14772,CUS0013723,2025-06-15,CTR
BKG00000389,4944,CUS0004602,2023-12-29,MOB
BKG00000390,11016,CUS0010254,2024-01-20,GDS
BKG00000391,5009,CUS0004660,2024-02-22,GDS
BKG00000392,6586,CUS0006142,2023-10-01,WEB
BKG00000393,7553,CUS0007039,2025-08-30,MOB
BKG00000394,7066,CUS0006591,2025-02-12,CTR
BKG00000395,5927,CUS0005524,2025-09-10,MOB
BKG00000396,9923,CUS0009239,2024-03-31,CTR
BKG00000397,15162,CUS0014081,2024-02-29,AGT
BKG00000398,3230,CUS0003016,2024-08-30,CTR
BKG00000399,7006,CUS0006537,2025-02-27,AGT
BKG00000400,3602,CUS0003359,2025-04-12,GDS
BKG00000401,10253,CUS0009542,2025-03-09,AGT
BKG00000402,12053,CUS0011221,2024-10-31,MOB
BKG00000403,4428,CUS0004126,2025-06-14,AGT
BKG00000404,1413,CUS0001311,2025-01-28,WEB
BKG00000405,14245,CUS0013229,2024-04-28,OTA
BKG00000406,2407,CUS0002244,2025-12-08,OTA
BKG00000407,7355,CUS0006858,2026-04-21,OTA
BKG00000408,13958,CUS0012958,2023-11-03,WEB
BKG00000409,11448,CUS0010648,2023-09-17,GDS
BKG00000410,6221,CUS0005796,2026-04-16,WEB
BKG00000411,7586,CUS0007070,2024-12-31,OTA
BKG00000412,3718,CUS0003466,2026-03-30,AGT
BKG00000413,3998,CUS0003727,2026-05-14,WEB
BKG00000414,6071,CUS0005657,2025-07-07,OTA
BKG00000415,1076,CUS0001000,2024-11-04,AGT
BKG00000416,7096,CUS0006621,2026-01-10,CTR
BKG00000417,7485,CUS0006976,2025-06-12,OTA
BKG00000418,1763,CUS0001637,2025-06-23,OTA
BKG00000419,8987,CUS0008377,2024-12-04,MOB
BKG00000420,6766,CUS0006311,2026-04-12,CTR
BKG00000421,3099,CUS0002891,2024-10-13,GDS
BKG00000422,2486,CUS0002315,2025-10-05,OTA
BKG00000423,7137,CUS0006659,2025-09-28,MOB
BKG00000424,10993,CUS0010234,2024-09-16,MOB
BKG00000425,653,CUS0000605,2025-03-05,WEB
BKG00000426,10233,CUS0009524,2025-02-08,AGT
BKG00000427,2601,CUS0002424,2025-12-26,AGT
BKG00000428,2724,CUS0002542,2024-01-20,OTA
BKG00000429,15196,CUS0014113,2023-07-15,WEB
BKG00000430,1611,CUS0001497,2023-07-02,GDS
BKG00000431,8334,CUS0007762,2024-09-10,WEB
BKG00000432,6463,CUS0006024,2025-10-24,OTA
BKG00000433,12387,CUS0011528,2026-05-11,MOB
BKG00000434,7544,CUS0007030,2025-10-01,GDS
BKG00000435,4260,CUS0003968,2025-11-01,WEB
BKG00000436,12459,CUS0011595,2023-07-09,GDS
BKG00000437,14005,CUS0013002,2025-02-22,OTA
BKG00000438,2752,CUS0002569,2024-06-19,WEB
BKG00000439,1840,CUS0001708,2024-05-28,OTA
BKG00000440,2324,CUS0002167,2024-09-18,WEB
BKG00000441,13510,CUS0012551,2024-01-07,AGT
BKG00000442,13985,CUS0012984,2024-12-11,CTR
BKG00000443,11022,CUS0010259,2024-02-29,MOB
BKG00000444,14455,CUS0013424,2024-02-29,GDS
BKG00000445,13146,CUS0012219,2024-02-14,CTR
BKG00000446,15623,CUS0014507,2026-02-13,MOB
BKG00000447,7377,CUS0006879,2026-04-26,WEB
BKG00000448,10172,CUS0009467,2023-11-23,CTR
BKG00000449,8710,CUS0008115,2024-06-03,WEB
BKG00000450,8267,CUS0007702,2026-05-05,MOB
BKG00000451,15268,CUS0014179,2025-05-29,CTR
BKG00000452,10915,CUS0010160,2024-03-18,OTA
BKG00000453,6395,CUS0005964,2025-09-17,WEB
BKG00000454,4091,CUS0003812,2023-07-09,WEB
BKG00000455,417,CUS0000386,2025-10-30,MOB
BKG00000456,11093,CUS0010324,2026-05-04,CTR
BKG00000457,9468,CUS0008824,2024-06-07,GDS
BKG00000458,13576,CUS0012614,2024-08-26,CTR
BKG00000459,9148,CUS0008526,2025-09-30,GDS
BKG00000460,3420,CUS0003187,2023-08-23,OTA
BKG00000461,10475,CUS0009750,2024-09-18,OTA
BKG00000462,1775,CUS0001646,2024-07-28,MOB
BKG00000463,3958,CUS0003691,2025-07-28,WEB
BKG00000464,11823,CUS0011002,2025-08-30,GDS
BKG00000465,15315,CUS0014222,2026-04-21,OTA
BKG00000466,6653,CUS0006207,2025-08-18,GDS
BKG00000467,5309,CUS0004944,2025-04-17,OTA
BKG00000468,4385,CUS0004084,2024-02-01,GDS
BKG00000469,12713,CUS0011825,2023-09-25,GDS
BKG00000470,635,CUS0000591,2023-10-28,CTR
BKG00000471,6943,CUS0006479,2024-09-05,OTA
BKG00000472,2732,CUS0002550,2024-10-27,MOB
BKG00000473,6453,CUS0006016,2023-09-27,GDS
BKG00000474,3664,CUS0003415,2023-06-17,CTR
BKG00000475,13684,CUS0012709,2023-09-02,OTA
BKG00000476,1198,CUS0001113,2024-12-02,GDS
BKG00000477,506,CUS0000468,2026-01-24,MOB
BKG00000478,1928,CUS0001794,2025-11-16,MOB
BKG00000479,1123,CUS0001043,2024-05-10,CTR
BKG00000480,1433,CUS0001331,2025-08-20,OTA
BKG00000481,4658,CUS0004339,2023-07-25,MOB
BKG00000482,13001,CUS0012091,2026-05-15,MOB
BKG00000483,9516,CUS0008865,2024-05-05,WEB
BKG00000484,5485,CUS0005107,2024-09-07,OTA
BKG00000485,14832,CUS0013779,2024-07-13,OTA
BKG00000486,1002,CUS0000930,2024-06-05,MOB
BKG00000487,2426,CUS0002262,2023-10-18,GDS
BKG00000488,12583,CUS0011708,2025-06-15,OTA
BKG00000489,1812,CUS0001682,2023-07-04,OTA
BKG00000490,4481,CUS0004176,2026-02-19,GDS
BKG00000491,4418,CUS0004116,2024-08-30,MOB
BKG00000492,2726,CUS0002544,2024-04-27,OTA
BKG00000493,6501,CUS0006059,2023-06-18,CTR
BKG00000494,2449,CUS0002282,2024-08-11,MOB
BKG00000495,8781,CUS0008182,2025-05-04,WEB
BKG00000496,15898,CUS0014758,2024-08-01,CTR
BKG00000497,3216,CUS0003003,2025-07-19,AGT
BKG00000498,166,CUS0000155,2025-08-28,GDS
BKG00000499,5325,CUS0004959,2024-07-06,OTA
BKG00000500,1378,CUS0001282,2023-12-17,AGT
BKG00000501,1863,CUS0001730,2023-11-23,OTA
BKG00000502,11867,CUS0011045,2024-04-18,CTR
BKG00000503,6760,CUS0006306,2025-05-05,MOB
BKG00000504,10706,CUS0009965,2024-01-08,AGT
BKG00000505,12611,CUS0011731,2024-11-15,GDS
BKG00000506,8933,CUS0008328,2024-01-27,MOB
BKG00000507,2305,CUS0002149,2025-05-17,AGT
BKG00000508,8863,CUS0008260,2025-09-07,OTA
BKG00000509,5682,CUS0005295,2025-12-05,MOB
BKG00000510,9155,CUS0008533,2025-03-19,WEB
BKG00000511,13363,CUS0012415,2024-10-29,MOB
BKG00000512,13473,CUS0012518,2025-04-18,CTR
BKG00000513,13029,CUS0012115,2024-09-07,WEB
BKG00000514,15988,CUS0014843,2024-03-26,AGT
BKG00000515,7632,CUS0007112,2024-07-03,GDS
BKG00000516,14244,CUS0013228,2023-07-19,WEB
BKG00000517,15136,CUS0014059,2024-08-03,OTA
BKG00000518,12255,CUS0011411,2024-09-03,WEB
BKG00000519,15837,CUS0014702,2023-12-06,AGT
BKG00000520,15318,CUS0014225,2025-10-12,WEB
BKG00000521,13002,CUS0012092,2025-09-25,CTR
BKG00000522,9805,CUS0009131,2025-10-19,CTR
BKG00000523,16028,CUS0014881,2025-02-13,MOB
BKG00000524,12943,CUS0012038,2026-01-19,GDS
BKG00000525,9533,CUS0008881,2024-01-10,AGT
BKG00000526,7895,CUS0007358,2024-12-08,WEB
BKG00000527,1171,CUS0001086,2025-05-29,GDS
BKG00000528,2547,CUS0002374,2025-02-20,WEB
BKG00000529,6462,CUS0006023,2025-02-22,AGT
BKG00000530,1532,CUS0001423,2025-10-20,CTR
BKG00000531,15197,CUS0014114,2025-01-25,OTA
BKG00000532,11384,CUS0010590,2026-03-23,GDS
BKG00000533,13315,CUS0012371,2025-05-08,OTA
BKG00000534,4556,CUS0004244,2025-04-26,WEB
BKG00000535,1096,CUS0001018,2025-05-18,WEB
BKG00000536,5592,CUS0005206,2024-06-01,OTA
BKG00000537,12092,CUS0011259,2024-01-04,MOB
BKG00000538,11312,CUS0010524,2025-08-18,WEB
BKG00000539,11813,CUS0010992,2023-09-05,MOB
BKG00000540,2233,CUS0002082,2024-02-25,MOB
BKG00000541,12546,CUS0011677,2026-01-02,GDS
BKG00000542,5266,CUS0004902,2025-01-02,CTR
BKG00000543,3263,CUS0003044,2025-03-28,MOB
BKG00000544,2731,CUS0002549,2026-02-05,GDS
BKG00000545,2902,CUS0002708,2025-06-20,OTA
BKG00000546,11174,CUS0010393,2026-04-16,OTA
BKG00000547,13730,CUS0012753,2023-07-07,AGT
BKG00000548,11152,CUS0010375,2025-01-01,AGT
BKG00000549,6308,CUS0005882,2023-08-15,WEB
BKG00000550,15511,CUS0014404,2023-07-09,MOB
BKG00000551,8854,CUS0008252,2024-02-02,CTR
BKG00000552,15851,CUS0014715,2023-08-07,MOB
BKG00000553,5358,CUS0004991,2024-01-14,GDS
BKG00000554,7462,CUS0006954,2024-09-25,AGT
BKG00000555,4928,CUS0004588,2024-09-07,CTR
BKG00000556,10291,CUS0009580,2024-01-25,OTA
BKG00000557,3217,CUS0003004,2025-06-19,AGT
BKG00000558,15861,CUS0014725,2025-09-15,MOB
BKG00000559,2658,CUS0002479,2025-07-25,OTA
BKG00000560,3500,CUS0003265,2023-07-01,AGT
BKG00000561,8319,CUS0007749,2024-02-13,GDS
BKG00000562,11370,CUS0010578,2024-05-27,OTA
BKG00000563,13682,CUS0012708,2025-06-29,MOB
BKG00000564,2769,CUS0002584,2025-08-29,AGT
BKG00000565,7227,CUS0006738,2024-01-20,GDS
BKG00000566,1115,CUS0001035,2025-06-09,GDS
BKG00000567,5070,CUS0004717,2024-03-31,CTR
BKG00000568,4493,CUS0004187,2026-02-11,MOB
BKG00000569,13399,CUS0012449,2026-01-12,OTA
BKG00000570,2144,CUS0001997,2026-01-21,OTA
BKG00000571,6315,CUS0005888,2026-01-01,OTA
BKG00000572,12789,CUS0011896,2024-05-17,AGT
BKG00000573,7105,CUS0006629,2025-08-26,MOB
BKG00000574,6843,CUS0006387,2023-07-22,WEB
BKG00000575,5677,CUS0005290,2023-12-25,OTA
BKG00000576,4021,CUS0003749,2025-03-03,CTR
BKG00000577,6382,CUS0005952,2024-07-15,OTA
BKG00000578,6150,CUS0005732,2024-01-09,CTR
BKG00000579,8795,CUS0008195,2025-05-23,OTA
BKG00000580,10061,CUS0009365,2024-12-21,CTR
BKG00000581,1734,CUS0001609,2026-04-12,AGT
BKG00000582,15916,CUS0014775,2023-09-18,AGT
BKG00000583,9311,CUS0008674,2024-04-22,CTR
BKG00000584,13373,CUS0012425,2024-08-14,WEB
BKG00000585,3862,CUS0003601,2024-05-08,OTA
BKG00000586,8296,CUS0007729,2023-06-25,GDS
BKG00000587,12040,CUS0011208,2026-01-12,OTA
BKG00000588,4810,CUS0004482,2026-02-27,AGT
BKG00000589,10855,CUS0010106,2025-09-19,CTR
BKG00000590,6143,CUS0005725,2025-08-03,CTR
BKG00000591,5877,CUS0005479,2023-10-22,MOB
BKG00000592,12399,CUS0011539,2024-07-28,CTR
BKG00000593,13383,CUS0012434,2026-01-21,WEB
BKG00000594,2175,CUS0002027,2024-03-06,WEB
BKG00000595,3921,CUS0003656,2026-03-31,WEB
BKG00000596,14200,CUS0013190,2025-09-10,CTR
BKG00000597,14472,CUS0013440,2024-08-08,MOB
BKG00000598,2547,CUS0002374,2025-07-31,AGT
BKG00000599,14746,CUS0013699,2025-08-22,WEB
BKG00000600,15871,CUS0014735,2024-05-17,MOB
BKG00000601,1848,CUS0001716,2025-06-23,GDS
BKG00000602,1788,CUS0001659,2024-07-01,AGT
BKG00000603,15735,CUS0014610,2024-07-04,GDS
BKG00000604,7373,CUS0006875,2025-02-14,MOB
BKG00000605,6267,CUS0005841,2024-07-14,WEB
BKG00000606,13398,CUS0012448,2024-12-04,CTR
BKG00000607,8008,CUS0007465,2024-04-17,MOB
BKG00000608,14814,CUS0013762,2026-03-06,AGT
BKG00000609,1763,CUS0001637,2024-03-28,AGT
BKG00000610,533,CUS0000494,2026-05-08,MOB
BKG00000611,14005,CUS0013002,2026-02-27,AGT
BKG00000612,11662,CUS0010851,2024-02-01,CTR
BKG00000613,9095,CUS0008476,2024-07-10,AGT
BKG00000614,14382,CUS0013355,2025-09-18,MOB
BKG00000615,3840,CUS0003580,2025-07-22,WEB
BKG00000616,2522,CUS0002351,2024-10-07,GDS
BKG00000617,5729,CUS0005339,2023-08-21,MOB
BKG00000618,11500,CUS0010699,2023-06-18,CTR
BKG00000619,1684,CUS0001565,2024-05-09,WEB
BKG00000620,976,CUS0000906,2023-11-02,GDS
BKG00000621,4992,CUS0004644,2023-11-13,CTR
BKG00000622,9612,CUS0008954,2024-04-03,CTR
BKG00000623,11641,CUS0010830,2023-07-08,AGT
BKG00000624,9466,CUS0008822,2024-01-19,GDS
BKG00000625,1331,CUS0001238,2025-04-27,WEB
BKG00000626,6263,CUS0005837,2026-01-06,OTA
BKG00000627,9193,CUS0008567,2023-09-11,OTA
BKG00000628,656,CUS0000608,2024-02-13,OTA
BKG00000629,13820,CUS0012834,2024-07-22,MOB
BKG00000630,15390,CUS0014295,2026-02-04,CTR
BKG00000631,15512,CUS0014405,2024-12-01,WEB
BKG00000632,1011,CUS0000939,2025-11-02,CTR
BKG00000633,6682,CUS0006235,2025-09-14,GDS
BKG00000634,7213,CUS0006727,2024-09-08,OTA
BKG00000635,9126,CUS0008505,2023-09-19,AGT
BKG00000636,1361,CUS0001266,2023-11-30,OTA
BKG00000637,14962,CUS0013899,2026-04-09,MOB
BKG00000638,10951,CUS0010194,2024-10-23,MOB
BKG00000639,6638,CUS0006194,2024-08-20,MOB
BKG00000640,2568,CUS0002393,2024-07-13,MOB
BKG00000641,13592,CUS0012626,2024-07-04,MOB
BKG00000642,10816,CUS0010069,2024-06-24,MOB
BKG00000643,6763,CUS0006308,2023-11-03,OTA
BKG00000644,13648,CUS0012677,2023-07-18,GDS
BKG00000645,10087,CUS0009389,2024-07-20,OTA
BKG00000646,4704,CUS0004383,2024-10-19,CTR
BKG00000647,11964,CUS0011140,2024-06-30,OTA
BKG00000648,7577,CUS0007061,2024-05-27,OTA
BKG00000649,12236,CUS0011394,2024-08-07,CTR
BKG00000650,15970,CUS0014827,2025-09-03,MOB
BKG00000651,267,CUS0000248,2026-02-16,OTA
BKG00000652,5290,CUS0004925,2024-06-04,CTR
BKG00000653,9810,CUS0009135,2024-10-22,CTR
BKG00000654,6365,CUS0005935,2026-04-10,WEB
BKG00000655,8221,CUS0007660,2025-01-16,MOB
BKG00000656,2641,CUS0002463,2023-06-28,OTA
BKG00000657,8148,CUS0007591,2025-04-15,CTR
BKG00000658,1546,CUS0001436,2023-10-30,GDS
BKG00000659,3245,CUS0003027,2024-09-05,AGT
BKG00000660,11332,CUS0010543,2026-01-26,CTR
BKG00000661,12003,CUS0011173,2024-01-07,WEB
BKG00000662,15328,CUS0014235,2023-07-02,GDS
BKG00000663,15876,CUS0014740,2025-09-16,GDS
BKG00000664,2908,CUS0002714,2023-12-08,GDS
BKG00000665,10669,CUS0009929,2025-12-04,MOB
BKG00000666,6404,CUS0005972,2026-04-05,MOB
BKG00000667,3692,CUS0003441,2023-12-02,MOB
BKG00000668,702,CUS0000652,2025-11-11,CTR
BKG00000669,10791,CUS0010045,2023-06-17,AGT
BKG00000670,7110,CUS0006633,2025-03-13,GDS
BKG00000671,2574,CUS0002398,2024-07-04,GDS
BKG00000672,15751,CUS0014624,2025-02-05,MOB
BKG00000673,5978,CUS0005572,2025-06-15,WEB
BKG00000674,8563,CUS0007978,2024-12-20,WEB
BKG00000675,1222,CUS0001137,2024-06-11,MOB
BKG00000676,13631,CUS0012662,2025-07-28,WEB
BKG00000677,218,CUS0000205,2026-05-17,CTR
BKG00000678,5007,CUS0004658,2026-02-06,WEB
BKG00000679,8365,CUS0007793,2023-07-07,OTA
BKG00000680,16016,CUS0014871,2025-12-05,CTR
BKG00000681,8998,CUS0008386,2024-10-19,MOB
BKG00000682,2291,CUS0002136,2025-01-01,MOB
BKG00000683,8424,CUS0007848,2026-04-03,MOB
BKG00000684,11954,CUS0011130,2023-06-24,OTA
BKG00000685,9011,CUS0008399,2024-04-23,OTA
BKG00000686,10436,CUS0009712,2025-11-16,CTR
BKG00000687,3934,CUS0003668,2025-06-23,WEB
BKG00000688,8705,CUS0008110,2025-09-06,CTR
BKG00000689,15486,CUS0014381,2024-04-24,OTA
BKG00000690,8879,CUS0008275,2024-06-03,GDS
BKG00000691,8880,CUS0008276,2024-11-05,AGT
BKG00000692,8503,CUS0007921,2026-01-25,MOB
BKG00000693,4801,CUS0004475,2024-03-28,WEB
BKG00000694,6177,CUS0005755,2024-04-28,MOB
BKG00000695,9498,CUS0008849,2025-01-31,GDS
BKG00000696,16067,CUS0014917,2023-12-04,GDS
BKG00000697,12209,CUS0011368,2023-07-09,GDS
BKG00000698,7724,CUS0007197,2024-09-16,GDS
BKG00000699,16030,CUS0014883,2024-08-26,WEB
BKG00000700,11895,CUS0011073,2024-05-16,MOB
BKG00000701,15437,CUS0014336,2025-06-28,GDS
BKG00000702,15694,CUS0014572,2023-12-09,AGT
BKG00000703,14433,CUS0013402,2024-10-07,MOB
BKG00000704,7779,CUS0007247,2023-06-08,CTR
BKG00000705,14415,CUS0013385,2023-08-03,GDS
BKG00000706,8364,CUS0007792,2026-03-28,MOB
BKG00000707,9771,CUS0009101,2023-08-04,WEB
BKG00000708,3565,CUS0003325,2024-02-29,GDS
BKG00000709,7797,CUS0007264,2026-03-03,WEB
BKG00000710,12487,CUS0011621,2025-04-04,CTR
BKG00000711,10155,CUS0009450,2026-03-05,CTR
BKG00000712,4413,CUS0004111,2024-07-27,AGT
BKG00000713,7097,CUS0006622,2025-05-02,AGT
BKG00000714,6491,CUS0006049,2024-02-19,WEB
BKG00000715,1556,CUS0001446,2026-03-07,MOB
BKG00000716,3395,CUS0003165,2024-01-30,OTA
BKG00000717,8498,CUS0007916,2024-07-11,CTR
BKG00000718,2562,CUS0002387,2025-08-26,MOB
BKG00000719,3463,CUS0003228,2025-04-26,AGT
BKG00000720,10845,CUS0010096,2024-01-17,OTA
BKG00000721,15822,CUS0014687,2025-04-11,CTR
BKG00000722,13031,CUS0012117,2023-08-02,GDS
BKG00000723,646,CUS0000600,2026-04-28,CTR
BKG00000724,3869,CUS0003608,2025-12-08,OTA
BKG00000725,863,CUS0000799,2024-08-20,GDS
BKG00000726,2666,CUS0002487,2025-07-28,GDS
BKG00000727,2476,CUS0002307,2025-04-25,CTR
BKG00000728,6481,CUS0006039,2025-05-20,AGT
BKG00000729,4070,CUS0003795,2023-09-18,GDS
BKG00000730,5499,CUS0005119,2026-01-11,OTA
BKG00000731,1288,CUS0001200,2025-04-07,OTA
BKG00000732,9473,CUS0008828,2024-05-15,GDS
BKG00000733,14024,CUS0013020,2026-01-04,GDS
BKG00000734,7740,CUS0007212,2024-06-05,AGT
BKG00000735,5165,CUS0004806,2024-01-21,OTA
BKG00000736,10036,CUS0009341,2025-03-18,AGT
BKG00000737,9967,CUS0009277,2024-12-22,OTA
BKG00000738,2137,CUS0001990,2024-11-15,CTR
BKG00000739,9430,CUS0008786,2025-03-01,MOB
BKG00000740,6657,CUS0006211,2024-08-04,CTR
BKG00000741,13358,CUS0012411,2024-07-13,AGT
BKG00000742,94,CUS0000087,2025-01-27,CTR
BKG00000743,10213,CUS0009505,2024-06-12,CTR
BKG00000744,9214,CUS0008586,2025-04-03,AGT
BKG00000745,13193,CUS0012261,2025-12-31,WEB
BKG00000746,10319,CUS0009604,2024-12-24,MOB
BKG00000747,2918,CUS0002723,2026-04-28,WEB
BKG00000748,7718,CUS0007191,2024-06-26,CTR
BKG00000749,6846,CUS0006390,2023-10-08,OTA
BKG00000750,5150,CUS0004791,2026-05-22,AGT
BKG00000751,9265,CUS0008631,2024-01-23,WEB
BKG00000752,8369,CUS0007796,2025-07-04,OTA
BKG00000753,14588,CUS0013548,2024-12-31,OTA
BKG00000754,2277,CUS0002124,2024-04-11,OTA
BKG00000755,14726,CUS0013680,2024-08-03,AGT
BKG00000756,4044,CUS0003771,2025-07-20,CTR
BKG00000757,1172,CUS0001087,2024-10-10,AGT
BKG00000758,3203,CUS0002990,2023-11-05,OTA
BKG00000759,5655,CUS0005269,2023-11-30,MOB
BKG00000760,5645,CUS0005259,2026-03-06,WEB
BKG00000761,15904,CUS0014764,2025-03-20,WEB
BKG00000762,13387,CUS0012438,2024-08-21,MOB
BKG00000763,900,CUS0000833,2024-06-20,CTR
BKG00000764,10138,CUS0009434,2025-08-17,AGT
BKG00000765,14035,CUS0013030,2023-11-01,GDS
BKG00000766,3520,CUS0003284,2023-07-04,AGT
BKG00000767,8365,CUS0007793,2025-04-29,GDS
BKG00000768,898,CUS0000831,2024-02-02,AGT
BKG00000769,3066,CUS0002859,2025-10-10,GDS
BKG00000770,9113,CUS0008493,2024-09-01,GDS
BKG00000771,991,CUS0000920,2024-04-26,MOB
BKG00000772,15240,CUS0014155,2024-02-15,MOB
BKG00000773,2344,CUS0002184,2024-09-28,WEB
BKG00000774,14785,CUS0013734,2026-05-25,AGT
BKG00000775,5955,CUS0005550,2024-09-05,CTR
BKG00000776,13636,CUS0012667,2023-07-30,MOB
BKG00000777,11079,CUS0010312,2023-09-30,GDS
BKG00000778,3660,CUS0003412,2024-02-18,WEB
BKG00000779,3465,CUS0003230,2024-08-20,AGT
BKG00000780,15300,CUS0014207,2023-12-10,CTR
BKG00000781,2208,CUS0002058,2024-09-04,CTR
BKG00000782,14545,CUS0013506,2025-04-02,OTA
BKG00000783,9228,CUS0008598,2024-09-16,AGT
BKG00000784,15266,CUS0014177,2023-12-28,GDS
BKG00000785,8185,CUS0007626,2024-07-13,OTA
BKG00000786,3934,CUS0003668,2023-07-01,AGT
BKG00000787,6756,CUS0006302,2024-02-18,WEB
BKG00000788,5143,CUS0004784,2026-01-30,CTR
BKG00000789,12054,CUS0011222,2024-11-08,CTR
BKG00000790,9338,CUS0008699,2026-02-04,CTR
BKG00000791,4127,CUS0003846,2024-01-20,MOB
BKG00000792,6885,CUS0006426,2025-06-24,MOB
BKG00000793,12962,CUS0012055,2026-04-15,CTR
BKG00000794,12073,CUS0011240,2026-02-28,AGT
BKG00000795,2013,CUS0001871,2025-06-09,GDS
BKG00000796,12897,CUS0011998,2026-01-20,OTA
BKG00000797,114,CUS0000106,2025-07-19,GDS
BKG00000798,15077,CUS0014006,2026-04-22,WEB
BKG00000799,12101,CUS0011267,2025-04-16,CTR
BKG00000800,5169,CUS0004810,2025-01-15,AGT
BKG00000801,8172,CUS0007615,2025-06-03,WEB
BKG00000802,9400,CUS0008756,2025-12-25,CTR
BKG00000803,9091,CUS0008472,2025-02-16,WEB
BKG00000804,11874,CUS0011052,2025-05-06,AGT
BKG00000805,6843,CUS0006387,2024-07-17,AGT
BKG00000806,10999,CUS0010239,2025-06-20,AGT
BKG00000807,12130,CUS0011294,2026-04-13,OTA
BKG00000808,1267,CUS0001180,2025-03-15,MOB
BKG00000809,1487,CUS0001381,2026-01-16,CTR
BKG00000810,2143,CUS0001996,2023-06-12,OTA
BKG00000811,2868,CUS0002677,2025-03-27,CTR
BKG00000812,7137,CUS0006659,2023-09-13,GDS
BKG00000813,3521,CUS0003285,2024-01-27,WEB
BKG00000814,7855,CUS0007320,2025-05-05,OTA
BKG00000815,6865,CUS0006408,2026-01-17,CTR
BKG00000816,12816,CUS0011920,2026-03-21,GDS
BKG00000817,13038,CUS0012124,2026-02-18,MOB
BKG00000818,9469,CUS0008825,2023-07-27,GDS
BKG00000819,5219,CUS0004858,2026-05-12,GDS
BKG00000820,14778,CUS0013728,2026-02-06,WEB
BKG00000821,1073,CUS0000997,2026-04-24,AGT
BKG00000822,8010,CUS0007467,2024-09-02,CTR
BKG00000823,12143,CUS0011306,2026-03-09,WEB
BKG00000824,3017,CUS0002815,2024-08-15,GDS
BKG00000825,8034,CUS0007486,2026-05-03,CTR
BKG00000826,4520,CUS0004212,2023-07-14,CTR
BKG00000827,2153,CUS0002006,2025-11-27,GDS
BKG00000828,7464,CUS0006956,2024-06-23,OTA
BKG00000829,15017,CUS0013951,2024-10-03,OTA
BKG00000830,9007,CUS0008395,2025-09-23,CTR
BKG00000831,9719,CUS0009055,2025-03-10,CTR
BKG00000832,2294,CUS0002139,2024-05-23,MOB
BKG00000833,15735,CUS0014610,2023-05-29,CTR
BKG00000834,1150,CUS0001067,2026-02-11,GDS
BKG00000835,12637,CUS0011755,2026-02-06,MOB
BKG00000836,8488,CUS0007907,2025-07-29,WEB
BKG00000837,5173,CUS0004814,2025-04-10,CTR
BKG00000838,1780,CUS0001651,2024-01-23,OTA
BKG00000839,11289,CUS0010502,2024-03-06,WEB
BKG00000840,9172,CUS0008549,2024-05-18,OTA
BKG00000841,7313,CUS0006819,2024-05-31,MOB
BKG00000842,4178,CUS0003893,2026-01-21,MOB
BKG00000843,15933,CUS0014791,2025-09-11,MOB
BKG00000844,9355,CUS0008715,2025-06-30,AGT
BKG00000845,4162,CUS0003878,2024-01-08,WEB
BKG00000846,7051,CUS0006577,2025-05-14,GDS
BKG00000847,3154,CUS0002943,2026-04-25,CTR
BKG00000848,830,CUS0000769,2026-04-16,WEB
BKG00000849,4126,CUS0003845,2025-01-15,GDS
BKG00000850,2471,CUS0002303,2025-10-09,AGT
BKG00000851,5397,CUS0005027,2025-12-24,AGT
BKG00000852,8639,CUS0008050,2026-03-27,WEB
BKG00000853,13023,CUS0012109,2024-05-14,AGT
BKG00000854,10290,CUS0009579,2026-03-31,AGT
BKG00000855,4468,CUS0004165,2024-09-26,WEB
BKG00000856,12778,CUS0011886,2024-06-28,CTR
BKG00000857,6288,CUS0005862,2025-05-21,WEB
BKG00000858,3439,CUS0003205,2024-12-12,WEB
BKG00000859,8590,CUS0008003,2026-05-11,OTA
BKG00000860,5753,CUS0005361,2024-10-20,OTA
BKG00000861,2587,CUS0002411,2025-06-26,CTR
BKG00000862,611,CUS0000567,2024-12-10,AGT
BKG00000863,141,CUS0000132,2025-07-09,MOB
BKG00000864,6167,CUS0005747,2025-05-13,CTR
BKG00000865,15314,CUS0014221,2024-12-15,MOB
BKG00000866,11273,CUS0010488,2025-09-13,WEB
BKG00000867,6444,CUS0006007,2025-05-26,GDS
BKG00000868,11388,CUS0010594,2025-03-11,WEB
BKG00000869,15053,CUS0013984,2024-06-22,CTR
BKG00000870,3454,CUS0003219,2023-05-29,CTR
BKG00000871,12004,CUS0011174,2025-01-11,MOB
BKG00000872,14578,CUS0013539,2026-03-29,AGT
BKG00000873,2726,CUS0002544,2025-08-03,GDS
BKG00000874,4259,CUS0003967,2025-08-27,AGT
BKG00000875,39,CUS0000036,2025-12-10,MOB
BKG00000876,955,CUS0000886,2025-11-14,GDS
BKG00000877,8876,CUS0008272,2024-02-26,MOB
BKG00000878,11029,CUS0010266,2023-06-09,GDS
BKG00000879,1171,CUS0001086,2025-03-24,AGT
BKG00000880,7192,CUS0006709,2025-11-24,OTA
BKG00000881,2594,CUS0002418,2023-10-25,AGT
BKG00000882,10678,CUS0009937,2023-10-12,OTA
BKG00000883,13747,CUS0012769,2023-09-09,AGT
BKG00000884,7074,CUS0006599,2026-05-19,WEB
BKG00000885,2577,CUS0002401,2026-04-10,AGT
BKG00000886,16133,CUS0014977,2024-02-03,OTA
BKG00000887,11381,CUS0010588,2025-11-21,GDS
BKG00000888,10739,CUS0009995,2024-08-14,CTR
BKG00000889,11686,CUS0010873,2023-08-05,AGT
BKG00000890,2161,CUS0002013,2024-06-12,AGT
BKG00000891,2913,CUS0002719,2026-01-01,MOB
BKG00000892,3336,CUS0003112,2025-11-25,WEB
BKG00000893,12052,CUS0011220,2023-09-20,GDS
BKG00000894,515,CUS0000476,2025-10-27,MOB
BKG00000895,911,CUS0000844,2026-03-09,CTR
BKG00000896,12552,CUS0011682,2025-10-14,CTR
BKG00000897,10577,CUS0009841,2026-02-08,MOB
BKG00000898,11947,CUS0011124,2023-09-13,AGT
BKG00000899,6534,CUS0006092,2024-08-15,GDS
BKG00000900,4232,CUS0003942,2026-03-04,AGT
BKG00000901,1410,CUS0001308,2025-11-01,WEB
BKG00000902,5142,CUS0004783,2025-09-06,WEB
BKG00000903,15152,CUS0014072,2024-01-24,MOB
BKG00000904,12805,CUS0011910,2026-03-06,WEB
BKG00000905,6148,CUS0005730,2023-10-27,MOB
BKG00000906,883,CUS0000818,2025-03-30,CTR
BKG00000907,14220,CUS0013208,2023-12-16,WEB
BKG00000908,14260,CUS0013242,2024-07-31,OTA
BKG00000909,977,CUS0000907,2025-07-31,MOB
BKG00000910,8075,CUS0007521,2023-12-16,GDS
BKG00000911,1270,CUS0001182,2024-11-01,GDS
BKG00000912,15742,CUS0014616,2024-08-30,GDS
BKG00000913,9599,CUS0008944,2024-02-13,WEB
BKG00000914,2964,CUS0002765,2024-10-07,AGT
BKG00000915,9014,CUS0008402,2024-06-26,CTR
BKG00000916,4397,CUS0004095,2023-07-25,MOB
BKG00000917,2321,CUS0002164,2025-07-24,MOB
BKG00000918,4848,CUS0004517,2026-03-11,OTA
BKG00000919,4511,CUS0004204,2025-02-20,MOB
BKG00000920,11650,CUS0010839,2025-04-26,MOB
BKG00000921,13369,CUS0012421,2026-03-04,AGT
BKG00000922,3612,CUS0003368,2025-06-01,AGT
BKG00000923,11626,CUS0010816,2024-09-29,WEB
BKG00000924,13183,CUS0012252,2025-02-26,GDS
BKG00000925,11972,CUS0011148,2025-02-13,GDS
BKG00000926,9087,CUS0008469,2025-06-30,WEB
BKG00000927,6818,CUS0006362,2026-03-23,MOB
BKG00000928,14105,CUS0013099,2023-06-16,WEB
BKG00000929,12838,CUS0011941,2025-07-04,OTA
BKG00000930,2810,CUS0002624,2024-04-04,GDS
BKG00000931,7296,CUS0006802,2025-11-24,OTA
BKG00000932,11474,CUS0010674,2024-03-25,GDS
BKG00000933,5953,CUS0005548,2023-10-17,GDS
BKG00000934,14665,CUS0013622,2024-07-10,WEB
BKG00000935,8403,CUS0007828,2025-12-15,GDS
BKG00000936,2651,CUS0002472,2023-12-25,WEB
BKG00000937,12126,CUS0011290,2024-08-27,OTA
BKG00000938,15562,CUS0014453,2023-12-05,WEB
BKG00000939,7178,CUS0006696,2025-12-22,MOB
BKG00000940,15260,CUS0014173,2024-03-29,OTA
BKG00000941,972,CUS0000902,2025-04-12,AGT
BKG00000942,2446,CUS0002280,2023-06-30,WEB
BKG00000943,4999,CUS0004650,2026-04-05,MOB
BKG00000944,1454,CUS0001351,2025-11-07,WEB
BKG00000945,6625,CUS0006181,2025-11-23,AGT
BKG00000946,2117,CUS0001971,2026-01-03,WEB
BKG00000947,15033,CUS0013964,2024-03-18,OTA
BKG00000948,15448,CUS0014346,2023-12-28,WEB
BKG00000949,826,CUS0000765,2024-08-25,AGT
BKG00000950,6842,CUS0006386,2026-05-10,OTA
BKG00000951,5656,CUS0005270,2026-04-24,OTA
BKG00000952,8850,CUS0008248,2025-11-10,MOB
BKG00000953,116,CUS0000108,2024-11-17,WEB
BKG00000954,12020,CUS0011189,2026-03-26,CTR
BKG00000955,4479,CUS0004174,2026-05-07,WEB
BKG00000956,12186,CUS0011346,2025-02-10,MOB
BKG00000957,13881,CUS0012889,2024-07-14,OTA
BKG00000958,4458,CUS0004155,2023-09-10,OTA
BKG00000959,2187,CUS0002039,2023-10-05,GDS
BKG00000960,1708,CUS0001587,2024-04-17,CTR
BKG00000961,5406,CUS0005035,2025-04-21,GDS
BKG00000962,5848,CUS0005450,2024-04-04,MOB
BKG00000963,13814,CUS0012828,2023-11-08,GDS
BKG00000964,44,CUS0000041,2024-08-17,CTR
BKG00000965,2674,CUS0002494,2024-06-04,MOB
BKG00000966,13141,CUS0012215,2026-04-03,CTR
BKG00000967,11772,CUS0010953,2026-01-13,GDS
BKG00000968,10704,CUS0009963,2024-10-18,CTR
BKG00000969,14501,CUS0013468,2024-04-03,MOB
BKG00000970,14182,CUS0013172,2024-07-26,MOB
BKG00000971,11005,CUS0010244,2025-03-24,MOB
BKG00000972,2977,CUS0002778,2024-09-13,AGT
BKG00000973,14810,CUS0013759,2025-01-21,MOB
BKG00000974,12532,CUS0011663,2026-02-19,GDS
BKG00000975,7757,CUS0007227,2025-05-20,GDS
BKG00000976,14806,CUS0013755,2024-02-04,WEB
BKG00000977,10522,CUS0009791,2026-04-13,CTR
BKG00000978,10003,CUS0009311,2024-10-02,OTA
BKG00000979,3579,CUS0003338,2024-11-15,OTA
BKG00000980,2578,CUS0002402,2026-01-20,OTA
BKG00000981,12199,CUS0011358,2025-07-01,WEB
BKG00000982,8726,CUS0008131,2023-09-26,WEB
BKG00000983,2143,CUS0001996,2024-05-01,MOB
BKG00000984,14293,CUS0013274,2023-10-31,AGT
BKG00000985,5577,CUS0005191,2024-11-18,CTR
BKG00000986,9386,CUS0008742,2024-05-22,WEB
BKG00000987,11938,CUS0011115,2024-03-27,MOB
BKG00000988,2125,CUS0001979,2023-07-30,OTA
BKG00000989,6574,CUS0006130,2025-02-12,OTA
BKG00000990,2370,CUS0002208,2023-06-18,OTA
BKG00000991,9839,CUS0009162,2025-06-06,CTR
BKG00000992,10894,CUS0010141,2023-07-18,MOB
BKG00000993,15189,CUS0014107,2024-07-19,WEB
BKG00000994,15439,CUS0014338,2025-06-15,CTR
BKG00000995,8312,CUS0007742,2025-07-04,WEB
BKG00000996,3585,CUS0003344,2023-06-23,WEB
BKG00000997,13394,CUS0012444,2025-06-29,WEB
BKG00000998,7099,CUS0006624,2024-05-10,WEB
BKG00000999,15425,CUS0014326,2025-01-18,CTR
BKG00001000,9192,CUS0008566,2023-06-12,WEB
BKG00001001,5433,CUS0005058,2024-11-14,WEB
BKG00001002,1830,CUS0001698,2024-02-05,AGT
BKG00001003,3184,CUS0002972,2024-02-03,WEB
BKG00001004,11633,CUS0010823,2024-05-31,MOB
BKG00001005,6764,CUS0006309,2024-12-26,WEB
BKG00001006,883,CUS0000818,2023-12-20,CTR
BKG00001007,11806,CUS0010985,2024-10-11,AGT
BKG00001008,11250,CUS0010466,2025-02-04,WEB
BKG00001009,7475,CUS0006966,2025-04-15,AGT
BKG00001010,2084,CUS0001940,2023-10-10,WEB
BKG00001011,12453,CUS0011589,2024-04-08,MOB
BKG00001012,12779,CUS0011887,2024-07-26,CTR
BKG00001013,13714,CUS0012739,2025-11-29,GDS
BKG00001014,8294,CUS0007728,2025-02-22,OTA
BKG00001015,7353,CUS0006856,2025-05-05,AGT
BKG00001016,10460,CUS0009736,2024-11-06,GDS
BKG00001017,7719,CUS0007192,2024-10-27,CTR
BKG00001018,448,CUS0000414,2024-01-29,MOB
BKG00001019,5006,CUS0004657,2025-03-06,CTR
BKG00001020,13806,CUS0012821,2026-02-11,MOB
BKG00001021,1849,CUS0001717,2025-04-10,GDS
BKG00001022,14097,CUS0013091,2026-05-04,MOB
BKG00001023,12714,CUS0011826,2025-12-30,CTR
BKG00001024,3782,CUS0003525,2023-12-26,AGT
BKG00001025,14800,CUS0013749,2025-12-29,OTA
BKG00001026,9563,CUS0008910,2024-10-07,MOB
BKG00001027,6441,CUS0006004,2025-10-23,OTA
BKG00001028,7768,CUS0007237,2025-09-20,OTA
BKG00001029,10145,CUS0009441,2025-01-31,WEB
BKG00001030,9530,CUS0008878,2025-10-04,OTA
BKG00001031,7735,CUS0007207,2025-06-26,OTA
BKG00001032,15667,CUS0014547,2025-09-13,GDS
BKG00001033,1472,CUS0001367,2024-04-01,GDS
BKG00001034,7783,CUS0007251,2026-05-06,WEB
BKG00001035,5626,CUS0005240,2024-10-09,OTA
BKG00001036,7201,CUS0006717,2024-08-12,OTA
BKG00001037,9170,CUS0008547,2026-05-02,CTR
BKG00001038,12154,CUS0011315,2024-11-08,GDS
BKG00001039,4444,CUS0004141,2025-06-10,MOB
BKG00001040,2680,CUS0002500,2023-07-26,MOB
BKG00001041,12559,CUS0011688,2025-12-24,OTA
BKG00001042,13746,CUS0012768,2023-10-25,GDS
BKG00001043,10338,CUS0009622,2025-11-12,GDS
BKG00001044,4092,CUS0003813,2026-02-06,WEB
BKG00001045,14290,CUS0013271,2024-08-26,CTR
BKG00001046,11175,CUS0010394,2026-03-03,WEB
BKG00001047,5720,CUS0005330,2026-05-16,CTR
BKG00001048,10479,CUS0009754,2024-04-22,CTR
BKG00001049,7391,CUS0006889,2025-12-28,WEB
BKG00001050,10325,CUS0009609,2023-12-24,CTR
BKG00001051,3460,CUS0003225,2025-01-22,AGT
BKG00001052,11365,CUS0010573,2023-10-08,AGT
BKG00001053,2799,CUS0002614,2025-10-25,GDS
BKG00001054,3550,CUS0003313,2023-10-05,OTA
BKG00001055,3450,CUS0003216,2024-04-15,WEB
BKG00001056,10549,CUS0009816,2025-08-06,MOB
BKG00001057,7572,CUS0007057,2024-10-06,MOB
BKG00001058,346,CUS0000320,2024-11-29,OTA
BKG00001059,9008,CUS0008396,2024-12-18,MOB
BKG00001060,4425,CUS0004123,2023-11-02,WEB
BKG00001061,1964,CUS0001826,2024-11-25,OTA
BKG00001062,2555,CUS0002381,2024-02-15,WEB
BKG00001063,7918,CUS0007381,2024-07-29,MOB
BKG00001064,9491,CUS0008843,2025-01-11,WEB
BKG00001065,899,CUS0000832,2026-04-02,WEB
BKG00001066,11603,CUS0010793,2026-02-04,CTR
BKG00001067,14467,CUS0013436,2025-09-21,CTR
BKG00001068,7819,CUS0007286,2024-04-07,MOB
BKG00001069,13076,CUS0012156,2025-07-23,MOB
BKG00001070,12218,CUS0011377,2025-01-07,AGT
BKG00001071,3208,CUS0002995,2025-06-30,OTA
BKG00001072,13926,CUS0012930,2026-04-18,GDS
BKG00001073,1739,CUS0001614,2024-11-21,OTA
BKG00001074,11624,CUS0010814,2023-06-11,MOB
BKG00001075,6007,CUS0005597,2025-04-25,CTR
BKG00001076,15274,CUS0014183,2023-11-11,CTR
BKG00001077,10836,CUS0010088,2026-01-23,CTR
BKG00001078,12330,CUS0011477,2025-09-17,AGT
BKG00001079,6998,CUS0006530,2025-12-07,GDS
BKG00001080,15520,CUS0014413,2025-06-29,MOB
BKG00001081,10817,CUS0010070,2025-08-09,WEB
BKG00001082,3336,CUS0003112,2025-11-27,WEB
BKG00001083,13317,CUS0012373,2024-02-15,GDS
BKG00001084,10015,CUS0009322,2025-04-20,GDS
BKG00001085,13716,CUS0012741,2024-07-02,MOB
BKG00001086,14796,CUS0013745,2023-10-25,CTR
BKG00001087,1805,CUS0001675,2026-01-24,CTR
BKG00001088,13656,CUS0012684,2024-12-31,CTR
BKG00001089,6500,CUS0006058,2023-06-23,AGT
BKG00001090,15262,CUS0014174,2025-03-27,CTR
BKG00001091,4405,CUS0004103,2025-02-06,WEB
BKG00001092,8038,CUS0007489,2026-04-09,MOB
BKG00001093,13994,CUS0012992,2026-05-02,OTA
BKG00001094,4022,CUS0003750,2023-07-09,WEB
BKG00001095,10062,CUS0009366,2025-09-10,WEB
BKG00001096,16079,CUS0014928,2026-03-15,AGT
BKG00001097,9656,CUS0008995,2026-03-18,OTA
BKG00001098,11050,CUS0010285,2025-03-07,GDS
BKG00001099,12329,CUS0011476,2025-08-10,MOB
BKG00001100,4856,CUS0004525,2026-04-12,GDS
BKG00001101,10889,CUS0010137,2024-01-26,CTR
BKG00001102,15505,CUS0014399,2024-03-05,AGT
BKG00001103,7657,CUS0007133,2024-10-22,AGT
BKG00001104,8115,CUS0007558,2025-06-14,OTA
BKG00001105,12052,CUS0011220,2023-06-18,CTR
BKG00001106,14398,CUS0013368,2026-02-14,CTR
BKG00001107,8334,CUS0007762,2023-11-30,WEB
BKG00001108,1641,CUS0001526,2024-11-02,OTA
BKG00001109,12606,CUS0011726,2024-04-29,AGT
BKG00001110,12850,CUS0011953,2024-07-19,OTA
BKG00001111,2669,CUS0002489,2025-01-03,AGT
BKG00001112,2343,CUS0002183,2025-01-30,AGT
BKG00001113,11059,CUS0010293,2026-04-25,GDS
BKG00001114,698,CUS0000649,2026-04-29,CTR
BKG00001115,16006,CUS0014861,2023-08-09,AGT
BKG00001116,15100,CUS0014028,2023-12-26,OTA
BKG00001117,6576,CUS0006132,2025-03-28,GDS
BKG00001118,8002,CUS0007459,2023-11-03,AGT
BKG00001119,14268,CUS0013250,2024-06-23,MOB
BKG00001120,614,CUS0000570,2025-01-07,WEB
BKG00001121,12689,CUS0011802,2024-03-07,OTA
BKG00001122,12226,CUS0011384,2024-05-23,MOB
BKG00001123,7294,CUS0006800,2026-02-14,CTR
BKG00001124,14293,CUS0013274,2023-08-24,CTR
BKG00001125,12693,CUS0011806,2026-03-29,CTR
BKG00001126,924,CUS0000856,2024-09-20,CTR
BKG00001127,10146,CUS0009442,2025-01-09,GDS
BKG00001128,4808,CUS0004480,2025-08-03,MOB
BKG00001129,5518,CUS0005136,2023-07-22,AGT
BKG00001130,13260,CUS0012323,2023-08-31,MOB
BKG00001131,14848,CUS0013794,2025-04-26,CTR
BKG00001132,3096,CUS0002888,2025-12-06,WEB
BKG00001133,1807,CUS0001677,2025-04-28,CTR
BKG00001134,8249,CUS0007684,2025-11-20,GDS
BKG00001135,7259,CUS0006768,2025-07-24,GDS
BKG00001136,12249,CUS0011405,2024-01-27,WEB
BKG00001137,2874,CUS0002683,2026-04-17,CTR
BKG00001138,4727,CUS0004406,2023-10-22,AGT
BKG00001139,4437,CUS0004134,2025-09-17,AGT
BKG00001140,1358,CUS0001263,2025-07-09,WEB
BKG00001141,6508,CUS0006066,2025-12-12,MOB
BKG00001142,11126,CUS0010350,2025-09-10,WEB
BKG00001143,10835,CUS0010087,2026-05-21,WEB
BKG00001144,2630,CUS0002453,2023-08-09,AGT
BKG00001145,8682,CUS0008089,2024-01-17,AGT
BKG00001146,996,CUS0000924,2025-08-21,GDS
BKG00001147,3399,CUS0003169,2026-03-29,GDS
BKG00001148,7027,CUS0006556,2025-03-20,MOB
BKG00001149,914,CUS0000847,2025-09-10,GDS
BKG00001150,11370,CUS0010578,2023-09-12,MOB
BKG00001151,8733,CUS0008138,2023-10-27,MOB
BKG00001152,4548,CUS0004236,2025-10-09,OTA
BKG00001153,7983,CUS0007443,2025-06-01,WEB
BKG00001154,14563,CUS0013524,2023-05-28,CTR
BKG00001155,10237,CUS0009528,2025-08-08,GDS
BKG00001156,8275,CUS0007710,2025-08-03,OTA
BKG00001157,6408,CUS0005975,2025-02-13,WEB
BKG00001158,7970,CUS0007431,2024-05-23,WEB
BKG00001159,7590,CUS0007074,2024-12-17,MOB
BKG00001160,4095,CUS0003816,2025-03-30,CTR
BKG00001161,2724,CUS0002542,2024-09-05,OTA
BKG00001162,2341,CUS0002181,2024-06-08,GDS
BKG00001163,11900,CUS0011078,2025-01-31,OTA
BKG00001164,11870,CUS0011048,2026-05-22,OTA
BKG00001165,5847,CUS0005449,2023-10-20,AGT
BKG00001166,11138,CUS0010362,2024-07-30,GDS
BKG00001167,5957,CUS0005552,2025-10-02,GDS
BKG00001168,7161,CUS0006681,2026-02-22,AGT
BKG00001169,9034,CUS0008420,2025-01-23,WEB
BKG00001170,1953,CUS0001817,2023-06-28,MOB
BKG00001171,14784,CUS0013733,2025-09-13,WEB
BKG00001172,639,CUS0000595,2024-05-25,OTA
BKG00001173,7370,CUS0006872,2026-02-16,OTA
BKG00001174,12079,CUS0011246,2026-01-08,OTA
BKG00001175,6082,CUS0005668,2025-03-02,MOB
BKG00001176,861,CUS0000797,2024-06-07,AGT
BKG00001177,11695,CUS0010881,2026-02-24,OTA
BKG00001178,363,CUS0000335,2024-08-31,GDS
BKG00001179,14084,CUS0013078,2024-03-02,AGT
BKG00001180,4896,CUS0004558,2026-04-14,MOB
BKG00001181,11040,CUS0010276,2023-07-02,CTR
BKG00001182,3583,CUS0003342,2023-07-28,CTR
BKG00001183,8067,CUS0007515,2025-05-17,MOB
BKG00001184,15639,CUS0014523,2023-12-08,AGT
BKG00001185,7900,CUS0007363,2025-08-13,WEB
BKG00001186,8362,CUS0007790,2023-12-08,AGT
BKG00001187,15954,CUS0014812,2024-03-26,OTA
BKG00001188,10669,CUS0009929,2025-06-05,AGT
BKG00001189,3774,CUS0003517,2023-10-07,MOB
BKG00001190,6189,CUS0005767,2025-01-05,CTR
BKG00001191,11509,CUS0010706,2023-10-27,MOB
BKG00001192,5038,CUS0004687,2025-07-23,MOB
BKG00001193,3429,CUS0003195,2025-10-22,CTR
BKG00001194,5275,CUS0004910,2025-08-09,OTA
BKG00001195,9747,CUS0009080,2026-04-19,MOB
BKG00001196,4344,CUS0004046,2023-07-20,AGT
BKG00001197,2643,CUS0002465,2026-02-26,CTR
BKG00001198,10382,CUS0009662,2025-06-11,WEB
BKG00001199,1710,CUS0001589,2024-09-26,AGT
BKG00001200,8291,CUS0007725,2025-11-12,WEB
BKG00001201,649,CUS0000602,2025-04-15,GDS
BKG00001202,3536,CUS0003299,2024-03-08,GDS
BKG00001203,9236,CUS0008604,2024-08-19,WEB
BKG00001204,12130,CUS0011294,2024-09-10,WEB
BKG00001205,9593,CUS0008938,2023-08-28,GDS
BKG00001206,9181,CUS0008556,2024-07-06,CTR
BKG00001207,14286,CUS0013267,2024-12-15,MOB
BKG00001208,9559,CUS0008906,2024-04-28,MOB
BKG00001209,10282,CUS0009571,2023-06-04,AGT
BKG00001210,12396,CUS0011536,2023-11-28,AGT
BKG00001211,6041,CUS0005629,2025-03-06,OTA
BKG00001212,3356,CUS0003129,2024-10-13,OTA
BKG00001213,11045,CUS0010281,2025-03-03,OTA
BKG00001214,13624,CUS0012655,2025-06-16,GDS
BKG00001215,12233,CUS0011391,2026-01-24,AGT
BKG00001216,1370,CUS0001275,2024-06-10,MOB
BKG00001217,14720,CUS0013674,2023-09-01,CTR
BKG00001218,5017,CUS0004667,2025-04-20,WEB
BKG00001219,14274,CUS0013255,2025-05-26,MOB
BKG00001220,13366,CUS0012418,2024-01-18,CTR
BKG00001221,4624,CUS0004307,2023-07-26,WEB
BKG00001222,15325,CUS0014232,2025-02-14,OTA
BKG00001223,9719,CUS0009055,2024-05-01,CTR
BKG00001224,8158,CUS0007601,2024-06-20,WEB
BKG00001225,4426,CUS0004124,2024-09-13,CTR
BKG00001226,12955,CUS0012048,2025-02-23,WEB
BKG00001227,9988,CUS0009297,2024-05-08,MOB
BKG00001228,14310,CUS0013290,2025-03-09,WEB
BKG00001229,9620,CUS0008962,2024-04-07,AGT
BKG00001230,8116,CUS0007559,2024-09-13,MOB
BKG00001231,2281,CUS0002128,2024-03-13,MOB
BKG00001232,13036,CUS0012122,2025-08-24,MOB
BKG00001233,5743,CUS0005353,2026-05-17,WEB
BKG00001234,9981,CUS0009290,2025-12-06,OTA
BKG00001235,918,CUS0000850,2026-01-13,CTR
BKG00001236,7280,CUS0006788,2024-07-27,MOB
BKG00001237,3321,CUS0003097,2024-09-22,MOB
BKG00001238,5360,CUS0004993,2024-02-24,OTA
BKG00001239,458,CUS0000424,2026-02-08,AGT
BKG00001240,6393,CUS0005962,2024-07-05,AGT
BKG00001241,12828,CUS0011932,2024-06-01,CTR
BKG00001242,13409,CUS0012459,2026-05-12,AGT
BKG00001243,13211,CUS0012279,2026-01-03,AGT
BKG00001244,11771,CUS0010952,2023-09-13,MOB
BKG00001245,15412,CUS0014314,2025-04-30,CTR
BKG00001246,12889,CUS0011991,2025-07-04,CTR
BKG00001247,9567,CUS0008914,2024-08-23,MOB
BKG00001248,4275,CUS0003983,2023-07-03,MOB
BKG00001249,3693,CUS0003442,2024-02-13,GDS
BKG00001250,11958,CUS0011134,2026-04-16,CTR
BKG00001251,8559,CUS0007974,2025-06-10,MOB
BKG00001252,11773,CUS0010954,2025-05-19,AGT
BKG00001253,4038,CUS0003765,2024-07-10,OTA
BKG00001254,13139,CUS0012213,2025-07-24,CTR
BKG00001255,1041,CUS0000967,2023-11-26,OTA
BKG00001256,14687,CUS0013643,2025-01-10,CTR
BKG00001257,2836,CUS0002648,2025-03-09,CTR
BKG00001258,11072,CUS0010306,2023-10-01,CTR
BKG00001259,9338,CUS0008699,2024-08-26,CTR
BKG00001260,12158,CUS0011318,2024-01-01,OTA
BKG00001261,10007,CUS0009315,2025-06-04,AGT
BKG00001262,8857,CUS0008254,2025-10-30,WEB
BKG00001263,4987,CUS0004639,2025-02-05,CTR
BKG00001264,9430,CUS0008786,2023-06-04,WEB
BKG00001265,5687,CUS0005300,2024-03-10,CTR
BKG00001266,5875,CUS0005477,2024-01-14,WEB
BKG00001267,6153,CUS0005735,2026-01-26,OTA
BKG00001268,7213,CUS0006727,2025-12-09,GDS
BKG00001269,4821,CUS0004493,2023-08-24,GDS
BKG00001270,5297,CUS0004932,2023-09-28,MOB
BKG00001271,14918,CUS0013856,2023-11-11,MOB
BKG00001272,8137,CUS0007580,2026-01-09,MOB
BKG00001273,926,CUS0000858,2026-05-24,WEB
BKG00001274,7295,CUS0006801,2025-07-09,MOB
BKG00001275,6872,CUS0006414,2023-07-21,OTA
BKG00001276,8147,CUS0007590,2026-04-19,WEB
BKG00001277,4888,CUS0004553,2024-03-27,CTR
BKG00001278,8422,CUS0007846,2024-05-07,WEB
BKG00001279,5172,CUS0004813,2023-12-04,MOB
BKG00001280,9329,CUS0008691,2024-12-25,AGT
BKG00001281,792,CUS0000735,2026-03-14,OTA
BKG00001282,11764,CUS0010946,2023-07-08,CTR
BKG00001283,15845,CUS0014709,2024-08-04,CTR
BKG00001284,1916,CUS0001782,2026-01-29,CTR
BKG00001285,2478,CUS0002309,2024-12-24,CTR
BKG00001286,5136,CUS0004777,2023-10-01,AGT
BKG00001287,4749,CUS0004426,2025-09-30,GDS
BKG00001288,7419,CUS0006915,2024-07-19,MOB
BKG00001289,3439,CUS0003205,2023-11-09,AGT
BKG00001290,11601,CUS0010791,2023-08-22,GDS
BKG00001291,8593,CUS0008006,2024-12-26,CTR
BKG00001292,10074,CUS0009377,2023-12-23,MOB
BKG00001293,8971,CUS0008361,2025-01-10,WEB
BKG00001294,4468,CUS0004165,2026-05-05,GDS
BKG00001295,13838,CUS0012851,2025-06-30,WEB
BKG00001296,2001,CUS0001860,2025-07-17,MOB
BKG00001297,14816,CUS0013764,2024-06-16,WEB
BKG00001298,3499,CUS0003264,2024-07-13,GDS
BKG00001299,7557,CUS0007043,2024-10-24,WEB
BKG00001300,4753,CUS0004430,2024-07-14,CTR
BKG00001301,1912,CUS0001778,2025-02-03,CTR
BKG00001302,15820,CUS0014685,2023-07-23,WEB
BKG00001303,12991,CUS0012081,2024-09-05,GDS
BKG00001304,10471,CUS0009746,2026-02-16,CTR
BKG00001305,8230,CUS0007667,2023-10-19,WEB
BKG00001306,13867,CUS0012877,2026-02-22,OTA
BKG00001307,8002,CUS0007459,2026-02-03,CTR
BKG00001308,15797,CUS0014666,2025-02-05,AGT
BKG00001309,7874,CUS0007337,2026-05-25,MOB
BKG00001310,1759,CUS0001634,2024-11-03,WEB
BKG00001311,8864,CUS0008261,2024-02-07,WEB
BKG00001312,12886,CUS0011988,2026-05-10,MOB
BKG00001313,8582,CUS0007996,2024-02-12,AGT
BKG00001314,1226,CUS0001141,2024-02-25,MOB
BKG00001315,7421,CUS0006917,2024-02-27,MOB
BKG00001316,14475,CUS0013443,2025-03-27,MOB
BKG00001317,15998,CUS0014853,2023-07-09,OTA
BKG00001318,6459,CUS0006021,2025-07-17,GDS
BKG00001319,9148,CUS0008526,2026-05-07,OTA
BKG00001320,1264,CUS0001178,2026-01-05,CTR
BKG00001321,162,CUS0000152,2024-08-18,MOB
BKG00001322,2613,CUS0002436,2026-04-14,MOB
BKG00001323,2353,CUS0002193,2025-12-26,WEB
BKG00001324,2059,CUS0001915,2026-04-08,MOB
BKG00001325,14551,CUS0013512,2024-06-19,AGT
BKG00001326,8910,CUS0008305,2026-05-10,CTR
BKG00001327,7499,CUS0006989,2026-04-15,CTR
BKG00001328,11284,CUS0010497,2024-11-30,AGT
BKG00001329,1200,CUS0001115,2024-12-30,CTR
BKG00001330,7110,CUS0006633,2025-09-09,GDS
BKG00001331,15264,CUS0014176,2024-01-19,WEB
BKG00001332,15536,CUS0014429,2024-03-26,GDS
BKG00001333,257,CUS0000238,2024-11-18,CTR
BKG00001334,14026,CUS0013022,2025-05-13,OTA
BKG00001335,1410,CUS0001308,2024-11-10,AGT
BKG00001336,13287,CUS0012348,2026-04-08,CTR
BKG00001337,5661,CUS0005274,2025-08-12,GDS
BKG00001338,2798,CUS0002613,2024-10-08,OTA
BKG00001339,1565,CUS0001454,2024-01-24,GDS
BKG00001340,9808,CUS0009133,2026-01-02,OTA
BKG00001341,13077,CUS0012157,2023-10-31,CTR
BKG00001342,11642,CUS0010831,2023-08-14,AGT
BKG00001343,4499,CUS0004193,2023-10-10,OTA
BKG00001344,12280,CUS0011433,2023-11-17,MOB
BKG00001345,12788,CUS0011895,2024-10-20,GDS
BKG00001346,9974,CUS0009283,2025-07-03,CTR
BKG00001347,11642,CUS0010831,2025-10-04,WEB
BKG00001348,11017,CUS0010255,2026-05-19,WEB
BKG00001349,6141,CUS0005723,2023-08-23,MOB
BKG00001350,12854,CUS0011957,2026-03-03,OTA
BKG00001351,165,CUS0000154,2026-05-05,OTA
BKG00001352,3902,CUS0003638,2023-10-30,OTA
BKG00001353,8737,CUS0008142,2023-06-29,OTA
BKG00001354,10035,CUS0009340,2024-01-25,MOB
BKG00001355,15838,CUS0014703,2025-10-01,AGT
BKG00001356,14561,CUS0013522,2024-08-18,MOB
BKG00001357,734,CUS0000682,2024-02-10,AGT
BKG00001358,9491,CUS0008843,2025-10-23,WEB
BKG00001359,13559,CUS0012598,2024-12-13,WEB
BKG00001360,8284,CUS0007719,2023-08-01,AGT
BKG00001361,10952,CUS0010195,2025-05-12,CTR
BKG00001362,15918,CUS0014776,2026-01-08,MOB
BKG00001363,4752,CUS0004429,2023-11-26,OTA
BKG00001364,7133,CUS0006655,2024-06-07,OTA
BKG00001365,1258,CUS0001172,2024-02-11,MOB
BKG00001366,10383,CUS0009663,2026-04-17,AGT
BKG00001367,467,CUS0000433,2025-10-01,GDS
BKG00001368,11752,CUS0010936,2024-04-02,MOB
BKG00001369,6817,CUS0006361,2026-02-16,GDS
BKG00001370,14644,CUS0013603,2025-07-06,OTA
BKG00001371,15047,CUS0013978,2024-08-26,AGT
BKG00001372,14799,CUS0013748,2023-12-26,OTA
BKG00001373,14917,CUS0013855,2025-10-14,MOB
BKG00001374,12895,CUS0011996,2024-12-10,MOB
BKG00001375,10821,CUS0010074,2024-08-31,GDS
BKG00001376,2317,CUS0002160,2025-10-19,OTA
BKG00001377,12814,CUS0011918,2025-10-06,CTR
BKG00001378,10445,CUS0009721,2025-05-21,CTR
BKG00001379,1378,CUS0001282,2023-06-10,GDS
BKG00001380,15369,CUS0014274,2023-08-05,CTR
BKG00001381,14860,CUS0013804,2023-07-13,WEB
BKG00001382,11508,CUS0010705,2025-03-23,AGT
BKG00001383,15903,CUS0014763,2024-02-26,MOB
BKG00001384,8457,CUS0007879,2023-06-18,WEB
BKG00001385,5586,CUS0005200,2025-09-14,MOB
BKG00001386,15386,CUS0014291,2023-11-27,MOB
BKG00001387,7954,CUS0007415,2024-12-13,MOB
BKG00001388,8471,CUS0007893,2025-09-24,AGT
BKG00001389,2831,CUS0002643,2023-11-28,AGT
BKG00001390,2451,CUS0002284,2023-08-13,GDS
BKG00001391,3505,CUS0003270,2025-12-26,CTR
BKG00001392,7421,CUS0006917,2025-04-12,WEB
BKG00001393,8227,CUS0007665,2023-07-04,WEB
BKG00001394,6679,CUS0006232,2025-11-21,CTR
BKG00001395,1117,CUS0001037,2025-03-03,MOB
BKG00001396,13345,CUS0012399,2025-12-01,CTR
BKG00001397,14714,CUS0013669,2024-05-24,MOB
BKG00001398,5963,CUS0005558,2023-07-25,CTR
BKG00001399,1832,CUS0001700,2023-07-20,GDS
BKG00001400,8911,CUS0008306,2023-07-16,WEB
BKG00001401,517,CUS0000478,2025-07-13,OTA
BKG00001402,2694,CUS0002513,2024-05-08,OTA
BKG00001403,11338,CUS0010549,2025-08-07,OTA
BKG00001404,217,CUS0000204,2026-01-29,MOB
BKG00001405,5528,CUS0005146,2024-09-30,GDS
BKG00001406,11330,CUS0010541,2023-11-12,CTR
BKG00001407,3720,CUS0003468,2025-10-17,OTA
BKG00001408,5469,CUS0005091,2023-07-14,MOB
BKG00001409,1258,CUS0001172,2025-11-30,WEB
BKG00001410,12405,CUS0011544,2026-05-17,MOB
BKG00001411,15539,CUS0014432,2023-10-26,AGT
BKG00001412,13747,CUS0012769,2023-07-18,AGT
BKG00001413,5944,CUS0005540,2024-08-08,GDS
BKG00001414,10883,CUS0010131,2024-09-18,GDS
BKG00001415,1616,CUS0001502,2024-06-22,OTA
BKG00001416,4607,CUS0004290,2025-09-17,OTA
BKG00001417,409,CUS0000379,2025-11-21,WEB
BKG00001418,5782,CUS0005388,2024-03-16,GDS
BKG00001419,10285,CUS0009574,2026-04-20,CTR
BKG00001420,8575,CUS0007990,2024-01-31,CTR
BKG00001421,9649,CUS0008989,2026-04-21,OTA
BKG00001422,3876,CUS0003615,2023-07-05,WEB
BKG00001423,15554,CUS0014446,2024-03-06,OTA
BKG00001424,3011,CUS0002809,2024-09-03,MOB
BKG00001425,8535,CUS0007951,2025-12-21,AGT
BKG00001426,10947,CUS0010190,2025-01-27,WEB
BKG00001427,1941,CUS0001806,2026-03-29,WEB
BKG00001428,11942,CUS0011119,2023-12-25,GDS
BKG00001429,5365,CUS0004998,2024-03-31,GDS
BKG00001430,6173,CUS0005751,2023-08-11,OTA
BKG00001431,713,CUS0000663,2023-05-29,GDS
BKG00001432,6496,CUS0006054,2026-05-02,MOB
BKG00001433,170,CUS0000159,2024-06-13,MOB
BKG00001434,11524,CUS0010719,2025-10-04,WEB
BKG00001435,452,CUS0000418,2024-05-28,GDS
BKG00001436,9448,CUS0008804,2023-11-25,AGT
BKG00001437,7115,CUS0006638,2024-07-05,OTA
BKG00001438,11477,CUS0010677,2026-03-01,MOB
BKG00001439,3315,CUS0003092,2025-05-07,MOB
BKG00001440,893,CUS0000827,2025-02-07,OTA
BKG00001441,2390,CUS0002228,2025-05-22,WEB
BKG00001442,11303,CUS0010515,2025-08-13,OTA
BKG00001443,2802,CUS0002617,2026-02-12,MOB
BKG00001444,15627,CUS0014511,2023-12-29,OTA
BKG00001445,8176,CUS0007618,2024-06-12,WEB
BKG00001446,4604,CUS0004287,2023-08-07,MOB
BKG00001447,9177,CUS0008552,2024-05-10,OTA
BKG00001448,8810,CUS0008210,2025-05-10,OTA
BKG00001449,860,CUS0000796,2025-09-27,WEB
BKG00001450,3532,CUS0003296,2026-03-14,GDS
BKG00001451,8488,CUS0007907,2025-03-25,MOB
BKG00001452,5205,CUS0004845,2024-03-05,OTA
BKG00001453,355,CUS0000328,2024-06-19,CTR
BKG00001454,10831,CUS0010083,2026-04-06,MOB
BKG00001455,2476,CUS0002307,2025-02-06,AGT
BKG00001456,944,CUS0000876,2026-04-29,WEB
BKG00001457,9285,CUS0008649,2024-05-26,OTA
BKG00001458,15793,CUS0014662,2024-06-25,AGT
BKG00001459,12130,CUS0011294,2025-12-29,CTR
BKG00001460,11961,CUS0011137,2024-11-06,GDS
BKG00001461,5680,CUS0005293,2025-05-17,MOB
BKG00001462,1147,CUS0001064,2024-02-18,CTR
BKG00001463,3975,CUS0003706,2025-11-03,MOB
BKG00001464,6730,CUS0006279,2024-07-26,CTR
BKG00001465,5239,CUS0004877,2023-07-07,OTA
BKG00001466,11647,CUS0010836,2024-12-27,GDS
BKG00001467,5391,CUS0005021,2024-11-14,MOB
BKG00001468,1748,CUS0001623,2024-10-24,WEB
BKG00001469,2214,CUS0002064,2024-09-11,CTR
BKG00001470,2045,CUS0001902,2026-02-07,AGT
BKG00001471,15569,CUS0014459,2025-05-29,MOB
BKG00001472,476,CUS0000442,2023-08-20,CTR
BKG00001473,8605,CUS0008018,2024-08-07,GDS
BKG00001474,11499,CUS0010698,2024-06-03,OTA
BKG00001475,9135,CUS0008514,2025-04-08,MOB
BKG00001476,11098,CUS0010328,2025-09-04,OTA
BKG00001477,8668,CUS0008077,2024-10-19,WEB
BKG00001478,11341,CUS0010551,2024-10-29,AGT
BKG00001479,15659,CUS0014540,2025-09-22,GDS
BKG00001480,15701,CUS0014579,2023-10-05,CTR
BKG00001481,13457,CUS0012503,2025-04-22,GDS
BKG00001482,2391,CUS0002229,2023-09-19,WEB
BKG00001483,9158,CUS0008535,2025-01-21,AGT
BKG00001484,10470,CUS0009745,2025-08-29,MOB
BKG00001485,8038,CUS0007489,2024-05-13,CTR
BKG00001486,10157,CUS0009452,2023-07-26,GDS
BKG00001487,10843,CUS0010094,2025-04-23,MOB
BKG00001488,4411,CUS0004109,2024-11-01,CTR
BKG00001489,3748,CUS0003492,2024-07-16,MOB
BKG00001490,10039,CUS0009344,2025-12-12,OTA
BKG00001491,9135,CUS0008514,2024-01-04,WEB
BKG00001492,8659,CUS0008068,2023-12-30,OTA
BKG00001493,2474,CUS0002305,2024-02-23,GDS
BKG00001494,8839,CUS0008238,2024-03-20,CTR
BKG00001495,155,CUS0000145,2023-06-03,WEB
BKG00001496,7867,CUS0007330,2025-01-16,OTA
BKG00001497,1076,CUS0001000,2026-05-16,WEB
BKG00001498,8196,CUS0007637,2025-01-06,GDS
BKG00001499,6122,CUS0005705,2023-07-05,OTA
BKG00001500,7935,CUS0007397,2025-12-27,OTA
BKG00001501,574,CUS0000531,2024-09-30,MOB
BKG00001502,11353,CUS0010562,2025-09-10,WEB
BKG00001503,7349,CUS0006852,2024-04-22,AGT
BKG00001504,14201,CUS0013191,2026-04-26,AGT
BKG00001505,14897,CUS0013837,2024-03-20,CTR
BKG00001506,2156,CUS0002008,2026-04-20,OTA
BKG00001507,8050,CUS0007500,2024-04-16,MOB
BKG00001508,7514,CUS0007003,2024-07-03,GDS
BKG00001509,5475,CUS0005097,2024-05-23,AGT
BKG00001510,247,CUS0000230,2024-03-08,AGT
BKG00001511,10721,CUS0009979,2023-07-26,AGT
BKG00001512,7332,CUS0006838,2024-07-31,CTR
BKG00001513,119,CUS0000110,2023-09-21,WEB
BKG00001514,3084,CUS0002877,2025-01-13,WEB
BKG00001515,336,CUS0000310,2024-05-30,MOB
BKG00001516,9967,CUS0009277,2024-02-28,WEB
BKG00001517,15231,CUS0014147,2023-12-26,CTR
BKG00001518,11464,CUS0010664,2024-12-27,WEB
BKG00001519,12358,CUS0011503,2026-04-23,CTR
BKG00001520,8102,CUS0007547,2023-06-20,AGT
BKG00001521,1017,CUS0000944,2025-11-11,AGT
BKG00001522,5404,CUS0005033,2024-02-15,GDS
BKG00001523,7129,CUS0006651,2025-08-10,OTA
BKG00001524,10956,CUS0010199,2025-04-21,OTA
BKG00001525,5225,CUS0004863,2026-03-04,OTA
BKG00001526,15804,CUS0014671,2023-08-15,WEB
BKG00001527,9830,CUS0009153,2024-02-27,CTR
BKG00001528,9786,CUS0009116,2025-06-14,CTR
BKG00001529,5893,CUS0005494,2023-11-08,WEB
BKG00001530,3466,CUS0003231,2024-10-02,GDS
BKG00001531,2855,CUS0002664,2023-11-03,WEB
BKG00001532,14092,CUS0013086,2024-03-29,CTR
BKG00001533,3602,CUS0003359,2025-02-03,WEB
BKG00001534,5401,CUS0005031,2025-02-11,WEB
BKG00001535,9769,CUS0009099,2025-06-08,WEB
BKG00001536,9141,CUS0008520,2026-01-07,AGT
BKG00001537,5253,CUS0004890,2023-12-31,CTR
BKG00001538,2330,CUS0002172,2024-03-20,CTR
BKG00001539,13584,CUS0012619,2026-02-23,GDS
BKG00001540,303,CUS0000281,2024-01-22,AGT
BKG00001541,12524,CUS0011656,2025-03-20,OTA
BKG00001542,7379,CUS0006880,2024-04-26,MOB
BKG00001543,985,CUS0000914,2026-02-26,CTR
BKG00001544,8781,CUS0008182,2023-06-12,MOB
BKG00001545,15033,CUS0013964,2025-10-30,CTR
BKG00001546,5363,CUS0004996,2024-04-25,MOB
BKG00001547,2441,CUS0002275,2023-11-06,MOB
BKG00001548,1759,CUS0001634,2025-02-22,OTA
BKG00001549,13484,CUS0012528,2025-02-09,GDS
BKG00001550,4053,CUS0003779,2025-06-11,OTA
BKG00001551,15771,CUS0014642,2024-10-08,MOB
BKG00001552,10650,CUS0009912,2025-06-20,AGT
BKG00001553,8550,CUS0007966,2026-02-12,GDS
BKG00001554,14989,CUS0013926,2025-02-28,CTR
BKG00001555,2508,CUS0002337,2025-04-23,AGT
BKG00001556,6163,CUS0005743,2025-01-11,MOB
BKG00001557,14514,CUS0013479,2024-02-14,MOB
BKG00001558,8912,CUS0008307,2026-02-05,WEB
BKG00001559,6029,CUS0005619,2025-06-30,OTA
BKG00001560,8325,CUS0007755,2025-12-14,OTA
BKG00001561,16149,CUS0014992,2025-07-06,MOB
BKG00001562,12394,CUS0011534,2026-03-10,MOB
BKG00001563,13930,CUS0012934,2024-11-02,AGT
BKG00001564,10682,CUS0009941,2025-10-27,CTR
BKG00001565,6264,CUS0005838,2025-08-01,OTA
BKG00001566,14248,CUS0013232,2024-05-20,GDS
BKG00001567,6222,CUS0005797,2026-05-11,OTA
BKG00001568,4184,CUS0003898,2023-07-06,CTR
BKG00001569,4027,CUS0003755,2025-04-28,OTA
BKG00001570,553,CUS0000512,2023-10-11,GDS
BKG00001571,16062,CUS0014913,2023-06-10,OTA
BKG00001572,12225,CUS0011383,2025-12-06,OTA
BKG00001573,1265,CUS0001179,2024-04-27,MOB
BKG00001574,13984,CUS0012983,2024-03-23,CTR
BKG00001575,14375,CUS0013348,2023-07-16,WEB
BKG00001576,15844,CUS0014708,2024-07-19,GDS
BKG00001577,11271,CUS0010486,2024-02-03,OTA
BKG00001578,15378,CUS0014283,2025-12-20,OTA
BKG00001579,4369,CUS0004070,2023-10-13,MOB
BKG00001580,10053,CUS0009357,2024-09-30,GDS
BKG00001581,10010,CUS0009318,2026-03-17,MOB
BKG00001582,12145,CUS0011307,2026-04-12,WEB
BKG00001583,3263,CUS0003044,2024-11-04,MOB
BKG00001584,3260,CUS0003041,2024-12-15,WEB
BKG00001585,13624,CUS0012655,2025-03-01,MOB
BKG00001586,4132,CUS0003850,2025-01-25,AGT
BKG00001587,13126,CUS0012201,2025-05-24,GDS
BKG00001588,15753,CUS0014626,2025-02-19,AGT
BKG00001589,145,CUS0000136,2024-08-09,AGT
BKG00001590,4037,CUS0003764,2026-05-20,MOB
BKG00001591,11180,CUS0010399,2024-06-22,AGT
BKG00001592,12205,CUS0011364,2025-11-29,MOB
BKG00001593,9240,CUS0008607,2025-08-05,CTR
BKG00001594,9389,CUS0008745,2025-07-19,CTR
BKG00001595,12775,CUS0011883,2024-08-30,GDS
BKG00001596,14039,CUS0013033,2024-08-30,WEB
BKG00001597,11934,CUS0011111,2025-06-20,MOB
BKG00001598,11883,CUS0011061,2023-12-03,AGT
BKG00001599,7628,CUS0007108,2024-10-17,WEB
BKG00001600,1022,CUS0000949,2024-11-28,AGT
BKG00001601,6192,CUS0005770,2024-11-25,MOB
BKG00001602,1078,CUS0001002,2024-03-11,GDS
BKG00001603,14933,CUS0013871,2023-12-11,WEB
BKG00001604,541,CUS0000500,2025-04-26,CTR
BKG00001605,5060,CUS0004707,2025-04-23,WEB
BKG00001606,15506,CUS0014400,2024-06-17,WEB
BKG00001607,14282,CUS0013263,2025-06-26,GDS
BKG00001608,13420,CUS0012469,2025-05-03,CTR
BKG00001609,16056,CUS0014907,2024-04-28,AGT
BKG00001610,12167,CUS0011327,2025-05-14,GDS
BKG00001611,8337,CUS0007765,2025-05-16,AGT
BKG00001612,11320,CUS0010532,2023-06-24,GDS
BKG00001613,5929,CUS0005526,2024-10-31,MOB
BKG00001614,15774,CUS0014644,2024-04-09,MOB
BKG00001615,4261,CUS0003969,2024-07-02,CTR
BKG00001616,6896,CUS0006437,2024-04-02,MOB
BKG00001617,11703,CUS0010889,2025-12-12,AGT
BKG00001618,8519,CUS0007936,2025-06-11,GDS
BKG00001619,3612,CUS0003368,2024-09-06,GDS
BKG00001620,12877,CUS0011980,2024-06-29,OTA
BKG00001621,2557,CUS0002383,2026-02-13,WEB
BKG00001622,7778,CUS0007246,2024-10-07,CTR
BKG00001623,5882,CUS0005483,2026-01-11,AGT
BKG00001624,15402,CUS0014305,2023-06-16,AGT
BKG00001625,8287,CUS0007722,2025-06-30,MOB
BKG00001626,15144,CUS0014065,2024-02-09,MOB
BKG00001627,9050,CUS0008435,2024-09-24,AGT
BKG00001628,11707,CUS0010893,2023-08-15,WEB
BKG00001629,14353,CUS0013327,2023-10-23,AGT
BKG00001630,4695,CUS0004374,2024-09-07,AGT
BKG00001631,12248,CUS0011404,2025-11-29,MOB
BKG00001632,6954,CUS0006489,2024-01-18,CTR
BKG00001633,1583,CUS0001471,2025-02-07,GDS
BKG00001634,13064,CUS0012147,2023-10-15,OTA
BKG00001635,14690,CUS0013646,2025-02-24,MOB
BKG00001636,13002,CUS0012092,2025-05-20,MOB
BKG00001637,9750,CUS0009083,2023-09-22,WEB
BKG00001638,13374,CUS0012426,2026-03-11,AGT
BKG00001639,9413,CUS0008769,2025-03-05,GDS
BKG00001640,10611,CUS0009874,2023-08-19,WEB
BKG00001641,10234,CUS0009525,2024-08-07,WEB
BKG00001642,9186,CUS0008561,2025-07-28,WEB
BKG00001643,10093,CUS0009395,2024-03-11,CTR
BKG00001644,1836,CUS0001704,2026-02-03,GDS
BKG00001645,5270,CUS0004906,2024-02-19,OTA
BKG00001646,5787,CUS0005393,2026-01-19,AGT
BKG00001647,2301,CUS0002146,2026-03-02,AGT
BKG00001648,7902,CUS0007365,2024-05-16,OTA
BKG00001649,11239,CUS0010455,2025-09-06,MOB
BKG00001650,8719,CUS0008124,2024-03-18,WEB
BKG00001651,15689,CUS0014568,2026-03-26,WEB
BKG00001652,4421,CUS0004119,2025-02-14,WEB
BKG00001653,599,CUS0000555,2023-07-16,MOB
BKG00001654,12945,CUS0012040,2026-03-26,MOB
BKG00001655,3853,CUS0003592,2023-11-17,GDS
BKG00001656,13636,CUS0012667,2026-04-03,MOB
BKG00001657,9881,CUS0009200,2023-06-10,GDS
BKG00001658,5045,CUS0004693,2024-07-25,WEB
BKG00001659,1211,CUS0001126,2023-11-18,GDS
BKG00001660,15544,CUS0014436,2026-01-16,CTR
BKG00001661,2213,CUS0002063,2025-07-15,GDS
BKG00001662,8291,CUS0007725,2025-07-25,AGT
BKG00001663,875,CUS0000811,2025-03-13,MOB
BKG00001664,9705,CUS0009042,2024-05-28,CTR
BKG00001665,4095,CUS0003816,2024-04-24,AGT
BKG00001666,12701,CUS0011814,2023-08-12,WEB
BKG00001667,11801,CUS0010981,2023-10-18,MOB
BKG00001668,12258,CUS0011414,2024-06-14,AGT
BKG00001669,16020,CUS0014873,2023-10-19,GDS
BKG00001670,11554,CUS0010747,2026-03-10,OTA
BKG00001671,10246,CUS0009535,2025-05-09,WEB
BKG00001672,14205,CUS0013195,2024-07-08,MOB
BKG00001673,7591,CUS0007075,2024-05-29,AGT
BKG00001674,5756,CUS0005364,2024-08-15,GDS
BKG00001675,1328,CUS0001236,2026-03-10,GDS
BKG00001676,9281,CUS0008646,2025-11-09,CTR
BKG00001677,10516,CUS0009786,2024-08-03,GDS
BKG00001678,2597,CUS0002420,2026-03-31,CTR
BKG00001679,11459,CUS0010659,2023-10-19,MOB
BKG00001680,1269,CUS0001181,2026-05-09,CTR
BKG00001681,532,CUS0000493,2024-10-11,WEB
BKG00001682,688,CUS0000639,2024-03-12,WEB
BKG00001683,9536,CUS0008884,2025-01-09,OTA
BKG00001684,6200,CUS0005777,2024-06-23,OTA
BKG00001685,197,CUS0000185,2023-11-16,OTA
BKG00001686,13362,CUS0012414,2023-12-23,GDS
BKG00001687,13287,CUS0012348,2024-01-15,OTA
BKG00001688,5046,CUS0004694,2025-05-20,CTR
BKG00001689,8548,CUS0007964,2026-01-30,WEB
BKG00001690,15538,CUS0014431,2025-06-30,MOB
BKG00001691,15812,CUS0014679,2025-05-15,CTR
BKG00001692,1515,CUS0001407,2025-01-06,AGT
BKG00001693,15830,CUS0014695,2023-07-30,GDS
BKG00001694,1720,CUS0001598,2024-04-05,GDS
BKG00001695,14402,CUS0013372,2024-01-13,OTA
BKG00001696,8505,CUS0007923,2023-12-04,OTA
BKG00001697,10584,CUS0009848,2025-02-15,WEB
BKG00001698,14050,CUS0013044,2025-07-22,GDS
BKG00001699,10782,CUS0010036,2025-03-31,MOB
BKG00001700,4288,CUS0003994,2024-01-24,MOB
BKG00001701,9251,CUS0008617,2024-07-11,OTA
BKG00001702,3564,CUS0003324,2024-11-30,MOB
BKG00001703,15713,CUS0014590,2026-01-24,GDS
BKG00001704,4370,CUS0004071,2024-09-28,GDS
BKG00001705,2575,CUS0002399,2024-12-25,MOB
BKG00001706,438,CUS0000405,2026-05-14,AGT
BKG00001707,5816,CUS0005420,2026-05-25,GDS
BKG00001708,7049,CUS0006575,2026-03-25,MOB
BKG00001709,14073,CUS0013067,2026-03-15,AGT
BKG00001710,888,CUS0000822,2025-01-31,AGT
BKG00001711,14928,CUS0013866,2023-10-19,GDS
BKG00001712,2925,CUS0002730,2025-01-06,GDS
BKG00001713,16147,CUS0014990,2023-10-29,GDS
BKG00001714,14440,CUS0013409,2025-07-20,CTR
BKG00001715,4266,CUS0003974,2024-05-15,WEB
BKG00001716,15534,CUS0014427,2026-03-21,CTR
BKG00001717,12628,CUS0011747,2025-03-07,OTA
BKG00001718,14107,CUS0013101,2024-09-08,CTR
BKG00001719,13651,CUS0012680,2025-06-23,OTA
BKG00001720,3042,CUS0002838,2025-10-09,AGT
BKG00001721,11462,CUS0010662,2026-04-12,WEB
BKG00001722,9161,CUS0008538,2023-10-10,GDS
BKG00001723,2498,CUS0002327,2024-03-08,OTA
BKG00001724,3897,CUS0003633,2024-02-01,CTR
BKG00001725,6294,CUS0005868,2025-01-24,GDS
BKG00001726,3759,CUS0003502,2026-01-31,CTR
BKG00001727,4640,CUS0004323,2024-01-21,AGT
BKG00001728,9449,CUS0008805,2024-06-24,GDS
BKG00001729,4962,CUS0004620,2024-09-07,MOB
BKG00001730,2352,CUS0002192,2024-02-20,OTA
BKG00001731,3581,CUS0003340,2024-10-16,AGT
BKG00001732,5145,CUS0004786,2023-08-30,CTR
BKG00001733,1013,CUS0000940,2025-01-01,CTR
BKG00001734,14687,CUS0013643,2023-07-17,MOB
BKG00001735,14092,CUS0013086,2024-06-09,OTA
BKG00001736,2507,CUS0002336,2025-09-17,GDS
BKG00001737,13313,CUS0012369,2023-08-02,CTR
BKG00001738,13674,CUS0012700,2025-10-09,MOB
BKG00001739,7189,CUS0006706,2023-10-28,MOB
BKG00001740,15467,CUS0014363,2025-01-03,OTA
BKG00001741,4478,CUS0004173,2025-06-24,OTA
BKG00001742,9873,CUS0009192,2024-12-27,MOB
BKG00001743,113,CUS0000105,2025-05-14,OTA
BKG00001744,1966,CUS0001827,2023-09-30,WEB
BKG00001745,14939,CUS0013877,2025-01-25,OTA
BKG00001746,5426,CUS0005051,2026-01-10,OTA
BKG00001747,11550,CUS0010743,2024-11-20,CTR
BKG00001748,10757,CUS0010012,2024-06-09,GDS
BKG00001749,191,CUS0000179,2024-12-31,WEB
BKG00001750,10486,CUS0009759,2023-10-21,MOB
BKG00001751,11218,CUS0010436,2024-09-03,GDS
BKG00001752,8622,CUS0008034,2023-05-29,MOB
BKG00001753,9694,CUS0009032,2025-01-24,GDS
BKG00001754,8779,CUS0008180,2023-07-27,OTA
BKG00001755,11307,CUS0010519,2024-08-24,GDS
BKG00001756,7097,CUS0006622,2024-09-04,AGT
BKG00001757,9448,CUS0008804,2024-11-19,WEB
BKG00001758,13932,CUS0012936,2024-11-16,GDS
BKG00001759,3424,CUS0003190,2025-01-09,OTA
BKG00001760,5950,CUS0005546,2025-09-14,AGT
BKG00001761,12116,CUS0011281,2025-08-21,AGT
BKG00001762,16060,CUS0014911,2026-03-25,GDS
BKG00001763,14674,CUS0013631,2026-05-06,WEB
BKG00001764,413,CUS0000382,2024-04-18,GDS
BKG00001765,1845,CUS0001713,2025-11-14,GDS
BKG00001766,9014,CUS0008402,2025-03-19,WEB
BKG00001767,7170,CUS0006689,2025-01-07,OTA
BKG00001768,5692,CUS0005304,2023-08-31,WEB
BKG00001769,3020,CUS0002818,2025-01-18,GDS
BKG00001770,5337,CUS0004971,2024-05-29,GDS
BKG00001771,2360,CUS0002199,2024-01-05,MOB
BKG00001772,3542,CUS0003305,2025-01-19,WEB
BKG00001773,4601,CUS0004284,2023-08-16,GDS
BKG00001774,11982,CUS0011156,2025-12-04,OTA
BKG00001775,13942,CUS0012944,2023-06-21,MOB
BKG00001776,815,CUS0000756,2024-10-12,MOB
BKG00001777,224,CUS0000209,2023-05-27,GDS
BKG00001778,6927,CUS0006465,2024-03-05,OTA
BKG00001779,8571,CUS0007986,2024-03-17,CTR
BKG00001780,7570,CUS0007055,2026-04-23,GDS
BKG00001781,13329,CUS0012385,2025-08-10,GDS
BKG00001782,6137,CUS0005719,2023-08-13,CTR
BKG00001783,1424,CUS0001322,2025-08-22,AGT
BKG00001784,3633,CUS0003386,2026-04-27,OTA
BKG00001785,4008,CUS0003737,2024-09-02,OTA
BKG00001786,12198,CUS0011357,2023-09-21,OTA
BKG00001787,8152,CUS0007595,2025-01-20,GDS
BKG00001788,14721,CUS0013675,2024-02-13,AGT
BKG00001789,6676,CUS0006229,2023-09-01,AGT
BKG00001790,2957,CUS0002759,2025-05-23,MOB
BKG00001791,6966,CUS0006501,2024-06-24,AGT
BKG00001792,12280,CUS0011433,2026-02-26,CTR
BKG00001793,6759,CUS0006305,2025-08-13,GDS
BKG00001794,11852,CUS0011030,2023-09-28,MOB
BKG00001795,7850,CUS0007315,2025-08-02,CTR
BKG00001796,15909,CUS0014769,2026-03-28,GDS
BKG00001797,2107,CUS0001962,2026-04-16,MOB
BKG00001798,93,CUS0000086,2026-05-04,OTA
BKG00001799,6217,CUS0005792,2024-01-13,CTR
BKG00001800,8681,CUS0008088,2024-07-29,GDS
BKG00001801,13648,CUS0012677,2025-10-13,GDS
BKG00001802,8475,CUS0007896,2024-03-21,AGT
BKG00001803,11304,CUS0010516,2026-03-06,OTA
BKG00001804,1007,CUS0000935,2025-07-12,OTA
BKG00001805,10904,CUS0010151,2025-02-25,OTA
BKG00001806,16149,CUS0014992,2026-01-05,WEB
BKG00001807,6952,CUS0006487,2023-08-25,AGT
BKG00001808,10535,CUS0009803,2024-12-11,MOB
BKG00001809,6136,CUS0005718,2025-09-19,WEB
BKG00001810,13210,CUS0012278,2025-09-12,CTR
BKG00001811,11730,CUS0010915,2024-02-15,WEB
BKG00001812,1532,CUS0001423,2025-03-10,OTA
BKG00001813,11629,CUS0010819,2025-10-25,OTA
BKG00001814,7540,CUS0007026,2025-08-11,OTA
BKG00001815,14035,CUS0013030,2025-08-12,MOB
BKG00001816,10848,CUS0010099,2024-07-22,MOB
BKG00001817,7999,CUS0007457,2023-10-21,AGT
BKG00001818,9765,CUS0009096,2023-11-11,WEB
BKG00001819,11096,CUS0010326,2025-07-30,MOB
BKG00001820,7118,CUS0006640,2024-06-30,MOB
BKG00001821,4545,CUS0004234,2025-06-25,AGT
BKG00001822,9655,CUS0008994,2024-04-23,WEB
BKG00001823,13618,CUS0012650,2024-01-07,AGT
BKG00001824,4684,CUS0004363,2024-11-13,GDS
BKG00001825,8465,CUS0007887,2025-08-11,GDS
BKG00001826,10714,CUS0009972,2023-07-31,MOB
BKG00001827,15906,CUS0014766,2026-05-13,MOB
BKG00001828,9782,CUS0009112,2025-08-29,MOB
BKG00001829,10265,CUS0009554,2025-02-06,OTA
BKG00001830,13898,CUS0012905,2025-11-27,AGT
BKG00001831,951,CUS0000882,2025-02-25,MOB
BKG00001832,11006,CUS0010245,2025-09-10,GDS
BKG00001833,9862,CUS0009182,2025-01-14,GDS
BKG00001834,11650,CUS0010839,2025-07-26,MOB
BKG00001835,11888,CUS0011066,2025-12-08,GDS
BKG00001836,3543,CUS0003306,2023-12-03,AGT
BKG00001837,15325,CUS0014232,2024-03-25,WEB
BKG00001838,4647,CUS0004330,2025-09-13,WEB
BKG00001839,4015,CUS0003744,2023-08-05,OTA
BKG00001840,13104,CUS0012181,2025-02-16,WEB
BKG00001841,3392,CUS0003162,2025-05-24,AGT
BKG00001842,14809,CUS0013758,2024-12-03,CTR
BKG00001843,7922,CUS0007385,2024-09-07,CTR
BKG00001844,14934,CUS0013872,2023-10-13,OTA
BKG00001845,1436,CUS0001334,2025-09-20,OTA
BKG00001846,14435,CUS0013404,2026-05-06,WEB
BKG00001847,3104,CUS0002894,2025-08-16,WEB
BKG00001848,14862,CUS0013806,2025-05-08,WEB
BKG00001849,1304,CUS0001213,2024-11-14,CTR
BKG00001850,433,CUS0000400,2024-08-01,GDS
BKG00001851,8682,CUS0008089,2026-01-23,GDS
BKG00001852,4044,CUS0003771,2024-11-13,GDS
BKG00001853,9576,CUS0008922,2025-01-01,OTA
BKG00001854,3073,CUS0002866,2025-08-24,AGT
BKG00001855,4141,CUS0003859,2023-08-02,GDS
BKG00001856,13565,CUS0012604,2024-09-10,AGT
BKG00001857,5458,CUS0005081,2023-12-15,GDS
BKG00001858,7305,CUS0006811,2024-06-12,WEB
BKG00001859,2037,CUS0001894,2025-12-24,OTA
BKG00001860,6018,CUS0005608,2026-02-08,CTR
BKG00001861,12934,CUS0012030,2025-04-26,OTA
BKG00001862,10282,CUS0009571,2024-05-16,AGT
BKG00001863,13420,CUS0012469,2025-08-15,GDS
BKG00001864,13548,CUS0012587,2023-10-06,MOB
BKG00001865,8916,CUS0008311,2024-12-26,OTA
BKG00001866,171,CUS0000160,2025-12-02,WEB
BKG00001867,9131,CUS0008510,2025-02-24,WEB
BKG00001868,1320,CUS0001229,2025-06-07,WEB
BKG00001869,6267,CUS0005841,2024-01-13,MOB
BKG00001870,1607,CUS0001493,2023-08-23,MOB
BKG00001871,4652,CUS0004334,2024-06-28,WEB
BKG00001872,11742,CUS0010926,2025-03-02,GDS
BKG00001873,7438,CUS0006933,2025-11-22,AGT
BKG00001874,7247,CUS0006757,2024-01-25,GDS
BKG00001875,9193,CUS0008567,2023-08-11,GDS
BKG00001876,12348,CUS0011494,2026-05-21,WEB
BKG00001877,10806,CUS0010059,2026-04-26,CTR
BKG00001878,6828,CUS0006372,2023-09-23,GDS
BKG00001879,5104,CUS0004746,2023-09-20,OTA
BKG00001880,3541,CUS0003304,2023-07-10,MOB
BKG00001881,9087,CUS0008469,2025-09-12,MOB
BKG00001882,8012,CUS0007468,2026-05-01,MOB
BKG00001883,3585,CUS0003344,2023-06-11,WEB
BKG00001884,807,CUS0000749,2023-11-09,GDS
BKG00001885,14515,CUS0013480,2026-05-16,AGT
BKG00001886,14593,CUS0013553,2025-06-12,OTA
BKG00001887,7701,CUS0007176,2025-12-29,GDS
BKG00001888,446,CUS0000412,2023-06-11,MOB
BKG00001889,1521,CUS0001413,2024-07-13,WEB
BKG00001890,8260,CUS0007695,2025-10-04,GDS
BKG00001891,8052,CUS0007502,2025-12-14,MOB
BKG00001892,11364,CUS0010572,2024-01-31,OTA
BKG00001893,4337,CUS0004040,2024-12-24,MOB
BKG00001894,10174,CUS0009469,2024-01-15,GDS
BKG00001895,4639,CUS0004322,2025-01-31,WEB
BKG00001896,4749,CUS0004426,2026-05-22,OTA
BKG00001897,1597,CUS0001483,2025-01-24,MOB
BKG00001898,8457,CUS0007879,2024-04-10,OTA
BKG00001899,8440,CUS0007863,2023-12-06,CTR
BKG00001900,9425,CUS0008781,2025-08-27,CTR
BKG00001901,244,CUS0000227,2023-07-09,MOB
BKG00001902,8047,CUS0007497,2024-11-10,MOB
BKG00001903,1008,CUS0000936,2024-09-09,CTR
BKG00001904,10727,CUS0009984,2024-11-19,AGT
BKG00001905,3467,CUS0003232,2024-11-01,OTA
BKG00001906,2879,CUS0002687,2025-06-28,OTA
BKG00001907,1263,CUS0001177,2023-09-07,MOB
BKG00001908,17,CUS0000016,2025-03-19,CTR
BKG00001909,9330,CUS0008692,2023-06-17,GDS
BKG00001910,14658,CUS0013615,2023-12-13,OTA
BKG00001911,5989,CUS0005581,2025-10-31,OTA
BKG00001912,13170,CUS0012240,2024-01-02,GDS
BKG00001913,8768,CUS0008169,2023-08-12,AGT
BKG00001914,994,CUS0000923,2025-05-23,WEB
BKG00001915,5041,CUS0004690,2024-08-15,GDS
BKG00001916,6222,CUS0005797,2024-12-20,AGT
BKG00001917,9632,CUS0008973,2024-04-01,GDS
BKG00001918,765,CUS0000710,2024-05-18,WEB
BKG00001919,2335,CUS0002176,2023-08-17,AGT
BKG00001920,9121,CUS0008501,2025-07-15,WEB
BKG00001921,9886,CUS0009205,2024-08-29,GDS
BKG00001922,576,CUS0000533,2024-10-02,MOB
BKG00001923,4822,CUS0004494,2025-07-28,WEB
BKG00001924,15526,CUS0014419,2024-07-28,WEB
BKG00001925,6879,CUS0006421,2025-09-09,MOB
BKG00001926,9475,CUS0008829,2023-12-06,GDS
BKG00001927,1301,CUS0001211,2025-06-27,WEB
BKG00001928,1606,CUS0001492,2024-08-12,WEB
BKG00001929,9320,CUS0008682,2025-12-22,MOB
BKG00001930,948,CUS0000879,2024-09-18,WEB
BKG00001931,6529,CUS0006087,2025-06-09,MOB
BKG00001932,6034,CUS0005622,2024-04-21,AGT
BKG00001933,11181,CUS0010400,2026-02-25,MOB
BKG00001934,15260,CUS0014173,2023-08-30,GDS
BKG00001935,9790,CUS0009119,2025-02-13,WEB
BKG00001936,800,CUS0000743,2025-08-29,AGT
BKG00001937,5745,CUS0005355,2024-03-29,GDS
BKG00001938,15762,CUS0014633,2024-01-16,WEB
BKG00001939,8944,CUS0008337,2025-11-28,CTR
BKG00001940,7163,CUS0006683,2025-02-12,MOB
BKG00001941,13876,CUS0012884,2025-08-17,CTR
BKG00001942,11623,CUS0010813,2023-08-20,OTA
BKG00001943,1508,CUS0001402,2023-11-17,CTR
BKG00001944,6755,CUS0006301,2024-03-10,MOB
BKG00001945,15331,CUS0014238,2025-02-10,CTR
BKG00001946,5488,CUS0005109,2024-12-17,WEB
BKG00001947,14290,CUS0013271,2025-09-14,CTR
BKG00001948,4603,CUS0004286,2025-04-05,OTA
BKG00001949,7713,CUS0007186,2025-07-12,OTA
BKG00001950,6831,CUS0006375,2024-05-14,CTR
BKG00001951,514,CUS0000475,2023-10-21,AGT
BKG00001952,6321,CUS0005894,2024-01-08,GDS
BKG00001953,10199,CUS0009492,2023-07-21,MOB
BKG00001954,4374,CUS0004074,2025-11-03,MOB
BKG00001955,11668,CUS0010857,2024-10-14,AGT
BKG00001956,1113,CUS0001033,2023-12-29,CTR
BKG00001957,3476,CUS0003241,2023-09-19,CTR
BKG00001958,5672,CUS0005285,2026-01-28,GDS
BKG00001959,7299,CUS0006805,2024-08-22,AGT
BKG00001960,9479,CUS0008833,2025-07-07,OTA
BKG00001961,3453,CUS0003218,2025-02-14,CTR
BKG00001962,10670,CUS0009930,2023-12-26,MOB
BKG00001963,3331,CUS0003107,2023-09-14,OTA
BKG00001964,6591,CUS0006147,2025-01-25,MOB
BKG00001965,12308,CUS0011457,2023-12-29,OTA
BKG00001966,1985,CUS0001845,2025-01-21,CTR
BKG00001967,6098,CUS0005683,2024-05-06,WEB
BKG00001968,8192,CUS0007633,2023-12-28,CTR
BKG00001969,7056,CUS0006582,2025-09-11,MOB
BKG00001970,1750,CUS0001625,2026-04-12,CTR
BKG00001971,11456,CUS0010656,2023-12-20,CTR
BKG00001972,3153,CUS0002942,2024-01-01,GDS
BKG00001973,9113,CUS0008493,2024-04-28,GDS
BKG00001974,10890,CUS0010138,2024-05-14,CTR
BKG00001975,11365,CUS0010573,2023-07-22,OTA
BKG00001976,7247,CUS0006757,2023-09-12,CTR
BKG00001977,8246,CUS0007682,2025-06-13,AGT
BKG00001978,15144,CUS0014065,2024-09-18,CTR
BKG00001979,6752,CUS0006298,2024-08-04,AGT
BKG00001980,7984,CUS0007444,2024-01-10,AGT
BKG00001981,3552,CUS0003315,2025-04-23,GDS
BKG00001982,12109,CUS0011275,2024-09-04,CTR
BKG00001983,12831,CUS0011934,2025-12-20,CTR
BKG00001984,6369,CUS0005939,2024-02-29,GDS
BKG00001985,9401,CUS0008757,2025-07-03,CTR
BKG00001986,14258,CUS0013241,2026-02-26,WEB
BKG00001987,12868,CUS0011971,2023-07-06,CTR
BKG00001988,5669,CUS0005282,2024-01-14,AGT
BKG00001989,12108,CUS0011274,2024-05-31,CTR
BKG00001990,11602,CUS0010792,2024-07-13,GDS
BKG00001991,7677,CUS0007152,2023-12-17,OTA
BKG00001992,2515,CUS0002344,2023-06-03,WEB
BKG00001993,6688,CUS0006241,2024-01-14,MOB
BKG00001994,12109,CUS0011275,2026-03-12,AGT
BKG00001995,11104,CUS0010333,2023-09-27,OTA
BKG00001996,9247,CUS0008614,2025-10-18,GDS
BKG00001997,9716,CUS0009052,2023-11-09,GDS
BKG00001998,13201,CUS0012269,2023-12-03,OTA
BKG00001999,15289,CUS0014197,2025-12-05,CTR
BKG00002000,422,CUS0000391,2023-08-21,WEB
BKG00002001,910,CUS0000843,2026-02-15,OTA
BKG00002002,2049,CUS0001906,2024-05-12,AGT
BKG00002003,1635,CUS0001521,2024-06-25,CTR
BKG00002004,5011,CUS0004662,2024-02-29,MOB
BKG00002005,11649,CUS0010838,2025-11-19,AGT
BKG00002006,14190,CUS0013180,2024-11-01,GDS
BKG00002007,5355,CUS0004988,2025-07-25,WEB
BKG00002008,13057,CUS0012140,2026-04-21,WEB
BKG00002009,2755,CUS0002572,2024-06-03,MOB
BKG00002010,14310,CUS0013290,2024-02-01,WEB
BKG00002011,6428,CUS0005992,2024-03-25,CTR
BKG00002012,4208,CUS0003921,2024-11-19,OTA
BKG00002013,10178,CUS0009473,2026-03-31,OTA
BKG00002014,11201,CUS0010419,2023-11-26,GDS
BKG00002015,13614,CUS0012646,2026-02-22,CTR
BKG00002016,9200,CUS0008573,2024-11-24,WEB
BKG00002017,12242,CUS0011398,2026-03-18,CTR
BKG00002018,3925,CUS0003660,2024-03-02,OTA
BKG00002019,2358,CUS0002197,2024-12-08,GDS
BKG00002020,15107,CUS0014035,2025-06-07,MOB
BKG00002021,12794,CUS0011901,2025-02-25,GDS
BKG00002022,4297,CUS0004003,2023-10-08,AGT
BKG00002023,16142,CUS0014985,2024-12-25,CTR
BKG00002024,3164,CUS0002953,2024-09-10,GDS
BKG00002025,6961,CUS0006496,2023-06-22,WEB
BKG00002026,7674,CUS0007149,2025-12-03,AGT
BKG00002027,12221,CUS0011379,2024-02-03,GDS
BKG00002028,635,CUS0000591,2025-01-26,GDS
BKG00002029,2554,CUS0002380,2024-10-30,OTA
BKG00002030,80,CUS0000074,2025-03-07,CTR
BKG00002031,1422,CUS0001320,2025-07-05,AGT
BKG00002032,8290,CUS0007724,2025-10-16,AGT
BKG00002033,11518,CUS0010714,2024-10-30,CTR
BKG00002034,2946,CUS0002749,2026-04-01,GDS
BKG00002035,1738,CUS0001613,2023-09-20,WEB
BKG00002036,10882,CUS0010130,2024-03-04,AGT
BKG00002037,9471,CUS0008827,2025-08-21,AGT
BKG00002038,1078,CUS0001002,2025-11-28,CTR
BKG00002039,14053,CUS0013047,2026-03-26,OTA
BKG00002040,16087,CUS0014935,2025-05-16,GDS
BKG00002041,12378,CUS0011519,2023-12-13,WEB
BKG00002042,13890,CUS0012897,2024-01-20,GDS
BKG00002043,11415,CUS0010618,2023-12-28,CTR
BKG00002044,10729,CUS0009986,2025-11-29,MOB
BKG00002045,12766,CUS0011875,2024-02-24,MOB
BKG00002046,4310,CUS0004016,2025-12-19,MOB
BKG00002047,12956,CUS0012049,2026-03-18,MOB
BKG00002048,7582,CUS0007066,2026-01-15,GDS
BKG00002049,12199,CUS0011358,2025-10-17,MOB
BKG00002050,7020,CUS0006550,2026-02-03,AGT
BKG00002051,5979,CUS0005573,2025-09-16,AGT
BKG00002052,4494,CUS0004188,2025-10-31,AGT
BKG00002053,846,CUS0000782,2025-02-27,WEB
BKG00002054,13244,CUS0012308,2024-04-06,CTR
BKG00002055,12898,CUS0011999,2023-12-28,GDS
BKG00002056,3764,CUS0003507,2026-01-09,WEB
BKG00002057,1228,CUS0001143,2025-09-26,WEB
BKG00002058,13576,CUS0012614,2023-07-21,MOB
BKG00002059,401,CUS0000371,2025-01-25,AGT
BKG00002060,2493,CUS0002322,2024-11-15,GDS
BKG00002061,2971,CUS0002772,2023-11-13,MOB
BKG00002062,2002,CUS0001861,2025-02-19,GDS
BKG00002063,4259,CUS0003967,2024-11-03,WEB
BKG00002064,8591,CUS0008004,2024-01-04,OTA
BKG00002065,11780,CUS0010960,2024-11-10,AGT
BKG00002066,11028,CUS0010265,2023-08-25,WEB
BKG00002067,10884,CUS0010132,2024-08-22,CTR
BKG00002068,15017,CUS0013951,2024-09-30,MOB
BKG00002069,9633,CUS0008974,2026-01-03,CTR
BKG00002070,2252,CUS0002101,2024-06-04,AGT
BKG00002071,7914,CUS0007377,2024-05-16,MOB
BKG00002072,3935,CUS0003669,2025-11-03,OTA
BKG00002073,16008,CUS0014863,2026-04-27,WEB
BKG00002074,10671,CUS0009931,2023-12-23,AGT
BKG00002075,5896,CUS0005497,2024-09-15,CTR
BKG00002076,6936,CUS0006473,2025-09-25,MOB
BKG00002077,5633,CUS0005247,2025-06-23,OTA
BKG00002078,7678,CUS0007153,2023-09-09,CTR
BKG00002079,3254,CUS0003035,2024-10-19,MOB
BKG00002080,13798,CUS0012814,2024-01-09,MOB
BKG00002081,6732,CUS0006281,2026-01-21,GDS
BKG00002082,2445,CUS0002279,2023-09-16,OTA
BKG00002083,2675,CUS0002495,2024-03-12,CTR
BKG00002084,12815,CUS0011919,2025-04-01,CTR
BKG00002085,15389,CUS0014294,2024-10-07,AGT
BKG00002086,7466,CUS0006958,2024-05-06,GDS
BKG00002087,14458,CUS0013427,2026-02-18,MOB
BKG00002088,10404,CUS0009682,2026-05-06,WEB
BKG00002089,15323,CUS0014230,2023-11-28,GDS
BKG00002090,4876,CUS0004543,2024-06-18,MOB
BKG00002091,11657,CUS0010846,2026-01-04,GDS
BKG00002092,7438,CUS0006933,2024-07-13,MOB
BKG00002093,3706,CUS0003455,2023-07-22,CTR
BKG00002094,11054,CUS0010288,2023-11-14,CTR
BKG00002095,1485,CUS0001379,2026-01-28,MOB
BKG00002096,2604,CUS0002427,2024-02-28,CTR
BKG00002097,15481,CUS0014376,2024-04-17,WEB
BKG00002098,163,CUS0000153,2026-03-27,MOB
BKG00002099,14540,CUS0013503,2025-03-03,MOB
BKG00002100,11315,CUS0010527,2025-06-29,GDS
BKG00002101,974,CUS0000904,2023-12-18,AGT
BKG00002102,13672,CUS0012698,2024-12-20,AGT
BKG00002103,12852,CUS0011955,2024-06-25,GDS
BKG00002104,379,CUS0000350,2026-04-02,CTR
BKG00002105,14204,CUS0013194,2025-02-05,AGT
BKG00002106,3437,CUS0003203,2026-04-27,WEB
BKG00002107,5034,CUS0004683,2025-01-30,WEB
BKG00002108,8060,CUS0007509,2023-11-07,AGT
BKG00002109,4313,CUS0004019,2025-10-03,AGT
BKG00002110,15237,CUS0014152,2024-09-15,MOB
BKG00002111,6839,CUS0006383,2024-11-24,WEB
BKG00002112,2808,CUS0002622,2023-12-10,MOB
BKG00002113,10365,CUS0009646,2024-08-23,MOB
BKG00002114,3544,CUS0003307,2026-02-04,CTR
BKG00002115,1604,CUS0001490,2024-11-09,CTR
BKG00002116,10406,CUS0009684,2024-05-24,OTA
BKG00002117,6037,CUS0005625,2025-04-27,AGT
BKG00002118,4923,CUS0004583,2024-01-24,AGT
BKG00002119,11515,CUS0010711,2024-07-30,CTR
BKG00002120,7769,CUS0007238,2023-12-31,OTA
BKG00002121,14464,CUS0013433,2024-01-21,WEB
BKG00002122,12111,CUS0011277,2024-01-16,AGT
BKG00002123,15502,CUS0014396,2025-10-14,OTA
BKG00002124,2770,CUS0002585,2023-10-21,MOB
BKG00002125,13632,CUS0012663,2023-11-03,CTR
BKG00002126,11989,CUS0011162,2024-10-29,OTA
BKG00002127,9870,CUS0009189,2025-07-17,CTR
BKG00002128,7727,CUS0007199,2026-03-11,MOB
BKG00002129,6120,CUS0005703,2025-06-27,WEB
BKG00002130,13969,CUS0012968,2023-10-30,GDS
BKG00002131,8037,CUS0007488,2024-02-14,AGT
BKG00002132,1335,CUS0001242,2024-05-09,MOB
BKG00002133,2493,CUS0002322,2026-02-13,MOB
BKG00002134,15299,CUS0014206,2024-04-15,AGT
BKG00002135,13398,CUS0012448,2023-06-15,MOB
BKG00002136,7918,CUS0007381,2025-03-04,AGT
BKG00002137,13097,CUS0012174,2025-06-02,WEB
BKG00002138,10200,CUS0009493,2026-05-01,WEB
BKG00002139,15595,CUS0014483,2024-12-25,MOB
BKG00002140,1846,CUS0001714,2025-02-19,MOB
BKG00002141,5440,CUS0005064,2024-11-02,GDS
BKG00002142,5497,CUS0005117,2025-06-28,OTA
BKG00002143,16139,CUS0014982,2026-02-06,MOB
BKG00002144,10627,CUS0009890,2024-06-11,WEB
BKG00002145,12367,CUS0011510,2025-01-17,WEB
BKG00002146,5785,CUS0005391,2024-08-10,AGT
BKG00002147,14999,CUS0013933,2025-11-04,MOB
BKG00002148,3894,CUS0003631,2024-02-24,CTR
BKG00002149,15760,CUS0014631,2025-06-07,OTA
BKG00002150,9864,CUS0009184,2025-07-10,MOB
BKG00002151,14803,CUS0013752,2023-10-25,MOB
BKG00002152,12181,CUS0011341,2025-07-12,MOB
BKG00002153,14349,CUS0013324,2026-01-09,AGT
BKG00002154,7447,CUS0006941,2024-10-20,OTA
BKG00002155,691,CUS0000642,2026-04-28,CTR
BKG00002156,229,CUS0000214,2026-01-18,WEB
BKG00002157,3065,CUS0002858,2025-03-14,CTR
BKG00002158,1242,CUS0001157,2025-08-18,CTR
BKG00002159,5427,CUS0005052,2024-08-13,AGT
BKG00002160,13875,CUS0012883,2026-02-23,CTR
BKG00002161,10782,CUS0010036,2025-04-16,MOB
BKG00002162,11210,CUS0010428,2024-08-24,GDS
BKG00002163,5275,CUS0004910,2025-01-10,OTA
BKG00002164,10579,CUS0009843,2024-08-16,WEB
BKG00002165,4343,CUS0004045,2024-07-18,AGT
BKG00002166,924,CUS0000856,2024-04-02,WEB
BKG00002167,6805,CUS0006349,2024-03-21,GDS
BKG00002168,16118,CUS0014964,2026-04-22,CTR
BKG00002169,10433,CUS0009709,2025-05-02,WEB
BKG00002170,11491,CUS0010691,2023-09-12,MOB
BKG00002171,5003,CUS0004654,2024-03-05,GDS
BKG00002172,9835,CUS0009158,2025-02-01,AGT
BKG00002173,696,CUS0000647,2025-01-24,GDS
BKG00002174,11054,CUS0010288,2025-09-20,WEB
BKG00002175,6743,CUS0006291,2025-01-30,OTA
BKG00002176,6945,CUS0006481,2025-01-21,WEB
BKG00002177,2545,CUS0002372,2023-10-16,WEB
BKG00002178,11842,CUS0011021,2025-10-16,GDS
BKG00002179,14842,CUS0013789,2026-04-30,OTA
BKG00002180,8302,CUS0007733,2023-11-20,MOB
BKG00002181,7252,CUS0006761,2024-01-06,GDS
BKG00002182,3158,CUS0002947,2023-10-26,MOB
BKG00002183,5343,CUS0004977,2024-06-20,WEB
BKG00002184,7633,CUS0007113,2026-04-27,CTR
BKG00002185,9612,CUS0008954,2024-05-05,AGT
BKG00002186,7734,CUS0007206,2025-04-28,GDS
BKG00002187,2621,CUS0002444,2026-04-17,GDS
BKG00002188,13670,CUS0012696,2025-05-22,OTA
BKG00002189,11281,CUS0010494,2026-01-12,MOB
BKG00002190,9639,CUS0008980,2025-04-05,GDS
BKG00002191,6838,CUS0006382,2025-03-27,CTR
BKG00002192,10477,CUS0009752,2025-02-13,AGT
BKG00002193,8551,CUS0007967,2026-01-05,AGT
BKG00002194,977,CUS0000907,2023-06-12,GDS
BKG00002195,3659,CUS0003411,2025-07-13,AGT
BKG00002196,5272,CUS0004908,2025-04-27,AGT
BKG00002197,2200,CUS0002051,2024-12-31,WEB
BKG00002198,9449,CUS0008805,2026-04-17,WEB
BKG00002199,12812,CUS0011916,2024-06-08,CTR
BKG00002200,10799,CUS0010052,2024-11-11,AGT
BKG00002201,15575,CUS0014464,2024-04-22,MOB
BKG00002202,1915,CUS0001781,2025-04-05,GDS
BKG00002203,10652,CUS0009914,2023-12-05,CTR
BKG00002204,2371,CUS0002209,2023-08-23,MOB
BKG00002205,12694,CUS0011807,2024-04-06,GDS
BKG00002206,10150,CUS0009445,2025-02-03,CTR
BKG00002207,13091,CUS0012169,2026-03-15,OTA
BKG00002208,4299,CUS0004005,2025-06-06,AGT
BKG00002209,5304,CUS0004939,2024-09-21,MOB
BKG00002210,11964,CUS0011140,2024-05-16,AGT
BKG00002211,518,CUS0000479,2025-08-01,OTA
BKG00002212,7218,CUS0006731,2023-09-02,GDS
BKG00002213,8835,CUS0008234,2026-04-18,WEB
BKG00002214,8023,CUS0007479,2023-05-30,MOB
BKG00002215,16106,CUS0014953,2025-06-23,OTA
BKG00002216,14325,CUS0013302,2023-07-23,MOB
BKG00002217,6954,CUS0006489,2026-04-12,GDS
BKG00002218,5583,CUS0005197,2024-06-23,GDS
BKG00002219,6200,CUS0005777,2025-05-02,MOB
BKG00002220,10937,CUS0010180,2023-07-03,AGT
BKG00002221,12381,CUS0011522,2025-09-15,CTR
BKG00002222,132,CUS0000123,2025-01-31,OTA
BKG00002223,4271,CUS0003979,2025-07-04,AGT
BKG00002224,678,CUS0000629,2025-04-10,MOB
BKG00002225,6974,CUS0006509,2024-06-11,WEB
BKG00002226,158,CUS0000148,2024-07-06,WEB
BKG00002227,15745,CUS0014619,2025-07-04,OTA
BKG00002228,11036,CUS0010272,2025-06-03,GDS
BKG00002229,11145,CUS0010368,2024-02-20,WEB
BKG00002230,14570,CUS0013531,2025-12-02,AGT
BKG00002231,5843,CUS0005445,2023-07-29,WEB
BKG00002232,39,CUS0000036,2024-09-03,WEB
BKG00002233,1715,CUS0001593,2024-08-11,CTR
BKG00002234,12657,CUS0011773,2023-07-13,CTR
BKG00002235,6007,CUS0005597,2025-10-03,WEB
BKG00002236,823,CUS0000762,2025-09-13,CTR
BKG00002237,14182,CUS0013172,2025-03-27,CTR
BKG00002238,13150,CUS0012223,2024-08-01,GDS
BKG00002239,2978,CUS0002779,2023-09-21,GDS
BKG00002240,4772,CUS0004448,2025-11-04,GDS
BKG00002241,2521,CUS0002350,2025-07-19,GDS
BKG00002242,1798,CUS0001668,2024-03-31,GDS
BKG00002243,15937,CUS0014795,2025-11-12,GDS
BKG00002244,6173,CUS0005751,2026-04-07,MOB
BKG00002245,14955,CUS0013892,2025-08-14,WEB
BKG00002246,6349,CUS0005920,2024-02-10,CTR
BKG00002247,4303,CUS0004009,2025-06-10,AGT
BKG00002248,14779,CUS0013729,2023-12-04,OTA
BKG00002249,14749,CUS0013702,2025-10-04,OTA
BKG00002250,1379,CUS0001283,2025-02-15,OTA
BKG00002251,14862,CUS0013806,2025-01-08,GDS
BKG00002252,12877,CUS0011980,2025-09-20,MOB
BKG00002253,4132,CUS0003850,2023-10-20,CTR
BKG00002254,8720,CUS0008125,2023-12-05,OTA
BKG00002255,3252,CUS0003033,2023-09-09,OTA
BKG00002256,14030,CUS0013025,2024-04-10,GDS
BKG00002257,4986,CUS0004638,2025-11-16,MOB
BKG00002258,11451,CUS0010651,2023-10-24,OTA
BKG00002259,9511,CUS0008861,2025-11-21,CTR
BKG00002260,1693,CUS0001572,2026-03-06,CTR
BKG00002261,15127,CUS0014052,2025-09-09,CTR
BKG00002262,12463,CUS0011599,2025-10-03,OTA
BKG00002263,10816,CUS0010069,2024-09-17,GDS
BKG00002264,13296,CUS0012356,2023-11-08,OTA
BKG00002265,7536,CUS0007022,2025-12-22,OTA
BKG00002266,1581,CUS0001469,2024-07-02,CTR
BKG00002267,9370,CUS0008728,2025-01-27,OTA
BKG00002268,7442,CUS0006937,2024-06-22,AGT
BKG00002269,14535,CUS0013498,2025-12-10,OTA
BKG00002270,6651,CUS0006205,2023-12-13,MOB
BKG00002271,16101,CUS0014948,2025-02-19,AGT
BKG00002272,1939,CUS0001805,2023-06-13,GDS
BKG00002273,524,CUS0000485,2024-06-24,MOB
BKG00002274,3245,CUS0003027,2024-06-26,AGT
BKG00002275,9865,CUS0009185,2026-02-09,AGT
BKG00002276,9741,CUS0009075,2025-09-15,CTR
BKG00002277,10372,CUS0009653,2025-09-10,OTA
BKG00002278,11816,CUS0010995,2024-10-08,CTR
BKG00002279,10074,CUS0009377,2025-12-20,GDS
BKG00002280,9820,CUS0009144,2025-11-11,CTR
BKG00002281,5330,CUS0004964,2025-03-25,WEB
BKG00002282,12212,CUS0011371,2025-08-12,GDS
BKG00002283,2221,CUS0002071,2023-09-25,GDS
BKG00002284,13493,CUS0012536,2025-08-05,MOB
BKG00002285,12174,CUS0011334,2026-02-18,AGT
BKG00002286,6264,CUS0005838,2025-10-24,MOB
BKG00002287,9126,CUS0008505,2024-01-27,CTR
BKG00002288,2418,CUS0002254,2023-12-21,CTR
BKG00002289,183,CUS0000171,2024-04-16,AGT
BKG00002290,12064,CUS0011232,2026-01-09,CTR
BKG00002291,2820,CUS0002633,2024-06-05,MOB
BKG00002292,1718,CUS0001596,2026-01-31,OTA
BKG00002293,3385,CUS0003156,2024-08-04,AGT
BKG00002294,15390,CUS0014295,2024-05-03,AGT
BKG00002295,674,CUS0000625,2023-10-11,AGT
BKG00002296,2672,CUS0002492,2023-09-07,OTA
BKG00002297,2619,CUS0002442,2024-06-29,WEB
BKG00002298,202,CUS0000190,2025-10-30,AGT
BKG00002299,2228,CUS0002077,2025-10-10,CTR
BKG00002300,13295,CUS0012355,2024-06-17,AGT
BKG00002301,14958,CUS0013895,2024-07-29,CTR
BKG00002302,10979,CUS0010221,2024-01-08,WEB
BKG00002303,5108,CUS0004750,2024-04-20,MOB
BKG00002304,11802,CUS0010982,2024-01-07,GDS
BKG00002305,10101,CUS0009403,2025-12-23,AGT
BKG00002306,9627,CUS0008968,2025-06-09,WEB
BKG00002307,9537,CUS0008885,2023-10-03,GDS
BKG00002308,9556,CUS0008903,2024-04-25,MOB
BKG00002309,15618,CUS0014503,2024-03-24,OTA
BKG00002310,4159,CUS0003875,2025-05-23,OTA
BKG00002311,6624,CUS0006180,2023-12-30,GDS
BKG00002312,11571,CUS0010763,2025-03-05,WEB
BKG00002313,10327,CUS0009611,2024-08-15,CTR
BKG00002314,7801,CUS0007268,2024-09-27,AGT
BKG00002315,8867,CUS0008264,2024-03-29,AGT
BKG00002316,5787,CUS0005393,2024-03-13,AGT
BKG00002317,654,CUS0000606,2025-06-11,GDS
BKG00002318,1244,CUS0001159,2024-04-23,GDS
BKG00002319,1189,CUS0001104,2023-08-13,MOB
BKG00002320,2074,CUS0001930,2023-10-13,AGT
BKG00002321,2659,CUS0002480,2023-10-24,WEB
BKG00002322,8080,CUS0007526,2025-11-29,CTR
BKG00002323,9392,CUS0008748,2023-06-07,AGT
BKG00002324,12726,CUS0011838,2024-07-19,CTR
BKG00002325,12651,CUS0011767,2024-11-08,CTR
BKG00002326,11855,CUS0011033,2024-05-29,AGT
BKG00002327,11034,CUS0010270,2024-07-23,WEB
BKG00002328,7641,CUS0007120,2025-05-03,AGT
BKG00002329,3226,CUS0003012,2025-07-21,GDS
BKG00002330,7425,CUS0006921,2026-04-05,GDS
BKG00002331,10763,CUS0010018,2023-12-25,CTR
BKG00002332,8380,CUS0007807,2024-02-18,OTA
BKG00002333,13333,CUS0012389,2025-01-23,MOB
BKG00002334,2811,CUS0002625,2025-01-10,MOB
BKG00002335,15476,CUS0014371,2023-09-17,MOB
BKG00002336,9324,CUS0008686,2023-08-15,OTA
BKG00002337,5357,CUS0004990,2026-01-03,OTA
BKG00002338,7020,CUS0006550,2023-12-06,WEB
BKG00002339,1608,CUS0001494,2026-05-04,GDS
BKG00002340,9996,CUS0009305,2023-07-19,AGT
BKG00002341,13372,CUS0012424,2023-10-23,OTA
BKG00002342,5313,CUS0004947,2024-03-01,CTR
BKG00002343,12807,CUS0011911,2024-05-23,OTA
BKG00002344,13126,CUS0012201,2026-01-24,GDS
BKG00002345,14410,CUS0013380,2025-08-25,WEB
BKG00002346,11973,CUS0011149,2026-03-29,WEB
BKG00002347,7757,CUS0007227,2025-11-14,WEB
BKG00002348,5185,CUS0004826,2026-05-25,CTR
BKG00002349,4502,CUS0004196,2025-10-06,AGT
BKG00002350,12341,CUS0011487,2024-10-06,OTA
BKG00002351,11451,CUS0010651,2024-05-27,AGT
BKG00002352,1250,CUS0001165,2025-05-16,OTA
BKG00002353,3382,CUS0003153,2025-01-16,GDS
BKG00002354,2140,CUS0001993,2023-08-23,OTA
BKG00002355,5887,CUS0005488,2025-12-20,WEB
BKG00002356,12096,CUS0011263,2025-08-24,AGT
BKG00002357,11302,CUS0010514,2025-03-26,CTR
BKG00002358,15547,CUS0014439,2025-04-15,MOB
BKG00002359,1305,CUS0001214,2024-06-19,MOB
BKG00002360,2656,CUS0002477,2023-08-25,WEB
BKG00002361,14781,CUS0013730,2026-02-20,AGT
BKG00002362,9263,CUS0008629,2025-11-08,WEB
BKG00002363,12315,CUS0011464,2025-06-18,GDS
BKG00002364,14163,CUS0013154,2024-09-17,GDS
BKG00002365,14255,CUS0013238,2024-06-04,WEB
BKG00002366,5309,CUS0004944,2023-11-10,CTR
BKG00002367,1835,CUS0001703,2026-04-11,OTA
BKG00002368,6901,CUS0006442,2023-11-12,WEB
BKG00002369,196,CUS0000184,2024-01-06,WEB
BKG00002370,8558,CUS0007973,2026-02-14,MOB
BKG00002371,7592,CUS0007076,2024-11-29,WEB
BKG00002372,8200,CUS0007641,2023-08-08,GDS
BKG00002373,9009,CUS0008397,2024-06-20,AGT
BKG00002374,15468,CUS0014364,2025-03-29,OTA
BKG00002375,1245,CUS0001160,2024-06-02,GDS
BKG00002376,15480,CUS0014375,2026-05-02,OTA
BKG00002377,13111,CUS0012187,2023-10-13,WEB
BKG00002378,11286,CUS0010499,2023-10-22,GDS
BKG00002379,5071,CUS0004718,2024-03-20,WEB
BKG00002380,15491,CUS0014386,2024-08-29,WEB
BKG00002381,5915,CUS0005514,2026-03-12,CTR
BKG00002382,13484,CUS0012528,2025-04-05,AGT
BKG00002383,12572,CUS0011698,2025-02-04,OTA
BKG00002384,5182,CUS0004823,2024-05-22,OTA
BKG00002385,1820,CUS0001689,2025-02-15,AGT
BKG00002386,14155,CUS0013146,2024-10-05,MOB
BKG00002387,8836,CUS0008235,2023-11-07,MOB
BKG00002388,8482,CUS0007902,2024-09-17,MOB
BKG00002389,10949,CUS0010192,2024-06-04,OTA
BKG00002390,14000,CUS0012998,2024-02-01,MOB
BKG00002391,15770,CUS0014641,2025-12-18,CTR
BKG00002392,10932,CUS0010176,2024-08-09,CTR
BKG00002393,1328,CUS0001236,2024-07-10,WEB
BKG00002394,14900,CUS0013840,2025-06-07,GDS
BKG00002395,7605,CUS0007087,2026-01-18,OTA
BKG00002396,14308,CUS0013288,2026-02-12,CTR
BKG00002397,8366,CUS0007794,2025-09-10,MOB
BKG00002398,11811,CUS0010990,2024-05-05,OTA
BKG00002399,9229,CUS0008599,2023-09-06,AGT
BKG00002400,4333,CUS0004037,2025-08-04,MOB
BKG00002401,5555,CUS0005171,2023-06-26,CTR
BKG00002402,5656,CUS0005270,2024-08-02,GDS
BKG00002403,5282,CUS0004917,2024-06-18,AGT
BKG00002404,9698,CUS0009035,2024-09-05,OTA
BKG00002405,10946,CUS0010189,2024-12-13,WEB
BKG00002406,13279,CUS0012341,2024-07-29,MOB
BKG00002407,3624,CUS0003378,2025-03-28,GDS
BKG00002408,6185,CUS0005763,2024-08-09,CTR
BKG00002409,10186,CUS0009480,2023-07-21,MOB
BKG00002410,3929,CUS0003664,2025-07-23,OTA
BKG00002411,6453,CUS0006016,2024-08-09,CTR
BKG00002412,3285,CUS0003065,2024-04-22,MOB
BKG00002413,9644,CUS0008984,2024-12-03,CTR
BKG00002414,1560,CUS0001449,2024-05-27,CTR
BKG00002415,8594,CUS0008007,2024-07-02,WEB
BKG00002416,6975,CUS0006510,2024-08-02,CTR
BKG00002417,4445,CUS0004142,2025-03-31,GDS
BKG00002418,13139,CUS0012213,2025-11-16,GDS
BKG00002419,13510,CUS0012551,2026-01-16,OTA
BKG00002420,7603,CUS0007085,2024-02-13,CTR
BKG00002421,15644,CUS0014527,2025-07-31,CTR
BKG00002422,11761,CUS0010943,2024-12-02,MOB
BKG00002423,13229,CUS0012295,2023-12-09,CTR
BKG00002424,11060,CUS0010294,2025-12-11,MOB
BKG00002425,5456,CUS0005079,2024-08-10,AGT
BKG00002426,14093,CUS0013087,2024-09-13,GDS
BKG00002427,7139,CUS0006661,2025-10-14,CTR
BKG00002428,568,CUS0000525,2024-09-28,GDS
BKG00002429,2394,CUS0002232,2026-02-18,OTA
BKG00002430,8246,CUS0007682,2024-08-15,AGT
BKG00002431,10043,CUS0009348,2024-11-16,GDS
BKG00002432,6267,CUS0005841,2023-07-24,AGT
BKG00002433,1281,CUS0001193,2026-03-11,MOB
BKG00002434,1638,CUS0001524,2023-07-04,OTA
BKG00002435,13147,CUS0012220,2026-03-30,OTA
BKG00002436,7351,CUS0006854,2023-11-16,MOB
BKG00002437,7439,CUS0006934,2025-05-03,GDS
BKG00002438,11544,CUS0010738,2024-02-18,GDS
BKG00002439,2656,CUS0002477,2025-01-05,WEB
BKG00002440,3817,CUS0003557,2024-11-24,AGT
BKG00002441,7629,CUS0007109,2024-12-28,WEB
BKG00002442,7618,CUS0007100,2025-07-25,MOB
BKG00002443,10843,CUS0010094,2025-10-04,OTA
BKG00002444,14485,CUS0013453,2024-07-19,AGT
BKG00002445,10389,CUS0009669,2026-04-05,OTA
BKG00002446,4689,CUS0004368,2026-03-29,GDS
BKG00002447,11047,CUS0010283,2025-11-02,MOB
BKG00002448,13907,CUS0012912,2025-03-30,GDS
BKG00002449,2377,CUS0002215,2024-01-22,OTA
BKG00002450,6235,CUS0005810,2023-12-13,OTA
BKG00002451,11743,CUS0010927,2023-08-19,GDS
BKG00002452,6843,CUS0006387,2023-06-26,CTR
BKG00002453,10339,CUS0009623,2026-01-05,CTR
BKG00002454,9398,CUS0008754,2023-09-08,GDS
BKG00002455,5502,CUS0005121,2023-07-14,WEB
BKG00002456,1848,CUS0001716,2023-12-03,CTR
BKG00002457,5023,CUS0004673,2024-01-26,CTR
BKG00002458,10426,CUS0009702,2026-01-25,MOB
BKG00002459,11873,CUS0011051,2023-10-17,MOB
BKG00002460,12640,CUS0011757,2024-08-09,MOB
BKG00002461,6978,CUS0006513,2025-05-04,MOB
BKG00002462,10858,CUS0010109,2024-08-20,CTR
BKG00002463,14411,CUS0013381,2024-01-23,GDS
BKG00002464,533,CUS0000494,2026-03-31,WEB
BKG00002465,5490,CUS0005111,2023-11-03,OTA
BKG00002466,8663,CUS0008072,2025-02-27,WEB
BKG00002467,6404,CUS0005972,2023-11-27,AGT
BKG00002468,13042,CUS0012127,2023-08-13,CTR
BKG00002469,10095,CUS0009397,2024-09-14,AGT
BKG00002470,8062,CUS0007511,2024-09-03,GDS
BKG00002471,11596,CUS0010786,2025-05-10,WEB
BKG00002472,10131,CUS0009428,2025-09-16,OTA
BKG00002473,11078,CUS0010311,2025-06-17,OTA
BKG00002474,5771,CUS0005379,2026-01-01,CTR
BKG00002475,6392,CUS0005961,2025-11-01,AGT
BKG00002476,10860,CUS0010111,2026-05-19,GDS
BKG00002477,1383,CUS0001287,2024-06-13,OTA
BKG00002478,683,CUS0000634,2024-12-25,CTR
BKG00002479,15761,CUS0014632,2026-02-10,GDS
BKG00002480,7974,CUS0007434,2024-04-25,OTA
BKG00002481,1487,CUS0001381,2025-10-03,CTR
BKG00002482,4955,CUS0004613,2026-02-17,WEB
BKG00002483,14630,CUS0013589,2023-09-14,MOB
BKG00002484,6681,CUS0006234,2023-07-15,OTA
BKG00002485,14510,CUS0013476,2025-05-03,WEB
BKG00002486,5725,CUS0005335,2023-11-24,MOB
BKG00002487,6362,CUS0005932,2024-11-22,MOB
BKG00002488,10529,CUS0009797,2024-01-12,MOB
BKG00002489,14863,CUS0013807,2024-10-12,MOB
BKG00002490,2372,CUS0002210,2025-11-14,GDS
BKG00002491,7125,CUS0006647,2025-02-14,CTR
BKG00002492,12322,CUS0011470,2025-11-10,GDS
BKG00002493,3347,CUS0003121,2024-03-22,AGT
BKG00002494,11579,CUS0010770,2023-07-29,WEB
BKG00002495,5725,CUS0005335,2024-11-17,GDS
BKG00002496,3170,CUS0002959,2025-05-04,WEB
BKG00002497,8968,CUS0008358,2023-11-27,GDS
BKG00002498,4911,CUS0004572,2025-02-12,OTA
BKG00002499,14383,CUS0013356,2024-10-21,AGT
BKG00002500,3888,CUS0003625,2025-01-05,MOB
BKG00002501,11580,CUS0010771,2025-10-17,GDS
BKG00002502,1626,CUS0001512,2023-12-03,GDS
BKG00002503,10877,CUS0010126,2025-10-05,WEB
BKG00002504,8244,CUS0007680,2026-02-22,OTA
BKG00002505,10081,CUS0009384,2025-10-16,CTR
BKG00002506,3902,CUS0003638,2026-02-18,AGT
BKG00002507,12474,CUS0011609,2025-12-25,CTR
BKG00002508,4890,CUS0004554,2025-07-09,OTA
BKG00002509,11317,CUS0010529,2024-11-12,MOB
BKG00002510,2916,CUS0002722,2024-04-21,GDS
BKG00002511,12490,CUS0011623,2023-08-30,CTR
BKG00002512,14034,CUS0013029,2024-05-17,WEB
BKG00002513,9094,CUS0008475,2026-02-07,WEB
BKG00002514,6230,CUS0005805,2025-03-21,OTA
BKG00002515,13869,CUS0012879,2025-12-25,OTA
BKG00002516,15141,CUS0014062,2024-02-04,GDS
BKG00002517,900,CUS0000833,2023-11-30,WEB
BKG00002518,12458,CUS0011594,2024-08-09,GDS
BKG00002519,14853,CUS0013798,2026-01-15,CTR
BKG00002520,9308,CUS0008671,2026-01-30,GDS
BKG00002521,4161,CUS0003877,2026-03-11,AGT
BKG00002522,81,CUS0000075,2026-04-20,AGT
BKG00002523,2471,CUS0002303,2025-07-31,CTR
BKG00002524,7332,CUS0006838,2024-10-21,AGT
BKG00002525,2271,CUS0002118,2026-04-19,WEB
BKG00002526,14406,CUS0013376,2026-01-26,OTA
BKG00002527,12974,CUS0012065,2024-08-03,GDS
BKG00002528,11405,CUS0010609,2024-10-16,MOB
BKG00002529,4090,CUS0003811,2024-02-10,GDS
BKG00002530,15117,CUS0014043,2025-08-14,OTA
BKG00002531,850,CUS0000786,2024-11-20,CTR
BKG00002532,7952,CUS0007414,2024-08-13,GDS
BKG00002533,2579,CUS0002403,2024-06-11,CTR
BKG00002534,15351,CUS0014256,2026-03-24,MOB
BKG00002535,7796,CUS0007263,2026-02-22,WEB
BKG00002536,11628,CUS0010818,2026-04-16,MOB
BKG00002537,13159,CUS0012232,2025-08-08,CTR
BKG00002538,9669,CUS0009007,2025-04-10,MOB
BKG00002539,13343,CUS0012397,2024-01-23,GDS
BKG00002540,4304,CUS0004010,2025-10-22,WEB
BKG00002541,348,CUS0000322,2023-11-04,AGT
BKG00002542,10003,CUS0009311,2024-02-20,GDS
BKG00002543,13288,CUS0012349,2024-05-25,CTR
BKG00002544,8010,CUS0007467,2023-08-15,MOB
BKG00002545,6570,CUS0006126,2024-02-26,OTA
BKG00002546,824,CUS0000763,2024-08-15,GDS
BKG00002547,8667,CUS0008076,2025-04-05,AGT
BKG00002548,4438,CUS0004135,2025-12-01,CTR
BKG00002549,14968,CUS0013905,2024-06-13,CTR
BKG00002550,12727,CUS0011839,2024-12-08,WEB
BKG00002551,15517,CUS0014410,2024-12-15,GDS
BKG00002552,15241,CUS0014156,2024-11-13,CTR
BKG00002553,2665,CUS0002486,2025-08-03,WEB
BKG00002554,4909,CUS0004570,2024-08-19,MOB
BKG00002555,2867,CUS0002676,2023-08-11,CTR
BKG00002556,1616,CUS0001502,2023-07-12,MOB
BKG00002557,8122,CUS0007565,2025-01-11,GDS
BKG00002558,3831,CUS0003571,2025-12-04,WEB
BKG00002559,13336,CUS0012391,2024-02-29,GDS
BKG00002560,13327,CUS0012383,2024-05-25,GDS
BKG00002561,5212,CUS0004851,2025-06-01,AGT
BKG00002562,15466,CUS0014362,2025-08-02,MOB
BKG00002563,11927,CUS0011105,2025-02-06,GDS
BKG00002564,9428,CUS0008784,2024-07-29,CTR
BKG00002565,11293,CUS0010505,2023-11-13,OTA
BKG00002566,3326,CUS0003102,2024-05-01,GDS
BKG00002567,9578,CUS0008924,2024-11-10,AGT
BKG00002568,9826,CUS0009150,2026-03-31,GDS
BKG00002569,2809,CUS0002623,2025-02-19,OTA
BKG00002570,2436,CUS0002271,2025-06-12,GDS
BKG00002571,6142,CUS0005724,2025-12-17,CTR
BKG00002572,13785,CUS0012803,2025-02-10,WEB
BKG00002573,4796,CUS0004470,2026-05-21,WEB
BKG00002574,12205,CUS0011364,2024-09-19,GDS
BKG00002575,5761,CUS0005369,2026-03-10,WEB
BKG00002576,12754,CUS0011864,2026-01-24,OTA
BKG00002577,9603,CUS0008947,2024-07-21,WEB
BKG00002578,14605,CUS0013565,2025-02-25,AGT
BKG00002579,10063,CUS0009367,2023-12-08,AGT
BKG00002580,6500,CUS0006058,2024-01-15,MOB
BKG00002581,1896,CUS0001762,2025-09-26,GDS
BKG00002582,15610,CUS0014497,2023-09-05,OTA
BKG00002583,7759,CUS0007229,2024-11-04,WEB
BKG00002584,6569,CUS0006125,2023-11-13,CTR
BKG00002585,15838,CUS0014703,2023-08-30,AGT
BKG00002586,4635,CUS0004318,2024-06-26,CTR
BKG00002587,13974,CUS0012973,2024-03-01,CTR
BKG00002588,15197,CUS0014114,2024-04-24,GDS
BKG00002589,5948,CUS0005544,2024-08-04,MOB
BKG00002590,12352,CUS0011498,2023-06-12,OTA
BKG00002591,633,CUS0000589,2024-09-11,GDS
BKG00002592,11362,CUS0010570,2024-04-10,AGT
BKG00002593,11002,CUS0010242,2025-08-17,MOB
BKG00002594,3161,CUS0002950,2024-01-05,CTR
BKG00002595,11198,CUS0010416,2026-01-28,OTA
BKG00002596,6064,CUS0005651,2023-10-03,GDS
BKG00002597,14547,CUS0013508,2024-01-05,CTR
BKG00002598,8992,CUS0008381,2024-08-29,AGT
BKG00002599,10102,CUS0009404,2025-02-05,MOB
BKG00002600,2524,CUS0002353,2024-11-17,MOB
BKG00002601,14861,CUS0013805,2024-02-24,CTR
BKG00002602,1152,CUS0001069,2024-01-27,AGT
BKG00002603,16036,CUS0014889,2023-09-25,GDS
BKG00002604,1537,CUS0001428,2024-04-07,WEB
BKG00002605,9649,CUS0008989,2024-02-05,MOB
BKG00002606,2515,CUS0002344,2023-06-11,CTR
BKG00002607,2107,CUS0001962,2024-09-01,CTR
BKG00002608,4711,CUS0004390,2023-11-24,WEB
BKG00002609,3773,CUS0003516,2023-10-19,MOB
BKG00002610,4516,CUS0004209,2023-06-01,CTR
BKG00002611,12290,CUS0011441,2023-10-18,GDS
BKG00002612,8045,CUS0007496,2024-02-23,OTA
BKG00002613,11236,CUS0010453,2025-11-10,AGT
BKG00002614,10843,CUS0010094,2025-03-14,MOB
BKG00002615,3710,CUS0003458,2025-01-14,GDS
BKG00002616,7787,CUS0007254,2025-07-20,CTR
BKG00002617,4069,CUS0003794,2026-03-25,OTA
BKG00002618,9038,CUS0008424,2024-10-01,CTR
BKG00002619,14992,CUS0013928,2024-09-26,OTA
BKG00002620,5999,CUS0005590,2023-08-08,OTA
BKG00002621,10231,CUS0009522,2026-01-16,WEB
BKG00002622,11842,CUS0011021,2023-09-05,CTR
BKG00002623,7205,CUS0006720,2025-06-16,GDS
BKG00002624,11161,CUS0010381,2025-09-19,CTR
BKG00002625,1661,CUS0001546,2024-08-19,MOB
BKG00002626,8852,CUS0008250,2023-12-26,AGT
BKG00002627,14160,CUS0013151,2024-07-21,MOB
BKG00002628,13233,CUS0012299,2025-07-22,MOB
BKG00002629,12149,CUS0011310,2025-04-17,AGT
BKG00002630,1846,CUS0001714,2024-10-04,AGT
BKG00002631,12820,CUS0011924,2025-12-10,WEB
BKG00002632,10774,CUS0010029,2024-11-13,GDS
BKG00002633,14277,CUS0013258,2023-07-05,AGT
BKG00002634,8787,CUS0008187,2024-06-05,AGT
BKG00002635,6977,CUS0006512,2023-08-06,AGT
BKG00002636,4949,CUS0004607,2024-05-22,GDS
BKG00002637,5551,CUS0005168,2025-08-07,AGT
BKG00002638,9160,CUS0008537,2025-08-15,AGT
BKG00002639,15146,CUS0014067,2024-07-28,MOB
BKG00002640,15672,CUS0014552,2026-02-07,MOB
BKG00002641,6261,CUS0005835,2025-04-29,GDS
BKG00002642,6661,CUS0006215,2023-07-04,MOB
BKG00002643,9115,CUS0008495,2026-02-16,CTR
BKG00002644,11817,CUS0010996,2025-08-31,MOB
BKG00002645,15975,CUS0014832,2024-08-05,CTR
BKG00002646,2905,CUS0002711,2025-01-15,MOB
BKG00002647,7852,CUS0007317,2024-06-24,WEB
BKG00002648,7008,CUS0006539,2023-10-16,AGT
BKG00002649,15606,CUS0014493,2024-10-12,AGT
BKG00002650,10219,CUS0009511,2026-05-11,GDS
BKG00002651,8777,CUS0008178,2025-04-03,GDS
BKG00002652,8543,CUS0007959,2025-02-12,MOB
BKG00002653,587,CUS0000544,2025-09-26,CTR
BKG00002654,14363,CUS0013336,2026-05-03,OTA
BKG00002655,3166,CUS0002955,2026-02-21,CTR
BKG00002656,13854,CUS0012866,2024-07-18,CTR
BKG00002657,5513,CUS0005132,2025-03-03,WEB
BKG00002658,7918,CUS0007381,2023-06-28,GDS
BKG00002659,688,CUS0000639,2025-03-27,AGT
BKG00002660,2460,CUS0002293,2026-05-16,MOB
BKG00002661,7604,CUS0007086,2026-03-09,CTR
BKG00002662,1575,CUS0001463,2026-04-30,AGT
BKG00002663,944,CUS0000876,2026-03-18,AGT
BKG00002664,11696,CUS0010882,2024-10-17,OTA
BKG00002665,15345,CUS0014250,2024-12-23,GDS
BKG00002666,13838,CUS0012851,2026-02-13,MOB
BKG00002667,6799,CUS0006344,2025-07-18,AGT
BKG00002668,4299,CUS0004005,2025-12-19,MOB
BKG00002669,13111,CUS0012187,2024-08-06,WEB
BKG00002670,1549,CUS0001439,2024-02-04,OTA
BKG00002671,14360,CUS0013333,2023-07-04,OTA
BKG00002672,6599,CUS0006155,2023-12-18,WEB
BKG00002673,2296,CUS0002141,2024-12-29,WEB
BKG00002674,4500,CUS0004194,2023-08-04,AGT
BKG00002675,10324,CUS0009608,2024-09-25,WEB
BKG00002676,12928,CUS0012024,2025-10-04,MOB
BKG00002677,11269,CUS0010484,2024-07-26,MOB
BKG00002678,9436,CUS0008792,2024-09-07,AGT
BKG00002679,11187,CUS0010406,2023-06-09,GDS
BKG00002680,11911,CUS0011089,2025-02-09,GDS
BKG00002681,3326,CUS0003102,2024-09-23,WEB
BKG00002682,11686,CUS0010873,2025-01-01,CTR
BKG00002683,4576,CUS0004263,2024-03-30,AGT
BKG00002684,2124,CUS0001978,2023-06-13,AGT
BKG00002685,11535,CUS0010729,2024-02-15,CTR
BKG00002686,15402,CUS0014305,2026-04-03,OTA
BKG00002687,14374,CUS0013347,2023-08-05,CTR
BKG00002688,2620,CUS0002443,2025-12-27,AGT
BKG00002689,7299,CUS0006805,2026-03-08,AGT
BKG00002690,11856,CUS0011034,2024-08-18,OTA
BKG00002691,11953,CUS0011129,2023-12-19,WEB
BKG00002692,2080,CUS0001936,2025-10-27,CTR
BKG00002693,5824,CUS0005426,2026-05-08,AGT
BKG00002694,8860,CUS0008257,2026-02-25,WEB
BKG00002695,14824,CUS0013771,2023-08-30,MOB
BKG00002696,111,CUS0000103,2023-07-08,MOB
BKG00002697,11439,CUS0010640,2025-12-20,MOB
BKG00002698,1624,CUS0001510,2025-09-14,OTA
BKG00002699,11108,CUS0010337,2025-07-05,AGT
BKG00002700,2922,CUS0002727,2025-11-04,WEB
BKG00002701,11748,CUS0010932,2023-05-27,AGT
BKG00002702,13079,CUS0012159,2024-03-22,AGT
BKG00002703,9600,CUS0008945,2024-04-18,WEB
BKG00002704,10022,CUS0009329,2023-08-05,GDS
BKG00002705,1230,CUS0001145,2023-09-16,MOB
BKG00002706,5464,CUS0005087,2025-06-13,CTR
BKG00002707,2711,CUS0002529,2026-03-19,WEB
BKG00002708,1978,CUS0001839,2024-09-26,CTR
BKG00002709,12690,CUS0011803,2025-05-29,OTA
BKG00002710,13102,CUS0012179,2024-11-08,MOB
BKG00002711,5708,CUS0005318,2024-01-23,AGT
BKG00002712,12682,CUS0011795,2025-01-31,CTR
BKG00002713,8348,CUS0007776,2025-07-06,MOB
BKG00002714,210,CUS0000197,2025-06-19,CTR
BKG00002715,9154,CUS0008532,2026-01-17,WEB
BKG00002716,7199,CUS0006715,2024-08-13,OTA
BKG00002717,8280,CUS0007715,2026-01-17,MOB
BKG00002718,8490,CUS0007909,2024-04-10,MOB
BKG00002719,9136,CUS0008515,2025-02-12,WEB
BKG00002720,1827,CUS0001695,2024-07-19,GDS
BKG00002721,12278,CUS0011431,2023-07-22,OTA
BKG00002722,9719,CUS0009055,2025-10-13,OTA
BKG00002723,15009,CUS0013943,2025-11-13,OTA
BKG00002724,7354,CUS0006857,2026-02-01,MOB
BKG00002725,3201,CUS0002988,2024-06-13,AGT
BKG00002726,4408,CUS0004106,2024-08-05,OTA
BKG00002727,5077,CUS0004722,2024-04-23,AGT
BKG00002728,123,CUS0000114,2024-10-10,AGT
BKG00002729,6317,CUS0005890,2025-05-18,MOB
BKG00002730,7597,CUS0007080,2025-09-29,WEB
BKG00002731,7020,CUS0006550,2023-12-03,OTA
BKG00002732,7419,CUS0006915,2024-09-20,CTR
BKG00002733,1771,CUS0001643,2024-01-02,OTA
BKG00002734,4588,CUS0004274,2023-07-31,AGT
BKG00002735,147,CUS0000137,2024-05-23,CTR
BKG00002736,9152,CUS0008530,2025-06-03,OTA
BKG00002737,12044,CUS0011212,2023-07-30,MOB
BKG00002738,1702,CUS0001581,2023-06-12,GDS
BKG00002739,12382,CUS0011523,2024-03-15,GDS
BKG00002740,3193,CUS0002981,2023-11-21,AGT
BKG00002741,14938,CUS0013876,2023-09-19,CTR
BKG00002742,7680,CUS0007155,2024-11-04,MOB
BKG00002743,2619,CUS0002442,2025-04-19,CTR
BKG00002744,3263,CUS0003044,2024-10-07,MOB
BKG00002745,12726,CUS0011838,2024-01-12,AGT
BKG00002746,4988,CUS0004640,2024-07-28,AGT
BKG00002747,13914,CUS0012918,2025-12-25,GDS
BKG00002748,8453,CUS0007875,2023-10-22,WEB
BKG00002749,9485,CUS0008838,2023-10-14,OTA
BKG00002750,4785,CUS0004460,2024-07-14,GDS
BKG00002751,1308,CUS0001217,2026-01-27,AGT
BKG00002752,7739,CUS0007211,2024-01-16,MOB
BKG00002753,2467,CUS0002300,2023-11-26,GDS
BKG00002754,5239,CUS0004877,2023-08-20,MOB
BKG00002755,450,CUS0000416,2025-11-04,AGT
BKG00002756,7808,CUS0007275,2026-05-18,GDS
BKG00002757,12789,CUS0011896,2024-11-21,AGT
BKG00002758,11097,CUS0010327,2023-12-08,AGT
BKG00002759,12409,CUS0011548,2024-05-07,GDS
BKG00002760,7845,CUS0007310,2023-11-17,AGT
BKG00002761,4434,CUS0004131,2023-10-01,AGT
BKG00002762,94,CUS0000087,2025-11-10,WEB
BKG00002763,1756,CUS0001631,2026-05-13,AGT
BKG00002764,9126,CUS0008505,2023-10-27,AGT
BKG00002765,12576,CUS0011702,2023-11-19,OTA
BKG00002766,8163,CUS0007606,2025-04-07,AGT
BKG00002767,15391,CUS0014296,2024-12-30,AGT
BKG00002768,7499,CUS0006989,2026-05-25,GDS
BKG00002769,10313,CUS0009599,2023-10-09,CTR
BKG00002770,14509,CUS0013475,2025-05-14,AGT
BKG00002771,6428,CUS0005992,2023-09-09,MOB
BKG00002772,6055,CUS0005643,2026-01-21,CTR
BKG00002773,6601,CUS0006157,2024-08-29,WEB
BKG00002774,7804,CUS0007271,2025-10-13,WEB
BKG00002775,2564,CUS0002389,2026-04-28,OTA
BKG00002776,15932,CUS0014790,2025-05-23,WEB
BKG00002777,9674,CUS0009012,2024-04-13,OTA
BKG00002778,11817,CUS0010996,2023-10-21,GDS
BKG00002779,6719,CUS0006269,2023-05-27,OTA
BKG00002780,12333,CUS0011480,2023-12-16,MOB
BKG00002781,15499,CUS0014394,2024-05-05,WEB
BKG00002782,13525,CUS0012565,2024-08-28,AGT
BKG00002783,6103,CUS0005687,2024-11-30,GDS
BKG00002784,3058,CUS0002853,2023-07-12,MOB
BKG00002785,12077,CUS0011244,2026-05-04,OTA
BKG00002786,13429,CUS0012477,2025-08-24,GDS
BKG00002787,2197,CUS0002048,2025-10-09,CTR
BKG00002788,1046,CUS0000971,2024-11-30,MOB
BKG00002789,11224,CUS0010442,2023-10-24,CTR
BKG00002790,9285,CUS0008649,2025-11-27,WEB
BKG00002791,14220,CUS0013208,2023-12-24,AGT
BKG00002792,14820,CUS0013767,2025-04-29,OTA
BKG00002793,11127,CUS0010351,2024-12-25,MOB
BKG00002794,8020,CUS0007476,2026-04-26,WEB
BKG00002795,1062,CUS0000986,2025-02-16,OTA
BKG00002796,12627,CUS0011746,2024-02-09,OTA
BKG00002797,11321,CUS0010533,2024-08-01,CTR
BKG00002798,3286,CUS0003066,2024-09-26,GDS
BKG00002799,1059,CUS0000983,2024-01-06,CTR
BKG00002800,7064,CUS0006589,2024-02-06,AGT
BKG00002801,631,CUS0000587,2023-07-02,WEB
BKG00002802,12819,CUS0011923,2026-04-03,GDS
BKG00002803,5551,CUS0005168,2025-03-05,WEB
BKG00002804,8087,CUS0007532,2025-09-08,AGT
BKG00002805,13667,CUS0012694,2025-08-14,CTR
BKG00002806,7979,CUS0007439,2023-11-28,OTA
BKG00002807,13713,CUS0012738,2024-09-28,MOB
BKG00002808,2825,CUS0002637,2025-10-05,WEB
BKG00002809,8010,CUS0007467,2024-08-29,CTR
BKG00002810,157,CUS0000147,2025-02-03,GDS
BKG00002811,7192,CUS0006709,2024-06-11,GDS
BKG00002812,7806,CUS0007273,2023-09-30,OTA
BKG00002813,15008,CUS0013942,2024-10-26,CTR
BKG00002814,1237,CUS0001152,2024-10-17,CTR
BKG00002815,10178,CUS0009473,2024-04-12,MOB
BKG00002816,198,CUS0000186,2024-12-23,AGT
BKG00002817,11025,CUS0010262,2024-03-11,WEB
BKG00002818,7003,CUS0006535,2026-01-04,MOB
BKG00002819,12136,CUS0011300,2025-03-09,AGT
BKG00002820,13855,CUS0012867,2023-10-06,GDS
BKG00002821,8831,CUS0008230,2023-11-18,OTA
BKG00002822,2205,CUS0002055,2025-06-15,GDS
BKG00002823,15515,CUS0014408,2024-12-09,MOB
BKG00002824,3723,CUS0003471,2023-09-29,GDS
BKG00002825,1447,CUS0001344,2024-12-22,CTR
BKG00002826,15103,CUS0014031,2023-08-25,CTR
BKG00002827,1667,CUS0001551,2024-10-09,MOB
BKG00002828,5574,CUS0005189,2023-11-08,OTA
BKG00002829,15824,CUS0014689,2023-06-24,CTR
BKG00002830,15781,CUS0014650,2025-07-01,AGT
BKG00002831,7660,CUS0007136,2025-04-01,OTA
BKG00002832,8042,CUS0007493,2026-03-23,MOB
BKG00002833,8184,CUS0007625,2025-05-06,MOB
BKG00002834,9674,CUS0009012,2024-07-03,GDS
BKG00002835,14611,CUS0013570,2026-05-23,CTR
BKG00002836,1982,CUS0001842,2024-06-12,AGT
BKG00002837,12767,CUS0011876,2025-12-10,CTR
BKG00002838,13930,CUS0012934,2026-02-01,OTA
BKG00002839,11867,CUS0011045,2024-04-10,WEB
BKG00002840,12749,CUS0011859,2024-06-13,OTA
BKG00002841,15086,CUS0014015,2023-09-27,GDS
BKG00002842,6674,CUS0006227,2025-08-26,MOB
BKG00002843,14244,CUS0013228,2024-03-25,AGT
BKG00002844,4171,CUS0003887,2024-12-07,CTR
BKG00002845,652,CUS0000604,2025-08-21,MOB
BKG00002846,6899,CUS0006440,2025-09-16,GDS
BKG00002847,1023,CUS0000950,2023-08-17,CTR
BKG00002848,5100,CUS0004742,2024-04-21,GDS
BKG00002849,1227,CUS0001142,2024-03-05,CTR
BKG00002850,7487,CUS0006977,2024-01-07,GDS
BKG00002851,11936,CUS0011113,2024-01-20,GDS
BKG00002852,1547,CUS0001437,2023-06-07,AGT
BKG00002853,7149,CUS0006670,2026-01-19,OTA
BKG00002854,1279,CUS0001191,2024-10-08,CTR
BKG00002855,2175,CUS0002027,2024-01-13,OTA
BKG00002856,7381,CUS0006881,2026-02-14,WEB
BKG00002857,4494,CUS0004188,2023-06-19,AGT
BKG00002858,11852,CUS0011030,2025-12-07,CTR
BKG00002859,10187,CUS0009481,2023-06-03,WEB
BKG00002860,2659,CUS0002480,2023-06-08,CTR
BKG00002861,11640,CUS0010829,2025-04-07,MOB
BKG00002862,7547,CUS0007033,2024-05-10,MOB
BKG00002863,13574,CUS0012612,2024-10-12,MOB
BKG00002864,2587,CUS0002411,2025-02-24,CTR
BKG00002865,523,CUS0000484,2023-10-01,AGT
BKG00002866,11650,CUS0010839,2025-07-03,MOB
BKG00002867,10683,CUS0009942,2026-04-17,GDS
BKG00002868,10582,CUS0009846,2023-10-21,CTR
BKG00002869,81,CUS0000075,2024-07-10,WEB
BKG00002870,3737,CUS0003482,2023-08-02,OTA
BKG00002871,8543,CUS0007959,2024-07-08,MOB
BKG00002872,13179,CUS0012248,2024-11-08,WEB
BKG00002873,9940,CUS0009254,2026-04-25,GDS
BKG00002874,8616,CUS0008029,2024-07-21,MOB
BKG00002875,9463,CUS0008819,2023-08-22,AGT
BKG00002876,7418,CUS0006914,2025-11-12,GDS
BKG00002877,8492,CUS0007911,2024-01-24,OTA
BKG00002878,1192,CUS0001107,2025-08-05,CTR
BKG00002879,7580,CUS0007064,2026-03-03,OTA
BKG00002880,3689,CUS0003438,2024-10-11,GDS
BKG00002881,14415,CUS0013385,2024-12-20,GDS
BKG00002882,8043,CUS0007494,2024-09-21,WEB
BKG00002883,4263,CUS0003971,2026-02-15,CTR
BKG00002884,15302,CUS0014209,2023-12-17,AGT
BKG00002885,3039,CUS0002836,2025-08-13,GDS
BKG00002886,5308,CUS0004943,2024-07-21,CTR
BKG00002887,10484,CUS0009757,2024-12-04,WEB
BKG00002888,5227,CUS0004865,2024-02-07,MOB
BKG00002889,9576,CUS0008922,2024-05-20,MOB
BKG00002890,10858,CUS0010109,2026-05-22,GDS
BKG00002891,11867,CUS0011045,2025-05-02,OTA
BKG00002892,14446,CUS0013415,2023-06-07,WEB
BKG00002893,6027,CUS0005617,2023-07-17,MOB
BKG00002894,245,CUS0000228,2024-02-10,CTR
BKG00002895,11002,CUS0010242,2025-11-23,MOB
BKG00002896,3740,CUS0003484,2024-03-30,GDS
BKG00002897,13431,CUS0012479,2025-10-27,WEB
BKG00002898,15970,CUS0014827,2023-06-14,WEB
BKG00002899,5160,CUS0004801,2025-12-07,GDS
BKG00002900,14737,CUS0013690,2024-08-07,GDS
BKG00002901,1972,CUS0001833,2023-07-24,OTA
BKG00002902,1334,CUS0001241,2024-09-13,WEB
BKG00002903,11203,CUS0010421,2024-07-02,CTR
BKG00002904,11909,CUS0011087,2024-01-28,CTR
BKG00002905,9076,CUS0008458,2025-07-13,CTR
BKG00002906,15761,CUS0014632,2026-01-19,AGT
BKG00002907,3229,CUS0003015,2024-10-29,GDS
BKG00002908,928,CUS0000860,2024-06-25,MOB
BKG00002909,2794,CUS0002609,2026-01-04,AGT
BKG00002910,14689,CUS0013645,2025-10-20,MOB
BKG00002911,5223,CUS0004861,2025-03-01,AGT
BKG00002912,8890,CUS0008286,2024-04-16,CTR
BKG00002913,1138,CUS0001055,2025-04-15,MOB
BKG00002914,6615,CUS0006171,2025-02-20,WEB
BKG00002915,5377,CUS0005009,2026-05-21,MOB
BKG00002916,7896,CUS0007359,2025-12-20,OTA
BKG00002917,6054,CUS0005642,2024-11-21,OTA
BKG00002918,7895,CUS0007358,2025-10-12,AGT
BKG00002919,6936,CUS0006473,2026-02-03,GDS
BKG00002920,13703,CUS0012728,2026-05-05,AGT
BKG00002921,4350,CUS0004052,2024-02-05,CTR
BKG00002922,15164,CUS0014083,2025-07-28,OTA
BKG00002923,315,CUS0000292,2024-04-05,CTR
BKG00002924,1501,CUS0001395,2025-08-12,CTR
BKG00002925,2290,CUS0002135,2024-01-02,GDS
BKG00002926,5831,CUS0005433,2024-09-17,CTR
BKG00002927,13875,CUS0012883,2024-08-20,OTA
BKG00002928,12481,CUS0011615,2026-01-13,CTR
BKG00002929,2757,CUS0002574,2024-01-12,GDS
BKG00002930,7750,CUS0007221,2025-01-29,OTA
BKG00002931,10438,CUS0009714,2023-06-01,OTA
BKG00002932,15949,CUS0014807,2026-01-21,GDS
BKG00002933,10627,CUS0009890,2024-06-15,MOB
BKG00002934,14983,CUS0013920,2023-10-24,MOB
BKG00002935,8164,CUS0007607,2024-10-21,AGT
BKG00002936,15599,CUS0014487,2025-01-11,WEB
BKG00002937,1466,CUS0001362,2025-01-25,CTR
BKG00002938,2651,CUS0002472,2026-02-04,OTA
BKG00002939,11503,CUS0010701,2025-02-23,GDS
BKG00002940,8148,CUS0007591,2023-11-13,OTA
BKG00002941,10778,CUS0010032,2024-06-30,OTA
BKG00002942,8515,CUS0007932,2024-11-26,CTR
BKG00002943,11106,CUS0010335,2024-01-19,GDS
BKG00002944,3612,CUS0003368,2025-07-07,MOB
BKG00002945,8347,CUS0007775,2024-08-06,WEB
BKG00002946,12126,CUS0011290,2024-03-17,WEB
BKG00002947,10578,CUS0009842,2023-07-24,MOB
BKG00002948,5616,CUS0005230,2024-02-10,WEB
BKG00002949,15303,CUS0014210,2026-03-21,GDS
BKG00002950,544,CUS0000503,2026-01-21,CTR
BKG00002951,8012,CUS0007468,2025-06-29,WEB
BKG00002952,7315,CUS0006821,2026-02-25,OTA
BKG00002953,935,CUS0000867,2024-07-27,CTR
BKG00002954,14225,CUS0013212,2025-03-17,WEB
BKG00002955,8225,CUS0007664,2023-12-24,WEB
BKG00002956,3581,CUS0003340,2025-03-29,AGT
BKG00002957,7728,CUS0007200,2024-12-04,GDS
BKG00002958,1204,CUS0001119,2023-06-21,MOB
BKG00002959,5753,CUS0005361,2026-01-05,MOB
BKG00002960,5070,CUS0004717,2023-07-16,MOB
BKG00002961,9691,CUS0009029,2023-08-02,WEB
BKG00002962,7526,CUS0007013,2025-09-02,CTR
BKG00002963,15609,CUS0014496,2025-03-03,OTA
BKG00002964,5793,CUS0005399,2026-04-18,MOB
BKG00002965,14166,CUS0013157,2025-07-20,AGT
BKG00002966,12493,CUS0011626,2025-12-22,CTR
BKG00002967,4554,CUS0004242,2025-05-03,OTA
BKG00002968,6037,CUS0005625,2024-06-13,OTA
BKG00002969,2850,CUS0002659,2025-04-13,AGT
BKG00002970,11149,CUS0010372,2024-12-25,AGT
BKG00002971,8167,CUS0007610,2026-05-22,MOB
BKG00002972,4899,CUS0004561,2024-06-29,OTA
BKG00002973,11264,CUS0010479,2024-01-14,GDS
BKG00002974,6080,CUS0005666,2023-09-24,MOB
BKG00002975,13975,CUS0012974,2024-04-17,CTR
BKG00002976,14749,CUS0013702,2025-07-26,AGT
BKG00002977,9756,CUS0009088,2023-12-24,GDS
BKG00002978,11092,CUS0010323,2025-08-11,AGT
BKG00002979,10257,CUS0009546,2024-03-25,AGT
BKG00002980,13100,CUS0012177,2024-02-18,MOB
BKG00002981,11639,CUS0010828,2023-10-12,WEB
BKG00002982,1584,CUS0001472,2025-07-05,OTA
BKG00002983,15680,CUS0014560,2024-06-09,CTR
BKG00002984,2605,CUS0002428,2023-12-27,CTR
BKG00002985,2949,CUS0002752,2025-04-22,MOB
BKG00002986,8499,CUS0007917,2025-06-01,CTR
BKG00002987,14644,CUS0013603,2026-02-12,MOB
BKG00002988,6453,CUS0006016,2024-12-06,AGT
BKG00002989,10081,CUS0009384,2025-04-13,AGT
BKG00002990,15448,CUS0014346,2024-08-14,AGT
BKG00002991,10575,CUS0009839,2023-05-26,GDS
BKG00002992,9389,CUS0008745,2024-11-15,GDS
BKG00002993,11741,CUS0010925,2024-06-11,OTA
BKG00002994,147,CUS0000137,2024-04-15,GDS
BKG00002995,7334,CUS0006840,2025-03-13,WEB
BKG00002996,2124,CUS0001978,2023-12-28,WEB
BKG00002997,7062,CUS0006587,2025-10-02,OTA
BKG00002998,5921,CUS0005518,2025-06-13,CTR
BKG00002999,7002,CUS0006534,2025-03-05,OTA
BKG00003000,1667,CUS0001551,2026-04-19,WEB
BKG00003001,6088,CUS0005674,2025-09-03,WEB
BKG00003002,4183,CUS0003897,2025-09-26,OTA
BKG00003003,6398,CUS0005967,2026-05-25,OTA
BKG00003004,9717,CUS0009053,2025-06-06,WEB
BKG00003005,14142,CUS0013133,2024-07-05,CTR
BKG00003006,11923,CUS0011101,2024-08-02,WEB
BKG00003007,11861,CUS0011039,2025-01-30,AGT
BKG00003008,11858,CUS0011036,2025-11-12,WEB
BKG00003009,7310,CUS0006816,2023-09-03,GDS
BKG00003010,11527,CUS0010722,2024-12-22,WEB
BKG00003011,6251,CUS0005825,2024-07-23,GDS
BKG00003012,14970,CUS0013907,2025-09-15,AGT
BKG00003013,13432,CUS0012480,2026-04-17,GDS
BKG00003014,8443,CUS0007866,2025-03-21,AGT
BKG00003015,14069,CUS0013063,2024-12-22,MOB
BKG00003016,11264,CUS0010479,2025-05-19,WEB
BKG00003017,3298,CUS0003077,2026-05-17,GDS
BKG00003018,314,CUS0000291,2024-07-08,WEB
BKG00003019,9452,CUS0008808,2024-08-12,OTA
BKG00003020,12918,CUS0012016,2024-03-17,AGT
BKG00003021,15108,CUS0014036,2025-09-23,MOB
BKG00003022,9496,CUS0008847,2025-05-07,WEB
BKG00003023,433,CUS0000400,2024-09-24,AGT
BKG00003024,7474,CUS0006965,2024-05-02,MOB
BKG00003025,12695,CUS0011808,2025-07-23,CTR
BKG00003026,10611,CUS0009874,2024-09-19,MOB
BKG00003027,8688,CUS0008095,2023-05-29,CTR
BKG00003028,2425,CUS0002261,2025-07-05,MOB
BKG00003029,7417,CUS0006913,2024-06-12,CTR
BKG00003030,12354,CUS0011499,2023-09-20,WEB
BKG00003031,236,CUS0000220,2023-10-12,CTR
BKG00003032,11954,CUS0011130,2025-02-03,CTR
BKG00003033,12777,CUS0011885,2024-02-25,GDS
BKG00003034,11666,CUS0010855,2026-03-21,CTR
BKG00003035,7960,CUS0007421,2024-12-20,MOB
BKG00003036,14615,CUS0013574,2024-04-19,WEB
BKG00003037,10150,CUS0009445,2024-10-14,WEB
BKG00003038,14306,CUS0013286,2024-12-13,GDS
BKG00003039,3478,CUS0003243,2024-12-27,AGT
BKG00003040,118,CUS0000109,2023-08-01,AGT
BKG00003041,11628,CUS0010818,2024-10-17,CTR
BKG00003042,15621,CUS0014506,2024-08-30,WEB
BKG00003043,7596,CUS0007079,2025-12-08,OTA
BKG00003044,1611,CUS0001497,2024-02-03,GDS
BKG00003045,9559,CUS0008906,2023-07-12,WEB
BKG00003046,553,CUS0000512,2025-01-26,OTA
BKG00003047,14561,CUS0013522,2025-04-15,GDS
BKG00003048,3231,CUS0003017,2025-02-10,WEB
BKG00003049,5742,CUS0005352,2025-12-08,MOB
BKG00003050,5811,CUS0005415,2025-08-13,GDS
BKG00003051,15699,CUS0014577,2024-01-12,AGT
BKG00003052,566,CUS0000523,2025-09-27,WEB
BKG00003053,10787,CUS0010041,2025-10-04,MOB
BKG00003054,5809,CUS0005413,2025-03-02,CTR
BKG00003055,7910,CUS0007373,2024-08-11,WEB
BKG00003056,8528,CUS0007944,2025-08-24,WEB
BKG00003057,15879,CUS0014742,2026-01-06,MOB
BKG00003058,174,CUS0000163,2025-04-09,WEB
BKG00003059,11628,CUS0010818,2025-08-22,AGT
BKG00003060,6179,CUS0005757,2026-02-16,OTA
BKG00003061,11631,CUS0010821,2026-04-17,OTA
BKG00003062,251,CUS0000233,2023-06-05,AGT
BKG00003063,15637,CUS0014521,2024-12-12,WEB
BKG00003064,13214,CUS0012282,2023-12-09,CTR
BKG00003065,7930,CUS0007392,2024-01-18,CTR
BKG00003066,10193,CUS0009486,2023-08-08,WEB
BKG00003067,16015,CUS0014870,2023-08-08,WEB
BKG00003068,11490,CUS0010690,2025-12-18,OTA
BKG00003069,3288,CUS0003068,2025-03-15,CTR
BKG00003070,10663,CUS0009925,2025-05-24,OTA
BKG00003071,2541,CUS0002368,2026-01-24,MOB
BKG00003072,2303,CUS0002148,2025-02-08,OTA
BKG00003073,6086,CUS0005672,2025-08-26,AGT
BKG00003074,4658,CUS0004339,2026-04-07,MOB
BKG00003075,11383,CUS0010589,2024-05-20,MOB
BKG00003076,4531,CUS0004222,2025-10-15,CTR
BKG00003077,3006,CUS0002804,2024-10-17,AGT
BKG00003078,13650,CUS0012679,2025-03-17,MOB
BKG00003079,3058,CUS0002853,2024-04-26,AGT
BKG00003080,13814,CUS0012828,2025-12-23,WEB
BKG00003081,3039,CUS0002836,2025-10-29,AGT
BKG00003082,5320,CUS0004954,2023-06-05,MOB
BKG00003083,14036,CUS0013031,2024-09-24,WEB
BKG00003084,2481,CUS0002311,2023-07-14,OTA
BKG00003085,9059,CUS0008444,2024-02-25,AGT
BKG00003086,11206,CUS0010424,2023-07-25,MOB
BKG00003087,4329,CUS0004033,2024-03-02,AGT
BKG00003088,292,CUS0000272,2024-05-31,MOB
BKG00003089,7023,CUS0006552,2023-09-07,AGT
BKG00003090,1285,CUS0001197,2023-11-01,MOB
BKG00003091,2376,CUS0002214,2024-09-25,MOB
BKG00003092,8639,CUS0008050,2024-08-28,GDS
BKG00003093,12930,CUS0012026,2025-12-03,CTR
BKG00003094,260,CUS0000241,2026-01-26,OTA
BKG00003095,14505,CUS0013471,2024-06-15,AGT
BKG00003096,11861,CUS0011039,2024-09-04,AGT
BKG00003097,8505,CUS0007923,2024-12-15,AGT
BKG00003098,4637,CUS0004320,2023-09-27,OTA
BKG00003099,8730,CUS0008135,2024-06-20,AGT
BKG00003100,15326,CUS0014233,2025-07-10,MOB
BKG00003101,209,CUS0000196,2026-03-12,CTR
BKG00003102,11147,CUS0010370,2024-07-30,AGT
BKG00003103,9028,CUS0008414,2024-05-31,WEB
BKG00003104,2130,CUS0001983,2023-12-25,WEB
BKG00003105,14810,CUS0013759,2025-10-20,AGT
BKG00003106,7823,CUS0007290,2026-04-13,AGT
BKG00003107,12703,CUS0011816,2024-01-07,CTR
BKG00003108,235,CUS0000219,2025-03-10,AGT
BKG00003109,14741,CUS0013694,2025-03-15,CTR
BKG00003110,8582,CUS0007996,2024-09-28,GDS
BKG00003111,14555,CUS0013516,2024-01-21,GDS
BKG00003112,8451,CUS0007873,2024-09-13,CTR
BKG00003113,5364,CUS0004997,2025-03-06,OTA
BKG00003114,3623,CUS0003377,2026-02-28,MOB
BKG00003115,5115,CUS0004756,2025-05-19,AGT
BKG00003116,11461,CUS0010661,2025-05-28,MOB
BKG00003117,12844,CUS0011947,2025-02-08,MOB
BKG00003118,6165,CUS0005745,2024-01-18,AGT
BKG00003119,13694,CUS0012719,2025-10-29,GDS
BKG00003120,9007,CUS0008395,2025-07-27,OTA
BKG00003121,3851,CUS0003590,2024-04-27,GDS
BKG00003122,695,CUS0000646,2025-06-19,WEB
BKG00003123,11946,CUS0011123,2026-04-05,WEB
BKG00003124,8919,CUS0008314,2024-09-16,AGT
BKG00003125,810,CUS0000752,2025-05-05,MOB
BKG00003126,3476,CUS0003241,2025-04-02,AGT
BKG00003127,7001,CUS0006533,2025-09-26,WEB
BKG00003128,3595,CUS0003353,2026-05-23,GDS
BKG00003129,3738,CUS0003483,2024-07-10,GDS
BKG00003130,12421,CUS0011560,2024-03-01,OTA
BKG00003131,426,CUS0000394,2025-09-07,GDS
BKG00003132,390,CUS0000360,2024-10-20,OTA
BKG00003133,1062,CUS0000986,2025-12-23,MOB
BKG00003134,4279,CUS0003987,2024-05-09,AGT
BKG00003135,6573,CUS0006129,2023-11-29,WEB
BKG00003136,15855,CUS0014719,2026-03-01,WEB
BKG00003137,6937,CUS0006474,2023-10-11,MOB
BKG00003138,14107,CUS0013101,2026-01-26,AGT
BKG00003139,11628,CUS0010818,2025-04-12,GDS
BKG00003140,9786,CUS0009116,2025-05-28,OTA
BKG00003141,15304,CUS0014211,2025-04-30,OTA
BKG00003142,11973,CUS0011149,2024-01-14,GDS
BKG00003143,11004,CUS0010243,2025-04-13,MOB
BKG00003144,7250,CUS0006759,2024-05-18,MOB
BKG00003145,6176,CUS0005754,2024-02-23,MOB
BKG00003146,226,CUS0000211,2025-05-13,MOB
BKG00003147,4702,CUS0004381,2025-06-23,AGT
BKG00003148,11453,CUS0010653,2024-12-08,MOB
BKG00003149,14237,CUS0013222,2024-06-27,GDS
BKG00003150,13839,CUS0012852,2025-03-01,WEB
BKG00003151,2965,CUS0002766,2023-11-18,GDS
BKG00003152,14738,CUS0013691,2026-01-24,MOB
BKG00003153,3277,CUS0003057,2024-03-25,MOB
BKG00003154,7052,CUS0006578,2025-10-17,CTR
BKG00003155,10718,CUS0009976,2026-01-09,MOB
BKG00003156,15445,CUS0014343,2026-03-20,GDS
BKG00003157,2374,CUS0002212,2024-12-10,AGT
BKG00003158,9099,CUS0008480,2026-05-06,GDS
BKG00003159,461,CUS0000427,2024-08-06,MOB
BKG00003160,3239,CUS0003022,2024-09-27,CTR
BKG00003161,5321,CUS0004955,2025-12-11,AGT
BKG00003162,248,CUS0000231,2025-08-28,WEB
BKG00003163,10341,CUS0009625,2024-11-17,AGT
BKG00003164,8603,CUS0008016,2024-07-14,OTA
BKG00003165,1434,CUS0001332,2024-09-24,WEB
BKG00003166,66,CUS0000061,2023-09-06,MOB
BKG00003167,10008,CUS0009316,2024-12-12,MOB
BKG00003168,10657,CUS0009919,2023-10-02,AGT
BKG00003169,14966,CUS0013903,2024-01-05,AGT
BKG00003170,4652,CUS0004334,2026-03-16,WEB
BKG00003171,10117,CUS0009417,2026-04-20,CTR
BKG00003172,7256,CUS0006765,2026-03-31,OTA
BKG00003173,7345,CUS0006849,2024-07-22,GDS
BKG00003174,15059,CUS0013990,2023-07-01,CTR
BKG00003175,10003,CUS0009311,2024-01-25,OTA
BKG00003176,11124,CUS0010349,2026-04-03,GDS
BKG00003177,4829,CUS0004500,2025-12-25,AGT
BKG00003178,6241,CUS0005816,2024-12-12,CTR
BKG00003179,11871,CUS0011049,2024-07-06,CTR
BKG00003180,11613,CUS0010803,2026-01-10,WEB
BKG00003181,13378,CUS0012430,2025-10-27,GDS
BKG00003182,1132,CUS0001050,2026-03-13,MOB
BKG00003183,15461,CUS0014358,2025-06-06,WEB
BKG00003184,3905,CUS0003641,2023-08-29,MOB
BKG00003185,15755,CUS0014627,2024-06-04,CTR
BKG00003186,2551,CUS0002377,2023-11-13,CTR
BKG00003187,5141,CUS0004782,2023-09-30,OTA
BKG00003188,3051,CUS0002847,2025-11-29,AGT
BKG00003189,2926,CUS0002731,2025-09-17,WEB
BKG00003190,3727,CUS0003474,2023-07-22,CTR
BKG00003191,5150,CUS0004791,2025-10-11,AGT
BKG00003192,3582,CUS0003341,2025-03-08,MOB
BKG00003193,2245,CUS0002094,2023-11-12,WEB
BKG00003194,13592,CUS0012626,2024-08-12,MOB
BKG00003195,15496,CUS0014391,2025-02-28,MOB
BKG00003196,13494,CUS0012537,2025-04-25,WEB
BKG00003197,15596,CUS0014484,2025-07-18,WEB
BKG00003198,11387,CUS0010593,2025-02-22,WEB
BKG00003199,5098,CUS0004741,2023-11-11,AGT
BKG00003200,2908,CUS0002714,2024-05-12,CTR
BKG00003201,5817,CUS0005421,2024-11-08,GDS
BKG00003202,25,CUS0000024,2023-12-31,MOB
BKG00003203,513,CUS0000474,2025-11-13,MOB
BKG00003204,10497,CUS0009769,2025-03-14,MOB
BKG00003205,12014,CUS0011183,2024-06-29,WEB
BKG00003206,10234,CUS0009525,2026-04-27,OTA
BKG00003207,15363,CUS0014268,2024-07-05,CTR
BKG00003208,8623,CUS0008035,2025-09-24,AGT
BKG00003209,3206,CUS0002993,2024-05-02,WEB
BKG00003210,2981,CUS0002782,2024-12-19,WEB
BKG00003211,13575,CUS0012613,2025-02-03,GDS
BKG00003212,6252,CUS0005826,2024-08-12,MOB
BKG00003213,889,CUS0000823,2024-09-21,WEB
BKG00003214,14789,CUS0013738,2023-09-04,AGT
BKG00003215,3024,CUS0002822,2024-09-07,OTA
BKG00003216,6279,CUS0005853,2024-11-11,GDS
BKG00003217,10457,CUS0009733,2023-12-27,MOB
BKG00003218,1480,CUS0001374,2024-10-07,CTR
BKG00003219,7601,CUS0007083,2026-05-15,WEB
BKG00003220,7654,CUS0007130,2025-04-16,AGT
BKG00003221,2846,CUS0002656,2025-10-07,MOB
BKG00003222,14400,CUS0013370,2024-05-28,AGT
BKG00003223,13908,CUS0012913,2024-01-10,WEB
BKG00003224,4672,CUS0004353,2025-08-30,MOB
BKG00003225,9265,CUS0008631,2023-09-24,GDS
BKG00003226,4954,CUS0004612,2024-07-14,OTA
BKG00003227,4059,CUS0003785,2026-01-14,GDS
BKG00003228,15016,CUS0013950,2025-08-19,MOB
BKG00003229,124,CUS0000115,2023-08-17,OTA
BKG00003230,4007,CUS0003736,2026-03-29,OTA
BKG00003231,10839,CUS0010091,2026-04-05,GDS
BKG00003232,2322,CUS0002165,2026-01-08,GDS
BKG00003233,7269,CUS0006778,2023-09-02,MOB
BKG00003234,253,CUS0000235,2024-12-06,WEB
BKG00003235,12961,CUS0012054,2026-05-06,CTR
BKG00003236,8619,CUS0008031,2023-11-20,GDS
BKG00003237,13481,CUS0012525,2023-12-19,MOB
BKG00003238,13627,CUS0012658,2025-07-01,AGT
BKG00003239,3276,CUS0003056,2023-11-19,OTA
BKG00003240,2411,CUS0002248,2023-06-13,GDS
BKG00003241,11571,CUS0010763,2025-07-14,MOB
BKG00003242,10690,CUS0009949,2024-07-25,GDS
BKG00003243,15953,CUS0014811,2025-02-21,GDS
BKG00003244,8544,CUS0007960,2025-04-25,OTA
BKG00003245,9662,CUS0009001,2026-01-22,CTR
BKG00003246,1564,CUS0001453,2024-08-13,MOB
BKG00003247,10178,CUS0009473,2024-05-19,WEB
BKG00003248,4822,CUS0004494,2025-03-23,MOB
BKG00003249,15401,CUS0014304,2026-03-03,WEB
BKG00003250,4059,CUS0003785,2026-02-26,GDS
BKG00003251,6369,CUS0005939,2024-08-16,GDS
BKG00003252,10841,CUS0010092,2026-01-20,OTA
BKG00003253,1105,CUS0001026,2024-05-13,OTA
BKG00003254,4366,CUS0004067,2024-03-16,WEB
BKG00003255,14745,CUS0013698,2023-10-14,OTA
BKG00003256,515,CUS0000476,2023-06-10,WEB
BKG00003257,4124,CUS0003844,2026-01-19,CTR
BKG00003258,9290,CUS0008653,2025-02-25,CTR
BKG00003259,8294,CUS0007728,2025-08-16,AGT
BKG00003260,9873,CUS0009192,2025-02-11,OTA
BKG00003261,2840,CUS0002651,2024-05-01,CTR
BKG00003262,6470,CUS0006029,2024-07-12,MOB
BKG00003263,12506,CUS0011638,2023-06-18,MOB
BKG00003264,12694,CUS0011807,2024-12-13,GDS
BKG00003265,1824,CUS0001693,2024-03-13,CTR
BKG00003266,10319,CUS0009604,2024-05-15,OTA
BKG00003267,15665,CUS0014545,2024-06-01,MOB
BKG00003268,9421,CUS0008777,2024-05-27,OTA
BKG00003269,207,CUS0000195,2023-10-01,CTR
BKG00003270,12284,CUS0011436,2024-10-14,AGT
BKG00003271,9377,CUS0008734,2025-08-14,CTR
BKG00003272,6448,CUS0006011,2024-06-20,GDS
BKG00003273,11851,CUS0011029,2026-05-01,MOB
BKG00003274,8822,CUS0008221,2025-12-09,WEB
BKG00003275,3213,CUS0003000,2025-07-20,AGT
BKG00003276,9585,CUS0008931,2024-08-14,OTA
BKG00003277,2612,CUS0002435,2026-04-28,WEB
BKG00003278,2670,CUS0002490,2026-04-21,WEB
BKG00003279,865,CUS0000801,2025-02-22,OTA
BKG00003280,11301,CUS0010513,2025-02-16,WEB
BKG00003281,7097,CUS0006622,2026-02-08,OTA
BKG00003282,9748,CUS0009081,2024-03-13,AGT
BKG00003283,6320,CUS0005893,2025-10-03,AGT
BKG00003284,1637,CUS0001523,2023-06-03,OTA
BKG00003285,6189,CUS0005767,2023-06-11,CTR
BKG00003286,15104,CUS0014032,2024-10-23,GDS
BKG00003287,4605,CUS0004288,2025-09-17,CTR
BKG00003288,8390,CUS0007816,2024-05-31,WEB
BKG00003289,3308,CUS0003086,2023-08-21,MOB
BKG00003290,2131,CUS0001984,2025-06-17,CTR
BKG00003291,8147,CUS0007590,2023-09-25,WEB
BKG00003292,4203,CUS0003916,2024-11-26,CTR
BKG00003293,6452,CUS0006015,2025-08-22,AGT
BKG00003294,721,CUS0000670,2024-03-20,AGT
BKG00003295,11741,CUS0010925,2024-05-14,CTR
BKG00003296,13790,CUS0012807,2025-03-07,CTR
BKG00003297,9630,CUS0008971,2025-03-21,CTR
BKG00003298,4919,CUS0004579,2023-10-11,MOB
BKG00003299,13937,CUS0012940,2023-10-15,MOB
BKG00003300,11752,CUS0010936,2024-04-07,OTA
BKG00003301,10871,CUS0010121,2025-02-04,OTA
BKG00003302,154,CUS0000144,2024-04-29,MOB
BKG00003303,12924,CUS0012022,2024-02-29,WEB
BKG00003304,7238,CUS0006748,2025-10-12,CTR
BKG00003305,9509,CUS0008859,2025-08-27,AGT
BKG00003306,798,CUS0000741,2023-07-19,GDS
BKG00003307,9704,CUS0009041,2025-09-04,WEB
BKG00003308,3999,CUS0003728,2026-04-17,OTA
BKG00003309,11053,CUS0010287,2026-03-08,GDS
BKG00003310,3584,CUS0003343,2025-11-29,AGT
BKG00003311,12533,CUS0011664,2023-10-03,GDS
BKG00003312,15181,CUS0014100,2024-03-10,MOB
BKG00003313,2512,CUS0002341,2025-01-29,OTA
BKG00003314,12056,CUS0011224,2025-01-03,OTA
BKG00003315,7608,CUS0007090,2024-08-06,MOB
BKG00003316,7540,CUS0007026,2025-09-27,OTA
BKG00003317,6392,CUS0005961,2026-04-22,GDS
BKG00003318,2141,CUS0001994,2023-07-21,OTA
BKG00003319,11718,CUS0010904,2025-07-01,GDS
BKG00003320,11570,CUS0010762,2026-04-18,GDS
BKG00003321,2254,CUS0002103,2026-02-07,MOB
BKG00003322,5942,CUS0005538,2025-10-23,AGT
BKG00003323,6054,CUS0005642,2024-02-17,WEB
BKG00003324,8438,CUS0007861,2024-03-20,MOB
BKG00003325,8117,CUS0007560,2024-04-23,OTA
BKG00003326,12118,CUS0011283,2024-07-30,CTR
BKG00003327,5220,CUS0004859,2023-10-08,GDS
BKG00003328,10476,CUS0009751,2024-05-27,AGT
BKG00003329,3262,CUS0003043,2026-04-12,GDS
BKG00003330,756,CUS0000703,2024-05-05,OTA
BKG00003331,10195,CUS0009488,2024-02-22,CTR
BKG00003332,4668,CUS0004349,2024-02-05,OTA
BKG00003333,6636,CUS0006192,2026-05-22,WEB
BKG00003334,7907,CUS0007370,2024-10-06,MOB
BKG00003335,5550,CUS0005167,2023-07-18,MOB
BKG00003336,7052,CUS0006578,2025-08-16,WEB
BKG00003337,7363,CUS0006865,2025-01-23,AGT
BKG00003338,8799,CUS0008199,2024-08-27,OTA
BKG00003339,5122,CUS0004763,2024-12-26,GDS
BKG00003340,12926,CUS0012023,2025-04-02,AGT
BKG00003341,48,CUS0000045,2025-03-02,GDS
BKG00003342,12742,CUS0011853,2024-05-13,AGT
BKG00003343,8604,CUS0008017,2024-03-05,OTA
BKG00003344,84,CUS0000078,2025-12-07,CTR
BKG00003345,13046,CUS0012131,2026-04-29,WEB
BKG00003346,12033,CUS0011201,2023-07-23,MOB
BKG00003347,6773,CUS0006318,2026-05-21,WEB
BKG00003348,2697,CUS0002515,2025-08-07,AGT
BKG00003349,8916,CUS0008311,2025-12-26,GDS
BKG00003350,11232,CUS0010449,2025-11-13,WEB
BKG00003351,414,CUS0000383,2024-09-25,AGT
BKG00003352,16101,CUS0014948,2024-09-08,GDS
BKG00003353,13346,CUS0012400,2026-02-07,WEB
BKG00003354,1898,CUS0001764,2026-01-06,WEB
BKG00003355,7542,CUS0007028,2024-05-10,OTA
BKG00003356,8942,CUS0008335,2025-08-04,WEB
BKG00003357,15719,CUS0014596,2024-04-26,MOB
BKG00003358,13698,CUS0012723,2023-10-07,MOB
BKG00003359,2548,CUS0002375,2025-07-04,OTA
BKG00003360,11853,CUS0011031,2023-09-28,CTR
BKG00003361,6968,CUS0006503,2024-01-20,CTR
BKG00003362,10938,CUS0010181,2025-07-05,AGT
BKG00003363,15938,CUS0014796,2026-02-26,CTR
BKG00003364,282,CUS0000263,2024-11-01,WEB
BKG00003365,13644,CUS0012674,2023-05-30,CTR
BKG00003366,9418,CUS0008774,2025-05-14,WEB
BKG00003367,5014,CUS0004664,2025-05-11,CTR
BKG00003368,5293,CUS0004928,2025-02-06,CTR
BKG00003369,11198,CUS0010416,2025-06-10,CTR
BKG00003370,5471,CUS0005093,2025-05-03,GDS
BKG00003371,12083,CUS0011250,2024-06-25,OTA
BKG00003372,4612,CUS0004295,2025-04-30,WEB
BKG00003373,12314,CUS0011463,2026-04-18,WEB
BKG00003374,3165,CUS0002954,2025-11-02,OTA
BKG00003375,12620,CUS0011739,2023-11-13,MOB
BKG00003376,2540,CUS0002367,2024-02-18,CTR
BKG00003377,7226,CUS0006737,2024-02-25,WEB
BKG00003378,7463,CUS0006955,2024-05-29,CTR
BKG00003379,1453,CUS0001350,2026-05-18,MOB
BKG00003380,13880,CUS0012888,2023-07-13,CTR
BKG00003381,3181,CUS0002969,2024-09-16,AGT
BKG00003382,2109,CUS0001964,2025-01-23,GDS
BKG00003383,12533,CUS0011664,2025-12-17,MOB
BKG00003384,13075,CUS0012155,2025-05-23,CTR
BKG00003385,5507,CUS0005126,2023-09-17,MOB
BKG00003386,12099,CUS0011265,2024-01-30,WEB
BKG00003387,9825,CUS0009149,2023-06-18,GDS
BKG00003388,7570,CUS0007055,2026-03-24,GDS
BKG00003389,9092,CUS0008473,2025-10-20,MOB
BKG00003390,3724,CUS0003472,2026-03-08,AGT
BKG00003391,10220,CUS0009512,2023-12-07,GDS
BKG00003392,8496,CUS0007914,2023-09-05,OTA
BKG00003393,7559,CUS0007045,2025-09-16,AGT
BKG00003394,7981,CUS0007441,2026-05-17,GDS
BKG00003395,12467,CUS0011603,2025-11-16,OTA
BKG00003396,10294,CUS0009582,2023-12-08,OTA
BKG00003397,12053,CUS0011221,2023-11-02,CTR
BKG00003398,6974,CUS0006509,2025-05-30,MOB
BKG00003399,7909,CUS0007372,2025-09-10,CTR
BKG00003400,8309,CUS0007739,2025-01-02,AGT
BKG00003401,11627,CUS0010817,2024-10-28,CTR
BKG00003402,6146,CUS0005728,2025-03-23,OTA
BKG00003403,10383,CUS0009663,2025-11-13,AGT
BKG00003404,7819,CUS0007286,2025-02-11,WEB
BKG00003405,15748,CUS0014621,2023-12-09,WEB
BKG00003406,13580,CUS0012617,2024-06-30,CTR
BKG00003407,10921,CUS0010165,2024-10-03,GDS
BKG00003408,12234,CUS0011392,2024-11-13,MOB
BKG00003409,4968,CUS0004625,2025-08-28,AGT
BKG00003410,9119,CUS0008499,2026-04-03,WEB
BKG00003411,9325,CUS0008687,2023-08-30,AGT
BKG00003412,7802,CUS0007269,2024-04-12,WEB
BKG00003413,7620,CUS0007102,2024-12-29,MOB
BKG00003414,3827,CUS0003567,2024-10-19,GDS
BKG00003415,11083,CUS0010315,2024-12-27,CTR
BKG00003416,14790,CUS0013739,2026-01-22,GDS
BKG00003417,4605,CUS0004288,2025-07-18,GDS
BKG00003418,2683,CUS0002503,2025-07-26,AGT
BKG00003419,7237,CUS0006747,2024-02-04,GDS
BKG00003420,12706,CUS0011819,2023-07-15,MOB
BKG00003421,2881,CUS0002689,2024-07-14,GDS
BKG00003422,13161,CUS0012234,2026-03-26,CTR
BKG00003423,1928,CUS0001794,2024-04-28,MOB
BKG00003424,7325,CUS0006831,2025-01-08,WEB
BKG00003425,5921,CUS0005518,2023-08-17,AGT
BKG00003426,12892,CUS0011994,2025-06-22,CTR
BKG00003427,3905,CUS0003641,2024-04-30,GDS
BKG00003428,5430,CUS0005055,2023-12-09,WEB
BKG00003429,8498,CUS0007916,2023-09-30,AGT
BKG00003430,6878,CUS0006420,2024-11-02,MOB
BKG00003431,811,CUS0000753,2026-04-07,AGT
BKG00003432,11091,CUS0010322,2025-03-06,MOB
BKG00003433,11838,CUS0011017,2024-10-28,CTR
BKG00003434,2716,CUS0002534,2025-11-01,AGT
BKG00003435,513,CUS0000474,2026-04-05,GDS
BKG00003436,5410,CUS0005038,2023-11-04,AGT
BKG00003437,10338,CUS0009622,2024-11-24,OTA
BKG00003438,12501,CUS0011633,2023-08-12,CTR
BKG00003439,7178,CUS0006696,2024-03-22,MOB
BKG00003440,13058,CUS0012141,2025-11-26,OTA
BKG00003441,1572,CUS0001460,2023-07-01,AGT
BKG00003442,4326,CUS0004030,2026-02-01,MOB
BKG00003443,4923,CUS0004583,2024-08-29,OTA
BKG00003444,10565,CUS0009830,2025-01-29,AGT
BKG00003445,1913,CUS0001779,2026-03-02,AGT
BKG00003446,2266,CUS0002114,2024-01-08,MOB
BKG00003447,11922,CUS0011100,2023-06-15,WEB
BKG00003448,5029,CUS0004679,2025-05-24,AGT
BKG00003449,12024,CUS0011193,2026-03-09,WEB
BKG00003450,4739,CUS0004417,2023-07-28,MOB
BKG00003451,1444,CUS0001341,2025-11-10,OTA
BKG00003452,9152,CUS0008530,2026-04-11,MOB
BKG00003453,6025,CUS0005615,2023-07-17,OTA
BKG00003454,13703,CUS0012728,2024-02-16,OTA
BKG00003455,12965,CUS0012058,2026-03-09,AGT
BKG00003456,14172,CUS0013163,2024-09-12,WEB
BKG00003457,4415,CUS0004113,2025-05-19,MOB
BKG00003458,5382,CUS0005013,2026-03-08,MOB
BKG00003459,9530,CUS0008878,2024-05-06,MOB
BKG00003460,6072,CUS0005658,2025-01-18,WEB
BKG00003461,1000,CUS0000928,2023-10-08,CTR
BKG00003462,12805,CUS0011910,2023-10-17,GDS
BKG00003463,11840,CUS0011019,2025-09-12,CTR
BKG00003464,15881,CUS0014744,2025-10-18,CTR
BKG00003465,2231,CUS0002080,2024-10-29,WEB
BKG00003466,6130,CUS0005713,2025-12-29,WEB
BKG00003467,1059,CUS0000983,2023-09-19,MOB
BKG00003468,4418,CUS0004116,2024-09-13,AGT
BKG00003469,13688,CUS0012713,2024-07-14,WEB
BKG00003470,6323,CUS0005896,2023-11-14,CTR
BKG00003471,5337,CUS0004971,2024-01-22,CTR
BKG00003472,13778,CUS0012796,2024-08-30,AGT
BKG00003473,13434,CUS0012481,2025-02-10,MOB
BKG00003474,12649,CUS0011765,2023-12-09,CTR
BKG00003475,3297,CUS0003076,2025-05-08,OTA
BKG00003476,10209,CUS0009501,2026-01-09,OTA
BKG00003477,2676,CUS0002496,2026-02-25,CTR
BKG00003478,4344,CUS0004046,2024-07-14,OTA
BKG00003479,14669,CUS0013626,2023-12-14,MOB
BKG00003480,7783,CUS0007251,2024-07-13,WEB
BKG00003481,7368,CUS0006870,2024-05-03,WEB
BKG00003482,7844,CUS0007309,2025-12-06,GDS
BKG00003483,11396,CUS0010601,2025-03-29,AGT
BKG00003484,11432,CUS0010634,2023-10-23,WEB
BKG00003485,4837,CUS0004507,2025-06-11,CTR
BKG00003486,14680,CUS0013637,2026-05-19,GDS
BKG00003487,6955,CUS0006490,2024-04-02,OTA
BKG00003488,2511,CUS0002340,2025-01-13,MOB
BKG00003489,6947,CUS0006483,2026-04-05,CTR
BKG00003490,1884,CUS0001751,2023-12-02,GDS
BKG00003491,15596,CUS0014484,2023-12-28,AGT
BKG00003492,824,CUS0000763,2023-07-22,MOB
BKG00003493,13774,CUS0012793,2026-04-04,MOB
BKG00003494,5501,CUS0005120,2026-03-18,MOB
BKG00003495,3198,CUS0002985,2025-04-10,MOB
BKG00003496,4976,CUS0004630,2026-02-17,WEB
BKG00003497,8084,CUS0007529,2026-01-06,AGT
BKG00003498,8038,CUS0007489,2024-01-09,CTR
BKG00003499,12577,CUS0011703,2024-10-22,MOB
BKG00003500,13454,CUS0012500,2025-12-05,AGT
BKG00003501,13179,CUS0012248,2023-06-10,WEB
BKG00003502,11891,CUS0011069,2024-03-24,WEB
BKG00003503,8053,CUS0007503,2024-04-24,WEB
BKG00003504,635,CUS0000591,2025-11-30,OTA
BKG00003505,2856,CUS0002665,2023-10-21,OTA
BKG00003506,5531,CUS0005149,2026-01-22,CTR
BKG00003507,6906,CUS0006446,2025-11-25,WEB
BKG00003508,10935,CUS0010179,2024-03-03,WEB
BKG00003509,1666,CUS0001550,2025-03-10,MOB
BKG00003510,13271,CUS0012333,2024-02-06,GDS
BKG00003511,14997,CUS0013931,2024-12-05,WEB
BKG00003512,8466,CUS0007888,2025-11-17,MOB
BKG00003513,14824,CUS0013771,2024-12-03,WEB
BKG00003514,9907,CUS0009225,2024-01-14,AGT
BKG00003515,9460,CUS0008816,2025-09-17,OTA
BKG00003516,16004,CUS0014859,2024-01-01,WEB
BKG00003517,2745,CUS0002563,2026-04-17,GDS
BKG00003518,13675,CUS0012701,2025-10-02,WEB
BKG00003519,11323,CUS0010535,2023-10-10,CTR
BKG00003520,4766,CUS0004442,2024-03-23,MOB
BKG00003521,1604,CUS0001490,2026-04-06,OTA
BKG00003522,2986,CUS0002787,2025-02-06,WEB
BKG00003523,1630,CUS0001516,2024-02-19,CTR
BKG00003524,14389,CUS0013361,2023-06-29,CTR
BKG00003525,14618,CUS0013577,2026-01-06,GDS
BKG00003526,2159,CUS0002011,2023-06-13,GDS
BKG00003527,9194,CUS0008568,2023-10-07,GDS
BKG00003528,12702,CUS0011815,2025-11-20,MOB
BKG00003529,6066,CUS0005653,2026-04-04,AGT
BKG00003530,7064,CUS0006589,2025-12-15,AGT
BKG00003531,14916,CUS0013854,2024-05-25,WEB
BKG00003532,6473,CUS0006032,2026-01-28,GDS
BKG00003533,4235,CUS0003945,2026-01-17,GDS
BKG00003534,9770,CUS0009100,2024-04-09,CTR
BKG00003535,6999,CUS0006531,2025-05-25,OTA
BKG00003536,11783,CUS0010963,2023-08-05,GDS
BKG00003537,11195,CUS0010413,2023-09-28,AGT
BKG00003538,5944,CUS0005540,2025-01-10,AGT
BKG00003539,315,CUS0000292,2024-11-08,OTA
BKG00003540,13392,CUS0012442,2026-02-26,OTA
BKG00003541,6599,CUS0006155,2023-06-23,CTR
BKG00003542,6799,CUS0006344,2025-06-29,WEB
BKG00003543,13503,CUS0012545,2024-01-27,AGT
BKG00003544,7287,CUS0006794,2023-09-09,MOB
BKG00003545,9103,CUS0008484,2025-03-08,OTA
BKG00003546,4004,CUS0003733,2025-04-14,GDS
BKG00003547,14439,CUS0013408,2023-09-30,AGT
BKG00003548,11619,CUS0010809,2024-01-15,AGT
BKG00003549,8579,CUS0007993,2023-07-04,OTA
BKG00003550,10646,CUS0009908,2026-05-01,MOB
BKG00003551,9831,CUS0009154,2023-09-20,AGT
BKG00003552,14173,CUS0013164,2026-05-11,WEB
BKG00003553,9298,CUS0008661,2025-08-06,GDS
BKG00003554,1344,CUS0001251,2026-03-21,WEB
BKG00003555,14387,CUS0013359,2026-01-23,AGT
BKG00003556,3542,CUS0003305,2026-03-22,AGT
BKG00003557,7219,CUS0006732,2024-08-19,MOB
BKG00003558,6167,CUS0005747,2025-11-20,OTA
BKG00003559,3359,CUS0003132,2024-02-02,WEB
BKG00003560,4088,CUS0003809,2026-01-16,MOB
BKG00003561,2071,CUS0001927,2025-02-15,WEB
BKG00003562,12226,CUS0011384,2026-03-06,MOB
BKG00003563,12086,CUS0011253,2024-09-04,GDS
BKG00003564,13141,CUS0012215,2024-07-07,WEB
BKG00003565,7682,CUS0007157,2025-09-12,AGT
BKG00003566,13949,CUS0012950,2024-07-27,OTA
BKG00003567,5630,CUS0005244,2023-08-18,OTA
BKG00003568,8444,CUS0007867,2024-04-12,CTR
BKG00003569,13928,CUS0012932,2026-03-06,MOB
BKG00003570,15832,CUS0014697,2025-12-18,CTR
BKG00003571,13143,CUS0012216,2023-11-08,AGT
BKG00003572,9977,CUS0009286,2025-06-11,WEB
BKG00003573,4912,CUS0004573,2024-05-08,CTR
BKG00003574,8337,CUS0007765,2024-10-26,CTR
BKG00003575,12562,CUS0011691,2023-10-26,WEB
BKG00003576,320,CUS0000297,2025-07-02,MOB
BKG00003577,705,CUS0000655,2023-12-05,AGT
BKG00003578,3688,CUS0003437,2023-07-12,MOB
BKG00003579,14620,CUS0013579,2025-01-16,GDS
BKG00003580,10348,CUS0009632,2023-06-05,CTR
BKG00003581,2038,CUS0001895,2024-08-14,GDS
BKG00003582,1248,CUS0001163,2024-07-03,CTR
BKG00003583,5886,CUS0005487,2025-04-12,AGT
BKG00003584,26,CUS0000025,2023-12-20,MOB
BKG00003585,10844,CUS0010095,2024-05-17,GDS
BKG00003586,7002,CUS0006534,2025-11-22,GDS
BKG00003587,926,CUS0000858,2026-04-24,GDS
BKG00003588,4526,CUS0004217,2025-06-26,OTA
BKG00003589,14939,CUS0013877,2026-04-03,WEB
BKG00003590,10521,CUS0009790,2023-06-24,MOB
BKG00003591,13397,CUS0012447,2025-11-12,WEB
BKG00003592,12356,CUS0011501,2025-01-31,OTA
BKG00003593,8462,CUS0007884,2025-09-21,GDS
BKG00003594,7484,CUS0006975,2024-11-01,AGT
BKG00003595,11424,CUS0010627,2026-04-26,WEB
BKG00003596,5127,CUS0004768,2025-03-15,WEB
BKG00003597,6730,CUS0006279,2025-08-05,CTR
BKG00003598,13057,CUS0012140,2024-02-22,MOB
BKG00003599,6878,CUS0006420,2026-02-12,WEB
BKG00003600,771,CUS0000715,2025-12-08,OTA
BKG00003601,5006,CUS0004657,2023-10-16,MOB
BKG00003602,9818,CUS0009142,2023-11-05,GDS
BKG00003603,3778,CUS0003521,2025-04-17,OTA
BKG00003604,8591,CUS0008004,2024-06-24,OTA
BKG00003605,677,CUS0000628,2026-03-26,CTR
BKG00003606,8853,CUS0008251,2025-11-05,AGT
BKG00003607,5930,CUS0005527,2024-03-13,WEB
BKG00003608,7795,CUS0007262,2023-10-23,OTA
BKG00003609,4670,CUS0004351,2026-05-22,OTA
BKG00003610,5112,CUS0004753,2023-08-10,WEB
BKG00003611,4283,CUS0003990,2025-10-13,CTR
BKG00003612,9599,CUS0008944,2025-01-28,MOB
BKG00003613,5562,CUS0005178,2025-06-02,CTR
BKG00003614,11427,CUS0010630,2024-09-12,MOB
BKG00003615,12662,CUS0011777,2025-11-19,MOB
BKG00003616,13686,CUS0012711,2023-11-01,AGT
BKG00003617,6180,CUS0005758,2026-04-08,OTA
BKG00003618,2543,CUS0002370,2025-08-01,GDS
BKG00003619,4008,CUS0003737,2024-05-21,GDS
BKG00003620,3613,CUS0003369,2025-10-19,MOB
BKG00003621,9416,CUS0008772,2025-05-06,WEB
BKG00003622,14965,CUS0013902,2023-09-07,GDS
BKG00003623,13477,CUS0012521,2025-09-05,WEB
BKG00003624,8711,CUS0008116,2024-04-09,GDS
BKG00003625,10871,CUS0010121,2024-09-25,CTR
BKG00003626,9009,CUS0008397,2023-08-29,CTR
BKG00003627,792,CUS0000735,2024-04-08,OTA
BKG00003628,15012,CUS0013946,2023-07-08,MOB
BKG00003629,9398,CUS0008754,2025-04-20,AGT
BKG00003630,1526,CUS0001417,2023-07-01,WEB
BKG00003631,181,CUS0000169,2025-07-06,GDS
BKG00003632,3793,CUS0003535,2023-12-13,WEB
BKG00003633,47,CUS0000044,2023-08-09,OTA
BKG00003634,10496,CUS0009768,2024-12-19,AGT
BKG00003635,12993,CUS0012083,2026-03-20,OTA
BKG00003636,495,CUS0000458,2024-02-05,GDS
BKG00003637,13798,CUS0012814,2023-07-06,GDS
BKG00003638,2187,CUS0002039,2025-03-15,OTA
BKG00003639,84,CUS0000078,2025-04-17,AGT
BKG00003640,4624,CUS0004307,2024-02-01,CTR
BKG00003641,7543,CUS0007029,2025-01-16,CTR
BKG00003642,8221,CUS0007660,2023-11-25,WEB
BKG00003643,15202,CUS0014118,2023-10-28,AGT
BKG00003644,7625,CUS0007106,2023-07-09,CTR
BKG00003645,1048,CUS0000973,2026-04-20,GDS
BKG00003646,13843,CUS0012855,2025-07-22,MOB
BKG00003647,15111,CUS0014039,2024-03-07,MOB
BKG00003648,9786,CUS0009116,2025-02-23,MOB
BKG00003649,14113,CUS0013107,2023-10-10,WEB
BKG00003650,1005,CUS0000933,2025-09-30,CTR
BKG00003651,3190,CUS0002978,2025-05-17,WEB
BKG00003652,815,CUS0000756,2026-05-19,CTR
BKG00003653,1897,CUS0001763,2024-10-05,WEB
BKG00003654,4908,CUS0004569,2023-09-30,CTR
BKG00003655,12703,CUS0011816,2025-01-22,CTR
BKG00003656,10595,CUS0009859,2023-10-06,MOB
BKG00003657,2062,CUS0001918,2025-10-06,AGT
BKG00003658,6707,CUS0006257,2023-07-17,CTR
BKG00003659,6137,CUS0005719,2023-08-02,WEB
BKG00003660,10102,CUS0009404,2024-03-10,CTR
BKG00003661,14815,CUS0013763,2026-03-12,CTR
BKG00003662,4919,CUS0004579,2025-03-07,GDS
BKG00003663,10950,CUS0010193,2024-08-06,MOB
BKG00003664,10806,CUS0010059,2025-09-22,CTR
BKG00003665,14763,CUS0013715,2025-04-27,AGT
BKG00003666,3862,CUS0003601,2026-04-13,AGT
BKG00003667,6763,CUS0006308,2026-02-09,OTA
BKG00003668,15955,CUS0014813,2025-05-15,GDS
BKG00003669,10600,CUS0009863,2026-03-09,WEB
BKG00003670,11069,CUS0010303,2024-10-11,GDS
BKG00003671,11175,CUS0010394,2026-01-25,WEB
BKG00003672,246,CUS0000229,2023-07-31,CTR
BKG00003673,7513,CUS0007002,2024-02-28,WEB
BKG00003674,3882,CUS0003620,2025-10-04,MOB
BKG00003675,9138,CUS0008517,2024-01-16,AGT
BKG00003676,2726,CUS0002544,2024-02-02,MOB
BKG00003677,12029,CUS0011198,2025-11-25,MOB
BKG00003678,9720,CUS0009056,2024-12-31,AGT
BKG00003679,12450,CUS0011587,2025-05-19,MOB
BKG00003680,3207,CUS0002994,2024-07-24,MOB
BKG00003681,6572,CUS0006128,2025-08-24,MOB
BKG00003682,8061,CUS0007510,2023-10-18,OTA
BKG00003683,5729,CUS0005339,2024-06-22,AGT
BKG00003684,8735,CUS0008140,2024-11-19,MOB
BKG00003685,8179,CUS0007620,2025-02-16,AGT
BKG00003686,657,CUS0000609,2023-05-31,OTA
BKG00003687,10777,CUS0010031,2025-02-17,MOB
BKG00003688,13302,CUS0012361,2025-11-06,AGT
BKG00003689,5580,CUS0005194,2024-12-14,WEB
BKG00003690,11461,CUS0010661,2025-08-08,WEB
BKG00003691,9560,CUS0008907,2025-05-02,AGT
BKG00003692,14786,CUS0013735,2024-07-21,CTR
BKG00003693,7813,CUS0007280,2025-05-05,MOB
BKG00003694,818,CUS0000759,2025-01-28,GDS
BKG00003695,10854,CUS0010105,2024-07-21,GDS
BKG00003696,6325,CUS0005898,2024-06-19,GDS
BKG00003697,8727,CUS0008132,2023-08-07,GDS
BKG00003698,8563,CUS0007978,2025-05-23,AGT
BKG00003699,13593,CUS0012627,2025-01-14,GDS
BKG00003700,9617,CUS0008959,2026-03-26,CTR
BKG00003701,8292,CUS0007726,2023-09-04,WEB
BKG00003702,3333,CUS0003109,2024-02-25,WEB
BKG00003703,9007,CUS0008395,2025-06-29,AGT
BKG00003704,4468,CUS0004165,2024-06-09,CTR
BKG00003705,3707,CUS0003456,2026-01-08,CTR
BKG00003706,8729,CUS0008134,2025-05-27,MOB
BKG00003707,26,CUS0000025,2026-02-08,WEB
BKG00003708,6878,CUS0006420,2023-12-05,AGT
BKG00003709,7475,CUS0006966,2025-01-11,MOB
BKG00003710,2285,CUS0002131,2025-03-05,CTR
BKG00003711,5882,CUS0005483,2023-08-03,GDS
BKG00003712,8931,CUS0008326,2026-01-06,CTR
BKG00003713,9513,CUS0008862,2025-10-29,GDS
BKG00003714,6222,CUS0005797,2026-03-08,GDS
BKG00003715,5458,CUS0005081,2024-08-06,CTR
BKG00003716,13631,CUS0012662,2025-11-19,CTR
BKG00003717,13430,CUS0012478,2025-10-13,MOB
BKG00003718,7038,CUS0006566,2025-11-09,GDS
BKG00003719,15079,CUS0014008,2023-06-17,AGT
BKG00003720,325,CUS0000300,2025-01-23,GDS
BKG00003721,13209,CUS0012277,2025-08-22,WEB
BKG00003722,9986,CUS0009295,2025-12-24,AGT
BKG00003723,14975,CUS0013912,2023-11-01,AGT
BKG00003724,8692,CUS0008099,2025-02-11,OTA
BKG00003725,144,CUS0000135,2024-03-07,WEB
BKG00003726,3827,CUS0003567,2025-11-13,CTR
BKG00003727,1355,CUS0001260,2024-08-06,AGT
BKG00003728,15550,CUS0014442,2025-07-14,OTA
BKG00003729,11416,CUS0010619,2026-01-05,WEB
BKG00003730,4526,CUS0004217,2025-11-09,MOB
BKG00003731,15438,CUS0014337,2024-02-14,CTR
BKG00003732,9513,CUS0008862,2023-08-13,WEB
BKG00003733,1557,CUS0001447,2023-11-21,OTA
BKG00003734,15001,CUS0013935,2023-06-10,MOB
BKG00003735,1234,CUS0001149,2024-03-06,OTA
BKG00003736,112,CUS0000104,2024-09-14,WEB
BKG00003737,13260,CUS0012323,2025-01-24,OTA
BKG00003738,12206,CUS0011365,2025-07-13,CTR
BKG00003739,3692,CUS0003441,2024-05-27,OTA
BKG00003740,11804,CUS0010983,2023-08-29,MOB
BKG00003741,5322,CUS0004956,2025-08-21,AGT
BKG00003742,9530,CUS0008878,2024-09-15,OTA
BKG00003743,11495,CUS0010694,2024-04-10,CTR
BKG00003744,5165,CUS0004806,2025-08-06,MOB
BKG00003745,5810,CUS0005414,2023-06-12,OTA
BKG00003746,6981,CUS0006516,2025-09-25,WEB
BKG00003747,4843,CUS0004513,2025-11-27,WEB
BKG00003748,12938,CUS0012034,2024-04-21,GDS
BKG00003749,9153,CUS0008531,2024-08-19,OTA
BKG00003750,3841,CUS0003581,2024-04-17,GDS
BKG00003751,6846,CUS0006390,2025-10-29,WEB
BKG00003752,1731,CUS0001607,2025-11-16,CTR
BKG00003753,13122,CUS0012198,2026-01-11,MOB
BKG00003754,3283,CUS0003063,2025-05-05,OTA
BKG00003755,8404,CUS0007829,2025-09-22,AGT
BKG00003756,10046,CUS0009351,2024-08-18,CTR
BKG00003757,2071,CUS0001927,2026-03-18,AGT
BKG00003758,6753,CUS0006299,2023-07-15,CTR
BKG00003759,6243,CUS0005818,2023-10-10,AGT
BKG00003760,11745,CUS0010929,2023-10-06,MOB
BKG00003761,11354,CUS0010563,2024-08-25,OTA
BKG00003762,2626,CUS0002449,2024-07-28,OTA
BKG00003763,11869,CUS0011047,2023-10-17,AGT
BKG00003764,7147,CUS0006669,2024-10-07,CTR
BKG00003765,3341,CUS0003116,2023-09-28,AGT
BKG00003766,7518,CUS0007006,2026-04-25,WEB
BKG00003767,4578,CUS0004265,2023-09-10,AGT
BKG00003768,3225,CUS0003011,2025-02-16,OTA
BKG00003769,10081,CUS0009384,2024-08-12,CTR
BKG00003770,379,CUS0000350,2025-11-16,OTA
BKG00003771,13059,CUS0012142,2025-04-01,AGT
BKG00003772,11885,CUS0011063,2025-03-01,AGT
BKG00003773,128,CUS0000119,2024-10-03,WEB
BKG00003774,10814,CUS0010067,2025-03-27,MOB
BKG00003775,10092,CUS0009394,2025-06-08,OTA
BKG00003776,12804,CUS0011909,2025-08-18,CTR
BKG00003777,10112,CUS0009413,2026-02-25,CTR
BKG00003778,1407,CUS0001306,2024-11-05,AGT
BKG00003779,13149,CUS0012222,2025-11-11,CTR
BKG00003780,12820,CUS0011924,2025-05-09,OTA
BKG00003781,4148,CUS0003865,2023-10-29,AGT
BKG00003782,3275,CUS0003055,2025-05-17,OTA
BKG00003783,14390,CUS0013362,2025-02-15,OTA
BKG00003784,15700,CUS0014578,2025-02-14,OTA
BKG00003785,8727,CUS0008132,2023-09-12,AGT
BKG00003786,5467,CUS0005090,2024-10-27,MOB
BKG00003787,5491,CUS0005112,2024-01-04,AGT
BKG00003788,3212,CUS0002999,2025-01-27,OTA
BKG00003789,10404,CUS0009682,2025-04-28,OTA
BKG00003790,11098,CUS0010328,2025-01-01,WEB
BKG00003791,2769,CUS0002584,2026-05-21,MOB
BKG00003792,9800,CUS0009126,2026-01-03,GDS
BKG00003793,13380,CUS0012431,2025-12-07,CTR
BKG00003794,5868,CUS0005470,2024-02-17,MOB
BKG00003795,10284,CUS0009573,2024-04-02,AGT
BKG00003796,3904,CUS0003640,2025-09-06,AGT
BKG00003797,12791,CUS0011898,2026-05-24,AGT
BKG00003798,8814,CUS0008213,2025-02-25,MOB
BKG00003799,1820,CUS0001689,2023-10-16,WEB
BKG00003800,7655,CUS0007131,2024-01-23,MOB
BKG00003801,9469,CUS0008825,2024-07-19,GDS
BKG00003802,9718,CUS0009054,2024-03-25,OTA
BKG00003803,2384,CUS0002222,2025-10-28,WEB
BKG00003804,12028,CUS0011197,2026-05-18,WEB
BKG00003805,699,CUS0000650,2023-06-12,AGT
BKG00003806,8039,CUS0007490,2024-01-03,MOB
BKG00003807,5910,CUS0005509,2026-04-09,CTR
BKG00003808,575,CUS0000532,2023-07-27,WEB
BKG00003809,3552,CUS0003315,2025-09-28,MOB
BKG00003810,12905,CUS0012005,2024-03-22,AGT
BKG00003811,6194,CUS0005771,2023-06-20,GDS
BKG00003812,404,CUS0000374,2024-12-29,AGT
BKG00003813,13468,CUS0012514,2024-08-30,OTA
BKG00003814,5056,CUS0004703,2023-07-08,WEB
BKG00003815,14030,CUS0013025,2024-10-26,OTA
BKG00003816,8961,CUS0008352,2023-10-20,MOB
BKG00003817,2611,CUS0002434,2023-09-12,OTA
BKG00003818,13324,CUS0012380,2024-03-18,MOB
BKG00003819,14034,CUS0013029,2026-05-19,WEB
BKG00003820,3216,CUS0003003,2025-01-18,OTA
BKG00003821,10815,CUS0010068,2024-04-28,OTA
BKG00003822,8866,CUS0008263,2025-11-13,CTR
BKG00003823,9819,CUS0009143,2023-12-30,OTA
BKG00003824,15527,CUS0014420,2025-07-11,OTA
BKG00003825,15902,CUS0014762,2026-02-05,GDS
BKG00003826,3673,CUS0003424,2024-11-26,CTR
BKG00003827,14929,CUS0013867,2025-05-11,MOB
BKG00003828,10660,CUS0009922,2025-05-05,GDS
BKG00003829,4705,CUS0004384,2023-07-01,MOB
BKG00003830,11267,CUS0010482,2025-06-05,GDS
BKG00003831,132,CUS0000123,2025-08-15,CTR
BKG00003832,6307,CUS0005881,2025-07-10,OTA
BKG00003833,786,CUS0000729,2023-08-11,MOB
BKG00003834,11694,CUS0010880,2024-09-21,GDS
BKG00003835,2764,CUS0002580,2026-02-27,OTA
BKG00003836,13985,CUS0012984,2025-02-23,CTR
BKG00003837,10768,CUS0010023,2023-08-11,WEB
BKG00003838,4675,CUS0004356,2026-03-28,AGT
BKG00003839,13494,CUS0012537,2024-02-13,MOB
BKG00003840,14861,CUS0013805,2023-06-26,OTA
BKG00003841,3828,CUS0003568,2024-11-24,CTR
BKG00003842,14441,CUS0013410,2024-06-15,OTA
BKG00003843,10479,CUS0009754,2025-02-26,OTA
BKG00003844,7152,CUS0006673,2023-10-20,CTR
BKG00003845,14823,CUS0013770,2023-12-29,WEB
BKG00003846,8176,CUS0007618,2025-01-08,MOB
BKG00003847,258,CUS0000239,2024-07-08,GDS
BKG00003848,1085,CUS0001009,2025-01-04,MOB
BKG00003849,7658,CUS0007134,2025-02-14,AGT
BKG00003850,8546,CUS0007962,2023-09-30,CTR
BKG00003851,9804,CUS0009130,2026-03-30,CTR
BKG00003852,10565,CUS0009830,2024-08-11,MOB
BKG00003853,8342,CUS0007770,2026-05-14,MOB
BKG00003854,6828,CUS0006372,2025-09-27,MOB
BKG00003855,15858,CUS0014722,2024-07-11,WEB
BKG00003856,1698,CUS0001577,2024-06-09,OTA
BKG00003857,15784,CUS0014653,2024-03-23,AGT
BKG00003858,3215,CUS0003002,2024-10-03,GDS
BKG00003859,8501,CUS0007919,2026-03-09,MOB
BKG00003860,8233,CUS0007670,2023-06-02,OTA
BKG00003861,12641,CUS0011758,2024-06-25,CTR
BKG00003862,13985,CUS0012984,2025-09-23,WEB
BKG00003863,2162,CUS0002014,2024-09-05,CTR
BKG00003864,5294,CUS0004929,2025-02-18,OTA
BKG00003865,9608,CUS0008951,2024-03-15,GDS
BKG00003866,9392,CUS0008748,2026-03-08,CTR
BKG00003867,15024,CUS0013956,2025-03-19,WEB
BKG00003868,6282,CUS0005856,2024-06-01,MOB
BKG00003869,10111,CUS0009412,2025-11-17,WEB
BKG00003870,9545,CUS0008892,2026-05-04,OTA
BKG00003871,5100,CUS0004742,2025-02-08,WEB
BKG00003872,10019,CUS0009326,2025-03-16,WEB
BKG00003873,1077,CUS0001001,2024-05-06,MOB
BKG00003874,6015,CUS0005605,2025-09-19,OTA
BKG00003875,9069,CUS0008453,2024-05-19,GDS
BKG00003876,8975,CUS0008365,2024-12-11,MOB
BKG00003877,5698,CUS0005309,2025-02-06,GDS
BKG00003878,3497,CUS0003262,2026-05-07,WEB
BKG00003879,3722,CUS0003470,2026-02-05,WEB
BKG00003880,3148,CUS0002937,2025-03-13,MOB
BKG00003881,15264,CUS0014176,2025-07-26,WEB
BKG00003882,4069,CUS0003794,2023-06-12,GDS
BKG00003883,13397,CUS0012447,2023-08-10,MOB
BKG00003884,11085,CUS0010317,2024-07-18,OTA
BKG00003885,5305,CUS0004940,2026-02-24,WEB
BKG00003886,15123,CUS0014048,2023-09-06,OTA
BKG00003887,11273,CUS0010488,2023-07-27,MOB
BKG00003888,3530,CUS0003294,2023-11-06,AGT
BKG00003889,11983,CUS0011157,2025-02-18,OTA
BKG00003890,13720,CUS0012744,2025-08-06,WEB
BKG00003891,14156,CUS0013147,2023-10-21,WEB
BKG00003892,7336,CUS0006841,2024-10-21,OTA
BKG00003893,14039,CUS0013033,2026-01-21,AGT
BKG00003894,8095,CUS0007540,2026-04-26,CTR
BKG00003895,12935,CUS0012031,2024-08-08,OTA
BKG00003896,11699,CUS0010885,2025-07-05,WEB
BKG00003897,14469,CUS0013437,2023-07-09,AGT
BKG00003898,7316,CUS0006822,2024-06-03,WEB
BKG00003899,10988,CUS0010230,2023-09-14,AGT
BKG00003900,4021,CUS0003749,2024-04-05,MOB
BKG00003901,8783,CUS0008184,2023-09-21,WEB
BKG00003902,10921,CUS0010165,2025-01-24,CTR
BKG00003903,6682,CUS0006235,2025-02-10,OTA
BKG00003904,8891,CUS0008287,2025-01-18,OTA
BKG00003905,1248,CUS0001163,2024-08-06,WEB
BKG00003906,2296,CUS0002141,2023-06-23,AGT
BKG00003907,15586,CUS0014474,2026-02-04,AGT
BKG00003908,13143,CUS0012216,2025-12-06,WEB
BKG00003909,14351,CUS0013326,2025-11-25,AGT
BKG00003910,5090,CUS0004734,2024-11-14,GDS
BKG00003911,5673,CUS0005286,2024-01-05,OTA
BKG00003912,9453,CUS0008809,2024-02-04,WEB
BKG00003913,9923,CUS0009239,2025-12-15,AGT
BKG00003914,3613,CUS0003369,2024-04-30,MOB
BKG00003915,14286,CUS0013267,2023-09-13,MOB
BKG00003916,15418,CUS0014320,2023-10-22,WEB
BKG00003917,13951,CUS0012952,2023-09-30,GDS
BKG00003918,1184,CUS0001099,2025-08-30,OTA
BKG00003919,2997,CUS0002796,2024-08-03,AGT
BKG00003920,5571,CUS0005186,2026-03-09,WEB
BKG00003921,1406,CUS0001305,2024-12-17,CTR
BKG00003922,14302,CUS0013282,2024-02-05,WEB
BKG00003923,7696,CUS0007171,2024-03-21,GDS
BKG00003924,10600,CUS0009863,2025-10-05,CTR
BKG00003925,12539,CUS0011670,2024-05-03,GDS
BKG00003926,9928,CUS0009243,2024-05-25,OTA
BKG00003927,372,CUS0000343,2024-04-16,OTA
BKG00003928,8196,CUS0007637,2024-01-07,AGT
BKG00003929,12340,CUS0011486,2025-07-08,WEB
BKG00003930,200,CUS0000188,2024-06-20,GDS
BKG00003931,3220,CUS0003006,2025-12-28,MOB
BKG00003932,5671,CUS0005284,2024-02-02,WEB
BKG00003933,1338,CUS0001245,2025-01-15,GDS
BKG00003934,14364,CUS0013337,2024-08-10,GDS
BKG00003935,5855,CUS0005457,2023-10-02,CTR
BKG00003936,1368,CUS0001273,2025-01-27,GDS
BKG00003937,12067,CUS0011235,2023-09-22,OTA
BKG00003938,14168,CUS0013159,2025-06-08,CTR
BKG00003939,11360,CUS0010568,2024-12-01,CTR
BKG00003940,659,CUS0000611,2024-12-04,CTR
BKG00003941,3125,CUS0002915,2026-04-01,MOB
BKG00003942,14943,CUS0013880,2024-09-12,CTR
BKG00003943,13863,CUS0012873,2025-08-25,MOB
BKG00003944,7181,CUS0006698,2025-05-06,WEB
BKG00003945,12333,CUS0011480,2025-07-13,OTA
BKG00003946,11295,CUS0010507,2024-04-16,OTA
BKG00003947,8528,CUS0007944,2025-08-04,WEB
BKG00003948,8161,CUS0007604,2024-10-15,AGT
BKG00003949,13269,CUS0012331,2024-07-24,AGT
BKG00003950,338,CUS0000312,2024-01-06,GDS
BKG00003951,7616,CUS0007098,2025-11-13,WEB
BKG00003952,12813,CUS0011917,2025-07-06,OTA
BKG00003953,8669,CUS0008078,2024-12-10,CTR
BKG00003954,6676,CUS0006229,2025-09-04,OTA
BKG00003955,2249,CUS0002098,2024-05-03,GDS
BKG00003956,3616,CUS0003371,2026-04-11,CTR
BKG00003957,14932,CUS0013870,2025-06-19,CTR
BKG00003958,4332,CUS0004036,2024-04-02,WEB
BKG00003959,12872,CUS0011975,2026-02-22,WEB
BKG00003960,2801,CUS0002616,2024-04-27,AGT
BKG00003961,14922,CUS0013860,2025-09-08,OTA
BKG00003962,10434,CUS0009710,2025-10-21,CTR
BKG00003963,15218,CUS0014134,2023-10-24,MOB
BKG00003964,2449,CUS0002282,2024-04-18,WEB
BKG00003965,9061,CUS0008445,2023-12-27,AGT
BKG00003966,10527,CUS0009795,2025-06-05,CTR
BKG00003967,7893,CUS0007356,2025-12-08,WEB
BKG00003968,1936,CUS0001802,2026-05-12,GDS
BKG00003969,2737,CUS0002555,2023-09-10,AGT
BKG00003970,5129,CUS0004770,2025-11-04,AGT
BKG00003971,4479,CUS0004174,2024-03-16,OTA
BKG00003972,6046,CUS0005634,2024-02-15,WEB
BKG00003973,6950,CUS0006485,2023-10-19,CTR
BKG00003974,7230,CUS0006741,2024-07-15,WEB
BKG00003975,3783,CUS0003526,2026-04-12,GDS
BKG00003976,257,CUS0000238,2024-12-11,MOB
BKG00003977,4604,CUS0004287,2023-10-29,WEB
BKG00003978,14563,CUS0013524,2026-05-23,CTR
BKG00003979,11784,CUS0010964,2025-07-21,OTA
BKG00003980,10662,CUS0009924,2024-08-22,GDS
BKG00003981,9158,CUS0008535,2025-08-29,OTA
BKG00003982,3950,CUS0003683,2026-05-06,WEB
BKG00003983,5592,CUS0005206,2025-07-10,AGT
BKG00003984,785,CUS0000728,2023-06-09,MOB
BKG00003985,11009,CUS0010248,2024-12-19,GDS
BKG00003986,11205,CUS0010423,2025-01-05,OTA
BKG00003987,4258,CUS0003966,2025-03-28,CTR
BKG00003988,4289,CUS0003995,2024-12-27,CTR
BKG00003989,12572,CUS0011698,2025-12-25,WEB
BKG00003990,15116,CUS0014042,2024-11-19,CTR
BKG00003991,1788,CUS0001659,2025-11-10,AGT
BKG00003992,13046,CUS0012131,2025-10-30,GDS
BKG00003993,6197,CUS0005774,2024-10-29,OTA
BKG00003994,5544,CUS0005162,2025-12-05,CTR
BKG00003995,4947,CUS0004605,2025-04-21,CTR
BKG00003996,421,CUS0000390,2025-08-02,GDS
BKG00003997,2368,CUS0002206,2023-09-29,WEB
BKG00003998,10177,CUS0009472,2025-08-20,AGT
BKG00003999,5566,CUS0005181,2023-10-16,MOB
BKG00004000,12993,CUS0012083,2025-11-22,GDS
BKG00004001,10797,CUS0010050,2025-09-13,OTA
BKG00004002,8800,CUS0008200,2023-12-12,AGT
BKG00004003,14450,CUS0013419,2026-03-23,GDS
BKG00004004,1050,CUS0000975,2024-08-14,GDS
BKG00004005,2756,CUS0002573,2025-11-29,OTA
BKG00004006,1072,CUS0000996,2023-11-14,CTR
BKG00004007,3338,CUS0003114,2023-06-29,MOB
BKG00004008,11209,CUS0010427,2026-03-07,AGT
BKG00004009,12539,CUS0011670,2025-06-12,MOB
BKG00004010,13912,CUS0012916,2024-02-26,WEB
BKG00004011,2609,CUS0002432,2025-12-21,WEB
BKG00004012,14314,CUS0013293,2025-12-04,GDS
BKG00004013,13589,CUS0012623,2024-12-08,CTR
BKG00004014,3262,CUS0003043,2024-03-23,MOB
BKG00004015,235,CUS0000219,2023-10-29,OTA
BKG00004016,3775,CUS0003518,2024-12-03,CTR
BKG00004017,4976,CUS0004630,2025-03-31,OTA
BKG00004018,13932,CUS0012936,2023-11-04,MOB
BKG00004019,9775,CUS0009105,2024-01-30,WEB
BKG00004020,3632,CUS0003385,2025-12-21,OTA
BKG00004021,10085,CUS0009388,2023-10-17,GDS
BKG00004022,9044,CUS0008430,2025-07-01,OTA
BKG00004023,14521,CUS0013486,2025-03-15,GDS
BKG00004024,5609,CUS0005223,2025-10-03,MOB
BKG00004025,14817,CUS0013765,2023-07-01,MOB
BKG00004026,2546,CUS0002373,2023-07-14,GDS
BKG00004027,6614,CUS0006170,2025-03-01,WEB
BKG00004028,574,CUS0000531,2023-09-06,MOB
BKG00004029,9673,CUS0009011,2026-01-19,MOB
BKG00004030,1992,CUS0001851,2023-11-05,WEB
BKG00004031,9223,CUS0008593,2024-06-06,GDS
BKG00004032,3040,CUS0002837,2024-01-12,WEB
BKG00004033,13480,CUS0012524,2024-05-25,OTA
BKG00004034,14019,CUS0013015,2025-01-28,WEB
BKG00004035,11831,CUS0011010,2025-05-19,MOB
BKG00004036,6538,CUS0006096,2023-09-26,OTA
BKG00004037,1164,CUS0001079,2025-12-22,MOB
BKG00004038,830,CUS0000769,2024-08-03,CTR
BKG00004039,13328,CUS0012384,2025-07-15,AGT
BKG00004040,10330,CUS0009614,2023-09-24,CTR
BKG00004041,6885,CUS0006426,2025-01-15,MOB
BKG00004042,10720,CUS0009978,2025-05-01,OTA
BKG00004043,3162,CUS0002951,2024-07-31,AGT
BKG00004044,7155,CUS0006675,2025-03-21,OTA
BKG00004045,11322,CUS0010534,2026-01-26,CTR
BKG00004046,8760,CUS0008163,2024-01-21,GDS
BKG00004047,292,CUS0000272,2024-05-13,GDS
BKG00004048,363,CUS0000335,2024-08-27,MOB
BKG00004049,5137,CUS0004778,2025-01-04,OTA
BKG00004050,6635,CUS0006191,2025-01-19,MOB
BKG00004051,1272,CUS0001184,2024-02-08,OTA
BKG00004052,6315,CUS0005888,2024-02-17,OTA
BKG00004053,2402,CUS0002240,2023-09-23,GDS
BKG00004054,15828,CUS0014693,2024-11-07,OTA
BKG00004055,2691,CUS0002511,2024-01-21,WEB
BKG00004056,7014,CUS0006544,2024-05-23,CTR
BKG00004057,1819,CUS0001688,2025-11-13,CTR
BKG00004058,15549,CUS0014441,2024-05-11,OTA
BKG00004059,13381,CUS0012432,2025-03-26,GDS
BKG00004060,6246,CUS0005821,2024-03-12,CTR
BKG00004061,13854,CUS0012866,2025-01-05,OTA
BKG00004062,2021,CUS0001879,2025-04-04,AGT
BKG00004063,9998,CUS0009307,2023-09-06,AGT
BKG00004064,270,CUS0000251,2024-07-23,OTA
BKG00004065,5675,CUS0005288,2023-09-30,OTA
BKG00004066,14897,CUS0013837,2024-06-19,CTR
BKG00004067,869,CUS0000805,2023-10-09,GDS
BKG00004068,5666,CUS0005279,2025-05-13,OTA
BKG00004069,12663,CUS0011778,2026-04-03,GDS
BKG00004070,9254,CUS0008620,2026-02-04,AGT
BKG00004071,14664,CUS0013621,2024-09-09,MOB
BKG00004072,10719,CUS0009977,2025-08-21,MOB
BKG00004073,5293,CUS0004928,2024-08-08,WEB
BKG00004074,11544,CUS0010738,2024-04-22,CTR
BKG00004075,8823,CUS0008222,2024-06-10,CTR
BKG00004076,6798,CUS0006343,2025-05-19,GDS
BKG00004077,7081,CUS0006606,2024-09-10,WEB
BKG00004078,15399,CUS0014302,2023-07-16,AGT
BKG00004079,1904,CUS0001770,2025-09-14,CTR
BKG00004080,15323,CUS0014230,2024-10-31,GDS
BKG00004081,15398,CUS0014301,2023-06-16,WEB
BKG00004082,14900,CUS0013840,2025-01-06,WEB
BKG00004083,7708,CUS0007182,2023-08-26,OTA
BKG00004084,10788,CUS0010042,2024-04-13,CTR
BKG00004085,10690,CUS0009949,2025-08-19,WEB
BKG00004086,236,CUS0000220,2024-11-23,GDS
BKG00004087,1612,CUS0001498,2024-07-24,CTR
BKG00004088,696,CUS0000647,2026-02-14,MOB
BKG00004089,15405,CUS0014308,2023-08-12,WEB
BKG00004090,16121,CUS0014967,2023-11-21,MOB
BKG00004091,2025,CUS0001883,2024-10-17,OTA
BKG00004092,6499,CUS0006057,2024-10-04,GDS
BKG00004093,15890,CUS0014752,2025-01-15,GDS
BKG00004094,8125,CUS0007568,2025-09-20,OTA
BKG00004095,3261,CUS0003042,2024-10-09,WEB
BKG00004096,15521,CUS0014414,2023-08-15,GDS
BKG00004097,3436,CUS0003202,2026-05-17,OTA
BKG00004098,10902,CUS0010149,2026-02-06,MOB
BKG00004099,11016,CUS0010254,2023-12-04,OTA
BKG00004100,12934,CUS0012030,2025-11-06,OTA
BKG00004101,5300,CUS0004935,2024-01-24,OTA
BKG00004102,15939,CUS0014797,2023-08-06,WEB
BKG00004103,7920,CUS0007383,2025-12-15,GDS
BKG00004104,5682,CUS0005295,2025-07-24,OTA
BKG00004105,8024,CUS0007480,2024-11-19,CTR
BKG00004106,15805,CUS0014672,2024-06-20,CTR
BKG00004107,10166,CUS0009461,2023-07-11,WEB
BKG00004108,14072,CUS0013066,2026-03-27,OTA
BKG00004109,13996,CUS0012994,2024-07-30,OTA
BKG00004110,10973,CUS0010216,2023-07-20,MOB
BKG00004111,10961,CUS0010204,2025-06-04,CTR
BKG00004112,10295,CUS0009583,2026-05-09,GDS
BKG00004113,8636,CUS0008047,2025-08-04,OTA
BKG00004114,11979,CUS0011154,2024-12-20,AGT
BKG00004115,2070,CUS0001926,2024-04-02,OTA
BKG00004116,2345,CUS0002185,2024-03-11,OTA
BKG00004117,12642,CUS0011759,2023-11-09,CTR
BKG00004118,374,CUS0000345,2024-08-02,GDS
BKG00004119,13109,CUS0012185,2024-04-05,OTA
BKG00004120,2551,CUS0002377,2025-08-30,MOB
BKG00004121,2013,CUS0001871,2023-08-10,MOB
BKG00004122,22,CUS0000021,2024-05-03,MOB
BKG00004123,13768,CUS0012787,2024-03-23,GDS
BKG00004124,13102,CUS0012179,2026-02-26,MOB
BKG00004125,14082,CUS0013076,2025-09-15,GDS
BKG00004126,213,CUS0000200,2024-03-15,WEB
BKG00004127,1873,CUS0001740,2023-06-24,OTA
BKG00004128,5664,CUS0005277,2024-12-05,MOB
BKG00004129,4256,CUS0003965,2023-06-26,MOB
BKG00004130,4296,CUS0004002,2024-02-28,MOB
BKG00004131,13432,CUS0012480,2024-08-28,CTR
BKG00004132,1923,CUS0001789,2023-11-16,OTA
BKG00004133,2352,CUS0002192,2025-12-18,AGT
BKG00004134,15975,CUS0014832,2026-04-16,WEB
BKG00004135,4644,CUS0004327,2024-11-22,WEB
BKG00004136,8572,CUS0007987,2024-09-03,CTR
BKG00004137,3731,CUS0003477,2025-04-03,AGT
BKG00004138,10080,CUS0009383,2026-05-20,OTA
BKG00004139,3860,CUS0003599,2023-06-22,CTR
BKG00004140,5138,CUS0004779,2025-04-27,MOB
BKG00004141,264,CUS0000245,2023-10-02,GDS
BKG00004142,1245,CUS0001160,2023-08-22,AGT
BKG00004143,8976,CUS0008366,2025-03-01,OTA
BKG00004144,7211,CUS0006726,2025-03-01,GDS
BKG00004145,203,CUS0000191,2024-09-23,CTR
BKG00004146,452,CUS0000418,2023-11-15,MOB
BKG00004147,12606,CUS0011726,2025-10-03,OTA
BKG00004148,1938,CUS0001804,2023-06-03,AGT
BKG00004149,4735,CUS0004413,2025-10-09,CTR
BKG00004150,900,CUS0000833,2024-01-08,AGT
BKG00004151,3661,CUS0003413,2023-11-25,MOB
BKG00004152,4091,CUS0003812,2024-03-28,WEB
BKG00004153,4347,CUS0004049,2024-07-01,CTR
BKG00004154,3432,CUS0003198,2025-11-07,GDS
BKG00004155,13028,CUS0012114,2023-12-31,WEB
BKG00004156,16012,CUS0014867,2026-03-31,OTA
BKG00004157,12278,CUS0011431,2023-12-31,GDS
BKG00004158,2607,CUS0002430,2026-02-28,AGT
BKG00004159,13407,CUS0012457,2023-12-29,WEB
BKG00004160,11960,CUS0011136,2023-09-04,GDS
BKG00004161,3539,CUS0003302,2025-09-17,WEB
BKG00004162,1250,CUS0001165,2025-10-28,OTA
BKG00004163,14771,CUS0013722,2024-03-18,AGT
BKG00004164,13438,CUS0012485,2025-04-01,AGT
BKG00004165,7255,CUS0006764,2024-08-08,GDS
BKG00004166,15209,CUS0014125,2024-09-30,GDS
BKG00004167,12033,CUS0011201,2025-12-30,MOB
BKG00004168,4186,CUS0003900,2026-01-09,CTR
BKG00004169,14945,CUS0013882,2024-03-26,GDS
BKG00004170,6307,CUS0005881,2025-09-03,CTR
BKG00004171,2331,CUS0002173,2024-08-06,GDS
BKG00004172,4119,CUS0003839,2024-09-21,WEB
BKG00004173,13906,CUS0012911,2025-06-01,WEB
BKG00004174,12459,CUS0011595,2023-10-01,GDS
BKG00004175,15217,CUS0014133,2024-05-22,WEB
BKG00004176,8859,CUS0008256,2024-05-20,WEB
BKG00004177,3320,CUS0003096,2024-05-19,WEB
BKG00004178,13944,CUS0012946,2025-04-06,AGT
BKG00004179,3783,CUS0003526,2025-03-11,CTR
BKG00004180,7699,CUS0007174,2025-03-26,CTR
BKG00004181,13430,CUS0012478,2024-06-11,OTA
BKG00004182,2768,CUS0002583,2024-02-25,GDS
BKG00004183,3712,CUS0003460,2025-02-04,AGT
BKG00004184,4978,CUS0004631,2023-12-10,WEB
BKG00004185,12892,CUS0011994,2024-12-23,OTA
BKG00004186,5191,CUS0004831,2024-11-09,GDS
BKG00004187,6288,CUS0005862,2024-08-22,OTA
BKG00004188,1280,CUS0001192,2025-05-08,OTA
BKG00004189,14794,CUS0013743,2025-06-15,AGT
BKG00004190,7063,CUS0006588,2023-12-07,CTR
BKG00004191,9143,CUS0008522,2023-10-28,MOB
BKG00004192,2749,CUS0002566,2026-01-25,MOB
BKG00004193,10721,CUS0009979,2023-08-18,CTR
BKG00004194,1272,CUS0001184,2025-09-02,AGT
BKG00004195,14279,CUS0013260,2025-04-23,CTR
BKG00004196,15753,CUS0014626,2025-04-04,WEB
BKG00004197,2861,CUS0002670,2026-05-09,CTR
BKG00004198,15454,CUS0014352,2026-03-31,AGT
BKG00004199,122,CUS0000113,2023-11-07,CTR
BKG00004200,1202,CUS0001117,2025-08-01,CTR
BKG00004201,1491,CUS0001385,2024-01-05,GDS
BKG00004202,8263,CUS0007698,2026-03-26,AGT
BKG00004203,509,CUS0000471,2025-12-03,WEB
BKG00004204,10131,CUS0009428,2026-04-01,AGT
BKG00004205,9253,CUS0008619,2024-10-12,MOB
BKG00004206,14768,CUS0013719,2025-03-12,GDS
BKG00004207,8144,CUS0007587,2025-08-11,AGT
BKG00004208,13909,CUS0012914,2023-07-20,WEB
BKG00004209,8026,CUS0007481,2025-12-30,CTR
BKG00004210,5906,CUS0005506,2025-02-23,GDS
BKG00004211,8727,CUS0008132,2024-09-21,CTR
BKG00004212,5793,CUS0005399,2024-11-18,AGT
BKG00004213,9873,CUS0009192,2024-12-24,GDS
BKG00004214,14412,CUS0013382,2025-04-11,GDS
BKG00004215,7683,CUS0007158,2026-03-08,WEB
BKG00004216,2715,CUS0002533,2025-01-11,WEB
BKG00004217,12521,CUS0011653,2026-01-29,GDS
BKG00004218,8604,CUS0008017,2026-01-23,AGT
BKG00004219,12969,CUS0012062,2025-01-28,AGT
BKG00004220,4982,CUS0004635,2026-02-04,AGT
BKG00004221,4541,CUS0004231,2024-01-30,OTA
BKG00004222,1910,CUS0001776,2025-12-24,OTA
BKG00004223,14784,CUS0013733,2023-11-14,GDS
BKG00004224,6325,CUS0005898,2024-09-04,GDS
BKG00004225,5037,CUS0004686,2023-10-12,MOB
BKG00004226,15681,CUS0014561,2025-01-30,GDS
BKG00004227,15748,CUS0014621,2024-08-15,OTA
BKG00004228,15369,CUS0014274,2023-12-29,CTR
BKG00004229,9286,CUS0008650,2023-12-16,MOB
BKG00004230,5160,CUS0004801,2025-12-05,CTR
BKG00004231,1315,CUS0001224,2024-10-13,MOB
BKG00004232,2558,CUS0002384,2023-06-05,CTR
BKG00004233,13914,CUS0012918,2023-08-15,WEB
BKG00004234,8891,CUS0008287,2026-03-08,WEB
BKG00004235,13824,CUS0012838,2025-07-08,WEB
BKG00004236,3177,CUS0002965,2024-02-12,CTR
BKG00004237,12080,CUS0011247,2023-12-29,OTA
BKG00004238,6186,CUS0005764,2025-05-07,CTR
BKG00004239,4795,CUS0004469,2023-12-27,AGT
BKG00004240,4831,CUS0004501,2024-10-13,OTA
BKG00004241,7868,CUS0007331,2023-11-28,MOB
BKG00004242,5711,CUS0005321,2023-10-11,MOB
BKG00004243,6856,CUS0006399,2024-11-11,OTA
BKG00004244,616,CUS0000572,2023-10-12,GDS
BKG00004245,1906,CUS0001772,2024-11-12,AGT
BKG00004246,12681,CUS0011794,2024-05-26,OTA
BKG00004247,15003,CUS0013937,2026-04-17,AGT
BKG00004248,10050,CUS0009355,2025-03-15,WEB
BKG00004249,3474,CUS0003239,2024-07-13,WEB
BKG00004250,733,CUS0000681,2025-04-30,OTA
BKG00004251,7584,CUS0007068,2025-06-24,AGT
BKG00004252,6531,CUS0006089,2024-04-12,MOB
BKG00004253,8763,CUS0008165,2023-09-23,OTA
BKG00004254,978,CUS0000908,2024-05-27,AGT
BKG00004255,4615,CUS0004298,2024-12-18,OTA
BKG00004256,7591,CUS0007075,2026-02-20,OTA
BKG00004257,5645,CUS0005259,2023-10-29,OTA
BKG00004258,14018,CUS0013014,2024-05-01,MOB
BKG00004259,1187,CUS0001102,2024-03-16,AGT
BKG00004260,3124,CUS0002914,2025-03-12,CTR
BKG00004261,992,CUS0000921,2023-06-06,MOB
BKG00004262,9291,CUS0008654,2025-07-09,MOB
BKG00004263,7423,CUS0006919,2025-11-24,OTA
BKG00004264,1751,CUS0001626,2024-03-10,MOB
BKG00004265,13344,CUS0012398,2023-12-13,CTR
BKG00004266,4489,CUS0004183,2024-10-26,GDS
BKG00004267,3259,CUS0003040,2024-02-22,CTR
BKG00004268,10251,CUS0009540,2024-06-19,MOB
BKG00004269,7120,CUS0006642,2025-03-27,MOB
BKG00004270,3431,CUS0003197,2024-09-24,GDS
BKG00004271,577,CUS0000534,2025-02-13,AGT
BKG00004272,592,CUS0000549,2025-10-24,CTR
BKG00004273,6132,CUS0005715,2024-01-05,WEB
BKG00004274,1223,CUS0001138,2025-11-24,MOB
BKG00004275,14586,CUS0013546,2025-05-10,AGT
BKG00004276,10681,CUS0009940,2024-12-14,WEB
BKG00004277,11952,CUS0011128,2025-07-25,MOB
BKG00004278,14792,CUS0013741,2023-08-25,MOB
BKG00004279,2740,CUS0002558,2024-10-26,GDS
BKG00004280,12681,CUS0011794,2024-07-08,GDS
BKG00004281,1745,CUS0001620,2026-03-18,OTA
BKG00004282,9727,CUS0009061,2026-01-05,OTA
BKG00004283,13738,CUS0012760,2025-07-22,MOB
BKG00004284,6104,CUS0005688,2024-03-01,AGT
BKG00004285,1489,CUS0001383,2023-07-12,WEB
BKG00004286,16058,CUS0014909,2025-11-07,CTR
BKG00004287,13244,CUS0012308,2025-09-23,GDS
BKG00004288,12195,CUS0011354,2023-10-01,OTA
BKG00004289,3182,CUS0002970,2023-06-06,MOB
BKG00004290,4195,CUS0003909,2025-09-08,WEB
BKG00004291,9861,CUS0009181,2024-12-11,OTA
BKG00004292,8917,CUS0008312,2025-09-28,MOB
BKG00004293,1545,CUS0001435,2024-09-28,AGT
BKG00004294,13340,CUS0012395,2024-04-28,MOB
BKG00004295,3009,CUS0002807,2023-09-09,CTR
BKG00004296,8488,CUS0007907,2023-11-14,OTA
BKG00004297,8633,CUS0008044,2025-06-26,WEB
BKG00004298,3509,CUS0003274,2024-05-08,OTA
BKG00004299,15672,CUS0014552,2026-01-03,WEB
BKG00004300,10965,CUS0010208,2024-11-08,GDS
BKG00004301,15065,CUS0013996,2024-10-05,WEB
BKG00004302,12847,CUS0011950,2026-03-03,CTR
BKG00004303,1647,CUS0001532,2023-06-27,OTA
BKG00004304,14585,CUS0013545,2024-03-12,CTR
BKG00004305,6496,CUS0006054,2024-10-23,OTA
BKG00004306,4022,CUS0003750,2024-12-15,GDS
BKG00004307,2553,CUS0002379,2024-10-10,AGT
BKG00004308,13663,CUS0012691,2025-11-25,GDS
BKG00004309,11496,CUS0010695,2023-10-03,OTA
BKG00004310,9151,CUS0008529,2024-04-19,AGT
BKG00004311,1872,CUS0001739,2025-03-14,CTR
BKG00004312,8169,CUS0007612,2026-01-01,MOB
BKG00004313,2044,CUS0001901,2025-10-29,GDS
BKG00004314,12767,CUS0011876,2023-10-09,CTR
BKG00004315,15427,CUS0014328,2024-04-14,OTA
BKG00004316,2372,CUS0002210,2024-04-13,CTR
BKG00004317,8426,CUS0007850,2023-08-16,GDS
BKG00004318,5121,CUS0004762,2024-03-21,MOB
BKG00004319,14403,CUS0013373,2024-12-23,CTR
BKG00004320,4451,CUS0004148,2024-08-04,AGT
BKG00004321,15196,CUS0014113,2024-11-29,GDS
BKG00004322,9673,CUS0009011,2024-12-28,OTA
BKG00004323,2184,CUS0002036,2024-11-21,CTR
BKG00004324,2688,CUS0002508,2026-04-13,GDS
BKG00004325,1162,CUS0001078,2025-02-10,GDS
BKG00004326,12150,CUS0011311,2025-10-20,AGT
BKG00004327,13546,CUS0012585,2025-12-13,OTA
BKG00004328,12076,CUS0011243,2025-11-30,CTR
BKG00004329,14355,CUS0013329,2026-05-01,GDS
BKG00004330,14681,CUS0013638,2024-11-08,CTR
BKG00004331,2613,CUS0002436,2024-07-05,GDS
BKG00004332,12354,CUS0011499,2024-07-02,AGT
BKG00004333,4991,CUS0004643,2024-04-26,MOB
BKG00004334,11582,CUS0010773,2026-04-03,CTR
BKG00004335,886,CUS0000820,2023-08-01,AGT
BKG00004336,938,CUS0000870,2026-01-19,MOB
BKG00004337,10913,CUS0010158,2025-04-15,WEB
BKG00004338,6887,CUS0006428,2025-03-30,WEB
BKG00004339,732,CUS0000680,2026-05-08,MOB
BKG00004340,8999,CUS0008387,2024-11-15,WEB
BKG00004341,1909,CUS0001775,2026-04-05,WEB
BKG00004342,1793,CUS0001663,2023-10-08,GDS
BKG00004343,593,CUS0000550,2026-03-22,OTA
BKG00004344,363,CUS0000335,2026-04-01,OTA
BKG00004345,12523,CUS0011655,2023-09-30,GDS
BKG00004346,9569,CUS0008916,2024-04-13,AGT
BKG00004347,11592,CUS0010782,2023-06-25,GDS
BKG00004348,4045,CUS0003772,2024-12-03,GDS
BKG00004349,5267,CUS0004903,2025-08-13,CTR
BKG00004350,872,CUS0000808,2024-06-14,OTA
BKG00004351,2385,CUS0002223,2025-02-10,WEB
BKG00004352,12780,CUS0011888,2025-12-18,AGT
BKG00004353,8142,CUS0007585,2024-03-04,AGT
BKG00004354,67,CUS0000062,2024-05-07,MOB
BKG00004355,823,CUS0000762,2023-09-22,GDS
BKG00004356,4256,CUS0003965,2025-10-06,CTR
BKG00004357,14985,CUS0013922,2023-10-25,GDS
BKG00004358,13545,CUS0012584,2025-12-26,WEB
BKG00004359,11063,CUS0010297,2024-10-13,WEB
BKG00004360,7314,CUS0006820,2025-03-20,AGT
BKG00004361,3999,CUS0003728,2025-08-05,WEB
BKG00004362,7434,CUS0006930,2023-11-13,MOB
BKG00004363,10192,CUS0009485,2025-04-26,OTA
BKG00004364,9043,CUS0008429,2024-03-07,WEB
BKG00004365,917,CUS0000849,2023-11-08,GDS
BKG00004366,8420,CUS0007844,2024-09-19,WEB
BKG00004367,10244,CUS0009533,2025-04-19,GDS
BKG00004368,11566,CUS0010758,2023-06-03,GDS
BKG00004369,7636,CUS0007116,2025-03-13,GDS
BKG00004370,15326,CUS0014233,2026-05-09,AGT
BKG00004371,4504,CUS0004198,2025-08-05,WEB
BKG00004372,12075,CUS0011242,2025-10-22,GDS
BKG00004373,6758,CUS0006304,2025-10-12,WEB
BKG00004374,7115,CUS0006638,2023-10-12,OTA
BKG00004375,9641,CUS0008981,2024-02-03,OTA
BKG00004376,15416,CUS0014318,2023-07-25,CTR
BKG00004377,11962,CUS0011138,2024-11-20,AGT
BKG00004378,13442,CUS0012489,2024-07-03,CTR
BKG00004379,9515,CUS0008864,2025-02-23,AGT
BKG00004380,5055,CUS0004702,2025-10-09,AGT
BKG00004381,14136,CUS0013127,2026-05-18,OTA
BKG00004382,4674,CUS0004355,2026-02-07,AGT
BKG00004383,2394,CUS0002232,2024-08-20,OTA
BKG00004384,6000,CUS0005591,2023-08-25,WEB
BKG00004385,15909,CUS0014769,2025-10-21,OTA
BKG00004386,12916,CUS0012014,2024-01-02,CTR
BKG00004387,13161,CUS0012234,2023-12-11,CTR
BKG00004388,8985,CUS0008375,2023-11-11,GDS
BKG00004389,5134,CUS0004775,2026-04-14,OTA
BKG00004390,3904,CUS0003640,2023-07-19,CTR
BKG00004391,7433,CUS0006929,2023-08-10,CTR
BKG00004392,13180,CUS0012249,2025-02-19,OTA
BKG00004393,5566,CUS0005181,2023-06-01,WEB
BKG00004394,3023,CUS0002821,2025-06-22,GDS
BKG00004395,5800,CUS0005406,2024-06-25,MOB
BKG00004396,8678,CUS0008085,2024-08-29,GDS
BKG00004397,7412,CUS0006908,2026-05-02,GDS
BKG00004398,4174,CUS0003890,2023-06-28,WEB
BKG00004399,6032,CUS0005621,2025-02-12,OTA
BKG00004400,3020,CUS0002818,2023-12-02,OTA
BKG00004401,14781,CUS0013730,2024-01-12,OTA
BKG00004402,1619,CUS0001505,2024-10-20,AGT
BKG00004403,8197,CUS0007638,2024-01-24,CTR
BKG00004404,3743,CUS0003487,2024-12-05,MOB
BKG00004405,1563,CUS0001452,2023-06-30,WEB
BKG00004406,2659,CUS0002480,2024-10-17,GDS
BKG00004407,9475,CUS0008829,2024-04-26,WEB
BKG00004408,9722,CUS0009057,2024-09-23,GDS
BKG00004409,9097,CUS0008478,2023-08-04,OTA
BKG00004410,424,CUS0000392,2024-12-11,GDS
BKG00004411,3773,CUS0003516,2026-03-20,OTA
BKG00004412,5729,CUS0005339,2024-05-05,CTR
BKG00004413,11890,CUS0011068,2024-05-05,OTA
BKG00004414,7322,CUS0006828,2024-02-23,AGT
BKG00004415,12110,CUS0011276,2024-10-16,CTR
BKG00004416,8644,CUS0008055,2025-01-17,GDS
BKG00004417,1119,CUS0001039,2023-05-29,WEB
BKG00004418,5090,CUS0004734,2023-07-13,OTA
BKG00004419,11496,CUS0010695,2023-10-03,GDS
BKG00004420,8876,CUS0008272,2024-05-08,AGT
BKG00004421,15573,CUS0014462,2024-03-11,CTR
BKG00004422,3222,CUS0003008,2025-07-17,GDS
BKG00004423,12299,CUS0011449,2025-12-20,MOB
BKG00004424,5326,CUS0004960,2025-07-22,MOB
BKG00004425,14413,CUS0013383,2026-03-04,OTA
BKG00004426,3208,CUS0002995,2024-06-06,MOB
BKG00004427,6319,CUS0005892,2026-04-09,CTR
BKG00004428,3246,CUS0003028,2024-04-13,CTR
BKG00004429,15434,CUS0014333,2025-02-17,CTR
BKG00004430,11248,CUS0010464,2024-04-01,GDS
BKG00004431,202,CUS0000190,2024-03-28,WEB
BKG00004432,5836,CUS0005438,2026-02-23,MOB
BKG00004433,6140,CUS0005722,2024-02-10,WEB
BKG00004434,14055,CUS0013049,2025-02-24,MOB
BKG00004435,6923,CUS0006461,2025-05-17,MOB
BKG00004436,8374,CUS0007801,2024-08-03,MOB
BKG00004437,5758,CUS0005366,2025-08-05,CTR
BKG00004438,15381,CUS0014286,2024-12-26,GDS
BKG00004439,2068,CUS0001924,2025-04-28,CTR
BKG00004440,3227,CUS0003013,2025-06-25,WEB
BKG00004441,1151,CUS0001068,2024-04-10,AGT
BKG00004442,4518,CUS0004211,2024-11-15,WEB
BKG00004443,12485,CUS0011619,2025-10-29,CTR
BKG00004444,4804,CUS0004477,2025-05-16,AGT
BKG00004445,8818,CUS0008217,2025-03-03,GDS
BKG00004446,4551,CUS0004239,2026-01-02,MOB
BKG00004447,7256,CUS0006765,2024-10-13,WEB
BKG00004448,6100,CUS0005685,2024-11-15,AGT
BKG00004449,13818,CUS0012832,2024-09-12,OTA
BKG00004450,8224,CUS0007663,2023-09-17,WEB
BKG00004451,14146,CUS0013137,2025-02-27,MOB
BKG00004452,1209,CUS0001124,2025-02-11,AGT
BKG00004453,6597,CUS0006153,2023-10-19,MOB
BKG00004454,8307,CUS0007737,2023-08-16,OTA
BKG00004455,7992,CUS0007451,2024-04-26,AGT
BKG00004456,3366,CUS0003139,2026-04-27,MOB
BKG00004457,15926,CUS0014784,2026-04-28,AGT
BKG00004458,3230,CUS0003016,2025-03-12,WEB
BKG00004459,435,CUS0000402,2024-08-07,GDS
BKG00004460,1678,CUS0001560,2025-06-27,WEB
BKG00004461,15267,CUS0014178,2024-01-27,AGT
BKG00004462,11895,CUS0011073,2023-08-31,CTR
BKG00004463,13921,CUS0012925,2025-09-13,MOB
BKG00004464,7644,CUS0007123,2024-08-14,CTR
BKG00004465,10733,CUS0009990,2025-12-11,OTA
BKG00004466,2730,CUS0002548,2024-09-04,CTR
BKG00004467,12223,CUS0011381,2025-03-21,AGT
BKG00004468,14084,CUS0013078,2023-07-17,GDS
BKG00004469,13723,CUS0012747,2024-09-08,OTA
BKG00004470,14294,CUS0013275,2025-01-29,CTR
BKG00004471,172,CUS0000161,2025-02-10,MOB
BKG00004472,15258,CUS0014171,2026-01-15,AGT
BKG00004473,3415,CUS0003182,2024-11-05,MOB
BKG00004474,11185,CUS0010404,2025-04-23,OTA
BKG00004475,2808,CUS0002622,2023-11-20,MOB
BKG00004476,5614,CUS0005228,2026-01-16,CTR
BKG00004477,11091,CUS0010322,2025-01-27,OTA
BKG00004478,11997,CUS0011168,2025-11-17,OTA
BKG00004479,10521,CUS0009790,2024-04-19,GDS
BKG00004480,4142,CUS0003860,2024-02-11,CTR
BKG00004481,3772,CUS0003515,2025-10-14,AGT
BKG00004482,11541,CUS0010735,2024-07-06,CTR
BKG00004483,5421,CUS0005047,2024-11-02,GDS
BKG00004484,1101,CUS0001022,2025-12-17,GDS
BKG00004485,5081,CUS0004726,2025-07-13,CTR
BKG00004486,1245,CUS0001160,2026-05-13,GDS
BKG00004487,13180,CUS0012249,2023-10-15,CTR
BKG00004488,9182,CUS0008557,2024-04-19,WEB
BKG00004489,5577,CUS0005191,2024-09-11,OTA
BKG00004490,5685,CUS0005298,2023-06-20,GDS
BKG00004491,1800,CUS0001670,2026-04-14,MOB
BKG00004492,13974,CUS0012973,2023-11-11,CTR
BKG00004493,7535,CUS0007021,2025-01-19,AGT
BKG00004494,909,CUS0000842,2026-03-20,AGT
BKG00004495,5471,CUS0005093,2024-12-09,GDS
BKG00004496,11378,CUS0010585,2024-12-19,OTA
BKG00004497,16082,CUS0014931,2024-12-22,WEB
BKG00004498,15064,CUS0013995,2025-02-04,AGT
BKG00004499,120,CUS0000111,2024-02-09,OTA
BKG00004500,3244,CUS0003026,2025-08-20,OTA
BKG00004501,13984,CUS0012983,2024-09-02,MOB
BKG00004502,5636,CUS0005250,2025-10-31,CTR
BKG00004503,4570,CUS0004257,2024-05-30,GDS
BKG00004504,6577,CUS0006133,2024-08-06,CTR
BKG00004505,10429,CUS0009705,2024-02-07,CTR
BKG00004506,3678,CUS0003428,2025-01-05,MOB
BKG00004507,4296,CUS0004002,2024-11-22,OTA
BKG00004508,8387,CUS0007813,2024-09-19,WEB
BKG00004509,7874,CUS0007337,2025-11-28,GDS
BKG00004510,9620,CUS0008962,2024-08-25,AGT
BKG00004511,6328,CUS0005901,2026-02-03,MOB
BKG00004512,8925,CUS0008320,2026-05-07,OTA
BKG00004513,10392,CUS0009672,2024-11-02,CTR
BKG00004514,14019,CUS0013015,2026-02-18,OTA
BKG00004515,391,CUS0000361,2024-05-26,CTR
BKG00004516,12955,CUS0012048,2024-01-21,OTA
BKG00004517,13061,CUS0012144,2026-01-01,GDS
BKG00004518,8170,CUS0007613,2026-04-20,MOB
BKG00004519,8246,CUS0007682,2024-06-28,CTR
BKG00004520,7959,CUS0007420,2023-09-18,MOB
BKG00004521,8985,CUS0008375,2025-10-07,WEB
BKG00004522,10929,CUS0010173,2025-05-17,MOB
BKG00004523,8747,CUS0008152,2024-07-11,GDS
BKG00004524,13134,CUS0012208,2023-07-22,WEB
BKG00004525,5228,CUS0004866,2024-08-28,WEB
BKG00004526,433,CUS0000400,2024-11-29,AGT
BKG00004527,5019,CUS0004669,2024-04-27,GDS
BKG00004528,4511,CUS0004204,2026-05-19,WEB
BKG00004529,9282,CUS0008647,2024-08-14,GDS
BKG00004530,10592,CUS0009856,2023-08-21,CTR
BKG00004531,1768,CUS0001641,2025-11-18,GDS
BKG00004532,4149,CUS0003866,2026-05-16,GDS
BKG00004533,1935,CUS0001801,2023-09-01,CTR
BKG00004534,9233,CUS0008602,2024-05-13,OTA
BKG00004535,7911,CUS0007374,2023-06-10,AGT
BKG00004536,6041,CUS0005629,2025-08-17,MOB
BKG00004537,4757,CUS0004434,2025-09-23,OTA
BKG00004538,2832,CUS0002644,2023-08-19,WEB
BKG00004539,6856,CUS0006399,2023-09-07,OTA
BKG00004540,15870,CUS0014734,2026-04-20,MOB
BKG00004541,11425,CUS0010628,2023-12-09,WEB
BKG00004542,12189,CUS0011349,2025-01-01,WEB
BKG00004543,1953,CUS0001817,2023-12-13,AGT
BKG00004544,9095,CUS0008476,2026-02-20,WEB
BKG00004545,9239,CUS0008606,2024-01-10,MOB
BKG00004546,13645,CUS0012675,2024-03-04,AGT
BKG00004547,14671,CUS0013628,2026-02-04,AGT
BKG00004548,10639,CUS0009901,2024-09-02,OTA
BKG00004549,4431,CUS0004129,2026-04-11,AGT
BKG00004550,9889,CUS0009208,2025-03-02,AGT
BKG00004551,5607,CUS0005221,2024-09-07,MOB
BKG00004552,1480,CUS0001374,2024-09-09,AGT
BKG00004553,16158,CUS0014999,2025-07-18,WEB
BKG00004554,11460,CUS0010660,2024-12-05,MOB
BKG00004555,1984,CUS0001844,2023-11-01,AGT
BKG00004556,6408,CUS0005975,2026-03-04,CTR
BKG00004557,15647,CUS0014530,2024-12-28,OTA
BKG00004558,13880,CUS0012888,2026-02-24,GDS
BKG00004559,4328,CUS0004032,2025-07-14,MOB
BKG00004560,4350,CUS0004052,2023-06-01,CTR
BKG00004561,1892,CUS0001758,2024-12-17,AGT
BKG00004562,8320,CUS0007750,2024-09-15,CTR
BKG00004563,11802,CUS0010982,2024-01-05,CTR
BKG00004564,4439,CUS0004136,2024-09-11,MOB
BKG00004565,7699,CUS0007174,2025-05-22,GDS
BKG00004566,16020,CUS0014873,2024-06-24,CTR
BKG00004567,16015,CUS0014870,2025-11-27,WEB
BKG00004568,1789,CUS0001660,2025-06-15,GDS
BKG00004569,8214,CUS0007655,2024-01-10,WEB
BKG00004570,15651,CUS0014534,2025-03-31,GDS
BKG00004571,10943,CUS0010186,2023-09-13,AGT
BKG00004572,918,CUS0000850,2026-05-07,AGT
BKG00004573,14092,CUS0013086,2026-05-13,OTA
BKG00004574,4024,CUS0003752,2025-02-26,MOB
BKG00004575,8221,CUS0007660,2023-10-13,WEB
BKG00004576,12063,CUS0011231,2025-08-01,WEB
BKG00004577,10555,CUS0009821,2025-05-19,AGT
BKG00004578,4154,CUS0003871,2024-11-22,GDS
BKG00004579,3995,CUS0003725,2024-07-09,CTR
BKG00004580,13526,CUS0012566,2023-06-24,AGT
BKG00004581,10744,CUS0010000,2025-05-18,CTR
BKG00004582,14225,CUS0013212,2024-04-23,AGT
BKG00004583,7139,CUS0006661,2024-04-24,AGT
BKG00004584,5963,CUS0005558,2024-08-02,WEB
BKG00004585,15750,CUS0014623,2023-12-28,OTA
BKG00004586,11281,CUS0010494,2025-08-27,MOB
BKG00004587,7166,CUS0006685,2024-09-20,OTA
BKG00004588,7555,CUS0007041,2025-10-05,MOB
BKG00004589,10005,CUS0009313,2023-11-01,GDS
BKG00004590,12553,CUS0011683,2025-01-11,AGT
BKG00004591,10067,CUS0009371,2023-06-06,WEB
BKG00004592,6063,CUS0005650,2023-10-28,OTA
BKG00004593,12649,CUS0011765,2024-07-05,OTA
BKG00004594,3163,CUS0002952,2024-07-24,WEB
BKG00004595,10371,CUS0009652,2025-03-18,WEB
BKG00004596,13803,CUS0012819,2023-08-17,CTR
BKG00004597,2921,CUS0002726,2024-08-21,GDS
BKG00004598,8342,CUS0007770,2024-10-07,WEB
BKG00004599,3280,CUS0003060,2024-11-04,OTA
BKG00004600,9444,CUS0008800,2025-02-17,OTA
BKG00004601,197,CUS0000185,2023-06-16,OTA
BKG00004602,14108,CUS0013102,2024-10-27,GDS
BKG00004603,7289,CUS0006796,2024-06-01,WEB
BKG00004604,8917,CUS0008312,2025-09-19,AGT
BKG00004605,4353,CUS0004055,2023-06-30,AGT
BKG00004606,477,CUS0000443,2026-01-15,GDS
BKG00004607,4344,CUS0004046,2026-03-25,OTA
BKG00004608,15935,CUS0014793,2025-07-28,OTA
BKG00004609,7388,CUS0006887,2024-01-25,WEB
BKG00004610,272,CUS0000253,2025-07-12,AGT
BKG00004611,8579,CUS0007993,2025-01-24,CTR
BKG00004612,8095,CUS0007540,2026-01-05,AGT
BKG00004613,4470,CUS0004166,2024-09-28,WEB
BKG00004614,11175,CUS0010394,2025-06-03,GDS
BKG00004615,13921,CUS0012925,2023-10-02,GDS
BKG00004616,9074,CUS0008456,2023-11-08,OTA
BKG00004617,13373,CUS0012425,2026-04-27,GDS
BKG00004618,4743,CUS0004420,2024-05-11,OTA
BKG00004619,14757,CUS0013709,2026-05-09,CTR
BKG00004620,12160,CUS0011320,2023-05-31,MOB
BKG00004621,5511,CUS0005130,2025-11-28,OTA
BKG00004622,10152,CUS0009447,2024-12-28,MOB
BKG00004623,4343,CUS0004045,2026-04-03,OTA
BKG00004624,9366,CUS0008724,2026-05-07,CTR
BKG00004625,6692,CUS0006244,2023-09-04,CTR
BKG00004626,5616,CUS0005230,2023-10-21,OTA
BKG00004627,7139,CUS0006661,2025-03-17,CTR
BKG00004628,1065,CUS0000989,2025-10-14,WEB
BKG00004629,2206,CUS0002056,2025-05-26,MOB
BKG00004630,262,CUS0000243,2025-06-28,AGT
BKG00004631,10781,CUS0010035,2025-04-04,GDS
BKG00004632,7417,CUS0006913,2025-04-19,OTA
BKG00004633,6848,CUS0006392,2024-03-21,OTA
BKG00004634,3537,CUS0003300,2025-02-25,WEB
BKG00004635,12465,CUS0011601,2025-09-24,AGT
BKG00004636,8751,CUS0008155,2024-11-29,AGT
BKG00004637,6569,CUS0006125,2026-01-29,AGT
BKG00004638,15689,CUS0014568,2025-11-06,CTR
BKG00004639,5943,CUS0005539,2026-02-24,CTR
BKG00004640,7362,CUS0006864,2025-01-28,MOB
BKG00004641,12080,CUS0011247,2024-11-06,AGT
BKG00004642,11091,CUS0010322,2024-11-27,GDS
BKG00004643,4646,CUS0004329,2026-04-08,MOB
BKG00004644,14548,CUS0013509,2026-01-28,MOB
BKG00004645,4072,CUS0003797,2026-02-24,OTA
BKG00004646,11608,CUS0010798,2024-10-16,WEB
BKG00004647,15781,CUS0014650,2023-11-23,MOB
BKG00004648,9597,CUS0008942,2025-05-11,AGT
BKG00004649,4232,CUS0003942,2023-11-12,OTA
BKG00004650,14493,CUS0013460,2026-05-10,MOB
BKG00004651,11216,CUS0010434,2024-05-15,GDS
BKG00004652,415,CUS0000384,2024-12-21,MOB
BKG00004653,8115,CUS0007558,2025-01-20,OTA
BKG00004654,3283,CUS0003063,2023-12-25,GDS
BKG00004655,15306,CUS0014213,2024-06-25,CTR
BKG00004656,14282,CUS0013263,2024-02-05,GDS
BKG00004657,9012,CUS0008400,2023-10-31,OTA
BKG00004658,8400,CUS0007825,2024-05-09,OTA
BKG00004659,4009,CUS0003738,2024-01-10,CTR
BKG00004660,1146,CUS0001063,2024-02-05,GDS
BKG00004661,11321,CUS0010533,2023-09-08,CTR
BKG00004662,1832,CUS0001700,2025-07-08,MOB
BKG00004663,10942,CUS0010185,2026-05-04,OTA
BKG00004664,6670,CUS0006223,2023-10-30,CTR
BKG00004665,13799,CUS0012815,2024-05-17,CTR
BKG00004666,4054,CUS0003780,2024-11-22,MOB
BKG00004667,2241,CUS0002090,2024-12-15,GDS
BKG00004668,6871,CUS0006413,2024-09-24,GDS
BKG00004669,14409,CUS0013379,2023-11-28,WEB
BKG00004670,6610,CUS0006166,2024-12-15,MOB
BKG00004671,10958,CUS0010201,2024-07-16,CTR
BKG00004672,4947,CUS0004605,2024-05-09,CTR
BKG00004673,1838,CUS0001706,2024-09-22,WEB
BKG00004674,8064,CUS0007513,2023-06-14,MOB
BKG00004675,13629,CUS0012660,2023-09-01,MOB
BKG00004676,5945,CUS0005541,2023-11-25,WEB
BKG00004677,3066,CUS0002859,2023-11-11,OTA
BKG00004678,8458,CUS0007880,2025-06-01,OTA
BKG00004679,9112,CUS0008492,2024-12-31,WEB
BKG00004680,15189,CUS0014107,2023-12-27,OTA
BKG00004681,13823,CUS0012837,2024-01-12,MOB
BKG00004682,3154,CUS0002943,2026-03-12,OTA
BKG00004683,7612,CUS0007094,2026-01-10,AGT
BKG00004684,918,CUS0000850,2025-08-12,AGT
BKG00004685,6621,CUS0006177,2026-03-20,MOB
BKG00004686,10657,CUS0009919,2026-03-20,CTR
BKG00004687,1900,CUS0001766,2025-08-18,AGT
BKG00004688,9222,CUS0008592,2024-12-08,WEB
BKG00004689,9261,CUS0008627,2024-01-11,OTA
BKG00004690,6172,CUS0005750,2026-02-17,OTA
BKG00004691,3019,CUS0002817,2026-03-24,WEB
BKG00004692,13652,CUS0012681,2025-07-13,GDS
BKG00004693,41,CUS0000038,2024-11-24,CTR
BKG00004694,11037,CUS0010273,2024-08-05,CTR
BKG00004695,12573,CUS0011699,2023-10-16,MOB
BKG00004696,10743,CUS0009999,2025-11-20,AGT
BKG00004697,15213,CUS0014129,2025-01-21,GDS
BKG00004698,940,CUS0000872,2026-05-17,WEB
BKG00004699,12419,CUS0011558,2024-08-13,GDS
BKG00004700,9633,CUS0008974,2025-09-23,CTR
BKG00004701,13118,CUS0012194,2023-06-03,OTA
BKG00004702,10154,CUS0009449,2023-09-17,MOB
BKG00004703,5954,CUS0005549,2025-06-24,WEB
BKG00004704,7049,CUS0006575,2024-05-06,WEB
BKG00004705,15614,CUS0014500,2025-12-11,GDS
BKG00004706,7964,CUS0007425,2024-05-10,MOB
BKG00004707,3599,CUS0003357,2024-08-20,CTR
BKG00004708,2353,CUS0002193,2025-01-13,WEB
BKG00004709,8015,CUS0007471,2024-03-20,OTA
BKG00004710,1274,CUS0001186,2025-11-02,WEB
BKG00004711,4216,CUS0003928,2026-02-10,OTA
BKG00004712,9844,CUS0009167,2024-05-28,GDS
BKG00004713,5968,CUS0005563,2024-01-30,GDS
BKG00004714,10407,CUS0009685,2023-08-26,GDS
BKG00004715,12437,CUS0011575,2023-09-13,CTR
BKG00004716,1983,CUS0001843,2025-08-14,WEB
BKG00004717,4286,CUS0003992,2023-07-21,MOB
BKG00004718,1069,CUS0000993,2023-07-08,MOB
BKG00004719,2866,CUS0002675,2025-11-30,OTA
BKG00004720,53,CUS0000050,2025-02-27,WEB
BKG00004721,8561,CUS0007976,2025-10-24,MOB
BKG00004722,11947,CUS0011124,2026-04-20,MOB
BKG00004723,9839,CUS0009162,2025-03-21,WEB
BKG00004724,5616,CUS0005230,2025-03-05,CTR
BKG00004725,12106,CUS0011272,2024-06-02,AGT
BKG00004726,16140,CUS0014983,2025-03-18,OTA
BKG00004727,13366,CUS0012418,2025-08-08,AGT
BKG00004728,5426,CUS0005051,2024-06-27,MOB
BKG00004729,1140,CUS0001057,2025-08-23,MOB
BKG00004730,4572,CUS0004259,2024-10-18,AGT
BKG00004731,7168,CUS0006687,2023-08-24,GDS
BKG00004732,4402,CUS0004100,2024-04-20,WEB
BKG00004733,12317,CUS0011466,2024-10-22,WEB
BKG00004734,15205,CUS0014121,2025-04-08,CTR
BKG00004735,5084,CUS0004729,2025-02-16,WEB
BKG00004736,5293,CUS0004928,2023-09-19,MOB
BKG00004737,7886,CUS0007349,2024-12-19,CTR
BKG00004738,1784,CUS0001655,2024-01-17,OTA
BKG00004739,1233,CUS0001148,2026-01-30,WEB
BKG00004740,10277,CUS0009566,2023-10-03,OTA
BKG00004741,9301,CUS0008664,2025-03-05,GDS
BKG00004742,12644,CUS0011761,2026-05-03,MOB
BKG00004743,7369,CUS0006871,2024-08-13,WEB
BKG00004744,15479,CUS0014374,2024-02-07,GDS
BKG00004745,12283,CUS0011435,2023-06-08,MOB
BKG00004746,4649,CUS0004332,2024-10-15,WEB
BKG00004747,6523,CUS0006081,2024-03-02,WEB
BKG00004748,15680,CUS0014560,2025-07-02,MOB
BKG00004749,643,CUS0000597,2023-10-24,WEB
BKG00004750,6144,CUS0005726,2024-11-02,GDS
BKG00004751,3270,CUS0003050,2023-09-07,MOB
BKG00004752,9950,CUS0009263,2025-04-18,OTA
BKG00004753,3622,CUS0003376,2026-02-20,MOB
BKG00004754,7947,CUS0007409,2026-02-19,CTR
BKG00004755,2012,CUS0001870,2024-10-31,CTR
BKG00004756,2994,CUS0002793,2023-12-06,MOB
BKG00004757,3874,CUS0003613,2023-05-31,WEB
BKG00004758,7184,CUS0006701,2023-07-05,GDS
BKG00004759,2089,CUS0001945,2026-04-17,GDS
BKG00004760,2408,CUS0002245,2024-11-29,CTR
BKG00004761,15506,CUS0014400,2025-01-01,CTR
BKG00004762,7296,CUS0006802,2024-09-24,AGT
BKG00004763,15990,CUS0014845,2023-12-08,AGT
BKG00004764,9682,CUS0009020,2025-11-06,WEB
BKG00004765,11610,CUS0010800,2023-09-11,GDS
BKG00004766,13661,CUS0012689,2023-08-14,OTA
BKG00004767,5416,CUS0005043,2024-03-14,CTR
BKG00004768,1647,CUS0001532,2023-07-08,OTA
BKG00004769,5190,CUS0004830,2025-03-13,MOB
BKG00004770,11446,CUS0010646,2025-01-28,AGT
BKG00004771,4330,CUS0004034,2023-12-18,MOB
BKG00004772,6050,CUS0005638,2025-12-11,MOB
BKG00004773,11728,CUS0010913,2025-10-10,WEB
BKG00004774,5546,CUS0005164,2024-05-24,GDS
BKG00004775,865,CUS0000801,2024-08-16,MOB
BKG00004776,3818,CUS0003558,2024-10-31,AGT
BKG00004777,11166,CUS0010385,2024-07-18,MOB
BKG00004778,5296,CUS0004931,2025-01-11,GDS
BKG00004779,5394,CUS0005024,2023-09-08,GDS
BKG00004780,9268,CUS0008634,2026-03-28,GDS
BKG00004781,9993,CUS0009302,2024-03-30,MOB
BKG00004782,8684,CUS0008091,2025-10-03,WEB
BKG00004783,9688,CUS0009026,2024-11-01,OTA
BKG00004784,6231,CUS0005806,2024-06-06,AGT
BKG00004785,1254,CUS0001169,2023-09-20,MOB
BKG00004786,8213,CUS0007654,2023-11-08,WEB
BKG00004787,3668,CUS0003419,2025-08-07,AGT
BKG00004788,6181,CUS0005759,2025-11-23,AGT
BKG00004789,14244,CUS0013228,2023-10-26,AGT
BKG00004790,10233,CUS0009524,2025-05-02,GDS
BKG00004791,15665,CUS0014545,2024-07-20,CTR
BKG00004792,8039,CUS0007490,2024-07-22,CTR
BKG00004793,12903,CUS0012003,2023-06-01,WEB
BKG00004794,9833,CUS0009156,2025-07-02,GDS
BKG00004795,8898,CUS0008294,2024-11-09,AGT
BKG00004796,15502,CUS0014396,2026-02-16,OTA
BKG00004797,1768,CUS0001641,2025-03-31,GDS
BKG00004798,9001,CUS0008389,2026-05-10,GDS
BKG00004799,15775,CUS0014645,2025-09-22,GDS
BKG00004800,10862,CUS0010113,2025-11-24,AGT
BKG00004801,13808,CUS0012823,2023-11-23,MOB
BKG00004802,10839,CUS0010091,2024-05-25,MOB
BKG00004803,7658,CUS0007134,2025-03-24,CTR
BKG00004804,3869,CUS0003608,2025-10-07,CTR
BKG00004805,5296,CUS0004931,2023-07-01,AGT
BKG00004806,13205,CUS0012273,2024-07-03,CTR
BKG00004807,10323,CUS0009607,2024-03-05,AGT
BKG00004808,5790,CUS0005396,2025-05-25,GDS
BKG00004809,3253,CUS0003034,2024-01-30,WEB
BKG00004810,2306,CUS0002150,2024-08-19,WEB
BKG00004811,3621,CUS0003375,2023-09-29,OTA
BKG00004812,2869,CUS0002678,2024-02-19,WEB
BKG00004813,1090,CUS0001013,2024-11-07,OTA
BKG00004814,9503,CUS0008854,2026-04-24,WEB
BKG00004815,2088,CUS0001944,2023-06-20,OTA
BKG00004816,7333,CUS0006839,2025-10-01,CTR
BKG00004817,11137,CUS0010361,2024-09-15,WEB
BKG00004818,4264,CUS0003972,2024-03-05,CTR
BKG00004819,14954,CUS0013891,2025-04-12,CTR
BKG00004820,12798,CUS0011904,2024-10-23,MOB
BKG00004821,4289,CUS0003995,2026-01-04,WEB
BKG00004822,3720,CUS0003468,2024-01-20,CTR
BKG00004823,7569,CUS0007054,2025-06-01,MOB
BKG00004824,12063,CUS0011231,2026-03-17,AGT
BKG00004825,5091,CUS0004735,2024-02-09,CTR
BKG00004826,2385,CUS0002223,2025-09-16,MOB
BKG00004827,13985,CUS0012984,2025-08-07,OTA
BKG00004828,12234,CUS0011392,2024-09-28,AGT
BKG00004829,12177,CUS0011337,2025-05-16,MOB
BKG00004830,13119,CUS0012195,2024-03-11,OTA
BKG00004831,10690,CUS0009949,2024-01-24,MOB
BKG00004832,8575,CUS0007990,2025-08-17,AGT
BKG00004833,14181,CUS0013171,2025-08-13,WEB
BKG00004834,785,CUS0000728,2024-01-06,OTA
BKG00004835,1755,CUS0001630,2026-03-23,GDS
BKG00004836,6985,CUS0006520,2025-12-13,MOB
BKG00004837,14214,CUS0013202,2025-05-12,CTR
BKG00004838,5846,CUS0005448,2024-09-08,AGT
BKG00004839,15718,CUS0014595,2024-10-11,WEB
BKG00004840,15421,CUS0014323,2025-09-18,WEB
BKG00004841,4398,CUS0004096,2025-07-12,AGT
BKG00004842,120,CUS0000111,2023-11-02,WEB
BKG00004843,7237,CUS0006747,2026-05-13,OTA
BKG00004844,14799,CUS0013748,2025-01-01,WEB
BKG00004845,13023,CUS0012109,2026-03-19,OTA
BKG00004846,451,CUS0000417,2023-07-17,MOB
BKG00004847,10800,CUS0010053,2026-01-15,AGT
BKG00004848,8234,CUS0007671,2023-12-13,AGT
BKG00004849,7029,CUS0006558,2025-03-01,MOB
BKG00004850,2033,CUS0001891,2023-12-03,WEB
BKG00004851,9293,CUS0008656,2025-06-01,CTR
BKG00004852,360,CUS0000333,2025-06-19,GDS
BKG00004853,10791,CUS0010045,2023-07-20,WEB
BKG00004854,4863,CUS0004532,2026-01-14,MOB
BKG00004855,14864,CUS0013808,2023-07-23,CTR
BKG00004856,10352,CUS0009635,2024-07-25,WEB
BKG00004857,1901,CUS0001767,2026-05-14,OTA
BKG00004858,11391,CUS0010597,2025-07-05,CTR
BKG00004859,2586,CUS0002410,2024-10-07,WEB
BKG00004860,10711,CUS0009970,2025-01-11,CTR
BKG00004861,14291,CUS0013272,2024-03-09,WEB
BKG00004862,2978,CUS0002779,2024-02-01,WEB
BKG00004863,6601,CUS0006157,2025-05-01,MOB
BKG00004864,14339,CUS0013314,2024-02-23,OTA
BKG00004865,5061,CUS0004708,2023-06-26,WEB
BKG00004866,9291,CUS0008654,2024-04-14,OTA
BKG00004867,13234,CUS0012300,2023-09-08,WEB
BKG00004868,1219,CUS0001134,2025-09-08,AGT
BKG00004869,15955,CUS0014813,2025-12-28,GDS
BKG00004870,13761,CUS0012781,2023-06-22,GDS
BKG00004871,12884,CUS0011986,2023-08-31,OTA
BKG00004872,11785,CUS0010965,2025-06-09,WEB
BKG00004873,5976,CUS0005570,2023-10-17,WEB
BKG00004874,10655,CUS0009917,2024-02-03,CTR
BKG00004875,6470,CUS0006029,2024-10-07,GDS
BKG00004876,13077,CUS0012157,2023-06-26,OTA
BKG00004877,6777,CUS0006322,2023-06-26,CTR
BKG00004878,14578,CUS0013539,2023-10-02,WEB
BKG00004879,1304,CUS0001213,2025-04-11,AGT
BKG00004880,4018,CUS0003747,2025-03-28,OTA
BKG00004881,3904,CUS0003640,2024-02-11,WEB
BKG00004882,5946,CUS0005542,2026-02-11,MOB
BKG00004883,14699,CUS0013654,2024-05-04,MOB
BKG00004884,10585,CUS0009849,2024-12-05,MOB
BKG00004885,14878,CUS0013820,2025-10-28,WEB
BKG00004886,4560,CUS0004247,2024-04-28,CTR
BKG00004887,4086,CUS0003807,2025-08-07,CTR
BKG00004888,2360,CUS0002199,2025-02-23,AGT
BKG00004889,9095,CUS0008476,2023-12-31,AGT
BKG00004890,2717,CUS0002535,2026-03-27,MOB
BKG00004891,3654,CUS0003406,2025-01-14,OTA
BKG00004892,12397,CUS0011537,2024-01-05,CTR
BKG00004893,14988,CUS0013925,2025-04-29,GDS
BKG00004894,4261,CUS0003969,2024-04-01,OTA
BKG00004895,15725,CUS0014601,2025-09-06,AGT
BKG00004896,8412,CUS0007837,2025-01-23,MOB
BKG00004897,13628,CUS0012659,2026-04-19,GDS
BKG00004898,2921,CUS0002726,2025-04-19,AGT
BKG00004899,4749,CUS0004426,2024-11-23,GDS
BKG00004900,1839,CUS0001707,2023-06-07,CTR
BKG00004901,13453,CUS0012499,2026-01-28,AGT
BKG00004902,4104,CUS0003825,2023-11-03,CTR
BKG00004903,1665,CUS0001549,2025-01-31,GDS
BKG00004904,5594,CUS0005208,2023-10-19,MOB
BKG00004905,7805,CUS0007272,2025-06-09,AGT
BKG00004906,15790,CUS0014659,2024-07-31,GDS
BKG00004907,15120,CUS0014045,2025-01-23,AGT
BKG00004908,3499,CUS0003264,2023-07-25,WEB
BKG00004909,9569,CUS0008916,2025-07-14,GDS
BKG00004910,12348,CUS0011494,2025-09-17,MOB
BKG00004911,11888,CUS0011066,2025-01-08,OTA
BKG00004912,15483,CUS0014378,2023-06-04,WEB
BKG00004913,4109,CUS0003830,2025-06-13,GDS
BKG00004914,5052,CUS0004700,2023-09-28,CTR
BKG00004915,13239,CUS0012304,2025-05-23,WEB
BKG00004916,217,CUS0000204,2024-12-18,AGT
BKG00004917,2899,CUS0002706,2023-10-03,AGT
BKG00004918,6243,CUS0005818,2025-07-28,AGT
BKG00004919,5060,CUS0004707,2025-12-15,WEB
BKG00004920,7586,CUS0007070,2024-11-05,AGT
BKG00004921,4731,CUS0004410,2024-08-05,AGT
BKG00004922,11068,CUS0010302,2026-02-26,AGT
BKG00004923,6705,CUS0006255,2023-08-28,AGT
BKG00004924,7967,CUS0007428,2024-04-29,GDS
BKG00004925,6431,CUS0005994,2025-05-03,WEB
BKG00004926,8650,CUS0008061,2025-11-08,MOB
BKG00004927,8516,CUS0007933,2024-12-16,AGT
BKG00004928,8779,CUS0008180,2023-08-12,AGT
BKG00004929,5517,CUS0005135,2026-02-20,MOB
BKG00004930,2756,CUS0002573,2024-10-10,CTR
BKG00004931,1992,CUS0001851,2024-03-02,MOB
BKG00004932,3570,CUS0003329,2026-01-28,AGT
BKG00004933,6734,CUS0006283,2025-06-11,OTA
BKG00004934,12963,CUS0012056,2024-09-19,OTA
BKG00004935,7658,CUS0007134,2025-09-15,OTA
BKG00004936,4548,CUS0004236,2025-04-22,WEB
BKG00004937,4581,CUS0004267,2025-01-31,CTR
BKG00004938,3448,CUS0003214,2025-03-21,WEB
BKG00004939,553,CUS0000512,2024-10-27,WEB
BKG00004940,12976,CUS0012067,2023-06-08,OTA
BKG00004941,10857,CUS0010108,2024-06-04,WEB
BKG00004942,3844,CUS0003584,2025-03-23,CTR
BKG00004943,3202,CUS0002989,2024-10-08,OTA
BKG00004944,218,CUS0000205,2025-03-26,MOB
BKG00004945,836,CUS0000774,2024-10-16,CTR
BKG00004946,2882,CUS0002690,2025-08-31,MOB
BKG00004947,11853,CUS0011031,2025-04-04,CTR
BKG00004948,3935,CUS0003669,2026-03-13,OTA
BKG00004949,3537,CUS0003300,2025-10-13,GDS
BKG00004950,4778,CUS0004454,2025-10-26,OTA
BKG00004951,6496,CUS0006054,2024-01-14,GDS
BKG00004952,7466,CUS0006958,2026-01-04,MOB
BKG00004953,414,CUS0000383,2025-03-18,CTR
BKG00004954,14007,CUS0013004,2025-06-04,AGT
BKG00004955,786,CUS0000729,2023-07-31,GDS
BKG00004956,7497,CUS0006987,2024-06-05,CTR
BKG00004957,5507,CUS0005126,2026-01-08,CTR
BKG00004958,938,CUS0000870,2024-01-07,AGT
BKG00004959,5054,CUS0004701,2024-01-07,CTR
BKG00004960,4761,CUS0004437,2026-05-07,WEB
BKG00004961,6870,CUS0006412,2025-02-13,GDS
BKG00004962,14786,CUS0013735,2024-07-15,OTA
BKG00004963,5479,CUS0005101,2025-04-16,GDS
BKG00004964,15003,CUS0013937,2024-09-13,OTA
BKG00004965,1177,CUS0001092,2023-07-18,OTA
BKG00004966,8145,CUS0007588,2026-02-23,WEB
BKG00004967,8537,CUS0007953,2026-05-17,AGT
BKG00004968,10169,CUS0009464,2025-12-12,MOB
BKG00004969,12219,CUS0011378,2024-05-28,MOB
BKG00004970,891,CUS0000825,2023-07-01,WEB
BKG00004971,2410,CUS0002247,2023-09-17,CTR
BKG00004972,8850,CUS0008248,2024-08-28,MOB
BKG00004973,13954,CUS0012954,2025-10-20,OTA
BKG00004974,10177,CUS0009472,2025-07-24,AGT
BKG00004975,2225,CUS0002075,2023-09-08,CTR
BKG00004976,4693,CUS0004372,2023-09-26,OTA
BKG00004977,5833,CUS0005435,2026-04-30,OTA
BKG00004978,13313,CUS0012369,2023-08-22,WEB
BKG00004979,8360,CUS0007788,2025-12-17,OTA
BKG00004980,14836,CUS0013783,2023-11-20,AGT
BKG00004981,14373,CUS0013346,2023-12-13,MOB
BKG00004982,14430,CUS0013399,2025-07-12,CTR
BKG00004983,11934,CUS0011111,2024-02-26,CTR
BKG00004984,2492,CUS0002321,2026-02-17,CTR
BKG00004985,359,CUS0000332,2024-02-10,MOB
BKG00004986,12532,CUS0011663,2024-01-06,GDS
BKG00004987,10220,CUS0009512,2024-11-08,AGT
BKG00004988,4815,CUS0004487,2024-07-11,OTA
BKG00004989,533,CUS0000494,2025-11-07,WEB
BKG00004990,178,CUS0000167,2026-01-09,WEB
BKG00004991,66,CUS0000061,2024-02-15,OTA
BKG00004992,7619,CUS0007101,2025-06-14,CTR
BKG00004993,15942,CUS0014800,2025-07-28,CTR
BKG00004994,8507,CUS0007925,2025-07-29,GDS
BKG00004995,10515,CUS0009785,2025-10-10,WEB
BKG00004996,3940,CUS0003674,2025-10-12,AGT
BKG00004997,7600,CUS0007082,2024-11-08,OTA
BKG00004998,15953,CUS0014811,2023-06-29,CTR
BKG00004999,6615,CUS0006171,2025-04-01,OTA
BKG00005000,5305,CUS0004940,2023-08-14,MOB
BKG00005001,11790,CUS0010970,2024-09-24,MOB
BKG00005002,14729,CUS0013683,2024-02-22,WEB
BKG00005003,14526,CUS0013491,2023-06-11,GDS
BKG00005004,10253,CUS0009542,2023-12-02,GDS
BKG00005005,14647,CUS0013605,2024-09-06,AGT
BKG00005006,9203,CUS0008576,2023-06-24,CTR
BKG00005007,14046,CUS0013040,2026-03-31,MOB
BKG00005008,12231,CUS0011389,2024-07-23,CTR
BKG00005009,7604,CUS0007086,2023-12-02,CTR
BKG00005010,8559,CUS0007974,2025-09-08,CTR
BKG00005011,14288,CUS0013269,2024-09-14,GDS
BKG00005012,14351,CUS0013326,2025-09-06,CTR
BKG00005013,4114,CUS0003834,2026-03-15,OTA
BKG00005014,8793,CUS0008193,2025-06-14,OTA
BKG00005015,10907,CUS0010154,2025-06-15,GDS
BKG00005016,15658,CUS0014539,2026-02-07,MOB
BKG00005017,15049,CUS0013980,2026-01-21,OTA
BKG00005018,8334,CUS0007762,2025-07-27,MOB
BKG00005019,2258,CUS0002107,2023-05-30,AGT
BKG00005020,3506,CUS0003271,2024-01-09,AGT
BKG00005021,1498,CUS0001392,2023-10-05,OTA
BKG00005022,2227,CUS0002076,2024-07-03,AGT
BKG00005023,7073,CUS0006598,2024-06-03,WEB
BKG00005024,6328,CUS0005901,2023-06-17,AGT
BKG00005025,8049,CUS0007499,2025-04-30,CTR
BKG00005026,5033,CUS0004682,2023-11-22,CTR
BKG00005027,1212,CUS0001127,2025-12-14,OTA
BKG00005028,8041,CUS0007492,2026-01-15,OTA
BKG00005029,9323,CUS0008685,2023-06-14,WEB
BKG00005030,420,CUS0000389,2024-12-19,WEB
BKG00005031,1363,CUS0001268,2024-08-24,AGT
BKG00005032,6487,CUS0006045,2023-08-05,OTA
BKG00005033,5428,CUS0005053,2024-10-26,GDS
BKG00005034,6322,CUS0005895,2024-09-27,WEB
BKG00005035,3154,CUS0002943,2024-05-03,OTA
BKG00005036,6525,CUS0006083,2025-09-18,GDS
BKG00005037,4134,CUS0003852,2025-07-24,GDS
BKG00005038,11941,CUS0011118,2025-07-28,CTR
BKG00005039,12270,CUS0011424,2024-03-24,CTR
BKG00005040,4716,CUS0004395,2026-01-04,CTR
BKG00005041,14456,CUS0013425,2025-02-02,WEB
BKG00005042,12395,CUS0011535,2023-12-07,WEB
BKG00005043,2580,CUS0002404,2024-10-15,WEB
BKG00005044,14260,CUS0013242,2025-10-11,AGT
BKG00005045,3915,CUS0003650,2024-11-26,MOB
BKG00005046,15078,CUS0014007,2025-02-14,CTR
BKG00005047,8690,CUS0008097,2025-03-09,AGT
BKG00005048,13417,CUS0012467,2024-07-11,WEB
BKG00005049,7770,CUS0007239,2026-02-08,CTR
BKG00005050,13659,CUS0012687,2025-12-31,CTR
BKG00005051,15125,CUS0014050,2025-01-09,GDS
BKG00005052,12580,CUS0011706,2024-04-02,WEB
BKG00005053,8419,CUS0007843,2024-08-27,CTR
BKG00005054,12754,CUS0011864,2024-09-15,MOB
BKG00005055,14069,CUS0013063,2023-06-23,MOB
BKG00005056,11674,CUS0010863,2025-02-08,MOB
BKG00005057,6556,CUS0006113,2025-05-30,AGT
BKG00005058,1024,CUS0000951,2024-10-10,CTR
BKG00005059,12407,CUS0011546,2025-06-02,WEB
BKG00005060,13884,CUS0012891,2024-06-14,OTA
BKG00005061,12687,CUS0011800,2024-12-29,OTA
BKG00005062,7950,CUS0007412,2024-05-07,MOB
BKG00005063,2787,CUS0002602,2025-02-19,MOB
BKG00005064,2558,CUS0002384,2025-03-11,MOB
BKG00005065,4265,CUS0003973,2025-05-19,AGT
BKG00005066,2373,CUS0002211,2025-07-13,GDS
BKG00005067,15600,CUS0014488,2024-12-26,WEB
BKG00005068,1591,CUS0001477,2024-08-22,GDS
BKG00005069,15918,CUS0014776,2026-02-22,OTA
BKG00005070,5040,CUS0004689,2024-01-03,MOB
BKG00005071,6904,CUS0006445,2025-12-24,CTR
BKG00005072,12815,CUS0011919,2024-11-30,AGT
BKG00005073,9337,CUS0008698,2024-07-30,CTR
BKG00005074,13747,CUS0012769,2024-05-26,MOB
BKG00005075,2933,CUS0002738,2025-02-25,WEB
BKG00005076,16125,CUS0014971,2025-02-24,CTR
BKG00005077,10112,CUS0009413,2026-05-17,AGT
BKG00005078,1413,CUS0001311,2024-05-31,MOB
BKG00005079,4791,CUS0004466,2025-07-28,MOB
BKG00005080,3661,CUS0003413,2024-12-06,OTA
BKG00005081,9714,CUS0009050,2024-07-23,MOB
BKG00005082,11522,CUS0010717,2025-03-12,CTR
BKG00005083,11418,CUS0010621,2025-04-07,WEB
BKG00005084,12668,CUS0011782,2025-12-20,GDS
BKG00005085,1385,CUS0001289,2023-11-07,AGT
BKG00005086,9087,CUS0008469,2024-10-05,OTA
BKG00005087,13579,CUS0012616,2023-12-04,OTA
BKG00005088,7122,CUS0006644,2024-01-21,AGT
BKG00005089,12382,CUS0011523,2023-06-11,GDS
BKG00005090,2525,CUS0002354,2023-09-27,GDS
BKG00005091,8983,CUS0008373,2023-06-28,OTA
BKG00005092,8434,CUS0007858,2025-05-11,MOB
BKG00005093,410,CUS0000380,2025-08-05,MOB
BKG00005094,12450,CUS0011587,2026-04-08,AGT
BKG00005095,3692,CUS0003441,2025-01-05,AGT
BKG00005096,13127,CUS0012202,2025-01-30,CTR
BKG00005097,14592,CUS0013552,2025-06-17,OTA
BKG00005098,9811,CUS0009136,2024-06-21,OTA
BKG00005099,8443,CUS0007866,2025-03-10,AGT
BKG00005100,7772,CUS0007241,2025-11-12,WEB
BKG00005101,4723,CUS0004402,2025-01-09,GDS
BKG00005102,8279,CUS0007714,2024-01-28,MOB
BKG00005103,3620,CUS0003374,2025-03-10,AGT
BKG00005104,10371,CUS0009652,2026-05-07,AGT
BKG00005105,12760,CUS0011869,2024-11-26,WEB
BKG00005106,10961,CUS0010204,2025-11-20,MOB
BKG00005107,2148,CUS0002001,2025-11-17,MOB
BKG00005108,13181,CUS0012250,2024-09-19,GDS
BKG00005109,701,CUS0000651,2024-08-23,WEB
BKG00005110,9179,CUS0008554,2025-12-29,MOB
BKG00005111,14579,CUS0013540,2026-05-17,MOB
BKG00005112,8544,CUS0007960,2026-02-18,OTA
BKG00005113,195,CUS0000183,2023-07-28,MOB
BKG00005114,2059,CUS0001915,2023-06-10,GDS
BKG00005115,10392,CUS0009672,2025-01-14,OTA
BKG00005116,11249,CUS0010465,2024-08-04,AGT
BKG00005117,8404,CUS0007829,2024-07-09,OTA
BKG00005118,4253,CUS0003962,2025-05-23,OTA
BKG00005119,1516,CUS0001408,2025-02-06,CTR
BKG00005120,9335,CUS0008696,2025-02-24,WEB
BKG00005121,13427,CUS0012475,2026-01-21,OTA
BKG00005122,15322,CUS0014229,2024-05-20,AGT
BKG00005123,7855,CUS0007320,2024-06-10,AGT
BKG00005124,7540,CUS0007026,2026-02-01,AGT
BKG00005125,13459,CUS0012505,2026-03-25,OTA
BKG00005126,1465,CUS0001361,2024-05-04,OTA
BKG00005127,15936,CUS0014794,2025-06-29,WEB
BKG00005128,2502,CUS0002331,2023-07-11,WEB
BKG00005129,8995,CUS0008383,2026-01-27,GDS
BKG00005130,4586,CUS0004272,2024-06-27,OTA
BKG00005131,10706,CUS0009965,2023-08-02,CTR
BKG00005132,2441,CUS0002275,2023-08-29,WEB
BKG00005133,10124,CUS0009423,2024-06-21,OTA
BKG00005134,2062,CUS0001918,2025-02-13,OTA
BKG00005135,1490,CUS0001384,2025-01-30,GDS
BKG00005136,7170,CUS0006689,2024-05-29,MOB
BKG00005137,8995,CUS0008383,2025-08-26,GDS
BKG00005138,1560,CUS0001449,2025-06-21,CTR
BKG00005139,11523,CUS0010718,2023-11-04,CTR
BKG00005140,479,CUS0000445,2023-05-30,CTR
BKG00005141,6154,CUS0005736,2025-07-04,OTA
BKG00005142,138,CUS0000129,2026-01-17,AGT
BKG00005143,14040,CUS0013034,2023-10-22,MOB
BKG00005144,15639,CUS0014523,2026-02-09,WEB
BKG00005145,3425,CUS0003191,2025-02-27,MOB
BKG00005146,6303,CUS0005877,2023-12-14,MOB
BKG00005147,6506,CUS0006064,2025-11-07,OTA
BKG00005148,5801,CUS0005407,2026-01-20,CTR
BKG00005149,10628,CUS0009891,2024-02-08,AGT
BKG00005150,6337,CUS0005909,2025-02-08,MOB
BKG00005151,10520,CUS0009789,2025-10-22,GDS
BKG00005152,3179,CUS0002967,2023-11-13,WEB
BKG00005153,13566,CUS0012605,2023-07-07,AGT
BKG00005154,13232,CUS0012298,2026-01-21,AGT
BKG00005155,5707,CUS0005317,2026-01-03,GDS
BKG00005156,279,CUS0000260,2026-03-31,WEB
BKG00005157,11201,CUS0010419,2023-09-13,GDS
BKG00005158,12475,CUS0011610,2024-06-19,OTA
BKG00005159,14988,CUS0013925,2024-05-18,MOB
BKG00005160,40,CUS0000037,2024-06-12,CTR
BKG00005161,3047,CUS0002843,2025-08-15,MOB
BKG00005162,14955,CUS0013892,2026-01-03,OTA
BKG00005163,9995,CUS0009304,2025-06-20,GDS
BKG00005164,14273,CUS0013254,2024-10-22,MOB
BKG00005165,10880,CUS0010128,2023-09-03,GDS
BKG00005166,8157,CUS0007600,2025-09-01,WEB
BKG00005167,7839,CUS0007304,2024-11-30,WEB
BKG00005168,753,CUS0000700,2025-10-21,GDS
BKG00005169,12431,CUS0011570,2024-12-24,WEB
BKG00005170,1759,CUS0001634,2026-02-25,AGT
BKG00005171,13329,CUS0012385,2023-11-21,WEB
BKG00005172,12381,CUS0011522,2025-12-02,MOB
BKG00005173,11114,CUS0010341,2024-12-19,WEB
BKG00005174,3936,CUS0003670,2024-01-22,MOB
BKG00005175,2849,CUS0002658,2023-06-21,MOB
BKG00005176,11728,CUS0010913,2023-07-03,MOB
BKG00005177,4395,CUS0004093,2025-09-03,OTA
BKG00005178,12495,CUS0011628,2024-10-18,OTA
BKG00005179,3933,CUS0003667,2024-08-01,MOB
BKG00005180,12107,CUS0011273,2025-04-10,GDS
BKG00005181,12696,CUS0011809,2024-08-26,OTA
BKG00005182,5607,CUS0005221,2023-11-24,MOB
BKG00005183,14440,CUS0013409,2025-07-24,GDS
BKG00005184,12351,CUS0011497,2025-06-14,OTA
BKG00005185,7009,CUS0006540,2023-06-08,WEB
BKG00005186,13956,CUS0012956,2025-04-20,MOB
BKG00005187,6850,CUS0006393,2026-03-09,GDS
BKG00005188,12409,CUS0011548,2024-07-29,OTA
BKG00005189,15564,CUS0014455,2025-11-20,WEB
BKG00005190,15061,CUS0013992,2023-06-30,MOB
BKG00005191,1426,CUS0001324,2024-10-19,GDS
BKG00005192,3874,CUS0003613,2025-02-21,CTR
BKG00005193,2903,CUS0002709,2024-12-14,OTA
BKG00005194,5531,CUS0005149,2025-10-16,CTR
BKG00005195,16025,CUS0014878,2024-03-31,GDS
BKG00005196,3278,CUS0003058,2023-11-09,MOB
BKG00005197,3988,CUS0003718,2024-12-03,CTR
BKG00005198,11207,CUS0010425,2024-02-05,GDS
BKG00005199,2516,CUS0002345,2025-10-01,OTA
BKG00005200,12145,CUS0011307,2023-08-13,CTR
BKG00005201,14412,CUS0013382,2023-12-15,OTA
BKG00005202,3829,CUS0003569,2025-12-16,CTR
BKG00005203,7519,CUS0007007,2023-07-12,AGT
BKG00005204,12976,CUS0012067,2024-05-13,AGT
BKG00005205,12667,CUS0011781,2026-05-05,WEB
BKG00005206,10516,CUS0009786,2026-05-08,CTR
BKG00005207,6672,CUS0006225,2025-06-11,AGT
BKG00005208,959,CUS0000889,2025-05-06,GDS
BKG00005209,10253,CUS0009542,2024-04-17,MOB
BKG00005210,10220,CUS0009512,2025-07-23,WEB
BKG00005211,72,CUS0000067,2025-05-19,OTA
BKG00005212,1688,CUS0001568,2026-03-24,OTA
BKG00005213,11091,CUS0010322,2025-06-11,WEB
BKG00005214,13066,CUS0012148,2023-07-17,GDS
BKG00005215,1228,CUS0001143,2024-09-09,AGT
BKG00005216,15227,CUS0014143,2024-05-03,WEB
BKG00005217,9336,CUS0008697,2023-07-11,WEB
BKG00005218,7245,CUS0006755,2025-09-28,OTA
BKG00005219,3513,CUS0003278,2023-12-27,AGT
BKG00005220,15164,CUS0014083,2025-11-04,OTA
BKG00005221,10123,CUS0009422,2023-08-15,AGT
BKG00005222,11636,CUS0010826,2023-07-31,CTR
BKG00005223,6363,CUS0005933,2025-02-16,AGT
BKG00005224,11633,CUS0010823,2024-08-14,WEB
BKG00005225,13648,CUS0012677,2024-12-08,OTA
BKG00005226,11331,CUS0010542,2023-12-17,MOB
BKG00005227,11008,CUS0010247,2025-04-16,MOB
BKG00005228,1093,CUS0001016,2024-09-23,AGT
BKG00005229,10859,CUS0010110,2024-12-19,MOB
BKG00005230,9826,CUS0009150,2025-12-01,MOB
BKG00005231,11522,CUS0010717,2023-06-28,OTA
BKG00005232,4178,CUS0003893,2024-11-19,OTA
BKG00005233,2650,CUS0002471,2025-04-16,AGT
BKG00005234,4838,CUS0004508,2024-10-02,AGT
BKG00005235,10627,CUS0009890,2026-02-16,OTA
BKG00005236,158,CUS0000148,2023-07-27,AGT
BKG00005237,1414,CUS0001312,2023-05-31,OTA
BKG00005238,2992,CUS0002792,2025-10-02,AGT
BKG00005239,12833,CUS0011936,2025-06-06,AGT
BKG00005240,9366,CUS0008724,2026-01-12,WEB
BKG00005241,934,CUS0000866,2024-07-15,AGT
BKG00005242,14334,CUS0013309,2023-12-29,GDS
BKG00005243,4627,CUS0004310,2025-06-05,CTR
BKG00005244,7185,CUS0006702,2023-09-07,WEB
BKG00005245,11016,CUS0010254,2026-02-10,OTA
BKG00005246,7857,CUS0007322,2025-07-23,AGT
BKG00005247,8029,CUS0007483,2023-10-08,CTR
BKG00005248,10246,CUS0009535,2023-12-31,MOB
BKG00005249,15973,CUS0014830,2023-11-09,AGT
BKG00005250,3249,CUS0003031,2024-11-26,OTA
BKG00005251,7076,CUS0006601,2025-01-08,AGT
BKG00005252,10946,CUS0010189,2025-12-23,AGT
BKG00005253,7029,CUS0006558,2025-05-31,AGT
BKG00005254,4676,CUS0004357,2024-02-25,CTR
BKG00005255,15214,CUS0014130,2025-08-19,MOB
BKG00005256,9201,CUS0008574,2023-07-16,CTR
BKG00005257,7620,CUS0007102,2025-01-05,MOB
BKG00005258,13540,CUS0012579,2023-06-15,CTR
BKG00005259,10876,CUS0010125,2025-02-24,AGT
BKG00005260,9899,CUS0009217,2023-07-18,CTR
BKG00005261,7235,CUS0006745,2024-09-21,CTR
BKG00005262,190,CUS0000178,2024-07-17,WEB
BKG00005263,3246,CUS0003028,2024-05-04,AGT
BKG00005264,7408,CUS0006904,2024-03-24,GDS
BKG00005265,10037,CUS0009342,2024-11-10,AGT
BKG00005266,10789,CUS0010043,2024-05-31,MOB
BKG00005267,14670,CUS0013627,2025-09-11,WEB
BKG00005268,600,CUS0000556,2024-07-23,OTA
BKG00005269,5479,CUS0005101,2026-04-14,GDS
BKG00005270,7075,CUS0006600,2023-06-25,OTA
BKG00005271,15953,CUS0014811,2025-10-31,MOB
BKG00005272,13029,CUS0012115,2026-03-23,OTA
BKG00005273,10880,CUS0010128,2023-09-26,OTA
BKG00005274,5399,CUS0005029,2025-04-19,MOB
BKG00005275,13077,CUS0012157,2024-10-30,CTR
BKG00005276,3132,CUS0002922,2025-11-23,CTR
BKG00005277,1595,CUS0001481,2024-06-22,CTR
BKG00005278,15726,CUS0014602,2026-04-18,MOB
BKG00005279,2715,CUS0002533,2026-04-04,OTA
BKG00005280,6386,CUS0005956,2025-12-03,WEB
BKG00005281,14505,CUS0013471,2023-12-30,MOB
BKG00005282,6596,CUS0006152,2025-01-23,GDS
BKG00005283,13960,CUS0012960,2025-02-21,AGT
BKG00005284,10457,CUS0009733,2026-01-23,WEB
BKG00005285,8519,CUS0007936,2025-08-12,AGT
BKG00005286,9438,CUS0008794,2026-01-05,MOB
BKG00005287,14848,CUS0013794,2023-06-17,GDS
BKG00005288,2759,CUS0002576,2025-10-15,CTR
BKG00005289,8065,CUS0007514,2025-03-09,MOB
BKG00005290,1983,CUS0001843,2023-08-30,MOB
BKG00005291,7626,CUS0007107,2025-12-09,CTR
BKG00005292,12157,CUS0011317,2023-10-22,WEB
BKG00005293,9798,CUS0009125,2023-08-26,GDS
BKG00005294,7527,CUS0007014,2024-09-11,WEB
BKG00005295,2957,CUS0002759,2025-11-30,MOB
BKG00005296,10319,CUS0009604,2025-03-07,GDS
BKG00005297,4022,CUS0003750,2023-07-11,WEB
BKG00005298,7210,CUS0006725,2026-01-27,OTA
BKG00005299,14906,CUS0013846,2024-02-18,WEB
BKG00005300,2064,CUS0001920,2023-06-10,AGT
BKG00005301,3172,CUS0002960,2024-12-16,OTA
BKG00005302,14618,CUS0013577,2024-12-22,WEB
BKG00005303,5209,CUS0004848,2025-10-17,AGT
BKG00005304,174,CUS0000163,2026-04-01,AGT
BKG00005305,11934,CUS0011111,2025-02-26,MOB
BKG00005306,5493,CUS0005114,2026-05-06,WEB
BKG00005307,15662,CUS0014543,2024-11-11,GDS
BKG00005308,7339,CUS0006844,2023-08-21,WEB
BKG00005309,11707,CUS0010893,2026-02-03,AGT
BKG00005310,10857,CUS0010108,2024-11-03,GDS
BKG00005311,2013,CUS0001871,2024-09-22,MOB
BKG00005312,8792,CUS0008192,2023-10-18,GDS
BKG00005313,8447,CUS0007870,2025-03-21,CTR
BKG00005314,3809,CUS0003549,2025-06-09,CTR
BKG00005315,6651,CUS0006205,2025-09-02,OTA
BKG00005316,392,CUS0000362,2025-08-12,OTA
BKG00005317,8189,CUS0007630,2026-03-20,WEB
BKG00005318,4776,CUS0004452,2024-12-19,MOB
BKG00005319,765,CUS0000710,2024-03-05,AGT
BKG00005320,9560,CUS0008907,2025-08-04,GDS
BKG00005321,14138,CUS0013129,2023-12-28,GDS
BKG00005322,12701,CUS0011814,2025-09-17,OTA
BKG00005323,8681,CUS0008088,2025-03-09,AGT
BKG00005324,9343,CUS0008703,2025-09-16,GDS
BKG00005325,3312,CUS0003090,2024-12-30,OTA
BKG00005326,12299,CUS0011449,2024-10-01,CTR
BKG00005327,12075,CUS0011242,2025-08-20,OTA
BKG00005328,4385,CUS0004084,2024-03-30,WEB
BKG00005329,12368,CUS0011511,2025-05-25,AGT
BKG00005330,1338,CUS0001245,2025-10-20,MOB
BKG00005331,2274,CUS0002121,2025-08-21,GDS
BKG00005332,10641,CUS0009903,2024-06-14,OTA
BKG00005333,2076,CUS0001932,2023-12-31,OTA
BKG00005334,4292,CUS0003998,2024-08-22,AGT
BKG00005335,5685,CUS0005298,2024-03-10,OTA
BKG00005336,14339,CUS0013314,2025-07-30,MOB
BKG00005337,2142,CUS0001995,2024-04-02,CTR
BKG00005338,8283,CUS0007718,2024-02-03,WEB
BKG00005339,11383,CUS0010589,2025-10-17,AGT
BKG00005340,6096,CUS0005681,2024-06-30,WEB
BKG00005341,10929,CUS0010173,2023-10-27,CTR
BKG00005342,14443,CUS0013412,2024-09-14,MOB
BKG00005343,15977,CUS0014833,2025-09-16,MOB
BKG00005344,1153,CUS0001070,2024-09-03,GDS
BKG00005345,15256,CUS0014169,2026-04-01,MOB
BKG00005346,12741,CUS0011852,2025-02-18,OTA
BKG00005347,16042,CUS0014895,2025-07-17,CTR
BKG00005348,15281,CUS0014190,2025-05-04,MOB
BKG00005349,3048,CUS0002844,2025-09-20,MOB
BKG00005350,4832,CUS0004502,2025-07-01,WEB
BKG00005351,12437,CUS0011575,2026-01-18,CTR
BKG00005352,14804,CUS0013753,2025-08-10,OTA
BKG00005353,11181,CUS0010400,2023-07-29,WEB
BKG00005354,15696,CUS0014574,2025-05-27,AGT
BKG00005355,8756,CUS0008159,2025-08-03,OTA
BKG00005356,10106,CUS0009408,2023-07-15,MOB
BKG00005357,9336,CUS0008697,2024-06-16,MOB
BKG00005358,4661,CUS0004342,2026-02-19,WEB
BKG00005359,7149,CUS0006670,2025-02-12,MOB
BKG00005360,15530,CUS0014423,2025-05-30,MOB
BKG00005361,14948,CUS0013885,2026-02-27,MOB
BKG00005362,5635,CUS0005249,2025-04-21,AGT
BKG00005363,13297,CUS0012357,2026-04-08,MOB
BKG00005364,8963,CUS0008354,2025-01-03,GDS
BKG00005365,4858,CUS0004527,2025-05-05,OTA
BKG00005366,15691,CUS0014570,2024-12-01,WEB
BKG00005367,2465,CUS0002298,2023-07-05,CTR
BKG00005368,1981,CUS0001841,2024-04-01,MOB
BKG00005369,3704,CUS0003453,2025-10-26,MOB
BKG00005370,2668,CUS0002488,2023-10-08,GDS
BKG00005371,7435,CUS0006931,2023-07-21,WEB
BKG00005372,15197,CUS0014114,2024-08-26,MOB
BKG00005373,10321,CUS0009606,2023-11-23,MOB
BKG00005374,14043,CUS0013037,2025-04-09,WEB
BKG00005375,9902,CUS0009220,2026-04-28,WEB
BKG00005376,7217,CUS0006730,2023-08-19,OTA
BKG00005377,8801,CUS0008201,2025-09-28,WEB
BKG00005378,6821,CUS0006365,2025-02-06,OTA
BKG00005379,3753,CUS0003496,2026-04-08,AGT
BKG00005380,9000,CUS0008388,2025-12-31,OTA
BKG00005381,13939,CUS0012942,2026-05-14,OTA
BKG00005382,13044,CUS0012129,2024-05-18,WEB
BKG00005383,2441,CUS0002275,2025-12-18,CTR
BKG00005384,10245,CUS0009534,2026-01-17,CTR
BKG00005385,7460,CUS0006952,2025-07-06,GDS
BKG00005386,12366,CUS0011509,2025-05-13,MOB
BKG00005387,15075,CUS0014005,2024-10-21,WEB
BKG00005388,9086,CUS0008468,2025-07-07,AGT
BKG00005389,534,CUS0000495,2023-07-01,OTA
BKG00005390,8938,CUS0008332,2025-10-01,MOB
BKG00005391,14140,CUS0013131,2023-10-21,WEB
BKG00005392,10805,CUS0010058,2025-12-22,GDS
BKG00005393,6858,CUS0006401,2025-04-24,CTR
BKG00005394,514,CUS0000475,2023-10-13,AGT
BKG00005395,5214,CUS0004853,2024-06-26,GDS
BKG00005396,3514,CUS0003279,2024-05-06,OTA
BKG00005397,409,CUS0000379,2024-04-11,GDS
BKG00005398,8335,CUS0007763,2025-08-08,MOB
BKG00005399,13212,CUS0012280,2025-04-07,WEB
BKG00005400,9630,CUS0008971,2024-07-24,CTR
BKG00005401,5940,CUS0005536,2024-02-08,CTR
BKG00005402,4149,CUS0003866,2026-03-19,GDS
BKG00005403,8083,CUS0007528,2024-06-09,OTA
BKG00005404,4220,CUS0003932,2024-04-21,MOB
BKG00005405,6179,CUS0005757,2026-03-17,CTR
BKG00005406,11783,CUS0010963,2025-12-08,AGT
BKG00005407,4533,CUS0004224,2024-06-13,AGT
BKG00005408,787,CUS0000730,2023-09-23,CTR
BKG00005409,14242,CUS0013226,2025-03-25,OTA
BKG00005410,16157,CUS0014998,2025-03-17,AGT
BKG00005411,15953,CUS0014811,2023-07-21,AGT
BKG00005412,4292,CUS0003998,2025-08-10,MOB
BKG00005413,16060,CUS0014911,2026-04-16,MOB
BKG00005414,11360,CUS0010568,2025-01-07,OTA
BKG00005415,11955,CUS0011131,2023-09-27,AGT
BKG00005416,13025,CUS0012111,2024-05-26,MOB
BKG00005417,3465,CUS0003230,2026-04-09,AGT
BKG00005418,5757,CUS0005365,2024-07-25,WEB
BKG00005419,6902,CUS0006443,2023-06-06,CTR
BKG00005420,13237,CUS0012302,2025-02-25,CTR
BKG00005421,13638,CUS0012668,2025-09-21,OTA
BKG00005422,15240,CUS0014155,2026-02-22,OTA
BKG00005423,4278,CUS0003986,2025-05-03,MOB
BKG00005424,12880,CUS0011983,2024-07-04,CTR
BKG00005425,10898,CUS0010145,2024-05-15,WEB
BKG00005426,2819,CUS0002632,2026-03-11,OTA
BKG00005427,15919,CUS0014777,2024-08-29,OTA
BKG00005428,8775,CUS0008176,2026-03-31,AGT
BKG00005429,1578,CUS0001466,2024-12-04,AGT
BKG00005430,16109,CUS0014956,2026-03-24,MOB
BKG00005431,8326,CUS0007756,2023-12-26,CTR
BKG00005432,85,CUS0000079,2024-11-19,GDS
BKG00005433,6632,CUS0006188,2024-09-10,OTA
BKG00005434,13291,CUS0012352,2024-12-02,OTA
BKG00005435,9706,CUS0009043,2024-05-18,OTA
BKG00005436,11310,CUS0010522,2025-01-04,GDS
BKG00005437,14301,CUS0013281,2025-12-14,GDS
BKG00005438,13976,CUS0012975,2025-10-01,CTR
BKG00005439,12136,CUS0011300,2023-07-12,GDS
BKG00005440,9056,CUS0008441,2025-06-30,CTR
BKG00005441,2998,CUS0002797,2024-10-28,GDS
BKG00005442,13202,CUS0012270,2026-04-29,CTR
BKG00005443,6271,CUS0005845,2024-06-20,AGT
BKG00005444,5562,CUS0005178,2024-05-18,WEB
BKG00005445,2592,CUS0002416,2024-09-23,GDS
BKG00005446,13520,CUS0012561,2025-11-27,WEB
BKG00005447,13038,CUS0012124,2024-08-14,WEB
BKG00005448,1822,CUS0001691,2023-11-14,CTR
BKG00005449,12606,CUS0011726,2024-01-03,MOB
BKG00005450,7403,CUS0006899,2024-12-24,WEB
BKG00005451,6943,CUS0006479,2024-02-08,MOB
BKG00005452,14101,CUS0013095,2023-12-15,AGT
BKG00005453,8735,CUS0008140,2025-11-25,WEB
BKG00005454,13876,CUS0012884,2023-12-30,AGT
BKG00005455,11531,CUS0010726,2025-12-03,AGT
BKG00005456,5637,CUS0005251,2024-03-18,OTA
BKG00005457,5417,CUS0005044,2025-09-30,OTA
BKG00005458,7193,CUS0006710,2024-10-27,AGT
BKG00005459,5922,CUS0005519,2026-05-02,WEB
BKG00005460,5876,CUS0005478,2024-01-09,OTA
BKG00005461,11001,CUS0010241,2023-08-26,WEB
BKG00005462,14761,CUS0013713,2025-02-14,OTA
BKG00005463,3090,CUS0002883,2024-05-26,MOB
BKG00005464,12291,CUS0011442,2024-06-01,CTR
BKG00005465,7346,CUS0006850,2025-11-24,WEB
BKG00005466,5382,CUS0005013,2024-02-16,OTA
BKG00005467,381,CUS0000352,2024-05-06,CTR
BKG00005468,5363,CUS0004996,2025-10-07,WEB
BKG00005469,3950,CUS0003683,2023-10-03,AGT
BKG00005470,11489,CUS0010689,2026-02-05,CTR
BKG00005471,2987,CUS0002788,2024-12-18,MOB
BKG00005472,14126,CUS0013119,2024-01-04,OTA
BKG00005473,13619,CUS0012651,2025-11-12,CTR
BKG00005474,1136,CUS0001054,2025-12-19,OTA
BKG00005475,12519,CUS0011651,2023-11-01,WEB
BKG00005476,1495,CUS0001389,2024-04-18,AGT
BKG00005477,161,CUS0000151,2024-03-21,WEB
BKG00005478,11820,CUS0010999,2025-01-28,WEB
BKG00005479,10161,CUS0009456,2025-10-10,WEB
BKG00005480,6054,CUS0005642,2025-12-22,WEB
BKG00005481,11694,CUS0010880,2024-02-14,OTA
BKG00005482,12811,CUS0011915,2024-12-28,OTA
BKG00005483,12916,CUS0012014,2024-07-28,MOB
BKG00005484,11772,CUS0010953,2024-09-01,CTR
BKG00005485,1798,CUS0001668,2026-03-02,GDS
BKG00005486,5365,CUS0004998,2026-02-25,OTA
BKG00005487,8862,CUS0008259,2026-03-24,AGT
BKG00005488,12669,CUS0011783,2024-09-24,WEB
BKG00005489,11427,CUS0010630,2025-10-09,AGT
BKG00005490,9284,CUS0008648,2023-09-01,WEB
BKG00005491,607,CUS0000563,2026-04-04,AGT
BKG00005492,12933,CUS0012029,2025-06-30,GDS
BKG00005493,12327,CUS0011474,2024-05-01,MOB
BKG00005494,16043,CUS0014896,2023-05-27,OTA
BKG00005495,6268,CUS0005842,2025-01-04,WEB
BKG00005496,10193,CUS0009486,2023-10-27,GDS
BKG00005497,13798,CUS0012814,2024-09-05,MOB
BKG00005498,7003,CUS0006535,2025-10-10,MOB
BKG00005499,5139,CUS0004780,2024-09-02,AGT
BKG00005500,4795,CUS0004469,2023-06-18,OTA
BKG00005501,5604,CUS0005218,2024-10-09,GDS
BKG00005502,6537,CUS0006095,2025-12-18,CTR
BKG00005503,2784,CUS0002599,2025-02-15,OTA
BKG00005504,8689,CUS0008096,2023-12-25,GDS
BKG00005505,9804,CUS0009130,2023-08-08,MOB
BKG00005506,12149,CUS0011310,2023-07-10,AGT
BKG00005507,14876,CUS0013818,2023-08-02,OTA
BKG00005508,9401,CUS0008757,2025-07-19,OTA
BKG00005509,6276,CUS0005850,2025-12-26,CTR
BKG00005510,8772,CUS0008173,2026-01-07,MOB
BKG00005511,2619,CUS0002442,2023-10-26,WEB
BKG00005512,6513,CUS0006071,2024-02-19,WEB
BKG00005513,2131,CUS0001984,2026-02-17,AGT
BKG00005514,1515,CUS0001407,2025-10-08,GDS
BKG00005515,386,CUS0000356,2024-11-10,WEB
BKG00005516,2461,CUS0002294,2023-06-09,GDS
BKG00005517,9114,CUS0008494,2023-07-26,OTA
BKG00005518,11874,CUS0011052,2025-06-01,CTR
BKG00005519,7675,CUS0007150,2024-10-26,GDS
BKG00005520,8060,CUS0007509,2024-05-30,GDS
BKG00005521,7613,CUS0007095,2023-12-28,AGT
BKG00005522,2136,CUS0001989,2023-08-09,CTR
BKG00005523,3107,CUS0002897,2024-02-11,WEB
BKG00005524,2332,CUS0002174,2026-05-14,CTR
BKG00005525,14409,CUS0013379,2023-07-07,GDS
BKG00005526,7057,CUS0006583,2025-02-19,MOB
BKG00005527,7730,CUS0007202,2024-01-09,GDS
BKG00005528,6004,CUS0005594,2024-11-10,OTA
BKG00005529,14691,CUS0013647,2026-03-23,OTA
BKG00005530,11684,CUS0010871,2025-08-27,GDS
BKG00005531,10962,CUS0010205,2026-04-15,OTA
BKG00005532,12745,CUS0011856,2024-01-13,MOB
BKG00005533,1831,CUS0001699,2024-06-12,AGT
BKG00005534,12045,CUS0011213,2023-10-12,CTR
BKG00005535,3328,CUS0003104,2026-02-08,GDS
BKG00005536,6710,CUS0006260,2025-03-03,GDS
BKG00005537,15522,CUS0014415,2024-11-01,WEB
BKG00005538,1615,CUS0001501,2025-10-12,GDS
BKG00005539,2885,CUS0002692,2025-09-12,OTA
BKG00005540,3564,CUS0003324,2023-10-18,OTA
BKG00005541,3142,CUS0002932,2024-03-21,MOB
BKG00005542,10682,CUS0009941,2025-07-23,MOB
BKG00005543,13462,CUS0012508,2024-10-25,CTR
BKG00005544,6983,CUS0006518,2025-04-29,MOB
BKG00005545,15213,CUS0014129,2025-04-20,CTR
BKG00005546,11456,CUS0010656,2023-10-08,WEB
BKG00005547,9432,CUS0008788,2025-05-12,GDS
BKG00005548,11230,CUS0010447,2023-10-31,CTR
BKG00005549,3529,CUS0003293,2025-05-06,AGT
BKG00005550,13076,CUS0012156,2025-06-09,AGT
BKG00005551,12049,CUS0011217,2023-10-26,GDS
BKG00005552,5977,CUS0005571,2025-03-13,CTR
BKG00005553,13610,CUS0012643,2024-10-09,MOB
BKG00005554,11011,CUS0010249,2024-12-25,GDS
BKG00005555,11181,CUS0010400,2024-08-29,MOB
BKG00005556,8411,CUS0007836,2023-06-02,OTA
BKG00005557,1744,CUS0001619,2024-11-01,MOB
BKG00005558,1370,CUS0001275,2023-11-01,OTA
BKG00005559,9143,CUS0008522,2025-01-15,AGT
BKG00005560,6661,CUS0006215,2024-05-29,MOB
BKG00005561,15222,CUS0014138,2026-03-09,WEB
BKG00005562,8297,CUS0007730,2023-08-13,WEB
BKG00005563,3612,CUS0003368,2024-04-13,CTR
BKG00005564,10065,CUS0009369,2026-03-15,OTA
BKG00005565,8372,CUS0007799,2024-12-11,AGT
BKG00005566,8193,CUS0007634,2024-01-29,AGT
BKG00005567,9741,CUS0009075,2023-09-03,OTA
BKG00005568,5271,CUS0004907,2023-11-23,AGT
BKG00005569,11179,CUS0010398,2025-12-26,WEB
BKG00005570,7808,CUS0007275,2024-06-03,CTR
BKG00005571,4576,CUS0004263,2026-03-28,OTA
BKG00005572,4329,CUS0004033,2025-07-19,CTR
BKG00005573,3731,CUS0003477,2023-11-17,OTA
BKG00005574,1495,CUS0001389,2024-12-02,WEB
BKG00005575,3245,CUS0003027,2025-04-29,MOB
BKG00005576,15519,CUS0014412,2026-03-22,GDS
BKG00005577,5277,CUS0004912,2025-03-07,GDS
BKG00005578,12197,CUS0011356,2025-02-26,MOB
BKG00005579,11391,CUS0010597,2024-06-14,CTR
BKG00005580,5701,CUS0005312,2025-10-06,WEB
BKG00005581,6593,CUS0006149,2025-11-17,CTR
BKG00005582,7008,CUS0006539,2025-10-27,GDS
BKG00005583,12127,CUS0011291,2025-09-21,MOB
BKG00005584,12684,CUS0011797,2023-11-26,WEB
BKG00005585,6974,CUS0006509,2025-05-30,OTA
BKG00005586,8102,CUS0007547,2024-02-08,OTA
BKG00005587,96,CUS0000089,2024-11-07,AGT
BKG00005588,5987,CUS0005579,2023-11-08,OTA
BKG00005589,12466,CUS0011602,2025-12-16,WEB
BKG00005590,3930,CUS0003665,2023-05-26,GDS
BKG00005591,5556,CUS0005172,2024-02-23,WEB
BKG00005592,2181,CUS0002033,2025-04-03,AGT
BKG00005593,7190,CUS0006707,2024-11-11,WEB
BKG00005594,5678,CUS0005291,2026-04-23,OTA
BKG00005595,8604,CUS0008017,2026-03-17,AGT
BKG00005596,766,CUS0000711,2025-06-08,OTA
BKG00005597,15014,CUS0013948,2025-11-14,GDS
BKG00005598,8934,CUS0008329,2024-06-03,GDS
BKG00005599,11765,CUS0010947,2024-04-24,WEB
BKG00005600,16151,CUS0014994,2024-03-01,MOB
BKG00005601,4082,CUS0003804,2024-07-16,GDS
BKG00005602,12854,CUS0011957,2025-11-13,AGT
BKG00005603,3098,CUS0002890,2024-03-20,CTR
BKG00005604,8247,CUS0007683,2025-10-22,AGT
BKG00005605,4172,CUS0003888,2023-07-20,OTA
BKG00005606,8599,CUS0008012,2024-11-14,GDS
BKG00005607,14684,CUS0013640,2023-08-31,CTR
BKG00005608,6288,CUS0005862,2025-05-24,GDS
BKG00005609,4452,CUS0004149,2026-02-03,MOB
BKG00005610,10975,CUS0010218,2023-06-14,GDS
BKG00005611,6112,CUS0005695,2026-01-19,MOB
BKG00005612,13354,CUS0012408,2025-12-31,CTR
BKG00005613,15078,CUS0014007,2024-08-05,CTR
BKG00005614,11534,CUS0010728,2025-01-03,CTR
BKG00005615,1083,CUS0001007,2023-10-30,CTR
BKG00005616,5505,CUS0005124,2025-02-12,OTA
BKG00005617,8291,CUS0007725,2025-11-26,WEB
BKG00005618,8733,CUS0008138,2023-10-31,AGT
BKG00005619,7712,CUS0007185,2026-01-19,OTA
BKG00005620,15509,CUS0014402,2024-05-07,AGT
BKG00005621,1698,CUS0001577,2025-02-06,GDS
BKG00005622,9255,CUS0008621,2023-08-21,GDS
BKG00005623,8581,CUS0007995,2026-03-08,OTA
BKG00005624,12123,CUS0011287,2025-03-31,OTA
BKG00005625,9243,CUS0008610,2024-05-24,CTR
BKG00005626,10904,CUS0010151,2023-11-26,GDS
BKG00005627,2094,CUS0001950,2024-03-06,AGT
BKG00005628,5910,CUS0005509,2024-04-29,WEB
BKG00005629,11577,CUS0010769,2023-10-06,AGT
BKG00005630,7601,CUS0007083,2023-12-08,WEB
BKG00005631,308,CUS0000285,2024-06-24,CTR
BKG00005632,205,CUS0000193,2024-08-09,OTA
BKG00005633,5005,CUS0004656,2023-11-17,MOB
BKG00005634,6391,CUS0005960,2024-06-07,AGT
BKG00005635,9421,CUS0008777,2026-02-13,MOB
BKG00005636,15226,CUS0014142,2025-02-28,OTA
BKG00005637,12687,CUS0011800,2024-11-22,WEB
BKG00005638,33,CUS0000031,2026-04-28,WEB
BKG00005639,7324,CUS0006830,2023-08-19,AGT
BKG00005640,14806,CUS0013755,2024-03-20,GDS
BKG00005641,591,CUS0000548,2025-12-31,AGT
BKG00005642,7851,CUS0007316,2025-04-02,AGT
BKG00005643,7589,CUS0007073,2025-01-06,WEB
BKG00005644,4333,CUS0004037,2026-03-08,AGT
BKG00005645,12072,CUS0011239,2025-07-10,OTA
BKG00005646,13380,CUS0012431,2026-05-01,OTA
BKG00005647,3903,CUS0003639,2026-03-08,WEB
BKG00005648,560,CUS0000517,2026-05-04,AGT
BKG00005649,14274,CUS0013255,2026-02-23,AGT
BKG00005650,8056,CUS0007506,2023-12-03,AGT
BKG00005651,3326,CUS0003102,2023-09-24,OTA
BKG00005652,1547,CUS0001437,2024-10-22,OTA
BKG00005653,2722,CUS0002540,2023-11-06,GDS
BKG00005654,4858,CUS0004527,2025-05-19,AGT
BKG00005655,2703,CUS0002521,2025-08-24,AGT
BKG00005656,1499,CUS0001393,2026-01-05,MOB
BKG00005657,9450,CUS0008806,2024-08-27,WEB
BKG00005658,4322,CUS0004027,2025-07-04,MOB
BKG00005659,1044,CUS0000970,2024-06-16,CTR
BKG00005660,5210,CUS0004849,2025-05-10,MOB
BKG00005661,13935,CUS0012939,2026-02-17,CTR
BKG00005662,968,CUS0000898,2024-06-20,WEB
BKG00005663,13309,CUS0012365,2025-02-26,CTR
BKG00005664,15278,CUS0014187,2025-07-07,WEB
BKG00005665,9500,CUS0008851,2023-07-15,GDS
BKG00005666,15423,CUS0014325,2025-07-10,AGT
BKG00005667,6186,CUS0005764,2023-07-16,MOB
BKG00005668,7978,CUS0007438,2024-08-20,OTA
BKG00005669,1884,CUS0001751,2026-04-07,MOB
BKG00005670,12772,CUS0011881,2024-05-29,GDS
BKG00005671,315,CUS0000292,2025-10-26,WEB
BKG00005672,2833,CUS0002645,2026-05-01,GDS
BKG00005673,11142,CUS0010365,2023-06-17,AGT
BKG00005674,7727,CUS0007199,2025-01-19,OTA
BKG00005675,6022,CUS0005612,2023-08-22,AGT
BKG00005676,13264,CUS0012327,2025-04-28,CTR
BKG00005677,6779,CUS0006324,2024-10-17,WEB
BKG00005678,14525,CUS0013490,2023-06-10,CTR
BKG00005679,10030,CUS0009336,2026-01-01,AGT
BKG00005680,11622,CUS0010812,2023-12-21,OTA
BKG00005681,2297,CUS0002142,2024-07-28,WEB
BKG00005682,6726,CUS0006276,2025-11-18,MOB
BKG00005683,15238,CUS0014153,2024-08-11,OTA
BKG00005684,9427,CUS0008783,2023-07-21,CTR
BKG00005685,8035,CUS0007487,2023-11-07,CTR
BKG00005686,2281,CUS0002128,2023-06-26,AGT
BKG00005687,548,CUS0000507,2025-10-23,MOB
BKG00005688,13230,CUS0012296,2025-08-13,CTR
BKG00005689,2518,CUS0002347,2023-06-16,OTA
BKG00005690,3429,CUS0003195,2025-11-18,GDS
BKG00005691,6115,CUS0005698,2024-11-10,OTA
BKG00005692,2624,CUS0002447,2026-03-16,MOB
BKG00005693,387,CUS0000357,2025-06-01,OTA
BKG00005694,3328,CUS0003104,2023-07-16,CTR
BKG00005695,5057,CUS0004704,2024-04-03,CTR
BKG00005696,1097,CUS0001019,2025-09-27,MOB
BKG00005697,145,CUS0000136,2026-04-08,MOB
BKG00005698,6206,CUS0005781,2025-05-23,WEB
BKG00005699,6050,CUS0005638,2025-07-06,GDS
BKG00005700,13699,CUS0012724,2023-06-28,WEB
BKG00005701,6873,CUS0006415,2025-02-09,WEB
BKG00005702,10607,CUS0009870,2025-05-17,OTA
BKG00005703,12589,CUS0011712,2023-10-22,OTA
BKG00005704,7205,CUS0006720,2024-08-21,GDS
BKG00005705,2660,CUS0002481,2023-06-11,MOB
BKG00005706,10521,CUS0009790,2023-12-31,WEB
BKG00005707,13418,CUS0012468,2025-12-18,AGT
BKG00005708,15540,CUS0014433,2024-04-03,OTA
BKG00005709,5346,CUS0004980,2024-09-12,WEB
BKG00005710,9612,CUS0008954,2025-12-01,OTA
BKG00005711,12094,CUS0011261,2025-09-05,WEB
BKG00005712,7812,CUS0007279,2026-03-18,WEB
BKG00005713,14621,CUS0013580,2025-07-17,WEB
BKG00005714,3647,CUS0003399,2025-09-29,CTR
BKG00005715,3508,CUS0003273,2026-03-22,AGT
BKG00005716,11797,CUS0010977,2024-06-07,OTA
BKG00005717,1179,CUS0001094,2026-05-17,OTA
BKG00005718,7670,CUS0007146,2023-11-14,MOB
BKG00005719,6341,CUS0005913,2026-02-10,OTA
BKG00005720,8110,CUS0007554,2024-01-06,GDS
BKG00005721,6462,CUS0006023,2025-11-12,CTR
BKG00005722,4873,CUS0004541,2025-03-30,CTR
BKG00005723,12219,CUS0011378,2025-03-07,AGT
BKG00005724,12964,CUS0012057,2025-11-04,CTR
BKG00005725,13791,CUS0012808,2025-03-01,OTA
BKG00005726,15646,CUS0014529,2024-07-12,OTA
BKG00005727,13593,CUS0012627,2024-04-12,AGT
BKG00005728,12811,CUS0011915,2024-08-26,GDS
BKG00005729,7186,CUS0006703,2024-11-07,MOB
BKG00005730,33,CUS0000031,2023-10-16,GDS
BKG00005731,9987,CUS0009296,2024-09-11,MOB
BKG00005732,12447,CUS0011584,2026-03-06,AGT
BKG00005733,4999,CUS0004650,2026-04-28,CTR
BKG00005734,15478,CUS0014373,2025-03-21,GDS
BKG00005735,8520,CUS0007937,2025-05-20,MOB
BKG00005736,8008,CUS0007465,2024-07-06,WEB
BKG00005737,16136,CUS0014979,2025-07-17,AGT
BKG00005738,3250,CUS0003032,2023-09-30,WEB
BKG00005739,12445,CUS0011582,2024-04-02,CTR
BKG00005740,8398,CUS0007823,2025-10-12,GDS
BKG00005741,14032,CUS0013027,2024-11-13,WEB
BKG00005742,8415,CUS0007840,2023-12-26,OTA
BKG00005743,3520,CUS0003284,2024-12-05,MOB
BKG00005744,13993,CUS0012991,2024-11-10,GDS
BKG00005745,5337,CUS0004971,2025-06-15,AGT
BKG00005746,1477,CUS0001372,2025-05-25,GDS
BKG00005747,2803,CUS0002618,2025-05-19,AGT
BKG00005748,3255,CUS0003036,2024-06-07,OTA
BKG00005749,6369,CUS0005939,2024-05-28,WEB
BKG00005750,5156,CUS0004797,2025-01-06,OTA
BKG00005751,9735,CUS0009069,2023-11-24,CTR
BKG00005752,5770,CUS0005378,2026-01-11,WEB
BKG00005753,2184,CUS0002036,2024-11-23,CTR
BKG00005754,3186,CUS0002974,2025-05-04,CTR
BKG00005755,10301,CUS0009588,2026-05-16,CTR
BKG00005756,272,CUS0000253,2023-06-21,CTR
BKG00005757,1635,CUS0001521,2026-04-23,WEB
BKG00005758,1922,CUS0001788,2023-09-26,WEB
BKG00005759,2997,CUS0002796,2024-06-29,GDS
BKG00005760,4314,CUS0004020,2026-02-04,CTR
BKG00005761,11974,CUS0011150,2024-11-13,WEB
BKG00005762,229,CUS0000214,2024-07-31,AGT
BKG00005763,15149,CUS0014069,2023-11-28,WEB
BKG00005764,10598,CUS0009862,2025-07-20,CTR
BKG00005765,533,CUS0000494,2025-10-23,GDS
BKG00005766,12665,CUS0011780,2024-03-07,MOB
BKG00005767,9988,CUS0009297,2024-02-18,OTA
BKG00005768,9872,CUS0009191,2026-03-08,CTR
BKG00005769,4348,CUS0004050,2023-08-19,OTA
BKG00005770,7,CUS0000007,2023-12-30,MOB
BKG00005771,10579,CUS0009843,2024-04-26,WEB
BKG00005772,7443,CUS0006938,2025-07-17,AGT
BKG00005773,16,CUS0000015,2024-07-23,GDS
BKG00005774,11562,CUS0010755,2025-02-02,GDS
BKG00005775,14742,CUS0013695,2023-09-23,WEB
BKG00005776,15963,CUS0014821,2023-08-25,CTR
BKG00005777,14414,CUS0013384,2024-10-28,GDS
BKG00005778,3091,CUS0002884,2025-01-17,CTR
BKG00005779,8551,CUS0007967,2025-06-02,WEB
BKG00005780,3329,CUS0003105,2024-12-08,OTA
BKG00005781,5534,CUS0005152,2024-11-09,WEB
BKG00005782,11901,CUS0011079,2024-04-13,OTA
BKG00005783,9589,CUS0008934,2026-03-12,AGT
BKG00005784,8859,CUS0008256,2024-05-10,AGT
BKG00005785,2975,CUS0002776,2024-12-25,AGT
BKG00005786,766,CUS0000711,2023-09-07,MOB
BKG00005787,4402,CUS0004100,2026-04-07,OTA
BKG00005788,16002,CUS0014857,2025-10-18,GDS
BKG00005789,11801,CUS0010981,2024-01-16,CTR
BKG00005790,5007,CUS0004658,2024-06-11,AGT
BKG00005791,14626,CUS0013585,2025-01-04,MOB
BKG00005792,10797,CUS0010050,2025-08-21,AGT
BKG00005793,13402,CUS0012452,2023-06-16,GDS
BKG00005794,5119,CUS0004760,2025-02-24,MOB
BKG00005795,2616,CUS0002439,2025-11-29,OTA
BKG00005796,8623,CUS0008035,2023-12-04,GDS
BKG00005797,10449,CUS0009725,2024-11-16,AGT
BKG00005798,8976,CUS0008366,2025-04-25,MOB
BKG00005799,168,CUS0000157,2025-02-12,OTA
BKG00005800,15108,CUS0014036,2024-02-29,AGT
BKG00005801,2303,CUS0002148,2025-07-20,WEB
BKG00005802,4825,CUS0004497,2023-06-19,OTA
BKG00005803,3599,CUS0003357,2024-09-08,CTR
BKG00005804,2812,CUS0002626,2026-02-28,MOB
BKG00005805,4219,CUS0003931,2025-12-04,MOB
BKG00005806,1599,CUS0001485,2024-01-28,MOB
BKG00005807,12657,CUS0011773,2024-10-27,WEB
BKG00005808,1209,CUS0001124,2025-03-11,CTR
BKG00005809,3839,CUS0003579,2024-05-07,CTR
BKG00005810,13676,CUS0012702,2025-03-27,GDS
BKG00005811,15733,CUS0014608,2025-03-10,AGT
BKG00005812,9034,CUS0008420,2026-01-01,MOB
BKG00005813,2401,CUS0002239,2024-08-20,GDS
BKG00005814,8198,CUS0007639,2023-12-25,MOB
BKG00005815,4344,CUS0004046,2026-05-02,OTA
BKG00005816,7383,CUS0006883,2023-08-10,WEB
BKG00005817,1128,CUS0001047,2024-12-31,CTR
BKG00005818,15411,CUS0014313,2025-04-21,OTA
BKG00005819,3373,CUS0003146,2024-09-20,GDS
BKG00005820,1734,CUS0001609,2023-09-13,OTA
BKG00005821,8628,CUS0008039,2025-05-03,OTA
BKG00005822,6815,CUS0006359,2025-08-13,MOB
BKG00005823,10325,CUS0009609,2025-05-02,GDS
BKG00005824,9813,CUS0009138,2023-07-12,CTR
BKG00005825,2631,CUS0002454,2023-10-18,MOB
BKG00005826,6281,CUS0005855,2024-02-03,OTA
BKG00005827,3681,CUS0003431,2023-09-01,WEB
BKG00005828,9354,CUS0008714,2023-06-16,AGT
BKG00005829,12598,CUS0011719,2025-06-20,AGT
BKG00005830,4521,CUS0004213,2026-04-21,OTA
BKG00005831,15414,CUS0014316,2023-07-11,OTA
BKG00005832,12434,CUS0011572,2025-08-08,GDS
BKG00005833,10561,CUS0009826,2025-03-27,WEB
BKG00005834,5261,CUS0004898,2025-09-01,CTR
BKG00005835,9244,CUS0008611,2025-07-08,MOB
BKG00005836,5904,CUS0005504,2025-02-11,GDS
BKG00005837,3501,CUS0003266,2025-09-11,OTA
BKG00005838,8594,CUS0008007,2025-12-12,WEB
BKG00005839,14356,CUS0013330,2024-06-16,GDS
BKG00005840,9730,CUS0009064,2026-01-12,AGT
BKG00005841,9271,CUS0008636,2024-06-26,WEB
BKG00005842,1877,CUS0001744,2026-05-15,GDS
BKG00005843,8049,CUS0007499,2024-09-16,WEB
BKG00005844,1023,CUS0000950,2023-10-01,CTR
BKG00005845,12988,CUS0012078,2023-12-08,GDS
BKG00005846,10458,CUS0009734,2024-01-25,GDS
BKG00005847,6447,CUS0006010,2023-09-08,OTA
BKG00005848,699,CUS0000650,2025-02-04,GDS
BKG00005849,6365,CUS0005935,2024-04-27,WEB
BKG00005850,916,CUS0000848,2025-10-15,MOB
BKG00005851,3468,CUS0003233,2024-01-17,OTA
BKG00005852,7074,CUS0006599,2024-12-06,AGT
BKG00005853,5330,CUS0004964,2025-05-11,WEB
BKG00005854,5259,CUS0004896,2025-03-04,WEB
BKG00005855,8290,CUS0007724,2024-01-22,GDS
BKG00005856,1936,CUS0001802,2024-09-23,OTA
BKG00005857,15101,CUS0014029,2025-12-28,MOB
BKG00005858,1435,CUS0001333,2025-09-16,AGT
BKG00005859,401,CUS0000371,2025-05-12,OTA
BKG00005860,5410,CUS0005038,2024-01-20,MOB
BKG00005861,5818,CUS0005422,2024-05-04,AGT
BKG00005862,13987,CUS0012986,2026-01-11,WEB
BKG00005863,3361,CUS0003134,2025-10-16,GDS
BKG00005864,1772,CUS0001644,2025-06-29,CTR
BKG00005865,4111,CUS0003832,2024-07-28,AGT
BKG00005866,4592,CUS0004276,2025-02-03,CTR
BKG00005867,11080,CUS0010313,2025-05-18,GDS
BKG00005868,12326,CUS0011473,2025-01-19,CTR
BKG00005869,10087,CUS0009389,2026-03-18,MOB
BKG00005870,13898,CUS0012905,2025-04-29,MOB
BKG00005871,10759,CUS0010014,2024-06-24,WEB
BKG00005872,1035,CUS0000961,2023-09-06,AGT
BKG00005873,15686,CUS0014565,2025-03-08,CTR
BKG00005874,15406,CUS0014309,2024-01-28,WEB
BKG00005875,7760,CUS0007230,2025-09-29,GDS
BKG00005876,9530,CUS0008878,2025-12-15,OTA
BKG00005877,15704,CUS0014581,2023-08-24,AGT
BKG00005878,8915,CUS0008310,2025-05-11,OTA
BKG00005879,10731,CUS0009988,2023-11-14,AGT
BKG00005880,10547,CUS0009814,2025-08-04,WEB
BKG00005881,11939,CUS0011116,2024-03-14,CTR
BKG00005882,3063,CUS0002856,2023-07-16,CTR
BKG00005883,10371,CUS0009652,2023-09-13,AGT
BKG00005884,11898,CUS0011076,2026-03-26,MOB
BKG00005885,2074,CUS0001930,2025-03-09,GDS
BKG00005886,7624,CUS0007105,2026-04-20,CTR
BKG00005887,14876,CUS0013818,2024-10-12,GDS
BKG00005888,14079,CUS0013073,2025-05-19,WEB
BKG00005889,3994,CUS0003724,2024-08-24,CTR
BKG00005890,15348,CUS0014253,2025-07-23,MOB
BKG00005891,4604,CUS0004287,2023-09-20,GDS
BKG00005892,14667,CUS0013624,2024-11-24,CTR
BKG00005893,7568,CUS0007053,2025-04-30,MOB
BKG00005894,7193,CUS0006710,2024-08-08,OTA
BKG00005895,7419,CUS0006915,2024-03-12,WEB
BKG00005896,12706,CUS0011819,2023-08-28,GDS
BKG00005897,2095,CUS0001951,2024-03-12,OTA
BKG00005898,11480,CUS0010680,2024-03-31,AGT
BKG00005899,923,CUS0000855,2026-01-22,WEB
BKG00005900,9360,CUS0008720,2023-12-01,GDS
BKG00005901,383,CUS0000353,2025-08-10,OTA
BKG00005902,227,CUS0000212,2024-05-03,MOB
BKG00005903,5748,CUS0005358,2026-04-09,WEB
BKG00005904,15593,CUS0014481,2024-12-20,AGT
BKG00005905,13342,CUS0012396,2025-03-01,CTR
BKG00005906,230,CUS0000215,2025-06-18,AGT
BKG00005907,8772,CUS0008173,2026-05-09,CTR
BKG00005908,13679,CUS0012705,2023-08-10,GDS
BKG00005909,1207,CUS0001122,2024-08-18,WEB
BKG00005910,12280,CUS0011433,2024-11-18,OTA
BKG00005911,386,CUS0000356,2025-03-07,AGT
BKG00005912,8158,CUS0007601,2025-03-04,GDS
BKG00005913,7942,CUS0007404,2023-10-23,WEB
BKG00005914,4067,CUS0003792,2023-12-18,OTA
BKG00005915,11564,CUS0010756,2025-06-06,GDS
BKG00005916,366,CUS0000337,2023-10-15,WEB
BKG00005917,8894,CUS0008290,2024-09-01,MOB
BKG00005918,6944,CUS0006480,2026-03-16,MOB
BKG00005919,8501,CUS0007919,2024-02-05,OTA
BKG00005920,11837,CUS0011016,2025-11-28,GDS
BKG00005921,13955,CUS0012955,2023-06-04,OTA
BKG00005922,6591,CUS0006147,2025-08-31,MOB
BKG00005923,2387,CUS0002225,2025-01-24,AGT
BKG00005924,6110,CUS0005693,2024-07-12,WEB
BKG00005925,11302,CUS0010514,2024-09-05,GDS
BKG00005926,4581,CUS0004267,2023-10-27,GDS
BKG00005927,7658,CUS0007134,2024-02-15,MOB
BKG00005928,1650,CUS0001535,2024-12-25,CTR
BKG00005929,9632,CUS0008973,2025-06-19,CTR
BKG00005930,12992,CUS0012082,2024-11-27,MOB
BKG00005931,13022,CUS0012108,2024-05-20,CTR
BKG00005932,13060,CUS0012143,2023-08-04,MOB
BKG00005933,13110,CUS0012186,2023-11-30,AGT
BKG00005934,5616,CUS0005230,2026-03-23,CTR
BKG00005935,4034,CUS0003761,2023-08-22,WEB
BKG00005936,1320,CUS0001229,2023-11-18,GDS
BKG00005937,8913,CUS0008308,2023-06-05,OTA
BKG00005938,9949,CUS0009262,2026-02-12,GDS
BKG00005939,1081,CUS0001005,2023-09-19,GDS
BKG00005940,1168,CUS0001083,2024-10-20,CTR
BKG00005941,10334,CUS0009618,2024-01-01,MOB
BKG00005942,6353,CUS0005924,2024-10-01,GDS
BKG00005943,5750,CUS0005359,2024-06-24,WEB
BKG00005944,1826,CUS0001694,2026-01-12,GDS
BKG00005945,1365,CUS0001270,2023-12-20,OTA
BKG00005946,5204,CUS0004844,2025-02-06,AGT
BKG00005947,445,CUS0000411,2025-08-11,MOB
BKG00005948,5027,CUS0004677,2026-03-19,MOB
BKG00005949,9437,CUS0008793,2024-06-05,GDS
BKG00005950,5616,CUS0005230,2025-07-11,AGT
BKG00005951,7106,CUS0006630,2025-10-05,GDS
BKG00005952,3537,CUS0003300,2024-10-10,AGT
BKG00005953,1997,CUS0001856,2023-07-20,AGT
BKG00005954,1877,CUS0001744,2025-09-29,WEB
BKG00005955,2196,CUS0002047,2024-06-28,GDS
BKG00005956,6748,CUS0006295,2023-09-12,GDS
BKG00005957,43,CUS0000040,2025-10-01,MOB
BKG00005958,7739,CUS0007211,2025-03-23,CTR
BKG00005959,1617,CUS0001503,2024-01-11,AGT
BKG00005960,2335,CUS0002176,2026-02-21,GDS
BKG00005961,1333,CUS0001240,2024-07-31,OTA
BKG00005962,4872,CUS0004540,2025-07-11,WEB
BKG00005963,10911,CUS0010157,2024-10-17,CTR
BKG00005964,15985,CUS0014840,2026-01-31,AGT
BKG00005965,6440,CUS0006003,2024-01-11,GDS
BKG00005966,10601,CUS0009864,2025-03-09,WEB
BKG00005967,89,CUS0000083,2024-11-17,MOB
BKG00005968,10385,CUS0009665,2024-03-10,MOB
BKG00005969,5250,CUS0004887,2023-09-09,CTR
BKG00005970,2145,CUS0001998,2025-08-03,WEB
BKG00005971,1041,CUS0000967,2023-10-04,MOB
BKG00005972,3363,CUS0003136,2024-12-25,OTA
BKG00005973,11260,CUS0010475,2023-11-11,OTA
BKG00005974,3694,CUS0003443,2024-08-27,CTR
BKG00005975,3320,CUS0003096,2024-05-28,WEB
BKG00005976,11187,CUS0010406,2025-06-22,GDS
BKG00005977,5455,CUS0005078,2024-01-09,AGT
BKG00005978,2279,CUS0002126,2025-07-04,MOB
BKG00005979,1638,CUS0001524,2026-04-29,GDS
BKG00005980,6362,CUS0005932,2023-06-08,CTR
BKG00005981,8809,CUS0008209,2023-11-18,WEB
BKG00005982,1497,CUS0001391,2025-05-20,OTA
BKG00005983,12963,CUS0012056,2026-01-15,AGT
BKG00005984,13740,CUS0012762,2023-12-23,GDS
BKG00005985,13695,CUS0012720,2023-10-27,CTR
BKG00005986,13324,CUS0012380,2026-03-25,WEB
BKG00005987,3486,CUS0003251,2025-12-12,GDS
BKG00005988,14706,CUS0013661,2024-12-04,AGT
BKG00005989,7804,CUS0007271,2023-05-31,AGT
BKG00005990,9182,CUS0008557,2024-12-25,AGT
BKG00005991,10542,CUS0009809,2024-09-15,OTA
BKG00005992,4349,CUS0004051,2024-09-11,GDS
BKG00005993,10684,CUS0009943,2023-08-23,MOB
BKG00005994,9515,CUS0008864,2023-09-10,WEB
BKG00005995,6850,CUS0006393,2026-04-11,MOB
BKG00005996,10878,CUS0010127,2023-09-19,GDS
BKG00005997,11792,CUS0010972,2024-05-17,CTR
BKG00005998,2349,CUS0002189,2023-12-09,OTA
BKG00005999,9178,CUS0008553,2024-01-25,WEB
BKG00006000,8655,CUS0008065,2023-07-01,AGT
BKG00006001,14922,CUS0013860,2026-01-22,MOB
BKG00006002,10792,CUS0010046,2024-12-30,GDS
BKG00006003,1834,CUS0001702,2023-10-18,MOB
BKG00006004,1195,CUS0001110,2025-09-24,WEB
BKG00006005,11976,CUS0011152,2025-06-28,OTA
BKG00006006,13103,CUS0012180,2024-08-08,CTR
BKG00006007,14351,CUS0013326,2024-08-23,MOB
BKG00006008,5762,CUS0005370,2024-10-28,WEB
BKG00006009,9473,CUS0008828,2023-06-01,OTA
BKG00006010,14097,CUS0013091,2025-09-30,MOB
BKG00006011,4904,CUS0004566,2024-05-21,AGT
BKG00006012,3229,CUS0003015,2025-08-30,WEB
BKG00006013,15203,CUS0014119,2025-08-29,AGT
BKG00006014,2066,CUS0001922,2025-11-26,MOB
BKG00006015,1669,CUS0001553,2025-10-17,AGT
BKG00006016,9608,CUS0008951,2024-10-06,AGT
BKG00006017,3211,CUS0002998,2023-10-22,CTR
BKG00006018,9234,CUS0008603,2024-10-02,AGT
BKG00006019,13827,CUS0012841,2024-01-21,MOB
BKG00006020,10338,CUS0009622,2025-01-07,WEB
BKG00006021,4563,CUS0004250,2025-01-04,OTA
BKG00006022,5467,CUS0005090,2023-06-22,GDS
BKG00006023,775,CUS0000718,2025-07-09,AGT
BKG00006024,11641,CUS0010830,2024-06-20,OTA
BKG00006025,4971,CUS0004627,2025-11-17,MOB
BKG00006026,3680,CUS0003430,2024-06-22,MOB
BKG00006027,1645,CUS0001530,2026-04-08,MOB
BKG00006028,5641,CUS0005255,2024-07-28,CTR
BKG00006029,12364,CUS0011508,2026-04-10,OTA
BKG00006030,11523,CUS0010718,2025-09-16,OTA
BKG00006031,3380,CUS0003151,2026-03-24,MOB
BKG00006032,16091,CUS0014939,2026-03-08,AGT
BKG00006033,4856,CUS0004525,2024-09-06,OTA
BKG00006034,12468,CUS0011604,2025-05-03,MOB
BKG00006035,13034,CUS0012120,2024-02-15,CTR
BKG00006036,3221,CUS0003007,2025-09-24,MOB
BKG00006037,1052,CUS0000977,2024-10-28,GDS
BKG00006038,9043,CUS0008429,2025-09-29,AGT
BKG00006039,11287,CUS0010500,2026-01-28,WEB
BKG00006040,14417,CUS0013387,2023-09-19,WEB
BKG00006041,5809,CUS0005413,2024-07-26,AGT
BKG00006042,15739,CUS0014614,2025-12-01,WEB
BKG00006043,14791,CUS0013740,2023-08-15,CTR
BKG00006044,10275,CUS0009564,2025-08-04,CTR
BKG00006045,12192,CUS0011352,2025-04-04,AGT
BKG00006046,10511,CUS0009782,2024-11-19,AGT
BKG00006047,4746,CUS0004423,2025-01-04,AGT
BKG00006048,12964,CUS0012057,2025-02-06,WEB
BKG00006049,13118,CUS0012194,2025-11-24,CTR
BKG00006050,12105,CUS0011271,2023-09-18,AGT
BKG00006051,1458,CUS0001354,2024-08-24,GDS
BKG00006052,11056,CUS0010290,2024-05-05,GDS
BKG00006053,2820,CUS0002633,2025-09-07,MOB
BKG00006054,13498,CUS0012541,2025-09-12,MOB
BKG00006055,7059,CUS0006585,2024-10-09,CTR
BKG00006056,4301,CUS0004007,2026-01-14,OTA
BKG00006057,1763,CUS0001637,2026-04-25,AGT
BKG00006058,774,CUS0000717,2025-04-14,GDS
BKG00006059,3816,CUS0003556,2026-05-16,CTR
BKG00006060,6572,CUS0006128,2025-11-14,WEB
BKG00006061,5586,CUS0005200,2024-04-25,MOB
BKG00006062,5086,CUS0004730,2026-05-20,AGT
BKG00006063,3735,CUS0003480,2024-02-01,OTA
BKG00006064,7459,CUS0006951,2023-06-09,GDS
BKG00006065,15687,CUS0014566,2023-11-30,CTR
BKG00006066,5028,CUS0004678,2023-09-09,WEB
BKG00006067,6064,CUS0005651,2025-03-21,OTA
BKG00006068,15763,CUS0014634,2026-03-10,AGT
BKG00006069,107,CUS0000100,2024-05-07,CTR
BKG00006070,5308,CUS0004943,2025-11-06,GDS
BKG00006071,1686,CUS0001566,2024-05-02,GDS
BKG00006072,4868,CUS0004537,2025-05-14,OTA
BKG00006073,5615,CUS0005229,2024-04-07,GDS
BKG00006074,3436,CUS0003202,2023-12-30,GDS
BKG00006075,9774,CUS0009104,2024-03-29,WEB
BKG00006076,2120,CUS0001974,2025-09-13,CTR
BKG00006077,8520,CUS0007937,2025-10-03,WEB
BKG00006078,12656,CUS0011772,2023-12-21,OTA
BKG00006079,1581,CUS0001469,2023-11-23,MOB
BKG00006080,14317,CUS0013295,2024-02-22,WEB
BKG00006081,94,CUS0000087,2023-09-23,GDS
BKG00006082,3321,CUS0003097,2025-09-01,OTA
BKG00006083,625,CUS0000581,2024-11-21,CTR
BKG00006084,7349,CUS0006852,2025-04-05,WEB
BKG00006085,3072,CUS0002865,2024-05-01,AGT
BKG00006086,10338,CUS0009622,2025-08-12,CTR
BKG00006087,2887,CUS0002694,2024-05-17,GDS
BKG00006088,14157,CUS0013148,2026-04-26,MOB
BKG00006089,12035,CUS0011203,2023-11-03,MOB
BKG00006090,13470,CUS0012516,2023-07-09,GDS
BKG00006091,1939,CUS0001805,2024-03-21,CTR
BKG00006092,13553,CUS0012592,2025-03-01,WEB
BKG00006093,6431,CUS0005994,2024-05-20,GDS
BKG00006094,10450,CUS0009726,2023-09-04,GDS
BKG00006095,7789,CUS0007256,2026-04-15,GDS
BKG00006096,5060,CUS0004707,2024-01-21,MOB
BKG00006097,3539,CUS0003302,2024-06-21,GDS
BKG00006098,9331,CUS0008693,2024-07-04,AGT
BKG00006099,8822,CUS0008221,2026-05-04,OTA
BKG00006100,654,CUS0000606,2024-09-22,GDS
BKG00006101,16134,CUS0014978,2026-01-03,CTR
BKG00006102,12434,CUS0011572,2024-10-05,WEB
BKG00006103,11289,CUS0010502,2023-08-01,AGT
BKG00006104,5412,CUS0005040,2024-05-08,GDS
BKG00006105,6573,CUS0006129,2023-12-31,OTA
BKG00006106,2749,CUS0002566,2025-07-31,MOB
BKG00006107,13333,CUS0012389,2025-02-12,WEB
BKG00006108,13777,CUS0012795,2025-11-18,MOB
BKG00006109,14732,CUS0013686,2026-03-19,MOB
BKG00006110,12182,CUS0011342,2025-08-19,AGT
BKG00006111,5507,CUS0005126,2026-05-17,AGT
BKG00006112,15519,CUS0014412,2023-08-14,WEB
BKG00006113,1860,CUS0001727,2026-01-25,MOB
BKG00006114,4001,CUS0003730,2024-12-03,MOB
BKG00006115,10018,CUS0009325,2025-08-13,WEB
BKG00006116,14563,CUS0013524,2023-07-29,WEB
BKG00006117,13897,CUS0012904,2024-04-14,WEB
BKG00006118,13287,CUS0012348,2024-12-01,WEB
BKG00006119,12417,CUS0011556,2024-02-15,MOB
BKG00006120,14233,CUS0013219,2025-02-15,OTA
BKG00006121,10815,CUS0010068,2024-04-26,MOB
BKG00006122,4930,CUS0004590,2025-12-30,WEB
BKG00006123,11091,CUS0010322,2024-07-19,OTA
BKG00006124,12067,CUS0011235,2025-12-27,CTR
BKG00006125,16058,CUS0014909,2025-03-07,MOB
BKG00006126,2445,CUS0002279,2025-01-25,WEB
BKG00006127,15276,CUS0014185,2025-08-18,MOB
BKG00006128,15243,CUS0014158,2025-10-19,WEB
BKG00006129,13277,CUS0012339,2023-10-10,OTA
BKG00006130,1339,CUS0001246,2024-03-19,WEB
BKG00006131,772,CUS0000716,2023-11-08,CTR
BKG00006132,9504,CUS0008855,2024-08-20,WEB
BKG00006133,12336,CUS0011482,2024-10-11,CTR
BKG00006134,9536,CUS0008884,2025-07-08,CTR
BKG00006135,6041,CUS0005629,2023-06-02,WEB
BKG00006136,6812,CUS0006356,2024-07-30,GDS
BKG00006137,14147,CUS0013138,2026-01-29,OTA
BKG00006138,10586,CUS0009850,2024-06-23,AGT
BKG00006139,14868,CUS0013811,2024-02-01,MOB
BKG00006140,6013,CUS0005603,2025-11-14,GDS
BKG00006141,14685,CUS0013641,2023-08-08,WEB
BKG00006142,12515,CUS0011647,2025-08-15,OTA
BKG00006143,15301,CUS0014208,2026-04-05,WEB
BKG00006144,433,CUS0000400,2026-04-01,CTR
BKG00006145,12751,CUS0011861,2026-01-29,WEB
BKG00006146,5302,CUS0004937,2026-05-15,AGT
BKG00006147,6157,CUS0005739,2025-09-28,MOB
BKG00006148,15717,CUS0014594,2024-10-05,AGT
BKG00006149,15662,CUS0014543,2026-01-19,CTR
BKG00006150,6888,CUS0006429,2025-07-20,WEB
BKG00006151,7069,CUS0006594,2025-10-05,CTR
BKG00006152,10435,CUS0009711,2024-02-22,MOB
BKG00006153,14242,CUS0013226,2024-03-26,WEB
BKG00006154,8504,CUS0007922,2025-10-09,AGT
BKG00006155,5399,CUS0005029,2026-01-22,OTA
BKG00006156,8653,CUS0008064,2024-09-17,AGT
BKG00006157,289,CUS0000269,2024-07-03,GDS
BKG00006158,4423,CUS0004121,2023-08-08,CTR
BKG00006159,11768,CUS0010950,2024-06-12,AGT
BKG00006160,5840,CUS0005442,2024-09-17,MOB
BKG00006161,2441,CUS0002275,2023-07-31,OTA
BKG00006162,10693,CUS0009952,2025-07-26,CTR
BKG00006163,4643,CUS0004326,2025-04-25,AGT
BKG00006164,10670,CUS0009930,2025-01-18,AGT
BKG00006165,9600,CUS0008945,2026-04-17,CTR
BKG00006166,7789,CUS0007256,2025-06-05,GDS
BKG00006167,15711,CUS0014588,2024-10-29,MOB
BKG00006168,10017,CUS0009324,2024-06-27,WEB
BKG00006169,6644,CUS0006199,2023-09-24,WEB
BKG00006170,838,CUS0000776,2025-02-02,GDS
BKG00006171,6936,CUS0006473,2024-06-15,CTR
BKG00006172,5091,CUS0004735,2025-08-24,WEB
BKG00006173,12195,CUS0011354,2023-09-25,GDS
BKG00006174,5730,CUS0005340,2024-10-27,AGT
BKG00006175,9819,CUS0009143,2024-09-15,GDS
BKG00006176,468,CUS0000434,2024-03-29,AGT
BKG00006177,15749,CUS0014622,2024-03-02,WEB
BKG00006178,6124,CUS0005707,2023-08-25,MOB
BKG00006179,10923,CUS0010167,2025-05-17,OTA
BKG00006180,925,CUS0000857,2025-06-14,GDS
BKG00006181,4305,CUS0004011,2024-07-18,OTA
BKG00006182,5227,CUS0004865,2023-10-28,WEB
BKG00006183,11181,CUS0010400,2024-03-14,AGT
BKG00006184,7620,CUS0007102,2024-01-18,GDS
BKG00006185,9248,CUS0008615,2025-12-24,AGT
BKG00006186,5842,CUS0005444,2025-10-11,MOB
BKG00006187,463,CUS0000429,2026-01-26,OTA
BKG00006188,5354,CUS0004987,2023-11-12,OTA
BKG00006189,6808,CUS0006352,2024-07-22,GDS
BKG00006190,13716,CUS0012741,2023-09-12,OTA
BKG00006191,11353,CUS0010562,2026-04-18,CTR
BKG00006192,9020,CUS0008407,2025-04-01,AGT
BKG00006193,1116,CUS0001036,2023-11-05,CTR
BKG00006194,11057,CUS0010291,2023-11-06,GDS
BKG00006195,4289,CUS0003995,2025-08-26,MOB
BKG00006196,11270,CUS0010485,2025-05-04,OTA
BKG00006197,13351,CUS0012405,2024-12-17,AGT
BKG00006198,3677,CUS0003427,2023-06-22,MOB
BKG00006199,5607,CUS0005221,2024-02-26,WEB
BKG00006200,9433,CUS0008789,2024-05-25,AGT
BKG00006201,6201,CUS0005778,2026-05-01,WEB
BKG00006202,15345,CUS0014250,2024-08-05,WEB
BKG00006203,2234,CUS0002083,2025-01-19,GDS
BKG00006204,4571,CUS0004258,2024-01-08,CTR
BKG00006205,11459,CUS0010659,2025-11-23,AGT
BKG00006206,1767,CUS0001640,2023-07-14,GDS
BKG00006207,2508,CUS0002337,2024-12-02,GDS
BKG00006208,13135,CUS0012209,2023-09-30,CTR
BKG00006209,9324,CUS0008686,2024-01-01,OTA
BKG00006210,3047,CUS0002843,2025-12-23,WEB
BKG00006211,5973,CUS0005567,2023-08-12,GDS
BKG00006212,11726,CUS0010911,2026-04-29,GDS
BKG00006213,123,CUS0000114,2023-12-15,OTA
BKG00006214,12212,CUS0011371,2025-10-01,CTR
BKG00006215,9924,CUS0009240,2026-01-06,CTR
BKG00006216,12887,CUS0011989,2024-04-08,AGT
BKG00006217,3402,CUS0003172,2024-09-03,MOB
BKG00006218,15491,CUS0014386,2025-09-08,AGT
BKG00006219,1138,CUS0001055,2023-08-12,CTR
BKG00006220,8126,CUS0007569,2024-09-03,OTA
BKG00006221,7051,CUS0006577,2024-07-30,OTA
BKG00006222,6921,CUS0006459,2026-05-19,MOB
BKG00006223,11108,CUS0010337,2023-12-18,CTR
BKG00006224,2602,CUS0002425,2026-04-30,OTA
BKG00006225,7183,CUS0006700,2025-11-29,CTR
BKG00006226,814,CUS0000755,2023-08-24,MOB
BKG00006227,13641,CUS0012671,2025-12-28,CTR
BKG00006228,7805,CUS0007272,2023-10-06,AGT
BKG00006229,6908,CUS0006448,2023-08-18,WEB
BKG00006230,14240,CUS0013225,2026-05-05,AGT
BKG00006231,10945,CUS0010188,2026-05-11,GDS
BKG00006232,12588,CUS0011711,2024-04-28,GDS
BKG00006233,13994,CUS0012992,2025-09-25,CTR
BKG00006234,1650,CUS0001535,2024-07-22,MOB
BKG00006235,8902,CUS0008298,2024-02-28,CTR
BKG00006236,15251,CUS0014164,2025-01-31,WEB
BKG00006237,383,CUS0000353,2025-03-02,MOB
BKG00006238,11396,CUS0010601,2024-07-17,WEB
BKG00006239,9580,CUS0008926,2026-02-23,GDS
BKG00006240,12608,CUS0011728,2025-04-04,OTA
BKG00006241,577,CUS0000534,2025-08-24,MOB
BKG00006242,9369,CUS0008727,2024-10-10,CTR
BKG00006243,10248,CUS0009537,2023-09-12,MOB
BKG00006244,14776,CUS0013726,2024-01-25,GDS
BKG00006245,5851,CUS0005453,2023-11-24,AGT
BKG00006246,12759,CUS0011868,2023-12-21,WEB
BKG00006247,746,CUS0000693,2025-02-18,AGT
BKG00006248,11757,CUS0010941,2025-02-08,MOB
BKG00006249,1136,CUS0001054,2025-09-17,CTR
BKG00006250,374,CUS0000345,2024-09-30,CTR
BKG00006251,5564,CUS0005179,2024-04-06,GDS
BKG00006252,9787,CUS0009117,2025-09-12,CTR
BKG00006253,2793,CUS0002608,2025-09-23,OTA
BKG00006254,9209,CUS0008582,2023-08-22,OTA
BKG00006255,15275,CUS0014184,2023-09-26,MOB
BKG00006256,3235,CUS0003019,2025-09-30,WEB
BKG00006257,9007,CUS0008395,2024-08-01,AGT
BKG00006258,6623,CUS0006179,2025-09-29,OTA
BKG00006259,2217,CUS0002067,2024-01-22,WEB
BKG00006260,7980,CUS0007440,2024-05-23,GDS
BKG00006261,5159,CUS0004800,2024-06-24,CTR
BKG00006262,6835,CUS0006379,2024-02-08,WEB
BKG00006263,3157,CUS0002946,2024-12-02,OTA
BKG00006264,13234,CUS0012300,2026-04-12,GDS
BKG00006265,15776,CUS0014646,2023-08-31,MOB
BKG00006266,8356,CUS0007784,2026-05-17,CTR
BKG00006267,1635,CUS0001521,2026-03-06,WEB
BKG00006268,14664,CUS0013621,2025-05-14,AGT
BKG00006269,11640,CUS0010829,2023-06-13,AGT
BKG00006270,6814,CUS0006358,2024-03-02,CTR
BKG00006271,939,CUS0000871,2023-09-30,AGT
BKG00006272,10703,CUS0009962,2024-12-30,GDS
BKG00006273,2617,CUS0002440,2026-05-01,GDS
BKG00006274,4274,CUS0003982,2024-11-10,MOB
BKG00006275,11556,CUS0010749,2023-07-18,CTR
BKG00006276,6518,CUS0006076,2024-11-08,OTA
BKG00006277,14859,CUS0013803,2025-02-04,GDS
BKG00006278,13312,CUS0012368,2025-04-06,GDS
BKG00006279,10380,CUS0009660,2025-08-14,GDS
BKG00006280,4692,CUS0004371,2023-12-28,CTR
BKG00006281,4474,CUS0004169,2024-06-27,AGT
BKG00006282,15102,CUS0014030,2025-01-03,WEB
BKG00006283,9182,CUS0008557,2025-11-25,OTA
BKG00006284,2895,CUS0002702,2024-06-18,MOB
BKG00006285,9214,CUS0008586,2023-12-26,GDS
BKG00006286,1523,CUS0001414,2025-07-23,CTR
BKG00006287,9286,CUS0008650,2025-12-23,MOB
BKG00006288,7723,CUS0007196,2025-04-23,MOB
BKG00006289,7177,CUS0006695,2024-10-23,WEB
BKG00006290,6628,CUS0006184,2023-08-03,OTA
BKG00006291,8409,CUS0007834,2025-02-25,GDS
BKG00006292,8951,CUS0008344,2025-11-08,MOB
BKG00006293,13543,CUS0012582,2023-07-12,AGT
BKG00006294,10894,CUS0010141,2024-09-07,CTR
BKG00006295,13507,CUS0012548,2026-01-01,GDS
BKG00006296,8276,CUS0007711,2026-02-05,MOB
BKG00006297,9201,CUS0008574,2024-02-25,MOB
BKG00006298,14457,CUS0013426,2024-12-27,OTA
BKG00006299,1846,CUS0001714,2025-10-09,AGT
BKG00006300,12295,CUS0011446,2026-05-05,CTR
BKG00006301,8110,CUS0007554,2025-11-02,CTR
BKG00006302,12839,CUS0011942,2025-06-05,GDS
BKG00006303,8903,CUS0008299,2024-06-10,WEB
BKG00006304,4629,CUS0004312,2023-10-13,MOB
BKG00006305,9266,CUS0008632,2023-12-20,CTR
BKG00006306,8615,CUS0008028,2025-12-07,CTR
BKG00006307,12004,CUS0011174,2023-11-28,CTR
BKG00006308,2842,CUS0002652,2025-07-17,OTA
BKG00006309,14187,CUS0013177,2026-02-09,CTR
BKG00006310,9232,CUS0008601,2026-01-08,GDS
BKG00006311,15669,CUS0014549,2024-02-12,GDS
BKG00006312,12164,CUS0011324,2024-01-24,MOB
BKG00006313,12205,CUS0011364,2023-07-22,OTA
BKG00006314,2142,CUS0001995,2024-02-21,CTR
BKG00006315,6284,CUS0005858,2024-11-04,OTA
BKG00006316,2175,CUS0002027,2024-08-27,AGT
BKG00006317,6388,CUS0005957,2024-10-27,GDS
BKG00006318,1222,CUS0001137,2024-11-21,GDS
BKG00006319,7669,CUS0007145,2025-04-01,MOB
BKG00006320,7099,CUS0006624,2024-03-11,CTR
BKG00006321,6680,CUS0006233,2025-04-29,GDS
BKG00006322,14787,CUS0013736,2023-09-13,MOB
BKG00006323,14231,CUS0013217,2023-09-28,CTR
BKG00006324,9967,CUS0009277,2023-05-29,MOB
BKG00006325,6320,CUS0005893,2023-06-06,GDS
BKG00006326,7527,CUS0007014,2025-09-28,OTA
BKG00006327,5842,CUS0005444,2024-05-04,OTA
BKG00006328,15990,CUS0014845,2025-11-06,WEB
BKG00006329,4631,CUS0004314,2023-09-06,GDS
BKG00006330,16099,CUS0014946,2023-09-30,OTA
BKG00006331,10680,CUS0009939,2024-05-16,CTR
BKG00006332,8888,CUS0008284,2024-12-31,MOB
BKG00006333,1151,CUS0001068,2026-04-07,OTA
BKG00006334,3512,CUS0003277,2024-04-13,WEB
BKG00006335,10469,CUS0009744,2025-10-12,CTR
BKG00006336,6073,CUS0005659,2024-10-01,MOB
BKG00006337,2779,CUS0002594,2023-07-24,WEB
BKG00006338,9525,CUS0008874,2025-08-23,CTR
BKG00006339,15418,CUS0014320,2024-04-30,MOB
BKG00006340,1869,CUS0001736,2025-03-09,AGT
BKG00006341,6378,CUS0005948,2025-10-02,AGT
BKG00006342,4374,CUS0004074,2024-01-31,WEB
BKG00006343,5752,CUS0005360,2025-03-19,AGT
BKG00006344,8991,CUS0008380,2024-11-30,AGT
BKG00006345,6683,CUS0006236,2025-04-04,OTA
BKG00006346,4626,CUS0004309,2024-04-28,CTR
BKG00006347,3669,CUS0003420,2025-01-26,MOB
BKG00006348,11775,CUS0010956,2025-06-27,CTR
BKG00006349,9885,CUS0009204,2024-10-22,WEB
BKG00006350,7476,CUS0006967,2026-02-07,GDS
BKG00006351,1918,CUS0001784,2025-12-19,CTR
BKG00006352,1832,CUS0001700,2025-06-05,GDS
BKG00006353,5014,CUS0004664,2025-10-18,MOB
BKG00006354,6390,CUS0005959,2024-10-01,WEB
BKG00006355,9026,CUS0008412,2024-05-23,AGT
BKG00006356,7493,CUS0006983,2025-11-24,CTR
BKG00006357,8199,CUS0007640,2024-12-10,AGT
BKG00006358,5769,CUS0005377,2024-12-24,AGT
BKG00006359,7229,CUS0006740,2024-06-09,GDS
BKG00006360,11766,CUS0010948,2024-01-20,GDS
BKG00006361,1788,CUS0001659,2024-12-24,GDS
BKG00006362,11554,CUS0010747,2026-04-10,OTA
BKG00006363,15290,CUS0014198,2025-05-06,AGT
BKG00006364,2202,CUS0002052,2023-11-19,OTA
BKG00006365,15089,CUS0014018,2024-08-12,AGT
BKG00006366,805,CUS0000748,2024-07-24,CTR
BKG00006367,8034,CUS0007486,2023-09-09,AGT
BKG00006368,6165,CUS0005745,2024-11-23,CTR
BKG00006369,6611,CUS0006167,2023-06-06,WEB
BKG00006370,14020,CUS0013016,2024-10-13,MOB
BKG00006371,11531,CUS0010726,2023-09-15,CTR
BKG00006372,4043,CUS0003770,2025-12-15,OTA
BKG00006373,8274,CUS0007709,2025-10-26,OTA
BKG00006374,11718,CUS0010904,2026-04-10,AGT
BKG00006375,10223,CUS0009515,2025-05-25,OTA
BKG00006376,14457,CUS0013426,2025-01-18,WEB
BKG00006377,860,CUS0000796,2025-01-19,OTA
BKG00006378,5380,CUS0005011,2024-11-29,WEB
BKG00006379,9487,CUS0008840,2024-03-11,OTA
BKG00006380,11136,CUS0010360,2024-12-21,WEB
BKG00006381,170,CUS0000159,2025-04-11,AGT
BKG00006382,13340,CUS0012395,2026-05-06,GDS
BKG00006383,639,CUS0000595,2023-07-04,MOB
BKG00006384,139,CUS0000130,2025-12-07,GDS
BKG00006385,13739,CUS0012761,2025-02-27,AGT
BKG00006386,12520,CUS0011652,2025-01-06,CTR
BKG00006387,9130,CUS0008509,2023-11-06,OTA
BKG00006388,4194,CUS0003908,2025-06-09,GDS
BKG00006389,4090,CUS0003811,2025-04-18,OTA
BKG00006390,9256,CUS0008622,2025-06-09,GDS
BKG00006391,1457,CUS0001353,2026-04-22,OTA
BKG00006392,12689,CUS0011802,2026-02-08,GDS
BKG00006393,5628,CUS0005242,2024-07-16,CTR
BKG00006394,8978,CUS0008368,2023-08-15,GDS
BKG00006395,10604,CUS0009867,2024-03-25,MOB
BKG00006396,5144,CUS0004785,2025-01-31,WEB
BKG00006397,15884,CUS0014747,2026-05-19,AGT
BKG00006398,4515,CUS0004208,2025-02-20,CTR
BKG00006399,6908,CUS0006448,2026-04-04,CTR
BKG00006400,12993,CUS0012083,2025-04-17,MOB
BKG00006401,9546,CUS0008893,2025-09-28,AGT
BKG00006402,4654,CUS0004336,2025-05-29,WEB
BKG00006403,3509,CUS0003274,2023-11-28,GDS
BKG00006404,290,CUS0000270,2024-01-08,GDS
BKG00006405,9171,CUS0008548,2023-10-27,GDS
BKG00006406,511,CUS0000472,2025-09-28,MOB
BKG00006407,15251,CUS0014164,2024-03-21,AGT
BKG00006408,3338,CUS0003114,2025-10-01,WEB
BKG00006409,13501,CUS0012543,2023-09-11,WEB
BKG00006410,4922,CUS0004582,2025-05-21,WEB
BKG00006411,1977,CUS0001838,2023-10-12,CTR
BKG00006412,2633,CUS0002456,2025-05-20,GDS
BKG00006413,11123,CUS0010348,2023-10-07,WEB
BKG00006414,7585,CUS0007069,2025-04-09,AGT
BKG00006415,765,CUS0000710,2024-05-29,GDS
BKG00006416,9276,CUS0008641,2026-04-12,MOB
BKG00006417,12529,CUS0011661,2025-03-06,AGT
BKG00006418,1427,CUS0001325,2025-04-10,GDS
BKG00006419,10898,CUS0010145,2024-10-25,GDS
BKG00006420,15845,CUS0014709,2025-08-04,GDS
BKG00006421,4807,CUS0004479,2024-11-14,AGT
BKG00006422,7013,CUS0006543,2026-03-01,GDS
BKG00006423,359,CUS0000332,2024-02-12,OTA
BKG00006424,15491,CUS0014386,2024-06-04,GDS
BKG00006425,14071,CUS0013065,2024-12-04,OTA
BKG00006426,15888,CUS0014750,2023-09-30,MOB
BKG00006427,3,CUS0000003,2023-07-30,OTA
BKG00006428,584,CUS0000541,2024-07-31,AGT
BKG00006429,1079,CUS0001003,2024-07-01,CTR
BKG00006430,664,CUS0000616,2025-05-17,WEB
BKG00006431,643,CUS0000597,2023-06-15,WEB
BKG00006432,9294,CUS0008657,2025-11-06,AGT
BKG00006433,2672,CUS0002492,2025-09-23,GDS
BKG00006434,70,CUS0000065,2025-10-25,AGT
BKG00006435,7014,CUS0006544,2024-01-16,MOB
BKG00006436,1099,CUS0001020,2024-08-17,WEB
BKG00006437,2140,CUS0001993,2024-07-05,CTR
BKG00006438,10622,CUS0009885,2024-10-06,WEB
BKG00006439,13967,CUS0012966,2026-04-07,GDS
BKG00006440,14689,CUS0013645,2023-11-10,CTR
BKG00006441,9820,CUS0009144,2026-02-05,GDS
BKG00006442,15577,CUS0014466,2024-01-19,WEB
BKG00006443,13221,CUS0012288,2023-09-24,AGT
BKG00006444,10680,CUS0009939,2023-11-29,WEB
BKG00006445,10254,CUS0009543,2024-06-15,WEB
BKG00006446,14063,CUS0013057,2023-09-26,OTA
BKG00006447,2866,CUS0002675,2024-05-18,MOB
BKG00006448,2630,CUS0002453,2025-08-23,GDS
BKG00006449,12963,CUS0012056,2024-03-27,AGT
BKG00006450,14913,CUS0013852,2025-05-25,GDS
BKG00006451,3926,CUS0003661,2023-07-07,AGT
BKG00006452,4941,CUS0004599,2023-10-15,OTA
BKG00006453,7042,CUS0006569,2024-02-26,OTA
BKG00006454,5957,CUS0005552,2025-10-10,WEB
BKG00006455,11181,CUS0010400,2026-03-24,AGT
BKG00006456,4664,CUS0004345,2023-09-08,WEB
BKG00006457,12384,CUS0011525,2026-01-19,GDS
BKG00006458,10420,CUS0009697,2023-06-12,AGT
BKG00006459,5169,CUS0004810,2023-10-21,MOB
BKG00006460,11346,CUS0010556,2024-06-02,OTA
BKG00006461,14947,CUS0013884,2024-12-22,CTR
BKG00006462,2488,CUS0002317,2024-07-31,MOB
BKG00006463,271,CUS0000252,2025-05-05,MOB
BKG00006464,1105,CUS0001026,2024-07-05,MOB
BKG00006465,10998,CUS0010238,2024-11-05,AGT
BKG00006466,14763,CUS0013715,2026-03-08,OTA
BKG00006467,13819,CUS0012833,2025-04-06,MOB
BKG00006468,460,CUS0000426,2025-01-08,GDS
BKG00006469,14479,CUS0013447,2024-05-26,GDS
BKG00006470,15911,CUS0014771,2023-10-10,OTA
BKG00006471,11982,CUS0011156,2025-07-06,MOB
BKG00006472,6043,CUS0005631,2025-03-16,CTR
BKG00006473,3802,CUS0003543,2024-08-25,MOB
BKG00006474,6421,CUS0005986,2026-03-22,GDS
BKG00006475,2151,CUS0002004,2023-06-15,AGT
BKG00006476,8959,CUS0008351,2026-01-28,MOB
BKG00006477,12118,CUS0011283,2024-02-15,GDS
BKG00006478,706,CUS0000656,2024-08-05,WEB
BKG00006479,13832,CUS0012845,2025-09-14,OTA
BKG00006480,7980,CUS0007440,2025-01-03,GDS
BKG00006481,5385,CUS0005015,2024-10-24,OTA
BKG00006482,1503,CUS0001397,2025-05-29,AGT
BKG00006483,7416,CUS0006912,2025-12-05,GDS
BKG00006484,2673,CUS0002493,2025-03-30,WEB
BKG00006485,5043,CUS0004692,2026-05-04,AGT
BKG00006486,5725,CUS0005335,2026-05-18,AGT
BKG00006487,9921,CUS0009237,2024-03-19,CTR
BKG00006488,5381,CUS0005012,2025-07-20,AGT
BKG00006489,11541,CUS0010735,2024-03-08,CTR
BKG00006490,14476,CUS0013444,2023-10-24,AGT
BKG00006491,11026,CUS0010263,2023-10-23,OTA
BKG00006492,8439,CUS0007862,2023-08-06,AGT
BKG00006493,1398,CUS0001299,2026-02-11,GDS
BKG00006494,11282,CUS0010495,2025-08-31,AGT
BKG00006495,10078,CUS0009381,2023-08-11,AGT
BKG00006496,3926,CUS0003661,2024-12-11,GDS
BKG00006497,12836,CUS0011939,2025-03-17,WEB
BKG00006498,8684,CUS0008091,2024-11-25,AGT
BKG00006499,5663,CUS0005276,2026-01-02,GDS
BKG00006500,9730,CUS0009064,2025-02-12,MOB
BKG00006501,11830,CUS0011009,2024-04-07,AGT
BKG00006502,7016,CUS0006546,2024-10-14,CTR
BKG00006503,14928,CUS0013866,2023-10-25,WEB
BKG00006504,15505,CUS0014399,2025-09-06,OTA
BKG00006505,11781,CUS0010961,2024-01-23,WEB
BKG00006506,6434,CUS0005997,2024-07-15,OTA
BKG00006507,11602,CUS0010792,2024-04-06,WEB
BKG00006508,1518,CUS0001410,2026-04-06,AGT
BKG00006509,5201,CUS0004841,2024-09-11,OTA
BKG00006510,15431,CUS0014331,2024-07-31,GDS
BKG00006511,245,CUS0000228,2026-02-07,WEB
BKG00006512,4962,CUS0004620,2025-11-22,AGT
BKG00006513,288,CUS0000268,2025-06-19,WEB
BKG00006514,8533,CUS0007949,2023-09-26,MOB
BKG00006515,11288,CUS0010501,2024-04-17,MOB
BKG00006516,8052,CUS0007502,2025-03-02,OTA
BKG00006517,10315,CUS0009600,2024-09-26,WEB
BKG00006518,1822,CUS0001691,2024-03-29,AGT
BKG00006519,2992,CUS0002792,2023-11-18,CTR
BKG00006520,11015,CUS0010253,2024-06-19,GDS
BKG00006521,12311,CUS0011460,2026-01-16,WEB
BKG00006522,4018,CUS0003747,2025-08-28,WEB
BKG00006523,13436,CUS0012483,2024-03-25,CTR
BKG00006524,9068,CUS0008452,2024-09-26,MOB
BKG00006525,10752,CUS0010007,2025-08-04,OTA
BKG00006526,5790,CUS0005396,2026-04-17,GDS
BKG00006527,632,CUS0000588,2025-03-20,WEB
BKG00006528,7381,CUS0006881,2025-08-23,WEB
BKG00006529,1716,CUS0001594,2024-07-14,GDS
BKG00006530,1525,CUS0001416,2025-06-02,AGT
BKG00006531,10733,CUS0009990,2024-03-02,CTR
BKG00006532,13127,CUS0012202,2025-01-22,AGT
BKG00006533,12743,CUS0011854,2024-06-08,OTA
BKG00006534,14512,CUS0013477,2024-02-18,CTR
BKG00006535,5231,CUS0004869,2024-11-06,MOB
BKG00006536,6111,CUS0005694,2025-06-29,AGT
BKG00006537,4392,CUS0004090,2024-08-11,OTA
BKG00006538,13257,CUS0012320,2026-03-18,MOB
BKG00006539,15378,CUS0014283,2026-04-25,OTA
BKG00006540,4168,CUS0003884,2023-10-23,GDS
BKG00006541,242,CUS0000225,2023-08-22,CTR
BKG00006542,5291,CUS0004926,2024-02-24,MOB
BKG00006543,511,CUS0000472,2023-12-08,AGT
BKG00006544,6815,CUS0006359,2025-04-22,OTA
BKG00006545,10975,CUS0010218,2026-03-28,CTR
BKG00006546,10327,CUS0009611,2025-08-28,OTA
BKG00006547,11473,CUS0010673,2024-01-12,AGT
BKG00006548,4934,CUS0004593,2024-12-22,OTA
BKG00006549,65,CUS0000060,2023-07-21,CTR
BKG00006550,211,CUS0000198,2023-09-04,AGT
BKG00006551,10307,CUS0009593,2023-06-08,CTR
BKG00006552,5580,CUS0005194,2024-11-20,CTR
BKG00006553,10677,CUS0009936,2024-02-19,MOB
BKG00006554,11530,CUS0010725,2025-07-26,AGT
BKG00006555,9114,CUS0008494,2024-09-28,MOB
BKG00006556,14428,CUS0013397,2023-07-25,WEB
BKG00006557,11355,CUS0010564,2025-12-03,OTA
BKG00006558,14066,CUS0013060,2024-08-18,OTA
BKG00006559,15123,CUS0014048,2025-07-18,CTR
BKG00006560,13636,CUS0012667,2024-07-18,AGT
BKG00006561,12125,CUS0011289,2026-03-14,AGT
BKG00006562,7491,CUS0006981,2026-02-13,MOB
BKG00006563,202,CUS0000190,2024-12-01,CTR
BKG00006564,4138,CUS0003856,2026-01-07,CTR
BKG00006565,12258,CUS0011414,2023-10-11,AGT
BKG00006566,8420,CUS0007844,2026-03-28,GDS
BKG00006567,2403,CUS0002241,2024-01-25,AGT
BKG00006568,14503,CUS0013470,2025-05-14,OTA
BKG00006569,2000,CUS0001859,2026-03-08,CTR
BKG00006570,16075,CUS0014924,2026-03-31,CTR
BKG00006571,4021,CUS0003749,2025-06-25,MOB
BKG00006572,9867,CUS0009187,2023-09-09,AGT
BKG00006573,10386,CUS0009666,2023-07-13,OTA
BKG00006574,4290,CUS0003996,2024-11-10,OTA
BKG00006575,14416,CUS0013386,2023-08-04,CTR
BKG00006576,1384,CUS0001288,2024-12-05,WEB
BKG00006577,3133,CUS0002923,2026-05-17,GDS
BKG00006578,3950,CUS0003683,2026-04-08,CTR
BKG00006579,9594,CUS0008939,2026-05-22,AGT
BKG00006580,7337,CUS0006842,2023-12-21,OTA
BKG00006581,10427,CUS0009703,2023-06-15,MOB
BKG00006582,6473,CUS0006032,2023-12-21,OTA
BKG00006583,4538,CUS0004228,2024-09-04,CTR
BKG00006584,10896,CUS0010143,2024-11-07,AGT
BKG00006585,8537,CUS0007953,2024-10-27,WEB
BKG00006586,7868,CUS0007331,2024-07-12,OTA
BKG00006587,15229,CUS0014145,2026-04-25,OTA
BKG00006588,5117,CUS0004758,2024-12-09,OTA
BKG00006589,3350,CUS0003123,2026-04-09,CTR
BKG00006590,9614,CUS0008956,2024-01-04,MOB
BKG00006591,2735,CUS0002553,2026-01-03,MOB
BKG00006592,11404,CUS0010608,2025-05-31,AGT
BKG00006593,4773,CUS0004449,2023-11-05,WEB
BKG00006594,9950,CUS0009263,2024-06-19,WEB
BKG00006595,7841,CUS0007306,2023-08-19,WEB
BKG00006596,13667,CUS0012694,2024-08-03,CTR
BKG00006597,12213,CUS0011372,2025-07-15,CTR
BKG00006598,5640,CUS0005254,2024-07-06,GDS
BKG00006599,15115,CUS0014041,2025-09-12,OTA
BKG00006600,15916,CUS0014775,2024-02-11,MOB
BKG00006601,9255,CUS0008621,2023-10-24,MOB
BKG00006602,7526,CUS0007013,2025-03-08,GDS
BKG00006603,9302,CUS0008665,2025-06-11,MOB
BKG00006604,9844,CUS0009167,2024-12-29,MOB
BKG00006605,7752,CUS0007223,2024-05-23,OTA
BKG00006606,10220,CUS0009512,2025-12-14,CTR
BKG00006607,7950,CUS0007412,2025-06-18,GDS
BKG00006608,9223,CUS0008593,2024-03-20,WEB
BKG00006609,8191,CUS0007632,2025-04-06,CTR
BKG00006610,9750,CUS0009083,2024-12-12,WEB
BKG00006611,801,CUS0000744,2025-02-18,OTA
BKG00006612,2145,CUS0001998,2023-09-29,AGT
BKG00006613,4060,CUS0003786,2025-09-09,WEB
BKG00006614,5397,CUS0005027,2026-01-30,GDS
BKG00006615,10254,CUS0009543,2025-10-19,MOB
BKG00006616,10232,CUS0009523,2024-08-12,CTR
BKG00006617,3850,CUS0003589,2023-09-27,MOB
BKG00006618,11037,CUS0010273,2023-12-01,CTR
BKG00006619,6617,CUS0006173,2023-10-18,AGT
BKG00006620,11866,CUS0011044,2025-11-14,MOB
BKG00006621,4662,CUS0004343,2026-04-02,OTA
BKG00006622,8866,CUS0008263,2026-04-18,GDS
BKG00006623,2981,CUS0002782,2025-05-01,MOB
BKG00006624,6756,CUS0006302,2025-09-10,MOB
BKG00006625,11516,CUS0010712,2026-03-09,GDS
BKG00006626,2635,CUS0002458,2025-12-24,CTR
BKG00006627,5823,CUS0005425,2023-11-22,AGT
BKG00006628,12454,CUS0011590,2025-02-06,CTR
BKG00006629,5064,CUS0004711,2024-07-05,AGT
BKG00006630,14055,CUS0013049,2024-12-15,CTR
BKG00006631,9581,CUS0008927,2023-06-08,WEB
BKG00006632,1866,CUS0001733,2024-01-19,AGT
BKG00006633,4537,CUS0004227,2023-09-12,OTA
BKG00006634,8565,CUS0007980,2024-09-15,OTA
BKG00006635,9290,CUS0008653,2024-01-02,AGT
BKG00006636,8077,CUS0007523,2026-01-24,MOB
BKG00006637,15801,CUS0014669,2024-07-07,CTR
BKG00006638,15598,CUS0014486,2023-12-01,GDS
BKG00006639,9597,CUS0008942,2023-09-05,CTR
BKG00006640,527,CUS0000488,2025-05-17,OTA
BKG00006641,858,CUS0000794,2024-10-03,AGT
BKG00006642,8063,CUS0007512,2026-03-15,OTA
BKG00006643,5511,CUS0005130,2024-08-06,WEB
BKG00006644,2168,CUS0002020,2026-05-01,OTA
BKG00006645,3127,CUS0002917,2024-01-26,OTA
BKG00006646,8136,CUS0007579,2024-02-28,WEB
BKG00006647,9273,CUS0008638,2025-03-18,AGT
BKG00006648,7730,CUS0007202,2024-02-09,AGT
BKG00006649,1497,CUS0001391,2024-09-20,WEB
BKG00006650,11514,CUS0010710,2024-10-20,WEB
BKG00006651,429,CUS0000397,2024-01-26,MOB
BKG00006652,20,CUS0000019,2023-08-29,WEB
BKG00006653,4315,CUS0004021,2025-08-04,OTA
BKG00006654,11619,CUS0010809,2024-11-10,MOB
BKG00006655,15125,CUS0014050,2025-02-27,AGT
BKG00006656,8352,CUS0007780,2025-04-04,OTA
BKG00006657,1730,CUS0001606,2026-02-25,GDS
BKG00006658,11190,CUS0010408,2025-05-30,MOB
BKG00006659,9321,CUS0008683,2023-09-22,GDS
BKG00006660,3899,CUS0003635,2023-11-12,MOB
BKG00006661,4917,CUS0004577,2026-03-07,CTR
BKG00006662,5381,CUS0005012,2025-03-07,CTR
BKG00006663,8658,CUS0008067,2026-02-13,AGT
BKG00006664,8871,CUS0008268,2024-07-29,MOB
BKG00006665,7458,CUS0006950,2026-02-05,WEB
BKG00006666,12642,CUS0011759,2025-03-23,AGT
BKG00006667,736,CUS0000684,2023-06-12,MOB
BKG00006668,10698,CUS0009957,2024-06-06,CTR
BKG00006669,5327,CUS0004961,2023-10-26,AGT
BKG00006670,11341,CUS0010551,2024-08-14,AGT
BKG00006671,6488,CUS0006046,2025-01-08,AGT
BKG00006672,6305,CUS0005879,2025-05-12,AGT
BKG00006673,9572,CUS0008919,2025-09-10,MOB
BKG00006674,14221,CUS0013209,2024-06-27,CTR
BKG00006675,1244,CUS0001159,2024-07-20,OTA
BKG00006676,13262,CUS0012325,2023-12-05,GDS
BKG00006677,11073,CUS0010307,2023-11-01,WEB
BKG00006678,8188,CUS0007629,2026-02-07,AGT
BKG00006679,2940,CUS0002745,2025-04-24,GDS
BKG00006680,550,CUS0000509,2024-10-01,WEB
BKG00006681,9774,CUS0009104,2026-05-20,CTR
BKG00006682,2057,CUS0001913,2024-09-09,MOB
BKG00006683,9038,CUS0008424,2025-05-26,CTR
BKG00006684,8701,CUS0008106,2023-11-28,MOB
BKG00006685,1998,CUS0001857,2023-10-11,GDS
BKG00006686,11873,CUS0011051,2025-11-16,MOB
BKG00006687,12061,CUS0011229,2024-12-25,CTR
BKG00006688,4314,CUS0004020,2025-11-06,GDS
BKG00006689,36,CUS0000034,2023-10-25,GDS
BKG00006690,10687,CUS0009946,2025-03-28,GDS
BKG00006691,7424,CUS0006920,2023-07-16,CTR
BKG00006692,8884,CUS0008280,2023-08-14,OTA
BKG00006693,13776,CUS0012794,2026-02-11,OTA
BKG00006694,9593,CUS0008938,2026-03-24,GDS
BKG00006695,10313,CUS0009599,2023-08-02,OTA
BKG00006696,10735,CUS0009991,2026-01-16,MOB
BKG00006697,1535,CUS0001426,2026-03-23,GDS
BKG00006698,3400,CUS0003170,2025-12-12,MOB
BKG00006699,2353,CUS0002193,2023-09-04,MOB
BKG00006700,516,CUS0000477,2024-08-02,GDS
BKG00006701,15001,CUS0013935,2024-05-08,MOB
BKG00006702,4905,CUS0004567,2024-03-26,AGT
BKG00006703,9737,CUS0009071,2025-08-11,WEB
BKG00006704,8153,CUS0007596,2024-10-06,MOB
BKG00006705,15450,CUS0014348,2023-10-23,GDS
BKG00006706,5007,CUS0004658,2023-12-31,MOB
BKG00006707,5903,CUS0005503,2024-07-08,CTR
BKG00006708,11943,CUS0011120,2024-02-06,OTA
BKG00006709,6756,CUS0006302,2026-01-20,CTR
BKG00006710,3717,CUS0003465,2025-06-05,MOB
BKG00006711,8837,CUS0008236,2024-07-22,GDS
BKG00006712,13104,CUS0012181,2023-06-23,OTA
BKG00006713,12368,CUS0011511,2024-07-22,MOB
BKG00006714,15736,CUS0014611,2026-03-03,OTA
BKG00006715,2406,CUS0002243,2026-05-08,WEB
BKG00006716,14335,CUS0013310,2023-10-11,OTA
BKG00006717,297,CUS0000276,2025-10-02,MOB
BKG00006718,5040,CUS0004689,2025-05-16,WEB
BKG00006719,14389,CUS0013361,2025-05-28,CTR
BKG00006720,14663,CUS0013620,2025-01-20,WEB
BKG00006721,6209,CUS0005784,2025-01-21,WEB
BKG00006722,9840,CUS0009163,2026-04-23,AGT
BKG00006723,3705,CUS0003454,2024-05-07,AGT
BKG00006724,15053,CUS0013984,2024-06-05,AGT
BKG00006725,5022,CUS0004672,2024-06-28,OTA
BKG00006726,1004,CUS0000932,2025-02-25,MOB
BKG00006727,15089,CUS0014018,2023-09-15,GDS
BKG00006728,14304,CUS0013284,2025-02-06,MOB
BKG00006729,6555,CUS0006112,2025-09-01,WEB
BKG00006730,10705,CUS0009964,2024-11-14,MOB
BKG00006731,15595,CUS0014483,2026-02-27,AGT
BKG00006732,6744,CUS0006292,2024-10-17,CTR
BKG00006733,3029,CUS0002827,2025-10-16,OTA
BKG00006734,12273,CUS0011427,2024-10-03,AGT
BKG00006735,12733,CUS0011844,2023-12-05,AGT
BKG00006736,2844,CUS0002654,2025-03-15,GDS
BKG00006737,1198,CUS0001113,2025-03-28,GDS
BKG00006738,6529,CUS0006087,2026-05-03,WEB
BKG00006739,6442,CUS0006005,2025-02-17,OTA
BKG00006740,1533,CUS0001424,2025-11-01,CTR
BKG00006741,9568,CUS0008915,2024-04-25,AGT
BKG00006742,2390,CUS0002228,2024-05-13,AGT
BKG00006743,3123,CUS0002913,2024-07-05,AGT
BKG00006744,8917,CUS0008312,2026-02-27,GDS
BKG00006745,568,CUS0000525,2023-09-01,WEB
BKG00006746,2511,CUS0002340,2025-05-27,WEB
BKG00006747,15224,CUS0014140,2025-03-06,MOB
BKG00006748,7548,CUS0007034,2023-12-19,AGT
BKG00006749,1551,CUS0001441,2025-11-06,MOB
BKG00006750,10613,CUS0009876,2026-01-23,CTR
BKG00006751,9999,CUS0009308,2024-06-27,MOB
BKG00006752,3662,CUS0003414,2023-08-31,MOB
BKG00006753,3804,CUS0003545,2025-03-24,CTR
BKG00006754,11986,CUS0011159,2024-04-14,CTR
BKG00006755,12577,CUS0011703,2024-05-24,GDS
BKG00006756,14659,CUS0013616,2025-11-24,AGT
BKG00006757,4930,CUS0004590,2024-02-02,AGT
BKG00006758,11348,CUS0010558,2024-05-22,OTA
BKG00006759,5771,CUS0005379,2024-04-19,WEB
BKG00006760,15157,CUS0014077,2025-10-23,MOB
BKG00006761,2576,CUS0002400,2025-12-24,GDS
BKG00006762,7393,CUS0006890,2023-07-09,AGT
BKG00006763,12087,CUS0011254,2023-09-28,AGT
BKG00006764,47,CUS0000044,2024-10-06,GDS
BKG00006765,14343,CUS0013318,2023-06-15,CTR
BKG00006766,7363,CUS0006865,2026-05-09,GDS
BKG00006767,132,CUS0000123,2024-05-19,GDS
BKG00006768,12287,CUS0011439,2023-12-30,GDS
BKG00006769,5121,CUS0004762,2024-07-11,OTA
BKG00006770,11424,CUS0010627,2023-07-18,AGT
BKG00006771,2232,CUS0002081,2024-11-12,WEB
BKG00006772,16113,CUS0014959,2025-05-12,GDS
BKG00006773,664,CUS0000616,2025-06-16,GDS
BKG00006774,8602,CUS0008015,2024-04-01,WEB
BKG00006775,4064,CUS0003789,2026-02-20,AGT
BKG00006776,6515,CUS0006073,2025-03-24,AGT
BKG00006777,10080,CUS0009383,2024-06-29,CTR
BKG00006778,2738,CUS0002556,2025-01-06,AGT
BKG00006779,4127,CUS0003846,2026-02-16,MOB
BKG00006780,1553,CUS0001443,2023-07-05,MOB
BKG00006781,9624,CUS0008965,2023-08-17,CTR
BKG00006782,10271,CUS0009560,2024-03-09,CTR
BKG00006783,5568,CUS0005183,2026-03-05,WEB
BKG00006784,1565,CUS0001454,2025-09-09,CTR
BKG00006785,13033,CUS0012119,2023-08-05,GDS
BKG00006786,12946,CUS0012041,2025-11-21,AGT
BKG00006787,15390,CUS0014295,2025-05-25,WEB
BKG00006788,6105,CUS0005689,2024-11-24,OTA
BKG00006789,2239,CUS0002088,2024-03-29,MOB
BKG00006790,1325,CUS0001233,2024-04-24,WEB
BKG00006791,11535,CUS0010729,2023-08-18,MOB
BKG00006792,6623,CUS0006179,2025-01-27,MOB
BKG00006793,6216,CUS0005791,2025-05-21,GDS
BKG00006794,4757,CUS0004434,2024-01-12,CTR
BKG00006795,10493,CUS0009765,2026-02-02,OTA
BKG00006796,6943,CUS0006479,2025-10-19,GDS
BKG00006797,12421,CUS0011560,2024-06-10,GDS
BKG00006798,5373,CUS0005005,2026-02-10,GDS
BKG00006799,12610,CUS0011730,2025-08-06,OTA
BKG00006800,6015,CUS0005605,2024-02-15,WEB
BKG00006801,6375,CUS0005945,2025-01-08,GDS
BKG00006802,5515,CUS0005134,2025-04-23,AGT
BKG00006803,1113,CUS0001033,2026-03-06,CTR
BKG00006804,4692,CUS0004371,2023-06-10,MOB
BKG00006805,4475,CUS0004170,2025-11-20,MOB
BKG00006806,5910,CUS0005509,2024-05-15,OTA
BKG00006807,8815,CUS0008214,2024-06-19,MOB
BKG00006808,11166,CUS0010385,2026-05-17,OTA
BKG00006809,11718,CUS0010904,2025-01-27,WEB
BKG00006810,9422,CUS0008778,2024-05-12,OTA
BKG00006811,13078,CUS0012158,2023-10-17,WEB
BKG00006812,1400,CUS0001300,2024-06-22,OTA
BKG00006813,5389,CUS0005019,2025-10-22,CTR
BKG00006814,4666,CUS0004347,2024-06-27,GDS
BKG00006815,12164,CUS0011324,2026-05-17,OTA
BKG00006816,15187,CUS0014105,2025-12-04,AGT
BKG00006817,15823,CUS0014688,2025-05-14,WEB
BKG00006818,12084,CUS0011251,2025-06-22,OTA
BKG00006819,7437,CUS0006932,2024-04-16,OTA
BKG00006820,3790,CUS0003532,2023-10-17,OTA
BKG00006821,14877,CUS0013819,2024-10-31,MOB
BKG00006822,5995,CUS0005587,2026-02-10,OTA
BKG00006823,11525,CUS0010720,2023-10-29,MOB
BKG00006824,2648,CUS0002469,2025-07-17,CTR
BKG00006825,9883,CUS0009202,2025-10-21,WEB
BKG00006826,11524,CUS0010719,2024-11-01,MOB
BKG00006827,12427,CUS0011566,2026-01-27,MOB
BKG00006828,7406,CUS0006902,2024-06-11,WEB
BKG00006829,2985,CUS0002786,2025-08-29,CTR
BKG00006830,8441,CUS0007864,2025-07-27,AGT
BKG00006831,13047,CUS0012132,2025-01-19,AGT
BKG00006832,13154,CUS0012227,2024-05-06,OTA
BKG00006833,13669,CUS0012695,2025-07-09,CTR
BKG00006834,431,CUS0000399,2024-06-21,OTA
BKG00006835,8017,CUS0007473,2024-10-20,CTR
BKG00006836,7456,CUS0006949,2024-11-29,AGT
BKG00006837,14533,CUS0013497,2025-10-05,AGT
BKG00006838,9754,CUS0009086,2023-07-14,GDS
BKG00006839,11786,CUS0010966,2025-02-11,MOB
BKG00006840,3641,CUS0003393,2025-11-02,OTA
BKG00006841,2863,CUS0002672,2026-03-10,WEB
BKG00006842,1762,CUS0001636,2023-12-07,CTR
BKG00006843,9684,CUS0009022,2025-10-14,CTR
BKG00006844,7983,CUS0007443,2024-11-20,GDS
BKG00006845,15251,CUS0014164,2023-06-21,WEB
BKG00006846,1501,CUS0001395,2024-04-30,WEB
BKG00006847,12045,CUS0011213,2024-12-27,CTR
BKG00006848,7856,CUS0007321,2025-11-15,GDS
BKG00006849,3518,CUS0003282,2023-10-31,WEB
BKG00006850,2871,CUS0002680,2024-12-14,CTR
BKG00006851,15800,CUS0014668,2026-05-13,GDS
BKG00006852,7466,CUS0006958,2025-07-20,AGT
BKG00006853,14571,CUS0013532,2026-01-31,AGT
BKG00006854,15439,CUS0014338,2025-11-07,AGT
BKG00006855,6045,CUS0005633,2025-10-11,MOB
BKG00006856,6409,CUS0005976,2023-10-08,AGT
BKG00006857,11606,CUS0010796,2023-07-17,CTR
BKG00006858,1350,CUS0001256,2025-10-04,CTR
BKG00006859,14674,CUS0013631,2024-07-09,CTR
BKG00006860,14594,CUS0013554,2024-10-29,CTR
BKG00006861,6229,CUS0005804,2025-06-29,GDS
BKG00006862,10897,CUS0010144,2026-03-05,WEB
BKG00006863,11588,CUS0010778,2026-01-08,GDS
BKG00006864,2778,CUS0002593,2025-10-07,WEB
BKG00006865,4671,CUS0004352,2025-12-13,CTR
BKG00006866,7029,CUS0006558,2026-01-27,CTR
BKG00006867,9424,CUS0008780,2025-08-12,MOB
BKG00006868,11202,CUS0010420,2024-09-09,MOB
BKG00006869,9790,CUS0009119,2025-06-29,AGT
BKG00006870,13962,CUS0012961,2023-07-07,OTA
BKG00006871,6064,CUS0005651,2026-02-14,WEB
BKG00006872,11788,CUS0010968,2023-12-04,OTA
BKG00006873,1798,CUS0001668,2023-09-04,WEB
BKG00006874,13706,CUS0012731,2025-06-21,AGT
BKG00006875,15475,CUS0014370,2025-09-06,CTR
BKG00006876,4310,CUS0004016,2023-07-02,OTA
BKG00006877,7097,CUS0006622,2026-01-01,GDS
BKG00006878,7706,CUS0007180,2024-09-08,MOB
BKG00006879,865,CUS0000801,2025-10-30,CTR
BKG00006880,14353,CUS0013327,2026-03-14,CTR
BKG00006881,115,CUS0000107,2023-07-22,OTA
BKG00006882,9549,CUS0008896,2025-07-03,AGT
BKG00006883,70,CUS0000065,2023-06-08,CTR
BKG00006884,1621,CUS0001507,2025-09-18,MOB
BKG00006885,12871,CUS0011974,2023-05-31,GDS
BKG00006886,13605,CUS0012639,2024-06-30,MOB
BKG00006887,14963,CUS0013900,2024-10-17,GDS
BKG00006888,12250,CUS0011406,2025-05-20,OTA
BKG00006889,7570,CUS0007055,2024-06-26,WEB
BKG00006890,724,CUS0000673,2025-11-19,WEB
BKG00006891,13302,CUS0012361,2025-04-20,WEB
BKG00006892,1572,CUS0001460,2025-05-10,OTA
BKG00006893,7654,CUS0007130,2023-07-21,GDS
BKG00006894,4140,CUS0003858,2023-09-12,AGT
BKG00006895,2120,CUS0001974,2025-07-14,AGT
BKG00006896,14068,CUS0013062,2024-11-19,WEB
BKG00006897,466,CUS0000432,2024-04-02,AGT
BKG00006898,16002,CUS0014857,2023-06-04,CTR
BKG00006899,4705,CUS0004384,2025-03-28,CTR
BKG00006900,6509,CUS0006067,2025-02-01,OTA
BKG00006901,8021,CUS0007477,2024-12-03,AGT
BKG00006902,10693,CUS0009952,2023-10-03,AGT
BKG00006903,15546,CUS0014438,2024-10-16,MOB
BKG00006904,15195,CUS0014112,2024-07-09,CTR
BKG00006905,12067,CUS0011235,2025-07-02,MOB
BKG00006906,14701,CUS0013656,2024-09-25,CTR
BKG00006907,1790,CUS0001661,2023-12-06,MOB
BKG00006908,4399,CUS0004097,2025-03-04,WEB
BKG00006909,1837,CUS0001705,2024-12-01,OTA
BKG00006910,8636,CUS0008047,2023-10-14,GDS
BKG00006911,6782,CUS0006327,2023-10-25,CTR
BKG00006912,6993,CUS0006526,2025-09-29,OTA
BKG00006913,9642,CUS0008982,2025-05-06,OTA
BKG00006914,7582,CUS0007066,2024-07-09,WEB
BKG00006915,14613,CUS0013572,2024-10-10,OTA
BKG00006916,10823,CUS0010076,2023-10-16,WEB
BKG00006917,481,CUS0000447,2025-01-12,WEB
BKG00006918,5274,CUS0004909,2025-04-18,OTA
BKG00006919,2958,CUS0002760,2023-06-11,CTR
BKG00006920,7792,CUS0007259,2023-12-27,AGT
BKG00006921,14068,CUS0013062,2024-12-21,WEB
BKG00006922,8012,CUS0007468,2025-10-17,AGT
BKG00006923,3564,CUS0003324,2025-06-05,AGT
BKG00006924,141,CUS0000132,2025-04-18,OTA
BKG00006925,3296,CUS0003075,2026-03-31,AGT
BKG00006926,1739,CUS0001614,2025-05-11,WEB
BKG00006927,3336,CUS0003112,2025-11-09,CTR
BKG00006928,15084,CUS0014013,2024-03-05,GDS
BKG00006929,15486,CUS0014381,2023-06-22,OTA
BKG00006930,126,CUS0000117,2024-09-23,CTR
BKG00006931,3357,CUS0003130,2024-07-03,WEB
BKG00006932,11213,CUS0010431,2026-04-27,WEB
BKG00006933,12931,CUS0012027,2024-09-24,GDS
BKG00006934,12581,CUS0011707,2023-11-21,WEB
BKG00006935,8474,CUS0007895,2024-03-10,MOB
BKG00006936,5993,CUS0005585,2025-02-18,AGT
BKG00006937,6070,CUS0005656,2026-04-21,AGT
BKG00006938,16104,CUS0014951,2025-05-19,CTR
BKG00006939,10857,CUS0010108,2023-10-19,GDS
BKG00006940,2160,CUS0002012,2024-06-22,GDS
BKG00006941,8394,CUS0007820,2023-11-25,GDS
BKG00006942,2747,CUS0002565,2023-06-01,WEB
BKG00006943,7540,CUS0007026,2026-01-15,GDS
BKG00006944,5091,CUS0004735,2025-03-21,WEB
BKG00006945,15756,CUS0014628,2025-07-27,WEB
BKG00006946,14242,CUS0013226,2024-11-27,GDS
BKG00006947,3126,CUS0002916,2025-08-10,OTA
BKG00006948,9921,CUS0009237,2024-06-05,OTA
BKG00006949,3444,CUS0003210,2024-10-25,OTA
BKG00006950,6318,CUS0005891,2026-02-27,OTA
BKG00006951,7993,CUS0007452,2025-02-04,CTR
BKG00006952,13246,CUS0012310,2025-08-12,GDS
BKG00006953,2449,CUS0002282,2025-01-27,CTR
BKG00006954,15930,CUS0014788,2025-11-08,AGT
BKG00006955,11899,CUS0011077,2024-05-06,WEB
BKG00006956,8824,CUS0008223,2026-04-27,CTR
BKG00006957,13337,CUS0012392,2024-10-21,MOB
BKG00006958,8705,CUS0008110,2025-09-05,MOB
BKG00006959,5642,CUS0005256,2025-01-01,CTR
BKG00006960,6117,CUS0005700,2024-11-19,GDS
BKG00006961,1883,CUS0001750,2024-05-25,GDS
BKG00006962,12705,CUS0011818,2025-09-01,CTR
BKG00006963,10537,CUS0009804,2026-01-02,CTR
BKG00006964,3530,CUS0003294,2024-05-04,GDS
BKG00006965,11796,CUS0010976,2025-05-16,OTA
BKG00006966,309,CUS0000286,2024-08-04,WEB
BKG00006967,5381,CUS0005012,2024-05-25,CTR
BKG00006968,2197,CUS0002048,2024-02-01,AGT
BKG00006969,813,CUS0000754,2026-01-03,MOB
BKG00006970,8742,CUS0008147,2025-02-06,WEB
BKG00006971,13222,CUS0012289,2024-07-03,AGT
BKG00006972,4202,CUS0003915,2025-08-06,GDS
BKG00006973,15413,CUS0014315,2025-07-10,OTA
BKG00006974,12602,CUS0011723,2025-10-17,GDS
BKG00006975,6198,CUS0005775,2024-05-01,AGT
BKG00006976,8376,CUS0007803,2024-07-05,GDS
BKG00006977,1193,CUS0001108,2025-09-09,AGT
BKG00006978,11080,CUS0010313,2024-11-15,WEB
BKG00006979,6327,CUS0005900,2025-07-30,MOB
BKG00006980,14367,CUS0013340,2024-12-13,GDS
BKG00006981,3039,CUS0002836,2025-01-02,MOB
BKG00006982,12025,CUS0011194,2024-03-16,GDS
BKG00006983,14393,CUS0013364,2025-10-10,OTA
BKG00006984,5465,CUS0005088,2025-09-26,MOB
BKG00006985,15934,CUS0014792,2024-07-26,OTA
BKG00006986,5381,CUS0005012,2024-01-20,GDS
BKG00006987,8481,CUS0007901,2025-09-11,CTR
BKG00006988,12039,CUS0011207,2023-08-10,WEB
BKG00006989,2094,CUS0001950,2025-06-19,OTA
BKG00006990,3022,CUS0002820,2024-12-06,GDS
BKG00006991,14428,CUS0013397,2024-02-12,AGT
BKG00006992,192,CUS0000180,2024-10-24,GDS
BKG00006993,5225,CUS0004863,2024-07-26,CTR
BKG00006994,6760,CUS0006306,2024-11-27,CTR
BKG00006995,12581,CUS0011707,2025-02-08,CTR
BKG00006996,3797,CUS0003538,2025-08-06,OTA
BKG00006997,9039,CUS0008425,2024-01-25,CTR
BKG00006998,3298,CUS0003077,2025-05-21,CTR
BKG00006999,8528,CUS0007944,2024-11-24,AGT
BKG00007000,9707,CUS0009044,2024-03-19,OTA
BKG00007001,7870,CUS0007333,2025-06-27,CTR
BKG00007002,1977,CUS0001838,2025-09-04,AGT
BKG00007003,12041,CUS0011209,2024-12-30,GDS
BKG00007004,15880,CUS0014743,2024-12-27,GDS
BKG00007005,5677,CUS0005290,2024-07-29,CTR
BKG00007006,11311,CUS0010523,2023-11-18,WEB
BKG00007007,4991,CUS0004643,2024-12-02,OTA
BKG00007008,4554,CUS0004242,2026-01-31,OTA
BKG00007009,301,CUS0000279,2026-04-10,MOB
BKG00007010,3140,CUS0002930,2023-11-02,AGT
BKG00007011,3445,CUS0003211,2025-02-27,WEB
BKG00007012,2620,CUS0002443,2025-07-04,OTA
BKG00007013,11177,CUS0010396,2024-07-09,CTR
BKG00007014,11319,CUS0010531,2026-02-04,AGT
BKG00007015,9969,CUS0009279,2026-02-12,WEB
BKG00007016,13452,CUS0012498,2024-08-31,OTA
BKG00007017,14521,CUS0013486,2024-09-25,MOB
BKG00007018,8592,CUS0008005,2026-04-22,OTA
BKG00007019,2253,CUS0002102,2023-10-03,AGT
BKG00007020,5771,CUS0005379,2026-01-13,CTR
BKG00007021,9931,CUS0009246,2026-01-11,WEB
BKG00007022,6324,CUS0005897,2025-08-23,CTR
BKG00007023,6673,CUS0006226,2024-03-11,OTA
BKG00007024,5277,CUS0004912,2025-10-09,OTA
BKG00007025,15716,CUS0014593,2025-04-22,AGT
BKG00007026,9534,CUS0008882,2025-09-10,MOB
BKG00007027,14186,CUS0013176,2024-09-24,GDS
BKG00007028,3816,CUS0003556,2023-09-12,GDS
BKG00007029,12358,CUS0011503,2025-08-04,MOB
BKG00007030,415,CUS0000384,2024-11-07,OTA
BKG00007031,2017,CUS0001875,2025-09-12,GDS
BKG00007032,8922,CUS0008317,2023-11-17,CTR
BKG00007033,3518,CUS0003282,2025-01-25,CTR
BKG00007034,12228,CUS0011386,2025-01-14,OTA
BKG00007035,2947,CUS0002750,2025-08-28,OTA
BKG00007036,2097,CUS0001953,2026-02-02,CTR
BKG00007037,15422,CUS0014324,2025-03-13,OTA
BKG00007038,319,CUS0000296,2025-12-28,OTA
BKG00007039,9234,CUS0008603,2026-05-12,CTR
BKG00007040,15289,CUS0014197,2025-09-08,WEB
BKG00007041,200,CUS0000188,2026-03-21,GDS
BKG00007042,353,CUS0000326,2023-07-10,GDS
BKG00007043,8655,CUS0008065,2024-06-21,WEB
BKG00007044,15104,CUS0014032,2026-02-15,CTR
BKG00007045,12454,CUS0011590,2025-05-26,GDS
BKG00007046,7001,CUS0006533,2026-03-27,MOB
BKG00007047,4713,CUS0004392,2025-02-23,WEB
BKG00007048,8934,CUS0008329,2025-03-07,MOB
BKG00007049,9846,CUS0009168,2024-01-31,MOB
BKG00007050,14611,CUS0013570,2025-11-28,MOB
BKG00007051,11144,CUS0010367,2026-05-19,WEB
BKG00007052,548,CUS0000507,2024-07-19,AGT
BKG00007053,10175,CUS0009470,2024-12-20,MOB
BKG00007054,8245,CUS0007681,2024-10-11,MOB
BKG00007055,4065,CUS0003790,2026-04-17,CTR
BKG00007056,5664,CUS0005277,2024-03-02,MOB
BKG00007057,9822,CUS0009146,2024-08-12,CTR
BKG00007058,14821,CUS0013768,2024-09-12,MOB
BKG00007059,14925,CUS0013863,2025-10-03,OTA
BKG00007060,8687,CUS0008094,2026-02-15,WEB
BKG00007061,14571,CUS0013532,2024-07-30,MOB
BKG00007062,12556,CUS0011685,2023-07-13,GDS
BKG00007063,11925,CUS0011103,2025-03-05,GDS
BKG00007064,2771,CUS0002586,2024-08-23,WEB
BKG00007065,9524,CUS0008873,2024-07-02,MOB
BKG00007066,6200,CUS0005777,2023-09-23,GDS
BKG00007067,15961,CUS0014819,2024-08-09,WEB
BKG00007068,14120,CUS0013113,2025-07-03,OTA
BKG00007069,7952,CUS0007414,2024-11-05,GDS
BKG00007070,4084,CUS0003805,2024-02-17,AGT
BKG00007071,2164,CUS0002016,2023-05-30,GDS
BKG00007072,5781,CUS0005387,2025-06-11,MOB
BKG00007073,14005,CUS0013002,2023-06-08,GDS
BKG00007074,3987,CUS0003717,2025-03-19,CTR
BKG00007075,7821,CUS0007288,2024-03-06,CTR
BKG00007076,13588,CUS0012622,2024-06-02,GDS
BKG00007077,11545,CUS0010739,2024-06-20,CTR
BKG00007078,756,CUS0000703,2026-01-29,MOB
BKG00007079,6892,CUS0006433,2023-11-06,WEB
BKG00007080,14338,CUS0013313,2024-08-18,CTR
BKG00007081,15423,CUS0014325,2024-05-11,OTA
BKG00007082,4217,CUS0003929,2023-07-02,CTR
BKG00007083,12738,CUS0011849,2023-10-12,GDS
BKG00007084,9422,CUS0008778,2024-08-09,MOB
BKG00007085,2805,CUS0002619,2023-10-29,CTR
BKG00007086,9056,CUS0008441,2024-11-12,AGT
BKG00007087,3306,CUS0003084,2025-06-05,MOB
BKG00007088,7236,CUS0006746,2024-09-08,CTR
BKG00007089,1301,CUS0001211,2025-10-02,CTR
BKG00007090,5905,CUS0005505,2024-08-11,GDS
BKG00007091,1903,CUS0001769,2025-12-18,GDS
BKG00007092,9636,CUS0008977,2025-09-14,MOB
BKG00007093,181,CUS0000169,2024-05-24,WEB
BKG00007094,12181,CUS0011341,2024-04-13,MOB
BKG00007095,499,CUS0000462,2023-12-14,AGT
BKG00007096,6472,CUS0006031,2026-04-21,GDS
BKG00007097,5432,CUS0005057,2025-11-16,OTA
BKG00007098,1438,CUS0001336,2024-09-29,OTA
BKG00007099,9731,CUS0009065,2025-09-14,CTR
BKG00007100,7099,CUS0006624,2023-11-15,CTR
BKG00007101,10205,CUS0009497,2025-08-16,AGT
BKG00007102,8533,CUS0007949,2024-01-12,OTA
BKG00007103,9161,CUS0008538,2026-01-24,MOB
BKG00007104,11566,CUS0010758,2025-08-27,CTR
BKG00007105,7968,CUS0007429,2024-04-13,OTA
BKG00007106,15974,CUS0014831,2023-11-24,AGT
BKG00007107,9429,CUS0008785,2026-01-12,AGT
BKG00007108,3671,CUS0003422,2023-07-06,AGT
BKG00007109,12026,CUS0011195,2025-06-16,MOB
BKG00007110,13316,CUS0012372,2025-07-06,WEB
BKG00007111,9605,CUS0008949,2024-08-01,AGT
BKG00007112,4292,CUS0003998,2025-11-26,AGT
BKG00007113,10886,CUS0010134,2025-12-06,WEB
BKG00007114,13145,CUS0012218,2023-07-28,AGT
BKG00007115,2279,CUS0002126,2024-06-07,WEB
BKG00007116,5742,CUS0005352,2023-10-04,AGT
BKG00007117,8652,CUS0008063,2025-12-17,MOB
BKG00007118,14351,CUS0013326,2026-03-15,AGT
BKG00007119,2714,CUS0002532,2024-03-29,WEB
BKG00007120,9400,CUS0008756,2024-12-27,MOB
BKG00007121,12357,CUS0011502,2025-08-03,GDS
BKG00007122,1760,CUS0001635,2025-12-13,AGT
BKG00007123,6629,CUS0006185,2024-07-26,AGT
BKG00007124,3246,CUS0003028,2024-01-23,MOB
BKG00007125,8850,CUS0008248,2025-12-18,GDS
BKG00007126,10381,CUS0009661,2023-07-13,OTA
BKG00007127,8312,CUS0007742,2025-10-23,MOB
BKG00007128,1534,CUS0001425,2024-09-26,WEB
BKG00007129,15156,CUS0014076,2024-04-21,WEB
BKG00007130,10447,CUS0009723,2024-07-29,CTR
BKG00007131,14548,CUS0013509,2025-06-13,MOB
BKG00007132,1035,CUS0000961,2024-11-10,OTA
BKG00007133,9153,CUS0008531,2026-04-05,WEB
BKG00007134,7137,CUS0006659,2024-06-06,WEB
BKG00007135,1122,CUS0001042,2024-01-30,MOB
BKG00007136,4396,CUS0004094,2025-03-23,GDS
BKG00007137,3030,CUS0002828,2024-06-29,CTR
BKG00007138,9661,CUS0009000,2024-01-24,AGT
BKG00007139,14381,CUS0013354,2024-03-06,AGT
BKG00007140,14601,CUS0013561,2025-04-02,OTA
BKG00007141,8415,CUS0007840,2024-07-14,AGT
BKG00007142,1097,CUS0001019,2025-12-09,WEB
BKG00007143,6547,CUS0006105,2024-05-12,CTR
BKG00007144,13206,CUS0012274,2025-12-04,CTR
BKG00007145,13390,CUS0012441,2026-03-15,GDS
BKG00007146,8311,CUS0007741,2025-06-25,WEB
BKG00007147,10020,CUS0009327,2024-10-25,GDS
BKG00007148,6125,CUS0005708,2023-07-15,MOB
BKG00007149,11344,CUS0010554,2024-08-14,GDS
BKG00007150,11505,CUS0010703,2024-02-16,MOB
BKG00007151,15033,CUS0013964,2024-05-02,AGT
BKG00007152,163,CUS0000153,2025-10-15,MOB
BKG00007153,11811,CUS0010990,2025-02-06,GDS
BKG00007154,15875,CUS0014739,2024-05-23,GDS
BKG00007155,10815,CUS0010068,2023-11-21,CTR
BKG00007156,820,CUS0000760,2024-10-24,MOB
BKG00007157,2437,CUS0002272,2024-03-06,AGT
BKG00007158,11890,CUS0011068,2023-11-04,GDS
BKG00007159,12683,CUS0011796,2024-05-27,MOB
BKG00007160,9906,CUS0009224,2025-08-13,AGT
BKG00007161,12900,CUS0012001,2026-05-20,CTR
BKG00007162,13376,CUS0012428,2026-03-28,GDS
BKG00007163,7641,CUS0007120,2023-06-26,GDS
BKG00007164,3125,CUS0002915,2024-07-07,CTR
BKG00007165,367,CUS0000338,2023-08-01,CTR
BKG00007166,1202,CUS0001117,2025-12-01,MOB
BKG00007167,8026,CUS0007481,2025-03-05,OTA
BKG00007168,1187,CUS0001102,2025-08-03,MOB
BKG00007169,9586,CUS0008932,2025-12-07,MOB
BKG00007170,12682,CUS0011795,2024-06-29,CTR
BKG00007171,12031,CUS0011199,2024-09-17,WEB
BKG00007172,11568,CUS0010760,2026-04-02,GDS
BKG00007173,6064,CUS0005651,2024-05-17,AGT
BKG00007174,14165,CUS0013156,2025-05-21,GDS
BKG00007175,8540,CUS0007956,2025-06-24,MOB
BKG00007176,13256,CUS0012319,2025-09-29,OTA
BKG00007177,817,CUS0000758,2025-04-02,AGT
BKG00007178,9382,CUS0008738,2025-09-14,MOB
BKG00007179,2291,CUS0002136,2025-09-26,AGT
BKG00007180,15263,CUS0014175,2025-08-21,WEB
BKG00007181,14856,CUS0013801,2025-01-21,AGT
BKG00007182,4823,CUS0004495,2025-08-14,GDS
BKG00007183,11591,CUS0010781,2024-11-02,AGT
BKG00007184,12102,CUS0011268,2023-12-04,MOB
BKG00007185,392,CUS0000362,2024-08-18,WEB
BKG00007186,10437,CUS0009713,2024-03-28,MOB
BKG00007187,4630,CUS0004313,2024-03-31,CTR
BKG00007188,11843,CUS0011022,2023-09-08,WEB
BKG00007189,14963,CUS0013900,2023-12-27,GDS
BKG00007190,4922,CUS0004582,2025-02-19,CTR
BKG00007191,9331,CUS0008693,2025-11-07,MOB
BKG00007192,4898,CUS0004560,2024-10-26,WEB
BKG00007193,15325,CUS0014232,2025-06-30,CTR
BKG00007194,3752,CUS0003495,2024-04-28,AGT
BKG00007195,14525,CUS0013490,2025-03-27,MOB
BKG00007196,6200,CUS0005777,2024-03-08,GDS
BKG00007197,8217,CUS0007657,2025-05-23,MOB
BKG00007198,551,CUS0000510,2025-02-16,GDS
BKG00007199,11954,CUS0011130,2024-03-21,AGT
BKG00007200,1114,CUS0001034,2025-11-30,AGT
BKG00007201,10356,CUS0009639,2023-07-25,WEB
BKG00007202,1926,CUS0001792,2026-04-16,OTA
BKG00007203,12485,CUS0011619,2023-07-05,GDS
BKG00007204,3923,CUS0003658,2026-04-06,AGT
BKG00007205,4865,CUS0004534,2023-06-26,AGT
BKG00007206,2457,CUS0002290,2025-10-03,GDS
BKG00007207,3038,CUS0002835,2026-05-15,MOB
BKG00007208,878,CUS0000814,2024-02-12,CTR
BKG00007209,10040,CUS0009345,2023-11-09,OTA
BKG00007210,9454,CUS0008810,2025-12-01,AGT
BKG00007211,181,CUS0000169,2023-12-15,CTR
BKG00007212,457,CUS0000423,2024-03-05,AGT
BKG00007213,1859,CUS0001726,2025-08-25,OTA
BKG00007214,14030,CUS0013025,2025-01-15,WEB
BKG00007215,8156,CUS0007599,2024-04-08,OTA
BKG00007216,11662,CUS0010851,2025-02-09,CTR
BKG00007217,14057,CUS0013051,2025-08-23,CTR
BKG00007218,8871,CUS0008268,2025-05-06,GDS
BKG00007219,2330,CUS0002172,2023-05-28,MOB
BKG00007220,344,CUS0000318,2023-06-10,GDS
BKG00007221,9433,CUS0008789,2024-03-17,GDS
BKG00007222,8453,CUS0007875,2025-10-29,MOB
BKG00007223,7205,CUS0006720,2026-02-05,OTA
BKG00007224,4197,CUS0003911,2024-02-13,AGT
BKG00007225,9397,CUS0008753,2023-12-20,CTR
BKG00007226,4675,CUS0004356,2025-07-30,WEB
BKG00007227,13559,CUS0012598,2025-08-16,OTA
BKG00007228,2866,CUS0002675,2025-05-18,MOB
BKG00007229,6289,CUS0005863,2025-07-19,CTR
BKG00007230,9154,CUS0008532,2024-03-26,MOB
BKG00007231,11361,CUS0010569,2025-01-30,WEB
BKG00007232,15412,CUS0014314,2023-09-03,MOB
BKG00007233,14983,CUS0013920,2026-04-08,CTR
BKG00007234,11146,CUS0010369,2025-11-17,WEB
BKG00007235,1234,CUS0001149,2023-11-02,GDS
BKG00007236,12602,CUS0011723,2026-01-12,GDS
BKG00007237,6477,CUS0006036,2026-02-26,WEB
BKG00007238,6375,CUS0005945,2024-02-28,WEB
BKG00007239,8145,CUS0007588,2025-01-07,OTA
BKG00007240,8651,CUS0008062,2024-02-22,GDS
BKG00007241,13326,CUS0012382,2024-03-19,MOB
BKG00007242,4271,CUS0003979,2025-10-12,AGT
BKG00007243,4954,CUS0004612,2024-04-28,MOB
BKG00007244,12042,CUS0011210,2025-01-05,GDS
BKG00007245,6898,CUS0006439,2023-06-09,AGT
BKG00007246,7357,CUS0006860,2024-06-01,OTA
BKG00007247,7706,CUS0007180,2024-01-30,CTR
BKG00007248,9247,CUS0008614,2024-06-30,AGT
BKG00007249,13932,CUS0012936,2026-03-18,AGT
BKG00007250,5128,CUS0004769,2024-05-18,AGT
BKG00007251,7582,CUS0007066,2025-09-11,OTA
BKG00007252,14094,CUS0013088,2026-05-18,AGT
BKG00007253,137,CUS0000128,2024-07-04,MOB
BKG00007254,4226,CUS0003938,2025-01-18,OTA
BKG00007255,340,CUS0000314,2023-06-29,OTA
BKG00007256,6723,CUS0006273,2025-09-13,CTR
BKG00007257,13715,CUS0012740,2026-05-09,AGT
BKG00007258,831,CUS0000770,2026-03-31,AGT
BKG00007259,14735,CUS0013688,2024-01-12,WEB
BKG00007260,5642,CUS0005256,2024-01-12,AGT
BKG00007261,2363,CUS0002202,2023-05-28,GDS
BKG00007262,14036,CUS0013031,2025-02-13,GDS
BKG00007263,6142,CUS0005724,2026-03-24,WEB
BKG00007264,10988,CUS0010230,2025-10-10,GDS
BKG00007265,594,CUS0000551,2023-11-20,MOB
BKG00007266,654,CUS0000606,2024-08-03,GDS
BKG00007267,14565,CUS0013526,2024-05-21,OTA
BKG00007268,15470,CUS0014365,2025-07-11,AGT
BKG00007269,8811,CUS0008211,2025-01-29,OTA
BKG00007270,7175,CUS0006693,2025-08-15,CTR
BKG00007271,11717,CUS0010903,2024-04-18,MOB
BKG00007272,14629,CUS0013588,2024-04-27,AGT
BKG00007273,10950,CUS0010193,2024-12-06,AGT
BKG00007274,7282,CUS0006790,2023-11-28,MOB
BKG00007275,15653,CUS0014536,2024-06-23,MOB
BKG00007276,14416,CUS0013386,2025-06-21,MOB
BKG00007277,10354,CUS0009637,2024-11-28,CTR
BKG00007278,2160,CUS0002012,2024-11-23,CTR
BKG00007279,4568,CUS0004255,2026-01-06,AGT
BKG00007280,11176,CUS0010395,2023-12-06,OTA
BKG00007281,12176,CUS0011336,2025-01-14,GDS
BKG00007282,15893,CUS0014755,2023-07-01,GDS
BKG00007283,4143,CUS0003861,2024-01-07,AGT
BKG00007284,4485,CUS0004180,2024-01-10,MOB
BKG00007285,15334,CUS0014241,2026-01-20,MOB
BKG00007286,10534,CUS0009802,2024-08-02,CTR
BKG00007287,13642,CUS0012672,2026-03-24,GDS
BKG00007288,1222,CUS0001137,2025-01-12,MOB
BKG00007289,4304,CUS0004010,2023-11-22,GDS
BKG00007290,3873,CUS0003612,2024-03-07,WEB
BKG00007291,7673,CUS0007148,2025-10-01,WEB
BKG00007292,10686,CUS0009945,2025-04-11,MOB
BKG00007293,14372,CUS0013345,2025-07-25,GDS
BKG00007294,12598,CUS0011719,2024-11-18,AGT
BKG00007295,12868,CUS0011971,2024-12-17,GDS
BKG00007296,11367,CUS0010575,2026-03-10,WEB
BKG00007297,6961,CUS0006496,2024-12-30,WEB
BKG00007298,10803,CUS0010056,2025-05-15,CTR
BKG00007299,14859,CUS0013803,2025-07-24,GDS
BKG00007300,15347,CUS0014252,2023-10-30,CTR
BKG00007301,12819,CUS0011923,2026-04-23,WEB
BKG00007302,11285,CUS0010498,2023-08-01,WEB
BKG00007303,9655,CUS0008994,2023-12-11,GDS
BKG00007304,14161,CUS0013152,2025-06-15,AGT
BKG00007305,1169,CUS0001084,2025-12-28,GDS
BKG00007306,15534,CUS0014427,2024-10-08,GDS
BKG00007307,11530,CUS0010725,2025-01-11,CTR
BKG00007308,10036,CUS0009341,2025-06-29,MOB
BKG00007309,4696,CUS0004375,2023-09-14,AGT
BKG00007310,1549,CUS0001439,2024-10-27,WEB
BKG00007311,5798,CUS0005404,2024-11-25,OTA
BKG00007312,6707,CUS0006257,2025-08-10,GDS
BKG00007313,13483,CUS0012527,2024-09-02,AGT
BKG00007314,2891,CUS0002698,2025-05-05,OTA
BKG00007315,2250,CUS0002099,2025-10-27,GDS
BKG00007316,14301,CUS0013281,2026-02-06,OTA
BKG00007317,2316,CUS0002159,2024-05-02,WEB
BKG00007318,11273,CUS0010488,2025-11-20,AGT
BKG00007319,7789,CUS0007256,2024-02-26,CTR
BKG00007320,15918,CUS0014776,2026-03-07,OTA
BKG00007321,3132,CUS0002922,2024-05-07,AGT
BKG00007322,8132,CUS0007575,2023-06-17,WEB
BKG00007323,13436,CUS0012483,2025-08-03,GDS
BKG00007324,11796,CUS0010976,2024-03-12,WEB
BKG00007325,3377,CUS0003148,2024-11-23,GDS
BKG00007326,14889,CUS0013830,2025-11-06,OTA
BKG00007327,15537,CUS0014430,2024-05-17,GDS
BKG00007328,14318,CUS0013296,2023-05-27,OTA
BKG00007329,9802,CUS0009128,2024-11-30,GDS
BKG00007330,14556,CUS0013517,2025-08-15,GDS
BKG00007331,13154,CUS0012227,2025-03-07,WEB
BKG00007332,4637,CUS0004320,2025-06-27,MOB
BKG00007333,7256,CUS0006765,2024-04-17,OTA
BKG00007334,9363,CUS0008722,2025-05-12,CTR
BKG00007335,15678,CUS0014558,2023-10-26,MOB
BKG00007336,14881,CUS0013823,2025-10-05,GDS
BKG00007337,1472,CUS0001367,2025-04-17,GDS
BKG00007338,5540,CUS0005158,2023-11-09,CTR
BKG00007339,195,CUS0000183,2026-01-30,CTR
BKG00007340,9018,CUS0008405,2024-04-24,AGT
BKG00007341,8398,CUS0007823,2025-01-18,AGT
BKG00007342,229,CUS0000214,2025-01-07,WEB
BKG00007343,15266,CUS0014177,2024-01-29,MOB
BKG00007344,6483,CUS0006041,2023-09-02,WEB
BKG00007345,9285,CUS0008649,2023-10-25,CTR
BKG00007346,3006,CUS0002804,2024-06-25,CTR
BKG00007347,1954,CUS0001818,2025-01-06,GDS
BKG00007348,799,CUS0000742,2025-07-29,MOB
BKG00007349,13255,CUS0012318,2024-08-18,OTA
BKG00007350,16093,CUS0014941,2024-10-04,MOB
BKG00007351,4147,CUS0003864,2024-06-06,OTA
BKG00007352,5134,CUS0004775,2025-12-29,WEB
BKG00007353,15004,CUS0013938,2025-10-23,WEB
BKG00007354,20,CUS0000019,2025-10-09,MOB
BKG00007355,3068,CUS0002861,2025-01-31,WEB
BKG00007356,1294,CUS0001205,2023-10-19,MOB
BKG00007357,9903,CUS0009221,2025-03-16,MOB
BKG00007358,1257,CUS0001171,2026-03-27,GDS
BKG00007359,442,CUS0000408,2024-07-27,AGT
BKG00007360,15551,CUS0014443,2025-02-10,CTR
BKG00007361,2455,CUS0002288,2026-05-22,MOB
BKG00007362,9279,CUS0008644,2024-05-27,CTR
BKG00007363,3321,CUS0003097,2024-07-04,GDS
BKG00007364,31,CUS0000029,2024-07-11,AGT
BKG00007365,10510,CUS0009781,2025-07-03,AGT
BKG00007366,10992,CUS0010233,2024-01-25,GDS
BKG00007367,3058,CUS0002853,2024-04-14,GDS
BKG00007368,4304,CUS0004010,2023-09-01,MOB
BKG00007369,2611,CUS0002434,2026-04-29,CTR
BKG00007370,3442,CUS0003208,2026-02-20,MOB
BKG00007371,11710,CUS0010896,2026-05-11,WEB
BKG00007372,15918,CUS0014776,2023-11-19,WEB
BKG00007373,2685,CUS0002505,2024-04-03,MOB
BKG00007374,2988,CUS0002789,2023-11-09,CTR
BKG00007375,12233,CUS0011391,2024-06-24,OTA
BKG00007376,2862,CUS0002671,2024-10-17,WEB
BKG00007377,2489,CUS0002318,2024-11-02,OTA
BKG00007378,148,CUS0000138,2024-02-27,WEB
BKG00007379,6833,CUS0006377,2025-02-02,MOB
BKG00007380,2293,CUS0002138,2024-10-24,OTA
BKG00007381,1653,CUS0001538,2026-01-29,GDS
BKG00007382,5336,CUS0004970,2026-01-26,AGT
BKG00007383,9287,CUS0008651,2023-11-18,GDS
BKG00007384,774,CUS0000717,2024-11-14,WEB
BKG00007385,7043,CUS0006570,2024-07-07,OTA
BKG00007386,14115,CUS0013109,2025-06-23,CTR
BKG00007387,12046,CUS0011214,2025-07-26,CTR
BKG00007388,8857,CUS0008254,2025-04-12,AGT
BKG00007389,2769,CUS0002584,2024-11-08,OTA
BKG00007390,7965,CUS0007426,2025-05-02,AGT
BKG00007391,7637,CUS0007117,2023-10-31,CTR
BKG00007392,447,CUS0000413,2023-08-10,AGT
BKG00007393,15240,CUS0014155,2025-12-15,MOB
BKG00007394,10421,CUS0009698,2024-09-20,WEB
BKG00007395,15250,CUS0014163,2025-10-18,AGT
BKG00007396,3073,CUS0002866,2023-07-26,GDS
BKG00007397,7045,CUS0006572,2026-03-02,CTR
BKG00007398,12453,CUS0011589,2023-06-13,CTR
BKG00007399,10235,CUS0009526,2023-07-09,WEB
BKG00007400,14597,CUS0013557,2024-05-17,OTA
BKG00007401,15840,CUS0014705,2023-09-26,OTA
BKG00007402,829,CUS0000768,2025-06-28,AGT
BKG00007403,9819,CUS0009143,2025-10-04,MOB
BKG00007404,289,CUS0000269,2024-08-14,AGT
BKG00007405,16092,CUS0014940,2025-12-10,MOB
BKG00007406,13649,CUS0012678,2024-01-25,GDS
BKG00007407,12713,CUS0011825,2025-08-21,CTR
BKG00007408,2328,CUS0002170,2023-06-24,GDS
BKG00007409,9691,CUS0009029,2023-12-10,MOB
BKG00007410,14472,CUS0013440,2024-07-11,AGT
BKG00007411,10885,CUS0010133,2025-01-20,GDS
BKG00007412,2830,CUS0002642,2026-01-05,AGT
BKG00007413,15815,CUS0014681,2024-07-17,OTA
BKG00007414,3761,CUS0003504,2025-09-03,CTR
BKG00007415,9250,CUS0008616,2025-04-04,MOB
BKG00007416,12287,CUS0011439,2025-11-07,GDS
BKG00007417,5103,CUS0004745,2025-07-30,OTA
BKG00007418,3966,CUS0003698,2023-07-08,GDS
BKG00007419,4689,CUS0004368,2024-03-14,WEB
BKG00007420,1323,CUS0001231,2024-01-12,AGT
BKG00007421,3275,CUS0003055,2024-03-23,GDS
BKG00007422,9541,CUS0008888,2024-11-03,OTA
BKG00007423,13282,CUS0012344,2024-03-07,CTR
BKG00007424,636,CUS0000592,2024-02-21,CTR
BKG00007425,6051,CUS0005639,2025-08-12,GDS
BKG00007426,5152,CUS0004793,2026-03-15,MOB
BKG00007427,2508,CUS0002337,2026-03-22,AGT
BKG00007428,166,CUS0000155,2024-09-14,GDS
BKG00007429,13934,CUS0012938,2025-12-21,OTA
BKG00007430,10960,CUS0010203,2023-06-27,MOB
BKG00007431,2072,CUS0001928,2023-11-19,MOB
BKG00007432,4637,CUS0004320,2023-10-19,CTR
BKG00007433,4201,CUS0003914,2026-05-05,CTR
BKG00007434,15693,CUS0014571,2025-04-21,MOB
BKG00007435,7898,CUS0007361,2025-06-01,CTR
BKG00007436,875,CUS0000811,2025-06-14,GDS
BKG00007437,11099,CUS0010329,2023-06-25,OTA
BKG00007438,13619,CUS0012651,2024-02-29,OTA
BKG00007439,5927,CUS0005524,2025-11-23,GDS
BKG00007440,4184,CUS0003898,2024-02-26,OTA
BKG00007441,11823,CUS0011002,2024-01-28,CTR
BKG00007442,13078,CUS0012158,2024-03-04,OTA
BKG00007443,4790,CUS0004465,2026-05-07,WEB
BKG00007444,3820,CUS0003560,2024-05-05,MOB
BKG00007445,4102,CUS0003823,2023-12-21,GDS
BKG00007446,6693,CUS0006245,2025-09-22,WEB
BKG00007447,7324,CUS0006830,2025-05-06,MOB
BKG00007448,14742,CUS0013695,2024-04-24,OTA
BKG00007449,3198,CUS0002985,2026-04-09,MOB
BKG00007450,570,CUS0000527,2023-11-30,AGT
BKG00007451,13528,CUS0012568,2024-08-05,AGT
BKG00007452,9709,CUS0009046,2025-11-03,WEB
BKG00007453,10517,CUS0009787,2025-09-22,AGT
BKG00007454,8112,CUS0007556,2024-04-29,MOB
BKG00007455,12056,CUS0011224,2023-10-24,AGT
BKG00007456,3381,CUS0003152,2025-11-04,AGT
BKG00007457,11204,CUS0010422,2025-08-30,OTA
BKG00007458,10827,CUS0010079,2024-05-29,OTA
BKG00007459,5857,CUS0005459,2025-08-19,MOB
BKG00007460,13624,CUS0012655,2024-08-04,WEB
BKG00007461,4428,CUS0004126,2023-08-10,OTA
BKG00007462,13715,CUS0012740,2024-05-09,MOB
BKG00007463,4933,CUS0004592,2024-12-07,MOB
BKG00007464,11556,CUS0010749,2026-02-26,WEB
BKG00007465,6228,CUS0005803,2024-02-06,MOB
BKG00007466,7267,CUS0006776,2024-03-19,AGT
BKG00007467,8647,CUS0008058,2023-12-10,MOB
BKG00007468,9113,CUS0008493,2025-06-03,AGT
BKG00007469,13617,CUS0012649,2025-02-26,CTR
BKG00007470,10758,CUS0010013,2025-11-24,WEB
BKG00007471,11360,CUS0010568,2024-03-01,GDS
BKG00007472,13544,CUS0012583,2024-01-07,GDS
BKG00007473,12755,CUS0011865,2023-10-25,WEB
BKG00007474,4374,CUS0004074,2024-11-08,WEB
BKG00007475,11137,CUS0010361,2024-01-15,AGT
BKG00007476,9643,CUS0008983,2025-12-10,GDS
BKG00007477,12348,CUS0011494,2025-06-17,GDS
BKG00007478,4015,CUS0003744,2025-08-22,AGT
BKG00007479,13962,CUS0012961,2026-04-23,AGT
BKG00007480,14350,CUS0013325,2024-12-03,CTR
BKG00007481,5946,CUS0005542,2026-01-28,OTA
BKG00007482,12639,CUS0011756,2023-07-30,WEB
BKG00007483,429,CUS0000397,2024-07-20,MOB
BKG00007484,14411,CUS0013381,2025-11-30,MOB
BKG00007485,154,CUS0000144,2025-05-11,AGT
BKG00007486,2785,CUS0002600,2024-10-11,AGT
BKG00007487,15344,CUS0014249,2025-12-09,GDS
BKG00007488,13579,CUS0012616,2024-03-11,GDS
BKG00007489,9837,CUS0009160,2026-01-26,CTR
BKG00007490,14035,CUS0013030,2025-06-26,GDS
BKG00007491,10298,CUS0009585,2024-02-15,OTA
BKG00007492,1811,CUS0001681,2025-01-04,MOB
BKG00007493,8394,CUS0007820,2024-09-21,AGT
BKG00007494,15353,CUS0014258,2024-06-12,WEB
BKG00007495,14888,CUS0013829,2026-02-01,OTA
BKG00007496,8600,CUS0008013,2023-05-31,WEB
BKG00007497,12527,CUS0011659,2024-12-30,MOB
BKG00007498,8495,CUS0007913,2025-10-13,MOB
BKG00007499,11146,CUS0010369,2024-08-19,WEB
BKG00007500,13593,CUS0012627,2025-05-12,AGT
BKG00007501,4088,CUS0003809,2025-08-29,CTR
BKG00007502,15081,CUS0014010,2025-07-13,MOB
BKG00007503,16001,CUS0014856,2024-12-18,WEB
BKG00007504,960,CUS0000890,2024-07-14,WEB
BKG00007505,11802,CUS0010982,2023-08-20,WEB
BKG00007506,3831,CUS0003571,2025-06-01,CTR
BKG00007507,207,CUS0000195,2025-09-28,WEB
BKG00007508,1927,CUS0001793,2025-09-19,WEB
BKG00007509,9838,CUS0009161,2026-04-07,WEB
BKG00007510,895,CUS0000829,2025-09-01,CTR
BKG00007511,3046,CUS0002842,2024-02-10,CTR
BKG00007512,15635,CUS0014519,2024-11-22,MOB
BKG00007513,1981,CUS0001841,2023-07-11,WEB
BKG00007514,3468,CUS0003233,2024-07-12,CTR
BKG00007515,14879,CUS0013821,2025-03-09,CTR
BKG00007516,8460,CUS0007882,2025-10-28,CTR
BKG00007517,1854,CUS0001722,2025-07-28,OTA
BKG00007518,2019,CUS0001877,2025-12-26,OTA
BKG00007519,1854,CUS0001722,2024-07-30,GDS
BKG00007520,8857,CUS0008254,2024-12-19,CTR
BKG00007521,14862,CUS0013806,2026-05-10,MOB
BKG00007522,7480,CUS0006971,2023-07-21,OTA
BKG00007523,5027,CUS0004677,2023-11-25,WEB
BKG00007524,14094,CUS0013088,2026-01-06,WEB
BKG00007525,15397,CUS0014300,2025-05-10,GDS
BKG00007526,3095,CUS0002887,2024-05-27,AGT
BKG00007527,4952,CUS0004610,2024-09-16,MOB
BKG00007528,10468,CUS0009743,2024-03-02,OTA
BKG00007529,11896,CUS0011074,2023-09-14,OTA
BKG00007530,6476,CUS0006035,2024-05-29,MOB
BKG00007531,8969,CUS0008359,2024-02-24,GDS
BKG00007532,874,CUS0000810,2023-08-23,CTR
BKG00007533,8411,CUS0007836,2025-02-19,CTR
BKG00007534,1575,CUS0001463,2025-11-19,OTA
BKG00007535,11672,CUS0010861,2025-02-06,OTA
BKG00007536,2789,CUS0002604,2024-02-14,MOB
BKG00007537,12499,CUS0011631,2026-04-18,AGT
BKG00007538,15170,CUS0014089,2025-02-03,WEB
BKG00007539,6318,CUS0005891,2026-02-15,CTR
BKG00007540,11657,CUS0010846,2023-09-03,MOB
BKG00007541,2430,CUS0002265,2026-02-07,AGT
BKG00007542,9144,CUS0008523,2023-08-15,MOB
BKG00007543,8258,CUS0007693,2026-05-15,WEB
BKG00007544,12257,CUS0011413,2025-08-27,OTA
BKG00007545,9324,CUS0008686,2023-11-21,GDS
BKG00007546,5791,CUS0005397,2023-07-06,OTA
BKG00007547,4475,CUS0004170,2024-05-17,CTR
BKG00007548,7116,CUS0006639,2025-08-26,MOB
BKG00007549,3187,CUS0002975,2025-05-04,OTA
BKG00007550,14889,CUS0013830,2025-06-25,MOB
BKG00007551,5132,CUS0004773,2023-12-08,GDS
BKG00007552,7113,CUS0006636,2024-03-04,WEB
BKG00007553,5492,CUS0005113,2024-02-04,GDS
BKG00007554,3184,CUS0002972,2025-08-29,CTR
BKG00007555,4506,CUS0004200,2025-12-03,CTR
BKG00007556,4695,CUS0004374,2026-04-25,MOB
BKG00007557,3225,CUS0003011,2024-01-09,WEB
BKG00007558,14771,CUS0013722,2026-02-12,CTR
BKG00007559,407,CUS0000377,2025-03-09,WEB
BKG00007560,1879,CUS0001746,2025-11-23,AGT
BKG00007561,5142,CUS0004783,2025-01-30,MOB
BKG00007562,13798,CUS0012814,2024-05-23,WEB
BKG00007563,702,CUS0000652,2024-06-13,WEB
BKG00007564,7629,CUS0007109,2025-09-19,AGT
BKG00007565,1069,CUS0000993,2025-05-24,CTR
BKG00007566,7763,CUS0007233,2025-01-18,AGT
BKG00007567,458,CUS0000424,2023-09-27,AGT
BKG00007568,7573,CUS0007058,2024-09-30,GDS
BKG00007569,11439,CUS0010640,2025-01-10,WEB
BKG00007570,4474,CUS0004169,2024-01-05,AGT
BKG00007571,4297,CUS0004003,2024-07-30,WEB
BKG00007572,2818,CUS0002631,2023-07-24,OTA
BKG00007573,1925,CUS0001791,2024-04-25,CTR
BKG00007574,3786,CUS0003529,2024-04-12,OTA
BKG00007575,554,CUS0000513,2023-05-28,CTR
BKG00007576,12418,CUS0011557,2025-07-06,WEB
BKG00007577,6521,CUS0006079,2025-12-27,OTA
BKG00007578,14826,CUS0013773,2024-10-16,MOB
BKG00007579,3599,CUS0003357,2025-11-23,MOB
BKG00007580,13662,CUS0012690,2025-10-04,OTA
BKG00007581,8790,CUS0008190,2025-09-01,OTA
BKG00007582,1317,CUS0001226,2024-02-12,OTA
BKG00007583,2128,CUS0001982,2024-06-12,CTR
BKG00007584,13377,CUS0012429,2024-11-03,WEB
BKG00007585,13224,CUS0012291,2024-09-20,MOB
BKG00007586,14478,CUS0013446,2024-12-05,OTA
BKG00007587,3109,CUS0002899,2023-10-18,AGT
BKG00007588,9536,CUS0008884,2025-11-28,AGT
BKG00007589,9037,CUS0008423,2023-11-14,WEB
BKG00007590,6366,CUS0005936,2025-06-22,WEB
BKG00007591,11593,CUS0010783,2024-04-18,OTA
BKG00007592,7766,CUS0007236,2024-01-20,AGT
BKG00007593,15371,CUS0014276,2024-11-16,MOB
BKG00007594,9984,CUS0009293,2025-09-07,AGT
BKG00007595,15493,CUS0014388,2024-01-13,CTR
BKG00007596,163,CUS0000153,2025-12-05,OTA
BKG00007597,3929,CUS0003664,2024-02-29,GDS
BKG00007598,10212,CUS0009504,2025-01-12,AGT
BKG00007599,12613,CUS0011733,2024-01-01,AGT
BKG00007600,10189,CUS0009482,2025-02-28,CTR
BKG00007601,1865,CUS0001732,2024-04-26,AGT
BKG00007602,6078,CUS0005664,2024-10-26,AGT
BKG00007603,15805,CUS0014672,2025-01-12,OTA
BKG00007604,14539,CUS0013502,2024-07-12,GDS
BKG00007605,2627,CUS0002450,2024-11-08,CTR
BKG00007606,12612,CUS0011732,2023-07-27,GDS
BKG00007607,6794,CUS0006339,2024-11-15,CTR
BKG00007608,5318,CUS0004952,2025-06-03,AGT
BKG00007609,14728,CUS0013682,2024-05-23,WEB
BKG00007610,9173,CUS0008550,2025-03-08,WEB
BKG00007611,7450,CUS0006944,2024-05-18,MOB
BKG00007612,12753,CUS0011863,2023-07-21,CTR
BKG00007613,3287,CUS0003067,2024-02-09,GDS
BKG00007614,2028,CUS0001886,2025-08-22,AGT
BKG00007615,3492,CUS0003257,2024-05-18,GDS
BKG00007616,2507,CUS0002336,2024-01-16,OTA
BKG00007617,4113,CUS0003833,2025-01-09,AGT
BKG00007618,5143,CUS0004784,2024-08-28,AGT
BKG00007619,2086,CUS0001942,2024-04-03,CTR
BKG00007620,1493,CUS0001387,2025-12-22,GDS
BKG00007621,11808,CUS0010987,2024-12-02,AGT
BKG00007622,3498,CUS0003263,2026-02-07,AGT
BKG00007623,13493,CUS0012536,2023-11-25,CTR
BKG00007624,5623,CUS0005237,2024-01-03,CTR
BKG00007625,4025,CUS0003753,2025-05-28,MOB
BKG00007626,10436,CUS0009712,2024-11-29,OTA
BKG00007627,15476,CUS0014371,2025-12-25,OTA
BKG00007628,4685,CUS0004364,2023-07-09,AGT
BKG00007629,12960,CUS0012053,2023-12-10,WEB
BKG00007630,5889,CUS0005490,2024-10-03,AGT
BKG00007631,5627,CUS0005241,2024-09-11,OTA
BKG00007632,13743,CUS0012765,2023-11-29,AGT
BKG00007633,6777,CUS0006322,2025-10-23,MOB
BKG00007634,12073,CUS0011240,2024-10-23,MOB
BKG00007635,1531,CUS0001422,2025-05-27,CTR
BKG00007636,3198,CUS0002985,2025-11-22,GDS
BKG00007637,369,CUS0000340,2024-02-03,WEB
BKG00007638,15185,CUS0014104,2023-07-01,GDS
BKG00007639,13685,CUS0012710,2024-04-10,AGT
BKG00007640,15380,CUS0014285,2024-01-25,MOB
BKG00007641,7548,CUS0007034,2025-11-19,CTR
BKG00007642,14787,CUS0013736,2025-10-14,GDS
BKG00007643,1669,CUS0001553,2025-07-27,WEB
BKG00007644,9822,CUS0009146,2023-11-27,OTA
BKG00007645,5231,CUS0004869,2025-07-31,GDS
BKG00007646,7358,CUS0006861,2023-06-29,WEB
BKG00007647,11264,CUS0010479,2025-11-18,GDS
BKG00007648,8667,CUS0008076,2023-09-25,CTR
BKG00007649,8942,CUS0008335,2025-01-31,CTR
BKG00007650,9271,CUS0008636,2023-11-12,CTR
BKG00007651,6769,CUS0006314,2025-04-25,AGT
BKG00007652,15252,CUS0014165,2026-04-22,MOB
BKG00007653,9152,CUS0008530,2025-01-07,GDS
BKG00007654,8763,CUS0008165,2025-07-19,OTA
BKG00007655,3836,CUS0003576,2023-10-20,MOB
BKG00007656,3480,CUS0003245,2023-09-15,AGT
BKG00007657,10890,CUS0010138,2025-03-14,AGT
BKG00007658,9718,CUS0009054,2024-03-02,AGT
BKG00007659,10647,CUS0009909,2023-07-14,CTR
BKG00007660,14153,CUS0013144,2025-01-28,OTA
BKG00007661,14466,CUS0013435,2026-01-20,MOB
BKG00007662,5634,CUS0005248,2025-05-12,CTR
BKG00007663,8997,CUS0008385,2025-10-21,WEB
BKG00007664,5398,CUS0005028,2024-09-12,CTR
BKG00007665,11555,CUS0010748,2023-08-14,GDS
BKG00007666,12169,CUS0011329,2024-01-21,MOB
BKG00007667,6262,CUS0005836,2023-07-27,MOB
BKG00007668,6234,CUS0005809,2024-02-12,AGT
BKG00007669,5658,CUS0005272,2025-12-28,CTR
BKG00007670,520,CUS0000481,2024-03-15,MOB
BKG00007671,12394,CUS0011534,2025-01-11,WEB
BKG00007672,13843,CUS0012855,2025-03-26,OTA
BKG00007673,3881,CUS0003619,2024-10-07,CTR
BKG00007674,13162,CUS0012235,2026-03-18,OTA
BKG00007675,14162,CUS0013153,2024-03-16,MOB
BKG00007676,1145,CUS0001062,2024-12-30,AGT
BKG00007677,3421,CUS0003188,2025-01-12,WEB
BKG00007678,3729,CUS0003475,2025-01-23,OTA
BKG00007679,14942,CUS0013879,2025-05-19,MOB
BKG00007680,1178,CUS0001093,2025-08-16,OTA
BKG00007681,12739,CUS0011850,2024-05-30,CTR
BKG00007682,5870,CUS0005472,2024-04-18,AGT
BKG00007683,8507,CUS0007925,2025-04-02,OTA
BKG00007684,1338,CUS0001245,2025-09-14,GDS
BKG00007685,4704,CUS0004383,2025-12-31,MOB
BKG00007686,13579,CUS0012616,2025-11-13,WEB
BKG00007687,10678,CUS0009937,2023-11-03,MOB
BKG00007688,11096,CUS0010326,2026-05-23,GDS
BKG00007689,2264,CUS0002112,2026-03-18,WEB
BKG00007690,15956,CUS0014814,2024-03-11,CTR
BKG00007691,7871,CUS0007334,2023-06-03,AGT
BKG00007692,15729,CUS0014605,2024-03-01,MOB
BKG00007693,1845,CUS0001713,2024-07-05,OTA
BKG00007694,6384,CUS0005954,2024-07-01,GDS
BKG00007695,3177,CUS0002965,2025-07-21,GDS
BKG00007696,11454,CUS0010654,2025-03-01,OTA
BKG00007697,5307,CUS0004942,2026-02-12,MOB
BKG00007698,5689,CUS0005302,2024-03-15,CTR
BKG00007699,11592,CUS0010782,2024-05-19,GDS
BKG00007700,12991,CUS0012081,2024-10-02,GDS
BKG00007701,54,CUS0000051,2024-04-25,WEB
BKG00007702,10036,CUS0009341,2023-11-26,AGT
BKG00007703,12861,CUS0011964,2025-02-14,OTA
BKG00007704,7044,CUS0006571,2023-07-25,AGT
BKG00007705,1815,CUS0001685,2026-05-18,WEB
BKG00007706,7449,CUS0006943,2026-01-10,WEB
BKG00007707,9466,CUS0008822,2024-07-10,WEB
BKG00007708,14388,CUS0013360,2024-04-15,WEB
BKG00007709,8523,CUS0007940,2024-02-18,OTA
BKG00007710,11742,CUS0010926,2026-05-21,OTA
BKG00007711,15997,CUS0014852,2025-09-09,MOB
BKG00007712,6234,CUS0005809,2023-12-05,OTA
BKG00007713,11260,CUS0010475,2025-06-04,CTR
BKG00007714,7099,CUS0006624,2023-11-18,WEB
BKG00007715,11360,CUS0010568,2025-11-14,AGT
BKG00007716,13857,CUS0012869,2025-03-30,OTA
BKG00007717,733,CUS0000681,2024-05-23,CTR
BKG00007718,6347,CUS0005918,2025-07-26,OTA
BKG00007719,1956,CUS0001820,2026-04-30,WEB
BKG00007720,867,CUS0000803,2025-03-13,AGT
BKG00007721,13244,CUS0012308,2024-07-19,CTR
BKG00007722,315,CUS0000292,2024-05-29,MOB
BKG00007723,264,CUS0000245,2023-12-16,GDS
BKG00007724,12083,CUS0011250,2026-05-01,WEB
BKG00007725,6096,CUS0005681,2025-03-07,OTA
BKG00007726,8414,CUS0007839,2025-07-02,WEB
BKG00007727,1070,CUS0000994,2023-10-11,OTA
BKG00007728,8142,CUS0007585,2024-12-09,CTR
BKG00007729,8182,CUS0007623,2025-11-10,WEB
BKG00007730,4359,CUS0004061,2024-12-03,AGT
BKG00007731,8120,CUS0007563,2025-08-17,WEB
BKG00007732,3616,CUS0003371,2025-04-14,WEB
BKG00007733,1559,CUS0001448,2024-12-10,CTR
BKG00007734,5438,CUS0005062,2026-05-22,AGT
BKG00007735,2351,CUS0002191,2023-08-18,AGT
BKG00007736,8015,CUS0007471,2023-10-14,WEB
BKG00007737,789,CUS0000732,2024-02-08,WEB
BKG00007738,3476,CUS0003241,2025-09-10,GDS
BKG00007739,14450,CUS0013419,2024-09-10,GDS
BKG00007740,7579,CUS0007063,2025-07-15,WEB
BKG00007741,7633,CUS0007113,2023-12-17,MOB
BKG00007742,2670,CUS0002490,2025-04-17,CTR
BKG00007743,12375,CUS0011517,2023-10-12,AGT
BKG00007744,8308,CUS0007738,2024-09-23,CTR
BKG00007745,9211,CUS0008583,2025-12-27,CTR
BKG00007746,1152,CUS0001069,2025-11-01,OTA
BKG00007747,10281,CUS0009570,2025-10-06,OTA
BKG00007748,12538,CUS0011669,2023-12-02,AGT
BKG00007749,5918,CUS0005516,2024-08-09,GDS
BKG00007750,13030,CUS0012116,2025-04-18,WEB
BKG00007751,6923,CUS0006461,2026-05-09,CTR
BKG00007752,11183,CUS0010402,2024-07-24,OTA
BKG00007753,5701,CUS0005312,2023-06-08,AGT
BKG00007754,12635,CUS0011753,2023-06-15,CTR
BKG00007755,10001,CUS0009310,2023-10-02,WEB
BKG00007756,5809,CUS0005413,2024-04-02,MOB
BKG00007757,13276,CUS0012338,2023-08-06,OTA
BKG00007758,3166,CUS0002955,2024-02-24,GDS
BKG00007759,12179,CUS0011339,2025-07-03,OTA
BKG00007760,11722,CUS0010908,2024-09-11,WEB
BKG00007761,10700,CUS0009959,2023-08-28,WEB
BKG00007762,1797,CUS0001667,2025-05-26,GDS
BKG00007763,14192,CUS0013182,2024-04-22,AGT
BKG00007764,1840,CUS0001708,2025-02-21,OTA
BKG00007765,3466,CUS0003231,2025-09-21,AGT
BKG00007766,11971,CUS0011147,2024-03-18,GDS
BKG00007767,4506,CUS0004200,2024-10-30,OTA
BKG00007768,13648,CUS0012677,2024-08-11,MOB
BKG00007769,13468,CUS0012514,2024-03-25,WEB
BKG00007770,6695,CUS0006247,2023-11-02,MOB
BKG00007771,3886,CUS0003623,2023-12-04,WEB
BKG00007772,462,CUS0000428,2025-12-07,MOB
BKG00007773,113,CUS0000105,2025-09-19,WEB
BKG00007774,5419,CUS0005046,2024-05-03,AGT
BKG00007775,6170,CUS0005749,2025-05-27,AGT
BKG00007776,2995,CUS0002794,2025-10-20,WEB
BKG00007777,9265,CUS0008631,2024-05-29,MOB
BKG00007778,3562,CUS0003323,2025-12-18,OTA
BKG00007779,60,CUS0000055,2026-03-17,CTR
BKG00007780,6652,CUS0006206,2023-12-08,CTR
BKG00007781,9406,CUS0008762,2024-09-23,AGT
BKG00007782,9005,CUS0008393,2024-07-09,AGT
BKG00007783,16090,CUS0014938,2025-06-24,CTR
BKG00007784,12859,CUS0011962,2025-12-09,MOB
BKG00007785,1178,CUS0001093,2024-09-09,WEB
BKG00007786,5101,CUS0004743,2025-05-11,CTR
BKG00007787,7129,CUS0006651,2025-01-26,MOB
BKG00007788,12125,CUS0011289,2025-08-26,CTR
BKG00007789,7236,CUS0006746,2025-10-18,GDS
BKG00007790,7162,CUS0006682,2025-04-08,CTR
BKG00007791,4492,CUS0004186,2024-01-30,OTA
BKG00007792,4823,CUS0004495,2024-11-15,WEB
BKG00007793,11591,CUS0010781,2025-11-23,MOB
BKG00007794,1981,CUS0001841,2024-05-22,CTR
BKG00007795,13978,CUS0012977,2025-06-13,WEB
BKG00007796,8496,CUS0007914,2024-09-11,WEB
BKG00007797,6711,CUS0006261,2025-04-05,MOB
BKG00007798,15360,CUS0014265,2024-02-11,MOB
BKG00007799,11012,CUS0010250,2025-05-06,WEB
BKG00007800,8787,CUS0008187,2023-07-08,CTR
BKG00007801,10282,CUS0009571,2026-03-27,OTA
BKG00007802,2221,CUS0002071,2025-05-22,GDS
BKG00007803,12926,CUS0012023,2025-01-05,WEB
BKG00007804,3456,CUS0003221,2025-08-12,MOB
BKG00007805,257,CUS0000238,2024-03-13,WEB
BKG00007806,13312,CUS0012368,2023-12-16,AGT
BKG00007807,15729,CUS0014605,2025-04-10,MOB
BKG00007808,11665,CUS0010854,2024-06-25,CTR
BKG00007809,384,CUS0000354,2026-05-23,MOB
BKG00007810,10981,CUS0010223,2024-09-11,WEB
BKG00007811,5879,CUS0005480,2024-07-04,OTA
BKG00007812,2398,CUS0002236,2024-02-09,OTA
BKG00007813,10710,CUS0009969,2025-03-21,OTA
BKG00007814,12326,CUS0011473,2023-11-17,MOB
BKG00007815,8910,CUS0008305,2023-11-15,MOB
BKG00007816,13673,CUS0012699,2023-06-30,CTR
BKG00007817,12290,CUS0011441,2024-07-28,CTR
BKG00007818,1796,CUS0001666,2025-03-15,WEB
BKG00007819,2504,CUS0002333,2026-04-09,WEB
BKG00007820,586,CUS0000543,2025-06-21,OTA
BKG00007821,10394,CUS0009673,2025-01-22,GDS
BKG00007822,15415,CUS0014317,2024-08-26,WEB
BKG00007823,15891,CUS0014753,2026-05-24,WEB
BKG00007824,3276,CUS0003056,2025-06-29,AGT
BKG00007825,4593,CUS0004277,2026-01-06,AGT
BKG00007826,4941,CUS0004599,2024-04-18,MOB
BKG00007827,12372,CUS0011515,2024-12-23,MOB
BKG00007828,6964,CUS0006499,2023-07-17,WEB
BKG00007829,12305,CUS0011454,2023-12-07,MOB
BKG00007830,5614,CUS0005228,2024-05-10,GDS
BKG00007831,8615,CUS0008028,2023-10-07,MOB
BKG00007832,15816,CUS0014682,2023-06-21,MOB
BKG00007833,12273,CUS0011427,2024-11-25,MOB
BKG00007834,10505,CUS0009776,2024-08-28,WEB
BKG00007835,7937,CUS0007399,2026-01-19,WEB
BKG00007836,2881,CUS0002689,2025-10-16,MOB
BKG00007837,12846,CUS0011949,2024-02-12,MOB
BKG00007838,929,CUS0000861,2024-07-12,CTR
BKG00007839,12677,CUS0011791,2025-09-23,OTA
BKG00007840,14598,CUS0013558,2025-05-13,OTA
BKG00007841,15606,CUS0014493,2025-09-04,OTA
BKG00007842,32,CUS0000030,2024-07-07,CTR
BKG00007843,3432,CUS0003198,2023-10-30,OTA
BKG00007844,4029,CUS0003757,2024-01-09,GDS
BKG00007845,12614,CUS0011734,2023-09-18,CTR
BKG00007846,11281,CUS0010494,2024-05-25,CTR
BKG00007847,7324,CUS0006830,2024-01-29,CTR
BKG00007848,1863,CUS0001730,2025-05-05,OTA
BKG00007849,9679,CUS0009017,2023-09-10,WEB
BKG00007850,3779,CUS0003522,2025-01-07,WEB
BKG00007851,6886,CUS0006427,2023-07-08,GDS
BKG00007852,6540,CUS0006098,2024-06-27,GDS
BKG00007853,12090,CUS0011257,2024-03-20,CTR
BKG00007854,3496,CUS0003261,2026-04-17,WEB
BKG00007855,12816,CUS0011920,2025-03-26,WEB
BKG00007856,12760,CUS0011869,2026-03-01,AGT
BKG00007857,10707,CUS0009966,2024-03-09,WEB
BKG00007858,4355,CUS0004057,2024-11-23,CTR
BKG00007859,11865,CUS0011043,2025-06-30,GDS
BKG00007860,5628,CUS0005242,2025-07-25,AGT
BKG00007861,5827,CUS0005429,2024-12-29,GDS
BKG00007862,14206,CUS0013196,2025-10-11,GDS
BKG00007863,6753,CUS0006299,2024-08-05,WEB
BKG00007864,4119,CUS0003839,2024-11-10,OTA
BKG00007865,3196,CUS0002983,2025-01-08,CTR
BKG00007866,2295,CUS0002140,2023-10-20,MOB
BKG00007867,3393,CUS0003163,2025-08-09,OTA
BKG00007868,14918,CUS0013856,2026-05-18,OTA
BKG00007869,4138,CUS0003856,2025-01-24,WEB
BKG00007870,12219,CUS0011378,2025-09-21,OTA
BKG00007871,8350,CUS0007778,2026-02-15,WEB
BKG00007872,5419,CUS0005046,2026-03-29,MOB
BKG00007873,8535,CUS0007951,2023-07-18,MOB
BKG00007874,12799,CUS0011905,2024-04-26,WEB
BKG00007875,6098,CUS0005683,2025-01-03,WEB
BKG00007876,12963,CUS0012056,2023-07-08,MOB
BKG00007877,10624,CUS0009887,2023-07-28,OTA
BKG00007878,5022,CUS0004672,2023-11-24,WEB
BKG00007879,5123,CUS0004764,2025-07-13,CTR
BKG00007880,15395,CUS0014299,2023-08-25,WEB
BKG00007881,13347,CUS0012401,2023-07-30,GDS
BKG00007882,2067,CUS0001923,2025-12-12,AGT
BKG00007883,12875,CUS0011978,2026-02-14,WEB
BKG00007884,1396,CUS0001297,2025-08-03,MOB
BKG00007885,9289,CUS0008652,2026-05-02,OTA
BKG00007886,2588,CUS0002412,2025-05-29,OTA
BKG00007887,14894,CUS0013835,2023-09-09,GDS
BKG00007888,11303,CUS0010515,2025-06-27,WEB
BKG00007889,10517,CUS0009787,2024-12-20,GDS
BKG00007890,14572,CUS0013533,2026-03-06,MOB
BKG00007891,15749,CUS0014622,2025-12-08,MOB
BKG00007892,13512,CUS0012553,2023-08-13,MOB
BKG00007893,11192,CUS0010410,2024-05-06,GDS
BKG00007894,13120,CUS0012196,2023-06-16,CTR
BKG00007895,7351,CUS0006854,2025-08-03,MOB
BKG00007896,6459,CUS0006021,2024-08-24,WEB
BKG00007897,14798,CUS0013747,2025-04-30,MOB
BKG00007898,8229,CUS0007666,2024-11-24,GDS
BKG00007899,2509,CUS0002338,2024-05-08,GDS
BKG00007900,6956,CUS0006491,2025-01-30,AGT
BKG00007901,10587,CUS0009851,2026-01-02,WEB
BKG00007902,6246,CUS0005821,2025-02-18,OTA
BKG00007903,6283,CUS0005857,2024-11-06,CTR
BKG00007904,195,CUS0000183,2025-12-28,CTR
BKG00007905,4960,CUS0004618,2023-08-08,AGT
BKG00007906,9097,CUS0008478,2024-04-01,MOB
BKG00007907,1897,CUS0001763,2024-04-30,WEB
BKG00007908,3806,CUS0003547,2025-08-11,OTA
BKG00007909,5453,CUS0005076,2024-05-12,GDS
BKG00007910,10472,CUS0009747,2026-04-08,OTA
BKG00007911,3786,CUS0003529,2023-08-10,WEB
BKG00007912,16149,CUS0014992,2024-06-03,GDS
BKG00007913,4966,CUS0004623,2024-01-27,CTR
BKG00007914,8826,CUS0008225,2025-04-28,AGT
BKG00007915,12113,CUS0011279,2024-06-17,MOB
BKG00007916,837,CUS0000775,2025-09-19,CTR
BKG00007917,14975,CUS0013912,2026-01-05,GDS
BKG00007918,13659,CUS0012687,2024-01-21,AGT
BKG00007919,7123,CUS0006645,2024-09-10,CTR
BKG00007920,1311,CUS0001220,2026-02-20,MOB
BKG00007921,8243,CUS0007679,2025-04-13,CTR
BKG00007922,8811,CUS0008211,2025-02-16,CTR
BKG00007923,12513,CUS0011645,2024-07-26,CTR
BKG00007924,14738,CUS0013691,2026-01-15,WEB
BKG00007925,15757,CUS0014629,2025-11-01,WEB
BKG00007926,11306,CUS0010518,2023-11-12,MOB
BKG00007927,2584,CUS0002408,2026-03-25,GDS
BKG00007928,15549,CUS0014441,2025-01-24,CTR
BKG00007929,9951,CUS0009264,2023-08-30,OTA
BKG00007930,1559,CUS0001448,2026-02-05,CTR
BKG00007931,902,CUS0000835,2024-08-28,GDS
BKG00007932,2983,CUS0002784,2023-10-13,CTR
BKG00007933,13349,CUS0012403,2024-10-12,OTA
BKG00007934,5320,CUS0004954,2025-02-12,MOB
BKG00007935,461,CUS0000427,2023-06-14,OTA
BKG00007936,3045,CUS0002841,2023-10-12,WEB
BKG00007937,14461,CUS0013430,2023-12-06,MOB
BKG00007938,661,CUS0000613,2023-08-10,GDS
BKG00007939,12963,CUS0012056,2025-06-15,OTA
BKG00007940,15544,CUS0014436,2026-04-19,GDS
BKG00007941,15695,CUS0014573,2026-02-24,WEB
BKG00007942,13968,CUS0012967,2025-11-16,MOB
BKG00007943,9852,CUS0009173,2026-03-25,GDS
BKG00007944,6230,CUS0005805,2024-02-04,AGT
BKG00007945,3647,CUS0003399,2025-09-15,MOB
BKG00007946,11702,CUS0010888,2024-06-11,OTA
BKG00007947,8894,CUS0008290,2023-09-01,WEB
BKG00007948,11457,CUS0010657,2025-05-15,CTR
BKG00007949,13617,CUS0012649,2023-11-21,WEB
BKG00007950,1306,CUS0001215,2025-06-22,MOB
BKG00007951,7691,CUS0007166,2025-03-09,WEB
BKG00007952,14453,CUS0013422,2024-12-23,OTA
BKG00007953,14431,CUS0013400,2024-02-29,CTR
BKG00007954,5188,CUS0004828,2025-04-27,GDS
BKG00007955,4552,CUS0004240,2025-09-29,AGT
BKG00007956,13841,CUS0012854,2025-01-04,MOB
BKG00007957,2114,CUS0001968,2023-12-06,OTA
BKG00007958,3098,CUS0002890,2024-03-10,OTA
BKG00007959,4619,CUS0004302,2024-01-06,AGT
BKG00007960,12187,CUS0011347,2023-06-30,AGT
BKG00007961,9429,CUS0008785,2024-06-23,MOB
BKG00007962,7972,CUS0007433,2024-11-28,WEB
BKG00007963,9851,CUS0009172,2026-03-08,CTR
BKG00007964,9792,CUS0009120,2025-09-03,WEB
BKG00007965,5181,CUS0004822,2024-09-28,OTA
BKG00007966,8058,CUS0007508,2026-02-08,GDS
BKG00007967,10274,CUS0009563,2025-11-19,MOB
BKG00007968,2977,CUS0002778,2026-01-15,CTR
BKG00007969,7490,CUS0006980,2024-05-18,MOB
BKG00007970,6264,CUS0005838,2023-11-18,CTR
BKG00007971,12316,CUS0011465,2025-10-31,OTA
BKG00007972,13431,CUS0012479,2023-06-30,GDS
BKG00007973,11223,CUS0010441,2024-12-24,WEB
BKG00007974,8461,CUS0007883,2025-08-02,AGT
BKG00007975,2740,CUS0002558,2024-01-19,WEB
BKG00007976,8265,CUS0007700,2024-08-05,GDS
BKG00007977,14355,CUS0013329,2025-01-04,CTR
BKG00007978,11217,CUS0010435,2025-08-29,AGT
BKG00007979,10346,CUS0009630,2025-01-10,AGT
BKG00007980,10427,CUS0009703,2026-03-01,OTA
BKG00007981,10989,CUS0010231,2024-01-25,WEB
BKG00007982,6184,CUS0005762,2026-02-23,MOB
BKG00007983,808,CUS0000750,2025-11-30,OTA
BKG00007984,4712,CUS0004391,2025-08-21,MOB
BKG00007985,13571,CUS0012609,2026-04-23,WEB
BKG00007986,11318,CUS0010530,2024-03-12,CTR
BKG00007987,8233,CUS0007670,2026-01-19,OTA
BKG00007988,14912,CUS0013851,2025-04-07,WEB
BKG00007989,6900,CUS0006441,2025-12-25,MOB
BKG00007990,15453,CUS0014351,2023-09-03,AGT
BKG00007991,14881,CUS0013823,2026-03-01,CTR
BKG00007992,6334,CUS0005906,2026-01-08,CTR
BKG00007993,889,CUS0000823,2025-02-15,GDS
BKG00007994,26,CUS0000025,2025-03-13,WEB
BKG00007995,10987,CUS0010229,2025-09-20,GDS
BKG00007996,5057,CUS0004704,2023-10-28,WEB
BKG00007997,8219,CUS0007659,2024-10-17,MOB
BKG00007998,4212,CUS0003925,2025-11-12,CTR
BKG00007999,8574,CUS0007989,2024-03-15,MOB
BKG00008000,5741,CUS0005351,2023-07-18,WEB
BKG00008001,13710,CUS0012735,2025-02-07,WEB
BKG00008002,13752,CUS0012773,2023-11-07,CTR
BKG00008003,129,CUS0000120,2025-02-26,CTR
BKG00008004,3515,CUS0003280,2024-03-06,AGT
BKG00008005,3699,CUS0003448,2024-12-14,WEB
BKG00008006,9155,CUS0008533,2024-06-20,GDS
BKG00008007,12184,CUS0011344,2025-07-04,CTR
BKG00008008,14860,CUS0013804,2023-08-04,MOB
BKG00008009,11757,CUS0010941,2024-08-17,CTR
BKG00008010,9206,CUS0008579,2024-07-11,AGT
BKG00008011,5678,CUS0005291,2023-06-06,CTR
BKG00008012,1165,CUS0001080,2023-06-24,OTA
BKG00008013,12165,CUS0011325,2025-06-03,GDS
BKG00008014,10894,CUS0010141,2023-10-15,MOB
BKG00008015,15264,CUS0014176,2024-11-19,GDS
BKG00008016,6611,CUS0006167,2024-05-14,AGT
BKG00008017,12572,CUS0011698,2026-04-25,GDS
BKG00008018,4067,CUS0003792,2024-05-28,CTR
BKG00008019,1183,CUS0001098,2024-01-24,AGT
BKG00008020,9625,CUS0008966,2024-04-21,CTR
BKG00008021,884,CUS0000819,2026-03-16,WEB
BKG00008022,10256,CUS0009545,2025-03-07,WEB
BKG00008023,8804,CUS0008204,2025-05-25,AGT
BKG00008024,11,CUS0000010,2024-11-05,GDS
BKG00008025,4119,CUS0003839,2026-02-07,AGT
BKG00008026,2813,CUS0002627,2025-02-19,WEB
BKG00008027,9126,CUS0008505,2023-05-29,CTR
BKG00008028,13633,CUS0012664,2025-06-25,AGT
BKG00008029,6244,CUS0005819,2026-05-11,WEB
BKG00008030,4781,CUS0004457,2025-07-30,AGT
BKG00008031,16101,CUS0014948,2026-04-05,WEB
BKG00008032,10802,CUS0010055,2023-12-08,GDS
BKG00008033,12174,CUS0011334,2023-09-02,MOB
BKG00008034,4884,CUS0004550,2023-12-22,CTR
BKG00008035,6890,CUS0006431,2024-07-29,WEB
BKG00008036,7942,CUS0007404,2023-06-30,AGT
BKG00008037,15553,CUS0014445,2023-09-03,WEB
BKG00008038,7991,CUS0007450,2024-09-13,AGT
BKG00008039,8561,CUS0007976,2024-08-12,OTA
BKG00008040,5115,CUS0004756,2025-06-01,OTA
BKG00008041,13652,CUS0012681,2024-11-26,WEB
BKG00008042,8522,CUS0007939,2024-08-27,AGT
BKG00008043,12838,CUS0011941,2025-07-28,OTA
BKG00008044,12514,CUS0011646,2024-02-03,GDS
BKG00008045,8847,CUS0008245,2024-06-11,AGT
BKG00008046,7511,CUS0007000,2026-02-27,CTR
BKG00008047,469,CUS0000435,2025-09-04,OTA
BKG00008048,13728,CUS0012751,2024-01-17,GDS
BKG00008049,8727,CUS0008132,2025-01-17,AGT
BKG00008050,16085,CUS0014933,2025-04-26,CTR
BKG00008051,942,CUS0000874,2023-08-28,AGT
BKG00008052,1018,CUS0000945,2025-07-07,WEB
BKG00008053,14300,CUS0013280,2025-10-18,AGT
BKG00008054,3338,CUS0003114,2024-10-14,CTR
BKG00008055,13957,CUS0012957,2023-11-15,AGT
BKG00008056,9379,CUS0008735,2026-05-09,OTA
BKG00008057,10148,CUS0009444,2023-09-01,GDS
BKG00008058,11831,CUS0011010,2025-10-26,CTR
BKG00008059,8106,CUS0007550,2026-02-07,WEB
BKG00008060,10185,CUS0009479,2025-06-26,WEB
BKG00008061,4398,CUS0004096,2024-08-29,CTR
BKG00008062,3288,CUS0003068,2024-03-29,WEB
BKG00008063,2071,CUS0001927,2026-04-15,GDS
BKG00008064,972,CUS0000902,2023-12-21,AGT
BKG00008065,5722,CUS0005332,2023-12-04,CTR
BKG00008066,14879,CUS0013821,2024-04-28,OTA
BKG00008067,6834,CUS0006378,2026-02-09,GDS
BKG00008068,10382,CUS0009662,2023-09-27,GDS
BKG00008069,1880,CUS0001747,2024-07-23,OTA
BKG00008070,11828,CUS0011007,2025-02-07,GDS
BKG00008071,10194,CUS0009487,2023-09-11,GDS
BKG00008072,11785,CUS0010965,2026-03-09,CTR
BKG00008073,3492,CUS0003257,2024-07-03,CTR
BKG00008074,10225,CUS0009517,2025-06-07,MOB
BKG00008075,6871,CUS0006413,2023-05-27,CTR
BKG00008076,4691,CUS0004370,2025-06-17,CTR
BKG00008077,1628,CUS0001514,2025-07-10,MOB
BKG00008078,11742,CUS0010926,2023-06-17,MOB
BKG00008079,12883,CUS0011985,2025-10-02,OTA
BKG00008080,2262,CUS0002110,2026-02-17,CTR
BKG00008081,11746,CUS0010930,2023-11-29,OTA
BKG00008082,12996,CUS0012086,2026-02-25,OTA
BKG00008083,11119,CUS0010345,2023-06-19,WEB
BKG00008084,11131,CUS0010355,2023-06-07,AGT
BKG00008085,520,CUS0000481,2025-08-14,OTA
BKG00008086,13153,CUS0012226,2025-07-21,OTA
BKG00008087,5803,CUS0005409,2025-02-17,MOB
BKG00008088,490,CUS0000455,2025-07-30,OTA
BKG00008089,2359,CUS0002198,2024-09-28,WEB
BKG00008090,5023,CUS0004673,2025-01-01,AGT
BKG00008091,12738,CUS0011849,2023-07-04,MOB
BKG00008092,14464,CUS0013433,2024-12-31,WEB
BKG00008093,12117,CUS0011282,2025-06-23,GDS
BKG00008094,13184,CUS0012253,2025-04-07,GDS
BKG00008095,6138,CUS0005720,2026-01-13,WEB
BKG00008096,9824,CUS0009148,2023-08-05,CTR
BKG00008097,15552,CUS0014444,2026-04-06,CTR
BKG00008098,13639,CUS0012669,2026-05-14,CTR
BKG00008099,4474,CUS0004169,2025-11-12,WEB
BKG00008100,3483,CUS0003248,2025-01-16,GDS
BKG00008101,11653,CUS0010842,2025-07-28,AGT
BKG00008102,4597,CUS0004280,2025-06-18,WEB
BKG00008103,2453,CUS0002286,2025-08-30,CTR
BKG00008104,9515,CUS0008864,2024-11-14,WEB
BKG00008105,7616,CUS0007098,2024-04-19,CTR
BKG00008106,8572,CUS0007987,2023-11-12,CTR
BKG00008107,11247,CUS0010463,2024-02-07,MOB
BKG00008108,3731,CUS0003477,2025-05-18,MOB
BKG00008109,6668,CUS0006221,2024-09-02,MOB
BKG00008110,2153,CUS0002006,2024-03-20,WEB
BKG00008111,410,CUS0000380,2026-01-04,MOB
BKG00008112,11811,CUS0010990,2023-12-25,CTR
BKG00008113,5923,CUS0005520,2026-04-02,CTR
BKG00008114,10813,CUS0010066,2026-05-03,OTA
BKG00008115,8368,CUS0007795,2024-07-19,MOB
BKG00008116,9956,CUS0009268,2025-03-10,WEB
BKG00008117,14766,CUS0013718,2025-04-23,OTA
BKG00008118,6520,CUS0006078,2024-04-14,WEB
BKG00008119,5648,CUS0005262,2023-11-27,AGT
BKG00008120,3043,CUS0002839,2026-04-30,WEB
BKG00008121,10360,CUS0009642,2025-08-13,CTR
BKG00008122,13396,CUS0012446,2024-08-08,MOB
BKG00008123,7168,CUS0006687,2024-07-07,AGT
BKG00008124,2492,CUS0002321,2025-10-30,MOB
BKG00008125,16117,CUS0014963,2026-01-14,AGT
BKG00008126,492,CUS0000456,2024-09-07,CTR
BKG00008127,1421,CUS0001319,2024-07-02,AGT
BKG00008128,8131,CUS0007574,2024-01-09,MOB
BKG00008129,12507,CUS0011639,2024-11-04,GDS
BKG00008130,310,CUS0000287,2024-10-09,GDS
BKG00008131,7560,CUS0007046,2024-01-25,WEB
BKG00008132,2205,CUS0002055,2024-01-31,OTA
BKG00008133,2262,CUS0002110,2025-09-13,WEB
BKG00008134,5434,CUS0005059,2024-01-17,OTA
BKG00008135,1338,CUS0001245,2025-06-12,OTA
BKG00008136,6919,CUS0006457,2023-09-26,CTR
BKG00008137,12098,CUS0011264,2026-01-14,MOB
BKG00008138,14918,CUS0013856,2024-07-05,AGT
BKG00008139,11424,CUS0010627,2024-09-22,WEB
BKG00008140,14081,CUS0013075,2023-07-02,GDS
BKG00008141,2713,CUS0002531,2023-12-25,GDS
BKG00008142,11955,CUS0011131,2023-08-14,CTR
BKG00008143,10015,CUS0009322,2025-10-27,CTR
BKG00008144,11190,CUS0010408,2023-07-02,CTR
BKG00008145,5173,CUS0004814,2025-03-28,CTR
BKG00008146,12170,CUS0011330,2024-12-30,CTR
BKG00008147,4894,CUS0004557,2024-01-23,AGT
BKG00008148,981,CUS0000911,2025-07-11,WEB
BKG00008149,12558,CUS0011687,2026-02-24,CTR
BKG00008150,10880,CUS0010128,2024-10-18,CTR
BKG00008151,10168,CUS0009463,2025-02-23,MOB
BKG00008152,6764,CUS0006309,2025-09-11,GDS
BKG00008153,3188,CUS0002976,2025-03-31,CTR
BKG00008154,4013,CUS0003742,2025-03-30,AGT
BKG00008155,11378,CUS0010585,2024-01-22,GDS
BKG00008156,7908,CUS0007371,2026-05-15,OTA
BKG00008157,992,CUS0000921,2025-02-21,CTR
BKG00008158,11531,CUS0010726,2025-08-11,GDS
BKG00008159,6465,CUS0006026,2025-11-20,GDS
BKG00008160,12914,CUS0012013,2024-08-10,WEB
BKG00008161,552,CUS0000511,2024-04-12,MOB
BKG00008162,15311,CUS0014218,2024-12-04,AGT
BKG00008163,3141,CUS0002931,2026-02-01,CTR
BKG00008164,6013,CUS0005603,2024-04-10,AGT
BKG00008165,16061,CUS0014912,2024-07-24,GDS
BKG00008166,442,CUS0000408,2023-08-12,MOB
BKG00008167,5254,CUS0004891,2024-06-25,CTR
BKG00008168,15782,CUS0014651,2024-06-30,MOB
BKG00008169,6094,CUS0005680,2024-01-27,AGT
BKG00008170,6588,CUS0006144,2024-04-28,MOB
BKG00008171,4748,CUS0004425,2024-03-24,WEB
BKG00008172,8355,CUS0007783,2026-04-08,GDS
BKG00008173,1044,CUS0000970,2023-08-18,GDS
BKG00008174,10549,CUS0009816,2023-12-16,AGT
BKG00008175,9175,CUS0008551,2026-04-14,GDS
BKG00008176,6904,CUS0006445,2026-03-19,GDS
BKG00008177,10478,CUS0009753,2025-12-02,CTR
BKG00008178,4273,CUS0003981,2024-09-24,GDS
BKG00008179,12802,CUS0011907,2026-02-16,CTR
BKG00008180,13523,CUS0012564,2025-01-12,CTR
BKG00008181,2178,CUS0002030,2025-06-20,CTR
BKG00008182,6295,CUS0005869,2024-08-30,MOB
BKG00008183,783,CUS0000726,2025-10-27,CTR
BKG00008184,14950,CUS0013887,2024-07-09,CTR
BKG00008185,5424,CUS0005050,2024-06-16,GDS
BKG00008186,12295,CUS0011446,2023-10-10,MOB
BKG00008187,5010,CUS0004661,2025-11-20,GDS
BKG00008188,7822,CUS0007289,2024-10-25,GDS
BKG00008189,4528,CUS0004219,2024-05-11,WEB
BKG00008190,6098,CUS0005683,2023-11-24,OTA
BKG00008191,13319,CUS0012375,2023-12-09,GDS
BKG00008192,15435,CUS0014334,2025-01-03,MOB
BKG00008193,11011,CUS0010249,2023-06-12,MOB
BKG00008194,5323,CUS0004957,2023-09-14,AGT
BKG00008195,5236,CUS0004874,2026-04-05,AGT
BKG00008196,2163,CUS0002015,2024-06-13,CTR
BKG00008197,637,CUS0000593,2024-05-08,WEB
BKG00008198,3110,CUS0002900,2024-06-19,CTR
BKG00008199,500,CUS0000463,2023-08-13,MOB
BKG00008200,10205,CUS0009497,2024-04-12,WEB
BKG00008201,5342,CUS0004976,2024-03-07,MOB
BKG00008202,14616,CUS0013575,2025-04-18,CTR
BKG00008203,4548,CUS0004236,2026-03-02,MOB
BKG00008204,13537,CUS0012576,2025-08-29,WEB
BKG00008205,15806,CUS0014673,2025-12-18,GDS
BKG00008206,4550,CUS0004238,2023-09-20,CTR
BKG00008207,1002,CUS0000930,2023-12-12,WEB
BKG00008208,5899,CUS0005499,2024-07-26,OTA
BKG00008209,10593,CUS0009857,2024-08-18,GDS
BKG00008210,2913,CUS0002719,2025-04-26,WEB
BKG00008211,6104,CUS0005688,2026-03-16,GDS
BKG00008212,5534,CUS0005152,2024-07-09,MOB
BKG00008213,3002,CUS0002801,2024-02-27,GDS
BKG00008214,15548,CUS0014440,2024-11-19,WEB
BKG00008215,10645,CUS0009907,2026-01-28,MOB
BKG00008216,13201,CUS0012269,2026-02-20,GDS
BKG00008217,11087,CUS0010318,2025-01-11,CTR
BKG00008218,328,CUS0000303,2024-04-30,GDS
BKG00008219,6538,CUS0006096,2025-08-07,WEB
BKG00008220,11520,CUS0010716,2024-07-25,WEB
BKG00008221,10045,CUS0009350,2025-02-14,GDS
BKG00008222,8044,CUS0007495,2024-04-10,WEB
BKG00008223,9017,CUS0008404,2026-02-16,MOB
BKG00008224,15758,CUS0014630,2024-03-27,MOB
BKG00008225,15711,CUS0014588,2024-12-29,CTR
BKG00008226,9279,CUS0008644,2024-12-22,AGT
BKG00008227,9275,CUS0008640,2023-11-05,WEB
BKG00008228,7540,CUS0007026,2025-06-29,CTR
BKG00008229,14089,CUS0013083,2023-07-18,GDS
BKG00008230,4141,CUS0003859,2026-01-14,MOB
BKG00008231,9313,CUS0008676,2023-10-24,MOB
BKG00008232,8912,CUS0008307,2026-03-17,GDS
BKG00008233,8937,CUS0008331,2023-08-01,AGT
BKG00008234,10850,CUS0010101,2025-01-15,AGT
BKG00008235,12797,CUS0011903,2025-03-12,CTR
BKG00008236,11908,CUS0011086,2026-04-10,WEB
BKG00008237,12058,CUS0011226,2023-06-05,GDS
BKG00008238,2652,CUS0002473,2025-12-25,MOB
BKG00008239,5944,CUS0005540,2023-07-03,MOB
BKG00008240,9829,CUS0009152,2024-04-07,AGT
BKG00008241,9459,CUS0008815,2024-05-29,WEB
BKG00008242,6255,CUS0005829,2024-02-06,WEB
BKG00008243,3345,CUS0003119,2026-01-20,GDS
BKG00008244,10494,CUS0009766,2024-10-03,CTR
BKG00008245,2977,CUS0002778,2024-09-17,CTR
BKG00008246,8772,CUS0008173,2024-01-30,WEB
BKG00008247,12408,CUS0011547,2026-01-18,WEB
BKG00008248,417,CUS0000386,2024-01-02,MOB
BKG00008249,3695,CUS0003444,2023-06-04,CTR
BKG00008250,13791,CUS0012808,2025-02-16,GDS
BKG00008251,15095,CUS0014023,2024-08-03,GDS
BKG00008252,14720,CUS0013674,2024-05-20,WEB
BKG00008253,4729,CUS0004408,2024-10-16,MOB
BKG00008254,1182,CUS0001097,2025-11-25,MOB
BKG00008255,5140,CUS0004781,2025-04-21,OTA
BKG00008256,13846,CUS0012858,2025-11-24,AGT
BKG00008257,6521,CUS0006079,2025-12-23,WEB
BKG00008258,7158,CUS0006678,2026-03-27,MOB
BKG00008259,9322,CUS0008684,2023-08-09,CTR
BKG00008260,14450,CUS0013419,2024-09-07,CTR
BKG00008261,13306,CUS0012363,2024-02-17,MOB
BKG00008262,3133,CUS0002923,2026-04-01,CTR
BKG00008263,10742,CUS0009998,2024-04-04,CTR
BKG00008264,7778,CUS0007246,2024-05-02,AGT
BKG00008265,13864,CUS0012874,2025-12-23,AGT
BKG00008266,2025,CUS0001883,2025-01-11,WEB
BKG00008267,6510,CUS0006068,2026-03-19,GDS
BKG00008268,5656,CUS0005270,2024-10-02,OTA
BKG00008269,12153,CUS0011314,2024-04-27,CTR
BKG00008270,9596,CUS0008941,2024-10-17,WEB
BKG00008271,2039,CUS0001896,2024-08-30,WEB
BKG00008272,13339,CUS0012394,2026-04-04,CTR
BKG00008273,245,CUS0000228,2024-03-06,CTR
BKG00008274,9830,CUS0009153,2025-07-17,WEB
BKG00008275,7193,CUS0006710,2023-11-19,GDS
BKG00008276,14441,CUS0013410,2024-03-24,AGT
BKG00008277,15445,CUS0014343,2025-02-21,WEB
BKG00008278,12754,CUS0011864,2024-03-05,CTR
BKG00008279,10028,CUS0009334,2025-04-22,CTR
BKG00008280,15452,CUS0014350,2024-03-06,AGT
BKG00008281,10616,CUS0009879,2026-03-02,WEB
BKG00008282,12608,CUS0011728,2025-10-07,WEB
BKG00008283,2727,CUS0002545,2024-06-02,CTR
BKG00008284,1962,CUS0001825,2025-01-06,OTA
BKG00008285,8503,CUS0007921,2025-02-21,WEB
BKG00008286,4682,CUS0004361,2023-09-08,MOB
BKG00008287,9704,CUS0009041,2023-11-06,AGT
BKG00008288,5217,CUS0004856,2026-04-28,WEB
BKG00008289,1893,CUS0001759,2024-04-30,WEB
BKG00008290,5960,CUS0005555,2023-06-07,AGT
BKG00008291,4993,CUS0004645,2025-03-29,WEB
BKG00008292,16020,CUS0014873,2026-01-03,AGT
BKG00008293,13551,CUS0012590,2026-02-03,MOB
BKG00008294,3461,CUS0003226,2025-02-27,OTA
BKG00008295,10784,CUS0010038,2023-09-06,GDS
BKG00008296,14811,CUS0013760,2025-02-09,CTR
BKG00008297,969,CUS0000899,2026-03-03,WEB
BKG00008298,15519,CUS0014412,2025-04-01,GDS
BKG00008299,692,CUS0000643,2023-12-10,OTA
BKG00008300,5526,CUS0005144,2024-03-26,MOB
BKG00008301,296,CUS0000275,2024-05-24,CTR
BKG00008302,7534,CUS0007020,2024-02-12,MOB
BKG00008303,12862,CUS0011965,2025-08-27,GDS
BKG00008304,7856,CUS0007321,2024-01-09,WEB
BKG00008305,9720,CUS0009056,2025-08-08,GDS
BKG00008306,10299,CUS0009586,2024-01-24,CTR
BKG00008307,7208,CUS0006723,2024-08-31,CTR
BKG00008308,15506,CUS0014400,2024-10-07,MOB
BKG00008309,1050,CUS0000975,2025-07-30,WEB
BKG00008310,7816,CUS0007283,2023-12-15,GDS
BKG00008311,7422,CUS0006918,2025-11-14,MOB
BKG00008312,7125,CUS0006647,2023-10-21,WEB
BKG00008313,10762,CUS0010017,2025-05-28,AGT
BKG00008314,4460,CUS0004157,2025-12-18,AGT
BKG00008315,10962,CUS0010205,2025-10-22,MOB
BKG00008316,15713,CUS0014590,2025-11-23,AGT
BKG00008317,16074,CUS0014923,2024-11-10,GDS
BKG00008318,11931,CUS0011109,2023-08-12,OTA
BKG00008319,6516,CUS0006074,2025-10-22,MOB
BKG00008320,8264,CUS0007699,2023-09-30,CTR
BKG00008321,6528,CUS0006086,2024-10-26,AGT
BKG00008322,7052,CUS0006578,2026-02-20,CTR
BKG00008323,14595,CUS0013555,2024-04-29,GDS
BKG00008324,9673,CUS0009011,2023-11-02,MOB
BKG00008325,6956,CUS0006491,2025-08-11,AGT
BKG00008326,1030,CUS0000956,2025-02-05,AGT
BKG00008327,7073,CUS0006598,2024-05-11,CTR
BKG00008328,2540,CUS0002367,2024-11-01,CTR
BKG00008329,14494,CUS0013461,2026-04-20,WEB
BKG00008330,5399,CUS0005029,2024-07-26,WEB
BKG00008331,7905,CUS0007368,2024-06-28,CTR
BKG00008332,11072,CUS0010306,2023-12-14,OTA
BKG00008333,9778,CUS0009108,2023-06-23,CTR
BKG00008334,11845,CUS0011024,2024-04-25,AGT
BKG00008335,16114,CUS0014960,2025-01-22,MOB
BKG00008336,737,CUS0000685,2025-06-11,MOB
BKG00008337,3947,CUS0003680,2025-07-18,OTA
BKG00008338,905,CUS0000838,2024-05-07,WEB
BKG00008339,3780,CUS0003523,2024-05-02,GDS
BKG00008340,6748,CUS0006295,2026-02-28,GDS
BKG00008341,690,CUS0000641,2025-12-26,WEB
BKG00008342,3156,CUS0002945,2025-09-28,CTR
BKG00008343,15314,CUS0014221,2024-05-07,OTA
BKG00008344,5761,CUS0005369,2025-02-18,WEB
BKG00008345,3667,CUS0003418,2024-07-14,CTR
BKG00008346,15391,CUS0014296,2025-08-16,OTA
BKG00008347,11940,CUS0011117,2024-11-13,GDS
BKG00008348,13717,CUS0012742,2023-10-01,WEB
BKG00008349,116,CUS0000108,2025-07-09,GDS
BKG00008350,9075,CUS0008457,2025-04-04,AGT
BKG00008351,14610,CUS0013569,2023-07-04,CTR
BKG00008352,8681,CUS0008088,2023-08-10,MOB
BKG00008353,13714,CUS0012739,2025-11-08,WEB
BKG00008354,8233,CUS0007670,2023-10-15,MOB
BKG00008355,7582,CUS0007066,2024-11-24,GDS
BKG00008356,14710,CUS0013665,2025-08-21,MOB
BKG00008357,4382,CUS0004081,2026-02-08,AGT
BKG00008358,1389,CUS0001292,2025-06-14,WEB
BKG00008359,11851,CUS0011029,2024-09-28,WEB
BKG00008360,12537,CUS0011668,2026-03-12,WEB
BKG00008361,10967,CUS0010210,2023-10-08,OTA
BKG00008362,6215,CUS0005790,2026-01-02,CTR
BKG00008363,8171,CUS0007614,2026-03-26,OTA
BKG00008364,11666,CUS0010855,2024-09-23,WEB
BKG00008365,4389,CUS0004087,2024-05-21,WEB
BKG00008366,1921,CUS0001787,2025-09-18,MOB
BKG00008367,176,CUS0000165,2025-08-06,GDS
BKG00008368,3929,CUS0003664,2024-10-15,WEB
BKG00008369,14778,CUS0013728,2026-01-18,CTR
BKG00008370,1370,CUS0001275,2026-04-23,GDS
BKG00008371,3517,CUS0003281,2023-10-13,OTA
BKG00008372,8805,CUS0008205,2023-06-01,WEB
BKG00008373,1461,CUS0001357,2024-02-17,WEB
BKG00008374,13454,CUS0012500,2025-10-31,OTA
BKG00008375,362,CUS0000334,2024-03-02,MOB
BKG00008376,13612,CUS0012644,2025-03-06,GDS
BKG00008377,13491,CUS0012535,2024-02-14,MOB
BKG00008378,14477,CUS0013445,2023-08-07,OTA
BKG00008379,11397,CUS0010602,2025-12-05,GDS
BKG00008380,14049,CUS0013043,2023-07-31,GDS
BKG00008381,13750,CUS0012772,2024-02-07,MOB
BKG00008382,7621,CUS0007103,2023-09-23,WEB
BKG00008383,15104,CUS0014032,2023-12-23,CTR
BKG00008384,5600,CUS0005214,2024-07-27,CTR
BKG00008385,12523,CUS0011655,2025-10-15,OTA
BKG00008386,13747,CUS0012769,2025-03-10,MOB
BKG00008387,15955,CUS0014813,2023-09-15,GDS
BKG00008388,1982,CUS0001842,2024-08-04,AGT
BKG00008389,2850,CUS0002659,2025-03-07,GDS
BKG00008390,3341,CUS0003116,2025-01-29,OTA
BKG00008391,9878,CUS0009197,2025-12-19,OTA
BKG00008392,14099,CUS0013093,2024-10-11,CTR
BKG00008393,11573,CUS0010765,2024-01-14,MOB
BKG00008394,5112,CUS0004753,2025-12-14,MOB
BKG00008395,5247,CUS0004885,2024-01-05,CTR
BKG00008396,15355,CUS0014260,2023-11-24,MOB
BKG00008397,2509,CUS0002338,2024-10-19,CTR
BKG00008398,14537,CUS0013500,2024-09-25,WEB
BKG00008399,15126,CUS0014051,2026-04-21,CTR
BKG00008400,5836,CUS0005438,2025-11-19,GDS
BKG00008401,6685,CUS0006238,2025-04-26,MOB
BKG00008402,11652,CUS0010841,2026-01-20,MOB
BKG00008403,6760,CUS0006306,2025-10-15,MOB
BKG00008404,4169,CUS0003885,2025-04-10,CTR
BKG00008405,1454,CUS0001351,2023-09-02,GDS
BKG00008406,12612,CUS0011732,2024-06-02,WEB
BKG00008407,13794,CUS0012811,2025-11-01,MOB
BKG00008408,13091,CUS0012169,2025-08-09,OTA
BKG00008409,14104,CUS0013098,2025-11-18,WEB
BKG00008410,2511,CUS0002340,2025-11-26,OTA
BKG00008411,9382,CUS0008738,2023-10-29,AGT
BKG00008412,12814,CUS0011918,2025-04-02,OTA
BKG00008413,15286,CUS0014195,2023-09-01,OTA
BKG00008414,13800,CUS0012816,2025-01-16,MOB
BKG00008415,5918,CUS0005516,2023-08-01,GDS
BKG00008416,9038,CUS0008424,2024-11-20,GDS
BKG00008417,12170,CUS0011330,2023-07-27,AGT
BKG00008418,913,CUS0000846,2023-06-22,CTR
BKG00008419,9424,CUS0008780,2024-08-25,WEB
BKG00008420,6879,CUS0006421,2024-11-06,AGT
BKG00008421,14611,CUS0013570,2023-10-23,MOB
BKG00008422,6152,CUS0005734,2024-09-11,GDS
BKG00008423,13841,CUS0012854,2024-12-05,MOB
BKG00008424,14053,CUS0013047,2025-06-15,CTR
BKG00008425,8853,CUS0008251,2024-10-30,AGT
BKG00008426,10527,CUS0009795,2024-08-21,CTR
BKG00008427,2587,CUS0002411,2023-08-26,WEB
BKG00008428,14023,CUS0013019,2025-12-08,OTA
BKG00008429,5367,CUS0005000,2024-07-12,WEB
BKG00008430,4208,CUS0003921,2024-07-30,GDS
BKG00008431,15161,CUS0014080,2023-06-23,AGT
BKG00008432,14916,CUS0013854,2025-05-15,MOB
BKG00008433,9615,CUS0008957,2023-07-12,MOB
BKG00008434,10826,CUS0010078,2024-11-28,WEB
BKG00008435,3108,CUS0002898,2024-12-10,GDS
BKG00008436,1475,CUS0001370,2025-01-19,GDS
BKG00008437,4996,CUS0004648,2023-11-12,MOB
BKG00008438,1947,CUS0001812,2025-06-24,AGT
BKG00008439,7067,CUS0006592,2023-12-01,CTR
BKG00008440,5874,CUS0005476,2023-12-05,AGT
BKG00008441,9648,CUS0008988,2024-05-01,WEB
BKG00008442,1066,CUS0000990,2026-03-17,GDS
BKG00008443,9185,CUS0008560,2025-04-18,OTA
BKG00008444,1312,CUS0001221,2023-10-02,AGT
BKG00008445,1343,CUS0001250,2023-12-19,GDS
BKG00008446,604,CUS0000560,2025-01-22,MOB
BKG00008447,11077,CUS0010310,2025-08-15,WEB
BKG00008448,15210,CUS0014126,2023-08-14,AGT
BKG00008449,1113,CUS0001033,2026-02-22,MOB
BKG00008450,2546,CUS0002373,2024-07-21,WEB
BKG00008451,13336,CUS0012391,2024-05-24,MOB
BKG00008452,6246,CUS0005821,2026-03-07,CTR
BKG00008453,15666,CUS0014546,2025-03-21,OTA
BKG00008454,13871,CUS0012880,2024-05-18,GDS
BKG00008455,13533,CUS0012572,2024-10-14,MOB
BKG00008456,4157,CUS0003874,2026-04-08,CTR
BKG00008457,8107,CUS0007551,2024-06-13,OTA
BKG00008458,9053,CUS0008438,2023-10-06,OTA
BKG00008459,8901,CUS0008297,2023-07-04,CTR
BKG00008460,15885,CUS0014748,2023-08-07,AGT
BKG00008461,15635,CUS0014519,2024-01-02,MOB
BKG00008462,13436,CUS0012483,2023-11-09,AGT
BKG00008463,7181,CUS0006698,2025-04-03,CTR
BKG00008464,8894,CUS0008290,2025-01-26,WEB
BKG00008465,12372,CUS0011515,2025-10-01,MOB
BKG00008466,2931,CUS0002736,2026-05-19,OTA
BKG00008467,816,CUS0000757,2024-08-19,CTR
BKG00008468,1859,CUS0001726,2026-05-15,MOB
BKG00008469,6565,CUS0006121,2023-10-08,AGT
BKG00008470,12910,CUS0012009,2026-01-21,GDS
BKG00008471,12434,CUS0011572,2023-12-10,AGT
BKG00008472,9889,CUS0009208,2024-06-08,WEB
BKG00008473,3784,CUS0003527,2024-02-27,GDS
BKG00008474,12258,CUS0011414,2025-07-08,OTA
BKG00008475,3188,CUS0002976,2023-06-27,WEB
BKG00008476,5355,CUS0004988,2023-06-26,WEB
BKG00008477,5576,CUS0005190,2025-06-20,GDS
BKG00008478,403,CUS0000373,2024-01-17,CTR
BKG00008479,10642,CUS0009904,2025-10-09,OTA
BKG00008480,2327,CUS0002169,2025-03-27,WEB
BKG00008481,1074,CUS0000998,2025-06-22,OTA
BKG00008482,7087,CUS0006612,2025-05-24,WEB
BKG00008483,6034,CUS0005622,2023-10-31,CTR
BKG00008484,9432,CUS0008788,2023-09-24,CTR
BKG00008485,9963,CUS0009274,2026-03-17,MOB
BKG00008486,7100,CUS0006625,2025-04-24,WEB
BKG00008487,1945,CUS0001810,2025-03-06,WEB
BKG00008488,11851,CUS0011029,2023-11-29,OTA
BKG00008489,14640,CUS0013599,2025-07-28,OTA
BKG00008490,12841,CUS0011944,2026-01-14,GDS
BKG00008491,13114,CUS0012190,2024-06-05,AGT
BKG00008492,7250,CUS0006759,2025-11-16,AGT
BKG00008493,12331,CUS0011478,2026-03-09,WEB
BKG00008494,12375,CUS0011517,2025-10-08,OTA
BKG00008495,10074,CUS0009377,2024-08-11,OTA
BKG00008496,3506,CUS0003271,2025-01-02,OTA
BKG00008497,230,CUS0000215,2023-11-12,OTA
BKG00008498,1100,CUS0001021,2024-03-22,WEB
BKG00008499,4059,CUS0003785,2024-01-08,GDS
BKG00008500,8799,CUS0008199,2023-05-31,WEB
BKG00008501,14664,CUS0013621,2026-02-18,CTR
BKG00008502,5381,CUS0005012,2024-01-09,AGT
BKG00008503,13535,CUS0012574,2024-10-05,AGT
BKG00008504,6518,CUS0006076,2023-09-20,GDS
BKG00008505,14179,CUS0013169,2024-08-14,OTA
BKG00008506,14283,CUS0013264,2025-12-20,OTA
BKG00008507,12378,CUS0011519,2024-02-03,AGT
BKG00008508,6367,CUS0005937,2023-06-04,MOB
BKG00008509,3867,CUS0003606,2025-01-21,OTA
BKG00008510,6507,CUS0006065,2026-04-10,CTR
BKG00008511,10600,CUS0009863,2025-03-28,GDS
BKG00008512,2208,CUS0002058,2025-05-15,CTR
BKG00008513,14261,CUS0013243,2024-10-30,OTA
BKG00008514,6415,CUS0005981,2024-07-12,WEB
BKG00008515,6161,CUS0005742,2025-11-28,OTA
BKG00008516,2585,CUS0002409,2023-11-03,OTA
BKG00008517,1208,CUS0001123,2024-04-15,WEB
BKG00008518,57,CUS0000053,2025-12-13,CTR
BKG00008519,8559,CUS0007974,2023-09-30,AGT
BKG00008520,15280,CUS0014189,2024-02-11,WEB
BKG00008521,5705,CUS0005315,2026-01-03,OTA
BKG00008522,183,CUS0000171,2024-09-28,CTR
BKG00008523,9926,CUS0009242,2026-02-20,MOB
BKG00008524,3030,CUS0002828,2025-11-04,CTR
BKG00008525,12056,CUS0011224,2025-07-13,AGT
BKG00008526,3432,CUS0003198,2025-01-22,OTA
BKG00008527,7188,CUS0006705,2024-08-06,GDS
BKG00008528,2948,CUS0002751,2025-09-10,CTR
BKG00008529,7921,CUS0007384,2024-09-05,MOB
BKG00008530,6444,CUS0006007,2023-12-07,AGT
BKG00008531,5186,CUS0004827,2024-04-04,CTR
BKG00008532,3933,CUS0003667,2026-03-26,OTA
BKG00008533,4827,CUS0004498,2024-04-16,OTA
BKG00008534,12614,CUS0011734,2023-09-30,CTR
BKG00008535,10430,CUS0009706,2026-04-26,OTA
BKG00008536,7984,CUS0007444,2024-09-15,MOB
BKG00008537,7586,CUS0007070,2024-11-08,MOB
BKG00008538,5293,CUS0004928,2025-01-18,CTR
BKG00008539,13108,CUS0012184,2023-08-29,OTA
BKG00008540,14328,CUS0013305,2025-01-01,OTA
BKG00008541,11634,CUS0010824,2023-08-28,WEB
BKG00008542,851,CUS0000787,2024-08-30,MOB
BKG00008543,4393,CUS0004091,2024-10-21,AGT
BKG00008544,13860,CUS0012871,2025-06-07,WEB
BKG00008545,10716,CUS0009974,2026-01-23,AGT
BKG00008546,11481,CUS0010681,2025-04-30,GDS
BKG00008547,2783,CUS0002598,2025-12-28,CTR
BKG00008548,6649,CUS0006203,2025-12-17,AGT
BKG00008549,8037,CUS0007488,2023-07-14,CTR
BKG00008550,15466,CUS0014362,2025-12-15,MOB
BKG00008551,9529,CUS0008877,2024-06-28,GDS
BKG00008552,6651,CUS0006205,2024-08-11,WEB
BKG00008553,10082,CUS0009385,2026-05-06,CTR
BKG00008554,2404,CUS0002242,2026-04-06,CTR
BKG00008555,5760,CUS0005368,2023-08-17,CTR
BKG00008556,439,CUS0000406,2025-05-09,OTA
BKG00008557,731,CUS0000679,2025-03-29,GDS
BKG00008558,2245,CUS0002094,2025-08-14,WEB
BKG00008559,10021,CUS0009328,2024-02-09,AGT
BKG00008560,5385,CUS0005015,2025-12-23,MOB
BKG00008561,14086,CUS0013080,2023-06-23,OTA
BKG00008562,2029,CUS0001887,2026-01-25,WEB
BKG00008563,16131,CUS0014976,2023-06-18,MOB
BKG00008564,14588,CUS0013548,2024-12-27,MOB
BKG00008565,12650,CUS0011766,2025-03-01,WEB
BKG00008566,1869,CUS0001736,2023-07-20,AGT
BKG00008567,3446,CUS0003212,2024-03-24,WEB
BKG00008568,13079,CUS0012159,2023-12-28,WEB
BKG00008569,14057,CUS0013051,2024-09-22,WEB
BKG00008570,4296,CUS0004002,2024-03-26,MOB
BKG00008571,6829,CUS0006373,2025-04-19,MOB
BKG00008572,4346,CUS0004048,2024-10-16,CTR
BKG00008573,9466,CUS0008822,2023-09-02,CTR
BKG00008574,7199,CUS0006715,2023-07-29,CTR
BKG00008575,5254,CUS0004891,2023-08-21,CTR
BKG00008576,7166,CUS0006685,2024-02-27,GDS
BKG00008577,7321,CUS0006827,2023-11-17,CTR
BKG00008578,7105,CUS0006629,2025-10-11,GDS
BKG00008579,3528,CUS0003292,2024-03-01,OTA
BKG00008580,12952,CUS0012045,2025-06-22,CTR
BKG00008581,2196,CUS0002047,2025-05-17,OTA
BKG00008582,12051,CUS0011219,2026-04-18,MOB
BKG00008583,15926,CUS0014784,2024-04-01,CTR
BKG00008584,14163,CUS0013154,2023-10-24,WEB
BKG00008585,3210,CUS0002997,2024-06-24,MOB
BKG00008586,15806,CUS0014673,2025-09-23,WEB
BKG00008587,10562,CUS0009827,2024-02-10,WEB
BKG00008588,4467,CUS0004164,2026-04-13,MOB
BKG00008589,12301,CUS0011451,2025-05-10,AGT
BKG00008590,15963,CUS0014821,2026-04-18,GDS
BKG00008591,575,CUS0000532,2023-08-08,OTA
BKG00008592,7372,CUS0006874,2024-07-10,CTR
BKG00008593,976,CUS0000906,2024-04-10,OTA
BKG00008594,13383,CUS0012434,2025-11-30,MOB
BKG00008595,7258,CUS0006767,2023-06-09,AGT
BKG00008596,5333,CUS0004967,2025-04-19,AGT
BKG00008597,12914,CUS0012013,2024-11-06,OTA
BKG00008598,4525,CUS0004216,2024-08-20,AGT
BKG00008599,13246,CUS0012310,2023-09-17,AGT
BKG00008600,14309,CUS0013289,2023-11-29,GDS
BKG00008601,13273,CUS0012335,2024-07-21,CTR
BKG00008602,4580,CUS0004266,2025-12-05,OTA
BKG00008603,2420,CUS0002256,2024-03-26,AGT
BKG00008604,1169,CUS0001084,2025-10-04,AGT
BKG00008605,1340,CUS0001247,2023-08-28,WEB
BKG00008606,7207,CUS0006722,2024-10-04,GDS
BKG00008607,251,CUS0000233,2025-12-06,CTR
BKG00008608,10746,CUS0010002,2023-10-16,AGT
BKG00008609,791,CUS0000734,2023-10-02,OTA
BKG00008610,3670,CUS0003421,2025-02-17,AGT
BKG00008611,15241,CUS0014156,2025-10-06,WEB
BKG00008612,4031,CUS0003758,2023-06-19,MOB
BKG00008613,7199,CUS0006715,2025-06-27,AGT
BKG00008614,1581,CUS0001469,2025-04-23,OTA
BKG00008615,1654,CUS0001539,2025-12-27,AGT
BKG00008616,9770,CUS0009100,2025-12-07,GDS
BKG00008617,1811,CUS0001681,2023-11-11,WEB
BKG00008618,4523,CUS0004215,2024-12-03,WEB
BKG00008619,11906,CUS0011084,2026-01-22,OTA
BKG00008620,4870,CUS0004539,2024-09-18,GDS
BKG00008621,4604,CUS0004287,2025-05-10,GDS
BKG00008622,4022,CUS0003750,2024-12-31,CTR
BKG00008623,10158,CUS0009453,2024-05-15,CTR
BKG00008624,10201,CUS0009494,2023-06-11,MOB
BKG00008625,2478,CUS0002309,2025-07-31,CTR
BKG00008626,5432,CUS0005057,2026-02-22,WEB
BKG00008627,1159,CUS0001076,2025-04-26,OTA
BKG00008628,12827,CUS0011931,2024-08-03,OTA
BKG00008629,13002,CUS0012092,2026-04-09,AGT
BKG00008630,10844,CUS0010095,2026-03-15,GDS
BKG00008631,10058,CUS0009362,2023-07-20,WEB
BKG00008632,12255,CUS0011411,2025-07-21,AGT
BKG00008633,16152,CUS0014995,2025-03-21,AGT
BKG00008634,5954,CUS0005549,2025-04-13,AGT
BKG00008635,8683,CUS0008090,2024-03-15,AGT
BKG00008636,3855,CUS0003594,2024-02-08,OTA
BKG00008637,8903,CUS0008299,2024-06-14,WEB
BKG00008638,5844,CUS0005446,2025-04-20,OTA
BKG00008639,1930,CUS0001796,2023-06-14,GDS
BKG00008640,4277,CUS0003985,2025-11-20,WEB
BKG00008641,8989,CUS0008378,2026-04-29,CTR
BKG00008642,12611,CUS0011731,2025-07-30,MOB
BKG00008643,15984,CUS0014839,2024-08-13,GDS
BKG00008644,6279,CUS0005853,2025-06-12,WEB
BKG00008645,13473,CUS0012518,2023-10-18,WEB
BKG00008646,7264,CUS0006773,2024-03-16,AGT
BKG00008647,11872,CUS0011050,2024-11-22,CTR
BKG00008648,14826,CUS0013773,2024-08-18,MOB
BKG00008649,1812,CUS0001682,2023-08-04,OTA
BKG00008650,3331,CUS0003107,2023-07-24,CTR
BKG00008651,11529,CUS0010724,2023-09-08,WEB
BKG00008652,12015,CUS0011184,2024-08-03,WEB
BKG00008653,5729,CUS0005339,2024-06-06,WEB
BKG00008654,12453,CUS0011589,2024-08-23,GDS
BKG00008655,12496,CUS0011629,2025-04-04,GDS
BKG00008656,12553,CUS0011683,2025-06-25,AGT
BKG00008657,5023,CUS0004673,2025-07-27,CTR
BKG00008658,11044,CUS0010280,2024-04-29,WEB
BKG00008659,13661,CUS0012689,2023-09-29,GDS
BKG00008660,10808,CUS0010061,2025-11-27,CTR
BKG00008661,12485,CUS0011619,2025-01-23,CTR
BKG00008662,972,CUS0000902,2024-02-07,MOB
BKG00008663,11907,CUS0011085,2024-02-23,AGT
BKG00008664,4119,CUS0003839,2025-06-24,WEB
BKG00008665,15512,CUS0014405,2024-02-22,MOB
BKG00008666,15557,CUS0014448,2025-08-24,CTR
BKG00008667,4133,CUS0003851,2026-05-11,GDS
BKG00008668,6286,CUS0005860,2024-06-09,AGT
BKG00008669,11715,CUS0010901,2024-03-28,AGT
BKG00008670,8982,CUS0008372,2024-05-17,WEB
BKG00008671,13688,CUS0012713,2024-05-19,MOB
BKG00008672,12371,CUS0011514,2023-12-10,WEB
BKG00008673,12148,CUS0011309,2024-10-03,WEB
BKG00008674,14810,CUS0013759,2023-06-29,MOB
BKG00008675,1582,CUS0001470,2025-05-23,GDS
BKG00008676,408,CUS0000378,2025-11-15,CTR
BKG00008677,10309,CUS0009595,2023-11-22,AGT
BKG00008678,5011,CUS0004662,2024-08-16,OTA
BKG00008679,10365,CUS0009646,2024-01-03,OTA
BKG00008680,15478,CUS0014373,2025-07-03,GDS
BKG00008681,1232,CUS0001147,2026-02-17,CTR
BKG00008682,1155,CUS0001072,2023-11-22,MOB
BKG00008683,4479,CUS0004174,2024-01-06,WEB
BKG00008684,1080,CUS0001004,2024-10-09,MOB
BKG00008685,15171,CUS0014090,2024-08-21,CTR
BKG00008686,479,CUS0000445,2023-10-31,GDS
BKG00008687,2065,CUS0001921,2025-10-01,GDS
BKG00008688,9986,CUS0009295,2024-07-31,WEB
BKG00008689,14617,CUS0013576,2025-01-25,AGT
BKG00008690,9556,CUS0008903,2023-07-11,OTA
BKG00008691,3743,CUS0003487,2023-08-27,GDS
BKG00008692,1351,CUS0001257,2024-09-16,WEB
BKG00008693,7281,CUS0006789,2025-06-22,GDS
BKG00008694,501,CUS0000464,2024-10-20,GDS
BKG00008695,6955,CUS0006490,2025-11-09,CTR
BKG00008696,6632,CUS0006188,2024-03-19,GDS
BKG00008697,113,CUS0000105,2023-09-22,MOB
BKG00008698,5704,CUS0005314,2025-01-17,AGT
BKG00008699,9302,CUS0008665,2024-06-06,CTR
BKG00008700,2162,CUS0002014,2025-07-06,MOB
BKG00008701,8352,CUS0007780,2025-09-01,WEB
BKG00008702,8269,CUS0007704,2024-11-11,GDS
BKG00008703,4268,CUS0003976,2024-11-09,MOB
BKG00008704,6985,CUS0006520,2023-08-16,CTR
BKG00008705,11525,CUS0010720,2025-11-16,OTA
BKG00008706,12553,CUS0011683,2025-07-26,AGT
BKG00008707,8693,CUS0008100,2025-12-29,CTR
BKG00008708,13502,CUS0012544,2023-06-12,WEB
BKG00008709,1066,CUS0000990,2023-10-06,OTA
BKG00008710,12957,CUS0012050,2023-06-01,MOB
BKG00008711,8835,CUS0008234,2026-03-08,CTR
BKG00008712,5117,CUS0004758,2024-09-19,WEB
BKG00008713,7190,CUS0006707,2023-11-26,AGT
BKG00008714,12143,CUS0011306,2025-07-05,CTR
BKG00008715,14152,CUS0013143,2025-11-01,GDS
BKG00008716,14076,CUS0013070,2024-12-31,MOB
BKG00008717,1296,CUS0001207,2026-04-30,CTR
BKG00008718,6251,CUS0005825,2025-09-03,OTA
BKG00008719,2228,CUS0002077,2024-01-21,AGT
BKG00008720,5585,CUS0005199,2025-04-15,GDS
BKG00008721,8057,CUS0007507,2025-07-22,GDS
BKG00008722,12396,CUS0011536,2024-04-07,GDS
BKG00008723,9492,CUS0008844,2024-12-06,GDS
BKG00008724,10743,CUS0009999,2024-07-23,AGT
BKG00008725,48,CUS0000045,2024-10-21,OTA
BKG00008726,15887,CUS0014749,2023-11-19,AGT
BKG00008727,5293,CUS0004928,2025-10-13,WEB
BKG00008728,16066,CUS0014916,2024-11-30,WEB
BKG00008729,7443,CUS0006938,2024-09-05,AGT
BKG00008730,13204,CUS0012272,2025-02-15,GDS
BKG00008731,10496,CUS0009768,2024-10-05,WEB
BKG00008732,1525,CUS0001416,2025-01-11,OTA
BKG00008733,3646,CUS0003398,2023-09-24,OTA
BKG00008734,370,CUS0000341,2024-01-31,AGT
BKG00008735,16080,CUS0014929,2023-06-15,OTA
BKG00008736,2542,CUS0002369,2026-04-01,OTA
BKG00008737,2441,CUS0002275,2026-03-22,GDS
BKG00008738,14872,CUS0013815,2025-07-31,CTR
BKG00008739,13553,CUS0012592,2023-09-26,CTR
BKG00008740,7232,CUS0006743,2023-10-21,AGT
BKG00008741,10313,CUS0009599,2023-11-05,GDS
BKG00008742,10037,CUS0009342,2024-04-07,GDS
BKG00008743,7226,CUS0006737,2025-08-03,CTR
BKG00008744,7511,CUS0007000,2025-05-07,CTR
BKG00008745,13872,CUS0012881,2024-12-29,CTR
BKG00008746,14397,CUS0013367,2023-08-02,WEB
BKG00008747,901,CUS0000834,2025-04-07,GDS
BKG00008748,9812,CUS0009137,2025-06-03,MOB
BKG00008749,8847,CUS0008245,2025-05-09,WEB
BKG00008750,7029,CUS0006558,2024-04-07,WEB
BKG00008751,4602,CUS0004285,2023-07-31,WEB
BKG00008752,13463,CUS0012509,2024-02-04,MOB
BKG00008753,8723,CUS0008128,2025-07-04,CTR
BKG00008754,15269,CUS0014180,2024-10-24,AGT
BKG00008755,11316,CUS0010528,2024-10-05,GDS
BKG00008756,4762,CUS0004438,2024-12-25,AGT
BKG00008757,735,CUS0000683,2023-09-12,OTA
BKG00008758,16125,CUS0014971,2023-11-11,CTR
BKG00008759,15442,CUS0014341,2024-09-05,GDS
BKG00008760,752,CUS0000699,2024-03-20,MOB
BKG00008761,9701,CUS0009038,2024-08-02,MOB
BKG00008762,5364,CUS0004997,2024-09-26,WEB
BKG00008763,50,CUS0000047,2026-04-04,MOB
BKG00008764,1236,CUS0001151,2025-04-21,WEB
BKG00008765,1279,CUS0001191,2024-10-19,OTA
BKG00008766,6265,CUS0005839,2025-12-29,GDS
BKG00008767,13263,CUS0012326,2025-04-18,AGT
BKG00008768,15218,CUS0014134,2024-12-11,GDS
BKG00008769,959,CUS0000889,2025-01-09,WEB
BKG00008770,9470,CUS0008826,2023-09-22,MOB
BKG00008771,215,CUS0000202,2024-10-17,AGT
BKG00008772,11597,CUS0010787,2023-09-04,GDS
BKG00008773,8925,CUS0008320,2026-01-08,OTA
BKG00008774,10781,CUS0010035,2024-06-26,WEB
BKG00008775,8861,CUS0008258,2026-04-26,MOB
BKG00008776,13225,CUS0012292,2025-06-14,OTA
BKG00008777,6090,CUS0005676,2025-10-20,GDS
BKG00008778,242,CUS0000225,2024-05-27,AGT
BKG00008779,14788,CUS0013737,2024-12-22,AGT
BKG00008780,10932,CUS0010176,2025-04-23,OTA
BKG00008781,4060,CUS0003786,2025-11-18,MOB
BKG00008782,436,CUS0000403,2024-06-18,WEB
BKG00008783,3460,CUS0003225,2024-05-24,WEB
BKG00008784,2654,CUS0002475,2023-07-21,MOB
BKG00008785,3459,CUS0003224,2026-05-02,CTR
BKG00008786,13556,CUS0012595,2024-10-21,AGT
BKG00008787,4394,CUS0004092,2025-08-15,AGT
BKG00008788,6111,CUS0005694,2024-05-13,OTA
BKG00008789,910,CUS0000843,2025-09-25,MOB
BKG00008790,6565,CUS0006121,2025-03-24,GDS
BKG00008791,1444,CUS0001341,2025-10-06,MOB
BKG00008792,15090,CUS0014019,2023-07-06,MOB
BKG00008793,13487,CUS0012531,2024-01-10,CTR
BKG00008794,4581,CUS0004267,2025-06-20,OTA
BKG00008795,8551,CUS0007967,2026-04-24,MOB
BKG00008796,11027,CUS0010264,2024-11-19,GDS
BKG00008797,9708,CUS0009045,2023-08-02,WEB
BKG00008798,2298,CUS0002143,2024-07-26,WEB
BKG00008799,10489,CUS0009762,2024-03-28,GDS
BKG00008800,16058,CUS0014909,2026-02-08,AGT
BKG00008801,12529,CUS0011661,2025-07-23,OTA
BKG00008802,11281,CUS0010494,2025-04-30,AGT
BKG00008803,8446,CUS0007869,2026-05-19,MOB
BKG00008804,14522,CUS0013487,2023-12-29,OTA
BKG00008805,16134,CUS0014978,2026-02-16,WEB
BKG00008806,5664,CUS0005277,2025-04-30,AGT
BKG00008807,5066,CUS0004713,2024-12-02,CTR
BKG00008808,6674,CUS0006227,2024-03-18,WEB
BKG00008809,11835,CUS0011014,2023-11-24,GDS
BKG00008810,7620,CUS0007102,2025-05-19,WEB
BKG00008811,7872,CUS0007335,2023-06-26,AGT
BKG00008812,7642,CUS0007121,2024-07-27,GDS
BKG00008813,4685,CUS0004364,2026-03-04,GDS
BKG00008814,1592,CUS0001478,2026-03-04,MOB
BKG00008815,4789,CUS0004464,2023-10-08,MOB
BKG00008816,5097,CUS0004740,2023-12-19,AGT
BKG00008817,12998,CUS0012088,2025-04-30,GDS
BKG00008818,11304,CUS0010516,2025-08-24,CTR
BKG00008819,3876,CUS0003615,2026-04-07,OTA
BKG00008820,9267,CUS0008633,2026-04-03,OTA
BKG00008821,5212,CUS0004851,2025-12-04,CTR
BKG00008822,8012,CUS0007468,2024-09-16,OTA
BKG00008823,1891,CUS0001757,2024-05-23,AGT
BKG00008824,5776,CUS0005383,2023-10-20,GDS
BKG00008825,10495,CUS0009767,2025-02-10,CTR
BKG00008826,14747,CUS0013700,2023-09-24,WEB
BKG00008827,442,CUS0000408,2026-05-04,OTA
BKG00008828,14855,CUS0013800,2024-11-24,CTR
BKG00008829,4079,CUS0003802,2024-03-10,MOB
BKG00008830,7423,CUS0006919,2023-05-31,AGT
BKG00008831,10286,CUS0009575,2025-03-20,GDS
BKG00008832,11206,CUS0010424,2023-07-14,MOB
BKG00008833,7114,CUS0006637,2025-02-07,WEB
BKG00008834,7633,CUS0007113,2024-08-02,MOB
BKG00008835,13060,CUS0012143,2023-10-14,WEB
BKG00008836,1239,CUS0001154,2025-10-30,GDS
BKG00008837,14759,CUS0013711,2025-12-18,CTR
BKG00008838,9138,CUS0008517,2025-11-05,AGT
BKG00008839,2720,CUS0002538,2023-12-16,AGT
BKG00008840,1597,CUS0001483,2025-06-25,AGT
BKG00008841,722,CUS0000671,2025-12-18,CTR
BKG00008842,5917,CUS0005515,2025-08-26,CTR
BKG00008843,3119,CUS0002909,2025-03-16,GDS
BKG00008844,9742,CUS0009076,2024-06-02,MOB
BKG00008845,15655,CUS0014537,2024-05-12,AGT
BKG00008846,12965,CUS0012058,2025-07-29,MOB
BKG00008847,3155,CUS0002944,2025-01-18,CTR
BKG00008848,5844,CUS0005446,2023-06-06,CTR
BKG00008849,12721,CUS0011833,2025-10-19,AGT
BKG00008850,6594,CUS0006150,2024-07-02,CTR
BKG00008851,4037,CUS0003764,2024-10-24,OTA
BKG00008852,5601,CUS0005215,2024-11-05,WEB
BKG00008853,1331,CUS0001238,2023-10-04,GDS
BKG00008854,14909,CUS0013848,2025-03-28,AGT
BKG00008855,1360,CUS0001265,2026-01-01,AGT
BKG00008856,983,CUS0000912,2023-09-28,GDS
BKG00008857,6081,CUS0005667,2025-12-02,WEB
BKG00008858,5521,CUS0005139,2024-01-07,AGT
BKG00008859,1653,CUS0001538,2025-08-15,MOB
BKG00008860,9056,CUS0008441,2025-03-25,MOB
BKG00008861,13489,CUS0012533,2025-10-21,MOB
BKG00008862,2894,CUS0002701,2025-03-02,GDS
BKG00008863,2700,CUS0002518,2025-07-06,CTR
BKG00008864,13596,CUS0012630,2024-09-21,MOB
BKG00008865,6655,CUS0006209,2023-10-29,OTA
BKG00008866,8982,CUS0008372,2023-07-03,CTR
BKG00008867,4033,CUS0003760,2026-01-12,OTA
BKG00008868,12676,CUS0011790,2024-10-17,CTR
BKG00008869,10823,CUS0010076,2023-08-15,GDS
BKG00008870,14925,CUS0013863,2026-03-10,WEB
BKG00008871,5830,CUS0005432,2025-11-15,MOB
BKG00008872,588,CUS0000545,2024-12-15,AGT
BKG00008873,16119,CUS0014965,2025-10-29,OTA
BKG00008874,9618,CUS0008960,2025-07-03,CTR
BKG00008875,2491,CUS0002320,2025-04-03,OTA
BKG00008876,2558,CUS0002384,2023-12-27,GDS
BKG00008877,14443,CUS0013412,2025-02-10,AGT
BKG00008878,8207,CUS0007648,2023-11-12,AGT
BKG00008879,10589,CUS0009853,2025-05-03,WEB
BKG00008880,12988,CUS0012078,2026-05-25,MOB
BKG00008881,14149,CUS0013140,2024-04-19,CTR
BKG00008882,8810,CUS0008210,2024-03-29,OTA
BKG00008883,1607,CUS0001493,2025-03-02,OTA
BKG00008884,8842,CUS0008241,2023-10-18,GDS
BKG00008885,10156,CUS0009451,2023-07-24,OTA
BKG00008886,15467,CUS0014363,2023-10-22,WEB
BKG00008887,10789,CUS0010043,2026-05-19,OTA
BKG00008888,14701,CUS0013656,2023-06-24,CTR
BKG00008889,15316,CUS0014223,2024-11-23,GDS
BKG00008890,15594,CUS0014482,2025-01-30,WEB
BKG00008891,9297,CUS0008660,2026-02-24,CTR
BKG00008892,14113,CUS0013107,2026-04-16,MOB
BKG00008893,10478,CUS0009753,2023-10-13,CTR
BKG00008894,1426,CUS0001324,2026-05-14,AGT
BKG00008895,8209,CUS0007650,2024-05-02,CTR
BKG00008896,105,CUS0000098,2024-06-22,GDS
BKG00008897,15703,CUS0014580,2025-04-25,GDS
BKG00008898,7369,CUS0006871,2025-08-13,WEB
BKG00008899,6370,CUS0005940,2025-10-11,OTA
BKG00008900,6284,CUS0005858,2024-02-27,AGT
BKG00008901,9122,CUS0008502,2026-01-05,AGT
BKG00008902,142,CUS0000133,2025-11-15,AGT
BKG00008903,11095,CUS0010325,2024-03-06,GDS
BKG00008904,1860,CUS0001727,2024-06-27,CTR
BKG00008905,7758,CUS0007228,2026-02-28,WEB
BKG00008906,481,CUS0000447,2025-07-14,WEB
BKG00008907,3778,CUS0003521,2025-06-30,GDS
BKG00008908,5523,CUS0005141,2026-05-19,WEB
BKG00008909,2590,CUS0002414,2025-09-17,MOB
BKG00008910,148,CUS0000138,2025-11-20,WEB
BKG00008911,7405,CUS0006901,2023-06-16,MOB
BKG00008912,6344,CUS0005916,2025-06-21,GDS
BKG00008913,6915,CUS0006454,2023-11-02,CTR
BKG00008914,1855,CUS0001723,2025-03-10,MOB
BKG00008915,7111,CUS0006634,2024-04-13,OTA
BKG00008916,11369,CUS0010577,2024-07-29,GDS
BKG00008917,3203,CUS0002990,2023-08-10,AGT
BKG00008918,14284,CUS0013265,2023-12-23,OTA
BKG00008919,10441,CUS0009717,2024-01-28,CTR
BKG00008920,14494,CUS0013461,2024-02-09,OTA
BKG00008921,6708,CUS0006258,2024-12-19,CTR
BKG00008922,4748,CUS0004425,2026-03-19,MOB
BKG00008923,14312,CUS0013292,2024-07-13,WEB
BKG00008924,12659,CUS0011774,2024-07-30,MOB
BKG00008925,2281,CUS0002128,2026-03-12,CTR
BKG00008926,15898,CUS0014758,2024-07-10,CTR
BKG00008927,9315,CUS0008678,2025-08-30,OTA
BKG00008928,3657,CUS0003409,2024-10-08,OTA
BKG00008929,14400,CUS0013370,2025-10-30,OTA
BKG00008930,14437,CUS0013406,2023-09-16,WEB
BKG00008931,4593,CUS0004277,2024-11-03,MOB
BKG00008932,654,CUS0000606,2024-01-12,WEB
BKG00008933,11245,CUS0010461,2024-09-28,CTR
BKG00008934,4406,CUS0004104,2024-08-01,MOB
BKG00008935,6952,CUS0006487,2025-10-06,GDS
BKG00008936,16124,CUS0014970,2024-08-08,MOB
BKG00008937,7016,CUS0006546,2024-06-07,MOB
BKG00008938,15814,CUS0014680,2024-01-23,MOB
BKG00008939,5732,CUS0005342,2023-10-11,WEB
BKG00008940,6231,CUS0005806,2025-01-09,MOB
BKG00008941,1608,CUS0001494,2023-10-27,WEB
BKG00008942,12500,CUS0011632,2024-09-25,OTA
BKG00008943,11397,CUS0010602,2026-03-28,MOB
BKG00008944,407,CUS0000377,2025-09-20,CTR
BKG00008945,499,CUS0000462,2025-07-31,OTA
BKG00008946,5637,CUS0005251,2024-10-17,MOB
BKG00008947,1578,CUS0001466,2025-08-08,WEB
BKG00008948,13619,CUS0012651,2024-08-18,WEB
BKG00008949,2998,CUS0002797,2023-10-05,OTA
BKG00008950,10733,CUS0009990,2023-08-12,WEB
BKG00008951,5193,CUS0004833,2025-04-01,GDS
BKG00008952,6538,CUS0006096,2024-03-27,OTA
BKG00008953,12328,CUS0011475,2025-09-14,GDS
BKG00008954,7673,CUS0007148,2025-12-11,CTR
BKG00008955,1549,CUS0001439,2025-12-17,GDS
BKG00008956,1922,CUS0001788,2023-12-20,MOB
BKG00008957,6064,CUS0005651,2026-05-06,CTR
BKG00008958,5656,CUS0005270,2023-10-21,WEB
BKG00008959,11312,CUS0010524,2025-10-07,CTR
BKG00008960,4924,CUS0004584,2024-03-12,GDS
BKG00008961,14554,CUS0013515,2025-08-29,CTR
BKG00008962,12221,CUS0011379,2025-01-20,WEB
BKG00008963,8325,CUS0007755,2025-02-22,MOB
BKG00008964,8939,CUS0008333,2024-01-26,OTA
BKG00008965,8321,CUS0007751,2023-11-24,WEB
BKG00008966,2530,CUS0002358,2024-06-19,GDS
BKG00008967,1968,CUS0001829,2025-07-17,CTR
BKG00008968,10591,CUS0009855,2025-08-30,MOB
BKG00008969,8602,CUS0008015,2024-04-24,MOB
BKG00008970,13920,CUS0012924,2025-07-26,OTA
BKG00008971,1516,CUS0001408,2026-03-29,CTR
BKG00008972,14566,CUS0013527,2024-10-23,CTR
BKG00008973,12384,CUS0011525,2025-01-15,GDS
BKG00008974,9464,CUS0008820,2024-02-18,MOB
BKG00008975,14340,CUS0013315,2024-01-13,MOB
BKG00008976,4113,CUS0003833,2026-03-28,MOB
BKG00008977,978,CUS0000908,2026-01-08,GDS
BKG00008978,6395,CUS0005964,2023-12-09,OTA
BKG00008979,11560,CUS0010753,2024-05-27,CTR
BKG00008980,14178,CUS0013168,2025-02-04,GDS
BKG00008981,13599,CUS0012633,2024-06-03,GDS
BKG00008982,1223,CUS0001138,2025-12-29,MOB
BKG00008983,6256,CUS0005830,2025-02-19,OTA
BKG00008984,2302,CUS0002147,2024-03-17,AGT
BKG00008985,2442,CUS0002276,2024-05-06,WEB
BKG00008986,12283,CUS0011435,2023-09-19,MOB
BKG00008987,16088,CUS0014936,2023-08-12,MOB
BKG00008988,14816,CUS0013764,2025-01-30,GDS
BKG00008989,10921,CUS0010165,2025-05-28,GDS
BKG00008990,1752,CUS0001627,2025-04-09,AGT
BKG00008991,8614,CUS0008027,2023-10-07,GDS
BKG00008992,11734,CUS0010919,2025-07-08,WEB
BKG00008993,600,CUS0000556,2025-09-25,WEB
BKG00008994,14347,CUS0013322,2023-10-02,MOB
BKG00008995,9392,CUS0008748,2025-01-23,WEB
BKG00008996,9691,CUS0009029,2026-02-04,OTA
BKG00008997,13743,CUS0012765,2023-07-22,AGT
BKG00008998,14479,CUS0013447,2025-11-19,OTA
BKG00008999,12161,CUS0011321,2026-02-17,WEB
BKG00009000,7959,CUS0007420,2023-09-16,MOB
BKG00009001,11455,CUS0010655,2024-04-28,CTR
BKG00009002,4762,CUS0004438,2024-03-04,CTR
BKG00009003,9629,CUS0008970,2026-02-19,AGT
BKG00009004,10501,CUS0009773,2025-12-03,CTR
BKG00009005,4348,CUS0004050,2024-08-01,MOB
BKG00009006,12402,CUS0011541,2025-11-08,AGT
BKG00009007,2030,CUS0001888,2024-07-18,WEB
BKG00009008,9914,CUS0009231,2025-10-30,CTR
BKG00009009,10069,CUS0009372,2025-10-19,GDS
BKG00009010,9685,CUS0009023,2025-12-27,MOB
BKG00009011,6369,CUS0005939,2024-12-14,OTA
BKG00009012,596,CUS0000553,2023-11-19,OTA
BKG00009013,2432,CUS0002267,2023-07-14,AGT
BKG00009014,5700,CUS0005311,2023-06-05,AGT
BKG00009015,6964,CUS0006499,2024-10-03,OTA
BKG00009016,373,CUS0000344,2025-09-14,AGT
BKG00009017,15551,CUS0014443,2026-04-22,GDS
BKG00009018,427,CUS0000395,2023-11-16,AGT
BKG00009019,6007,CUS0005597,2026-03-07,GDS
BKG00009020,5406,CUS0005035,2023-06-03,MOB
BKG00009021,16082,CUS0014931,2024-07-29,MOB
BKG00009022,15488,CUS0014383,2025-02-14,CTR
BKG00009023,189,CUS0000177,2025-01-04,WEB
BKG00009024,8979,CUS0008369,2025-02-08,CTR
BKG00009025,10745,CUS0010001,2025-01-18,OTA
BKG00009026,179,CUS0000168,2024-03-02,CTR
BKG00009027,1218,CUS0001133,2026-05-14,OTA
BKG00009028,8783,CUS0008184,2024-07-21,AGT
BKG00009029,3136,CUS0002926,2024-02-03,GDS
BKG00009030,5733,CUS0005343,2025-03-12,WEB
BKG00009031,13495,CUS0012538,2025-09-18,GDS
BKG00009032,12376,CUS0011518,2025-12-30,MOB
BKG00009033,15980,CUS0014836,2024-09-03,AGT
BKG00009034,7258,CUS0006767,2024-01-15,MOB
BKG00009035,2679,CUS0002499,2023-11-30,CTR
BKG00009036,9438,CUS0008794,2024-01-17,MOB
BKG00009037,15267,CUS0014178,2024-03-12,MOB
BKG00009038,5779,CUS0005385,2026-04-01,WEB
BKG00009039,6078,CUS0005664,2025-03-05,MOB
BKG00009040,8947,CUS0008340,2023-11-18,GDS
BKG00009041,5626,CUS0005240,2024-11-24,MOB
BKG00009042,1646,CUS0001531,2024-10-03,MOB
BKG00009043,3442,CUS0003208,2024-05-02,OTA
BKG00009044,9844,CUS0009167,2025-10-18,OTA
BKG00009045,9123,CUS0008503,2023-07-25,AGT
BKG00009046,4670,CUS0004351,2025-08-26,MOB
BKG00009047,1076,CUS0001000,2025-08-22,CTR
BKG00009048,4659,CUS0004340,2024-12-24,WEB
BKG00009049,9207,CUS0008580,2025-04-28,OTA
BKG00009050,5202,CUS0004842,2024-11-08,OTA
BKG00009051,7583,CUS0007067,2025-04-20,AGT
BKG00009052,13342,CUS0012396,2024-12-14,MOB
BKG00009053,13656,CUS0012684,2023-10-07,WEB
BKG00009054,4708,CUS0004387,2026-05-13,MOB
BKG00009055,5415,CUS0005042,2026-04-14,OTA
BKG00009056,12930,CUS0012026,2023-10-10,GDS
BKG00009057,11191,CUS0010409,2023-10-27,CTR
BKG00009058,8237,CUS0007673,2023-09-19,MOB
BKG00009059,7876,CUS0007339,2023-08-14,MOB
BKG00009060,13543,CUS0012582,2023-12-22,WEB
BKG00009061,14088,CUS0013082,2023-07-26,MOB
BKG00009062,15927,CUS0014785,2023-07-09,AGT
BKG00009063,15050,CUS0013981,2024-01-25,CTR
BKG00009064,2854,CUS0002663,2023-10-08,AGT
BKG00009065,1552,CUS0001442,2023-08-14,WEB
BKG00009066,11322,CUS0010534,2023-10-04,CTR
BKG00009067,593,CUS0000550,2026-01-10,CTR
BKG00009068,15280,CUS0014189,2025-04-28,AGT
BKG00009069,13445,CUS0012492,2024-12-27,MOB
BKG00009070,11695,CUS0010881,2025-12-01,CTR
BKG00009071,3902,CUS0003638,2026-04-10,CTR
BKG00009072,636,CUS0000592,2024-03-17,GDS
BKG00009073,4836,CUS0004506,2024-04-01,MOB
BKG00009074,9301,CUS0008664,2025-12-11,OTA
BKG00009075,13509,CUS0012550,2025-07-16,AGT
BKG00009076,8062,CUS0007511,2023-10-11,MOB
BKG00009077,10705,CUS0009964,2024-06-06,WEB
BKG00009078,4092,CUS0003813,2025-03-08,MOB
BKG00009079,1483,CUS0001377,2026-02-23,AGT
BKG00009080,7557,CUS0007043,2023-11-16,OTA
BKG00009081,15485,CUS0014380,2025-12-06,WEB
BKG00009082,14532,CUS0013496,2025-10-06,OTA
BKG00009083,15530,CUS0014423,2024-03-15,OTA
BKG00009084,7507,CUS0006996,2025-08-09,AGT
BKG00009085,15019,CUS0013952,2025-09-05,GDS
BKG00009086,4166,CUS0003882,2025-01-27,AGT
BKG00009087,3333,CUS0003109,2024-01-15,GDS
BKG00009088,6603,CUS0006159,2025-07-24,WEB
BKG00009089,859,CUS0000795,2025-01-21,GDS
BKG00009090,2423,CUS0002259,2025-02-24,GDS
BKG00009091,8227,CUS0007665,2025-03-14,AGT
BKG00009092,12870,CUS0011973,2023-08-20,CTR
BKG00009093,15426,CUS0014327,2025-11-21,AGT
BKG00009094,12354,CUS0011499,2025-08-18,GDS
BKG00009095,12827,CUS0011931,2025-09-12,GDS
BKG00009096,11096,CUS0010326,2024-02-08,OTA
BKG00009097,11304,CUS0010516,2024-09-17,AGT
BKG00009098,10673,CUS0009933,2023-07-02,GDS
BKG00009099,4133,CUS0003851,2025-07-19,MOB
BKG00009100,5124,CUS0004765,2024-07-13,GDS
BKG00009101,475,CUS0000441,2025-04-01,OTA
BKG00009102,11681,CUS0010869,2025-04-27,GDS
BKG00009103,13250,CUS0012313,2026-01-06,WEB
BKG00009104,6145,CUS0005727,2024-04-22,WEB
BKG00009105,15638,CUS0014522,2024-08-10,MOB
BKG00009106,12187,CUS0011347,2024-11-02,WEB
BKG00009107,1677,CUS0001559,2026-03-07,CTR
BKG00009108,2403,CUS0002241,2023-12-25,OTA
BKG00009109,185,CUS0000173,2025-11-02,AGT
BKG00009110,13736,CUS0012758,2026-02-17,OTA
BKG00009111,8984,CUS0008374,2023-12-24,AGT
BKG00009112,13562,CUS0012601,2025-04-24,MOB
BKG00009113,6960,CUS0006495,2025-10-02,AGT
BKG00009114,9167,CUS0008544,2024-06-27,MOB
BKG00009115,5789,CUS0005395,2024-01-12,WEB
BKG00009116,8064,CUS0007513,2025-05-26,WEB
BKG00009117,11235,CUS0010452,2025-01-22,MOB
BKG00009118,4923,CUS0004583,2025-03-07,AGT
BKG00009119,14465,CUS0013434,2026-02-24,OTA
BKG00009120,11554,CUS0010747,2024-05-31,AGT
BKG00009121,6508,CUS0006066,2024-12-13,AGT
BKG00009122,14788,CUS0013737,2026-01-02,MOB
BKG00009123,6594,CUS0006150,2024-07-22,GDS
BKG00009124,16121,CUS0014967,2025-08-10,OTA
BKG00009125,7656,CUS0007132,2023-06-26,CTR
BKG00009126,11964,CUS0011140,2025-04-20,MOB
BKG00009127,5028,CUS0004678,2024-09-07,OTA
BKG00009128,3332,CUS0003108,2023-11-24,MOB
BKG00009129,13362,CUS0012414,2023-10-23,MOB
BKG00009130,2834,CUS0002646,2025-11-05,CTR
BKG00009131,3373,CUS0003146,2024-10-29,GDS
BKG00009132,14676,CUS0013633,2025-04-23,MOB
BKG00009133,14607,CUS0013566,2025-04-12,WEB
BKG00009134,3454,CUS0003219,2025-12-13,WEB
BKG00009135,3253,CUS0003034,2025-01-28,AGT
BKG00009136,8698,CUS0008104,2025-09-02,MOB
BKG00009137,3276,CUS0003056,2025-12-06,MOB
BKG00009138,13804,CUS0012820,2024-03-13,WEB
BKG00009139,5298,CUS0004933,2026-04-19,OTA
BKG00009140,9627,CUS0008968,2025-03-03,OTA
BKG00009141,165,CUS0000154,2024-02-18,AGT
BKG00009142,440,CUS0000407,2023-11-22,WEB
BKG00009143,4808,CUS0004480,2026-03-18,OTA
BKG00009144,3812,CUS0003552,2025-07-24,OTA
BKG00009145,5089,CUS0004733,2026-03-02,OTA
BKG00009146,6902,CUS0006443,2024-08-24,MOB
BKG00009147,14474,CUS0013442,2025-04-07,MOB
BKG00009148,8792,CUS0008192,2023-11-26,AGT
BKG00009149,15948,CUS0014806,2025-06-09,CTR
BKG00009150,14879,CUS0013821,2023-11-21,MOB
BKG00009151,8797,CUS0008197,2023-09-13,WEB
BKG00009152,8679,CUS0008086,2026-02-11,MOB
BKG00009153,8515,CUS0007932,2025-06-08,MOB
BKG00009154,4854,CUS0004523,2025-05-24,MOB
BKG00009155,3470,CUS0003235,2025-10-06,OTA
BKG00009156,8224,CUS0007663,2025-06-22,GDS
BKG00009157,2938,CUS0002743,2024-10-21,AGT
BKG00009158,375,CUS0000346,2023-07-20,OTA
BKG00009159,15231,CUS0014147,2025-03-01,CTR
BKG00009160,13990,CUS0012989,2025-02-14,AGT
BKG00009161,4633,CUS0004316,2025-02-21,OTA
BKG00009162,4215,CUS0003927,2025-12-07,GDS
BKG00009163,6735,CUS0006284,2024-12-30,MOB
BKG00009164,11238,CUS0010454,2025-03-16,CTR
BKG00009165,14438,CUS0013407,2025-07-15,MOB
BKG00009166,5914,CUS0005513,2024-09-26,AGT
BKG00009167,6462,CUS0006023,2025-01-17,CTR
BKG00009168,10636,CUS0009898,2025-01-08,OTA
BKG00009169,14078,CUS0013072,2023-07-20,CTR
BKG00009170,5078,CUS0004723,2024-10-09,CTR
BKG00009171,2858,CUS0002667,2025-12-02,AGT
BKG00009172,13930,CUS0012934,2025-07-26,GDS
BKG00009173,6142,CUS0005724,2024-01-13,CTR
BKG00009174,6798,CUS0006343,2025-08-04,OTA
BKG00009175,6477,CUS0006036,2023-08-17,CTR
BKG00009176,9695,CUS0009033,2023-11-15,GDS
BKG00009177,7624,CUS0007105,2026-01-06,AGT
BKG00009178,13177,CUS0012246,2025-05-10,AGT
BKG00009179,13420,CUS0012469,2024-07-02,CTR
BKG00009180,4403,CUS0004101,2026-01-24,WEB
BKG00009181,4183,CUS0003897,2026-05-06,WEB
BKG00009182,54,CUS0000051,2025-05-13,CTR
BKG00009183,14125,CUS0013118,2024-11-24,AGT
BKG00009184,14016,CUS0013013,2024-02-14,GDS
BKG00009185,1644,CUS0001529,2023-12-06,WEB
BKG00009186,7417,CUS0006913,2023-08-13,MOB
BKG00009187,3862,CUS0003601,2024-01-21,OTA
BKG00009188,13538,CUS0012577,2025-11-26,CTR
BKG00009189,11413,CUS0010616,2023-08-24,WEB
BKG00009190,6922,CUS0006460,2024-05-03,CTR
BKG00009191,3746,CUS0003490,2024-02-17,WEB
BKG00009192,8877,CUS0008273,2025-01-19,MOB
BKG00009193,11823,CUS0011002,2024-09-05,OTA
BKG00009194,13122,CUS0012198,2024-12-22,OTA
BKG00009195,14741,CUS0013694,2023-06-19,GDS
BKG00009196,11860,CUS0011038,2025-04-03,OTA
BKG00009197,10221,CUS0009513,2025-08-04,OTA
BKG00009198,14885,CUS0013826,2025-05-30,GDS
BKG00009199,15566,CUS0014457,2025-12-30,AGT
BKG00009200,6733,CUS0006282,2025-08-08,AGT
BKG00009201,11694,CUS0010880,2025-07-24,OTA
BKG00009202,7061,CUS0006586,2025-04-06,AGT
BKG00009203,7287,CUS0006794,2024-04-14,WEB
BKG00009204,3230,CUS0003016,2024-04-08,AGT
BKG00009205,497,CUS0000460,2024-08-06,GDS
BKG00009206,7498,CUS0006988,2024-02-10,AGT
BKG00009207,2491,CUS0002320,2024-06-16,OTA
BKG00009208,14097,CUS0013091,2023-08-30,AGT
BKG00009209,5503,CUS0005122,2024-09-28,WEB
BKG00009210,15940,CUS0014798,2025-12-05,MOB
BKG00009211,12862,CUS0011965,2025-04-12,WEB
BKG00009212,10240,CUS0009531,2026-02-21,GDS
BKG00009213,1972,CUS0001833,2025-06-09,MOB
BKG00009214,8098,CUS0007543,2026-04-19,AGT
BKG00009215,3967,CUS0003699,2024-02-02,OTA
BKG00009216,12441,CUS0011578,2024-12-29,CTR
BKG00009217,14748,CUS0013701,2024-02-25,OTA
BKG00009218,14551,CUS0013512,2025-01-11,GDS
BKG00009219,14205,CUS0013195,2026-01-06,CTR
BKG00009220,13543,CUS0012582,2024-04-11,AGT
BKG00009221,5444,CUS0005068,2024-01-25,CTR
BKG00009222,5254,CUS0004891,2025-10-26,WEB
BKG00009223,13549,CUS0012588,2025-10-10,CTR
BKG00009224,5090,CUS0004734,2024-02-20,AGT
BKG00009225,5250,CUS0004887,2024-08-27,MOB
BKG00009226,7664,CUS0007140,2025-06-23,OTA
BKG00009227,11895,CUS0011073,2025-08-26,OTA
BKG00009228,10233,CUS0009524,2024-08-14,AGT
BKG00009229,5624,CUS0005238,2024-06-20,MOB
BKG00009230,7737,CUS0007209,2025-03-03,WEB
BKG00009231,6473,CUS0006032,2024-08-10,GDS
BKG00009232,15484,CUS0014379,2023-12-29,OTA
BKG00009233,4777,CUS0004453,2025-08-23,CTR
BKG00009234,5209,CUS0004848,2025-10-22,WEB
BKG00009235,5812,CUS0005416,2025-02-14,CTR
BKG00009236,8120,CUS0007563,2026-04-25,OTA
BKG00009237,4772,CUS0004448,2023-10-03,CTR
BKG00009238,2150,CUS0002003,2025-01-08,OTA
BKG00009239,11729,CUS0010914,2023-10-13,WEB
BKG00009240,3040,CUS0002837,2024-12-11,MOB
BKG00009241,2755,CUS0002572,2025-05-28,AGT
BKG00009242,10499,CUS0009771,2023-08-02,OTA
BKG00009243,1187,CUS0001102,2026-03-04,AGT
BKG00009244,9578,CUS0008924,2024-09-03,AGT
BKG00009245,6553,CUS0006110,2025-12-11,AGT
BKG00009246,9892,CUS0009211,2025-05-26,CTR
BKG00009247,7713,CUS0007186,2023-09-10,GDS
BKG00009248,9052,CUS0008437,2023-12-20,WEB
BKG00009249,1317,CUS0001226,2026-01-01,GDS
BKG00009250,12369,CUS0011512,2024-09-07,OTA
BKG00009251,6183,CUS0005761,2025-01-09,WEB
BKG00009252,14629,CUS0013588,2025-05-16,AGT
BKG00009253,9178,CUS0008553,2023-11-21,CTR
BKG00009254,1992,CUS0001851,2024-12-22,OTA
BKG00009255,10485,CUS0009758,2023-11-15,WEB
BKG00009256,14920,CUS0013858,2024-05-06,CTR
BKG00009257,7759,CUS0007229,2026-04-05,GDS
BKG00009258,10654,CUS0009916,2024-04-17,CTR
BKG00009259,2069,CUS0001925,2023-10-30,OTA
BKG00009260,8181,CUS0007622,2024-11-04,OTA
BKG00009261,9751,CUS0009084,2025-06-13,WEB
BKG00009262,1057,CUS0000982,2026-02-17,OTA
BKG00009263,12864,CUS0011967,2023-09-18,CTR
BKG00009264,11828,CUS0011007,2025-05-29,GDS
BKG00009265,13612,CUS0012644,2024-06-28,CTR
BKG00009266,776,CUS0000719,2026-02-07,CTR
BKG00009267,11690,CUS0010877,2025-04-30,WEB
BKG00009268,15258,CUS0014171,2024-03-25,AGT
BKG00009269,2724,CUS0002542,2025-10-31,GDS
BKG00009270,14450,CUS0013419,2024-09-11,GDS
BKG00009271,12832,CUS0011935,2023-11-24,CTR
BKG00009272,2534,CUS0002361,2025-06-23,MOB
BKG00009273,4483,CUS0004178,2025-01-08,CTR
BKG00009274,275,CUS0000256,2024-03-19,AGT
BKG00009275,14043,CUS0013037,2026-05-11,CTR
BKG00009276,13713,CUS0012738,2024-09-23,MOB
BKG00009277,5460,CUS0005083,2023-12-06,MOB
BKG00009278,13712,CUS0012737,2024-05-26,GDS
BKG00009279,4729,CUS0004408,2024-11-12,CTR
BKG00009280,7905,CUS0007368,2024-03-04,CTR
BKG00009281,5204,CUS0004844,2024-04-25,GDS
BKG00009282,5645,CUS0005259,2026-03-13,MOB
BKG00009283,2885,CUS0002692,2025-11-19,CTR
BKG00009284,13937,CUS0012940,2024-02-26,WEB
BKG00009285,6515,CUS0006073,2024-04-25,OTA
BKG00009286,1364,CUS0001269,2025-05-03,OTA
BKG00009287,7132,CUS0006654,2025-02-02,MOB
BKG00009288,14726,CUS0013680,2025-07-24,AGT
BKG00009289,5251,CUS0004888,2025-11-19,CTR
BKG00009290,10845,CUS0010096,2025-05-18,MOB
BKG00009291,13032,CUS0012118,2024-01-10,GDS
BKG00009292,2456,CUS0002289,2023-05-31,CTR
BKG00009293,10588,CUS0009852,2024-05-11,OTA
BKG00009294,14172,CUS0013163,2025-12-01,AGT
BKG00009295,12140,CUS0011304,2024-06-24,AGT
BKG00009296,2385,CUS0002223,2024-04-20,WEB
BKG00009297,4790,CUS0004465,2025-06-03,MOB
BKG00009298,604,CUS0000560,2023-07-30,WEB
BKG00009299,7111,CUS0006634,2026-02-07,WEB
BKG00009300,5082,CUS0004727,2026-05-05,MOB
BKG00009301,14684,CUS0013640,2025-08-17,GDS
BKG00009302,15125,CUS0014050,2024-02-13,MOB
BKG00009303,13197,CUS0012265,2023-06-11,GDS
BKG00009304,6508,CUS0006066,2024-08-20,CTR
BKG00009305,10563,CUS0009828,2026-01-17,AGT
BKG00009306,13494,CUS0012537,2023-07-03,AGT
BKG00009307,8436,CUS0007860,2024-06-30,AGT
BKG00009308,13010,CUS0012099,2025-11-09,MOB
BKG00009309,10062,CUS0009366,2024-05-06,CTR
BKG00009310,5384,CUS0005014,2025-08-03,GDS
BKG00009311,11054,CUS0010288,2024-10-09,CTR
BKG00009312,16028,CUS0014881,2026-01-21,OTA
BKG00009313,8943,CUS0008336,2026-05-04,OTA
BKG00009314,8044,CUS0007495,2024-07-16,GDS
BKG00009315,534,CUS0000495,2023-06-18,OTA
BKG00009316,308,CUS0000285,2025-03-12,AGT
BKG00009317,15065,CUS0013996,2025-03-17,OTA
BKG00009318,8269,CUS0007704,2025-09-29,OTA
BKG00009319,10490,CUS0009763,2025-09-30,CTR
BKG00009320,8292,CUS0007726,2025-07-31,OTA
BKG00009321,12522,CUS0011654,2025-06-01,MOB
BKG00009322,12958,CUS0012051,2023-06-19,CTR
BKG00009323,2864,CUS0002673,2023-12-14,CTR
BKG00009324,11879,CUS0011057,2025-01-19,WEB
BKG00009325,9373,CUS0008731,2026-03-11,CTR
BKG00009326,13592,CUS0012626,2024-09-07,AGT
BKG00009327,11471,CUS0010671,2026-01-16,AGT
BKG00009328,1887,CUS0001754,2025-09-30,CTR
BKG00009329,4465,CUS0004162,2025-05-31,WEB
BKG00009330,6048,CUS0005636,2024-12-05,OTA
BKG00009331,8805,CUS0008205,2025-05-04,OTA
BKG00009332,7269,CUS0006778,2024-01-04,AGT
BKG00009333,6291,CUS0005865,2024-11-24,MOB
BKG00009334,10219,CUS0009511,2023-12-17,WEB
BKG00009335,12367,CUS0011510,2024-06-21,CTR
BKG00009336,10303,CUS0009589,2023-12-27,MOB
BKG00009337,6341,CUS0005913,2026-04-01,CTR
BKG00009338,916,CUS0000848,2024-08-19,OTA
BKG00009339,9605,CUS0008949,2026-01-23,MOB
BKG00009340,893,CUS0000827,2024-01-03,GDS
BKG00009341,6770,CUS0006315,2024-01-16,CTR
BKG00009342,2404,CUS0002242,2025-12-03,AGT
BKG00009343,14474,CUS0013442,2025-10-22,WEB
BKG00009344,15955,CUS0014813,2024-07-25,OTA
BKG00009345,4416,CUS0004114,2023-12-08,MOB
BKG00009346,6997,CUS0006529,2024-04-07,WEB
BKG00009347,2488,CUS0002317,2025-06-22,OTA
BKG00009348,4847,CUS0004516,2025-11-13,MOB
BKG00009349,12431,CUS0011570,2026-05-15,WEB
BKG00009350,1641,CUS0001526,2023-08-20,GDS
BKG00009351,12643,CUS0011760,2024-07-04,MOB
BKG00009352,13232,CUS0012298,2025-09-09,CTR
BKG00009353,4956,CUS0004614,2026-04-23,CTR
BKG00009354,6767,CUS0006312,2025-01-20,MOB
BKG00009355,12903,CUS0012003,2025-10-05,GDS
BKG00009356,4612,CUS0004295,2024-12-18,MOB
BKG00009357,12557,CUS0011686,2024-03-04,AGT
BKG00009358,7226,CUS0006737,2024-08-25,CTR
BKG00009359,14588,CUS0013548,2026-04-01,AGT
BKG00009360,5430,CUS0005055,2024-08-21,CTR
BKG00009361,6385,CUS0005955,2025-09-29,WEB
BKG00009362,7788,CUS0007255,2026-04-18,WEB
BKG00009363,1177,CUS0001092,2024-09-26,MOB
BKG00009364,12329,CUS0011476,2026-03-15,OTA
BKG00009365,2445,CUS0002279,2026-02-09,MOB
BKG00009366,4004,CUS0003733,2025-01-13,OTA
BKG00009367,12783,CUS0011891,2024-03-09,OTA
BKG00009368,13145,CUS0012218,2024-01-27,WEB
BKG00009369,4862,CUS0004531,2026-01-18,OTA
BKG00009370,12253,CUS0011409,2024-11-27,AGT
BKG00009371,450,CUS0000416,2025-11-17,OTA
BKG00009372,8790,CUS0008190,2024-06-28,AGT
BKG00009373,12475,CUS0011610,2024-04-27,WEB
BKG00009374,929,CUS0000861,2026-05-10,AGT
BKG00009375,7586,CUS0007070,2023-08-26,MOB
BKG00009376,572,CUS0000529,2024-04-16,CTR
BKG00009377,15587,CUS0014475,2025-03-02,AGT
BKG00009378,582,CUS0000539,2023-09-01,MOB
BKG00009379,52,CUS0000049,2023-09-18,WEB
BKG00009380,11446,CUS0010646,2026-03-28,WEB
BKG00009381,15734,CUS0014609,2023-12-25,WEB
BKG00009382,4513,CUS0004206,2024-06-12,WEB
BKG00009383,2535,CUS0002362,2023-10-28,OTA
BKG00009384,8964,CUS0008355,2023-11-13,CTR
BKG00009385,16030,CUS0014883,2024-07-10,GDS
BKG00009386,12113,CUS0011279,2025-09-26,WEB
BKG00009387,5143,CUS0004784,2023-06-13,CTR
BKG00009388,11541,CUS0010735,2025-07-05,GDS
BKG00009389,5,CUS0000005,2024-08-09,MOB
BKG00009390,11317,CUS0010529,2024-12-22,MOB
BKG00009391,5515,CUS0005134,2025-07-24,WEB
BKG00009392,10945,CUS0010188,2023-09-18,MOB
BKG00009393,12067,CUS0011235,2024-10-11,WEB
BKG00009394,2184,CUS0002036,2023-09-18,WEB
BKG00009395,10841,CUS0010092,2025-02-24,CTR
BKG00009396,8826,CUS0008225,2024-05-08,OTA
BKG00009397,5906,CUS0005506,2024-05-19,MOB
BKG00009398,6930,CUS0006468,2025-03-06,WEB
BKG00009399,8613,CUS0008026,2025-03-26,MOB
BKG00009400,9078,CUS0008460,2024-06-16,AGT
BKG00009401,2389,CUS0002227,2025-06-12,GDS
BKG00009402,709,CUS0000659,2024-01-24,MOB
BKG00009403,12617,CUS0011736,2025-11-25,GDS
BKG00009404,2099,CUS0001955,2025-03-06,MOB
BKG00009405,6568,CUS0006124,2025-08-30,CTR
BKG00009406,2234,CUS0002083,2025-02-21,GDS
BKG00009407,10220,CUS0009512,2023-10-06,GDS
BKG00009408,15678,CUS0014558,2024-02-01,GDS
BKG00009409,81,CUS0000075,2026-01-23,OTA
BKG00009410,803,CUS0000746,2025-05-14,MOB
BKG00009411,7928,CUS0007390,2025-12-05,WEB
BKG00009412,9375,CUS0008732,2023-08-19,AGT
BKG00009413,15949,CUS0014807,2025-06-17,MOB
BKG00009414,13738,CUS0012760,2026-02-04,WEB
BKG00009415,13988,CUS0012987,2023-11-15,WEB
BKG00009416,194,CUS0000182,2023-08-29,WEB
BKG00009417,9064,CUS0008448,2025-03-13,AGT
BKG00009418,4773,CUS0004449,2023-09-28,CTR
BKG00009419,14701,CUS0013656,2025-05-15,OTA
BKG00009420,2577,CUS0002401,2024-08-08,OTA
BKG00009421,4590,CUS0004275,2025-10-30,WEB
BKG00009422,15226,CUS0014142,2026-02-28,WEB
BKG00009423,13149,CUS0012222,2024-09-20,AGT
BKG00009424,3714,CUS0003462,2025-08-24,OTA
BKG00009425,11778,CUS0010959,2023-11-21,WEB
BKG00009426,13597,CUS0012631,2024-08-05,AGT
BKG00009427,12863,CUS0011966,2026-02-12,CTR
BKG00009428,8961,CUS0008352,2025-04-25,AGT
BKG00009429,13762,CUS0012782,2025-08-17,CTR
BKG00009430,3727,CUS0003474,2024-11-04,OTA
BKG00009431,13174,CUS0012243,2024-05-03,OTA
BKG00009432,8665,CUS0008074,2023-10-21,GDS
BKG00009433,14730,CUS0013684,2024-08-01,OTA
BKG00009434,9929,CUS0009244,2025-10-23,OTA
BKG00009435,7784,CUS0007252,2024-11-10,CTR
BKG00009436,11647,CUS0010836,2026-03-04,CTR
BKG00009437,7978,CUS0007438,2024-11-10,CTR
BKG00009438,2722,CUS0002540,2024-04-09,GDS
BKG00009439,12311,CUS0011460,2025-05-15,AGT
BKG00009440,12836,CUS0011939,2025-01-01,CTR
BKG00009441,11145,CUS0010368,2025-08-13,WEB
BKG00009442,1470,CUS0001365,2025-04-03,GDS
BKG00009443,11483,CUS0010683,2025-10-06,AGT
BKG00009444,12879,CUS0011982,2023-08-18,WEB
BKG00009445,7213,CUS0006727,2025-06-21,AGT
BKG00009446,11737,CUS0010922,2023-12-29,OTA
BKG00009447,6834,CUS0006378,2024-09-18,GDS
BKG00009448,6898,CUS0006439,2024-11-08,AGT
BKG00009449,11045,CUS0010281,2026-04-28,MOB
BKG00009450,3235,CUS0003019,2024-02-21,GDS
BKG00009451,7566,CUS0007051,2024-12-18,MOB
BKG00009452,11740,CUS0010924,2024-07-18,AGT
BKG00009453,12968,CUS0012061,2023-06-25,WEB
BKG00009454,9017,CUS0008404,2024-10-18,CTR
BKG00009455,2385,CUS0002223,2024-12-14,CTR
BKG00009456,7739,CUS0007211,2023-07-13,CTR
BKG00009457,14493,CUS0013460,2025-05-02,AGT
BKG00009458,15187,CUS0014105,2024-04-25,GDS
BKG00009459,6712,CUS0006262,2025-10-05,CTR
BKG00009460,12285,CUS0011437,2024-07-10,MOB
BKG00009461,5156,CUS0004797,2026-01-31,OTA
BKG00009462,9136,CUS0008515,2025-11-20,AGT
BKG00009463,5330,CUS0004964,2024-08-23,CTR
BKG00009464,14883,CUS0013824,2024-05-24,OTA
BKG00009465,1523,CUS0001414,2023-09-11,GDS
BKG00009466,7564,CUS0007050,2024-06-04,MOB
BKG00009467,7492,CUS0006982,2024-09-30,MOB
BKG00009468,6038,CUS0005626,2025-03-25,GDS
BKG00009469,13821,CUS0012835,2024-09-24,OTA
BKG00009470,5217,CUS0004856,2024-11-03,AGT
BKG00009471,8969,CUS0008359,2024-11-13,OTA
BKG00009472,5802,CUS0005408,2023-05-28,MOB
BKG00009473,5272,CUS0004908,2025-04-04,WEB
BKG00009474,14585,CUS0013545,2025-02-08,OTA
BKG00009475,4672,CUS0004353,2026-04-23,WEB
BKG00009476,7259,CUS0006768,2025-06-29,CTR
BKG00009477,3464,CUS0003229,2023-10-09,MOB
BKG00009478,2116,CUS0001970,2025-05-22,OTA
BKG00009479,3123,CUS0002913,2024-02-11,WEB
BKG00009480,11789,CUS0010969,2025-05-26,AGT
BKG00009481,13565,CUS0012604,2024-01-08,OTA
BKG00009482,8218,CUS0007658,2026-05-05,MOB
BKG00009483,11558,CUS0010751,2024-06-09,MOB
BKG00009484,14106,CUS0013100,2025-01-28,CTR
BKG00009485,573,CUS0000530,2025-08-23,MOB
BKG00009486,2760,CUS0002577,2024-04-16,GDS
BKG00009487,875,CUS0000811,2024-07-07,OTA
BKG00009488,5839,CUS0005441,2024-04-14,OTA
BKG00009489,4905,CUS0004567,2025-10-28,WEB
BKG00009490,2968,CUS0002769,2023-10-07,GDS
BKG00009491,5208,CUS0004847,2025-12-05,WEB
BKG00009492,15986,CUS0014841,2026-04-04,MOB
BKG00009493,4399,CUS0004097,2025-12-02,MOB
BKG00009494,2736,CUS0002554,2025-06-15,WEB
BKG00009495,14430,CUS0013399,2024-02-24,AGT
BKG00009496,5837,CUS0005439,2025-08-02,CTR
BKG00009497,10434,CUS0009710,2025-04-30,AGT
BKG00009498,2795,CUS0002610,2025-11-24,WEB
BKG00009499,12663,CUS0011778,2025-10-06,AGT
BKG00009500,8380,CUS0007807,2026-01-21,CTR
BKG00009501,14814,CUS0013762,2026-03-25,WEB
BKG00009502,11367,CUS0010575,2024-05-20,OTA
BKG00009503,11428,CUS0010631,2025-06-21,MOB
BKG00009504,6760,CUS0006306,2025-07-12,AGT
BKG00009505,7673,CUS0007148,2025-06-03,WEB
BKG00009506,11940,CUS0011117,2023-07-02,AGT
BKG00009507,4303,CUS0004009,2026-01-27,GDS
BKG00009508,11439,CUS0010640,2024-10-05,GDS
BKG00009509,7309,CUS0006815,2025-09-27,MOB
BKG00009510,5397,CUS0005027,2024-02-08,AGT
BKG00009511,15784,CUS0014653,2025-01-24,CTR
BKG00009512,6362,CUS0005932,2026-01-31,MOB
BKG00009513,15620,CUS0014505,2025-12-26,CTR
BKG00009514,5721,CUS0005331,2025-12-06,AGT
BKG00009515,2575,CUS0002399,2024-12-24,CTR
BKG00009516,5536,CUS0005154,2025-09-17,CTR
BKG00009517,127,CUS0000118,2025-01-31,MOB
BKG00009518,12255,CUS0011411,2024-11-02,AGT
BKG00009519,1682,CUS0001564,2024-09-22,MOB
BKG00009520,455,CUS0000421,2025-07-13,WEB
BKG00009521,3990,CUS0003720,2026-04-10,AGT
BKG00009522,16082,CUS0014931,2024-01-22,MOB
BKG00009523,13084,CUS0012163,2025-01-11,GDS
BKG00009524,12969,CUS0012062,2023-10-30,CTR
BKG00009525,6980,CUS0006515,2023-07-06,CTR
BKG00009526,5947,CUS0005543,2024-08-01,OTA
BKG00009527,13597,CUS0012631,2025-12-30,CTR
BKG00009528,14327,CUS0013304,2025-10-28,GDS
BKG00009529,5667,CUS0005280,2023-06-06,AGT
BKG00009530,2757,CUS0002574,2024-03-14,WEB
BKG00009531,13040,CUS0012126,2025-01-14,WEB
BKG00009532,8376,CUS0007803,2023-09-10,GDS
BKG00009533,15412,CUS0014314,2023-08-08,AGT
BKG00009534,9693,CUS0009031,2024-03-09,WEB
BKG00009535,197,CUS0000185,2023-09-13,MOB
BKG00009536,8801,CUS0008201,2025-01-18,WEB
BKG00009537,15266,CUS0014177,2025-01-10,WEB
BKG00009538,5632,CUS0005246,2024-06-16,CTR
BKG00009539,3729,CUS0003475,2025-02-26,CTR
BKG00009540,378,CUS0000349,2024-09-18,MOB
BKG00009541,964,CUS0000894,2025-01-02,GDS
BKG00009542,5488,CUS0005109,2026-03-08,AGT
BKG00009543,2161,CUS0002013,2023-08-05,GDS
BKG00009544,8782,CUS0008183,2025-03-30,AGT
BKG00009545,14202,CUS0013192,2024-03-30,WEB
BKG00009546,2897,CUS0002704,2026-03-27,AGT
BKG00009547,1458,CUS0001354,2024-05-18,OTA
BKG00009548,9952,CUS0009265,2024-05-29,MOB
BKG00009549,14190,CUS0013180,2025-06-24,AGT
BKG00009550,13368,CUS0012420,2025-12-05,CTR
BKG00009551,968,CUS0000898,2023-07-30,GDS
BKG00009552,9022,CUS0008409,2026-02-24,MOB
BKG00009553,4851,CUS0004520,2025-07-12,WEB
BKG00009554,1776,CUS0001647,2025-09-21,WEB
BKG00009555,8124,CUS0007567,2023-09-09,GDS
BKG00009556,11789,CUS0010969,2024-06-14,MOB
BKG00009557,6165,CUS0005745,2024-07-24,AGT
BKG00009558,234,CUS0000218,2024-12-17,MOB
BKG00009559,2147,CUS0002000,2024-11-25,WEB
BKG00009560,10298,CUS0009585,2024-09-07,CTR
BKG00009561,5951,CUS0005547,2026-02-09,CTR
BKG00009562,3819,CUS0003559,2024-02-10,WEB
BKG00009563,11164,CUS0010384,2024-08-12,GDS
BKG00009564,12108,CUS0011274,2026-03-03,WEB
BKG00009565,15229,CUS0014145,2024-07-23,CTR
BKG00009566,4789,CUS0004464,2023-06-20,MOB
BKG00009567,8927,CUS0008322,2026-03-15,AGT
BKG00009568,2598,CUS0002421,2025-02-08,CTR
BKG00009569,1600,CUS0001486,2026-02-20,MOB
BKG00009570,6572,CUS0006128,2026-05-09,MOB
BKG00009571,13819,CUS0012833,2024-12-02,CTR
BKG00009572,13778,CUS0012796,2023-12-16,OTA
BKG00009573,15138,CUS0014060,2025-10-09,WEB
BKG00009574,12044,CUS0011212,2025-09-27,AGT
BKG00009575,15981,CUS0014837,2026-01-26,WEB
BKG00009576,9018,CUS0008405,2024-11-19,GDS
BKG00009577,2511,CUS0002340,2025-01-10,GDS
BKG00009578,4774,CUS0004450,2024-08-01,MOB
BKG00009579,10666,CUS0009927,2024-08-26,MOB
BKG00009580,4051,CUS0003777,2024-09-29,WEB
BKG00009581,8180,CUS0007621,2025-02-25,OTA
BKG00009582,7603,CUS0007085,2024-10-15,WEB
BKG00009583,3329,CUS0003105,2024-01-20,GDS
BKG00009584,3481,CUS0003246,2023-11-12,WEB
BKG00009585,2010,CUS0001868,2025-11-10,OTA
BKG00009586,10426,CUS0009702,2025-11-06,GDS
BKG00009587,11408,CUS0010612,2025-09-20,CTR
BKG00009588,14115,CUS0013109,2023-09-08,OTA
BKG00009589,11038,CUS0010274,2026-03-26,OTA
BKG00009590,15884,CUS0014747,2024-04-15,OTA
BKG00009591,15990,CUS0014845,2024-08-13,CTR
BKG00009592,12027,CUS0011196,2026-03-14,WEB
BKG00009593,12938,CUS0012034,2024-06-14,GDS
BKG00009594,9675,CUS0009013,2024-08-22,WEB
BKG00009595,9612,CUS0008954,2023-10-21,CTR
BKG00009596,6020,CUS0005610,2023-10-07,OTA
BKG00009597,8685,CUS0008092,2024-11-11,GDS
BKG00009598,4149,CUS0003866,2024-06-30,OTA
BKG00009599,2178,CUS0002030,2024-02-17,AGT
BKG00009600,12435,CUS0011573,2025-03-09,GDS
BKG00009601,3228,CUS0003014,2026-03-03,OTA
BKG00009602,3915,CUS0003650,2025-09-29,WEB
BKG00009603,15905,CUS0014765,2025-10-07,GDS
BKG00009604,4676,CUS0004357,2024-12-22,WEB
BKG00009605,11407,CUS0010611,2024-09-12,MOB
BKG00009606,12287,CUS0011439,2024-08-07,MOB
BKG00009607,7925,CUS0007387,2023-11-16,MOB
BKG00009608,10101,CUS0009403,2025-10-25,MOB
BKG00009609,16100,CUS0014947,2025-03-30,WEB
BKG00009610,12681,CUS0011794,2025-03-19,OTA
BKG00009611,6470,CUS0006029,2023-08-28,AGT
BKG00009612,12200,CUS0011359,2023-08-10,GDS
BKG00009613,15836,CUS0014701,2024-10-04,OTA
BKG00009614,1711,CUS0001590,2025-11-11,AGT
BKG00009615,2214,CUS0002064,2025-03-22,CTR
BKG00009616,14171,CUS0013162,2024-06-13,CTR
BKG00009617,7536,CUS0007022,2024-04-27,WEB
BKG00009618,12908,CUS0012007,2024-01-17,AGT
BKG00009619,12417,CUS0011556,2025-05-12,MOB
BKG00009620,8349,CUS0007777,2024-10-11,GDS
BKG00009621,15597,CUS0014485,2024-07-08,CTR
BKG00009622,13331,CUS0012387,2024-05-15,WEB
BKG00009623,15082,CUS0014011,2025-02-06,OTA
BKG00009624,4557,CUS0004245,2024-01-14,MOB
BKG00009625,5612,CUS0005226,2026-02-07,MOB
BKG00009626,1465,CUS0001361,2024-08-26,GDS
BKG00009627,11203,CUS0010421,2024-01-24,WEB
BKG00009628,2273,CUS0002120,2023-09-24,GDS
BKG00009629,8144,CUS0007587,2023-08-07,GDS
BKG00009630,3032,CUS0002830,2024-01-11,WEB
BKG00009631,14598,CUS0013558,2025-03-15,AGT
BKG00009632,15071,CUS0014002,2025-07-28,AGT
BKG00009633,13571,CUS0012609,2025-11-04,AGT
BKG00009634,8051,CUS0007501,2023-07-08,AGT
BKG00009635,9043,CUS0008429,2024-06-17,CTR
BKG00009636,11539,CUS0010733,2023-12-10,GDS
BKG00009637,12792,CUS0011899,2026-02-05,MOB
BKG00009638,9496,CUS0008847,2023-12-02,GDS
BKG00009639,8937,CUS0008331,2023-09-12,MOB
BKG00009640,13530,CUS0012569,2024-06-13,GDS
BKG00009641,5981,CUS0005575,2024-04-25,WEB
BKG00009642,842,CUS0000779,2026-01-31,AGT
BKG00009643,3593,CUS0003352,2023-10-15,WEB
BKG00009644,13088,CUS0012167,2025-03-10,MOB
BKG00009645,3672,CUS0003423,2025-06-01,OTA
BKG00009646,15357,CUS0014262,2026-03-18,OTA
BKG00009647,9020,CUS0008407,2026-05-23,AGT
BKG00009648,4053,CUS0003779,2025-09-22,GDS
BKG00009649,7406,CUS0006902,2023-11-22,MOB
BKG00009650,5603,CUS0005217,2025-08-21,MOB
BKG00009651,10871,CUS0010121,2025-05-02,GDS
BKG00009652,8623,CUS0008035,2024-12-06,WEB
BKG00009653,9673,CUS0009011,2024-07-16,MOB
BKG00009654,2586,CUS0002410,2024-07-11,MOB
BKG00009655,10357,CUS0009640,2024-09-16,OTA
BKG00009656,3470,CUS0003235,2023-09-23,WEB
BKG00009657,2597,CUS0002420,2025-08-21,WEB
BKG00009658,6007,CUS0005597,2026-01-10,OTA
BKG00009659,10024,CUS0009330,2025-07-06,OTA
BKG00009660,3269,CUS0003049,2025-10-27,MOB
BKG00009661,3753,CUS0003496,2025-01-23,CTR
BKG00009662,15300,CUS0014207,2023-08-06,AGT
BKG00009663,14835,CUS0013782,2025-08-23,MOB
BKG00009664,1864,CUS0001731,2026-03-04,OTA
BKG00009665,10521,CUS0009790,2026-03-23,AGT
BKG00009666,11662,CUS0010851,2025-12-02,AGT
BKG00009667,1402,CUS0001302,2026-01-31,WEB
BKG00009668,6277,CUS0005851,2026-05-18,AGT
BKG00009669,1644,CUS0001529,2024-08-22,CTR
BKG00009670,12837,CUS0011940,2025-12-15,OTA
BKG00009671,741,CUS0000689,2025-10-28,AGT
BKG00009672,8515,CUS0007932,2026-01-04,CTR
BKG00009673,8484,CUS0007904,2024-06-05,MOB
BKG00009674,2878,CUS0002686,2024-08-06,CTR
BKG00009675,1789,CUS0001660,2024-04-11,WEB
BKG00009676,12912,CUS0012011,2023-08-15,CTR
BKG00009677,10195,CUS0009488,2025-12-15,WEB
BKG00009678,9819,CUS0009143,2025-05-09,AGT
BKG00009679,8876,CUS0008272,2024-08-19,GDS
BKG00009680,145,CUS0000136,2024-03-23,CTR
BKG00009681,10568,CUS0009833,2023-06-12,CTR
BKG00009682,5861,CUS0005463,2024-04-02,WEB
BKG00009683,735,CUS0000683,2024-05-17,WEB
BKG00009684,3877,CUS0003616,2025-08-31,CTR
BKG00009685,9624,CUS0008965,2024-07-09,AGT
BKG00009686,10770,CUS0010025,2024-05-29,WEB
BKG00009687,1791,CUS0001662,2026-02-27,AGT
BKG00009688,3889,CUS0003626,2024-12-30,MOB
BKG00009689,15757,CUS0014629,2023-11-04,WEB
BKG00009690,4069,CUS0003794,2025-10-07,GDS
BKG00009691,389,CUS0000359,2024-10-08,CTR
BKG00009692,6942,CUS0006478,2024-10-12,WEB
BKG00009693,3360,CUS0003133,2025-04-24,MOB
BKG00009694,8673,CUS0008081,2025-09-17,OTA
BKG00009695,9912,CUS0009230,2025-08-23,GDS
BKG00009696,15197,CUS0014114,2025-08-23,WEB
BKG00009697,2961,CUS0002763,2025-04-18,GDS
BKG00009698,10242,CUS0009532,2024-10-02,WEB
BKG00009699,7919,CUS0007382,2024-04-24,MOB
BKG00009700,13965,CUS0012964,2024-04-05,AGT
BKG00009701,8832,CUS0008231,2026-04-07,WEB
BKG00009702,8270,CUS0007705,2024-09-20,CTR
BKG00009703,4383,CUS0004082,2024-05-29,AGT
BKG00009704,5051,CUS0004699,2025-07-25,OTA
BKG00009705,13981,CUS0012980,2026-03-30,GDS
BKG00009706,10661,CUS0009923,2024-08-09,GDS
BKG00009707,10687,CUS0009946,2025-06-17,WEB
BKG00009708,11249,CUS0010465,2024-03-28,CTR
BKG00009709,1993,CUS0001852,2025-02-15,WEB
BKG00009710,2744,CUS0002562,2026-03-15,MOB
BKG00009711,1400,CUS0001300,2024-08-18,CTR
BKG00009712,13454,CUS0012500,2025-05-19,MOB
BKG00009713,7785,CUS0007253,2026-04-28,CTR
BKG00009714,12880,CUS0011983,2026-01-01,AGT
BKG00009715,13198,CUS0012266,2025-07-18,AGT
BKG00009716,11875,CUS0011053,2024-11-16,CTR
BKG00009717,14403,CUS0013373,2023-07-01,WEB
BKG00009718,4757,CUS0004434,2025-03-29,OTA
BKG00009719,15118,CUS0014044,2025-01-25,GDS
BKG00009720,37,CUS0000035,2025-05-28,WEB
BKG00009721,8685,CUS0008092,2025-12-31,CTR
BKG00009722,15732,CUS0014607,2025-07-17,WEB
BKG00009723,15532,CUS0014425,2025-03-26,CTR
BKG00009724,16096,CUS0014943,2025-03-10,OTA
BKG00009725,10321,CUS0009606,2024-11-28,MOB
BKG00009726,3792,CUS0003534,2024-01-12,OTA
BKG00009727,10899,CUS0010146,2024-08-12,AGT
BKG00009728,12649,CUS0011765,2024-06-26,AGT
BKG00009729,2795,CUS0002610,2025-10-11,WEB
BKG00009730,3111,CUS0002901,2023-09-07,GDS
BKG00009731,15368,CUS0014273,2024-10-27,MOB
BKG00009732,11752,CUS0010936,2025-07-02,WEB
BKG00009733,13942,CUS0012944,2024-07-08,OTA
BKG00009734,15051,CUS0013982,2025-06-11,CTR
BKG00009735,13284,CUS0012345,2024-02-21,CTR
BKG00009736,8616,CUS0008029,2023-12-01,CTR
BKG00009737,15091,CUS0014020,2023-08-22,WEB
BKG00009738,5770,CUS0005378,2025-01-25,OTA
BKG00009739,13558,CUS0012597,2025-06-11,WEB
BKG00009740,1879,CUS0001746,2024-07-05,OTA
BKG00009741,15952,CUS0014810,2026-01-31,OTA
BKG00009742,3853,CUS0003592,2026-01-30,WEB
BKG00009743,1737,CUS0001612,2025-09-02,WEB
BKG00009744,15859,CUS0014723,2024-07-03,WEB
BKG00009745,11025,CUS0010262,2024-06-04,GDS
BKG00009746,8558,CUS0007973,2024-03-11,WEB
BKG00009747,13920,CUS0012924,2024-05-29,OTA
BKG00009748,15608,CUS0014495,2023-09-20,WEB
BKG00009749,2413,CUS0002250,2024-05-22,AGT
BKG00009750,1293,CUS0001204,2024-05-18,WEB
BKG00009751,8341,CUS0007769,2026-05-06,OTA
BKG00009752,4314,CUS0004020,2024-06-22,OTA
BKG00009753,3472,CUS0003237,2025-01-24,OTA
BKG00009754,13411,CUS0012461,2023-05-30,AGT
BKG00009755,5168,CUS0004809,2024-12-22,AGT
BKG00009756,15547,CUS0014439,2023-07-30,MOB
BKG00009757,13121,CUS0012197,2024-06-06,MOB
BKG00009758,7504,CUS0006993,2024-07-08,OTA
BKG00009759,11788,CUS0010968,2025-02-20,MOB
BKG00009760,13532,CUS0012571,2026-02-09,GDS
BKG00009761,6116,CUS0005699,2023-08-16,OTA
BKG00009762,9366,CUS0008724,2024-04-20,OTA
BKG00009763,10689,CUS0009948,2024-09-24,WEB
BKG00009764,2206,CUS0002056,2024-06-09,AGT
BKG00009765,9669,CUS0009007,2024-04-14,MOB
BKG00009766,6742,CUS0006290,2024-08-09,OTA
BKG00009767,3221,CUS0003007,2023-11-18,OTA
BKG00009768,9989,CUS0009298,2025-09-01,WEB
BKG00009769,4727,CUS0004406,2026-02-17,CTR
BKG00009770,5873,CUS0005475,2025-05-09,CTR
BKG00009771,7000,CUS0006532,2025-01-27,WEB
BKG00009772,8915,CUS0008310,2023-07-13,CTR
BKG00009773,5184,CUS0004825,2025-11-06,GDS
BKG00009774,5669,CUS0005282,2025-09-07,AGT
BKG00009775,13927,CUS0012931,2025-05-17,CTR
BKG00009776,5947,CUS0005543,2025-05-08,OTA
BKG00009777,12900,CUS0012001,2024-05-26,GDS
BKG00009778,3918,CUS0003653,2024-05-13,CTR
BKG00009779,9699,CUS0009036,2025-06-15,CTR
BKG00009780,4259,CUS0003967,2024-07-23,AGT
BKG00009781,269,CUS0000250,2024-02-12,WEB
BKG00009782,7489,CUS0006979,2026-04-06,WEB
BKG00009783,3136,CUS0002926,2024-11-13,GDS
BKG00009784,10689,CUS0009948,2024-06-22,MOB
BKG00009785,5246,CUS0004884,2026-01-25,MOB
BKG00009786,6639,CUS0006195,2023-11-20,MOB
BKG00009787,16116,CUS0014962,2025-09-19,CTR
BKG00009788,15007,CUS0013941,2025-12-01,WEB
BKG00009789,1167,CUS0001082,2025-10-07,OTA
BKG00009790,14725,CUS0013679,2024-12-09,WEB
BKG00009791,7897,CUS0007360,2025-02-25,WEB
BKG00009792,7382,CUS0006882,2025-08-21,CTR
BKG00009793,9981,CUS0009290,2024-05-22,MOB
BKG00009794,3634,CUS0003387,2024-11-11,MOB
BKG00009795,13657,CUS0012685,2025-12-04,WEB
BKG00009796,15790,CUS0014659,2025-10-11,GDS
BKG00009797,1971,CUS0001832,2025-12-28,WEB
BKG00009798,4912,CUS0004573,2026-01-05,GDS
BKG00009799,8167,CUS0007610,2023-07-19,OTA
BKG00009800,3681,CUS0003431,2025-12-01,WEB
BKG00009801,1610,CUS0001496,2024-04-25,OTA
BKG00009802,13733,CUS0012755,2024-08-22,GDS
BKG00009803,1001,CUS0000929,2025-08-07,OTA
BKG00009804,6244,CUS0005819,2023-12-19,GDS
BKG00009805,12985,CUS0012075,2025-03-16,WEB
BKG00009806,14871,CUS0013814,2026-05-11,WEB
BKG00009807,4841,CUS0004511,2025-05-30,MOB
BKG00009808,14527,CUS0013492,2023-06-06,AGT
BKG00009809,15277,CUS0014186,2025-12-24,WEB
BKG00009810,2569,CUS0002394,2025-03-06,GDS
BKG00009811,14708,CUS0013663,2025-01-13,AGT
BKG00009812,6870,CUS0006412,2023-10-22,GDS
BKG00009813,11519,CUS0010715,2026-03-05,CTR
BKG00009814,11583,CUS0010774,2023-08-18,CTR
BKG00009815,2197,CUS0002048,2025-06-19,AGT
BKG00009816,8995,CUS0008383,2025-10-27,MOB
BKG00009817,4822,CUS0004494,2024-04-08,OTA
BKG00009818,141,CUS0000132,2024-05-27,OTA
BKG00009819,16145,CUS0014988,2023-06-26,MOB
BKG00009820,12693,CUS0011806,2023-06-14,CTR
BKG00009821,3956,CUS0003689,2025-03-15,MOB
BKG00009822,4455,CUS0004152,2025-02-16,MOB
BKG00009823,461,CUS0000427,2025-02-21,WEB
BKG00009824,10657,CUS0009919,2024-11-25,OTA
BKG00009825,4678,CUS0004359,2024-04-22,WEB
BKG00009826,686,CUS0000637,2023-11-29,CTR
BKG00009827,14145,CUS0013136,2024-05-01,OTA
BKG00009828,2221,CUS0002071,2025-09-22,CTR
BKG00009829,8233,CUS0007670,2023-12-09,CTR
BKG00009830,12168,CUS0011328,2024-08-20,GDS
BKG00009831,8336,CUS0007764,2025-01-18,GDS
BKG00009832,5214,CUS0004853,2023-10-26,MOB
BKG00009833,7220,CUS0006733,2023-10-30,MOB
BKG00009834,12723,CUS0011835,2025-03-28,MOB
BKG00009835,12525,CUS0011657,2023-06-04,MOB
BKG00009836,2159,CUS0002011,2024-09-24,MOB
BKG00009837,2771,CUS0002586,2025-11-09,OTA
BKG00009838,7303,CUS0006809,2024-11-23,MOB
BKG00009839,1499,CUS0001393,2025-09-26,MOB
BKG00009840,11131,CUS0010355,2025-02-03,GDS
BKG00009841,4829,CUS0004500,2025-08-02,WEB
BKG00009842,15781,CUS0014650,2025-12-19,AGT
BKG00009843,12112,CUS0011278,2023-10-26,OTA
BKG00009844,240,CUS0000223,2025-06-28,AGT
BKG00009845,5846,CUS0005448,2024-12-10,OTA
BKG00009846,1785,CUS0001656,2024-06-24,GDS
BKG00009847,11777,CUS0010958,2023-08-28,MOB
BKG00009848,13159,CUS0012232,2025-12-02,CTR
BKG00009849,8238,CUS0007674,2024-04-23,GDS
BKG00009850,16130,CUS0014975,2025-04-02,MOB
BKG00009851,10788,CUS0010042,2026-05-13,WEB
BKG00009852,7109,CUS0006632,2024-11-22,WEB
BKG00009853,11848,CUS0011026,2026-01-12,GDS
BKG00009854,10357,CUS0009640,2024-03-25,MOB
BKG00009855,15205,CUS0014121,2024-09-12,OTA
BKG00009856,10131,CUS0009428,2024-02-06,GDS
BKG00009857,1539,CUS0001430,2026-03-18,GDS
BKG00009858,15484,CUS0014379,2024-07-30,OTA
BKG00009859,6953,CUS0006488,2023-09-18,OTA
BKG00009860,9631,CUS0008972,2026-01-02,GDS
BKG00009861,11013,CUS0010251,2023-06-27,AGT
BKG00009862,14819,CUS0013766,2025-10-30,CTR
BKG00009863,3278,CUS0003058,2025-12-31,WEB
BKG00009864,8313,CUS0007743,2024-02-08,AGT
BKG00009865,10319,CUS0009604,2025-10-27,OTA
BKG00009866,12820,CUS0011924,2025-10-23,AGT
BKG00009867,15014,CUS0013948,2025-05-01,MOB
BKG00009868,1051,CUS0000976,2023-12-31,GDS
BKG00009869,5949,CUS0005545,2023-11-18,GDS
BKG00009870,333,CUS0000307,2023-10-01,OTA
BKG00009871,13850,CUS0012862,2024-06-22,AGT
BKG00009872,13708,CUS0012733,2025-01-22,GDS
BKG00009873,4837,CUS0004507,2024-04-16,CTR
BKG00009874,11916,CUS0011094,2023-07-27,MOB
BKG00009875,15584,CUS0014472,2025-07-31,AGT
BKG00009876,15035,CUS0013966,2025-01-04,GDS
BKG00009877,1419,CUS0001317,2023-12-09,OTA
BKG00009878,3696,CUS0003445,2023-10-17,WEB
BKG00009879,3386,CUS0003157,2023-11-30,GDS
BKG00009880,7342,CUS0006846,2026-03-06,MOB
BKG00009881,11957,CUS0011133,2024-07-13,WEB
BKG00009882,8564,CUS0007979,2026-05-21,OTA
BKG00009883,14272,CUS0013253,2025-05-24,CTR
BKG00009884,1847,CUS0001715,2024-08-14,AGT
BKG00009885,7170,CUS0006689,2024-11-19,GDS
BKG00009886,4441,CUS0004138,2026-05-25,MOB
BKG00009887,1826,CUS0001694,2026-03-02,MOB
BKG00009888,2132,CUS0001985,2025-11-25,AGT
BKG00009889,9520,CUS0008869,2023-11-02,MOB
BKG00009890,8087,CUS0007532,2024-10-13,MOB
BKG00009891,6140,CUS0005722,2023-06-08,CTR
BKG00009892,14989,CUS0013926,2025-01-16,GDS
BKG00009893,7989,CUS0007448,2024-06-03,MOB
BKG00009894,5225,CUS0004863,2024-05-03,AGT
BKG00009895,8754,CUS0008157,2024-07-14,OTA
BKG00009896,15316,CUS0014223,2023-12-16,MOB
BKG00009897,11364,CUS0010572,2026-03-13,WEB
BKG00009898,8426,CUS0007850,2026-02-12,CTR
BKG00009899,5176,CUS0004817,2023-11-15,AGT
BKG00009900,14931,CUS0013869,2025-06-22,WEB
BKG00009901,14557,CUS0013518,2025-08-08,GDS
BKG00009902,11506,CUS0010704,2023-07-15,OTA
BKG00009903,8115,CUS0007558,2024-04-23,AGT
BKG00009904,5949,CUS0005545,2024-03-01,AGT
BKG00009905,6609,CUS0006165,2025-11-30,WEB
BKG00009906,14793,CUS0013742,2025-01-16,CTR
BKG00009907,1907,CUS0001773,2024-04-04,OTA
BKG00009908,8237,CUS0007673,2024-03-09,AGT
BKG00009909,12128,CUS0011292,2023-06-16,OTA
BKG00009910,4862,CUS0004531,2025-08-23,WEB
BKG00009911,6562,CUS0006118,2023-08-29,GDS
BKG00009912,10817,CUS0010070,2024-06-28,GDS
BKG00009913,2114,CUS0001968,2025-07-29,AGT
BKG00009914,4592,CUS0004276,2024-09-10,MOB
BKG00009915,9841,CUS0009164,2024-10-04,MOB
BKG00009916,4058,CUS0003784,2025-10-23,OTA
BKG00009917,2418,CUS0002254,2024-04-14,AGT
BKG00009918,9625,CUS0008966,2025-11-21,MOB
BKG00009919,1055,CUS0000980,2025-05-31,CTR
BKG00009920,7697,CUS0007172,2023-12-15,CTR
BKG00009921,8839,CUS0008238,2026-01-05,GDS
BKG00009922,2199,CUS0002050,2025-04-25,MOB
BKG00009923,4377,CUS0004076,2025-06-27,AGT
BKG00009924,5727,CUS0005337,2025-06-26,MOB
BKG00009925,15084,CUS0014013,2024-06-21,OTA
BKG00009926,12790,CUS0011897,2026-01-13,MOB
BKG00009927,2633,CUS0002456,2025-04-04,WEB
BKG00009928,3916,CUS0003651,2025-02-15,AGT
BKG00009929,2737,CUS0002555,2025-09-05,AGT
BKG00009930,9802,CUS0009128,2023-06-05,GDS
BKG00009931,9413,CUS0008769,2025-05-07,GDS
BKG00009932,12204,CUS0011363,2026-01-01,CTR
BKG00009933,11618,CUS0010808,2024-08-09,GDS
BKG00009934,3841,CUS0003581,2025-12-01,MOB
BKG00009935,5764,CUS0005372,2024-05-31,CTR
BKG00009936,9876,CUS0009195,2023-06-19,AGT
BKG00009937,10361,CUS0009643,2025-10-19,GDS
BKG00009938,916,CUS0000848,2023-08-17,CTR
BKG00009939,10156,CUS0009451,2025-01-26,AGT
BKG00009940,4273,CUS0003981,2025-12-31,CTR
BKG00009941,4955,CUS0004613,2023-08-15,GDS
BKG00009942,6272,CUS0005846,2025-12-10,CTR
BKG00009943,6559,CUS0006116,2025-02-24,CTR
BKG00009944,8909,CUS0008304,2024-10-17,CTR
BKG00009945,4304,CUS0004010,2024-04-29,OTA
BKG00009946,4577,CUS0004264,2025-07-11,MOB
BKG00009947,2674,CUS0002494,2023-08-21,AGT
BKG00009948,9061,CUS0008445,2024-11-11,WEB
BKG00009949,13570,CUS0012608,2024-11-20,WEB
BKG00009950,10490,CUS0009763,2025-08-28,OTA
BKG00009951,11870,CUS0011048,2025-12-04,WEB
BKG00009952,10884,CUS0010132,2024-04-24,OTA
BKG00009953,6421,CUS0005986,2024-06-26,WEB
BKG00009954,7723,CUS0007196,2023-06-15,GDS
BKG00009955,10421,CUS0009698,2025-10-21,WEB
BKG00009956,12308,CUS0011457,2024-09-25,WEB
BKG00009957,8604,CUS0008017,2025-02-13,WEB
BKG00009958,6103,CUS0005687,2024-11-16,OTA
BKG00009959,14436,CUS0013405,2024-09-28,CTR
BKG00009960,10303,CUS0009589,2024-12-05,OTA
BKG00009961,9970,CUS0009280,2026-04-28,AGT
BKG00009962,5624,CUS0005238,2024-01-17,WEB
BKG00009963,6555,CUS0006112,2024-01-23,MOB
BKG00009964,12040,CUS0011208,2024-01-17,GDS
BKG00009965,2219,CUS0002069,2025-07-20,MOB
BKG00009966,7581,CUS0007065,2025-12-06,AGT
BKG00009967,244,CUS0000227,2025-06-09,GDS
BKG00009968,14401,CUS0013371,2026-01-17,GDS
BKG00009969,9773,CUS0009103,2024-01-02,MOB
BKG00009970,15303,CUS0014210,2025-08-10,GDS
BKG00009971,4006,CUS0003735,2026-03-16,GDS
BKG00009972,4994,CUS0004646,2023-07-14,AGT
BKG00009973,334,CUS0000308,2024-03-28,GDS
BKG00009974,8830,CUS0008229,2023-09-28,AGT
BKG00009975,15141,CUS0014062,2025-02-13,OTA
BKG00009976,10035,CUS0009340,2023-11-18,GDS
BKG00009977,4405,CUS0004103,2023-06-23,GDS
BKG00009978,6413,CUS0005980,2026-01-21,MOB
BKG00009979,14330,CUS0013307,2023-08-04,WEB
BKG00009980,5776,CUS0005383,2025-08-10,GDS
BKG00009981,15522,CUS0014415,2025-02-12,MOB
BKG00009982,5083,CUS0004728,2025-07-22,CTR
BKG00009983,10765,CUS0010020,2025-07-27,OTA
BKG00009984,6688,CUS0006241,2025-02-01,AGT
BKG00009985,6906,CUS0006446,2023-11-14,OTA
BKG00009986,4946,CUS0004604,2025-04-07,GDS
BKG00009987,4953,CUS0004611,2023-12-31,MOB
BKG00009988,10521,CUS0009790,2024-11-17,CTR
BKG00009989,16032,CUS0014885,2023-07-04,CTR
BKG00009990,10304,CUS0009590,2024-09-29,GDS
BKG00009991,12079,CUS0011246,2023-06-12,CTR
BKG00009992,3820,CUS0003560,2024-10-01,WEB
BKG00009993,12950,CUS0012044,2024-09-19,GDS
BKG00009994,82,CUS0000076,2025-11-16,WEB
BKG00009995,4950,CUS0004608,2025-04-13,GDS
BKG00009996,7193,CUS0006710,2024-07-08,GDS
BKG00009997,1047,CUS0000972,2024-06-22,AGT
BKG00009998,15162,CUS0014081,2024-04-11,AGT
BKG00009999,6356,CUS0005927,2026-02-21,AGT
BKG00010000,2877,CUS0002685,2025-02-23,MOB
BKG00010001,12318,CUS0011467,2025-07-27,GDS
BKG00010002,12938,CUS0012034,2025-04-28,WEB
BKG00010003,14666,CUS0013623,2023-08-11,MOB
BKG00010004,14274,CUS0013255,2025-03-11,OTA
BKG00010005,8533,CUS0007949,2024-02-15,WEB
BKG00010006,3437,CUS0003203,2023-06-11,WEB
BKG00010007,5810,CUS0005414,2025-03-27,MOB
BKG00010008,68,CUS0000063,2023-05-28,GDS
BKG00010009,4709,CUS0004388,2024-02-02,AGT
BKG00010010,460,CUS0000426,2023-07-04,AGT
BKG00010011,9914,CUS0009231,2024-07-04,WEB
BKG00010012,10909,CUS0010155,2025-02-05,AGT
BKG00010013,1400,CUS0001300,2023-08-05,AGT
BKG00010014,13418,CUS0012468,2025-11-12,GDS
BKG00010015,13013,CUS0012101,2024-02-03,WEB
BKG00010016,6995,CUS0006527,2024-07-23,GDS
BKG00010017,9900,CUS0009218,2023-05-28,MOB
BKG00010018,5594,CUS0005208,2026-03-01,OTA
BKG00010019,8965,CUS0008356,2025-01-03,CTR
BKG00010020,1882,CUS0001749,2023-07-17,AGT
BKG00010021,11536,CUS0010730,2026-04-18,WEB
BKG00010022,15263,CUS0014175,2026-01-06,MOB
BKG00010023,13882,CUS0012890,2023-06-14,AGT
BKG00010024,1540,CUS0001431,2024-02-09,WEB
BKG00010025,4664,CUS0004345,2024-11-16,AGT
BKG00010026,505,CUS0000467,2026-01-23,CTR
BKG00010027,1520,CUS0001412,2025-08-21,OTA
BKG00010028,5510,CUS0005129,2024-02-07,CTR
BKG00010029,1826,CUS0001694,2024-06-18,GDS
BKG00010030,8608,CUS0008021,2025-03-08,MOB
BKG00010031,9197,CUS0008570,2024-02-05,MOB
BKG00010032,4077,CUS0003801,2023-09-05,CTR
BKG00010033,12124,CUS0011288,2025-01-03,CTR
BKG00010034,15914,CUS0014773,2024-08-24,GDS
BKG00010035,34,CUS0000032,2026-03-13,OTA
BKG00010036,10795,CUS0010049,2025-01-30,CTR
BKG00010037,3427,CUS0003193,2025-07-22,OTA
BKG00010038,7160,CUS0006680,2023-08-03,MOB
BKG00010039,3237,CUS0003021,2025-02-21,GDS
BKG00010040,8275,CUS0007710,2024-10-20,WEB
BKG00010041,3765,CUS0003508,2023-10-12,GDS
BKG00010042,1228,CUS0001143,2026-04-05,CTR
BKG00010043,3875,CUS0003614,2024-01-02,MOB
BKG00010044,8867,CUS0008264,2025-04-04,CTR
BKG00010045,14229,CUS0013215,2025-04-16,AGT
BKG00010046,12851,CUS0011954,2025-12-23,GDS
BKG00010047,6006,CUS0005596,2024-09-17,MOB
BKG00010048,5580,CUS0005194,2023-11-03,GDS
BKG00010049,7510,CUS0006999,2025-04-15,CTR
BKG00010050,14389,CUS0013361,2025-09-27,GDS
BKG00010051,6114,CUS0005697,2024-05-02,AGT
BKG00010052,3175,CUS0002963,2024-04-01,GDS
BKG00010053,4677,CUS0004358,2024-06-09,MOB
BKG00010054,7695,CUS0007170,2024-06-06,CTR
BKG00010055,11960,CUS0011136,2024-12-12,GDS
BKG00010056,12495,CUS0011628,2024-01-03,CTR
BKG00010057,8646,CUS0008057,2025-07-08,AGT
BKG00010058,5924,CUS0005521,2024-08-04,MOB
BKG00010059,5912,CUS0005511,2025-05-23,OTA
BKG00010060,2294,CUS0002139,2024-09-18,WEB
BKG00010061,8099,CUS0007544,2025-02-08,WEB
BKG00010062,13482,CUS0012526,2023-10-27,CTR
BKG00010063,14714,CUS0013669,2026-03-16,WEB
BKG00010064,7302,CUS0006808,2026-01-19,CTR
BKG00010065,4692,CUS0004371,2025-04-19,AGT
BKG00010066,10656,CUS0009918,2025-07-30,AGT
BKG00010067,5853,CUS0005455,2024-04-27,CTR
BKG00010068,9795,CUS0009123,2025-06-01,MOB
BKG00010069,15070,CUS0014001,2026-02-13,AGT
BKG00010070,6638,CUS0006194,2026-05-19,MOB
BKG00010071,13734,CUS0012756,2024-10-15,OTA
BKG00010072,12194,CUS0011353,2024-11-27,CTR
BKG00010073,5175,CUS0004816,2023-09-13,AGT
BKG00010074,5511,CUS0005130,2025-01-01,CTR
BKG00010075,748,CUS0000695,2025-12-10,OTA
BKG00010076,12259,CUS0011415,2026-01-12,MOB
BKG00010077,15294,CUS0014201,2026-04-02,GDS
BKG00010078,6416,CUS0005982,2025-12-11,AGT
BKG00010079,11858,CUS0011036,2023-09-03,AGT
BKG00010080,4757,CUS0004434,2026-01-17,CTR
BKG00010081,10702,CUS0009961,2025-10-03,WEB
BKG00010082,4846,CUS0004515,2024-04-04,CTR
BKG00010083,11132,CUS0010356,2026-04-12,OTA
BKG00010084,12399,CUS0011539,2023-11-30,WEB
BKG00010085,13444,CUS0012491,2026-04-13,WEB
BKG00010086,12509,CUS0011641,2023-12-21,OTA
BKG00010087,1986,CUS0001846,2026-03-02,WEB
BKG00010088,1385,CUS0001289,2023-06-04,WEB
BKG00010089,9715,CUS0009051,2026-02-15,CTR
BKG00010090,12921,CUS0012019,2023-08-26,CTR
BKG00010091,8161,CUS0007604,2024-07-20,AGT
BKG00010092,2944,CUS0002748,2024-10-02,GDS
BKG00010093,10053,CUS0009357,2025-10-06,AGT
BKG00010094,306,CUS0000284,2025-11-18,OTA
BKG00010095,15718,CUS0014595,2026-04-12,CTR
BKG00010096,13858,CUS0012870,2025-06-30,OTA
BKG00010097,7904,CUS0007367,2023-06-19,WEB
BKG00010098,3520,CUS0003284,2025-11-02,GDS
BKG00010099,3382,CUS0003153,2024-02-19,CTR
BKG00010100,2228,CUS0002077,2025-10-02,GDS
BKG00010101,14556,CUS0013517,2024-11-16,AGT
BKG00010102,6716,CUS0006266,2026-02-14,GDS
BKG00010103,10367,CUS0009648,2024-11-12,OTA
BKG00010104,13525,CUS0012565,2024-07-26,AGT
BKG00010105,15128,CUS0014053,2024-11-08,AGT
BKG00010106,10755,CUS0010010,2024-03-11,CTR
BKG00010107,1252,CUS0001167,2026-03-23,AGT
BKG00010108,9321,CUS0008683,2025-09-09,MOB
BKG00010109,13515,CUS0012556,2024-08-31,GDS
BKG00010110,12632,CUS0011751,2024-10-15,WEB
BKG00010111,3352,CUS0003125,2025-09-27,CTR
BKG00010112,4710,CUS0004389,2025-08-19,GDS
BKG00010113,13007,CUS0012097,2024-08-13,MOB
BKG00010114,12428,CUS0011567,2023-08-03,WEB
BKG00010115,13670,CUS0012696,2026-05-13,MOB
BKG00010116,13250,CUS0012313,2023-08-21,AGT
BKG00010117,5789,CUS0005395,2024-03-15,OTA
BKG00010118,10952,CUS0010195,2024-09-22,GDS
BKG00010119,807,CUS0000749,2025-09-01,GDS
BKG00010120,6166,CUS0005746,2025-10-04,WEB
BKG00010121,5186,CUS0004827,2026-05-18,CTR
BKG00010122,11047,CUS0010283,2024-10-29,GDS
BKG00010123,7370,CUS0006872,2023-05-30,GDS
BKG00010124,5453,CUS0005076,2026-03-27,WEB
BKG00010125,1013,CUS0000940,2025-12-06,MOB
BKG00010126,9377,CUS0008734,2025-04-22,GDS
BKG00010127,8538,CUS0007954,2024-02-08,OTA
BKG00010128,12877,CUS0011980,2023-07-01,WEB
BKG00010129,7297,CUS0006803,2025-12-23,WEB
BKG00010130,7967,CUS0007428,2025-07-22,MOB
BKG00010131,13417,CUS0012467,2024-06-02,WEB
BKG00010132,10277,CUS0009566,2025-07-01,CTR
BKG00010133,6323,CUS0005896,2026-02-01,WEB
BKG00010134,14735,CUS0013688,2025-04-10,OTA
BKG00010135,15828,CUS0014693,2026-05-10,GDS
BKG00010136,9350,CUS0008710,2024-12-05,CTR
BKG00010137,2471,CUS0002303,2024-12-09,OTA
BKG00010138,6370,CUS0005940,2025-05-28,GDS
BKG00010139,12082,CUS0011249,2024-06-21,GDS
BKG00010140,1850,CUS0001718,2025-08-19,MOB
BKG00010141,15519,CUS0014412,2025-01-03,CTR
BKG00010142,11070,CUS0010304,2025-02-20,MOB
BKG00010143,13372,CUS0012424,2023-07-21,OTA
BKG00010144,870,CUS0000806,2024-12-11,CTR
BKG00010145,2615,CUS0002438,2024-01-05,CTR
BKG00010146,14029,CUS0013024,2024-05-09,AGT
BKG00010147,7943,CUS0007405,2025-12-14,AGT
BKG00010148,13311,CUS0012367,2023-08-20,MOB
BKG00010149,7770,CUS0007239,2025-08-31,AGT
BKG00010150,13427,CUS0012475,2024-01-11,OTA
BKG00010151,15582,CUS0014471,2024-05-13,WEB
BKG00010152,6637,CUS0006193,2024-01-11,OTA
BKG00010153,8775,CUS0008176,2026-03-02,WEB
BKG00010154,9369,CUS0008727,2025-11-25,CTR
BKG00010155,7833,CUS0007299,2026-04-16,WEB
BKG00010156,4482,CUS0004177,2024-01-21,OTA
BKG00010157,10077,CUS0009380,2026-01-24,WEB
BKG00010158,11367,CUS0010575,2025-07-18,GDS
BKG00010159,11705,CUS0010891,2024-04-25,WEB
BKG00010160,8477,CUS0007898,2023-12-31,AGT
BKG00010161,3354,CUS0003127,2025-10-13,WEB
BKG00010162,14293,CUS0013274,2024-11-15,MOB
BKG00010163,8429,CUS0007853,2024-07-16,AGT
BKG00010164,16137,CUS0014980,2024-11-15,OTA
BKG00010165,11308,CUS0010520,2025-10-06,CTR
BKG00010166,8737,CUS0008142,2024-07-29,CTR
BKG00010167,4512,CUS0004205,2025-04-21,MOB
BKG00010168,15512,CUS0014405,2024-02-23,MOB
BKG00010169,13078,CUS0012158,2023-06-11,WEB
BKG00010170,6291,CUS0005865,2023-12-03,WEB
BKG00010171,539,CUS0000498,2023-08-05,WEB
BKG00010172,13739,CUS0012761,2026-01-31,CTR
BKG00010173,13966,CUS0012965,2024-09-16,AGT
BKG00010174,4693,CUS0004372,2025-06-14,AGT
BKG00010175,3828,CUS0003568,2025-09-17,GDS
BKG00010176,5906,CUS0005506,2023-07-17,CTR
BKG00010177,7530,CUS0007017,2025-08-02,AGT
BKG00010178,34,CUS0000032,2024-12-27,GDS
BKG00010179,5930,CUS0005527,2025-03-28,OTA
BKG00010180,13848,CUS0012860,2024-06-23,OTA
BKG00010181,4636,CUS0004319,2024-07-10,AGT
BKG00010182,12016,CUS0011185,2023-07-09,MOB
BKG00010183,3051,CUS0002847,2024-09-23,MOB
BKG00010184,3727,CUS0003474,2025-10-18,GDS
BKG00010185,150,CUS0000140,2024-02-13,GDS
BKG00010186,13520,CUS0012561,2024-02-25,AGT
BKG00010187,10431,CUS0009707,2024-01-10,OTA
BKG00010188,3384,CUS0003155,2024-03-27,OTA
BKG00010189,7798,CUS0007265,2024-02-12,MOB
BKG00010190,10295,CUS0009583,2025-07-20,AGT
BKG00010191,7507,CUS0006996,2025-08-12,CTR
BKG00010192,12101,CUS0011267,2026-01-26,AGT
BKG00010193,3845,CUS0003585,2026-02-10,MOB
BKG00010194,1832,CUS0001700,2024-09-22,OTA
BKG00010195,2281,CUS0002128,2025-12-29,CTR
BKG00010196,12366,CUS0011509,2024-07-12,CTR
BKG00010197,6340,CUS0005912,2025-06-19,CTR
BKG00010198,15342,CUS0014247,2026-04-09,GDS
BKG00010199,1392,CUS0001294,2024-06-25,AGT
BKG00010200,14130,CUS0013122,2023-07-04,GDS
BKG00010201,11024,CUS0010261,2023-12-15,WEB
BKG00010202,8938,CUS0008332,2023-08-07,CTR
BKG00010203,6299,CUS0005873,2024-04-27,OTA
BKG00010204,9557,CUS0008904,2025-01-21,AGT
BKG00010205,12520,CUS0011652,2025-08-06,WEB
BKG00010206,9851,CUS0009172,2025-06-09,CTR
BKG00010207,2434,CUS0002269,2023-09-02,GDS
BKG00010208,4691,CUS0004370,2024-03-05,CTR
BKG00010209,14111,CUS0013105,2025-06-01,AGT
BKG00010210,12895,CUS0011996,2025-10-11,AGT
BKG00010211,14274,CUS0013255,2025-04-13,WEB
BKG00010212,11942,CUS0011119,2023-07-17,CTR
BKG00010213,4409,CUS0004107,2023-10-18,WEB
BKG00010214,12379,CUS0011520,2026-03-04,MOB
BKG00010215,6522,CUS0006080,2025-07-10,OTA
BKG00010216,8508,CUS0007926,2025-11-10,MOB
BKG00010217,5246,CUS0004884,2025-09-15,GDS
BKG00010218,3585,CUS0003344,2024-10-16,MOB
BKG00010219,593,CUS0000550,2024-10-04,MOB
BKG00010220,5323,CUS0004957,2025-02-21,OTA
BKG00010221,9467,CUS0008823,2026-01-15,AGT
BKG00010222,12837,CUS0011940,2024-05-05,OTA
BKG00010223,14671,CUS0013628,2025-07-05,WEB
BKG00010224,10334,CUS0009618,2025-03-10,AGT
BKG00010225,13004,CUS0012094,2025-01-30,OTA
BKG00010226,3365,CUS0003138,2024-05-11,WEB
BKG00010227,8901,CUS0008297,2026-03-06,CTR
BKG00010228,5225,CUS0004863,2025-02-15,MOB
BKG00010229,11268,CUS0010483,2025-02-10,AGT
BKG00010230,7661,CUS0007137,2024-02-09,GDS
BKG00010231,7386,CUS0006885,2025-07-17,AGT
BKG00010232,5215,CUS0004854,2025-07-07,GDS
BKG00010233,15185,CUS0014104,2025-04-01,AGT
BKG00010234,688,CUS0000639,2023-12-25,OTA
BKG00010235,5449,CUS0005073,2024-01-16,AGT
BKG00010236,8318,CUS0007748,2025-09-07,WEB
BKG00010237,14007,CUS0013004,2024-04-29,CTR
BKG00010238,10053,CUS0009357,2024-02-15,GDS
BKG00010239,2075,CUS0001931,2024-06-05,MOB
BKG00010240,13226,CUS0012293,2025-10-12,AGT
BKG00010241,15415,CUS0014317,2026-02-16,AGT
BKG00010242,11849,CUS0011027,2025-08-23,WEB
BKG00010243,7680,CUS0007155,2023-06-21,CTR
BKG00010244,6337,CUS0005909,2023-11-25,GDS
BKG00010245,12201,CUS0011360,2025-11-24,WEB
BKG00010246,8288,CUS0007723,2024-04-02,WEB
BKG00010247,3917,CUS0003652,2023-07-21,WEB
BKG00010248,13150,CUS0012223,2025-03-20,CTR
BKG00010249,519,CUS0000480,2024-01-14,MOB
BKG00010250,11607,CUS0010797,2023-06-20,AGT
BKG00010251,8937,CUS0008331,2025-06-28,GDS
BKG00010252,9342,CUS0008702,2025-03-07,OTA
BKG00010253,2800,CUS0002615,2025-01-11,GDS
BKG00010254,12212,CUS0011371,2024-08-10,MOB
BKG00010255,12752,CUS0011862,2024-10-25,OTA
BKG00010256,5467,CUS0005090,2024-07-26,WEB
BKG00010257,14814,CUS0013762,2025-02-08,GDS
BKG00010258,9925,CUS0009241,2025-05-29,OTA
BKG00010259,3367,CUS0003140,2026-03-27,OTA
BKG00010260,15940,CUS0014798,2023-11-19,AGT
BKG00010261,1290,CUS0001202,2025-02-24,GDS
BKG00010262,1417,CUS0001315,2025-10-18,GDS
BKG00010263,2192,CUS0002043,2026-05-03,WEB
BKG00010264,9744,CUS0009078,2024-01-05,CTR
BKG00010265,2242,CUS0002091,2025-03-21,MOB
BKG00010266,1366,CUS0001271,2025-10-02,MOB
BKG00010267,2110,CUS0001965,2024-07-31,GDS
BKG00010268,2555,CUS0002381,2026-01-18,MOB
BKG00010269,6596,CUS0006152,2024-08-23,AGT
BKG00010270,1237,CUS0001152,2023-07-14,MOB
BKG00010271,2210,CUS0002060,2025-03-24,AGT
BKG00010272,13643,CUS0012673,2024-06-23,CTR
BKG00010273,14682,CUS0013639,2023-12-20,WEB
BKG00010274,378,CUS0000349,2026-05-17,WEB
BKG00010275,13473,CUS0012518,2024-02-04,WEB
BKG00010276,10567,CUS0009832,2025-07-06,OTA
BKG00010277,10702,CUS0009961,2025-05-28,OTA
BKG00010278,75,CUS0000070,2024-01-02,CTR
BKG00010279,11244,CUS0010460,2025-01-05,AGT
BKG00010280,8335,CUS0007763,2024-01-15,OTA
BKG00010281,10929,CUS0010173,2024-12-08,OTA
BKG00010282,542,CUS0000501,2023-08-05,MOB
BKG00010283,3575,CUS0003334,2026-01-04,OTA
BKG00010284,7254,CUS0006763,2025-01-20,GDS
BKG00010285,516,CUS0000477,2023-09-17,OTA
BKG00010286,8068,CUS0007516,2025-11-28,GDS
BKG00010287,3539,CUS0003302,2024-05-27,GDS
BKG00010288,11798,CUS0010978,2025-10-20,OTA
BKG00010289,1986,CUS0001846,2023-11-02,OTA
BKG00010290,1062,CUS0000986,2025-12-25,MOB
BKG00010291,3215,CUS0003002,2024-08-08,GDS
BKG00010292,10635,CUS0009897,2024-08-11,OTA
BKG00010293,7461,CUS0006953,2025-06-14,MOB
BKG00010294,13120,CUS0012196,2026-05-07,WEB
BKG00010295,10993,CUS0010234,2025-09-25,OTA
BKG00010296,8961,CUS0008352,2023-12-26,OTA
BKG00010297,12409,CUS0011548,2025-02-12,AGT
BKG00010298,6888,CUS0006429,2025-07-11,WEB
BKG00010299,13557,CUS0012596,2025-03-08,AGT
BKG00010300,9808,CUS0009133,2025-02-23,WEB
BKG00010301,2611,CUS0002434,2025-11-20,CTR
BKG00010302,8972,CUS0008362,2024-05-30,MOB
BKG00010303,14100,CUS0013094,2025-07-18,MOB
BKG00010304,9907,CUS0009225,2025-02-19,CTR
BKG00010305,9480,CUS0008834,2023-06-30,OTA
BKG00010306,3398,CUS0003168,2026-01-09,GDS
BKG00010307,8256,CUS0007691,2026-02-16,MOB
BKG00010308,1834,CUS0001702,2025-04-28,WEB
BKG00010309,8990,CUS0008379,2023-09-10,MOB
BKG00010310,11131,CUS0010355,2023-08-21,AGT
BKG00010311,1233,CUS0001148,2024-11-11,CTR
BKG00010312,12203,CUS0011362,2025-10-19,OTA
BKG00010313,15709,CUS0014586,2024-01-16,WEB
BKG00010314,12376,CUS0011518,2026-04-09,GDS
BKG00010315,5513,CUS0005132,2024-11-22,AGT
BKG00010316,4237,CUS0003947,2026-04-09,WEB
BKG00010317,10934,CUS0010178,2023-10-08,AGT
BKG00010318,8422,CUS0007846,2023-08-05,MOB
BKG00010319,12060,CUS0011228,2024-02-20,WEB
BKG00010320,4552,CUS0004240,2025-12-26,CTR
BKG00010321,12454,CUS0011590,2024-08-11,GDS
BKG00010322,13924,CUS0012928,2026-05-15,CTR
BKG00010323,1733,CUS0001608,2024-12-31,CTR
BKG00010324,2610,CUS0002433,2025-11-20,WEB
BKG00010325,13521,CUS0012562,2023-10-31,OTA
BKG00010326,16059,CUS0014910,2025-05-23,WEB
BKG00010327,2198,CUS0002049,2025-10-11,CTR
BKG00010328,12967,CUS0012060,2025-08-18,MOB
BKG00010329,5806,CUS0005411,2024-09-28,WEB
BKG00010330,7295,CUS0006801,2023-06-11,CTR
BKG00010331,9777,CUS0009107,2025-07-24,AGT
BKG00010332,14986,CUS0013923,2026-04-27,MOB
BKG00010333,3123,CUS0002913,2026-02-28,WEB
BKG00010334,15515,CUS0014408,2025-04-16,OTA
BKG00010335,12363,CUS0011507,2023-12-29,AGT
BKG00010336,12251,CUS0011407,2024-05-31,OTA
BKG00010337,6421,CUS0005986,2024-07-11,AGT
BKG00010338,11065,CUS0010299,2024-05-04,GDS
BKG00010339,15046,CUS0013977,2025-12-18,AGT
BKG00010340,9825,CUS0009149,2023-06-29,AGT
BKG00010341,13497,CUS0012540,2025-02-16,GDS
BKG00010342,15605,CUS0014492,2026-02-03,MOB
BKG00010343,1456,CUS0001352,2025-09-23,OTA
BKG00010344,7193,CUS0006710,2024-04-01,CTR
BKG00010345,15014,CUS0013948,2026-03-29,GDS
BKG00010346,13521,CUS0012562,2025-08-01,WEB
BKG00010347,4854,CUS0004523,2026-04-20,AGT
BKG00010348,15386,CUS0014291,2025-06-18,WEB
BKG00010349,14258,CUS0013241,2025-09-23,WEB
BKG00010350,6384,CUS0005954,2023-12-11,WEB
BKG00010351,7366,CUS0006868,2023-06-20,AGT
BKG00010352,7361,CUS0006863,2026-01-22,CTR
BKG00010353,5944,CUS0005540,2024-09-09,OTA
BKG00010354,3499,CUS0003264,2026-03-07,CTR
BKG00010355,2388,CUS0002226,2024-07-22,WEB
BKG00010356,9415,CUS0008771,2023-12-26,WEB
BKG00010357,14939,CUS0013877,2025-03-25,AGT
BKG00010358,1904,CUS0001770,2023-10-19,AGT
BKG00010359,2377,CUS0002215,2025-08-29,OTA
BKG00010360,14671,CUS0013628,2025-09-28,GDS
BKG00010361,4407,CUS0004105,2025-05-05,AGT
BKG00010362,9193,CUS0008567,2023-10-26,AGT
BKG00010363,9775,CUS0009105,2023-12-17,WEB
BKG00010364,7912,CUS0007375,2026-04-15,CTR
BKG00010365,15342,CUS0014247,2024-10-17,CTR
BKG00010366,10560,CUS0009825,2024-06-02,CTR
BKG00010367,884,CUS0000819,2023-07-12,GDS
BKG00010368,946,CUS0000877,2024-09-25,GDS
BKG00010369,8661,CUS0008070,2024-06-18,MOB
BKG00010370,389,CUS0000359,2024-09-11,CTR
BKG00010371,9882,CUS0009201,2025-03-19,MOB
BKG00010372,10889,CUS0010137,2025-09-11,MOB
BKG00010373,3120,CUS0002910,2024-10-25,MOB
BKG00010374,9260,CUS0008626,2026-05-18,MOB
BKG00010375,2127,CUS0001981,2024-04-09,AGT
BKG00010376,113,CUS0000105,2023-06-02,MOB
BKG00010377,2070,CUS0001926,2024-06-23,OTA
BKG00010378,2639,CUS0002461,2025-08-04,MOB
BKG00010379,4732,CUS0004411,2024-04-15,AGT
BKG00010380,14563,CUS0013524,2024-05-26,CTR
BKG00010381,5360,CUS0004993,2025-12-30,WEB
BKG00010382,8050,CUS0007500,2025-08-23,AGT
BKG00010383,12387,CUS0011528,2024-03-16,WEB
BKG00010384,9968,CUS0009278,2024-01-10,MOB
BKG00010385,2200,CUS0002051,2024-08-05,MOB
BKG00010386,5824,CUS0005426,2023-12-01,GDS
BKG00010387,1597,CUS0001483,2023-08-31,GDS
BKG00010388,7963,CUS0007424,2023-09-12,CTR
BKG00010389,1635,CUS0001521,2025-05-09,CTR
BKG00010390,6241,CUS0005816,2023-09-15,WEB
BKG00010391,7022,CUS0006551,2026-03-15,OTA
BKG00010392,1925,CUS0001791,2025-06-20,CTR
BKG00010393,7996,CUS0007454,2024-10-03,AGT
BKG00010394,8749,CUS0008153,2024-07-03,MOB
BKG00010395,2293,CUS0002138,2024-10-16,WEB
BKG00010396,3816,CUS0003556,2024-01-17,GDS
BKG00010397,222,CUS0000208,2023-07-07,GDS
BKG00010398,15920,CUS0014778,2025-07-16,WEB
BKG00010399,14649,CUS0013607,2025-04-26,OTA
BKG00010400,10179,CUS0009474,2025-04-26,AGT
BKG00010401,9193,CUS0008567,2025-04-09,GDS
BKG00010402,668,CUS0000619,2024-05-28,MOB
BKG00010403,7951,CUS0007413,2023-06-29,CTR
BKG00010404,12660,CUS0011775,2024-03-10,OTA
BKG00010405,13707,CUS0012732,2023-10-26,OTA
BKG00010406,6565,CUS0006121,2023-06-19,GDS
BKG00010407,11214,CUS0010432,2025-03-13,AGT
BKG00010408,15797,CUS0014666,2025-07-22,GDS
BKG00010409,11701,CUS0010887,2026-03-21,GDS
BKG00010410,7629,CUS0007109,2024-02-23,AGT
BKG00010411,3777,CUS0003520,2024-04-04,WEB
BKG00010412,13194,CUS0012262,2025-11-12,OTA
BKG00010413,2118,CUS0001972,2025-10-30,AGT
BKG00010414,3667,CUS0003418,2023-11-25,AGT
BKG00010415,1775,CUS0001646,2023-06-29,AGT
BKG00010416,10736,CUS0009992,2023-12-06,MOB
BKG00010417,10862,CUS0010113,2024-01-29,CTR
BKG00010418,13925,CUS0012929,2026-02-20,MOB
BKG00010419,3272,CUS0003052,2025-06-12,MOB
BKG00010420,12878,CUS0011981,2026-03-21,MOB
BKG00010421,10300,CUS0009587,2025-12-09,OTA
BKG00010422,13201,CUS0012269,2024-01-11,GDS
BKG00010423,13745,CUS0012767,2025-09-05,AGT
BKG00010424,9389,CUS0008745,2023-05-29,WEB
BKG00010425,14533,CUS0013497,2024-03-14,WEB
BKG00010426,874,CUS0000810,2024-08-08,OTA
BKG00010427,534,CUS0000495,2026-02-21,GDS
BKG00010428,7695,CUS0007170,2026-04-21,WEB
BKG00010429,6342,CUS0005914,2026-01-19,GDS
BKG00010430,11597,CUS0010787,2024-09-14,GDS
BKG00010431,3694,CUS0003443,2026-02-09,GDS
BKG00010432,9368,CUS0008726,2023-07-13,AGT
BKG00010433,5740,CUS0005350,2025-03-20,GDS
BKG00010434,9096,CUS0008477,2024-05-07,CTR
BKG00010435,11699,CUS0010885,2024-10-23,WEB
BKG00010436,14000,CUS0012998,2023-08-13,WEB
BKG00010437,624,CUS0000580,2024-04-17,CTR
BKG00010438,11108,CUS0010337,2024-03-13,CTR
BKG00010439,14956,CUS0013893,2024-11-21,CTR
BKG00010440,8649,CUS0008060,2025-07-24,MOB
BKG00010441,4630,CUS0004313,2024-08-09,CTR
BKG00010442,11885,CUS0011063,2025-10-03,MOB
BKG00010443,10901,CUS0010148,2024-12-29,WEB
BKG00010444,4873,CUS0004541,2024-12-27,OTA
BKG00010445,188,CUS0000176,2024-06-20,OTA
BKG00010446,8655,CUS0008065,2024-03-04,MOB
BKG00010447,2244,CUS0002093,2026-04-12,AGT
BKG00010448,7183,CUS0006700,2025-08-27,AGT
BKG00010449,6960,CUS0006495,2023-10-11,MOB
BKG00010450,1035,CUS0000961,2024-05-30,OTA
BKG00010451,7306,CUS0006812,2026-04-06,MOB
BKG00010452,12054,CUS0011222,2023-07-16,OTA
BKG00010453,13216,CUS0012283,2025-05-16,CTR
BKG00010454,7785,CUS0007253,2024-09-13,MOB
BKG00010455,2279,CUS0002126,2025-03-30,MOB
BKG00010456,8391,CUS0007817,2025-08-01,WEB
BKG00010457,10213,CUS0009505,2024-01-24,WEB
BKG00010458,4737,CUS0004415,2024-04-09,OTA
BKG00010459,2806,CUS0002620,2025-06-03,AGT
BKG00010460,11453,CUS0010653,2023-06-03,CTR
BKG00010461,9069,CUS0008453,2026-01-02,OTA
BKG00010462,5914,CUS0005513,2023-07-22,CTR
BKG00010463,15795,CUS0014664,2025-08-19,MOB
BKG00010464,1645,CUS0001530,2023-08-08,AGT
BKG00010465,13450,CUS0012497,2025-08-02,GDS
BKG00010466,129,CUS0000120,2023-08-14,OTA
BKG00010467,10547,CUS0009814,2026-02-15,GDS
BKG00010468,13406,CUS0012456,2025-12-31,AGT
BKG00010469,13307,CUS0012364,2024-04-24,WEB
BKG00010470,10986,CUS0010228,2024-12-10,WEB
BKG00010471,3296,CUS0003075,2023-07-23,MOB
BKG00010472,148,CUS0000138,2025-03-28,GDS
BKG00010473,8133,CUS0007576,2024-06-07,MOB
BKG00010474,15456,CUS0014354,2026-02-25,GDS
BKG00010475,12945,CUS0012040,2024-04-23,MOB
BKG00010476,10487,CUS0009760,2023-08-02,MOB
BKG00010477,8883,CUS0008279,2025-10-21,GDS
BKG00010478,6123,CUS0005706,2024-12-01,WEB
BKG00010479,5206,CUS0004846,2025-06-06,OTA
BKG00010480,4091,CUS0003812,2024-04-11,AGT
BKG00010481,14216,CUS0013204,2024-06-23,AGT
BKG00010482,2577,CUS0002401,2025-03-20,AGT
BKG00010483,9313,CUS0008676,2025-10-17,MOB
BKG00010484,14567,CUS0013528,2025-06-18,OTA
BKG00010485,15929,CUS0014787,2025-09-22,CTR
BKG00010486,6520,CUS0006078,2023-08-22,AGT
BKG00010487,12593,CUS0011716,2023-12-21,CTR
BKG00010488,1087,CUS0001011,2025-08-22,MOB
BKG00010489,12623,CUS0011742,2023-10-09,OTA
BKG00010490,8080,CUS0007526,2023-10-20,GDS
BKG00010491,10975,CUS0010218,2023-09-06,CTR
BKG00010492,12212,CUS0011371,2025-09-29,CTR
BKG00010493,6584,CUS0006140,2025-11-21,CTR
BKG00010494,10301,CUS0009588,2025-08-02,MOB
BKG00010495,10613,CUS0009876,2025-07-17,GDS
BKG00010496,2719,CUS0002537,2024-09-01,OTA
BKG00010497,1808,CUS0001678,2024-11-08,WEB
BKG00010498,9424,CUS0008780,2025-05-15,CTR
BKG00010499,7401,CUS0006897,2025-10-10,GDS
BKG00010500,5233,CUS0004871,2026-05-14,WEB
BKG00010501,8164,CUS0007607,2024-06-22,MOB
BKG00010502,9608,CUS0008951,2024-12-04,AGT
BKG00010503,9646,CUS0008986,2025-10-01,OTA
BKG00010504,12057,CUS0011225,2023-07-20,OTA
BKG00010505,15963,CUS0014821,2025-09-24,WEB
BKG00010506,9395,CUS0008751,2025-06-16,CTR
BKG00010507,6457,CUS0006020,2025-03-22,AGT
BKG00010508,5754,CUS0005362,2025-04-28,MOB
BKG00010509,10530,CUS0009798,2025-01-15,OTA
BKG00010510,6089,CUS0005675,2026-01-27,MOB
BKG00010511,4867,CUS0004536,2025-11-22,OTA
BKG00010512,2955,CUS0002757,2024-02-20,MOB
BKG00010513,14576,CUS0013537,2025-09-21,CTR
BKG00010514,13050,CUS0012134,2023-12-10,OTA
BKG00010515,2972,CUS0002773,2023-11-25,WEB
BKG00010516,5161,CUS0004802,2025-12-10,GDS
BKG00010517,15340,CUS0014245,2024-05-12,WEB
BKG00010518,1359,CUS0001264,2024-11-25,AGT
BKG00010519,1413,CUS0001311,2026-03-05,WEB
BKG00010520,12704,CUS0011817,2023-09-22,OTA
BKG00010521,6099,CUS0005684,2025-04-24,CTR
BKG00010522,12626,CUS0011745,2025-01-23,GDS
BKG00010523,12971,CUS0012063,2025-01-24,CTR
BKG00010524,13136,CUS0012210,2026-04-29,AGT
BKG00010525,4950,CUS0004608,2025-08-07,MOB
BKG00010526,3003,CUS0002802,2026-05-14,AGT
BKG00010527,4333,CUS0004037,2023-12-02,OTA
BKG00010528,1841,CUS0001709,2024-12-26,MOB
BKG00010529,2567,CUS0002392,2023-10-21,OTA
BKG00010530,2834,CUS0002646,2025-12-23,GDS
BKG00010531,12163,CUS0011323,2025-11-20,MOB
BKG00010532,8932,CUS0008327,2025-07-14,CTR
BKG00010533,12929,CUS0012025,2024-01-24,CTR
BKG00010534,10615,CUS0009878,2024-01-27,AGT
BKG00010535,3735,CUS0003480,2023-07-04,GDS
BKG00010536,5589,CUS0005203,2023-12-04,WEB
BKG00010537,10829,CUS0010081,2024-11-07,OTA
BKG00010538,7247,CUS0006757,2024-09-20,OTA
BKG00010539,12625,CUS0011744,2024-05-23,OTA
BKG00010540,6281,CUS0005855,2025-09-20,AGT
BKG00010541,13317,CUS0012373,2024-01-05,GDS
BKG00010542,125,CUS0000116,2024-04-05,MOB
BKG00010543,6142,CUS0005724,2024-05-09,GDS
BKG00010544,6710,CUS0006260,2024-02-18,WEB
BKG00010545,10937,CUS0010180,2025-04-09,GDS
BKG00010546,3395,CUS0003165,2024-01-06,CTR
BKG00010547,12847,CUS0011950,2024-12-02,CTR
BKG00010548,6610,CUS0006166,2023-09-18,OTA
BKG00010549,1136,CUS0001054,2023-10-26,GDS
BKG00010550,14960,CUS0013897,2025-04-22,GDS
BKG00010551,11572,CUS0010764,2023-12-08,AGT
BKG00010552,12903,CUS0012003,2025-07-17,AGT
BKG00010553,5957,CUS0005552,2023-06-14,GDS
BKG00010554,70,CUS0000065,2025-12-27,GDS
BKG00010555,7896,CUS0007359,2026-02-21,CTR
BKG00010556,4670,CUS0004351,2024-01-28,CTR
BKG00010557,1700,CUS0001579,2026-03-04,MOB
BKG00010558,45,CUS0000042,2024-09-09,WEB
BKG00010559,3342,CUS0003117,2024-03-10,MOB
BKG00010560,6466,CUS0006027,2024-09-23,CTR
BKG00010561,11508,CUS0010705,2024-03-21,GDS
BKG00010562,6610,CUS0006166,2023-07-13,MOB
BKG00010563,8509,CUS0007927,2026-04-28,WEB
BKG00010564,3106,CUS0002896,2025-07-31,WEB
BKG00010565,7242,CUS0006752,2026-03-09,CTR
BKG00010566,12661,CUS0011776,2024-09-12,CTR
BKG00010567,8381,CUS0007808,2025-04-16,WEB
BKG00010568,9906,CUS0009224,2023-07-29,WEB
BKG00010569,15970,CUS0014827,2026-02-23,MOB
BKG00010570,15931,CUS0014789,2025-08-20,AGT
BKG00010571,7659,CUS0007135,2023-10-14,GDS
BKG00010572,12316,CUS0011465,2024-08-29,GDS
BKG00010573,1932,CUS0001798,2024-04-25,GDS
BKG00010574,3820,CUS0003560,2024-07-08,CTR
BKG00010575,2393,CUS0002231,2025-02-12,MOB
BKG00010576,3604,CUS0003361,2023-12-21,GDS
BKG00010577,10639,CUS0009901,2025-07-02,GDS
BKG00010578,1697,CUS0001576,2025-02-13,MOB
BKG00010579,15388,CUS0014293,2023-07-05,WEB
BKG00010580,13809,CUS0012824,2023-07-20,MOB
BKG00010581,11148,CUS0010371,2026-03-30,GDS
BKG00010582,1246,CUS0001161,2025-06-04,AGT
BKG00010583,6218,CUS0005793,2026-02-08,WEB
BKG00010584,3805,CUS0003546,2024-04-21,MOB
BKG00010585,2564,CUS0002389,2023-06-14,GDS
BKG00010586,10312,CUS0009598,2024-01-03,WEB
BKG00010587,1630,CUS0001516,2023-11-15,CTR
BKG00010588,8600,CUS0008013,2025-06-01,AGT
BKG00010589,3349,CUS0003122,2023-10-17,GDS
BKG00010590,4318,CUS0004024,2026-03-19,GDS
BKG00010591,6589,CUS0006145,2024-09-13,MOB
BKG00010592,8473,CUS0007894,2025-11-24,OTA
BKG00010593,2821,CUS0002634,2026-05-12,WEB
BKG00010594,9492,CUS0008844,2024-10-20,AGT
BKG00010595,7025,CUS0006554,2025-09-08,WEB
BKG00010596,664,CUS0000616,2026-05-21,MOB
BKG00010597,1795,CUS0001665,2024-06-29,CTR
BKG00010598,1952,CUS0001816,2025-10-27,MOB
BKG00010599,12014,CUS0011183,2025-02-20,OTA
BKG00010600,14549,CUS0013510,2025-08-01,WEB
BKG00010601,7098,CUS0006623,2024-10-16,AGT
BKG00010602,5011,CUS0004662,2023-05-27,OTA
BKG00010603,11386,CUS0010592,2025-07-12,GDS
BKG00010604,10887,CUS0010135,2025-08-03,GDS
BKG00010605,15267,CUS0014178,2025-06-03,CTR
BKG00010606,9452,CUS0008808,2025-06-17,MOB
BKG00010607,4500,CUS0004194,2024-05-17,CTR
BKG00010608,10569,CUS0009834,2026-04-11,MOB
BKG00010609,2331,CUS0002173,2026-03-27,MOB
BKG00010610,11148,CUS0010371,2024-11-03,WEB
BKG00010611,7867,CUS0007330,2023-12-11,AGT
BKG00010612,4582,CUS0004268,2024-07-30,CTR
BKG00010613,12434,CUS0011572,2023-07-19,OTA
BKG00010614,12018,CUS0011187,2025-01-24,CTR
BKG00010615,8276,CUS0007711,2023-07-15,AGT
BKG00010616,4632,CUS0004315,2025-02-22,WEB
BKG00010617,6585,CUS0006141,2025-01-19,MOB
BKG00010618,14311,CUS0013291,2025-12-31,WEB
BKG00010619,13739,CUS0012761,2024-01-30,MOB
BKG00010620,1700,CUS0001579,2024-05-02,OTA
BKG00010621,8170,CUS0007613,2026-01-06,OTA
BKG00010622,5438,CUS0005062,2025-04-03,AGT
BKG00010623,9095,CUS0008476,2024-08-01,AGT
BKG00010624,9192,CUS0008566,2023-10-01,WEB
BKG00010625,14021,CUS0013017,2024-01-03,GDS
BKG00010626,1503,CUS0001397,2024-04-11,GDS
BKG00010627,5354,CUS0004987,2024-07-01,GDS
BKG00010628,4317,CUS0004023,2024-03-07,CTR
BKG00010629,4201,CUS0003914,2023-10-30,AGT
BKG00010630,6930,CUS0006468,2025-12-11,GDS
BKG00010631,10993,CUS0010234,2025-04-16,OTA
BKG00010632,8584,CUS0007998,2025-10-15,WEB
BKG00010633,9033,CUS0008419,2025-12-18,MOB
BKG00010634,15994,CUS0014849,2024-06-03,OTA
BKG00010635,4944,CUS0004602,2024-02-22,CTR
BKG00010636,10771,CUS0010026,2024-04-26,CTR
BKG00010637,6213,CUS0005788,2024-05-04,GDS
BKG00010638,15470,CUS0014365,2025-06-20,OTA
BKG00010639,8153,CUS0007596,2024-11-10,MOB
BKG00010640,6235,CUS0005810,2024-06-09,OTA
BKG00010641,4332,CUS0004036,2026-03-02,AGT
BKG00010642,7460,CUS0006952,2023-09-06,OTA
BKG00010643,12039,CUS0011207,2025-08-31,AGT
BKG00010644,14167,CUS0013158,2023-12-16,AGT
BKG00010645,6477,CUS0006036,2023-07-23,OTA
BKG00010646,6861,CUS0006404,2024-02-17,WEB
BKG00010647,14976,CUS0013913,2026-02-12,OTA
BKG00010648,10334,CUS0009618,2026-02-11,MOB
BKG00010649,3329,CUS0003105,2024-11-09,MOB
BKG00010650,9102,CUS0008483,2025-03-19,CTR
BKG00010651,12971,CUS0012063,2026-03-30,MOB
BKG00010652,5629,CUS0005243,2026-01-07,WEB
BKG00010653,7373,CUS0006875,2025-07-01,CTR
BKG00010654,2156,CUS0002008,2024-08-02,MOB
BKG00010655,12391,CUS0011532,2024-04-08,AGT
BKG00010656,14366,CUS0013339,2023-07-06,WEB
BKG00010657,7314,CUS0006820,2024-12-05,CTR
BKG00010658,3966,CUS0003698,2024-01-05,WEB
BKG00010659,12650,CUS0011766,2025-04-28,AGT
BKG00010660,3202,CUS0002989,2025-03-06,CTR
BKG00010661,2464,CUS0002297,2024-05-01,CTR
BKG00010662,6023,CUS0005613,2024-10-01,WEB
BKG00010663,4198,CUS0003912,2024-07-20,OTA
BKG00010664,14398,CUS0013368,2026-04-04,WEB
BKG00010665,3388,CUS0003159,2024-06-16,OTA
BKG00010666,10828,CUS0010080,2025-08-15,WEB
BKG00010667,8788,CUS0008188,2025-01-08,AGT
BKG00010668,798,CUS0000741,2023-05-30,GDS
BKG00010669,8176,CUS0007618,2025-05-11,WEB
BKG00010670,6266,CUS0005840,2026-03-10,WEB
BKG00010671,5616,CUS0005230,2023-08-25,MOB
BKG00010672,15183,CUS0014102,2025-08-26,OTA
BKG00010673,14003,CUS0013000,2025-02-28,AGT
BKG00010674,12507,CUS0011639,2023-12-16,CTR
BKG00010675,12907,CUS0012006,2025-10-04,GDS
BKG00010676,3192,CUS0002980,2023-10-18,WEB
BKG00010677,15314,CUS0014221,2023-10-20,GDS
BKG00010678,16109,CUS0014956,2025-10-29,WEB
BKG00010679,263,CUS0000244,2025-11-06,CTR
BKG00010680,8253,CUS0007688,2024-10-17,CTR
BKG00010681,1194,CUS0001109,2025-10-10,MOB
BKG00010682,12997,CUS0012087,2024-08-10,MOB
BKG00010683,10774,CUS0010029,2024-05-13,CTR
BKG00010684,15879,CUS0014742,2023-08-08,WEB
BKG00010685,1655,CUS0001540,2023-11-07,WEB
BKG00010686,14681,CUS0013638,2023-12-04,WEB
BKG00010687,13721,CUS0012745,2024-11-23,CTR
BKG00010688,15557,CUS0014448,2025-05-12,AGT
BKG00010689,3138,CUS0002928,2025-02-09,AGT
BKG00010690,13960,CUS0012960,2023-12-18,GDS
BKG00010691,10665,CUS0009926,2023-06-02,CTR
BKG00010692,12631,CUS0011750,2024-04-14,OTA
BKG00010693,1081,CUS0001005,2026-02-09,OTA
BKG00010694,11398,CUS0010603,2026-02-07,CTR
BKG00010695,2460,CUS0002293,2023-11-09,GDS
BKG00010696,4118,CUS0003838,2024-01-04,OTA
BKG00010697,13420,CUS0012469,2025-09-18,OTA
BKG00010698,10605,CUS0009868,2024-03-06,CTR
BKG00010699,15716,CUS0014593,2025-08-23,CTR
BKG00010700,6753,CUS0006299,2025-11-07,OTA
BKG00010701,12481,CUS0011615,2024-12-17,CTR
BKG00010702,9652,CUS0008992,2025-07-30,CTR
BKG00010703,9391,CUS0008747,2024-12-02,AGT
BKG00010704,12916,CUS0012014,2026-01-21,AGT
BKG00010705,10272,CUS0009561,2025-06-06,MOB
BKG00010706,11832,CUS0011011,2024-10-13,WEB
BKG00010707,9631,CUS0008972,2025-02-02,OTA
BKG00010708,9218,CUS0008589,2025-07-03,MOB
BKG00010709,4715,CUS0004394,2025-11-29,OTA
BKG00010710,14073,CUS0013067,2024-06-28,OTA
BKG00010711,16024,CUS0014877,2024-08-01,WEB
BKG00010712,16127,CUS0014973,2026-02-14,MOB
BKG00010713,11025,CUS0010262,2025-07-16,WEB
BKG00010714,7585,CUS0007069,2025-10-29,MOB
BKG00010715,14604,CUS0013564,2024-08-23,WEB
BKG00010716,8514,CUS0007931,2024-05-25,AGT
BKG00010717,14678,CUS0013635,2026-04-22,MOB
BKG00010718,3649,CUS0003401,2025-04-05,OTA
BKG00010719,10456,CUS0009732,2024-06-14,AGT
BKG00010720,10339,CUS0009623,2024-03-27,CTR
BKG00010721,5689,CUS0005302,2025-04-17,GDS
BKG00010722,11013,CUS0010251,2024-12-14,OTA
BKG00010723,1273,CUS0001185,2024-11-25,MOB
BKG00010724,15350,CUS0014255,2023-07-19,AGT
BKG00010725,12952,CUS0012045,2024-11-13,MOB
BKG00010726,12685,CUS0011798,2025-06-21,OTA
BKG00010727,14538,CUS0013501,2023-09-20,MOB
BKG00010728,8693,CUS0008100,2024-07-14,GDS
BKG00010729,11312,CUS0010524,2025-10-16,CTR
BKG00010730,15518,CUS0014411,2025-01-06,CTR
BKG00010731,5456,CUS0005079,2024-08-01,CTR
BKG00010732,2513,CUS0002342,2025-08-21,AGT
BKG00010733,9672,CUS0009010,2024-04-20,MOB
BKG00010734,11831,CUS0011010,2024-07-05,OTA
BKG00010735,15152,CUS0014072,2024-09-01,WEB
BKG00010736,14816,CUS0013764,2024-05-28,WEB
BKG00010737,12251,CUS0011407,2023-07-30,OTA
BKG00010738,15155,CUS0014075,2024-04-20,MOB
BKG00010739,290,CUS0000270,2026-02-23,AGT
BKG00010740,7860,CUS0007324,2025-10-02,WEB
BKG00010741,14680,CUS0013637,2023-07-10,AGT
BKG00010742,690,CUS0000641,2025-12-08,WEB
BKG00010743,13174,CUS0012243,2025-06-06,AGT
BKG00010744,6091,CUS0005677,2025-05-24,GDS
BKG00010745,3896,CUS0003632,2023-09-13,MOB
BKG00010746,10224,CUS0009516,2023-10-25,WEB
BKG00010747,9197,CUS0008570,2024-02-02,AGT
BKG00010748,727,CUS0000676,2024-01-19,AGT
BKG00010749,13657,CUS0012685,2024-09-15,GDS
BKG00010750,6120,CUS0005703,2025-03-03,AGT
BKG00010751,11022,CUS0010259,2025-09-24,GDS
BKG00010752,6700,CUS0006252,2026-02-07,AGT
BKG00010753,4888,CUS0004553,2025-05-28,OTA
BKG00010754,10925,CUS0010169,2023-08-21,MOB
BKG00010755,11675,CUS0010864,2024-10-29,MOB
BKG00010756,2570,CUS0002395,2025-08-20,CTR
BKG00010757,14146,CUS0013137,2023-06-03,MOB
BKG00010758,3304,CUS0003082,2025-09-25,WEB
BKG00010759,11718,CUS0010904,2024-09-27,GDS
BKG00010760,14564,CUS0013525,2025-10-12,OTA
BKG00010761,2853,CUS0002662,2025-04-03,MOB
BKG00010762,2618,CUS0002441,2023-12-31,CTR
BKG00010763,10645,CUS0009907,2023-09-23,MOB
BKG00010764,1572,CUS0001460,2024-07-12,AGT
BKG00010765,692,CUS0000643,2024-09-08,OTA
BKG00010766,10104,CUS0009406,2026-01-12,CTR
BKG00010767,9520,CUS0008869,2026-05-02,WEB
BKG00010768,7369,CUS0006871,2023-07-18,CTR
BKG00010769,5253,CUS0004890,2025-04-04,OTA
BKG00010770,656,CUS0000608,2024-07-29,GDS
BKG00010771,3541,CUS0003304,2025-07-03,GDS
BKG00010772,2432,CUS0002267,2025-05-17,WEB
BKG00010773,15927,CUS0014785,2024-05-29,AGT
BKG00010774,3714,CUS0003462,2023-12-27,GDS
BKG00010775,7564,CUS0007050,2025-06-17,AGT
BKG00010776,12690,CUS0011803,2024-01-09,AGT
BKG00010777,2070,CUS0001926,2023-07-18,AGT
BKG00010778,6532,CUS0006090,2024-02-11,CTR
BKG00010779,3046,CUS0002842,2023-06-25,AGT
BKG00010780,9895,CUS0009214,2025-04-11,MOB
BKG00010781,3180,CUS0002968,2023-10-09,OTA
BKG00010782,10366,CUS0009647,2023-08-21,GDS
BKG00010783,4318,CUS0004024,2024-08-07,CTR
BKG00010784,2843,CUS0002653,2025-07-11,OTA
BKG00010785,14324,CUS0013301,2023-10-05,GDS
BKG00010786,10564,CUS0009829,2024-09-17,GDS
BKG00010787,1678,CUS0001560,2024-01-14,GDS
BKG00010788,10578,CUS0009842,2024-01-22,CTR
BKG00010789,1384,CUS0001288,2024-08-03,GDS
BKG00010790,15656,CUS0014538,2024-12-19,OTA
BKG00010791,6457,CUS0006020,2026-01-22,AGT
BKG00010792,5136,CUS0004777,2025-12-28,WEB
BKG00010793,4264,CUS0003972,2025-03-23,MOB
BKG00010794,567,CUS0000524,2025-06-04,CTR
BKG00010795,1907,CUS0001773,2025-02-14,OTA
BKG00010796,11901,CUS0011079,2024-02-10,WEB
BKG00010797,1220,CUS0001135,2024-04-21,AGT
BKG00010798,4004,CUS0003733,2023-11-19,WEB
BKG00010799,677,CUS0000628,2026-02-21,WEB
BKG00010800,710,CUS0000660,2023-11-05,AGT
BKG00010801,5851,CUS0005453,2025-09-02,CTR
BKG00010802,11075,CUS0010308,2025-05-13,CTR
BKG00010803,12858,CUS0011961,2025-08-02,CTR
BKG00010804,13046,CUS0012131,2024-12-28,WEB
BKG00010805,1899,CUS0001765,2023-08-03,OTA
BKG00010806,14202,CUS0013192,2024-12-19,OTA
BKG00010807,13935,CUS0012939,2024-09-15,MOB
BKG00010808,5267,CUS0004903,2023-11-13,AGT
BKG00010809,12706,CUS0011819,2023-12-09,MOB
BKG00010810,4415,CUS0004113,2023-11-27,CTR
BKG00010811,11675,CUS0010864,2025-04-19,OTA
BKG00010812,1196,CUS0001111,2026-04-23,OTA
BKG00010813,12979,CUS0012069,2024-07-27,GDS
BKG00010814,2170,CUS0002022,2024-02-05,MOB
BKG00010815,15776,CUS0014646,2024-11-19,OTA
BKG00010816,15216,CUS0014132,2023-09-05,OTA
BKG00010817,14549,CUS0013510,2024-09-25,GDS
BKG00010818,6618,CUS0006174,2024-08-29,MOB
BKG00010819,9900,CUS0009218,2025-09-17,WEB
BKG00010820,7758,CUS0007228,2025-02-06,MOB
BKG00010821,14370,CUS0013343,2025-05-25,CTR
BKG00010822,8093,CUS0007538,2023-08-03,OTA
BKG00010823,7659,CUS0007135,2024-01-03,OTA
BKG00010824,11903,CUS0011081,2024-09-16,GDS
BKG00010825,2130,CUS0001983,2025-02-17,CTR
BKG00010826,1273,CUS0001185,2025-02-20,WEB
BKG00010827,13784,CUS0012802,2023-11-21,MOB
BKG00010828,10682,CUS0009941,2026-03-27,OTA
BKG00010829,11415,CUS0010618,2024-04-14,AGT
BKG00010830,12556,CUS0011685,2026-02-07,CTR
BKG00010831,88,CUS0000082,2025-09-13,OTA
BKG00010832,13194,CUS0012262,2024-12-20,WEB
BKG00010833,1263,CUS0001177,2025-06-06,MOB
BKG00010834,8422,CUS0007846,2024-12-07,MOB
BKG00010835,15262,CUS0014174,2024-03-13,OTA
BKG00010836,12062,CUS0011230,2023-12-15,WEB
BKG00010837,10797,CUS0010050,2026-02-21,GDS
BKG00010838,6212,CUS0005787,2025-04-17,WEB
BKG00010839,2665,CUS0002486,2025-04-01,CTR
BKG00010840,9789,CUS0009118,2025-10-05,AGT
BKG00010841,8047,CUS0007497,2025-05-12,MOB
BKG00010842,4293,CUS0003999,2024-09-18,CTR
BKG00010843,1157,CUS0001074,2025-07-01,GDS
BKG00010844,4609,CUS0004292,2025-01-29,OTA
BKG00010845,5350,CUS0004983,2024-09-06,CTR
BKG00010846,9434,CUS0008790,2024-03-13,AGT
BKG00010847,6225,CUS0005800,2025-09-18,GDS
BKG00010848,3170,CUS0002959,2023-08-27,GDS
BKG00010849,6274,CUS0005848,2024-06-26,GDS
BKG00010850,8343,CUS0007771,2025-08-28,GDS
BKG00010851,11728,CUS0010913,2025-07-06,GDS
BKG00010852,9728,CUS0009062,2024-12-25,MOB
BKG00010853,2950,CUS0002753,2024-01-16,WEB
BKG00010854,11243,CUS0010459,2024-05-13,AGT
BKG00010855,15330,CUS0014237,2024-05-11,CTR
BKG00010856,13114,CUS0012190,2024-03-23,GDS
BKG00010857,7959,CUS0007420,2024-11-30,MOB
BKG00010858,3603,CUS0003360,2024-06-29,AGT
BKG00010859,7806,CUS0007273,2023-12-15,MOB
BKG00010860,6670,CUS0006223,2023-10-20,OTA
BKG00010861,15864,CUS0014728,2023-11-06,GDS
BKG00010862,12037,CUS0011205,2026-03-11,CTR
BKG00010863,3517,CUS0003281,2024-04-15,GDS
BKG00010864,2981,CUS0002782,2024-12-21,WEB
BKG00010865,1074,CUS0000998,2023-12-31,OTA
BKG00010866,5537,CUS0005155,2026-03-16,WEB
BKG00010867,14178,CUS0013168,2024-06-29,GDS
BKG00010868,13695,CUS0012720,2024-04-23,OTA
BKG00010869,6267,CUS0005841,2024-05-26,CTR
BKG00010870,1130,CUS0001049,2025-10-17,OTA
BKG00010871,1221,CUS0001136,2024-04-17,GDS
BKG00010872,11947,CUS0011124,2024-03-11,CTR
BKG00010873,13467,CUS0012513,2025-03-01,AGT
BKG00010874,2565,CUS0002390,2025-02-04,GDS
BKG00010875,4076,CUS0003800,2025-12-02,MOB
BKG00010876,12161,CUS0011321,2024-07-22,OTA
BKG00010877,943,CUS0000875,2025-03-30,MOB
BKG00010878,2005,CUS0001863,2023-06-16,OTA
BKG00010879,2872,CUS0002681,2025-07-13,WEB
BKG00010880,8520,CUS0007937,2026-02-17,MOB
BKG00010881,1544,CUS0001434,2025-10-29,CTR
BKG00010882,10463,CUS0009739,2025-02-28,CTR
BKG00010883,16071,CUS0014921,2026-05-06,CTR
BKG00010884,15141,CUS0014062,2023-07-28,CTR
BKG00010885,2286,CUS0002132,2025-02-17,MOB
BKG00010886,12251,CUS0011407,2024-05-01,GDS
BKG00010887,2406,CUS0002243,2026-04-20,MOB
BKG00010888,4501,CUS0004195,2025-09-10,MOB
BKG00010889,8980,CUS0008370,2025-12-03,MOB
BKG00010890,3456,CUS0003221,2024-09-23,OTA
BKG00010891,4517,CUS0004210,2025-06-29,AGT
BKG00010892,14199,CUS0013189,2023-12-14,MOB
BKG00010893,10949,CUS0010192,2023-08-29,AGT
BKG00010894,1006,CUS0000934,2024-01-08,GDS
BKG00010895,2124,CUS0001978,2024-11-19,MOB
BKG00010896,2551,CUS0002377,2024-07-22,AGT
BKG00010897,4194,CUS0003908,2025-07-30,WEB
BKG00010898,2758,CUS0002575,2024-07-07,OTA
BKG00010899,3765,CUS0003508,2024-09-20,AGT
BKG00010900,209,CUS0000196,2026-03-12,WEB
BKG00010901,14141,CUS0013132,2025-02-28,GDS
BKG00010902,2677,CUS0002497,2024-07-08,MOB
BKG00010903,14198,CUS0013188,2024-07-18,MOB
BKG00010904,5016,CUS0004666,2024-08-04,CTR
BKG00010905,11266,CUS0010481,2025-11-09,OTA
BKG00010906,4731,CUS0004410,2026-03-09,OTA
BKG00010907,4894,CUS0004557,2025-08-15,WEB
BKG00010908,16053,CUS0014904,2024-01-18,OTA
BKG00010909,1794,CUS0001664,2026-01-17,MOB
BKG00010910,11661,CUS0010850,2024-05-02,GDS
BKG00010911,15352,CUS0014257,2025-08-22,OTA
BKG00010912,11142,CUS0010365,2024-02-07,CTR
BKG00010913,9475,CUS0008829,2026-03-19,GDS
BKG00010914,987,CUS0000916,2023-06-24,OTA
BKG00010915,5936,CUS0005533,2024-05-04,OTA
BKG00010916,14055,CUS0013049,2024-11-09,CTR
BKG00010917,210,CUS0000197,2025-05-07,WEB
BKG00010918,6285,CUS0005859,2023-07-15,GDS
BKG00010919,13069,CUS0012150,2025-08-11,MOB
BKG00010920,15283,CUS0014192,2024-01-16,OTA
BKG00010921,13502,CUS0012544,2024-09-12,MOB
BKG00010922,14419,CUS0013389,2024-09-24,CTR
BKG00010923,11430,CUS0010632,2023-06-25,OTA
BKG00010924,5390,CUS0005020,2024-07-11,CTR
BKG00010925,4039,CUS0003766,2026-04-22,WEB
BKG00010926,10061,CUS0009365,2026-01-23,AGT
BKG00010927,10027,CUS0009333,2026-04-18,CTR
BKG00010928,12371,CUS0011514,2025-03-19,MOB
BKG00010929,14038,CUS0013032,2026-05-24,MOB
BKG00010930,3462,CUS0003227,2025-01-12,AGT
BKG00010931,2467,CUS0002300,2024-05-16,WEB
BKG00010932,6144,CUS0005726,2026-03-28,MOB
BKG00010933,16007,CUS0014862,2025-10-07,AGT
BKG00010934,2940,CUS0002745,2024-11-24,CTR
BKG00010935,15357,CUS0014262,2024-01-23,MOB
BKG00010936,13680,CUS0012706,2024-04-03,MOB
BKG00010937,4282,CUS0003989,2025-12-08,MOB
BKG00010938,13794,CUS0012811,2023-11-20,WEB
BKG00010939,1490,CUS0001384,2024-07-20,CTR
BKG00010940,7300,CUS0006806,2025-03-19,AGT
BKG00010941,1902,CUS0001768,2023-10-30,GDS
BKG00010942,3018,CUS0002816,2025-01-01,GDS
BKG00010943,11250,CUS0010466,2023-07-05,OTA
BKG00010944,6175,CUS0005753,2026-03-01,GDS
BKG00010945,960,CUS0000890,2025-10-22,CTR
BKG00010946,9044,CUS0008430,2023-06-13,WEB
BKG00010947,8050,CUS0007500,2025-08-15,CTR
BKG00010948,7759,CUS0007229,2024-07-24,MOB
BKG00010949,11470,CUS0010670,2025-10-31,WEB
BKG00010950,1129,CUS0001048,2026-02-21,MOB
BKG00010951,11553,CUS0010746,2025-11-07,CTR
BKG00010952,5325,CUS0004959,2025-03-26,GDS
BKG00010953,11177,CUS0010396,2024-09-29,WEB
BKG00010954,5402,CUS0005032,2023-11-06,WEB
BKG00010955,3196,CUS0002983,2026-02-05,MOB
BKG00010956,8583,CUS0007997,2025-03-22,OTA
BKG00010957,15700,CUS0014578,2024-07-09,CTR
BKG00010958,3462,CUS0003227,2024-05-05,WEB
BKG00010959,12037,CUS0011205,2023-07-31,WEB
BKG00010960,14727,CUS0013681,2023-06-17,AGT
BKG00010961,12112,CUS0011278,2024-07-08,MOB
BKG00010962,9026,CUS0008412,2024-06-05,AGT
BKG00010963,2876,CUS0002684,2025-08-23,CTR
BKG00010964,12674,CUS0011788,2025-05-02,OTA
BKG00010965,15599,CUS0014487,2023-11-26,OTA
BKG00010966,3979,CUS0003710,2025-06-16,GDS
BKG00010967,11462,CUS0010662,2025-10-03,MOB
BKG00010968,1406,CUS0001305,2024-04-04,OTA
BKG00010969,12749,CUS0011859,2026-01-25,GDS
BKG00010970,11307,CUS0010519,2025-08-27,MOB
BKG00010971,8015,CUS0007471,2024-11-27,WEB
BKG00010972,3912,CUS0003648,2024-02-27,CTR
BKG00010973,12575,CUS0011701,2024-02-10,CTR
BKG00010974,5957,CUS0005552,2023-08-29,GDS
BKG00010975,7764,CUS0007234,2024-09-24,MOB
BKG00010976,11544,CUS0010738,2023-11-04,GDS
BKG00010977,69,CUS0000064,2024-03-11,MOB
BKG00010978,3777,CUS0003520,2024-06-30,MOB
BKG00010979,14361,CUS0013334,2024-07-15,GDS
BKG00010980,15163,CUS0014082,2025-01-07,WEB
BKG00010981,7434,CUS0006930,2025-05-23,MOB
BKG00010982,6063,CUS0005650,2024-06-04,CTR
BKG00010983,9932,CUS0009247,2026-01-24,AGT
BKG00010984,10435,CUS0009711,2023-06-12,CTR
BKG00010985,485,CUS0000450,2026-02-13,GDS
BKG00010986,7707,CUS0007181,2025-05-21,AGT
BKG00010987,15159,CUS0014079,2024-03-10,WEB
BKG00010988,2401,CUS0002239,2024-07-04,MOB
BKG00010989,13210,CUS0012278,2023-07-10,WEB
BKG00010990,15517,CUS0014410,2023-09-28,GDS
BKG00010991,13548,CUS0012587,2024-02-07,OTA
BKG00010992,794,CUS0000737,2025-03-17,CTR
BKG00010993,1747,CUS0001622,2026-01-10,WEB
BKG00010994,5639,CUS0005253,2024-01-02,MOB
BKG00010995,5811,CUS0005415,2025-01-16,MOB
BKG00010996,15306,CUS0014213,2025-03-25,WEB
BKG00010997,7636,CUS0007116,2024-04-21,MOB
BKG00010998,2251,CUS0002100,2025-06-14,CTR
BKG00010999,7164,CUS0006684,2023-07-11,OTA
BKG00011000,2320,CUS0002163,2025-07-30,MOB
BKG00011001,1836,CUS0001704,2024-02-03,WEB
BKG00011002,10102,CUS0009404,2024-03-07,CTR
BKG00011003,12747,CUS0011858,2025-03-24,GDS
BKG00011004,5499,CUS0005119,2024-10-26,AGT
BKG00011005,4772,CUS0004448,2023-08-31,GDS
BKG00011006,1475,CUS0001370,2024-10-17,MOB
BKG00011007,4013,CUS0003742,2025-04-15,OTA
BKG00011008,1496,CUS0001390,2024-11-03,CTR
BKG00011009,1921,CUS0001787,2024-06-23,MOB
BKG00011010,10561,CUS0009826,2024-12-23,WEB
BKG00011011,12330,CUS0011477,2023-07-18,AGT
BKG00011012,6606,CUS0006162,2024-05-20,CTR
BKG00011013,7056,CUS0006582,2023-06-21,WEB
BKG00011014,6645,CUS0006200,2024-02-16,MOB
BKG00011015,5718,CUS0005328,2025-02-02,MOB
BKG00011016,7328,CUS0006834,2024-02-22,AGT
BKG00011017,1258,CUS0001172,2026-04-29,MOB
BKG00011018,11680,CUS0010868,2025-09-09,CTR
BKG00011019,1690,CUS0001570,2025-04-16,CTR
BKG00011020,4752,CUS0004429,2024-01-17,CTR
BKG00011021,7957,CUS0007418,2024-05-30,CTR
BKG00011022,14094,CUS0013088,2025-11-03,GDS
BKG00011023,8782,CUS0008183,2024-08-30,GDS
BKG00011024,8171,CUS0007614,2026-01-24,WEB
BKG00011025,1311,CUS0001220,2023-07-14,WEB
BKG00011026,15366,CUS0014271,2024-11-18,CTR
BKG00011027,15168,CUS0014087,2026-01-24,WEB
BKG00011028,11973,CUS0011149,2025-11-11,CTR
BKG00011029,4266,CUS0003974,2026-04-22,MOB
BKG00011030,11499,CUS0010698,2024-08-14,AGT
BKG00011031,13336,CUS0012391,2026-03-30,MOB
BKG00011032,186,CUS0000174,2025-10-19,GDS
BKG00011033,11041,CUS0010277,2024-01-19,GDS
BKG00011034,3166,CUS0002955,2023-08-24,OTA
BKG00011035,14989,CUS0013926,2025-04-20,GDS
BKG00011036,3745,CUS0003489,2025-10-06,WEB
BKG00011037,6780,CUS0006325,2023-11-28,CTR
BKG00011038,6516,CUS0006074,2024-12-25,GDS
BKG00011039,15493,CUS0014388,2025-02-22,MOB
BKG00011040,9740,CUS0009074,2024-04-11,OTA
BKG00011041,9903,CUS0009221,2025-04-19,AGT
BKG00011042,12241,CUS0011397,2025-04-29,WEB
BKG00011043,15915,CUS0014774,2024-03-01,GDS
BKG00011044,10793,CUS0010047,2025-11-28,WEB
BKG00011045,6300,CUS0005874,2025-04-18,CTR
BKG00011046,11536,CUS0010730,2024-10-09,MOB
BKG00011047,13924,CUS0012928,2024-08-23,WEB
BKG00011048,10922,CUS0010166,2025-09-10,WEB
BKG00011049,298,CUS0000277,2025-01-20,WEB
BKG00011050,4140,CUS0003858,2023-12-07,GDS
BKG00011051,7595,CUS0007078,2024-08-11,GDS
BKG00011052,14025,CUS0013021,2023-09-05,OTA
BKG00011053,9434,CUS0008790,2025-08-02,WEB
BKG00011054,11172,CUS0010391,2024-08-16,CTR
BKG00011055,3176,CUS0002964,2023-08-23,GDS
BKG00011056,4037,CUS0003764,2025-03-31,MOB
BKG00011057,8609,CUS0008022,2025-10-24,GDS
BKG00011058,10481,CUS0009755,2025-09-05,CTR
BKG00011059,13690,CUS0012715,2026-05-12,GDS
BKG00011060,13730,CUS0012753,2025-09-26,AGT
BKG00011061,11266,CUS0010481,2023-12-31,CTR
BKG00011062,13612,CUS0012644,2025-06-08,AGT
BKG00011063,3589,CUS0003348,2024-04-08,WEB
BKG00011064,12386,CUS0011527,2024-05-13,OTA
BKG00011065,15658,CUS0014539,2025-12-24,CTR
BKG00011066,15371,CUS0014276,2024-09-10,CTR
BKG00011067,12699,CUS0011812,2024-01-20,MOB
BKG00011068,7129,CUS0006651,2025-06-09,OTA
BKG00011069,8312,CUS0007742,2026-01-16,OTA
BKG00011070,11306,CUS0010518,2024-11-12,CTR
BKG00011071,5914,CUS0005513,2023-11-11,CTR
BKG00011072,7101,CUS0006626,2024-03-13,CTR
BKG00011073,5970,CUS0005565,2024-05-24,CTR
BKG00011074,15624,CUS0014508,2025-08-27,GDS
BKG00011075,12327,CUS0011474,2025-09-18,MOB
BKG00011076,11537,CUS0010731,2024-08-12,MOB
BKG00011077,6421,CUS0005986,2024-07-19,GDS
BKG00011078,5197,CUS0004837,2024-04-03,OTA
BKG00011079,4043,CUS0003770,2025-04-18,MOB
BKG00011080,9450,CUS0008806,2025-11-02,GDS
BKG00011081,12275,CUS0011429,2024-08-07,MOB
BKG00011082,16142,CUS0014985,2025-03-22,MOB
BKG00011083,4429,CUS0004127,2025-02-11,WEB
BKG00011084,13375,CUS0012427,2023-09-20,OTA
BKG00011085,2585,CUS0002409,2023-10-03,CTR
BKG00011086,3793,CUS0003535,2023-09-16,CTR
BKG00011087,10802,CUS0010055,2025-05-18,AGT
BKG00011088,13923,CUS0012927,2026-02-09,WEB
BKG00011089,1413,CUS0001311,2025-04-26,CTR
BKG00011090,12579,CUS0011705,2025-05-15,GDS
BKG00011091,12861,CUS0011964,2023-06-11,CTR
BKG00011092,12588,CUS0011711,2023-11-28,GDS
BKG00011093,3275,CUS0003055,2024-06-20,WEB
BKG00011094,1702,CUS0001581,2025-07-01,MOB
BKG00011095,8604,CUS0008017,2025-06-11,OTA
BKG00011096,10634,CUS0009896,2024-09-03,GDS
BKG00011097,4962,CUS0004620,2025-12-19,CTR
BKG00011098,9491,CUS0008843,2024-09-30,GDS
BKG00011099,13202,CUS0012270,2026-04-19,MOB
BKG00011100,596,CUS0000553,2025-09-08,GDS
BKG00011101,8728,CUS0008133,2024-11-11,CTR
BKG00011102,15495,CUS0014390,2025-05-26,GDS
BKG00011103,11618,CUS0010808,2026-02-12,MOB
BKG00011104,3506,CUS0003271,2025-11-23,CTR
BKG00011105,4954,CUS0004612,2024-04-24,MOB
BKG00011106,9007,CUS0008395,2023-06-07,WEB
BKG00011107,9027,CUS0008413,2026-02-24,MOB
BKG00011108,6972,CUS0006507,2025-04-07,AGT
BKG00011109,10378,CUS0009659,2024-01-09,AGT
BKG00011110,6402,CUS0005970,2025-12-03,AGT
BKG00011111,5091,CUS0004735,2025-12-04,CTR
BKG00011112,345,CUS0000319,2025-06-22,WEB
BKG00011113,1311,CUS0001220,2025-05-22,AGT
BKG00011114,507,CUS0000469,2024-06-29,MOB
BKG00011115,16016,CUS0014871,2025-06-05,CTR
BKG00011116,15883,CUS0014746,2024-06-14,WEB
BKG00011117,1767,CUS0001640,2024-11-30,MOB
BKG00011118,1680,CUS0001562,2025-12-23,CTR
BKG00011119,2374,CUS0002212,2024-02-27,OTA
BKG00011120,11134,CUS0010358,2023-10-10,OTA
BKG00011121,7085,CUS0006610,2025-08-01,AGT
BKG00011122,3672,CUS0003423,2024-06-13,MOB
BKG00011123,1042,CUS0000968,2025-11-10,MOB
BKG00011124,10071,CUS0009374,2025-06-22,GDS
BKG00011125,4004,CUS0003733,2025-12-31,CTR
BKG00011126,14016,CUS0013013,2025-08-22,CTR
BKG00011127,5993,CUS0005585,2024-09-09,CTR
BKG00011128,10140,CUS0009436,2025-04-13,AGT
BKG00011129,12361,CUS0011506,2025-11-27,MOB
BKG00011130,14026,CUS0013022,2026-02-17,GDS
BKG00011131,13204,CUS0012272,2024-03-17,OTA
BKG00011132,827,CUS0000766,2024-07-01,MOB
BKG00011133,3996,CUS0003726,2024-08-07,CTR
BKG00011134,2792,CUS0002607,2026-02-23,WEB
BKG00011135,4099,CUS0003820,2025-04-16,MOB
BKG00011136,9275,CUS0008640,2025-02-23,MOB
BKG00011137,14741,CUS0013694,2024-10-30,CTR
BKG00011138,15305,CUS0014212,2024-12-03,AGT
BKG00011139,15698,CUS0014576,2026-02-05,WEB
BKG00011140,7207,CUS0006722,2026-02-02,AGT
BKG00011141,13108,CUS0012184,2023-11-12,CTR
BKG00011142,4598,CUS0004281,2025-06-01,WEB
BKG00011143,1004,CUS0000932,2025-04-15,OTA
BKG00011144,1613,CUS0001499,2025-02-20,OTA
BKG00011145,6764,CUS0006309,2024-05-16,MOB
BKG00011146,10054,CUS0009358,2023-09-03,MOB
BKG00011147,6435,CUS0005998,2025-07-27,WEB
BKG00011148,14423,CUS0013393,2024-12-11,MOB
BKG00011149,22,CUS0000021,2023-11-28,MOB
BKG00011150,10709,CUS0009968,2024-01-23,CTR
BKG00011151,5392,CUS0005022,2024-11-27,CTR
BKG00011152,2440,CUS0002274,2024-04-14,AGT
BKG00011153,752,CUS0000699,2025-03-29,AGT
BKG00011154,1189,CUS0001104,2024-01-20,MOB
BKG00011155,15295,CUS0014202,2025-08-31,MOB
BKG00011156,11516,CUS0010712,2025-03-06,WEB
BKG00011157,3595,CUS0003353,2024-12-23,OTA
BKG00011158,2627,CUS0002450,2023-12-03,MOB
BKG00011159,9546,CUS0008893,2025-01-19,CTR
BKG00011160,10122,CUS0009421,2024-02-04,OTA
BKG00011161,12345,CUS0011491,2026-03-22,WEB
BKG00011162,9732,CUS0009066,2025-10-30,AGT
BKG00011163,13161,CUS0012234,2024-04-22,MOB
BKG00011164,14540,CUS0013503,2024-03-07,OTA
BKG00011165,3947,CUS0003680,2025-12-14,MOB
BKG00011166,6501,CUS0006059,2024-07-17,GDS
BKG00011167,5964,CUS0005559,2024-07-17,WEB
BKG00011168,12502,CUS0011634,2024-08-26,CTR
BKG00011169,5023,CUS0004673,2025-10-16,AGT
BKG00011170,9659,CUS0008998,2023-10-20,OTA
BKG00011171,7191,CUS0006708,2025-06-18,AGT
BKG00011172,11743,CUS0010927,2026-04-06,OTA
BKG00011173,14015,CUS0013012,2024-03-25,OTA
BKG00011174,6338,CUS0005910,2025-02-17,GDS
BKG00011175,10443,CUS0009719,2024-02-17,CTR
BKG00011176,12570,CUS0011696,2025-11-08,WEB
BKG00011177,3765,CUS0003508,2024-09-26,MOB
BKG00011178,7002,CUS0006534,2024-02-09,OTA
BKG00011179,4924,CUS0004584,2024-02-12,OTA
BKG00011180,4311,CUS0004017,2025-11-22,WEB
BKG00011181,11223,CUS0010441,2023-06-25,OTA
BKG00011182,8407,CUS0007832,2025-04-09,OTA
BKG00011183,4322,CUS0004027,2025-07-16,OTA
BKG00011184,8240,CUS0007676,2024-08-31,CTR
BKG00011185,8438,CUS0007861,2023-06-25,OTA
BKG00011186,7363,CUS0006865,2025-07-25,OTA
BKG00011187,11200,CUS0010418,2023-06-18,MOB
BKG00011188,2718,CUS0002536,2023-07-24,GDS
BKG00011189,3574,CUS0003333,2025-04-18,MOB
BKG00011190,2709,CUS0002527,2024-12-05,CTR
BKG00011191,10858,CUS0010109,2025-01-09,CTR
BKG00011192,6660,CUS0006214,2024-03-16,WEB
BKG00011193,4886,CUS0004552,2025-12-17,MOB
BKG00011194,3031,CUS0002829,2023-08-22,WEB
BKG00011195,11409,CUS0010613,2024-06-23,GDS
BKG00011196,2077,CUS0001933,2024-09-11,WEB
BKG00011197,2701,CUS0002519,2025-10-07,WEB
BKG00011198,13801,CUS0012817,2024-04-20,GDS
BKG00011199,12667,CUS0011781,2025-12-23,WEB
BKG00011200,4759,CUS0004435,2025-01-18,MOB
BKG00011201,8336,CUS0007764,2025-06-11,CTR
BKG00011202,7401,CUS0006897,2023-10-17,OTA
BKG00011203,456,CUS0000422,2023-08-21,CTR
BKG00011204,4962,CUS0004620,2026-05-06,MOB
BKG00011205,3323,CUS0003099,2023-08-20,GDS
BKG00011206,2313,CUS0002156,2024-05-04,OTA
BKG00011207,1894,CUS0001760,2024-03-04,AGT
BKG00011208,14223,CUS0013210,2023-11-10,GDS
BKG00011209,5412,CUS0005040,2025-02-04,CTR
BKG00011210,775,CUS0000718,2023-12-13,CTR
BKG00011211,14723,CUS0013677,2025-01-28,GDS
BKG00011212,9675,CUS0009013,2024-06-01,MOB
BKG00011213,8518,CUS0007935,2024-06-19,GDS
BKG00011214,10694,CUS0009953,2025-09-17,CTR
BKG00011215,1756,CUS0001631,2024-11-09,GDS
BKG00011216,12092,CUS0011259,2023-11-01,WEB
BKG00011217,11570,CUS0010762,2025-05-03,GDS
BKG00011218,5058,CUS0004705,2025-01-24,MOB
BKG00011219,959,CUS0000889,2026-04-18,AGT
BKG00011220,12735,CUS0011846,2026-03-14,AGT
BKG00011221,14263,CUS0013245,2025-07-02,GDS
BKG00011222,4443,CUS0004140,2023-06-22,MOB
BKG00011223,8240,CUS0007676,2026-02-13,OTA
BKG00011224,11998,CUS0011169,2023-09-10,WEB
BKG00011225,11815,CUS0010994,2025-12-19,GDS
BKG00011226,14245,CUS0013229,2025-09-15,GDS
BKG00011227,8631,CUS0008042,2024-03-16,CTR
BKG00011228,5390,CUS0005020,2025-12-05,MOB
BKG00011229,6428,CUS0005992,2025-07-18,WEB
BKG00011230,782,CUS0000725,2023-08-02,AGT
BKG00011231,9839,CUS0009162,2025-09-03,WEB
BKG00011232,7609,CUS0007091,2025-06-17,OTA
BKG00011233,11464,CUS0010664,2025-05-28,CTR
BKG00011234,9613,CUS0008955,2025-04-03,GDS
BKG00011235,9839,CUS0009162,2025-06-21,GDS
BKG00011236,1351,CUS0001257,2025-02-20,WEB
BKG00011237,10056,CUS0009360,2025-11-30,GDS
BKG00011238,15482,CUS0014377,2024-03-27,GDS
BKG00011239,4571,CUS0004258,2025-12-02,AGT
BKG00011240,8649,CUS0008060,2023-12-16,GDS
BKG00011241,5996,CUS0005588,2024-10-20,MOB
BKG00011242,15576,CUS0014465,2025-02-16,WEB
BKG00011243,6724,CUS0006274,2023-11-04,MOB
BKG00011244,11691,CUS0010878,2023-10-08,GDS
BKG00011245,10797,CUS0010050,2026-02-14,GDS
BKG00011246,753,CUS0000700,2025-05-09,GDS
BKG00011247,13126,CUS0012201,2025-08-05,GDS
BKG00011248,15115,CUS0014041,2023-10-07,CTR
BKG00011249,10842,CUS0010093,2025-03-07,CTR
BKG00011250,12754,CUS0011864,2024-07-07,OTA
BKG00011251,6174,CUS0005752,2024-01-18,WEB
BKG00011252,5927,CUS0005524,2024-03-04,OTA
BKG00011253,1053,CUS0000978,2024-03-26,MOB
BKG00011254,13974,CUS0012973,2026-05-18,MOB
BKG00011255,9690,CUS0009028,2024-03-21,CTR
BKG00011256,2618,CUS0002441,2024-09-11,GDS
BKG00011257,2631,CUS0002454,2024-04-13,OTA
BKG00011258,7975,CUS0007435,2025-12-29,OTA
BKG00011259,4238,CUS0003948,2025-07-01,GDS
BKG00011260,7214,CUS0006728,2024-07-23,GDS
BKG00011261,9860,CUS0009180,2023-07-07,AGT
BKG00011262,139,CUS0000130,2023-09-12,MOB
BKG00011263,9793,CUS0009121,2025-04-04,CTR
BKG00011264,5395,CUS0005025,2025-05-03,GDS
BKG00011265,1781,CUS0001652,2025-09-24,AGT
BKG00011266,5071,CUS0004718,2025-06-01,OTA
BKG00011267,5579,CUS0005193,2024-08-15,OTA
BKG00011268,6524,CUS0006082,2024-07-08,WEB
BKG00011269,15218,CUS0014134,2025-07-17,WEB
BKG00011270,14247,CUS0013231,2025-09-19,AGT
BKG00011271,8558,CUS0007973,2025-11-30,OTA
BKG00011272,5598,CUS0005212,2023-07-20,CTR
BKG00011273,6470,CUS0006029,2026-03-05,CTR
BKG00011274,3810,CUS0003550,2024-01-01,CTR
BKG00011275,11725,CUS0010910,2024-01-30,CTR
BKG00011276,2665,CUS0002486,2024-10-22,WEB
BKG00011277,6133,CUS0005716,2024-05-03,GDS
BKG00011278,281,CUS0000262,2025-06-09,CTR
BKG00011279,15972,CUS0014829,2025-05-09,OTA
BKG00011280,11248,CUS0010464,2025-05-15,GDS
BKG00011281,5393,CUS0005023,2024-02-21,GDS
BKG00011282,15890,CUS0014752,2024-01-06,MOB
BKG00011283,12418,CUS0011557,2024-03-20,CTR
BKG00011284,6240,CUS0005815,2025-10-30,GDS
BKG00011285,7726,CUS0007198,2024-04-14,MOB
BKG00011286,3773,CUS0003516,2025-01-26,WEB
BKG00011287,8905,CUS0008301,2026-01-08,OTA
BKG00011288,5654,CUS0005268,2024-06-13,OTA
BKG00011289,11386,CUS0010592,2023-07-24,OTA
BKG00011290,3871,CUS0003610,2024-08-04,AGT
BKG00011291,7234,CUS0006744,2023-07-10,OTA
BKG00011292,4940,CUS0004598,2025-10-26,CTR
BKG00011293,3973,CUS0003704,2025-12-28,GDS
BKG00011294,5377,CUS0005009,2025-05-25,GDS
BKG00011295,10186,CUS0009480,2026-05-22,WEB
BKG00011296,12199,CUS0011358,2026-04-01,CTR
BKG00011297,8881,CUS0008277,2024-11-01,GDS
BKG00011298,13101,CUS0012178,2023-06-07,AGT
BKG00011299,7554,CUS0007040,2024-05-30,CTR
BKG00011300,9638,CUS0008979,2025-12-22,MOB
BKG00011301,9028,CUS0008414,2024-12-15,AGT
BKG00011302,12723,CUS0011835,2026-01-20,OTA
BKG00011303,14816,CUS0013764,2023-07-02,CTR
BKG00011304,1735,CUS0001610,2025-10-12,GDS
BKG00011305,10227,CUS0009518,2023-06-17,GDS
BKG00011306,2125,CUS0001979,2023-07-09,AGT
BKG00011307,6429,CUS0005993,2025-02-08,GDS
BKG00011308,12360,CUS0011505,2025-05-20,GDS
BKG00011309,13134,CUS0012208,2025-04-02,AGT
BKG00011310,14730,CUS0013684,2026-05-19,MOB
BKG00011311,15737,CUS0014612,2025-05-11,CTR
BKG00011312,10390,CUS0009670,2026-03-07,OTA
BKG00011313,9793,CUS0009121,2024-07-29,WEB
BKG00011314,6988,CUS0006522,2023-10-15,MOB
BKG00011315,12631,CUS0011750,2026-02-14,MOB
BKG00011316,5917,CUS0005515,2026-01-20,AGT
BKG00011317,15704,CUS0014581,2024-10-15,AGT
BKG00011318,1562,CUS0001451,2024-07-01,CTR
BKG00011319,7399,CUS0006895,2023-10-07,MOB
BKG00011320,12578,CUS0011704,2025-10-07,GDS
BKG00011321,13846,CUS0012858,2026-03-08,OTA
BKG00011322,8237,CUS0007673,2024-03-02,GDS
BKG00011323,14365,CUS0013338,2024-11-30,CTR
BKG00011324,9658,CUS0008997,2025-04-03,WEB
BKG00011325,10110,CUS0009411,2025-08-28,MOB
BKG00011326,12516,CUS0011648,2024-10-15,GDS
BKG00011327,14108,CUS0013102,2024-12-01,GDS
BKG00011328,6712,CUS0006262,2023-11-02,GDS
BKG00011329,1838,CUS0001706,2026-04-20,GDS
BKG00011330,8033,CUS0007485,2025-02-12,MOB
BKG00011331,1072,CUS0000996,2024-02-04,AGT
BKG00011332,11222,CUS0010440,2024-02-18,WEB
BKG00011333,2922,CUS0002727,2025-11-28,MOB
BKG00011334,12154,CUS0011315,2024-04-12,WEB
BKG00011335,10870,CUS0010120,2026-05-11,MOB
BKG00011336,10637,CUS0009899,2025-05-22,WEB
BKG00011337,2827,CUS0002639,2024-08-01,WEB
BKG00011338,390,CUS0000360,2024-12-26,WEB
BKG00011339,14053,CUS0013047,2025-05-19,OTA
BKG00011340,5568,CUS0005183,2026-03-10,WEB
BKG00011341,1368,CUS0001273,2026-04-11,GDS
BKG00011342,2381,CUS0002219,2025-12-24,OTA
BKG00011343,5230,CUS0004868,2025-02-02,OTA
BKG00011344,2,CUS0000002,2025-07-01,WEB
BKG00011345,10864,CUS0010114,2023-08-23,WEB
BKG00011346,4007,CUS0003736,2025-04-21,GDS
BKG00011347,2247,CUS0002096,2025-02-27,MOB
BKG00011348,5335,CUS0004969,2025-05-03,GDS
BKG00011349,2830,CUS0002642,2025-07-20,OTA
BKG00011350,2641,CUS0002463,2023-11-14,OTA
BKG00011351,3945,CUS0003678,2026-01-22,WEB
BKG00011352,6191,CUS0005769,2024-09-13,GDS
BKG00011353,15736,CUS0014611,2025-09-22,CTR
BKG00011354,7330,CUS0006836,2023-07-20,AGT
BKG00011355,11596,CUS0010786,2024-01-06,WEB
BKG00011356,5609,CUS0005223,2025-11-30,AGT
BKG00011357,9464,CUS0008820,2025-08-18,WEB
BKG00011358,9881,CUS0009200,2025-08-04,MOB
BKG00011359,14289,CUS0013270,2025-12-09,MOB
BKG00011360,1032,CUS0000958,2025-11-12,WEB
BKG00011361,6997,CUS0006529,2025-12-21,GDS
BKG00011362,10004,CUS0009312,2024-09-19,CTR
BKG00011363,3033,CUS0002831,2023-07-18,AGT
BKG00011364,8836,CUS0008235,2023-06-04,OTA
BKG00011365,6894,CUS0006435,2026-04-18,MOB
BKG00011366,10200,CUS0009493,2025-07-17,OTA
BKG00011367,5917,CUS0005515,2023-06-20,OTA
BKG00011368,6719,CUS0006269,2024-11-15,OTA
BKG00011369,14567,CUS0013528,2024-08-24,MOB
BKG00011370,2550,CUS0002376,2023-10-19,GDS
BKG00011371,24,CUS0000023,2025-10-19,AGT
BKG00011372,9365,CUS0008723,2025-03-02,WEB
BKG00011373,15416,CUS0014318,2026-04-22,GDS
BKG00011374,14262,CUS0013244,2024-05-25,OTA
BKG00011375,10585,CUS0009849,2025-01-15,GDS
BKG00011376,12372,CUS0011515,2023-12-02,WEB
BKG00011377,2064,CUS0001920,2024-03-23,AGT
BKG00011378,14201,CUS0013191,2024-05-10,WEB
BKG00011379,10076,CUS0009379,2024-10-01,WEB
BKG00011380,8884,CUS0008280,2023-12-25,WEB
BKG00011381,14797,CUS0013746,2024-06-29,OTA
BKG00011382,8041,CUS0007492,2024-02-11,CTR
BKG00011383,12897,CUS0011998,2025-07-14,OTA
BKG00011384,10222,CUS0009514,2026-04-30,AGT
BKG00011385,772,CUS0000716,2025-08-18,OTA
BKG00011386,1538,CUS0001429,2024-09-08,OTA
BKG00011387,9147,CUS0008525,2026-03-22,OTA
BKG00011388,9091,CUS0008472,2026-01-14,CTR
BKG00011389,8916,CUS0008311,2024-07-24,MOB
BKG00011390,15757,CUS0014629,2025-11-04,OTA
BKG00011391,8904,CUS0008300,2025-06-24,AGT
BKG00011392,1214,CUS0001129,2025-06-20,MOB
BKG00011393,13537,CUS0012576,2023-12-05,AGT
BKG00011394,1011,CUS0000939,2025-07-12,AGT
BKG00011395,11622,CUS0010812,2024-05-30,AGT
BKG00011396,3278,CUS0003058,2025-03-30,GDS
BKG00011397,2874,CUS0002683,2024-08-25,OTA
BKG00011398,14232,CUS0013218,2023-06-18,CTR
BKG00011399,15981,CUS0014837,2024-10-11,WEB
BKG00011400,11341,CUS0010551,2026-03-03,WEB
BKG00011401,4861,CUS0004530,2025-02-14,WEB
BKG00011402,7556,CUS0007042,2025-03-07,CTR
BKG00011403,9968,CUS0009278,2026-05-20,OTA
BKG00011404,657,CUS0000609,2025-09-14,GDS
BKG00011405,6152,CUS0005734,2026-05-11,GDS
BKG00011406,3329,CUS0003105,2025-06-19,WEB
BKG00011407,4035,CUS0003762,2025-07-08,MOB
BKG00011408,9457,CUS0008813,2025-06-05,OTA
BKG00011409,1561,CUS0001450,2025-02-12,OTA
BKG00011410,6585,CUS0006141,2023-12-08,MOB
BKG00011411,9930,CUS0009245,2024-08-16,GDS
BKG00011412,4660,CUS0004341,2026-01-18,AGT
BKG00011413,2313,CUS0002156,2024-11-15,CTR
BKG00011414,6870,CUS0006412,2026-01-07,GDS
BKG00011415,8358,CUS0007786,2025-09-21,GDS
BKG00011416,2057,CUS0001913,2023-07-16,AGT
BKG00011417,10625,CUS0009888,2025-12-02,WEB
BKG00011418,3051,CUS0002847,2024-03-24,MOB
BKG00011419,3306,CUS0003084,2023-06-30,AGT
BKG00011420,6652,CUS0006206,2026-05-25,CTR
BKG00011421,2618,CUS0002441,2025-10-01,CTR
BKG00011422,13791,CUS0012808,2024-11-21,AGT
BKG00011423,7849,CUS0007314,2024-07-17,CTR
BKG00011424,12897,CUS0011998,2025-12-22,WEB
BKG00011425,9625,CUS0008966,2024-08-09,AGT
BKG00011426,13851,CUS0012863,2024-11-29,CTR
BKG00011427,8091,CUS0007536,2024-08-09,WEB
BKG00011428,8754,CUS0008157,2024-04-19,AGT
BKG00011429,10258,CUS0009547,2024-06-17,OTA
BKG00011430,8639,CUS0008050,2023-10-01,MOB
BKG00011431,16002,CUS0014857,2024-05-11,WEB
BKG00011432,6032,CUS0005621,2025-08-18,MOB
BKG00011433,10449,CUS0009725,2025-12-07,WEB
BKG00011434,12907,CUS0012006,2023-09-16,GDS
BKG00011435,8155,CUS0007598,2025-10-07,OTA
BKG00011436,11285,CUS0010498,2026-02-04,WEB
BKG00011437,9481,CUS0008835,2025-06-28,GDS
BKG00011438,4043,CUS0003770,2024-07-30,CTR
BKG00011439,2533,CUS0002360,2025-09-19,GDS
BKG00011440,8038,CUS0007489,2023-11-19,AGT
BKG00011441,6990,CUS0006524,2026-03-29,CTR
BKG00011442,13969,CUS0012968,2023-08-12,AGT
BKG00011443,9896,CUS0009215,2025-05-12,OTA
BKG00011444,14047,CUS0013041,2024-07-02,AGT
BKG00011445,3305,CUS0003083,2026-04-05,WEB
BKG00011446,1916,CUS0001782,2026-01-28,MOB
BKG00011447,5056,CUS0004703,2024-03-29,AGT
BKG00011448,815,CUS0000756,2026-04-28,CTR
BKG00011449,11570,CUS0010762,2026-01-25,AGT
BKG00011450,14388,CUS0013360,2026-01-15,CTR
BKG00011451,13101,CUS0012178,2023-11-28,GDS
BKG00011452,14290,CUS0013271,2026-04-28,AGT
BKG00011453,103,CUS0000096,2024-01-26,AGT
BKG00011454,4416,CUS0004114,2023-11-02,MOB
BKG00011455,7006,CUS0006537,2024-10-26,GDS
BKG00011456,9326,CUS0008688,2026-04-29,CTR
BKG00011457,9917,CUS0009234,2023-08-30,OTA
BKG00011458,8681,CUS0008088,2025-03-09,WEB
BKG00011459,5003,CUS0004654,2025-12-21,WEB
BKG00011460,1861,CUS0001728,2026-04-09,CTR
BKG00011461,6470,CUS0006029,2026-03-27,MOB
BKG00011462,5739,CUS0005349,2024-06-21,GDS
BKG00011463,4404,CUS0004102,2023-12-23,MOB
BKG00011464,4013,CUS0003742,2025-07-31,WEB
BKG00011465,14727,CUS0013681,2023-07-01,GDS
BKG00011466,15413,CUS0014315,2024-03-19,OTA
BKG00011467,3107,CUS0002897,2025-10-28,AGT
BKG00011468,13608,CUS0012641,2024-06-22,WEB
BKG00011469,10847,CUS0010098,2025-05-14,GDS
BKG00011470,4268,CUS0003976,2024-06-22,OTA
BKG00011471,6988,CUS0006522,2024-03-24,AGT
BKG00011472,13182,CUS0012251,2024-11-29,WEB
BKG00011473,13343,CUS0012397,2023-08-02,WEB
BKG00011474,11903,CUS0011081,2024-04-10,AGT
BKG00011475,9583,CUS0008929,2024-03-15,GDS
BKG00011476,5620,CUS0005234,2025-09-08,AGT
BKG00011477,9970,CUS0009280,2025-02-25,CTR
BKG00011478,6925,CUS0006463,2024-05-24,WEB
BKG00011479,7832,CUS0007298,2023-07-03,CTR
BKG00011480,13814,CUS0012828,2024-01-11,GDS
BKG00011481,4164,CUS0003880,2026-01-17,CTR
BKG00011482,14214,CUS0013202,2025-01-03,WEB
BKG00011483,2923,CUS0002728,2025-12-26,OTA
BKG00011484,624,CUS0000580,2024-02-04,OTA
BKG00011485,8441,CUS0007864,2024-07-11,AGT
BKG00011486,13516,CUS0012557,2025-07-31,AGT
BKG00011487,10307,CUS0009593,2023-08-16,MOB
BKG00011488,15335,CUS0014242,2025-10-18,GDS
BKG00011489,9693,CUS0009031,2023-11-07,MOB
BKG00011490,12153,CUS0011314,2024-06-19,AGT
BKG00011491,12549,CUS0011680,2025-10-05,OTA
BKG00011492,8943,CUS0008336,2024-07-09,MOB
BKG00011493,8311,CUS0007741,2024-05-23,OTA
BKG00011494,1541,CUS0001432,2025-08-12,GDS
BKG00011495,924,CUS0000856,2024-12-10,GDS
BKG00011496,12437,CUS0011575,2025-10-14,WEB
BKG00011497,15258,CUS0014171,2024-07-17,AGT
BKG00011498,11013,CUS0010251,2024-12-24,OTA
BKG00011499,818,CUS0000759,2024-01-09,AGT
BKG00011500,3733,CUS0003478,2024-08-19,OTA
BKG00011501,1445,CUS0001342,2024-04-29,CTR
BKG00011502,12025,CUS0011194,2023-07-24,OTA
BKG00011503,7924,CUS0007386,2025-01-04,MOB
BKG00011504,666,CUS0000618,2025-09-08,WEB
BKG00011505,10887,CUS0010135,2024-01-01,GDS
BKG00011506,5153,CUS0004794,2026-05-14,GDS
BKG00011507,13945,CUS0012947,2025-09-29,OTA
BKG00011508,2334,CUS0002175,2024-02-17,OTA
BKG00011509,9147,CUS0008525,2024-08-02,MOB
BKG00011510,5267,CUS0004903,2025-01-05,CTR
BKG00011511,3377,CUS0003148,2023-11-04,AGT
BKG00011512,1506,CUS0001400,2025-01-16,WEB
BKG00011513,15659,CUS0014540,2023-09-13,OTA
BKG00011514,6516,CUS0006074,2026-03-10,WEB
BKG00011515,7037,CUS0006565,2023-12-11,OTA
BKG00011516,5547,CUS0005165,2024-05-06,MOB
BKG00011517,3747,CUS0003491,2026-05-01,OTA
BKG00011518,12405,CUS0011544,2025-09-07,CTR
BKG00011519,12676,CUS0011790,2024-07-13,OTA
BKG00011520,7159,CUS0006679,2025-01-11,CTR
BKG00011521,2675,CUS0002495,2023-11-13,OTA
BKG00011522,226,CUS0000211,2026-01-04,WEB
BKG00011523,3962,CUS0003694,2024-04-29,CTR
BKG00011524,15373,CUS0014278,2024-01-13,AGT
BKG00011525,5970,CUS0005565,2023-08-20,CTR
BKG00011526,14680,CUS0013637,2024-01-18,CTR
BKG00011527,7615,CUS0007097,2024-01-18,OTA
BKG00011528,7387,CUS0006886,2024-02-07,CTR
BKG00011529,15832,CUS0014697,2024-12-29,OTA
BKG00011530,9158,CUS0008535,2023-06-13,WEB
BKG00011531,12354,CUS0011499,2024-02-06,CTR
BKG00011532,12965,CUS0012058,2024-10-22,AGT
BKG00011533,6304,CUS0005878,2024-06-26,AGT
BKG00011534,2409,CUS0002246,2023-12-05,MOB
BKG00011535,9565,CUS0008912,2025-11-12,MOB
BKG00011536,5302,CUS0004937,2023-07-01,CTR
BKG00011537,8456,CUS0007878,2023-07-27,OTA
BKG00011538,11203,CUS0010421,2026-02-27,MOB
BKG00011539,2501,CUS0002330,2024-10-03,MOB
BKG00011540,7245,CUS0006755,2023-11-26,MOB
BKG00011541,11488,CUS0010688,2023-11-27,CTR
BKG00011542,8914,CUS0008309,2023-07-20,AGT
BKG00011543,2902,CUS0002708,2023-11-28,OTA
BKG00011544,10496,CUS0009768,2023-12-19,CTR
BKG00011545,5820,CUS0005423,2026-04-12,AGT
BKG00011546,5785,CUS0005391,2025-06-20,WEB
BKG00011547,1700,CUS0001579,2025-04-27,OTA
BKG00011548,12453,CUS0011589,2024-06-09,WEB
BKG00011549,6608,CUS0006164,2025-12-08,CTR
BKG00011550,12776,CUS0011884,2024-11-18,OTA
BKG00011551,13261,CUS0012324,2026-01-08,WEB
BKG00011552,244,CUS0000227,2025-05-09,AGT
BKG00011553,83,CUS0000077,2026-02-01,GDS
BKG00011554,8337,CUS0007765,2024-03-08,CTR
BKG00011555,5015,CUS0004665,2025-09-29,GDS
BKG00011556,12273,CUS0011427,2024-02-01,WEB
BKG00011557,10085,CUS0009388,2026-02-02,CTR
BKG00011558,1240,CUS0001155,2023-07-13,MOB
BKG00011559,620,CUS0000576,2023-08-28,AGT
BKG00011560,1903,CUS0001769,2025-03-15,WEB
BKG00011561,13304,CUS0012362,2025-04-27,WEB
BKG00011562,15014,CUS0013948,2025-10-09,GDS
BKG00011563,12079,CUS0011246,2024-04-03,AGT
BKG00011564,15508,CUS0014401,2024-12-15,MOB
BKG00011565,14622,CUS0013581,2026-02-24,CTR
BKG00011566,3283,CUS0003063,2025-03-03,AGT
BKG00011567,830,CUS0000769,2023-09-18,AGT
BKG00011568,6122,CUS0005705,2025-06-09,OTA
BKG00011569,13021,CUS0012107,2024-01-22,GDS
BKG00011570,4943,CUS0004601,2023-10-18,WEB
BKG00011571,15429,CUS0014329,2023-08-21,CTR
BKG00011572,12460,CUS0011596,2024-03-29,CTR
BKG00011573,11558,CUS0010751,2025-07-01,WEB
BKG00011574,11480,CUS0010680,2025-01-09,AGT
BKG00011575,12985,CUS0012075,2023-10-05,MOB
BKG00011576,10247,CUS0009536,2024-06-01,AGT
BKG00011577,14339,CUS0013314,2025-09-02,AGT
BKG00011578,11915,CUS0011093,2024-03-12,GDS
BKG00011579,169,CUS0000158,2025-11-17,AGT
BKG00011580,13131,CUS0012206,2023-10-28,CTR
BKG00011581,8416,CUS0007841,2023-06-17,AGT
BKG00011582,14939,CUS0013877,2026-05-22,WEB
BKG00011583,5264,CUS0004900,2023-07-28,CTR
BKG00011584,2484,CUS0002314,2024-02-15,MOB
BKG00011585,1660,CUS0001545,2023-11-25,WEB
BKG00011586,15043,CUS0013974,2025-03-19,OTA
BKG00011587,7254,CUS0006763,2025-06-04,WEB
BKG00011588,11560,CUS0010753,2023-06-29,MOB
BKG00011589,1774,CUS0001645,2024-02-02,CTR
BKG00011590,11813,CUS0010992,2024-05-01,AGT
BKG00011591,9906,CUS0009224,2026-03-19,CTR
BKG00011592,8452,CUS0007874,2025-09-07,AGT
BKG00011593,6132,CUS0005715,2023-11-30,MOB
BKG00011594,6381,CUS0005951,2025-05-07,OTA
BKG00011595,8520,CUS0007937,2026-01-31,AGT
BKG00011596,1076,CUS0001000,2025-06-27,GDS
BKG00011597,9391,CUS0008747,2025-12-11,CTR
BKG00011598,3705,CUS0003454,2024-06-02,OTA
BKG00011599,10943,CUS0010186,2026-05-21,CTR
BKG00011600,14113,CUS0013107,2025-10-29,OTA
BKG00011601,4785,CUS0004460,2024-03-11,GDS
BKG00011602,2244,CUS0002093,2023-12-08,AGT
BKG00011603,6546,CUS0006104,2024-03-02,WEB
BKG00011604,16106,CUS0014953,2025-09-23,MOB
BKG00011605,12280,CUS0011433,2024-05-05,WEB
BKG00011606,15125,CUS0014050,2025-08-28,MOB
BKG00011607,360,CUS0000333,2023-06-03,CTR
BKG00011608,7142,CUS0006664,2025-02-04,AGT
BKG00011609,13884,CUS0012891,2025-04-01,OTA
BKG00011610,12325,CUS0011472,2025-04-13,OTA
BKG00011611,96,CUS0000089,2025-07-27,CTR
BKG00011612,10022,CUS0009329,2024-12-26,WEB
BKG00011613,8419,CUS0007843,2025-12-13,WEB
BKG00011614,1841,CUS0001709,2024-12-23,CTR
BKG00011615,5318,CUS0004952,2024-08-10,MOB
BKG00011616,68,CUS0000063,2024-05-12,OTA
BKG00011617,11062,CUS0010296,2025-09-18,CTR
BKG00011618,5332,CUS0004966,2024-08-28,GDS
BKG00011619,1483,CUS0001377,2024-05-20,GDS
BKG00011620,3756,CUS0003499,2024-09-11,OTA
BKG00011621,4545,CUS0004234,2025-08-10,WEB
BKG00011622,5604,CUS0005218,2023-12-13,WEB
BKG00011623,14902,CUS0013842,2025-09-13,MOB
BKG00011624,6820,CUS0006364,2025-01-25,WEB
BKG00011625,14284,CUS0013265,2025-03-03,AGT
BKG00011626,2716,CUS0002534,2024-05-01,AGT
BKG00011627,5410,CUS0005038,2023-05-28,WEB
BKG00011628,3554,CUS0003316,2024-08-18,GDS
BKG00011629,462,CUS0000428,2025-09-03,WEB
BKG00011630,3277,CUS0003057,2024-01-31,GDS
BKG00011631,11416,CUS0010619,2023-11-16,CTR
BKG00011632,3183,CUS0002971,2023-08-26,GDS
BKG00011633,97,CUS0000090,2024-11-19,CTR
BKG00011634,1812,CUS0001682,2023-09-12,GDS
BKG00011635,7490,CUS0006980,2024-04-16,WEB
BKG00011636,2888,CUS0002695,2025-05-13,AGT
BKG00011637,14624,CUS0013583,2026-04-30,OTA
BKG00011638,162,CUS0000152,2025-02-26,MOB
BKG00011639,12117,CUS0011282,2026-02-26,GDS
BKG00011640,4153,CUS0003870,2025-04-03,AGT
BKG00011641,5683,CUS0005296,2024-11-10,GDS
BKG00011642,9655,CUS0008994,2026-04-19,CTR
BKG00011643,8085,CUS0007530,2024-03-15,CTR
BKG00011644,13929,CUS0012933,2025-11-16,OTA
BKG00011645,5995,CUS0005587,2023-11-01,MOB
BKG00011646,10106,CUS0009408,2026-01-25,CTR
BKG00011647,1661,CUS0001546,2024-12-07,WEB
BKG00011648,1004,CUS0000932,2024-04-09,GDS
BKG00011649,2395,CUS0002233,2023-07-27,CTR
BKG00011650,1183,CUS0001098,2023-12-23,GDS
BKG00011651,10568,CUS0009833,2025-11-04,GDS
BKG00011652,8454,CUS0007876,2025-04-22,WEB
BKG00011653,9351,CUS0008711,2025-02-15,MOB
BKG00011654,2498,CUS0002327,2025-12-24,MOB
BKG00011655,9549,CUS0008896,2024-12-03,GDS
BKG00011656,9737,CUS0009071,2024-12-20,MOB
BKG00011657,14862,CUS0013806,2026-01-26,OTA
BKG00011658,120,CUS0000111,2025-08-14,CTR
BKG00011659,3398,CUS0003168,2025-03-18,AGT
BKG00011660,5213,CUS0004852,2024-01-10,WEB
BKG00011661,13659,CUS0012687,2023-12-21,WEB
BKG00011662,1498,CUS0001392,2025-09-02,GDS
BKG00011663,828,CUS0000767,2023-12-16,OTA
BKG00011664,7882,CUS0007345,2025-11-19,GDS
BKG00011665,5055,CUS0004702,2024-12-19,WEB
BKG00011666,213,CUS0000200,2025-09-25,MOB
BKG00011667,15184,CUS0014103,2025-05-22,AGT
BKG00011668,9864,CUS0009184,2025-10-20,WEB
BKG00011669,6598,CUS0006154,2025-07-08,WEB
BKG00011670,6602,CUS0006158,2024-03-08,WEB
BKG00011671,3382,CUS0003153,2026-01-15,MOB
BKG00011672,7195,CUS0006712,2025-02-01,WEB
BKG00011673,15165,CUS0014084,2023-07-24,MOB
BKG00011674,4457,CUS0004154,2024-03-11,OTA
BKG00011675,3423,CUS0003189,2024-12-10,MOB
BKG00011676,7904,CUS0007367,2023-10-14,OTA
BKG00011677,14867,CUS0013810,2024-02-08,CTR
BKG00011678,6085,CUS0005671,2023-06-02,GDS
BKG00011679,8899,CUS0008295,2024-11-21,CTR
BKG00011680,14127,CUS0013120,2023-11-05,CTR
BKG00011681,7590,CUS0007074,2025-12-01,CTR
BKG00011682,2898,CUS0002705,2025-08-15,GDS
BKG00011683,15201,CUS0014117,2024-03-09,MOB
BKG00011684,4470,CUS0004166,2024-01-28,GDS
BKG00011685,758,CUS0000705,2024-01-02,GDS
BKG00011686,2450,CUS0002283,2024-08-24,OTA
BKG00011687,7614,CUS0007096,2025-06-01,MOB
BKG00011688,5829,CUS0005431,2023-06-18,CTR
BKG00011689,10596,CUS0009860,2024-10-26,CTR
BKG00011690,8653,CUS0008064,2023-08-03,CTR
BKG00011691,9098,CUS0008479,2024-06-26,CTR
BKG00011692,7506,CUS0006995,2025-07-15,CTR
BKG00011693,13891,CUS0012898,2024-11-11,GDS
BKG00011694,2309,CUS0002152,2024-10-04,WEB
BKG00011695,5923,CUS0005520,2026-05-25,AGT
BKG00011696,5872,CUS0005474,2026-02-12,WEB
BKG00011697,6644,CUS0006199,2024-04-26,GDS
BKG00011698,2462,CUS0002295,2024-11-06,CTR
BKG00011699,2310,CUS0002153,2025-03-30,MOB
BKG00011700,6823,CUS0006367,2024-06-14,WEB
BKG00011701,9188,CUS0008562,2024-02-06,MOB
BKG00011702,5929,CUS0005526,2025-04-02,MOB
BKG00011703,3341,CUS0003116,2025-01-10,MOB
BKG00011704,10446,CUS0009722,2025-09-14,WEB
BKG00011705,10462,CUS0009738,2023-06-02,CTR
BKG00011706,14451,CUS0013420,2026-05-06,CTR
BKG00011707,15490,CUS0014385,2024-10-31,GDS
BKG00011708,2433,CUS0002268,2025-10-31,AGT
BKG00011709,12028,CUS0011197,2024-05-31,GDS
BKG00011710,12451,CUS0011588,2024-10-28,GDS
BKG00011711,13770,CUS0012789,2024-05-04,AGT
BKG00011712,15893,CUS0014755,2024-04-09,WEB
BKG00011713,2424,CUS0002260,2024-02-20,CTR
BKG00011714,8708,CUS0008113,2024-12-22,OTA
BKG00011715,16131,CUS0014976,2024-03-01,CTR
BKG00011716,13543,CUS0012582,2025-10-17,CTR
BKG00011717,13477,CUS0012521,2025-09-09,AGT
BKG00011718,3052,CUS0002848,2025-09-11,CTR
BKG00011719,12468,CUS0011604,2025-09-24,MOB
BKG00011720,4269,CUS0003977,2025-02-01,WEB
BKG00011721,13925,CUS0012929,2024-10-25,MOB
BKG00011722,1398,CUS0001299,2024-02-15,AGT
BKG00011723,14153,CUS0013144,2025-05-11,CTR
BKG00011724,16011,CUS0014866,2026-04-29,GDS
BKG00011725,15454,CUS0014352,2023-11-29,CTR
BKG00011726,10758,CUS0010013,2024-04-02,AGT
BKG00011727,14006,CUS0013003,2025-02-20,WEB
BKG00011728,2419,CUS0002255,2025-08-24,MOB
BKG00011729,1096,CUS0001018,2024-09-14,GDS
BKG00011730,11091,CUS0010322,2024-06-15,OTA
BKG00011731,12600,CUS0011721,2023-10-21,OTA
BKG00011732,15198,CUS0014115,2023-06-14,MOB
BKG00011733,3472,CUS0003237,2026-05-09,OTA
BKG00011734,1857,CUS0001724,2023-09-08,GDS
BKG00011735,15639,CUS0014523,2023-12-31,OTA
BKG00011736,10273,CUS0009562,2023-12-11,GDS
BKG00011737,12243,CUS0011399,2023-09-16,OTA
BKG00011738,14653,CUS0013611,2024-06-17,GDS
BKG00011739,9532,CUS0008880,2024-02-21,OTA
BKG00011740,11073,CUS0010307,2023-06-30,GDS
BKG00011741,8636,CUS0008047,2026-03-07,WEB
BKG00011742,13074,CUS0012154,2026-03-11,CTR
BKG00011743,5019,CUS0004669,2025-04-25,GDS
BKG00011744,15565,CUS0014456,2025-08-02,WEB
BKG00011745,5345,CUS0004979,2023-06-03,MOB
BKG00011746,11610,CUS0010800,2024-09-21,AGT
BKG00011747,15525,CUS0014418,2023-10-02,CTR
BKG00011748,6541,CUS0006099,2023-10-28,WEB
BKG00011749,11616,CUS0010806,2023-06-21,GDS
BKG00011750,2044,CUS0001901,2026-02-01,AGT
BKG00011751,8608,CUS0008021,2024-02-13,MOB
BKG00011752,4686,CUS0004365,2025-05-29,WEB
BKG00011753,5562,CUS0005178,2025-03-30,MOB
BKG00011754,10160,CUS0009455,2024-10-07,OTA
BKG00011755,8040,CUS0007491,2024-11-10,GDS
BKG00011756,2561,CUS0002386,2025-12-21,AGT
BKG00011757,3400,CUS0003170,2024-12-25,WEB
BKG00011758,3979,CUS0003710,2025-06-14,MOB
BKG00011759,12590,CUS0011713,2024-03-16,MOB
BKG00011760,6596,CUS0006152,2024-02-15,WEB
BKG00011761,4995,CUS0004647,2025-04-03,MOB
BKG00011762,5105,CUS0004747,2024-09-05,AGT
BKG00011763,5591,CUS0005205,2023-10-11,GDS
BKG00011764,15968,CUS0014825,2023-05-27,OTA
BKG00011765,9366,CUS0008724,2023-06-22,AGT
BKG00011766,15999,CUS0014854,2025-08-29,GDS
BKG00011767,8698,CUS0008104,2025-06-19,WEB
BKG00011768,11396,CUS0010601,2025-06-30,WEB
BKG00011769,5984,CUS0005577,2025-09-04,MOB
BKG00011770,10407,CUS0009685,2023-07-15,OTA
BKG00011771,12617,CUS0011736,2026-05-06,GDS
BKG00011772,3956,CUS0003689,2026-05-14,AGT
BKG00011773,253,CUS0000235,2024-08-17,MOB
BKG00011774,3670,CUS0003421,2024-05-08,OTA
BKG00011775,15808,CUS0014675,2025-05-13,WEB
BKG00011776,6687,CUS0006240,2026-01-18,WEB
BKG00011777,5337,CUS0004971,2025-03-22,GDS
BKG00011778,2933,CUS0002738,2025-03-18,CTR
BKG00011779,896,CUS0000830,2023-10-09,AGT
BKG00011780,8473,CUS0007894,2026-02-04,WEB
BKG00011781,10635,CUS0009897,2025-11-16,OTA
BKG00011782,15005,CUS0013939,2026-01-02,WEB
BKG00011783,1345,CUS0001252,2025-12-28,OTA
BKG00011784,2452,CUS0002285,2025-06-05,GDS
BKG00011785,5564,CUS0005179,2026-05-07,OTA
BKG00011786,11303,CUS0010515,2026-01-11,AGT
BKG00011787,14632,CUS0013591,2026-01-15,MOB
BKG00011788,7102,CUS0006627,2023-07-24,MOB
BKG00011789,6444,CUS0006007,2024-11-30,OTA
BKG00011790,956,CUS0000887,2024-09-25,OTA
BKG00011791,8756,CUS0008159,2024-05-26,WEB
BKG00011792,1448,CUS0001345,2025-03-20,AGT
BKG00011793,13085,CUS0012164,2025-06-05,MOB
BKG00011794,7219,CUS0006732,2023-10-13,MOB
BKG00011795,2994,CUS0002793,2025-03-10,OTA
BKG00011796,10571,CUS0009836,2025-01-20,MOB
BKG00011797,16081,CUS0014930,2023-07-29,CTR
BKG00011798,11055,CUS0010289,2024-04-17,AGT
BKG00011799,13052,CUS0012136,2026-05-09,OTA
BKG00011800,12349,CUS0011495,2024-06-18,OTA
BKG00011801,8134,CUS0007577,2023-08-20,WEB
BKG00011802,6534,CUS0006092,2025-12-12,CTR
BKG00011803,7463,CUS0006955,2025-03-01,GDS
BKG00011804,12136,CUS0011300,2024-01-28,CTR
BKG00011805,10594,CUS0009858,2024-08-21,WEB
BKG00011806,14630,CUS0013589,2024-11-08,OTA
BKG00011807,10330,CUS0009614,2026-03-30,CTR
BKG00011808,2322,CUS0002165,2025-08-27,OTA
BKG00011809,1016,CUS0000943,2025-11-09,OTA
BKG00011810,7143,CUS0006665,2023-09-06,WEB
BKG00011811,7038,CUS0006566,2024-02-04,WEB
BKG00011812,8414,CUS0007839,2025-05-25,WEB
BKG00011813,3791,CUS0003533,2025-11-13,MOB
BKG00011814,8652,CUS0008063,2026-02-27,WEB
BKG00011815,16113,CUS0014959,2025-03-22,OTA
BKG00011816,14038,CUS0013032,2025-07-16,GDS
BKG00011817,1904,CUS0001770,2025-05-30,WEB
BKG00011818,9573,CUS0008920,2024-03-10,OTA
BKG00011819,6834,CUS0006378,2025-10-06,MOB
BKG00011820,12820,CUS0011924,2024-04-18,WEB
BKG00011821,7369,CUS0006871,2026-02-14,CTR
BKG00011822,882,CUS0000817,2023-08-26,GDS
BKG00011823,11870,CUS0011048,2025-09-05,AGT
BKG00011824,7647,CUS0007125,2025-05-16,AGT
BKG00011825,1489,CUS0001383,2026-04-02,MOB
BKG00011826,1700,CUS0001579,2025-12-12,MOB
BKG00011827,2017,CUS0001875,2023-09-24,MOB
BKG00011828,15246,CUS0014161,2025-01-24,CTR
BKG00011829,9785,CUS0009115,2023-07-18,CTR
BKG00011830,8051,CUS0007501,2024-02-11,OTA
BKG00011831,7344,CUS0006848,2025-05-02,AGT
BKG00011832,6656,CUS0006210,2024-12-01,CTR
BKG00011833,4167,CUS0003883,2026-04-16,OTA
BKG00011834,1805,CUS0001675,2025-09-03,AGT
BKG00011835,6670,CUS0006223,2025-05-14,WEB
BKG00011836,2351,CUS0002191,2024-08-19,AGT
BKG00011837,13294,CUS0012354,2025-08-20,MOB
BKG00011838,4981,CUS0004634,2024-08-01,GDS
BKG00011839,12554,CUS0011684,2025-09-28,WEB
BKG00011840,1375,CUS0001279,2025-10-24,CTR
BKG00011841,2395,CUS0002233,2026-02-25,GDS
BKG00011842,3592,CUS0003351,2025-02-19,MOB
BKG00011843,10456,CUS0009732,2025-06-11,MOB
BKG00011844,670,CUS0000621,2024-10-18,CTR
BKG00011845,684,CUS0000635,2023-12-12,GDS
BKG00011846,15956,CUS0014814,2023-08-13,AGT
BKG00011847,6109,CUS0005692,2026-01-09,CTR
BKG00011848,11389,CUS0010595,2025-03-01,MOB
BKG00011849,2668,CUS0002488,2023-10-21,CTR
BKG00011850,4032,CUS0003759,2024-06-06,WEB
BKG00011851,114,CUS0000106,2024-04-26,CTR
BKG00011852,14127,CUS0013120,2025-09-12,OTA
BKG00011853,6780,CUS0006325,2023-08-12,MOB
BKG00011854,5326,CUS0004960,2025-02-14,CTR
BKG00011855,1440,CUS0001338,2023-06-14,CTR
BKG00011856,7324,CUS0006830,2025-11-09,CTR
BKG00011857,6307,CUS0005881,2025-04-11,OTA
BKG00011858,10240,CUS0009531,2024-05-06,AGT
BKG00011859,11680,CUS0010868,2023-07-17,GDS
BKG00011860,15380,CUS0014285,2023-10-26,WEB
BKG00011861,15757,CUS0014629,2024-10-26,GDS
BKG00011862,11936,CUS0011113,2023-12-20,CTR
BKG00011863,12057,CUS0011225,2024-07-10,CTR
BKG00011864,11148,CUS0010371,2024-12-04,WEB
BKG00011865,4682,CUS0004361,2025-07-27,AGT
BKG00011866,13441,CUS0012488,2024-11-20,CTR
BKG00011867,745,CUS0000692,2026-03-10,AGT
BKG00011868,9658,CUS0008997,2023-12-08,CTR
BKG00011869,10531,CUS0009799,2025-07-05,CTR
BKG00011870,13636,CUS0012667,2023-06-09,MOB
BKG00011871,1113,CUS0001033,2024-08-21,MOB
BKG00011872,14850,CUS0013795,2024-08-01,WEB
BKG00011873,3537,CUS0003300,2025-08-09,AGT
BKG00011874,11045,CUS0010281,2026-05-08,WEB
BKG00011875,9754,CUS0009086,2024-08-12,AGT
BKG00011876,3065,CUS0002858,2025-11-09,AGT
BKG00011877,8085,CUS0007530,2024-10-28,MOB
BKG00011878,12828,CUS0011932,2025-03-22,GDS
BKG00011879,14418,CUS0013388,2024-10-20,MOB
BKG00011880,11557,CUS0010750,2025-09-01,GDS
BKG00011881,5946,CUS0005542,2024-08-18,GDS
BKG00011882,8288,CUS0007723,2023-11-11,AGT
BKG00011883,6572,CUS0006128,2024-10-22,GDS
BKG00011884,10343,CUS0009627,2023-07-31,GDS
BKG00011885,6208,CUS0005783,2024-02-10,OTA
BKG00011886,3160,CUS0002949,2023-09-07,WEB
BKG00011887,10430,CUS0009706,2025-10-15,OTA
BKG00011888,9744,CUS0009078,2025-11-19,MOB
BKG00011889,2860,CUS0002669,2025-01-26,GDS
BKG00011890,11487,CUS0010687,2025-08-09,OTA
BKG00011891,132,CUS0000123,2025-09-24,AGT
BKG00011892,5331,CUS0004965,2024-01-14,OTA
BKG00011893,7413,CUS0006909,2026-04-12,OTA
BKG00011894,14047,CUS0013041,2024-07-22,AGT
BKG00011895,15710,CUS0014587,2024-03-25,GDS
BKG00011896,7909,CUS0007372,2025-07-02,WEB
BKG00011897,1971,CUS0001832,2023-09-13,AGT
BKG00011898,7338,CUS0006843,2025-06-01,MOB
BKG00011899,11808,CUS0010987,2025-06-13,CTR
BKG00011900,14910,CUS0013849,2025-05-05,CTR
BKG00011901,15662,CUS0014543,2024-08-04,CTR
BKG00011902,8849,CUS0008247,2025-09-21,AGT
BKG00011903,14122,CUS0013115,2023-10-24,AGT
BKG00011904,13615,CUS0012647,2026-02-08,OTA
BKG00011905,15694,CUS0014572,2025-07-18,CTR
BKG00011906,5354,CUS0004987,2023-12-31,CTR
BKG00011907,11748,CUS0010932,2023-11-28,WEB
BKG00011908,7121,CUS0006643,2025-01-13,OTA
BKG00011909,9202,CUS0008575,2023-11-26,OTA
BKG00011910,10413,CUS0009691,2024-09-07,WEB
BKG00011911,15652,CUS0014535,2025-11-08,OTA
BKG00011912,5113,CUS0004754,2024-02-28,WEB
BKG00011913,6692,CUS0006244,2026-05-02,CTR
BKG00011914,14863,CUS0013807,2024-03-23,GDS
BKG00011915,322,CUS0000298,2025-04-18,OTA
BKG00011916,3184,CUS0002972,2023-07-04,OTA
BKG00011917,14863,CUS0013807,2024-12-22,GDS
BKG00011918,3871,CUS0003610,2024-03-14,AGT
BKG00011919,11860,CUS0011038,2024-06-14,OTA
BKG00011920,10650,CUS0009912,2024-03-12,CTR
BKG00011921,13002,CUS0012092,2025-09-24,CTR
BKG00011922,13725,CUS0012749,2026-01-27,OTA
BKG00011923,206,CUS0000194,2024-10-01,MOB
BKG00011924,721,CUS0000670,2023-07-05,CTR
BKG00011925,3638,CUS0003391,2024-11-02,CTR
BKG00011926,10973,CUS0010216,2025-08-22,MOB
BKG00011927,4578,CUS0004265,2025-10-18,OTA
BKG00011928,14388,CUS0013360,2025-10-15,AGT
BKG00011929,10223,CUS0009515,2024-02-06,AGT
BKG00011930,14565,CUS0013526,2025-03-16,WEB
BKG00011931,147,CUS0000137,2024-04-29,CTR
BKG00011932,14668,CUS0013625,2026-03-13,WEB
BKG00011933,5595,CUS0005209,2025-11-04,AGT
BKG00011934,4503,CUS0004197,2025-02-21,MOB
BKG00011935,2865,CUS0002674,2024-10-13,WEB
BKG00011936,9837,CUS0009160,2024-09-06,OTA
BKG00011937,3471,CUS0003236,2023-06-09,AGT
BKG00011938,14723,CUS0013677,2025-11-19,MOB
BKG00011939,3706,CUS0003455,2023-11-13,AGT
BKG00011940,76,CUS0000071,2024-12-03,GDS
BKG00011941,4840,CUS0004510,2025-06-29,CTR
BKG00011942,8146,CUS0007589,2025-05-09,OTA
BKG00011943,14977,CUS0013914,2023-05-26,AGT
BKG00011944,14007,CUS0013004,2025-02-03,OTA
BKG00011945,3297,CUS0003076,2025-05-27,OTA
BKG00011946,13990,CUS0012989,2024-10-21,AGT
BKG00011947,15104,CUS0014032,2025-10-29,AGT
BKG00011948,124,CUS0000115,2024-10-12,WEB
BKG00011949,975,CUS0000905,2023-07-01,AGT
BKG00011950,8174,CUS0007617,2026-03-13,AGT
BKG00011951,5110,CUS0004751,2024-11-10,CTR
BKG00011952,11082,CUS0010314,2024-06-09,WEB
BKG00011953,2586,CUS0002410,2023-07-12,AGT
BKG00011954,11328,CUS0010539,2023-09-04,OTA
BKG00011955,15984,CUS0014839,2024-12-21,GDS
BKG00011956,3342,CUS0003117,2025-02-21,AGT
BKG00011957,11621,CUS0010811,2026-03-02,OTA
BKG00011958,10236,CUS0009527,2026-03-12,GDS
BKG00011959,11037,CUS0010273,2024-08-14,MOB
BKG00011960,9513,CUS0008862,2025-01-21,WEB
BKG00011961,5317,CUS0004951,2026-05-10,GDS
BKG00011962,7188,CUS0006705,2025-11-02,GDS
BKG00011963,5191,CUS0004831,2026-05-07,GDS
BKG00011964,14442,CUS0013411,2025-06-07,OTA
BKG00011965,10657,CUS0009919,2026-01-08,MOB
BKG00011966,2363,CUS0002202,2026-02-01,OTA
BKG00011967,1918,CUS0001784,2024-06-03,GDS
BKG00011968,5474,CUS0005096,2024-02-23,CTR
BKG00011969,10794,CUS0010048,2023-08-25,CTR
BKG00011970,8500,CUS0007918,2023-05-30,OTA
BKG00011971,3228,CUS0003014,2025-09-20,GDS
BKG00011972,11427,CUS0010630,2026-03-30,WEB
BKG00011973,15744,CUS0014618,2026-03-09,WEB
BKG00011974,12322,CUS0011470,2024-10-18,CTR
BKG00011975,10849,CUS0010100,2023-10-21,GDS
BKG00011976,13027,CUS0012113,2024-05-01,MOB
BKG00011977,14291,CUS0013272,2025-01-09,MOB
BKG00011978,15356,CUS0014261,2025-08-31,CTR
BKG00011979,14369,CUS0013342,2025-12-13,CTR
BKG00011980,14747,CUS0013700,2023-06-06,AGT
BKG00011981,5834,CUS0005436,2024-03-22,CTR
BKG00011982,8015,CUS0007471,2023-10-31,CTR
BKG00011983,15776,CUS0014646,2025-07-18,CTR
BKG00011984,872,CUS0000808,2023-10-10,GDS
BKG00011985,7642,CUS0007121,2025-08-28,GDS
BKG00011986,6279,CUS0005853,2025-03-13,OTA
BKG00011987,2587,CUS0002411,2024-12-27,OTA
BKG00011988,9077,CUS0008459,2026-03-14,CTR
BKG00011989,6335,CUS0005907,2024-10-11,MOB
BKG00011990,568,CUS0000525,2025-05-05,MOB
BKG00011991,4991,CUS0004643,2024-02-12,GDS
BKG00011992,9692,CUS0009030,2023-09-10,GDS
BKG00011993,14427,CUS0013396,2024-08-15,AGT
BKG00011994,7901,CUS0007364,2026-05-17,MOB
BKG00011995,437,CUS0000404,2025-10-22,OTA
BKG00011996,14793,CUS0013742,2025-12-24,WEB
BKG00011997,11612,CUS0010802,2024-10-06,WEB
BKG00011998,920,CUS0000852,2024-06-28,CTR
BKG00011999,6522,CUS0006080,2025-02-26,MOB
BKG00012000,6591,CUS0006147,2024-11-17,OTA
BKG00012001,14517,CUS0013482,2023-11-12,AGT
BKG00012002,7675,CUS0007150,2024-05-14,GDS
BKG00012003,3501,CUS0003266,2023-09-25,GDS
BKG00012004,3290,CUS0003070,2025-07-03,CTR
BKG00012005,14010,CUS0013007,2025-02-21,MOB
BKG00012006,7262,CUS0006771,2024-12-26,CTR
BKG00012007,13626,CUS0012657,2023-08-19,GDS
BKG00012008,6766,CUS0006311,2024-01-11,WEB
BKG00012009,12661,CUS0011776,2025-11-04,MOB
BKG00012010,13555,CUS0012594,2025-07-18,CTR
BKG00012011,13725,CUS0012749,2024-10-26,CTR
BKG00012012,4736,CUS0004414,2025-06-03,OTA
BKG00012013,1928,CUS0001794,2024-10-24,OTA
BKG00012014,2233,CUS0002082,2024-12-04,OTA
BKG00012015,4055,CUS0003781,2026-02-13,AGT
BKG00012016,4064,CUS0003789,2024-12-12,GDS
BKG00012017,328,CUS0000303,2024-12-15,MOB
BKG00012018,16024,CUS0014877,2025-01-29,CTR
BKG00012019,15040,CUS0013971,2024-03-12,GDS
BKG00012020,10608,CUS0009871,2024-12-08,WEB
BKG00012021,12653,CUS0011769,2026-04-14,CTR
BKG00012022,8996,CUS0008384,2024-09-26,GDS
BKG00012023,8441,CUS0007864,2023-11-06,OTA
BKG00012024,14595,CUS0013555,2024-05-31,GDS
BKG00012025,9350,CUS0008710,2025-06-11,GDS
BKG00012026,3497,CUS0003262,2024-01-06,OTA
BKG00012027,10451,CUS0009727,2024-11-10,OTA
BKG00012028,13836,CUS0012849,2026-02-17,OTA
BKG00012029,7224,CUS0006736,2024-03-23,MOB
BKG00012030,4753,CUS0004430,2025-11-19,MOB
BKG00012031,8818,CUS0008217,2023-12-21,AGT
BKG00012032,6507,CUS0006065,2023-09-14,MOB
BKG00012033,6174,CUS0005752,2024-07-29,GDS
BKG00012034,5434,CUS0005059,2023-08-25,GDS
BKG00012035,2741,CUS0002559,2026-02-19,WEB
BKG00012036,7488,CUS0006978,2025-03-06,GDS
BKG00012037,5999,CUS0005590,2023-08-11,MOB
BKG00012038,8619,CUS0008031,2026-04-06,MOB
BKG00012039,5799,CUS0005405,2024-11-01,AGT
BKG00012040,10517,CUS0009787,2024-05-12,AGT
BKG00012041,6676,CUS0006229,2025-09-25,OTA
BKG00012042,6262,CUS0005836,2024-08-21,MOB
BKG00012043,9322,CUS0008684,2024-12-09,CTR
BKG00012044,8956,CUS0008349,2024-09-16,WEB
BKG00012045,13487,CUS0012531,2025-06-20,WEB
BKG00012046,1410,CUS0001308,2024-03-22,GDS
BKG00012047,12461,CUS0011597,2024-11-12,GDS
BKG00012048,10244,CUS0009533,2026-04-13,GDS
BKG00012049,15634,CUS0014518,2023-11-10,GDS
BKG00012050,15183,CUS0014102,2025-05-29,GDS
BKG00012051,11080,CUS0010313,2025-11-11,GDS
BKG00012052,12489,CUS0011622,2025-04-05,WEB
BKG00012053,5642,CUS0005256,2023-07-16,GDS
BKG00012054,11826,CUS0011005,2024-11-20,AGT
BKG00012055,3503,CUS0003268,2025-07-02,WEB
BKG00012056,11166,CUS0010385,2023-08-11,AGT
BKG00012057,7712,CUS0007185,2023-12-24,AGT
BKG00012058,6419,CUS0005984,2024-01-05,CTR
BKG00012059,2427,CUS0002263,2024-06-04,OTA
BKG00012060,14068,CUS0013062,2024-01-12,GDS
BKG00012061,10995,CUS0010235,2024-06-28,GDS
BKG00012062,8234,CUS0007671,2024-04-11,AGT
BKG00012063,6725,CUS0006275,2026-04-07,GDS
BKG00012064,14921,CUS0013859,2026-02-09,CTR
BKG00012065,864,CUS0000800,2024-10-13,WEB
BKG00012066,14052,CUS0013046,2024-11-18,WEB
BKG00012067,2987,CUS0002788,2024-05-30,GDS
BKG00012068,3653,CUS0003405,2023-09-17,WEB
BKG00012069,4205,CUS0003918,2024-07-07,GDS
BKG00012070,2424,CUS0002260,2024-02-22,GDS
BKG00012071,13291,CUS0012352,2023-09-09,OTA
BKG00012072,1239,CUS0001154,2025-02-01,MOB
BKG00012073,5701,CUS0005312,2024-07-06,OTA
BKG00012074,9872,CUS0009191,2026-03-26,OTA
BKG00012075,8254,CUS0007689,2025-07-25,CTR
BKG00012076,10184,CUS0009478,2024-05-17,MOB
BKG00012077,15495,CUS0014390,2023-09-15,OTA
BKG00012078,16147,CUS0014990,2023-11-17,MOB
BKG00012079,4332,CUS0004036,2025-04-22,OTA
BKG00012080,11076,CUS0010309,2023-10-16,WEB
BKG00012081,3185,CUS0002973,2024-08-31,AGT
BKG00012082,1492,CUS0001386,2024-09-20,WEB
BKG00012083,10600,CUS0009863,2024-06-18,CTR
BKG00012084,1068,CUS0000992,2026-05-04,GDS
BKG00012085,5041,CUS0004690,2025-07-30,MOB
BKG00012086,15605,CUS0014492,2024-12-03,GDS
BKG00012087,10996,CUS0010236,2026-02-05,GDS
BKG00012088,8052,CUS0007502,2024-01-29,AGT
BKG00012089,10176,CUS0009471,2024-03-09,OTA
BKG00012090,4517,CUS0004210,2024-11-08,GDS
BKG00012091,11621,CUS0010811,2026-03-14,GDS
BKG00012092,5050,CUS0004698,2025-12-19,CTR
BKG00012093,2853,CUS0002662,2023-08-25,AGT
BKG00012094,13889,CUS0012896,2023-05-28,WEB
BKG00012095,15385,CUS0014290,2024-02-16,OTA
BKG00012096,682,CUS0000633,2026-01-03,MOB
BKG00012097,1814,CUS0001684,2024-01-03,CTR
BKG00012098,13386,CUS0012437,2025-04-21,MOB
BKG00012099,8487,CUS0007906,2024-03-28,MOB
BKG00012100,6628,CUS0006184,2026-04-25,CTR
BKG00012101,13327,CUS0012383,2025-10-29,AGT
BKG00012102,11776,CUS0010957,2024-04-25,MOB
BKG00012103,1869,CUS0001736,2025-04-30,CTR
BKG00012104,13039,CUS0012125,2023-09-03,WEB
BKG00012105,12134,CUS0011298,2024-12-02,GDS
BKG00012106,12684,CUS0011797,2024-11-14,GDS
BKG00012107,12558,CUS0011687,2024-09-13,AGT
BKG00012108,8143,CUS0007586,2024-12-27,WEB
BKG00012109,13904,CUS0012910,2025-01-01,WEB
BKG00012110,9221,CUS0008591,2023-07-15,GDS
BKG00012111,6926,CUS0006464,2025-02-15,CTR
BKG00012112,13387,CUS0012438,2024-10-25,OTA
BKG00012113,7878,CUS0007341,2024-09-10,CTR
BKG00012114,4353,CUS0004055,2023-11-25,CTR
BKG00012115,12502,CUS0011634,2024-07-10,AGT
BKG00012116,973,CUS0000903,2025-09-25,MOB
BKG00012117,9790,CUS0009119,2026-02-09,MOB
BKG00012118,10377,CUS0009658,2025-01-26,MOB
BKG00012119,15792,CUS0014661,2026-03-11,GDS
BKG00012120,14697,CUS0013652,2023-08-24,CTR
BKG00012121,1812,CUS0001682,2023-10-06,AGT
BKG00012122,8274,CUS0007709,2025-12-30,CTR
BKG00012123,10235,CUS0009526,2024-11-08,OTA
BKG00012124,11835,CUS0011014,2025-08-03,MOB
BKG00012125,8303,CUS0007734,2025-09-09,CTR
BKG00012126,7618,CUS0007100,2025-10-27,CTR
BKG00012127,4,CUS0000004,2023-10-12,AGT
BKG00012128,3441,CUS0003207,2025-02-03,WEB
BKG00012129,11166,CUS0010385,2023-11-06,WEB
BKG00012130,5471,CUS0005093,2024-05-08,OTA
BKG00012131,1700,CUS0001579,2024-10-11,MOB
BKG00012132,10323,CUS0009607,2024-10-16,GDS
BKG00012133,14220,CUS0013208,2024-12-11,CTR
BKG00012134,11880,CUS0011058,2023-08-03,CTR
BKG00012135,1801,CUS0001671,2024-02-29,AGT
BKG00012136,7278,CUS0006787,2025-03-22,AGT
BKG00012137,8065,CUS0007514,2023-08-08,WEB
BKG00012138,6819,CUS0006363,2024-04-05,WEB
BKG00012139,4334,CUS0004038,2024-01-31,GDS
BKG00012140,680,CUS0000631,2024-02-03,WEB
BKG00012141,8853,CUS0008251,2025-03-20,AGT
BKG00012142,15108,CUS0014036,2024-08-06,WEB
BKG00012143,1723,CUS0001600,2026-05-21,WEB
BKG00012144,12423,CUS0011562,2025-02-06,GDS
BKG00012145,3539,CUS0003302,2024-07-20,OTA
BKG00012146,6115,CUS0005698,2023-08-12,MOB
BKG00012147,14869,CUS0013812,2023-08-15,GDS
BKG00012148,9038,CUS0008424,2024-08-26,OTA
BKG00012149,6456,CUS0006019,2025-07-28,AGT
BKG00012150,2114,CUS0001968,2025-11-22,MOB
BKG00012151,7792,CUS0007259,2026-02-22,AGT
BKG00012152,12399,CUS0011539,2023-09-30,WEB
BKG00012153,47,CUS0000044,2024-08-07,OTA
BKG00012154,15732,CUS0014607,2025-10-12,AGT
BKG00012155,12376,CUS0011518,2024-07-02,MOB
BKG00012156,11812,CUS0010991,2025-03-18,CTR
BKG00012157,12286,CUS0011438,2025-01-25,CTR
BKG00012158,3576,CUS0003335,2025-08-27,OTA
BKG00012159,13376,CUS0012428,2024-12-19,CTR
BKG00012160,11925,CUS0011103,2025-12-07,CTR
BKG00012161,7844,CUS0007309,2025-08-11,AGT
BKG00012162,8166,CUS0007609,2026-05-23,CTR
BKG00012163,11460,CUS0010660,2023-11-09,CTR
BKG00012164,12944,CUS0012039,2024-09-18,OTA
BKG00012165,1925,CUS0001791,2025-11-03,OTA
BKG00012166,13296,CUS0012356,2023-10-27,GDS
BKG00012167,8370,CUS0007797,2026-05-12,CTR
BKG00012168,7801,CUS0007268,2025-07-25,AGT
BKG00012169,12676,CUS0011790,2023-12-22,AGT
BKG00012170,9100,CUS0008481,2025-11-17,WEB
BKG00012171,8897,CUS0008293,2024-11-12,GDS
BKG00012172,9646,CUS0008986,2024-11-28,OTA
BKG00012173,8188,CUS0007629,2023-11-17,GDS
BKG00012174,2208,CUS0002058,2026-03-31,OTA
BKG00012175,12252,CUS0011408,2024-02-27,AGT
BKG00012176,10147,CUS0009443,2025-09-18,CTR
BKG00012177,7056,CUS0006582,2026-04-10,GDS
BKG00012178,2905,CUS0002711,2025-03-22,MOB
BKG00012179,3464,CUS0003229,2026-02-23,OTA
BKG00012180,6784,CUS0006329,2023-09-18,AGT
BKG00012181,1282,CUS0001194,2026-02-27,AGT
BKG00012182,8230,CUS0007667,2025-04-01,CTR
BKG00012183,10026,CUS0009332,2025-01-28,WEB
BKG00012184,15466,CUS0014362,2025-04-14,GDS
BKG00012185,8384,CUS0007810,2023-10-23,WEB
BKG00012186,984,CUS0000913,2025-12-08,AGT
BKG00012187,11357,CUS0010566,2025-10-13,MOB
BKG00012188,1067,CUS0000991,2024-06-22,MOB
BKG00012189,8537,CUS0007953,2024-09-22,CTR
BKG00012190,7633,CUS0007113,2024-05-15,OTA
BKG00012191,1930,CUS0001796,2023-07-31,WEB
BKG00012192,9544,CUS0008891,2024-05-31,CTR
BKG00012193,12051,CUS0011219,2023-09-10,OTA
BKG00012194,7957,CUS0007418,2025-10-20,OTA
BKG00012195,8279,CUS0007714,2024-09-13,WEB
BKG00012196,8050,CUS0007500,2023-08-29,CTR
BKG00012197,10064,CUS0009368,2024-07-30,MOB
BKG00012198,9265,CUS0008631,2024-09-02,CTR
BKG00012199,7076,CUS0006601,2025-10-16,CTR
BKG00012200,4420,CUS0004118,2023-09-20,CTR
BKG00012201,8557,CUS0007972,2024-09-24,CTR
BKG00012202,7256,CUS0006765,2024-03-11,MOB
BKG00012203,9794,CUS0009122,2026-04-17,MOB
BKG00012204,4747,CUS0004424,2025-01-15,GDS
BKG00012205,10503,CUS0009774,2025-01-14,CTR
BKG00012206,7825,CUS0007292,2026-04-05,WEB
BKG00012207,11082,CUS0010314,2025-09-29,GDS
BKG00012208,9391,CUS0008747,2024-12-16,OTA
BKG00012209,13500,CUS0012542,2025-07-01,OTA
BKG00012210,1176,CUS0001091,2023-09-29,MOB
BKG00012211,1500,CUS0001394,2025-09-02,MOB
BKG00012212,8528,CUS0007944,2025-03-17,AGT
BKG00012213,11967,CUS0011143,2024-08-10,GDS
BKG00012214,3755,CUS0003498,2023-06-02,WEB
BKG00012215,5801,CUS0005407,2025-06-29,MOB
BKG00012216,14048,CUS0013042,2024-09-07,CTR
BKG00012217,1521,CUS0001413,2025-11-10,OTA
BKG00012218,10696,CUS0009955,2026-04-03,WEB
BKG00012219,4905,CUS0004567,2023-06-06,MOB
BKG00012220,7132,CUS0006654,2025-12-06,AGT
BKG00012221,1664,CUS0001548,2024-09-13,AGT
BKG00012222,2466,CUS0002299,2024-05-08,CTR
BKG00012223,14628,CUS0013587,2024-11-26,WEB
BKG00012224,12514,CUS0011646,2024-05-08,OTA
BKG00012225,12229,CUS0011387,2023-10-29,WEB
BKG00012226,11934,CUS0011111,2024-06-10,GDS
BKG00012227,3723,CUS0003471,2026-04-01,CTR
BKG00012228,15849,CUS0014713,2023-10-19,AGT
BKG00012229,5051,CUS0004699,2026-05-15,OTA
BKG00012230,1514,CUS0001406,2025-02-25,AGT
BKG00012231,2832,CUS0002644,2026-03-06,CTR
BKG00012232,5951,CUS0005547,2023-07-30,AGT
BKG00012233,9102,CUS0008483,2025-09-22,CTR
BKG00012234,1308,CUS0001217,2024-03-25,MOB
BKG00012235,13411,CUS0012461,2025-11-15,WEB
BKG00012236,8824,CUS0008223,2024-02-05,CTR
BKG00012237,9085,CUS0008467,2024-08-16,WEB
BKG00012238,13179,CUS0012248,2025-08-19,GDS
BKG00012239,10935,CUS0010179,2024-08-27,WEB
BKG00012240,13849,CUS0012861,2025-10-27,WEB
BKG00012241,14985,CUS0013922,2025-03-06,AGT
BKG00012242,5737,CUS0005347,2025-08-25,CTR
BKG00012243,11711,CUS0010897,2024-07-17,CTR
BKG00012244,7856,CUS0007321,2024-09-02,MOB
BKG00012245,14262,CUS0013244,2025-10-15,OTA
BKG00012246,9276,CUS0008641,2026-03-23,AGT
BKG00012247,3702,CUS0003451,2023-10-14,OTA
BKG00012248,4130,CUS0003848,2025-06-14,WEB
BKG00012249,14889,CUS0013830,2025-06-13,AGT
BKG00012250,11070,CUS0010304,2024-06-09,GDS
BKG00012251,8271,CUS0007706,2026-01-22,OTA
BKG00012252,1155,CUS0001072,2024-09-08,GDS
BKG00012253,8597,CUS0008010,2024-07-16,WEB
BKG00012254,2218,CUS0002068,2025-03-31,MOB
BKG00012255,10446,CUS0009722,2025-04-25,CTR
BKG00012256,9650,CUS0008990,2025-08-13,CTR
BKG00012257,1807,CUS0001677,2024-11-15,MOB
BKG00012258,12451,CUS0011588,2024-06-23,CTR
BKG00012259,11023,CUS0010260,2024-11-15,CTR
BKG00012260,8772,CUS0008173,2023-09-19,CTR
BKG00012261,6856,CUS0006399,2024-06-21,CTR
BKG00012262,9354,CUS0008714,2024-09-22,GDS
BKG00012263,8999,CUS0008387,2024-02-13,CTR
BKG00012264,10669,CUS0009929,2025-08-11,GDS
BKG00012265,13804,CUS0012820,2025-09-14,MOB
BKG00012266,13894,CUS0012901,2023-11-18,OTA
BKG00012267,3454,CUS0003219,2024-08-26,GDS
BKG00012268,2199,CUS0002050,2023-07-16,OTA
BKG00012269,12204,CUS0011363,2023-09-05,AGT
BKG00012270,12181,CUS0011341,2023-06-29,MOB
BKG00012271,7634,CUS0007114,2025-09-16,AGT
BKG00012272,8207,CUS0007648,2024-09-13,OTA
BKG00012273,2227,CUS0002076,2026-01-23,MOB
BKG00012274,12887,CUS0011989,2023-07-21,AGT
BKG00012275,6453,CUS0006016,2025-02-12,GDS
BKG00012276,4253,CUS0003962,2024-05-03,GDS
BKG00012277,1777,CUS0001648,2026-01-06,WEB
BKG00012278,11693,CUS0010879,2025-06-30,AGT
BKG00012279,12099,CUS0011265,2026-04-24,CTR
BKG00012280,11997,CUS0011168,2024-10-18,CTR
BKG00012281,7794,CUS0007261,2024-11-01,MOB
BKG00012282,3566,CUS0003326,2023-07-27,OTA
BKG00012283,13013,CUS0012101,2025-08-07,GDS
BKG00012284,1320,CUS0001229,2023-05-30,MOB
BKG00012285,11195,CUS0010413,2025-07-03,AGT
BKG00012286,160,CUS0000150,2025-01-27,CTR
BKG00012287,5870,CUS0005472,2023-09-23,MOB
BKG00012288,5135,CUS0004776,2023-07-09,GDS
BKG00012289,1359,CUS0001264,2026-05-13,CTR
BKG00012290,6575,CUS0006131,2024-09-19,MOB
BKG00012291,6163,CUS0005743,2026-04-17,MOB
BKG00012292,791,CUS0000734,2023-05-29,AGT
BKG00012293,15606,CUS0014493,2024-05-21,GDS
BKG00012294,7906,CUS0007369,2023-10-11,MOB
BKG00012295,14509,CUS0013475,2026-01-30,WEB
BKG00012296,9032,CUS0008418,2023-11-21,GDS
BKG00012297,1874,CUS0001741,2024-10-05,GDS
BKG00012298,11670,CUS0010859,2023-11-04,MOB
BKG00012299,5145,CUS0004786,2023-10-26,OTA
BKG00012300,15300,CUS0014207,2026-04-19,AGT
BKG00012301,13846,CUS0012858,2023-07-14,GDS
BKG00012302,14433,CUS0013402,2024-09-14,CTR
BKG00012303,4670,CUS0004351,2023-12-22,CTR
BKG00012304,4052,CUS0003778,2023-08-08,CTR
BKG00012305,9984,CUS0009293,2026-04-13,AGT
BKG00012306,13233,CUS0012299,2023-08-28,GDS
BKG00012307,5111,CUS0004752,2024-01-05,WEB
BKG00012308,3788,CUS0003531,2026-03-20,OTA
BKG00012309,4093,CUS0003814,2026-02-25,WEB
BKG00012310,14291,CUS0013272,2023-07-21,AGT
BKG00012311,2288,CUS0002134,2025-05-20,MOB
BKG00012312,11985,CUS0011158,2025-08-03,OTA
BKG00012313,7155,CUS0006675,2025-11-08,AGT
BKG00012314,10543,CUS0009810,2024-01-14,MOB
BKG00012315,15914,CUS0014773,2024-02-27,AGT
BKG00012316,9929,CUS0009244,2023-08-25,GDS
BKG00012317,15433,CUS0014332,2025-07-11,CTR
BKG00012318,14706,CUS0013661,2025-03-18,MOB
BKG00012319,7789,CUS0007256,2025-02-20,WEB
BKG00012320,15844,CUS0014708,2023-11-08,WEB
BKG00012321,2314,CUS0002157,2025-06-23,OTA
BKG00012322,8618,CUS0008030,2024-12-08,WEB
BKG00012323,1054,CUS0000979,2026-04-29,WEB
BKG00012324,844,CUS0000780,2024-10-08,MOB
BKG00012325,8961,CUS0008352,2025-11-11,MOB
BKG00012326,11409,CUS0010613,2026-01-08,MOB
BKG00012327,3876,CUS0003615,2024-07-14,WEB
BKG00012328,1428,CUS0001326,2024-05-04,MOB
BKG00012329,10373,CUS0009654,2023-10-25,GDS
BKG00012330,15962,CUS0014820,2026-04-19,CTR
BKG00012331,8230,CUS0007667,2025-07-31,AGT
BKG00012332,4461,CUS0004158,2025-06-19,OTA
BKG00012333,5969,CUS0005564,2026-02-26,MOB
BKG00012334,8540,CUS0007956,2025-10-10,AGT
BKG00012335,7528,CUS0007015,2023-08-25,AGT
BKG00012336,10624,CUS0009887,2024-03-31,GDS
BKG00012337,6711,CUS0006261,2026-04-25,AGT
BKG00012338,3220,CUS0003006,2024-04-08,AGT
BKG00012339,5343,CUS0004977,2024-09-18,MOB
BKG00012340,8935,CUS0008330,2024-03-15,MOB
BKG00012341,3552,CUS0003315,2025-12-11,GDS
BKG00012342,7662,CUS0007138,2025-03-08,GDS
BKG00012343,3849,CUS0003588,2026-05-01,GDS
BKG00012344,8987,CUS0008377,2024-12-01,CTR
BKG00012345,13008,CUS0012098,2025-10-05,MOB
BKG00012346,1564,CUS0001453,2026-01-02,MOB
BKG00012347,656,CUS0000608,2025-04-20,GDS
BKG00012348,7404,CUS0006900,2026-02-09,GDS
BKG00012349,1812,CUS0001682,2025-10-16,MOB
BKG00012350,11149,CUS0010372,2024-02-11,MOB
BKG00012351,12200,CUS0011359,2025-10-02,GDS
BKG00012352,9353,CUS0008713,2023-11-06,GDS
BKG00012353,9748,CUS0009081,2023-08-16,CTR
BKG00012354,4407,CUS0004105,2023-08-31,MOB
BKG00012355,3525,CUS0003289,2024-06-06,CTR
BKG00012356,3366,CUS0003139,2024-03-08,AGT
BKG00012357,7533,CUS0007019,2024-01-27,AGT
BKG00012358,12463,CUS0011599,2026-05-12,OTA
BKG00012359,14725,CUS0013679,2025-04-08,AGT
BKG00012360,6262,CUS0005836,2025-08-21,AGT
BKG00012361,5480,CUS0005102,2023-06-22,AGT
BKG00012362,14772,CUS0013723,2025-12-14,CTR
BKG00012363,2658,CUS0002479,2023-08-26,GDS
BKG00012364,4305,CUS0004011,2025-01-06,AGT
BKG00012365,10507,CUS0009778,2023-12-07,OTA
BKG00012366,4548,CUS0004236,2024-12-31,CTR
BKG00012367,14614,CUS0013573,2025-12-05,AGT
BKG00012368,11462,CUS0010662,2025-11-30,WEB
BKG00012369,7289,CUS0006796,2023-11-10,GDS
BKG00012370,1656,CUS0001541,2023-07-24,OTA
BKG00012371,9911,CUS0009229,2025-08-19,CTR
BKG00012372,15940,CUS0014798,2026-05-02,GDS
BKG00012373,14713,CUS0013668,2026-04-07,AGT
BKG00012374,1706,CUS0001585,2023-07-22,WEB
BKG00012375,9055,CUS0008440,2026-04-22,AGT
BKG00012376,13388,CUS0012439,2024-10-16,MOB
BKG00012377,12829,CUS0011933,2023-05-29,CTR
BKG00012378,7616,CUS0007098,2025-07-27,CTR
BKG00012379,11262,CUS0010477,2024-06-29,MOB
BKG00012380,10898,CUS0010145,2024-08-29,MOB
BKG00012381,5479,CUS0005101,2026-05-14,AGT
BKG00012382,6119,CUS0005702,2025-01-12,CTR
BKG00012383,1063,CUS0000987,2023-09-27,CTR
BKG00012384,4712,CUS0004391,2023-09-13,GDS
BKG00012385,2611,CUS0002434,2026-04-25,WEB
BKG00012386,15696,CUS0014574,2025-06-27,OTA
BKG00012387,15024,CUS0013956,2024-06-28,AGT
BKG00012388,6047,CUS0005635,2024-02-23,GDS
BKG00012389,4168,CUS0003884,2023-10-17,MOB
BKG00012390,15032,CUS0013963,2025-05-25,AGT
BKG00012391,5934,CUS0005531,2023-10-28,MOB
BKG00012392,6569,CUS0006125,2025-02-19,CTR
BKG00012393,12554,CUS0011684,2025-01-22,AGT
BKG00012394,8806,CUS0008206,2024-11-21,CTR
BKG00012395,6427,CUS0005991,2023-07-31,AGT
BKG00012396,8972,CUS0008362,2024-08-22,MOB
BKG00012397,15746,CUS0014620,2026-03-02,WEB
BKG00012398,16020,CUS0014873,2025-03-06,MOB
BKG00012399,11577,CUS0010769,2024-01-03,OTA
BKG00012400,1050,CUS0000975,2023-09-17,MOB
BKG00012401,14721,CUS0013675,2025-09-20,MOB
BKG00012402,8811,CUS0008211,2025-07-19,WEB
BKG00012403,4401,CUS0004099,2025-03-04,WEB
BKG00012404,13857,CUS0012869,2024-05-07,AGT
BKG00012405,14136,CUS0013127,2024-12-20,OTA
BKG00012406,10888,CUS0010136,2024-07-06,AGT
BKG00012407,834,CUS0000773,2023-10-21,CTR
BKG00012408,9413,CUS0008769,2023-08-28,GDS
BKG00012409,4130,CUS0003848,2026-01-12,WEB
BKG00012410,3995,CUS0003725,2024-03-01,MOB
BKG00012411,1901,CUS0001767,2023-12-13,AGT
BKG00012412,13787,CUS0012805,2024-02-23,MOB
BKG00012413,11806,CUS0010985,2025-06-09,OTA
BKG00012414,7277,CUS0006786,2026-01-21,AGT
BKG00012415,9724,CUS0009058,2024-10-22,WEB
BKG00012416,10342,CUS0009626,2026-02-27,GDS
BKG00012417,4227,CUS0003939,2025-08-06,AGT
BKG00012418,13858,CUS0012870,2023-08-29,OTA
BKG00012419,8833,CUS0008232,2023-12-31,CTR
BKG00012420,4163,CUS0003879,2023-07-15,GDS
BKG00012421,5988,CUS0005580,2024-07-20,CTR
BKG00012422,15953,CUS0014811,2024-05-27,OTA
BKG00012423,6552,CUS0006109,2023-10-13,AGT
BKG00012424,12342,CUS0011488,2023-07-18,AGT
BKG00012425,6134,CUS0005717,2025-03-04,GDS
BKG00012426,39,CUS0000036,2025-01-02,WEB
BKG00012427,12649,CUS0011765,2025-02-16,AGT
BKG00012428,8120,CUS0007563,2025-06-09,MOB
BKG00012429,8296,CUS0007729,2026-01-17,CTR
BKG00012430,14661,CUS0013618,2024-01-01,OTA
BKG00012431,3724,CUS0003472,2024-04-09,CTR
BKG00012432,12922,CUS0012020,2024-12-24,CTR
BKG00012433,12519,CUS0011651,2025-01-23,AGT
BKG00012434,8184,CUS0007625,2026-02-21,OTA
BKG00012435,12739,CUS0011850,2024-06-18,OTA
BKG00012436,12206,CUS0011365,2025-12-27,GDS
BKG00012437,3734,CUS0003479,2025-02-19,GDS
BKG00012438,4692,CUS0004371,2025-06-05,WEB
BKG00012439,4417,CUS0004115,2025-02-24,CTR
BKG00012440,2440,CUS0002274,2024-06-22,CTR
BKG00012441,7086,CUS0006611,2024-06-23,OTA
BKG00012442,11640,CUS0010829,2025-04-06,WEB
BKG00012443,2039,CUS0001896,2024-04-17,CTR
BKG00012444,15696,CUS0014574,2023-09-06,WEB
BKG00012445,296,CUS0000275,2023-08-24,WEB
BKG00012446,11586,CUS0010776,2025-08-14,MOB
BKG00012447,10269,CUS0009558,2023-08-14,WEB
BKG00012448,15533,CUS0014426,2024-04-05,WEB
BKG00012449,3250,CUS0003032,2024-04-25,AGT
BKG00012450,11883,CUS0011061,2025-02-03,AGT
BKG00012451,1461,CUS0001357,2024-10-12,WEB
BKG00012452,7823,CUS0007290,2025-05-11,CTR
BKG00012453,7326,CUS0006832,2023-10-16,AGT
BKG00012454,16145,CUS0014988,2023-10-12,MOB
BKG00012455,6616,CUS0006172,2025-05-05,GDS
BKG00012456,10693,CUS0009952,2023-06-05,WEB
BKG00012457,2351,CUS0002191,2025-03-03,WEB
BKG00012458,5883,CUS0005484,2023-08-06,WEB
BKG00012459,240,CUS0000223,2023-12-20,CTR
BKG00012460,13810,CUS0012825,2025-03-17,AGT
BKG00012461,3446,CUS0003212,2024-01-20,MOB
BKG00012462,12928,CUS0012024,2023-12-22,CTR
BKG00012463,14106,CUS0013100,2025-07-13,MOB
BKG00012464,1837,CUS0001705,2024-11-08,MOB
BKG00012465,12428,CUS0011567,2025-08-10,OTA
BKG00012466,2347,CUS0002187,2023-11-13,CTR
BKG00012467,6117,CUS0005700,2025-09-03,OTA
BKG00012468,3175,CUS0002963,2024-04-29,AGT
BKG00012469,15624,CUS0014508,2025-09-22,WEB
BKG00012470,13489,CUS0012533,2026-02-22,MOB
BKG00012471,13782,CUS0012800,2024-08-03,CTR
BKG00012472,8794,CUS0008194,2024-07-25,WEB
BKG00012473,13822,CUS0012836,2025-06-15,MOB
BKG00012474,5892,CUS0005493,2024-03-08,MOB
BKG00012475,9724,CUS0009058,2024-12-10,AGT
BKG00012476,4389,CUS0004087,2023-09-19,MOB
BKG00012477,9121,CUS0008501,2024-10-19,CTR
BKG00012478,2396,CUS0002234,2024-06-12,CTR
BKG00012479,12944,CUS0012039,2025-06-12,OTA
BKG00012480,5609,CUS0005223,2025-02-22,AGT
BKG00012481,12384,CUS0011525,2025-05-20,AGT
BKG00012482,8537,CUS0007953,2024-12-11,CTR
BKG00012483,14361,CUS0013334,2024-12-21,GDS
BKG00012484,8403,CUS0007828,2025-04-25,CTR
BKG00012485,6802,CUS0006347,2023-12-20,AGT
BKG00012486,3523,CUS0003287,2024-01-24,AGT
BKG00012487,962,CUS0000892,2024-04-25,MOB
BKG00012488,4050,CUS0003776,2023-06-20,OTA
BKG00012489,10163,CUS0009458,2024-06-13,CTR
BKG00012490,9197,CUS0008570,2024-09-19,AGT
BKG00012491,6974,CUS0006509,2025-11-11,WEB
BKG00012492,1008,CUS0000936,2024-09-05,WEB
BKG00012493,93,CUS0000086,2025-11-15,WEB
BKG00012494,4929,CUS0004589,2026-04-16,AGT
BKG00012495,6909,CUS0006449,2026-01-13,CTR
BKG00012496,3555,CUS0003317,2026-01-16,OTA
BKG00012497,2531,CUS0002359,2026-04-17,AGT
BKG00012498,5344,CUS0004978,2024-10-30,WEB
BKG00012499,11344,CUS0010554,2023-12-19,OTA
BKG00012500,968,CUS0000898,2024-07-17,GDS
BKG00012501,7363,CUS0006865,2024-04-19,OTA
BKG00012502,2787,CUS0002602,2024-05-12,AGT
BKG00012503,13031,CUS0012117,2024-03-05,AGT
BKG00012504,15104,CUS0014032,2025-04-02,MOB
BKG00012505,13050,CUS0012134,2025-05-09,MOB
BKG00012506,5571,CUS0005186,2024-10-27,GDS
BKG00012507,817,CUS0000758,2025-06-13,AGT
BKG00012508,1972,CUS0001833,2023-08-02,CTR
BKG00012509,1803,CUS0001673,2024-03-30,GDS
BKG00012510,5628,CUS0005242,2024-06-18,WEB
BKG00012511,9915,CUS0009232,2026-04-14,MOB
BKG00012512,10545,CUS0009812,2023-06-09,CTR
BKG00012513,15515,CUS0014408,2025-08-07,AGT
BKG00012514,955,CUS0000886,2025-02-19,GDS
BKG00012515,14708,CUS0013663,2023-10-06,AGT
BKG00012516,6121,CUS0005704,2024-12-29,WEB
BKG00012517,6163,CUS0005743,2023-11-21,MOB
BKG00012518,7881,CUS0007344,2025-05-19,WEB
BKG00012519,1659,CUS0001544,2024-01-18,AGT
BKG00012520,2674,CUS0002494,2024-11-15,AGT
BKG00012521,8509,CUS0007927,2023-08-15,OTA
BKG00012522,21,CUS0000020,2024-01-31,AGT
BKG00012523,2016,CUS0001874,2024-08-05,MOB
BKG00012524,10469,CUS0009744,2024-09-20,GDS
BKG00012525,11274,CUS0010489,2024-12-20,GDS
BKG00012526,7338,CUS0006843,2025-08-16,OTA
BKG00012527,2362,CUS0002201,2026-02-17,OTA
BKG00012528,10538,CUS0009805,2025-03-07,AGT
BKG00012529,13006,CUS0012096,2025-05-17,OTA
BKG00012530,5288,CUS0004923,2026-03-31,GDS
BKG00012531,7256,CUS0006765,2025-12-02,GDS
BKG00012532,1495,CUS0001389,2024-08-22,CTR
BKG00012533,2655,CUS0002476,2025-10-04,MOB
BKG00012534,14573,CUS0013534,2025-11-06,OTA
BKG00012535,7979,CUS0007439,2024-02-10,CTR
BKG00012536,13564,CUS0012603,2024-08-10,MOB
BKG00012537,2908,CUS0002714,2023-09-16,WEB
BKG00012538,12882,CUS0011984,2023-09-02,AGT
BKG00012539,4138,CUS0003856,2026-05-14,AGT
BKG00012540,2453,CUS0002286,2026-03-29,OTA
BKG00012541,9586,CUS0008932,2025-04-10,CTR
BKG00012542,13707,CUS0012732,2024-08-30,WEB
BKG00012543,14953,CUS0013890,2026-05-09,GDS
BKG00012544,7106,CUS0006630,2025-01-08,WEB
BKG00012545,11978,CUS0011153,2026-02-07,MOB
BKG00012546,10326,CUS0009610,2023-12-09,AGT
BKG00012547,2281,CUS0002128,2025-09-30,GDS
BKG00012548,14,CUS0000013,2025-01-23,GDS
BKG00012549,11707,CUS0010893,2023-06-12,OTA
BKG00012550,13694,CUS0012719,2023-11-14,MOB
BKG00012551,11369,CUS0010577,2025-10-09,GDS
BKG00012552,6955,CUS0006490,2023-06-13,WEB
BKG00012553,2581,CUS0002405,2023-11-03,AGT
BKG00012554,1479,CUS0001373,2026-05-09,WEB
BKG00012555,13951,CUS0012952,2023-07-08,MOB
BKG00012556,3801,CUS0003542,2026-03-15,GDS
BKG00012557,15991,CUS0014846,2023-08-31,CTR
BKG00012558,2681,CUS0002501,2025-12-07,CTR
BKG00012559,14524,CUS0013489,2023-11-27,WEB
BKG00012560,4667,CUS0004348,2025-07-13,AGT
BKG00012561,14714,CUS0013669,2025-04-04,CTR
BKG00012562,844,CUS0000780,2025-06-11,MOB
BKG00012563,2883,CUS0002691,2023-06-09,CTR
BKG00012564,9014,CUS0008402,2025-08-31,MOB
BKG00012565,12705,CUS0011818,2026-01-15,AGT
BKG00012566,5906,CUS0005506,2025-05-02,AGT
BKG00012567,9014,CUS0008402,2025-03-12,GDS
BKG00012568,4638,CUS0004321,2026-04-11,GDS
BKG00012569,5231,CUS0004869,2024-12-01,OTA
BKG00012570,2162,CUS0002014,2025-05-15,AGT
BKG00012571,2236,CUS0002085,2026-02-11,OTA
BKG00012572,278,CUS0000259,2023-09-10,OTA
BKG00012573,4333,CUS0004037,2024-04-01,CTR
BKG00012574,4556,CUS0004244,2024-04-26,MOB
BKG00012575,12554,CUS0011684,2023-07-08,CTR
BKG00012576,13021,CUS0012107,2024-01-12,CTR
BKG00012577,4124,CUS0003844,2025-05-27,MOB
BKG00012578,14629,CUS0013588,2024-03-24,OTA
BKG00012579,13156,CUS0012229,2024-12-05,AGT
BKG00012580,11724,CUS0010909,2023-06-26,WEB
BKG00012581,1430,CUS0001328,2026-03-25,OTA
BKG00012582,9544,CUS0008891,2024-06-25,AGT
BKG00012583,13697,CUS0012722,2025-09-30,MOB
BKG00012584,8364,CUS0007792,2025-01-09,AGT
BKG00012585,154,CUS0000144,2025-10-23,MOB
BKG00012586,4486,CUS0004181,2026-05-24,AGT
BKG00012587,15493,CUS0014388,2025-11-18,AGT
BKG00012588,13077,CUS0012157,2023-10-02,OTA
BKG00012589,2903,CUS0002709,2026-01-24,CTR
BKG00012590,6486,CUS0006044,2026-04-21,CTR
BKG00012591,14579,CUS0013540,2026-03-30,MOB
BKG00012592,3864,CUS0003603,2026-05-15,OTA
BKG00012593,4987,CUS0004639,2024-09-02,GDS
BKG00012594,14146,CUS0013137,2024-03-05,MOB
BKG00012595,12463,CUS0011599,2026-04-08,MOB
BKG00012596,3013,CUS0002811,2025-09-07,WEB
BKG00012597,1319,CUS0001228,2024-10-27,WEB
BKG00012598,10859,CUS0010110,2025-10-12,OTA
BKG00012599,8465,CUS0007887,2023-07-29,WEB
BKG00012600,1192,CUS0001107,2025-09-03,WEB
BKG00012601,8703,CUS0008108,2023-09-20,MOB
BKG00012602,11575,CUS0010767,2026-03-11,MOB
BKG00012603,15822,CUS0014687,2024-09-18,CTR
BKG00012604,6709,CUS0006259,2024-07-19,MOB
BKG00012605,14349,CUS0013324,2025-07-22,AGT
BKG00012606,1501,CUS0001395,2025-05-02,AGT
BKG00012607,15757,CUS0014629,2023-08-06,CTR
BKG00012608,11481,CUS0010681,2024-05-24,WEB
BKG00012609,15986,CUS0014841,2024-03-29,AGT
BKG00012610,11763,CUS0010945,2025-08-03,WEB
BKG00012611,12218,CUS0011377,2024-04-29,AGT
BKG00012612,11233,CUS0010450,2026-02-15,WEB
BKG00012613,8056,CUS0007506,2025-01-12,AGT
BKG00012614,7641,CUS0007120,2023-06-12,MOB
BKG00012615,4123,CUS0003843,2026-03-27,GDS
BKG00012616,15823,CUS0014688,2026-04-03,CTR
BKG00012617,6573,CUS0006129,2025-08-05,OTA
BKG00012618,7494,CUS0006984,2024-07-19,GDS
BKG00012619,1936,CUS0001802,2024-08-27,MOB
BKG00012620,3821,CUS0003561,2023-09-30,AGT
BKG00012621,15351,CUS0014256,2023-08-13,AGT
BKG00012622,813,CUS0000754,2024-03-10,WEB
BKG00012623,7662,CUS0007138,2025-12-02,GDS
BKG00012624,5397,CUS0005027,2025-05-11,MOB
BKG00012625,595,CUS0000552,2025-07-16,MOB
BKG00012626,1835,CUS0001703,2023-09-10,MOB
BKG00012627,508,CUS0000470,2024-07-17,GDS
BKG00012628,7091,CUS0006616,2025-11-19,MOB
BKG00012629,2988,CUS0002789,2025-06-30,AGT
BKG00012630,7691,CUS0007166,2025-08-06,GDS
BKG00012631,15986,CUS0014841,2025-01-26,MOB
BKG00012632,10338,CUS0009622,2026-03-30,OTA
BKG00012633,9153,CUS0008531,2026-05-17,CTR
BKG00012634,5066,CUS0004713,2025-09-13,CTR
BKG00012635,4302,CUS0004008,2024-09-10,MOB
BKG00012636,9143,CUS0008522,2024-03-17,AGT
BKG00012637,6598,CUS0006154,2024-04-01,OTA
BKG00012638,12156,CUS0011316,2025-06-09,GDS
BKG00012639,4760,CUS0004436,2025-07-24,WEB
BKG00012640,2203,CUS0002053,2025-03-31,GDS
BKG00012641,7410,CUS0006906,2024-08-13,MOB
BKG00012642,495,CUS0000458,2024-08-08,OTA
BKG00012643,10388,CUS0009668,2024-11-01,GDS
BKG00012644,8892,CUS0008288,2024-03-23,AGT
BKG00012645,3862,CUS0003601,2025-07-04,MOB
BKG00012646,9223,CUS0008593,2026-05-25,MOB
BKG00012647,4116,CUS0003836,2025-03-27,MOB
BKG00012648,1129,CUS0001048,2024-06-26,GDS
BKG00012649,8307,CUS0007737,2025-04-20,GDS
BKG00012650,15256,CUS0014169,2024-07-05,MOB
BKG00012651,7597,CUS0007080,2024-12-18,AGT
BKG00012652,5194,CUS0004834,2025-10-11,CTR
BKG00012653,11301,CUS0010513,2024-02-23,MOB
BKG00012654,3696,CUS0003445,2023-07-10,OTA
BKG00012655,12374,CUS0011516,2024-11-28,OTA
BKG00012656,6929,CUS0006467,2023-11-19,CTR
BKG00012657,1532,CUS0001423,2026-05-14,GDS
BKG00012658,11318,CUS0010530,2023-06-21,AGT
BKG00012659,6036,CUS0005624,2023-09-01,AGT
BKG00012660,14886,CUS0013827,2024-08-31,OTA
BKG00012661,8356,CUS0007784,2024-06-18,CTR
BKG00012662,5622,CUS0005236,2024-05-25,CTR
BKG00012663,8768,CUS0008169,2023-08-25,AGT
BKG00012664,9624,CUS0008965,2024-11-02,WEB
BKG00012665,6699,CUS0006251,2025-03-08,GDS
BKG00012666,8902,CUS0008298,2025-12-18,AGT
BKG00012667,6636,CUS0006192,2026-03-19,GDS
BKG00012668,13354,CUS0012408,2025-12-09,WEB
BKG00012669,10467,CUS0009742,2023-07-18,GDS
BKG00012670,11474,CUS0010674,2025-07-18,CTR
BKG00012671,12829,CUS0011933,2024-10-08,OTA
BKG00012672,15620,CUS0014505,2024-10-26,WEB
BKG00012673,8508,CUS0007926,2025-04-18,OTA
BKG00012674,6827,CUS0006371,2026-01-28,GDS
BKG00012675,3689,CUS0003438,2024-01-30,CTR
BKG00012676,6882,CUS0006424,2025-01-25,AGT
BKG00012677,3065,CUS0002858,2025-09-01,MOB
BKG00012678,3432,CUS0003198,2026-02-05,CTR
BKG00012679,9719,CUS0009055,2024-03-17,OTA
BKG00012680,1340,CUS0001247,2024-01-20,WEB
BKG00012681,11675,CUS0010864,2024-05-25,WEB
BKG00012682,8212,CUS0007653,2026-01-22,CTR
BKG00012683,6118,CUS0005701,2024-05-14,CTR
BKG00012684,14691,CUS0013647,2024-10-03,WEB
BKG00012685,12223,CUS0011381,2024-05-18,OTA
BKG00012686,10660,CUS0009922,2024-02-14,OTA
BKG00012687,7298,CUS0006804,2024-12-05,AGT
BKG00012688,7353,CUS0006856,2024-01-20,WEB
BKG00012689,3833,CUS0003573,2025-09-19,OTA
BKG00012690,7498,CUS0006988,2026-04-15,AGT
BKG00012691,3174,CUS0002962,2024-01-16,MOB
BKG00012692,11959,CUS0011135,2026-04-05,CTR
BKG00012693,444,CUS0000410,2024-02-20,MOB
BKG00012694,5963,CUS0005558,2025-05-24,OTA
BKG00012695,6534,CUS0006092,2025-02-24,GDS
BKG00012696,9705,CUS0009042,2025-07-14,WEB
BKG00012697,8487,CUS0007906,2024-11-02,CTR
BKG00012698,5039,CUS0004688,2024-11-04,GDS
BKG00012699,3395,CUS0003165,2025-03-05,MOB
BKG00012700,11731,CUS0010916,2024-03-27,CTR
BKG00012701,6072,CUS0005658,2026-03-29,WEB
BKG00012702,4915,CUS0004575,2024-02-23,AGT
BKG00012703,7201,CUS0006717,2025-01-24,GDS
BKG00012704,5447,CUS0005071,2025-11-08,GDS
BKG00012705,16159,CUS0015000,2026-05-11,WEB
BKG00012706,11485,CUS0010685,2026-01-09,MOB
BKG00012707,3581,CUS0003340,2024-01-23,GDS
BKG00012708,6392,CUS0005961,2024-09-22,GDS
BKG00012709,15478,CUS0014373,2026-04-02,AGT
BKG00012710,1897,CUS0001763,2024-04-09,CTR
BKG00012711,716,CUS0000666,2024-12-23,OTA
BKG00012712,3225,CUS0003011,2025-11-03,OTA
BKG00012713,4595,CUS0004279,2025-11-07,AGT
BKG00012714,11423,CUS0010626,2023-10-07,GDS
BKG00012715,2220,CUS0002070,2024-04-27,AGT
BKG00012716,13372,CUS0012424,2026-01-01,OTA
BKG00012717,13161,CUS0012234,2023-11-14,WEB
BKG00012718,7488,CUS0006978,2025-10-15,AGT
BKG00012719,11462,CUS0010662,2024-12-14,GDS
BKG00012720,4780,CUS0004456,2025-09-18,CTR
BKG00012721,8127,CUS0007570,2024-02-08,OTA
BKG00012722,9328,CUS0008690,2024-10-01,CTR
BKG00012723,10922,CUS0010166,2024-12-11,OTA
BKG00012724,13784,CUS0012802,2024-10-25,CTR
BKG00012725,4048,CUS0003774,2024-01-23,CTR
BKG00012726,6764,CUS0006309,2023-08-13,WEB
BKG00012727,13901,CUS0012908,2024-11-07,OTA
BKG00012728,15519,CUS0014412,2023-10-22,CTR
BKG00012729,3549,CUS0003312,2024-08-26,AGT
BKG00012730,1977,CUS0001838,2024-12-02,CTR
BKG00012731,2414,CUS0002251,2025-11-13,WEB
BKG00012732,14824,CUS0013771,2024-06-14,WEB
BKG00012733,9603,CUS0008947,2026-02-04,WEB
BKG00012734,5251,CUS0004888,2026-04-04,CTR
BKG00012735,15915,CUS0014774,2025-08-15,OTA
BKG00012736,565,CUS0000522,2023-12-22,GDS
BKG00012737,1848,CUS0001716,2024-11-27,CTR
BKG00012738,7706,CUS0007180,2025-03-05,CTR
BKG00012739,10309,CUS0009595,2024-10-11,GDS
BKG00012740,4373,CUS0004073,2025-02-20,OTA
BKG00012741,11607,CUS0010797,2026-02-20,OTA
BKG00012742,412,CUS0000381,2026-03-24,GDS
BKG00012743,12425,CUS0011564,2024-03-12,WEB
BKG00012744,12947,CUS0012042,2025-06-28,CTR
BKG00012745,9867,CUS0009187,2023-07-11,MOB
BKG00012746,5462,CUS0005085,2023-07-20,GDS
BKG00012747,11736,CUS0010921,2024-10-14,CTR
BKG00012748,14026,CUS0013022,2024-10-20,MOB
BKG00012749,11506,CUS0010704,2025-10-08,MOB
BKG00012750,2886,CUS0002693,2025-04-28,CTR
BKG00012751,15639,CUS0014523,2026-03-24,GDS
BKG00012752,9362,CUS0008721,2025-09-03,MOB
BKG00012753,13629,CUS0012660,2025-05-25,WEB
BKG00012754,11025,CUS0010262,2024-01-24,AGT
BKG00012755,10194,CUS0009487,2023-10-17,CTR
BKG00012756,1471,CUS0001366,2023-06-05,GDS
BKG00012757,10058,CUS0009362,2025-04-22,MOB
BKG00012758,11966,CUS0011142,2023-08-25,MOB
BKG00012759,12620,CUS0011739,2024-12-12,CTR
BKG00012760,14401,CUS0013371,2026-05-02,MOB
BKG00012761,12812,CUS0011916,2024-01-14,AGT
BKG00012762,10299,CUS0009586,2024-10-29,CTR
BKG00012763,10488,CUS0009761,2024-08-20,AGT
BKG00012764,13924,CUS0012928,2025-04-02,WEB
BKG00012765,13144,CUS0012217,2024-09-13,CTR
BKG00012766,6188,CUS0005766,2025-04-17,OTA
BKG00012767,15061,CUS0013992,2024-11-13,MOB
BKG00012768,2846,CUS0002656,2026-03-27,GDS
BKG00012769,8730,CUS0008135,2023-06-21,AGT
BKG00012770,8202,CUS0007643,2025-07-20,GDS
BKG00012771,583,CUS0000540,2023-11-19,OTA
BKG00012772,6543,CUS0006101,2026-03-23,AGT
BKG00012773,14252,CUS0013235,2024-03-18,WEB
BKG00012774,16151,CUS0014994,2025-09-15,MOB
BKG00012775,8178,CUS0007619,2025-04-14,WEB
BKG00012776,16036,CUS0014889,2023-12-07,CTR
BKG00012777,1328,CUS0001236,2024-03-30,AGT
BKG00012778,11087,CUS0010318,2025-02-07,CTR
BKG00012779,6709,CUS0006259,2025-09-23,MOB
BKG00012780,5415,CUS0005042,2024-03-23,AGT
BKG00012781,8318,CUS0007748,2024-05-27,GDS
BKG00012782,7167,CUS0006686,2026-05-25,AGT
BKG00012783,5564,CUS0005179,2026-03-01,AGT
BKG00012784,10385,CUS0009665,2026-01-02,WEB
BKG00012785,5950,CUS0005546,2025-07-15,MOB
BKG00012786,4704,CUS0004383,2025-01-30,CTR
BKG00012787,11463,CUS0010663,2025-04-21,GDS
BKG00012788,6252,CUS0005826,2025-07-02,GDS
BKG00012789,4423,CUS0004121,2025-04-19,OTA
BKG00012790,5755,CUS0005363,2024-03-25,WEB
BKG00012791,970,CUS0000900,2024-07-14,WEB
BKG00012792,11114,CUS0010341,2024-08-18,AGT
BKG00012793,6270,CUS0005844,2026-02-07,CTR
BKG00012794,9820,CUS0009144,2024-07-25,OTA
BKG00012795,5975,CUS0005569,2025-05-10,OTA
BKG00012796,6129,CUS0005712,2025-11-27,OTA
BKG00012797,5876,CUS0005478,2025-09-20,GDS
BKG00012798,2391,CUS0002229,2024-09-20,MOB
BKG00012799,3076,CUS0002869,2025-09-23,WEB
BKG00012800,8005,CUS0007462,2023-11-19,CTR
BKG00012801,1731,CUS0001607,2023-11-13,OTA
BKG00012802,12176,CUS0011336,2025-02-13,AGT
BKG00012803,230,CUS0000215,2023-07-15,WEB
BKG00012804,14620,CUS0013579,2026-05-06,CTR
BKG00012805,11398,CUS0010603,2023-10-20,GDS
BKG00012806,4525,CUS0004216,2025-01-20,MOB
BKG00012807,12629,CUS0011748,2023-07-29,OTA
BKG00012808,12701,CUS0011814,2024-09-26,GDS
BKG00012809,1315,CUS0001224,2024-01-01,GDS
BKG00012810,1339,CUS0001246,2026-04-20,GDS
BKG00012811,263,CUS0000244,2023-08-21,MOB
BKG00012812,10568,CUS0009833,2026-02-14,GDS
BKG00012813,13571,CUS0012609,2024-01-04,MOB
BKG00012814,8789,CUS0008189,2023-08-30,MOB
BKG00012815,974,CUS0000904,2023-12-20,MOB
BKG00012816,10075,CUS0009378,2024-02-12,OTA
BKG00012817,6311,CUS0005884,2025-01-15,OTA
BKG00012818,12000,CUS0011170,2026-02-28,OTA
BKG00012819,7639,CUS0007119,2024-08-22,CTR
BKG00012820,13209,CUS0012277,2023-06-08,GDS
BKG00012821,3022,CUS0002820,2023-10-15,GDS
BKG00012822,1550,CUS0001440,2025-07-02,OTA
BKG00012823,2507,CUS0002336,2024-06-16,OTA
BKG00012824,5428,CUS0005053,2025-04-23,CTR
BKG00012825,3712,CUS0003460,2025-11-17,CTR
BKG00012826,4489,CUS0004183,2025-10-01,WEB
BKG00012827,12987,CUS0012077,2023-11-23,GDS
BKG00012828,6384,CUS0005954,2024-02-08,GDS
BKG00012829,2816,CUS0002629,2026-03-18,MOB
BKG00012830,892,CUS0000826,2023-11-11,CTR
BKG00012831,10803,CUS0010056,2023-08-30,GDS
BKG00012832,1182,CUS0001097,2024-06-27,AGT
BKG00012833,2454,CUS0002287,2026-02-05,AGT
BKG00012834,7240,CUS0006750,2025-10-18,CTR
BKG00012835,4968,CUS0004625,2026-01-09,OTA
BKG00012836,6729,CUS0006278,2024-12-20,OTA
BKG00012837,13576,CUS0012614,2024-12-22,OTA
BKG00012838,1633,CUS0001519,2024-06-26,GDS
BKG00012839,13145,CUS0012218,2025-10-19,MOB
BKG00012840,8309,CUS0007739,2026-05-03,MOB
BKG00012841,4384,CUS0004083,2026-05-01,OTA
BKG00012842,2358,CUS0002197,2023-06-19,AGT
BKG00012843,4092,CUS0003813,2024-04-11,CTR
BKG00012844,2587,CUS0002411,2025-09-29,MOB
BKG00012845,9592,CUS0008937,2025-01-10,CTR
BKG00012846,2715,CUS0002533,2024-03-18,OTA
BKG00012847,7180,CUS0006697,2024-05-18,OTA
BKG00012848,9729,CUS0009063,2026-03-20,OTA
BKG00012849,7591,CUS0007075,2023-06-23,GDS
BKG00012850,14482,CUS0013450,2024-03-16,AGT
BKG00012851,14015,CUS0013012,2024-05-04,MOB
BKG00012852,8477,CUS0007898,2026-04-02,AGT
BKG00012853,7150,CUS0006671,2024-08-05,AGT
BKG00012854,8796,CUS0008196,2023-07-26,MOB
BKG00012855,9276,CUS0008641,2025-12-10,GDS
BKG00012856,4809,CUS0004481,2024-11-06,AGT
BKG00012857,2694,CUS0002513,2023-09-30,AGT
BKG00012858,5540,CUS0005158,2025-09-12,CTR
BKG00012859,4928,CUS0004588,2024-07-26,MOB
BKG00012860,8442,CUS0007865,2023-11-03,MOB
BKG00012861,13135,CUS0012209,2024-04-10,OTA
BKG00012862,10000,CUS0009309,2024-06-12,AGT
BKG00012863,2064,CUS0001920,2025-02-12,CTR
BKG00012864,1124,CUS0001044,2025-06-10,OTA
BKG00012865,8907,CUS0008302,2024-01-11,WEB
BKG00012866,15480,CUS0014375,2024-12-20,CTR
BKG00012867,13566,CUS0012605,2023-11-10,OTA
BKG00012868,10369,CUS0009650,2024-10-21,AGT
BKG00012869,11911,CUS0011089,2023-08-24,AGT
BKG00012870,10386,CUS0009666,2024-12-08,OTA
BKG00012871,8634,CUS0008045,2026-05-01,GDS
BKG00012872,11067,CUS0010301,2025-07-18,GDS
BKG00012873,11045,CUS0010281,2025-10-01,MOB
BKG00012874,8501,CUS0007919,2024-07-19,MOB
BKG00012875,9560,CUS0008907,2025-07-31,GDS
BKG00012876,2298,CUS0002143,2024-04-26,OTA
BKG00012877,9685,CUS0009023,2025-10-04,CTR
BKG00012878,7138,CUS0006660,2025-02-12,MOB
BKG00012879,5625,CUS0005239,2024-03-15,AGT
BKG00012880,15027,CUS0013958,2024-12-17,CTR
BKG00012881,2598,CUS0002421,2024-10-03,MOB
BKG00012882,1975,CUS0001836,2024-06-28,GDS
BKG00012883,15153,CUS0014073,2023-09-02,CTR
BKG00012884,3991,CUS0003721,2024-06-28,MOB
BKG00012885,8678,CUS0008085,2023-09-25,OTA
BKG00012886,11705,CUS0010891,2025-04-07,AGT
BKG00012887,14159,CUS0013150,2026-02-13,MOB
BKG00012888,7134,CUS0006656,2023-08-25,WEB
BKG00012889,4686,CUS0004365,2024-01-16,MOB
BKG00012890,3016,CUS0002814,2024-06-25,GDS
BKG00012891,10591,CUS0009855,2026-01-11,AGT
BKG00012892,10760,CUS0010015,2023-12-15,OTA
BKG00012893,3831,CUS0003571,2024-08-02,GDS
BKG00012894,15092,CUS0014021,2023-12-15,GDS
BKG00012895,9003,CUS0008391,2024-05-25,CTR
BKG00012896,15402,CUS0014305,2024-03-16,AGT
BKG00012897,2708,CUS0002526,2023-09-29,OTA
BKG00012898,961,CUS0000891,2024-04-03,CTR
BKG00012899,13039,CUS0012125,2024-03-12,AGT
BKG00012900,1566,CUS0001455,2025-06-22,CTR
BKG00012901,14813,CUS0013761,2023-07-16,OTA
BKG00012902,11038,CUS0010274,2025-01-11,WEB
BKG00012903,2983,CUS0002784,2024-11-27,MOB
BKG00012904,10250,CUS0009539,2024-01-09,OTA
BKG00012905,13083,CUS0012162,2026-02-02,OTA
BKG00012906,7971,CUS0007432,2024-08-15,WEB
BKG00012907,4272,CUS0003980,2025-08-18,OTA
BKG00012908,11075,CUS0010308,2024-10-03,CTR
BKG00012909,14500,CUS0013467,2026-05-12,CTR
BKG00012910,10702,CUS0009961,2025-06-22,AGT
BKG00012911,3378,CUS0003149,2024-04-05,WEB
BKG00012912,10337,CUS0009621,2023-08-27,MOB
BKG00012913,7028,CUS0006557,2025-06-23,AGT
BKG00012914,5432,CUS0005057,2025-10-19,CTR
BKG00012915,14702,CUS0013657,2025-08-22,CTR
BKG00012916,12639,CUS0011756,2025-12-29,MOB
BKG00012917,9730,CUS0009064,2025-04-28,CTR
BKG00012918,14505,CUS0013471,2023-12-01,CTR
BKG00012919,2826,CUS0002638,2026-02-09,WEB
BKG00012920,7991,CUS0007450,2025-02-06,OTA
BKG00012921,13776,CUS0012794,2025-12-13,OTA
BKG00012922,10899,CUS0010146,2026-03-28,OTA
BKG00012923,6293,CUS0005867,2025-02-15,CTR
BKG00012924,11333,CUS0010544,2026-05-11,CTR
BKG00012925,14408,CUS0013378,2026-03-11,GDS
BKG00012926,8492,CUS0007911,2024-02-28,MOB
BKG00012927,14995,CUS0013930,2026-03-26,CTR
BKG00012928,2199,CUS0002050,2026-02-19,AGT
BKG00012929,1713,CUS0001591,2023-10-18,WEB
BKG00012930,2459,CUS0002292,2024-06-13,WEB
BKG00012931,10085,CUS0009388,2023-08-17,GDS
BKG00012932,1184,CUS0001099,2025-02-19,CTR
BKG00012933,8198,CUS0007639,2025-01-25,MOB
BKG00012934,13114,CUS0012190,2024-08-17,WEB
BKG00012935,1055,CUS0000980,2026-02-24,WEB
BKG00012936,238,CUS0000222,2023-11-07,MOB
BKG00012937,10554,CUS0009820,2023-12-03,MOB
BKG00012938,8211,CUS0007652,2024-10-02,WEB
BKG00012939,9465,CUS0008821,2023-09-01,MOB
BKG00012940,2344,CUS0002184,2024-05-06,AGT
BKG00012941,10887,CUS0010135,2026-04-11,WEB
BKG00012942,10215,CUS0009507,2026-03-16,OTA
BKG00012943,4640,CUS0004323,2024-03-30,GDS
BKG00012944,13191,CUS0012259,2025-04-21,GDS
BKG00012945,6051,CUS0005639,2024-12-26,WEB
BKG00012946,8569,CUS0007984,2023-07-10,OTA
BKG00012947,508,CUS0000470,2024-08-15,OTA
BKG00012948,7088,CUS0006613,2026-05-21,WEB
BKG00012949,12494,CUS0011627,2023-11-09,MOB
BKG00012950,11874,CUS0011052,2025-02-25,MOB
BKG00012951,4439,CUS0004136,2026-01-29,GDS
BKG00012952,1916,CUS0001782,2025-03-17,OTA
BKG00012953,1431,CUS0001329,2023-08-07,WEB
BKG00012954,7033,CUS0006561,2025-10-03,GDS
BKG00012955,3598,CUS0003356,2023-06-21,CTR
BKG00012956,11097,CUS0010327,2025-05-13,AGT
BKG00012957,7519,CUS0007007,2023-11-26,AGT
BKG00012958,5390,CUS0005020,2026-04-27,OTA
BKG00012959,775,CUS0000718,2025-10-10,GDS
BKG00012960,8777,CUS0008178,2023-11-26,GDS
BKG00012961,1419,CUS0001317,2023-12-27,OTA
BKG00012962,7121,CUS0006643,2023-06-15,AGT
BKG00012963,1935,CUS0001801,2025-04-11,WEB
BKG00012964,7989,CUS0007448,2024-01-19,GDS
BKG00012965,6680,CUS0006233,2023-11-24,AGT
BKG00012966,10055,CUS0009359,2025-04-20,GDS
BKG00012967,10275,CUS0009564,2023-10-27,MOB
BKG00012968,10962,CUS0010205,2023-10-03,WEB
BKG00012969,1982,CUS0001842,2024-12-01,WEB
BKG00012970,10750,CUS0010005,2023-10-26,CTR
BKG00012971,13635,CUS0012666,2025-12-18,AGT
BKG00012972,12366,CUS0011509,2025-10-06,CTR
BKG00012973,12174,CUS0011334,2026-02-14,CTR
BKG00012974,3450,CUS0003216,2025-10-21,AGT
BKG00012975,11043,CUS0010279,2023-08-26,CTR
BKG00012976,15083,CUS0014012,2025-10-25,GDS
BKG00012977,15347,CUS0014252,2024-04-03,AGT
BKG00012978,3363,CUS0003136,2024-10-28,CTR
BKG00012979,5928,CUS0005525,2024-11-20,MOB
BKG00012980,8051,CUS0007501,2023-12-10,MOB
BKG00012981,13052,CUS0012136,2025-06-18,GDS
BKG00012982,8451,CUS0007873,2025-06-09,OTA
BKG00012983,1691,CUS0001571,2023-10-11,MOB
BKG00012984,808,CUS0000750,2023-12-24,AGT
BKG00012985,4750,CUS0004427,2024-03-28,OTA
BKG00012986,16,CUS0000015,2024-02-11,OTA
BKG00012987,7997,CUS0007455,2024-07-12,OTA
BKG00012988,13061,CUS0012144,2025-09-02,OTA
BKG00012989,2410,CUS0002247,2023-07-11,OTA
BKG00012990,3337,CUS0003113,2024-11-11,CTR
BKG00012991,4003,CUS0003732,2023-07-20,GDS
BKG00012992,13989,CUS0012988,2025-05-26,MOB
BKG00012993,10280,CUS0009569,2025-02-01,WEB
BKG00012994,14167,CUS0013158,2023-12-29,AGT
BKG00012995,12608,CUS0011728,2025-02-18,WEB
BKG00012996,8609,CUS0008022,2023-11-10,WEB
BKG00012997,11613,CUS0010803,2023-08-12,MOB
BKG00012998,7342,CUS0006846,2024-03-12,AGT
BKG00012999,5586,CUS0005200,2023-10-17,AGT
BKG00013000,10216,CUS0009508,2026-01-16,WEB
BKG00013001,11058,CUS0010292,2025-02-06,WEB
BKG00013002,7598,CUS0007081,2025-04-25,WEB
BKG00013003,9243,CUS0008610,2023-10-11,MOB
BKG00013004,5841,CUS0005443,2024-12-19,OTA
BKG00013005,4566,CUS0004253,2024-10-10,CTR
BKG00013006,7671,CUS0007147,2026-04-12,CTR
BKG00013007,12423,CUS0011562,2024-02-05,OTA
BKG00013008,4924,CUS0004584,2025-12-26,GDS
BKG00013009,1985,CUS0001845,2024-01-29,WEB
BKG00013010,8312,CUS0007742,2023-07-18,AGT
BKG00013011,10622,CUS0009885,2024-05-11,AGT
BKG00013012,11610,CUS0010800,2024-05-23,MOB
BKG00013013,14405,CUS0013375,2024-06-03,MOB
BKG00013014,15609,CUS0014496,2025-04-11,OTA
BKG00013015,10697,CUS0009956,2023-12-09,OTA
BKG00013016,5645,CUS0005259,2023-09-05,WEB
BKG00013017,907,CUS0000840,2024-05-21,GDS
BKG00013018,2903,CUS0002709,2025-08-19,OTA
BKG00013019,12514,CUS0011646,2025-05-17,OTA
BKG00013020,11532,CUS0010727,2025-04-13,AGT
BKG00013021,6532,CUS0006090,2025-08-02,GDS
BKG00013022,14935,CUS0013873,2023-10-27,WEB
BKG00013023,2930,CUS0002735,2025-01-16,GDS
BKG00013024,11936,CUS0011113,2025-07-11,CTR
BKG00013025,10615,CUS0009878,2023-10-24,MOB
BKG00013026,12100,CUS0011266,2023-10-25,AGT
BKG00013027,10406,CUS0009684,2023-08-29,MOB
BKG00013028,1992,CUS0001851,2023-10-18,OTA
BKG00013029,8010,CUS0007467,2024-10-25,GDS
BKG00013030,2280,CUS0002127,2026-03-10,MOB
BKG00013031,9104,CUS0008485,2025-04-10,CTR
BKG00013032,11657,CUS0010846,2024-07-20,CTR
BKG00013033,10039,CUS0009344,2025-10-13,CTR
BKG00013034,3291,CUS0003071,2024-04-12,AGT
BKG00013035,4944,CUS0004602,2023-09-12,MOB
BKG00013036,9805,CUS0009131,2024-05-10,WEB
BKG00013037,3477,CUS0003242,2023-07-11,WEB
BKG00013038,11371,CUS0010579,2023-07-10,WEB
BKG00013039,15365,CUS0014270,2023-12-09,AGT
BKG00013040,13380,CUS0012431,2023-10-21,CTR
BKG00013041,5077,CUS0004722,2025-06-19,GDS
BKG00013042,2098,CUS0001954,2026-05-21,GDS
BKG00013043,6126,CUS0005709,2023-10-23,CTR
BKG00013044,3125,CUS0002915,2026-04-13,GDS
BKG00013045,15921,CUS0014779,2025-01-31,OTA
BKG00013046,10021,CUS0009328,2023-08-25,CTR
BKG00013047,3815,CUS0003555,2026-03-14,CTR
BKG00013048,11124,CUS0010349,2024-08-15,AGT
BKG00013049,13673,CUS0012699,2025-02-11,AGT
BKG00013050,7877,CUS0007340,2024-10-13,AGT
BKG00013051,8995,CUS0008383,2024-01-18,CTR
BKG00013052,14144,CUS0013135,2024-01-14,CTR
BKG00013053,15922,CUS0014780,2024-10-07,OTA
BKG00013054,9858,CUS0009178,2025-12-30,CTR
BKG00013055,15665,CUS0014545,2023-09-11,AGT
BKG00013056,12215,CUS0011374,2025-03-12,AGT
BKG00013057,2414,CUS0002251,2025-12-26,CTR
BKG00013058,2091,CUS0001947,2025-09-14,CTR
BKG00013059,9789,CUS0009118,2024-12-22,CTR
BKG00013060,6912,CUS0006452,2024-04-20,GDS
BKG00013061,7982,CUS0007442,2025-07-12,MOB
BKG00013062,15642,CUS0014525,2023-12-17,GDS
BKG00013063,1977,CUS0001838,2025-06-06,CTR
BKG00013064,5732,CUS0005342,2023-10-08,WEB
BKG00013065,11715,CUS0010901,2026-03-22,CTR
BKG00013066,12408,CUS0011547,2025-09-05,WEB
BKG00013067,5473,CUS0005095,2024-02-10,GDS
BKG00013068,4385,CUS0004084,2024-07-13,OTA
BKG00013069,13294,CUS0012354,2023-09-07,CTR
BKG00013070,977,CUS0000907,2026-02-12,CTR
BKG00013071,14901,CUS0013841,2023-08-21,WEB
BKG00013072,6395,CUS0005964,2023-06-27,AGT
BKG00013073,8401,CUS0007826,2024-02-22,CTR
BKG00013074,1344,CUS0001251,2025-06-11,GDS
BKG00013075,3622,CUS0003376,2024-01-21,MOB
BKG00013076,11383,CUS0010589,2024-12-09,CTR
BKG00013077,3161,CUS0002950,2025-03-22,AGT
BKG00013078,11187,CUS0010406,2023-11-05,CTR
BKG00013079,2894,CUS0002701,2024-09-17,CTR
BKG00013080,9228,CUS0008598,2025-09-05,WEB
BKG00013081,1306,CUS0001215,2025-09-29,CTR
BKG00013082,6810,CUS0006354,2025-12-21,MOB
BKG00013083,4709,CUS0004388,2024-11-18,AGT
BKG00013084,3673,CUS0003424,2026-02-03,CTR
BKG00013085,384,CUS0000354,2025-12-05,AGT
BKG00013086,15874,CUS0014738,2025-03-12,WEB
BKG00013087,1637,CUS0001523,2025-03-29,AGT
BKG00013088,8889,CUS0008285,2025-08-12,WEB
BKG00013089,12529,CUS0011661,2023-09-28,AGT
BKG00013090,12707,CUS0011820,2025-03-09,MOB
BKG00013091,12709,CUS0011821,2023-10-02,CTR
BKG00013092,11673,CUS0010862,2026-04-12,GDS
BKG00013093,5892,CUS0005493,2023-07-31,WEB
BKG00013094,3579,CUS0003338,2024-08-26,WEB
BKG00013095,6810,CUS0006354,2026-01-18,AGT
BKG00013096,13609,CUS0012642,2026-03-02,GDS
BKG00013097,7104,CUS0006628,2024-12-06,AGT
BKG00013098,5911,CUS0005510,2024-12-25,AGT
BKG00013099,6008,CUS0005598,2023-11-10,GDS
BKG00013100,5970,CUS0005565,2026-02-17,WEB
BKG00013101,9748,CUS0009081,2024-04-19,OTA
BKG00013102,12425,CUS0011564,2023-09-15,MOB
BKG00013103,3532,CUS0003296,2025-07-07,CTR
BKG00013104,13523,CUS0012564,2025-08-28,AGT
BKG00013105,14711,CUS0013666,2025-08-02,WEB
BKG00013106,5397,CUS0005027,2025-09-13,CTR
BKG00013107,407,CUS0000377,2023-07-28,WEB
BKG00013108,7072,CUS0006597,2023-06-09,GDS
BKG00013109,15742,CUS0014616,2026-04-02,GDS
BKG00013110,4258,CUS0003966,2024-01-27,AGT
BKG00013111,2425,CUS0002261,2024-10-26,MOB
BKG00013112,6451,CUS0006014,2024-09-06,CTR
BKG00013113,1930,CUS0001796,2023-08-12,GDS
BKG00013114,84,CUS0000078,2026-02-21,MOB
BKG00013115,2642,CUS0002464,2025-09-05,MOB
BKG00013116,15205,CUS0014121,2023-10-30,GDS
BKG00013117,12514,CUS0011646,2025-12-24,GDS
BKG00013118,10248,CUS0009537,2024-07-06,AGT
BKG00013119,10245,CUS0009534,2024-10-29,OTA
BKG00013120,6210,CUS0005785,2024-06-18,WEB
BKG00013121,6378,CUS0005948,2023-06-27,OTA
BKG00013122,15896,CUS0014757,2024-12-20,AGT
BKG00013123,14669,CUS0013626,2024-04-04,CTR
BKG00013124,6215,CUS0005790,2023-06-11,MOB
BKG00013125,12417,CUS0011556,2025-09-24,MOB
BKG00013126,2310,CUS0002153,2025-05-29,OTA
BKG00013127,11091,CUS0010322,2024-11-22,AGT
BKG00013128,13948,CUS0012949,2025-12-30,CTR
BKG00013129,9690,CUS0009028,2025-03-30,AGT
BKG00013130,6815,CUS0006359,2023-06-17,GDS
BKG00013131,10875,CUS0010124,2024-11-10,AGT
BKG00013132,5474,CUS0005096,2023-10-28,MOB
BKG00013133,2489,CUS0002318,2024-11-13,WEB
BKG00013134,6351,CUS0005922,2026-02-10,AGT
BKG00013135,8882,CUS0008278,2025-08-15,OTA
BKG00013136,9936,CUS0009250,2026-05-18,MOB
BKG00013137,13865,CUS0012875,2025-01-12,GDS
BKG00013138,8261,CUS0007696,2025-09-13,OTA
BKG00013139,15605,CUS0014492,2023-11-18,WEB
BKG00013140,4081,CUS0003803,2025-07-27,WEB
BKG00013141,11332,CUS0010543,2024-01-04,CTR
BKG00013142,11699,CUS0010885,2025-10-30,MOB
BKG00013143,11878,CUS0011056,2023-12-01,GDS
BKG00013144,4045,CUS0003772,2024-12-08,MOB
BKG00013145,14436,CUS0013405,2023-09-02,CTR
BKG00013146,8309,CUS0007739,2024-08-24,MOB
BKG00013147,9957,CUS0009269,2025-05-27,WEB
BKG00013148,12539,CUS0011670,2025-05-31,OTA
BKG00013149,1100,CUS0001021,2024-06-18,MOB
BKG00013150,11757,CUS0010941,2025-09-20,MOB
BKG00013151,7681,CUS0007156,2025-12-30,CTR
BKG00013152,557,CUS0000515,2025-07-08,CTR
BKG00013153,2128,CUS0001982,2025-04-12,OTA
BKG00013154,14177,CUS0013167,2025-05-03,GDS
BKG00013155,13217,CUS0012284,2025-12-06,AGT
BKG00013156,13662,CUS0012690,2024-10-21,MOB
BKG00013157,5656,CUS0005270,2023-06-15,OTA
BKG00013158,13661,CUS0012689,2026-05-01,WEB
BKG00013159,15584,CUS0014472,2025-09-26,GDS
BKG00013160,11456,CUS0010656,2025-11-19,GDS
BKG00013161,7476,CUS0006967,2026-02-19,AGT
BKG00013162,14884,CUS0013825,2024-03-19,AGT
BKG00013163,5577,CUS0005191,2024-07-13,OTA
BKG00013164,824,CUS0000763,2023-07-24,GDS
BKG00013165,10361,CUS0009643,2025-02-18,WEB
BKG00013166,4255,CUS0003964,2023-06-03,AGT
BKG00013167,14627,CUS0013586,2025-11-04,GDS
BKG00013168,469,CUS0000435,2024-05-27,OTA
BKG00013169,8265,CUS0007700,2024-12-14,AGT
BKG00013170,1941,CUS0001806,2025-02-06,WEB
BKG00013171,13747,CUS0012769,2023-08-06,MOB
BKG00013172,14497,CUS0013464,2024-04-06,MOB
BKG00013173,15222,CUS0014138,2023-10-15,GDS
BKG00013174,11467,CUS0010667,2026-05-19,AGT
BKG00013175,2929,CUS0002734,2023-11-30,MOB
BKG00013176,5607,CUS0005221,2025-09-22,GDS
BKG00013177,7234,CUS0006744,2025-09-04,MOB
BKG00013178,11113,CUS0010340,2024-11-27,OTA
BKG00013179,8106,CUS0007550,2024-04-27,CTR
BKG00013180,3731,CUS0003477,2024-09-05,MOB
BKG00013181,13002,CUS0012092,2026-02-28,WEB
BKG00013182,13400,CUS0012450,2025-05-07,AGT
BKG00013183,6667,CUS0006220,2023-06-14,CTR
BKG00013184,5051,CUS0004699,2025-07-26,OTA
BKG00013185,6134,CUS0005717,2026-02-14,GDS
BKG00013186,5729,CUS0005339,2025-03-30,OTA
BKG00013187,2736,CUS0002554,2023-11-16,WEB
BKG00013188,13619,CUS0012651,2023-09-12,WEB
BKG00013189,3435,CUS0003201,2024-12-23,MOB
BKG00013190,3009,CUS0002807,2023-11-21,WEB
BKG00013191,6423,CUS0005988,2024-10-12,GDS
BKG00013192,13582,CUS0012618,2024-09-28,AGT
BKG00013193,3574,CUS0003333,2024-07-20,GDS
BKG00013194,1866,CUS0001733,2025-01-13,AGT
BKG00013195,14496,CUS0013463,2025-03-30,CTR
BKG00013196,14618,CUS0013577,2024-02-24,OTA
BKG00013197,713,CUS0000663,2025-03-09,MOB
BKG00013198,13189,CUS0012258,2024-05-31,WEB
BKG00013199,15441,CUS0014340,2025-03-19,GDS
BKG00013200,1969,CUS0001830,2023-11-20,MOB
BKG00013201,8452,CUS0007874,2024-08-24,GDS
BKG00013202,8727,CUS0008132,2024-11-13,WEB
BKG00013203,10949,CUS0010192,2025-05-25,WEB
BKG00013204,1018,CUS0000945,2023-09-03,WEB
BKG00013205,7529,CUS0007016,2025-10-27,OTA
BKG00013206,11464,CUS0010664,2025-01-28,GDS
BKG00013207,750,CUS0000697,2025-10-21,CTR
BKG00013208,2495,CUS0002324,2026-05-11,AGT
BKG00013209,11592,CUS0010782,2026-01-06,CTR
BKG00013210,2444,CUS0002278,2024-05-04,WEB
BKG00013211,11881,CUS0011059,2023-07-18,CTR
BKG00013212,2955,CUS0002757,2024-11-24,GDS
BKG00013213,2455,CUS0002288,2024-02-16,GDS
BKG00013214,6207,CUS0005782,2025-02-07,AGT
BKG00013215,14478,CUS0013446,2024-06-18,GDS
BKG00013216,5904,CUS0005504,2025-04-04,OTA
BKG00013217,3036,CUS0002834,2023-12-24,CTR
BKG00013218,4396,CUS0004094,2024-01-10,AGT
BKG00013219,13205,CUS0012273,2025-06-18,MOB
BKG00013220,8604,CUS0008017,2025-10-15,GDS
BKG00013221,8689,CUS0008096,2024-12-15,MOB
BKG00013222,3625,CUS0003379,2025-04-01,AGT
BKG00013223,706,CUS0000656,2025-04-04,MOB
BKG00013224,3087,CUS0002880,2024-04-01,CTR
BKG00013225,3334,CUS0003110,2024-07-19,WEB
BKG00013226,9692,CUS0009030,2023-10-13,OTA
BKG00013227,9511,CUS0008861,2025-02-18,OTA
BKG00013228,13300,CUS0012359,2023-11-26,WEB
BKG00013229,12024,CUS0011193,2023-09-19,WEB
BKG00013230,1421,CUS0001319,2023-07-27,GDS
BKG00013231,515,CUS0000476,2024-11-23,CTR
BKG00013232,13039,CUS0012125,2025-02-18,CTR
BKG00013233,6618,CUS0006174,2024-01-21,AGT
BKG00013234,15393,CUS0014297,2024-03-25,MOB
BKG00013235,13597,CUS0012631,2024-12-27,WEB
BKG00013236,7631,CUS0007111,2026-05-21,OTA
BKG00013237,10732,CUS0009989,2023-08-09,OTA
BKG00013238,13521,CUS0012562,2024-12-14,MOB
BKG00013239,343,CUS0000317,2025-08-08,MOB
BKG00013240,7826,CUS0007293,2026-01-23,CTR
BKG00013241,1246,CUS0001161,2026-03-06,CTR
BKG00013242,12142,CUS0011305,2024-03-14,MOB
BKG00013243,3290,CUS0003070,2024-07-22,OTA
BKG00013244,3080,CUS0002873,2024-11-13,OTA
BKG00013245,5356,CUS0004989,2025-01-09,CTR
BKG00013246,15665,CUS0014545,2025-12-03,OTA
BKG00013247,3575,CUS0003334,2025-07-18,WEB
BKG00013248,8784,CUS0008185,2023-09-11,MOB
BKG00013249,7505,CUS0006994,2026-01-30,CTR
BKG00013250,2318,CUS0002161,2024-05-30,WEB
BKG00013251,6159,CUS0005741,2023-10-26,AGT
BKG00013252,12163,CUS0011323,2024-09-09,AGT
BKG00013253,5849,CUS0005451,2025-02-19,GDS
BKG00013254,8583,CUS0007997,2023-10-10,AGT
BKG00013255,1550,CUS0001440,2024-04-20,CTR
BKG00013256,2343,CUS0002183,2025-07-27,WEB
BKG00013257,1335,CUS0001242,2025-07-19,MOB
BKG00013258,4580,CUS0004266,2026-02-19,CTR
BKG00013259,14910,CUS0013849,2026-03-17,OTA
BKG00013260,15037,CUS0013968,2025-04-02,OTA
BKG00013261,2009,CUS0001867,2025-02-14,GDS
BKG00013262,1129,CUS0001048,2023-12-19,AGT
BKG00013263,6195,CUS0005772,2023-12-01,OTA
BKG00013264,5315,CUS0004949,2024-08-10,MOB
BKG00013265,15065,CUS0013996,2024-09-30,CTR
BKG00013266,6626,CUS0006182,2024-04-04,WEB
BKG00013267,9407,CUS0008763,2024-03-16,CTR
BKG00013268,479,CUS0000445,2026-01-13,GDS
BKG00013269,12358,CUS0011503,2026-03-26,CTR
BKG00013270,3345,CUS0003119,2025-10-27,WEB
BKG00013271,5521,CUS0005139,2025-08-02,MOB
BKG00013272,4192,CUS0003906,2023-08-15,OTA
BKG00013273,9929,CUS0009244,2023-08-06,CTR
BKG00013274,14643,CUS0013602,2026-03-12,MOB
BKG00013275,12055,CUS0011223,2025-12-11,AGT
BKG00013276,11443,CUS0010644,2023-11-05,GDS
BKG00013277,12670,CUS0011784,2025-06-02,MOB
BKG00013278,7244,CUS0006754,2024-08-01,CTR
BKG00013279,10575,CUS0009839,2025-09-16,OTA
BKG00013280,1745,CUS0001620,2025-05-26,CTR
BKG00013281,11570,CUS0010762,2026-01-30,WEB
BKG00013282,15678,CUS0014558,2024-05-17,MOB
BKG00013283,3279,CUS0003059,2023-12-18,WEB
BKG00013284,5855,CUS0005457,2024-02-06,CTR
BKG00013285,5701,CUS0005312,2023-12-13,MOB
BKG00013286,13452,CUS0012498,2025-02-08,GDS
BKG00013287,4611,CUS0004294,2025-05-11,CTR
BKG00013288,6395,CUS0005964,2025-07-30,CTR
BKG00013289,876,CUS0000812,2025-01-26,OTA
BKG00013290,9208,CUS0008581,2025-07-30,MOB
BKG00013291,13343,CUS0012397,2024-03-06,AGT
BKG00013292,8117,CUS0007560,2025-07-05,GDS
BKG00013293,11262,CUS0010477,2024-12-02,OTA
BKG00013294,2592,CUS0002416,2025-06-29,MOB
BKG00013295,11562,CUS0010755,2024-03-30,MOB
BKG00013296,7162,CUS0006682,2025-08-28,CTR
BKG00013297,3609,CUS0003365,2024-12-18,CTR
BKG00013298,70,CUS0000065,2025-10-26,CTR
BKG00013299,1996,CUS0001855,2023-10-28,OTA
BKG00013300,12744,CUS0011855,2024-03-05,GDS
BKG00013301,3142,CUS0002932,2023-06-04,WEB
BKG00013302,187,CUS0000175,2025-03-11,CTR
BKG00013303,14893,CUS0013834,2024-02-15,WEB
BKG00013304,10898,CUS0010145,2025-11-07,WEB
BKG00013305,2404,CUS0002242,2023-08-29,OTA
BKG00013306,8010,CUS0007467,2025-03-28,MOB
BKG00013307,8738,CUS0008143,2024-05-18,AGT
BKG00013308,9410,CUS0008766,2025-07-22,MOB
BKG00013309,2097,CUS0001953,2024-10-27,WEB
BKG00013310,5797,CUS0005403,2025-06-12,GDS
BKG00013311,8083,CUS0007528,2024-06-19,AGT
BKG00013312,13896,CUS0012903,2025-04-19,AGT
BKG00013313,4085,CUS0003806,2023-05-31,MOB
BKG00013314,9028,CUS0008414,2024-07-09,WEB
BKG00013315,7376,CUS0006878,2025-07-02,GDS
BKG00013316,5836,CUS0005438,2023-12-08,MOB
BKG00013317,6289,CUS0005863,2023-12-16,GDS
BKG00013318,13032,CUS0012118,2023-09-29,GDS
BKG00013319,323,CUS0000299,2024-09-14,OTA
BKG00013320,13173,CUS0012242,2024-12-03,OTA
BKG00013321,3567,CUS0003327,2023-12-22,OTA
BKG00013322,3413,CUS0003180,2026-05-01,OTA
BKG00013323,4292,CUS0003998,2023-10-21,OTA
BKG00013324,6997,CUS0006529,2024-05-11,OTA
BKG00013325,1061,CUS0000985,2026-04-25,MOB
BKG00013326,13351,CUS0012405,2023-06-16,GDS
BKG00013327,8510,CUS0007928,2024-07-11,WEB
BKG00013328,5601,CUS0005215,2024-11-06,MOB
BKG00013329,13184,CUS0012253,2026-04-08,OTA
BKG00013330,12771,CUS0011880,2024-08-12,OTA
BKG00013331,5895,CUS0005496,2023-06-21,GDS
BKG00013332,13863,CUS0012873,2024-08-07,AGT
BKG00013333,4771,CUS0004447,2024-04-13,WEB
BKG00013334,5191,CUS0004831,2024-04-16,OTA
BKG00013335,10176,CUS0009471,2024-07-21,CTR
BKG00013336,2795,CUS0002610,2024-04-03,GDS
BKG00013337,1469,CUS0001364,2024-11-01,WEB
BKG00013338,790,CUS0000733,2025-06-16,AGT
BKG00013339,9010,CUS0008398,2025-03-07,MOB
BKG00013340,8474,CUS0007895,2023-09-05,CTR
BKG00013341,1101,CUS0001022,2024-11-07,CTR
BKG00013342,7961,CUS0007422,2023-11-24,CTR
BKG00013343,12019,CUS0011188,2026-03-19,CTR
BKG00013344,672,CUS0000623,2024-07-22,OTA
BKG00013345,1171,CUS0001086,2023-09-23,AGT
BKG00013346,13399,CUS0012449,2024-12-08,CTR
BKG00013347,7205,CUS0006720,2026-03-24,OTA
BKG00013348,7529,CUS0007016,2023-08-04,GDS
BKG00013349,3530,CUS0003294,2025-12-09,CTR
BKG00013350,6392,CUS0005961,2024-01-06,GDS
BKG00013351,14865,CUS0013809,2024-01-18,AGT
BKG00013352,5288,CUS0004923,2026-04-09,AGT
BKG00013353,9141,CUS0008520,2026-04-21,CTR
BKG00013354,1000,CUS0000928,2023-11-30,AGT
BKG00013355,431,CUS0000399,2025-07-26,WEB
BKG00013356,11750,CUS0010934,2024-09-17,MOB
BKG00013357,5715,CUS0005325,2025-12-24,AGT
BKG00013358,4259,CUS0003967,2024-02-22,CTR
BKG00013359,16074,CUS0014923,2026-04-04,WEB
BKG00013360,6014,CUS0005604,2024-02-19,MOB
BKG00013361,3282,CUS0003062,2025-12-29,WEB
BKG00013362,15546,CUS0014438,2024-05-01,OTA
BKG00013363,12543,CUS0011674,2024-02-14,CTR
BKG00013364,14114,CUS0013108,2025-05-01,GDS
BKG00013365,3437,CUS0003203,2024-12-08,GDS
BKG00013366,511,CUS0000472,2026-04-10,OTA
BKG00013367,7,CUS0000007,2026-03-25,AGT
BKG00013368,12564,CUS0011692,2024-08-02,MOB
BKG00013369,5032,CUS0004681,2024-06-20,OTA
BKG00013370,12511,CUS0011643,2024-10-21,WEB
BKG00013371,14811,CUS0013760,2025-02-20,GDS
BKG00013372,15924,CUS0014782,2023-12-02,WEB
BKG00013373,10431,CUS0009707,2026-01-02,OTA
BKG00013374,10026,CUS0009332,2024-08-13,OTA
BKG00013375,14318,CUS0013296,2024-09-29,OTA
BKG00013376,2310,CUS0002153,2024-11-18,CTR
BKG00013377,15534,CUS0014427,2025-08-17,MOB
BKG00013378,13197,CUS0012265,2026-05-12,WEB
BKG00013379,5788,CUS0005394,2025-01-02,MOB
BKG00013380,15600,CUS0014488,2026-04-14,MOB
BKG00013381,8830,CUS0008229,2024-11-14,CTR
BKG00013382,7227,CUS0006738,2025-03-30,WEB
BKG00013383,1845,CUS0001713,2024-07-06,AGT
BKG00013384,573,CUS0000530,2025-12-02,OTA
BKG00013385,3051,CUS0002847,2025-03-11,CTR
BKG00013386,2203,CUS0002053,2024-11-28,MOB
BKG00013387,7731,CUS0007203,2026-02-25,AGT
BKG00013388,5679,CUS0005292,2024-07-13,MOB
BKG00013389,4852,CUS0004521,2025-04-29,CTR
BKG00013390,12165,CUS0011325,2026-04-12,OTA
BKG00013391,14537,CUS0013500,2023-10-01,CTR
BKG00013392,11785,CUS0010965,2024-08-31,GDS
BKG00013393,6258,CUS0005832,2024-06-20,GDS
BKG00013394,8199,CUS0007640,2024-04-19,OTA
BKG00013395,12591,CUS0011714,2024-01-10,AGT
BKG00013396,5430,CUS0005055,2023-09-09,AGT
BKG00013397,3820,CUS0003560,2024-11-21,GDS
BKG00013398,3657,CUS0003409,2024-01-12,MOB
BKG00013399,16012,CUS0014867,2024-05-08,MOB
BKG00013400,14223,CUS0013210,2026-03-18,OTA
BKG00013401,12420,CUS0011559,2025-03-12,WEB
BKG00013402,3946,CUS0003679,2023-09-18,MOB
BKG00013403,12157,CUS0011317,2025-12-12,OTA
BKG00013404,6962,CUS0006497,2023-09-20,GDS
BKG00013405,8402,CUS0007827,2024-07-08,CTR
BKG00013406,16011,CUS0014866,2024-07-28,AGT
BKG00013407,2184,CUS0002036,2025-02-22,GDS
BKG00013408,11073,CUS0010307,2026-05-07,AGT
BKG00013409,13019,CUS0012105,2025-10-11,AGT
BKG00013410,3950,CUS0003683,2024-09-03,AGT
BKG00013411,2212,CUS0002062,2024-06-10,MOB
BKG00013412,14344,CUS0013319,2025-09-23,GDS
BKG00013413,6473,CUS0006032,2024-05-20,GDS
BKG00013414,1431,CUS0001329,2025-07-04,WEB
BKG00013415,5206,CUS0004846,2023-07-22,WEB
BKG00013416,9064,CUS0008448,2023-11-01,GDS
BKG00013417,3659,CUS0003411,2025-07-13,OTA
BKG00013418,13199,CUS0012267,2024-02-13,AGT
BKG00013419,8701,CUS0008106,2024-06-15,GDS
BKG00013420,8193,CUS0007634,2024-03-18,CTR
BKG00013421,5399,CUS0005029,2025-03-18,MOB
BKG00013422,6676,CUS0006229,2025-12-22,OTA
BKG00013423,10214,CUS0009506,2025-11-18,GDS
BKG00013424,10595,CUS0009859,2024-01-16,CTR
BKG00013425,15367,CUS0014272,2025-05-29,OTA
BKG00013426,3990,CUS0003720,2026-03-14,GDS
BKG00013427,13667,CUS0012694,2024-11-10,MOB
BKG00013428,607,CUS0000563,2023-07-03,WEB
BKG00013429,8400,CUS0007825,2026-01-11,WEB
BKG00013430,11848,CUS0011026,2025-12-08,WEB
BKG00013431,1314,CUS0001223,2025-05-20,OTA
BKG00013432,3273,CUS0003053,2023-10-25,MOB
BKG00013433,1013,CUS0000940,2025-09-19,AGT
BKG00013434,13256,CUS0012319,2025-10-10,CTR
BKG00013435,1222,CUS0001137,2025-05-05,CTR
BKG00013436,4024,CUS0003752,2025-12-19,AGT
BKG00013437,13458,CUS0012504,2024-11-30,AGT
BKG00013438,7917,CUS0007380,2024-03-30,MOB
BKG00013439,14901,CUS0013841,2023-09-20,GDS
BKG00013440,1064,CUS0000988,2025-08-12,AGT
BKG00013441,11551,CUS0010744,2024-12-20,MOB
BKG00013442,12699,CUS0011812,2023-09-16,OTA
BKG00013443,7018,CUS0006548,2024-06-12,MOB
BKG00013444,13784,CUS0012802,2025-06-30,WEB
BKG00013445,7962,CUS0007423,2024-01-04,CTR
BKG00013446,10806,CUS0010059,2025-08-11,WEB
BKG00013447,3185,CUS0002973,2024-05-20,MOB
BKG00013448,7095,CUS0006620,2024-12-04,GDS
BKG00013449,4264,CUS0003972,2025-08-29,AGT
BKG00013450,10418,CUS0009695,2024-12-24,GDS
BKG00013451,14148,CUS0013139,2025-02-05,MOB
BKG00013452,7660,CUS0007136,2024-08-15,CTR
BKG00013453,10203,CUS0009495,2024-05-14,GDS
BKG00013454,10704,CUS0009963,2024-07-07,WEB
BKG00013455,12740,CUS0011851,2026-02-19,GDS
BKG00013456,9694,CUS0009032,2024-05-03,GDS
BKG00013457,13081,CUS0012161,2023-10-16,WEB
BKG00013458,304,CUS0000282,2025-11-01,WEB
BKG00013459,15648,CUS0014531,2023-09-13,GDS
BKG00013460,12876,CUS0011979,2026-04-26,OTA
BKG00013461,5852,CUS0005454,2023-09-21,MOB
BKG00013462,9457,CUS0008813,2023-11-07,AGT
BKG00013463,9339,CUS0008700,2025-07-19,MOB
BKG00013464,2318,CUS0002161,2024-06-12,MOB
BKG00013465,1635,CUS0001521,2024-12-09,CTR
BKG00013466,8334,CUS0007762,2023-08-02,OTA
BKG00013467,3,CUS0000003,2024-01-12,MOB
BKG00013468,8948,CUS0008341,2024-05-17,MOB
BKG00013469,4292,CUS0003998,2026-02-20,WEB
BKG00013470,7078,CUS0006603,2024-05-02,OTA
BKG00013471,4363,CUS0004064,2024-12-03,WEB
BKG00013472,3877,CUS0003616,2023-06-15,OTA
BKG00013473,12219,CUS0011378,2024-09-20,CTR
BKG00013474,1043,CUS0000969,2023-07-20,WEB
BKG00013475,9679,CUS0009017,2023-12-14,WEB
BKG00013476,9022,CUS0008409,2024-04-02,WEB
BKG00013477,277,CUS0000258,2025-06-06,MOB
BKG00013478,2186,CUS0002038,2025-03-08,AGT
BKG00013479,887,CUS0000821,2026-01-13,OTA
BKG00013480,1065,CUS0000989,2025-10-02,MOB
BKG00013481,5636,CUS0005250,2024-05-19,MOB
BKG00013482,9760,CUS0009091,2025-08-25,WEB
BKG00013483,2899,CUS0002706,2025-08-24,AGT
BKG00013484,12228,CUS0011386,2024-09-02,WEB
BKG00013485,14887,CUS0013828,2025-05-04,OTA
BKG00013486,5032,CUS0004681,2026-01-11,GDS
BKG00013487,11013,CUS0010251,2024-07-08,CTR
BKG00013488,7694,CUS0007169,2025-05-02,CTR
BKG00013489,6234,CUS0005809,2024-07-17,AGT
BKG00013490,5769,CUS0005377,2025-06-29,CTR
BKG00013491,4330,CUS0004034,2024-07-29,AGT
BKG00013492,6976,CUS0006511,2024-06-11,AGT
BKG00013493,11609,CUS0010799,2026-01-24,GDS
BKG00013494,5905,CUS0005505,2025-02-17,OTA
BKG00013495,15628,CUS0014512,2025-06-11,OTA
BKG00013496,5676,CUS0005289,2026-03-12,MOB
BKG00013497,13727,CUS0012750,2023-10-21,WEB
BKG00013498,14770,CUS0013721,2025-06-14,CTR
BKG00013499,12034,CUS0011202,2023-09-23,WEB
BKG00013500,9619,CUS0008961,2024-05-13,AGT
BKG00013501,15590,CUS0014478,2025-10-31,OTA
BKG00013502,15676,CUS0014556,2025-01-26,CTR
BKG00013503,5965,CUS0005560,2025-06-19,OTA
BKG00013504,14484,CUS0013452,2024-08-10,OTA
BKG00013505,9177,CUS0008552,2024-04-02,GDS
BKG00013506,4150,CUS0003867,2025-07-04,OTA
BKG00013507,9536,CUS0008884,2025-09-05,GDS
BKG00013508,1113,CUS0001033,2025-02-17,CTR
BKG00013509,3906,CUS0003642,2025-08-16,MOB
BKG00013510,10446,CUS0009722,2024-05-29,OTA
BKG00013511,14166,CUS0013157,2025-09-14,WEB
BKG00013512,6903,CUS0006444,2023-09-27,AGT
BKG00013513,455,CUS0000421,2023-08-01,CTR
BKG00013514,12375,CUS0011517,2024-10-05,WEB
BKG00013515,15598,CUS0014486,2023-09-18,WEB
BKG00013516,10821,CUS0010074,2024-04-21,CTR
BKG00013517,8810,CUS0008210,2024-01-12,OTA
BKG00013518,14439,CUS0013408,2025-11-15,OTA
BKG00013519,3091,CUS0002884,2025-07-18,AGT
BKG00013520,8395,CUS0007821,2023-08-17,GDS
BKG00013521,1547,CUS0001437,2025-05-02,CTR
BKG00013522,13048,CUS0012133,2025-03-02,AGT
BKG00013523,15753,CUS0014626,2024-02-28,CTR
BKG00013524,12461,CUS0011597,2024-01-12,CTR
BKG00013525,171,CUS0000160,2023-06-09,MOB
BKG00013526,4619,CUS0004302,2025-03-16,MOB
BKG00013527,8488,CUS0007907,2025-07-21,OTA
BKG00013528,3761,CUS0003504,2024-02-28,OTA
BKG00013529,1381,CUS0001285,2025-07-13,AGT
BKG00013530,9246,CUS0008613,2025-06-20,OTA
BKG00013531,2219,CUS0002069,2025-01-08,OTA
BKG00013532,3833,CUS0003573,2026-05-05,OTA
BKG00013533,12709,CUS0011821,2025-07-20,WEB
BKG00013534,13995,CUS0012993,2025-01-15,OTA
BKG00013535,9001,CUS0008389,2026-05-15,WEB
BKG00013536,15523,CUS0014416,2023-12-20,OTA
BKG00013537,9569,CUS0008916,2024-07-26,OTA
BKG00013538,4086,CUS0003807,2023-12-10,CTR
BKG00013539,12033,CUS0011201,2025-03-18,GDS
BKG00013540,15564,CUS0014455,2024-08-12,CTR
BKG00013541,3477,CUS0003242,2023-10-04,WEB
BKG00013542,9657,CUS0008996,2023-08-07,OTA
BKG00013543,10414,CUS0009692,2025-10-25,MOB
BKG00013544,4922,CUS0004582,2024-06-20,CTR
BKG00013545,11211,CUS0010429,2024-10-05,MOB
BKG00013546,4913,CUS0004574,2025-04-28,GDS
BKG00013547,3914,CUS0003649,2025-08-31,GDS
BKG00013548,2307,CUS0002151,2025-11-16,OTA
BKG00013549,13760,CUS0012780,2023-11-05,GDS
BKG00013550,7808,CUS0007275,2025-04-24,MOB
BKG00013551,314,CUS0000291,2025-09-16,GDS
BKG00013552,4091,CUS0003812,2023-08-11,CTR
BKG00013553,6566,CUS0006122,2026-05-22,OTA
BKG00013554,11214,CUS0010432,2024-05-24,AGT
BKG00013555,6699,CUS0006251,2024-07-11,WEB
BKG00013556,11829,CUS0011008,2025-01-05,CTR
BKG00013557,15203,CUS0014119,2025-07-10,WEB
BKG00013558,9493,CUS0008845,2023-10-10,WEB
BKG00013559,6792,CUS0006337,2025-03-01,MOB
BKG00013560,11133,CUS0010357,2025-10-30,OTA
BKG00013561,2826,CUS0002638,2026-05-10,AGT
BKG00013562,6024,CUS0005614,2023-06-28,CTR
BKG00013563,8335,CUS0007763,2025-11-06,CTR
BKG00013564,8247,CUS0007683,2025-09-13,GDS
BKG00013565,2852,CUS0002661,2025-03-09,GDS
BKG00013566,3153,CUS0002942,2026-05-01,OTA
BKG00013567,11311,CUS0010523,2024-05-23,GDS
BKG00013568,7304,CUS0006810,2024-07-15,MOB
BKG00013569,2323,CUS0002166,2024-11-12,CTR
BKG00013570,8788,CUS0008188,2024-09-25,CTR
BKG00013571,2854,CUS0002663,2024-03-17,OTA
BKG00013572,9014,CUS0008402,2025-02-22,CTR
BKG00013573,14367,CUS0013340,2024-07-31,WEB
BKG00013574,9676,CUS0009014,2024-06-18,MOB
BKG00013575,15790,CUS0014659,2025-07-20,OTA
BKG00013576,5682,CUS0005295,2023-07-25,OTA
BKG00013577,3992,CUS0003722,2024-03-15,AGT
BKG00013578,14612,CUS0013571,2023-07-15,GDS
BKG00013579,3015,CUS0002813,2023-10-25,OTA
BKG00013580,13633,CUS0012664,2023-07-01,MOB
BKG00013581,686,CUS0000637,2023-06-05,WEB
BKG00013582,10724,CUS0009982,2024-08-15,MOB
BKG00013583,12046,CUS0011214,2025-04-11,AGT
BKG00013584,10538,CUS0009805,2023-09-02,CTR
BKG00013585,16050,CUS0014902,2025-07-24,GDS
BKG00013586,11137,CUS0010361,2025-08-16,AGT
BKG00013587,11598,CUS0010788,2025-04-26,CTR
BKG00013588,6064,CUS0005651,2024-09-25,MOB
BKG00013589,9462,CUS0008818,2024-07-14,WEB
BKG00013590,8787,CUS0008187,2026-01-23,WEB
BKG00013591,8487,CUS0007906,2026-04-17,AGT
BKG00013592,11679,CUS0010867,2026-01-24,GDS
BKG00013593,1215,CUS0001130,2026-02-27,CTR
BKG00013594,9208,CUS0008581,2025-10-30,WEB
BKG00013595,5990,CUS0005582,2025-01-25,CTR
BKG00013596,5546,CUS0005164,2025-05-02,CTR
BKG00013597,12473,CUS0011608,2024-07-15,AGT
BKG00013598,12503,CUS0011635,2024-04-23,MOB
BKG00013599,2598,CUS0002421,2023-08-29,GDS
BKG00013600,10343,CUS0009627,2024-05-21,AGT
BKG00013601,3622,CUS0003376,2025-07-23,OTA
BKG00013602,6991,CUS0006525,2025-07-28,MOB
BKG00013603,5888,CUS0005489,2025-07-11,OTA
BKG00013604,10396,CUS0009674,2025-10-26,WEB
BKG00013605,7407,CUS0006903,2026-01-24,OTA
BKG00013606,5447,CUS0005071,2025-10-12,MOB
BKG00013607,4616,CUS0004299,2023-12-17,CTR
BKG00013608,12878,CUS0011981,2023-08-27,GDS
BKG00013609,8134,CUS0007577,2024-10-20,WEB
BKG00013610,10785,CUS0010039,2026-02-02,AGT
BKG00013611,8630,CUS0008041,2026-03-16,MOB
BKG00013612,8908,CUS0008303,2023-06-15,CTR
BKG00013613,3610,CUS0003366,2025-10-06,AGT
BKG00013614,10097,CUS0009399,2024-11-12,WEB
BKG00013615,11772,CUS0010953,2025-09-13,WEB
BKG00013616,13465,CUS0012511,2025-05-09,MOB
BKG00013617,14206,CUS0013196,2025-10-08,CTR
BKG00013618,1623,CUS0001509,2026-04-13,WEB
BKG00013619,345,CUS0000319,2024-11-13,WEB
BKG00013620,9861,CUS0009181,2024-03-04,WEB
BKG00013621,14327,CUS0013304,2025-01-19,WEB
BKG00013622,4108,CUS0003829,2024-04-17,AGT
BKG00013623,9003,CUS0008391,2024-05-16,AGT
BKG00013624,11420,CUS0010623,2024-12-09,WEB
BKG00013625,6362,CUS0005932,2024-12-13,AGT
BKG00013626,2502,CUS0002331,2025-08-12,WEB
BKG00013627,7304,CUS0006810,2023-07-17,MOB
BKG00013628,5977,CUS0005571,2025-06-21,GDS
BKG00013629,2425,CUS0002261,2024-04-01,AGT
BKG00013630,4787,CUS0004462,2023-12-13,MOB
BKG00013631,5170,CUS0004811,2025-05-24,OTA
BKG00013632,559,CUS0000516,2026-04-09,OTA
BKG00013633,15091,CUS0014020,2024-11-29,AGT
BKG00013634,9442,CUS0008798,2023-07-22,CTR
BKG00013635,530,CUS0000491,2024-01-27,MOB
BKG00013636,15769,CUS0014640,2024-12-02,WEB
BKG00013637,7913,CUS0007376,2024-11-28,GDS
BKG00013638,3096,CUS0002888,2023-11-20,WEB
BKG00013639,8041,CUS0007492,2025-09-03,OTA
BKG00013640,15153,CUS0014073,2023-07-14,OTA
BKG00013641,8487,CUS0007906,2025-04-29,MOB
BKG00013642,15099,CUS0014027,2024-05-20,AGT
BKG00013643,13008,CUS0012098,2025-05-30,MOB
BKG00013644,8338,CUS0007766,2025-04-30,GDS
BKG00013645,11544,CUS0010738,2025-10-21,OTA
BKG00013646,4359,CUS0004061,2024-12-19,CTR
BKG00013647,1161,CUS0001077,2024-08-22,WEB
BKG00013648,8310,CUS0007740,2024-03-27,MOB
BKG00013649,2920,CUS0002725,2025-03-27,CTR
BKG00013650,4072,CUS0003797,2026-04-28,AGT
BKG00013651,14551,CUS0013512,2025-08-22,GDS
BKG00013652,5733,CUS0005343,2024-12-07,WEB
BKG00013653,10194,CUS0009487,2024-01-22,CTR
BKG00013654,12299,CUS0011449,2025-08-25,AGT
BKG00013655,12349,CUS0011495,2025-11-23,MOB
BKG00013656,14590,CUS0013550,2023-07-03,AGT
BKG00013657,14106,CUS0013100,2024-11-17,AGT
BKG00013658,11256,CUS0010472,2024-08-07,CTR
BKG00013659,13435,CUS0012482,2025-01-30,GDS
BKG00013660,139,CUS0000130,2023-07-21,OTA
BKG00013661,9299,CUS0008662,2024-09-10,OTA
BKG00013662,10524,CUS0009793,2025-08-22,OTA
BKG00013663,10691,CUS0009950,2024-11-14,MOB
BKG00013664,9268,CUS0008634,2023-06-19,CTR
BKG00013665,8757,CUS0008160,2024-03-31,CTR
BKG00013666,8384,CUS0007810,2025-01-13,MOB
BKG00013667,13827,CUS0012841,2025-12-02,GDS
BKG00013668,1853,CUS0001721,2024-04-02,CTR
BKG00013669,14986,CUS0013923,2026-05-24,GDS
BKG00013670,15994,CUS0014849,2023-06-19,CTR
BKG00013671,8516,CUS0007933,2024-05-09,AGT
BKG00013672,1294,CUS0001205,2026-03-02,AGT
BKG00013673,7015,CUS0006545,2026-03-28,CTR
BKG00013674,15919,CUS0014777,2023-09-19,GDS
BKG00013675,12371,CUS0011514,2026-02-18,GDS
BKG00013676,15473,CUS0014368,2023-10-07,OTA
BKG00013677,4661,CUS0004342,2025-02-06,AGT
BKG00013678,2085,CUS0001941,2024-08-09,WEB
BKG00013679,9066,CUS0008450,2023-08-23,OTA
BKG00013680,13184,CUS0012253,2024-08-22,GDS
BKG00013681,6959,CUS0006494,2025-05-27,MOB
BKG00013682,10432,CUS0009708,2023-12-30,GDS
BKG00013683,11554,CUS0010747,2026-04-05,OTA
BKG00013684,10087,CUS0009389,2024-02-06,OTA
BKG00013685,10998,CUS0010238,2026-04-03,GDS
BKG00013686,13115,CUS0012191,2026-03-01,CTR
BKG00013687,1637,CUS0001523,2023-07-22,GDS
BKG00013688,12693,CUS0011806,2026-02-07,WEB
BKG00013689,8496,CUS0007914,2025-04-20,WEB
BKG00013690,13608,CUS0012641,2025-05-13,WEB
BKG00013691,3142,CUS0002932,2024-11-13,AGT
BKG00013692,7707,CUS0007181,2025-07-04,GDS
BKG00013693,14301,CUS0013281,2024-07-09,AGT
BKG00013694,4319,CUS0004025,2023-11-20,WEB
BKG00013695,10389,CUS0009669,2025-07-02,WEB
BKG00013696,1962,CUS0001825,2025-09-06,AGT
BKG00013697,13706,CUS0012731,2023-12-05,OTA
BKG00013698,8575,CUS0007990,2024-09-11,MOB
BKG00013699,12865,CUS0011968,2023-12-09,WEB
BKG00013700,5191,CUS0004831,2023-12-26,OTA
BKG00013701,2603,CUS0002426,2023-08-16,MOB
BKG00013702,16023,CUS0014876,2023-05-30,WEB
BKG00013703,10370,CUS0009651,2024-11-20,WEB
BKG00013704,3529,CUS0003293,2024-09-12,OTA
BKG00013705,11665,CUS0010854,2024-01-14,MOB
BKG00013706,12825,CUS0011929,2025-08-08,GDS
BKG00013707,5520,CUS0005138,2025-08-24,GDS
BKG00013708,5110,CUS0004751,2024-05-12,GDS
BKG00013709,14937,CUS0013875,2024-02-19,GDS
BKG00013710,14639,CUS0013598,2024-02-11,GDS
BKG00013711,6667,CUS0006220,2024-07-30,OTA
BKG00013712,14246,CUS0013230,2024-09-03,OTA
BKG00013713,2565,CUS0002390,2026-01-07,WEB
BKG00013714,15645,CUS0014528,2026-01-01,CTR
BKG00013715,9407,CUS0008763,2025-02-14,GDS
BKG00013716,6634,CUS0006190,2024-02-20,GDS
BKG00013717,14195,CUS0013185,2026-03-06,OTA
BKG00013718,6051,CUS0005639,2024-02-19,WEB
BKG00013719,7728,CUS0007200,2025-07-27,WEB
BKG00013720,8702,CUS0008107,2024-03-15,MOB
BKG00013721,1998,CUS0001857,2025-07-06,CTR
BKG00013722,1112,CUS0001032,2023-12-17,OTA
BKG00013723,4714,CUS0004393,2025-12-26,AGT
BKG00013724,2860,CUS0002669,2023-12-18,WEB
BKG00013725,461,CUS0000427,2026-04-15,MOB
BKG00013726,11837,CUS0011016,2026-02-05,WEB
BKG00013727,10365,CUS0009646,2025-09-04,AGT
BKG00013728,663,CUS0000615,2024-08-27,AGT
BKG00013729,1591,CUS0001477,2025-04-28,GDS
BKG00013730,8325,CUS0007755,2023-11-10,OTA
BKG00013731,14342,CUS0013317,2024-03-15,OTA
BKG00013732,3687,CUS0003436,2025-11-15,GDS
BKG00013733,12306,CUS0011455,2024-12-21,WEB
BKG00013734,10883,CUS0010131,2024-01-17,MOB
BKG00013735,5717,CUS0005327,2023-07-20,MOB
BKG00013736,9184,CUS0008559,2026-02-15,OTA
BKG00013737,9011,CUS0008399,2025-10-22,MOB
BKG00013738,5208,CUS0004847,2026-03-25,WEB
BKG00013739,7575,CUS0007059,2025-05-21,CTR
BKG00013740,5999,CUS0005590,2026-04-10,CTR
BKG00013741,9883,CUS0009202,2026-03-08,CTR
BKG00013742,11479,CUS0010679,2025-12-13,MOB
BKG00013743,12180,CUS0011340,2026-04-02,CTR
BKG00013744,12877,CUS0011980,2025-05-21,WEB
BKG00013745,12002,CUS0011172,2024-07-28,MOB
BKG00013746,5873,CUS0005475,2025-05-11,MOB
BKG00013747,14280,CUS0013261,2025-12-09,OTA
BKG00013748,7041,CUS0006568,2024-11-10,MOB
BKG00013749,12148,CUS0011309,2025-10-24,OTA
BKG00013750,7729,CUS0007201,2025-01-15,WEB
BKG00013751,3260,CUS0003041,2025-03-17,WEB
BKG00013752,11901,CUS0011079,2024-07-05,GDS
BKG00013753,14460,CUS0013429,2024-10-09,GDS
BKG00013754,1022,CUS0000949,2023-09-04,MOB
BKG00013755,5827,CUS0005429,2025-06-02,MOB
BKG00013756,9586,CUS0008932,2023-06-29,AGT
BKG00013757,4208,CUS0003921,2024-10-10,AGT
BKG00013758,7506,CUS0006995,2023-11-30,AGT
BKG00013759,10222,CUS0009514,2024-01-18,GDS
BKG00013760,13657,CUS0012685,2024-08-02,GDS
BKG00013761,10432,CUS0009708,2024-07-23,WEB
BKG00013762,14954,CUS0013891,2025-06-01,WEB
BKG00013763,10528,CUS0009796,2026-04-18,CTR
BKG00013764,3172,CUS0002960,2024-11-19,AGT
BKG00013765,2330,CUS0002172,2025-06-03,WEB
BKG00013766,9880,CUS0009199,2025-05-24,CTR
BKG00013767,6925,CUS0006463,2024-05-11,CTR
BKG00013768,6403,CUS0005971,2024-03-06,CTR
BKG00013769,14018,CUS0013014,2023-07-04,AGT
BKG00013770,2840,CUS0002651,2026-02-20,AGT
BKG00013771,6389,CUS0005958,2023-11-18,WEB
BKG00013772,8297,CUS0007730,2025-07-02,AGT
BKG00013773,4958,CUS0004616,2026-02-19,CTR
BKG00013774,1848,CUS0001716,2025-04-17,OTA
BKG00013775,6500,CUS0006058,2023-08-19,OTA
BKG00013776,10045,CUS0009350,2024-06-07,MOB
BKG00013777,6277,CUS0005851,2023-11-01,MOB
BKG00013778,12993,CUS0012083,2025-03-15,OTA
BKG00013779,7321,CUS0006827,2026-01-23,WEB
BKG00013780,5864,CUS0005466,2025-03-05,CTR
BKG00013781,12772,CUS0011881,2025-04-14,AGT
BKG00013782,1747,CUS0001622,2024-02-12,WEB
BKG00013783,15527,CUS0014420,2025-03-28,CTR
BKG00013784,5532,CUS0005150,2024-05-23,MOB
BKG00013785,3900,CUS0003636,2024-09-18,AGT
BKG00013786,7241,CUS0006751,2025-02-18,WEB
BKG00013787,4182,CUS0003896,2025-08-01,GDS
BKG00013788,13316,CUS0012372,2025-01-31,GDS
BKG00013789,5567,CUS0005182,2025-01-22,MOB
BKG00013790,5249,CUS0004886,2024-03-13,MOB
BKG00013791,4527,CUS0004218,2024-10-12,OTA
BKG00013792,14708,CUS0013663,2024-12-21,CTR
BKG00013793,13539,CUS0012578,2024-03-17,WEB
BKG00013794,2609,CUS0002432,2024-11-15,OTA
BKG00013795,14000,CUS0012998,2024-08-12,MOB
BKG00013796,12554,CUS0011684,2024-12-10,GDS
BKG00013797,9390,CUS0008746,2026-02-03,OTA
BKG00013798,9625,CUS0008966,2025-03-21,GDS
BKG00013799,12055,CUS0011223,2024-02-05,OTA
BKG00013800,14273,CUS0013254,2025-07-24,MOB
BKG00013801,3383,CUS0003154,2023-09-08,WEB
BKG00013802,2094,CUS0001950,2024-08-17,OTA
BKG00013803,14381,CUS0013354,2024-12-17,OTA
BKG00013804,13970,CUS0012969,2023-10-22,CTR
BKG00013805,3837,CUS0003577,2024-04-02,CTR
BKG00013806,12210,CUS0011369,2024-10-27,MOB
BKG00013807,12427,CUS0011566,2026-01-17,AGT
BKG00013808,1026,CUS0000953,2025-08-22,AGT
BKG00013809,15289,CUS0014197,2025-11-26,GDS
BKG00013810,8409,CUS0007834,2025-05-16,WEB
BKG00013811,9277,CUS0008642,2023-11-28,MOB
BKG00013812,10576,CUS0009840,2024-10-14,OTA
BKG00013813,14826,CUS0013773,2025-02-10,AGT
BKG00013814,4854,CUS0004523,2025-09-30,WEB
BKG00013815,7589,CUS0007073,2024-04-06,MOB
BKG00013816,5674,CUS0005287,2024-06-03,WEB
BKG00013817,6592,CUS0006148,2023-12-07,WEB
BKG00013818,10957,CUS0010200,2024-06-09,CTR
BKG00013819,5472,CUS0005094,2023-10-02,AGT
BKG00013820,1608,CUS0001494,2024-06-30,AGT
BKG00013821,14441,CUS0013410,2023-08-10,OTA
BKG00013822,6419,CUS0005984,2025-09-27,AGT
BKG00013823,4457,CUS0004154,2025-02-09,CTR
BKG00013824,3327,CUS0003103,2025-02-25,WEB
BKG00013825,13035,CUS0012121,2024-05-26,MOB
BKG00013826,9496,CUS0008847,2025-04-06,GDS
BKG00013827,1088,CUS0001012,2025-06-19,AGT
BKG00013828,7440,CUS0006935,2024-04-04,OTA
BKG00013829,12361,CUS0011506,2026-02-17,OTA
BKG00013830,1545,CUS0001435,2025-01-07,MOB
BKG00013831,9421,CUS0008777,2023-12-05,WEB
BKG00013832,2310,CUS0002153,2025-05-11,WEB
BKG00013833,9282,CUS0008647,2025-05-15,OTA
BKG00013834,1018,CUS0000945,2026-05-10,GDS
BKG00013835,6819,CUS0006363,2026-04-10,GDS
BKG00013836,8702,CUS0008107,2025-10-20,MOB
BKG00013837,12379,CUS0011520,2025-07-03,CTR
BKG00013838,561,CUS0000518,2025-04-10,OTA
BKG00013839,10066,CUS0009370,2023-06-01,WEB
BKG00013840,7873,CUS0007336,2024-05-05,CTR
BKG00013841,15743,CUS0014617,2023-07-08,MOB
BKG00013842,5370,CUS0005002,2025-11-05,MOB
BKG00013843,3413,CUS0003180,2025-01-06,GDS
BKG00013844,14478,CUS0013446,2024-09-17,WEB
BKG00013845,16107,CUS0014954,2025-04-09,GDS
BKG00013846,33,CUS0000031,2024-11-27,AGT
BKG00013847,7477,CUS0006968,2025-12-16,AGT
BKG00013848,3501,CUS0003266,2024-12-17,WEB
BKG00013849,3070,CUS0002863,2023-07-20,OTA
BKG00013850,9710,CUS0009047,2024-04-02,MOB
BKG00013851,6813,CUS0006357,2025-11-28,AGT
BKG00013852,12649,CUS0011765,2024-10-13,GDS
BKG00013853,13951,CUS0012952,2026-02-18,CTR
BKG00013854,16041,CUS0014894,2024-01-30,MOB
BKG00013855,11842,CUS0011021,2026-05-16,OTA
BKG00013856,997,CUS0000925,2026-02-05,GDS
BKG00013857,13486,CUS0012530,2023-06-21,MOB
BKG00013858,13017,CUS0012103,2024-12-11,CTR
BKG00013859,11101,CUS0010330,2024-06-02,MOB
BKG00013860,14597,CUS0013557,2024-07-16,OTA
BKG00013861,12790,CUS0011897,2025-05-07,GDS
BKG00013862,7452,CUS0006946,2024-01-22,WEB
BKG00013863,1897,CUS0001763,2024-12-11,GDS
BKG00013864,5049,CUS0004697,2025-02-22,CTR
BKG00013865,14774,CUS0013724,2026-02-27,OTA
BKG00013866,3995,CUS0003725,2023-05-28,CTR
BKG00013867,16022,CUS0014875,2023-10-05,GDS
BKG00013868,7092,CUS0006617,2025-07-27,GDS
BKG00013869,10021,CUS0009328,2026-02-21,CTR
BKG00013870,10462,CUS0009738,2026-05-16,GDS
BKG00013871,11102,CUS0010331,2026-05-07,GDS
BKG00013872,5328,CUS0004962,2024-05-21,OTA
BKG00013873,3641,CUS0003393,2025-01-16,MOB
BKG00013874,1556,CUS0001446,2026-03-05,AGT
BKG00013875,2916,CUS0002722,2024-05-24,OTA
BKG00013876,4850,CUS0004519,2023-11-10,GDS
BKG00013877,11875,CUS0011053,2024-07-27,OTA
BKG00013878,6683,CUS0006236,2025-05-22,WEB
BKG00013879,9703,CUS0009040,2024-10-06,WEB
BKG00013880,369,CUS0000340,2025-12-01,GDS
BKG00013881,10867,CUS0010117,2024-03-25,MOB
BKG00013882,11971,CUS0011147,2023-08-15,GDS
BKG00013883,6952,CUS0006487,2025-12-18,MOB
BKG00013884,3177,CUS0002965,2025-06-18,OTA
BKG00013885,2161,CUS0002013,2024-04-16,OTA
BKG00013886,16105,CUS0014952,2025-07-05,AGT
BKG00013887,1275,CUS0001187,2025-05-16,CTR
BKG00013888,9478,CUS0008832,2025-04-21,AGT
BKG00013889,1855,CUS0001723,2023-09-28,AGT
BKG00013890,963,CUS0000893,2025-03-08,MOB
BKG00013891,5534,CUS0005152,2023-08-20,WEB
BKG00013892,8676,CUS0008083,2025-02-17,CTR
BKG00013893,13854,CUS0012866,2025-01-24,OTA
BKG00013894,3304,CUS0003082,2023-06-26,GDS
BKG00013895,3777,CUS0003520,2024-08-14,AGT
BKG00013896,13699,CUS0012724,2023-07-24,AGT
BKG00013897,4191,CUS0003905,2026-05-15,OTA
BKG00013898,85,CUS0000079,2023-09-29,MOB
BKG00013899,13545,CUS0012584,2025-01-06,WEB
BKG00013900,7590,CUS0007074,2026-02-14,GDS
BKG00013901,12733,CUS0011844,2024-09-06,AGT
BKG00013902,11971,CUS0011147,2025-09-28,MOB
BKG00013903,14705,CUS0013660,2025-08-05,MOB
BKG00013904,11800,CUS0010980,2023-08-22,CTR
BKG00013905,13784,CUS0012802,2024-11-10,MOB
BKG00013906,7971,CUS0007432,2023-10-14,CTR
BKG00013907,1854,CUS0001722,2024-07-10,OTA
BKG00013908,7310,CUS0006816,2024-09-08,CTR
BKG00013909,6809,CUS0006353,2025-06-06,GDS
BKG00013910,6626,CUS0006182,2024-10-07,GDS
BKG00013911,1412,CUS0001310,2024-01-19,OTA
BKG00013912,9993,CUS0009302,2025-11-19,CTR
BKG00013913,4309,CUS0004015,2024-10-09,CTR
BKG00013914,6977,CUS0006512,2024-05-25,OTA
BKG00013915,9692,CUS0009030,2025-08-03,CTR
BKG00013916,14959,CUS0013896,2024-01-05,GDS
BKG00013917,9154,CUS0008532,2024-02-22,AGT
BKG00013918,14524,CUS0013489,2025-11-10,AGT
BKG00013919,8912,CUS0008307,2025-12-11,AGT
BKG00013920,11347,CUS0010557,2024-01-28,GDS
BKG00013921,12434,CUS0011572,2025-03-01,MOB
BKG00013922,8902,CUS0008298,2026-01-30,WEB
BKG00013923,14891,CUS0013832,2025-04-07,MOB
BKG00013924,9979,CUS0009288,2023-11-29,OTA
BKG00013925,6598,CUS0006154,2026-01-09,OTA
BKG00013926,15846,CUS0014710,2025-12-01,GDS
BKG00013927,15140,CUS0014061,2023-11-27,GDS
BKG00013928,11634,CUS0010824,2026-02-13,WEB
BKG00013929,11364,CUS0010572,2023-09-11,MOB
BKG00013930,4804,CUS0004477,2026-04-17,CTR
BKG00013931,1675,CUS0001558,2025-09-03,MOB
BKG00013932,15808,CUS0014675,2025-07-03,OTA
BKG00013933,7175,CUS0006693,2024-02-02,CTR
BKG00013934,390,CUS0000360,2024-01-01,MOB
BKG00013935,6442,CUS0006005,2024-03-20,CTR
BKG00013936,11649,CUS0010838,2023-08-25,GDS
BKG00013937,13531,CUS0012570,2023-11-25,CTR
BKG00013938,1542,CUS0001433,2025-05-11,GDS
BKG00013939,7484,CUS0006975,2025-11-15,OTA
BKG00013940,168,CUS0000157,2025-05-11,WEB
BKG00013941,8564,CUS0007979,2023-07-23,OTA
BKG00013942,9633,CUS0008974,2025-07-22,CTR
BKG00013943,1015,CUS0000942,2026-03-19,CTR
BKG00013944,12316,CUS0011465,2024-09-22,WEB
BKG00013945,2031,CUS0001889,2023-11-19,AGT
BKG00013946,3848,CUS0003587,2024-08-09,WEB
BKG00013947,12017,CUS0011186,2024-07-12,MOB
BKG00013948,9842,CUS0009165,2025-03-16,GDS
BKG00013949,12138,CUS0011302,2026-04-16,CTR
BKG00013950,15887,CUS0014749,2024-09-12,MOB
BKG00013951,3456,CUS0003221,2025-02-11,MOB
BKG00013952,11380,CUS0010587,2024-03-16,WEB
BKG00013953,14103,CUS0013097,2025-11-16,GDS
BKG00013954,14510,CUS0013476,2024-05-08,AGT
BKG00013955,11596,CUS0010786,2024-03-03,GDS
BKG00013956,12395,CUS0011535,2023-10-23,WEB
BKG00013957,5411,CUS0005039,2025-11-25,GDS
BKG00013958,15382,CUS0014287,2024-08-31,AGT
BKG00013959,8440,CUS0007863,2024-04-22,AGT
BKG00013960,14930,CUS0013868,2025-11-11,WEB
BKG00013961,3377,CUS0003148,2025-01-31,WEB
BKG00013962,2335,CUS0002176,2025-12-29,CTR
BKG00013963,7214,CUS0006728,2024-03-11,CTR
BKG00013964,14154,CUS0013145,2026-02-15,WEB
BKG00013965,12085,CUS0011252,2025-12-05,MOB
BKG00013966,13159,CUS0012232,2025-12-27,MOB
BKG00013967,2149,CUS0002002,2024-03-15,OTA
BKG00013968,8706,CUS0008111,2024-02-09,AGT
BKG00013969,6014,CUS0005604,2025-06-09,MOB
BKG00013970,6079,CUS0005665,2025-05-31,MOB
BKG00013971,12212,CUS0011371,2026-02-21,CTR
BKG00013972,5323,CUS0004957,2023-11-25,MOB
BKG00013973,12617,CUS0011736,2024-05-24,CTR
BKG00013974,7507,CUS0006996,2024-03-03,MOB
BKG00013975,14909,CUS0013848,2024-01-02,MOB
BKG00013976,15158,CUS0014078,2024-02-29,MOB
BKG00013977,16027,CUS0014880,2023-08-19,MOB
BKG00013978,1248,CUS0001163,2025-03-30,GDS
BKG00013979,1019,CUS0000946,2025-11-19,AGT
BKG00013980,6141,CUS0005723,2026-03-28,WEB
BKG00013981,7776,CUS0007244,2025-11-17,OTA
BKG00013982,8104,CUS0007549,2023-09-21,AGT
BKG00013983,9722,CUS0009057,2025-09-13,WEB
BKG00013984,4695,CUS0004374,2025-05-11,GDS
BKG00013985,14518,CUS0013483,2023-10-01,CTR
BKG00013986,11329,CUS0010540,2024-07-11,CTR
BKG00013987,4767,CUS0004443,2024-11-06,WEB
BKG00013988,2787,CUS0002602,2025-01-19,GDS
BKG00013989,4697,CUS0004376,2025-12-02,MOB
BKG00013990,9798,CUS0009125,2025-04-10,CTR
BKG00013991,7717,CUS0007190,2025-08-13,CTR
BKG00013992,7945,CUS0007407,2025-12-20,WEB
BKG00013993,6456,CUS0006019,2025-09-02,AGT
BKG00013994,4148,CUS0003865,2025-11-24,MOB
BKG00013995,7397,CUS0006893,2023-11-29,CTR
BKG00013996,13596,CUS0012630,2025-04-30,GDS
BKG00013997,7285,CUS0006792,2024-08-19,GDS
BKG00013998,10514,CUS0009784,2023-06-03,WEB
BKG00013999,1935,CUS0001801,2026-02-12,GDS
BKG00014000,9076,CUS0008458,2025-09-09,AGT
BKG00014001,6784,CUS0006329,2024-12-15,AGT
BKG00014002,1869,CUS0001736,2024-02-07,CTR
BKG00014003,1758,CUS0001633,2024-07-16,AGT
BKG00014004,4700,CUS0004379,2025-07-21,GDS
BKG00014005,15758,CUS0014630,2023-12-11,GDS
BKG00014006,14861,CUS0013805,2024-12-23,MOB
BKG00014007,2382,CUS0002220,2024-07-16,MOB
BKG00014008,1528,CUS0001419,2023-12-16,OTA
BKG00014009,13469,CUS0012515,2024-01-31,GDS
BKG00014010,11851,CUS0011029,2025-08-28,WEB
BKG00014011,1819,CUS0001688,2024-08-26,AGT
BKG00014012,15789,CUS0014658,2025-09-25,CTR
BKG00014013,6291,CUS0005865,2024-07-29,MOB
BKG00014014,7185,CUS0006702,2024-07-16,GDS
BKG00014015,6119,CUS0005702,2025-09-26,MOB
BKG00014016,3529,CUS0003293,2026-05-12,WEB
BKG00014017,6888,CUS0006429,2023-06-05,GDS
BKG00014018,15246,CUS0014161,2024-12-22,GDS
BKG00014019,13600,CUS0012634,2024-04-27,MOB
BKG00014020,10902,CUS0010149,2023-12-18,AGT
BKG00014021,5679,CUS0005292,2026-05-08,OTA
BKG00014022,4515,CUS0004208,2025-08-04,GDS
BKG00014023,13125,CUS0012200,2026-03-12,OTA
BKG00014024,6242,CUS0005817,2025-11-01,GDS
BKG00014025,9080,CUS0008462,2024-12-22,AGT
BKG00014026,2404,CUS0002242,2023-10-07,OTA
BKG00014027,15020,CUS0013953,2025-08-22,OTA
BKG00014028,2761,CUS0002578,2026-01-05,GDS
BKG00014029,11811,CUS0010990,2024-08-25,GDS
BKG00014030,15318,CUS0014225,2025-06-20,WEB
BKG00014031,15531,CUS0014424,2024-12-02,CTR
BKG00014032,13431,CUS0012479,2026-04-06,OTA
BKG00014033,11466,CUS0010666,2025-01-31,OTA
BKG00014034,1371,CUS0001276,2023-10-15,GDS
BKG00014035,9377,CUS0008734,2024-01-10,AGT
BKG00014036,8208,CUS0007649,2026-04-24,GDS
BKG00014037,714,CUS0000664,2024-12-27,WEB
BKG00014038,1123,CUS0001043,2023-12-25,CTR
BKG00014039,4804,CUS0004477,2025-01-13,CTR
BKG00014040,4941,CUS0004599,2023-07-02,OTA
BKG00014041,7564,CUS0007050,2024-02-23,OTA
BKG00014042,11012,CUS0010250,2023-10-02,CTR
BKG00014043,12195,CUS0011354,2025-12-02,WEB
BKG00014044,3932,CUS0003666,2023-10-08,OTA
BKG00014045,7090,CUS0006615,2023-10-27,GDS
BKG00014046,13003,CUS0012093,2023-07-15,GDS
BKG00014047,2038,CUS0001895,2025-02-26,WEB
BKG00014048,6080,CUS0005666,2025-07-24,GDS
BKG00014049,5012,CUS0004663,2025-10-18,WEB
BKG00014050,5578,CUS0005192,2023-09-22,CTR
BKG00014051,8655,CUS0008065,2024-10-09,MOB
BKG00014052,5470,CUS0005092,2024-04-10,MOB
BKG00014053,2850,CUS0002659,2024-09-08,AGT
BKG00014054,3164,CUS0002953,2026-01-27,OTA
BKG00014055,3325,CUS0003101,2026-04-18,CTR
BKG00014056,6868,CUS0006411,2025-03-06,WEB
BKG00014057,11796,CUS0010976,2024-09-22,CTR
BKG00014058,2178,CUS0002030,2023-11-10,GDS
BKG00014059,13555,CUS0012594,2026-01-03,MOB
BKG00014060,2141,CUS0001994,2024-07-25,OTA
BKG00014061,15949,CUS0014807,2024-07-19,MOB
BKG00014062,913,CUS0000846,2024-03-12,CTR
BKG00014063,14486,CUS0013454,2026-04-19,WEB
BKG00014064,12831,CUS0011934,2025-11-22,MOB
BKG00014065,889,CUS0000823,2025-07-10,GDS
BKG00014066,8970,CUS0008360,2025-08-01,WEB
BKG00014067,9735,CUS0009069,2024-02-21,MOB
BKG00014068,7523,CUS0007011,2024-05-04,CTR
BKG00014069,2102,CUS0001958,2024-03-09,MOB
BKG00014070,4403,CUS0004101,2024-12-17,CTR
BKG00014071,10981,CUS0010223,2023-08-22,AGT
BKG00014072,8097,CUS0007542,2024-12-12,WEB
BKG00014073,11791,CUS0010971,2023-09-03,MOB
BKG00014074,13459,CUS0012505,2026-03-21,GDS
BKG00014075,3777,CUS0003520,2025-08-05,CTR
BKG00014076,9557,CUS0008904,2026-03-18,AGT
BKG00014077,8607,CUS0008020,2024-12-16,AGT
BKG00014078,2700,CUS0002518,2026-01-09,OTA
BKG00014079,11028,CUS0010265,2025-04-22,WEB
BKG00014080,13338,CUS0012393,2024-01-15,AGT
BKG00014081,13868,CUS0012878,2024-08-21,WEB
BKG00014082,13919,CUS0012923,2024-05-06,MOB
BKG00014083,5252,CUS0004889,2026-03-15,MOB
BKG00014084,2719,CUS0002537,2024-11-20,OTA
BKG00014085,106,CUS0000099,2025-07-21,OTA
BKG00014086,643,CUS0000597,2026-04-16,AGT
BKG00014087,13762,CUS0012782,2025-07-16,OTA
BKG00014088,10132,CUS0009429,2024-01-06,WEB
BKG00014089,1754,CUS0001629,2025-07-22,MOB
BKG00014090,13957,CUS0012957,2024-08-19,CTR
BKG00014091,841,CUS0000778,2024-08-18,AGT
BKG00014092,15690,CUS0014569,2024-01-15,CTR
BKG00014093,1262,CUS0001176,2023-11-29,AGT
BKG00014094,9775,CUS0009105,2024-05-29,WEB
BKG00014095,4082,CUS0003804,2024-11-10,GDS
BKG00014096,10065,CUS0009369,2023-05-26,GDS
BKG00014097,12002,CUS0011172,2025-12-17,AGT
BKG00014098,14981,CUS0013918,2023-10-02,MOB
BKG00014099,4943,CUS0004601,2025-06-11,AGT
BKG00014100,14048,CUS0013042,2023-09-07,WEB
BKG00014101,15868,CUS0014732,2024-07-05,GDS
BKG00014102,4477,CUS0004172,2025-06-25,MOB
BKG00014103,2277,CUS0002124,2025-12-17,AGT
BKG00014104,15242,CUS0014157,2025-07-09,GDS
BKG00014105,15575,CUS0014464,2024-04-05,OTA
BKG00014106,4445,CUS0004142,2023-09-17,CTR
BKG00014107,9407,CUS0008763,2024-10-23,OTA
BKG00014108,1994,CUS0001853,2025-04-26,WEB
BKG00014109,1883,CUS0001750,2023-08-27,WEB
BKG00014110,15562,CUS0014453,2025-07-28,MOB
BKG00014111,1119,CUS0001039,2024-04-21,AGT
BKG00014112,13235,CUS0012301,2025-09-23,WEB
BKG00014113,14022,CUS0013018,2024-12-11,MOB
BKG00014114,11771,CUS0010952,2024-09-24,MOB
BKG00014115,4728,CUS0004407,2025-08-23,WEB
BKG00014116,7916,CUS0007379,2026-05-25,CTR
BKG00014117,1115,CUS0001035,2025-05-17,OTA
BKG00014118,3149,CUS0002938,2023-06-17,GDS
BKG00014119,11851,CUS0011029,2024-07-17,GDS
BKG00014120,4352,CUS0004054,2026-03-09,MOB
BKG00014121,8639,CUS0008050,2025-03-15,OTA
BKG00014122,9977,CUS0009286,2025-07-26,MOB
BKG00014123,15713,CUS0014590,2024-10-18,OTA
BKG00014124,9019,CUS0008406,2023-11-06,GDS
BKG00014125,5635,CUS0005249,2025-12-17,OTA
BKG00014126,11988,CUS0011161,2025-02-24,MOB
BKG00014127,5727,CUS0005337,2024-07-30,AGT
BKG00014128,6032,CUS0005621,2025-01-22,CTR
BKG00014129,15772,CUS0014643,2024-03-21,GDS
BKG00014130,9486,CUS0008839,2025-07-26,GDS
BKG00014131,11128,CUS0010352,2024-04-02,AGT
BKG00014132,12856,CUS0011959,2023-09-17,CTR
BKG00014133,10293,CUS0009581,2026-01-25,GDS
BKG00014134,4276,CUS0003984,2026-04-25,MOB
BKG00014135,15804,CUS0014671,2024-06-03,MOB
BKG00014136,9170,CUS0008547,2025-12-04,GDS
BKG00014137,7500,CUS0006990,2023-09-26,OTA
BKG00014138,3019,CUS0002817,2024-07-20,CTR
BKG00014139,8026,CUS0007481,2024-10-06,AGT
BKG00014140,15488,CUS0014383,2025-09-23,OTA
BKG00014141,11091,CUS0010322,2025-07-26,MOB
BKG00014142,2720,CUS0002538,2024-08-25,OTA
BKG00014143,5471,CUS0005093,2025-09-12,WEB
BKG00014144,15248,CUS0014162,2025-08-03,AGT
BKG00014145,7799,CUS0007266,2025-03-21,OTA
BKG00014146,3641,CUS0003393,2025-01-01,AGT
BKG00014147,15401,CUS0014304,2025-04-20,AGT
BKG00014148,10523,CUS0009792,2024-11-10,AGT
BKG00014149,14076,CUS0013070,2023-07-13,GDS
BKG00014150,15053,CUS0013984,2024-01-09,GDS
BKG00014151,8203,CUS0007644,2024-06-21,OTA
BKG00014152,3859,CUS0003598,2023-07-28,GDS
BKG00014153,2434,CUS0002269,2025-01-13,WEB
BKG00014154,13252,CUS0012315,2023-06-10,WEB
BKG00014155,2493,CUS0002322,2025-05-18,GDS
BKG00014156,4006,CUS0003735,2026-03-12,AGT
BKG00014157,5894,CUS0005495,2024-09-29,CTR
BKG00014158,12964,CUS0012057,2024-06-22,WEB
BKG00014159,1066,CUS0000990,2024-07-14,GDS
BKG00014160,14211,CUS0013199,2025-05-17,AGT
BKG00014161,10427,CUS0009703,2024-06-06,WEB
BKG00014162,2626,CUS0002449,2024-03-15,OTA
BKG00014163,8521,CUS0007938,2024-07-11,OTA
BKG00014164,7185,CUS0006702,2024-01-09,GDS
BKG00014165,14921,CUS0013859,2025-03-26,AGT
BKG00014166,13835,CUS0012848,2024-05-13,WEB
BKG00014167,12311,CUS0011460,2024-06-15,GDS
BKG00014168,15421,CUS0014323,2024-09-16,AGT
BKG00014169,8507,CUS0007925,2024-01-17,WEB
BKG00014170,3249,CUS0003031,2025-11-02,WEB
BKG00014171,4622,CUS0004305,2024-10-29,GDS
BKG00014172,16021,CUS0014874,2023-08-07,OTA
BKG00014173,13326,CUS0012382,2024-10-23,OTA
BKG00014174,14998,CUS0013932,2023-11-02,OTA
BKG00014175,14868,CUS0013811,2024-08-05,WEB
BKG00014176,15985,CUS0014840,2025-06-09,WEB
BKG00014177,11439,CUS0010640,2023-10-18,OTA
BKG00014178,13071,CUS0012151,2026-03-05,CTR
BKG00014179,11178,CUS0010397,2026-03-16,MOB
BKG00014180,3607,CUS0003363,2026-04-11,OTA
BKG00014181,11571,CUS0010763,2023-12-28,GDS
BKG00014182,13481,CUS0012525,2026-04-11,CTR
BKG00014183,9925,CUS0009241,2025-12-01,MOB
BKG00014184,2162,CUS0002014,2026-05-21,CTR
BKG00014185,4737,CUS0004415,2025-06-13,OTA
BKG00014186,11726,CUS0010911,2025-12-20,AGT
BKG00014187,7753,CUS0007224,2025-05-15,OTA
BKG00014188,4975,CUS0004629,2025-09-04,MOB
BKG00014189,1537,CUS0001428,2025-08-17,GDS
BKG00014190,989,CUS0000918,2024-02-03,GDS
BKG00014191,8710,CUS0008115,2026-04-28,CTR
BKG00014192,3465,CUS0003230,2025-06-16,GDS
BKG00014193,8533,CUS0007949,2025-05-07,GDS
BKG00014194,15546,CUS0014438,2023-11-09,WEB
BKG00014195,11978,CUS0011153,2023-12-21,GDS
BKG00014196,10066,CUS0009370,2025-03-19,GDS
BKG00014197,9140,CUS0008519,2023-06-09,AGT
BKG00014198,13155,CUS0012228,2023-08-12,GDS
BKG00014199,10120,CUS0009420,2025-07-04,CTR
BKG00014200,12685,CUS0011798,2023-08-25,MOB
BKG00014201,13761,CUS0012781,2025-10-04,CTR
BKG00014202,6708,CUS0006258,2025-05-12,MOB
BKG00014203,12548,CUS0011679,2024-05-31,WEB
BKG00014204,9398,CUS0008754,2024-09-09,MOB
BKG00014205,5661,CUS0005274,2026-04-11,MOB
BKG00014206,11390,CUS0010596,2024-12-01,CTR
BKG00014207,13992,CUS0012990,2025-11-08,WEB
BKG00014208,332,CUS0000306,2024-02-25,OTA
BKG00014209,4675,CUS0004356,2026-01-05,MOB
BKG00014210,1119,CUS0001039,2024-10-22,GDS
BKG00014211,14462,CUS0013431,2024-07-28,AGT
BKG00014212,7823,CUS0007290,2023-09-15,AGT
BKG00014213,130,CUS0000121,2026-01-17,OTA
BKG00014214,887,CUS0000821,2023-09-09,OTA
BKG00014215,15144,CUS0014065,2025-02-11,CTR
BKG00014216,2514,CUS0002343,2025-07-29,MOB
BKG00014217,15303,CUS0014210,2024-06-21,MOB
BKG00014218,4443,CUS0004140,2025-03-04,WEB
BKG00014219,15170,CUS0014089,2024-03-13,AGT
BKG00014220,14044,CUS0013038,2023-10-02,GDS
BKG00014221,14905,CUS0013845,2026-03-26,GDS
BKG00014222,12569,CUS0011695,2024-11-24,GDS
BKG00014223,365,CUS0000336,2024-05-07,GDS
BKG00014224,4444,CUS0004141,2026-02-21,WEB
BKG00014225,6610,CUS0006166,2026-01-30,OTA
BKG00014226,6728,CUS0006277,2024-09-02,MOB
BKG00014227,8192,CUS0007633,2026-04-23,CTR
BKG00014228,9754,CUS0009086,2023-09-11,AGT
BKG00014229,7476,CUS0006967,2025-11-19,GDS
BKG00014230,3535,CUS0003298,2024-08-11,CTR
BKG00014231,192,CUS0000180,2023-07-10,WEB
BKG00014232,3585,CUS0003344,2025-01-08,MOB
BKG00014233,1835,CUS0001703,2025-06-26,MOB
BKG00014234,15039,CUS0013970,2025-08-26,GDS
BKG00014235,6454,CUS0006017,2026-01-13,CTR
BKG00014236,12118,CUS0011283,2023-08-03,GDS
BKG00014237,8864,CUS0008261,2025-12-10,WEB
BKG00014238,8111,CUS0007555,2023-07-12,GDS
BKG00014239,6801,CUS0006346,2023-09-14,GDS
BKG00014240,7745,CUS0007216,2026-03-07,AGT
BKG00014241,6189,CUS0005767,2026-04-12,CTR
BKG00014242,4236,CUS0003946,2023-07-11,WEB
BKG00014243,3596,CUS0003354,2026-02-17,AGT
BKG00014244,12021,CUS0011190,2024-02-01,AGT
BKG00014245,1629,CUS0001515,2025-12-02,MOB
BKG00014246,10357,CUS0009640,2024-09-21,GDS
BKG00014247,8973,CUS0008363,2024-07-11,OTA
BKG00014248,5903,CUS0005503,2023-08-25,MOB
BKG00014249,10170,CUS0009465,2026-01-28,GDS
BKG00014250,4654,CUS0004336,2026-05-04,CTR
BKG00014251,11747,CUS0010931,2025-02-13,CTR
BKG00014252,11434,CUS0010636,2025-11-22,MOB
BKG00014253,10369,CUS0009650,2025-03-23,CTR
BKG00014254,8879,CUS0008275,2024-08-15,AGT
BKG00014255,12269,CUS0011423,2024-12-05,AGT
BKG00014256,15391,CUS0014296,2023-11-29,GDS
BKG00014257,2197,CUS0002048,2026-03-06,AGT
BKG00014258,2009,CUS0001867,2024-07-18,MOB
BKG00014259,10370,CUS0009651,2025-03-02,OTA
BKG00014260,5674,CUS0005287,2025-01-08,OTA
BKG00014261,4043,CUS0003770,2024-07-25,OTA
BKG00014262,1007,CUS0000935,2025-08-27,OTA
BKG00014263,4708,CUS0004387,2026-04-06,AGT
BKG00014264,11851,CUS0011029,2024-03-07,WEB
BKG00014265,7064,CUS0006589,2025-08-04,AGT
BKG00014266,3244,CUS0003026,2025-12-29,OTA
BKG00014267,6318,CUS0005891,2025-10-20,AGT
BKG00014268,9732,CUS0009066,2025-10-04,WEB
BKG00014269,13904,CUS0012910,2025-11-21,CTR
BKG00014270,15212,CUS0014128,2026-01-31,WEB
BKG00014271,13363,CUS0012415,2026-05-25,GDS
BKG00014272,14879,CUS0013821,2023-09-21,AGT
BKG00014273,8879,CUS0008275,2023-08-27,GDS
BKG00014274,10516,CUS0009786,2025-03-25,GDS
BKG00014275,8391,CUS0007817,2024-12-19,AGT
BKG00014276,2623,CUS0002446,2024-09-30,CTR
BKG00014277,9385,CUS0008741,2024-08-17,GDS
BKG00014278,13522,CUS0012563,2025-10-18,MOB
BKG00014279,7595,CUS0007078,2025-05-10,WEB
BKG00014280,6395,CUS0005964,2026-01-20,WEB
BKG00014281,13609,CUS0012642,2023-12-13,WEB
BKG00014282,33,CUS0000031,2024-05-28,AGT
BKG00014283,3522,CUS0003286,2025-10-03,OTA
BKG00014284,3723,CUS0003471,2024-08-19,OTA
BKG00014285,9892,CUS0009211,2024-01-16,MOB
BKG00014286,10802,CUS0010055,2024-10-28,CTR
BKG00014287,5758,CUS0005366,2024-09-19,MOB
BKG00014288,5684,CUS0005297,2024-03-20,CTR
BKG00014289,1078,CUS0001002,2023-10-31,WEB
BKG00014290,463,CUS0000429,2025-03-14,CTR
BKG00014291,7612,CUS0007094,2025-02-07,MOB
BKG00014292,1506,CUS0001400,2025-11-13,CTR
BKG00014293,726,CUS0000675,2024-05-07,WEB
BKG00014294,10082,CUS0009385,2023-12-14,CTR
BKG00014295,12743,CUS0011854,2026-05-05,AGT
BKG00014296,7098,CUS0006623,2024-08-16,MOB
BKG00014297,3471,CUS0003236,2024-06-19,AGT
BKG00014298,1363,CUS0001268,2024-12-14,GDS
BKG00014299,6846,CUS0006390,2024-01-28,OTA
BKG00014300,10904,CUS0010151,2025-05-21,MOB
BKG00014301,7955,CUS0007416,2023-06-06,MOB
BKG00014302,14100,CUS0013094,2026-04-18,OTA
BKG00014303,893,CUS0000827,2025-05-05,WEB
BKG00014304,579,CUS0000536,2024-06-04,MOB
BKG00014305,9130,CUS0008509,2025-02-10,WEB
BKG00014306,196,CUS0000184,2024-07-18,GDS
BKG00014307,1678,CUS0001560,2024-07-05,AGT
BKG00014308,10515,CUS0009785,2024-04-02,OTA
BKG00014309,8805,CUS0008205,2025-05-18,AGT
BKG00014310,8344,CUS0007772,2024-12-19,MOB
BKG00014311,129,CUS0000120,2026-03-19,WEB
BKG00014312,10607,CUS0009870,2025-09-03,MOB
BKG00014313,14564,CUS0013525,2024-06-08,OTA
BKG00014314,11615,CUS0010805,2025-04-25,OTA
BKG00014315,15379,CUS0014284,2025-12-03,WEB
BKG00014316,14409,CUS0013379,2025-06-07,CTR
BKG00014317,10871,CUS0010121,2025-06-19,MOB
BKG00014318,4196,CUS0003910,2024-01-13,OTA
BKG00014319,9372,CUS0008730,2026-02-28,MOB
BKG00014320,2671,CUS0002491,2024-09-03,MOB
BKG00014321,5214,CUS0004853,2024-09-08,GDS
BKG00014322,1480,CUS0001374,2023-06-25,OTA
BKG00014323,11526,CUS0010721,2025-06-23,OTA
BKG00014324,12332,CUS0011479,2026-02-23,WEB
BKG00014325,5609,CUS0005223,2025-12-22,WEB
BKG00014326,5932,CUS0005529,2023-11-14,AGT
BKG00014327,2789,CUS0002604,2025-03-07,CTR
BKG00014328,15329,CUS0014236,2024-07-06,OTA
BKG00014329,5003,CUS0004654,2024-06-24,CTR
BKG00014330,13444,CUS0012491,2024-04-04,CTR
BKG00014331,6238,CUS0005813,2024-12-31,CTR
BKG00014332,9189,CUS0008563,2023-06-30,GDS
BKG00014333,12799,CUS0011905,2024-11-14,WEB
BKG00014334,1569,CUS0001457,2026-04-23,CTR
BKG00014335,7193,CUS0006710,2024-05-29,AGT
BKG00014336,10715,CUS0009973,2024-07-16,WEB
BKG00014337,2217,CUS0002067,2025-11-22,WEB
BKG00014338,3845,CUS0003585,2025-10-22,CTR
BKG00014339,7438,CUS0006933,2024-08-22,CTR
BKG00014340,6958,CUS0006493,2024-03-04,WEB
BKG00014341,11173,CUS0010392,2025-11-06,AGT
BKG00014342,1821,CUS0001690,2025-02-07,AGT
BKG00014343,12236,CUS0011394,2026-04-29,CTR
BKG00014344,4119,CUS0003839,2025-01-26,CTR
BKG00014345,5387,CUS0005017,2024-10-24,AGT
BKG00014346,10981,CUS0010223,2025-12-20,GDS
BKG00014347,13761,CUS0012781,2025-09-13,OTA
BKG00014348,2557,CUS0002383,2024-10-12,AGT
BKG00014349,8622,CUS0008034,2026-04-27,AGT
BKG00014350,1767,CUS0001640,2023-08-05,MOB
BKG00014351,10229,CUS0009520,2024-02-15,AGT
BKG00014352,15875,CUS0014739,2023-07-22,WEB
BKG00014353,4941,CUS0004599,2024-12-11,MOB
BKG00014354,5055,CUS0004702,2023-11-02,WEB
BKG00014355,9191,CUS0008565,2024-08-15,MOB
BKG00014356,8754,CUS0008157,2023-08-07,OTA
BKG00014357,6712,CUS0006262,2025-12-18,WEB
BKG00014358,10757,CUS0010012,2023-08-30,CTR
BKG00014359,2148,CUS0002001,2024-10-19,GDS
BKG00014360,14500,CUS0013467,2023-06-11,OTA
BKG00014361,5236,CUS0004874,2024-09-09,MOB
BKG00014362,3628,CUS0003382,2026-04-07,AGT
BKG00014363,8334,CUS0007762,2024-07-07,MOB
BKG00014364,429,CUS0000397,2024-03-11,CTR
BKG00014365,887,CUS0000821,2023-10-04,WEB
BKG00014366,10400,CUS0009678,2025-10-09,WEB
BKG00014367,7020,CUS0006550,2025-09-05,MOB
BKG00014368,10892,CUS0010139,2025-09-14,CTR
BKG00014369,12774,CUS0011882,2025-09-15,WEB
BKG00014370,15193,CUS0014110,2024-07-17,AGT
BKG00014371,3977,CUS0003708,2026-01-28,CTR
BKG00014372,831,CUS0000770,2025-12-24,OTA
BKG00014373,1765,CUS0001638,2024-08-27,WEB
BKG00014374,11363,CUS0010571,2026-02-11,OTA
BKG00014375,15942,CUS0014800,2023-06-05,WEB
BKG00014376,6856,CUS0006399,2024-04-07,MOB
BKG00014377,3813,CUS0003553,2026-03-20,WEB
BKG00014378,4942,CUS0004600,2026-04-14,GDS
BKG00014379,14338,CUS0013313,2025-08-23,GDS
BKG00014380,8737,CUS0008142,2023-07-08,MOB
BKG00014381,347,CUS0000321,2023-11-07,WEB
BKG00014382,12698,CUS0011811,2023-12-02,CTR
BKG00014383,1832,CUS0001700,2023-11-12,GDS
BKG00014384,5124,CUS0004765,2024-10-25,GDS
BKG00014385,1313,CUS0001222,2025-10-21,CTR
BKG00014386,12668,CUS0011782,2025-04-24,WEB
BKG00014387,5517,CUS0005135,2024-08-27,CTR
BKG00014388,12210,CUS0011369,2024-05-05,OTA
BKG00014389,3722,CUS0003470,2024-12-06,WEB
BKG00014390,9129,CUS0008508,2025-11-04,CTR
BKG00014391,7357,CUS0006860,2023-09-29,GDS
BKG00014392,4415,CUS0004113,2023-10-01,GDS
BKG00014393,4278,CUS0003986,2023-07-11,WEB
BKG00014394,14180,CUS0013170,2025-07-06,AGT
BKG00014395,10128,CUS0009426,2025-10-28,OTA
BKG00014396,6038,CUS0005626,2024-08-05,MOB
BKG00014397,14427,CUS0013396,2023-06-01,AGT
BKG00014398,12125,CUS0011289,2025-12-01,MOB
BKG00014399,12796,CUS0011902,2024-06-06,GDS
BKG00014400,2253,CUS0002102,2024-02-14,WEB
BKG00014401,10696,CUS0009955,2024-05-28,WEB
BKG00014402,3347,CUS0003121,2026-02-10,GDS
BKG00014403,1315,CUS0001224,2026-04-10,AGT
BKG00014404,6822,CUS0006366,2023-08-20,OTA
BKG00014405,4723,CUS0004402,2025-09-05,MOB
BKG00014406,8933,CUS0008328,2024-03-27,OTA
BKG00014407,4456,CUS0004153,2024-07-20,WEB
BKG00014408,11395,CUS0010600,2026-04-17,MOB
BKG00014409,7659,CUS0007135,2024-05-19,MOB
BKG00014410,2853,CUS0002662,2025-05-24,AGT
BKG00014411,13687,CUS0012712,2025-11-29,AGT
BKG00014412,7349,CUS0006852,2023-09-10,MOB
BKG00014413,4054,CUS0003780,2025-02-13,GDS
BKG00014414,11020,CUS0010257,2025-07-23,AGT
BKG00014415,7326,CUS0006832,2025-08-25,MOB
BKG00014416,4736,CUS0004414,2025-05-14,OTA
BKG00014417,9915,CUS0009232,2024-05-23,GDS
BKG00014418,14477,CUS0013445,2026-01-21,MOB
BKG00014419,14795,CUS0013744,2024-11-04,GDS
BKG00014420,3592,CUS0003351,2026-03-17,OTA
BKG00014421,15020,CUS0013953,2025-12-11,AGT
BKG00014422,12481,CUS0011615,2025-05-26,AGT
BKG00014423,3642,CUS0003394,2025-10-19,OTA
BKG00014424,14007,CUS0013004,2025-09-25,MOB
BKG00014425,12372,CUS0011515,2024-10-29,AGT
BKG00014426,14477,CUS0013445,2024-12-25,MOB
BKG00014427,8038,CUS0007489,2024-03-05,AGT
BKG00014428,8055,CUS0007505,2023-12-03,OTA
BKG00014429,15397,CUS0014300,2026-04-27,CTR
BKG00014430,15152,CUS0014072,2026-04-09,WEB
BKG00014431,8524,CUS0007941,2023-11-02,GDS
BKG00014432,6947,CUS0006483,2024-12-22,GDS
BKG00014433,16000,CUS0014855,2023-12-27,WEB
BKG00014434,15616,CUS0014502,2024-09-14,CTR
BKG00014435,13265,CUS0012328,2023-12-07,GDS
BKG00014436,5618,CUS0005232,2025-11-24,OTA
BKG00014437,6241,CUS0005816,2024-01-05,AGT
BKG00014438,12885,CUS0011987,2024-07-25,AGT
BKG00014439,11063,CUS0010297,2024-01-11,CTR
BKG00014440,2914,CUS0002720,2026-03-31,AGT
BKG00014441,15489,CUS0014384,2024-01-16,AGT
BKG00014442,5601,CUS0005215,2023-07-11,OTA
BKG00014443,5005,CUS0004656,2024-12-16,CTR
BKG00014444,5935,CUS0005532,2023-06-11,AGT
BKG00014445,15582,CUS0014471,2024-02-07,WEB
BKG00014446,7961,CUS0007422,2025-10-05,GDS
BKG00014447,5229,CUS0004867,2026-01-07,MOB
BKG00014448,5236,CUS0004874,2025-05-03,CTR
BKG00014449,4230,CUS0003941,2023-08-30,MOB
BKG00014450,8447,CUS0007870,2024-10-29,MOB
BKG00014451,9730,CUS0009064,2025-08-03,OTA
BKG00014452,9345,CUS0008705,2023-06-03,CTR
BKG00014453,14214,CUS0013202,2025-01-28,GDS
BKG00014454,7367,CUS0006869,2025-05-31,WEB
BKG00014455,114,CUS0000106,2024-02-19,WEB
BKG00014456,11586,CUS0010776,2026-01-04,OTA
BKG00014457,10964,CUS0010207,2025-07-31,OTA
BKG00014458,14757,CUS0013709,2024-11-15,CTR
BKG00014459,14698,CUS0013653,2024-03-22,MOB
BKG00014460,15664,CUS0014544,2025-01-11,GDS
BKG00014461,733,CUS0000681,2025-09-14,GDS
BKG00014462,10511,CUS0009782,2026-03-02,WEB
BKG00014463,15499,CUS0014394,2024-10-27,CTR
BKG00014464,8074,CUS0007520,2024-08-23,AGT
BKG00014465,1971,CUS0001832,2026-03-05,MOB
BKG00014466,1582,CUS0001470,2025-10-14,AGT
BKG00014467,10814,CUS0010067,2025-11-16,GDS
BKG00014468,2739,CUS0002557,2024-07-15,CTR
BKG00014469,6068,CUS0005654,2025-10-14,CTR
BKG00014470,965,CUS0000895,2023-08-15,MOB
BKG00014471,14495,CUS0013462,2026-02-02,WEB
BKG00014472,9134,CUS0008513,2025-09-04,MOB
BKG00014473,836,CUS0000774,2026-03-06,AGT
BKG00014474,11614,CUS0010804,2024-11-30,AGT
BKG00014475,7071,CUS0006596,2025-11-05,OTA
BKG00014476,6797,CUS0006342,2023-07-28,WEB
BKG00014477,13372,CUS0012424,2024-11-18,MOB
BKG00014478,9274,CUS0008639,2025-07-30,CTR
BKG00014479,11972,CUS0011148,2025-01-23,AGT
BKG00014480,3450,CUS0003216,2025-01-26,GDS
BKG00014481,9098,CUS0008479,2024-04-29,OTA
BKG00014482,8523,CUS0007940,2026-04-04,CTR
BKG00014483,7213,CUS0006727,2025-08-02,WEB
BKG00014484,12766,CUS0011875,2024-10-08,WEB
BKG00014485,6091,CUS0005677,2024-11-30,CTR
BKG00014486,141,CUS0000132,2025-09-21,OTA
BKG00014487,4297,CUS0004003,2025-02-26,CTR
BKG00014488,3783,CUS0003526,2024-03-15,CTR
BKG00014489,13713,CUS0012738,2023-10-12,CTR
BKG00014490,9680,CUS0009018,2025-03-15,AGT
BKG00014491,15443,CUS0014342,2024-02-27,WEB
BKG00014492,11491,CUS0010691,2026-01-21,CTR
BKG00014493,7562,CUS0007048,2024-04-30,CTR
BKG00014494,7337,CUS0006842,2024-04-21,GDS
BKG00014495,5870,CUS0005472,2023-11-21,WEB
BKG00014496,5244,CUS0004882,2025-10-22,OTA
BKG00014497,7410,CUS0006906,2023-08-26,OTA
BKG00014498,11142,CUS0010365,2024-06-02,AGT
BKG00014499,3681,CUS0003431,2024-06-19,AGT
BKG00014500,908,CUS0000841,2023-07-01,GDS
BKG00014501,8742,CUS0008147,2025-05-07,MOB
BKG00014502,830,CUS0000769,2023-07-26,GDS
BKG00014503,11663,CUS0010852,2025-07-16,CTR
BKG00014504,842,CUS0000779,2024-02-19,MOB
BKG00014505,9586,CUS0008932,2024-02-07,MOB
BKG00014506,12255,CUS0011411,2023-10-13,GDS
BKG00014507,12999,CUS0012089,2023-08-28,MOB
BKG00014508,9974,CUS0009283,2024-07-03,CTR
BKG00014509,810,CUS0000752,2024-07-15,CTR
BKG00014510,13727,CUS0012750,2024-08-02,CTR
BKG00014511,15947,CUS0014805,2024-05-16,CTR
BKG00014512,13092,CUS0012170,2024-04-25,CTR
BKG00014513,13495,CUS0012538,2025-07-13,AGT
BKG00014514,10175,CUS0009470,2023-09-17,OTA
BKG00014515,3964,CUS0003696,2026-03-11,GDS
BKG00014516,8054,CUS0007504,2025-12-16,OTA
BKG00014517,7853,CUS0007318,2026-03-03,AGT
BKG00014518,6848,CUS0006392,2024-05-02,CTR
BKG00014519,3643,CUS0003395,2026-01-23,WEB
BKG00014520,5080,CUS0004725,2024-04-20,AGT
BKG00014521,5967,CUS0005562,2025-06-02,WEB
BKG00014522,652,CUS0000604,2024-09-06,AGT
BKG00014523,6369,CUS0005939,2023-08-16,CTR
BKG00014524,15565,CUS0014456,2025-09-12,AGT
BKG00014525,3814,CUS0003554,2023-09-24,GDS
BKG00014526,9681,CUS0009019,2023-06-27,OTA
BKG00014527,10576,CUS0009840,2024-11-27,CTR
BKG00014528,7546,CUS0007032,2023-10-17,WEB
BKG00014529,1073,CUS0000997,2025-07-31,OTA
BKG00014530,15431,CUS0014331,2023-08-02,OTA
BKG00014531,2455,CUS0002288,2023-08-28,OTA
BKG00014532,1253,CUS0001168,2024-08-17,CTR
BKG00014533,9018,CUS0008405,2026-04-22,GDS
BKG00014534,11425,CUS0010628,2024-05-21,CTR
BKG00014535,10767,CUS0010022,2024-03-18,WEB
BKG00014536,14218,CUS0013206,2025-12-25,AGT
BKG00014537,6154,CUS0005736,2023-08-01,OTA
BKG00014538,311,CUS0000288,2024-11-02,GDS
BKG00014539,8278,CUS0007713,2024-04-29,CTR
BKG00014540,9491,CUS0008843,2026-01-04,OTA
BKG00014541,3993,CUS0003723,2025-08-21,CTR
BKG00014542,10073,CUS0009376,2024-03-30,OTA
BKG00014543,11539,CUS0010733,2026-04-09,AGT
BKG00014544,387,CUS0000357,2025-01-30,AGT
BKG00014545,13288,CUS0012349,2024-04-08,CTR
BKG00014546,15561,CUS0014452,2024-06-16,WEB
BKG00014547,9370,CUS0008728,2023-06-22,WEB
BKG00014548,5100,CUS0004742,2025-01-12,CTR
BKG00014549,12885,CUS0011987,2025-03-22,AGT
BKG00014550,13608,CUS0012641,2023-06-25,CTR
BKG00014551,15760,CUS0014631,2025-01-17,AGT
BKG00014552,3765,CUS0003508,2024-02-05,OTA
BKG00014553,786,CUS0000729,2024-12-28,MOB
BKG00014554,7461,CUS0006953,2025-06-23,OTA
BKG00014555,2713,CUS0002531,2025-07-27,CTR
BKG00014556,15368,CUS0014273,2025-09-11,GDS
BKG00014557,10073,CUS0009376,2025-01-29,WEB
BKG00014558,15466,CUS0014362,2025-03-17,OTA
BKG00014559,10789,CUS0010043,2024-11-30,GDS
BKG00014560,3903,CUS0003639,2024-01-29,WEB
BKG00014561,13100,CUS0012177,2025-02-08,AGT
BKG00014562,16136,CUS0014979,2023-07-08,AGT
BKG00014563,7872,CUS0007335,2024-05-31,AGT
BKG00014564,7772,CUS0007241,2024-06-25,GDS
BKG00014565,9846,CUS0009168,2025-06-05,WEB
BKG00014566,856,CUS0000792,2023-12-19,CTR
BKG00014567,13096,CUS0012173,2026-03-03,CTR
BKG00014568,1881,CUS0001748,2024-12-05,MOB
BKG00014569,710,CUS0000660,2024-08-21,OTA
BKG00014570,7716,CUS0007189,2025-03-14,OTA
BKG00014571,15445,CUS0014343,2024-03-02,OTA
BKG00014572,1777,CUS0001648,2025-05-18,WEB
BKG00014573,163,CUS0000153,2023-06-30,MOB
BKG00014574,1729,CUS0001605,2026-04-10,GDS
BKG00014575,10300,CUS0009587,2024-04-06,CTR
BKG00014576,6844,CUS0006388,2023-12-27,MOB
BKG00014577,1356,CUS0001261,2025-12-20,AGT
BKG00014578,14146,CUS0013137,2023-10-19,AGT
BKG00014579,3592,CUS0003351,2025-03-24,CTR
BKG00014580,3091,CUS0002884,2024-03-26,MOB
BKG00014581,9348,CUS0008708,2026-03-25,WEB
BKG00014582,7063,CUS0006588,2026-03-09,OTA
BKG00014583,1492,CUS0001386,2025-03-08,OTA
BKG00014584,2322,CUS0002165,2025-10-15,AGT
BKG00014585,4417,CUS0004115,2025-01-17,MOB
BKG00014586,2591,CUS0002415,2024-09-02,CTR
BKG00014587,4837,CUS0004507,2025-02-25,MOB
BKG00014588,11224,CUS0010442,2024-10-04,CTR
BKG00014589,2683,CUS0002503,2023-09-09,CTR
BKG00014590,12158,CUS0011318,2024-03-16,OTA
BKG00014591,162,CUS0000152,2025-12-27,GDS
BKG00014592,5161,CUS0004802,2026-01-26,OTA
BKG00014593,3621,CUS0003375,2025-05-05,MOB
BKG00014594,9598,CUS0008943,2025-08-21,OTA
BKG00014595,6328,CUS0005901,2026-03-17,MOB
BKG00014596,5260,CUS0004897,2025-07-02,GDS
BKG00014597,12761,CUS0011870,2024-02-20,CTR
BKG00014598,13427,CUS0012475,2023-07-26,CTR
BKG00014599,11270,CUS0010485,2023-08-03,OTA
BKG00014600,1885,CUS0001752,2025-11-02,CTR
BKG00014601,8163,CUS0007606,2024-04-19,MOB
BKG00014602,5862,CUS0005464,2023-09-01,GDS
BKG00014603,1900,CUS0001766,2025-12-21,CTR
BKG00014604,9561,CUS0008908,2025-10-13,MOB
BKG00014605,16053,CUS0014904,2024-09-16,CTR
BKG00014606,6520,CUS0006078,2025-08-03,MOB
BKG00014607,4122,CUS0003842,2024-11-17,MOB
BKG00014608,3549,CUS0003312,2024-10-19,WEB
BKG00014609,10742,CUS0009998,2024-04-16,OTA
BKG00014610,2161,CUS0002013,2025-08-31,MOB
BKG00014611,1737,CUS0001612,2025-02-03,AGT
BKG00014612,5796,CUS0005402,2023-09-11,OTA
BKG00014613,14258,CUS0013241,2026-05-13,AGT
BKG00014614,9342,CUS0008702,2025-03-29,GDS
BKG00014615,9522,CUS0008871,2023-11-16,AGT
BKG00014616,10686,CUS0009945,2023-12-16,GDS
BKG00014617,743,CUS0000691,2024-06-21,CTR
BKG00014618,7819,CUS0007286,2024-12-02,OTA
BKG00014619,13734,CUS0012756,2026-03-24,GDS
BKG00014620,8582,CUS0007996,2024-11-11,OTA
BKG00014621,1047,CUS0000972,2024-03-21,CTR
BKG00014622,165,CUS0000154,2023-07-25,AGT
BKG00014623,6673,CUS0006226,2024-07-24,WEB
BKG00014624,4720,CUS0004399,2025-12-01,MOB
BKG00014625,5577,CUS0005191,2023-12-09,GDS
BKG00014626,11899,CUS0011077,2025-03-30,AGT
BKG00014627,4356,CUS0004058,2024-03-30,WEB
BKG00014628,444,CUS0000410,2026-04-08,CTR
BKG00014629,2690,CUS0002510,2023-10-19,MOB
BKG00014630,3204,CUS0002991,2024-01-13,AGT
BKG00014631,15420,CUS0014322,2024-05-19,WEB
BKG00014632,1927,CUS0001793,2025-01-27,WEB
BKG00014633,15541,CUS0014434,2024-06-26,OTA
BKG00014634,271,CUS0000252,2023-10-18,CTR
BKG00014635,3279,CUS0003059,2025-05-24,OTA
BKG00014636,11979,CUS0011154,2024-07-18,AGT
BKG00014637,15346,CUS0014251,2024-05-15,CTR
BKG00014638,7373,CUS0006875,2024-02-27,AGT
BKG00014639,1584,CUS0001472,2025-08-07,AGT
BKG00014640,1738,CUS0001613,2024-06-03,OTA
BKG00014641,1382,CUS0001286,2024-08-13,GDS
BKG00014642,3826,CUS0003566,2025-08-02,OTA
BKG00014643,5889,CUS0005490,2026-04-26,OTA
BKG00014644,8516,CUS0007933,2024-08-02,CTR
BKG00014645,9225,CUS0008595,2024-09-13,OTA
BKG00014646,1534,CUS0001425,2023-08-19,OTA
BKG00014647,6104,CUS0005688,2023-05-30,AGT
BKG00014648,8037,CUS0007488,2023-12-15,OTA
BKG00014649,8426,CUS0007850,2025-04-29,MOB
BKG00014650,6048,CUS0005636,2026-05-16,OTA
BKG00014651,9866,CUS0009186,2025-07-18,GDS
BKG00014652,9303,CUS0008666,2023-12-14,AGT
BKG00014653,11301,CUS0010513,2026-03-12,OTA
BKG00014654,8769,CUS0008170,2024-07-02,GDS
BKG00014655,8429,CUS0007853,2025-07-17,WEB
BKG00014656,6786,CUS0006331,2024-03-28,MOB
BKG00014657,5336,CUS0004970,2025-02-19,OTA
BKG00014658,8784,CUS0008185,2025-06-06,GDS
BKG00014659,9904,CUS0009222,2024-04-04,CTR
BKG00014660,7863,CUS0007326,2023-11-02,MOB
BKG00014661,3506,CUS0003271,2026-03-21,WEB
BKG00014662,13563,CUS0012602,2025-04-11,WEB
BKG00014663,10103,CUS0009405,2026-04-06,GDS
BKG00014664,15572,CUS0014461,2024-11-20,OTA
BKG00014665,7887,CUS0007350,2023-08-16,OTA
BKG00014666,4385,CUS0004084,2025-10-05,WEB
BKG00014667,11443,CUS0010644,2024-11-23,AGT
BKG00014668,5165,CUS0004806,2024-03-04,OTA
BKG00014669,3514,CUS0003279,2025-09-22,GDS
BKG00014670,14651,CUS0013609,2025-08-26,WEB
BKG00014671,14756,CUS0013708,2025-02-14,GDS
BKG00014672,4759,CUS0004435,2024-11-22,AGT
BKG00014673,8747,CUS0008152,2025-09-08,WEB
BKG00014674,3737,CUS0003482,2023-12-25,WEB
BKG00014675,4458,CUS0004155,2024-02-03,MOB
BKG00014676,10187,CUS0009481,2026-05-02,GDS
BKG00014677,9997,CUS0009306,2023-09-08,MOB
BKG00014678,14871,CUS0013814,2023-10-27,GDS
BKG00014679,1494,CUS0001388,2023-12-11,CTR
BKG00014680,11640,CUS0010829,2025-09-19,MOB
BKG00014681,9258,CUS0008624,2023-08-29,MOB
BKG00014682,15959,CUS0014817,2024-11-28,AGT
BKG00014683,11634,CUS0010824,2026-05-22,GDS
BKG00014684,11170,CUS0010389,2024-08-28,CTR
BKG00014685,15562,CUS0014453,2025-01-07,AGT
BKG00014686,4077,CUS0003801,2023-09-01,WEB
BKG00014687,7772,CUS0007241,2026-02-26,AGT
BKG00014688,6518,CUS0006076,2026-02-26,WEB
BKG00014689,4599,CUS0004282,2024-03-19,GDS
BKG00014690,5863,CUS0005465,2024-10-20,GDS
BKG00014691,12746,CUS0011857,2025-04-29,WEB
BKG00014692,13773,CUS0012792,2025-09-08,CTR
BKG00014693,11256,CUS0010472,2025-07-29,GDS
BKG00014694,5363,CUS0004996,2024-08-31,AGT
BKG00014695,14196,CUS0013186,2025-06-03,WEB
BKG00014696,4621,CUS0004304,2024-11-29,WEB
BKG00014697,8709,CUS0008114,2026-03-20,OTA
BKG00014698,15776,CUS0014646,2025-03-19,OTA
BKG00014699,548,CUS0000507,2025-11-27,WEB
BKG00014700,11857,CUS0011035,2024-01-29,AGT
BKG00014701,11631,CUS0010821,2025-04-26,AGT
BKG00014702,12046,CUS0011214,2026-01-05,WEB
BKG00014703,12092,CUS0011259,2024-08-19,OTA
BKG00014704,10566,CUS0009831,2024-02-11,OTA
BKG00014705,13414,CUS0012464,2024-12-17,CTR
BKG00014706,15047,CUS0013978,2024-09-18,MOB
BKG00014707,1264,CUS0001178,2025-12-20,CTR
BKG00014708,6530,CUS0006088,2023-09-26,GDS
BKG00014709,15933,CUS0014791,2025-10-05,AGT
BKG00014710,1284,CUS0001196,2023-09-28,CTR
BKG00014711,12779,CUS0011887,2024-03-19,GDS
BKG00014712,5625,CUS0005239,2023-06-19,WEB
BKG00014713,7052,CUS0006578,2025-07-05,OTA
BKG00014714,4437,CUS0004134,2026-04-21,GDS
BKG00014715,9347,CUS0008707,2023-11-21,OTA
BKG00014716,15384,CUS0014289,2023-11-08,CTR
BKG00014717,10075,CUS0009378,2024-10-18,OTA
BKG00014718,12813,CUS0011917,2024-02-05,OTA
BKG00014719,3453,CUS0003218,2025-06-12,CTR
BKG00014720,8130,CUS0007573,2024-10-06,GDS
BKG00014721,2745,CUS0002563,2025-07-13,WEB
BKG00014722,13103,CUS0012180,2023-12-08,AGT
BKG00014723,385,CUS0000355,2024-11-01,CTR
BKG00014724,9975,CUS0009284,2024-01-13,AGT
BKG00014725,13888,CUS0012895,2024-12-04,AGT
BKG00014726,8584,CUS0007998,2025-08-17,OTA
BKG00014727,9730,CUS0009064,2025-04-18,OTA
BKG00014728,12979,CUS0012069,2024-12-19,AGT
BKG00014729,5458,CUS0005081,2025-07-11,MOB
BKG00014730,782,CUS0000725,2024-02-28,CTR
BKG00014731,12758,CUS0011867,2025-02-27,OTA
BKG00014732,12891,CUS0011993,2025-01-16,AGT
BKG00014733,15239,CUS0014154,2023-10-14,CTR
BKG00014734,12031,CUS0011199,2025-03-10,WEB
BKG00014735,4116,CUS0003836,2023-12-08,CTR
BKG00014736,12333,CUS0011480,2024-02-25,AGT
BKG00014737,13295,CUS0012355,2024-12-18,AGT
BKG00014738,5869,CUS0005471,2024-10-15,WEB
BKG00014739,15924,CUS0014782,2024-09-25,CTR
BKG00014740,222,CUS0000208,2024-10-01,OTA
BKG00014741,8628,CUS0008039,2024-10-23,GDS
BKG00014742,2164,CUS0002016,2025-02-02,CTR
BKG00014743,7607,CUS0007089,2025-01-13,AGT
BKG00014744,8352,CUS0007780,2024-08-25,MOB
BKG00014745,79,CUS0000073,2023-06-04,CTR
BKG00014746,6302,CUS0005876,2025-08-26,AGT
BKG00014747,11046,CUS0010282,2025-01-19,GDS
BKG00014748,3083,CUS0002876,2026-04-18,GDS
BKG00014749,3146,CUS0002935,2023-07-11,MOB
BKG00014750,10845,CUS0010096,2025-03-05,AGT
BKG00014751,3160,CUS0002949,2024-05-19,OTA
BKG00014752,1526,CUS0001417,2024-06-14,OTA
BKG00014753,1562,CUS0001451,2023-10-23,MOB
BKG00014754,14273,CUS0013254,2023-12-31,OTA
BKG00014755,11811,CUS0010990,2025-07-21,WEB
BKG00014756,1470,CUS0001365,2023-07-12,GDS
BKG00014757,4820,CUS0004492,2025-11-24,CTR
BKG00014758,11737,CUS0010922,2025-07-23,AGT
BKG00014759,8129,CUS0007572,2025-11-23,WEB
BKG00014760,3590,CUS0003349,2023-05-28,AGT
BKG00014761,12342,CUS0011488,2025-04-05,GDS
BKG00014762,4560,CUS0004247,2023-11-21,WEB
BKG00014763,2253,CUS0002102,2026-01-05,OTA
BKG00014764,13080,CUS0012160,2024-09-02,OTA
BKG00014765,2080,CUS0001936,2023-10-30,CTR
BKG00014766,10383,CUS0009663,2023-10-16,OTA
BKG00014767,320,CUS0000297,2026-01-29,CTR
BKG00014768,15456,CUS0014354,2024-02-25,WEB
BKG00014769,11959,CUS0011135,2023-10-04,AGT
BKG00014770,7001,CUS0006533,2024-03-10,OTA
BKG00014771,9717,CUS0009053,2026-01-22,GDS
BKG00014772,12177,CUS0011337,2024-09-06,GDS
BKG00014773,3544,CUS0003307,2026-04-16,CTR
BKG00014774,8372,CUS0007799,2026-03-03,AGT
BKG00014775,9878,CUS0009197,2025-07-16,GDS
BKG00014776,5532,CUS0005150,2026-05-08,WEB
BKG00014777,7919,CUS0007382,2024-06-04,CTR
BKG00014778,3660,CUS0003412,2025-08-18,CTR
BKG00014779,11357,CUS0010566,2025-09-20,OTA
BKG00014780,15408,CUS0014311,2025-12-18,AGT
BKG00014781,2443,CUS0002277,2025-08-23,OTA
BKG00014782,2533,CUS0002360,2025-11-09,AGT
BKG00014783,8092,CUS0007537,2023-05-26,OTA
BKG00014784,12070,CUS0011237,2023-12-27,GDS
BKG00014785,188,CUS0000176,2026-02-03,OTA
BKG00014786,13408,CUS0012458,2025-06-03,GDS
BKG00014787,5784,CUS0005390,2025-12-03,GDS
BKG00014788,1600,CUS0001486,2025-04-07,AGT
BKG00014789,8041,CUS0007492,2024-07-06,MOB
BKG00014790,15255,CUS0014168,2024-12-16,AGT
BKG00014791,7758,CUS0007228,2023-11-12,GDS
BKG00014792,11178,CUS0010397,2023-08-12,AGT
BKG00014793,1182,CUS0001097,2025-08-24,OTA
BKG00014794,14153,CUS0013144,2025-01-28,GDS
BKG00014795,13418,CUS0012468,2023-08-25,CTR
BKG00014796,11311,CUS0010523,2024-05-11,GDS
BKG00014797,3131,CUS0002921,2023-08-07,CTR
BKG00014798,11890,CUS0011068,2024-02-21,MOB
BKG00014799,37,CUS0000035,2026-05-01,GDS
BKG00014800,81,CUS0000075,2025-01-15,CTR
BKG00014801,14050,CUS0013044,2026-01-31,CTR
BKG00014802,12539,CUS0011670,2024-01-09,CTR
BKG00014803,13766,CUS0012785,2024-12-24,WEB
BKG00014804,10804,CUS0010057,2025-08-21,MOB
BKG00014805,310,CUS0000287,2024-03-27,CTR
BKG00014806,15471,CUS0014366,2026-01-23,MOB
BKG00014807,8887,CUS0008283,2025-01-22,MOB
BKG00014808,10193,CUS0009486,2024-09-17,GDS
BKG00014809,3655,CUS0003407,2025-07-28,OTA
BKG00014810,5505,CUS0005124,2026-05-25,AGT
BKG00014811,15548,CUS0014440,2023-10-24,MOB
BKG00014812,2997,CUS0002796,2026-01-18,OTA
BKG00014813,8839,CUS0008238,2023-07-04,GDS
BKG00014814,15994,CUS0014849,2025-05-04,CTR
BKG00014815,16011,CUS0014866,2026-05-19,CTR
BKG00014816,8734,CUS0008139,2024-08-15,WEB
BKG00014817,15911,CUS0014771,2026-03-16,AGT
BKG00014818,2418,CUS0002254,2024-07-20,MOB
BKG00014819,1182,CUS0001097,2023-07-02,MOB
BKG00014820,15693,CUS0014571,2023-07-11,AGT
BKG00014821,4663,CUS0004344,2025-03-02,OTA
BKG00014822,14154,CUS0013145,2024-06-17,GDS
BKG00014823,14964,CUS0013901,2023-06-22,OTA
BKG00014824,1817,CUS0001687,2023-08-08,AGT
BKG00014825,7464,CUS0006956,2024-03-04,WEB
BKG00014826,11591,CUS0010781,2025-12-27,GDS
BKG00014827,6700,CUS0006252,2024-08-06,CTR
BKG00014828,11552,CUS0010745,2024-04-07,AGT
BKG00014829,4709,CUS0004388,2024-03-14,OTA
BKG00014830,10006,CUS0009314,2024-01-02,OTA
BKG00014831,8897,CUS0008293,2023-05-30,MOB
BKG00014832,13363,CUS0012415,2025-10-17,AGT
BKG00014833,521,CUS0000482,2025-02-26,GDS
BKG00014834,4829,CUS0004500,2025-09-28,WEB
BKG00014835,3787,CUS0003530,2024-04-26,CTR
BKG00014836,10339,CUS0009623,2026-03-23,WEB
BKG00014837,12150,CUS0011311,2026-03-19,OTA
BKG00014838,12092,CUS0011259,2025-07-25,OTA
BKG00014839,4569,CUS0004256,2025-11-14,AGT
BKG00014840,13429,CUS0012477,2024-04-26,MOB
BKG00014841,2568,CUS0002393,2024-11-09,CTR
BKG00014842,10256,CUS0009545,2025-01-22,GDS
BKG00014843,4669,CUS0004350,2025-03-04,MOB
BKG00014844,13040,CUS0012126,2026-01-22,OTA
BKG00014845,8514,CUS0007931,2023-08-18,GDS
BKG00014846,2710,CUS0002528,2024-03-17,CTR
BKG00014847,7471,CUS0006962,2025-12-09,WEB
BKG00014848,1263,CUS0001177,2024-05-15,AGT
BKG00014849,7740,CUS0007212,2025-12-17,WEB
BKG00014850,14338,CUS0013313,2024-07-04,AGT
BKG00014851,4174,CUS0003890,2026-04-01,CTR
BKG00014852,6859,CUS0006402,2023-09-03,WEB
BKG00014853,16103,CUS0014950,2024-10-31,CTR
BKG00014854,3415,CUS0003182,2025-07-12,CTR
BKG00014855,10408,CUS0009686,2023-12-24,MOB
BKG00014856,1206,CUS0001121,2024-06-23,GDS
BKG00014857,7526,CUS0007013,2025-12-08,AGT
BKG00014858,2713,CUS0002531,2025-04-21,AGT
BKG00014859,13832,CUS0012845,2024-10-20,AGT
BKG00014860,2273,CUS0002120,2025-05-19,AGT
BKG00014861,14519,CUS0013484,2024-08-30,OTA
BKG00014862,1277,CUS0001189,2026-04-19,GDS
BKG00014863,6523,CUS0006081,2024-11-28,GDS
BKG00014864,16007,CUS0014862,2025-10-24,GDS
BKG00014865,3480,CUS0003245,2024-08-10,CTR
BKG00014866,11671,CUS0010860,2025-10-08,AGT
BKG00014867,7545,CUS0007031,2024-12-20,CTR
BKG00014868,12576,CUS0011702,2025-04-06,WEB
BKG00014869,5741,CUS0005351,2023-06-29,GDS
BKG00014870,1174,CUS0001089,2023-06-01,WEB
BKG00014871,6691,CUS0006243,2023-08-25,MOB
BKG00014872,2193,CUS0002044,2025-04-13,GDS
BKG00014873,12059,CUS0011227,2023-12-03,OTA
BKG00014874,7361,CUS0006863,2025-03-01,MOB
BKG00014875,7505,CUS0006994,2025-07-03,CTR
BKG00014876,2591,CUS0002415,2024-03-24,MOB
BKG00014877,3924,CUS0003659,2023-11-24,CTR
BKG00014878,3853,CUS0003592,2023-10-06,AGT
BKG00014879,13479,CUS0012523,2025-04-07,MOB
BKG00014880,1156,CUS0001073,2024-08-08,MOB
BKG00014881,5386,CUS0005016,2024-09-30,GDS
BKG00014882,12834,CUS0011937,2024-08-24,GDS
BKG00014883,6590,CUS0006146,2025-08-07,GDS
BKG00014884,8741,CUS0008146,2026-04-01,AGT
BKG00014885,13731,CUS0012754,2025-04-10,MOB
BKG00014886,14361,CUS0013334,2025-01-12,GDS
BKG00014887,10135,CUS0009432,2026-04-27,CTR
BKG00014888,9738,CUS0009072,2026-03-02,CTR
BKG00014889,354,CUS0000327,2024-11-10,WEB
BKG00014890,11714,CUS0010900,2025-08-18,CTR
BKG00014891,5358,CUS0004991,2025-12-21,AGT
BKG00014892,11371,CUS0010579,2023-08-31,MOB
BKG00014893,9024,CUS0008410,2023-07-22,OTA
BKG00014894,9880,CUS0009199,2026-05-01,OTA
BKG00014895,2072,CUS0001928,2023-11-13,OTA
BKG00014896,12123,CUS0011287,2026-02-06,CTR
BKG00014897,6632,CUS0006188,2024-08-06,CTR
BKG00014898,14461,CUS0013430,2024-01-15,CTR
BKG00014899,15821,CUS0014686,2023-06-30,WEB
BKG00014900,3695,CUS0003444,2023-12-05,MOB
BKG00014901,2928,CUS0002733,2023-08-09,AGT
BKG00014902,1136,CUS0001054,2025-02-22,MOB
BKG00014903,5021,CUS0004671,2025-09-06,CTR
BKG00014904,6347,CUS0005918,2025-12-24,OTA
BKG00014905,3429,CUS0003195,2023-10-24,AGT
BKG00014906,2910,CUS0002716,2024-10-24,CTR
BKG00014907,9991,CUS0009300,2023-10-24,WEB
BKG00014908,3293,CUS0003073,2023-09-13,MOB
BKG00014909,5871,CUS0005473,2024-01-30,MOB
BKG00014910,7400,CUS0006896,2025-07-16,WEB
BKG00014911,5487,CUS0005108,2025-07-27,OTA
BKG00014912,3909,CUS0003645,2024-06-18,CTR
BKG00014913,11785,CUS0010965,2025-05-12,WEB
BKG00014914,6053,CUS0005641,2024-05-04,WEB
BKG00014915,15961,CUS0014819,2023-09-13,OTA
BKG00014916,8871,CUS0008268,2025-02-18,CTR
BKG00014917,5811,CUS0005415,2024-02-12,AGT
BKG00014918,12960,CUS0012053,2025-09-25,MOB
BKG00014919,7883,CUS0007346,2025-02-07,GDS
BKG00014920,9081,CUS0008463,2025-09-11,MOB
BKG00014921,13408,CUS0012458,2025-02-24,OTA
BKG00014922,1085,CUS0001009,2025-07-06,OTA
BKG00014923,15057,CUS0013988,2023-07-13,AGT
BKG00014924,7188,CUS0006705,2026-04-02,GDS
BKG00014925,6185,CUS0005763,2024-08-21,WEB
BKG00014926,5043,CUS0004692,2025-10-11,GDS
BKG00014927,14549,CUS0013510,2026-02-07,AGT
BKG00014928,12995,CUS0012085,2024-01-23,MOB
BKG00014929,9038,CUS0008424,2025-12-18,MOB
BKG00014930,12361,CUS0011506,2025-01-24,CTR
BKG00014931,3123,CUS0002913,2026-05-13,MOB
BKG00014932,2960,CUS0002762,2024-02-12,GDS
BKG00014933,7307,CUS0006813,2026-04-28,CTR
BKG00014934,685,CUS0000636,2024-05-21,CTR
BKG00014935,6654,CUS0006208,2024-09-15,GDS
BKG00014936,3535,CUS0003298,2024-12-16,AGT
BKG00014937,1448,CUS0001345,2025-05-24,OTA
BKG00014938,2784,CUS0002599,2025-03-04,AGT
BKG00014939,8549,CUS0007965,2024-05-31,WEB
BKG00014940,14514,CUS0013479,2024-01-07,GDS
BKG00014941,7772,CUS0007241,2025-10-12,GDS
BKG00014942,7980,CUS0007440,2024-06-06,OTA
BKG00014943,7607,CUS0007089,2023-06-23,GDS
BKG00014944,2966,CUS0002767,2024-03-18,AGT
BKG00014945,13318,CUS0012374,2024-09-03,WEB
BKG00014946,15454,CUS0014352,2024-10-05,MOB
BKG00014947,5913,CUS0005512,2024-01-11,GDS
BKG00014948,12139,CUS0011303,2025-10-31,GDS
BKG00014949,1087,CUS0001011,2025-05-25,CTR
BKG00014950,4642,CUS0004325,2024-01-19,OTA
BKG00014951,15503,CUS0014397,2025-10-05,GDS
BKG00014952,10777,CUS0010031,2025-06-02,GDS
BKG00014953,9563,CUS0008910,2025-02-10,CTR
BKG00014954,6503,CUS0006061,2025-08-31,OTA
BKG00014955,866,CUS0000802,2026-04-01,WEB
BKG00014956,4492,CUS0004186,2023-10-21,GDS
BKG00014957,10956,CUS0010199,2025-11-11,GDS
BKG00014958,15297,CUS0014204,2024-04-03,MOB
BKG00014959,7180,CUS0006697,2024-01-13,MOB
BKG00014960,6417,CUS0005983,2025-06-23,GDS
BKG00014961,9290,CUS0008653,2026-04-25,CTR
BKG00014962,8557,CUS0007972,2025-07-03,GDS
BKG00014963,2130,CUS0001983,2024-05-31,AGT
BKG00014964,6604,CUS0006160,2026-02-02,AGT
BKG00014965,9784,CUS0009114,2025-04-06,MOB
BKG00014966,10016,CUS0009323,2023-07-08,GDS
BKG00014967,9870,CUS0009189,2023-08-05,CTR
BKG00014968,15279,CUS0014188,2024-08-27,AGT
BKG00014969,13141,CUS0012215,2024-04-08,CTR
BKG00014970,14043,CUS0013037,2025-02-04,WEB
BKG00014971,9932,CUS0009247,2026-04-24,MOB
BKG00014972,9570,CUS0008917,2025-10-05,WEB
BKG00014973,57,CUS0000053,2024-06-18,CTR
BKG00014974,7904,CUS0007367,2023-07-12,WEB
BKG00014975,8582,CUS0007996,2025-03-21,AGT
BKG00014976,6968,CUS0006503,2024-09-29,AGT
BKG00014977,9564,CUS0008911,2023-10-22,MOB
BKG00014978,15629,CUS0014513,2024-02-28,WEB
BKG00014979,6140,CUS0005722,2025-08-19,GDS
BKG00014980,14521,CUS0013486,2025-10-28,OTA
BKG00014981,8994,CUS0008382,2024-07-27,CTR
BKG00014982,6650,CUS0006204,2025-12-01,CTR
BKG00014983,360,CUS0000333,2025-11-23,MOB
BKG00014984,3011,CUS0002809,2026-03-30,GDS
BKG00014985,4012,CUS0003741,2024-12-06,OTA
BKG00014986,8321,CUS0007751,2023-05-31,WEB
BKG00014987,4819,CUS0004491,2024-05-18,AGT
BKG00014988,2012,CUS0001870,2026-03-13,AGT
BKG00014989,1431,CUS0001329,2023-12-03,AGT
BKG00014990,4110,CUS0003831,2024-09-26,GDS
BKG00014991,4263,CUS0003971,2025-10-19,WEB
BKG00014992,11885,CUS0011063,2024-02-09,GDS
BKG00014993,7820,CUS0007287,2024-09-17,GDS
BKG00014994,3170,CUS0002959,2024-01-31,GDS
BKG00014995,87,CUS0000081,2023-11-20,WEB
BKG00014996,9154,CUS0008532,2023-09-23,MOB
BKG00014997,6318,CUS0005891,2025-07-21,GDS
BKG00014998,14269,CUS0013251,2025-01-18,CTR
BKG00014999,4852,CUS0004521,2026-04-07,WEB
BKG00015000,13624,CUS0012655,2025-04-15,GDS
