[0m03:55:59.294575 [debug] [MainThread]: Sending event: {'category': 'dbt', 'action': 'invocation', 'label': 'start', 'context': [<snowplow_tracker.self_describing_json.SelfDescribingJson object at 0x7a4ee10cebf0>, <snowplow_tracker.self_describing_json.SelfDescribingJson object at 0x7a4ede7e8490>, <snowplow_tracker.self_describing_json.SelfDescribingJson object at 0x7a4ede7eaad0>]}


============================== 03:55:59.303979 | 134157ff-9a6e-4904-8967-310a2741b681 ==============================
[0m03:55:59.303979 [info ] [MainThread]: Running with dbt=1.7.4
[0m03:55:59.306236 [debug] [MainThread]: running dbt with arguments {'printer_width': '80', 'indirect_selection': 'eager', 'log_cache_events': 'False', 'write_json': 'True', 'partial_parse': 'True', 'cache_selected_only': 'False', 'warn_error': 'None', 'debug': 'False', 'fail_fast': 'False', 'log_path': '/opt/airflow/dbt_project/logs', 'profiles_dir': '/opt/airflow/dbt_project', 'version_check': 'True', 'use_colors': 'True', 'use_experimental_parser': 'False', 'no_print': 'None', 'quiet': 'False', 'log_format': 'default', 'invocation_command': 'dbt run --target duckdb --profiles-dir /opt/airflow/dbt_project', 'static_parser': 'True', 'introspect': 'True', 'target_path': 'None', 'warn_error_options': 'WarnErrorOptions(include=[], exclude=[])', 'send_anonymous_usage_stats': 'True'}
[0m03:55:59.323079 [info ] [MainThread]: Error importing adapter: No module named 'dbt.adapters.duckdb'
[0m03:55:59.326085 [error] [MainThread]: Encountered an error:
Runtime Error
  Credentials in profile "multidimensional_modelling", target "duckdb" invalid: Runtime Error
    Could not find adapter type duckdb!
[0m03:55:59.330411 [debug] [MainThread]: Resource report: {"command_name": "run", "command_wall_clock_time": 0.15065268, "process_user_time": 7.986727, "process_kernel_time": 1.485189, "process_mem_max_rss": "227060", "process_in_blocks": "35256", "process_out_blocks": "1792", "command_success": false}
[0m03:55:59.332704 [debug] [MainThread]: Command `dbt run` failed at 03:55:59.332392 after 0.15 seconds
[0m03:55:59.334603 [debug] [MainThread]: Sending event: {'category': 'dbt', 'action': 'invocation', 'label': 'end', 'context': [<snowplow_tracker.self_describing_json.SelfDescribingJson object at 0x7a4ee10cebf0>, <snowplow_tracker.self_describing_json.SelfDescribingJson object at 0x7a4ede7eb4f0>, <snowplow_tracker.self_describing_json.SelfDescribingJson object at 0x7a4ede7e9b10>]}
[0m03:55:59.336468 [debug] [MainThread]: Flushing usage events
[0m04:40:15.995654 [debug] [MainThread]: Sending event: {'category': 'dbt', 'action': 'invocation', 'label': 'start', 'context': [<snowplow_tracker.self_describing_json.SelfDescribingJson object at 0x7dbde77d3be0>, <snowplow_tracker.self_describing_json.SelfDescribingJson object at 0x7dbde8203940>, <snowplow_tracker.self_describing_json.SelfDescribingJson object at 0x7dbde4eed6f0>]}


============================== 04:40:16.012604 | 8ed7a1c6-b96c-4fb6-9575-9687a9d7dd7e ==============================
[0m04:40:16.012604 [info ] [MainThread]: Running with dbt=1.7.4
[0m04:40:16.016917 [debug] [MainThread]: running dbt with arguments {'printer_width': '80', 'indirect_selection': 'eager', 'log_cache_events': 'False', 'write_json': 'True', 'partial_parse': 'True', 'cache_selected_only': 'False', 'warn_error': 'None', 'fail_fast': 'False', 'debug': 'False', 'log_path': '/opt/airflow/dbt_project/logs', 'version_check': 'True', 'profiles_dir': '/opt/airflow/dbt_project', 'use_colors': 'True', 'use_experimental_parser': 'False', 'no_print': 'None', 'quiet': 'False', 'warn_error_options': 'WarnErrorOptions(include=[], exclude=[])', 'introspect': 'True', 'static_parser': 'True', 'invocation_command': 'dbt run --target duckdb --profiles-dir /opt/airflow/dbt_project', 'target_path': 'None', 'log_format': 'default', 'send_anonymous_usage_stats': 'True'}
[0m04:40:16.045474 [info ] [MainThread]: Error importing adapter: No module named 'dbt.adapters.duckdb'
[0m04:40:16.049082 [error] [MainThread]: Encountered an error:
Runtime Error
  Credentials in profile "multidimensional_modelling", target "duckdb" invalid: Runtime Error
    Could not find adapter type duckdb!
[0m04:40:16.053766 [debug] [MainThread]: Resource report: {"command_name": "run", "command_wall_clock_time": 0.2490853, "process_user_time": 12.081309, "process_kernel_time": 1.992541, "process_mem_max_rss": "227324", "process_in_blocks": "41240", "process_out_blocks": "1792", "command_success": false}
[0m04:40:16.057091 [debug] [MainThread]: Command `dbt run` failed at 04:40:16.056532 after 0.25 seconds
[0m04:40:16.063698 [debug] [MainThread]: Sending event: {'category': 'dbt', 'action': 'invocation', 'label': 'end', 'context': [<snowplow_tracker.self_describing_json.SelfDescribingJson object at 0x7dbde77d3be0>, <snowplow_tracker.self_describing_json.SelfDescribingJson object at 0x7dbde4c66860>, <snowplow_tracker.self_describing_json.SelfDescribingJson object at 0x7dbde4c67850>]}
[0m04:40:16.066880 [debug] [MainThread]: Flushing usage events
[0m06:09:41.416465 [debug] [MainThread]: Sending event: {'category': 'dbt', 'action': 'invocation', 'label': 'start', 'context': [<snowplow_tracker.self_describing_json.SelfDescribingJson object at 0x7b45976f9a50>, <snowplow_tracker.self_describing_json.SelfDescribingJson object at 0x7b4594ce9ae0>, <snowplow_tracker.self_describing_json.SelfDescribingJson object at 0x7b4594ce9690>]}


============================== 06:09:41.445939 | 3abd373b-3007-4b16-b05f-5d102394072e ==============================
[0m06:09:41.445939 [info ] [MainThread]: Running with dbt=1.7.4
[0m06:09:41.448648 [debug] [MainThread]: running dbt with arguments {'printer_width': '80', 'indirect_selection': 'eager', 'write_json': 'True', 'log_cache_events': 'False', 'partial_parse': 'True', 'cache_selected_only': 'False', 'profiles_dir': '/opt/airflow/dbt_project', 'fail_fast': 'False', 'warn_error': 'None', 'log_path': '/opt/airflow/dbt_project/logs', 'debug': 'False', 'version_check': 'True', 'use_colors': 'True', 'use_experimental_parser': 'False', 'no_print': 'None', 'quiet': 'False', 'log_format': 'default', 'invocation_command': 'dbt run --profiles-dir /opt/airflow/dbt_project --target duckdb', 'warn_error_options': 'WarnErrorOptions(include=[], exclude=[])', 'static_parser': 'True', 'target_path': 'None', 'introspect': 'True', 'send_anonymous_usage_stats': 'True'}
[0m06:09:41.466946 [info ] [MainThread]: Error importing adapter: No module named 'dbt.adapters.duckdb'
[0m06:09:41.470129 [error] [MainThread]: Encountered an error:
Runtime Error
  Credentials in profile "dbt_project", target "duckdb" invalid: Runtime Error
    Could not find adapter type duckdb!
[0m06:09:41.479606 [debug] [MainThread]: Resource report: {"command_name": "run", "command_wall_clock_time": 0.1780547, "process_user_time": 5.429579, "process_kernel_time": 1.364397, "process_mem_max_rss": "113832", "process_in_blocks": "27000", "process_out_blocks": "2816", "command_success": false}
[0m06:09:41.482755 [debug] [MainThread]: Command `dbt run` failed at 06:09:41.482361 after 0.18 seconds
[0m06:09:41.484728 [debug] [MainThread]: Sending event: {'category': 'dbt', 'action': 'invocation', 'label': 'end', 'context': [<snowplow_tracker.self_describing_json.SelfDescribingJson object at 0x7b45976f9a50>, <snowplow_tracker.self_describing_json.SelfDescribingJson object at 0x7b4594b0a830>, <snowplow_tracker.self_describing_json.SelfDescribingJson object at 0x7b4594b0b7f0>]}
[0m06:09:41.486920 [debug] [MainThread]: Flushing usage events
[0m06:12:25.266568 [debug] [MainThread]: Sending event: {'category': 'dbt', 'action': 'invocation', 'label': 'start', 'context': [<snowplow_tracker.self_describing_json.SelfDescribingJson object at 0x71c01ccfee60>, <snowplow_tracker.self_describing_json.SelfDescribingJson object at 0x71c01a2a83a0>, <snowplow_tracker.self_describing_json.SelfDescribingJson object at 0x71c01a2a8340>]}


============================== 06:12:25.274928 | 36bc7e2c-f077-43a1-b797-cbefca4fd90e ==============================
[0m06:12:25.274928 [info ] [MainThread]: Running with dbt=1.7.4
[0m06:12:25.277940 [debug] [MainThread]: running dbt with arguments {'printer_width': '80', 'indirect_selection': 'eager', 'write_json': 'True', 'log_cache_events': 'False', 'partial_parse': 'True', 'cache_selected_only': 'False', 'profiles_dir': '/opt/airflow/dbt_project', 'fail_fast': 'False', 'warn_error': 'None', 'log_path': '/opt/airflow/dbt_project/logs', 'debug': 'False', 'version_check': 'True', 'use_colors': 'True', 'use_experimental_parser': 'False', 'no_print': 'None', 'quiet': 'False', 'log_format': 'default', 'introspect': 'True', 'invocation_command': 'dbt run --profiles-dir /opt/airflow/dbt_project --project-dir /opt/airflow/dbt_project --target duckdb', 'warn_error_options': 'WarnErrorOptions(include=[], exclude=[])', 'target_path': 'None', 'static_parser': 'True', 'send_anonymous_usage_stats': 'True'}
[0m06:12:25.294760 [info ] [MainThread]: Error importing adapter: No module named 'dbt.adapters.duckdb'
[0m06:12:25.297616 [error] [MainThread]: Encountered an error:
Runtime Error
  Credentials in profile "dbt_project", target "duckdb" invalid: Runtime Error
    Could not find adapter type duckdb!
[0m06:12:25.301044 [debug] [MainThread]: Resource report: {"command_name": "run", "command_wall_clock_time": 0.12728521, "process_user_time": 4.322172, "process_kernel_time": 0.443402, "process_mem_max_rss": "113476", "command_success": false, "process_in_blocks": "0", "process_out_blocks": "0"}
[0m06:12:25.304499 [debug] [MainThread]: Command `dbt run` failed at 06:12:25.304150 after 0.13 seconds
[0m06:12:25.306390 [debug] [MainThread]: Sending event: {'category': 'dbt', 'action': 'invocation', 'label': 'end', 'context': [<snowplow_tracker.self_describing_json.SelfDescribingJson object at 0x71c01ccfee60>, <snowplow_tracker.self_describing_json.SelfDescribingJson object at 0x71c01a0ee740>, <snowplow_tracker.self_describing_json.SelfDescribingJson object at 0x71c01a0ef700>]}
[0m06:12:25.308924 [debug] [MainThread]: Flushing usage events
[0m06:23:43.146988 [debug] [MainThread]: Sending event: {'category': 'dbt', 'action': 'invocation', 'label': 'start', 'context': [<snowplow_tracker.self_describing_json.SelfDescribingJson object at 0x79d487e7a8c0>, <snowplow_tracker.self_describing_json.SelfDescribingJson object at 0x79d4853fc3a0>, <snowplow_tracker.self_describing_json.SelfDescribingJson object at 0x79d4853fc340>]}


============================== 06:23:43.165815 | 9959cbcf-1979-49df-98ff-8b24ff32d053 ==============================
[0m06:23:43.165815 [info ] [MainThread]: Running with dbt=1.7.4
[0m06:23:43.184507 [debug] [MainThread]: running dbt with arguments {'printer_width': '80', 'indirect_selection': 'eager', 'write_json': 'True', 'log_cache_events': 'False', 'partial_parse': 'True', 'cache_selected_only': 'False', 'profiles_dir': '/opt/airflow/dbt_project', 'debug': 'False', 'version_check': 'True', 'log_path': '/opt/airflow/dbt_project/logs', 'warn_error': 'None', 'fail_fast': 'False', 'use_colors': 'True', 'use_experimental_parser': 'False', 'no_print': 'None', 'quiet': 'False', 'warn_error_options': 'WarnErrorOptions(include=[], exclude=[])', 'static_parser': 'True', 'log_format': 'default', 'introspect': 'True', 'target_path': 'None', 'invocation_command': 'dbt run --profiles-dir /opt/airflow/dbt_project --target duckdb', 'send_anonymous_usage_stats': 'True'}
[0m06:23:44.094986 [debug] [MainThread]: Sending event: {'category': 'dbt', 'action': 'project_id', 'label': '9959cbcf-1979-49df-98ff-8b24ff32d053', 'context': [<snowplow_tracker.self_describing_json.SelfDescribingJson object at 0x79d486124370>]}
[0m06:23:44.461324 [debug] [MainThread]: Sending event: {'category': 'dbt', 'action': 'adapter_info', 'label': '9959cbcf-1979-49df-98ff-8b24ff32d053', 'context': [<snowplow_tracker.self_describing_json.SelfDescribingJson object at 0x79d480061090>]}
[0m06:23:44.466004 [info ] [MainThread]: Registered adapter: duckdb=1.7.0
[0m06:23:44.504516 [debug] [MainThread]: checksum: ea7b8aaba63cc705bdcff98a540e62951628d0e12fc6756ef067a1092e32f6a3, vars: {}, profile: , target: duckdb, version: 1.7.4
[0m06:23:44.515404 [info ] [MainThread]: Unable to do partial parsing because saved manifest not found. Starting full parse.
[0m06:23:44.521292 [debug] [MainThread]: Sending event: {'category': 'dbt', 'action': 'partial_parser', 'label': '9959cbcf-1979-49df-98ff-8b24ff32d053', 'context': [<snowplow_tracker.self_describing_json.SelfDescribingJson object at 0x79d4801f9690>]}
[0m06:23:50.648928 [error] [MainThread]: Encountered an error:
Compilation Error
  Model 'model.multidimensional_modelling.int_flight' (models/intermediate/int_flight.sql) depends on a source named 'flight_source.src_airport' which was not found
[0m06:23:50.660859 [debug] [MainThread]: Resource report: {"command_name": "run", "command_wall_clock_time": 7.716254, "process_user_time": 14.0208, "process_kernel_time": 2.268425, "process_mem_max_rss": "145368", "process_in_blocks": "14248", "process_out_blocks": "2072", "command_success": false}
[0m06:23:50.670901 [debug] [MainThread]: Command `dbt run` failed at 06:23:50.670329 after 7.73 seconds
[0m06:23:50.674574 [debug] [MainThread]: Sending event: {'category': 'dbt', 'action': 'invocation', 'label': 'end', 'context': [<snowplow_tracker.self_describing_json.SelfDescribingJson object at 0x79d487e7a8c0>, <snowplow_tracker.self_describing_json.SelfDescribingJson object at 0x79d4801fa320>, <snowplow_tracker.self_describing_json.SelfDescribingJson object at 0x79d47fe247c0>]}
[0m06:23:50.683243 [debug] [MainThread]: Flushing usage events
[0m13:31:43.137591 [debug] [MainThread]: Sending event: {'category': 'dbt', 'action': 'invocation', 'label': 'start', 'context': [<snowplow_tracker.self_describing_json.SelfDescribingJson object at 0x0000026D974D7650>, <snowplow_tracker.self_describing_json.SelfDescribingJson object at 0x0000026D961FF510>, <snowplow_tracker.self_describing_json.SelfDescribingJson object at 0x0000026D97491B90>]}


============================== 13:31:43.141249 | 30a50040-b62b-4b84-858c-2c52b23e212b ==============================
[0m13:31:43.141249 [info ] [MainThread]: Running with dbt=1.7.19
[0m13:31:43.141249 [debug] [MainThread]: running dbt with arguments {'printer_width': '80', 'indirect_selection': 'eager', 'write_json': 'True', 'log_cache_events': 'False', 'partial_parse': 'True', 'cache_selected_only': 'False', 'warn_error': 'None', 'version_check': 'True', 'debug': 'False', 'log_path': 'D:\\S2\\DWIB\\multidimensional-modelling\\airflow\\dbt_project\\logs', 'fail_fast': 'False', 'profiles_dir': 'D:\\S2\\DWIB\\multidimensional-modelling\\airflow\\dbt_project', 'use_colors': 'True', 'use_experimental_parser': 'False', 'no_print': 'None', 'quiet': 'False', 'warn_error_options': 'WarnErrorOptions(include=[], exclude=[])', 'introspect': 'True', 'log_format': 'default', 'static_parser': 'True', 'target_path': 'None', 'invocation_command': 'dbt test', 'send_anonymous_usage_stats': 'True'}
[0m13:31:43.723945 [debug] [MainThread]: Sending event: {'category': 'dbt', 'action': 'project_id', 'label': '30a50040-b62b-4b84-858c-2c52b23e212b', 'context': [<snowplow_tracker.self_describing_json.SelfDescribingJson object at 0x0000026D9752E910>]}
[0m13:31:43.817607 [debug] [MainThread]: Sending event: {'category': 'dbt', 'action': 'adapter_info', 'label': '30a50040-b62b-4b84-858c-2c52b23e212b', 'context': [<snowplow_tracker.self_describing_json.SelfDescribingJson object at 0x0000026D974FC810>]}
[0m13:31:43.817607 [info ] [MainThread]: Registered adapter: duckdb=1.7.0
[0m13:31:43.833250 [debug] [MainThread]: checksum: a8d43cdff37d0f32d7fbe4c5c25bea4bb6c86e162f8ce8fdb1a38cdcf7495431, vars: {}, profile: , target: , version: 1.7.19
[0m13:31:43.833250 [info ] [MainThread]: Unable to do partial parsing because saved manifest not found. Starting full parse.
[0m13:31:43.833250 [debug] [MainThread]: Sending event: {'category': 'dbt', 'action': 'partial_parser', 'label': '30a50040-b62b-4b84-858c-2c52b23e212b', 'context': [<snowplow_tracker.self_describing_json.SelfDescribingJson object at 0x0000026D974F7590>]}
[0m13:31:46.198395 [warn ] [MainThread]: [[33mWARNING[0m]: Did not find matching node for patch with name 'fact_segment_flight_activity' in the 'models' section of file 'models\marts\fact\schema.yml'
[0m13:31:46.198395 [warn ] [MainThread]: [[33mWARNING[0m]: Did not find matching node for patch with name 'hotel_fact_hotel_stay' in the 'models' section of file 'models\marts\fact\schema.yml'
[0m13:31:46.213078 [warn ] [MainThread]: [[33mWARNING[0m]: Did not find matching node for patch with name 'pay_fact_payment_transaction' in the 'models' section of file 'models\marts\fact\schema.yml'
[0m13:31:46.217535 [warn ] [MainThread]: [[33mWARNING[0m]: Did not find matching node for patch with name 'car_fact_rental_activity' in the 'models' section of file 'models\marts\fact\schema.yml'
[0m13:31:46.275425 [error] [MainThread]: Encountered an error:
Compilation Error
  dbt found two sources with the name "flight_source_aircraft".
  
  Since these resources have the same name, dbt will be unable to find the correct resource
  when looking for source("flight_source", "aircraft").
  
  To fix this, change the name of one of these resources:
  - source.multidimensional_modelling.flight_source.aircraft (models\staging\schema.yml)
  - source.multidimensional_modelling.flight_source.aircraft (models\source.yml)
[0m13:31:46.275425 [debug] [MainThread]: Command `dbt test` failed at 13:31:46.275425 after 3.26 seconds
[0m13:31:46.275425 [debug] [MainThread]: Sending event: {'category': 'dbt', 'action': 'invocation', 'label': 'end', 'context': [<snowplow_tracker.self_describing_json.SelfDescribingJson object at 0x0000026D96FAC710>, <snowplow_tracker.self_describing_json.SelfDescribingJson object at 0x0000026D98B31ED0>, <snowplow_tracker.self_describing_json.SelfDescribingJson object at 0x0000026D989E3990>]}
[0m13:31:46.275425 [debug] [MainThread]: Flushing usage events
[0m13:33:00.182290 [debug] [MainThread]: Sending event: {'category': 'dbt', 'action': 'invocation', 'label': 'start', 'context': [<snowplow_tracker.self_describing_json.SelfDescribingJson object at 0x000001B60DAFAA10>, <snowplow_tracker.self_describing_json.SelfDescribingJson object at 0x000001B60DAFAD50>, <snowplow_tracker.self_describing_json.SelfDescribingJson object at 0x000001B60DAFA910>]}


============================== 13:33:00.182290 | 9e83f1a8-18bc-4ce7-bf38-074268c73fc1 ==============================
[0m13:33:00.182290 [info ] [MainThread]: Running with dbt=1.7.19
[0m13:33:00.182290 [debug] [MainThread]: running dbt with arguments {'printer_width': '80', 'indirect_selection': 'eager', 'log_cache_events': 'False', 'write_json': 'True', 'partial_parse': 'True', 'cache_selected_only': 'False', 'warn_error': 'None', 'version_check': 'True', 'fail_fast': 'False', 'log_path': 'D:\\S2\\DWIB\\multidimensional-modelling\\airflow\\dbt_project\\logs', 'debug': 'False', 'profiles_dir': 'D:\\S2\\DWIB\\multidimensional-modelling\\airflow\\dbt_project', 'use_colors': 'True', 'use_experimental_parser': 'False', 'no_print': 'None', 'quiet': 'False', 'log_format': 'default', 'static_parser': 'True', 'warn_error_options': 'WarnErrorOptions(include=[], exclude=[])', 'invocation_command': 'dbt test', 'target_path': 'None', 'introspect': 'True', 'send_anonymous_usage_stats': 'True'}
[0m13:33:00.557225 [debug] [MainThread]: Sending event: {'category': 'dbt', 'action': 'project_id', 'label': '9e83f1a8-18bc-4ce7-bf38-074268c73fc1', 'context': [<snowplow_tracker.self_describing_json.SelfDescribingJson object at 0x000001B60DB9E490>]}
[0m13:33:00.641265 [debug] [MainThread]: Sending event: {'category': 'dbt', 'action': 'adapter_info', 'label': '9e83f1a8-18bc-4ce7-bf38-074268c73fc1', 'context': [<snowplow_tracker.self_describing_json.SelfDescribingJson object at 0x000001B60DB21E50>]}
[0m13:33:00.641265 [info ] [MainThread]: Registered adapter: duckdb=1.7.0
[0m13:33:00.656888 [debug] [MainThread]: checksum: a8d43cdff37d0f32d7fbe4c5c25bea4bb6c86e162f8ce8fdb1a38cdcf7495431, vars: {}, profile: , target: , version: 1.7.19
[0m13:33:00.656888 [info ] [MainThread]: Unable to do partial parsing because saved manifest not found. Starting full parse.
[0m13:33:00.656888 [debug] [MainThread]: Sending event: {'category': 'dbt', 'action': 'partial_parser', 'label': '9e83f1a8-18bc-4ce7-bf38-074268c73fc1', 'context': [<snowplow_tracker.self_describing_json.SelfDescribingJson object at 0x000001B60DB9F7D0>]}
[0m13:33:02.973067 [error] [MainThread]: Encountered an error:
Compilation Error
  dbt found two sources with the name "flight_source_aircraft".
  
  Since these resources have the same name, dbt will be unable to find the correct resource
  when looking for source("flight_source", "aircraft").
  
  To fix this, change the name of one of these resources:
  - source.multidimensional_modelling.flight_source.aircraft (models\staging\schema.yml)
  - source.multidimensional_modelling.flight_source.aircraft (models\source.yml)
[0m13:33:02.973067 [debug] [MainThread]: Command `dbt test` failed at 13:33:02.973067 after 2.96 seconds
[0m13:33:02.973067 [debug] [MainThread]: Sending event: {'category': 'dbt', 'action': 'invocation', 'label': 'end', 'context': [<snowplow_tracker.self_describing_json.SelfDescribingJson object at 0x000001B60DB5E5D0>, <snowplow_tracker.self_describing_json.SelfDescribingJson object at 0x000001B60ED202D0>, <snowplow_tracker.self_describing_json.SelfDescribingJson object at 0x000001B608700990>]}
[0m13:33:02.988580 [debug] [MainThread]: Flushing usage events
[0m13:35:36.888833 [debug] [MainThread]: Sending event: {'category': 'dbt', 'action': 'invocation', 'label': 'start', 'context': [<snowplow_tracker.self_describing_json.SelfDescribingJson object at 0x0000022F008CEB90>, <snowplow_tracker.self_describing_json.SelfDescribingJson object at 0x0000022F008E79D0>, <snowplow_tracker.self_describing_json.SelfDescribingJson object at 0x0000022F008CE490>]}


============================== 13:35:36.904456 | e45cfa37-9982-4e07-a976-fecb1c0c490e ==============================
[0m13:35:36.904456 [info ] [MainThread]: Running with dbt=1.7.19
[0m13:35:36.904456 [debug] [MainThread]: running dbt with arguments {'printer_width': '80', 'indirect_selection': 'eager', 'log_cache_events': 'False', 'write_json': 'True', 'partial_parse': 'True', 'cache_selected_only': 'False', 'profiles_dir': 'D:\\S2\\DWIB\\multidimensional-modelling\\airflow\\dbt_project', 'debug': 'False', 'warn_error': 'None', 'log_path': 'D:\\S2\\DWIB\\multidimensional-modelling\\airflow\\dbt_project\\logs', 'fail_fast': 'False', 'version_check': 'True', 'use_colors': 'True', 'use_experimental_parser': 'False', 'no_print': 'None', 'quiet': 'False', 'warn_error_options': 'WarnErrorOptions(include=[], exclude=[])', 'introspect': 'True', 'invocation_command': 'dbt test', 'static_parser': 'True', 'target_path': 'None', 'log_format': 'default', 'send_anonymous_usage_stats': 'True'}
[0m13:35:37.533798 [debug] [MainThread]: Sending event: {'category': 'dbt', 'action': 'project_id', 'label': 'e45cfa37-9982-4e07-a976-fecb1c0c490e', 'context': [<snowplow_tracker.self_describing_json.SelfDescribingJson object at 0x0000022F009DDE10>]}
[0m13:35:37.660295 [debug] [MainThread]: Sending event: {'category': 'dbt', 'action': 'adapter_info', 'label': 'e45cfa37-9982-4e07-a976-fecb1c0c490e', 'context': [<snowplow_tracker.self_describing_json.SelfDescribingJson object at 0x0000022F019FAD10>]}
[0m13:35:37.675805 [info ] [MainThread]: Registered adapter: duckdb=1.7.0
[0m13:35:37.691445 [debug] [MainThread]: checksum: a8d43cdff37d0f32d7fbe4c5c25bea4bb6c86e162f8ce8fdb1a38cdcf7495431, vars: {}, profile: , target: , version: 1.7.19
[0m13:35:37.691445 [info ] [MainThread]: Unable to do partial parsing because saved manifest not found. Starting full parse.
[0m13:35:37.691445 [debug] [MainThread]: Sending event: {'category': 'dbt', 'action': 'partial_parser', 'label': 'e45cfa37-9982-4e07-a976-fecb1c0c490e', 'context': [<snowplow_tracker.self_describing_json.SelfDescribingJson object at 0x0000022F0092CFD0>]}
[0m13:35:40.314341 [error] [MainThread]: Encountered an error:
Compilation Error
  Model 'model.multidimensional_modelling.int_hotel' (models\intermediate\int_hotel.sql) depends on a source named 'payment_source.src_currency' which was not found
[0m13:35:40.316326 [debug] [MainThread]: Command `dbt test` failed at 13:35:40.316326 after 3.56 seconds
[0m13:35:40.316326 [debug] [MainThread]: Sending event: {'category': 'dbt', 'action': 'invocation', 'label': 'end', 'context': [<snowplow_tracker.self_describing_json.SelfDescribingJson object at 0x0000022F00881650>, <snowplow_tracker.self_describing_json.SelfDescribingJson object at 0x0000022F7B463C90>, <snowplow_tracker.self_describing_json.SelfDescribingJson object at 0x0000022F7B463C50>]}
[0m13:35:40.316326 [debug] [MainThread]: Flushing usage events
[0m13:40:09.058828 [debug] [MainThread]: Sending event: {'category': 'dbt', 'action': 'invocation', 'label': 'start', 'context': [<snowplow_tracker.self_describing_json.SelfDescribingJson object at 0x000001B9F5EA3110>, <snowplow_tracker.self_describing_json.SelfDescribingJson object at 0x000001B9F5EF2790>, <snowplow_tracker.self_describing_json.SelfDescribingJson object at 0x000001B9F5EBFB50>]}


============================== 13:40:09.058828 | c9fcd3e8-db4d-466c-aaef-9a483f3eeef3 ==============================
[0m13:40:09.058828 [info ] [MainThread]: Running with dbt=1.7.19
[0m13:40:09.073840 [debug] [MainThread]: running dbt with arguments {'printer_width': '80', 'indirect_selection': 'eager', 'write_json': 'True', 'log_cache_events': 'False', 'partial_parse': 'True', 'cache_selected_only': 'False', 'warn_error': 'None', 'fail_fast': 'False', 'version_check': 'True', 'log_path': 'D:\\S2\\DWIB\\multidimensional-modelling\\airflow\\dbt_project\\logs', 'debug': 'False', 'profiles_dir': 'D:\\S2\\DWIB\\multidimensional-modelling\\airflow\\dbt_project', 'use_colors': 'True', 'use_experimental_parser': 'False', 'no_print': 'None', 'quiet': 'False', 'log_format': 'default', 'introspect': 'True', 'static_parser': 'True', 'invocation_command': 'dbt test', 'target_path': 'None', 'warn_error_options': 'WarnErrorOptions(include=[], exclude=[])', 'send_anonymous_usage_stats': 'True'}
[0m13:40:09.577602 [debug] [MainThread]: Sending event: {'category': 'dbt', 'action': 'project_id', 'label': 'c9fcd3e8-db4d-466c-aaef-9a483f3eeef3', 'context': [<snowplow_tracker.self_describing_json.SelfDescribingJson object at 0x000001B9F705B590>]}
[0m13:40:09.673197 [debug] [MainThread]: Sending event: {'category': 'dbt', 'action': 'adapter_info', 'label': 'c9fcd3e8-db4d-466c-aaef-9a483f3eeef3', 'context': [<snowplow_tracker.self_describing_json.SelfDescribingJson object at 0x000001B9F701AA50>]}
[0m13:40:09.673197 [info ] [MainThread]: Registered adapter: duckdb=1.7.0
[0m13:40:09.688843 [debug] [MainThread]: checksum: a8d43cdff37d0f32d7fbe4c5c25bea4bb6c86e162f8ce8fdb1a38cdcf7495431, vars: {}, profile: , target: , version: 1.7.19
[0m13:40:09.688843 [info ] [MainThread]: Unable to do partial parsing because saved manifest not found. Starting full parse.
[0m13:40:09.688843 [debug] [MainThread]: Sending event: {'category': 'dbt', 'action': 'partial_parser', 'label': 'c9fcd3e8-db4d-466c-aaef-9a483f3eeef3', 'context': [<snowplow_tracker.self_describing_json.SelfDescribingJson object at 0x000001B9F70D0690>]}
[0m13:40:11.838420 [error] [MainThread]: Encountered an error:
Compilation Error
  Model 'model.multidimensional_modelling.dim_booking_channel' (models\marts\dim\dim_booking_channel.sql) depends on a node named 'stg_booking_chanel' which was not found
[0m13:40:11.852548 [debug] [MainThread]: Command `dbt test` failed at 13:40:11.850456 after 2.91 seconds
[0m13:40:11.852548 [debug] [MainThread]: Sending event: {'category': 'dbt', 'action': 'invocation', 'label': 'end', 'context': [<snowplow_tracker.self_describing_json.SelfDescribingJson object at 0x000001B9F5EA7690>, <snowplow_tracker.self_describing_json.SelfDescribingJson object at 0x000001B9F752CCD0>, <snowplow_tracker.self_describing_json.SelfDescribingJson object at 0x000001B9F069B310>]}
[0m13:40:11.854070 [debug] [MainThread]: Flushing usage events
[0m13:41:13.553995 [debug] [MainThread]: Sending event: {'category': 'dbt', 'action': 'invocation', 'label': 'start', 'context': [<snowplow_tracker.self_describing_json.SelfDescribingJson object at 0x000001DC70E23250>, <snowplow_tracker.self_describing_json.SelfDescribingJson object at 0x000001DC70E86810>, <snowplow_tracker.self_describing_json.SelfDescribingJson object at 0x000001DC70288410>]}


============================== 13:41:13.553995 | e0195a6b-b15a-4c69-bbc5-47de5a95c178 ==============================
[0m13:41:13.553995 [info ] [MainThread]: Running with dbt=1.7.19
[0m13:41:13.553995 [debug] [MainThread]: running dbt with arguments {'printer_width': '80', 'indirect_selection': 'eager', 'log_cache_events': 'False', 'write_json': 'True', 'partial_parse': 'True', 'cache_selected_only': 'False', 'warn_error': 'None', 'debug': 'False', 'fail_fast': 'False', 'log_path': 'D:\\S2\\DWIB\\multidimensional-modelling\\airflow\\dbt_project\\logs', 'profiles_dir': 'D:\\S2\\DWIB\\multidimensional-modelling\\airflow\\dbt_project', 'version_check': 'True', 'use_colors': 'True', 'use_experimental_parser': 'False', 'no_print': 'None', 'quiet': 'False', 'log_format': 'default', 'invocation_command': 'dbt test', 'warn_error_options': 'WarnErrorOptions(include=[], exclude=[])', 'static_parser': 'True', 'target_path': 'None', 'introspect': 'True', 'send_anonymous_usage_stats': 'True'}
[0m13:41:13.900842 [debug] [MainThread]: Sending event: {'category': 'dbt', 'action': 'project_id', 'label': 'e0195a6b-b15a-4c69-bbc5-47de5a95c178', 'context': [<snowplow_tracker.self_describing_json.SelfDescribingJson object at 0x000001DC70EDAED0>]}
[0m13:41:13.978883 [debug] [MainThread]: Sending event: {'category': 'dbt', 'action': 'adapter_info', 'label': 'e0195a6b-b15a-4c69-bbc5-47de5a95c178', 'context': [<snowplow_tracker.self_describing_json.SelfDescribingJson object at 0x000001DC708A4AD0>]}
[0m13:41:13.978883 [info ] [MainThread]: Registered adapter: duckdb=1.7.0
[0m13:41:13.994527 [debug] [MainThread]: checksum: a8d43cdff37d0f32d7fbe4c5c25bea4bb6c86e162f8ce8fdb1a38cdcf7495431, vars: {}, profile: , target: , version: 1.7.19
[0m13:41:14.010133 [info ] [MainThread]: Unable to do partial parsing because saved manifest not found. Starting full parse.
[0m13:41:14.018608 [debug] [MainThread]: Sending event: {'category': 'dbt', 'action': 'partial_parser', 'label': 'e0195a6b-b15a-4c69-bbc5-47de5a95c178', 'context': [<snowplow_tracker.self_describing_json.SelfDescribingJson object at 0x000001DC70EC8D90>]}
[0m13:41:16.221651 [error] [MainThread]: Encountered an error:
Compilation Error
  Model 'model.multidimensional_modelling.dim_currency' (models\marts\dim\dim_currency.sql) depends on a node named 'stg_currncy' which was not found
[0m13:41:16.221651 [debug] [MainThread]: Command `dbt test` failed at 13:41:16.221651 after 2.79 seconds
[0m13:41:16.221651 [debug] [MainThread]: Sending event: {'category': 'dbt', 'action': 'invocation', 'label': 'end', 'context': [<snowplow_tracker.self_describing_json.SelfDescribingJson object at 0x000001DC6B9C3C90>, <snowplow_tracker.self_describing_json.SelfDescribingJson object at 0x000001DC6B9C3C50>, <snowplow_tracker.self_describing_json.SelfDescribingJson object at 0x000001DC70E25810>]}
[0m13:41:16.221651 [debug] [MainThread]: Flushing usage events
[0m13:41:40.857616 [debug] [MainThread]: Sending event: {'category': 'dbt', 'action': 'invocation', 'label': 'start', 'context': [<snowplow_tracker.self_describing_json.SelfDescribingJson object at 0x000001C5D8056B10>, <snowplow_tracker.self_describing_json.SelfDescribingJson object at 0x000001C5D80B6810>, <snowplow_tracker.self_describing_json.SelfDescribingJson object at 0x000001C5D8054B10>]}


============================== 13:41:40.857616 | 726e2a42-10c0-4585-99e7-951e2a89f86b ==============================
[0m13:41:40.857616 [info ] [MainThread]: Running with dbt=1.7.19
[0m13:41:40.857616 [debug] [MainThread]: running dbt with arguments {'printer_width': '80', 'indirect_selection': 'eager', 'write_json': 'True', 'log_cache_events': 'False', 'partial_parse': 'True', 'cache_selected_only': 'False', 'profiles_dir': 'D:\\S2\\DWIB\\multidimensional-modelling\\airflow\\dbt_project', 'fail_fast': 'False', 'debug': 'False', 'log_path': 'D:\\S2\\DWIB\\multidimensional-modelling\\airflow\\dbt_project\\logs', 'warn_error': 'None', 'version_check': 'True', 'use_colors': 'True', 'use_experimental_parser': 'False', 'no_print': 'None', 'quiet': 'False', 'log_format': 'default', 'introspect': 'True', 'warn_error_options': 'WarnErrorOptions(include=[], exclude=[])', 'static_parser': 'True', 'target_path': 'None', 'invocation_command': 'dbt test', 'send_anonymous_usage_stats': 'True'}
[0m13:41:41.187261 [debug] [MainThread]: Sending event: {'category': 'dbt', 'action': 'project_id', 'label': '726e2a42-10c0-4585-99e7-951e2a89f86b', 'context': [<snowplow_tracker.self_describing_json.SelfDescribingJson object at 0x000001C5D8115090>]}
[0m13:41:41.280927 [debug] [MainThread]: Sending event: {'category': 'dbt', 'action': 'adapter_info', 'label': '726e2a42-10c0-4585-99e7-951e2a89f86b', 'context': [<snowplow_tracker.self_describing_json.SelfDescribingJson object at 0x000001C5D6C72390>]}
[0m13:41:41.280927 [info ] [MainThread]: Registered adapter: duckdb=1.7.0
[0m13:41:41.296544 [debug] [MainThread]: checksum: a8d43cdff37d0f32d7fbe4c5c25bea4bb6c86e162f8ce8fdb1a38cdcf7495431, vars: {}, profile: , target: , version: 1.7.19
[0m13:41:41.296544 [info ] [MainThread]: Unable to do partial parsing because saved manifest not found. Starting full parse.
[0m13:41:41.296544 [debug] [MainThread]: Sending event: {'category': 'dbt', 'action': 'partial_parser', 'label': '726e2a42-10c0-4585-99e7-951e2a89f86b', 'context': [<snowplow_tracker.self_describing_json.SelfDescribingJson object at 0x000001C5D80D5110>]}
[0m13:41:43.821339 [debug] [MainThread]: Sending event: {'category': 'dbt', 'action': 'load_project', 'label': '726e2a42-10c0-4585-99e7-951e2a89f86b', 'context': [<snowplow_tracker.self_describing_json.SelfDescribingJson object at 0x000001C5D97399D0>]}
[0m13:41:43.836962 [debug] [MainThread]: Sending event: {'category': 'dbt', 'action': 'resource_counts', 'label': '726e2a42-10c0-4585-99e7-951e2a89f86b', 'context': [<snowplow_tracker.self_describing_json.SelfDescribingJson object at 0x000001C5D984FD90>]}
[0m13:41:43.836962 [info ] [MainThread]: Found 38 models, 40 tests, 37 sources, 0 exposures, 0 metrics, 430 macros, 0 groups, 0 semantic models
[0m13:41:43.852588 [debug] [MainThread]: Sending event: {'category': 'dbt', 'action': 'runnable_timing', 'label': '726e2a42-10c0-4585-99e7-951e2a89f86b', 'context': [<snowplow_tracker.self_describing_json.SelfDescribingJson object at 0x000001C5D9490450>]}
[0m13:41:43.852588 [info ] [MainThread]: 
[0m13:41:43.852588 [debug] [MainThread]: Acquiring new duckdb connection 'master'
[0m13:41:43.868216 [debug] [ThreadPool]: Acquiring new duckdb connection 'list_warehouse_staging'
[0m13:41:43.883839 [debug] [ThreadPool]: Using duckdb connection "list_warehouse_staging"
[0m13:41:43.883839 [debug] [ThreadPool]: On list_warehouse_staging: BEGIN
[0m13:41:43.883839 [debug] [ThreadPool]: Opening a new connection, currently in state init
[0m13:41:49.443966 [debug] [MainThread]: Connection 'master' was properly closed.
[0m13:41:49.443966 [debug] [MainThread]: Connection 'list_warehouse_staging' was properly closed.
[0m13:41:49.443966 [info ] [MainThread]: 
[0m13:41:49.443966 [info ] [MainThread]: Finished running  in 0 hours 0 minutes and 5.59 seconds (5.59s).
[0m13:41:49.443966 [error] [MainThread]: Encountered an error:
Runtime Error
  IO Error: Cannot open file "//opt/airflow/dbt_project/warehouse.duckdb": The network path was not found.
  
[0m13:41:49.443966 [debug] [MainThread]: Command `dbt test` failed at 13:41:49.443966 after 8.71 seconds
[0m13:41:49.443966 [debug] [MainThread]: Sending event: {'category': 'dbt', 'action': 'invocation', 'label': 'end', 'context': [<snowplow_tracker.self_describing_json.SelfDescribingJson object at 0x000001C5D6EC20D0>, <snowplow_tracker.self_describing_json.SelfDescribingJson object at 0x000001C5D6911E10>, <snowplow_tracker.self_describing_json.SelfDescribingJson object at 0x000001C5D9712D10>]}
[0m13:41:49.443966 [debug] [MainThread]: Flushing usage events
[0m13:44:23.990220 [debug] [MainThread]: Sending event: {'category': 'dbt', 'action': 'invocation', 'label': 'start', 'context': [<snowplow_tracker.self_describing_json.SelfDescribingJson object at 0x000002090DC31A50>, <snowplow_tracker.self_describing_json.SelfDescribingJson object at 0x000002090D068350>, <snowplow_tracker.self_describing_json.SelfDescribingJson object at 0x000002090DC30410>]}


============================== 13:44:23.990220 | 0d95dd03-3929-4772-81e6-250e6ebe1b9a ==============================
[0m13:44:23.990220 [info ] [MainThread]: Running with dbt=1.7.19
[0m13:44:23.990220 [debug] [MainThread]: running dbt with arguments {'printer_width': '80', 'indirect_selection': 'eager', 'write_json': 'True', 'log_cache_events': 'False', 'partial_parse': 'True', 'cache_selected_only': 'False', 'warn_error': 'None', 'version_check': 'True', 'profiles_dir': 'D:\\S2\\DWIB\\multidimensional-modelling\\airflow\\dbt_project', 'log_path': 'D:\\S2\\DWIB\\multidimensional-modelling\\airflow\\dbt_project\\logs', 'fail_fast': 'False', 'debug': 'False', 'use_colors': 'True', 'use_experimental_parser': 'False', 'no_print': 'None', 'quiet': 'False', 'warn_error_options': 'WarnErrorOptions(include=[], exclude=[])', 'introspect': 'True', 'static_parser': 'True', 'invocation_command': 'dbt test', 'target_path': 'None', 'log_format': 'default', 'send_anonymous_usage_stats': 'True'}
[0m13:44:24.448444 [debug] [MainThread]: Sending event: {'category': 'dbt', 'action': 'project_id', 'label': '0d95dd03-3929-4772-81e6-250e6ebe1b9a', 'context': [<snowplow_tracker.self_describing_json.SelfDescribingJson object at 0x000002090DC99A90>]}
[0m13:44:24.526170 [debug] [MainThread]: Sending event: {'category': 'dbt', 'action': 'adapter_info', 'label': '0d95dd03-3929-4772-81e6-250e6ebe1b9a', 'context': [<snowplow_tracker.self_describing_json.SelfDescribingJson object at 0x000002090EDC72D0>]}
[0m13:44:24.526170 [info ] [MainThread]: Registered adapter: duckdb=1.7.0
[0m13:44:24.544852 [debug] [MainThread]: checksum: a8d43cdff37d0f32d7fbe4c5c25bea4bb6c86e162f8ce8fdb1a38cdcf7495431, vars: {}, profile: , target: , version: 1.7.19
[0m13:44:24.558512 [info ] [MainThread]: Unable to do partial parsing because profile has changed
[0m13:44:24.573529 [debug] [MainThread]: Sending event: {'category': 'dbt', 'action': 'partial_parser', 'label': '0d95dd03-3929-4772-81e6-250e6ebe1b9a', 'context': [<snowplow_tracker.self_describing_json.SelfDescribingJson object at 0x000002090EFFD090>]}
[0m13:44:26.795108 [debug] [MainThread]: Sending event: {'category': 'dbt', 'action': 'load_project', 'label': '0d95dd03-3929-4772-81e6-250e6ebe1b9a', 'context': [<snowplow_tracker.self_describing_json.SelfDescribingJson object at 0x000002090DCBC0D0>]}
[0m13:44:26.831361 [debug] [MainThread]: Sending event: {'category': 'dbt', 'action': 'resource_counts', 'label': '0d95dd03-3929-4772-81e6-250e6ebe1b9a', 'context': [<snowplow_tracker.self_describing_json.SelfDescribingJson object at 0x000002090F3EBE50>]}
[0m13:44:26.831361 [info ] [MainThread]: Found 38 models, 40 tests, 37 sources, 0 exposures, 0 metrics, 430 macros, 0 groups, 0 semantic models
[0m13:44:26.831361 [debug] [MainThread]: Sending event: {'category': 'dbt', 'action': 'runnable_timing', 'label': '0d95dd03-3929-4772-81e6-250e6ebe1b9a', 'context': [<snowplow_tracker.self_describing_json.SelfDescribingJson object at 0x000002090F1A21D0>]}
[0m13:44:26.843142 [info ] [MainThread]: 
[0m13:44:26.843142 [debug] [MainThread]: Acquiring new duckdb connection 'master'
[0m13:44:26.843142 [debug] [ThreadPool]: Acquiring new duckdb connection 'list_warehouse_staging'
[0m13:44:26.858157 [debug] [ThreadPool]: Using duckdb connection "list_warehouse_staging"
[0m13:44:26.858157 [debug] [ThreadPool]: On list_warehouse_staging: BEGIN
[0m13:44:26.858157 [debug] [ThreadPool]: Opening a new connection, currently in state init
[0m13:44:26.889421 [debug] [MainThread]: Connection 'master' was properly closed.
[0m13:44:26.889421 [debug] [MainThread]: Connection 'list_warehouse_staging' was properly closed.
[0m13:44:26.889421 [info ] [MainThread]: 
[0m13:44:26.889421 [info ] [MainThread]: Finished running  in 0 hours 0 minutes and 0.05 seconds (0.05s).
[0m13:44:26.889421 [error] [MainThread]: Encountered an error:
Runtime Error
  IO Error: Cannot open file "D:\S2\DWIB\multidimensional-modelling\airflow\dbt_project\opt\airflow\dbt_project\warehouse.duckdb": The system cannot find the path specified.
  
[0m13:44:26.889421 [debug] [MainThread]: Command `dbt test` failed at 13:44:26.889421 after 3.16 seconds
[0m13:44:26.889421 [debug] [MainThread]: Sending event: {'category': 'dbt', 'action': 'invocation', 'label': 'end', 'context': [<snowplow_tracker.self_describing_json.SelfDescribingJson object at 0x00000209087A3C90>, <snowplow_tracker.self_describing_json.SelfDescribingJson object at 0x000002090F2A52D0>, <snowplow_tracker.self_describing_json.SelfDescribingJson object at 0x000002090DC313D0>]}
[0m13:44:26.889421 [debug] [MainThread]: Flushing usage events
[0m06:52:24.886302 [debug] [MainThread]: Sending event: {'category': 'dbt', 'action': 'invocation', 'label': 'start', 'context': [<snowplow_tracker.self_describing_json.SelfDescribingJson object at 0x714aad4fae30>, <snowplow_tracker.self_describing_json.SelfDescribingJson object at 0x714aaa46c3a0>, <snowplow_tracker.self_describing_json.SelfDescribingJson object at 0x714aaa46c340>]}


============================== 06:52:24.894845 | 05174268-8ff9-47f7-b1e5-c839753aee5c ==============================
[0m06:52:24.894845 [info ] [MainThread]: Running with dbt=1.7.4
[0m06:52:24.898376 [debug] [MainThread]: running dbt with arguments {'printer_width': '80', 'indirect_selection': 'eager', 'write_json': 'True', 'log_cache_events': 'False', 'partial_parse': 'True', 'cache_selected_only': 'False', 'warn_error': 'None', 'fail_fast': 'False', 'profiles_dir': '.', 'log_path': '/opt/airflow/dbt_project/logs', 'version_check': 'True', 'debug': 'False', 'use_colors': 'True', 'use_experimental_parser': 'False', 'no_print': 'None', 'quiet': 'False', 'log_format': 'default', 'introspect': 'True', 'invocation_command': 'dbt debug --profiles-dir .', 'static_parser': 'True', 'target_path': 'None', 'warn_error_options': 'WarnErrorOptions(include=[], exclude=[])', 'send_anonymous_usage_stats': 'True'}
[0m06:52:24.902855 [info ] [MainThread]: dbt version: 1.7.4
[0m06:52:24.905688 [info ] [MainThread]: python version: 3.10.13
[0m06:52:24.908553 [info ] [MainThread]: python path: /usr/local/bin/python
[0m06:52:24.910971 [info ] [MainThread]: os info: Linux-6.6.114.1-microsoft-standard-WSL2-x86_64-with-glibc2.31
[0m06:52:25.166595 [info ] [MainThread]: Using profiles dir at .
[0m06:52:25.170897 [info ] [MainThread]: Using profiles.yml file at ./profiles.yml
[0m06:52:25.175228 [info ] [MainThread]: Using dbt_project.yml file at /opt/airflow/dbt_project/dbt_project.yml
[0m06:52:25.180532 [info ] [MainThread]: adapter type: duckdb
[0m06:52:25.183128 [info ] [MainThread]: adapter version: 1.7.0
[0m06:52:25.322551 [info ] [MainThread]: Configuration:
[0m06:52:25.325774 [info ] [MainThread]:   profiles.yml file [[32mOK found and valid[0m]
[0m06:52:25.329731 [info ] [MainThread]:   dbt_project.yml file [[32mOK found and valid[0m]
[0m06:52:25.333107 [info ] [MainThread]: Required dependencies:
[0m06:52:25.336067 [debug] [MainThread]: Executing "git --help"
[0m06:52:25.347988 [debug] [MainThread]: STDOUT: "b"usage: git [--version] [--help] [-C <path>] [-c <name>=<value>]\n           [--exec-path[=<path>]] [--html-path] [--man-path] [--info-path]\n           [-p | --paginate | -P | --no-pager] [--no-replace-objects] [--bare]\n           [--git-dir=<path>] [--work-tree=<path>] [--namespace=<name>]\n           <command> [<args>]\n\nThese are common Git commands used in various situations:\n\nstart a working area (see also: git help tutorial)\n   clone             Clone a repository into a new directory\n   init              Create an empty Git repository or reinitialize an existing one\n\nwork on the current change (see also: git help everyday)\n   add               Add file contents to the index\n   mv                Move or rename a file, a directory, or a symlink\n   restore           Restore working tree files\n   rm                Remove files from the working tree and from the index\n   sparse-checkout   Initialize and modify the sparse-checkout\n\nexamine the history and state (see also: git help revisions)\n   bisect            Use binary search to find the commit that introduced a bug\n   diff              Show changes between commits, commit and working tree, etc\n   grep              Print lines matching a pattern\n   log               Show commit logs\n   show              Show various types of objects\n   status            Show the working tree status\n\ngrow, mark and tweak your common history\n   branch            List, create, or delete branches\n   commit            Record changes to the repository\n   merge             Join two or more development histories together\n   rebase            Reapply commits on top of another base tip\n   reset             Reset current HEAD to the specified state\n   switch            Switch branches\n   tag               Create, list, delete or verify a tag object signed with GPG\n\ncollaborate (see also: git help workflows)\n   fetch             Download objects and refs from another repository\n   pull              Fetch from and integrate with another repository or a local branch\n   push              Update remote refs along with associated objects\n\n'git help -a' and 'git help -g' list available subcommands and some\nconcept guides. See 'git help <command>' or 'git help <concept>'\nto read about a specific subcommand or concept.\nSee 'git help git' for an overview of the system.\n""
[0m06:52:25.350711 [debug] [MainThread]: STDERR: "b''"
[0m06:52:25.353105 [info ] [MainThread]:  - git [[32mOK found[0m]

[0m06:52:25.355989 [info ] [MainThread]: Connection:
[0m06:52:25.358818 [info ] [MainThread]:   database: warehouse
[0m06:52:25.362419 [info ] [MainThread]:   schema: staging
[0m06:52:25.365730 [info ] [MainThread]:   path: /opt/airflow/dbt_project/warehouse.duckdb
[0m06:52:25.368771 [info ] [MainThread]:   config_options: None
[0m06:52:25.371553 [info ] [MainThread]:   extensions: None
[0m06:52:25.374269 [info ] [MainThread]:   settings: None
[0m06:52:25.382592 [info ] [MainThread]:   external_root: .
[0m06:52:25.385688 [info ] [MainThread]:   use_credential_provider: None
[0m06:52:25.388675 [info ] [MainThread]:   attach: None
[0m06:52:25.392047 [info ] [MainThread]:   filesystems: None
[0m06:52:25.396212 [info ] [MainThread]:   remote: None
[0m06:52:25.399426 [info ] [MainThread]:   plugins: None
[0m06:52:25.402612 [info ] [MainThread]:   disable_transactions: False
[0m06:52:25.409277 [info ] [MainThread]: Registered adapter: duckdb=1.7.0
[0m06:52:25.415380 [debug] [MainThread]: Acquiring new duckdb connection 'debug'
[0m06:52:25.418111 [debug] [MainThread]: Using duckdb connection "debug"
[0m06:52:25.420856 [debug] [MainThread]: On debug: select 1 as id
[0m06:52:25.423826 [debug] [MainThread]: Opening a new connection, currently in state init
[0m06:52:25.549750 [debug] [MainThread]: SQL status: OK in 0.0 seconds
[0m06:52:25.558258 [debug] [MainThread]: On debug: Close
[0m06:52:25.570445 [info ] [MainThread]:   Connection test: [[32mOK connection ok[0m]

[0m06:52:25.574596 [info ] [MainThread]: [32mAll checks passed![0m
[0m06:52:25.580576 [debug] [MainThread]: Resource report: {"command_name": "debug", "command_success": true, "command_wall_clock_time": 0.78929305, "process_user_time": 5.42304, "process_kernel_time": 0.534665, "process_mem_max_rss": "139168", "process_in_blocks": "3936", "process_out_blocks": "0"}
[0m06:52:25.584270 [debug] [MainThread]: Command `dbt debug` succeeded at 06:52:25.583670 after 0.79 seconds
[0m06:52:25.586860 [debug] [MainThread]: Connection 'debug' was properly closed.
[0m06:52:25.589299 [debug] [MainThread]: Sending event: {'category': 'dbt', 'action': 'invocation', 'label': 'end', 'context': [<snowplow_tracker.self_describing_json.SelfDescribingJson object at 0x714aad4fae30>, <snowplow_tracker.self_describing_json.SelfDescribingJson object at 0x714aaa71af20>, <snowplow_tracker.self_describing_json.SelfDescribingJson object at 0x714aa53960b0>]}
[0m06:52:25.591754 [debug] [MainThread]: Flushing usage events
[0m07:15:53.289379 [debug] [MainThread]: Sending event: {'category': 'dbt', 'action': 'invocation', 'label': 'start', 'context': [<snowplow_tracker.self_describing_json.SelfDescribingJson object at 0x776476246680>, <snowplow_tracker.self_describing_json.SelfDescribingJson object at 0x7764738f1390>, <snowplow_tracker.self_describing_json.SelfDescribingJson object at 0x7764738f30d0>]}


============================== 07:15:53.301096 | 5196b884-de73-450b-bd1e-3533aeb4a8ce ==============================
[0m07:15:53.301096 [info ] [MainThread]: Running with dbt=1.7.4
[0m07:15:53.303198 [debug] [MainThread]: running dbt with arguments {'printer_width': '80', 'indirect_selection': 'eager', 'log_cache_events': 'False', 'write_json': 'True', 'partial_parse': 'True', 'cache_selected_only': 'False', 'profiles_dir': '/opt/airflow/dbt_project', 'version_check': 'True', 'warn_error': 'None', 'log_path': '/opt/airflow/dbt_project/logs', 'debug': 'False', 'fail_fast': 'False', 'use_colors': 'True', 'use_experimental_parser': 'False', 'no_print': 'None', 'quiet': 'False', 'warn_error_options': 'WarnErrorOptions(include=[], exclude=[])', 'static_parser': 'True', 'invocation_command': 'dbt run --target duckdb --profiles-dir /opt/airflow/dbt_project', 'introspect': 'True', 'target_path': 'None', 'log_format': 'default', 'send_anonymous_usage_stats': 'True'}
[0m07:15:53.882303 [debug] [MainThread]: Sending event: {'category': 'dbt', 'action': 'project_id', 'label': '5196b884-de73-450b-bd1e-3533aeb4a8ce', 'context': [<snowplow_tracker.self_describing_json.SelfDescribingJson object at 0x776476c53880>]}
[0m07:15:54.055797 [debug] [MainThread]: Sending event: {'category': 'dbt', 'action': 'adapter_info', 'label': '5196b884-de73-450b-bd1e-3533aeb4a8ce', 'context': [<snowplow_tracker.self_describing_json.SelfDescribingJson object at 0x77646e595750>]}
[0m07:15:54.060448 [info ] [MainThread]: Registered adapter: duckdb=1.7.0
[0m07:15:54.100209 [debug] [MainThread]: checksum: ea7b8aaba63cc705bdcff98a540e62951628d0e12fc6756ef067a1092e32f6a3, vars: {}, profile: , target: duckdb, version: 1.7.4
[0m07:15:54.198091 [info ] [MainThread]: Unable to do partial parsing because of a version mismatch
[0m07:15:54.200311 [debug] [MainThread]: Sending event: {'category': 'dbt', 'action': 'partial_parser', 'label': '5196b884-de73-450b-bd1e-3533aeb4a8ce', 'context': [<snowplow_tracker.self_describing_json.SelfDescribingJson object at 0x7764704a0400>]}
[0m07:15:58.205512 [warn ] [MainThread]: [[33mWARNING[0m]: Configuration paths exist in your dbt_project.yml file which do not apply to any resources.
There are 3 unused configuration paths:
- models.intermediate
- models.marts
- models.staging
[0m07:15:58.217143 [debug] [MainThread]: Sending event: {'category': 'dbt', 'action': 'load_project', 'label': '5196b884-de73-450b-bd1e-3533aeb4a8ce', 'context': [<snowplow_tracker.self_describing_json.SelfDescribingJson object at 0x77646d7a40d0>]}
[0m07:15:58.337933 [debug] [MainThread]: Sending event: {'category': 'dbt', 'action': 'resource_counts', 'label': '5196b884-de73-450b-bd1e-3533aeb4a8ce', 'context': [<snowplow_tracker.self_describing_json.SelfDescribingJson object at 0x77646d7a7910>]}
[0m07:15:58.346027 [info ] [MainThread]: Found 38 models, 40 tests, 37 sources, 0 exposures, 0 metrics, 391 macros, 0 groups, 0 semantic models
[0m07:15:58.349550 [debug] [MainThread]: Sending event: {'category': 'dbt', 'action': 'runnable_timing', 'label': '5196b884-de73-450b-bd1e-3533aeb4a8ce', 'context': [<snowplow_tracker.self_describing_json.SelfDescribingJson object at 0x77646e4b65f0>]}
[0m07:15:58.363495 [info ] [MainThread]: 
[0m07:15:58.371933 [debug] [MainThread]: Acquiring new duckdb connection 'master'
[0m07:15:58.379779 [debug] [ThreadPool]: Acquiring new duckdb connection 'list_warehouse'
[0m07:15:58.410280 [debug] [ThreadPool]: Using duckdb connection "list_warehouse"
[0m07:15:58.412578 [debug] [ThreadPool]: On list_warehouse: /* {"app": "dbt", "dbt_version": "1.7.4", "profile_name": "dbt_project", "target_name": "duckdb", "connection_name": "list_warehouse"} */

    
    select schema_name
    from system.information_schema.schemata
    
    where catalog_name = '"warehouse"'
    
  
  
[0m07:15:58.414923 [debug] [ThreadPool]: Opening a new connection, currently in state init
[0m07:15:58.537058 [debug] [ThreadPool]: SQL status: OK in 0.0 seconds
[0m07:15:58.541739 [debug] [ThreadPool]: On list_warehouse: Close
[0m07:15:58.548392 [debug] [ThreadPool]: Re-using an available connection from the pool (formerly list_warehouse, now create_warehouse_staging)
[0m07:15:58.551736 [debug] [ThreadPool]: Creating schema "database: "warehouse"
schema: "staging"
"
[0m07:15:58.562644 [debug] [ThreadPool]: Using duckdb connection "create_warehouse_staging"
[0m07:15:58.564505 [debug] [ThreadPool]: On create_warehouse_staging: BEGIN
[0m07:15:58.566320 [debug] [ThreadPool]: Opening a new connection, currently in state closed
[0m07:15:58.591879 [debug] [ThreadPool]: SQL status: OK in 0.0 seconds
[0m07:15:58.594165 [debug] [ThreadPool]: Using duckdb connection "create_warehouse_staging"
[0m07:15:58.597482 [debug] [ThreadPool]: On create_warehouse_staging: /* {"app": "dbt", "dbt_version": "1.7.4", "profile_name": "dbt_project", "target_name": "duckdb", "connection_name": "create_warehouse_staging"} */
create schema if not exists "warehouse"."staging"
[0m07:15:58.603061 [debug] [ThreadPool]: SQL status: OK in 0.0 seconds
[0m07:15:58.607046 [debug] [ThreadPool]: On create_warehouse_staging: COMMIT
[0m07:15:58.609279 [debug] [ThreadPool]: Using duckdb connection "create_warehouse_staging"
[0m07:15:58.611274 [debug] [ThreadPool]: On create_warehouse_staging: COMMIT
[0m07:15:58.619123 [debug] [ThreadPool]: SQL status: OK in 0.0 seconds
[0m07:15:58.621851 [debug] [ThreadPool]: On create_warehouse_staging: Close
[0m07:15:58.654909 [debug] [ThreadPool]: Re-using an available connection from the pool (formerly create_warehouse_staging, now list_warehouse_staging)
[0m07:15:58.664592 [debug] [ThreadPool]: Using duckdb connection "list_warehouse_staging"
[0m07:15:58.666585 [debug] [ThreadPool]: On list_warehouse_staging: BEGIN
[0m07:15:58.668736 [debug] [ThreadPool]: Opening a new connection, currently in state closed
[0m07:15:58.695629 [debug] [ThreadPool]: SQL status: OK in 0.0 seconds
[0m07:15:58.697708 [debug] [ThreadPool]: Using duckdb connection "list_warehouse_staging"
[0m07:15:58.699292 [debug] [ThreadPool]: On list_warehouse_staging: /* {"app": "dbt", "dbt_version": "1.7.4", "profile_name": "dbt_project", "target_name": "duckdb", "connection_name": "list_warehouse_staging"} */
select
      'warehouse' as database,
      table_name as name,
      table_schema as schema,
      CASE table_type
        WHEN 'BASE TABLE' THEN 'table'
        WHEN 'VIEW' THEN 'view'
        WHEN 'LOCAL TEMPORARY' THEN 'table'
        END as type
    from system.information_schema.tables
    where table_schema = 'staging'
    and table_catalog = 'warehouse'
  
[0m07:15:58.792194 [debug] [ThreadPool]: SQL status: OK in 0.0 seconds
[0m07:15:58.796178 [debug] [ThreadPool]: On list_warehouse_staging: ROLLBACK
[0m07:15:58.800394 [debug] [ThreadPool]: Failed to rollback 'list_warehouse_staging'
[0m07:15:58.803797 [debug] [ThreadPool]: On list_warehouse_staging: Close
[0m07:15:58.811598 [debug] [MainThread]: Sending event: {'category': 'dbt', 'action': 'runnable_timing', 'label': '5196b884-de73-450b-bd1e-3533aeb4a8ce', 'context': [<snowplow_tracker.self_describing_json.SelfDescribingJson object at 0x77646d607640>]}
[0m07:15:58.813802 [debug] [MainThread]: Using duckdb connection "master"
[0m07:15:58.815811 [debug] [MainThread]: On master: BEGIN
[0m07:15:58.818774 [debug] [MainThread]: Opening a new connection, currently in state init
[0m07:15:58.853282 [debug] [MainThread]: SQL status: OK in 0.0 seconds
[0m07:15:58.855629 [debug] [MainThread]: On master: COMMIT
[0m07:15:58.857448 [debug] [MainThread]: Using duckdb connection "master"
[0m07:15:58.859220 [debug] [MainThread]: On master: COMMIT
[0m07:15:58.862215 [debug] [MainThread]: SQL status: OK in 0.0 seconds
[0m07:15:58.864591 [debug] [MainThread]: On master: Close
[0m07:15:58.873370 [info ] [MainThread]: Concurrency: 1 threads (target='duckdb')
[0m07:15:58.875528 [info ] [MainThread]: 
[0m07:15:58.889629 [debug] [Thread-1 (]: Began running node model.multidimensional_modelling.dim_date
[0m07:15:58.892057 [info ] [Thread-1 (]: 1 of 38 START sql view model staging.dim_date .................................. [RUN]
[0m07:15:58.895232 [debug] [Thread-1 (]: Acquiring new duckdb connection 'model.multidimensional_modelling.dim_date'
[0m07:15:58.897412 [debug] [Thread-1 (]: Began compiling node model.multidimensional_modelling.dim_date
[0m07:15:58.910103 [debug] [Thread-1 (]: Writing injected SQL for node "model.multidimensional_modelling.dim_date"
[0m07:15:58.944542 [debug] [Thread-1 (]: Timing info for model.multidimensional_modelling.dim_date (compile): 07:15:58.898943 => 07:15:58.943947
[0m07:15:58.946500 [debug] [Thread-1 (]: Began executing node model.multidimensional_modelling.dim_date
[0m07:15:59.002987 [debug] [Thread-1 (]: Writing runtime sql for node "model.multidimensional_modelling.dim_date"
[0m07:15:59.038513 [debug] [Thread-1 (]: Using duckdb connection "model.multidimensional_modelling.dim_date"
[0m07:15:59.040414 [debug] [Thread-1 (]: On model.multidimensional_modelling.dim_date: BEGIN
[0m07:15:59.042103 [debug] [Thread-1 (]: Opening a new connection, currently in state init
[0m07:15:59.105916 [debug] [Thread-1 (]: SQL status: OK in 0.0 seconds
[0m07:15:59.108064 [debug] [Thread-1 (]: Using duckdb connection "model.multidimensional_modelling.dim_date"
[0m07:15:59.110115 [debug] [Thread-1 (]: On model.multidimensional_modelling.dim_date: /* {"app": "dbt", "dbt_version": "1.7.4", "profile_name": "dbt_project", "target_name": "duckdb", "node_id": "model.multidimensional_modelling.dim_date"} */

  
  create view "warehouse"."staging"."dim_date__dbt_tmp" as (
    with dates as (
    select d::date as full_date
    from range(date '2020-01-01', date '2030-12-31', interval 1 day) t(d)
)
select
    cast(strftime(full_date, '%Y%m%d') as integer) as date_key,
    full_date,
    strftime(full_date, '%A') as day_of_week,
    cast(strftime(full_date, '%w') as integer) as day_number_in_week,
    cast(strftime(full_date, '%d') as integer) as day_number_in_month,
    cast(strftime(full_date, '%W') as integer) as week_number_in_year,
    cast(strftime(full_date, '%m') as integer) as month_number,
    strftime(full_date, '%B') as month_name,
    case 
        when cast(strftime(full_date, '%m') as integer) in (1,2,3) then 'Q1'
        when cast(strftime(full_date, '%m') as integer) in (4,5,6) then 'Q2'
        when cast(strftime(full_date, '%m') as integer) in (7,8,9) then 'Q3'
        else 'Q4'
    end as quarter,
    cast(strftime(full_date, '%Y') as integer) as year
from dates;
  );

[0m07:15:59.142242 [debug] [Thread-1 (]: Timing info for model.multidimensional_modelling.dim_date (execute): 07:15:58.948061 => 07:15:59.141465
[0m07:15:59.148266 [debug] [Thread-1 (]: On model.multidimensional_modelling.dim_date: ROLLBACK
[0m07:15:59.189840 [debug] [Thread-1 (]: Failed to rollback 'model.multidimensional_modelling.dim_date'
[0m07:15:59.192476 [debug] [Thread-1 (]: On model.multidimensional_modelling.dim_date: Close
[0m07:15:59.201768 [debug] [Thread-1 (]: Runtime Error in model dim_date (models/marts/dim/dim_date.sql)
  Parser Error: syntax error at or near ";"
[0m07:15:59.205374 [debug] [Thread-1 (]: Sending event: {'category': 'dbt', 'action': 'run_model', 'label': '5196b884-de73-450b-bd1e-3533aeb4a8ce', 'context': [<snowplow_tracker.self_describing_json.SelfDescribingJson object at 0x77646d6d45b0>]}
[0m07:15:59.208277 [error] [Thread-1 (]: 1 of 38 ERROR creating sql view model staging.dim_date ......................... [[31mERROR[0m in 0.31s]
[0m07:15:59.211390 [debug] [Thread-1 (]: Finished running node model.multidimensional_modelling.dim_date
[0m07:15:59.213969 [debug] [Thread-1 (]: Began running node model.multidimensional_modelling.int_flight
[0m07:15:59.218435 [info ] [Thread-1 (]: 2 of 38 START sql view model staging.int_flight ................................ [RUN]
[0m07:15:59.222066 [debug] [Thread-1 (]: Re-using an available connection from the pool (formerly model.multidimensional_modelling.dim_date, now model.multidimensional_modelling.int_flight)
[0m07:15:59.224608 [debug] [Thread-1 (]: Began compiling node model.multidimensional_modelling.int_flight
[0m07:15:59.238333 [debug] [Thread-1 (]: Writing injected SQL for node "model.multidimensional_modelling.int_flight"
[0m07:15:59.259120 [debug] [Thread-1 (]: Timing info for model.multidimensional_modelling.int_flight (compile): 07:15:59.226643 => 07:15:59.258409
[0m07:15:59.261605 [debug] [Thread-1 (]: Began executing node model.multidimensional_modelling.int_flight
[0m07:15:59.274969 [debug] [Thread-1 (]: Writing runtime sql for node "model.multidimensional_modelling.int_flight"
[0m07:15:59.296414 [debug] [Thread-1 (]: Using duckdb connection "model.multidimensional_modelling.int_flight"
[0m07:15:59.298792 [debug] [Thread-1 (]: On model.multidimensional_modelling.int_flight: BEGIN
[0m07:15:59.302587 [debug] [Thread-1 (]: Opening a new connection, currently in state closed
[0m07:15:59.344047 [debug] [Thread-1 (]: SQL status: OK in 0.0 seconds
[0m07:15:59.346280 [debug] [Thread-1 (]: Using duckdb connection "model.multidimensional_modelling.int_flight"
[0m07:15:59.348494 [debug] [Thread-1 (]: On model.multidimensional_modelling.int_flight: /* {"app": "dbt", "dbt_version": "1.7.4", "profile_name": "dbt_project", "target_name": "duckdb", "node_id": "model.multidimensional_modelling.int_flight"} */

  
  create view "warehouse"."staging"."int_flight__dbt_tmp" as (
    select
    b.booking_id,
    b.customer_key,
    fs.segment_id,
    fs.origin_airport_code,
    fs.destination_airport_code,
    fs.scheduled_departure,
    fs.actual_departure,
    fs.gross_amount_usd,
    ac.aircraft_id,
    ac.registration_number,
    ac.seat_capacity,
    bc.channel_key
from "warehouse"."flight_source"."src_booking" b
join "warehouse"."flight_source"."src_flight_segment" fs on b.booking_id = fs.booking_id
join "warehouse"."flight_source"."src_aircraft" ac on fs.aircraft_id = ac.aircraft_id
join "warehouse"."flight_source"."src_airport" ap on fs.origin_airport_code = ap.airport_code
join "warehouse"."ch_booking_source"."src_book_channel" bc on b.channel_key = bc.channel_key
  );

[0m07:15:59.422467 [debug] [Thread-1 (]: Timing info for model.multidimensional_modelling.int_flight (execute): 07:15:59.263328 => 07:15:59.421941
[0m07:15:59.424463 [debug] [Thread-1 (]: On model.multidimensional_modelling.int_flight: ROLLBACK
[0m07:15:59.427615 [debug] [Thread-1 (]: Failed to rollback 'model.multidimensional_modelling.int_flight'
[0m07:15:59.429921 [debug] [Thread-1 (]: On model.multidimensional_modelling.int_flight: Close
[0m07:15:59.439982 [debug] [Thread-1 (]: Runtime Error in model int_flight (models/intermediate/int_flight.sql)
  Catalog Error: Table with name src_booking does not exist!
  Did you mean "warehouse.src_booking"?
  LINE 18: from "warehouse"."flight_source"."src_booking" b
  join "warehouse"."flight_source"."src_flight_segment" fs on b.booking_id = fs.booking_id
  join "warehouse"."flight_source"."src_aircraft" ac on fs.aircraft_id = ac.aircraft_id
  join "warehouse"."flight_source"."src_airport" ap on fs.origin_airport_code = ap.airport_code
  join "warehouse"."ch_booking_source"."src_book_channel" bc on b.channel_key = bc.channel_key
    );
  ...
                ^
[0m07:15:59.442497 [debug] [Thread-1 (]: Sending event: {'category': 'dbt', 'action': 'run_model', 'label': '5196b884-de73-450b-bd1e-3533aeb4a8ce', 'context': [<snowplow_tracker.self_describing_json.SelfDescribingJson object at 0x77646d6b0d00>]}
[0m07:15:59.445061 [error] [Thread-1 (]: 2 of 38 ERROR creating sql view model staging.int_flight ....................... [[31mERROR[0m in 0.22s]
[0m07:15:59.447705 [debug] [Thread-1 (]: Finished running node model.multidimensional_modelling.int_flight
[0m07:15:59.449847 [debug] [Thread-1 (]: Began running node model.multidimensional_modelling.int_hotel
[0m07:15:59.453173 [info ] [Thread-1 (]: 3 of 38 START sql view model staging.int_hotel ................................. [RUN]
[0m07:15:59.455780 [debug] [Thread-1 (]: Re-using an available connection from the pool (formerly model.multidimensional_modelling.int_flight, now model.multidimensional_modelling.int_hotel)
[0m07:15:59.457679 [debug] [Thread-1 (]: Began compiling node model.multidimensional_modelling.int_hotel
[0m07:15:59.465010 [debug] [Thread-1 (]: Writing injected SQL for node "model.multidimensional_modelling.int_hotel"
[0m07:15:59.478611 [debug] [Thread-1 (]: Timing info for model.multidimensional_modelling.int_hotel (compile): 07:15:59.459054 => 07:15:59.477985
[0m07:15:59.480465 [debug] [Thread-1 (]: Began executing node model.multidimensional_modelling.int_hotel
[0m07:15:59.490919 [debug] [Thread-1 (]: Writing runtime sql for node "model.multidimensional_modelling.int_hotel"
[0m07:15:59.506600 [debug] [Thread-1 (]: Using duckdb connection "model.multidimensional_modelling.int_hotel"
[0m07:15:59.508452 [debug] [Thread-1 (]: On model.multidimensional_modelling.int_hotel: BEGIN
[0m07:15:59.510473 [debug] [Thread-1 (]: Opening a new connection, currently in state closed
[0m07:15:59.538189 [debug] [Thread-1 (]: SQL status: OK in 0.0 seconds
[0m07:15:59.541144 [debug] [Thread-1 (]: Using duckdb connection "model.multidimensional_modelling.int_hotel"
[0m07:15:59.543141 [debug] [Thread-1 (]: On model.multidimensional_modelling.int_hotel: /* {"app": "dbt", "dbt_version": "1.7.4", "profile_name": "dbt_project", "target_name": "duckdb", "node_id": "model.multidimensional_modelling.int_hotel"} */

  
  create view "warehouse"."staging"."int_hotel__dbt_tmp" as (
    select
    pt.payment_id,
    pt.customer_key,
    pt.transaction_date,
    pt.gross_amount_usd,
    pt.discount_amount_usd,
    pt.tax_amount_usd,
    pt.net_amount_usd,
    pt.refund_amount_usd,
    pt.gateway_fee_usd,
    pt.installment_months,
    pm.payment_method_id,
    pm.method_code,
    pm.method_name,
    pm.payment_type,
    pm.provider,
    pm.processing_fee_pct,
    pm.supports_installment,
    cur.currency_code,
    cur.usd_exchange_rate
from "warehouse"."payment_source"."src_payment_transaction" pt
join "warehouse"."payment_source"."src_payment_method" pm on pt.payment_method_id = pm.payment_method_id
join "warehouse"."payment_source"."src_currency" cur on pt.currency_code = cur.currency_code
  );

[0m07:15:59.581829 [debug] [Thread-1 (]: Timing info for model.multidimensional_modelling.int_hotel (execute): 07:15:59.481864 => 07:15:59.581303
[0m07:15:59.585125 [debug] [Thread-1 (]: On model.multidimensional_modelling.int_hotel: ROLLBACK
[0m07:15:59.588948 [debug] [Thread-1 (]: Failed to rollback 'model.multidimensional_modelling.int_hotel'
[0m07:15:59.590829 [debug] [Thread-1 (]: On model.multidimensional_modelling.int_hotel: Close
[0m07:15:59.598617 [debug] [Thread-1 (]: Runtime Error in model int_hotel (models/intermediate/int_hotel.sql)
  Catalog Error: Table with name src_payment_transaction does not exist!
  Did you mean "warehouse.src_payment_transaction"?
  LINE 25: from "warehouse"."payment_source"."src_payment_transaction" pt
  join "warehouse"."payment_source"."src_payment_method" pm on pt.payment_method_id = pm.payment_method_id
  join "warehouse"."payment_source"."src_currency" cur on pt.currency_code = cur.currency_code
    );
  ...
                ^
[0m07:15:59.601568 [debug] [Thread-1 (]: Sending event: {'category': 'dbt', 'action': 'run_model', 'label': '5196b884-de73-450b-bd1e-3533aeb4a8ce', 'context': [<snowplow_tracker.self_describing_json.SelfDescribingJson object at 0x77646d607250>]}
[0m07:15:59.604029 [error] [Thread-1 (]: 3 of 38 ERROR creating sql view model staging.int_hotel ........................ [[31mERROR[0m in 0.15s]
[0m07:15:59.606374 [debug] [Thread-1 (]: Finished running node model.multidimensional_modelling.int_hotel
[0m07:15:59.608176 [debug] [Thread-1 (]: Began running node model.multidimensional_modelling.int_rental
[0m07:15:59.610107 [info ] [Thread-1 (]: 4 of 38 START sql view model staging.int_rental ................................ [RUN]
[0m07:15:59.612805 [debug] [Thread-1 (]: Re-using an available connection from the pool (formerly model.multidimensional_modelling.int_hotel, now model.multidimensional_modelling.int_rental)
[0m07:15:59.616129 [debug] [Thread-1 (]: Began compiling node model.multidimensional_modelling.int_rental
[0m07:15:59.628460 [debug] [Thread-1 (]: Writing injected SQL for node "model.multidimensional_modelling.int_rental"
[0m07:15:59.644328 [debug] [Thread-1 (]: Timing info for model.multidimensional_modelling.int_rental (compile): 07:15:59.618921 => 07:15:59.643653
[0m07:15:59.646220 [debug] [Thread-1 (]: Began executing node model.multidimensional_modelling.int_rental
[0m07:15:59.656455 [debug] [Thread-1 (]: Writing runtime sql for node "model.multidimensional_modelling.int_rental"
[0m07:15:59.669822 [debug] [Thread-1 (]: Using duckdb connection "model.multidimensional_modelling.int_rental"
[0m07:15:59.671563 [debug] [Thread-1 (]: On model.multidimensional_modelling.int_rental: BEGIN
[0m07:15:59.673345 [debug] [Thread-1 (]: Opening a new connection, currently in state closed
[0m07:15:59.697429 [debug] [Thread-1 (]: SQL status: OK in 0.0 seconds
[0m07:15:59.699432 [debug] [Thread-1 (]: Using duckdb connection "model.multidimensional_modelling.int_rental"
[0m07:15:59.701917 [debug] [Thread-1 (]: On model.multidimensional_modelling.int_rental: /* {"app": "dbt", "dbt_version": "1.7.4", "profile_name": "dbt_project", "target_name": "duckdb", "node_id": "model.multidimensional_modelling.int_rental"} */

  
  create view "warehouse"."staging"."int_rental__dbt_tmp" as (
    select
    ro.order_id,
    ro.customer_key,
    ro.scheduled_pickup_date,
    rt.trip_id,
    rt.actual_pickup_date,
    rt.actual_dropoff_date,
    rt.distance_km,
    rt.trip_duration_minutes,
    rt.pickup_delay_minutes,
    rt.driver_rating,
    v.vehicle_id,
    v.type_name,
    v.brand,
    v.model,
    d.driver_id,
    d.driver_name,
    ap.airport_code as pickup_airport,
    hp.hotel_id as dropoff_hotel,
    ro.status as order_status,
    rt.status as trip_status,
    ro.estimated_rate_usd,
    ro.base_charge_usd,
    ro.surcharge_usd,
    ro.total_charge_usd
from "warehouse"."rental_source"."src_rental_order" ro
join "warehouse"."rental_source"."src_rental_trip" rt on ro.order_id = rt.order_id
join "warehouse"."rental_source"."src_vehicle" v on ro.vehicle_id = v.vehicle_id
join "warehouse"."rental_source"."src_driver" d on rt.driver_id = d.driver_id
left join "warehouse"."flight_source"."src_airport" ap on ro.pickup_airport_code = ap.airport_code
left join "warehouse"."hotel_source"."src_hotel_property" hp on rt.dropoff_hotel_id = hp.hotel_id
  );

[0m07:15:59.740579 [debug] [Thread-1 (]: Timing info for model.multidimensional_modelling.int_rental (execute): 07:15:59.647754 => 07:15:59.740058
[0m07:15:59.743093 [debug] [Thread-1 (]: On model.multidimensional_modelling.int_rental: ROLLBACK
[0m07:15:59.746729 [debug] [Thread-1 (]: Failed to rollback 'model.multidimensional_modelling.int_rental'
[0m07:15:59.748574 [debug] [Thread-1 (]: On model.multidimensional_modelling.int_rental: Close
[0m07:15:59.757389 [debug] [Thread-1 (]: Runtime Error in model int_rental (models/intermediate/int_rental.sql)
  Catalog Error: Table with name src_rental_order does not exist!
  Did you mean "warehouse.src_rental_order"?
  LINE 30: from "warehouse"."rental_source"."src_rental_order" ro
  join "warehouse"."rental_source"."src_rental_trip" rt on ro.order_id = rt.order_id
  join "warehouse"."rental_source"."src_vehicle" v on ro.vehicle_id = v.vehicle_id
  join "warehouse"."rental_source"."src_driver" d on rt.driver_id = d.driver_id
  left join "warehouse"."flight_source"."src_airport" ap on ro.pickup_airport_code = ap.airport_code
  left join "warehouse"."hotel_source"."src_hotel_property" hp on rt.dropoff_hotel_id = hp.hotel_id
    );
  ...
                ^
[0m07:15:59.759532 [debug] [Thread-1 (]: Sending event: {'category': 'dbt', 'action': 'run_model', 'label': '5196b884-de73-450b-bd1e-3533aeb4a8ce', 'context': [<snowplow_tracker.self_describing_json.SelfDescribingJson object at 0x77646d6d7cd0>]}
[0m07:15:59.761693 [error] [Thread-1 (]: 4 of 38 ERROR creating sql view model staging.int_rental ....................... [[31mERROR[0m in 0.15s]
[0m07:15:59.764191 [debug] [Thread-1 (]: Finished running node model.multidimensional_modelling.int_rental
[0m07:15:59.766731 [debug] [Thread-1 (]: Began running node model.multidimensional_modelling.stg_aircraft
[0m07:15:59.769199 [info ] [Thread-1 (]: 5 of 38 START sql view model staging.stg_aircraft .............................. [RUN]
[0m07:15:59.771707 [debug] [Thread-1 (]: Re-using an available connection from the pool (formerly model.multidimensional_modelling.int_rental, now model.multidimensional_modelling.stg_aircraft)
[0m07:15:59.773789 [debug] [Thread-1 (]: Began compiling node model.multidimensional_modelling.stg_aircraft
[0m07:15:59.779950 [debug] [Thread-1 (]: Writing injected SQL for node "model.multidimensional_modelling.stg_aircraft"
[0m07:15:59.798998 [debug] [Thread-1 (]: Timing info for model.multidimensional_modelling.stg_aircraft (compile): 07:15:59.775306 => 07:15:59.798324
[0m07:15:59.801406 [debug] [Thread-1 (]: Began executing node model.multidimensional_modelling.stg_aircraft
[0m07:15:59.810726 [debug] [Thread-1 (]: Writing runtime sql for node "model.multidimensional_modelling.stg_aircraft"
[0m07:15:59.830239 [debug] [Thread-1 (]: Using duckdb connection "model.multidimensional_modelling.stg_aircraft"
[0m07:15:59.832290 [debug] [Thread-1 (]: On model.multidimensional_modelling.stg_aircraft: BEGIN
[0m07:15:59.834661 [debug] [Thread-1 (]: Opening a new connection, currently in state closed
[0m07:15:59.859517 [debug] [Thread-1 (]: SQL status: OK in 0.0 seconds
[0m07:15:59.861501 [debug] [Thread-1 (]: Using duckdb connection "model.multidimensional_modelling.stg_aircraft"
[0m07:15:59.863246 [debug] [Thread-1 (]: On model.multidimensional_modelling.stg_aircraft: /* {"app": "dbt", "dbt_version": "1.7.4", "profile_name": "dbt_project", "target_name": "duckdb", "node_id": "model.multidimensional_modelling.stg_aircraft"} */

  
  create view "warehouse"."staging"."stg_aircraft__dbt_tmp" as (
    select
    registration_number,
    aircraft_type,
    manufacturer,
    cast(seat_capacity as integer) as seat_capacity,
    initcap(operating_airline) as operating_airline
from "warehouse"."flight_source"."aircraft"
  );

[0m07:15:59.904751 [debug] [Thread-1 (]: Timing info for model.multidimensional_modelling.stg_aircraft (execute): 07:15:59.803118 => 07:15:59.904212
[0m07:15:59.906756 [debug] [Thread-1 (]: On model.multidimensional_modelling.stg_aircraft: ROLLBACK
[0m07:15:59.909292 [debug] [Thread-1 (]: Failed to rollback 'model.multidimensional_modelling.stg_aircraft'
[0m07:15:59.911023 [debug] [Thread-1 (]: On model.multidimensional_modelling.stg_aircraft: Close
[0m07:15:59.920329 [debug] [Thread-1 (]: Runtime Error in model stg_aircraft (models/staging/stg_aircraft.sql)
  Catalog Error: Table with name aircraft does not exist!
  Did you mean "warehouse.src_aircraft"?
  LINE 11: from "warehouse"."flight_source"."aircraft"
                ^
[0m07:15:59.923089 [debug] [Thread-1 (]: Sending event: {'category': 'dbt', 'action': 'run_model', 'label': '5196b884-de73-450b-bd1e-3533aeb4a8ce', 'context': [<snowplow_tracker.self_describing_json.SelfDescribingJson object at 0x77646d6d7df0>]}
[0m07:15:59.925355 [error] [Thread-1 (]: 5 of 38 ERROR creating sql view model staging.stg_aircraft ..................... [[31mERROR[0m in 0.15s]
[0m07:15:59.927541 [debug] [Thread-1 (]: Finished running node model.multidimensional_modelling.stg_aircraft
[0m07:15:59.929490 [debug] [Thread-1 (]: Began running node model.multidimensional_modelling.stg_airport
[0m07:15:59.931773 [info ] [Thread-1 (]: 6 of 38 START sql view model staging.stg_airport ............................... [RUN]
[0m07:15:59.935683 [debug] [Thread-1 (]: Re-using an available connection from the pool (formerly model.multidimensional_modelling.stg_aircraft, now model.multidimensional_modelling.stg_airport)
[0m07:15:59.937775 [debug] [Thread-1 (]: Began compiling node model.multidimensional_modelling.stg_airport
[0m07:15:59.943485 [debug] [Thread-1 (]: Writing injected SQL for node "model.multidimensional_modelling.stg_airport"
[0m07:15:59.956755 [debug] [Thread-1 (]: Timing info for model.multidimensional_modelling.stg_airport (compile): 07:15:59.939199 => 07:15:59.956098
[0m07:15:59.958623 [debug] [Thread-1 (]: Began executing node model.multidimensional_modelling.stg_airport
[0m07:15:59.970442 [debug] [Thread-1 (]: Writing runtime sql for node "model.multidimensional_modelling.stg_airport"
[0m07:15:59.983298 [debug] [Thread-1 (]: Using duckdb connection "model.multidimensional_modelling.stg_airport"
[0m07:15:59.985922 [debug] [Thread-1 (]: On model.multidimensional_modelling.stg_airport: BEGIN
[0m07:15:59.987795 [debug] [Thread-1 (]: Opening a new connection, currently in state closed
[0m07:16:00.016766 [debug] [Thread-1 (]: SQL status: OK in 0.0 seconds
[0m07:16:00.022633 [debug] [Thread-1 (]: Using duckdb connection "model.multidimensional_modelling.stg_airport"
[0m07:16:00.025706 [debug] [Thread-1 (]: On model.multidimensional_modelling.stg_airport: /* {"app": "dbt", "dbt_version": "1.7.4", "profile_name": "dbt_project", "target_name": "duckdb", "node_id": "model.multidimensional_modelling.stg_airport"} */

  
  create view "warehouse"."staging"."stg_airport__dbt_tmp" as (
    select
    airport_code,
    initcap(airport_name) as airport_name,
    initcap(city) as city,
    initcap(country) as country,
    timezone,
    cast(latitude as numeric) as latitude,
    cast(longitude as numeric) as longitude
from "warehouse"."flight_source"."airport"
  );

[0m07:16:00.077296 [debug] [Thread-1 (]: Timing info for model.multidimensional_modelling.stg_airport (execute): 07:15:59.960079 => 07:16:00.076656
[0m07:16:00.079331 [debug] [Thread-1 (]: On model.multidimensional_modelling.stg_airport: ROLLBACK
[0m07:16:00.082591 [debug] [Thread-1 (]: Failed to rollback 'model.multidimensional_modelling.stg_airport'
[0m07:16:00.085258 [debug] [Thread-1 (]: On model.multidimensional_modelling.stg_airport: Close
[0m07:16:00.093521 [debug] [Thread-1 (]: Runtime Error in model stg_airport (models/staging/stg_airport.sql)
  Catalog Error: Table with name airport does not exist!
  Did you mean "warehouse.src_airport"?
  LINE 13: from "warehouse"."flight_source"."airport"
                ^
[0m07:16:00.095671 [debug] [Thread-1 (]: Sending event: {'category': 'dbt', 'action': 'run_model', 'label': '5196b884-de73-450b-bd1e-3533aeb4a8ce', 'context': [<snowplow_tracker.self_describing_json.SelfDescribingJson object at 0x77646d5a8cd0>]}
[0m07:16:00.099092 [error] [Thread-1 (]: 6 of 38 ERROR creating sql view model staging.stg_airport ...................... [[31mERROR[0m in 0.16s]
[0m07:16:00.102758 [debug] [Thread-1 (]: Finished running node model.multidimensional_modelling.stg_airport
[0m07:16:00.104754 [debug] [Thread-1 (]: Began running node model.multidimensional_modelling.stg_booking
[0m07:16:00.107174 [info ] [Thread-1 (]: 7 of 38 START sql view model staging.stg_booking ............................... [RUN]
[0m07:16:00.109774 [debug] [Thread-1 (]: Re-using an available connection from the pool (formerly model.multidimensional_modelling.stg_airport, now model.multidimensional_modelling.stg_booking)
[0m07:16:00.111660 [debug] [Thread-1 (]: Began compiling node model.multidimensional_modelling.stg_booking
[0m07:16:00.120594 [debug] [Thread-1 (]: Writing injected SQL for node "model.multidimensional_modelling.stg_booking"
[0m07:16:00.134060 [debug] [Thread-1 (]: Timing info for model.multidimensional_modelling.stg_booking (compile): 07:16:00.113126 => 07:16:00.133379
[0m07:16:00.136251 [debug] [Thread-1 (]: Began executing node model.multidimensional_modelling.stg_booking
[0m07:16:00.144699 [debug] [Thread-1 (]: Writing runtime sql for node "model.multidimensional_modelling.stg_booking"
[0m07:16:00.157941 [debug] [Thread-1 (]: Using duckdb connection "model.multidimensional_modelling.stg_booking"
[0m07:16:00.159768 [debug] [Thread-1 (]: On model.multidimensional_modelling.stg_booking: BEGIN
[0m07:16:00.161631 [debug] [Thread-1 (]: Opening a new connection, currently in state closed
[0m07:16:00.197934 [debug] [Thread-1 (]: SQL status: OK in 0.0 seconds
[0m07:16:00.201710 [debug] [Thread-1 (]: Using duckdb connection "model.multidimensional_modelling.stg_booking"
[0m07:16:00.203851 [debug] [Thread-1 (]: On model.multidimensional_modelling.stg_booking: /* {"app": "dbt", "dbt_version": "1.7.4", "profile_name": "dbt_project", "target_name": "duckdb", "node_id": "model.multidimensional_modelling.stg_booking"} */

  
  create view "warehouse"."staging"."stg_booking__dbt_tmp" as (
    select
    booking_id,
    cast(customer_key as integer) as customer_key,
    customer_id,
    cast(booking_date as date) as booking_date,
    upper(booking_channel) as booking_channel
from "warehouse"."ch_booking_source"."booking"
  );

[0m07:16:00.237457 [debug] [Thread-1 (]: Timing info for model.multidimensional_modelling.stg_booking (execute): 07:16:00.137741 => 07:16:00.236803
[0m07:16:00.239344 [debug] [Thread-1 (]: On model.multidimensional_modelling.stg_booking: ROLLBACK
[0m07:16:00.241925 [debug] [Thread-1 (]: Failed to rollback 'model.multidimensional_modelling.stg_booking'
[0m07:16:00.243717 [debug] [Thread-1 (]: On model.multidimensional_modelling.stg_booking: Close
[0m07:16:00.253402 [debug] [Thread-1 (]: Runtime Error in model stg_booking (models/staging/stg_booking.sql)
  Catalog Error: Table with name booking does not exist!
  Did you mean "warehouse.src_booking"?
  LINE 11: from "warehouse"."ch_booking_source"."booking"
    );
  ...
                ^
[0m07:16:00.255609 [debug] [Thread-1 (]: Sending event: {'category': 'dbt', 'action': 'run_model', 'label': '5196b884-de73-450b-bd1e-3533aeb4a8ce', 'context': [<snowplow_tracker.self_describing_json.SelfDescribingJson object at 0x77646d5aaa10>]}
[0m07:16:00.258002 [error] [Thread-1 (]: 7 of 38 ERROR creating sql view model staging.stg_booking ...................... [[31mERROR[0m in 0.15s]
[0m07:16:00.260757 [debug] [Thread-1 (]: Finished running node model.multidimensional_modelling.stg_booking
[0m07:16:00.262945 [debug] [Thread-1 (]: Began running node model.multidimensional_modelling.stg_booking_channel
[0m07:16:00.265967 [info ] [Thread-1 (]: 8 of 38 START sql view model staging.stg_booking_channel ....................... [RUN]
[0m07:16:00.269354 [debug] [Thread-1 (]: Re-using an available connection from the pool (formerly model.multidimensional_modelling.stg_booking, now model.multidimensional_modelling.stg_booking_channel)
[0m07:16:00.271286 [debug] [Thread-1 (]: Began compiling node model.multidimensional_modelling.stg_booking_channel
[0m07:16:00.277558 [debug] [Thread-1 (]: Writing injected SQL for node "model.multidimensional_modelling.stg_booking_channel"
[0m07:16:00.290913 [debug] [Thread-1 (]: Timing info for model.multidimensional_modelling.stg_booking_channel (compile): 07:16:00.272730 => 07:16:00.290345
[0m07:16:00.292680 [debug] [Thread-1 (]: Began executing node model.multidimensional_modelling.stg_booking_channel
[0m07:16:00.308610 [debug] [Thread-1 (]: Writing runtime sql for node "model.multidimensional_modelling.stg_booking_channel"
[0m07:16:00.336267 [debug] [Thread-1 (]: Using duckdb connection "model.multidimensional_modelling.stg_booking_channel"
[0m07:16:00.339846 [debug] [Thread-1 (]: On model.multidimensional_modelling.stg_booking_channel: BEGIN
[0m07:16:00.344034 [debug] [Thread-1 (]: Opening a new connection, currently in state closed
[0m07:16:00.382166 [debug] [Thread-1 (]: SQL status: OK in 0.0 seconds
[0m07:16:00.386912 [debug] [Thread-1 (]: Using duckdb connection "model.multidimensional_modelling.stg_booking_channel"
[0m07:16:00.390258 [debug] [Thread-1 (]: On model.multidimensional_modelling.stg_booking_channel: /* {"app": "dbt", "dbt_version": "1.7.4", "profile_name": "dbt_project", "target_name": "duckdb", "node_id": "model.multidimensional_modelling.stg_booking_channel"} */

  
  create view "warehouse"."staging"."stg_booking_channel__dbt_tmp" as (
    select
    cast(channel_key as integer) as channel_key,
    upper(channel_code) as channel_code,
    initcap(channel_name) as channel_name,
    initcap(channel_type) as channel_type,
    cast(commission_rate_pct as numeric) as commission_rate_pct,
    cast(booking_fee_usd as numeric) as booking_fee_usd,
    cast(typical_lead_days as integer) as typical_lead_days,
    cast(volume_share_pct as numeric) as volume_share_pct
from "warehouse"."ch_booking_source"."booking_channel"
  );

[0m07:16:00.443112 [debug] [Thread-1 (]: Timing info for model.multidimensional_modelling.stg_booking_channel (execute): 07:16:00.294270 => 07:16:00.442513
[0m07:16:00.445253 [debug] [Thread-1 (]: On model.multidimensional_modelling.stg_booking_channel: ROLLBACK
[0m07:16:00.448570 [debug] [Thread-1 (]: Failed to rollback 'model.multidimensional_modelling.stg_booking_channel'
[0m07:16:00.451158 [debug] [Thread-1 (]: On model.multidimensional_modelling.stg_booking_channel: Close
[0m07:16:00.459348 [debug] [Thread-1 (]: Runtime Error in model stg_booking_channel (models/staging/stg_booking_channel.sql)
  Catalog Error: Table with name booking_channel does not exist!
  Did you mean "warehouse.src_book_channel"?
  LINE 14: from "warehouse"."ch_booking_source"."booking_channel"
    );
  ...
                ^
[0m07:16:00.461574 [debug] [Thread-1 (]: Sending event: {'category': 'dbt', 'action': 'run_model', 'label': '5196b884-de73-450b-bd1e-3533aeb4a8ce', 'context': [<snowplow_tracker.self_describing_json.SelfDescribingJson object at 0x77646d68e410>]}
[0m07:16:00.463859 [error] [Thread-1 (]: 8 of 38 ERROR creating sql view model staging.stg_booking_channel .............. [[31mERROR[0m in 0.19s]
[0m07:16:00.467337 [debug] [Thread-1 (]: Finished running node model.multidimensional_modelling.stg_booking_channel
[0m07:16:00.469555 [debug] [Thread-1 (]: Began running node model.multidimensional_modelling.stg_currency
[0m07:16:00.472627 [info ] [Thread-1 (]: 9 of 38 START sql view model staging.stg_currency .............................. [RUN]
[0m07:16:00.475465 [debug] [Thread-1 (]: Re-using an available connection from the pool (formerly model.multidimensional_modelling.stg_booking_channel, now model.multidimensional_modelling.stg_currency)
[0m07:16:00.477541 [debug] [Thread-1 (]: Began compiling node model.multidimensional_modelling.stg_currency
[0m07:16:00.485888 [debug] [Thread-1 (]: Writing injected SQL for node "model.multidimensional_modelling.stg_currency"
[0m07:16:00.498838 [debug] [Thread-1 (]: Timing info for model.multidimensional_modelling.stg_currency (compile): 07:16:00.479094 => 07:16:00.497934
[0m07:16:00.501657 [debug] [Thread-1 (]: Began executing node model.multidimensional_modelling.stg_currency
[0m07:16:00.509703 [debug] [Thread-1 (]: Writing runtime sql for node "model.multidimensional_modelling.stg_currency"
[0m07:16:00.523607 [debug] [Thread-1 (]: Using duckdb connection "model.multidimensional_modelling.stg_currency"
[0m07:16:00.525509 [debug] [Thread-1 (]: On model.multidimensional_modelling.stg_currency: BEGIN
[0m07:16:00.527267 [debug] [Thread-1 (]: Opening a new connection, currently in state closed
[0m07:16:00.556073 [debug] [Thread-1 (]: SQL status: OK in 0.0 seconds
[0m07:16:00.558812 [debug] [Thread-1 (]: Using duckdb connection "model.multidimensional_modelling.stg_currency"
[0m07:16:00.561041 [debug] [Thread-1 (]: On model.multidimensional_modelling.stg_currency: /* {"app": "dbt", "dbt_version": "1.7.4", "profile_name": "dbt_project", "target_name": "duckdb", "node_id": "model.multidimensional_modelling.stg_currency"} */

  
  create view "warehouse"."staging"."stg_currency__dbt_tmp" as (
    select
    upper(currency_code) as currency_code,
    initcap(currency_name) as currency_name,
    symbol,
    cast(usd_exchange_rate as numeric) as usd_exchange_rate
from "warehouse"."payment_source"."currency"
  );

[0m07:16:00.613046 [debug] [Thread-1 (]: Timing info for model.multidimensional_modelling.stg_currency (execute): 07:16:00.503254 => 07:16:00.612406
[0m07:16:00.617304 [debug] [Thread-1 (]: On model.multidimensional_modelling.stg_currency: ROLLBACK
[0m07:16:00.620551 [debug] [Thread-1 (]: Failed to rollback 'model.multidimensional_modelling.stg_currency'
[0m07:16:00.622703 [debug] [Thread-1 (]: On model.multidimensional_modelling.stg_currency: Close
[0m07:16:00.631284 [debug] [Thread-1 (]: Runtime Error in model stg_currency (models/staging/stg_currency.sql)
  Catalog Error: Table with name currency does not exist!
  Did you mean "warehouse.src_currency"?
  LINE 10: from "warehouse"."payment_source"."currency"
                ^
[0m07:16:00.634265 [debug] [Thread-1 (]: Sending event: {'category': 'dbt', 'action': 'run_model', 'label': '5196b884-de73-450b-bd1e-3533aeb4a8ce', 'context': [<snowplow_tracker.self_describing_json.SelfDescribingJson object at 0x77646d6d5870>]}
[0m07:16:00.637039 [error] [Thread-1 (]: 9 of 38 ERROR creating sql view model staging.stg_currency ..................... [[31mERROR[0m in 0.16s]
[0m07:16:00.640229 [debug] [Thread-1 (]: Finished running node model.multidimensional_modelling.stg_currency
[0m07:16:00.642788 [debug] [Thread-1 (]: Began running node model.multidimensional_modelling.stg_customer
[0m07:16:00.645252 [info ] [Thread-1 (]: 10 of 38 START sql view model staging.stg_customer ............................. [RUN]
[0m07:16:00.648414 [debug] [Thread-1 (]: Re-using an available connection from the pool (formerly model.multidimensional_modelling.stg_currency, now model.multidimensional_modelling.stg_customer)
[0m07:16:00.651218 [debug] [Thread-1 (]: Began compiling node model.multidimensional_modelling.stg_customer
[0m07:16:00.659451 [debug] [Thread-1 (]: Writing injected SQL for node "model.multidimensional_modelling.stg_customer"
[0m07:16:00.673347 [debug] [Thread-1 (]: Timing info for model.multidimensional_modelling.stg_customer (compile): 07:16:00.652705 => 07:16:00.672372
[0m07:16:00.675242 [debug] [Thread-1 (]: Began executing node model.multidimensional_modelling.stg_customer
[0m07:16:00.684655 [debug] [Thread-1 (]: Writing runtime sql for node "model.multidimensional_modelling.stg_customer"
[0m07:16:00.696714 [debug] [Thread-1 (]: Using duckdb connection "model.multidimensional_modelling.stg_customer"
[0m07:16:00.699868 [debug] [Thread-1 (]: On model.multidimensional_modelling.stg_customer: BEGIN
[0m07:16:00.702007 [debug] [Thread-1 (]: Opening a new connection, currently in state closed
[0m07:16:00.727790 [debug] [Thread-1 (]: SQL status: OK in 0.0 seconds
[0m07:16:00.730115 [debug] [Thread-1 (]: Using duckdb connection "model.multidimensional_modelling.stg_customer"
[0m07:16:00.733841 [debug] [Thread-1 (]: On model.multidimensional_modelling.stg_customer: /* {"app": "dbt", "dbt_version": "1.7.4", "profile_name": "dbt_project", "target_name": "duckdb", "node_id": "model.multidimensional_modelling.stg_customer"} */

  
  create view "warehouse"."staging"."stg_customer__dbt_tmp" as (
    select
    cast(customer_key as integer) as customer_key,
    customer_id,
    initcap(first_name) as first_name,
    initcap(last_name) as last_name,
    case 
        when gender in ('M','F') then gender
        else null
    end as gender,
    cast(date_of_birth as date) as date_of_birth,
    initcap(nationality) as nationality,
    lower(email) as email,
    regexp_replace(phone, '[^0-9]', '', 'g') as phone,  -- bersihkan non-digit
    cast(eff_start_date as date) as eff_start_date,
    cast(nullif(eff_end_date, '') as date) as eff_end_date,
    cast(is_current as boolean) as is_current
from "warehouse"."customer_source"."customer"
  );

[0m07:16:00.769145 [debug] [Thread-1 (]: Timing info for model.multidimensional_modelling.stg_customer (execute): 07:16:00.676551 => 07:16:00.768557
[0m07:16:00.771067 [debug] [Thread-1 (]: On model.multidimensional_modelling.stg_customer: ROLLBACK
[0m07:16:00.773718 [debug] [Thread-1 (]: Failed to rollback 'model.multidimensional_modelling.stg_customer'
[0m07:16:00.775429 [debug] [Thread-1 (]: On model.multidimensional_modelling.stg_customer: Close
[0m07:16:00.785414 [debug] [Thread-1 (]: Runtime Error in model stg_customer (models/staging/stg_customer.sql)
  Catalog Error: Table with name customer does not exist!
  Did you mean "warehouse.src_customer"?
  LINE 21: from "warehouse"."customer_source"."customer"
    );
  ...
                ^
[0m07:16:00.787770 [debug] [Thread-1 (]: Sending event: {'category': 'dbt', 'action': 'run_model', 'label': '5196b884-de73-450b-bd1e-3533aeb4a8ce', 'context': [<snowplow_tracker.self_describing_json.SelfDescribingJson object at 0x77646d58d570>]}
[0m07:16:00.790015 [error] [Thread-1 (]: 10 of 38 ERROR creating sql view model staging.stg_customer .................... [[31mERROR[0m in 0.14s]
[0m07:16:00.792319 [debug] [Thread-1 (]: Finished running node model.multidimensional_modelling.stg_customer
[0m07:16:00.794387 [debug] [Thread-1 (]: Began running node model.multidimensional_modelling.stg_driver
[0m07:16:00.796546 [info ] [Thread-1 (]: 11 of 38 START sql view model staging.stg_driver ............................... [RUN]
[0m07:16:00.800086 [debug] [Thread-1 (]: Re-using an available connection from the pool (formerly model.multidimensional_modelling.stg_customer, now model.multidimensional_modelling.stg_driver)
[0m07:16:00.802268 [debug] [Thread-1 (]: Began compiling node model.multidimensional_modelling.stg_driver
[0m07:16:00.808009 [debug] [Thread-1 (]: Writing injected SQL for node "model.multidimensional_modelling.stg_driver"
[0m07:16:00.822674 [debug] [Thread-1 (]: Timing info for model.multidimensional_modelling.stg_driver (compile): 07:16:00.803786 => 07:16:00.822001
[0m07:16:00.824457 [debug] [Thread-1 (]: Began executing node model.multidimensional_modelling.stg_driver
[0m07:16:00.836198 [debug] [Thread-1 (]: Writing runtime sql for node "model.multidimensional_modelling.stg_driver"
[0m07:16:00.849550 [debug] [Thread-1 (]: Using duckdb connection "model.multidimensional_modelling.stg_driver"
[0m07:16:00.851498 [debug] [Thread-1 (]: On model.multidimensional_modelling.stg_driver: BEGIN
[0m07:16:00.853222 [debug] [Thread-1 (]: Opening a new connection, currently in state closed
[0m07:16:00.879994 [debug] [Thread-1 (]: SQL status: OK in 0.0 seconds
[0m07:16:00.883343 [debug] [Thread-1 (]: Using duckdb connection "model.multidimensional_modelling.stg_driver"
[0m07:16:00.885310 [debug] [Thread-1 (]: On model.multidimensional_modelling.stg_driver: /* {"app": "dbt", "dbt_version": "1.7.4", "profile_name": "dbt_project", "target_name": "duckdb", "node_id": "model.multidimensional_modelling.stg_driver"} */

  
  create view "warehouse"."staging"."stg_driver__dbt_tmp" as (
    select
    driver_id,
    initcap(driver_name) as driver_name,
    case when gender in ('M','F') then gender else null end as gender,
    license_no,
    upper(license_type) as license_type,
    regexp_replace(languages, '\s+', ' ', 'g') as languages, -- bersihkan spasi/tab berlebih
    cast(rating as numeric) as rating,
    cast(total_trips as integer) as total_trips,
    cast(is_active as boolean) as is_active,
    cast(joined_date as date) as joined_date
from "warehouse"."rental_source"."driver"
  );

[0m07:16:00.922648 [debug] [Thread-1 (]: Timing info for model.multidimensional_modelling.stg_driver (execute): 07:16:00.826376 => 07:16:00.922110
[0m07:16:00.924602 [debug] [Thread-1 (]: On model.multidimensional_modelling.stg_driver: ROLLBACK
[0m07:16:00.927694 [debug] [Thread-1 (]: Failed to rollback 'model.multidimensional_modelling.stg_driver'
[0m07:16:00.929714 [debug] [Thread-1 (]: On model.multidimensional_modelling.stg_driver: Close
[0m07:16:00.939413 [debug] [Thread-1 (]: Runtime Error in model stg_driver (models/staging/stg_driver.sql)
  Catalog Error: Table with name driver does not exist!
  Did you mean "warehouse.src_driver"?
  LINE 16: from "warehouse"."rental_source"."driver"
                ^
[0m07:16:00.941626 [debug] [Thread-1 (]: Sending event: {'category': 'dbt', 'action': 'run_model', 'label': '5196b884-de73-450b-bd1e-3533aeb4a8ce', 'context': [<snowplow_tracker.self_describing_json.SelfDescribingJson object at 0x77646d6371f0>]}
[0m07:16:00.943995 [error] [Thread-1 (]: 11 of 38 ERROR creating sql view model staging.stg_driver ...................... [[31mERROR[0m in 0.14s]
[0m07:16:00.946480 [debug] [Thread-1 (]: Finished running node model.multidimensional_modelling.stg_driver
[0m07:16:00.949813 [debug] [Thread-1 (]: Began running node model.multidimensional_modelling.stg_flight_segment
[0m07:16:00.952166 [info ] [Thread-1 (]: 12 of 38 START sql view model staging.stg_flight_segment ....................... [RUN]
[0m07:16:00.954779 [debug] [Thread-1 (]: Re-using an available connection from the pool (formerly model.multidimensional_modelling.stg_driver, now model.multidimensional_modelling.stg_flight_segment)
[0m07:16:00.956718 [debug] [Thread-1 (]: Began compiling node model.multidimensional_modelling.stg_flight_segment
[0m07:16:00.962733 [debug] [Thread-1 (]: Writing injected SQL for node "model.multidimensional_modelling.stg_flight_segment"
[0m07:16:00.975720 [debug] [Thread-1 (]: Timing info for model.multidimensional_modelling.stg_flight_segment (compile): 07:16:00.958244 => 07:16:00.975155
[0m07:16:00.977426 [debug] [Thread-1 (]: Began executing node model.multidimensional_modelling.stg_flight_segment
[0m07:16:00.988276 [debug] [Thread-1 (]: Writing runtime sql for node "model.multidimensional_modelling.stg_flight_segment"
[0m07:16:01.000529 [debug] [Thread-1 (]: Using duckdb connection "model.multidimensional_modelling.stg_flight_segment"
[0m07:16:01.002371 [debug] [Thread-1 (]: On model.multidimensional_modelling.stg_flight_segment: BEGIN
[0m07:16:01.004129 [debug] [Thread-1 (]: Opening a new connection, currently in state closed
[0m07:16:01.029548 [debug] [Thread-1 (]: SQL status: OK in 0.0 seconds
[0m07:16:01.033756 [debug] [Thread-1 (]: Using duckdb connection "model.multidimensional_modelling.stg_flight_segment"
[0m07:16:01.035648 [debug] [Thread-1 (]: On model.multidimensional_modelling.stg_flight_segment: /* {"app": "dbt", "dbt_version": "1.7.4", "profile_name": "dbt_project", "target_name": "duckdb", "node_id": "model.multidimensional_modelling.stg_flight_segment"} */

  
  create view "warehouse"."staging"."stg_flight_segment__dbt_tmp" as (
    select
    cast(segment_id as integer) as segment_id,
    booking_id,
    flight_number,
    origin_airport,
    destination_airport,
    cast(scheduled_departure as timestamp) as scheduled_departure,
    cast(actual_departure as timestamp) as actual_departure,
    initcap(status) as status
from "warehouse"."flight_source"."flight_segment"
  );

[0m07:16:01.075310 [debug] [Thread-1 (]: Timing info for model.multidimensional_modelling.stg_flight_segment (execute): 07:16:00.978780 => 07:16:01.074758
[0m07:16:01.077354 [debug] [Thread-1 (]: On model.multidimensional_modelling.stg_flight_segment: ROLLBACK
[0m07:16:01.080402 [debug] [Thread-1 (]: Failed to rollback 'model.multidimensional_modelling.stg_flight_segment'
[0m07:16:01.083140 [debug] [Thread-1 (]: On model.multidimensional_modelling.stg_flight_segment: Close
[0m07:16:01.090944 [debug] [Thread-1 (]: Runtime Error in model stg_flight_segment (models/staging/stg_flight_segment.sql)
  Catalog Error: Table with name flight_segment does not exist!
  Did you mean "warehouse.src_flight_segment"?
  LINE 14: from "warehouse"."flight_source"."flight_segment"
    );
  ...
                ^
[0m07:16:01.093227 [debug] [Thread-1 (]: Sending event: {'category': 'dbt', 'action': 'run_model', 'label': '5196b884-de73-450b-bd1e-3533aeb4a8ce', 'context': [<snowplow_tracker.self_describing_json.SelfDescribingJson object at 0x77646d5a88e0>]}
[0m07:16:01.095346 [error] [Thread-1 (]: 12 of 38 ERROR creating sql view model staging.stg_flight_segment .............. [[31mERROR[0m in 0.14s]
[0m07:16:01.098984 [debug] [Thread-1 (]: Finished running node model.multidimensional_modelling.stg_flight_segment
[0m07:16:01.101169 [debug] [Thread-1 (]: Began running node model.multidimensional_modelling.stg_guest_profile
[0m07:16:01.103187 [info ] [Thread-1 (]: 13 of 38 START sql view model staging.stg_guest_profile ........................ [RUN]
[0m07:16:01.105915 [debug] [Thread-1 (]: Re-using an available connection from the pool (formerly model.multidimensional_modelling.stg_flight_segment, now model.multidimensional_modelling.stg_guest_profile)
[0m07:16:01.107856 [debug] [Thread-1 (]: Began compiling node model.multidimensional_modelling.stg_guest_profile
[0m07:16:01.115709 [debug] [Thread-1 (]: Writing injected SQL for node "model.multidimensional_modelling.stg_guest_profile"
[0m07:16:01.128022 [debug] [Thread-1 (]: Timing info for model.multidimensional_modelling.stg_guest_profile (compile): 07:16:01.109356 => 07:16:01.127239
[0m07:16:01.130419 [debug] [Thread-1 (]: Began executing node model.multidimensional_modelling.stg_guest_profile
[0m07:16:01.138573 [debug] [Thread-1 (]: Writing runtime sql for node "model.multidimensional_modelling.stg_guest_profile"
[0m07:16:01.153588 [debug] [Thread-1 (]: Using duckdb connection "model.multidimensional_modelling.stg_guest_profile"
[0m07:16:01.155569 [debug] [Thread-1 (]: On model.multidimensional_modelling.stg_guest_profile: BEGIN
[0m07:16:01.157417 [debug] [Thread-1 (]: Opening a new connection, currently in state closed
[0m07:16:01.183631 [debug] [Thread-1 (]: SQL status: OK in 0.0 seconds
[0m07:16:01.185490 [debug] [Thread-1 (]: Using duckdb connection "model.multidimensional_modelling.stg_guest_profile"
[0m07:16:01.187186 [debug] [Thread-1 (]: On model.multidimensional_modelling.stg_guest_profile: /* {"app": "dbt", "dbt_version": "1.7.4", "profile_name": "dbt_project", "target_name": "duckdb", "node_id": "model.multidimensional_modelling.stg_guest_profile"} */

  
  create view "warehouse"."staging"."stg_guest_profile__dbt_tmp" as (
    select
    guest_id,
    cast(customer_key as integer) as customer_key,
    upper(preferred_room_type) as preferred_room_type,
    initcap(smoking_preference) as smoking_preference,
    coalesce(special_request, 'None') as special_request,
    cast(created_at as date) as created_at
from "warehouse"."hotel_source"."guest_profile"
  );

[0m07:16:01.225100 [debug] [Thread-1 (]: Timing info for model.multidimensional_modelling.stg_guest_profile (execute): 07:16:01.132457 => 07:16:01.224483
[0m07:16:01.226966 [debug] [Thread-1 (]: On model.multidimensional_modelling.stg_guest_profile: ROLLBACK
[0m07:16:01.229561 [debug] [Thread-1 (]: Failed to rollback 'model.multidimensional_modelling.stg_guest_profile'
[0m07:16:01.232504 [debug] [Thread-1 (]: On model.multidimensional_modelling.stg_guest_profile: Close
[0m07:16:01.239849 [debug] [Thread-1 (]: Runtime Error in model stg_guest_profile (models/staging/stg_guest_profile.sql)
  Catalog Error: Table with name guest_profile does not exist!
  Did you mean "warehouse.src_guest_profile"?
  LINE 12: from "warehouse"."hotel_source"."guest_profile"
    );
  ...
                ^
[0m07:16:01.242068 [debug] [Thread-1 (]: Sending event: {'category': 'dbt', 'action': 'run_model', 'label': '5196b884-de73-450b-bd1e-3533aeb4a8ce', 'context': [<snowplow_tracker.self_describing_json.SelfDescribingJson object at 0x77646d636680>]}
[0m07:16:01.244264 [error] [Thread-1 (]: 13 of 38 ERROR creating sql view model staging.stg_guest_profile ............... [[31mERROR[0m in 0.14s]
[0m07:16:01.248026 [debug] [Thread-1 (]: Finished running node model.multidimensional_modelling.stg_guest_profile
[0m07:16:01.250300 [debug] [Thread-1 (]: Began running node model.multidimensional_modelling.stg_hotel_property
[0m07:16:01.252457 [info ] [Thread-1 (]: 14 of 38 START sql view model staging.stg_hotel_property ....................... [RUN]
[0m07:16:01.255089 [debug] [Thread-1 (]: Re-using an available connection from the pool (formerly model.multidimensional_modelling.stg_guest_profile, now model.multidimensional_modelling.stg_hotel_property)
[0m07:16:01.257072 [debug] [Thread-1 (]: Began compiling node model.multidimensional_modelling.stg_hotel_property
[0m07:16:01.267466 [debug] [Thread-1 (]: Writing injected SQL for node "model.multidimensional_modelling.stg_hotel_property"
[0m07:16:01.279289 [debug] [Thread-1 (]: Timing info for model.multidimensional_modelling.stg_hotel_property (compile): 07:16:01.258951 => 07:16:01.278672
[0m07:16:01.282476 [debug] [Thread-1 (]: Began executing node model.multidimensional_modelling.stg_hotel_property
[0m07:16:01.290509 [debug] [Thread-1 (]: Writing runtime sql for node "model.multidimensional_modelling.stg_hotel_property"
[0m07:16:01.304604 [debug] [Thread-1 (]: Using duckdb connection "model.multidimensional_modelling.stg_hotel_property"
[0m07:16:01.306691 [debug] [Thread-1 (]: On model.multidimensional_modelling.stg_hotel_property: BEGIN
[0m07:16:01.308397 [debug] [Thread-1 (]: Opening a new connection, currently in state closed
[0m07:16:01.342000 [debug] [Thread-1 (]: SQL status: OK in 0.0 seconds
[0m07:16:01.344035 [debug] [Thread-1 (]: Using duckdb connection "model.multidimensional_modelling.stg_hotel_property"
[0m07:16:01.346335 [debug] [Thread-1 (]: On model.multidimensional_modelling.stg_hotel_property: /* {"app": "dbt", "dbt_version": "1.7.4", "profile_name": "dbt_project", "target_name": "duckdb", "node_id": "model.multidimensional_modelling.stg_hotel_property"} */

  
  create view "warehouse"."staging"."stg_hotel_property__dbt_tmp" as (
    select
    hotel_id,
    initcap(hotel_name) as hotel_name,
    initcap(brand) as brand,
    initcap(city) as city,
    cast(star_rating as integer) as star_rating,
    cast(total_rooms as integer) as total_rooms,
    cast(has_pool as boolean) as has_pool,
    cast(has_gym as boolean) as has_gym,
    cast(created_at as date) as created_at,
    cast(updated_at as date) as updated_at
from "warehouse"."hotel_source"."hotel_property"
  );

[0m07:16:01.380475 [debug] [Thread-1 (]: Timing info for model.multidimensional_modelling.stg_hotel_property (execute): 07:16:01.284050 => 07:16:01.379540
[0m07:16:01.382734 [debug] [Thread-1 (]: On model.multidimensional_modelling.stg_hotel_property: ROLLBACK
[0m07:16:01.385586 [debug] [Thread-1 (]: Failed to rollback 'model.multidimensional_modelling.stg_hotel_property'
[0m07:16:01.387405 [debug] [Thread-1 (]: On model.multidimensional_modelling.stg_hotel_property: Close
[0m07:16:01.395772 [debug] [Thread-1 (]: Runtime Error in model stg_hotel_property (models/staging/stg_hotel_property.sql)
  Catalog Error: Table with name hotel_property does not exist!
  Did you mean "warehouse.src_hotel_property"?
  LINE 16: from "warehouse"."hotel_source"."hotel_property"
    );
  ...
                ^
[0m07:16:01.398967 [debug] [Thread-1 (]: Sending event: {'category': 'dbt', 'action': 'run_model', 'label': '5196b884-de73-450b-bd1e-3533aeb4a8ce', 'context': [<snowplow_tracker.self_describing_json.SelfDescribingJson object at 0x77646d59f8e0>]}
[0m07:16:01.401303 [error] [Thread-1 (]: 14 of 38 ERROR creating sql view model staging.stg_hotel_property .............. [[31mERROR[0m in 0.14s]
[0m07:16:01.403806 [debug] [Thread-1 (]: Finished running node model.multidimensional_modelling.stg_hotel_property
[0m07:16:01.405805 [debug] [Thread-1 (]: Began running node model.multidimensional_modelling.stg_hotel_stay
[0m07:16:01.408817 [info ] [Thread-1 (]: 15 of 38 START sql view model staging.stg_hotel_stay ........................... [RUN]
[0m07:16:01.411648 [debug] [Thread-1 (]: Re-using an available connection from the pool (formerly model.multidimensional_modelling.stg_hotel_property, now model.multidimensional_modelling.stg_hotel_stay)
[0m07:16:01.414394 [debug] [Thread-1 (]: Began compiling node model.multidimensional_modelling.stg_hotel_stay
[0m07:16:01.420973 [debug] [Thread-1 (]: Writing injected SQL for node "model.multidimensional_modelling.stg_hotel_stay"
[0m07:16:01.434392 [debug] [Thread-1 (]: Timing info for model.multidimensional_modelling.stg_hotel_stay (compile): 07:16:01.416090 => 07:16:01.433817
[0m07:16:01.436103 [debug] [Thread-1 (]: Began executing node model.multidimensional_modelling.stg_hotel_stay
[0m07:16:01.448763 [debug] [Thread-1 (]: Writing runtime sql for node "model.multidimensional_modelling.stg_hotel_stay"
[0m07:16:01.472666 [debug] [Thread-1 (]: Using duckdb connection "model.multidimensional_modelling.stg_hotel_stay"
[0m07:16:01.475698 [debug] [Thread-1 (]: On model.multidimensional_modelling.stg_hotel_stay: BEGIN
[0m07:16:01.478854 [debug] [Thread-1 (]: Opening a new connection, currently in state closed
[0m07:16:01.542448 [debug] [Thread-1 (]: SQL status: OK in 0.0 seconds
[0m07:16:01.545479 [debug] [Thread-1 (]: Using duckdb connection "model.multidimensional_modelling.stg_hotel_stay"
[0m07:16:01.552624 [debug] [Thread-1 (]: On model.multidimensional_modelling.stg_hotel_stay: /* {"app": "dbt", "dbt_version": "1.7.4", "profile_name": "dbt_project", "target_name": "duckdb", "node_id": "model.multidimensional_modelling.stg_hotel_stay"} */

  
  create view "warehouse"."staging"."stg_hotel_stay__dbt_tmp" as (
    select
    stay_id,
    reservation_id,
    cast(checkin_date as date) as checkin_date,
    cast(checkout_date as date) as checkout_date,
    cast(number_of_nights as integer) as number_of_nights,
    cast(room_charge_usd as numeric) as room_charge_usd,
    cast(extra_charge_usd as numeric) as extra_charge_usd,
    cast(total_bill_usd as numeric) as total_bill_usd
from "warehouse"."hotel_source"."hotel_stay"
  );

[0m07:16:01.625384 [debug] [Thread-1 (]: Timing info for model.multidimensional_modelling.stg_hotel_stay (execute): 07:16:01.437619 => 07:16:01.624509
[0m07:16:01.627927 [debug] [Thread-1 (]: On model.multidimensional_modelling.stg_hotel_stay: ROLLBACK
[0m07:16:01.632993 [debug] [Thread-1 (]: Failed to rollback 'model.multidimensional_modelling.stg_hotel_stay'
[0m07:16:01.635646 [debug] [Thread-1 (]: On model.multidimensional_modelling.stg_hotel_stay: Close
[0m07:16:01.650964 [debug] [Thread-1 (]: Runtime Error in model stg_hotel_stay (models/staging/stg_hotel_stay.sql)
  Catalog Error: Table with name hotel_stay does not exist!
  Did you mean "warehouse.src_hotel_stay"?
  LINE 14: from "warehouse"."hotel_source"."hotel_stay"
                ^
[0m07:16:01.655232 [debug] [Thread-1 (]: Sending event: {'category': 'dbt', 'action': 'run_model', 'label': '5196b884-de73-450b-bd1e-3533aeb4a8ce', 'context': [<snowplow_tracker.self_describing_json.SelfDescribingJson object at 0x77646d59ed70>]}
[0m07:16:01.659342 [error] [Thread-1 (]: 15 of 38 ERROR creating sql view model staging.stg_hotel_stay .................. [[31mERROR[0m in 0.24s]
[0m07:16:01.665083 [debug] [Thread-1 (]: Finished running node model.multidimensional_modelling.stg_hotel_stay
[0m07:16:01.667742 [debug] [Thread-1 (]: Began running node model.multidimensional_modelling.stg_payment_method
[0m07:16:01.670496 [info ] [Thread-1 (]: 16 of 38 START sql view model staging.stg_payment_method ....................... [RUN]
[0m07:16:01.673891 [debug] [Thread-1 (]: Re-using an available connection from the pool (formerly model.multidimensional_modelling.stg_hotel_stay, now model.multidimensional_modelling.stg_payment_method)
[0m07:16:01.676206 [debug] [Thread-1 (]: Began compiling node model.multidimensional_modelling.stg_payment_method
[0m07:16:01.684048 [debug] [Thread-1 (]: Writing injected SQL for node "model.multidimensional_modelling.stg_payment_method"
[0m07:16:01.697654 [debug] [Thread-1 (]: Timing info for model.multidimensional_modelling.stg_payment_method (compile): 07:16:01.677892 => 07:16:01.696716
[0m07:16:01.699635 [debug] [Thread-1 (]: Began executing node model.multidimensional_modelling.stg_payment_method
[0m07:16:01.707980 [debug] [Thread-1 (]: Writing runtime sql for node "model.multidimensional_modelling.stg_payment_method"
[0m07:16:01.721927 [debug] [Thread-1 (]: Using duckdb connection "model.multidimensional_modelling.stg_payment_method"
[0m07:16:01.723767 [debug] [Thread-1 (]: On model.multidimensional_modelling.stg_payment_method: BEGIN
[0m07:16:01.725628 [debug] [Thread-1 (]: Opening a new connection, currently in state closed
[0m07:16:01.752862 [debug] [Thread-1 (]: SQL status: OK in 0.0 seconds
[0m07:16:01.754930 [debug] [Thread-1 (]: Using duckdb connection "model.multidimensional_modelling.stg_payment_method"
[0m07:16:01.756738 [debug] [Thread-1 (]: On model.multidimensional_modelling.stg_payment_method: /* {"app": "dbt", "dbt_version": "1.7.4", "profile_name": "dbt_project", "target_name": "duckdb", "node_id": "model.multidimensional_modelling.stg_payment_method"} */

  
  create view "warehouse"."staging"."stg_payment_method__dbt_tmp" as (
    select
    cast(payment_method_id as integer) as payment_method_id,
    upper(method_code) as method_code,
    initcap(method_name) as method_name,
    initcap(payment_type) as payment_type,
    initcap(provider) as provider,
    cast(processing_fee_pct as numeric) as processing_fee_pct,
    cast(supports_installment as boolean) as supports_installment
from "warehouse"."payment_source"."payment_method"
  );

[0m07:16:01.792240 [debug] [Thread-1 (]: Timing info for model.multidimensional_modelling.stg_payment_method (execute): 07:16:01.701022 => 07:16:01.791357
[0m07:16:01.796407 [debug] [Thread-1 (]: On model.multidimensional_modelling.stg_payment_method: ROLLBACK
[0m07:16:01.799451 [debug] [Thread-1 (]: Failed to rollback 'model.multidimensional_modelling.stg_payment_method'
[0m07:16:01.801214 [debug] [Thread-1 (]: On model.multidimensional_modelling.stg_payment_method: Close
[0m07:16:01.809046 [debug] [Thread-1 (]: Runtime Error in model stg_payment_method (models/staging/stg_payment_method.sql)
  Catalog Error: Table with name payment_method does not exist!
  Did you mean "warehouse.src_payment_method"?
  LINE 13: from "warehouse"."payment_source"."payment_method"
    );
  ...
                ^
[0m07:16:01.811205 [debug] [Thread-1 (]: Sending event: {'category': 'dbt', 'action': 'run_model', 'label': '5196b884-de73-450b-bd1e-3533aeb4a8ce', 'context': [<snowplow_tracker.self_describing_json.SelfDescribingJson object at 0x77646d59e8f0>]}
[0m07:16:01.814959 [error] [Thread-1 (]: 16 of 38 ERROR creating sql view model staging.stg_payment_method .............. [[31mERROR[0m in 0.14s]
[0m07:16:01.817329 [debug] [Thread-1 (]: Finished running node model.multidimensional_modelling.stg_payment_method
[0m07:16:01.819206 [debug] [Thread-1 (]: Began running node model.multidimensional_modelling.stg_payment_transaction
[0m07:16:01.821473 [info ] [Thread-1 (]: 17 of 38 START sql view model staging.stg_payment_transaction .................. [RUN]
[0m07:16:01.824305 [debug] [Thread-1 (]: Re-using an available connection from the pool (formerly model.multidimensional_modelling.stg_payment_method, now model.multidimensional_modelling.stg_payment_transaction)
[0m07:16:01.826399 [debug] [Thread-1 (]: Began compiling node model.multidimensional_modelling.stg_payment_transaction
[0m07:16:01.833485 [debug] [Thread-1 (]: Writing injected SQL for node "model.multidimensional_modelling.stg_payment_transaction"
[0m07:16:01.846348 [debug] [Thread-1 (]: Timing info for model.multidimensional_modelling.stg_payment_transaction (compile): 07:16:01.827830 => 07:16:01.845418
[0m07:16:01.848638 [debug] [Thread-1 (]: Began executing node model.multidimensional_modelling.stg_payment_transaction
[0m07:16:01.859651 [debug] [Thread-1 (]: Writing runtime sql for node "model.multidimensional_modelling.stg_payment_transaction"
[0m07:16:01.915185 [debug] [Thread-1 (]: Using duckdb connection "model.multidimensional_modelling.stg_payment_transaction"
[0m07:16:01.939074 [debug] [Thread-1 (]: On model.multidimensional_modelling.stg_payment_transaction: BEGIN
[0m07:16:01.947744 [debug] [Thread-1 (]: Opening a new connection, currently in state closed
[0m07:16:02.055945 [debug] [Thread-1 (]: SQL status: OK in 0.0 seconds
[0m07:16:02.076576 [debug] [Thread-1 (]: Using duckdb connection "model.multidimensional_modelling.stg_payment_transaction"
[0m07:16:02.088765 [debug] [Thread-1 (]: On model.multidimensional_modelling.stg_payment_transaction: /* {"app": "dbt", "dbt_version": "1.7.4", "profile_name": "dbt_project", "target_name": "duckdb", "node_id": "model.multidimensional_modelling.stg_payment_transaction"} */

  
  create view "warehouse"."staging"."stg_payment_transaction__dbt_tmp" as (
    select
    payment_id,
    payment_reference,
    invoice_number,
    cast(customer_key as integer) as customer_key,
    cast(transaction_date as date) as transaction_date,
    cast(transaction_time as time) as transaction_time,
    cast(payment_method_id as integer) as payment_method_id,
    upper(currency_code) as currency_code,
    initcap(payment_gateway) as payment_gateway,
    initcap(payment_status) as payment_status,
    cast(gross_amount_usd as numeric) as gross_amount_usd,
    cast(discount_usd as numeric) as discount_usd,
    cast(tax_usd as numeric) as tax_usd,
    cast(net_amount_usd as numeric) as net_amount_usd,
    cast(refund_amount_usd as numeric) as refund_amount_usd,
    cast(gateway_fee_usd as numeric) as gateway_fee_usd,
    cast(installment_months as integer) as installment_months,
    upper(source_type) as source_type,
    source_reference
from "warehouse"."payment_source"."payment_transaction"
  );

[0m07:16:02.199119 [debug] [Thread-1 (]: Timing info for model.multidimensional_modelling.stg_payment_transaction (execute): 07:16:01.850159 => 07:16:02.198379
[0m07:16:02.203144 [debug] [Thread-1 (]: On model.multidimensional_modelling.stg_payment_transaction: ROLLBACK
[0m07:16:02.208877 [debug] [Thread-1 (]: Failed to rollback 'model.multidimensional_modelling.stg_payment_transaction'
[0m07:16:02.214138 [debug] [Thread-1 (]: On model.multidimensional_modelling.stg_payment_transaction: Close
[0m07:16:02.236483 [debug] [Thread-1 (]: Runtime Error in model stg_payment_transaction (models/staging/stg_payment_transaction.sql)
  Catalog Error: Table with name payment_transaction does not exist!
  Did you mean "warehouse.src_payment_transaction"?
  LINE 25: from "warehouse"."payment_source"."payment_transaction"
    );
  ...
                ^
[0m07:16:02.239708 [debug] [Thread-1 (]: Sending event: {'category': 'dbt', 'action': 'run_model', 'label': '5196b884-de73-450b-bd1e-3533aeb4a8ce', 'context': [<snowplow_tracker.self_describing_json.SelfDescribingJson object at 0x77646d5dc070>]}
[0m07:16:02.243234 [error] [Thread-1 (]: 17 of 38 ERROR creating sql view model staging.stg_payment_transaction ......... [[31mERROR[0m in 0.42s]
[0m07:16:02.248588 [debug] [Thread-1 (]: Finished running node model.multidimensional_modelling.stg_payment_transaction
[0m07:16:02.252095 [debug] [Thread-1 (]: Began running node model.multidimensional_modelling.stg_rental_order
[0m07:16:02.255374 [info ] [Thread-1 (]: 18 of 38 START sql view model staging.stg_rental_order ......................... [RUN]
[0m07:16:02.259200 [debug] [Thread-1 (]: Re-using an available connection from the pool (formerly model.multidimensional_modelling.stg_payment_transaction, now model.multidimensional_modelling.stg_rental_order)
[0m07:16:02.265412 [debug] [Thread-1 (]: Began compiling node model.multidimensional_modelling.stg_rental_order
[0m07:16:02.275730 [debug] [Thread-1 (]: Writing injected SQL for node "model.multidimensional_modelling.stg_rental_order"
[0m07:16:02.301735 [debug] [Thread-1 (]: Timing info for model.multidimensional_modelling.stg_rental_order (compile): 07:16:02.267864 => 07:16:02.300763
[0m07:16:02.305172 [debug] [Thread-1 (]: Began executing node model.multidimensional_modelling.stg_rental_order
[0m07:16:02.324277 [debug] [Thread-1 (]: Writing runtime sql for node "model.multidimensional_modelling.stg_rental_order"
[0m07:16:02.350101 [debug] [Thread-1 (]: Using duckdb connection "model.multidimensional_modelling.stg_rental_order"
[0m07:16:02.353891 [debug] [Thread-1 (]: On model.multidimensional_modelling.stg_rental_order: BEGIN
[0m07:16:02.364167 [debug] [Thread-1 (]: Opening a new connection, currently in state closed
[0m07:16:02.429476 [debug] [Thread-1 (]: SQL status: OK in 0.0 seconds
[0m07:16:02.432530 [debug] [Thread-1 (]: Using duckdb connection "model.multidimensional_modelling.stg_rental_order"
[0m07:16:02.434872 [debug] [Thread-1 (]: On model.multidimensional_modelling.stg_rental_order: /* {"app": "dbt", "dbt_version": "1.7.4", "profile_name": "dbt_project", "target_name": "duckdb", "node_id": "model.multidimensional_modelling.stg_rental_order"} */

  
  create view "warehouse"."staging"."stg_rental_order__dbt_tmp" as (
    select
    order_id,
    cast(customer_key as integer) as customer_key,
    reservation_id,
    segment_id,
    vehicle_id,
    driver_id,
    upper(pickup_airport) as pickup_airport,
    cast(order_date as date) as order_date,
    cast(scheduled_pickup as timestamp) as scheduled_pickup,
    initcap(order_status) as order_status,
    coalesce(special_request, 'None') as special_request,
    cast(estimated_rate_usd as numeric) as estimated_rate_usd
from "warehouse"."rental_source"."rental_order"
  );

[0m07:16:02.472768 [debug] [Thread-1 (]: Timing info for model.multidimensional_modelling.stg_rental_order (execute): 07:16:02.307522 => 07:16:02.472190
[0m07:16:02.474899 [debug] [Thread-1 (]: On model.multidimensional_modelling.stg_rental_order: ROLLBACK
[0m07:16:02.477988 [debug] [Thread-1 (]: Failed to rollback 'model.multidimensional_modelling.stg_rental_order'
[0m07:16:02.480607 [debug] [Thread-1 (]: On model.multidimensional_modelling.stg_rental_order: Close
[0m07:16:02.490174 [debug] [Thread-1 (]: Runtime Error in model stg_rental_order (models/staging/stg_rental_order.sql)
  Catalog Error: Table with name rental_order does not exist!
  Did you mean "warehouse.src_rental_order"?
  LINE 18: from "warehouse"."rental_source"."rental_order"
    );
  ...
                ^
[0m07:16:02.492474 [debug] [Thread-1 (]: Sending event: {'category': 'dbt', 'action': 'run_model', 'label': '5196b884-de73-450b-bd1e-3533aeb4a8ce', 'context': [<snowplow_tracker.self_describing_json.SelfDescribingJson object at 0x77646d68f7c0>]}
[0m07:16:02.496359 [error] [Thread-1 (]: 18 of 38 ERROR creating sql view model staging.stg_rental_order ................ [[31mERROR[0m in 0.23s]
[0m07:16:02.499060 [debug] [Thread-1 (]: Finished running node model.multidimensional_modelling.stg_rental_order
[0m07:16:02.500992 [debug] [Thread-1 (]: Began running node model.multidimensional_modelling.stg_rental_trip
[0m07:16:02.503111 [info ] [Thread-1 (]: 19 of 38 START sql view model staging.stg_rental_trip .......................... [RUN]
[0m07:16:02.505743 [debug] [Thread-1 (]: Re-using an available connection from the pool (formerly model.multidimensional_modelling.stg_rental_order, now model.multidimensional_modelling.stg_rental_trip)
[0m07:16:02.507698 [debug] [Thread-1 (]: Began compiling node model.multidimensional_modelling.stg_rental_trip
[0m07:16:02.515752 [debug] [Thread-1 (]: Writing injected SQL for node "model.multidimensional_modelling.stg_rental_trip"
[0m07:16:02.530039 [debug] [Thread-1 (]: Timing info for model.multidimensional_modelling.stg_rental_trip (compile): 07:16:02.509099 => 07:16:02.529383
[0m07:16:02.531970 [debug] [Thread-1 (]: Began executing node model.multidimensional_modelling.stg_rental_trip
[0m07:16:02.539414 [debug] [Thread-1 (]: Writing runtime sql for node "model.multidimensional_modelling.stg_rental_trip"
[0m07:16:02.553941 [debug] [Thread-1 (]: Using duckdb connection "model.multidimensional_modelling.stg_rental_trip"
[0m07:16:02.555858 [debug] [Thread-1 (]: On model.multidimensional_modelling.stg_rental_trip: BEGIN
[0m07:16:02.557902 [debug] [Thread-1 (]: Opening a new connection, currently in state closed
[0m07:16:02.585642 [debug] [Thread-1 (]: SQL status: OK in 0.0 seconds
[0m07:16:02.587557 [debug] [Thread-1 (]: Using duckdb connection "model.multidimensional_modelling.stg_rental_trip"
[0m07:16:02.589508 [debug] [Thread-1 (]: On model.multidimensional_modelling.stg_rental_trip: /* {"app": "dbt", "dbt_version": "1.7.4", "profile_name": "dbt_project", "target_name": "duckdb", "node_id": "model.multidimensional_modelling.stg_rental_trip"} */

  
  create view "warehouse"."staging"."stg_rental_trip__dbt_tmp" as (
    select
    cast(trip_id as integer) as trip_id,
    order_id,
    cast(actual_pickup as timestamp) as actual_pickup,
    cast(actual_dropoff as timestamp) as actual_dropoff,
    cast(delay_minutes as integer) as delay_minutes,
    cast(duration_minutes as integer) as duration_minutes,
    cast(distance_km as numeric) as distance_km,
    cast(base_charge_usd as numeric) as base_charge_usd,
    cast(surcharge_usd as numeric) as surcharge_usd,
    cast(total_charge_usd as numeric) as total_charge_usd,
    initcap(trip_status) as trip_status,
    cast(driver_rating as numeric) as driver_rating
from "warehouse"."rental_source"."rental_trip"
  );

[0m07:16:02.629734 [debug] [Thread-1 (]: Timing info for model.multidimensional_modelling.stg_rental_trip (execute): 07:16:02.533400 => 07:16:02.628121
[0m07:16:02.633737 [debug] [Thread-1 (]: On model.multidimensional_modelling.stg_rental_trip: ROLLBACK
[0m07:16:02.637802 [debug] [Thread-1 (]: Failed to rollback 'model.multidimensional_modelling.stg_rental_trip'
[0m07:16:02.640335 [debug] [Thread-1 (]: On model.multidimensional_modelling.stg_rental_trip: Close
[0m07:16:02.652306 [debug] [Thread-1 (]: Runtime Error in model stg_rental_trip (models/staging/stg_rental_trip.sql)
  Catalog Error: Table with name rental_trip does not exist!
  Did you mean "warehouse.src_rental_trip"?
  LINE 18: from "warehouse"."rental_source"."rental_trip"
    );
  ...
                ^
[0m07:16:02.655154 [debug] [Thread-1 (]: Sending event: {'category': 'dbt', 'action': 'run_model', 'label': '5196b884-de73-450b-bd1e-3533aeb4a8ce', 'context': [<snowplow_tracker.self_describing_json.SelfDescribingJson object at 0x77646d5dc040>]}
[0m07:16:02.658612 [error] [Thread-1 (]: 19 of 38 ERROR creating sql view model staging.stg_rental_trip ................. [[31mERROR[0m in 0.15s]
[0m07:16:02.663921 [debug] [Thread-1 (]: Finished running node model.multidimensional_modelling.stg_rental_trip
[0m07:16:02.666822 [debug] [Thread-1 (]: Began running node model.multidimensional_modelling.stg_reservation
[0m07:16:02.670442 [info ] [Thread-1 (]: 20 of 38 START sql view model staging.stg_reservation .......................... [RUN]
[0m07:16:02.675886 [debug] [Thread-1 (]: Re-using an available connection from the pool (formerly model.multidimensional_modelling.stg_rental_trip, now model.multidimensional_modelling.stg_reservation)
[0m07:16:02.680304 [debug] [Thread-1 (]: Began compiling node model.multidimensional_modelling.stg_reservation
[0m07:16:02.689142 [debug] [Thread-1 (]: Writing injected SQL for node "model.multidimensional_modelling.stg_reservation"
[0m07:16:02.715607 [debug] [Thread-1 (]: Timing info for model.multidimensional_modelling.stg_reservation (compile): 07:16:02.682421 => 07:16:02.714850
[0m07:16:02.717928 [debug] [Thread-1 (]: Began executing node model.multidimensional_modelling.stg_reservation
[0m07:16:02.733120 [debug] [Thread-1 (]: Writing runtime sql for node "model.multidimensional_modelling.stg_reservation"
[0m07:16:02.749802 [debug] [Thread-1 (]: Using duckdb connection "model.multidimensional_modelling.stg_reservation"
[0m07:16:02.751887 [debug] [Thread-1 (]: On model.multidimensional_modelling.stg_reservation: BEGIN
[0m07:16:02.754040 [debug] [Thread-1 (]: Opening a new connection, currently in state closed
[0m07:16:02.782623 [debug] [Thread-1 (]: SQL status: OK in 0.0 seconds
[0m07:16:02.784702 [debug] [Thread-1 (]: Using duckdb connection "model.multidimensional_modelling.stg_reservation"
[0m07:16:02.786791 [debug] [Thread-1 (]: On model.multidimensional_modelling.stg_reservation: /* {"app": "dbt", "dbt_version": "1.7.4", "profile_name": "dbt_project", "target_name": "duckdb", "node_id": "model.multidimensional_modelling.stg_reservation"} */

  
  create view "warehouse"."staging"."stg_reservation__dbt_tmp" as (
    select
    reservation_id,
    guest_id,
    hotel_id,
    cast(booking_date as date) as booking_date,
    cast(arrival_date as date) as arrival_date,
    cast(departure_date as date) as departure_date,
    initcap(reservation_status) as reservation_status,
    initcap(booking_source) as booking_source
from "warehouse"."flight_source"."reservation"
  );

[0m07:16:02.825785 [debug] [Thread-1 (]: Timing info for model.multidimensional_modelling.stg_reservation (execute): 07:16:02.722069 => 07:16:02.825202
[0m07:16:02.829653 [debug] [Thread-1 (]: On model.multidimensional_modelling.stg_reservation: ROLLBACK
[0m07:16:02.832408 [debug] [Thread-1 (]: Failed to rollback 'model.multidimensional_modelling.stg_reservation'
[0m07:16:02.834357 [debug] [Thread-1 (]: On model.multidimensional_modelling.stg_reservation: Close
[0m07:16:02.842890 [debug] [Thread-1 (]: Runtime Error in model stg_reservation (models/staging/stg_reservation.sql)
  Catalog Error: Table with name reservation does not exist!
  Did you mean "warehouse.src_reservation"?
  LINE 14: from "warehouse"."flight_source"."reservation"
    );
  ...
                ^
[0m07:16:02.846476 [debug] [Thread-1 (]: Sending event: {'category': 'dbt', 'action': 'run_model', 'label': '5196b884-de73-450b-bd1e-3533aeb4a8ce', 'context': [<snowplow_tracker.self_describing_json.SelfDescribingJson object at 0x77646d683760>]}
[0m07:16:02.848671 [error] [Thread-1 (]: 20 of 38 ERROR creating sql view model staging.stg_reservation ................. [[31mERROR[0m in 0.17s]
[0m07:16:02.851288 [debug] [Thread-1 (]: Finished running node model.multidimensional_modelling.stg_reservation
[0m07:16:02.853454 [debug] [Thread-1 (]: Began running node model.multidimensional_modelling.stg_room_inventory
[0m07:16:02.855798 [info ] [Thread-1 (]: 21 of 38 START sql view model staging.stg_room_inventory ....................... [RUN]
[0m07:16:02.858380 [debug] [Thread-1 (]: Re-using an available connection from the pool (formerly model.multidimensional_modelling.stg_reservation, now model.multidimensional_modelling.stg_room_inventory)
[0m07:16:02.861855 [debug] [Thread-1 (]: Began compiling node model.multidimensional_modelling.stg_room_inventory
[0m07:16:02.868251 [debug] [Thread-1 (]: Writing injected SQL for node "model.multidimensional_modelling.stg_room_inventory"
[0m07:16:02.882918 [debug] [Thread-1 (]: Timing info for model.multidimensional_modelling.stg_room_inventory (compile): 07:16:02.863428 => 07:16:02.882281
[0m07:16:02.884672 [debug] [Thread-1 (]: Began executing node model.multidimensional_modelling.stg_room_inventory
[0m07:16:02.896873 [debug] [Thread-1 (]: Writing runtime sql for node "model.multidimensional_modelling.stg_room_inventory"
[0m07:16:02.909628 [debug] [Thread-1 (]: Using duckdb connection "model.multidimensional_modelling.stg_room_inventory"
[0m07:16:02.912571 [debug] [Thread-1 (]: On model.multidimensional_modelling.stg_room_inventory: BEGIN
[0m07:16:02.914309 [debug] [Thread-1 (]: Opening a new connection, currently in state closed
[0m07:16:02.939248 [debug] [Thread-1 (]: SQL status: OK in 0.0 seconds
[0m07:16:02.941610 [debug] [Thread-1 (]: Using duckdb connection "model.multidimensional_modelling.stg_room_inventory"
[0m07:16:02.945440 [debug] [Thread-1 (]: On model.multidimensional_modelling.stg_room_inventory: /* {"app": "dbt", "dbt_version": "1.7.4", "profile_name": "dbt_project", "target_name": "duckdb", "node_id": "model.multidimensional_modelling.stg_room_inventory"} */

  
  create view "warehouse"."staging"."stg_room_inventory__dbt_tmp" as (
    select
    room_id,
    hotel_id,
    cast(room_number as integer) as room_number,
    upper(room_type_code) as room_type_code,
    initcap(room_type_name) as room_type_name,
    cast(base_rate_usd as numeric) as base_rate_usd,
    cast(is_active as boolean) as is_active
from "warehouse"."hotel_source"."room_inventory"
  );

[0m07:16:02.986880 [debug] [Thread-1 (]: Timing info for model.multidimensional_modelling.stg_room_inventory (execute): 07:16:02.886176 => 07:16:02.986152
[0m07:16:02.989116 [debug] [Thread-1 (]: On model.multidimensional_modelling.stg_room_inventory: ROLLBACK
[0m07:16:02.992178 [debug] [Thread-1 (]: Failed to rollback 'model.multidimensional_modelling.stg_room_inventory'
[0m07:16:02.995681 [debug] [Thread-1 (]: On model.multidimensional_modelling.stg_room_inventory: Close
[0m07:16:03.003760 [debug] [Thread-1 (]: Runtime Error in model stg_room_inventory (models/staging/stg_room_inventory.sql)
  Catalog Error: Table with name room_inventory does not exist!
  Did you mean "warehouse.src_room_inventory"?
  LINE 13: from "warehouse"."hotel_source"."room_inventory"
    );
  ...
                ^
[0m07:16:03.005893 [debug] [Thread-1 (]: Sending event: {'category': 'dbt', 'action': 'run_model', 'label': '5196b884-de73-450b-bd1e-3533aeb4a8ce', 'context': [<snowplow_tracker.self_describing_json.SelfDescribingJson object at 0x77646d5d7ca0>]}
[0m07:16:03.008016 [error] [Thread-1 (]: 21 of 38 ERROR creating sql view model staging.stg_room_inventory .............. [[31mERROR[0m in 0.15s]
[0m07:16:03.011517 [debug] [Thread-1 (]: Finished running node model.multidimensional_modelling.stg_room_inventory
[0m07:16:03.013817 [debug] [Thread-1 (]: Began running node model.multidimensional_modelling.stg_vehicle
[0m07:16:03.016045 [info ] [Thread-1 (]: 22 of 38 START sql view model staging.stg_vehicle .............................. [RUN]
[0m07:16:03.019018 [debug] [Thread-1 (]: Re-using an available connection from the pool (formerly model.multidimensional_modelling.stg_room_inventory, now model.multidimensional_modelling.stg_vehicle)
[0m07:16:03.020825 [debug] [Thread-1 (]: Began compiling node model.multidimensional_modelling.stg_vehicle
[0m07:16:03.027567 [debug] [Thread-1 (]: Writing injected SQL for node "model.multidimensional_modelling.stg_vehicle"
[0m07:16:03.041544 [debug] [Thread-1 (]: Timing info for model.multidimensional_modelling.stg_vehicle (compile): 07:16:03.022567 => 07:16:03.040748
[0m07:16:03.044142 [debug] [Thread-1 (]: Began executing node model.multidimensional_modelling.stg_vehicle
[0m07:16:03.051870 [debug] [Thread-1 (]: Writing runtime sql for node "model.multidimensional_modelling.stg_vehicle"
[0m07:16:03.067217 [debug] [Thread-1 (]: Using duckdb connection "model.multidimensional_modelling.stg_vehicle"
[0m07:16:03.069445 [debug] [Thread-1 (]: On model.multidimensional_modelling.stg_vehicle: BEGIN
[0m07:16:03.071557 [debug] [Thread-1 (]: Opening a new connection, currently in state closed
[0m07:16:03.107712 [debug] [Thread-1 (]: SQL status: OK in 0.0 seconds
[0m07:16:03.110402 [debug] [Thread-1 (]: Using duckdb connection "model.multidimensional_modelling.stg_vehicle"
[0m07:16:03.112988 [debug] [Thread-1 (]: On model.multidimensional_modelling.stg_vehicle: /* {"app": "dbt", "dbt_version": "1.7.4", "profile_name": "dbt_project", "target_name": "duckdb", "node_id": "model.multidimensional_modelling.stg_vehicle"} */

  
  create view "warehouse"."staging"."stg_vehicle__dbt_tmp" as (
    select
    vehicle_id,
    plate,
    upper(type_code) as type_code,
    initcap(type_name) as type_name,
    initcap(category) as category,
    initcap(brand) as brand,
    initcap(model) as model,
    cast(seat_capacity as integer) as seat_capacity,
    cast(rate_usd_day as numeric) as rate_usd_day,
    cast(prod_year as integer) as prod_year,
    initcap(status) as status
from "warehouse"."rental_source"."vehicle"
  );

[0m07:16:03.153436 [debug] [Thread-1 (]: Timing info for model.multidimensional_modelling.stg_vehicle (execute): 07:16:03.046033 => 07:16:03.152673
[0m07:16:03.156106 [debug] [Thread-1 (]: On model.multidimensional_modelling.stg_vehicle: ROLLBACK
[0m07:16:03.161851 [debug] [Thread-1 (]: Failed to rollback 'model.multidimensional_modelling.stg_vehicle'
[0m07:16:03.164196 [debug] [Thread-1 (]: On model.multidimensional_modelling.stg_vehicle: Close
[0m07:16:03.177626 [debug] [Thread-1 (]: Runtime Error in model stg_vehicle (models/staging/stg_vehicle.sql)
  Catalog Error: Table with name vehicle does not exist!
  Did you mean "warehouse.src_vehicle"?
  LINE 17: from "warehouse"."rental_source"."vehicle"
                ^
[0m07:16:03.180742 [debug] [Thread-1 (]: Sending event: {'category': 'dbt', 'action': 'run_model', 'label': '5196b884-de73-450b-bd1e-3533aeb4a8ce', 'context': [<snowplow_tracker.self_describing_json.SelfDescribingJson object at 0x77646d7a78e0>]}
[0m07:16:05.326008 [error] [Thread-1 (]: 22 of 38 ERROR creating sql view model staging.stg_vehicle ..................... [[31mERROR[0m in 0.16s]
[0m07:16:05.329929 [debug] [Thread-1 (]: Finished running node model.multidimensional_modelling.stg_vehicle
[0m07:16:05.332393 [debug] [Thread-1 (]: Began running node model.multidimensional_modelling.dim_aircraft
[0m07:16:05.335305 [info ] [Thread-1 (]: 23 of 38 SKIP relation staging.dim_aircraft .................................... [[33mSKIP[0m]
[0m07:16:05.338027 [debug] [Thread-1 (]: Finished running node model.multidimensional_modelling.dim_aircraft
[0m07:16:05.341573 [debug] [Thread-1 (]: Began running node model.multidimensional_modelling.dim_airport
[0m07:16:05.344016 [info ] [Thread-1 (]: 24 of 38 SKIP relation staging.dim_airport ..................................... [[33mSKIP[0m]
[0m07:16:05.347120 [debug] [Thread-1 (]: Finished running node model.multidimensional_modelling.dim_airport
[0m07:16:05.350208 [debug] [Thread-1 (]: Began running node model.multidimensional_modelling.dim_booking_channel
[0m07:16:05.353601 [info ] [Thread-1 (]: 25 of 38 SKIP relation staging.dim_booking_channel ............................. [[33mSKIP[0m]
[0m07:16:05.360531 [debug] [Thread-1 (]: Finished running node model.multidimensional_modelling.dim_booking_channel
[0m07:16:05.367111 [debug] [Thread-1 (]: Began running node model.multidimensional_modelling.dim_currency
[0m07:16:05.370400 [info ] [Thread-1 (]: 26 of 38 SKIP relation staging.dim_currency .................................... [[33mSKIP[0m]
[0m07:16:05.375933 [debug] [Thread-1 (]: Finished running node model.multidimensional_modelling.dim_currency
[0m07:16:05.378636 [debug] [Thread-1 (]: Began running node model.multidimensional_modelling.dim_customer
[0m07:16:05.381048 [info ] [Thread-1 (]: 27 of 38 SKIP relation staging.dim_customer .................................... [[33mSKIP[0m]
[0m07:16:05.383488 [debug] [Thread-1 (]: Finished running node model.multidimensional_modelling.dim_customer
[0m07:16:05.385848 [debug] [Thread-1 (]: Began running node model.multidimensional_modelling.dim_driver
[0m07:16:05.388172 [info ] [Thread-1 (]: 28 of 38 SKIP relation staging.dim_driver ...................................... [[33mSKIP[0m]
[0m07:16:05.392124 [debug] [Thread-1 (]: Finished running node model.multidimensional_modelling.dim_driver
[0m07:16:05.394561 [debug] [Thread-1 (]: Began running node model.multidimensional_modelling.dim_hotel_property
[0m07:16:05.397024 [info ] [Thread-1 (]: 29 of 38 SKIP relation staging.dim_hotel_property .............................. [[33mSKIP[0m]
[0m07:16:05.399528 [debug] [Thread-1 (]: Finished running node model.multidimensional_modelling.dim_hotel_property
[0m07:16:05.402317 [debug] [Thread-1 (]: Began running node model.multidimensional_modelling.dim_payment_method
[0m07:16:05.404724 [info ] [Thread-1 (]: 30 of 38 SKIP relation staging.dim_payment_method .............................. [[33mSKIP[0m]
[0m07:16:05.409184 [debug] [Thread-1 (]: Finished running node model.multidimensional_modelling.dim_payment_method
[0m07:16:05.411534 [debug] [Thread-1 (]: Began running node model.multidimensional_modelling.int_payment_transaction
[0m07:16:05.414063 [info ] [Thread-1 (]: 31 of 38 SKIP relation staging.int_payment_transaction ......................... [[33mSKIP[0m]
[0m07:16:05.418548 [debug] [Thread-1 (]: Finished running node model.multidimensional_modelling.int_payment_transaction
[0m07:16:05.421438 [debug] [Thread-1 (]: Began running node model.multidimensional_modelling.dim_reservation_status
[0m07:16:05.425390 [info ] [Thread-1 (]: 32 of 38 SKIP relation staging.dim_reservation_status .......................... [[33mSKIP[0m]
[0m07:16:05.428253 [debug] [Thread-1 (]: Finished running node model.multidimensional_modelling.dim_reservation_status
[0m07:16:05.432225 [debug] [Thread-1 (]: Began running node model.multidimensional_modelling.dim_room_inventory
[0m07:16:05.437210 [info ] [Thread-1 (]: 33 of 38 SKIP relation staging.dim_room_inventory .............................. [[33mSKIP[0m]
[0m07:16:05.441026 [debug] [Thread-1 (]: Finished running node model.multidimensional_modelling.dim_room_inventory
[0m07:16:05.443558 [debug] [Thread-1 (]: Began running node model.multidimensional_modelling.dim_vehicle
[0m07:16:05.446659 [info ] [Thread-1 (]: 34 of 38 SKIP relation staging.dim_vehicle ..................................... [[33mSKIP[0m]
[0m07:16:05.449776 [debug] [Thread-1 (]: Finished running node model.multidimensional_modelling.dim_vehicle
[0m07:16:05.452302 [debug] [Thread-1 (]: Began running node model.multidimensional_modelling.fact_flight
[0m07:16:05.454799 [info ] [Thread-1 (]: 35 of 38 SKIP relation staging.fact_flight ..................................... [[33mSKIP[0m]
[0m07:16:05.458947 [debug] [Thread-1 (]: Finished running node model.multidimensional_modelling.fact_flight
[0m07:16:05.461668 [debug] [Thread-1 (]: Began running node model.multidimensional_modelling.fact_payment_transaction
[0m07:16:05.464104 [info ] [Thread-1 (]: 36 of 38 SKIP relation staging.fact_payment_transaction ........................ [[33mSKIP[0m]
[0m07:16:05.466691 [debug] [Thread-1 (]: Finished running node model.multidimensional_modelling.fact_payment_transaction
[0m07:16:05.468978 [debug] [Thread-1 (]: Began running node model.multidimensional_modelling.fact_hotel
[0m07:16:05.471154 [info ] [Thread-1 (]: 37 of 38 SKIP relation staging.fact_hotel ...................................... [[33mSKIP[0m]
[0m07:16:05.474710 [debug] [Thread-1 (]: Finished running node model.multidimensional_modelling.fact_hotel
[0m07:16:05.476812 [debug] [Thread-1 (]: Began running node model.multidimensional_modelling.fact_rental
[0m07:16:05.478923 [info ] [Thread-1 (]: 38 of 38 SKIP relation staging.fact_rental ..................................... [[33mSKIP[0m]
[0m07:16:05.481020 [debug] [Thread-1 (]: Finished running node model.multidimensional_modelling.fact_rental
[0m07:16:05.485524 [debug] [MainThread]: Using duckdb connection "master"
[0m07:16:05.487457 [debug] [MainThread]: On master: BEGIN
[0m07:16:05.490508 [debug] [MainThread]: Opening a new connection, currently in state closed
[0m07:16:05.518882 [debug] [MainThread]: SQL status: OK in 0.0 seconds
[0m07:16:05.520832 [debug] [MainThread]: On master: COMMIT
[0m07:16:05.524007 [debug] [MainThread]: Using duckdb connection "master"
[0m07:16:05.525653 [debug] [MainThread]: On master: COMMIT
[0m07:16:05.528072 [debug] [MainThread]: SQL status: OK in 0.0 seconds
[0m07:16:05.530143 [debug] [MainThread]: On master: Close
[0m07:16:05.536442 [debug] [MainThread]: Connection 'master' was properly closed.
[0m07:16:05.539428 [debug] [MainThread]: Connection 'list_warehouse_staging' was properly closed.
[0m07:16:05.541192 [debug] [MainThread]: Connection 'model.multidimensional_modelling.stg_vehicle' was properly closed.
[0m07:16:05.542833 [info ] [MainThread]: 
[0m07:16:05.544593 [info ] [MainThread]: Finished running 38 view models in 0 hours 0 minutes and 7.17 seconds (7.17s).
[0m07:16:05.552300 [debug] [MainThread]: Command end result
[0m07:16:05.644097 [info ] [MainThread]: 
[0m07:16:05.646256 [info ] [MainThread]: [31mCompleted with 22 errors and 0 warnings:[0m
[0m07:16:05.648219 [info ] [MainThread]: 
[0m07:16:05.650272 [error] [MainThread]:   Runtime Error in model dim_date (models/marts/dim/dim_date.sql)
  Parser Error: syntax error at or near ";"
[0m07:16:05.652881 [info ] [MainThread]: 
[0m07:16:05.657000 [error] [MainThread]:   Runtime Error in model int_flight (models/intermediate/int_flight.sql)
  Catalog Error: Table with name src_booking does not exist!
  Did you mean "warehouse.src_booking"?
  LINE 18: from "warehouse"."flight_source"."src_booking" b
  join "warehouse"."flight_source"."src_flight_segment" fs on b.booking_id = fs.booking_id
  join "warehouse"."flight_source"."src_aircraft" ac on fs.aircraft_id = ac.aircraft_id
  join "warehouse"."flight_source"."src_airport" ap on fs.origin_airport_code = ap.airport_code
  join "warehouse"."ch_booking_source"."src_book_channel" bc on b.channel_key = bc.channel_key
    );
  ...
                ^
[0m07:16:05.659997 [info ] [MainThread]: 
[0m07:16:05.662471 [error] [MainThread]:   Runtime Error in model int_hotel (models/intermediate/int_hotel.sql)
  Catalog Error: Table with name src_payment_transaction does not exist!
  Did you mean "warehouse.src_payment_transaction"?
  LINE 25: from "warehouse"."payment_source"."src_payment_transaction" pt
  join "warehouse"."payment_source"."src_payment_method" pm on pt.payment_method_id = pm.payment_method_id
  join "warehouse"."payment_source"."src_currency" cur on pt.currency_code = cur.currency_code
    );
  ...
                ^
[0m07:16:05.664765 [info ] [MainThread]: 
[0m07:16:05.666769 [error] [MainThread]:   Runtime Error in model int_rental (models/intermediate/int_rental.sql)
  Catalog Error: Table with name src_rental_order does not exist!
  Did you mean "warehouse.src_rental_order"?
  LINE 30: from "warehouse"."rental_source"."src_rental_order" ro
  join "warehouse"."rental_source"."src_rental_trip" rt on ro.order_id = rt.order_id
  join "warehouse"."rental_source"."src_vehicle" v on ro.vehicle_id = v.vehicle_id
  join "warehouse"."rental_source"."src_driver" d on rt.driver_id = d.driver_id
  left join "warehouse"."flight_source"."src_airport" ap on ro.pickup_airport_code = ap.airport_code
  left join "warehouse"."hotel_source"."src_hotel_property" hp on rt.dropoff_hotel_id = hp.hotel_id
    );
  ...
                ^
[0m07:16:05.669313 [info ] [MainThread]: 
[0m07:16:05.671641 [error] [MainThread]:   Runtime Error in model stg_aircraft (models/staging/stg_aircraft.sql)
  Catalog Error: Table with name aircraft does not exist!
  Did you mean "warehouse.src_aircraft"?
  LINE 11: from "warehouse"."flight_source"."aircraft"
                ^
[0m07:16:05.674432 [info ] [MainThread]: 
[0m07:16:05.676581 [error] [MainThread]:   Runtime Error in model stg_airport (models/staging/stg_airport.sql)
  Catalog Error: Table with name airport does not exist!
  Did you mean "warehouse.src_airport"?
  LINE 13: from "warehouse"."flight_source"."airport"
                ^
[0m07:16:05.678578 [info ] [MainThread]: 
[0m07:16:05.680503 [error] [MainThread]:   Runtime Error in model stg_booking (models/staging/stg_booking.sql)
  Catalog Error: Table with name booking does not exist!
  Did you mean "warehouse.src_booking"?
  LINE 11: from "warehouse"."ch_booking_source"."booking"
    );
  ...
                ^
[0m07:16:05.682675 [info ] [MainThread]: 
[0m07:16:05.684695 [error] [MainThread]:   Runtime Error in model stg_booking_channel (models/staging/stg_booking_channel.sql)
  Catalog Error: Table with name booking_channel does not exist!
  Did you mean "warehouse.src_book_channel"?
  LINE 14: from "warehouse"."ch_booking_source"."booking_channel"
    );
  ...
                ^
[0m07:16:05.687160 [info ] [MainThread]: 
[0m07:16:05.690539 [error] [MainThread]:   Runtime Error in model stg_currency (models/staging/stg_currency.sql)
  Catalog Error: Table with name currency does not exist!
  Did you mean "warehouse.src_currency"?
  LINE 10: from "warehouse"."payment_source"."currency"
                ^
[0m07:16:05.692737 [info ] [MainThread]: 
[0m07:16:05.695707 [error] [MainThread]:   Runtime Error in model stg_customer (models/staging/stg_customer.sql)
  Catalog Error: Table with name customer does not exist!
  Did you mean "warehouse.src_customer"?
  LINE 21: from "warehouse"."customer_source"."customer"
    );
  ...
                ^
[0m07:16:05.697686 [info ] [MainThread]: 
[0m07:16:05.699694 [error] [MainThread]:   Runtime Error in model stg_driver (models/staging/stg_driver.sql)
  Catalog Error: Table with name driver does not exist!
  Did you mean "warehouse.src_driver"?
  LINE 16: from "warehouse"."rental_source"."driver"
                ^
[0m07:16:05.703238 [info ] [MainThread]: 
[0m07:16:05.707553 [error] [MainThread]:   Runtime Error in model stg_flight_segment (models/staging/stg_flight_segment.sql)
  Catalog Error: Table with name flight_segment does not exist!
  Did you mean "warehouse.src_flight_segment"?
  LINE 14: from "warehouse"."flight_source"."flight_segment"
    );
  ...
                ^
[0m07:16:05.710588 [info ] [MainThread]: 
[0m07:16:05.713129 [error] [MainThread]:   Runtime Error in model stg_guest_profile (models/staging/stg_guest_profile.sql)
  Catalog Error: Table with name guest_profile does not exist!
  Did you mean "warehouse.src_guest_profile"?
  LINE 12: from "warehouse"."hotel_source"."guest_profile"
    );
  ...
                ^
[0m07:16:05.715667 [info ] [MainThread]: 
[0m07:16:05.718018 [error] [MainThread]:   Runtime Error in model stg_hotel_property (models/staging/stg_hotel_property.sql)
  Catalog Error: Table with name hotel_property does not exist!
  Did you mean "warehouse.src_hotel_property"?
  LINE 16: from "warehouse"."hotel_source"."hotel_property"
    );
  ...
                ^
[0m07:16:05.720183 [info ] [MainThread]: 
[0m07:16:05.723591 [error] [MainThread]:   Runtime Error in model stg_hotel_stay (models/staging/stg_hotel_stay.sql)
  Catalog Error: Table with name hotel_stay does not exist!
  Did you mean "warehouse.src_hotel_stay"?
  LINE 14: from "warehouse"."hotel_source"."hotel_stay"
                ^
[0m07:16:05.725808 [info ] [MainThread]: 
[0m07:16:05.727794 [error] [MainThread]:   Runtime Error in model stg_payment_method (models/staging/stg_payment_method.sql)
  Catalog Error: Table with name payment_method does not exist!
  Did you mean "warehouse.src_payment_method"?
  LINE 13: from "warehouse"."payment_source"."payment_method"
    );
  ...
                ^
[0m07:16:05.729574 [info ] [MainThread]: 
[0m07:16:05.731597 [error] [MainThread]:   Runtime Error in model stg_payment_transaction (models/staging/stg_payment_transaction.sql)
  Catalog Error: Table with name payment_transaction does not exist!
  Did you mean "warehouse.src_payment_transaction"?
  LINE 25: from "warehouse"."payment_source"."payment_transaction"
    );
  ...
                ^
[0m07:16:05.733546 [info ] [MainThread]: 
[0m07:16:05.735330 [error] [MainThread]:   Runtime Error in model stg_rental_order (models/staging/stg_rental_order.sql)
  Catalog Error: Table with name rental_order does not exist!
  Did you mean "warehouse.src_rental_order"?
  LINE 18: from "warehouse"."rental_source"."rental_order"
    );
  ...
                ^
[0m07:16:05.737139 [info ] [MainThread]: 
[0m07:16:05.740240 [error] [MainThread]:   Runtime Error in model stg_rental_trip (models/staging/stg_rental_trip.sql)
  Catalog Error: Table with name rental_trip does not exist!
  Did you mean "warehouse.src_rental_trip"?
  LINE 18: from "warehouse"."rental_source"."rental_trip"
    );
  ...
                ^
[0m07:16:05.742318 [info ] [MainThread]: 
[0m07:16:05.744297 [error] [MainThread]:   Runtime Error in model stg_reservation (models/staging/stg_reservation.sql)
  Catalog Error: Table with name reservation does not exist!
  Did you mean "warehouse.src_reservation"?
  LINE 14: from "warehouse"."flight_source"."reservation"
    );
  ...
                ^
[0m07:16:05.746202 [info ] [MainThread]: 
[0m07:16:05.748134 [error] [MainThread]:   Runtime Error in model stg_room_inventory (models/staging/stg_room_inventory.sql)
  Catalog Error: Table with name room_inventory does not exist!
  Did you mean "warehouse.src_room_inventory"?
  LINE 13: from "warehouse"."hotel_source"."room_inventory"
    );
  ...
                ^
[0m07:16:05.750514 [info ] [MainThread]: 
[0m07:16:05.752515 [error] [MainThread]:   Runtime Error in model stg_vehicle (models/staging/stg_vehicle.sql)
  Catalog Error: Table with name vehicle does not exist!
  Did you mean "warehouse.src_vehicle"?
  LINE 17: from "warehouse"."rental_source"."vehicle"
                ^
[0m07:16:05.754623 [info ] [MainThread]: 
[0m07:16:05.757697 [info ] [MainThread]: Done. PASS=0 WARN=0 ERROR=22 SKIP=16 TOTAL=38
[0m07:16:05.760730 [debug] [MainThread]: Resource report: {"command_name": "run", "command_wall_clock_time": 12.607645, "process_user_time": 11.64672, "process_kernel_time": 2.010011, "process_mem_max_rss": "227080", "process_in_blocks": "75760", "process_out_blocks": "1792", "command_success": false}
[0m07:16:05.762975 [debug] [MainThread]: Command `dbt run` failed at 07:16:05.762671 after 12.61 seconds
[0m07:16:05.764851 [debug] [MainThread]: Sending event: {'category': 'dbt', 'action': 'invocation', 'label': 'end', 'context': [<snowplow_tracker.self_describing_json.SelfDescribingJson object at 0x776476246680>, <snowplow_tracker.self_describing_json.SelfDescribingJson object at 0x776476c53880>, <snowplow_tracker.self_describing_json.SelfDescribingJson object at 0x77646e595750>]}
[0m07:16:05.766874 [debug] [MainThread]: Flushing usage events
[0m07:18:23.680151 [debug] [MainThread]: Sending event: {'category': 'dbt', 'action': 'invocation', 'label': 'start', 'context': [<snowplow_tracker.self_describing_json.SelfDescribingJson object at 0x7a1f78349c30>, <snowplow_tracker.self_describing_json.SelfDescribingJson object at 0x7a1f757e03a0>, <snowplow_tracker.self_describing_json.SelfDescribingJson object at 0x7a1f757e0340>]}


============================== 07:18:23.695983 | 0adbf9f6-0302-4f74-a854-200eeaa58d17 ==============================
[0m07:18:23.695983 [info ] [MainThread]: Running with dbt=1.7.4
[0m07:18:23.703672 [debug] [MainThread]: running dbt with arguments {'printer_width': '80', 'indirect_selection': 'eager', 'log_cache_events': 'False', 'write_json': 'True', 'partial_parse': 'True', 'cache_selected_only': 'False', 'profiles_dir': '/opt/airflow/dbt_project', 'version_check': 'True', 'warn_error': 'None', 'log_path': '/opt/airflow/dbt_project/logs', 'fail_fast': 'False', 'debug': 'False', 'use_colors': 'True', 'use_experimental_parser': 'False', 'no_print': 'None', 'quiet': 'False', 'log_format': 'default', 'static_parser': 'True', 'introspect': 'True', 'warn_error_options': 'WarnErrorOptions(include=[], exclude=[])', 'target_path': 'None', 'invocation_command': 'dbt debug', 'send_anonymous_usage_stats': 'True'}
[0m07:18:23.713507 [info ] [MainThread]: dbt version: 1.7.4
[0m07:18:23.720219 [info ] [MainThread]: python version: 3.10.13
[0m07:18:23.737061 [info ] [MainThread]: python path: /usr/local/bin/python
[0m07:18:23.742327 [info ] [MainThread]: os info: Linux-6.6.114.1-microsoft-standard-WSL2-x86_64-with-glibc2.31
[0m07:18:24.122241 [info ] [MainThread]: Using profiles dir at /opt/airflow/dbt_project
[0m07:18:24.125892 [info ] [MainThread]: Using profiles.yml file at /opt/airflow/dbt_project/profiles.yml
[0m07:18:24.131551 [info ] [MainThread]: Using dbt_project.yml file at /opt/airflow/dbt_project/dbt_project.yml
[0m07:18:24.136332 [info ] [MainThread]: adapter type: duckdb
[0m07:18:24.139939 [info ] [MainThread]: adapter version: 1.7.0
[0m07:18:24.361959 [info ] [MainThread]: Configuration:
[0m07:18:24.365586 [info ] [MainThread]:   profiles.yml file [[32mOK found and valid[0m]
[0m07:18:24.369967 [info ] [MainThread]:   dbt_project.yml file [[32mOK found and valid[0m]
[0m07:18:24.374824 [info ] [MainThread]: Required dependencies:
[0m07:18:24.378585 [debug] [MainThread]: Executing "git --help"
[0m07:18:24.411754 [debug] [MainThread]: STDOUT: "b"usage: git [--version] [--help] [-C <path>] [-c <name>=<value>]\n           [--exec-path[=<path>]] [--html-path] [--man-path] [--info-path]\n           [-p | --paginate | -P | --no-pager] [--no-replace-objects] [--bare]\n           [--git-dir=<path>] [--work-tree=<path>] [--namespace=<name>]\n           <command> [<args>]\n\nThese are common Git commands used in various situations:\n\nstart a working area (see also: git help tutorial)\n   clone             Clone a repository into a new directory\n   init              Create an empty Git repository or reinitialize an existing one\n\nwork on the current change (see also: git help everyday)\n   add               Add file contents to the index\n   mv                Move or rename a file, a directory, or a symlink\n   restore           Restore working tree files\n   rm                Remove files from the working tree and from the index\n   sparse-checkout   Initialize and modify the sparse-checkout\n\nexamine the history and state (see also: git help revisions)\n   bisect            Use binary search to find the commit that introduced a bug\n   diff              Show changes between commits, commit and working tree, etc\n   grep              Print lines matching a pattern\n   log               Show commit logs\n   show              Show various types of objects\n   status            Show the working tree status\n\ngrow, mark and tweak your common history\n   branch            List, create, or delete branches\n   commit            Record changes to the repository\n   merge             Join two or more development histories together\n   rebase            Reapply commits on top of another base tip\n   reset             Reset current HEAD to the specified state\n   switch            Switch branches\n   tag               Create, list, delete or verify a tag object signed with GPG\n\ncollaborate (see also: git help workflows)\n   fetch             Download objects and refs from another repository\n   pull              Fetch from and integrate with another repository or a local branch\n   push              Update remote refs along with associated objects\n\n'git help -a' and 'git help -g' list available subcommands and some\nconcept guides. See 'git help <command>' or 'git help <concept>'\nto read about a specific subcommand or concept.\nSee 'git help git' for an overview of the system.\n""
[0m07:18:24.414982 [debug] [MainThread]: STDERR: "b''"
[0m07:18:24.417767 [info ] [MainThread]:  - git [[32mOK found[0m]

[0m07:18:24.421612 [info ] [MainThread]: Connection:
[0m07:18:24.426408 [info ] [MainThread]:   database: warehouse
[0m07:18:24.431339 [info ] [MainThread]:   schema: staging
[0m07:18:24.434682 [info ] [MainThread]:   path: /opt/airflow/dbt_project/warehouse.duckdb
[0m07:18:24.438579 [info ] [MainThread]:   config_options: None
[0m07:18:24.442294 [info ] [MainThread]:   extensions: None
[0m07:18:24.446229 [info ] [MainThread]:   settings: None
[0m07:18:24.450147 [info ] [MainThread]:   external_root: .
[0m07:18:24.453293 [info ] [MainThread]:   use_credential_provider: None
[0m07:18:24.456510 [info ] [MainThread]:   attach: None
[0m07:18:24.460506 [info ] [MainThread]:   filesystems: None
[0m07:18:24.465051 [info ] [MainThread]:   remote: None
[0m07:18:24.468854 [info ] [MainThread]:   plugins: None
[0m07:18:24.472090 [info ] [MainThread]:   disable_transactions: False
[0m07:18:24.476133 [info ] [MainThread]: Registered adapter: duckdb=1.7.0
[0m07:18:24.483067 [debug] [MainThread]: Acquiring new duckdb connection 'debug'
[0m07:18:24.485887 [debug] [MainThread]: Using duckdb connection "debug"
[0m07:18:24.488009 [debug] [MainThread]: On debug: select 1 as id
[0m07:18:24.490320 [debug] [MainThread]: Opening a new connection, currently in state init
[0m07:18:24.532852 [debug] [MainThread]: SQL status: OK in 0.0 seconds
[0m07:18:24.536386 [debug] [MainThread]: On debug: Close
[0m07:18:24.542428 [info ] [MainThread]:   Connection test: [[32mOK connection ok[0m]

[0m07:18:24.546537 [info ] [MainThread]: [32mAll checks passed![0m
[0m07:18:24.553429 [debug] [MainThread]: Resource report: {"command_name": "debug", "command_success": true, "command_wall_clock_time": 1.0355811, "process_user_time": 7.429123, "process_kernel_time": 0.592234, "process_mem_max_rss": "141412", "process_in_blocks": "3832", "process_out_blocks": "0"}
[0m07:18:24.556769 [debug] [MainThread]: Command `dbt debug` succeeded at 07:18:24.556113 after 1.04 seconds
[0m07:18:24.559623 [debug] [MainThread]: Connection 'debug' was properly closed.
[0m07:18:24.562901 [debug] [MainThread]: Sending event: {'category': 'dbt', 'action': 'invocation', 'label': 'end', 'context': [<snowplow_tracker.self_describing_json.SelfDescribingJson object at 0x7a1f78349c30>, <snowplow_tracker.self_describing_json.SelfDescribingJson object at 0x7a1f75a36f20>, <snowplow_tracker.self_describing_json.SelfDescribingJson object at 0x7a1f707c20b0>]}
[0m07:18:24.569950 [debug] [MainThread]: Flushing usage events
[0m07:18:44.729010 [debug] [MainThread]: Sending event: {'category': 'dbt', 'action': 'invocation', 'label': 'start', 'context': [<snowplow_tracker.self_describing_json.SelfDescribingJson object at 0x79a127a12ef0>, <snowplow_tracker.self_describing_json.SelfDescribingJson object at 0x79a124d2d390>, <snowplow_tracker.self_describing_json.SelfDescribingJson object at 0x79a124d2f0d0>]}


============================== 07:18:44.830621 | e311e752-3af5-46ff-a331-9e703db79050 ==============================
[0m07:18:44.830621 [info ] [MainThread]: Running with dbt=1.7.4
[0m07:18:44.846234 [debug] [MainThread]: running dbt with arguments {'printer_width': '80', 'indirect_selection': 'eager', 'log_cache_events': 'False', 'write_json': 'True', 'partial_parse': 'True', 'cache_selected_only': 'False', 'warn_error': 'None', 'version_check': 'True', 'fail_fast': 'False', 'log_path': '/opt/airflow/dbt_project/logs', 'debug': 'False', 'profiles_dir': '.', 'use_colors': 'True', 'use_experimental_parser': 'False', 'no_print': 'None', 'quiet': 'False', 'log_format': 'default', 'static_parser': 'True', 'warn_error_options': 'WarnErrorOptions(include=[], exclude=[])', 'introspect': 'True', 'target_path': 'None', 'invocation_command': 'dbt run --target duckdb --profiles-dir .', 'send_anonymous_usage_stats': 'True'}
[0m07:18:46.228208 [debug] [MainThread]: Sending event: {'category': 'dbt', 'action': 'project_id', 'label': 'e311e752-3af5-46ff-a331-9e703db79050', 'context': [<snowplow_tracker.self_describing_json.SelfDescribingJson object at 0x79a12802d240>]}
[0m07:18:46.594654 [debug] [MainThread]: Sending event: {'category': 'dbt', 'action': 'adapter_info', 'label': 'e311e752-3af5-46ff-a331-9e703db79050', 'context': [<snowplow_tracker.self_describing_json.SelfDescribingJson object at 0x79a11f949750>]}
[0m07:18:46.597661 [info ] [MainThread]: Registered adapter: duckdb=1.7.0
[0m07:18:46.631990 [debug] [MainThread]: checksum: ea7b8aaba63cc705bdcff98a540e62951628d0e12fc6756ef067a1092e32f6a3, vars: {}, profile: , target: duckdb, version: 1.7.4
[0m07:18:47.876509 [debug] [MainThread]: Partial parsing enabled: 0 files deleted, 0 files added, 0 files changed.
[0m07:18:47.878777 [debug] [MainThread]: Partial parsing enabled, no changes found, skipping parsing
[0m07:18:47.884215 [warn ] [MainThread]: [[33mWARNING[0m]: Configuration paths exist in your dbt_project.yml file which do not apply to any resources.
There are 3 unused configuration paths:
- models.intermediate
- models.staging
- models.marts
[0m07:18:47.907596 [debug] [MainThread]: Sending event: {'category': 'dbt', 'action': 'load_project', 'label': 'e311e752-3af5-46ff-a331-9e703db79050', 'context': [<snowplow_tracker.self_describing_json.SelfDescribingJson object at 0x79a11f610a30>]}
[0m07:18:47.996960 [debug] [MainThread]: Sending event: {'category': 'dbt', 'action': 'resource_counts', 'label': 'e311e752-3af5-46ff-a331-9e703db79050', 'context': [<snowplow_tracker.self_describing_json.SelfDescribingJson object at 0x79a11f9eb7f0>]}
[0m07:18:47.999652 [info ] [MainThread]: Found 38 models, 40 tests, 37 sources, 0 exposures, 0 metrics, 391 macros, 0 groups, 0 semantic models
[0m07:18:48.003489 [debug] [MainThread]: Sending event: {'category': 'dbt', 'action': 'runnable_timing', 'label': 'e311e752-3af5-46ff-a331-9e703db79050', 'context': [<snowplow_tracker.self_describing_json.SelfDescribingJson object at 0x79a11f9ea530>]}
[0m07:18:48.017977 [info ] [MainThread]: 
[0m07:18:48.023084 [debug] [MainThread]: Acquiring new duckdb connection 'master'
[0m07:18:48.035156 [debug] [ThreadPool]: Acquiring new duckdb connection 'list_warehouse'
[0m07:18:48.064482 [debug] [ThreadPool]: Using duckdb connection "list_warehouse"
[0m07:18:48.066735 [debug] [ThreadPool]: On list_warehouse: /* {"app": "dbt", "dbt_version": "1.7.4", "profile_name": "dbt_project", "target_name": "duckdb", "connection_name": "list_warehouse"} */

    
    select schema_name
    from system.information_schema.schemata
    
    where catalog_name = '"warehouse"'
    
  
  
[0m07:18:48.068846 [debug] [ThreadPool]: Opening a new connection, currently in state init
[0m07:18:48.117709 [debug] [ThreadPool]: SQL status: OK in 0.0 seconds
[0m07:18:48.122322 [debug] [ThreadPool]: On list_warehouse: Close
[0m07:18:48.130198 [debug] [ThreadPool]: Re-using an available connection from the pool (formerly list_warehouse, now create_warehouse_staging)
[0m07:18:48.134040 [debug] [ThreadPool]: Creating schema "database: "warehouse"
schema: "staging"
"
[0m07:18:48.149156 [debug] [ThreadPool]: Using duckdb connection "create_warehouse_staging"
[0m07:18:48.151691 [debug] [ThreadPool]: On create_warehouse_staging: BEGIN
[0m07:18:48.154107 [debug] [ThreadPool]: Opening a new connection, currently in state closed
[0m07:18:48.185424 [debug] [ThreadPool]: SQL status: OK in 0.0 seconds
[0m07:18:48.188028 [debug] [ThreadPool]: Using duckdb connection "create_warehouse_staging"
[0m07:18:48.190347 [debug] [ThreadPool]: On create_warehouse_staging: /* {"app": "dbt", "dbt_version": "1.7.4", "profile_name": "dbt_project", "target_name": "duckdb", "connection_name": "create_warehouse_staging"} */
create schema if not exists "warehouse"."staging"
[0m07:18:48.193516 [debug] [ThreadPool]: SQL status: OK in 0.0 seconds
[0m07:18:48.196961 [debug] [ThreadPool]: On create_warehouse_staging: COMMIT
[0m07:18:48.199327 [debug] [ThreadPool]: Using duckdb connection "create_warehouse_staging"
[0m07:18:48.201679 [debug] [ThreadPool]: On create_warehouse_staging: COMMIT
[0m07:18:48.204628 [debug] [ThreadPool]: SQL status: OK in 0.0 seconds
[0m07:18:48.206940 [debug] [ThreadPool]: On create_warehouse_staging: Close
[0m07:18:48.220513 [debug] [ThreadPool]: Re-using an available connection from the pool (formerly create_warehouse_staging, now list_warehouse_staging)
[0m07:18:48.236110 [debug] [ThreadPool]: Using duckdb connection "list_warehouse_staging"
[0m07:18:48.238646 [debug] [ThreadPool]: On list_warehouse_staging: BEGIN
[0m07:18:48.240932 [debug] [ThreadPool]: Opening a new connection, currently in state closed
[0m07:18:48.271614 [debug] [ThreadPool]: SQL status: OK in 0.0 seconds
[0m07:18:48.274014 [debug] [ThreadPool]: Using duckdb connection "list_warehouse_staging"
[0m07:18:48.276395 [debug] [ThreadPool]: On list_warehouse_staging: /* {"app": "dbt", "dbt_version": "1.7.4", "profile_name": "dbt_project", "target_name": "duckdb", "connection_name": "list_warehouse_staging"} */
select
      'warehouse' as database,
      table_name as name,
      table_schema as schema,
      CASE table_type
        WHEN 'BASE TABLE' THEN 'table'
        WHEN 'VIEW' THEN 'view'
        WHEN 'LOCAL TEMPORARY' THEN 'table'
        END as type
    from system.information_schema.tables
    where table_schema = 'staging'
    and table_catalog = 'warehouse'
  
[0m07:18:48.344106 [debug] [ThreadPool]: SQL status: OK in 0.0 seconds
[0m07:18:48.348574 [debug] [ThreadPool]: On list_warehouse_staging: ROLLBACK
[0m07:18:48.351284 [debug] [ThreadPool]: Failed to rollback 'list_warehouse_staging'
[0m07:18:48.353683 [debug] [ThreadPool]: On list_warehouse_staging: Close
[0m07:18:48.363032 [debug] [MainThread]: Sending event: {'category': 'dbt', 'action': 'runnable_timing', 'label': 'e311e752-3af5-46ff-a331-9e703db79050', 'context': [<snowplow_tracker.self_describing_json.SelfDescribingJson object at 0x79a11f7fb520>]}
[0m07:18:48.365483 [debug] [MainThread]: Using duckdb connection "master"
[0m07:18:48.367887 [debug] [MainThread]: On master: BEGIN
[0m07:18:48.370357 [debug] [MainThread]: Opening a new connection, currently in state init
[0m07:18:48.402809 [debug] [MainThread]: SQL status: OK in 0.0 seconds
[0m07:18:48.405267 [debug] [MainThread]: On master: COMMIT
[0m07:18:48.407586 [debug] [MainThread]: Using duckdb connection "master"
[0m07:18:48.409860 [debug] [MainThread]: On master: COMMIT
[0m07:18:48.412964 [debug] [MainThread]: SQL status: OK in 0.0 seconds
[0m07:18:48.415385 [debug] [MainThread]: On master: Close
[0m07:18:48.422354 [info ] [MainThread]: Concurrency: 1 threads (target='duckdb')
[0m07:18:48.427218 [info ] [MainThread]: 
[0m07:18:48.453944 [debug] [Thread-1 (]: Began running node model.multidimensional_modelling.dim_date
[0m07:18:48.456949 [info ] [Thread-1 (]: 1 of 38 START sql view model staging.dim_date .................................. [RUN]
[0m07:18:48.461452 [debug] [Thread-1 (]: Acquiring new duckdb connection 'model.multidimensional_modelling.dim_date'
[0m07:18:48.465297 [debug] [Thread-1 (]: Began compiling node model.multidimensional_modelling.dim_date
[0m07:18:48.480784 [debug] [Thread-1 (]: Writing injected SQL for node "model.multidimensional_modelling.dim_date"
[0m07:18:48.497593 [debug] [Thread-1 (]: Timing info for model.multidimensional_modelling.dim_date (compile): 07:18:48.467402 => 07:18:48.496932
[0m07:18:48.500106 [debug] [Thread-1 (]: Began executing node model.multidimensional_modelling.dim_date
[0m07:18:48.571414 [debug] [Thread-1 (]: Writing runtime sql for node "model.multidimensional_modelling.dim_date"
[0m07:18:48.587868 [debug] [Thread-1 (]: Using duckdb connection "model.multidimensional_modelling.dim_date"
[0m07:18:48.590137 [debug] [Thread-1 (]: On model.multidimensional_modelling.dim_date: BEGIN
[0m07:18:48.592474 [debug] [Thread-1 (]: Opening a new connection, currently in state init
[0m07:18:48.633994 [debug] [Thread-1 (]: SQL status: OK in 0.0 seconds
[0m07:18:48.637577 [debug] [Thread-1 (]: Using duckdb connection "model.multidimensional_modelling.dim_date"
[0m07:18:48.641845 [debug] [Thread-1 (]: On model.multidimensional_modelling.dim_date: /* {"app": "dbt", "dbt_version": "1.7.4", "profile_name": "dbt_project", "target_name": "duckdb", "node_id": "model.multidimensional_modelling.dim_date"} */

  
  create view "warehouse"."staging"."dim_date__dbt_tmp" as (
    with dates as (
    select d::date as full_date
    from range(date '2020-01-01', date '2030-12-31', interval 1 day) t(d)
)
select
    cast(strftime(full_date, '%Y%m%d') as integer) as date_key,
    full_date,
    strftime(full_date, '%A') as day_of_week,
    cast(strftime(full_date, '%w') as integer) as day_number_in_week,
    cast(strftime(full_date, '%d') as integer) as day_number_in_month,
    cast(strftime(full_date, '%W') as integer) as week_number_in_year,
    cast(strftime(full_date, '%m') as integer) as month_number,
    strftime(full_date, '%B') as month_name,
    case 
        when cast(strftime(full_date, '%m') as integer) in (1,2,3) then 'Q1'
        when cast(strftime(full_date, '%m') as integer) in (4,5,6) then 'Q2'
        when cast(strftime(full_date, '%m') as integer) in (7,8,9) then 'Q3'
        else 'Q4'
    end as quarter,
    cast(strftime(full_date, '%Y') as integer) as year
from dates;
  );

[0m07:18:48.647155 [debug] [Thread-1 (]: Timing info for model.multidimensional_modelling.dim_date (execute): 07:18:48.502094 => 07:18:48.646251
[0m07:18:48.650332 [debug] [Thread-1 (]: On model.multidimensional_modelling.dim_date: ROLLBACK
[0m07:18:48.658711 [debug] [Thread-1 (]: Failed to rollback 'model.multidimensional_modelling.dim_date'
[0m07:18:48.661558 [debug] [Thread-1 (]: On model.multidimensional_modelling.dim_date: Close
[0m07:18:48.670364 [debug] [Thread-1 (]: Runtime Error in model dim_date (models/marts/dim/dim_date.sql)
  Parser Error: syntax error at or near ";"
[0m07:18:48.672878 [debug] [Thread-1 (]: Sending event: {'category': 'dbt', 'action': 'run_model', 'label': 'e311e752-3af5-46ff-a331-9e703db79050', 'context': [<snowplow_tracker.self_describing_json.SelfDescribingJson object at 0x79a11f6f84f0>]}
[0m07:18:48.676311 [error] [Thread-1 (]: 1 of 38 ERROR creating sql view model staging.dim_date ......................... [[31mERROR[0m in 0.21s]
[0m07:18:48.681136 [debug] [Thread-1 (]: Finished running node model.multidimensional_modelling.dim_date
[0m07:18:48.684509 [debug] [Thread-1 (]: Began running node model.multidimensional_modelling.int_flight
[0m07:18:48.688879 [info ] [Thread-1 (]: 2 of 38 START sql view model staging.int_flight ................................ [RUN]
[0m07:18:48.698267 [debug] [Thread-1 (]: Re-using an available connection from the pool (formerly model.multidimensional_modelling.dim_date, now model.multidimensional_modelling.int_flight)
[0m07:18:48.702106 [debug] [Thread-1 (]: Began compiling node model.multidimensional_modelling.int_flight
[0m07:18:48.714314 [debug] [Thread-1 (]: Writing injected SQL for node "model.multidimensional_modelling.int_flight"
[0m07:18:48.730261 [debug] [Thread-1 (]: Timing info for model.multidimensional_modelling.int_flight (compile): 07:18:48.704318 => 07:18:48.729361
[0m07:18:48.732777 [debug] [Thread-1 (]: Began executing node model.multidimensional_modelling.int_flight
[0m07:18:48.747179 [debug] [Thread-1 (]: Writing runtime sql for node "model.multidimensional_modelling.int_flight"
[0m07:18:48.761787 [debug] [Thread-1 (]: Using duckdb connection "model.multidimensional_modelling.int_flight"
[0m07:18:48.764316 [debug] [Thread-1 (]: On model.multidimensional_modelling.int_flight: BEGIN
[0m07:18:48.766647 [debug] [Thread-1 (]: Opening a new connection, currently in state closed
[0m07:18:48.796710 [debug] [Thread-1 (]: SQL status: OK in 0.0 seconds
[0m07:18:48.799613 [debug] [Thread-1 (]: Using duckdb connection "model.multidimensional_modelling.int_flight"
[0m07:18:48.802344 [debug] [Thread-1 (]: On model.multidimensional_modelling.int_flight: /* {"app": "dbt", "dbt_version": "1.7.4", "profile_name": "dbt_project", "target_name": "duckdb", "node_id": "model.multidimensional_modelling.int_flight"} */

  
  create view "warehouse"."staging"."int_flight__dbt_tmp" as (
    select
    b.booking_id,
    b.customer_key,
    fs.segment_id,
    fs.origin_airport_code,
    fs.destination_airport_code,
    fs.scheduled_departure,
    fs.actual_departure,
    fs.gross_amount_usd,
    ac.aircraft_id,
    ac.registration_number,
    ac.seat_capacity,
    bc.channel_key
from "warehouse"."flight_source"."src_booking" b
join "warehouse"."flight_source"."src_flight_segment" fs on b.booking_id = fs.booking_id
join "warehouse"."flight_source"."src_aircraft" ac on fs.aircraft_id = ac.aircraft_id
join "warehouse"."flight_source"."src_airport" ap on fs.origin_airport_code = ap.airport_code
join "warehouse"."ch_booking_source"."src_book_channel" bc on b.channel_key = bc.channel_key
  );

[0m07:18:48.850932 [debug] [Thread-1 (]: Timing info for model.multidimensional_modelling.int_flight (execute): 07:18:48.734825 => 07:18:48.850322
[0m07:18:48.853383 [debug] [Thread-1 (]: On model.multidimensional_modelling.int_flight: ROLLBACK
[0m07:18:48.856911 [debug] [Thread-1 (]: Failed to rollback 'model.multidimensional_modelling.int_flight'
[0m07:18:48.859312 [debug] [Thread-1 (]: On model.multidimensional_modelling.int_flight: Close
[0m07:18:48.869054 [debug] [Thread-1 (]: Runtime Error in model int_flight (models/intermediate/int_flight.sql)
  Catalog Error: Table with name src_booking does not exist!
  Did you mean "warehouse.src_booking"?
  LINE 18: from "warehouse"."flight_source"."src_booking" b
  join "warehouse"."flight_source"."src_flight_segment" fs on b.booking_id = fs.booking_id
  join "warehouse"."flight_source"."src_aircraft" ac on fs.aircraft_id = ac.aircraft_id
  join "warehouse"."flight_source"."src_airport" ap on fs.origin_airport_code = ap.airport_code
  join "warehouse"."ch_booking_source"."src_book_channel" bc on b.channel_key = bc.channel_key
    );
  ...
                ^
[0m07:18:48.871745 [debug] [Thread-1 (]: Sending event: {'category': 'dbt', 'action': 'run_model', 'label': 'e311e752-3af5-46ff-a331-9e703db79050', 'context': [<snowplow_tracker.self_describing_json.SelfDescribingJson object at 0x79a11f5162c0>]}
[0m07:18:48.874770 [error] [Thread-1 (]: 2 of 38 ERROR creating sql view model staging.int_flight ....................... [[31mERROR[0m in 0.18s]
[0m07:18:48.878799 [debug] [Thread-1 (]: Finished running node model.multidimensional_modelling.int_flight
[0m07:18:48.882441 [debug] [Thread-1 (]: Began running node model.multidimensional_modelling.int_hotel
[0m07:18:48.886160 [info ] [Thread-1 (]: 3 of 38 START sql view model staging.int_hotel ................................. [RUN]
[0m07:18:48.890694 [debug] [Thread-1 (]: Re-using an available connection from the pool (formerly model.multidimensional_modelling.int_flight, now model.multidimensional_modelling.int_hotel)
[0m07:18:48.894199 [debug] [Thread-1 (]: Began compiling node model.multidimensional_modelling.int_hotel
[0m07:18:48.905081 [debug] [Thread-1 (]: Writing injected SQL for node "model.multidimensional_modelling.int_hotel"
[0m07:18:48.919771 [debug] [Thread-1 (]: Timing info for model.multidimensional_modelling.int_hotel (compile): 07:18:48.897201 => 07:18:48.919110
[0m07:18:48.922010 [debug] [Thread-1 (]: Began executing node model.multidimensional_modelling.int_hotel
[0m07:18:48.933468 [debug] [Thread-1 (]: Writing runtime sql for node "model.multidimensional_modelling.int_hotel"
[0m07:18:48.949262 [debug] [Thread-1 (]: Using duckdb connection "model.multidimensional_modelling.int_hotel"
[0m07:18:48.951577 [debug] [Thread-1 (]: On model.multidimensional_modelling.int_hotel: BEGIN
[0m07:18:48.953875 [debug] [Thread-1 (]: Opening a new connection, currently in state closed
[0m07:18:48.985174 [debug] [Thread-1 (]: SQL status: OK in 0.0 seconds
[0m07:18:48.987807 [debug] [Thread-1 (]: Using duckdb connection "model.multidimensional_modelling.int_hotel"
[0m07:18:48.991173 [debug] [Thread-1 (]: On model.multidimensional_modelling.int_hotel: /* {"app": "dbt", "dbt_version": "1.7.4", "profile_name": "dbt_project", "target_name": "duckdb", "node_id": "model.multidimensional_modelling.int_hotel"} */

  
  create view "warehouse"."staging"."int_hotel__dbt_tmp" as (
    select
    pt.payment_id,
    pt.customer_key,
    pt.transaction_date,
    pt.gross_amount_usd,
    pt.discount_amount_usd,
    pt.tax_amount_usd,
    pt.net_amount_usd,
    pt.refund_amount_usd,
    pt.gateway_fee_usd,
    pt.installment_months,
    pm.payment_method_id,
    pm.method_code,
    pm.method_name,
    pm.payment_type,
    pm.provider,
    pm.processing_fee_pct,
    pm.supports_installment,
    cur.currency_code,
    cur.usd_exchange_rate
from "warehouse"."payment_source"."src_payment_transaction" pt
join "warehouse"."payment_source"."src_payment_method" pm on pt.payment_method_id = pm.payment_method_id
join "warehouse"."payment_source"."src_currency" cur on pt.currency_code = cur.currency_code
  );

[0m07:18:49.036909 [debug] [Thread-1 (]: Timing info for model.multidimensional_modelling.int_hotel (execute): 07:18:48.924086 => 07:18:49.036125
[0m07:18:49.039873 [debug] [Thread-1 (]: On model.multidimensional_modelling.int_hotel: ROLLBACK
[0m07:18:49.043537 [debug] [Thread-1 (]: Failed to rollback 'model.multidimensional_modelling.int_hotel'
[0m07:18:49.046135 [debug] [Thread-1 (]: On model.multidimensional_modelling.int_hotel: Close
[0m07:18:49.056425 [debug] [Thread-1 (]: Runtime Error in model int_hotel (models/intermediate/int_hotel.sql)
  Catalog Error: Table with name src_payment_transaction does not exist!
  Did you mean "warehouse.src_payment_transaction"?
  LINE 25: from "warehouse"."payment_source"."src_payment_transaction" pt
  join "warehouse"."payment_source"."src_payment_method" pm on pt.payment_method_id = pm.payment_method_id
  join "warehouse"."payment_source"."src_currency" cur on pt.currency_code = cur.currency_code
    );
  ...
                ^
[0m07:18:49.059207 [debug] [Thread-1 (]: Sending event: {'category': 'dbt', 'action': 'run_model', 'label': 'e311e752-3af5-46ff-a331-9e703db79050', 'context': [<snowplow_tracker.self_describing_json.SelfDescribingJson object at 0x79a11f641c00>]}
[0m07:18:49.062291 [error] [Thread-1 (]: 3 of 38 ERROR creating sql view model staging.int_hotel ........................ [[31mERROR[0m in 0.17s]
[0m07:18:49.067983 [debug] [Thread-1 (]: Finished running node model.multidimensional_modelling.int_hotel
[0m07:18:49.073940 [debug] [Thread-1 (]: Began running node model.multidimensional_modelling.int_rental
[0m07:18:49.077095 [info ] [Thread-1 (]: 4 of 38 START sql view model staging.int_rental ................................ [RUN]
[0m07:18:49.082685 [debug] [Thread-1 (]: Re-using an available connection from the pool (formerly model.multidimensional_modelling.int_hotel, now model.multidimensional_modelling.int_rental)
[0m07:18:49.087630 [debug] [Thread-1 (]: Began compiling node model.multidimensional_modelling.int_rental
[0m07:18:49.100862 [debug] [Thread-1 (]: Writing injected SQL for node "model.multidimensional_modelling.int_rental"
[0m07:18:49.116120 [debug] [Thread-1 (]: Timing info for model.multidimensional_modelling.int_rental (compile): 07:18:49.090490 => 07:18:49.115355
[0m07:18:49.118963 [debug] [Thread-1 (]: Began executing node model.multidimensional_modelling.int_rental
[0m07:18:49.129440 [debug] [Thread-1 (]: Writing runtime sql for node "model.multidimensional_modelling.int_rental"
[0m07:18:49.144556 [debug] [Thread-1 (]: Using duckdb connection "model.multidimensional_modelling.int_rental"
[0m07:18:49.146989 [debug] [Thread-1 (]: On model.multidimensional_modelling.int_rental: BEGIN
[0m07:18:49.149586 [debug] [Thread-1 (]: Opening a new connection, currently in state closed
[0m07:18:49.181354 [debug] [Thread-1 (]: SQL status: OK in 0.0 seconds
[0m07:18:49.184873 [debug] [Thread-1 (]: Using duckdb connection "model.multidimensional_modelling.int_rental"
[0m07:18:49.187541 [debug] [Thread-1 (]: On model.multidimensional_modelling.int_rental: /* {"app": "dbt", "dbt_version": "1.7.4", "profile_name": "dbt_project", "target_name": "duckdb", "node_id": "model.multidimensional_modelling.int_rental"} */

  
  create view "warehouse"."staging"."int_rental__dbt_tmp" as (
    select
    ro.order_id,
    ro.customer_key,
    ro.scheduled_pickup_date,
    rt.trip_id,
    rt.actual_pickup_date,
    rt.actual_dropoff_date,
    rt.distance_km,
    rt.trip_duration_minutes,
    rt.pickup_delay_minutes,
    rt.driver_rating,
    v.vehicle_id,
    v.type_name,
    v.brand,
    v.model,
    d.driver_id,
    d.driver_name,
    ap.airport_code as pickup_airport,
    hp.hotel_id as dropoff_hotel,
    ro.status as order_status,
    rt.status as trip_status,
    ro.estimated_rate_usd,
    ro.base_charge_usd,
    ro.surcharge_usd,
    ro.total_charge_usd
from "warehouse"."rental_source"."src_rental_order" ro
join "warehouse"."rental_source"."src_rental_trip" rt on ro.order_id = rt.order_id
join "warehouse"."rental_source"."src_vehicle" v on ro.vehicle_id = v.vehicle_id
join "warehouse"."rental_source"."src_driver" d on rt.driver_id = d.driver_id
left join "warehouse"."flight_source"."src_airport" ap on ro.pickup_airport_code = ap.airport_code
left join "warehouse"."hotel_source"."src_hotel_property" hp on rt.dropoff_hotel_id = hp.hotel_id
  );

[0m07:18:49.235693 [debug] [Thread-1 (]: Timing info for model.multidimensional_modelling.int_rental (execute): 07:18:49.120911 => 07:18:49.235086
[0m07:18:49.238233 [debug] [Thread-1 (]: On model.multidimensional_modelling.int_rental: ROLLBACK
[0m07:18:49.241913 [debug] [Thread-1 (]: Failed to rollback 'model.multidimensional_modelling.int_rental'
[0m07:18:49.244576 [debug] [Thread-1 (]: On model.multidimensional_modelling.int_rental: Close
[0m07:18:49.254773 [debug] [Thread-1 (]: Runtime Error in model int_rental (models/intermediate/int_rental.sql)
  Catalog Error: Table with name src_rental_order does not exist!
  Did you mean "warehouse.src_rental_order"?
  LINE 30: from "warehouse"."rental_source"."src_rental_order" ro
  join "warehouse"."rental_source"."src_rental_trip" rt on ro.order_id = rt.order_id
  join "warehouse"."rental_source"."src_vehicle" v on ro.vehicle_id = v.vehicle_id
  join "warehouse"."rental_source"."src_driver" d on rt.driver_id = d.driver_id
  left join "warehouse"."flight_source"."src_airport" ap on ro.pickup_airport_code = ap.airport_code
  left join "warehouse"."hotel_source"."src_hotel_property" hp on rt.dropoff_hotel_id = hp.hotel_id
    );
  ...
                ^
[0m07:18:49.257392 [debug] [Thread-1 (]: Sending event: {'category': 'dbt', 'action': 'run_model', 'label': 'e311e752-3af5-46ff-a331-9e703db79050', 'context': [<snowplow_tracker.self_describing_json.SelfDescribingJson object at 0x79a11f6fbdc0>]}
[0m07:18:49.260085 [error] [Thread-1 (]: 4 of 38 ERROR creating sql view model staging.int_rental ....................... [[31mERROR[0m in 0.18s]
[0m07:18:49.264947 [debug] [Thread-1 (]: Finished running node model.multidimensional_modelling.int_rental
[0m07:18:49.268357 [debug] [Thread-1 (]: Began running node model.multidimensional_modelling.stg_aircraft
[0m07:18:49.272102 [info ] [Thread-1 (]: 5 of 38 START sql view model staging.stg_aircraft .............................. [RUN]
[0m07:18:49.277585 [debug] [Thread-1 (]: Re-using an available connection from the pool (formerly model.multidimensional_modelling.int_rental, now model.multidimensional_modelling.stg_aircraft)
[0m07:18:49.281723 [debug] [Thread-1 (]: Began compiling node model.multidimensional_modelling.stg_aircraft
[0m07:18:49.291066 [debug] [Thread-1 (]: Writing injected SQL for node "model.multidimensional_modelling.stg_aircraft"
[0m07:18:49.311493 [debug] [Thread-1 (]: Timing info for model.multidimensional_modelling.stg_aircraft (compile): 07:18:49.284183 => 07:18:49.310455
[0m07:18:49.314335 [debug] [Thread-1 (]: Began executing node model.multidimensional_modelling.stg_aircraft
[0m07:18:49.325629 [debug] [Thread-1 (]: Writing runtime sql for node "model.multidimensional_modelling.stg_aircraft"
[0m07:18:49.340527 [debug] [Thread-1 (]: Using duckdb connection "model.multidimensional_modelling.stg_aircraft"
[0m07:18:49.343051 [debug] [Thread-1 (]: On model.multidimensional_modelling.stg_aircraft: BEGIN
[0m07:18:49.345191 [debug] [Thread-1 (]: Opening a new connection, currently in state closed
[0m07:18:49.375716 [debug] [Thread-1 (]: SQL status: OK in 0.0 seconds
[0m07:18:49.378580 [debug] [Thread-1 (]: Using duckdb connection "model.multidimensional_modelling.stg_aircraft"
[0m07:18:49.381023 [debug] [Thread-1 (]: On model.multidimensional_modelling.stg_aircraft: /* {"app": "dbt", "dbt_version": "1.7.4", "profile_name": "dbt_project", "target_name": "duckdb", "node_id": "model.multidimensional_modelling.stg_aircraft"} */

  
  create view "warehouse"."staging"."stg_aircraft__dbt_tmp" as (
    select
    registration_number,
    aircraft_type,
    manufacturer,
    cast(seat_capacity as integer) as seat_capacity,
    initcap(operating_airline) as operating_airline
from "warehouse"."flight_source"."aircraft"
  );

[0m07:18:49.426365 [debug] [Thread-1 (]: Timing info for model.multidimensional_modelling.stg_aircraft (execute): 07:18:49.316094 => 07:18:49.425701
[0m07:18:49.428801 [debug] [Thread-1 (]: On model.multidimensional_modelling.stg_aircraft: ROLLBACK
[0m07:18:49.432200 [debug] [Thread-1 (]: Failed to rollback 'model.multidimensional_modelling.stg_aircraft'
[0m07:18:49.434724 [debug] [Thread-1 (]: On model.multidimensional_modelling.stg_aircraft: Close
[0m07:18:49.446518 [debug] [Thread-1 (]: Runtime Error in model stg_aircraft (models/staging/stg_aircraft.sql)
  Catalog Error: Table with name aircraft does not exist!
  Did you mean "warehouse.src_aircraft"?
  LINE 11: from "warehouse"."flight_source"."aircraft"
                ^
[0m07:18:49.449327 [debug] [Thread-1 (]: Sending event: {'category': 'dbt', 'action': 'run_model', 'label': 'e311e752-3af5-46ff-a331-9e703db79050', 'context': [<snowplow_tracker.self_describing_json.SelfDescribingJson object at 0x79a11f6fbe80>]}
[0m07:18:49.452414 [error] [Thread-1 (]: 5 of 38 ERROR creating sql view model staging.stg_aircraft ..................... [[31mERROR[0m in 0.17s]
[0m07:18:49.456889 [debug] [Thread-1 (]: Finished running node model.multidimensional_modelling.stg_aircraft
[0m07:18:49.460853 [debug] [Thread-1 (]: Began running node model.multidimensional_modelling.stg_airport
[0m07:18:49.465926 [info ] [Thread-1 (]: 6 of 38 START sql view model staging.stg_airport ............................... [RUN]
[0m07:18:49.472811 [debug] [Thread-1 (]: Re-using an available connection from the pool (formerly model.multidimensional_modelling.stg_aircraft, now model.multidimensional_modelling.stg_airport)
[0m07:18:49.476116 [debug] [Thread-1 (]: Began compiling node model.multidimensional_modelling.stg_airport
[0m07:18:49.488459 [debug] [Thread-1 (]: Writing injected SQL for node "model.multidimensional_modelling.stg_airport"
[0m07:18:49.505406 [debug] [Thread-1 (]: Timing info for model.multidimensional_modelling.stg_airport (compile): 07:18:49.478415 => 07:18:49.504650
[0m07:18:49.507918 [debug] [Thread-1 (]: Began executing node model.multidimensional_modelling.stg_airport
[0m07:18:49.518732 [debug] [Thread-1 (]: Writing runtime sql for node "model.multidimensional_modelling.stg_airport"
[0m07:18:49.533897 [debug] [Thread-1 (]: Using duckdb connection "model.multidimensional_modelling.stg_airport"
[0m07:18:49.536313 [debug] [Thread-1 (]: On model.multidimensional_modelling.stg_airport: BEGIN
[0m07:18:49.538682 [debug] [Thread-1 (]: Opening a new connection, currently in state closed
[0m07:18:49.571629 [debug] [Thread-1 (]: SQL status: OK in 0.0 seconds
[0m07:18:49.574429 [debug] [Thread-1 (]: Using duckdb connection "model.multidimensional_modelling.stg_airport"
[0m07:18:49.577028 [debug] [Thread-1 (]: On model.multidimensional_modelling.stg_airport: /* {"app": "dbt", "dbt_version": "1.7.4", "profile_name": "dbt_project", "target_name": "duckdb", "node_id": "model.multidimensional_modelling.stg_airport"} */

  
  create view "warehouse"."staging"."stg_airport__dbt_tmp" as (
    select
    airport_code,
    initcap(airport_name) as airport_name,
    initcap(city) as city,
    initcap(country) as country,
    timezone,
    cast(latitude as numeric) as latitude,
    cast(longitude as numeric) as longitude
from "warehouse"."flight_source"."airport"
  );

[0m07:18:49.624733 [debug] [Thread-1 (]: Timing info for model.multidimensional_modelling.stg_airport (execute): 07:18:49.509730 => 07:18:49.624023
[0m07:18:49.627227 [debug] [Thread-1 (]: On model.multidimensional_modelling.stg_airport: ROLLBACK
[0m07:18:49.630508 [debug] [Thread-1 (]: Failed to rollback 'model.multidimensional_modelling.stg_airport'
[0m07:18:49.632960 [debug] [Thread-1 (]: On model.multidimensional_modelling.stg_airport: Close
[0m07:18:49.642296 [debug] [Thread-1 (]: Runtime Error in model stg_airport (models/staging/stg_airport.sql)
  Catalog Error: Table with name airport does not exist!
  Did you mean "warehouse.src_airport"?
  LINE 13: from "warehouse"."flight_source"."airport"
                ^
[0m07:18:49.645005 [debug] [Thread-1 (]: Sending event: {'category': 'dbt', 'action': 'run_model', 'label': 'e311e752-3af5-46ff-a331-9e703db79050', 'context': [<snowplow_tracker.self_describing_json.SelfDescribingJson object at 0x79a11f5cd030>]}
[0m07:18:49.647788 [error] [Thread-1 (]: 6 of 38 ERROR creating sql view model staging.stg_airport ...................... [[31mERROR[0m in 0.17s]
[0m07:18:49.654588 [debug] [Thread-1 (]: Finished running node model.multidimensional_modelling.stg_airport
[0m07:18:49.659390 [debug] [Thread-1 (]: Began running node model.multidimensional_modelling.stg_booking
[0m07:18:49.663119 [info ] [Thread-1 (]: 7 of 38 START sql view model staging.stg_booking ............................... [RUN]
[0m07:18:49.667946 [debug] [Thread-1 (]: Re-using an available connection from the pool (formerly model.multidimensional_modelling.stg_airport, now model.multidimensional_modelling.stg_booking)
[0m07:18:49.674550 [debug] [Thread-1 (]: Began compiling node model.multidimensional_modelling.stg_booking
[0m07:18:49.688807 [debug] [Thread-1 (]: Writing injected SQL for node "model.multidimensional_modelling.stg_booking"
[0m07:18:49.709488 [debug] [Thread-1 (]: Timing info for model.multidimensional_modelling.stg_booking (compile): 07:18:49.678754 => 07:18:49.708623
[0m07:18:49.712776 [debug] [Thread-1 (]: Began executing node model.multidimensional_modelling.stg_booking
[0m07:18:49.728066 [debug] [Thread-1 (]: Writing runtime sql for node "model.multidimensional_modelling.stg_booking"
[0m07:18:49.744698 [debug] [Thread-1 (]: Using duckdb connection "model.multidimensional_modelling.stg_booking"
[0m07:18:49.747108 [debug] [Thread-1 (]: On model.multidimensional_modelling.stg_booking: BEGIN
[0m07:18:49.749124 [debug] [Thread-1 (]: Opening a new connection, currently in state closed
[0m07:18:49.781442 [debug] [Thread-1 (]: SQL status: OK in 0.0 seconds
[0m07:18:49.784522 [debug] [Thread-1 (]: Using duckdb connection "model.multidimensional_modelling.stg_booking"
[0m07:18:49.787144 [debug] [Thread-1 (]: On model.multidimensional_modelling.stg_booking: /* {"app": "dbt", "dbt_version": "1.7.4", "profile_name": "dbt_project", "target_name": "duckdb", "node_id": "model.multidimensional_modelling.stg_booking"} */

  
  create view "warehouse"."staging"."stg_booking__dbt_tmp" as (
    select
    booking_id,
    cast(customer_key as integer) as customer_key,
    customer_id,
    cast(booking_date as date) as booking_date,
    upper(booking_channel) as booking_channel
from "warehouse"."ch_booking_source"."booking"
  );

[0m07:18:49.835533 [debug] [Thread-1 (]: Timing info for model.multidimensional_modelling.stg_booking (execute): 07:18:49.715307 => 07:18:49.834637
[0m07:18:49.838341 [debug] [Thread-1 (]: On model.multidimensional_modelling.stg_booking: ROLLBACK
[0m07:18:49.841612 [debug] [Thread-1 (]: Failed to rollback 'model.multidimensional_modelling.stg_booking'
[0m07:18:49.844150 [debug] [Thread-1 (]: On model.multidimensional_modelling.stg_booking: Close
[0m07:18:49.853231 [debug] [Thread-1 (]: Runtime Error in model stg_booking (models/staging/stg_booking.sql)
  Catalog Error: Table with name booking does not exist!
  Did you mean "warehouse.src_booking"?
  LINE 11: from "warehouse"."ch_booking_source"."booking"
    );
  ...
                ^
[0m07:18:49.856547 [debug] [Thread-1 (]: Sending event: {'category': 'dbt', 'action': 'run_model', 'label': 'e311e752-3af5-46ff-a331-9e703db79050', 'context': [<snowplow_tracker.self_describing_json.SelfDescribingJson object at 0x79a11f5b3a30>]}
[0m07:18:49.859335 [error] [Thread-1 (]: 7 of 38 ERROR creating sql view model staging.stg_booking ...................... [[31mERROR[0m in 0.19s]
[0m07:18:49.863749 [debug] [Thread-1 (]: Finished running node model.multidimensional_modelling.stg_booking
[0m07:18:49.867823 [debug] [Thread-1 (]: Began running node model.multidimensional_modelling.stg_booking_channel
[0m07:18:49.872498 [info ] [Thread-1 (]: 8 of 38 START sql view model staging.stg_booking_channel ....................... [RUN]
[0m07:18:49.880074 [debug] [Thread-1 (]: Re-using an available connection from the pool (formerly model.multidimensional_modelling.stg_booking, now model.multidimensional_modelling.stg_booking_channel)
[0m07:18:49.884719 [debug] [Thread-1 (]: Began compiling node model.multidimensional_modelling.stg_booking_channel
[0m07:18:49.899019 [debug] [Thread-1 (]: Writing injected SQL for node "model.multidimensional_modelling.stg_booking_channel"
[0m07:18:49.914787 [debug] [Thread-1 (]: Timing info for model.multidimensional_modelling.stg_booking_channel (compile): 07:18:49.890310 => 07:18:49.913842
[0m07:18:49.917973 [debug] [Thread-1 (]: Began executing node model.multidimensional_modelling.stg_booking_channel
[0m07:18:49.929829 [debug] [Thread-1 (]: Writing runtime sql for node "model.multidimensional_modelling.stg_booking_channel"
[0m07:18:49.944128 [debug] [Thread-1 (]: Using duckdb connection "model.multidimensional_modelling.stg_booking_channel"
[0m07:18:49.946316 [debug] [Thread-1 (]: On model.multidimensional_modelling.stg_booking_channel: BEGIN
[0m07:18:49.948744 [debug] [Thread-1 (]: Opening a new connection, currently in state closed
[0m07:18:49.983575 [debug] [Thread-1 (]: SQL status: OK in 0.0 seconds
[0m07:18:49.986262 [debug] [Thread-1 (]: Using duckdb connection "model.multidimensional_modelling.stg_booking_channel"
[0m07:18:49.988514 [debug] [Thread-1 (]: On model.multidimensional_modelling.stg_booking_channel: /* {"app": "dbt", "dbt_version": "1.7.4", "profile_name": "dbt_project", "target_name": "duckdb", "node_id": "model.multidimensional_modelling.stg_booking_channel"} */

  
  create view "warehouse"."staging"."stg_booking_channel__dbt_tmp" as (
    select
    cast(channel_key as integer) as channel_key,
    upper(channel_code) as channel_code,
    initcap(channel_name) as channel_name,
    initcap(channel_type) as channel_type,
    cast(commission_rate_pct as numeric) as commission_rate_pct,
    cast(booking_fee_usd as numeric) as booking_fee_usd,
    cast(typical_lead_days as integer) as typical_lead_days,
    cast(volume_share_pct as numeric) as volume_share_pct
from "warehouse"."ch_booking_source"."booking_channel"
  );

[0m07:18:50.038369 [debug] [Thread-1 (]: Timing info for model.multidimensional_modelling.stg_booking_channel (execute): 07:18:49.920066 => 07:18:50.037608
[0m07:18:50.040727 [debug] [Thread-1 (]: On model.multidimensional_modelling.stg_booking_channel: ROLLBACK
[0m07:18:50.044198 [debug] [Thread-1 (]: Failed to rollback 'model.multidimensional_modelling.stg_booking_channel'
[0m07:18:50.046598 [debug] [Thread-1 (]: On model.multidimensional_modelling.stg_booking_channel: Close
[0m07:18:50.059292 [debug] [Thread-1 (]: Runtime Error in model stg_booking_channel (models/staging/stg_booking_channel.sql)
  Catalog Error: Table with name booking_channel does not exist!
  Did you mean "warehouse.src_book_channel"?
  LINE 14: from "warehouse"."ch_booking_source"."booking_channel"
    );
  ...
                ^
[0m07:18:50.063500 [debug] [Thread-1 (]: Sending event: {'category': 'dbt', 'action': 'run_model', 'label': 'e311e752-3af5-46ff-a331-9e703db79050', 'context': [<snowplow_tracker.self_describing_json.SelfDescribingJson object at 0x79a11f6f20e0>]}
[0m07:18:50.066299 [error] [Thread-1 (]: 8 of 38 ERROR creating sql view model staging.stg_booking_channel .............. [[31mERROR[0m in 0.18s]
[0m07:18:50.071171 [debug] [Thread-1 (]: Finished running node model.multidimensional_modelling.stg_booking_channel
[0m07:18:50.074844 [debug] [Thread-1 (]: Began running node model.multidimensional_modelling.stg_currency
[0m07:18:50.079083 [info ] [Thread-1 (]: 9 of 38 START sql view model staging.stg_currency .............................. [RUN]
[0m07:18:50.086700 [debug] [Thread-1 (]: Re-using an available connection from the pool (formerly model.multidimensional_modelling.stg_booking_channel, now model.multidimensional_modelling.stg_currency)
[0m07:18:50.090299 [debug] [Thread-1 (]: Began compiling node model.multidimensional_modelling.stg_currency
[0m07:18:50.099142 [debug] [Thread-1 (]: Writing injected SQL for node "model.multidimensional_modelling.stg_currency"
[0m07:18:50.115888 [debug] [Thread-1 (]: Timing info for model.multidimensional_modelling.stg_currency (compile): 07:18:50.092676 => 07:18:50.114807
[0m07:18:50.120135 [debug] [Thread-1 (]: Began executing node model.multidimensional_modelling.stg_currency
[0m07:18:50.133960 [debug] [Thread-1 (]: Writing runtime sql for node "model.multidimensional_modelling.stg_currency"
[0m07:18:50.149424 [debug] [Thread-1 (]: Using duckdb connection "model.multidimensional_modelling.stg_currency"
[0m07:18:50.151804 [debug] [Thread-1 (]: On model.multidimensional_modelling.stg_currency: BEGIN
[0m07:18:50.153919 [debug] [Thread-1 (]: Opening a new connection, currently in state closed
[0m07:18:50.185308 [debug] [Thread-1 (]: SQL status: OK in 0.0 seconds
[0m07:18:50.188208 [debug] [Thread-1 (]: Using duckdb connection "model.multidimensional_modelling.stg_currency"
[0m07:18:50.191108 [debug] [Thread-1 (]: On model.multidimensional_modelling.stg_currency: /* {"app": "dbt", "dbt_version": "1.7.4", "profile_name": "dbt_project", "target_name": "duckdb", "node_id": "model.multidimensional_modelling.stg_currency"} */

  
  create view "warehouse"."staging"."stg_currency__dbt_tmp" as (
    select
    upper(currency_code) as currency_code,
    initcap(currency_name) as currency_name,
    symbol,
    cast(usd_exchange_rate as numeric) as usd_exchange_rate
from "warehouse"."payment_source"."currency"
  );

[0m07:18:50.233080 [debug] [Thread-1 (]: Timing info for model.multidimensional_modelling.stg_currency (execute): 07:18:50.122880 => 07:18:50.232449
[0m07:18:50.235280 [debug] [Thread-1 (]: On model.multidimensional_modelling.stg_currency: ROLLBACK
[0m07:18:50.238488 [debug] [Thread-1 (]: Failed to rollback 'model.multidimensional_modelling.stg_currency'
[0m07:18:50.240637 [debug] [Thread-1 (]: On model.multidimensional_modelling.stg_currency: Close
[0m07:18:50.251076 [debug] [Thread-1 (]: Runtime Error in model stg_currency (models/staging/stg_currency.sql)
  Catalog Error: Table with name currency does not exist!
  Did you mean "warehouse.src_currency"?
  LINE 10: from "warehouse"."payment_source"."currency"
                ^
[0m07:18:50.253665 [debug] [Thread-1 (]: Sending event: {'category': 'dbt', 'action': 'run_model', 'label': 'e311e752-3af5-46ff-a331-9e703db79050', 'context': [<snowplow_tracker.self_describing_json.SelfDescribingJson object at 0x79a11f6f9870>]}
[0m07:18:50.256827 [error] [Thread-1 (]: 9 of 38 ERROR creating sql view model staging.stg_currency ..................... [[31mERROR[0m in 0.17s]
[0m07:18:50.262000 [debug] [Thread-1 (]: Finished running node model.multidimensional_modelling.stg_currency
[0m07:18:50.265203 [debug] [Thread-1 (]: Began running node model.multidimensional_modelling.stg_customer
[0m07:18:50.268971 [info ] [Thread-1 (]: 10 of 38 START sql view model staging.stg_customer ............................. [RUN]
[0m07:18:50.275304 [debug] [Thread-1 (]: Re-using an available connection from the pool (formerly model.multidimensional_modelling.stg_currency, now model.multidimensional_modelling.stg_customer)
[0m07:18:50.279847 [debug] [Thread-1 (]: Began compiling node model.multidimensional_modelling.stg_customer
[0m07:18:50.292670 [debug] [Thread-1 (]: Writing injected SQL for node "model.multidimensional_modelling.stg_customer"
[0m07:18:50.313308 [debug] [Thread-1 (]: Timing info for model.multidimensional_modelling.stg_customer (compile): 07:18:50.281978 => 07:18:50.312065
[0m07:18:50.317302 [debug] [Thread-1 (]: Began executing node model.multidimensional_modelling.stg_customer
[0m07:18:50.335722 [debug] [Thread-1 (]: Writing runtime sql for node "model.multidimensional_modelling.stg_customer"
[0m07:18:50.355875 [debug] [Thread-1 (]: Using duckdb connection "model.multidimensional_modelling.stg_customer"
[0m07:18:50.359323 [debug] [Thread-1 (]: On model.multidimensional_modelling.stg_customer: BEGIN
[0m07:18:50.362962 [debug] [Thread-1 (]: Opening a new connection, currently in state closed
[0m07:18:50.398140 [debug] [Thread-1 (]: SQL status: OK in 0.0 seconds
[0m07:18:50.400717 [debug] [Thread-1 (]: Using duckdb connection "model.multidimensional_modelling.stg_customer"
[0m07:18:50.403247 [debug] [Thread-1 (]: On model.multidimensional_modelling.stg_customer: /* {"app": "dbt", "dbt_version": "1.7.4", "profile_name": "dbt_project", "target_name": "duckdb", "node_id": "model.multidimensional_modelling.stg_customer"} */

  
  create view "warehouse"."staging"."stg_customer__dbt_tmp" as (
    select
    cast(customer_key as integer) as customer_key,
    customer_id,
    initcap(first_name) as first_name,
    initcap(last_name) as last_name,
    case 
        when gender in ('M','F') then gender
        else null
    end as gender,
    cast(date_of_birth as date) as date_of_birth,
    initcap(nationality) as nationality,
    lower(email) as email,
    regexp_replace(phone, '[^0-9]', '', 'g') as phone,  -- bersihkan non-digit
    cast(eff_start_date as date) as eff_start_date,
    cast(nullif(eff_end_date, '') as date) as eff_end_date,
    cast(is_current as boolean) as is_current
from "warehouse"."customer_source"."customer"
  );

[0m07:18:50.448381 [debug] [Thread-1 (]: Timing info for model.multidimensional_modelling.stg_customer (execute): 07:18:50.320649 => 07:18:50.447304
[0m07:18:50.451593 [debug] [Thread-1 (]: On model.multidimensional_modelling.stg_customer: ROLLBACK
[0m07:18:50.455345 [debug] [Thread-1 (]: Failed to rollback 'model.multidimensional_modelling.stg_customer'
[0m07:18:50.457841 [debug] [Thread-1 (]: On model.multidimensional_modelling.stg_customer: Close
[0m07:18:50.467259 [debug] [Thread-1 (]: Runtime Error in model stg_customer (models/staging/stg_customer.sql)
  Catalog Error: Table with name customer does not exist!
  Did you mean "warehouse.src_customer"?
  LINE 21: from "warehouse"."customer_source"."customer"
    );
  ...
                ^
[0m07:18:50.469907 [debug] [Thread-1 (]: Sending event: {'category': 'dbt', 'action': 'run_model', 'label': 'e311e752-3af5-46ff-a331-9e703db79050', 'context': [<snowplow_tracker.self_describing_json.SelfDescribingJson object at 0x79a11f6f30a0>]}
[0m07:18:50.472922 [error] [Thread-1 (]: 10 of 38 ERROR creating sql view model staging.stg_customer .................... [[31mERROR[0m in 0.20s]
[0m07:18:50.481156 [debug] [Thread-1 (]: Finished running node model.multidimensional_modelling.stg_customer
[0m07:18:50.485370 [debug] [Thread-1 (]: Began running node model.multidimensional_modelling.stg_driver
[0m07:18:50.489145 [info ] [Thread-1 (]: 11 of 38 START sql view model staging.stg_driver ............................... [RUN]
[0m07:18:50.493790 [debug] [Thread-1 (]: Re-using an available connection from the pool (formerly model.multidimensional_modelling.stg_customer, now model.multidimensional_modelling.stg_driver)
[0m07:18:50.499356 [debug] [Thread-1 (]: Began compiling node model.multidimensional_modelling.stg_driver
[0m07:18:50.507906 [debug] [Thread-1 (]: Writing injected SQL for node "model.multidimensional_modelling.stg_driver"
[0m07:18:50.523832 [debug] [Thread-1 (]: Timing info for model.multidimensional_modelling.stg_driver (compile): 07:18:50.501764 => 07:18:50.523020
[0m07:18:50.526183 [debug] [Thread-1 (]: Began executing node model.multidimensional_modelling.stg_driver
[0m07:18:50.537026 [debug] [Thread-1 (]: Writing runtime sql for node "model.multidimensional_modelling.stg_driver"
[0m07:18:50.551775 [debug] [Thread-1 (]: Using duckdb connection "model.multidimensional_modelling.stg_driver"
[0m07:18:50.554236 [debug] [Thread-1 (]: On model.multidimensional_modelling.stg_driver: BEGIN
[0m07:18:50.556474 [debug] [Thread-1 (]: Opening a new connection, currently in state closed
[0m07:18:50.586647 [debug] [Thread-1 (]: SQL status: OK in 0.0 seconds
[0m07:18:50.590011 [debug] [Thread-1 (]: Using duckdb connection "model.multidimensional_modelling.stg_driver"
[0m07:18:50.592421 [debug] [Thread-1 (]: On model.multidimensional_modelling.stg_driver: /* {"app": "dbt", "dbt_version": "1.7.4", "profile_name": "dbt_project", "target_name": "duckdb", "node_id": "model.multidimensional_modelling.stg_driver"} */

  
  create view "warehouse"."staging"."stg_driver__dbt_tmp" as (
    select
    driver_id,
    initcap(driver_name) as driver_name,
    case when gender in ('M','F') then gender else null end as gender,
    license_no,
    upper(license_type) as license_type,
    regexp_replace(languages, '\s+', ' ', 'g') as languages, -- bersihkan spasi/tab berlebih
    cast(rating as numeric) as rating,
    cast(total_trips as integer) as total_trips,
    cast(is_active as boolean) as is_active,
    cast(joined_date as date) as joined_date
from "warehouse"."rental_source"."driver"
  );

[0m07:18:50.639086 [debug] [Thread-1 (]: Timing info for model.multidimensional_modelling.stg_driver (execute): 07:18:50.527970 => 07:18:50.638385
[0m07:18:50.641633 [debug] [Thread-1 (]: On model.multidimensional_modelling.stg_driver: ROLLBACK
[0m07:18:50.645184 [debug] [Thread-1 (]: Failed to rollback 'model.multidimensional_modelling.stg_driver'
[0m07:18:50.647572 [debug] [Thread-1 (]: On model.multidimensional_modelling.stg_driver: Close
[0m07:18:50.657013 [debug] [Thread-1 (]: Runtime Error in model stg_driver (models/staging/stg_driver.sql)
  Catalog Error: Table with name driver does not exist!
  Did you mean "warehouse.src_driver"?
  LINE 16: from "warehouse"."rental_source"."driver"
                ^
[0m07:18:50.659805 [debug] [Thread-1 (]: Sending event: {'category': 'dbt', 'action': 'run_model', 'label': 'e311e752-3af5-46ff-a331-9e703db79050', 'context': [<snowplow_tracker.self_describing_json.SelfDescribingJson object at 0x79a11f6f30d0>]}
[0m07:18:50.662664 [error] [Thread-1 (]: 11 of 38 ERROR creating sql view model staging.stg_driver ...................... [[31mERROR[0m in 0.17s]
[0m07:18:50.667225 [debug] [Thread-1 (]: Finished running node model.multidimensional_modelling.stg_driver
[0m07:18:50.673240 [debug] [Thread-1 (]: Began running node model.multidimensional_modelling.stg_flight_segment
[0m07:18:50.677128 [info ] [Thread-1 (]: 12 of 38 START sql view model staging.stg_flight_segment ....................... [RUN]
[0m07:18:50.682685 [debug] [Thread-1 (]: Re-using an available connection from the pool (formerly model.multidimensional_modelling.stg_driver, now model.multidimensional_modelling.stg_flight_segment)
[0m07:18:50.689409 [debug] [Thread-1 (]: Began compiling node model.multidimensional_modelling.stg_flight_segment
[0m07:18:50.699759 [debug] [Thread-1 (]: Writing injected SQL for node "model.multidimensional_modelling.stg_flight_segment"
[0m07:18:50.714892 [debug] [Thread-1 (]: Timing info for model.multidimensional_modelling.stg_flight_segment (compile): 07:18:50.691876 => 07:18:50.713970
[0m07:18:50.717341 [debug] [Thread-1 (]: Began executing node model.multidimensional_modelling.stg_flight_segment
[0m07:18:50.727708 [debug] [Thread-1 (]: Writing runtime sql for node "model.multidimensional_modelling.stg_flight_segment"
[0m07:18:50.742447 [debug] [Thread-1 (]: Using duckdb connection "model.multidimensional_modelling.stg_flight_segment"
[0m07:18:50.745450 [debug] [Thread-1 (]: On model.multidimensional_modelling.stg_flight_segment: BEGIN
[0m07:18:50.747996 [debug] [Thread-1 (]: Opening a new connection, currently in state closed
[0m07:18:50.794005 [debug] [Thread-1 (]: SQL status: OK in 0.0 seconds
[0m07:18:50.799860 [debug] [Thread-1 (]: Using duckdb connection "model.multidimensional_modelling.stg_flight_segment"
[0m07:18:50.803055 [debug] [Thread-1 (]: On model.multidimensional_modelling.stg_flight_segment: /* {"app": "dbt", "dbt_version": "1.7.4", "profile_name": "dbt_project", "target_name": "duckdb", "node_id": "model.multidimensional_modelling.stg_flight_segment"} */

  
  create view "warehouse"."staging"."stg_flight_segment__dbt_tmp" as (
    select
    cast(segment_id as integer) as segment_id,
    booking_id,
    flight_number,
    origin_airport,
    destination_airport,
    cast(scheduled_departure as timestamp) as scheduled_departure,
    cast(actual_departure as timestamp) as actual_departure,
    initcap(status) as status
from "warehouse"."flight_source"."flight_segment"
  );

[0m07:18:50.915019 [debug] [Thread-1 (]: Timing info for model.multidimensional_modelling.stg_flight_segment (execute): 07:18:50.719351 => 07:18:50.906151
[0m07:18:50.919410 [debug] [Thread-1 (]: On model.multidimensional_modelling.stg_flight_segment: ROLLBACK
[0m07:18:50.925036 [debug] [Thread-1 (]: Failed to rollback 'model.multidimensional_modelling.stg_flight_segment'
[0m07:18:50.928395 [debug] [Thread-1 (]: On model.multidimensional_modelling.stg_flight_segment: Close
[0m07:18:50.940186 [debug] [Thread-1 (]: Runtime Error in model stg_flight_segment (models/staging/stg_flight_segment.sql)
  Catalog Error: Table with name flight_segment does not exist!
  Did you mean "warehouse.src_flight_segment"?
  LINE 14: from "warehouse"."flight_source"."flight_segment"
    );
  ...
                ^
[0m07:18:50.942712 [debug] [Thread-1 (]: Sending event: {'category': 'dbt', 'action': 'run_model', 'label': 'e311e752-3af5-46ff-a331-9e703db79050', 'context': [<snowplow_tracker.self_describing_json.SelfDescribingJson object at 0x79a11f6f2a10>]}
[0m07:18:50.948116 [error] [Thread-1 (]: 12 of 38 ERROR creating sql view model staging.stg_flight_segment .............. [[31mERROR[0m in 0.26s]
[0m07:18:50.956397 [debug] [Thread-1 (]: Finished running node model.multidimensional_modelling.stg_flight_segment
[0m07:18:50.962493 [debug] [Thread-1 (]: Began running node model.multidimensional_modelling.stg_guest_profile
[0m07:18:50.975652 [info ] [Thread-1 (]: 13 of 38 START sql view model staging.stg_guest_profile ........................ [RUN]
[0m07:18:50.993028 [debug] [Thread-1 (]: Re-using an available connection from the pool (formerly model.multidimensional_modelling.stg_flight_segment, now model.multidimensional_modelling.stg_guest_profile)
[0m07:18:50.999093 [debug] [Thread-1 (]: Began compiling node model.multidimensional_modelling.stg_guest_profile
[0m07:18:51.035146 [debug] [Thread-1 (]: Writing injected SQL for node "model.multidimensional_modelling.stg_guest_profile"
[0m07:18:51.080961 [debug] [Thread-1 (]: Timing info for model.multidimensional_modelling.stg_guest_profile (compile): 07:18:51.026620 => 07:18:51.079590
[0m07:18:51.084974 [debug] [Thread-1 (]: Began executing node model.multidimensional_modelling.stg_guest_profile
[0m07:18:51.106331 [debug] [Thread-1 (]: Writing runtime sql for node "model.multidimensional_modelling.stg_guest_profile"
[0m07:18:51.147658 [debug] [Thread-1 (]: Using duckdb connection "model.multidimensional_modelling.stg_guest_profile"
[0m07:18:51.153345 [debug] [Thread-1 (]: On model.multidimensional_modelling.stg_guest_profile: BEGIN
[0m07:18:51.158157 [debug] [Thread-1 (]: Opening a new connection, currently in state closed
[0m07:18:51.226977 [debug] [Thread-1 (]: SQL status: OK in 0.0 seconds
[0m07:18:51.229646 [debug] [Thread-1 (]: Using duckdb connection "model.multidimensional_modelling.stg_guest_profile"
[0m07:18:51.232926 [debug] [Thread-1 (]: On model.multidimensional_modelling.stg_guest_profile: /* {"app": "dbt", "dbt_version": "1.7.4", "profile_name": "dbt_project", "target_name": "duckdb", "node_id": "model.multidimensional_modelling.stg_guest_profile"} */

  
  create view "warehouse"."staging"."stg_guest_profile__dbt_tmp" as (
    select
    guest_id,
    cast(customer_key as integer) as customer_key,
    upper(preferred_room_type) as preferred_room_type,
    initcap(smoking_preference) as smoking_preference,
    coalesce(special_request, 'None') as special_request,
    cast(created_at as date) as created_at
from "warehouse"."hotel_source"."guest_profile"
  );

[0m07:18:51.302137 [debug] [Thread-1 (]: Timing info for model.multidimensional_modelling.stg_guest_profile (execute): 07:18:51.088083 => 07:18:51.301100
[0m07:18:51.305964 [debug] [Thread-1 (]: On model.multidimensional_modelling.stg_guest_profile: ROLLBACK
[0m07:18:51.309888 [debug] [Thread-1 (]: Failed to rollback 'model.multidimensional_modelling.stg_guest_profile'
[0m07:18:51.312322 [debug] [Thread-1 (]: On model.multidimensional_modelling.stg_guest_profile: Close
[0m07:18:51.322407 [debug] [Thread-1 (]: Runtime Error in model stg_guest_profile (models/staging/stg_guest_profile.sql)
  Catalog Error: Table with name guest_profile does not exist!
  Did you mean "warehouse.src_guest_profile"?
  LINE 12: from "warehouse"."hotel_source"."guest_profile"
    );
  ...
                ^
[0m07:18:51.324801 [debug] [Thread-1 (]: Sending event: {'category': 'dbt', 'action': 'run_model', 'label': 'e311e752-3af5-46ff-a331-9e703db79050', 'context': [<snowplow_tracker.self_describing_json.SelfDescribingJson object at 0x79a11f5bc220>]}
[0m07:18:51.327308 [error] [Thread-1 (]: 13 of 38 ERROR creating sql view model staging.stg_guest_profile ............... [[31mERROR[0m in 0.33s]
[0m07:18:51.337484 [debug] [Thread-1 (]: Finished running node model.multidimensional_modelling.stg_guest_profile
[0m07:18:51.341268 [debug] [Thread-1 (]: Began running node model.multidimensional_modelling.stg_hotel_property
[0m07:18:51.345563 [info ] [Thread-1 (]: 14 of 38 START sql view model staging.stg_hotel_property ....................... [RUN]
[0m07:18:51.351183 [debug] [Thread-1 (]: Re-using an available connection from the pool (formerly model.multidimensional_modelling.stg_guest_profile, now model.multidimensional_modelling.stg_hotel_property)
[0m07:18:51.353976 [debug] [Thread-1 (]: Began compiling node model.multidimensional_modelling.stg_hotel_property
[0m07:18:51.468560 [debug] [Thread-1 (]: Writing injected SQL for node "model.multidimensional_modelling.stg_hotel_property"
[0m07:18:51.484855 [debug] [Thread-1 (]: Timing info for model.multidimensional_modelling.stg_hotel_property (compile): 07:18:51.355967 => 07:18:51.484177
[0m07:18:51.487121 [debug] [Thread-1 (]: Began executing node model.multidimensional_modelling.stg_hotel_property
[0m07:18:51.499106 [debug] [Thread-1 (]: Writing runtime sql for node "model.multidimensional_modelling.stg_hotel_property"
[0m07:18:51.515771 [debug] [Thread-1 (]: Using duckdb connection "model.multidimensional_modelling.stg_hotel_property"
[0m07:18:51.518423 [debug] [Thread-1 (]: On model.multidimensional_modelling.stg_hotel_property: BEGIN
[0m07:18:51.520585 [debug] [Thread-1 (]: Opening a new connection, currently in state closed
[0m07:18:51.551563 [debug] [Thread-1 (]: SQL status: OK in 0.0 seconds
[0m07:18:51.554473 [debug] [Thread-1 (]: Using duckdb connection "model.multidimensional_modelling.stg_hotel_property"
[0m07:18:51.556685 [debug] [Thread-1 (]: On model.multidimensional_modelling.stg_hotel_property: /* {"app": "dbt", "dbt_version": "1.7.4", "profile_name": "dbt_project", "target_name": "duckdb", "node_id": "model.multidimensional_modelling.stg_hotel_property"} */

  
  create view "warehouse"."staging"."stg_hotel_property__dbt_tmp" as (
    select
    hotel_id,
    initcap(hotel_name) as hotel_name,
    initcap(brand) as brand,
    initcap(city) as city,
    cast(star_rating as integer) as star_rating,
    cast(total_rooms as integer) as total_rooms,
    cast(has_pool as boolean) as has_pool,
    cast(has_gym as boolean) as has_gym,
    cast(created_at as date) as created_at,
    cast(updated_at as date) as updated_at
from "warehouse"."hotel_source"."hotel_property"
  );

[0m07:18:51.604367 [debug] [Thread-1 (]: Timing info for model.multidimensional_modelling.stg_hotel_property (execute): 07:18:51.488874 => 07:18:51.603747
[0m07:18:51.606788 [debug] [Thread-1 (]: On model.multidimensional_modelling.stg_hotel_property: ROLLBACK
[0m07:18:51.610452 [debug] [Thread-1 (]: Failed to rollback 'model.multidimensional_modelling.stg_hotel_property'
[0m07:18:51.612869 [debug] [Thread-1 (]: On model.multidimensional_modelling.stg_hotel_property: Close
[0m07:18:51.622533 [debug] [Thread-1 (]: Runtime Error in model stg_hotel_property (models/staging/stg_hotel_property.sql)
  Catalog Error: Table with name hotel_property does not exist!
  Did you mean "warehouse.src_hotel_property"?
  LINE 16: from "warehouse"."hotel_source"."hotel_property"
    );
  ...
                ^
[0m07:18:51.625166 [debug] [Thread-1 (]: Sending event: {'category': 'dbt', 'action': 'run_model', 'label': 'e311e752-3af5-46ff-a331-9e703db79050', 'context': [<snowplow_tracker.self_describing_json.SelfDescribingJson object at 0x79a121905cf0>]}
[0m07:18:51.628178 [error] [Thread-1 (]: 14 of 38 ERROR creating sql view model staging.stg_hotel_property .............. [[31mERROR[0m in 0.27s]
[0m07:18:51.632479 [debug] [Thread-1 (]: Finished running node model.multidimensional_modelling.stg_hotel_property
[0m07:18:51.635714 [debug] [Thread-1 (]: Began running node model.multidimensional_modelling.stg_hotel_stay
[0m07:18:51.640478 [info ] [Thread-1 (]: 15 of 38 START sql view model staging.stg_hotel_stay ........................... [RUN]
[0m07:18:51.644880 [debug] [Thread-1 (]: Re-using an available connection from the pool (formerly model.multidimensional_modelling.stg_hotel_property, now model.multidimensional_modelling.stg_hotel_stay)
[0m07:18:51.649071 [debug] [Thread-1 (]: Began compiling node model.multidimensional_modelling.stg_hotel_stay
[0m07:18:51.659937 [debug] [Thread-1 (]: Writing injected SQL for node "model.multidimensional_modelling.stg_hotel_stay"
[0m07:18:51.687091 [debug] [Thread-1 (]: Timing info for model.multidimensional_modelling.stg_hotel_stay (compile): 07:18:51.651390 => 07:18:51.686108
[0m07:18:51.690189 [debug] [Thread-1 (]: Began executing node model.multidimensional_modelling.stg_hotel_stay
[0m07:18:51.707148 [debug] [Thread-1 (]: Writing runtime sql for node "model.multidimensional_modelling.stg_hotel_stay"
[0m07:18:51.727725 [debug] [Thread-1 (]: Using duckdb connection "model.multidimensional_modelling.stg_hotel_stay"
[0m07:18:51.730740 [debug] [Thread-1 (]: On model.multidimensional_modelling.stg_hotel_stay: BEGIN
[0m07:18:51.733620 [debug] [Thread-1 (]: Opening a new connection, currently in state closed
[0m07:18:51.808967 [debug] [Thread-1 (]: SQL status: OK in 0.0 seconds
[0m07:18:51.812515 [debug] [Thread-1 (]: Using duckdb connection "model.multidimensional_modelling.stg_hotel_stay"
[0m07:18:51.815726 [debug] [Thread-1 (]: On model.multidimensional_modelling.stg_hotel_stay: /* {"app": "dbt", "dbt_version": "1.7.4", "profile_name": "dbt_project", "target_name": "duckdb", "node_id": "model.multidimensional_modelling.stg_hotel_stay"} */

  
  create view "warehouse"."staging"."stg_hotel_stay__dbt_tmp" as (
    select
    stay_id,
    reservation_id,
    cast(checkin_date as date) as checkin_date,
    cast(checkout_date as date) as checkout_date,
    cast(number_of_nights as integer) as number_of_nights,
    cast(room_charge_usd as numeric) as room_charge_usd,
    cast(extra_charge_usd as numeric) as extra_charge_usd,
    cast(total_bill_usd as numeric) as total_bill_usd
from "warehouse"."hotel_source"."hotel_stay"
  );

[0m07:18:51.864907 [debug] [Thread-1 (]: Timing info for model.multidimensional_modelling.stg_hotel_stay (execute): 07:18:51.694323 => 07:18:51.864138
[0m07:18:51.869080 [debug] [Thread-1 (]: On model.multidimensional_modelling.stg_hotel_stay: ROLLBACK
[0m07:18:51.873091 [debug] [Thread-1 (]: Failed to rollback 'model.multidimensional_modelling.stg_hotel_stay'
[0m07:18:51.875577 [debug] [Thread-1 (]: On model.multidimensional_modelling.stg_hotel_stay: Close
[0m07:18:51.886582 [debug] [Thread-1 (]: Runtime Error in model stg_hotel_stay (models/staging/stg_hotel_stay.sql)
  Catalog Error: Table with name hotel_stay does not exist!
  Did you mean "warehouse.src_hotel_stay"?
  LINE 14: from "warehouse"."hotel_source"."hotel_stay"
                ^
[0m07:18:51.891601 [debug] [Thread-1 (]: Sending event: {'category': 'dbt', 'action': 'run_model', 'label': 'e311e752-3af5-46ff-a331-9e703db79050', 'context': [<snowplow_tracker.self_describing_json.SelfDescribingJson object at 0x79a11f5b0040>]}
[0m07:18:51.895446 [error] [Thread-1 (]: 15 of 38 ERROR creating sql view model staging.stg_hotel_stay .................. [[31mERROR[0m in 0.25s]
[0m07:18:51.900646 [debug] [Thread-1 (]: Finished running node model.multidimensional_modelling.stg_hotel_stay
[0m07:18:51.905881 [debug] [Thread-1 (]: Began running node model.multidimensional_modelling.stg_payment_method
[0m07:18:51.911304 [info ] [Thread-1 (]: 16 of 38 START sql view model staging.stg_payment_method ....................... [RUN]
[0m07:18:51.916372 [debug] [Thread-1 (]: Re-using an available connection from the pool (formerly model.multidimensional_modelling.stg_hotel_stay, now model.multidimensional_modelling.stg_payment_method)
[0m07:18:51.919548 [debug] [Thread-1 (]: Began compiling node model.multidimensional_modelling.stg_payment_method
[0m07:18:51.930101 [debug] [Thread-1 (]: Writing injected SQL for node "model.multidimensional_modelling.stg_payment_method"
[0m07:18:51.943880 [debug] [Thread-1 (]: Timing info for model.multidimensional_modelling.stg_payment_method (compile): 07:18:51.922527 => 07:18:51.942946
[0m07:18:51.947634 [debug] [Thread-1 (]: Began executing node model.multidimensional_modelling.stg_payment_method
[0m07:18:51.963060 [debug] [Thread-1 (]: Writing runtime sql for node "model.multidimensional_modelling.stg_payment_method"
[0m07:18:51.978714 [debug] [Thread-1 (]: Using duckdb connection "model.multidimensional_modelling.stg_payment_method"
[0m07:18:51.981577 [debug] [Thread-1 (]: On model.multidimensional_modelling.stg_payment_method: BEGIN
[0m07:18:51.984082 [debug] [Thread-1 (]: Opening a new connection, currently in state closed
[0m07:18:52.015046 [debug] [Thread-1 (]: SQL status: OK in 0.0 seconds
[0m07:18:52.017247 [debug] [Thread-1 (]: Using duckdb connection "model.multidimensional_modelling.stg_payment_method"
[0m07:18:52.019314 [debug] [Thread-1 (]: On model.multidimensional_modelling.stg_payment_method: /* {"app": "dbt", "dbt_version": "1.7.4", "profile_name": "dbt_project", "target_name": "duckdb", "node_id": "model.multidimensional_modelling.stg_payment_method"} */

  
  create view "warehouse"."staging"."stg_payment_method__dbt_tmp" as (
    select
    cast(payment_method_id as integer) as payment_method_id,
    upper(method_code) as method_code,
    initcap(method_name) as method_name,
    initcap(payment_type) as payment_type,
    initcap(provider) as provider,
    cast(processing_fee_pct as numeric) as processing_fee_pct,
    cast(supports_installment as boolean) as supports_installment
from "warehouse"."payment_source"."payment_method"
  );

[0m07:18:52.141093 [debug] [Thread-1 (]: Timing info for model.multidimensional_modelling.stg_payment_method (execute): 07:18:51.949586 => 07:18:52.131586
[0m07:18:52.145004 [debug] [Thread-1 (]: On model.multidimensional_modelling.stg_payment_method: ROLLBACK
[0m07:18:52.164533 [debug] [Thread-1 (]: Failed to rollback 'model.multidimensional_modelling.stg_payment_method'
[0m07:18:52.172271 [debug] [Thread-1 (]: On model.multidimensional_modelling.stg_payment_method: Close
[0m07:18:52.193493 [debug] [Thread-1 (]: Runtime Error in model stg_payment_method (models/staging/stg_payment_method.sql)
  Catalog Error: Table with name payment_method does not exist!
  Did you mean "warehouse.src_payment_method"?
  LINE 13: from "warehouse"."payment_source"."payment_method"
    );
  ...
                ^
[0m07:18:52.200569 [debug] [Thread-1 (]: Sending event: {'category': 'dbt', 'action': 'run_model', 'label': 'e311e752-3af5-46ff-a331-9e703db79050', 'context': [<snowplow_tracker.self_describing_json.SelfDescribingJson object at 0x79a11f5b38e0>]}
[0m07:18:52.221360 [error] [Thread-1 (]: 16 of 38 ERROR creating sql view model staging.stg_payment_method .............. [[31mERROR[0m in 0.28s]
[0m07:18:52.235091 [debug] [Thread-1 (]: Finished running node model.multidimensional_modelling.stg_payment_method
[0m07:18:52.248651 [debug] [Thread-1 (]: Began running node model.multidimensional_modelling.stg_payment_transaction
[0m07:18:52.255253 [info ] [Thread-1 (]: 17 of 38 START sql view model staging.stg_payment_transaction .................. [RUN]
[0m07:18:52.264565 [debug] [Thread-1 (]: Re-using an available connection from the pool (formerly model.multidimensional_modelling.stg_payment_method, now model.multidimensional_modelling.stg_payment_transaction)
[0m07:18:52.270601 [debug] [Thread-1 (]: Began compiling node model.multidimensional_modelling.stg_payment_transaction
[0m07:18:52.301021 [debug] [Thread-1 (]: Writing injected SQL for node "model.multidimensional_modelling.stg_payment_transaction"
[0m07:18:52.343443 [debug] [Thread-1 (]: Timing info for model.multidimensional_modelling.stg_payment_transaction (compile): 07:18:52.286458 => 07:18:52.342473
[0m07:18:52.348324 [debug] [Thread-1 (]: Began executing node model.multidimensional_modelling.stg_payment_transaction
[0m07:18:52.374844 [debug] [Thread-1 (]: Writing runtime sql for node "model.multidimensional_modelling.stg_payment_transaction"
[0m07:18:52.419677 [debug] [Thread-1 (]: Using duckdb connection "model.multidimensional_modelling.stg_payment_transaction"
[0m07:18:52.426476 [debug] [Thread-1 (]: On model.multidimensional_modelling.stg_payment_transaction: BEGIN
[0m07:18:52.430608 [debug] [Thread-1 (]: Opening a new connection, currently in state closed
[0m07:18:52.539700 [debug] [Thread-1 (]: SQL status: OK in 0.0 seconds
[0m07:18:52.547643 [debug] [Thread-1 (]: Using duckdb connection "model.multidimensional_modelling.stg_payment_transaction"
[0m07:18:52.551938 [debug] [Thread-1 (]: On model.multidimensional_modelling.stg_payment_transaction: /* {"app": "dbt", "dbt_version": "1.7.4", "profile_name": "dbt_project", "target_name": "duckdb", "node_id": "model.multidimensional_modelling.stg_payment_transaction"} */

  
  create view "warehouse"."staging"."stg_payment_transaction__dbt_tmp" as (
    select
    payment_id,
    payment_reference,
    invoice_number,
    cast(customer_key as integer) as customer_key,
    cast(transaction_date as date) as transaction_date,
    cast(transaction_time as time) as transaction_time,
    cast(payment_method_id as integer) as payment_method_id,
    upper(currency_code) as currency_code,
    initcap(payment_gateway) as payment_gateway,
    initcap(payment_status) as payment_status,
    cast(gross_amount_usd as numeric) as gross_amount_usd,
    cast(discount_usd as numeric) as discount_usd,
    cast(tax_usd as numeric) as tax_usd,
    cast(net_amount_usd as numeric) as net_amount_usd,
    cast(refund_amount_usd as numeric) as refund_amount_usd,
    cast(gateway_fee_usd as numeric) as gateway_fee_usd,
    cast(installment_months as integer) as installment_months,
    upper(source_type) as source_type,
    source_reference
from "warehouse"."payment_source"."payment_transaction"
  );

[0m07:18:52.681954 [debug] [Thread-1 (]: Timing info for model.multidimensional_modelling.stg_payment_transaction (execute): 07:18:52.355370 => 07:18:52.681110
[0m07:18:52.684483 [debug] [Thread-1 (]: On model.multidimensional_modelling.stg_payment_transaction: ROLLBACK
[0m07:18:52.689544 [debug] [Thread-1 (]: Failed to rollback 'model.multidimensional_modelling.stg_payment_transaction'
[0m07:18:52.692646 [debug] [Thread-1 (]: On model.multidimensional_modelling.stg_payment_transaction: Close
[0m07:18:52.705454 [debug] [Thread-1 (]: Runtime Error in model stg_payment_transaction (models/staging/stg_payment_transaction.sql)
  Catalog Error: Table with name payment_transaction does not exist!
  Did you mean "warehouse.src_payment_transaction"?
  LINE 25: from "warehouse"."payment_source"."payment_transaction"
    );
  ...
                ^
[0m07:18:52.709933 [debug] [Thread-1 (]: Sending event: {'category': 'dbt', 'action': 'run_model', 'label': 'e311e752-3af5-46ff-a331-9e703db79050', 'context': [<snowplow_tracker.self_describing_json.SelfDescribingJson object at 0x79a11f6f9000>]}
[0m07:18:52.713357 [error] [Thread-1 (]: 17 of 38 ERROR creating sql view model staging.stg_payment_transaction ......... [[31mERROR[0m in 0.45s]
[0m07:18:52.720826 [debug] [Thread-1 (]: Finished running node model.multidimensional_modelling.stg_payment_transaction
[0m07:18:52.726900 [debug] [Thread-1 (]: Began running node model.multidimensional_modelling.stg_rental_order
[0m07:18:52.736838 [info ] [Thread-1 (]: 18 of 38 START sql view model staging.stg_rental_order ......................... [RUN]
[0m07:18:52.744901 [debug] [Thread-1 (]: Re-using an available connection from the pool (formerly model.multidimensional_modelling.stg_payment_transaction, now model.multidimensional_modelling.stg_rental_order)
[0m07:18:52.752340 [debug] [Thread-1 (]: Began compiling node model.multidimensional_modelling.stg_rental_order
[0m07:18:52.764925 [debug] [Thread-1 (]: Writing injected SQL for node "model.multidimensional_modelling.stg_rental_order"
[0m07:18:52.812800 [debug] [Thread-1 (]: Timing info for model.multidimensional_modelling.stg_rental_order (compile): 07:18:52.757724 => 07:18:52.811887
[0m07:18:52.819435 [debug] [Thread-1 (]: Began executing node model.multidimensional_modelling.stg_rental_order
[0m07:18:52.851500 [debug] [Thread-1 (]: Writing runtime sql for node "model.multidimensional_modelling.stg_rental_order"
[0m07:18:52.886359 [debug] [Thread-1 (]: Using duckdb connection "model.multidimensional_modelling.stg_rental_order"
[0m07:18:52.892063 [debug] [Thread-1 (]: On model.multidimensional_modelling.stg_rental_order: BEGIN
[0m07:18:52.897338 [debug] [Thread-1 (]: Opening a new connection, currently in state closed
[0m07:18:52.941030 [debug] [Thread-1 (]: SQL status: OK in 0.0 seconds
[0m07:18:52.944916 [debug] [Thread-1 (]: Using duckdb connection "model.multidimensional_modelling.stg_rental_order"
[0m07:18:52.947988 [debug] [Thread-1 (]: On model.multidimensional_modelling.stg_rental_order: /* {"app": "dbt", "dbt_version": "1.7.4", "profile_name": "dbt_project", "target_name": "duckdb", "node_id": "model.multidimensional_modelling.stg_rental_order"} */

  
  create view "warehouse"."staging"."stg_rental_order__dbt_tmp" as (
    select
    order_id,
    cast(customer_key as integer) as customer_key,
    reservation_id,
    segment_id,
    vehicle_id,
    driver_id,
    upper(pickup_airport) as pickup_airport,
    cast(order_date as date) as order_date,
    cast(scheduled_pickup as timestamp) as scheduled_pickup,
    initcap(order_status) as order_status,
    coalesce(special_request, 'None') as special_request,
    cast(estimated_rate_usd as numeric) as estimated_rate_usd
from "warehouse"."rental_source"."rental_order"
  );

[0m07:18:52.994170 [debug] [Thread-1 (]: Timing info for model.multidimensional_modelling.stg_rental_order (execute): 07:18:52.824724 => 07:18:52.993477
[0m07:18:52.996373 [debug] [Thread-1 (]: On model.multidimensional_modelling.stg_rental_order: ROLLBACK
[0m07:18:52.999902 [debug] [Thread-1 (]: Failed to rollback 'model.multidimensional_modelling.stg_rental_order'
[0m07:18:53.002312 [debug] [Thread-1 (]: On model.multidimensional_modelling.stg_rental_order: Close
[0m07:18:53.012701 [debug] [Thread-1 (]: Runtime Error in model stg_rental_order (models/staging/stg_rental_order.sql)
  Catalog Error: Table with name rental_order does not exist!
  Did you mean "warehouse.src_rental_order"?
  LINE 18: from "warehouse"."rental_source"."rental_order"
    );
  ...
                ^
[0m07:18:53.015366 [debug] [Thread-1 (]: Sending event: {'category': 'dbt', 'action': 'run_model', 'label': 'e311e752-3af5-46ff-a331-9e703db79050', 'context': [<snowplow_tracker.self_describing_json.SelfDescribingJson object at 0x79a11f6f8ee0>]}
[0m07:18:53.018206 [error] [Thread-1 (]: 18 of 38 ERROR creating sql view model staging.stg_rental_order ................ [[31mERROR[0m in 0.27s]
[0m07:18:53.024574 [debug] [Thread-1 (]: Finished running node model.multidimensional_modelling.stg_rental_order
[0m07:18:53.027628 [debug] [Thread-1 (]: Began running node model.multidimensional_modelling.stg_rental_trip
[0m07:18:53.030314 [info ] [Thread-1 (]: 19 of 38 START sql view model staging.stg_rental_trip .......................... [RUN]
[0m07:18:53.034319 [debug] [Thread-1 (]: Re-using an available connection from the pool (formerly model.multidimensional_modelling.stg_rental_order, now model.multidimensional_modelling.stg_rental_trip)
[0m07:18:53.036962 [debug] [Thread-1 (]: Began compiling node model.multidimensional_modelling.stg_rental_trip
[0m07:18:53.045499 [debug] [Thread-1 (]: Writing injected SQL for node "model.multidimensional_modelling.stg_rental_trip"
[0m07:18:53.061332 [debug] [Thread-1 (]: Timing info for model.multidimensional_modelling.stg_rental_trip (compile): 07:18:53.039168 => 07:18:53.060661
[0m07:18:53.063744 [debug] [Thread-1 (]: Began executing node model.multidimensional_modelling.stg_rental_trip
[0m07:18:53.075958 [debug] [Thread-1 (]: Writing runtime sql for node "model.multidimensional_modelling.stg_rental_trip"
[0m07:18:53.091780 [debug] [Thread-1 (]: Using duckdb connection "model.multidimensional_modelling.stg_rental_trip"
[0m07:18:53.094089 [debug] [Thread-1 (]: On model.multidimensional_modelling.stg_rental_trip: BEGIN
[0m07:18:53.096195 [debug] [Thread-1 (]: Opening a new connection, currently in state closed
[0m07:18:53.125559 [debug] [Thread-1 (]: SQL status: OK in 0.0 seconds
[0m07:18:53.128048 [debug] [Thread-1 (]: Using duckdb connection "model.multidimensional_modelling.stg_rental_trip"
[0m07:18:53.130466 [debug] [Thread-1 (]: On model.multidimensional_modelling.stg_rental_trip: /* {"app": "dbt", "dbt_version": "1.7.4", "profile_name": "dbt_project", "target_name": "duckdb", "node_id": "model.multidimensional_modelling.stg_rental_trip"} */

  
  create view "warehouse"."staging"."stg_rental_trip__dbt_tmp" as (
    select
    cast(trip_id as integer) as trip_id,
    order_id,
    cast(actual_pickup as timestamp) as actual_pickup,
    cast(actual_dropoff as timestamp) as actual_dropoff,
    cast(delay_minutes as integer) as delay_minutes,
    cast(duration_minutes as integer) as duration_minutes,
    cast(distance_km as numeric) as distance_km,
    cast(base_charge_usd as numeric) as base_charge_usd,
    cast(surcharge_usd as numeric) as surcharge_usd,
    cast(total_charge_usd as numeric) as total_charge_usd,
    initcap(trip_status) as trip_status,
    cast(driver_rating as numeric) as driver_rating
from "warehouse"."rental_source"."rental_trip"
  );

[0m07:18:53.172885 [debug] [Thread-1 (]: Timing info for model.multidimensional_modelling.stg_rental_trip (execute): 07:18:53.065777 => 07:18:53.172189
[0m07:18:53.175168 [debug] [Thread-1 (]: On model.multidimensional_modelling.stg_rental_trip: ROLLBACK
[0m07:18:53.179491 [debug] [Thread-1 (]: Failed to rollback 'model.multidimensional_modelling.stg_rental_trip'
[0m07:18:53.181775 [debug] [Thread-1 (]: On model.multidimensional_modelling.stg_rental_trip: Close
[0m07:18:53.192324 [debug] [Thread-1 (]: Runtime Error in model stg_rental_trip (models/staging/stg_rental_trip.sql)
  Catalog Error: Table with name rental_trip does not exist!
  Did you mean "warehouse.src_rental_trip"?
  LINE 18: from "warehouse"."rental_source"."rental_trip"
    );
  ...
                ^
[0m07:18:53.195789 [debug] [Thread-1 (]: Sending event: {'category': 'dbt', 'action': 'run_model', 'label': 'e311e752-3af5-46ff-a331-9e703db79050', 'context': [<snowplow_tracker.self_describing_json.SelfDescribingJson object at 0x79a11f5cbaf0>]}
[0m07:18:53.199385 [error] [Thread-1 (]: 19 of 38 ERROR creating sql view model staging.stg_rental_trip ................. [[31mERROR[0m in 0.16s]
[0m07:18:53.203253 [debug] [Thread-1 (]: Finished running node model.multidimensional_modelling.stg_rental_trip
[0m07:18:53.206966 [debug] [Thread-1 (]: Began running node model.multidimensional_modelling.stg_reservation
[0m07:18:53.210589 [info ] [Thread-1 (]: 20 of 38 START sql view model staging.stg_reservation .......................... [RUN]
[0m07:18:53.215217 [debug] [Thread-1 (]: Re-using an available connection from the pool (formerly model.multidimensional_modelling.stg_rental_trip, now model.multidimensional_modelling.stg_reservation)
[0m07:18:53.218135 [debug] [Thread-1 (]: Began compiling node model.multidimensional_modelling.stg_reservation
[0m07:18:53.228170 [debug] [Thread-1 (]: Writing injected SQL for node "model.multidimensional_modelling.stg_reservation"
[0m07:18:53.246547 [debug] [Thread-1 (]: Timing info for model.multidimensional_modelling.stg_reservation (compile): 07:18:53.220558 => 07:18:53.245105
[0m07:18:53.249546 [debug] [Thread-1 (]: Began executing node model.multidimensional_modelling.stg_reservation
[0m07:18:53.264797 [debug] [Thread-1 (]: Writing runtime sql for node "model.multidimensional_modelling.stg_reservation"
[0m07:18:53.284858 [debug] [Thread-1 (]: Using duckdb connection "model.multidimensional_modelling.stg_reservation"
[0m07:18:53.287429 [debug] [Thread-1 (]: On model.multidimensional_modelling.stg_reservation: BEGIN
[0m07:18:53.291528 [debug] [Thread-1 (]: Opening a new connection, currently in state closed
[0m07:18:53.331991 [debug] [Thread-1 (]: SQL status: OK in 0.0 seconds
[0m07:18:53.334968 [debug] [Thread-1 (]: Using duckdb connection "model.multidimensional_modelling.stg_reservation"
[0m07:18:53.337555 [debug] [Thread-1 (]: On model.multidimensional_modelling.stg_reservation: /* {"app": "dbt", "dbt_version": "1.7.4", "profile_name": "dbt_project", "target_name": "duckdb", "node_id": "model.multidimensional_modelling.stg_reservation"} */

  
  create view "warehouse"."staging"."stg_reservation__dbt_tmp" as (
    select
    reservation_id,
    guest_id,
    hotel_id,
    cast(booking_date as date) as booking_date,
    cast(arrival_date as date) as arrival_date,
    cast(departure_date as date) as departure_date,
    initcap(reservation_status) as reservation_status,
    initcap(booking_source) as booking_source
from "warehouse"."flight_source"."reservation"
  );

[0m07:18:53.406257 [debug] [Thread-1 (]: Timing info for model.multidimensional_modelling.stg_reservation (execute): 07:18:53.251710 => 07:18:53.405270
[0m07:18:53.409149 [debug] [Thread-1 (]: On model.multidimensional_modelling.stg_reservation: ROLLBACK
[0m07:18:53.413248 [debug] [Thread-1 (]: Failed to rollback 'model.multidimensional_modelling.stg_reservation'
[0m07:18:53.418222 [debug] [Thread-1 (]: On model.multidimensional_modelling.stg_reservation: Close
[0m07:18:53.429675 [debug] [Thread-1 (]: Runtime Error in model stg_reservation (models/staging/stg_reservation.sql)
  Catalog Error: Table with name reservation does not exist!
  Did you mean "warehouse.src_reservation"?
  LINE 14: from "warehouse"."flight_source"."reservation"
    );
  ...
                ^
[0m07:18:53.433007 [debug] [Thread-1 (]: Sending event: {'category': 'dbt', 'action': 'run_model', 'label': 'e311e752-3af5-46ff-a331-9e703db79050', 'context': [<snowplow_tracker.self_describing_json.SelfDescribingJson object at 0x79a11f517e80>]}
[0m07:18:53.436387 [error] [Thread-1 (]: 20 of 38 ERROR creating sql view model staging.stg_reservation ................. [[31mERROR[0m in 0.22s]
[0m07:18:53.441535 [debug] [Thread-1 (]: Finished running node model.multidimensional_modelling.stg_reservation
[0m07:18:53.445400 [debug] [Thread-1 (]: Began running node model.multidimensional_modelling.stg_room_inventory
[0m07:18:53.449179 [info ] [Thread-1 (]: 21 of 38 START sql view model staging.stg_room_inventory ....................... [RUN]
[0m07:18:53.454913 [debug] [Thread-1 (]: Re-using an available connection from the pool (formerly model.multidimensional_modelling.stg_reservation, now model.multidimensional_modelling.stg_room_inventory)
[0m07:18:53.458782 [debug] [Thread-1 (]: Began compiling node model.multidimensional_modelling.stg_room_inventory
[0m07:18:53.470185 [debug] [Thread-1 (]: Writing injected SQL for node "model.multidimensional_modelling.stg_room_inventory"
[0m07:18:53.486974 [debug] [Thread-1 (]: Timing info for model.multidimensional_modelling.stg_room_inventory (compile): 07:18:53.461018 => 07:18:53.486111
[0m07:18:53.489688 [debug] [Thread-1 (]: Began executing node model.multidimensional_modelling.stg_room_inventory
[0m07:18:53.501361 [debug] [Thread-1 (]: Writing runtime sql for node "model.multidimensional_modelling.stg_room_inventory"
[0m07:18:53.517509 [debug] [Thread-1 (]: Using duckdb connection "model.multidimensional_modelling.stg_room_inventory"
[0m07:18:53.520253 [debug] [Thread-1 (]: On model.multidimensional_modelling.stg_room_inventory: BEGIN
[0m07:18:53.522771 [debug] [Thread-1 (]: Opening a new connection, currently in state closed
[0m07:18:53.553956 [debug] [Thread-1 (]: SQL status: OK in 0.0 seconds
[0m07:18:53.557048 [debug] [Thread-1 (]: Using duckdb connection "model.multidimensional_modelling.stg_room_inventory"
[0m07:18:53.560714 [debug] [Thread-1 (]: On model.multidimensional_modelling.stg_room_inventory: /* {"app": "dbt", "dbt_version": "1.7.4", "profile_name": "dbt_project", "target_name": "duckdb", "node_id": "model.multidimensional_modelling.stg_room_inventory"} */

  
  create view "warehouse"."staging"."stg_room_inventory__dbt_tmp" as (
    select
    room_id,
    hotel_id,
    cast(room_number as integer) as room_number,
    upper(room_type_code) as room_type_code,
    initcap(room_type_name) as room_type_name,
    cast(base_rate_usd as numeric) as base_rate_usd,
    cast(is_active as boolean) as is_active
from "warehouse"."hotel_source"."room_inventory"
  );

[0m07:18:53.626473 [debug] [Thread-1 (]: Timing info for model.multidimensional_modelling.stg_room_inventory (execute): 07:18:53.491994 => 07:18:53.625722
[0m07:18:53.628717 [debug] [Thread-1 (]: On model.multidimensional_modelling.stg_room_inventory: ROLLBACK
[0m07:18:53.632171 [debug] [Thread-1 (]: Failed to rollback 'model.multidimensional_modelling.stg_room_inventory'
[0m07:18:53.634416 [debug] [Thread-1 (]: On model.multidimensional_modelling.stg_room_inventory: Close
[0m07:18:53.643665 [debug] [Thread-1 (]: Runtime Error in model stg_room_inventory (models/staging/stg_room_inventory.sql)
  Catalog Error: Table with name room_inventory does not exist!
  Did you mean "warehouse.src_room_inventory"?
  LINE 13: from "warehouse"."hotel_source"."room_inventory"
    );
  ...
                ^
[0m07:18:53.646126 [debug] [Thread-1 (]: Sending event: {'category': 'dbt', 'action': 'run_model', 'label': 'e311e752-3af5-46ff-a331-9e703db79050', 'context': [<snowplow_tracker.self_describing_json.SelfDescribingJson object at 0x79a11f514850>]}
[0m07:18:53.648753 [error] [Thread-1 (]: 21 of 38 ERROR creating sql view model staging.stg_room_inventory .............. [[31mERROR[0m in 0.19s]
[0m07:18:53.652371 [debug] [Thread-1 (]: Finished running node model.multidimensional_modelling.stg_room_inventory
[0m07:18:53.656394 [debug] [Thread-1 (]: Began running node model.multidimensional_modelling.stg_vehicle
[0m07:18:53.659227 [info ] [Thread-1 (]: 22 of 38 START sql view model staging.stg_vehicle .............................. [RUN]
[0m07:18:53.663168 [debug] [Thread-1 (]: Re-using an available connection from the pool (formerly model.multidimensional_modelling.stg_room_inventory, now model.multidimensional_modelling.stg_vehicle)
[0m07:18:53.665508 [debug] [Thread-1 (]: Began compiling node model.multidimensional_modelling.stg_vehicle
[0m07:18:53.674420 [debug] [Thread-1 (]: Writing injected SQL for node "model.multidimensional_modelling.stg_vehicle"
[0m07:18:53.688459 [debug] [Thread-1 (]: Timing info for model.multidimensional_modelling.stg_vehicle (compile): 07:18:53.667826 => 07:18:53.687557
[0m07:18:53.690686 [debug] [Thread-1 (]: Began executing node model.multidimensional_modelling.stg_vehicle
[0m07:18:53.702612 [debug] [Thread-1 (]: Writing runtime sql for node "model.multidimensional_modelling.stg_vehicle"
[0m07:18:53.717590 [debug] [Thread-1 (]: Using duckdb connection "model.multidimensional_modelling.stg_vehicle"
[0m07:18:53.719969 [debug] [Thread-1 (]: On model.multidimensional_modelling.stg_vehicle: BEGIN
[0m07:18:53.722377 [debug] [Thread-1 (]: Opening a new connection, currently in state closed
[0m07:18:53.753841 [debug] [Thread-1 (]: SQL status: OK in 0.0 seconds
[0m07:18:53.756100 [debug] [Thread-1 (]: Using duckdb connection "model.multidimensional_modelling.stg_vehicle"
[0m07:18:53.758498 [debug] [Thread-1 (]: On model.multidimensional_modelling.stg_vehicle: /* {"app": "dbt", "dbt_version": "1.7.4", "profile_name": "dbt_project", "target_name": "duckdb", "node_id": "model.multidimensional_modelling.stg_vehicle"} */

  
  create view "warehouse"."staging"."stg_vehicle__dbt_tmp" as (
    select
    vehicle_id,
    plate,
    upper(type_code) as type_code,
    initcap(type_name) as type_name,
    initcap(category) as category,
    initcap(brand) as brand,
    initcap(model) as model,
    cast(seat_capacity as integer) as seat_capacity,
    cast(rate_usd_day as numeric) as rate_usd_day,
    cast(prod_year as integer) as prod_year,
    initcap(status) as status
from "warehouse"."rental_source"."vehicle"
  );

[0m07:18:53.834368 [debug] [Thread-1 (]: Timing info for model.multidimensional_modelling.stg_vehicle (execute): 07:18:53.692464 => 07:18:53.832459
[0m07:18:53.841176 [debug] [Thread-1 (]: On model.multidimensional_modelling.stg_vehicle: ROLLBACK
[0m07:18:53.846867 [debug] [Thread-1 (]: Failed to rollback 'model.multidimensional_modelling.stg_vehicle'
[0m07:18:53.849561 [debug] [Thread-1 (]: On model.multidimensional_modelling.stg_vehicle: Close
[0m07:18:53.860600 [debug] [Thread-1 (]: Runtime Error in model stg_vehicle (models/staging/stg_vehicle.sql)
  Catalog Error: Table with name vehicle does not exist!
  Did you mean "warehouse.src_vehicle"?
  LINE 17: from "warehouse"."rental_source"."vehicle"
                ^
[0m07:18:53.863949 [debug] [Thread-1 (]: Sending event: {'category': 'dbt', 'action': 'run_model', 'label': 'e311e752-3af5-46ff-a331-9e703db79050', 'context': [<snowplow_tracker.self_describing_json.SelfDescribingJson object at 0x79a11f6f8b80>]}
[0m07:18:53.866988 [error] [Thread-1 (]: 22 of 38 ERROR creating sql view model staging.stg_vehicle ..................... [[31mERROR[0m in 0.20s]
[0m07:18:53.871164 [debug] [Thread-1 (]: Finished running node model.multidimensional_modelling.stg_vehicle
[0m07:18:53.874150 [debug] [Thread-1 (]: Began running node model.multidimensional_modelling.dim_aircraft
[0m07:18:53.877450 [info ] [Thread-1 (]: 23 of 38 SKIP relation staging.dim_aircraft .................................... [[33mSKIP[0m]
[0m07:18:53.881125 [debug] [Thread-1 (]: Finished running node model.multidimensional_modelling.dim_aircraft
[0m07:18:53.886646 [debug] [Thread-1 (]: Began running node model.multidimensional_modelling.dim_airport
[0m07:18:53.889900 [info ] [Thread-1 (]: 24 of 38 SKIP relation staging.dim_airport ..................................... [[33mSKIP[0m]
[0m07:18:53.894230 [debug] [Thread-1 (]: Finished running node model.multidimensional_modelling.dim_airport
[0m07:18:53.897651 [debug] [Thread-1 (]: Began running node model.multidimensional_modelling.dim_booking_channel
[0m07:18:53.901654 [info ] [Thread-1 (]: 25 of 38 SKIP relation staging.dim_booking_channel ............................. [[33mSKIP[0m]
[0m07:18:53.912538 [debug] [Thread-1 (]: Finished running node model.multidimensional_modelling.dim_booking_channel
[0m07:18:53.916486 [debug] [Thread-1 (]: Began running node model.multidimensional_modelling.dim_currency
[0m07:18:53.920493 [info ] [Thread-1 (]: 26 of 38 SKIP relation staging.dim_currency .................................... [[33mSKIP[0m]
[0m07:18:53.929163 [debug] [Thread-1 (]: Finished running node model.multidimensional_modelling.dim_currency
[0m07:18:53.935386 [debug] [Thread-1 (]: Began running node model.multidimensional_modelling.dim_customer
[0m07:18:53.939240 [info ] [Thread-1 (]: 27 of 38 SKIP relation staging.dim_customer .................................... [[33mSKIP[0m]
[0m07:18:53.944506 [debug] [Thread-1 (]: Finished running node model.multidimensional_modelling.dim_customer
[0m07:18:53.947801 [debug] [Thread-1 (]: Began running node model.multidimensional_modelling.dim_driver
[0m07:18:53.952269 [info ] [Thread-1 (]: 28 of 38 SKIP relation staging.dim_driver ...................................... [[33mSKIP[0m]
[0m07:18:53.959144 [debug] [Thread-1 (]: Finished running node model.multidimensional_modelling.dim_driver
[0m07:18:53.962086 [debug] [Thread-1 (]: Began running node model.multidimensional_modelling.dim_hotel_property
[0m07:18:53.964829 [info ] [Thread-1 (]: 29 of 38 SKIP relation staging.dim_hotel_property .............................. [[33mSKIP[0m]
[0m07:18:53.968750 [debug] [Thread-1 (]: Finished running node model.multidimensional_modelling.dim_hotel_property
[0m07:18:53.972850 [debug] [Thread-1 (]: Began running node model.multidimensional_modelling.dim_payment_method
[0m07:18:53.975655 [info ] [Thread-1 (]: 30 of 38 SKIP relation staging.dim_payment_method .............................. [[33mSKIP[0m]
[0m07:18:53.981973 [debug] [Thread-1 (]: Finished running node model.multidimensional_modelling.dim_payment_method
[0m07:18:53.986487 [debug] [Thread-1 (]: Began running node model.multidimensional_modelling.int_payment_transaction
[0m07:18:53.989577 [info ] [Thread-1 (]: 31 of 38 SKIP relation staging.int_payment_transaction ......................... [[33mSKIP[0m]
[0m07:18:53.993901 [debug] [Thread-1 (]: Finished running node model.multidimensional_modelling.int_payment_transaction
[0m07:18:53.998362 [debug] [Thread-1 (]: Began running node model.multidimensional_modelling.dim_reservation_status
[0m07:18:54.001817 [info ] [Thread-1 (]: 32 of 38 SKIP relation staging.dim_reservation_status .......................... [[33mSKIP[0m]
[0m07:18:54.008444 [debug] [Thread-1 (]: Finished running node model.multidimensional_modelling.dim_reservation_status
[0m07:18:54.011741 [debug] [Thread-1 (]: Began running node model.multidimensional_modelling.dim_room_inventory
[0m07:18:54.014462 [info ] [Thread-1 (]: 33 of 38 SKIP relation staging.dim_room_inventory .............................. [[33mSKIP[0m]
[0m07:18:54.021573 [debug] [Thread-1 (]: Finished running node model.multidimensional_modelling.dim_room_inventory
[0m07:18:54.024815 [debug] [Thread-1 (]: Began running node model.multidimensional_modelling.dim_vehicle
[0m07:18:54.027924 [info ] [Thread-1 (]: 34 of 38 SKIP relation staging.dim_vehicle ..................................... [[33mSKIP[0m]
[0m07:18:54.034003 [debug] [Thread-1 (]: Finished running node model.multidimensional_modelling.dim_vehicle
[0m07:18:54.037476 [debug] [Thread-1 (]: Began running node model.multidimensional_modelling.fact_flight
[0m07:18:54.040803 [info ] [Thread-1 (]: 35 of 38 SKIP relation staging.fact_flight ..................................... [[33mSKIP[0m]
[0m07:18:54.044632 [debug] [Thread-1 (]: Finished running node model.multidimensional_modelling.fact_flight
[0m07:18:54.048633 [debug] [Thread-1 (]: Began running node model.multidimensional_modelling.fact_payment_transaction
[0m07:18:54.052091 [info ] [Thread-1 (]: 36 of 38 SKIP relation staging.fact_payment_transaction ........................ [[33mSKIP[0m]
[0m07:18:54.057667 [debug] [Thread-1 (]: Finished running node model.multidimensional_modelling.fact_payment_transaction
[0m07:18:54.061054 [debug] [Thread-1 (]: Began running node model.multidimensional_modelling.fact_hotel
[0m07:18:54.064353 [info ] [Thread-1 (]: 37 of 38 SKIP relation staging.fact_hotel ...................................... [[33mSKIP[0m]
[0m07:18:54.069318 [debug] [Thread-1 (]: Finished running node model.multidimensional_modelling.fact_hotel
[0m07:18:54.073629 [debug] [Thread-1 (]: Began running node model.multidimensional_modelling.fact_rental
[0m07:18:54.077091 [info ] [Thread-1 (]: 38 of 38 SKIP relation staging.fact_rental ..................................... [[33mSKIP[0m]
[0m07:18:54.082665 [debug] [Thread-1 (]: Finished running node model.multidimensional_modelling.fact_rental
[0m07:18:54.089231 [debug] [MainThread]: Using duckdb connection "master"
[0m07:18:54.091352 [debug] [MainThread]: On master: BEGIN
[0m07:18:54.093598 [debug] [MainThread]: Opening a new connection, currently in state closed
[0m07:18:54.128782 [debug] [MainThread]: SQL status: OK in 0.0 seconds
[0m07:18:54.132190 [debug] [MainThread]: On master: COMMIT
[0m07:18:54.135342 [debug] [MainThread]: Using duckdb connection "master"
[0m07:18:54.138623 [debug] [MainThread]: On master: COMMIT
[0m07:18:54.142193 [debug] [MainThread]: SQL status: OK in 0.0 seconds
[0m07:18:54.144885 [debug] [MainThread]: On master: Close
[0m07:18:54.152173 [debug] [MainThread]: Connection 'master' was properly closed.
[0m07:18:54.154515 [debug] [MainThread]: Connection 'list_warehouse_staging' was properly closed.
[0m07:18:54.156690 [debug] [MainThread]: Connection 'model.multidimensional_modelling.stg_vehicle' was properly closed.
[0m07:18:54.159271 [info ] [MainThread]: 
[0m07:18:54.163703 [info ] [MainThread]: Finished running 38 view models in 0 hours 0 minutes and 6.14 seconds (6.14s).
[0m07:18:54.177328 [debug] [MainThread]: Command end result
[0m07:18:54.233081 [info ] [MainThread]: 
[0m07:18:54.237421 [info ] [MainThread]: [31mCompleted with 22 errors and 0 warnings:[0m
[0m07:18:54.242996 [info ] [MainThread]: 
[0m07:18:54.246322 [error] [MainThread]:   Runtime Error in model dim_date (models/marts/dim/dim_date.sql)
  Parser Error: syntax error at or near ";"
[0m07:18:54.249233 [info ] [MainThread]: 
[0m07:18:54.253555 [error] [MainThread]:   Runtime Error in model int_flight (models/intermediate/int_flight.sql)
  Catalog Error: Table with name src_booking does not exist!
  Did you mean "warehouse.src_booking"?
  LINE 18: from "warehouse"."flight_source"."src_booking" b
  join "warehouse"."flight_source"."src_flight_segment" fs on b.booking_id = fs.booking_id
  join "warehouse"."flight_source"."src_aircraft" ac on fs.aircraft_id = ac.aircraft_id
  join "warehouse"."flight_source"."src_airport" ap on fs.origin_airport_code = ap.airport_code
  join "warehouse"."ch_booking_source"."src_book_channel" bc on b.channel_key = bc.channel_key
    );
  ...
                ^
[0m07:18:54.257184 [info ] [MainThread]: 
[0m07:18:54.260842 [error] [MainThread]:   Runtime Error in model int_hotel (models/intermediate/int_hotel.sql)
  Catalog Error: Table with name src_payment_transaction does not exist!
  Did you mean "warehouse.src_payment_transaction"?
  LINE 25: from "warehouse"."payment_source"."src_payment_transaction" pt
  join "warehouse"."payment_source"."src_payment_method" pm on pt.payment_method_id = pm.payment_method_id
  join "warehouse"."payment_source"."src_currency" cur on pt.currency_code = cur.currency_code
    );
  ...
                ^
[0m07:18:54.265355 [info ] [MainThread]: 
[0m07:18:54.270901 [error] [MainThread]:   Runtime Error in model int_rental (models/intermediate/int_rental.sql)
  Catalog Error: Table with name src_rental_order does not exist!
  Did you mean "warehouse.src_rental_order"?
  LINE 30: from "warehouse"."rental_source"."src_rental_order" ro
  join "warehouse"."rental_source"."src_rental_trip" rt on ro.order_id = rt.order_id
  join "warehouse"."rental_source"."src_vehicle" v on ro.vehicle_id = v.vehicle_id
  join "warehouse"."rental_source"."src_driver" d on rt.driver_id = d.driver_id
  left join "warehouse"."flight_source"."src_airport" ap on ro.pickup_airport_code = ap.airport_code
  left join "warehouse"."hotel_source"."src_hotel_property" hp on rt.dropoff_hotel_id = hp.hotel_id
    );
  ...
                ^
[0m07:18:54.275274 [info ] [MainThread]: 
[0m07:18:54.278664 [error] [MainThread]:   Runtime Error in model stg_aircraft (models/staging/stg_aircraft.sql)
  Catalog Error: Table with name aircraft does not exist!
  Did you mean "warehouse.src_aircraft"?
  LINE 11: from "warehouse"."flight_source"."aircraft"
                ^
[0m07:18:54.284035 [info ] [MainThread]: 
[0m07:18:54.288105 [error] [MainThread]:   Runtime Error in model stg_airport (models/staging/stg_airport.sql)
  Catalog Error: Table with name airport does not exist!
  Did you mean "warehouse.src_airport"?
  LINE 13: from "warehouse"."flight_source"."airport"
                ^
[0m07:18:54.291300 [info ] [MainThread]: 
[0m07:18:54.294800 [error] [MainThread]:   Runtime Error in model stg_booking (models/staging/stg_booking.sql)
  Catalog Error: Table with name booking does not exist!
  Did you mean "warehouse.src_booking"?
  LINE 11: from "warehouse"."ch_booking_source"."booking"
    );
  ...
                ^
[0m07:18:54.298719 [info ] [MainThread]: 
[0m07:18:54.306793 [error] [MainThread]:   Runtime Error in model stg_booking_channel (models/staging/stg_booking_channel.sql)
  Catalog Error: Table with name booking_channel does not exist!
  Did you mean "warehouse.src_book_channel"?
  LINE 14: from "warehouse"."ch_booking_source"."booking_channel"
    );
  ...
                ^
[0m07:18:54.309880 [info ] [MainThread]: 
[0m07:18:54.313370 [error] [MainThread]:   Runtime Error in model stg_currency (models/staging/stg_currency.sql)
  Catalog Error: Table with name currency does not exist!
  Did you mean "warehouse.src_currency"?
  LINE 10: from "warehouse"."payment_source"."currency"
                ^
[0m07:18:54.317124 [info ] [MainThread]: 
[0m07:18:54.323169 [error] [MainThread]:   Runtime Error in model stg_customer (models/staging/stg_customer.sql)
  Catalog Error: Table with name customer does not exist!
  Did you mean "warehouse.src_customer"?
  LINE 21: from "warehouse"."customer_source"."customer"
    );
  ...
                ^
[0m07:18:54.332420 [info ] [MainThread]: 
[0m07:18:54.338513 [error] [MainThread]:   Runtime Error in model stg_driver (models/staging/stg_driver.sql)
  Catalog Error: Table with name driver does not exist!
  Did you mean "warehouse.src_driver"?
  LINE 16: from "warehouse"."rental_source"."driver"
                ^
[0m07:18:54.343271 [info ] [MainThread]: 
[0m07:18:54.348198 [error] [MainThread]:   Runtime Error in model stg_flight_segment (models/staging/stg_flight_segment.sql)
  Catalog Error: Table with name flight_segment does not exist!
  Did you mean "warehouse.src_flight_segment"?
  LINE 14: from "warehouse"."flight_source"."flight_segment"
    );
  ...
                ^
[0m07:18:54.352971 [info ] [MainThread]: 
[0m07:18:54.361095 [error] [MainThread]:   Runtime Error in model stg_guest_profile (models/staging/stg_guest_profile.sql)
  Catalog Error: Table with name guest_profile does not exist!
  Did you mean "warehouse.src_guest_profile"?
  LINE 12: from "warehouse"."hotel_source"."guest_profile"
    );
  ...
                ^
[0m07:18:54.365524 [info ] [MainThread]: 
[0m07:18:54.369145 [error] [MainThread]:   Runtime Error in model stg_hotel_property (models/staging/stg_hotel_property.sql)
  Catalog Error: Table with name hotel_property does not exist!
  Did you mean "warehouse.src_hotel_property"?
  LINE 16: from "warehouse"."hotel_source"."hotel_property"
    );
  ...
                ^
[0m07:18:54.378921 [info ] [MainThread]: 
[0m07:18:54.384653 [error] [MainThread]:   Runtime Error in model stg_hotel_stay (models/staging/stg_hotel_stay.sql)
  Catalog Error: Table with name hotel_stay does not exist!
  Did you mean "warehouse.src_hotel_stay"?
  LINE 14: from "warehouse"."hotel_source"."hotel_stay"
                ^
[0m07:18:54.391241 [info ] [MainThread]: 
[0m07:18:54.395301 [error] [MainThread]:   Runtime Error in model stg_payment_method (models/staging/stg_payment_method.sql)
  Catalog Error: Table with name payment_method does not exist!
  Did you mean "warehouse.src_payment_method"?
  LINE 13: from "warehouse"."payment_source"."payment_method"
    );
  ...
                ^
[0m07:18:54.400824 [info ] [MainThread]: 
[0m07:18:54.407019 [error] [MainThread]:   Runtime Error in model stg_payment_transaction (models/staging/stg_payment_transaction.sql)
  Catalog Error: Table with name payment_transaction does not exist!
  Did you mean "warehouse.src_payment_transaction"?
  LINE 25: from "warehouse"."payment_source"."payment_transaction"
    );
  ...
                ^
[0m07:18:54.415089 [info ] [MainThread]: 
[0m07:18:54.421599 [error] [MainThread]:   Runtime Error in model stg_rental_order (models/staging/stg_rental_order.sql)
  Catalog Error: Table with name rental_order does not exist!
  Did you mean "warehouse.src_rental_order"?
  LINE 18: from "warehouse"."rental_source"."rental_order"
    );
  ...
                ^
[0m07:18:54.430107 [info ] [MainThread]: 
[0m07:18:54.433619 [error] [MainThread]:   Runtime Error in model stg_rental_trip (models/staging/stg_rental_trip.sql)
  Catalog Error: Table with name rental_trip does not exist!
  Did you mean "warehouse.src_rental_trip"?
  LINE 18: from "warehouse"."rental_source"."rental_trip"
    );
  ...
                ^
[0m07:18:54.441808 [info ] [MainThread]: 
[0m07:18:54.447180 [error] [MainThread]:   Runtime Error in model stg_reservation (models/staging/stg_reservation.sql)
  Catalog Error: Table with name reservation does not exist!
  Did you mean "warehouse.src_reservation"?
  LINE 14: from "warehouse"."flight_source"."reservation"
    );
  ...
                ^
[0m07:18:54.454819 [info ] [MainThread]: 
[0m07:18:54.460789 [error] [MainThread]:   Runtime Error in model stg_room_inventory (models/staging/stg_room_inventory.sql)
  Catalog Error: Table with name room_inventory does not exist!
  Did you mean "warehouse.src_room_inventory"?
  LINE 13: from "warehouse"."hotel_source"."room_inventory"
    );
  ...
                ^
[0m07:18:54.464447 [info ] [MainThread]: 
[0m07:18:54.469018 [error] [MainThread]:   Runtime Error in model stg_vehicle (models/staging/stg_vehicle.sql)
  Catalog Error: Table with name vehicle does not exist!
  Did you mean "warehouse.src_vehicle"?
  LINE 17: from "warehouse"."rental_source"."vehicle"
                ^
[0m07:18:54.475388 [info ] [MainThread]: 
[0m07:18:54.480069 [info ] [MainThread]: Done. PASS=0 WARN=0 ERROR=22 SKIP=16 TOTAL=38
[0m07:18:54.485175 [debug] [MainThread]: Resource report: {"command_name": "run", "command_wall_clock_time": 10.069865, "process_user_time": 14.029686, "process_kernel_time": 1.429884, "process_mem_max_rss": "163696", "process_in_blocks": "16", "command_success": false, "process_out_blocks": "0"}
[0m07:18:54.489467 [debug] [MainThread]: Command `dbt run` failed at 07:18:54.488847 after 10.07 seconds
[0m07:18:54.492089 [debug] [MainThread]: Sending event: {'category': 'dbt', 'action': 'invocation', 'label': 'end', 'context': [<snowplow_tracker.self_describing_json.SelfDescribingJson object at 0x79a127a12ef0>, <snowplow_tracker.self_describing_json.SelfDescribingJson object at 0x79a11f949750>, <snowplow_tracker.self_describing_json.SelfDescribingJson object at 0x79a11f5089d0>]}
[0m07:18:55.841733 [debug] [MainThread]: Flushing usage events
