room_id,hotel_id,room_number,room_type_code,room_type_name,base_rate_usd,is_active,created_at,updated_at
RM-HTL0001-101,HTL0001,101,SUP,Superior Room,74.62,1,2020-03-15 23:02:47,2020-05-05 21:01:15
RM-HTL0001-102,HTL0001,102,STD,Standard Room,62.53,1,2020-02-21 05:54:55,2021-01-14 21:03:09
RM-HTL0001-103,HTL0001,103,SUP,Superior Room,81.79,1,2020-02-25 19:27:13,2020-02-25 19:27:13
RM-HTL0001-104,HTL0001,104,STD,Standard Room,45.23,1,2020-02-19 00:16:01,2020-02-19 00:16:01
RM-HTL0001-105,HTL0001,105,EXE,Executive Suite,395.81,1,2020-02-17 02:03:55,2020-12-09 07:01:44
RM-HTL0001-106,HTL0001,106,DLX,Deluxe Room,112.53,1,2020-03-06 08:00:18,2020-07-25 21:03:43
RM-HTL0001-107,HTL0001,107,SUP,Superior Room,84.78,1,2020-03-07 08:02:41,2023-06-02 16:19:57
RM-HTL0001-108,HTL0001,108,SUP,Superior Room,74.84,1,2020-02-27 17:28:07,2022-07-15 05:30:10
RM-HTL0001-109,HTL0001,109,EXE,Executive Suite,411.75,1,2020-02-14 12:56:31,2020-06-10 18:31:54
RM-HTL0001-110,HTL0001,110,SUP,Superior Room,73.66,1,2020-02-15 08:33:19,2022-12-23 23:19:48
RM-HTL0001-111,HTL0001,111,SUP,Superior Room,110.79,1,2020-03-01 01:33:59,2025-03-02 05:59:58
RM-HTL0001-112,HTL0001,112,DLX,Deluxe Room,112.39,1,2020-02-29 03:33:14,2021-03-07 02:24:46
RM-HTL0001-113,HTL0001,113,EXE,Executive Suite,407.23,1,2020-03-07 18:04:48,2025-01-27 03:45:00
RM-HTL0001-114,HTL0001,114,SUP,Superior Room,86.82,1,2020-03-08 19:29:20,2022-02-12 05:25:21
RM-HTL0001-115,HTL0001,115,EXE,Executive Suite,396.54,1,2020-03-01 11:14:51,2026-04-04 23:00:11
RM-HTL0001-116,HTL0001,116,SUP,Superior Room,74.83,1,2020-02-27 06:59:48,2020-12-19 14:34:58
RM-HTL0001-117,HTL0001,117,EXE,Executive Suite,407.56,1,2020-02-20 08:32:58,2020-02-20 08:32:58
RM-HTL0001-118,HTL0001,118,SUT,Suite Room,248.7,1,2020-02-20 04:57:51,2023-06-03 20:40:07
RM-HTL0001-119,HTL0001,119,DLX,Deluxe Room,144.1,1,2020-02-20 00:33:54,2021-06-01 19:54:52
RM-HTL0001-120,HTL0001,120,DLX,Deluxe Room,112.1,1,2020-02-20 17:01:11,2020-06-10 06:52:27
RM-HTL0001-121,HTL0001,121,STD,Standard Room,63.83,1,2020-02-26 04:58:13,2020-02-26 04:58:13
RM-HTL0001-122,HTL0001,122,SUP,Superior Room,70.58,1,2020-03-09 18:44:38,2020-03-09 18:44:38
RM-HTL0001-123,HTL0001,123,DLX,Deluxe Room,113.68,1,2020-03-09 08:06:57,2020-03-12 03:46:34
RM-HTL0001-124,HTL0001,124,STD,Standard Room,56.17,1,2020-03-08 02:30:07,2024-12-07 16:07:15
RM-HTL0001-125,HTL0001,125,EXE,Executive Suite,411.17,1,2020-02-22 17:57:56,2024-01-04 11:15:28
RM-HTL0001-126,HTL0001,126,SUP,Superior Room,76.52,1,2020-02-15 03:36:50,2020-02-15 03:36:50
RM-HTL0001-127,HTL0001,127,DLX,Deluxe Room,118.3,1,2020-02-21 09:40:25,2020-02-21 09:40:25
RM-HTL0001-128,HTL0001,128,EXE,Executive Suite,409.75,1,2020-02-16 11:42:09,2021-06-29 16:57:34
RM-HTL0001-129,HTL0001,129,SUT,Suite Room,264.93,1,2020-03-14 09:53:10,2025-11-30 21:05:36
RM-HTL0001-130,HTL0001,130,EXE,Executive Suite,400.73,1,2020-03-12 10:25:16,2020-03-12 10:25:16
RM-HTL0001-131,HTL0001,131,STD,Standard Room,51.77,1,2020-02-22 13:12:43,2025-08-21 00:45:00
RM-HTL0001-132,HTL0001,132,STD,Standard Room,48.85,1,2020-02-16 13:01:22,2024-09-21 18:23:44
RM-HTL0001-133,HTL0001,133,EXE,Executive Suite,401.41,1,2020-02-14 15:34:48,2020-02-14 15:34:48
RM-HTL0001-134,HTL0001,134,STD,Standard Room,94.65,1,2020-03-15 08:26:15,2022-04-04 13:57:57
RM-HTL0001-135,HTL0001,135,DLX,Deluxe Room,121.84,1,2020-03-07 04:00:08,2023-08-27 20:39:01
RM-HTL0001-136,HTL0001,136,SUT,Suite Room,255.53,1,2020-02-16 20:25:13,2020-02-16 20:25:13
RM-HTL0001-137,HTL0001,137,SUP,Superior Room,84.97,1,2020-03-08 05:59:03,2020-03-08 05:59:03
RM-HTL0001-138,HTL0001,138,DLX,Deluxe Room,109.35,1,2020-02-18 05:02:20,2025-07-24 04:15:27
RM-HTL0001-139,HTL0001,139,EXE,Executive Suite,400.06,1,2020-02-28 02:20:09,2020-02-28 02:20:09
RM-HTL0001-140,HTL0001,140,DLX,Deluxe Room,109.6,1,2020-02-24 11:12:18,2025-10-13 00:49:25
RM-HTL0001-141,HTL0001,141,EXE,Executive Suite,406.46,1,2020-03-02 23:47:14,2021-10-15 17:11:40
RM-HTL0001-142,HTL0001,142,SUT,Suite Room,246.77,1,2020-02-16 17:54:41,2020-02-16 17:54:41
RM-HTL0001-143,HTL0001,143,STD,Standard Room,94.91,1,2020-02-16 16:55:22,2023-06-23 01:34:21
RM-HTL0001-144,HTL0001,144,DLX,Deluxe Room,106.78,1,2020-02-19 01:05:23,2022-04-07 14:45:52
RM-HTL0001-145,HTL0001,145,STD,Standard Room,51.7,1,2020-02-20 09:25:17,2020-02-20 09:25:17
RM-HTL0001-146,HTL0001,146,DLX,Deluxe Room,107.61,1,2020-03-04 14:10:00,2024-01-28 15:30:58
RM-HTL0001-147,HTL0001,147,EXE,Executive Suite,399.17,1,2020-03-14 08:09:57,2020-03-14 08:09:57
RM-HTL0001-148,HTL0001,148,EXE,Executive Suite,407.07,1,2020-03-07 16:10:26,2022-01-06 18:51:53
RM-HTL0001-149,HTL0001,149,EXE,Executive Suite,407.12,1,2020-03-02 04:24:52,2020-05-08 09:11:19
RM-HTL0001-150,HTL0001,150,SUP,Superior Room,75.86,1,2020-02-16 08:48:03,2026-05-20 20:32:36
RM-HTL0001-151,HTL0001,151,EXE,Executive Suite,409.53,1,2020-03-15 22:57:53,2021-04-30 18:10:07
RM-HTL0001-152,HTL0001,152,DLX,Deluxe Room,108.51,1,2020-03-05 21:00:30,2020-03-05 21:00:30
RM-HTL0001-153,HTL0001,153,SUT,Suite Room,256.84,1,2020-03-02 00:40:46,2024-05-06 21:29:39
RM-HTL0001-154,HTL0001,154,SUT,Suite Room,260.57,1,2020-03-14 08:31:35,2020-03-14 08:31:35
RM-HTL0001-155,HTL0001,155,DLX,Deluxe Room,112.81,1,2020-03-14 13:28:44,2020-03-14 13:28:44
RM-HTL0001-156,HTL0001,156,EXE,Executive Suite,403.16,1,2020-03-06 09:35:32,2023-04-11 10:35:53
RM-HTL0001-157,HTL0001,157,SUP,Superior Room,80.96,1,2020-03-07 20:54:04,2020-06-25 09:46:11
RM-HTL0001-158,HTL0001,158,SUP,Superior Room,76.07,1,2020-03-01 09:33:57,2023-02-19 09:25:08
RM-HTL0001-159,HTL0001,159,STD,Standard Room,54.84,1,2020-02-25 17:21:16,2020-02-25 17:21:16
RM-HTL0001-160,HTL0001,160,STD,Standard Room,55.15,1,2020-02-23 20:15:21,2020-02-23 20:15:21
RM-HTL0001-161,HTL0001,161,SUT,Suite Room,264.3,1,2020-02-16 10:20:28,2021-07-28 03:44:24
RM-HTL0001-162,HTL0001,162,DLX,Deluxe Room,105.3,1,2020-03-02 14:40:59,2020-11-21 13:48:27
RM-HTL0001-163,HTL0001,163,STD,Standard Room,54.93,1,2020-03-05 17:40:48,2025-04-24 07:26:38
RM-HTL0001-164,HTL0001,164,SUP,Superior Room,89.71,1,2020-03-04 20:07:37,2020-03-04 20:07:37
RM-HTL0001-165,HTL0001,165,SUP,Superior Room,75.77,1,2020-03-14 07:12:57,2025-05-01 11:36:44
RM-HTL0001-166,HTL0001,166,STD,Standard Room,49.98,1,2020-03-05 15:57:38,2020-03-05 15:57:38
RM-HTL0001-167,HTL0001,167,DLX,Deluxe Room,116.48,1,2020-02-29 18:56:18,2023-05-08 13:40:10
RM-HTL0001-168,HTL0001,168,SUP,Superior Room,80.73,1,2020-02-15 23:19:26,2024-04-21 17:23:54
RM-HTL0001-169,HTL0001,169,SUT,Suite Room,250.08,1,2020-02-22 04:44:08,2020-02-22 04:44:08
RM-HTL0001-170,HTL0001,170,SUT,Suite Room,254.59,1,2020-03-08 19:44:04,2023-08-02 21:03:39
RM-HTL0001-171,HTL0001,171,STD,Standard Room,58.49,1,2020-02-21 07:04:34,2020-02-21 07:04:34
RM-HTL0001-172,HTL0001,172,STD,Standard Room,50.12,1,2020-03-12 23:45:49,2020-03-12 23:45:49
RM-HTL0001-173,HTL0001,173,SUT,Suite Room,245.12,1,2020-02-22 10:48:35,2022-01-01 22:05:46
RM-HTL0001-174,HTL0001,174,SUT,Suite Room,259.63,1,2020-03-11 08:16:31,2023-10-06 20:30:40
RM-HTL0001-175,HTL0001,175,EXE,Executive Suite,402.98,1,2020-03-04 13:43:40,2020-03-04 13:43:40
RM-HTL0001-176,HTL0001,176,SUP,Superior Room,72.35,1,2020-02-28 16:29:50,2020-02-28 16:29:50
RM-HTL0001-177,HTL0001,177,DLX,Deluxe Room,119.08,1,2020-03-02 14:56:42,2022-08-01 22:05:00
RM-HTL0001-178,HTL0001,178,SUP,Superior Room,74.89,1,2020-02-26 00:19:20,2020-02-26 00:19:20
RM-HTL0001-179,HTL0001,179,SUP,Superior Room,71.13,1,2020-02-19 01:59:15,2020-02-19 01:59:15
RM-HTL0001-180,HTL0001,180,SUT,Suite Room,245.14,1,2020-02-22 06:49:19,2025-10-24 13:52:06
RM-HTL0002-101,HTL0002,101,EXE,Executive Suite,403.69,1,2021-03-08 09:37:39,2024-10-17 09:03:17
RM-HTL0002-102,HTL0002,102,SUP,Superior Room,83.82,1,2021-02-27 01:39:57,2023-04-04 19:22:27
RM-HTL0002-103,HTL0002,103,SUT,Suite Room,258.73,1,2021-03-09 11:40:29,2021-03-09 11:40:29
RM-HTL0002-104,HTL0002,104,EXE,Executive Suite,396.96,1,2021-03-09 08:56:52,2025-07-21 22:28:02
RM-HTL0002-105,HTL0002,105,SUT,Suite Room,253.72,1,2021-03-06 22:46:30,2023-04-25 02:09:06
RM-HTL0002-106,HTL0002,106,STD,Standard Room,63.66,1,2021-02-27 14:08:41,2021-11-03 15:00:46
RM-HTL0002-107,HTL0002,107,EXE,Executive Suite,397.53,1,2021-03-22 14:09:32,2021-03-22 14:09:32
RM-HTL0002-108,HTL0002,108,SUP,Superior Room,76.92,1,2021-03-19 09:06:32,2021-04-29 18:58:40
RM-HTL0002-109,HTL0002,109,STD,Standard Room,63.79,1,2021-02-24 12:44:31,2021-02-24 12:44:31
RM-HTL0002-110,HTL0002,110,SUP,Superior Room,75.29,1,2021-02-23 03:48:03,2021-02-23 03:48:03
RM-HTL0002-111,HTL0002,111,DLX,Deluxe Room,105.35,1,2021-03-23 21:34:18,2022-11-11 18:15:39
RM-HTL0002-112,HTL0002,112,SUP,Superior Room,87.61,1,2021-02-24 20:26:52,2026-05-25 05:43:37
RM-HTL0002-113,HTL0002,113,SUT,Suite Room,252.38,1,2021-03-04 22:11:21,2025-11-13 22:45:53
RM-HTL0002-114,HTL0002,114,SUT,Suite Room,257.97,0,2021-03-04 16:15:24,2023-11-12 14:28:46
RM-HTL0002-115,HTL0002,115,STD,Standard Room,47.16,1,2021-03-14 22:38:09,2021-03-14 22:38:09
RM-HTL0002-116,HTL0002,116,SUT,Suite Room,263.53,0,2021-03-24 21:16:38,2026-05-06 18:30:31
RM-HTL0002-117,HTL0002,117,DLX,Deluxe Room,124.19,1,2021-03-13 23:08:25,2022-09-16 10:49:10
RM-HTL0002-118,HTL0002,118,DLX,Deluxe Room,111.17,1,2021-03-14 18:23:24,2024-12-05 05:41:44
RM-HTL0002-119,HTL0002,119,EXE,Executive Suite,396.63,1,2021-03-16 04:32:03,2025-08-17 10:00:24
RM-HTL0002-120,HTL0002,120,DLX,Deluxe Room,109.91,1,2021-03-05 00:07:48,2025-12-26 08:28:05
RM-HTL0002-121,HTL0002,121,EXE,Executive Suite,408.02,1,2021-03-12 19:06:20,2025-11-30 14:00:52
RM-HTL0002-122,HTL0002,122,DLX,Deluxe Room,108.58,1,2021-03-03 22:22:51,2025-08-13 00:44:27
RM-HTL0002-123,HTL0002,123,EXE,Executive Suite,396.24,1,2021-03-16 17:36:28,2021-03-16 17:36:28
RM-HTL0002-124,HTL0002,124,DLX,Deluxe Room,118.02,1,2021-02-24 16:17:54,2021-02-24 16:17:54
RM-HTL0002-125,HTL0002,125,SUP,Superior Room,75.07,1,2021-03-02 02:42:16,2021-03-02 02:42:16
RM-HTL0002-126,HTL0002,126,EXE,Executive Suite,407.74,1,2021-03-12 02:59:09,2021-03-12 02:59:09
RM-HTL0002-127,HTL0002,127,DLX,Deluxe Room,117.32,1,2021-03-06 20:51:48,2021-03-06 20:51:48
RM-HTL0002-128,HTL0002,128,SUP,Superior Room,75.62,1,2021-03-08 09:12:59,2023-09-23 02:52:45
RM-HTL0002-129,HTL0002,129,SUP,Superior Room,80.37,1,2021-03-02 07:51:42,2022-09-29 17:55:36
RM-HTL0002-130,HTL0002,130,DLX,Deluxe Room,116.07,1,2021-03-20 20:32:46,2021-10-11 02:07:34
RM-HTL0002-131,HTL0002,131,SUP,Superior Room,86.97,0,2021-03-01 01:39:32,2021-03-01 01:39:32
RM-HTL0002-132,HTL0002,132,STD,Standard Room,46.49,1,2021-03-02 14:00:25,2021-03-02 14:00:25
RM-HTL0002-133,HTL0002,133,DLX,Deluxe Room,108.48,1,2021-03-21 16:10:12,2023-04-27 10:22:52
RM-HTL0002-134,HTL0002,134,STD,Standard Room,54.26,1,2021-03-10 23:31:53,2021-03-10 23:31:53
RM-HTL0002-135,HTL0002,135,DLX,Deluxe Room,116.98,1,2021-03-04 02:12:51,2022-11-23 13:04:20
RM-HTL0002-136,HTL0002,136,SUP,Superior Room,74.71,1,2021-03-12 19:28:38,2024-11-05 03:38:00
RM-HTL0002-137,HTL0002,137,DLX,Deluxe Room,105.67,1,2021-03-08 20:21:42,2021-11-16 17:38:40
RM-HTL0002-138,HTL0002,138,STD,Standard Room,48.43,1,2021-02-28 07:21:10,2021-02-28 07:21:10
RM-HTL0002-139,HTL0002,139,STD,Standard Room,60.67,1,2021-03-25 07:09:07,2021-09-05 20:51:44
RM-HTL0002-140,HTL0002,140,EXE,Executive Suite,407.34,1,2021-03-12 05:05:41,2021-03-12 05:05:41
RM-HTL0002-141,HTL0002,141,SUT,Suite Room,255.38,1,2021-03-18 16:07:29,2022-08-19 00:19:30
RM-HTL0002-142,HTL0002,142,SUT,Suite Room,260.01,1,2021-03-24 22:36:40,2023-11-28 02:25:15
RM-HTL0002-143,HTL0002,143,EXE,Executive Suite,412.37,1,2021-03-23 18:27:09,2021-03-23 18:27:09
RM-HTL0002-144,HTL0002,144,SUP,Superior Room,80.47,1,2021-03-23 10:58:21,2021-12-04 13:19:19
RM-HTL0002-145,HTL0002,145,DLX,Deluxe Room,112.23,1,2021-03-04 14:25:46,2024-12-07 23:32:28
RM-HTL0002-146,HTL0002,146,STD,Standard Room,50.04,1,2021-03-01 08:08:13,2025-05-08 16:17:31
RM-HTL0002-147,HTL0002,147,SUP,Superior Room,79.26,1,2021-03-10 09:24:12,2025-12-18 08:37:28
RM-HTL0002-148,HTL0002,148,DLX,Deluxe Room,109.44,1,2021-03-01 22:44:55,2022-09-21 14:13:09
RM-HTL0002-149,HTL0002,149,STD,Standard Room,54.52,1,2021-03-10 04:09:56,2021-11-21 23:52:52
RM-HTL0002-150,HTL0002,150,SUT,Suite Room,263.5,1,2021-03-23 05:57:18,2021-03-23 05:57:18
RM-HTL0002-151,HTL0002,151,STD,Standard Room,52.29,1,2021-03-03 21:50:57,2021-03-03 21:50:57
RM-HTL0002-152,HTL0002,152,SUT,Suite Room,246.8,1,2021-03-14 02:26:09,2024-05-06 12:39:18
RM-HTL0002-153,HTL0002,153,EXE,Executive Suite,402.44,1,2021-03-14 13:16:32,2021-03-14 13:16:32
RM-HTL0002-154,HTL0002,154,STD,Standard Room,62.6,1,2021-02-26 23:49:20,2024-07-21 23:18:52
RM-HTL0002-155,HTL0002,155,EXE,Executive Suite,405.39,1,2021-03-07 06:49:54,2026-02-05 12:22:26
RM-HTL0002-156,HTL0002,156,STD,Standard Room,56.93,1,2021-03-09 08:28:56,2024-06-24 10:37:07
RM-HTL0002-157,HTL0002,157,DLX,Deluxe Room,124.03,1,2021-03-16 20:59:32,2021-03-16 20:59:32
RM-HTL0002-158,HTL0002,158,SUP,Superior Room,74.58,1,2021-03-23 08:52:47,2025-09-10 16:29:17
RM-HTL0002-159,HTL0002,159,STD,Standard Room,61.78,1,2021-03-07 19:12:27,2023-10-09 18:01:52
RM-HTL0002-160,HTL0002,160,STD,Standard Room,52.63,1,2021-03-13 02:32:10,2021-03-13 02:32:10
RM-HTL0002-161,HTL0002,161,EXE,Executive Suite,411.19,1,2021-03-13 15:53:22,2022-11-13 00:32:51
RM-HTL0002-162,HTL0002,162,STD,Standard Room,61.54,1,2021-03-20 08:41:18,2022-07-08 08:18:31
RM-HTL0002-163,HTL0002,163,STD,Standard Room,48.98,1,2021-03-11 04:49:41,2021-03-11 04:49:41
RM-HTL0002-164,HTL0002,164,DLX,Deluxe Room,119.65,1,2021-03-23 11:58:14,2023-01-19 16:13:04
RM-HTL0002-165,HTL0002,165,SUP,Superior Room,77.48,1,2021-03-09 12:13:15,2026-02-17 22:40:27
RM-HTL0002-166,HTL0002,166,STD,Standard Room,55.4,1,2021-02-24 20:25:36,2021-02-24 20:25:36
RM-HTL0002-167,HTL0002,167,SUT,Suite Room,249.37,1,2021-03-08 22:50:26,2024-12-18 05:05:28
RM-HTL0002-168,HTL0002,168,EXE,Executive Suite,399.5,1,2021-03-08 19:36:48,2022-03-27 22:57:19
RM-HTL0002-169,HTL0002,169,SUT,Suite Room,252.66,1,2021-03-15 15:10:45,2021-03-15 15:10:45
RM-HTL0002-170,HTL0002,170,DLX,Deluxe Room,114.58,1,2021-03-13 10:04:24,2024-09-29 22:09:35
RM-HTL0002-171,HTL0002,171,SUT,Suite Room,247.68,1,2021-03-23 00:12:05,2025-05-29 21:07:04
RM-HTL0002-172,HTL0002,172,EXE,Executive Suite,404.45,1,2021-03-03 22:07:19,2022-07-20 23:02:17
RM-HTL0002-173,HTL0002,173,EXE,Executive Suite,398.15,1,2021-03-24 14:56:52,2025-05-19 19:50:58
RM-HTL0002-174,HTL0002,174,STD,Standard Room,55.46,1,2021-03-25 23:11:26,2021-06-23 11:44:54
RM-HTL0002-175,HTL0002,175,DLX,Deluxe Room,121.15,1,2021-03-04 19:21:00,2025-12-14 13:40:12
RM-HTL0002-176,HTL0002,176,SUP,Superior Room,76.57,1,2021-03-04 14:52:26,2023-04-14 04:22:37
RM-HTL0002-177,HTL0002,177,DLX,Deluxe Room,112.93,1,2021-03-13 13:59:49,2025-04-16 02:12:01
RM-HTL0002-178,HTL0002,178,STD,Standard Room,59.31,1,2021-02-27 01:02:24,2021-02-27 01:02:24
RM-HTL0002-179,HTL0002,179,STD,Standard Room,57.01,1,2021-02-26 21:22:32,2025-02-23 06:12:32
RM-HTL0002-180,HTL0002,180,EXE,Executive Suite,402.85,1,2021-02-24 12:21:54,2022-01-06 03:41:20
RM-HTL0002-181,HTL0002,181,DLX,Deluxe Room,107.86,1,2021-03-18 03:13:04,2021-03-18 03:13:04
RM-HTL0002-182,HTL0002,182,DLX,Deluxe Room,122.2,1,2021-03-01 15:30:37,2024-05-04 21:33:57
RM-HTL0002-183,HTL0002,183,EXE,Executive Suite,396.05,1,2021-03-15 22:37:44,2025-09-29 22:20:20
RM-HTL0002-184,HTL0002,184,SUP,Superior Room,78.64,0,2021-02-23 03:21:23,2021-11-21 02:03:55
RM-HTL0002-185,HTL0002,185,EXE,Executive Suite,409.38,1,2021-03-22 22:17:03,2023-05-07 21:57:53
RM-HTL0002-186,HTL0002,186,SUP,Superior Room,73.28,1,2021-02-25 09:53:53,2025-02-19 03:50:57
RM-HTL0002-187,HTL0002,187,STD,Standard Room,51.54,1,2021-03-12 21:51:42,2021-05-26 12:09:20
RM-HTL0002-188,HTL0002,188,DLX,Deluxe Room,106.08,1,2021-02-25 13:07:21,2021-02-25 13:07:21
RM-HTL0002-189,HTL0002,189,STD,Standard Room,55.09,1,2021-03-08 13:27:00,2022-11-14 02:04:34
RM-HTL0002-190,HTL0002,190,SUT,Suite Room,264.3,1,2021-03-18 08:54:53,2021-03-18 08:54:53
RM-HTL0002-191,HTL0002,191,DLX,Deluxe Room,106.43,1,2021-03-03 07:57:50,2023-07-31 00:30:41
RM-HTL0002-192,HTL0002,192,EXE,Executive Suite,407.85,1,2021-03-17 07:20:05,2021-03-17 07:20:05
RM-HTL0002-193,HTL0002,193,DLX,Deluxe Room,107.42,0,2021-03-19 23:46:24,2024-09-27 03:26:07
RM-HTL0002-194,HTL0002,194,EXE,Executive Suite,405.23,1,2021-03-23 07:53:23,2021-03-23 07:53:23
RM-HTL0002-195,HTL0002,195,EXE,Executive Suite,398.52,1,2021-03-21 14:00:51,2023-09-19 04:55:36
RM-HTL0002-196,HTL0002,196,DLX,Deluxe Room,105.02,1,2021-03-20 12:37:06,2021-11-26 13:36:40
RM-HTL0002-197,HTL0002,197,DLX,Deluxe Room,111.09,1,2021-03-23 22:54:46,2021-03-23 22:54:46
RM-HTL0002-198,HTL0002,198,SUP,Superior Room,81.43,1,2021-02-25 10:03:30,2026-05-05 08:01:20
RM-HTL0002-199,HTL0002,199,SUP,Superior Room,74.19,1,2021-03-17 16:10:21,2022-03-04 11:56:43
RM-HTL0002-200,HTL0002,200,STD,Standard Room,59.2,1,2021-03-25 10:01:53,2022-09-05 17:50:21
RM-HTL0002-201,HTL0002,201,SUP,Superior Room,75.48,1,2021-03-02 04:34:08,2024-06-02 15:17:20
RM-HTL0002-202,HTL0002,202,STD,Standard Room,46.64,1,2021-02-24 05:02:15,2021-02-24 05:02:15
RM-HTL0002-203,HTL0002,203,EXE,Executive Suite,399.47,1,2021-03-21 07:53:19,2022-03-29 00:42:38
RM-HTL0002-204,HTL0002,204,STD,Standard Room,53.83,1,2021-03-17 12:23:46,2023-03-02 08:43:59
RM-HTL0002-205,HTL0002,205,SUP,Superior Room,79.14,1,2021-03-01 19:11:10,2023-04-24 07:37:39
RM-HTL0002-206,HTL0002,206,DLX,Deluxe Room,115.4,1,2021-03-25 21:37:09,2024-08-22 10:37:43
RM-HTL0002-207,HTL0002,207,EXE,Executive Suite,406.18,1,2021-03-01 06:43:26,2026-05-08 08:53:47
RM-HTL0002-208,HTL0002,208,DLX,Deluxe Room,112.16,1,2021-03-04 00:44:06,2022-11-18 20:19:26
RM-HTL0002-209,HTL0002,209,DLX,Deluxe Room,113.56,1,2021-02-24 19:36:44,2021-02-24 19:36:44
RM-HTL0002-210,HTL0002,210,SUT,Suite Room,248.52,1,2021-03-22 19:46:04,2021-03-22 19:46:04
RM-HTL0002-211,HTL0002,211,SUT,Suite Room,256.24,1,2021-03-02 10:12:25,2021-03-02 10:12:25
RM-HTL0002-212,HTL0002,212,EXE,Executive Suite,404.84,1,2021-02-26 23:12:03,2021-02-26 23:12:03
RM-HTL0002-213,HTL0002,213,DLX,Deluxe Room,116.63,1,2021-03-03 07:35:02,2023-01-11 18:34:33
RM-HTL0002-214,HTL0002,214,STD,Standard Room,56.09,1,2021-02-28 21:41:37,2022-04-21 15:42:40
RM-HTL0002-215,HTL0002,215,STD,Standard Room,49.31,1,2021-03-12 16:03:54,2024-01-15 16:58:18
RM-HTL0002-216,HTL0002,216,SUP,Superior Room,77.34,1,2021-03-21 06:56:19,2021-05-12 07:04:18
RM-HTL0002-217,HTL0002,217,STD,Standard Room,63.26,1,2021-03-06 23:48:29,2023-06-14 04:21:52
RM-HTL0002-218,HTL0002,218,SUP,Superior Room,80.64,1,2021-03-07 01:55:35,2021-03-07 01:55:35
RM-HTL0002-219,HTL0002,219,STD,Standard Room,62.55,1,2021-02-23 04:20:37,2024-04-11 07:31:39
RM-HTL0002-220,HTL0002,220,SUP,Superior Room,71.32,1,2021-03-25 14:40:34,2023-03-08 01:12:09
RM-HTL0002-221,HTL0002,221,SUT,Suite Room,262.97,1,2021-03-09 15:12:10,2026-05-24 04:32:52
RM-HTL0002-222,HTL0002,222,SUT,Suite Room,258.21,1,2021-03-22 23:12:46,2021-03-22 23:12:46
RM-HTL0002-223,HTL0002,223,DLX,Deluxe Room,107.35,1,2021-03-23 10:42:15,2023-05-24 16:59:13
RM-HTL0002-224,HTL0002,224,DLX,Deluxe Room,113.51,1,2021-02-25 16:38:05,2021-06-11 08:50:13
RM-HTL0002-225,HTL0002,225,EXE,Executive Suite,407.65,1,2021-03-07 12:15:03,2021-03-07 12:15:03
RM-HTL0002-226,HTL0002,226,STD,Standard Room,46.2,1,2021-03-01 12:11:11,2024-12-02 16:05:57
RM-HTL0002-227,HTL0002,227,DLX,Deluxe Room,108.5,1,2021-02-25 15:36:17,2021-02-25 15:36:17
RM-HTL0002-228,HTL0002,228,STD,Standard Room,52.12,1,2021-03-17 09:08:14,2024-10-20 00:42:50
RM-HTL0002-229,HTL0002,229,DLX,Deluxe Room,105.34,1,2021-02-26 08:43:53,2025-02-19 15:18:38
RM-HTL0002-230,HTL0002,230,SUP,Superior Room,78.94,1,2021-03-14 10:50:15,2021-03-28 10:40:31
RM-HTL0002-231,HTL0002,231,EXE,Executive Suite,402.85,1,2021-02-26 00:03:39,2021-02-26 00:03:39
RM-HTL0002-232,HTL0002,232,STD,Standard Room,52.83,1,2021-03-23 05:37:34,2023-10-20 12:32:02
RM-HTL0002-233,HTL0002,233,DLX,Deluxe Room,109.97,1,2021-02-23 02:13:42,2021-02-23 02:13:42
RM-HTL0002-234,HTL0002,234,STD,Standard Room,56.05,1,2021-03-20 08:53:37,2025-10-25 05:05:17
RM-HTL0002-235,HTL0002,235,EXE,Executive Suite,413.54,1,2021-03-15 07:06:58,2021-04-04 21:52:20
RM-HTL0002-236,HTL0002,236,DLX,Deluxe Room,107.71,1,2021-03-19 00:02:20,2021-10-11 09:15:46
RM-HTL0002-237,HTL0002,237,DLX,Deluxe Room,110.59,1,2021-03-16 12:34:34,2026-05-14 10:43:12
RM-HTL0002-238,HTL0002,238,EXE,Executive Suite,401.06,1,2021-02-27 14:54:14,2023-06-25 21:07:34
RM-HTL0002-239,HTL0002,239,SUT,Suite Room,252.53,1,2021-03-24 07:57:05,2021-03-24 07:57:05
RM-HTL0002-240,HTL0002,240,STD,Standard Room,56.44,1,2021-03-08 05:34:36,2024-02-01 02:21:03
RM-HTL0002-241,HTL0002,241,DLX,Deluxe Room,109.56,1,2021-02-23 02:40:42,2021-02-23 02:40:42
RM-HTL0002-242,HTL0002,242,SUP,Superior Room,80.15,1,2021-03-14 16:52:37,2026-05-19 06:01:50
RM-HTL0002-243,HTL0002,243,STD,Standard Room,59.05,1,2021-03-11 18:11:20,2022-05-11 14:26:57
RM-HTL0002-244,HTL0002,244,SUP,Superior Room,88.15,1,2021-03-05 22:13:32,2021-03-05 22:13:32
RM-HTL0002-245,HTL0002,245,DLX,Deluxe Room,120.46,1,2021-03-09 21:31:07,2021-03-09 21:31:07
RM-HTL0002-246,HTL0002,246,SUT,Suite Room,254.71,1,2021-03-25 12:27:09,2022-04-13 02:31:13
RM-HTL0002-247,HTL0002,247,SUT,Suite Room,258.78,1,2021-03-08 20:32:34,2022-07-08 06:02:58
RM-HTL0002-248,HTL0002,248,SUP,Superior Room,83.49,1,2021-03-17 10:38:12,2021-03-17 10:38:12
RM-HTL0002-249,HTL0002,249,DLX,Deluxe Room,117.89,0,2021-03-02 16:51:54,2026-05-18 23:52:58
RM-HTL0002-250,HTL0002,250,SUP,Superior Room,86.97,1,2021-03-18 20:48:43,2023-10-14 20:20:38
RM-HTL0002-251,HTL0002,251,SUP,Superior Room,78.8,1,2021-03-17 09:40:48,2025-10-14 12:12:29
RM-HTL0002-252,HTL0002,252,SUT,Suite Room,246.74,1,2021-03-06 01:06:14,2021-10-21 09:48:49
RM-HTL0002-253,HTL0002,253,DLX,Deluxe Room,119.59,1,2021-03-09 22:46:34,2022-06-27 17:17:57
RM-HTL0002-254,HTL0002,254,SUP,Superior Room,86.84,1,2021-03-07 13:17:19,2021-03-07 13:17:19
RM-HTL0002-255,HTL0002,255,STD,Standard Room,59.04,1,2021-03-16 09:20:26,2023-01-07 16:34:08
RM-HTL0002-256,HTL0002,256,DLX,Deluxe Room,106.53,1,2021-03-23 10:13:24,2021-03-23 10:13:24
RM-HTL0002-257,HTL0002,257,SUP,Superior Room,101.35,1,2021-03-14 14:29:30,2023-07-04 17:24:42
RM-HTL0002-258,HTL0002,258,SUT,Suite Room,258.22,1,2021-03-01 18:46:18,2024-10-11 12:33:18
RM-HTL0002-259,HTL0002,259,STD,Standard Room,53.88,1,2021-02-26 10:57:12,2021-02-26 10:57:12
RM-HTL0002-260,HTL0002,260,EXE,Executive Suite,401.32,1,2021-03-13 12:46:11,2024-11-06 05:11:05
RM-HTL0002-261,HTL0002,261,SUT,Suite Room,263.99,1,2021-02-23 17:54:47,2025-12-03 11:33:20
RM-HTL0002-262,HTL0002,262,SUT,Suite Room,248.72,1,2021-03-03 08:30:40,2021-04-02 01:04:04
RM-HTL0002-263,HTL0002,263,DLX,Deluxe Room,108.97,1,2021-03-07 12:43:57,2025-12-17 07:20:59
RM-HTL0002-264,HTL0002,264,STD,Standard Room,61.65,1,2021-03-16 02:41:47,2023-08-29 03:14:51
RM-HTL0002-265,HTL0002,265,DLX,Deluxe Room,105.67,1,2021-02-28 19:44:51,2021-12-29 04:17:17
RM-HTL0002-266,HTL0002,266,EXE,Executive Suite,397.21,1,2021-03-22 21:32:39,2023-06-26 13:57:32
RM-HTL0002-267,HTL0002,267,DLX,Deluxe Room,107.9,1,2021-02-24 12:11:00,2026-03-01 12:39:09
RM-HTL0002-268,HTL0002,268,EXE,Executive Suite,411.83,1,2021-02-26 03:54:29,2024-07-31 19:47:59
RM-HTL0002-269,HTL0002,269,SUT,Suite Room,259.82,1,2021-03-22 07:48:48,2021-03-22 07:48:48
RM-HTL0002-270,HTL0002,270,DLX,Deluxe Room,114.62,1,2021-02-26 15:28:07,2021-02-26 15:28:07
RM-HTL0002-271,HTL0002,271,EXE,Executive Suite,396.87,1,2021-03-03 09:48:41,2024-03-27 01:06:47
RM-HTL0002-272,HTL0002,272,DLX,Deluxe Room,119.21,1,2021-03-12 00:38:17,2026-03-08 20:13:14
RM-HTL0002-273,HTL0002,273,SUP,Superior Room,79.01,1,2021-03-13 07:13:51,2021-03-13 07:13:51
RM-HTL0002-274,HTL0002,274,STD,Standard Room,62.07,1,2021-03-11 21:14:04,2025-09-08 20:23:51
RM-HTL0002-275,HTL0002,275,STD,Standard Room,49.88,1,2021-03-17 21:21:59,2021-03-17 21:21:59
RM-HTL0002-276,HTL0002,276,EXE,Executive Suite,396.68,1,2021-03-20 12:35:31,2023-11-27 16:18:32
RM-HTL0002-277,HTL0002,277,STD,Standard Room,61.29,1,2021-03-21 17:14:42,2022-07-19 18:58:22
RM-HTL0002-278,HTL0002,278,DLX,Deluxe Room,115.41,1,2021-03-12 14:18:08,2022-11-07 15:34:50
RM-HTL0002-279,HTL0002,279,SUT,Suite Room,258.24,0,2021-03-22 08:25:23,2024-01-22 17:31:03
RM-HTL0002-280,HTL0002,280,STD,Standard Room,60.15,1,2021-03-06 15:16:19,2026-03-05 01:26:17
RM-HTL0002-281,HTL0002,281,SUT,Suite Room,245.07,1,2021-03-17 03:21:35,2021-11-02 09:47:34
RM-HTL0002-282,HTL0002,282,STD,Standard Room,55.47,1,2021-03-22 08:05:46,2021-03-22 08:05:46
RM-HTL0002-283,HTL0002,283,DLX,Deluxe Room,122.81,1,2021-03-15 02:33:43,2024-12-06 07:20:21
RM-HTL0002-284,HTL0002,284,STD,Standard Room,49.7,1,2021-03-13 12:46:44,2023-02-16 03:38:21
RM-HTL0002-285,HTL0002,285,EXE,Executive Suite,412.27,1,2021-03-15 08:51:42,2021-03-15 08:51:42
RM-HTL0002-286,HTL0002,286,EXE,Executive Suite,403.34,1,2021-03-04 07:14:13,2022-08-16 19:26:37
RM-HTL0002-287,HTL0002,287,DLX,Deluxe Room,122.51,1,2021-03-03 08:20:17,2026-02-10 02:38:25
RM-HTL0002-288,HTL0002,288,EXE,Executive Suite,411.89,1,2021-02-24 17:09:08,2023-05-28 15:14:13
RM-HTL0002-289,HTL0002,289,SUP,Superior Room,79.72,1,2021-03-08 19:04:00,2025-01-03 15:36:52
RM-HTL0002-290,HTL0002,290,DLX,Deluxe Room,122.3,1,2021-03-23 08:28:47,2022-08-30 06:08:56
RM-HTL0002-291,HTL0002,291,SUP,Superior Room,88.96,1,2021-02-27 21:56:49,2025-08-21 02:08:56
RM-HTL0002-292,HTL0002,292,EXE,Executive Suite,412.38,1,2021-03-11 08:36:27,2023-09-20 20:50:37
RM-HTL0002-293,HTL0002,293,EXE,Executive Suite,407.0,1,2021-02-26 06:52:06,2023-06-16 08:06:35
RM-HTL0002-294,HTL0002,294,SUT,Suite Room,255.49,1,2021-03-18 14:26:37,2023-08-31 00:35:16
RM-HTL0002-295,HTL0002,295,SUT,Suite Room,246.4,1,2021-03-13 01:09:49,2021-03-13 01:09:49
RM-HTL0002-296,HTL0002,296,SUP,Superior Room,70.45,1,2021-03-03 20:28:14,2022-07-03 14:06:53
RM-HTL0002-297,HTL0002,297,SUP,Superior Room,81.56,1,2021-03-08 07:05:44,2021-03-08 07:05:44
RM-HTL0002-298,HTL0002,298,DLX,Deluxe Room,115.41,1,2021-03-09 11:40:36,2026-02-28 20:00:49
RM-HTL0002-299,HTL0002,299,STD,Standard Room,50.74,0,2021-03-20 21:51:03,2022-12-28 11:37:06
RM-HTL0002-300,HTL0002,300,DLX,Deluxe Room,110.9,1,2021-03-03 02:39:25,2021-04-10 12:14:56
RM-HTL0002-301,HTL0002,301,EXE,Executive Suite,411.06,1,2021-03-23 16:21:59,2021-03-23 16:21:59
RM-HTL0002-302,HTL0002,302,STD,Standard Room,58.67,1,2021-03-21 01:42:34,2021-03-21 01:42:34
RM-HTL0002-303,HTL0002,303,STD,Standard Room,64.22,1,2021-03-11 00:35:05,2024-02-22 20:41:29
RM-HTL0002-304,HTL0002,304,EXE,Executive Suite,403.7,1,2021-03-21 16:03:02,2023-07-24 20:04:19
RM-HTL0002-305,HTL0002,305,SUP,Superior Room,86.12,1,2021-03-09 08:11:36,2024-05-14 19:22:46
RM-HTL0002-306,HTL0002,306,EXE,Executive Suite,414.44,1,2021-03-04 19:44:59,2023-10-30 14:03:36
RM-HTL0002-307,HTL0002,307,SUP,Superior Room,79.66,1,2021-03-23 01:20:25,2024-03-07 19:04:09
RM-HTL0002-308,HTL0002,308,STD,Standard Room,60.1,1,2021-03-02 18:35:26,2021-03-02 18:35:26
RM-HTL0002-309,HTL0002,309,SUP,Superior Room,78.14,1,2021-02-26 01:44:49,2023-09-24 20:54:20
RM-HTL0002-310,HTL0002,310,DLX,Deluxe Room,106.84,1,2021-02-24 04:57:03,2023-10-16 01:37:18
RM-HTL0002-311,HTL0002,311,STD,Standard Room,63.92,1,2021-03-01 16:28:46,2021-03-01 16:28:46
RM-HTL0002-312,HTL0002,312,EXE,Executive Suite,404.1,1,2021-03-10 03:44:13,2023-01-10 07:26:17
RM-HTL0002-313,HTL0002,313,SUT,Suite Room,260.82,1,2021-02-27 20:16:06,2026-01-04 13:38:50
RM-HTL0002-314,HTL0002,314,STD,Standard Room,47.15,1,2021-03-10 20:53:23,2025-08-09 12:16:35
RM-HTL0002-315,HTL0002,315,SUT,Suite Room,256.05,1,2021-03-11 12:06:10,2022-11-01 01:49:20
RM-HTL0002-316,HTL0002,316,SUT,Suite Room,259.72,1,2021-03-17 01:19:58,2021-03-17 01:19:58
RM-HTL0002-317,HTL0002,317,STD,Standard Room,47.07,1,2021-03-21 18:11:01,2021-03-21 18:11:01
RM-HTL0002-318,HTL0002,318,SUT,Suite Room,246.26,1,2021-03-09 10:48:13,2021-07-26 22:09:46
RM-HTL0002-319,HTL0002,319,SUT,Suite Room,262.74,1,2021-03-14 22:00:21,2022-09-24 11:53:35
RM-HTL0002-320,HTL0002,320,DLX,Deluxe Room,113.85,1,2021-03-03 10:42:45,2023-07-05 20:10:07
RM-HTL0002-321,HTL0002,321,STD,Standard Room,53.13,1,2021-03-12 00:40:09,2021-03-12 00:40:09
RM-HTL0002-322,HTL0002,322,STD,Standard Room,57.01,1,2021-03-15 11:52:03,2024-04-03 18:46:16
RM-HTL0002-323,HTL0002,323,STD,Standard Room,58.93,1,2021-03-17 06:35:16,2022-06-16 12:37:00
RM-HTL0002-324,HTL0002,324,EXE,Executive Suite,397.33,1,2021-03-24 21:40:08,2023-11-24 15:18:43
RM-HTL0002-325,HTL0002,325,STD,Standard Room,61.09,1,2021-02-25 22:37:21,2021-07-28 11:19:05
RM-HTL0002-326,HTL0002,326,DLX,Deluxe Room,112.15,1,2021-03-19 08:37:53,2022-10-27 17:39:30
RM-HTL0002-327,HTL0002,327,EXE,Executive Suite,402.98,1,2021-03-16 13:22:08,2026-04-15 13:02:56
RM-HTL0002-328,HTL0002,328,STD,Standard Room,62.21,0,2021-02-27 03:30:38,2022-03-05 22:52:12
RM-HTL0002-329,HTL0002,329,STD,Standard Room,54.97,1,2021-02-25 20:06:45,2021-02-25 20:06:45
RM-HTL0002-330,HTL0002,330,SUP,Superior Room,71.37,1,2021-03-23 22:52:14,2025-02-17 07:32:32
RM-HTL0002-331,HTL0002,331,EXE,Executive Suite,411.62,1,2021-03-06 14:16:20,2021-03-06 14:16:20
RM-HTL0002-332,HTL0002,332,DLX,Deluxe Room,121.38,1,2021-03-22 19:49:51,2026-02-16 21:27:26
RM-HTL0002-333,HTL0002,333,SUT,Suite Room,253.71,1,2021-03-14 14:24:42,2025-03-13 11:58:55
RM-HTL0002-334,HTL0002,334,STD,Standard Room,62.53,1,2021-03-17 17:11:25,2022-05-08 11:02:16
RM-HTL0002-335,HTL0002,335,STD,Standard Room,50.06,1,2021-03-04 16:11:05,2021-03-04 16:11:05
RM-HTL0002-336,HTL0002,336,STD,Standard Room,48.42,1,2021-03-03 19:58:13,2023-08-12 02:48:05
RM-HTL0002-337,HTL0002,337,SUP,Superior Room,88.52,1,2021-03-12 02:46:48,2021-03-12 02:46:48
RM-HTL0002-338,HTL0002,338,DLX,Deluxe Room,113.02,1,2021-03-13 01:45:02,2021-03-13 01:45:02
RM-HTL0002-339,HTL0002,339,SUT,Suite Room,260.62,1,2021-03-02 23:15:17,2021-03-02 23:15:17
RM-HTL0002-340,HTL0002,340,EXE,Executive Suite,413.0,1,2021-03-25 21:51:10,2023-11-12 02:49:26
RM-HTL0002-341,HTL0002,341,DLX,Deluxe Room,120.88,1,2021-03-21 19:21:09,2021-03-21 19:21:09
RM-HTL0002-342,HTL0002,342,SUP,Superior Room,83.72,1,2021-03-24 04:59:23,2024-12-15 23:31:07
RM-HTL0002-343,HTL0002,343,DLX,Deluxe Room,109.43,1,2021-03-14 22:35:47,2024-05-25 17:31:01
RM-HTL0002-344,HTL0002,344,EXE,Executive Suite,402.26,1,2021-03-22 00:53:27,2021-03-22 00:53:27
RM-HTL0002-345,HTL0002,345,DLX,Deluxe Room,118.87,1,2021-02-24 12:36:53,2021-02-24 12:36:53
RM-HTL0002-346,HTL0002,346,SUT,Suite Room,263.77,1,2021-02-23 13:43:39,2021-07-26 03:37:44
RM-HTL0002-347,HTL0002,347,SUP,Superior Room,89.55,1,2021-03-09 16:31:32,2024-06-02 09:06:20
RM-HTL0002-348,HTL0002,348,DLX,Deluxe Room,117.7,1,2021-02-27 07:29:11,2021-02-27 07:29:11
RM-HTL0002-349,HTL0002,349,SUT,Suite Room,253.83,1,2021-02-27 07:25:31,2022-04-13 13:38:38
RM-HTL0002-350,HTL0002,350,EXE,Executive Suite,412.27,1,2021-03-21 16:46:43,2021-07-04 22:34:42
RM-HTL0002-351,HTL0002,351,SUT,Suite Room,252.64,1,2021-03-05 07:11:38,2026-04-03 12:03:13
RM-HTL0002-352,HTL0002,352,SUP,Superior Room,76.55,1,2021-03-01 17:35:41,2021-03-01 17:35:41
RM-HTL0002-353,HTL0002,353,SUT,Suite Room,247.57,1,2021-03-16 03:29:44,2025-06-16 07:27:25
RM-HTL0002-354,HTL0002,354,DLX,Deluxe Room,114.44,1,2021-02-28 19:13:56,2023-08-11 12:02:18
RM-HTL0002-355,HTL0002,355,STD,Standard Room,55.96,1,2021-03-01 07:31:05,2021-03-01 07:31:05
RM-HTL0002-356,HTL0002,356,STD,Standard Room,62.89,1,2021-03-24 10:40:41,2023-07-17 23:06:11
RM-HTL0002-357,HTL0002,357,EXE,Executive Suite,405.62,1,2021-03-11 13:10:48,2021-10-01 15:38:37
RM-HTL0002-358,HTL0002,358,SUT,Suite Room,258.6,1,2021-03-23 17:51:10,2024-01-16 20:53:52
RM-HTL0002-359,HTL0002,359,DLX,Deluxe Room,111.29,1,2021-03-25 22:34:40,2023-09-28 07:54:08
RM-HTL0002-360,HTL0002,360,DLX,Deluxe Room,123.79,1,2021-03-22 07:04:49,2025-01-27 10:41:06
RM-HTL0002-361,HTL0002,361,EXE,Executive Suite,395.62,1,2021-03-13 21:19:05,2021-06-06 18:06:11
RM-HTL0002-362,HTL0002,362,SUT,Suite Room,291.73,0,2021-03-12 23:12:02,2023-08-21 19:11:12
RM-HTL0002-363,HTL0002,363,DLX,Deluxe Room,122.46,0,2021-03-25 07:00:22,2023-08-01 00:21:12
RM-HTL0002-364,HTL0002,364,SUT,Suite Room,246.6,1,2021-03-01 01:42:42,2021-03-01 01:42:42
RM-HTL0002-365,HTL0002,365,DLX,Deluxe Room,119.3,1,2021-02-23 06:02:09,2023-12-14 19:14:12
RM-HTL0002-366,HTL0002,366,EXE,Executive Suite,400.28,1,2021-03-24 05:43:54,2021-03-24 05:43:54
RM-HTL0002-367,HTL0002,367,SUT,Suite Room,249.05,1,2021-03-20 08:14:32,2021-03-20 08:14:32
RM-HTL0002-368,HTL0002,368,EXE,Executive Suite,413.02,1,2021-03-13 21:51:29,2023-11-19 06:57:23
RM-HTL0002-369,HTL0002,369,EXE,Executive Suite,430.25,1,2021-03-01 06:11:20,2021-10-16 19:38:04
RM-HTL0002-370,HTL0002,370,STD,Standard Room,58.71,1,2021-03-10 11:03:46,2022-07-01 12:11:15
RM-HTL0002-371,HTL0002,371,STD,Standard Room,50.06,1,2021-03-21 14:04:00,2021-03-21 14:04:00
RM-HTL0002-372,HTL0002,372,SUP,Superior Room,76.79,1,2021-03-06 22:38:53,2021-03-06 22:38:53
RM-HTL0002-373,HTL0002,373,DLX,Deluxe Room,121.03,1,2021-03-04 01:06:22,2023-11-13 09:20:53
RM-HTL0002-374,HTL0002,374,DLX,Deluxe Room,114.93,1,2021-02-23 15:38:52,2023-08-25 14:13:00
RM-HTL0002-375,HTL0002,375,DLX,Deluxe Room,119.73,1,2021-03-22 13:42:25,2025-07-20 05:00:20
RM-HTL0002-376,HTL0002,376,DLX,Deluxe Room,111.38,1,2021-03-07 08:22:10,2022-12-15 20:07:05
RM-HTL0002-377,HTL0002,377,DLX,Deluxe Room,112.38,0,2021-03-03 16:54:55,2021-03-03 16:54:55
RM-HTL0002-378,HTL0002,378,SUP,Superior Room,88.15,1,2021-02-24 15:33:45,2023-06-11 07:22:42
RM-HTL0002-379,HTL0002,379,SUT,Suite Room,263.1,1,2021-03-06 03:32:22,2021-03-06 03:32:22
RM-HTL0002-380,HTL0002,380,SUP,Superior Room,89.78,1,2021-03-24 12:17:51,2024-08-31 15:14:46
RM-HTL0002-381,HTL0002,381,SUT,Suite Room,257.16,1,2021-03-14 17:24:56,2026-05-05 20:20:55
RM-HTL0002-382,HTL0002,382,EXE,Executive Suite,414.33,1,2021-03-13 21:07:23,2022-12-04 07:20:06
RM-HTL0002-383,HTL0002,383,STD,Standard Room,63.36,1,2021-03-16 04:33:09,2025-04-21 06:33:32
RM-HTL0002-384,HTL0002,384,SUT,Suite Room,249.8,1,2021-03-08 14:28:13,2021-03-08 14:28:13
RM-HTL0002-385,HTL0002,385,STD,Standard Room,58.65,1,2021-03-11 06:16:05,2021-03-11 06:16:05
RM-HTL0002-386,HTL0002,386,SUT,Suite Room,260.02,1,2021-03-25 22:47:49,2021-03-25 22:47:49
RM-HTL0002-387,HTL0002,387,DLX,Deluxe Room,107.05,1,2021-03-22 19:49:54,2025-03-24 19:13:46
RM-HTL0002-388,HTL0002,388,EXE,Executive Suite,410.71,1,2021-03-17 07:59:29,2021-03-17 07:59:29
RM-HTL0002-389,HTL0002,389,SUT,Suite Room,255.95,1,2021-03-24 00:32:44,2022-02-02 20:53:41
RM-HTL0002-390,HTL0002,390,STD,Standard Room,55.4,1,2021-03-25 06:33:21,2024-08-14 21:17:47
RM-HTL0002-391,HTL0002,391,DLX,Deluxe Room,114.36,1,2021-03-20 16:28:48,2021-03-20 16:28:48
RM-HTL0002-392,HTL0002,392,SUP,Superior Room,78.86,1,2021-02-24 03:26:04,2022-02-16 09:15:57
RM-HTL0002-393,HTL0002,393,EXE,Executive Suite,407.35,1,2021-03-16 07:37:04,2026-04-03 13:17:48
RM-HTL0002-394,HTL0002,394,SUP,Superior Room,89.15,1,2021-02-26 12:55:00,2021-02-26 12:55:00
RM-HTL0002-395,HTL0002,395,SUT,Suite Room,246.43,1,2021-03-05 04:14:23,2021-11-09 09:31:38
RM-HTL0002-396,HTL0002,396,EXE,Executive Suite,397.72,1,2021-03-25 23:52:56,2022-01-16 21:20:28
RM-HTL0002-397,HTL0002,397,EXE,Executive Suite,400.06,1,2021-02-26 21:05:23,2025-09-22 03:38:19
RM-HTL0002-398,HTL0002,398,SUP,Superior Room,75.67,1,2021-03-25 15:55:42,2021-05-02 10:19:53
RM-HTL0002-399,HTL0002,399,STD,Standard Room,53.9,0,2021-03-24 01:02:59,2021-03-24 01:02:59
RM-HTL0002-400,HTL0002,400,STD,Standard Room,58.84,1,2021-02-28 01:53:31,2025-06-29 19:40:41
RM-HTL0002-401,HTL0002,401,EXE,Executive Suite,409.55,1,2021-03-01 22:51:20,2022-10-17 13:35:24
RM-HTL0002-402,HTL0002,402,DLX,Deluxe Room,106.48,1,2021-02-26 01:18:55,2021-02-26 01:18:55
RM-HTL0002-403,HTL0002,403,EXE,Executive Suite,398.38,1,2021-03-21 10:05:02,2021-03-21 10:05:02
RM-HTL0002-404,HTL0002,404,EXE,Executive Suite,405.5,1,2021-03-03 01:38:14,2021-03-03 01:38:14
RM-HTL0002-405,HTL0002,405,EXE,Executive Suite,402.68,1,2021-02-28 17:15:24,2023-04-09 01:07:15
RM-HTL0002-406,HTL0002,406,DLX,Deluxe Room,120.55,1,2021-03-21 18:57:28,2022-06-09 10:48:37
RM-HTL0002-407,HTL0002,407,EXE,Executive Suite,396.17,1,2021-03-13 15:55:05,2021-03-13 15:55:05
RM-HTL0002-408,HTL0002,408,SUP,Superior Room,75.48,1,2021-03-05 23:41:25,2021-03-05 23:41:25
RM-HTL0002-409,HTL0002,409,SUT,Suite Room,252.13,1,2021-03-20 12:15:15,2021-04-11 10:54:48
RM-HTL0002-410,HTL0002,410,SUT,Suite Room,259.55,1,2021-03-25 16:18:07,2026-04-17 04:59:41
RM-HTL0002-411,HTL0002,411,SUT,Suite Room,248.04,1,2021-03-06 04:28:57,2026-02-22 16:30:25
RM-HTL0002-412,HTL0002,412,STD,Standard Room,63.79,1,2021-02-24 20:50:11,2021-02-24 20:50:11
RM-HTL0002-413,HTL0002,413,DLX,Deluxe Room,106.41,1,2021-03-13 16:39:25,2021-06-20 06:41:47
RM-HTL0002-414,HTL0002,414,SUP,Superior Room,88.33,1,2021-03-11 03:31:06,2026-03-14 03:56:38
RM-HTL0002-415,HTL0002,415,DLX,Deluxe Room,113.21,1,2021-03-01 02:51:20,2024-05-20 00:01:26
RM-HTL0002-416,HTL0002,416,SUT,Suite Room,264.51,1,2021-03-25 12:53:23,2021-03-25 12:53:23
RM-HTL0002-417,HTL0002,417,EXE,Executive Suite,408.13,1,2021-03-22 21:27:05,2021-03-22 21:27:05
RM-HTL0002-418,HTL0002,418,DLX,Deluxe Room,118.1,1,2021-03-22 02:18:19,2021-03-22 02:18:19
RM-HTL0002-419,HTL0002,419,SUP,Superior Room,74.37,1,2021-03-12 04:58:02,2021-05-12 16:13:32
RM-HTL0002-420,HTL0002,420,STD,Standard Room,60.07,1,2021-03-02 16:13:40,2024-01-27 05:08:53
RM-HTL0002-421,HTL0002,421,DLX,Deluxe Room,114.75,1,2021-03-23 01:30:53,2022-08-31 23:15:42
RM-HTL0002-422,HTL0002,422,STD,Standard Room,58.79,1,2021-03-23 00:25:34,2021-05-23 05:50:46
RM-HTL0002-423,HTL0002,423,DLX,Deluxe Room,122.82,1,2021-03-20 04:01:43,2024-05-27 17:16:24
RM-HTL0002-424,HTL0002,424,SUT,Suite Room,250.16,1,2021-03-01 02:25:44,2024-05-09 10:43:22
RM-HTL0002-425,HTL0002,425,DLX,Deluxe Room,114.09,1,2021-02-26 19:54:27,2021-02-26 19:54:27
RM-HTL0002-426,HTL0002,426,EXE,Executive Suite,408.43,1,2021-03-03 04:40:05,2023-07-16 16:18:36
RM-HTL0002-427,HTL0002,427,STD,Standard Room,58.4,1,2021-03-19 23:20:02,2021-03-19 23:20:02
RM-HTL0002-428,HTL0002,428,EXE,Executive Suite,405.43,1,2021-02-26 12:23:01,2023-10-29 07:04:03
RM-HTL0002-429,HTL0002,429,STD,Standard Room,61.68,1,2021-02-24 22:42:36,2021-02-24 22:42:36
RM-HTL0002-430,HTL0002,430,EXE,Executive Suite,406.98,1,2021-03-15 12:08:39,2024-05-09 18:17:35
RM-HTL0002-431,HTL0002,431,DLX,Deluxe Room,114.5,1,2021-02-24 03:56:02,2025-10-10 02:32:24
RM-HTL0002-432,HTL0002,432,DLX,Deluxe Room,108.1,1,2021-03-13 10:28:25,2021-10-27 10:20:20
RM-HTL0002-433,HTL0002,433,DLX,Deluxe Room,106.25,1,2021-03-03 09:15:28,2025-07-19 12:21:51
RM-HTL0002-434,HTL0002,434,EXE,Executive Suite,408.3,1,2021-03-17 03:48:59,2021-03-17 03:48:59
RM-HTL0002-435,HTL0002,435,EXE,Executive Suite,405.27,1,2021-03-21 15:05:06,2022-01-20 11:00:12
RM-HTL0002-436,HTL0002,436,DLX,Deluxe Room,118.43,1,2021-03-08 09:30:11,2025-05-29 08:51:32
RM-HTL0002-437,HTL0002,437,STD,Standard Room,64.42,1,2021-03-10 04:26:51,2025-04-11 21:05:05
RM-HTL0002-438,HTL0002,438,SUT,Suite Room,247.8,1,2021-03-22 21:17:01,2021-03-22 21:17:01
RM-HTL0002-439,HTL0002,439,EXE,Executive Suite,400.38,1,2021-03-20 11:29:03,2021-03-20 11:29:03
RM-HTL0002-440,HTL0002,440,EXE,Executive Suite,408.8,1,2021-03-07 06:19:17,2025-09-13 08:41:12
RM-HTL0002-441,HTL0002,441,STD,Standard Room,52.98,1,2021-03-22 02:39:16,2021-03-22 02:39:16
RM-HTL0002-442,HTL0002,442,SUP,Superior Room,76.26,1,2021-02-24 22:03:30,2021-11-30 05:25:25
RM-HTL0002-443,HTL0002,443,DLX,Deluxe Room,110.47,1,2021-02-28 12:27:56,2024-01-28 00:30:29
RM-HTL0002-444,HTL0002,444,DLX,Deluxe Room,106.86,1,2021-03-01 07:08:18,2022-08-25 21:11:57
RM-HTL0002-445,HTL0002,445,SUP,Superior Room,80.95,1,2021-03-07 17:30:41,2021-03-07 17:30:41
RM-HTL0002-446,HTL0002,446,DLX,Deluxe Room,112.03,1,2021-03-03 05:56:41,2021-10-06 22:36:38
RM-HTL0002-447,HTL0002,447,SUP,Superior Room,81.32,1,2021-03-14 12:44:18,2026-03-12 09:58:21
RM-HTL0002-448,HTL0002,448,DLX,Deluxe Room,111.33,1,2021-03-11 04:50:14,2026-04-03 12:40:32
RM-HTL0002-449,HTL0002,449,DLX,Deluxe Room,113.47,1,2021-03-02 00:49:37,2024-06-11 17:36:07
RM-HTL0002-450,HTL0002,450,DLX,Deluxe Room,105.69,1,2021-03-03 04:29:49,2023-07-27 10:53:09
RM-HTL0003-101,HTL0003,101,EXE,Executive Suite,398.6,1,2021-05-26 20:18:41,2021-05-26 20:18:41
RM-HTL0003-102,HTL0003,102,SUP,Superior Room,80.28,1,2021-05-28 02:33:23,2021-06-15 01:39:46
RM-HTL0003-103,HTL0003,103,STD,Standard Room,46.37,1,2021-06-12 14:34:52,2023-07-06 22:19:30
RM-HTL0003-104,HTL0003,104,SUT,Suite Room,245.4,1,2021-06-03 02:38:37,2025-07-07 20:19:26
RM-HTL0003-105,HTL0003,105,SUT,Suite Room,260.84,1,2021-05-16 23:31:58,2021-05-16 23:31:58
RM-HTL0003-106,HTL0003,106,EXE,Executive Suite,413.01,1,2021-05-26 00:00:18,2021-05-26 00:00:18
RM-HTL0003-107,HTL0003,107,SUT,Suite Room,258.77,1,2021-05-16 06:18:18,2021-06-11 04:07:34
RM-HTL0003-108,HTL0003,108,DLX,Deluxe Room,108.74,0,2021-05-31 19:35:36,2023-09-07 18:10:30
RM-HTL0003-109,HTL0003,109,SUT,Suite Room,252.3,1,2021-05-19 13:03:08,2021-05-19 13:03:08
RM-HTL0003-110,HTL0003,110,SUT,Suite Room,254.58,1,2021-05-30 03:31:51,2021-06-06 22:35:23
RM-HTL0003-111,HTL0003,111,STD,Standard Room,60.88,1,2021-06-06 14:02:27,2021-06-06 14:02:27
RM-HTL0003-112,HTL0003,112,DLX,Deluxe Room,122.28,1,2021-06-06 09:04:17,2022-11-20 12:48:21
RM-HTL0003-113,HTL0003,113,DLX,Deluxe Room,118.36,0,2021-06-08 00:54:59,2025-07-31 12:29:05
RM-HTL0003-114,HTL0003,114,EXE,Executive Suite,409.01,1,2021-06-12 04:00:43,2025-11-17 08:07:18
RM-HTL0003-115,HTL0003,115,DLX,Deluxe Room,108.12,1,2021-06-10 00:59:40,2021-06-10 00:59:40
RM-HTL0003-116,HTL0003,116,STD,Standard Room,57.3,1,2021-06-05 11:32:42,2025-08-27 14:51:37
RM-HTL0003-117,HTL0003,117,SUP,Superior Room,72.82,1,2021-06-03 16:58:38,2026-03-26 20:01:08
RM-HTL0003-118,HTL0003,118,STD,Standard Room,60.22,1,2021-05-24 13:13:03,2022-05-07 06:50:55
RM-HTL0003-119,HTL0003,119,SUP,Superior Room,71.2,1,2021-05-20 21:52:56,2022-07-19 03:15:03
RM-HTL0003-120,HTL0003,120,DLX,Deluxe Room,115.15,1,2021-06-12 04:22:10,2025-12-30 11:56:55
RM-HTL0003-121,HTL0003,121,SUT,Suite Room,249.42,1,2021-05-24 12:36:55,2022-12-28 10:10:57
RM-HTL0003-122,HTL0003,122,STD,Standard Room,56.36,1,2021-06-09 02:10:41,2025-01-04 13:33:32
RM-HTL0003-123,HTL0003,123,SUT,Suite Room,258.51,1,2021-05-28 09:24:57,2022-03-31 01:53:14
RM-HTL0003-124,HTL0003,124,EXE,Executive Suite,403.37,1,2021-05-17 00:27:28,2025-04-23 02:57:11
RM-HTL0003-125,HTL0003,125,STD,Standard Room,50.31,1,2021-05-31 13:26:08,2023-07-19 16:45:18
RM-HTL0003-126,HTL0003,126,STD,Standard Room,58.32,1,2021-05-28 15:02:27,2023-12-01 19:13:12
RM-HTL0003-127,HTL0003,127,DLX,Deluxe Room,143.87,1,2021-05-25 08:10:03,2022-04-05 01:23:14
RM-HTL0003-128,HTL0003,128,EXE,Executive Suite,399.41,0,2021-05-21 22:30:40,2025-03-06 08:38:33
RM-HTL0003-129,HTL0003,129,SUP,Superior Room,85.9,1,2021-05-28 08:34:20,2021-05-28 08:34:20
RM-HTL0003-130,HTL0003,130,DLX,Deluxe Room,116.09,1,2021-06-11 20:43:37,2021-06-11 20:43:37
RM-HTL0003-131,HTL0003,131,STD,Standard Room,60.75,1,2021-05-16 21:03:07,2023-09-05 20:16:10
RM-HTL0003-132,HTL0003,132,DLX,Deluxe Room,108.44,1,2021-05-20 19:02:46,2023-01-25 01:39:01
RM-HTL0003-133,HTL0003,133,EXE,Executive Suite,403.14,1,2021-05-28 03:41:21,2021-05-28 03:41:21
RM-HTL0003-134,HTL0003,134,SUT,Suite Room,252.18,1,2021-05-15 18:27:16,2021-05-15 18:27:16
RM-HTL0003-135,HTL0003,135,STD,Standard Room,51.0,1,2021-06-07 06:37:37,2021-06-07 06:37:37
RM-HTL0003-136,HTL0003,136,SUP,Superior Room,71.97,1,2021-05-15 03:23:07,2025-08-21 23:51:47
RM-HTL0003-137,HTL0003,137,STD,Standard Room,58.78,1,2021-06-08 08:35:49,2025-03-09 03:30:39
RM-HTL0003-138,HTL0003,138,DLX,Deluxe Room,109.88,1,2021-05-22 07:13:17,2024-07-30 07:56:14
RM-HTL0003-139,HTL0003,139,SUT,Suite Room,249.04,1,2021-05-13 14:04:12,2025-05-13 10:41:19
RM-HTL0003-140,HTL0003,140,STD,Standard Room,55.81,1,2021-05-24 16:46:44,2023-08-22 21:47:33
RM-HTL0003-141,HTL0003,141,SUT,Suite Room,264.02,1,2021-05-28 17:11:28,2023-08-13 17:49:27
RM-HTL0003-142,HTL0003,142,SUP,Superior Room,84.07,1,2021-06-12 22:26:10,2021-06-12 22:26:10
RM-HTL0003-143,HTL0003,143,STD,Standard Room,61.72,1,2021-05-18 00:34:00,2023-08-18 06:33:10
RM-HTL0003-144,HTL0003,144,STD,Standard Room,55.66,1,2021-05-30 15:56:13,2021-05-30 15:56:13
RM-HTL0003-145,HTL0003,145,DLX,Deluxe Room,116.81,1,2021-05-13 17:27:21,2021-05-13 17:27:21
RM-HTL0003-146,HTL0003,146,SUT,Suite Room,264.06,1,2021-05-22 13:29:30,2022-07-31 21:23:20
RM-HTL0003-147,HTL0003,147,STD,Standard Room,64.86,1,2021-06-04 04:54:07,2021-06-04 04:54:07
RM-HTL0003-148,HTL0003,148,STD,Standard Room,47.74,1,2021-06-08 22:26:19,2024-09-05 09:40:07
RM-HTL0003-149,HTL0003,149,SUT,Suite Room,246.36,1,2021-05-27 01:05:31,2022-10-01 03:37:34
RM-HTL0003-150,HTL0003,150,STD,Standard Room,52.69,1,2021-05-20 19:49:25,2023-01-05 01:12:03
RM-HTL0003-151,HTL0003,151,DLX,Deluxe Room,108.13,1,2021-06-07 21:51:03,2021-06-07 21:51:03
RM-HTL0003-152,HTL0003,152,SUT,Suite Room,251.5,1,2021-05-17 19:29:06,2023-10-17 03:28:22
RM-HTL0003-153,HTL0003,153,SUT,Suite Room,249.45,1,2021-05-24 08:11:35,2023-08-10 22:54:13
RM-HTL0003-154,HTL0003,154,SUP,Superior Room,98.3,1,2021-05-27 09:12:19,2024-10-02 07:06:55
RM-HTL0003-155,HTL0003,155,SUP,Superior Room,86.78,1,2021-06-05 23:44:29,2021-06-05 23:44:29
RM-HTL0003-156,HTL0003,156,SUP,Superior Room,77.1,1,2021-05-29 01:09:39,2022-03-08 11:43:57
RM-HTL0003-157,HTL0003,157,SUP,Superior Room,80.03,1,2021-05-27 13:25:18,2024-09-18 23:29:50
RM-HTL0003-158,HTL0003,158,DLX,Deluxe Room,111.92,1,2021-05-19 06:57:35,2022-12-21 11:09:51
RM-HTL0003-159,HTL0003,159,SUP,Superior Room,87.46,1,2021-05-22 01:14:30,2021-05-22 01:14:30
RM-HTL0003-160,HTL0003,160,SUP,Superior Room,85.95,1,2021-06-03 06:03:13,2025-01-09 00:10:29
RM-HTL0003-161,HTL0003,161,SUP,Superior Room,84.0,1,2021-05-28 04:25:13,2022-09-13 17:42:19
RM-HTL0003-162,HTL0003,162,SUP,Superior Room,84.79,1,2021-06-09 02:11:46,2021-06-09 02:11:46
RM-HTL0003-163,HTL0003,163,STD,Standard Room,57.34,1,2021-05-22 04:52:46,2021-05-22 04:52:46
RM-HTL0003-164,HTL0003,164,SUP,Superior Room,89.61,1,2021-05-28 15:57:43,2022-03-13 11:27:21
RM-HTL0003-165,HTL0003,165,EXE,Executive Suite,405.07,1,2021-05-22 01:44:42,2021-05-22 01:44:42
RM-HTL0003-166,HTL0003,166,SUT,Suite Room,255.66,1,2021-06-05 05:57:06,2024-03-15 16:07:57
RM-HTL0003-167,HTL0003,167,DLX,Deluxe Room,117.06,1,2021-05-24 05:38:36,2023-09-16 13:54:37
RM-HTL0003-168,HTL0003,168,EXE,Executive Suite,401.89,1,2021-06-05 06:38:45,2021-06-05 06:38:45
RM-HTL0003-169,HTL0003,169,STD,Standard Room,63.6,1,2021-06-12 21:32:55,2024-01-23 21:00:32
RM-HTL0003-170,HTL0003,170,STD,Standard Room,54.61,1,2021-06-03 20:52:47,2021-06-03 20:52:47
RM-HTL0003-171,HTL0003,171,DLX,Deluxe Room,124.2,1,2021-05-18 03:16:43,2021-05-18 03:16:43
RM-HTL0003-172,HTL0003,172,DLX,Deluxe Room,119.59,1,2021-05-28 04:18:34,2021-10-13 22:45:47
RM-HTL0003-173,HTL0003,173,SUP,Superior Room,77.35,1,2021-05-23 10:03:55,2023-11-13 19:56:12
RM-HTL0003-174,HTL0003,174,STD,Standard Room,60.42,1,2021-05-16 12:13:26,2024-04-15 16:22:33
RM-HTL0003-175,HTL0003,175,DLX,Deluxe Room,113.97,1,2021-05-23 07:02:27,2022-03-23 05:27:57
RM-HTL0003-176,HTL0003,176,SUT,Suite Room,262.5,1,2021-05-29 04:02:54,2021-05-29 04:02:54
RM-HTL0003-177,HTL0003,177,SUT,Suite Room,258.13,1,2021-05-24 15:02:04,2023-03-08 15:02:53
RM-HTL0003-178,HTL0003,178,SUT,Suite Room,251.15,1,2021-06-12 00:08:46,2023-08-05 12:23:20
RM-HTL0003-179,HTL0003,179,EXE,Executive Suite,395.11,1,2021-05-22 06:38:26,2022-04-18 04:01:58
RM-HTL0003-180,HTL0003,180,STD,Standard Room,56.79,1,2021-05-15 08:07:09,2021-05-15 08:07:09
RM-HTL0003-181,HTL0003,181,STD,Standard Room,46.08,1,2021-05-20 05:20:36,2021-05-20 05:20:36
RM-HTL0003-182,HTL0003,182,SUT,Suite Room,252.14,1,2021-05-25 16:15:56,2021-10-04 04:04:02
RM-HTL0003-183,HTL0003,183,EXE,Executive Suite,398.94,1,2021-06-12 15:09:24,2022-07-08 00:29:15
RM-HTL0003-184,HTL0003,184,STD,Standard Room,54.42,1,2021-05-22 19:23:14,2021-05-22 19:23:14
RM-HTL0003-185,HTL0003,185,EXE,Executive Suite,398.4,1,2021-05-28 17:18:20,2024-09-14 19:14:45
RM-HTL0003-186,HTL0003,186,SUT,Suite Room,252.08,1,2021-06-08 21:14:32,2021-06-08 21:14:32
RM-HTL0003-187,HTL0003,187,DLX,Deluxe Room,120.76,1,2021-05-20 12:18:45,2025-12-07 15:21:21
RM-HTL0003-188,HTL0003,188,SUT,Suite Room,264.96,1,2021-05-15 23:12:32,2024-09-05 23:14:01
RM-HTL0003-189,HTL0003,189,SUP,Superior Room,83.09,1,2021-05-20 13:17:28,2024-05-08 09:03:01
RM-HTL0003-190,HTL0003,190,SUP,Superior Room,84.74,1,2021-06-10 15:22:06,2021-06-10 15:22:06
RM-HTL0003-191,HTL0003,191,SUT,Suite Room,250.9,1,2021-06-10 10:20:24,2022-09-14 07:59:30
RM-HTL0003-192,HTL0003,192,SUP,Superior Room,82.26,1,2021-05-18 09:11:47,2025-11-24 19:14:58
RM-HTL0003-193,HTL0003,193,DLX,Deluxe Room,109.69,1,2021-05-30 07:35:36,2024-06-26 03:19:20
RM-HTL0003-194,HTL0003,194,EXE,Executive Suite,403.21,1,2021-05-19 08:51:06,2023-12-09 12:34:04
RM-HTL0003-195,HTL0003,195,DLX,Deluxe Room,124.06,1,2021-05-25 19:07:05,2022-08-01 16:58:45
RM-HTL0003-196,HTL0003,196,DLX,Deluxe Room,112.57,1,2021-05-18 12:46:17,2021-05-18 12:46:17
RM-HTL0003-197,HTL0003,197,STD,Standard Room,50.17,1,2021-05-15 16:04:33,2025-10-22 00:11:12
RM-HTL0003-198,HTL0003,198,SUP,Superior Room,72.78,1,2021-06-10 04:06:32,2024-08-06 10:21:54
RM-HTL0003-199,HTL0003,199,SUP,Superior Room,89.05,1,2021-05-21 08:42:35,2021-05-21 08:42:35
RM-HTL0003-200,HTL0003,200,DLX,Deluxe Room,117.23,1,2021-05-17 12:53:58,2021-05-17 12:53:58
RM-HTL0003-201,HTL0003,201,SUP,Superior Room,81.19,1,2021-06-07 06:09:14,2025-01-14 22:19:17
RM-HTL0003-202,HTL0003,202,SUT,Suite Room,256.86,1,2021-05-27 23:26:22,2024-12-22 16:10:05
RM-HTL0003-203,HTL0003,203,DLX,Deluxe Room,108.93,1,2021-05-16 15:55:31,2021-05-16 15:55:31
RM-HTL0003-204,HTL0003,204,DLX,Deluxe Room,108.78,1,2021-05-28 03:47:52,2021-05-28 03:47:52
RM-HTL0003-205,HTL0003,205,EXE,Executive Suite,396.47,1,2021-06-04 07:16:44,2021-06-04 07:16:44
RM-HTL0003-206,HTL0003,206,STD,Standard Room,51.81,1,2021-05-23 13:37:38,2021-05-23 13:37:38
RM-HTL0003-207,HTL0003,207,STD,Standard Room,47.2,1,2021-06-06 14:14:56,2021-07-13 23:52:59
RM-HTL0003-208,HTL0003,208,SUT,Suite Room,251.69,1,2021-05-16 23:17:11,2023-05-02 03:42:34
RM-HTL0003-209,HTL0003,209,DLX,Deluxe Room,113.08,1,2021-05-18 13:33:26,2024-11-20 20:21:31
RM-HTL0003-210,HTL0003,210,SUP,Superior Room,72.73,1,2021-05-21 17:26:00,2022-09-17 10:10:25
RM-HTL0003-211,HTL0003,211,SUP,Superior Room,82.57,1,2021-05-23 03:44:24,2024-04-27 19:32:18
RM-HTL0003-212,HTL0003,212,SUP,Superior Room,82.5,1,2021-05-30 12:11:42,2026-03-29 21:39:11
RM-HTL0003-213,HTL0003,213,DLX,Deluxe Room,111.49,1,2021-05-19 10:38:43,2023-06-08 22:05:18
RM-HTL0003-214,HTL0003,214,DLX,Deluxe Room,122.4,1,2021-06-07 17:18:31,2023-10-05 00:13:22
RM-HTL0003-215,HTL0003,215,SUT,Suite Room,246.24,0,2021-06-11 03:05:26,2025-05-22 14:55:33
RM-HTL0003-216,HTL0003,216,SUP,Superior Room,89.68,1,2021-05-22 20:06:36,2022-01-11 17:46:15
RM-HTL0003-217,HTL0003,217,SUP,Superior Room,80.49,1,2021-05-27 19:20:07,2022-09-02 08:52:59
RM-HTL0003-218,HTL0003,218,EXE,Executive Suite,406.38,1,2021-05-15 13:19:12,2021-05-15 13:19:12
RM-HTL0003-219,HTL0003,219,SUP,Superior Room,88.82,1,2021-06-05 16:08:38,2025-02-14 15:11:49
RM-HTL0003-220,HTL0003,220,SUP,Superior Room,82.13,1,2021-06-12 03:32:38,2022-03-12 09:01:49
RM-HTL0004-101,HTL0004,101,EXE,Executive Suite,408.41,1,2022-10-30 06:54:14,2022-10-30 06:54:14
RM-HTL0004-102,HTL0004,102,EXE,Executive Suite,397.26,1,2022-11-07 16:34:51,2024-08-06 09:13:03
RM-HTL0004-103,HTL0004,103,SUT,Suite Room,260.84,1,2022-11-16 08:04:01,2024-09-01 23:04:19
RM-HTL0004-104,HTL0004,104,SUP,Superior Room,79.31,1,2022-11-28 20:35:58,2025-05-26 09:24:09
RM-HTL0004-105,HTL0004,105,SUT,Suite Room,261.2,1,2022-10-31 16:10:16,2025-11-02 13:58:53
RM-HTL0004-106,HTL0004,106,SUP,Superior Room,75.77,1,2022-10-31 11:03:38,2022-10-31 11:03:38
RM-HTL0004-107,HTL0004,107,DLX,Deluxe Room,107.57,1,2022-11-20 18:28:25,2022-11-20 18:28:25
RM-HTL0004-108,HTL0004,108,EXE,Executive Suite,407.77,1,2022-11-28 20:08:09,2022-11-28 20:08:09
RM-HTL0004-109,HTL0004,109,SUT,Suite Room,261.5,1,2022-11-03 23:52:43,2024-12-04 21:40:12
RM-HTL0004-110,HTL0004,110,SUP,Superior Room,81.31,1,2022-11-16 03:40:23,2024-12-04 20:24:03
RM-HTL0004-111,HTL0004,111,EXE,Executive Suite,396.25,1,2022-11-24 12:23:00,2022-11-24 12:23:00
RM-HTL0004-112,HTL0004,112,DLX,Deluxe Room,109.1,1,2022-11-09 17:20:16,2025-11-29 09:55:26
RM-HTL0004-113,HTL0004,113,SUP,Superior Room,78.19,1,2022-11-09 13:24:38,2023-06-24 19:27:13
RM-HTL0004-114,HTL0004,114,STD,Standard Room,63.8,1,2022-11-08 08:32:41,2025-01-05 11:26:58
RM-HTL0004-115,HTL0004,115,SUP,Superior Room,83.1,1,2022-11-27 08:18:37,2024-11-12 17:50:23
RM-HTL0004-116,HTL0004,116,STD,Standard Room,53.69,1,2022-11-12 16:59:53,2024-09-24 19:27:09
RM-HTL0004-117,HTL0004,117,DLX,Deluxe Room,119.89,1,2022-11-01 09:40:37,2022-12-06 18:30:08
RM-HTL0004-118,HTL0004,118,EXE,Executive Suite,400.76,1,2022-11-02 06:51:47,2023-09-10 08:25:13
RM-HTL0004-119,HTL0004,119,SUP,Superior Room,79.66,1,2022-11-01 18:03:56,2025-11-16 09:45:54
RM-HTL0004-120,HTL0004,120,SUP,Superior Room,87.58,1,2022-11-07 04:39:09,2025-12-05 15:03:17
RM-HTL0004-121,HTL0004,121,STD,Standard Room,50.03,1,2022-11-24 06:07:37,2022-11-24 06:07:37
RM-HTL0004-122,HTL0004,122,SUP,Superior Room,70.45,1,2022-11-08 15:17:59,2022-11-08 15:17:59
RM-HTL0004-123,HTL0004,123,DLX,Deluxe Room,123.68,1,2022-11-28 20:38:15,2025-01-26 00:57:52
RM-HTL0004-124,HTL0004,124,DLX,Deluxe Room,107.5,1,2022-11-25 01:59:44,2025-08-22 19:47:32
RM-HTL0004-125,HTL0004,125,EXE,Executive Suite,400.12,1,2022-11-03 16:40:23,2022-11-03 16:40:23
RM-HTL0004-126,HTL0004,126,EXE,Executive Suite,401.28,1,2022-10-31 09:20:59,2023-05-07 03:38:13
RM-HTL0004-127,HTL0004,127,DLX,Deluxe Room,113.88,1,2022-11-03 11:46:16,2022-11-03 11:46:16
RM-HTL0004-128,HTL0004,128,EXE,Executive Suite,409.46,1,2022-11-08 02:24:20,2025-05-18 05:52:05
RM-HTL0004-129,HTL0004,129,DLX,Deluxe Room,124.99,1,2022-11-23 11:20:09,2022-11-23 11:20:09
RM-HTL0004-130,HTL0004,130,EXE,Executive Suite,398.6,1,2022-11-28 10:06:32,2025-05-06 09:20:39
RM-HTL0004-131,HTL0004,131,SUP,Superior Room,89.17,1,2022-11-02 09:46:59,2026-01-16 06:54:22
RM-HTL0004-132,HTL0004,132,SUP,Superior Room,78.58,1,2022-11-21 07:15:51,2022-11-21 07:15:51
RM-HTL0004-133,HTL0004,133,STD,Standard Room,49.5,1,2022-11-12 22:01:52,2024-06-23 13:06:36
RM-HTL0004-134,HTL0004,134,EXE,Executive Suite,412.24,1,2022-11-27 15:48:36,2024-10-19 14:15:57
RM-HTL0004-135,HTL0004,135,DLX,Deluxe Room,105.46,1,2022-11-11 23:23:09,2025-02-14 11:42:42
RM-HTL0004-136,HTL0004,136,EXE,Executive Suite,397.6,1,2022-11-08 12:10:06,2022-11-08 12:10:06
RM-HTL0004-137,HTL0004,137,STD,Standard Room,47.0,0,2022-11-09 19:06:15,2025-11-14 15:06:48
RM-HTL0004-138,HTL0004,138,STD,Standard Room,47.2,1,2022-11-05 11:13:37,2024-10-06 07:01:48
RM-HTL0004-139,HTL0004,139,SUT,Suite Room,257.45,1,2022-11-13 18:57:38,2023-06-30 15:04:45
RM-HTL0004-140,HTL0004,140,SUP,Superior Room,76.25,1,2022-11-23 06:31:20,2024-06-09 13:14:57
RM-HTL0004-141,HTL0004,141,SUT,Suite Room,248.75,1,2022-11-03 05:16:43,2022-11-03 05:16:43
RM-HTL0004-142,HTL0004,142,STD,Standard Room,63.6,1,2022-11-27 12:27:51,2026-05-09 08:05:22
RM-HTL0004-143,HTL0004,143,EXE,Executive Suite,408.89,1,2022-11-02 00:39:41,2025-09-23 04:32:20
RM-HTL0004-144,HTL0004,144,EXE,Executive Suite,398.41,1,2022-11-09 00:20:41,2022-11-09 00:20:41
RM-HTL0004-145,HTL0004,145,EXE,Executive Suite,407.62,1,2022-11-17 15:49:06,2022-11-17 15:49:06
RM-HTL0004-146,HTL0004,146,EXE,Executive Suite,413.43,1,2022-11-17 11:21:17,2025-11-28 11:52:46
RM-HTL0004-147,HTL0004,147,DLX,Deluxe Room,120.02,1,2022-11-21 07:06:37,2024-12-03 17:51:29
RM-HTL0004-148,HTL0004,148,DLX,Deluxe Room,122.98,1,2022-11-15 00:53:39,2024-01-21 19:24:06
RM-HTL0004-149,HTL0004,149,EXE,Executive Suite,409.91,1,2022-11-02 23:18:06,2022-12-05 04:46:35
RM-HTL0004-150,HTL0004,150,DLX,Deluxe Room,107.15,1,2022-10-29 09:46:15,2025-10-25 11:34:25
RM-HTL0004-151,HTL0004,151,EXE,Executive Suite,405.83,1,2022-11-05 19:19:15,2026-01-07 23:44:30
RM-HTL0004-152,HTL0004,152,SUT,Suite Room,252.2,1,2022-11-14 05:39:15,2022-11-14 05:39:15
RM-HTL0004-153,HTL0004,153,SUP,Superior Room,88.05,1,2022-11-22 10:49:55,2025-10-23 18:58:49
RM-HTL0004-154,HTL0004,154,SUT,Suite Room,249.78,1,2022-11-01 15:22:39,2022-11-01 15:22:39
RM-HTL0004-155,HTL0004,155,SUT,Suite Room,247.03,1,2022-11-03 01:38:57,2022-11-03 01:38:57
RM-HTL0004-156,HTL0004,156,SUP,Superior Room,76.11,1,2022-10-31 22:48:52,2022-10-31 22:48:52
RM-HTL0004-157,HTL0004,157,SUT,Suite Room,247.34,1,2022-11-09 08:05:58,2022-11-09 08:05:58
RM-HTL0004-158,HTL0004,158,STD,Standard Room,46.52,1,2022-11-14 13:25:09,2022-11-14 13:25:09
RM-HTL0004-159,HTL0004,159,EXE,Executive Suite,399.51,1,2022-11-06 02:07:20,2023-05-25 07:58:40
RM-HTL0004-160,HTL0004,160,EXE,Executive Suite,398.81,1,2022-11-21 08:38:48,2025-11-05 20:18:37
RM-HTL0004-161,HTL0004,161,SUT,Suite Room,259.05,1,2022-11-11 16:33:51,2024-04-03 21:22:54
RM-HTL0004-162,HTL0004,162,SUT,Suite Room,303.66,1,2022-11-12 22:42:56,2023-06-06 04:32:35
RM-HTL0004-163,HTL0004,163,SUP,Superior Room,78.45,1,2022-11-24 02:21:27,2022-11-24 02:21:27
RM-HTL0004-164,HTL0004,164,EXE,Executive Suite,400.81,1,2022-11-21 11:04:51,2023-12-27 01:23:01
RM-HTL0004-165,HTL0004,165,SUT,Suite Room,253.38,1,2022-11-11 19:46:51,2024-10-22 00:00:54
RM-HTL0004-166,HTL0004,166,DLX,Deluxe Room,122.93,1,2022-11-19 04:00:05,2023-10-15 23:47:48
RM-HTL0004-167,HTL0004,167,EXE,Executive Suite,402.28,1,2022-11-12 08:35:25,2022-11-12 08:35:25
RM-HTL0004-168,HTL0004,168,SUP,Superior Room,80.92,1,2022-11-08 02:01:27,2024-06-20 04:40:28
RM-HTL0004-169,HTL0004,169,SUP,Superior Room,82.81,1,2022-11-14 07:57:02,2023-06-09 10:51:59
RM-HTL0004-170,HTL0004,170,EXE,Executive Suite,413.54,1,2022-11-12 06:50:37,2025-10-24 07:50:19
RM-HTL0004-171,HTL0004,171,DLX,Deluxe Room,107.16,1,2022-10-31 03:08:08,2024-10-29 19:46:10
RM-HTL0004-172,HTL0004,172,DLX,Deluxe Room,105.95,1,2022-11-14 17:25:51,2026-03-25 21:56:47
RM-HTL0004-173,HTL0004,173,SUP,Superior Room,71.6,1,2022-11-23 17:43:32,2023-12-24 14:19:44
RM-HTL0004-174,HTL0004,174,SUT,Suite Room,263.25,1,2022-11-02 18:14:54,2022-11-02 18:14:54
RM-HTL0004-175,HTL0004,175,SUT,Suite Room,245.94,1,2022-11-14 16:51:40,2024-10-09 20:39:18
RM-HTL0004-176,HTL0004,176,STD,Standard Room,51.9,1,2022-11-23 18:26:48,2025-09-28 13:00:34
RM-HTL0004-177,HTL0004,177,STD,Standard Room,45.94,1,2022-11-02 02:19:40,2024-09-28 03:36:55
RM-HTL0004-178,HTL0004,178,DLX,Deluxe Room,106.46,1,2022-11-14 18:12:50,2023-01-09 15:04:22
RM-HTL0004-179,HTL0004,179,DLX,Deluxe Room,114.33,1,2022-11-15 19:42:07,2024-11-22 23:22:10
RM-HTL0004-180,HTL0004,180,DLX,Deluxe Room,115.93,1,2022-11-28 15:02:15,2024-05-28 05:55:48
RM-HTL0005-101,HTL0005,101,EXE,Executive Suite,410.65,1,2021-12-20 08:19:05,2025-02-21 04:11:49
RM-HTL0005-102,HTL0005,102,STD,Standard Room,60.15,1,2021-12-21 08:10:10,2026-02-21 15:55:22
RM-HTL0005-103,HTL0005,103,DLX,Deluxe Room,119.89,1,2021-12-25 16:07:00,2021-12-25 16:07:00
RM-HTL0005-104,HTL0005,104,SUT,Suite Room,261.93,1,2021-12-27 02:44:45,2025-10-31 10:34:08
RM-HTL0005-105,HTL0005,105,DLX,Deluxe Room,114.05,1,2022-01-09 14:45:47,2025-09-27 11:18:54
RM-HTL0005-106,HTL0005,106,SUT,Suite Room,262.6,1,2022-01-04 09:15:01,2022-01-04 09:15:01
RM-HTL0005-107,HTL0005,107,DLX,Deluxe Room,106.5,1,2021-12-26 02:14:31,2025-04-07 01:07:24
RM-HTL0005-108,HTL0005,108,STD,Standard Room,54.9,1,2021-12-23 10:47:08,2023-10-16 21:27:15
RM-HTL0005-109,HTL0005,109,DLX,Deluxe Room,112.02,1,2021-12-27 08:05:01,2021-12-27 08:05:01
RM-HTL0005-110,HTL0005,110,EXE,Executive Suite,414.56,1,2021-12-30 09:08:59,2022-09-15 01:41:26
RM-HTL0005-111,HTL0005,111,SUT,Suite Room,262.53,1,2021-12-24 05:25:25,2021-12-24 05:25:25
RM-HTL0005-112,HTL0005,112,EXE,Executive Suite,397.9,1,2022-01-11 13:22:34,2023-09-18 21:05:11
RM-HTL0005-113,HTL0005,113,STD,Standard Room,50.44,1,2021-12-26 07:35:18,2025-12-15 11:08:51
RM-HTL0005-114,HTL0005,114,SUT,Suite Room,261.31,1,2022-01-02 09:05:43,2025-07-21 07:23:16
RM-HTL0005-115,HTL0005,115,DLX,Deluxe Room,124.42,0,2022-01-08 21:25:20,2025-05-25 10:31:41
RM-HTL0005-116,HTL0005,116,SUP,Superior Room,77.33,1,2021-12-27 11:33:02,2025-05-18 18:31:37
RM-HTL0005-117,HTL0005,117,SUT,Suite Room,255.21,1,2022-01-14 17:38:08,2024-02-01 18:42:31
RM-HTL0005-118,HTL0005,118,EXE,Executive Suite,410.72,1,2022-01-07 23:06:29,2022-01-07 23:06:29
RM-HTL0005-119,HTL0005,119,SUP,Superior Room,88.87,1,2022-01-10 18:31:09,2022-01-10 18:31:09
RM-HTL0005-120,HTL0005,120,SUT,Suite Room,248.07,1,2021-12-22 21:41:00,2024-02-17 22:09:39
RM-HTL0005-121,HTL0005,121,DLX,Deluxe Room,121.1,1,2021-12-24 15:22:45,2021-12-24 15:22:45
RM-HTL0005-122,HTL0005,122,SUT,Suite Room,248.9,1,2021-12-20 09:32:19,2022-03-03 11:10:52
RM-HTL0005-123,HTL0005,123,DLX,Deluxe Room,107.11,1,2022-01-12 14:07:31,2022-01-12 14:07:31
RM-HTL0005-124,HTL0005,124,DLX,Deluxe Room,106.12,1,2022-01-02 08:19:03,2022-07-06 10:43:13
RM-HTL0005-125,HTL0005,125,EXE,Executive Suite,395.92,1,2021-12-24 18:02:39,2021-12-24 18:02:39
RM-HTL0005-126,HTL0005,126,STD,Standard Room,56.91,1,2022-01-15 03:33:36,2022-01-15 03:33:36
RM-HTL0005-127,HTL0005,127,SUT,Suite Room,250.16,1,2021-12-29 19:06:51,2023-09-05 12:02:07
RM-HTL0005-128,HTL0005,128,SUT,Suite Room,264.63,1,2021-12-27 11:52:44,2021-12-27 11:52:44
RM-HTL0005-129,HTL0005,129,DLX,Deluxe Room,115.27,1,2021-12-26 21:20:45,2024-01-09 14:39:17
RM-HTL0005-130,HTL0005,130,SUP,Superior Room,73.23,1,2021-12-28 04:41:33,2021-12-28 04:41:33
RM-HTL0005-131,HTL0005,131,DLX,Deluxe Room,114.56,1,2021-12-24 23:33:34,2021-12-24 23:33:34
RM-HTL0005-132,HTL0005,132,SUP,Superior Room,87.4,1,2021-12-18 19:54:55,2022-01-29 09:20:18
RM-HTL0005-133,HTL0005,133,EXE,Executive Suite,401.32,1,2022-01-15 12:17:07,2023-12-31 17:15:58
RM-HTL0005-134,HTL0005,134,EXE,Executive Suite,405.27,1,2021-12-18 20:34:39,2022-06-20 17:00:25
RM-HTL0005-135,HTL0005,135,SUP,Superior Room,110.47,1,2021-12-27 19:36:28,2023-04-13 04:31:11
RM-HTL0005-136,HTL0005,136,EXE,Executive Suite,395.64,1,2021-12-20 19:42:41,2022-01-06 20:15:31
RM-HTL0005-137,HTL0005,137,SUT,Suite Room,253.5,1,2021-12-29 03:35:07,2021-12-29 03:35:07
RM-HTL0005-138,HTL0005,138,SUT,Suite Room,262.64,1,2022-01-14 23:46:35,2023-02-06 03:48:47
RM-HTL0005-139,HTL0005,139,STD,Standard Room,48.17,1,2022-01-07 08:57:51,2023-06-26 14:37:02
RM-HTL0005-140,HTL0005,140,SUP,Superior Room,77.43,1,2022-01-05 02:26:56,2022-01-05 02:26:56
RM-HTL0005-141,HTL0005,141,STD,Standard Room,51.74,1,2021-12-31 18:01:50,2021-12-31 18:01:50
RM-HTL0005-142,HTL0005,142,EXE,Executive Suite,411.08,1,2022-01-08 07:58:25,2024-04-11 06:14:42
RM-HTL0005-143,HTL0005,143,EXE,Executive Suite,406.61,1,2022-01-03 03:51:32,2024-11-06 21:20:01
RM-HTL0005-144,HTL0005,144,EXE,Executive Suite,397.81,1,2022-01-01 11:44:00,2022-01-01 11:44:00
RM-HTL0005-145,HTL0005,145,STD,Standard Room,49.69,1,2021-12-26 14:17:03,2024-04-02 04:28:22
RM-HTL0005-146,HTL0005,146,SUT,Suite Room,257.24,1,2022-01-05 15:04:49,2023-06-27 18:39:41
RM-HTL0005-147,HTL0005,147,DLX,Deluxe Room,117.2,1,2022-01-13 07:54:41,2024-12-23 23:52:50
RM-HTL0005-148,HTL0005,148,DLX,Deluxe Room,115.42,1,2021-12-26 18:17:07,2021-12-26 18:17:07
RM-HTL0005-149,HTL0005,149,STD,Standard Room,62.21,1,2022-01-16 21:23:19,2026-03-07 09:10:18
RM-HTL0005-150,HTL0005,150,SUP,Superior Room,75.53,1,2021-12-27 10:40:34,2022-08-04 17:28:03
RM-HTL0005-151,HTL0005,151,EXE,Executive Suite,398.77,1,2022-01-05 21:14:30,2022-05-12 21:58:12
RM-HTL0005-152,HTL0005,152,EXE,Executive Suite,410.0,1,2022-01-11 15:23:58,2022-01-11 15:23:58
RM-HTL0005-153,HTL0005,153,EXE,Executive Suite,408.21,1,2021-12-26 11:43:58,2021-12-26 11:43:58
RM-HTL0005-154,HTL0005,154,STD,Standard Room,58.59,1,2022-01-06 13:11:11,2025-10-25 06:30:08
RM-HTL0005-155,HTL0005,155,DLX,Deluxe Room,119.63,1,2022-01-15 18:02:23,2022-03-04 21:43:10
RM-HTL0005-156,HTL0005,156,EXE,Executive Suite,401.6,1,2022-01-07 23:43:57,2022-05-11 22:01:25
RM-HTL0005-157,HTL0005,157,EXE,Executive Suite,404.47,1,2022-01-08 18:01:09,2026-04-14 14:05:06
RM-HTL0005-158,HTL0005,158,STD,Standard Room,56.36,1,2022-01-13 15:55:12,2022-01-13 15:55:12
RM-HTL0005-159,HTL0005,159,EXE,Executive Suite,399.17,1,2022-01-05 07:55:39,2023-10-19 22:39:24
RM-HTL0005-160,HTL0005,160,EXE,Executive Suite,400.14,1,2022-01-16 10:33:04,2024-10-05 22:52:07
RM-HTL0005-161,HTL0005,161,DLX,Deluxe Room,122.41,1,2021-12-26 04:07:24,2024-10-11 03:20:54
RM-HTL0005-162,HTL0005,162,SUT,Suite Room,262.48,1,2022-01-08 05:32:45,2022-01-08 05:32:45
RM-HTL0005-163,HTL0005,163,STD,Standard Room,85.39,1,2021-12-22 09:59:30,2023-08-02 03:18:42
RM-HTL0005-164,HTL0005,164,EXE,Executive Suite,411.85,1,2021-12-23 18:07:41,2021-12-23 18:07:41
RM-HTL0005-165,HTL0005,165,STD,Standard Room,52.43,1,2021-12-26 15:38:30,2023-08-03 08:44:04
RM-HTL0005-166,HTL0005,166,SUT,Suite Room,264.74,1,2022-01-15 07:05:00,2023-05-24 09:55:04
RM-HTL0005-167,HTL0005,167,STD,Standard Room,46.13,1,2021-12-29 14:08:01,2022-07-07 23:55:55
RM-HTL0005-168,HTL0005,168,STD,Standard Room,52.16,1,2022-01-08 08:00:41,2022-01-08 08:00:41
RM-HTL0005-169,HTL0005,169,SUT,Suite Room,259.14,1,2022-01-02 19:09:40,2026-02-01 15:43:37
RM-HTL0005-170,HTL0005,170,STD,Standard Room,64.78,1,2022-01-10 02:03:00,2025-04-06 06:40:12
RM-HTL0005-171,HTL0005,171,SUP,Superior Room,78.36,1,2022-01-15 22:20:15,2022-01-15 22:20:15
RM-HTL0005-172,HTL0005,172,SUP,Superior Room,81.47,1,2022-01-14 04:03:58,2023-10-10 08:56:31
RM-HTL0005-173,HTL0005,173,STD,Standard Room,62.71,1,2021-12-29 08:58:30,2024-04-07 04:44:44
RM-HTL0005-174,HTL0005,174,SUP,Superior Room,74.55,1,2022-01-09 04:31:46,2023-12-29 11:15:22
RM-HTL0005-175,HTL0005,175,EXE,Executive Suite,407.41,1,2021-12-24 05:20:52,2023-11-02 10:42:52
RM-HTL0005-176,HTL0005,176,SUT,Suite Room,257.76,1,2021-12-29 05:53:50,2023-12-01 22:19:01
RM-HTL0005-177,HTL0005,177,DLX,Deluxe Room,111.63,1,2022-01-14 06:34:58,2025-07-23 16:10:04
RM-HTL0005-178,HTL0005,178,EXE,Executive Suite,410.27,1,2022-01-12 06:20:18,2026-03-10 02:41:06
RM-HTL0005-179,HTL0005,179,SUP,Superior Room,85.14,1,2022-01-11 01:42:22,2022-01-11 01:42:22
RM-HTL0005-180,HTL0005,180,EXE,Executive Suite,407.17,1,2022-01-04 01:06:04,2025-12-29 02:24:18
RM-HTL0005-181,HTL0005,181,SUP,Superior Room,78.72,1,2022-01-07 17:19:39,2022-01-07 17:19:39
RM-HTL0005-182,HTL0005,182,SUT,Suite Room,262.01,1,2022-01-01 06:49:11,2022-01-01 06:49:11
RM-HTL0005-183,HTL0005,183,STD,Standard Room,52.7,1,2021-12-26 17:13:41,2026-01-20 02:10:07
RM-HTL0005-184,HTL0005,184,STD,Standard Room,52.84,1,2021-12-19 15:48:46,2025-01-18 19:46:46
RM-HTL0005-185,HTL0005,185,SUT,Suite Room,245.68,1,2021-12-26 03:19:04,2023-10-15 23:13:11
RM-HTL0005-186,HTL0005,186,DLX,Deluxe Room,113.63,1,2022-01-14 20:11:38,2023-12-17 11:40:09
RM-HTL0005-187,HTL0005,187,SUP,Superior Room,71.69,1,2022-01-05 09:51:49,2024-12-18 16:34:48
RM-HTL0005-188,HTL0005,188,SUT,Suite Room,249.18,1,2022-01-01 15:50:33,2022-01-01 15:50:33
RM-HTL0005-189,HTL0005,189,STD,Standard Room,55.64,1,2022-01-09 23:09:16,2023-08-22 12:09:59
RM-HTL0005-190,HTL0005,190,STD,Standard Room,57.75,1,2022-01-13 01:29:59,2022-01-13 01:29:59
RM-HTL0005-191,HTL0005,191,STD,Standard Room,56.03,1,2022-01-13 04:54:31,2022-01-13 04:54:31
RM-HTL0005-192,HTL0005,192,DLX,Deluxe Room,124.82,1,2022-01-02 03:07:52,2024-09-24 00:13:35
RM-HTL0005-193,HTL0005,193,EXE,Executive Suite,395.85,1,2022-01-13 05:31:28,2022-01-13 05:31:28
RM-HTL0005-194,HTL0005,194,STD,Standard Room,49.43,1,2021-12-24 10:06:00,2024-10-06 18:38:12
RM-HTL0005-195,HTL0005,195,STD,Standard Room,46.86,1,2021-12-21 13:16:29,2021-12-21 13:16:29
RM-HTL0005-196,HTL0005,196,DLX,Deluxe Room,119.31,1,2022-01-17 11:24:41,2025-05-30 05:04:05
RM-HTL0005-197,HTL0005,197,DLX,Deluxe Room,121.57,1,2022-01-11 04:24:18,2022-01-11 04:24:18
RM-HTL0005-198,HTL0005,198,EXE,Executive Suite,404.16,1,2022-01-02 08:30:57,2026-02-11 16:48:46
RM-HTL0005-199,HTL0005,199,DLX,Deluxe Room,115.41,1,2022-01-04 22:06:58,2026-01-18 08:39:05
RM-HTL0005-200,HTL0005,200,STD,Standard Room,54.95,1,2021-12-26 12:26:19,2023-05-23 19:37:08
RM-HTL0005-201,HTL0005,201,SUT,Suite Room,254.64,1,2022-01-07 20:06:39,2022-04-05 17:15:33
RM-HTL0005-202,HTL0005,202,STD,Standard Room,47.66,1,2022-01-16 19:18:35,2026-04-20 18:00:30
RM-HTL0005-203,HTL0005,203,STD,Standard Room,64.64,1,2021-12-28 02:48:44,2023-01-29 04:27:25
RM-HTL0005-204,HTL0005,204,SUT,Suite Room,256.02,1,2022-01-15 07:31:08,2026-04-20 03:55:01
RM-HTL0005-205,HTL0005,205,DLX,Deluxe Room,123.85,1,2021-12-26 18:05:35,2021-12-26 18:05:35
RM-HTL0005-206,HTL0005,206,DLX,Deluxe Room,124.07,1,2021-12-30 16:51:31,2021-12-30 16:51:31
RM-HTL0005-207,HTL0005,207,EXE,Executive Suite,403.61,1,2021-12-22 09:28:16,2021-12-22 09:28:16
RM-HTL0005-208,HTL0005,208,EXE,Executive Suite,403.83,1,2022-01-02 22:38:25,2025-05-03 04:12:04
RM-HTL0005-209,HTL0005,209,EXE,Executive Suite,397.77,1,2022-01-16 07:44:59,2024-02-07 17:14:54
RM-HTL0005-210,HTL0005,210,DLX,Deluxe Room,110.6,1,2021-12-29 04:51:55,2022-05-07 15:11:22
RM-HTL0005-211,HTL0005,211,SUT,Suite Room,252.08,1,2022-01-06 14:30:48,2024-11-15 00:24:07
RM-HTL0005-212,HTL0005,212,DLX,Deluxe Room,119.6,1,2021-12-20 08:11:33,2021-12-20 08:11:33
RM-HTL0005-213,HTL0005,213,SUT,Suite Room,246.95,1,2022-01-13 20:53:13,2024-06-27 10:47:13
RM-HTL0005-214,HTL0005,214,SUP,Superior Room,82.17,1,2022-01-10 06:14:49,2023-03-18 10:55:24
RM-HTL0005-215,HTL0005,215,EXE,Executive Suite,411.85,1,2021-12-25 02:05:47,2023-05-04 20:30:39
RM-HTL0005-216,HTL0005,216,EXE,Executive Suite,407.31,1,2021-12-24 08:51:10,2021-12-24 08:51:10
RM-HTL0005-217,HTL0005,217,SUT,Suite Room,253.94,1,2022-01-14 18:12:40,2022-01-14 18:12:40
RM-HTL0005-218,HTL0005,218,STD,Standard Room,58.23,0,2021-12-27 23:48:41,2025-05-22 11:09:37
RM-HTL0005-219,HTL0005,219,SUP,Superior Room,85.42,1,2022-01-04 13:07:43,2024-04-14 22:44:57
RM-HTL0005-220,HTL0005,220,SUP,Superior Room,72.28,1,2021-12-18 10:19:45,2026-04-22 02:01:23
RM-HTL0006-101,HTL0006,101,EXE,Executive Suite,406.82,1,2020-08-01 04:30:01,2020-08-01 04:30:01
RM-HTL0006-102,HTL0006,102,SUP,Superior Room,72.25,1,2020-07-15 00:23:09,2024-01-28 14:44:06
RM-HTL0006-103,HTL0006,103,EXE,Executive Suite,398.0,1,2020-07-25 10:08:42,2020-07-25 10:08:42
RM-HTL0006-104,HTL0006,104,STD,Standard Room,63.21,1,2020-07-24 09:24:45,2026-01-19 16:18:40
RM-HTL0006-105,HTL0006,105,SUT,Suite Room,258.98,1,2020-07-31 15:15:50,2024-02-14 08:48:18
RM-HTL0006-106,HTL0006,106,SUP,Superior Room,83.28,1,2020-07-22 13:17:11,2021-04-09 14:11:58
RM-HTL0006-107,HTL0006,107,SUP,Superior Room,86.4,1,2020-07-24 10:51:19,2020-07-24 10:51:19
RM-HTL0006-108,HTL0006,108,SUP,Superior Room,71.11,1,2020-07-21 07:15:34,2022-12-25 17:47:16
RM-HTL0006-109,HTL0006,109,STD,Standard Room,55.71,1,2020-07-25 00:05:39,2023-02-12 21:49:53
RM-HTL0006-110,HTL0006,110,EXE,Executive Suite,403.54,1,2020-07-16 08:38:16,2025-05-07 05:53:58
RM-HTL0006-111,HTL0006,111,SUT,Suite Room,253.42,1,2020-07-23 00:50:09,2022-07-09 03:44:11
RM-HTL0006-112,HTL0006,112,DLX,Deluxe Room,109.28,1,2020-07-17 21:17:47,2023-12-11 19:23:12
RM-HTL0006-113,HTL0006,113,STD,Standard Room,49.93,1,2020-07-23 22:15:46,2020-08-22 15:53:04
RM-HTL0006-114,HTL0006,114,EXE,Executive Suite,410.49,1,2020-07-20 10:57:45,2023-10-15 05:20:49
RM-HTL0006-115,HTL0006,115,DLX,Deluxe Room,120.83,1,2020-07-08 13:01:15,2024-07-11 00:03:35
RM-HTL0006-116,HTL0006,116,EXE,Executive Suite,405.87,1,2020-07-06 19:19:43,2022-10-07 06:00:17
RM-HTL0006-117,HTL0006,117,SUP,Superior Room,87.34,1,2020-07-18 03:58:29,2020-07-18 03:58:29
RM-HTL0006-118,HTL0006,118,SUT,Suite Room,264.32,1,2020-07-16 00:42:32,2020-07-16 00:42:32
RM-HTL0006-119,HTL0006,119,STD,Standard Room,52.69,1,2020-07-22 07:21:54,2021-06-22 19:25:59
RM-HTL0006-120,HTL0006,120,DLX,Deluxe Room,108.38,1,2020-07-21 12:11:48,2023-08-02 18:45:46
RM-HTL0006-121,HTL0006,121,STD,Standard Room,49.78,1,2020-07-05 13:34:09,2020-07-05 13:34:09
RM-HTL0006-122,HTL0006,122,EXE,Executive Suite,435.96,1,2020-08-03 15:47:16,2023-10-16 04:44:52
RM-HTL0006-123,HTL0006,123,EXE,Executive Suite,411.6,1,2020-07-30 03:26:03,2024-11-12 02:42:17
RM-HTL0006-124,HTL0006,124,SUT,Suite Room,261.63,1,2020-08-04 13:15:03,2025-06-20 07:18:10
RM-HTL0006-125,HTL0006,125,SUP,Superior Room,74.55,1,2020-08-03 23:31:31,2020-08-03 23:31:31
RM-HTL0006-126,HTL0006,126,DLX,Deluxe Room,113.22,1,2020-07-18 05:05:22,2020-07-18 05:05:22
RM-HTL0006-127,HTL0006,127,STD,Standard Room,47.9,1,2020-07-14 06:39:13,2022-12-11 16:28:13
RM-HTL0006-128,HTL0006,128,SUT,Suite Room,247.9,1,2020-07-16 19:21:00,2020-07-16 19:21:00
RM-HTL0006-129,HTL0006,129,STD,Standard Room,64.3,1,2020-07-13 22:09:05,2025-03-30 01:34:03
RM-HTL0006-130,HTL0006,130,SUP,Superior Room,83.67,1,2020-07-24 20:29:59,2021-11-24 04:10:19
RM-HTL0006-131,HTL0006,131,EXE,Executive Suite,398.27,1,2020-07-26 23:50:04,2022-09-06 19:55:17
RM-HTL0006-132,HTL0006,132,STD,Standard Room,58.53,1,2020-07-05 04:14:30,2025-02-12 12:20:12
RM-HTL0006-133,HTL0006,133,SUT,Suite Room,252.4,1,2020-07-13 04:45:54,2020-07-13 04:45:54
RM-HTL0006-134,HTL0006,134,DLX,Deluxe Room,113.53,1,2020-07-21 02:25:05,2020-07-21 02:25:05
RM-HTL0006-135,HTL0006,135,SUP,Superior Room,74.15,1,2020-07-28 21:37:18,2020-07-28 21:37:18
RM-HTL0006-136,HTL0006,136,EXE,Executive Suite,410.78,1,2020-07-31 06:56:32,2021-10-10 16:33:12
RM-HTL0006-137,HTL0006,137,SUP,Superior Room,81.19,1,2020-07-20 17:31:23,2025-08-17 05:29:49
RM-HTL0006-138,HTL0006,138,DLX,Deluxe Room,120.77,1,2020-07-22 18:21:47,2020-07-22 18:21:47
RM-HTL0006-139,HTL0006,139,SUP,Superior Room,85.69,0,2020-08-01 18:27:05,2020-08-01 18:27:05
RM-HTL0006-140,HTL0006,140,DLX,Deluxe Room,110.76,1,2020-07-15 23:46:01,2023-07-22 17:31:02
RM-HTL0006-141,HTL0006,141,STD,Standard Room,50.8,1,2020-07-27 07:55:02,2020-07-27 07:55:02
RM-HTL0006-142,HTL0006,142,EXE,Executive Suite,396.38,1,2020-07-08 00:02:33,2023-05-30 13:48:52
RM-HTL0006-143,HTL0006,143,SUT,Suite Room,254.85,1,2020-07-15 15:26:16,2025-10-01 02:00:04
RM-HTL0006-144,HTL0006,144,SUT,Suite Room,256.01,1,2020-07-14 16:41:13,2021-05-14 16:55:31
RM-HTL0006-145,HTL0006,145,EXE,Executive Suite,405.63,1,2020-07-09 16:03:19,2021-09-26 18:19:08
RM-HTL0006-146,HTL0006,146,SUT,Suite Room,261.05,1,2020-07-23 06:36:12,2026-02-05 20:58:57
RM-HTL0006-147,HTL0006,147,SUP,Superior Room,76.2,1,2020-07-15 13:42:50,2020-07-15 13:42:50
RM-HTL0006-148,HTL0006,148,STD,Standard Room,58.68,1,2020-07-26 23:37:07,2020-07-26 23:37:07
RM-HTL0006-149,HTL0006,149,SUP,Superior Room,73.38,1,2020-07-29 01:54:16,2024-12-31 11:29:13
RM-HTL0006-150,HTL0006,150,EXE,Executive Suite,401.13,1,2020-07-22 08:38:19,2020-10-06 15:48:31
RM-HTL0006-151,HTL0006,151,EXE,Executive Suite,396.17,1,2020-07-22 20:07:42,2020-07-22 20:07:42
RM-HTL0006-152,HTL0006,152,EXE,Executive Suite,405.25,1,2020-08-04 22:41:10,2020-08-04 22:41:10
RM-HTL0006-153,HTL0006,153,SUP,Superior Room,83.66,1,2020-07-07 20:31:58,2024-08-23 04:15:18
RM-HTL0006-154,HTL0006,154,EXE,Executive Suite,399.25,1,2020-07-23 23:38:37,2025-12-28 01:25:32
RM-HTL0006-155,HTL0006,155,SUP,Superior Room,75.83,1,2020-07-14 20:48:22,2022-09-03 01:40:14
RM-HTL0006-156,HTL0006,156,SUT,Suite Room,246.88,1,2020-08-03 03:59:03,2026-04-01 19:10:52
RM-HTL0006-157,HTL0006,157,STD,Standard Room,62.47,1,2020-07-27 00:06:43,2022-02-04 14:23:12
RM-HTL0006-158,HTL0006,158,SUT,Suite Room,260.33,1,2020-07-21 18:19:55,2023-01-03 18:56:57
RM-HTL0006-159,HTL0006,159,SUP,Superior Room,82.39,1,2020-07-27 06:52:20,2026-01-04 18:12:20
RM-HTL0006-160,HTL0006,160,DLX,Deluxe Room,109.03,1,2020-07-22 04:04:15,2023-04-07 11:23:32
RM-HTL0006-161,HTL0006,161,DLX,Deluxe Room,108.52,1,2020-07-28 10:25:21,2020-07-28 10:25:21
RM-HTL0006-162,HTL0006,162,SUT,Suite Room,255.73,1,2020-07-30 13:05:51,2020-07-30 13:05:51
RM-HTL0006-163,HTL0006,163,STD,Standard Room,57.97,1,2020-07-20 20:54:29,2020-07-20 20:54:29
RM-HTL0006-164,HTL0006,164,DLX,Deluxe Room,121.27,1,2020-07-26 04:43:22,2024-12-29 00:03:33
RM-HTL0006-165,HTL0006,165,DLX,Deluxe Room,124.55,1,2020-07-06 10:46:55,2021-02-01 08:23:17
RM-HTL0006-166,HTL0006,166,STD,Standard Room,54.15,1,2020-07-24 20:36:50,2021-06-20 16:39:13
RM-HTL0006-167,HTL0006,167,DLX,Deluxe Room,123.4,1,2020-07-21 20:20:59,2024-09-16 13:44:17
RM-HTL0006-168,HTL0006,168,STD,Standard Room,55.5,1,2020-07-15 11:40:34,2024-10-09 08:45:16
RM-HTL0006-169,HTL0006,169,EXE,Executive Suite,407.87,1,2020-07-20 17:08:01,2023-06-18 05:10:25
RM-HTL0006-170,HTL0006,170,STD,Standard Room,47.13,1,2020-07-14 16:43:22,2021-12-13 17:37:13
RM-HTL0006-171,HTL0006,171,SUT,Suite Room,246.08,1,2020-07-22 11:54:49,2023-04-24 08:03:56
RM-HTL0006-172,HTL0006,172,SUP,Superior Room,73.71,1,2020-07-27 17:30:19,2020-07-27 17:30:19
RM-HTL0006-173,HTL0006,173,EXE,Executive Suite,411.74,1,2020-07-29 00:05:11,2021-06-23 01:34:20
RM-HTL0006-174,HTL0006,174,DLX,Deluxe Room,124.14,1,2020-07-29 12:47:25,2021-09-21 08:57:02
RM-HTL0006-175,HTL0006,175,SUT,Suite Room,262.82,1,2020-07-10 08:20:09,2020-09-05 03:26:23
RM-HTL0006-176,HTL0006,176,STD,Standard Room,64.34,1,2020-07-12 16:33:34,2022-06-02 23:56:22
RM-HTL0006-177,HTL0006,177,SUP,Superior Room,81.08,1,2020-07-26 19:23:34,2025-02-05 01:53:49
RM-HTL0006-178,HTL0006,178,SUP,Superior Room,85.69,1,2020-07-28 16:45:54,2025-01-26 13:21:22
RM-HTL0006-179,HTL0006,179,DLX,Deluxe Room,112.33,1,2020-08-01 09:08:30,2020-08-01 09:08:30
RM-HTL0006-180,HTL0006,180,SUT,Suite Room,254.41,1,2020-07-18 17:03:26,2024-06-15 19:30:31
RM-HTL0006-181,HTL0006,181,SUT,Suite Room,262.28,1,2020-07-23 19:34:55,2022-11-09 22:15:08
RM-HTL0006-182,HTL0006,182,SUT,Suite Room,246.01,1,2020-07-22 10:12:20,2024-06-20 00:25:23
RM-HTL0006-183,HTL0006,183,SUT,Suite Room,247.91,1,2020-07-31 23:23:10,2023-09-05 06:14:03
RM-HTL0006-184,HTL0006,184,DLX,Deluxe Room,111.43,1,2020-07-16 05:51:04,2023-08-05 02:35:32
RM-HTL0006-185,HTL0006,185,SUP,Superior Room,71.56,1,2020-07-16 14:10:35,2021-07-08 19:27:56
RM-HTL0006-186,HTL0006,186,DLX,Deluxe Room,105.64,1,2020-07-05 09:34:59,2020-07-05 09:34:59
RM-HTL0006-187,HTL0006,187,EXE,Executive Suite,408.0,1,2020-07-15 02:34:54,2024-09-03 10:20:42
RM-HTL0006-188,HTL0006,188,SUT,Suite Room,254.52,1,2020-07-19 13:20:11,2020-10-05 11:28:40
RM-HTL0006-189,HTL0006,189,STD,Standard Room,49.29,1,2020-07-07 05:57:57,2024-04-21 22:01:38
RM-HTL0006-190,HTL0006,190,STD,Standard Room,57.52,1,2020-07-18 07:29:37,2025-02-04 21:34:25
RM-HTL0006-191,HTL0006,191,EXE,Executive Suite,409.79,1,2020-07-08 15:26:12,2020-07-08 15:26:12
RM-HTL0006-192,HTL0006,192,STD,Standard Room,57.9,1,2020-07-08 10:02:22,2021-11-27 15:02:22
RM-HTL0006-193,HTL0006,193,SUP,Superior Room,77.62,1,2020-07-17 00:40:54,2022-06-07 20:02:04
RM-HTL0006-194,HTL0006,194,SUT,Suite Room,261.06,1,2020-07-20 03:14:17,2020-07-20 03:14:17
RM-HTL0006-195,HTL0006,195,SUT,Suite Room,255.01,1,2020-07-10 04:46:18,2020-07-10 04:46:18
RM-HTL0006-196,HTL0006,196,EXE,Executive Suite,407.51,1,2020-07-11 19:54:19,2024-08-01 21:00:16
RM-HTL0006-197,HTL0006,197,DLX,Deluxe Room,112.07,1,2020-07-12 19:55:53,2021-05-02 00:17:03
RM-HTL0006-198,HTL0006,198,STD,Standard Room,45.53,1,2020-07-21 19:13:50,2020-07-21 19:13:50
RM-HTL0006-199,HTL0006,199,DLX,Deluxe Room,121.38,1,2020-07-31 08:19:56,2020-07-31 08:19:56
RM-HTL0006-200,HTL0006,200,SUP,Superior Room,87.52,1,2020-08-03 03:24:36,2025-05-24 10:21:01
RM-HTL0006-201,HTL0006,201,SUP,Superior Room,76.82,1,2020-07-08 10:42:35,2025-09-28 13:46:25
RM-HTL0006-202,HTL0006,202,DLX,Deluxe Room,112.08,1,2020-07-31 11:08:22,2020-07-31 11:08:22
RM-HTL0006-203,HTL0006,203,STD,Standard Room,45.02,1,2020-08-03 03:14:07,2020-08-03 03:14:07
RM-HTL0006-204,HTL0006,204,SUP,Superior Room,85.95,1,2020-07-22 13:04:14,2024-05-01 20:10:31
RM-HTL0006-205,HTL0006,205,EXE,Executive Suite,414.81,1,2020-07-24 02:54:29,2020-07-24 02:54:29
RM-HTL0006-206,HTL0006,206,SUP,Superior Room,81.83,1,2020-07-12 16:36:48,2021-06-19 18:46:11
RM-HTL0006-207,HTL0006,207,EXE,Executive Suite,422.61,1,2020-07-08 06:27:03,2023-04-19 14:44:59
RM-HTL0006-208,HTL0006,208,STD,Standard Room,51.36,1,2020-08-04 01:16:35,2020-08-04 01:16:35
RM-HTL0006-209,HTL0006,209,EXE,Executive Suite,397.85,1,2020-07-15 05:40:41,2022-03-28 08:06:47
RM-HTL0006-210,HTL0006,210,STD,Standard Room,63.01,1,2020-07-27 20:41:24,2020-07-27 20:41:24
RM-HTL0006-211,HTL0006,211,DLX,Deluxe Room,122.09,1,2020-07-08 00:10:39,2022-02-21 08:26:38
RM-HTL0006-212,HTL0006,212,DLX,Deluxe Room,113.89,1,2020-07-11 07:42:52,2020-09-21 21:04:16
RM-HTL0006-213,HTL0006,213,DLX,Deluxe Room,112.71,1,2020-07-12 18:48:44,2024-02-03 10:06:46
RM-HTL0006-214,HTL0006,214,STD,Standard Room,60.77,1,2020-07-21 03:25:44,2022-01-14 03:32:26
RM-HTL0006-215,HTL0006,215,EXE,Executive Suite,403.41,0,2020-07-23 04:25:54,2020-07-23 04:25:54
RM-HTL0006-216,HTL0006,216,EXE,Executive Suite,396.53,1,2020-07-27 21:26:10,2026-02-05 16:03:59
RM-HTL0006-217,HTL0006,217,SUP,Superior Room,84.57,1,2020-07-26 20:03:32,2023-09-12 11:36:43
RM-HTL0006-218,HTL0006,218,STD,Standard Room,56.23,1,2020-07-05 17:59:45,2021-10-19 01:03:41
RM-HTL0006-219,HTL0006,219,DLX,Deluxe Room,117.77,1,2020-07-25 13:46:11,2020-07-25 13:46:11
RM-HTL0006-220,HTL0006,220,SUP,Superior Room,70.14,1,2020-07-16 15:54:24,2023-09-27 02:01:36
RM-HTL0007-101,HTL0007,101,EXE,Executive Suite,396.59,1,2021-08-31 23:19:54,2021-11-18 09:12:35
RM-HTL0007-102,HTL0007,102,SUP,Superior Room,76.28,1,2021-08-12 13:24:36,2026-01-17 05:53:52
RM-HTL0007-103,HTL0007,103,STD,Standard Room,45.72,1,2021-08-04 03:33:05,2022-04-16 09:38:46
RM-HTL0007-104,HTL0007,104,SUP,Superior Room,88.45,1,2021-08-22 23:24:10,2021-08-22 23:24:10
RM-HTL0007-105,HTL0007,105,DLX,Deluxe Room,109.19,1,2021-08-19 23:49:26,2023-01-02 00:19:21
RM-HTL0007-106,HTL0007,106,SUT,Suite Room,257.9,1,2021-08-14 13:33:07,2023-05-26 21:11:20
RM-HTL0007-107,HTL0007,107,SUT,Suite Room,252.11,1,2021-08-22 17:00:19,2026-01-10 13:53:16
RM-HTL0007-108,HTL0007,108,EXE,Executive Suite,412.89,1,2021-08-07 22:45:35,2021-09-10 23:38:30
RM-HTL0007-109,HTL0007,109,STD,Standard Room,58.09,1,2021-08-20 17:45:45,2022-10-21 20:51:00
RM-HTL0007-110,HTL0007,110,SUP,Superior Room,77.81,1,2021-08-17 19:50:23,2021-08-17 19:50:23
RM-HTL0007-111,HTL0007,111,DLX,Deluxe Room,121.41,1,2021-08-06 03:12:58,2023-08-31 18:37:03
RM-HTL0007-112,HTL0007,112,EXE,Executive Suite,399.71,1,2021-08-06 11:32:29,2021-12-06 14:46:16
RM-HTL0007-113,HTL0007,113,STD,Standard Room,54.94,1,2021-08-07 01:29:34,2021-08-07 01:29:34
RM-HTL0007-114,HTL0007,114,SUP,Superior Room,77.69,1,2021-08-07 12:37:59,2021-08-27 06:30:56
RM-HTL0007-115,HTL0007,115,STD,Standard Room,48.48,1,2021-08-29 09:24:35,2022-09-27 02:16:35
RM-HTL0007-116,HTL0007,116,SUP,Superior Room,76.65,1,2021-09-03 07:29:11,2023-03-25 04:07:16
RM-HTL0007-117,HTL0007,117,STD,Standard Room,93.16,1,2021-08-08 21:41:57,2024-09-05 05:58:21
RM-HTL0007-118,HTL0007,118,STD,Standard Room,52.93,1,2021-08-10 14:51:26,2022-06-25 08:49:53
RM-HTL0007-119,HTL0007,119,DLX,Deluxe Room,106.6,1,2021-08-25 12:08:53,2021-08-25 12:08:53
RM-HTL0007-120,HTL0007,120,SUP,Superior Room,77.95,1,2021-08-09 02:52:24,2024-02-26 10:59:55
RM-HTL0007-121,HTL0007,121,SUP,Superior Room,70.46,0,2021-08-06 04:24:12,2024-06-30 01:57:42
RM-HTL0007-122,HTL0007,122,SUT,Suite Room,260.08,1,2021-08-16 07:04:50,2021-08-16 07:04:50
RM-HTL0007-123,HTL0007,123,STD,Standard Room,56.68,1,2021-08-04 18:58:49,2023-08-13 14:56:12
RM-HTL0007-124,HTL0007,124,SUP,Superior Room,76.26,1,2021-08-08 05:33:41,2022-03-09 13:22:48
RM-HTL0007-125,HTL0007,125,SUP,Superior Room,82.43,1,2021-08-11 22:09:26,2024-05-11 17:00:57
RM-HTL0007-126,HTL0007,126,SUP,Superior Room,70.91,1,2021-08-28 16:15:19,2022-05-23 13:44:37
RM-HTL0007-127,HTL0007,127,DLX,Deluxe Room,106.32,1,2021-09-02 21:27:52,2026-03-24 09:09:38
RM-HTL0007-128,HTL0007,128,STD,Standard Room,63.28,1,2021-08-26 04:24:13,2021-12-28 01:28:43
RM-HTL0007-129,HTL0007,129,DLX,Deluxe Room,123.98,1,2021-08-05 11:32:48,2021-08-05 11:32:48
RM-HTL0007-130,HTL0007,130,STD,Standard Room,57.64,1,2021-08-05 04:28:15,2022-02-16 02:00:35
RM-HTL0007-131,HTL0007,131,STD,Standard Room,64.14,1,2021-08-13 19:12:49,2021-08-13 19:12:49
RM-HTL0007-132,HTL0007,132,SUP,Superior Room,78.56,1,2021-08-20 06:31:55,2026-04-12 09:49:28
RM-HTL0007-133,HTL0007,133,DLX,Deluxe Room,112.38,1,2021-08-12 10:57:10,2021-08-12 10:57:10
RM-HTL0007-134,HTL0007,134,SUP,Superior Room,81.55,1,2021-08-15 07:54:17,2022-02-05 10:49:42
RM-HTL0007-135,HTL0007,135,EXE,Executive Suite,408.03,1,2021-08-15 21:50:58,2022-07-03 15:34:15
RM-HTL0007-136,HTL0007,136,SUP,Superior Room,71.76,1,2021-08-29 08:57:08,2023-07-10 03:25:15
RM-HTL0007-137,HTL0007,137,SUP,Superior Room,78.59,1,2021-08-19 12:20:11,2025-07-25 00:48:10
RM-HTL0007-138,HTL0007,138,STD,Standard Room,52.99,1,2021-08-13 21:44:33,2023-08-05 12:24:27
RM-HTL0007-139,HTL0007,139,SUP,Superior Room,73.05,1,2021-08-17 09:19:03,2025-07-27 17:20:01
RM-HTL0007-140,HTL0007,140,DLX,Deluxe Room,108.38,1,2021-08-06 06:17:35,2025-12-06 18:42:40
RM-HTL0007-141,HTL0007,141,STD,Standard Room,56.39,1,2021-08-15 03:48:29,2021-10-25 04:41:36
RM-HTL0007-142,HTL0007,142,STD,Standard Room,60.85,1,2021-08-09 02:33:30,2024-11-28 05:12:31
RM-HTL0007-143,HTL0007,143,SUP,Superior Room,132.28,1,2021-08-21 17:13:59,2023-10-17 06:40:21
RM-HTL0007-144,HTL0007,144,DLX,Deluxe Room,109.56,1,2021-08-25 15:20:45,2023-03-24 17:29:12
RM-HTL0007-145,HTL0007,145,EXE,Executive Suite,397.41,1,2021-08-30 17:39:48,2021-08-30 17:39:48
RM-HTL0007-146,HTL0007,146,DLX,Deluxe Room,109.31,1,2021-08-31 11:33:20,2021-08-31 11:33:20
RM-HTL0007-147,HTL0007,147,EXE,Executive Suite,409.14,1,2021-08-22 19:01:02,2021-09-15 18:57:22
RM-HTL0007-148,HTL0007,148,EXE,Executive Suite,407.61,1,2021-08-20 05:32:47,2021-08-20 05:32:47
RM-HTL0007-149,HTL0007,149,SUT,Suite Room,256.7,1,2021-08-09 08:48:23,2022-06-25 01:14:48
RM-HTL0007-150,HTL0007,150,SUT,Suite Room,251.81,1,2021-08-08 07:06:10,2026-04-09 02:31:43
RM-HTL0007-151,HTL0007,151,SUP,Superior Room,81.88,1,2021-08-15 23:27:02,2021-08-15 23:27:02
RM-HTL0007-152,HTL0007,152,SUT,Suite Room,250.98,1,2021-09-02 00:05:05,2021-09-25 15:57:33
RM-HTL0007-153,HTL0007,153,DLX,Deluxe Room,116.84,1,2021-09-02 04:24:38,2024-06-02 02:38:10
RM-HTL0007-154,HTL0007,154,SUT,Suite Room,247.97,1,2021-08-16 18:17:10,2022-05-23 18:20:33
RM-HTL0007-155,HTL0007,155,SUT,Suite Room,252.4,1,2021-08-08 22:39:24,2022-07-16 21:49:00
RM-HTL0007-156,HTL0007,156,STD,Standard Room,53.86,1,2021-08-15 17:01:30,2022-12-04 03:04:28
RM-HTL0007-157,HTL0007,157,STD,Standard Room,62.36,1,2021-08-23 21:55:38,2023-02-04 23:10:10
RM-HTL0007-158,HTL0007,158,EXE,Executive Suite,407.23,1,2021-08-20 01:34:17,2023-07-28 07:08:27
RM-HTL0007-159,HTL0007,159,EXE,Executive Suite,404.45,1,2021-08-05 03:44:23,2022-09-02 01:34:02
RM-HTL0007-160,HTL0007,160,SUP,Superior Room,78.05,1,2021-08-10 17:45:22,2024-08-17 22:51:00
RM-HTL0007-161,HTL0007,161,SUT,Suite Room,246.23,1,2021-08-14 08:59:39,2021-08-14 08:59:39
RM-HTL0007-162,HTL0007,162,DLX,Deluxe Room,112.9,1,2021-08-24 14:36:12,2021-08-24 14:36:12
RM-HTL0007-163,HTL0007,163,DLX,Deluxe Room,117.62,1,2021-08-16 03:14:06,2024-09-20 13:59:28
RM-HTL0007-164,HTL0007,164,SUT,Suite Room,248.14,1,2021-08-29 08:20:51,2021-08-29 08:20:51
RM-HTL0007-165,HTL0007,165,DLX,Deluxe Room,124.24,1,2021-08-07 23:59:54,2021-08-07 23:59:54
RM-HTL0007-166,HTL0007,166,EXE,Executive Suite,401.26,1,2021-08-10 01:45:31,2025-04-02 08:45:10
RM-HTL0007-167,HTL0007,167,EXE,Executive Suite,403.74,1,2021-08-19 13:04:19,2022-11-10 05:54:42
RM-HTL0007-168,HTL0007,168,SUP,Superior Room,78.48,1,2021-08-26 14:02:58,2026-01-11 03:20:23
RM-HTL0007-169,HTL0007,169,SUP,Superior Room,79.19,1,2021-08-27 03:08:27,2021-08-27 03:08:27
RM-HTL0007-170,HTL0007,170,EXE,Executive Suite,401.61,1,2021-09-01 14:56:28,2021-09-01 14:56:28
RM-HTL0007-171,HTL0007,171,SUP,Superior Room,81.89,1,2021-08-18 13:53:50,2021-08-18 13:53:50
RM-HTL0007-172,HTL0007,172,DLX,Deluxe Room,115.74,1,2021-08-19 23:16:18,2021-08-19 23:16:18
RM-HTL0007-173,HTL0007,173,STD,Standard Room,64.96,1,2021-08-15 10:52:57,2021-08-15 10:52:57
RM-HTL0007-174,HTL0007,174,DLX,Deluxe Room,110.85,1,2021-08-08 15:49:08,2021-12-16 21:57:10
RM-HTL0007-175,HTL0007,175,EXE,Executive Suite,414.11,1,2021-08-18 18:22:41,2023-07-06 18:41:19
RM-HTL0007-176,HTL0007,176,SUT,Suite Room,258.62,1,2021-08-15 14:39:58,2024-11-05 15:27:12
RM-HTL0007-177,HTL0007,177,STD,Standard Room,57.34,1,2021-08-11 08:06:28,2025-01-11 16:12:09
RM-HTL0007-178,HTL0007,178,EXE,Executive Suite,400.01,1,2021-08-23 12:34:11,2024-07-15 22:18:11
RM-HTL0007-179,HTL0007,179,SUT,Suite Room,262.31,1,2021-08-24 14:03:37,2023-07-20 05:26:28
RM-HTL0007-180,HTL0007,180,SUT,Suite Room,255.1,1,2021-08-27 18:14:29,2021-08-27 18:14:29
RM-HTL0007-181,HTL0007,181,STD,Standard Room,51.19,1,2021-08-16 01:38:24,2021-08-16 01:38:24
RM-HTL0007-182,HTL0007,182,STD,Standard Room,64.01,1,2021-08-14 06:04:50,2021-08-14 06:04:50
RM-HTL0007-183,HTL0007,183,SUT,Suite Room,260.37,1,2021-08-28 12:53:09,2023-08-12 00:38:48
RM-HTL0007-184,HTL0007,184,SUP,Superior Room,85.04,0,2021-08-21 20:14:42,2022-08-17 07:11:21
RM-HTL0007-185,HTL0007,185,DLX,Deluxe Room,113.95,1,2021-08-25 15:02:08,2021-08-25 15:02:08
RM-HTL0007-186,HTL0007,186,STD,Standard Room,64.98,1,2021-09-02 11:44:06,2024-07-26 17:33:48
RM-HTL0007-187,HTL0007,187,EXE,Executive Suite,410.37,1,2021-08-09 09:02:18,2022-11-20 13:47:04
RM-HTL0007-188,HTL0007,188,SUP,Superior Room,80.16,1,2021-08-10 12:47:35,2021-08-10 12:47:35
RM-HTL0007-189,HTL0007,189,EXE,Executive Suite,399.04,1,2021-08-18 04:03:32,2024-04-10 10:34:01
RM-HTL0007-190,HTL0007,190,EXE,Executive Suite,402.27,1,2021-08-27 14:06:53,2021-08-27 14:06:53
RM-HTL0007-191,HTL0007,191,EXE,Executive Suite,405.97,1,2021-08-18 05:35:06,2024-09-12 05:11:06
RM-HTL0007-192,HTL0007,192,SUP,Superior Room,89.12,1,2021-08-16 22:39:21,2021-08-16 22:39:21
RM-HTL0007-193,HTL0007,193,SUT,Suite Room,258.47,1,2021-08-27 10:23:36,2021-08-27 10:23:36
RM-HTL0007-194,HTL0007,194,SUT,Suite Room,259.65,1,2021-08-15 04:59:40,2021-08-15 04:59:40
RM-HTL0007-195,HTL0007,195,SUT,Suite Room,251.04,1,2021-08-04 19:04:31,2023-11-24 01:33:12
RM-HTL0007-196,HTL0007,196,EXE,Executive Suite,408.96,1,2021-09-01 07:02:57,2021-12-23 16:37:14
RM-HTL0007-197,HTL0007,197,SUP,Superior Room,89.47,1,2021-08-21 19:36:09,2026-01-18 20:14:43
RM-HTL0007-198,HTL0007,198,DLX,Deluxe Room,117.51,1,2021-09-03 14:08:39,2024-11-01 10:22:29
RM-HTL0007-199,HTL0007,199,EXE,Executive Suite,414.89,1,2021-08-18 21:07:40,2021-08-18 21:07:40
RM-HTL0007-200,HTL0007,200,STD,Standard Room,45.62,1,2021-08-13 21:15:19,2022-07-26 16:37:48
RM-HTL0007-201,HTL0007,201,SUT,Suite Room,258.83,1,2021-08-09 15:06:04,2021-08-09 15:06:04
RM-HTL0007-202,HTL0007,202,SUT,Suite Room,260.51,1,2021-08-11 06:30:42,2021-08-11 06:30:42
RM-HTL0007-203,HTL0007,203,STD,Standard Room,52.72,1,2021-08-26 07:18:10,2022-11-05 20:02:55
RM-HTL0007-204,HTL0007,204,DLX,Deluxe Room,119.33,1,2021-08-21 04:24:34,2021-08-21 04:24:34
RM-HTL0007-205,HTL0007,205,STD,Standard Room,53.43,1,2021-08-24 07:38:52,2021-08-24 07:38:52
RM-HTL0007-206,HTL0007,206,SUP,Superior Room,79.6,1,2021-08-22 02:18:04,2021-10-15 01:01:48
RM-HTL0007-207,HTL0007,207,EXE,Executive Suite,405.96,1,2021-08-27 10:15:52,2021-08-27 10:15:52
RM-HTL0007-208,HTL0007,208,SUP,Superior Room,77.2,1,2021-08-13 13:02:46,2023-07-25 07:34:03
RM-HTL0007-209,HTL0007,209,SUP,Superior Room,71.96,1,2021-08-12 03:16:24,2022-08-06 17:17:46
RM-HTL0007-210,HTL0007,210,SUP,Superior Room,80.34,1,2021-08-10 11:44:25,2021-08-10 11:44:25
RM-HTL0007-211,HTL0007,211,EXE,Executive Suite,411.1,1,2021-08-31 16:23:27,2022-02-01 20:58:31
RM-HTL0007-212,HTL0007,212,SUP,Superior Room,72.86,1,2021-08-15 09:05:11,2024-07-22 14:05:26
RM-HTL0007-213,HTL0007,213,EXE,Executive Suite,399.79,1,2021-08-12 22:18:42,2022-10-21 19:46:58
RM-HTL0007-214,HTL0007,214,EXE,Executive Suite,414.81,1,2021-08-11 03:01:14,2021-08-11 03:01:14
RM-HTL0007-215,HTL0007,215,DLX,Deluxe Room,110.06,1,2021-08-20 06:04:45,2021-08-20 06:04:45
RM-HTL0007-216,HTL0007,216,STD,Standard Room,59.11,1,2021-08-17 22:21:45,2023-04-15 17:33:30
RM-HTL0007-217,HTL0007,217,SUP,Superior Room,89.88,1,2021-08-11 10:18:36,2021-08-11 10:18:36
RM-HTL0007-218,HTL0007,218,SUT,Suite Room,246.64,1,2021-08-24 00:50:57,2021-08-24 00:50:57
RM-HTL0007-219,HTL0007,219,SUP,Superior Room,82.22,1,2021-09-01 02:01:53,2021-09-01 02:01:53
RM-HTL0007-220,HTL0007,220,EXE,Executive Suite,395.35,1,2021-08-25 15:17:42,2021-08-25 15:17:42
RM-HTL0007-221,HTL0007,221,SUT,Suite Room,263.21,1,2021-08-25 22:43:49,2021-08-25 22:43:49
RM-HTL0007-222,HTL0007,222,STD,Standard Room,53.77,1,2021-08-11 23:14:42,2023-04-01 20:30:37
RM-HTL0007-223,HTL0007,223,SUT,Suite Room,287.39,1,2021-08-04 21:49:22,2021-08-04 21:49:22
RM-HTL0007-224,HTL0007,224,DLX,Deluxe Room,122.21,1,2021-08-14 07:05:00,2021-08-14 07:05:00
RM-HTL0007-225,HTL0007,225,STD,Standard Room,46.17,1,2021-08-08 01:28:22,2024-07-09 13:29:29
RM-HTL0007-226,HTL0007,226,SUP,Superior Room,75.55,1,2021-08-23 17:05:55,2021-08-23 17:05:55
RM-HTL0007-227,HTL0007,227,SUT,Suite Room,261.42,1,2021-08-28 08:58:48,2021-08-28 08:58:48
RM-HTL0007-228,HTL0007,228,DLX,Deluxe Room,112.65,1,2021-08-15 09:48:27,2025-10-09 09:49:42
RM-HTL0007-229,HTL0007,229,SUT,Suite Room,254.92,1,2021-08-13 03:18:26,2025-02-23 12:30:01
RM-HTL0007-230,HTL0007,230,SUP,Superior Room,73.7,1,2021-09-01 09:26:13,2022-12-20 05:56:10
RM-HTL0007-231,HTL0007,231,STD,Standard Room,45.29,1,2021-08-24 19:21:43,2023-05-31 14:01:38
RM-HTL0007-232,HTL0007,232,SUT,Suite Room,262.78,1,2021-08-17 06:03:21,2026-01-27 08:12:30
RM-HTL0007-233,HTL0007,233,SUT,Suite Room,246.86,1,2021-08-27 00:44:39,2021-08-27 00:44:39
RM-HTL0007-234,HTL0007,234,EXE,Executive Suite,409.83,1,2021-09-02 10:19:52,2023-01-23 08:56:27
RM-HTL0007-235,HTL0007,235,SUT,Suite Room,255.1,1,2021-09-03 07:59:14,2021-10-10 09:11:43
RM-HTL0007-236,HTL0007,236,EXE,Executive Suite,410.25,1,2021-08-17 10:53:08,2025-11-08 06:44:29
RM-HTL0007-237,HTL0007,237,EXE,Executive Suite,401.0,1,2021-08-09 08:54:11,2023-04-09 13:22:45
RM-HTL0007-238,HTL0007,238,STD,Standard Room,48.32,1,2021-09-03 00:29:55,2021-09-03 00:29:55
RM-HTL0007-239,HTL0007,239,STD,Standard Room,58.63,1,2021-08-08 05:47:37,2022-02-08 15:12:37
RM-HTL0007-240,HTL0007,240,DLX,Deluxe Room,111.44,1,2021-08-30 15:32:01,2022-09-28 15:04:47
RM-HTL0007-241,HTL0007,241,STD,Standard Room,48.34,1,2021-08-22 00:36:30,2024-01-04 09:26:02
RM-HTL0007-242,HTL0007,242,DLX,Deluxe Room,124.13,0,2021-08-20 08:35:41,2022-03-30 14:26:21
RM-HTL0007-243,HTL0007,243,SUT,Suite Room,256.63,1,2021-08-27 19:35:12,2025-12-04 10:39:40
RM-HTL0007-244,HTL0007,244,SUT,Suite Room,247.38,1,2021-08-16 17:45:30,2021-12-27 10:35:22
RM-HTL0007-245,HTL0007,245,SUT,Suite Room,250.42,1,2021-08-13 11:41:49,2023-06-02 06:48:59
RM-HTL0007-246,HTL0007,246,STD,Standard Room,52.0,1,2021-08-30 09:00:40,2021-08-30 09:00:40
RM-HTL0007-247,HTL0007,247,EXE,Executive Suite,406.35,1,2021-09-03 16:55:01,2025-10-22 23:51:44
RM-HTL0007-248,HTL0007,248,STD,Standard Room,52.91,1,2021-08-11 20:28:56,2021-08-11 20:28:56
RM-HTL0007-249,HTL0007,249,DLX,Deluxe Room,109.05,1,2021-08-30 13:30:37,2021-08-30 13:30:37
RM-HTL0007-250,HTL0007,250,DLX,Deluxe Room,109.15,1,2021-08-21 11:12:13,2021-08-21 11:12:13
RM-HTL0007-251,HTL0007,251,EXE,Executive Suite,404.91,1,2021-08-08 16:06:59,2026-01-09 01:28:27
RM-HTL0007-252,HTL0007,252,STD,Standard Room,49.16,1,2021-09-02 04:40:10,2021-09-02 04:40:10
RM-HTL0007-253,HTL0007,253,SUT,Suite Room,248.65,1,2021-08-18 14:33:40,2021-08-18 14:33:40
RM-HTL0007-254,HTL0007,254,STD,Standard Room,47.69,1,2021-08-29 01:59:38,2023-04-20 12:07:08
RM-HTL0007-255,HTL0007,255,EXE,Executive Suite,409.05,1,2021-08-12 01:02:01,2022-07-07 13:33:32
RM-HTL0007-256,HTL0007,256,STD,Standard Room,53.47,1,2021-08-29 04:44:59,2021-08-29 04:44:59
RM-HTL0007-257,HTL0007,257,DLX,Deluxe Room,109.85,1,2021-08-17 10:53:29,2021-08-17 10:53:29
RM-HTL0007-258,HTL0007,258,STD,Standard Room,64.67,1,2021-09-01 22:30:29,2026-04-17 14:42:44
RM-HTL0007-259,HTL0007,259,DLX,Deluxe Room,120.15,0,2021-08-15 16:03:03,2023-07-09 02:27:31
RM-HTL0007-260,HTL0007,260,EXE,Executive Suite,399.79,1,2021-08-17 02:52:03,2022-03-16 18:10:57
RM-HTL0007-261,HTL0007,261,EXE,Executive Suite,405.3,1,2021-08-15 10:46:24,2026-02-10 11:49:35
RM-HTL0007-262,HTL0007,262,SUT,Suite Room,246.19,1,2021-08-21 12:45:45,2021-08-21 12:45:45
RM-HTL0007-263,HTL0007,263,STD,Standard Room,55.94,1,2021-09-01 10:00:06,2024-06-12 02:51:46
RM-HTL0007-264,HTL0007,264,DLX,Deluxe Room,108.08,1,2021-08-04 04:10:33,2022-02-03 01:40:15
RM-HTL0007-265,HTL0007,265,DLX,Deluxe Room,122.53,1,2021-08-27 20:34:14,2021-08-27 20:34:14
RM-HTL0007-266,HTL0007,266,DLX,Deluxe Room,107.03,1,2021-08-15 16:25:18,2021-08-15 16:25:18
RM-HTL0007-267,HTL0007,267,STD,Standard Room,64.94,1,2021-08-22 00:38:43,2021-08-22 00:38:43
RM-HTL0007-268,HTL0007,268,SUP,Superior Room,83.56,1,2021-09-02 15:52:42,2022-05-21 16:42:10
RM-HTL0007-269,HTL0007,269,EXE,Executive Suite,401.12,1,2021-08-11 17:21:37,2024-02-17 03:13:16
RM-HTL0007-270,HTL0007,270,SUP,Superior Room,70.5,1,2021-08-29 16:57:19,2022-08-04 21:08:46
RM-HTL0007-271,HTL0007,271,STD,Standard Room,48.68,1,2021-08-06 01:42:16,2021-08-06 01:42:16
RM-HTL0007-272,HTL0007,272,STD,Standard Room,51.02,1,2021-08-23 16:27:03,2023-09-29 12:29:53
RM-HTL0007-273,HTL0007,273,SUT,Suite Room,245.97,1,2021-08-04 00:51:46,2025-06-05 00:40:33
RM-HTL0007-274,HTL0007,274,STD,Standard Room,51.31,1,2021-08-27 18:08:02,2024-08-18 00:35:18
RM-HTL0007-275,HTL0007,275,DLX,Deluxe Room,110.48,1,2021-08-09 05:32:11,2024-06-16 05:39:27
RM-HTL0007-276,HTL0007,276,SUT,Suite Room,260.62,1,2021-08-22 12:51:59,2023-05-11 09:42:08
RM-HTL0007-277,HTL0007,277,DLX,Deluxe Room,111.73,1,2021-08-05 09:58:30,2023-04-29 03:34:15
RM-HTL0007-278,HTL0007,278,SUT,Suite Room,258.72,1,2021-08-28 05:05:12,2022-05-03 07:08:57
RM-HTL0007-279,HTL0007,279,SUT,Suite Room,261.22,1,2021-08-15 00:43:51,2024-05-28 21:10:56
RM-HTL0007-280,HTL0007,280,SUT,Suite Room,254.14,1,2021-08-31 00:34:49,2021-08-31 00:34:49
RM-HTL0007-281,HTL0007,281,STD,Standard Room,47.69,1,2021-08-11 13:35:00,2024-05-17 03:39:31
RM-HTL0007-282,HTL0007,282,SUT,Suite Room,264.16,1,2021-08-23 06:54:14,2021-08-23 06:54:14
RM-HTL0007-283,HTL0007,283,SUP,Superior Room,88.27,1,2021-08-31 18:17:04,2021-08-31 18:17:04
RM-HTL0007-284,HTL0007,284,EXE,Executive Suite,400.32,1,2021-08-30 06:10:39,2023-04-30 15:07:43
RM-HTL0007-285,HTL0007,285,STD,Standard Room,74.81,1,2021-08-30 03:17:42,2025-06-18 19:11:51
RM-HTL0007-286,HTL0007,286,STD,Standard Room,62.27,1,2021-08-23 17:51:39,2022-03-08 08:41:21
RM-HTL0007-287,HTL0007,287,SUP,Superior Room,84.88,1,2021-08-11 05:40:27,2021-08-11 05:40:27
RM-HTL0007-288,HTL0007,288,SUP,Superior Room,86.04,1,2021-08-08 04:34:02,2021-11-19 08:46:02
RM-HTL0007-289,HTL0007,289,SUP,Superior Room,82.55,1,2021-08-29 07:21:36,2022-02-23 14:04:37
RM-HTL0007-290,HTL0007,290,SUP,Superior Room,86.4,1,2021-08-18 09:33:30,2026-05-05 10:55:46
RM-HTL0007-291,HTL0007,291,DLX,Deluxe Room,116.62,1,2021-08-09 03:55:42,2026-02-11 11:41:17
RM-HTL0007-292,HTL0007,292,SUT,Suite Room,258.74,1,2021-08-25 08:04:21,2022-12-12 01:08:10
RM-HTL0007-293,HTL0007,293,STD,Standard Room,51.62,1,2021-08-15 06:26:19,2022-08-19 17:39:31
RM-HTL0007-294,HTL0007,294,EXE,Executive Suite,410.51,1,2021-08-23 12:19:42,2024-12-12 18:29:25
RM-HTL0007-295,HTL0007,295,SUP,Superior Room,89.3,1,2021-08-22 05:14:14,2023-07-28 11:49:00
RM-HTL0007-296,HTL0007,296,STD,Standard Room,52.88,1,2021-08-05 13:39:08,2021-09-26 07:03:22
RM-HTL0007-297,HTL0007,297,SUT,Suite Room,263.21,1,2021-08-08 12:47:17,2021-08-08 12:47:17
RM-HTL0007-298,HTL0007,298,EXE,Executive Suite,397.15,1,2021-08-14 13:03:53,2025-10-26 14:14:57
RM-HTL0007-299,HTL0007,299,DLX,Deluxe Room,105.15,1,2021-08-07 11:33:44,2021-08-07 11:33:44
RM-HTL0007-300,HTL0007,300,SUP,Superior Room,83.85,1,2021-09-01 00:16:04,2021-09-01 00:16:04
RM-HTL0008-101,HTL0008,101,STD,Standard Room,58.7,1,2019-09-26 12:35:40,2022-08-08 12:06:16
RM-HTL0008-102,HTL0008,102,STD,Standard Room,55.21,1,2019-09-23 16:49:08,2019-09-23 16:49:08
RM-HTL0008-103,HTL0008,103,SUT,Suite Room,256.84,1,2019-09-26 00:45:06,2024-05-20 11:29:46
RM-HTL0008-104,HTL0008,104,DLX,Deluxe Room,106.4,1,2019-09-24 18:13:22,2026-01-06 07:41:09
RM-HTL0008-105,HTL0008,105,STD,Standard Room,47.03,1,2019-10-07 19:39:57,2024-05-01 09:08:35
RM-HTL0008-106,HTL0008,106,EXE,Executive Suite,408.5,1,2019-10-18 23:04:12,2019-10-18 23:04:12
RM-HTL0008-107,HTL0008,107,SUT,Suite Room,254.37,1,2019-10-12 09:32:05,2021-04-27 14:58:23
RM-HTL0008-108,HTL0008,108,SUT,Suite Room,262.31,1,2019-10-17 23:03:21,2019-10-17 23:03:21
RM-HTL0008-109,HTL0008,109,EXE,Executive Suite,407.68,1,2019-10-09 18:17:14,2021-12-22 05:22:49
RM-HTL0008-110,HTL0008,110,SUT,Suite Room,253.43,1,2019-10-18 13:46:37,2019-10-18 13:46:37
RM-HTL0008-111,HTL0008,111,DLX,Deluxe Room,116.91,1,2019-10-15 09:26:15,2020-04-10 14:31:31
RM-HTL0008-112,HTL0008,112,EXE,Executive Suite,402.56,1,2019-10-13 14:53:13,2019-10-13 14:53:13
RM-HTL0008-113,HTL0008,113,STD,Standard Room,54.5,0,2019-09-25 14:51:15,2019-09-25 14:51:15
RM-HTL0008-114,HTL0008,114,SUT,Suite Room,248.84,1,2019-10-21 12:28:03,2020-11-25 09:42:02
RM-HTL0008-115,HTL0008,115,EXE,Executive Suite,413.75,1,2019-09-23 02:26:48,2019-09-23 02:26:48
RM-HTL0008-116,HTL0008,116,DLX,Deluxe Room,120.97,1,2019-10-10 10:06:34,2021-04-17 22:42:27
RM-HTL0008-117,HTL0008,117,SUT,Suite Room,262.37,1,2019-10-11 19:00:20,2022-12-20 21:25:11
RM-HTL0008-118,HTL0008,118,STD,Standard Room,46.01,1,2019-10-16 18:07:37,2019-10-16 18:07:37
RM-HTL0008-119,HTL0008,119,SUP,Superior Room,78.24,1,2019-10-15 05:21:49,2025-01-08 03:54:26
RM-HTL0008-120,HTL0008,120,EXE,Executive Suite,396.62,1,2019-10-11 14:01:32,2022-07-03 14:42:50
RM-HTL0008-121,HTL0008,121,SUT,Suite Room,249.01,1,2019-09-25 22:15:54,2019-09-25 22:15:54
RM-HTL0008-122,HTL0008,122,STD,Standard Room,45.49,1,2019-09-23 05:26:38,2024-03-06 14:12:16
RM-HTL0008-123,HTL0008,123,STD,Standard Room,48.32,1,2019-10-11 08:22:31,2019-10-11 08:22:31
RM-HTL0008-124,HTL0008,124,SUT,Suite Room,262.26,1,2019-09-25 06:51:51,2023-02-17 19:15:19
RM-HTL0008-125,HTL0008,125,STD,Standard Room,70.02,1,2019-09-28 08:49:44,2019-09-28 08:49:44
RM-HTL0008-126,HTL0008,126,SUP,Superior Room,82.55,1,2019-10-16 22:01:35,2020-11-19 04:48:59
RM-HTL0008-127,HTL0008,127,DLX,Deluxe Room,110.23,1,2019-10-03 20:31:55,2020-05-11 03:40:16
RM-HTL0008-128,HTL0008,128,DLX,Deluxe Room,110.0,1,2019-09-24 18:04:27,2019-09-24 18:04:27
RM-HTL0008-129,HTL0008,129,SUP,Superior Room,82.28,1,2019-10-04 20:29:42,2022-01-04 12:58:31
RM-HTL0008-130,HTL0008,130,DLX,Deluxe Room,106.71,1,2019-10-05 09:58:04,2022-06-14 07:25:27
RM-HTL0008-131,HTL0008,131,DLX,Deluxe Room,107.89,1,2019-09-28 10:58:30,2023-07-19 08:26:26
RM-HTL0008-132,HTL0008,132,SUP,Superior Room,74.03,1,2019-10-14 14:39:46,2019-10-14 14:39:46
RM-HTL0008-133,HTL0008,133,STD,Standard Room,58.91,1,2019-10-17 02:55:55,2019-10-17 02:55:55
RM-HTL0008-134,HTL0008,134,SUP,Superior Room,84.1,1,2019-09-24 02:32:44,2021-12-05 04:39:44
RM-HTL0008-135,HTL0008,135,SUT,Suite Room,253.88,1,2019-09-24 23:40:39,2019-09-26 07:52:47
RM-HTL0008-136,HTL0008,136,SUP,Superior Room,70.3,1,2019-10-13 08:46:46,2024-07-15 18:52:56
RM-HTL0008-137,HTL0008,137,EXE,Executive Suite,408.43,1,2019-10-01 08:51:42,2020-05-04 06:16:13
RM-HTL0008-138,HTL0008,138,SUP,Superior Room,84.27,1,2019-10-07 04:50:00,2025-07-06 18:49:04
RM-HTL0008-139,HTL0008,139,SUT,Suite Room,257.2,1,2019-09-28 02:30:29,2025-10-07 22:05:20
RM-HTL0008-140,HTL0008,140,STD,Standard Room,48.05,1,2019-10-17 00:20:35,2022-05-17 10:49:04
RM-HTL0008-141,HTL0008,141,SUP,Superior Room,88.74,1,2019-09-25 04:17:21,2019-09-25 04:17:21
RM-HTL0008-142,HTL0008,142,DLX,Deluxe Room,116.92,1,2019-10-13 00:18:23,2019-10-13 00:18:23
RM-HTL0008-143,HTL0008,143,EXE,Executive Suite,410.16,1,2019-10-12 12:27:57,2022-02-02 20:02:08
RM-HTL0008-144,HTL0008,144,SUP,Superior Room,82.21,1,2019-10-10 09:56:28,2024-07-10 05:04:50
RM-HTL0008-145,HTL0008,145,STD,Standard Room,48.23,1,2019-09-24 18:32:19,2021-11-19 06:30:42
RM-HTL0008-146,HTL0008,146,DLX,Deluxe Room,120.95,1,2019-10-09 07:49:14,2020-12-15 09:31:28
RM-HTL0008-147,HTL0008,147,DLX,Deluxe Room,116.01,1,2019-10-07 04:06:06,2019-10-07 04:06:06
RM-HTL0008-148,HTL0008,148,DLX,Deluxe Room,106.29,1,2019-10-21 03:58:53,2020-07-05 14:40:08
RM-HTL0008-149,HTL0008,149,SUT,Suite Room,247.16,1,2019-09-22 02:37:47,2021-07-11 01:53:17
RM-HTL0008-150,HTL0008,150,DLX,Deluxe Room,108.72,1,2019-10-18 14:30:07,2025-07-14 13:32:23
RM-HTL0008-151,HTL0008,151,DLX,Deluxe Room,110.91,1,2019-10-14 10:29:21,2026-05-15 18:29:48
RM-HTL0008-152,HTL0008,152,DLX,Deluxe Room,109.66,1,2019-10-18 22:20:03,2025-09-14 20:55:19
RM-HTL0008-153,HTL0008,153,SUP,Superior Room,72.27,1,2019-10-14 15:37:06,2023-08-12 01:11:26
RM-HTL0008-154,HTL0008,154,STD,Standard Room,45.84,1,2019-10-13 09:53:55,2023-10-18 10:32:57
RM-HTL0008-155,HTL0008,155,STD,Standard Room,64.11,1,2019-10-06 19:10:44,2024-12-20 22:21:25
RM-HTL0008-156,HTL0008,156,SUP,Superior Room,84.17,1,2019-10-13 22:19:05,2024-08-31 00:23:12
RM-HTL0008-157,HTL0008,157,EXE,Executive Suite,399.75,1,2019-10-02 04:25:15,2021-01-04 01:04:04
RM-HTL0008-158,HTL0008,158,STD,Standard Room,58.75,1,2019-10-12 02:40:10,2023-01-30 06:58:07
RM-HTL0008-159,HTL0008,159,SUT,Suite Room,247.19,1,2019-10-04 00:32:48,2024-01-11 04:47:53
RM-HTL0008-160,HTL0008,160,DLX,Deluxe Room,123.15,1,2019-10-18 20:14:28,2019-10-18 20:14:28
RM-HTL0008-161,HTL0008,161,SUP,Superior Room,88.95,1,2019-10-07 11:19:07,2021-06-09 10:45:37
RM-HTL0008-162,HTL0008,162,EXE,Executive Suite,407.06,1,2019-10-01 07:56:42,2024-08-18 09:16:18
RM-HTL0008-163,HTL0008,163,SUT,Suite Room,250.7,1,2019-10-16 21:59:08,2024-11-25 21:06:50
RM-HTL0008-164,HTL0008,164,STD,Standard Room,64.17,1,2019-10-18 08:52:19,2022-03-10 06:08:47
RM-HTL0008-165,HTL0008,165,DLX,Deluxe Room,107.77,1,2019-09-30 16:25:30,2026-03-09 18:28:13
RM-HTL0008-166,HTL0008,166,SUT,Suite Room,248.59,1,2019-10-18 16:29:32,2019-10-18 16:29:32
RM-HTL0008-167,HTL0008,167,SUP,Superior Room,76.48,1,2019-09-24 13:08:48,2020-02-14 17:38:29
RM-HTL0008-168,HTL0008,168,EXE,Executive Suite,411.39,1,2019-10-13 22:02:19,2021-08-16 01:14:01
RM-HTL0008-169,HTL0008,169,SUP,Superior Room,73.09,1,2019-10-04 06:32:34,2019-11-14 00:25:34
RM-HTL0008-170,HTL0008,170,DLX,Deluxe Room,119.56,1,2019-09-23 16:41:28,2023-07-31 14:14:37
RM-HTL0008-171,HTL0008,171,SUP,Superior Room,76.66,1,2019-10-18 13:33:21,2019-10-18 13:33:21
RM-HTL0008-172,HTL0008,172,SUT,Suite Room,246.79,1,2019-10-08 02:46:04,2019-12-01 21:06:43
RM-HTL0008-173,HTL0008,173,SUP,Superior Room,84.98,1,2019-10-10 05:48:41,2021-11-24 20:43:49
RM-HTL0008-174,HTL0008,174,EXE,Executive Suite,413.64,1,2019-09-28 10:08:44,2020-07-30 07:51:30
RM-HTL0008-175,HTL0008,175,STD,Standard Room,60.64,1,2019-10-07 10:38:06,2025-04-19 17:51:31
RM-HTL0008-176,HTL0008,176,DLX,Deluxe Room,123.99,1,2019-10-07 08:52:15,2019-10-07 08:52:15
RM-HTL0008-177,HTL0008,177,SUP,Superior Room,87.6,1,2019-10-10 04:13:04,2022-02-14 23:35:55
RM-HTL0008-178,HTL0008,178,DLX,Deluxe Room,117.42,1,2019-10-17 15:22:33,2019-10-17 15:22:33
RM-HTL0008-179,HTL0008,179,DLX,Deluxe Room,117.84,0,2019-09-30 20:55:50,2025-09-12 17:37:50
RM-HTL0008-180,HTL0008,180,SUP,Superior Room,83.48,1,2019-10-07 16:22:40,2019-10-07 16:22:40
RM-HTL0008-181,HTL0008,181,EXE,Executive Suite,402.87,1,2019-10-07 06:38:53,2025-02-07 10:31:39
RM-HTL0008-182,HTL0008,182,SUT,Suite Room,259.62,1,2019-09-30 05:22:34,2021-02-07 09:13:56
RM-HTL0008-183,HTL0008,183,SUP,Superior Room,83.18,1,2019-10-11 03:57:16,2023-12-14 13:52:47
RM-HTL0008-184,HTL0008,184,DLX,Deluxe Room,117.64,1,2019-10-02 01:33:25,2020-02-12 18:15:54
RM-HTL0008-185,HTL0008,185,SUP,Superior Room,81.93,1,2019-10-04 14:34:44,2019-10-04 14:34:44
RM-HTL0008-186,HTL0008,186,SUT,Suite Room,258.67,1,2019-10-10 12:01:59,2021-05-07 15:06:59
RM-HTL0008-187,HTL0008,187,SUT,Suite Room,257.02,1,2019-10-01 10:32:07,2019-10-01 10:32:07
RM-HTL0008-188,HTL0008,188,STD,Standard Room,63.9,1,2019-10-21 10:35:13,2020-08-17 12:49:28
RM-HTL0008-189,HTL0008,189,EXE,Executive Suite,399.84,1,2019-10-07 02:40:55,2022-03-28 06:09:00
RM-HTL0008-190,HTL0008,190,SUP,Superior Room,77.98,1,2019-10-15 16:27:10,2026-01-08 08:06:26
RM-HTL0008-191,HTL0008,191,STD,Standard Room,63.08,1,2019-10-08 20:39:03,2025-05-31 00:05:23
RM-HTL0008-192,HTL0008,192,EXE,Executive Suite,401.24,1,2019-10-22 08:08:18,2021-06-16 12:33:51
RM-HTL0008-193,HTL0008,193,SUT,Suite Room,254.14,1,2019-09-26 03:24:41,2019-09-26 03:24:41
RM-HTL0008-194,HTL0008,194,DLX,Deluxe Room,110.6,1,2019-10-03 11:32:19,2025-03-09 22:41:50
RM-HTL0008-195,HTL0008,195,SUP,Superior Room,82.67,0,2019-10-16 22:05:32,2019-10-16 22:05:32
RM-HTL0008-196,HTL0008,196,STD,Standard Room,50.69,1,2019-10-14 00:53:05,2020-11-26 02:40:49
RM-HTL0008-197,HTL0008,197,STD,Standard Room,62.83,1,2019-09-22 12:45:05,2022-03-26 22:40:52
RM-HTL0008-198,HTL0008,198,SUT,Suite Room,259.98,1,2019-09-23 09:38:18,2021-11-01 12:07:13
RM-HTL0008-199,HTL0008,199,DLX,Deluxe Room,115.8,1,2019-10-13 16:13:07,2019-10-13 16:13:07
RM-HTL0008-200,HTL0008,200,SUT,Suite Room,256.56,1,2019-10-04 20:19:48,2019-10-04 20:19:48
RM-HTL0008-201,HTL0008,201,EXE,Executive Suite,401.93,1,2019-09-23 21:59:16,2025-11-12 02:48:45
RM-HTL0008-202,HTL0008,202,EXE,Executive Suite,395.64,1,2019-10-10 03:22:31,2019-10-10 03:22:31
RM-HTL0008-203,HTL0008,203,SUT,Suite Room,250.35,1,2019-10-08 23:27:32,2019-10-08 23:27:32
RM-HTL0008-204,HTL0008,204,DLX,Deluxe Room,106.2,1,2019-10-12 03:10:30,2022-02-16 00:36:14
RM-HTL0008-205,HTL0008,205,EXE,Executive Suite,411.03,1,2019-10-10 08:33:18,2019-10-10 08:33:18
RM-HTL0008-206,HTL0008,206,DLX,Deluxe Room,120.77,1,2019-09-28 01:35:45,2020-10-22 23:15:23
RM-HTL0008-207,HTL0008,207,DLX,Deluxe Room,117.15,1,2019-10-10 00:53:28,2025-12-30 03:24:58
RM-HTL0008-208,HTL0008,208,EXE,Executive Suite,405.71,1,2019-09-22 05:54:43,2020-12-04 12:31:44
RM-HTL0008-209,HTL0008,209,SUT,Suite Room,294.77,1,2019-10-22 03:17:44,2024-01-22 21:03:59
RM-HTL0008-210,HTL0008,210,DLX,Deluxe Room,120.16,1,2019-10-16 10:03:37,2022-07-29 17:52:10
RM-HTL0008-211,HTL0008,211,SUP,Superior Room,70.87,1,2019-10-06 18:12:39,2023-08-31 07:32:43
RM-HTL0008-212,HTL0008,212,EXE,Executive Suite,407.35,1,2019-10-18 19:14:48,2025-03-04 04:16:25
RM-HTL0008-213,HTL0008,213,EXE,Executive Suite,403.19,1,2019-09-30 09:22:28,2019-09-30 09:22:28
RM-HTL0008-214,HTL0008,214,STD,Standard Room,59.81,0,2019-10-04 23:56:16,2022-01-07 04:03:21
RM-HTL0008-215,HTL0008,215,SUP,Superior Room,79.43,1,2019-09-26 18:45:18,2019-09-26 18:45:18
RM-HTL0008-216,HTL0008,216,STD,Standard Room,55.21,1,2019-10-07 18:51:48,2019-10-08 23:53:16
RM-HTL0008-217,HTL0008,217,STD,Standard Room,45.87,1,2019-09-27 22:09:16,2025-09-29 05:18:02
RM-HTL0008-218,HTL0008,218,STD,Standard Room,45.77,1,2019-09-27 22:45:16,2020-07-18 03:49:15
RM-HTL0008-219,HTL0008,219,SUT,Suite Room,249.23,1,2019-10-04 22:27:00,2025-02-26 00:03:23
RM-HTL0008-220,HTL0008,220,SUP,Superior Room,83.45,1,2019-09-27 19:53:59,2019-09-27 19:53:59
RM-HTL0008-221,HTL0008,221,SUT,Suite Room,260.97,1,2019-10-04 13:03:30,2019-10-04 13:03:30
RM-HTL0008-222,HTL0008,222,DLX,Deluxe Room,124.85,1,2019-10-01 11:53:23,2019-10-01 11:53:23
RM-HTL0008-223,HTL0008,223,SUP,Superior Room,79.96,1,2019-10-10 04:22:29,2022-06-26 07:17:28
RM-HTL0008-224,HTL0008,224,SUT,Suite Room,253.82,1,2019-09-25 09:01:23,2021-05-24 17:02:24
RM-HTL0008-225,HTL0008,225,SUP,Superior Room,84.67,1,2019-10-09 14:05:39,2019-10-09 14:05:39
RM-HTL0008-226,HTL0008,226,STD,Standard Room,61.45,1,2019-10-16 02:09:17,2025-05-08 21:46:02
RM-HTL0008-227,HTL0008,227,DLX,Deluxe Room,111.02,1,2019-10-02 03:00:39,2019-10-02 03:00:39
RM-HTL0008-228,HTL0008,228,SUP,Superior Room,81.9,1,2019-10-16 01:04:08,2025-11-03 05:57:45
RM-HTL0008-229,HTL0008,229,SUP,Superior Room,86.15,1,2019-10-22 09:41:08,2019-10-22 09:41:08
RM-HTL0008-230,HTL0008,230,EXE,Executive Suite,406.23,1,2019-09-23 16:05:41,2023-09-14 08:20:24
RM-HTL0008-231,HTL0008,231,DLX,Deluxe Room,108.17,1,2019-10-02 09:13:14,2025-02-02 21:29:46
RM-HTL0008-232,HTL0008,232,STD,Standard Room,55.97,1,2019-10-05 21:45:43,2022-02-15 21:11:30
RM-HTL0008-233,HTL0008,233,SUP,Superior Room,80.79,1,2019-10-14 14:44:41,2020-04-02 14:14:59
RM-HTL0008-234,HTL0008,234,EXE,Executive Suite,401.22,1,2019-10-13 12:35:15,2024-04-11 05:07:21
RM-HTL0008-235,HTL0008,235,SUP,Superior Room,71.99,1,2019-10-17 19:23:40,2022-10-03 20:00:32
RM-HTL0008-236,HTL0008,236,EXE,Executive Suite,409.73,1,2019-09-30 22:18:43,2019-09-30 22:18:43
RM-HTL0008-237,HTL0008,237,DLX,Deluxe Room,106.46,1,2019-10-01 00:16:20,2019-10-01 00:16:20
RM-HTL0008-238,HTL0008,238,SUT,Suite Room,263.08,1,2019-10-11 17:51:23,2022-01-27 14:22:58
RM-HTL0008-239,HTL0008,239,STD,Standard Room,52.0,1,2019-10-03 01:00:10,2020-09-17 02:53:53
RM-HTL0008-240,HTL0008,240,EXE,Executive Suite,398.79,1,2019-10-05 00:23:38,2025-04-05 03:47:17
RM-HTL0008-241,HTL0008,241,EXE,Executive Suite,405.36,1,2019-10-15 14:38:11,2024-02-07 05:47:26
RM-HTL0008-242,HTL0008,242,SUP,Superior Room,71.52,1,2019-10-09 09:49:20,2019-10-09 09:49:20
RM-HTL0008-243,HTL0008,243,SUT,Suite Room,259.75,1,2019-10-14 01:27:03,2026-03-27 13:40:48
RM-HTL0008-244,HTL0008,244,SUP,Superior Room,75.34,1,2019-09-27 04:29:17,2025-12-23 22:10:26
RM-HTL0008-245,HTL0008,245,EXE,Executive Suite,410.73,1,2019-10-02 17:14:39,2019-10-02 17:14:39
RM-HTL0008-246,HTL0008,246,DLX,Deluxe Room,105.24,1,2019-10-08 09:54:13,2025-08-18 13:10:30
RM-HTL0008-247,HTL0008,247,SUP,Superior Room,79.63,1,2019-10-12 05:47:13,2021-05-25 08:57:43
RM-HTL0008-248,HTL0008,248,DLX,Deluxe Room,109.16,1,2019-09-27 14:41:36,2022-05-22 17:33:03
RM-HTL0008-249,HTL0008,249,STD,Standard Room,63.27,1,2019-09-30 18:09:02,2019-09-30 18:09:02
RM-HTL0008-250,HTL0008,250,STD,Standard Room,48.25,1,2019-09-25 20:20:46,2022-12-07 02:39:26
RM-HTL0008-251,HTL0008,251,DLX,Deluxe Room,114.97,1,2019-09-23 00:00:30,2019-09-23 00:00:30
RM-HTL0008-252,HTL0008,252,STD,Standard Room,62.34,1,2019-10-06 05:27:07,2020-09-15 07:38:30
RM-HTL0008-253,HTL0008,253,EXE,Executive Suite,398.27,1,2019-09-30 23:06:16,2019-09-30 23:06:16
RM-HTL0008-254,HTL0008,254,SUT,Suite Room,261.5,1,2019-09-27 01:43:22,2022-01-12 07:08:04
RM-HTL0008-255,HTL0008,255,SUT,Suite Room,249.5,1,2019-09-23 17:34:26,2026-03-02 13:20:02
RM-HTL0008-256,HTL0008,256,DLX,Deluxe Room,111.19,1,2019-10-19 11:01:25,2024-04-16 14:54:39
RM-HTL0008-257,HTL0008,257,STD,Standard Room,52.44,1,2019-10-09 04:11:51,2019-10-09 04:11:51
RM-HTL0008-258,HTL0008,258,DLX,Deluxe Room,105.05,1,2019-09-26 23:06:10,2023-04-15 20:03:06
RM-HTL0008-259,HTL0008,259,STD,Standard Room,53.5,1,2019-09-26 11:39:43,2019-09-26 11:39:43
RM-HTL0008-260,HTL0008,260,STD,Standard Room,62.43,1,2019-10-05 15:56:31,2019-10-05 15:56:31
RM-HTL0008-261,HTL0008,261,DLX,Deluxe Room,108.88,1,2019-10-14 15:30:55,2022-08-31 09:33:31
RM-HTL0008-262,HTL0008,262,SUT,Suite Room,248.07,1,2019-10-16 10:34:51,2021-09-21 10:32:04
RM-HTL0008-263,HTL0008,263,DLX,Deluxe Room,119.79,1,2019-09-28 16:16:13,2021-09-17 09:15:22
RM-HTL0008-264,HTL0008,264,SUP,Superior Room,85.21,1,2019-09-30 05:53:46,2025-09-01 19:03:50
RM-HTL0008-265,HTL0008,265,DLX,Deluxe Room,121.46,1,2019-10-05 05:18:14,2021-03-09 01:54:49
RM-HTL0008-266,HTL0008,266,EXE,Executive Suite,398.83,0,2019-10-17 19:16:14,2019-10-17 19:16:14
RM-HTL0008-267,HTL0008,267,SUP,Superior Room,88.27,1,2019-10-05 19:07:41,2026-05-16 23:20:54
RM-HTL0008-268,HTL0008,268,STD,Standard Room,53.67,1,2019-10-14 17:19:40,2019-10-14 17:19:40
RM-HTL0008-269,HTL0008,269,STD,Standard Room,47.95,1,2019-09-27 12:28:07,2023-04-10 07:30:27
RM-HTL0008-270,HTL0008,270,SUP,Superior Room,80.68,1,2019-10-14 22:20:33,2019-10-14 22:20:33
RM-HTL0008-271,HTL0008,271,DLX,Deluxe Room,116.33,1,2019-09-30 17:20:39,2019-09-30 17:20:39
RM-HTL0008-272,HTL0008,272,STD,Standard Room,52.77,1,2019-10-04 09:42:22,2019-10-04 09:42:22
RM-HTL0008-273,HTL0008,273,SUP,Superior Room,79.85,1,2019-10-22 13:00:19,2020-12-02 19:50:19
RM-HTL0008-274,HTL0008,274,STD,Standard Room,50.48,0,2019-10-22 18:34:06,2023-09-02 19:11:13
RM-HTL0008-275,HTL0008,275,EXE,Executive Suite,411.34,1,2019-10-19 04:08:00,2021-09-22 08:58:17
RM-HTL0008-276,HTL0008,276,STD,Standard Room,105.94,1,2019-10-08 21:04:46,2023-07-29 08:16:06
RM-HTL0008-277,HTL0008,277,DLX,Deluxe Room,109.94,1,2019-10-03 22:37:27,2021-06-26 21:00:37
RM-HTL0008-278,HTL0008,278,SUT,Suite Room,260.69,1,2019-10-11 16:34:22,2019-10-11 16:34:22
RM-HTL0008-279,HTL0008,279,STD,Standard Room,55.01,1,2019-10-03 14:57:24,2019-10-03 14:57:24
RM-HTL0008-280,HTL0008,280,STD,Standard Room,62.91,1,2019-10-11 23:14:33,2021-03-20 22:11:31
RM-HTL0008-281,HTL0008,281,STD,Standard Room,55.26,1,2019-10-22 03:26:41,2022-10-23 00:44:02
RM-HTL0008-282,HTL0008,282,STD,Standard Room,51.96,1,2019-10-04 23:28:58,2022-10-04 12:00:37
RM-HTL0008-283,HTL0008,283,SUP,Superior Room,76.55,1,2019-10-02 06:42:52,2026-04-04 04:44:24
RM-HTL0008-284,HTL0008,284,DLX,Deluxe Room,107.25,1,2019-10-14 06:45:08,2023-03-03 14:29:21
RM-HTL0008-285,HTL0008,285,DLX,Deluxe Room,124.44,1,2019-09-22 14:51:32,2019-09-22 14:51:32
RM-HTL0008-286,HTL0008,286,EXE,Executive Suite,409.69,1,2019-09-26 02:10:08,2025-02-02 23:39:42
RM-HTL0008-287,HTL0008,287,SUT,Suite Room,250.22,1,2019-10-04 05:30:32,2020-01-15 19:47:24
RM-HTL0008-288,HTL0008,288,DLX,Deluxe Room,113.53,1,2019-10-04 13:13:48,2022-08-07 15:12:27
RM-HTL0008-289,HTL0008,289,SUP,Superior Room,70.18,1,2019-10-11 04:22:08,2019-10-11 04:22:08
RM-HTL0008-290,HTL0008,290,SUT,Suite Room,245.48,1,2019-09-26 01:37:31,2026-04-23 05:00:26
RM-HTL0008-291,HTL0008,291,SUP,Superior Room,72.62,1,2019-10-12 11:29:05,2020-01-01 13:13:17
RM-HTL0008-292,HTL0008,292,DLX,Deluxe Room,124.57,1,2019-09-28 06:06:53,2019-09-28 06:06:53
RM-HTL0008-293,HTL0008,293,EXE,Executive Suite,405.7,1,2019-10-03 06:13:59,2019-10-03 06:13:59
RM-HTL0008-294,HTL0008,294,EXE,Executive Suite,395.88,1,2019-09-29 03:37:39,2023-02-17 13:49:53
RM-HTL0008-295,HTL0008,295,SUT,Suite Room,252.89,1,2019-10-01 03:30:28,2019-10-01 03:30:28
RM-HTL0008-296,HTL0008,296,SUP,Superior Room,87.4,1,2019-10-11 13:44:48,2021-03-15 01:01:16
RM-HTL0008-297,HTL0008,297,SUP,Superior Room,84.37,1,2019-10-13 21:59:23,2024-06-11 08:52:31
RM-HTL0008-298,HTL0008,298,EXE,Executive Suite,401.87,1,2019-10-17 02:54:01,2019-10-17 02:54:01
RM-HTL0008-299,HTL0008,299,EXE,Executive Suite,408.82,1,2019-10-02 15:29:48,2019-10-02 15:29:48
RM-HTL0008-300,HTL0008,300,DLX,Deluxe Room,120.05,1,2019-09-29 14:57:27,2024-02-13 17:07:57
RM-HTL0009-101,HTL0009,101,EXE,Executive Suite,414.24,1,2022-09-22 08:49:48,2023-08-27 18:32:48
RM-HTL0009-102,HTL0009,102,EXE,Executive Suite,399.55,1,2022-09-17 11:35:22,2023-04-05 07:22:37
RM-HTL0009-103,HTL0009,103,SUP,Superior Room,83.02,1,2022-10-01 06:16:29,2026-02-10 13:26:20
RM-HTL0009-104,HTL0009,104,SUT,Suite Room,245.35,1,2022-10-02 02:04:24,2022-10-02 02:04:24
RM-HTL0009-105,HTL0009,105,EXE,Executive Suite,409.61,1,2022-09-26 04:36:22,2022-11-15 18:40:02
RM-HTL0009-106,HTL0009,106,SUP,Superior Room,79.12,1,2022-09-15 07:19:16,2023-01-11 09:47:44
RM-HTL0009-107,HTL0009,107,STD,Standard Room,49.11,1,2022-09-14 12:47:56,2023-04-08 15:36:24
RM-HTL0009-108,HTL0009,108,EXE,Executive Suite,409.93,1,2022-09-29 02:48:17,2024-12-04 15:08:31
RM-HTL0009-109,HTL0009,109,EXE,Executive Suite,448.16,1,2022-10-10 01:55:56,2024-03-31 20:34:44
RM-HTL0009-110,HTL0009,110,STD,Standard Room,61.32,1,2022-10-06 09:20:19,2025-11-26 17:22:06
RM-HTL0009-111,HTL0009,111,STD,Standard Room,57.22,1,2022-09-27 17:59:42,2024-05-11 20:15:03
RM-HTL0009-112,HTL0009,112,STD,Standard Room,52.54,1,2022-09-20 07:27:53,2024-10-20 05:33:33
RM-HTL0009-113,HTL0009,113,EXE,Executive Suite,396.32,1,2022-10-08 22:07:26,2023-04-09 14:15:44
RM-HTL0009-114,HTL0009,114,DLX,Deluxe Room,111.72,1,2022-10-10 21:00:07,2023-10-27 20:17:57
RM-HTL0009-115,HTL0009,115,STD,Standard Room,54.19,1,2022-10-11 11:09:18,2025-03-06 05:19:18
RM-HTL0009-116,HTL0009,116,SUP,Superior Room,70.13,1,2022-10-10 13:26:17,2023-12-14 04:02:17
RM-HTL0009-117,HTL0009,117,STD,Standard Room,45.95,1,2022-10-13 17:12:35,2024-09-15 14:56:20
RM-HTL0009-118,HTL0009,118,SUP,Superior Room,77.15,1,2022-09-29 22:08:26,2026-03-02 06:46:35
RM-HTL0009-119,HTL0009,119,STD,Standard Room,63.27,1,2022-10-14 18:15:10,2025-07-04 22:40:36
RM-HTL0009-120,HTL0009,120,DLX,Deluxe Room,117.04,1,2022-10-07 10:04:29,2024-06-17 20:38:23
RM-HTL0009-121,HTL0009,121,EXE,Executive Suite,403.92,1,2022-10-07 18:05:56,2022-10-07 18:05:56
RM-HTL0009-122,HTL0009,122,EXE,Executive Suite,411.59,1,2022-09-17 13:22:55,2022-09-17 13:22:55
RM-HTL0009-123,HTL0009,123,DLX,Deluxe Room,116.77,1,2022-09-29 03:35:41,2022-09-29 03:35:41
RM-HTL0009-124,HTL0009,124,EXE,Executive Suite,410.4,1,2022-10-14 23:27:24,2022-10-14 23:27:24
RM-HTL0009-125,HTL0009,125,EXE,Executive Suite,396.23,1,2022-10-03 09:50:59,2024-08-03 00:01:39
RM-HTL0009-126,HTL0009,126,SUP,Superior Room,127.42,1,2022-10-10 06:38:41,2022-10-10 06:38:41
RM-HTL0009-127,HTL0009,127,EXE,Executive Suite,404.51,1,2022-10-01 12:37:29,2023-06-25 14:34:02
RM-HTL0009-128,HTL0009,128,SUT,Suite Room,262.6,1,2022-09-26 18:18:58,2025-08-06 23:10:26
RM-HTL0009-129,HTL0009,129,DLX,Deluxe Room,123.17,1,2022-09-27 17:57:21,2024-09-07 14:29:37
RM-HTL0009-130,HTL0009,130,STD,Standard Room,55.8,1,2022-10-09 01:54:05,2024-02-28 00:50:36
RM-HTL0009-131,HTL0009,131,DLX,Deluxe Room,110.01,1,2022-09-15 17:10:00,2022-09-24 21:43:08
RM-HTL0009-132,HTL0009,132,EXE,Executive Suite,413.62,1,2022-10-10 00:43:22,2025-02-18 15:26:01
RM-HTL0009-133,HTL0009,133,STD,Standard Room,55.07,1,2022-10-10 21:15:13,2025-09-10 02:28:38
RM-HTL0009-134,HTL0009,134,EXE,Executive Suite,408.37,1,2022-09-30 01:08:03,2022-09-30 01:08:03
RM-HTL0009-135,HTL0009,135,STD,Standard Room,47.74,1,2022-10-12 22:57:04,2022-10-12 22:57:04
RM-HTL0009-136,HTL0009,136,EXE,Executive Suite,396.15,1,2022-09-29 18:45:17,2022-09-29 18:45:17
RM-HTL0009-137,HTL0009,137,DLX,Deluxe Room,118.98,1,2022-09-22 01:47:28,2024-07-23 17:25:47
RM-HTL0009-138,HTL0009,138,SUP,Superior Room,83.26,1,2022-10-09 02:02:02,2022-10-09 02:02:02
RM-HTL0009-139,HTL0009,139,EXE,Executive Suite,397.19,1,2022-10-07 03:38:00,2024-03-26 04:19:04
RM-HTL0009-140,HTL0009,140,SUP,Superior Room,83.86,1,2022-10-03 20:53:14,2023-09-04 21:09:13
RM-HTL0009-141,HTL0009,141,EXE,Executive Suite,412.57,1,2022-09-22 20:40:00,2022-11-18 17:59:07
RM-HTL0009-142,HTL0009,142,EXE,Executive Suite,405.16,1,2022-10-14 22:22:29,2022-10-14 22:22:29
RM-HTL0009-143,HTL0009,143,SUT,Suite Room,257.83,1,2022-10-02 12:49:36,2023-04-17 06:53:07
RM-HTL0009-144,HTL0009,144,DLX,Deluxe Room,109.74,1,2022-09-27 21:41:40,2023-10-05 03:21:27
RM-HTL0009-145,HTL0009,145,STD,Standard Room,55.77,1,2022-09-27 11:34:48,2023-08-22 09:01:40
RM-HTL0009-146,HTL0009,146,DLX,Deluxe Room,123.3,1,2022-10-10 05:39:04,2022-10-10 05:39:04
RM-HTL0009-147,HTL0009,147,EXE,Executive Suite,405.81,1,2022-10-12 04:22:00,2025-03-19 02:33:38
RM-HTL0009-148,HTL0009,148,DLX,Deluxe Room,105.24,1,2022-10-05 03:16:31,2022-10-05 03:16:31
RM-HTL0009-149,HTL0009,149,STD,Standard Room,46.43,1,2022-09-19 09:15:27,2025-02-14 14:11:19
RM-HTL0009-150,HTL0009,150,SUP,Superior Room,88.8,1,2022-09-15 14:23:26,2025-09-26 11:55:42
RM-HTL0010-101,HTL0010,101,STD,Standard Room,56.3,1,2022-11-12 14:43:39,2026-02-24 02:31:45
RM-HTL0010-102,HTL0010,102,SUP,Superior Room,75.42,1,2022-11-13 17:18:58,2023-12-26 13:02:30
RM-HTL0010-103,HTL0010,103,STD,Standard Room,55.08,1,2022-11-24 00:50:58,2022-11-24 00:50:58
RM-HTL0010-104,HTL0010,104,EXE,Executive Suite,403.45,1,2022-11-14 19:17:13,2025-06-03 02:14:59
RM-HTL0010-105,HTL0010,105,EXE,Executive Suite,410.58,1,2022-11-05 21:46:35,2025-12-04 17:41:17
RM-HTL0010-106,HTL0010,106,EXE,Executive Suite,397.18,1,2022-11-26 08:26:38,2024-03-16 17:28:57
RM-HTL0010-107,HTL0010,107,STD,Standard Room,60.18,1,2022-11-29 08:24:40,2022-11-29 08:24:40
RM-HTL0010-108,HTL0010,108,DLX,Deluxe Room,109.48,1,2022-11-21 17:17:38,2022-11-21 17:17:38
RM-HTL0010-109,HTL0010,109,DLX,Deluxe Room,124.88,1,2022-11-06 22:38:25,2024-11-29 20:46:56
RM-HTL0010-110,HTL0010,110,SUT,Suite Room,262.17,1,2022-11-19 07:40:33,2025-06-19 13:09:46
RM-HTL0010-111,HTL0010,111,STD,Standard Room,63.28,1,2022-11-21 06:03:49,2022-11-21 06:03:49
RM-HTL0010-112,HTL0010,112,SUP,Superior Room,77.62,1,2022-12-01 22:29:50,2022-12-01 22:29:50
RM-HTL0010-113,HTL0010,113,STD,Standard Room,64.48,1,2022-11-15 04:56:42,2025-08-21 11:57:30
RM-HTL0010-114,HTL0010,114,EXE,Executive Suite,410.63,1,2022-11-12 21:06:00,2024-06-05 19:40:45
RM-HTL0010-115,HTL0010,115,SUT,Suite Room,248.23,1,2022-11-22 19:47:16,2024-02-13 20:10:47
RM-HTL0010-116,HTL0010,116,SUP,Superior Room,71.23,1,2022-11-16 10:54:59,2023-05-23 05:26:36
RM-HTL0010-117,HTL0010,117,DLX,Deluxe Room,116.5,1,2022-11-11 08:19:13,2026-01-23 13:03:31
RM-HTL0010-118,HTL0010,118,EXE,Executive Suite,399.71,1,2022-11-02 19:38:18,2022-11-02 19:38:18
RM-HTL0010-119,HTL0010,119,SUT,Suite Room,249.52,1,2022-11-08 06:53:02,2024-12-25 19:12:22
RM-HTL0010-120,HTL0010,120,SUT,Suite Room,264.71,1,2022-11-14 11:05:42,2024-08-02 02:28:45
RM-HTL0010-121,HTL0010,121,DLX,Deluxe Room,119.79,1,2022-11-27 01:43:53,2025-12-08 08:39:49
RM-HTL0010-122,HTL0010,122,DLX,Deluxe Room,108.82,1,2022-11-12 20:39:14,2022-11-12 20:39:14
RM-HTL0010-123,HTL0010,123,SUP,Superior Room,76.79,1,2022-11-06 09:27:03,2022-11-06 09:27:03
RM-HTL0010-124,HTL0010,124,STD,Standard Room,57.02,1,2022-11-24 18:50:05,2022-11-24 18:50:05
RM-HTL0010-125,HTL0010,125,SUT,Suite Room,248.24,1,2022-11-14 18:16:52,2022-11-14 18:16:52
RM-HTL0010-126,HTL0010,126,EXE,Executive Suite,401.43,1,2022-11-18 19:09:58,2024-10-05 12:49:01
RM-HTL0010-127,HTL0010,127,SUT,Suite Room,245.48,1,2022-11-21 11:37:23,2023-07-21 12:31:40
RM-HTL0010-128,HTL0010,128,EXE,Executive Suite,412.58,1,2022-11-22 22:20:40,2023-11-28 04:17:13
RM-HTL0010-129,HTL0010,129,SUP,Superior Room,80.42,1,2022-11-26 14:07:31,2022-11-26 14:07:31
RM-HTL0010-130,HTL0010,130,SUP,Superior Room,70.85,1,2022-11-25 07:31:13,2025-04-18 08:31:27
RM-HTL0010-131,HTL0010,131,EXE,Executive Suite,413.96,1,2022-11-16 12:48:23,2023-03-28 02:40:58
RM-HTL0010-132,HTL0010,132,STD,Standard Room,46.63,1,2022-11-09 23:40:07,2025-12-15 22:12:46
RM-HTL0010-133,HTL0010,133,STD,Standard Room,63.95,1,2022-11-12 01:09:29,2025-06-12 08:38:20
RM-HTL0010-134,HTL0010,134,STD,Standard Room,52.61,1,2022-11-03 17:40:14,2026-01-07 21:19:51
RM-HTL0010-135,HTL0010,135,STD,Standard Room,58.48,1,2022-11-21 13:35:06,2026-01-26 02:19:48
RM-HTL0010-136,HTL0010,136,SUT,Suite Room,253.11,1,2022-11-22 07:09:15,2022-11-22 07:09:15
RM-HTL0010-137,HTL0010,137,EXE,Executive Suite,412.36,1,2022-11-18 16:24:00,2025-08-13 00:10:07
RM-HTL0010-138,HTL0010,138,STD,Standard Room,59.63,1,2022-11-22 00:43:30,2022-11-22 00:43:30
RM-HTL0010-139,HTL0010,139,STD,Standard Room,55.87,1,2022-11-21 22:23:16,2023-10-09 05:36:58
RM-HTL0010-140,HTL0010,140,SUT,Suite Room,263.32,1,2022-11-07 17:10:06,2022-11-07 17:10:06
RM-HTL0010-141,HTL0010,141,DLX,Deluxe Room,110.74,1,2022-11-15 14:25:00,2023-06-18 09:19:42
RM-HTL0010-142,HTL0010,142,EXE,Executive Suite,407.33,1,2022-11-01 14:19:34,2025-02-23 00:04:33
RM-HTL0010-143,HTL0010,143,SUT,Suite Room,256.86,1,2022-11-17 03:33:03,2022-11-17 03:33:03
RM-HTL0010-144,HTL0010,144,DLX,Deluxe Room,116.38,1,2022-11-04 17:13:19,2023-10-29 22:26:27
RM-HTL0010-145,HTL0010,145,SUT,Suite Room,250.02,1,2022-11-21 11:19:50,2024-02-03 22:08:15
RM-HTL0010-146,HTL0010,146,SUP,Superior Room,81.64,1,2022-11-26 01:28:33,2022-11-26 01:28:33
RM-HTL0010-147,HTL0010,147,SUT,Suite Room,250.62,1,2022-11-28 05:48:43,2022-12-05 11:50:50
RM-HTL0010-148,HTL0010,148,DLX,Deluxe Room,118.73,1,2022-11-21 01:31:04,2022-11-21 01:31:04
RM-HTL0010-149,HTL0010,149,SUT,Suite Room,262.04,1,2022-11-25 22:25:16,2023-05-01 00:07:40
RM-HTL0010-150,HTL0010,150,SUT,Suite Room,264.53,1,2022-11-06 02:05:29,2023-10-24 23:21:54
RM-HTL0011-101,HTL0011,101,DLX,Deluxe Room,118.66,1,2022-07-14 18:00:48,2024-05-11 07:23:10
RM-HTL0011-102,HTL0011,102,EXE,Executive Suite,413.46,1,2022-07-01 22:24:14,2026-05-02 04:15:29
RM-HTL0011-103,HTL0011,103,DLX,Deluxe Room,124.11,1,2022-07-11 18:55:38,2023-11-28 02:56:27
RM-HTL0011-104,HTL0011,104,STD,Standard Room,55.96,1,2022-07-18 11:18:14,2024-07-20 10:45:41
RM-HTL0011-105,HTL0011,105,SUP,Superior Room,77.42,1,2022-07-07 23:32:41,2022-12-26 22:31:30
RM-HTL0011-106,HTL0011,106,SUT,Suite Room,246.9,1,2022-06-20 02:11:58,2025-02-21 12:04:16
RM-HTL0011-107,HTL0011,107,STD,Standard Room,58.92,1,2022-06-28 14:13:03,2022-09-22 22:03:51
RM-HTL0011-108,HTL0011,108,EXE,Executive Suite,399.42,1,2022-06-28 19:51:02,2023-02-24 11:25:46
RM-HTL0011-109,HTL0011,109,EXE,Executive Suite,406.45,1,2022-07-13 22:39:19,2022-07-13 22:39:19
RM-HTL0011-110,HTL0011,110,STD,Standard Room,60.37,1,2022-07-18 06:34:28,2022-07-18 06:34:28
RM-HTL0011-111,HTL0011,111,SUT,Suite Room,274.97,1,2022-06-20 21:37:32,2022-06-20 21:37:32
RM-HTL0011-112,HTL0011,112,DLX,Deluxe Room,121.76,1,2022-07-12 12:33:36,2024-03-31 11:19:54
RM-HTL0011-113,HTL0011,113,SUP,Superior Room,78.83,1,2022-07-04 12:37:26,2024-01-14 22:05:07
RM-HTL0011-114,HTL0011,114,SUT,Suite Room,254.81,1,2022-06-22 03:27:18,2022-06-22 03:27:18
RM-HTL0011-115,HTL0011,115,STD,Standard Room,45.74,1,2022-06-30 06:11:32,2025-03-21 18:35:10
RM-HTL0011-116,HTL0011,116,EXE,Executive Suite,396.21,1,2022-07-13 16:00:28,2026-01-27 11:11:17
RM-HTL0011-117,HTL0011,117,EXE,Executive Suite,407.21,1,2022-07-10 14:44:48,2022-09-04 12:30:47
RM-HTL0011-118,HTL0011,118,EXE,Executive Suite,395.66,1,2022-07-16 19:19:23,2025-11-10 09:19:36
RM-HTL0011-119,HTL0011,119,DLX,Deluxe Room,111.37,1,2022-06-20 00:03:08,2026-02-13 16:12:31
RM-HTL0011-120,HTL0011,120,EXE,Executive Suite,398.35,1,2022-06-24 10:06:20,2022-06-24 10:06:20
RM-HTL0011-121,HTL0011,121,STD,Standard Room,60.39,1,2022-07-12 02:53:12,2022-07-12 02:53:12
RM-HTL0011-122,HTL0011,122,SUP,Superior Room,83.61,1,2022-07-18 04:36:48,2022-11-13 20:32:43
RM-HTL0011-123,HTL0011,123,DLX,Deluxe Room,124.25,1,2022-06-25 15:36:07,2023-07-28 19:37:44
RM-HTL0011-124,HTL0011,124,SUP,Superior Room,88.42,1,2022-07-17 11:52:30,2026-03-27 06:25:04
RM-HTL0011-125,HTL0011,125,DLX,Deluxe Room,124.53,1,2022-07-11 13:37:25,2024-10-05 23:51:38
RM-HTL0011-126,HTL0011,126,STD,Standard Room,54.63,1,2022-06-22 12:03:30,2022-06-22 12:03:30
RM-HTL0011-127,HTL0011,127,SUT,Suite Room,258.69,1,2022-06-29 19:11:05,2023-03-14 16:10:34
RM-HTL0011-128,HTL0011,128,DLX,Deluxe Room,108.2,1,2022-06-26 10:55:56,2022-06-26 10:55:56
RM-HTL0011-129,HTL0011,129,SUP,Superior Room,72.86,1,2022-07-05 11:56:56,2022-07-05 11:56:56
RM-HTL0011-130,HTL0011,130,SUT,Suite Room,264.94,1,2022-07-07 09:12:19,2022-07-07 09:12:19
RM-HTL0011-131,HTL0011,131,STD,Standard Room,50.6,1,2022-06-24 04:01:26,2026-05-17 20:39:45
RM-HTL0011-132,HTL0011,132,SUP,Superior Room,81.35,1,2022-06-26 19:44:37,2024-05-20 16:49:08
RM-HTL0011-133,HTL0011,133,SUT,Suite Room,247.58,1,2022-07-03 09:44:28,2022-08-25 02:16:33
RM-HTL0011-134,HTL0011,134,STD,Standard Room,49.37,1,2022-07-15 17:29:05,2023-06-08 16:38:28
RM-HTL0011-135,HTL0011,135,SUT,Suite Room,261.41,1,2022-06-26 09:50:23,2022-09-14 08:10:35
RM-HTL0011-136,HTL0011,136,SUT,Suite Room,251.39,1,2022-07-04 00:40:09,2022-08-25 22:53:34
RM-HTL0011-137,HTL0011,137,EXE,Executive Suite,412.35,1,2022-07-12 19:46:48,2022-07-12 19:46:48
RM-HTL0011-138,HTL0011,138,EXE,Executive Suite,414.73,1,2022-07-17 14:39:53,2026-01-11 12:51:01
RM-HTL0011-139,HTL0011,139,EXE,Executive Suite,413.45,1,2022-07-15 16:21:56,2024-04-26 06:21:42
RM-HTL0011-140,HTL0011,140,DLX,Deluxe Room,114.57,1,2022-07-02 22:30:49,2022-07-02 22:30:49
RM-HTL0011-141,HTL0011,141,SUP,Superior Room,88.8,1,2022-06-19 10:01:33,2024-06-15 18:21:27
RM-HTL0011-142,HTL0011,142,SUT,Suite Room,249.16,1,2022-06-26 04:27:42,2022-06-26 04:27:42
RM-HTL0011-143,HTL0011,143,DLX,Deluxe Room,112.48,1,2022-07-07 10:50:32,2024-09-29 03:18:40
RM-HTL0011-144,HTL0011,144,SUP,Superior Room,80.12,1,2022-06-20 10:43:42,2023-02-24 05:09:34
RM-HTL0011-145,HTL0011,145,STD,Standard Room,46.58,1,2022-07-10 14:32:28,2022-07-10 14:32:28
RM-HTL0011-146,HTL0011,146,SUT,Suite Room,263.98,1,2022-07-13 21:59:37,2024-06-16 12:57:50
RM-HTL0011-147,HTL0011,147,STD,Standard Room,59.53,1,2022-06-27 17:43:27,2024-03-08 12:03:36
RM-HTL0011-148,HTL0011,148,SUP,Superior Room,76.87,1,2022-07-01 17:36:08,2022-07-01 17:36:08
RM-HTL0011-149,HTL0011,149,EXE,Executive Suite,399.99,1,2022-06-26 10:04:41,2022-06-26 10:04:41
RM-HTL0011-150,HTL0011,150,DLX,Deluxe Room,108.02,1,2022-06-26 01:34:33,2022-06-26 01:34:33
RM-HTL0011-151,HTL0011,151,DLX,Deluxe Room,115.21,1,2022-07-13 12:42:38,2022-07-13 12:42:38
RM-HTL0011-152,HTL0011,152,STD,Standard Room,48.75,1,2022-07-09 08:28:47,2022-07-09 08:28:47
RM-HTL0011-153,HTL0011,153,STD,Standard Room,60.32,1,2022-06-29 00:46:19,2022-06-29 00:46:19
RM-HTL0011-154,HTL0011,154,STD,Standard Room,46.48,1,2022-07-14 22:34:06,2022-07-14 22:34:06
RM-HTL0011-155,HTL0011,155,EXE,Executive Suite,407.73,1,2022-07-02 15:42:35,2024-06-14 16:44:32
RM-HTL0011-156,HTL0011,156,SUP,Superior Room,76.6,1,2022-06-30 21:27:11,2024-11-06 05:16:23
RM-HTL0011-157,HTL0011,157,DLX,Deluxe Room,106.04,1,2022-07-06 08:48:59,2023-02-01 06:57:59
RM-HTL0011-158,HTL0011,158,EXE,Executive Suite,445.49,1,2022-07-02 22:35:28,2024-06-05 06:51:13
RM-HTL0011-159,HTL0011,159,SUP,Superior Room,71.24,1,2022-06-25 13:10:26,2025-12-17 19:14:41
RM-HTL0011-160,HTL0011,160,SUT,Suite Room,251.98,1,2022-07-10 09:40:49,2024-01-07 16:41:22
RM-HTL0011-161,HTL0011,161,EXE,Executive Suite,405.88,1,2022-07-05 08:55:52,2025-06-17 08:14:12
RM-HTL0011-162,HTL0011,162,SUP,Superior Room,88.18,1,2022-06-28 19:54:11,2026-02-27 06:13:21
RM-HTL0011-163,HTL0011,163,DLX,Deluxe Room,119.14,1,2022-06-21 03:26:02,2022-06-21 03:26:02
RM-HTL0011-164,HTL0011,164,SUP,Superior Room,74.28,1,2022-06-30 01:50:10,2026-03-21 01:45:40
RM-HTL0011-165,HTL0011,165,STD,Standard Room,62.51,1,2022-06-20 05:10:07,2024-08-20 18:57:03
RM-HTL0011-166,HTL0011,166,STD,Standard Room,85.1,1,2022-06-19 12:16:37,2022-06-19 12:16:37
RM-HTL0011-167,HTL0011,167,DLX,Deluxe Room,112.77,1,2022-06-20 09:38:28,2026-01-16 08:56:20
RM-HTL0011-168,HTL0011,168,STD,Standard Room,60.34,1,2022-06-21 02:27:18,2024-12-03 14:50:10
RM-HTL0011-169,HTL0011,169,DLX,Deluxe Room,113.79,0,2022-07-01 15:26:11,2023-02-28 18:45:06
RM-HTL0011-170,HTL0011,170,EXE,Executive Suite,409.9,1,2022-06-20 01:35:39,2022-06-20 01:35:39
RM-HTL0011-171,HTL0011,171,STD,Standard Room,54.68,1,2022-06-29 23:34:30,2022-10-16 14:02:13
RM-HTL0011-172,HTL0011,172,SUP,Superior Room,84.43,1,2022-06-28 10:19:13,2025-02-09 16:28:36
RM-HTL0011-173,HTL0011,173,STD,Standard Room,57.48,1,2022-06-30 06:25:26,2026-04-20 11:43:12
RM-HTL0011-174,HTL0011,174,EXE,Executive Suite,401.9,1,2022-07-06 08:32:32,2024-02-14 11:01:43
RM-HTL0011-175,HTL0011,175,EXE,Executive Suite,401.05,1,2022-06-21 07:34:48,2022-06-21 07:34:48
RM-HTL0011-176,HTL0011,176,EXE,Executive Suite,412.5,1,2022-07-06 04:28:04,2023-11-25 16:33:10
RM-HTL0011-177,HTL0011,177,EXE,Executive Suite,411.65,1,2022-07-08 04:06:24,2025-11-11 23:41:01
RM-HTL0011-178,HTL0011,178,EXE,Executive Suite,408.41,1,2022-07-08 02:03:13,2024-07-27 18:53:46
RM-HTL0011-179,HTL0011,179,STD,Standard Room,60.29,1,2022-06-22 03:22:03,2023-02-12 14:06:37
RM-HTL0011-180,HTL0011,180,SUP,Superior Room,84.78,1,2022-07-13 14:18:21,2022-07-17 06:54:41
RM-HTL0012-101,HTL0012,101,EXE,Executive Suite,397.84,1,2020-03-08 19:14:58,2024-10-13 06:07:39
RM-HTL0012-102,HTL0012,102,SUP,Superior Room,71.38,1,2020-03-05 11:22:01,2025-09-19 11:10:21
RM-HTL0012-103,HTL0012,103,SUP,Superior Room,81.49,1,2020-03-17 01:03:25,2020-03-17 01:03:25
RM-HTL0012-104,HTL0012,104,DLX,Deluxe Room,119.21,1,2020-03-06 15:01:57,2021-02-14 18:55:20
RM-HTL0012-105,HTL0012,105,STD,Standard Room,51.48,1,2020-03-17 19:33:03,2025-08-09 05:06:15
RM-HTL0012-106,HTL0012,106,DLX,Deluxe Room,122.7,1,2020-02-28 02:47:23,2020-02-28 02:47:23
RM-HTL0012-107,HTL0012,107,SUP,Superior Room,71.68,1,2020-03-09 15:22:50,2025-04-24 00:54:23
RM-HTL0012-108,HTL0012,108,EXE,Executive Suite,407.97,1,2020-03-01 17:37:34,2025-12-21 22:12:30
RM-HTL0012-109,HTL0012,109,SUT,Suite Room,255.56,1,2020-02-24 05:02:23,2020-07-25 08:47:36
RM-HTL0012-110,HTL0012,110,SUT,Suite Room,250.84,1,2020-02-22 04:57:58,2020-02-22 04:57:58
RM-HTL0012-111,HTL0012,111,EXE,Executive Suite,404.55,1,2020-02-25 20:11:42,2020-02-25 20:11:42
RM-HTL0012-112,HTL0012,112,SUP,Superior Room,79.81,1,2020-02-19 14:55:51,2020-02-19 14:55:51
RM-HTL0012-113,HTL0012,113,EXE,Executive Suite,400.34,1,2020-03-15 06:24:15,2026-01-21 08:01:04
RM-HTL0012-114,HTL0012,114,EXE,Executive Suite,403.41,1,2020-03-16 03:51:44,2022-08-05 23:33:06
RM-HTL0012-115,HTL0012,115,DLX,Deluxe Room,119.4,1,2020-02-21 11:16:27,2025-06-25 00:39:07
RM-HTL0012-116,HTL0012,116,SUT,Suite Room,257.68,1,2020-02-19 15:30:31,2020-02-19 15:30:31
RM-HTL0012-117,HTL0012,117,EXE,Executive Suite,398.85,1,2020-02-17 06:40:21,2020-02-17 06:40:21
RM-HTL0012-118,HTL0012,118,SUP,Superior Room,70.32,1,2020-02-29 15:20:39,2022-02-09 14:00:38
RM-HTL0012-119,HTL0012,119,EXE,Executive Suite,414.57,1,2020-03-11 08:58:18,2022-10-29 04:44:29
RM-HTL0012-120,HTL0012,120,SUT,Suite Room,256.43,1,2020-03-05 17:53:44,2020-03-05 17:53:44
RM-HTL0012-121,HTL0012,121,SUT,Suite Room,252.47,1,2020-02-19 17:45:49,2022-09-27 03:04:57
RM-HTL0012-122,HTL0012,122,SUT,Suite Room,250.53,1,2020-03-11 05:26:52,2021-06-04 18:10:30
RM-HTL0012-123,HTL0012,123,DLX,Deluxe Room,122.92,1,2020-03-17 17:43:56,2021-07-01 06:30:04
RM-HTL0012-124,HTL0012,124,SUP,Superior Room,77.65,1,2020-03-15 04:05:11,2020-03-15 04:05:11
RM-HTL0012-125,HTL0012,125,SUP,Superior Room,81.96,1,2020-03-06 11:28:52,2025-04-21 10:06:34
RM-HTL0012-126,HTL0012,126,SUP,Superior Room,76.96,1,2020-02-16 00:11:11,2020-02-16 00:11:11
RM-HTL0012-127,HTL0012,127,SUP,Superior Room,86.74,1,2020-03-12 05:03:52,2023-01-14 18:41:49
RM-HTL0012-128,HTL0012,128,DLX,Deluxe Room,117.34,1,2020-03-02 05:02:29,2020-03-02 05:02:29
RM-HTL0012-129,HTL0012,129,SUP,Superior Room,85.0,1,2020-02-28 18:20:36,2022-12-31 05:27:39
RM-HTL0012-130,HTL0012,130,EXE,Executive Suite,414.4,0,2020-03-09 06:04:54,2023-11-25 18:44:29
RM-HTL0012-131,HTL0012,131,SUT,Suite Room,260.04,1,2020-03-03 02:53:07,2023-01-18 01:38:09
RM-HTL0012-132,HTL0012,132,EXE,Executive Suite,402.13,1,2020-02-24 15:32:36,2025-06-16 10:19:27
RM-HTL0012-133,HTL0012,133,DLX,Deluxe Room,109.53,1,2020-03-06 13:07:02,2025-04-14 21:12:04
RM-HTL0012-134,HTL0012,134,EXE,Executive Suite,413.15,1,2020-03-16 16:17:11,2024-04-15 10:12:37
RM-HTL0012-135,HTL0012,135,EXE,Executive Suite,408.0,1,2020-02-23 02:26:11,2023-03-25 00:43:42
RM-HTL0012-136,HTL0012,136,SUP,Superior Room,74.93,1,2020-03-04 05:02:03,2026-02-15 05:39:59
RM-HTL0012-137,HTL0012,137,STD,Standard Room,50.38,1,2020-03-06 20:12:26,2025-08-10 05:32:27
RM-HTL0012-138,HTL0012,138,SUP,Superior Room,83.74,1,2020-03-12 17:39:49,2022-11-27 15:29:24
RM-HTL0012-139,HTL0012,139,STD,Standard Room,61.83,1,2020-03-10 23:37:15,2025-08-14 06:44:30
RM-HTL0012-140,HTL0012,140,DLX,Deluxe Room,119.53,1,2020-02-20 18:20:48,2020-02-20 18:20:48
RM-HTL0012-141,HTL0012,141,DLX,Deluxe Room,120.03,1,2020-03-04 04:16:25,2020-03-04 04:16:25
RM-HTL0012-142,HTL0012,142,STD,Standard Room,50.15,1,2020-02-21 14:26:46,2020-02-21 14:26:46
RM-HTL0012-143,HTL0012,143,DLX,Deluxe Room,119.99,1,2020-03-08 20:27:24,2020-03-08 20:27:24
RM-HTL0012-144,HTL0012,144,EXE,Executive Suite,448.21,1,2020-03-11 23:22:32,2020-03-11 23:22:32
RM-HTL0012-145,HTL0012,145,EXE,Executive Suite,412.57,1,2020-03-05 00:19:31,2025-12-24 07:01:55
RM-HTL0012-146,HTL0012,146,STD,Standard Room,50.59,1,2020-02-24 21:32:05,2020-02-24 21:32:05
RM-HTL0012-147,HTL0012,147,STD,Standard Room,48.93,1,2020-02-23 07:35:25,2025-10-23 08:30:35
RM-HTL0012-148,HTL0012,148,STD,Standard Room,53.24,1,2020-03-09 15:36:12,2020-03-09 15:36:12
RM-HTL0012-149,HTL0012,149,SUT,Suite Room,261.22,1,2020-03-05 12:32:09,2021-09-07 12:38:57
RM-HTL0012-150,HTL0012,150,SUT,Suite Room,251.46,1,2020-02-18 13:14:16,2020-02-18 13:14:16
RM-HTL0012-151,HTL0012,151,SUT,Suite Room,248.5,1,2020-03-11 09:43:45,2020-03-11 09:43:45
RM-HTL0012-152,HTL0012,152,SUT,Suite Room,248.11,1,2020-02-22 11:13:03,2023-09-11 04:43:15
RM-HTL0012-153,HTL0012,153,STD,Standard Room,48.79,1,2020-02-19 16:07:28,2022-10-12 08:43:33
RM-HTL0012-154,HTL0012,154,SUP,Superior Room,70.05,1,2020-02-19 20:01:12,2023-07-09 18:23:38
RM-HTL0012-155,HTL0012,155,EXE,Executive Suite,413.38,1,2020-02-27 13:16:46,2020-02-27 13:16:46
RM-HTL0012-156,HTL0012,156,EXE,Executive Suite,402.29,1,2020-03-01 15:04:09,2020-03-01 15:04:09
RM-HTL0012-157,HTL0012,157,STD,Standard Room,64.24,1,2020-02-20 03:50:01,2021-05-20 00:19:00
RM-HTL0012-158,HTL0012,158,SUP,Superior Room,75.46,1,2020-03-15 00:40:59,2023-09-22 06:26:25
RM-HTL0012-159,HTL0012,159,SUT,Suite Room,261.88,1,2020-02-24 08:48:47,2021-04-18 23:24:09
RM-HTL0012-160,HTL0012,160,EXE,Executive Suite,411.17,1,2020-03-09 01:02:04,2020-03-09 01:02:04
RM-HTL0012-161,HTL0012,161,SUT,Suite Room,259.51,1,2020-02-16 22:31:26,2023-03-18 23:36:52
RM-HTL0012-162,HTL0012,162,EXE,Executive Suite,397.14,1,2020-03-08 16:41:06,2022-06-30 15:05:34
RM-HTL0012-163,HTL0012,163,DLX,Deluxe Room,105.56,1,2020-03-17 01:18:51,2021-03-31 10:39:18
RM-HTL0012-164,HTL0012,164,STD,Standard Room,50.79,1,2020-03-05 15:06:25,2025-04-30 20:54:14
RM-HTL0012-165,HTL0012,165,DLX,Deluxe Room,122.96,1,2020-03-12 08:17:56,2024-02-10 13:50:40
RM-HTL0012-166,HTL0012,166,EXE,Executive Suite,398.52,1,2020-02-23 11:39:18,2021-04-12 03:08:01
RM-HTL0012-167,HTL0012,167,SUT,Suite Room,249.48,1,2020-03-06 00:40:32,2023-06-02 03:49:51
RM-HTL0012-168,HTL0012,168,EXE,Executive Suite,399.47,1,2020-03-09 07:04:14,2020-03-09 07:04:14
RM-HTL0012-169,HTL0012,169,STD,Standard Room,48.95,1,2020-03-05 12:12:58,2023-08-13 12:13:11
RM-HTL0012-170,HTL0012,170,DLX,Deluxe Room,105.82,1,2020-02-26 02:15:53,2022-12-15 03:34:52
RM-HTL0012-171,HTL0012,171,SUT,Suite Room,252.53,1,2020-03-15 04:34:53,2023-02-13 10:07:55
RM-HTL0012-172,HTL0012,172,STD,Standard Room,48.0,1,2020-02-28 23:17:28,2026-03-21 22:35:28
RM-HTL0012-173,HTL0012,173,SUT,Suite Room,250.04,1,2020-03-11 01:19:59,2020-03-11 01:19:59
RM-HTL0012-174,HTL0012,174,SUT,Suite Room,260.87,1,2020-03-01 04:09:59,2020-03-28 17:30:58
RM-HTL0012-175,HTL0012,175,EXE,Executive Suite,397.17,1,2020-02-20 14:27:47,2021-03-04 07:32:08
RM-HTL0012-176,HTL0012,176,DLX,Deluxe Room,124.68,1,2020-02-28 18:18:04,2020-02-28 18:18:04
RM-HTL0012-177,HTL0012,177,SUT,Suite Room,253.32,1,2020-03-02 09:32:16,2020-12-29 05:43:42
RM-HTL0012-178,HTL0012,178,SUP,Superior Room,80.98,1,2020-02-24 13:39:12,2026-02-22 07:25:03
RM-HTL0012-179,HTL0012,179,EXE,Executive Suite,405.93,1,2020-02-17 04:36:03,2020-08-24 07:58:49
RM-HTL0012-180,HTL0012,180,SUT,Suite Room,262.35,1,2020-02-19 10:51:00,2020-08-27 06:57:31
RM-HTL0013-101,HTL0013,101,SUT,Suite Room,257.73,1,2022-02-12 21:24:38,2022-02-12 21:24:38
RM-HTL0013-102,HTL0013,102,DLX,Deluxe Room,114.58,1,2022-01-31 23:35:40,2022-03-25 13:26:02
RM-HTL0013-103,HTL0013,103,STD,Standard Room,56.88,1,2022-02-09 09:26:20,2024-03-27 12:58:57
RM-HTL0013-104,HTL0013,104,STD,Standard Room,63.74,1,2022-02-12 18:10:47,2022-02-12 18:10:47
RM-HTL0013-105,HTL0013,105,SUT,Suite Room,264.12,1,2022-02-18 00:24:06,2023-01-06 01:56:49
RM-HTL0013-106,HTL0013,106,DLX,Deluxe Room,124.53,1,2022-02-09 18:14:18,2022-02-09 18:14:18
RM-HTL0013-107,HTL0013,107,EXE,Executive Suite,395.92,1,2022-02-15 17:49:58,2025-06-01 14:59:47
RM-HTL0013-108,HTL0013,108,STD,Standard Room,50.76,1,2022-02-13 11:16:45,2022-02-13 11:16:45
RM-HTL0013-109,HTL0013,109,SUT,Suite Room,255.47,1,2022-02-20 04:18:32,2025-06-02 17:59:34
RM-HTL0013-110,HTL0013,110,SUP,Superior Room,80.48,1,2022-02-13 18:09:10,2022-02-13 18:09:10
RM-HTL0013-111,HTL0013,111,EXE,Executive Suite,406.7,1,2022-02-08 11:17:06,2026-02-11 04:12:26
RM-HTL0013-112,HTL0013,112,DLX,Deluxe Room,111.09,1,2022-02-15 01:42:58,2025-05-23 12:55:28
RM-HTL0013-113,HTL0013,113,EXE,Executive Suite,413.97,1,2022-02-04 11:26:00,2025-05-30 03:25:19
RM-HTL0013-114,HTL0013,114,SUT,Suite Room,259.37,1,2022-02-08 21:35:04,2025-11-19 10:37:02
RM-HTL0013-115,HTL0013,115,DLX,Deluxe Room,107.47,1,2022-02-01 04:38:47,2022-10-29 16:48:34
RM-HTL0013-116,HTL0013,116,EXE,Executive Suite,410.59,1,2022-02-14 17:03:04,2023-10-12 09:10:24
RM-HTL0013-117,HTL0013,117,SUT,Suite Room,251.22,1,2022-01-31 10:48:57,2025-01-30 09:47:38
RM-HTL0013-118,HTL0013,118,SUP,Superior Room,80.68,1,2022-02-20 19:38:46,2022-02-20 19:38:46
RM-HTL0013-119,HTL0013,119,DLX,Deluxe Room,111.51,1,2022-01-30 22:36:58,2025-10-27 00:53:23
RM-HTL0013-120,HTL0013,120,DLX,Deluxe Room,106.61,1,2022-02-14 16:10:18,2022-04-01 08:32:16
RM-HTL0013-121,HTL0013,121,EXE,Executive Suite,405.94,1,2022-02-18 04:51:59,2022-07-14 04:01:39
RM-HTL0013-122,HTL0013,122,DLX,Deluxe Room,116.06,1,2022-02-06 14:56:56,2022-02-06 14:56:56
RM-HTL0013-123,HTL0013,123,DLX,Deluxe Room,118.11,1,2022-01-30 14:39:04,2022-09-23 07:28:11
RM-HTL0013-124,HTL0013,124,STD,Standard Room,60.24,1,2022-02-09 20:37:12,2022-02-09 20:37:12
RM-HTL0013-125,HTL0013,125,SUP,Superior Room,76.84,1,2022-02-21 09:17:35,2022-02-21 09:17:35
RM-HTL0013-126,HTL0013,126,DLX,Deluxe Room,106.95,1,2022-02-19 18:52:38,2024-12-26 14:56:29
RM-HTL0013-127,HTL0013,127,EXE,Executive Suite,413.78,1,2022-02-13 08:28:37,2024-01-19 03:13:20
RM-HTL0013-128,HTL0013,128,SUT,Suite Room,256.9,1,2022-02-04 21:13:32,2025-09-20 23:38:31
RM-HTL0013-129,HTL0013,129,DLX,Deluxe Room,107.32,1,2022-01-29 21:50:50,2022-01-29 21:50:50
RM-HTL0013-130,HTL0013,130,SUT,Suite Room,261.74,1,2022-01-28 15:49:05,2023-02-03 19:27:49
RM-HTL0013-131,HTL0013,131,STD,Standard Room,51.89,1,2022-01-24 16:16:37,2022-01-24 16:16:37
RM-HTL0013-132,HTL0013,132,DLX,Deluxe Room,110.94,1,2022-01-27 04:09:13,2023-02-16 22:32:28
RM-HTL0013-133,HTL0013,133,SUP,Superior Room,88.35,0,2022-02-09 18:29:28,2025-10-05 14:15:44
RM-HTL0013-134,HTL0013,134,SUP,Superior Room,78.71,1,2022-02-13 09:54:46,2022-02-13 09:54:46
RM-HTL0013-135,HTL0013,135,SUT,Suite Room,250.54,1,2022-01-23 05:25:46,2025-06-04 09:38:26
RM-HTL0013-136,HTL0013,136,EXE,Executive Suite,412.51,1,2022-02-17 15:28:52,2022-02-17 15:28:52
RM-HTL0013-137,HTL0013,137,EXE,Executive Suite,403.22,1,2022-02-13 06:44:26,2022-02-13 06:44:26
RM-HTL0013-138,HTL0013,138,SUP,Superior Room,134.53,1,2022-02-09 17:27:58,2024-06-21 14:49:43
RM-HTL0013-139,HTL0013,139,SUT,Suite Room,254.35,1,2022-01-28 07:12:47,2022-05-10 10:02:14
RM-HTL0013-140,HTL0013,140,SUT,Suite Room,262.26,1,2022-02-02 08:23:06,2022-02-02 08:23:06
RM-HTL0013-141,HTL0013,141,DLX,Deluxe Room,120.08,1,2022-01-27 03:05:04,2022-01-27 03:05:04
RM-HTL0013-142,HTL0013,142,SUT,Suite Room,264.99,1,2022-02-13 05:17:27,2026-03-31 01:21:40
RM-HTL0013-143,HTL0013,143,DLX,Deluxe Room,105.88,1,2022-01-25 11:53:18,2022-01-25 11:53:18
RM-HTL0013-144,HTL0013,144,SUP,Superior Room,77.26,1,2022-01-22 10:16:12,2023-01-14 04:57:46
RM-HTL0013-145,HTL0013,145,DLX,Deluxe Room,123.85,1,2022-02-07 13:07:52,2022-12-11 04:31:37
RM-HTL0013-146,HTL0013,146,EXE,Executive Suite,411.0,1,2022-02-16 14:01:35,2022-02-16 14:01:35
RM-HTL0013-147,HTL0013,147,SUP,Superior Room,75.88,1,2022-02-14 04:53:32,2022-03-31 20:04:42
RM-HTL0013-148,HTL0013,148,SUT,Suite Room,247.9,1,2022-02-07 08:26:47,2023-02-04 18:28:36
RM-HTL0013-149,HTL0013,149,SUT,Suite Room,260.71,1,2022-02-01 00:45:45,2022-02-01 00:45:45
RM-HTL0013-150,HTL0013,150,DLX,Deluxe Room,112.58,1,2022-02-03 19:20:30,2022-08-06 18:05:51
RM-HTL0013-151,HTL0013,151,SUT,Suite Room,248.61,1,2022-02-03 12:34:09,2022-02-10 20:14:56
RM-HTL0013-152,HTL0013,152,STD,Standard Room,64.14,1,2022-01-26 04:20:23,2025-05-28 05:27:45
RM-HTL0013-153,HTL0013,153,EXE,Executive Suite,405.09,1,2022-01-27 08:05:41,2022-01-27 08:05:41
RM-HTL0013-154,HTL0013,154,STD,Standard Room,59.97,1,2022-01-24 13:49:44,2024-01-02 21:52:53
RM-HTL0013-155,HTL0013,155,EXE,Executive Suite,409.49,1,2022-02-17 15:00:07,2022-02-17 15:00:07
RM-HTL0013-156,HTL0013,156,STD,Standard Room,64.8,1,2022-02-08 16:08:44,2023-05-06 05:52:44
RM-HTL0013-157,HTL0013,157,STD,Standard Room,47.68,1,2022-01-25 22:19:22,2026-03-02 22:01:47
RM-HTL0013-158,HTL0013,158,EXE,Executive Suite,411.6,1,2022-02-05 17:29:37,2024-12-20 03:20:24
RM-HTL0013-159,HTL0013,159,SUT,Suite Room,247.88,1,2022-02-04 10:24:05,2022-02-04 10:24:05
RM-HTL0013-160,HTL0013,160,STD,Standard Room,47.51,1,2022-01-24 12:59:44,2024-05-19 15:30:00
RM-HTL0013-161,HTL0013,161,EXE,Executive Suite,412.58,1,2022-02-03 05:19:11,2022-02-03 05:19:11
RM-HTL0013-162,HTL0013,162,STD,Standard Room,63.66,1,2022-02-02 20:52:27,2025-02-25 06:39:37
RM-HTL0013-163,HTL0013,163,DLX,Deluxe Room,105.4,1,2022-02-12 06:38:47,2022-05-06 03:20:20
RM-HTL0013-164,HTL0013,164,STD,Standard Room,59.3,1,2022-02-13 21:57:26,2022-02-13 21:57:26
RM-HTL0013-165,HTL0013,165,STD,Standard Room,60.61,1,2022-01-28 06:42:28,2022-01-28 06:42:28
RM-HTL0013-166,HTL0013,166,SUT,Suite Room,252.4,1,2022-01-23 00:39:45,2022-04-13 07:43:50
RM-HTL0013-167,HTL0013,167,STD,Standard Room,50.16,1,2022-02-20 11:47:14,2025-07-09 17:55:31
RM-HTL0013-168,HTL0013,168,STD,Standard Room,60.35,1,2022-02-01 10:07:31,2022-02-01 10:07:31
RM-HTL0013-169,HTL0013,169,DLX,Deluxe Room,122.93,1,2022-02-05 06:50:34,2022-02-21 05:23:28
RM-HTL0013-170,HTL0013,170,DLX,Deluxe Room,105.13,1,2022-01-30 02:22:13,2022-01-30 02:22:13
RM-HTL0013-171,HTL0013,171,EXE,Executive Suite,404.14,0,2022-02-04 04:08:16,2025-10-09 00:00:33
RM-HTL0013-172,HTL0013,172,DLX,Deluxe Room,112.5,1,2022-02-20 16:01:22,2022-02-20 16:01:22
RM-HTL0013-173,HTL0013,173,DLX,Deluxe Room,113.31,1,2022-02-04 05:32:53,2022-02-04 05:32:53
RM-HTL0013-174,HTL0013,174,DLX,Deluxe Room,115.5,1,2022-01-31 06:00:46,2023-11-13 11:29:20
RM-HTL0013-175,HTL0013,175,STD,Standard Room,62.17,1,2022-02-09 01:55:03,2022-02-09 01:55:03
RM-HTL0013-176,HTL0013,176,DLX,Deluxe Room,113.56,1,2022-02-01 15:33:20,2023-07-24 22:28:56
RM-HTL0013-177,HTL0013,177,SUT,Suite Room,261.07,1,2022-01-22 13:23:46,2022-01-22 13:23:46
RM-HTL0013-178,HTL0013,178,STD,Standard Room,63.67,1,2022-02-15 01:00:16,2025-05-23 17:52:55
RM-HTL0013-179,HTL0013,179,EXE,Executive Suite,398.87,1,2022-01-25 16:43:56,2025-08-03 18:31:19
RM-HTL0013-180,HTL0013,180,SUP,Superior Room,71.72,1,2022-01-25 02:05:56,2024-09-02 22:20:11
RM-HTL0013-181,HTL0013,181,STD,Standard Room,48.72,1,2022-01-23 16:45:24,2025-09-15 09:23:47
RM-HTL0013-182,HTL0013,182,EXE,Executive Suite,405.43,1,2022-02-15 15:28:14,2022-02-15 15:28:14
RM-HTL0013-183,HTL0013,183,EXE,Executive Suite,408.31,1,2022-02-19 08:45:48,2025-12-26 04:38:20
RM-HTL0013-184,HTL0013,184,SUP,Superior Room,86.85,1,2022-02-19 07:34:02,2022-09-13 02:38:44
RM-HTL0013-185,HTL0013,185,STD,Standard Room,54.36,1,2022-02-11 23:15:12,2025-12-26 08:54:48
RM-HTL0013-186,HTL0013,186,SUT,Suite Room,245.61,1,2022-02-03 03:03:50,2023-07-20 10:41:56
RM-HTL0013-187,HTL0013,187,DLX,Deluxe Room,108.05,1,2022-01-24 01:09:09,2023-05-31 23:26:15
RM-HTL0013-188,HTL0013,188,DLX,Deluxe Room,116.74,1,2022-02-17 03:34:31,2025-05-05 20:27:20
RM-HTL0013-189,HTL0013,189,STD,Standard Room,63.72,1,2022-01-26 21:04:17,2024-05-15 11:05:57
RM-HTL0013-190,HTL0013,190,SUT,Suite Room,261.43,1,2022-02-15 13:00:13,2022-02-15 13:00:13
RM-HTL0013-191,HTL0013,191,DLX,Deluxe Room,110.7,1,2022-01-27 11:19:35,2025-02-03 17:59:29
RM-HTL0013-192,HTL0013,192,EXE,Executive Suite,401.11,1,2022-02-05 23:21:36,2022-02-05 23:21:36
RM-HTL0013-193,HTL0013,193,STD,Standard Room,61.94,1,2022-02-21 08:25:25,2022-02-21 08:25:25
RM-HTL0013-194,HTL0013,194,SUP,Superior Room,112.04,1,2022-02-20 23:52:01,2022-02-20 23:52:01
RM-HTL0013-195,HTL0013,195,SUP,Superior Room,89.79,1,2022-02-12 23:32:38,2024-02-14 03:14:30
RM-HTL0013-196,HTL0013,196,DLX,Deluxe Room,119.26,1,2022-01-30 09:17:12,2022-02-04 01:38:40
RM-HTL0013-197,HTL0013,197,EXE,Executive Suite,398.39,1,2022-02-17 14:34:59,2022-02-17 14:34:59
RM-HTL0013-198,HTL0013,198,EXE,Executive Suite,395.49,1,2022-02-02 22:08:01,2022-10-26 06:55:48
RM-HTL0013-199,HTL0013,199,DLX,Deluxe Room,118.62,1,2022-02-10 11:47:19,2025-11-09 16:22:01
RM-HTL0013-200,HTL0013,200,STD,Standard Room,61.04,1,2022-02-21 11:51:40,2022-02-21 11:51:40
RM-HTL0013-201,HTL0013,201,EXE,Executive Suite,397.03,1,2022-01-22 10:53:20,2023-01-27 15:24:11
RM-HTL0013-202,HTL0013,202,SUT,Suite Room,247.18,1,2022-02-02 20:30:45,2023-12-12 13:29:43
RM-HTL0013-203,HTL0013,203,EXE,Executive Suite,403.41,1,2022-02-20 18:02:13,2026-01-03 10:35:28
RM-HTL0013-204,HTL0013,204,STD,Standard Room,62.47,1,2022-02-13 15:54:42,2024-12-28 18:38:55
RM-HTL0013-205,HTL0013,205,STD,Standard Room,60.22,1,2022-02-03 04:52:05,2022-08-02 16:07:19
RM-HTL0013-206,HTL0013,206,DLX,Deluxe Room,112.96,0,2022-02-20 09:14:21,2023-11-17 03:37:49
RM-HTL0013-207,HTL0013,207,DLX,Deluxe Room,122.51,1,2022-02-19 15:26:41,2022-02-19 15:26:41
RM-HTL0013-208,HTL0013,208,SUT,Suite Room,251.64,1,2022-01-26 17:55:58,2024-02-08 03:55:26
RM-HTL0013-209,HTL0013,209,SUT,Suite Room,283.13,1,2022-02-19 03:38:47,2024-11-06 22:25:58
RM-HTL0013-210,HTL0013,210,EXE,Executive Suite,399.64,1,2022-02-17 09:45:05,2025-02-21 02:37:50
RM-HTL0013-211,HTL0013,211,STD,Standard Room,100.59,1,2022-01-29 20:16:01,2022-01-29 20:16:01
RM-HTL0013-212,HTL0013,212,SUT,Suite Room,258.23,1,2022-01-25 14:31:05,2023-01-23 14:30:21
RM-HTL0013-213,HTL0013,213,SUT,Suite Room,245.87,1,2022-02-06 01:24:49,2024-01-15 21:41:45
RM-HTL0013-214,HTL0013,214,EXE,Executive Suite,410.51,1,2022-02-14 01:19:18,2023-04-07 18:14:44
RM-HTL0013-215,HTL0013,215,SUP,Superior Room,72.92,1,2022-02-17 19:16:59,2022-02-17 19:16:59
RM-HTL0013-216,HTL0013,216,SUT,Suite Room,245.54,1,2022-02-01 19:05:50,2022-06-30 18:34:42
RM-HTL0013-217,HTL0013,217,EXE,Executive Suite,401.37,1,2022-02-13 11:46:51,2023-04-11 10:20:23
RM-HTL0013-218,HTL0013,218,DLX,Deluxe Room,119.74,1,2022-02-09 11:36:15,2022-02-09 11:36:15
RM-HTL0013-219,HTL0013,219,STD,Standard Room,48.82,1,2022-02-09 09:25:05,2024-08-01 18:46:13
RM-HTL0013-220,HTL0013,220,SUP,Superior Room,82.73,1,2022-01-29 14:56:02,2023-03-18 15:01:49
RM-HTL0014-101,HTL0014,101,SUP,Superior Room,88.05,1,2019-05-25 02:12:47,2025-05-08 13:23:21
RM-HTL0014-102,HTL0014,102,EXE,Executive Suite,414.04,1,2019-04-30 10:19:40,2019-10-06 05:16:01
RM-HTL0014-103,HTL0014,103,EXE,Executive Suite,404.08,1,2019-05-10 22:56:50,2021-08-11 13:37:39
RM-HTL0014-104,HTL0014,104,SUT,Suite Room,254.22,1,2019-05-06 22:11:44,2020-04-24 14:43:36
RM-HTL0014-105,HTL0014,105,EXE,Executive Suite,406.6,1,2019-05-09 16:57:22,2023-06-26 01:50:53
RM-HTL0014-106,HTL0014,106,DLX,Deluxe Room,109.86,1,2019-05-04 04:15:04,2021-06-24 19:54:19
RM-HTL0014-107,HTL0014,107,STD,Standard Room,53.35,1,2019-05-12 08:45:15,2024-08-22 15:13:27
RM-HTL0014-108,HTL0014,108,EXE,Executive Suite,408.86,1,2019-05-18 14:25:31,2024-08-25 17:09:13
RM-HTL0014-109,HTL0014,109,DLX,Deluxe Room,118.59,1,2019-05-10 10:57:07,2019-05-10 10:57:07
RM-HTL0014-110,HTL0014,110,SUP,Superior Room,70.7,1,2019-05-22 18:08:05,2025-06-24 23:42:34
RM-HTL0014-111,HTL0014,111,SUT,Suite Room,263.78,1,2019-05-08 22:11:34,2019-05-08 22:11:34
RM-HTL0014-112,HTL0014,112,EXE,Executive Suite,414.21,1,2019-05-02 00:49:21,2026-03-22 20:12:38
RM-HTL0014-113,HTL0014,113,EXE,Executive Suite,401.16,1,2019-05-21 15:39:32,2024-05-10 14:35:23
RM-HTL0014-114,HTL0014,114,SUP,Superior Room,85.97,1,2019-05-11 23:50:26,2019-05-11 23:50:26
RM-HTL0014-115,HTL0014,115,SUT,Suite Room,256.55,1,2019-05-17 19:10:37,2019-05-17 19:10:37
RM-HTL0014-116,HTL0014,116,DLX,Deluxe Room,112.66,1,2019-05-20 16:07:27,2024-10-07 11:54:30
RM-HTL0014-117,HTL0014,117,DLX,Deluxe Room,114.29,1,2019-05-21 18:39:05,2023-12-01 06:45:33
RM-HTL0014-118,HTL0014,118,EXE,Executive Suite,406.06,1,2019-05-04 11:45:45,2025-06-22 21:53:02
RM-HTL0014-119,HTL0014,119,EXE,Executive Suite,411.08,1,2019-05-18 08:47:43,2019-05-18 08:47:43
RM-HTL0014-120,HTL0014,120,DLX,Deluxe Room,120.64,1,2019-05-21 00:35:04,2019-05-21 00:35:04
RM-HTL0014-121,HTL0014,121,SUP,Superior Room,84.87,1,2019-04-30 04:16:49,2022-09-22 14:37:03
RM-HTL0014-122,HTL0014,122,DLX,Deluxe Room,106.29,0,2019-05-14 09:33:55,2019-05-14 09:33:55
RM-HTL0014-123,HTL0014,123,SUT,Suite Room,258.0,1,2019-04-28 13:23:45,2023-10-19 01:58:53
RM-HTL0014-124,HTL0014,124,EXE,Executive Suite,400.43,1,2019-05-24 02:44:17,2026-02-24 12:58:35
RM-HTL0014-125,HTL0014,125,SUP,Superior Room,87.64,1,2019-05-13 19:27:16,2023-03-22 12:13:04
RM-HTL0014-126,HTL0014,126,SUT,Suite Room,255.79,1,2019-05-08 03:30:10,2019-05-08 03:30:10
RM-HTL0014-127,HTL0014,127,SUT,Suite Room,246.28,1,2019-05-17 01:30:57,2023-02-14 12:51:48
RM-HTL0014-128,HTL0014,128,SUT,Suite Room,256.62,1,2019-04-28 17:50:01,2020-06-26 10:51:09
RM-HTL0014-129,HTL0014,129,SUP,Superior Room,87.21,1,2019-05-03 01:48:31,2019-11-08 14:03:09
RM-HTL0014-130,HTL0014,130,SUP,Superior Room,75.68,1,2019-05-15 01:22:24,2019-05-15 01:22:24
RM-HTL0014-131,HTL0014,131,STD,Standard Room,56.98,1,2019-05-15 20:44:03,2021-07-23 10:21:20
RM-HTL0014-132,HTL0014,132,STD,Standard Room,52.83,1,2019-05-18 07:09:23,2026-03-13 11:32:38
RM-HTL0014-133,HTL0014,133,SUP,Superior Room,76.07,1,2019-05-08 14:06:42,2025-03-11 19:41:58
RM-HTL0014-134,HTL0014,134,SUT,Suite Room,252.89,1,2019-05-05 03:10:01,2019-05-05 03:10:01
RM-HTL0014-135,HTL0014,135,STD,Standard Room,62.81,1,2019-05-05 07:35:56,2019-05-05 07:35:56
RM-HTL0014-136,HTL0014,136,STD,Standard Room,54.92,1,2019-05-16 17:33:23,2023-12-13 01:46:53
RM-HTL0014-137,HTL0014,137,EXE,Executive Suite,413.74,1,2019-04-27 12:37:30,2020-07-15 19:31:37
RM-HTL0014-138,HTL0014,138,DLX,Deluxe Room,105.3,1,2019-05-23 18:39:47,2023-11-16 13:51:37
RM-HTL0014-139,HTL0014,139,SUP,Superior Room,71.55,1,2019-05-08 16:26:45,2021-09-10 22:50:16
RM-HTL0014-140,HTL0014,140,STD,Standard Room,54.24,1,2019-04-29 14:27:54,2019-06-13 06:43:37
RM-HTL0014-141,HTL0014,141,STD,Standard Room,46.37,1,2019-05-21 14:56:08,2020-03-04 20:38:34
RM-HTL0014-142,HTL0014,142,SUT,Suite Room,247.82,1,2019-05-23 17:42:00,2026-03-26 22:33:20
RM-HTL0014-143,HTL0014,143,SUP,Superior Room,85.44,1,2019-05-20 07:41:48,2019-05-20 07:41:48
RM-HTL0014-144,HTL0014,144,DLX,Deluxe Room,115.89,1,2019-05-17 09:30:23,2024-09-09 08:50:56
RM-HTL0014-145,HTL0014,145,SUT,Suite Room,253.78,1,2019-05-01 15:39:47,2019-07-30 00:29:09
RM-HTL0014-146,HTL0014,146,EXE,Executive Suite,413.65,1,2019-04-27 17:16:25,2019-08-09 13:46:49
RM-HTL0014-147,HTL0014,147,SUT,Suite Room,261.93,1,2019-05-20 02:20:08,2020-11-22 06:58:37
RM-HTL0014-148,HTL0014,148,SUP,Superior Room,76.75,1,2019-05-17 18:34:49,2020-04-09 17:46:51
RM-HTL0014-149,HTL0014,149,SUP,Superior Room,82.42,1,2019-05-20 07:40:46,2025-09-29 10:22:41
RM-HTL0014-150,HTL0014,150,STD,Standard Room,55.46,1,2019-05-02 04:26:18,2019-07-07 22:27:32
RM-HTL0014-151,HTL0014,151,STD,Standard Room,47.81,1,2019-05-23 01:46:45,2022-08-16 05:38:39
RM-HTL0014-152,HTL0014,152,SUT,Suite Room,307.98,1,2019-05-12 18:26:48,2019-05-12 18:26:48
RM-HTL0014-153,HTL0014,153,SUT,Suite Room,248.71,1,2019-05-08 18:10:48,2025-01-23 19:07:06
RM-HTL0014-154,HTL0014,154,SUT,Suite Room,255.38,1,2019-05-22 00:05:48,2019-05-22 00:05:48
RM-HTL0014-155,HTL0014,155,SUP,Superior Room,89.69,1,2019-04-26 06:19:58,2026-01-01 05:13:52
RM-HTL0014-156,HTL0014,156,SUT,Suite Room,260.28,1,2019-04-26 08:27:38,2020-05-25 18:16:17
RM-HTL0014-157,HTL0014,157,SUT,Suite Room,263.24,1,2019-05-24 14:10:31,2021-05-01 05:17:25
RM-HTL0014-158,HTL0014,158,EXE,Executive Suite,411.27,1,2019-05-17 16:03:29,2024-02-03 05:54:14
RM-HTL0014-159,HTL0014,159,DLX,Deluxe Room,115.15,1,2019-05-09 05:06:51,2022-10-31 06:33:06
RM-HTL0014-160,HTL0014,160,EXE,Executive Suite,413.83,1,2019-05-01 23:58:10,2024-09-08 03:14:04
RM-HTL0014-161,HTL0014,161,STD,Standard Room,53.99,1,2019-05-11 19:30:17,2019-05-11 19:30:17
RM-HTL0014-162,HTL0014,162,EXE,Executive Suite,405.06,1,2019-05-21 00:21:53,2019-05-21 00:21:53
RM-HTL0014-163,HTL0014,163,STD,Standard Room,64.85,1,2019-05-16 06:55:26,2022-07-27 00:12:46
RM-HTL0014-164,HTL0014,164,DLX,Deluxe Room,111.25,1,2019-05-12 23:07:54,2023-07-30 11:37:33
RM-HTL0014-165,HTL0014,165,SUP,Superior Room,85.43,1,2019-05-13 22:22:11,2021-10-25 16:20:26
RM-HTL0014-166,HTL0014,166,DLX,Deluxe Room,108.63,1,2019-05-10 23:47:31,2024-10-09 21:42:23
RM-HTL0014-167,HTL0014,167,DLX,Deluxe Room,114.84,1,2019-05-04 15:28:33,2019-06-11 08:09:28
RM-HTL0014-168,HTL0014,168,EXE,Executive Suite,399.84,0,2019-05-06 20:57:40,2026-03-12 07:19:25
RM-HTL0014-169,HTL0014,169,DLX,Deluxe Room,117.84,1,2019-05-12 07:59:17,2023-10-11 00:10:19
RM-HTL0014-170,HTL0014,170,SUP,Superior Room,71.1,1,2019-05-10 02:42:56,2023-10-11 20:59:30
RM-HTL0014-171,HTL0014,171,DLX,Deluxe Room,118.46,1,2019-05-10 03:15:34,2021-03-14 05:30:01
RM-HTL0014-172,HTL0014,172,STD,Standard Room,56.99,1,2019-05-03 00:37:59,2019-06-22 01:56:56
RM-HTL0014-173,HTL0014,173,SUT,Suite Room,256.32,1,2019-05-11 19:58:09,2020-09-01 20:04:04
RM-HTL0014-174,HTL0014,174,SUT,Suite Room,262.26,1,2019-05-16 02:52:38,2019-05-16 02:52:38
RM-HTL0014-175,HTL0014,175,SUP,Superior Room,80.01,1,2019-04-30 23:21:45,2022-10-20 11:51:59
RM-HTL0014-176,HTL0014,176,DLX,Deluxe Room,120.84,1,2019-05-23 21:36:53,2019-05-23 21:36:53
RM-HTL0014-177,HTL0014,177,STD,Standard Room,62.63,1,2019-05-11 11:57:20,2024-06-28 12:13:53
RM-HTL0014-178,HTL0014,178,SUP,Superior Room,81.04,1,2019-05-08 10:36:05,2019-05-08 10:36:05
RM-HTL0014-179,HTL0014,179,STD,Standard Room,51.13,1,2019-05-24 05:13:07,2019-05-24 05:13:07
RM-HTL0014-180,HTL0014,180,SUP,Superior Room,85.21,1,2019-04-28 17:16:19,2022-09-06 12:16:27
RM-HTL0014-181,HTL0014,181,DLX,Deluxe Room,123.06,1,2019-04-29 08:38:30,2020-05-01 00:07:54
RM-HTL0014-182,HTL0014,182,SUT,Suite Room,269.42,1,2019-04-28 17:30:53,2019-09-28 00:11:24
RM-HTL0014-183,HTL0014,183,SUP,Superior Room,73.14,1,2019-05-09 13:49:32,2026-02-17 06:30:53
RM-HTL0014-184,HTL0014,184,SUT,Suite Room,258.69,1,2019-05-19 23:14:47,2023-06-06 05:47:58
RM-HTL0014-185,HTL0014,185,SUT,Suite Room,255.3,1,2019-05-03 14:36:10,2019-05-10 23:22:15
RM-HTL0014-186,HTL0014,186,EXE,Executive Suite,407.26,1,2019-05-03 11:10:30,2020-08-20 09:47:03
RM-HTL0014-187,HTL0014,187,EXE,Executive Suite,398.69,1,2019-05-15 13:06:59,2019-05-15 13:06:59
RM-HTL0014-188,HTL0014,188,EXE,Executive Suite,409.8,1,2019-05-08 10:10:08,2021-12-06 09:23:16
RM-HTL0014-189,HTL0014,189,SUP,Superior Room,70.68,1,2019-05-05 09:20:50,2022-01-02 09:20:58
RM-HTL0014-190,HTL0014,190,DLX,Deluxe Room,123.28,1,2019-05-06 00:34:26,2022-08-13 21:14:33
RM-HTL0014-191,HTL0014,191,EXE,Executive Suite,396.1,1,2019-05-15 04:19:56,2026-03-10 19:35:13
RM-HTL0014-192,HTL0014,192,DLX,Deluxe Room,115.48,1,2019-05-06 06:46:49,2023-01-07 13:26:25
RM-HTL0014-193,HTL0014,193,STD,Standard Room,54.54,1,2019-05-06 03:41:36,2019-05-06 03:41:36
RM-HTL0014-194,HTL0014,194,EXE,Executive Suite,406.6,1,2019-05-19 08:41:29,2020-03-07 02:18:43
RM-HTL0014-195,HTL0014,195,SUT,Suite Room,258.92,1,2019-05-01 11:30:32,2019-06-22 02:19:31
RM-HTL0014-196,HTL0014,196,SUT,Suite Room,252.05,1,2019-05-21 14:13:43,2023-02-28 12:20:48
RM-HTL0014-197,HTL0014,197,EXE,Executive Suite,396.31,1,2019-05-01 08:12:03,2022-07-10 05:06:30
RM-HTL0014-198,HTL0014,198,EXE,Executive Suite,395.8,1,2019-05-10 20:59:29,2021-04-16 02:04:48
RM-HTL0014-199,HTL0014,199,SUP,Superior Room,79.48,1,2019-05-03 00:19:42,2022-05-21 13:18:12
RM-HTL0014-200,HTL0014,200,STD,Standard Room,59.32,1,2019-05-11 00:28:42,2021-01-20 01:09:28
RM-HTL0014-201,HTL0014,201,DLX,Deluxe Room,114.99,0,2019-04-27 12:06:30,2026-03-08 05:18:35
RM-HTL0014-202,HTL0014,202,DLX,Deluxe Room,105.61,1,2019-05-11 15:08:20,2023-12-16 20:33:11
RM-HTL0014-203,HTL0014,203,STD,Standard Room,58.47,1,2019-04-25 18:07:01,2020-08-08 14:36:53
RM-HTL0014-204,HTL0014,204,STD,Standard Room,64.52,1,2019-05-01 04:21:18,2021-12-27 20:04:59
RM-HTL0014-205,HTL0014,205,SUP,Superior Room,70.75,1,2019-05-19 19:24:20,2022-12-25 07:11:21
RM-HTL0014-206,HTL0014,206,DLX,Deluxe Room,109.68,1,2019-05-02 00:48:59,2021-08-07 06:23:09
RM-HTL0014-207,HTL0014,207,EXE,Executive Suite,409.53,1,2019-05-21 08:06:12,2019-05-21 08:06:12
RM-HTL0014-208,HTL0014,208,DLX,Deluxe Room,117.66,1,2019-04-30 00:50:16,2019-07-26 00:11:01
RM-HTL0014-209,HTL0014,209,DLX,Deluxe Room,117.88,1,2019-05-25 05:40:58,2019-05-25 05:40:58
RM-HTL0014-210,HTL0014,210,DLX,Deluxe Room,120.89,1,2019-04-26 12:19:21,2022-04-25 09:03:34
RM-HTL0014-211,HTL0014,211,SUT,Suite Room,262.45,0,2019-05-11 17:50:31,2026-02-24 11:27:13
RM-HTL0014-212,HTL0014,212,SUT,Suite Room,256.44,1,2019-05-22 04:15:02,2020-03-31 16:06:18
RM-HTL0014-213,HTL0014,213,DLX,Deluxe Room,123.49,1,2019-05-25 07:10:33,2021-07-26 04:28:27
RM-HTL0014-214,HTL0014,214,SUP,Superior Room,70.28,1,2019-05-13 14:47:43,2025-10-09 13:31:47
RM-HTL0014-215,HTL0014,215,EXE,Executive Suite,413.6,1,2019-05-08 10:55:47,2024-11-05 13:19:52
RM-HTL0014-216,HTL0014,216,SUP,Superior Room,89.42,1,2019-05-02 18:21:44,2023-07-22 12:03:12
RM-HTL0014-217,HTL0014,217,SUT,Suite Room,247.58,1,2019-04-26 12:39:34,2023-10-12 16:21:59
RM-HTL0014-218,HTL0014,218,STD,Standard Room,45.39,1,2019-05-12 11:29:47,2024-09-09 16:06:15
RM-HTL0014-219,HTL0014,219,SUP,Superior Room,86.58,0,2019-05-01 20:19:28,2020-01-08 14:58:14
RM-HTL0014-220,HTL0014,220,DLX,Deluxe Room,123.57,1,2019-04-25 04:29:09,2019-04-25 04:29:09
RM-HTL0014-221,HTL0014,221,SUP,Superior Room,85.54,1,2019-05-10 03:20:15,2025-07-30 09:39:47
RM-HTL0014-222,HTL0014,222,DLX,Deluxe Room,123.0,1,2019-05-13 00:37:18,2019-05-13 00:37:18
RM-HTL0014-223,HTL0014,223,DLX,Deluxe Room,116.43,1,2019-05-24 07:23:23,2024-03-11 05:30:53
RM-HTL0014-224,HTL0014,224,DLX,Deluxe Room,119.92,1,2019-05-08 17:55:20,2021-07-06 04:21:16
RM-HTL0014-225,HTL0014,225,SUT,Suite Room,253.85,1,2019-05-24 23:08:45,2021-10-17 11:00:24
RM-HTL0014-226,HTL0014,226,STD,Standard Room,64.36,1,2019-05-08 22:18:12,2019-05-08 22:18:12
RM-HTL0014-227,HTL0014,227,SUT,Suite Room,264.7,1,2019-04-29 11:23:00,2020-03-04 01:05:33
RM-HTL0014-228,HTL0014,228,STD,Standard Room,63.25,1,2019-05-11 07:50:11,2019-05-11 07:50:11
RM-HTL0014-229,HTL0014,229,SUT,Suite Room,256.24,0,2019-04-27 09:20:08,2021-05-24 04:43:13
RM-HTL0014-230,HTL0014,230,STD,Standard Room,51.4,1,2019-05-14 21:55:50,2025-11-14 13:39:41
RM-HTL0014-231,HTL0014,231,STD,Standard Room,48.14,1,2019-04-26 22:56:22,2020-04-22 12:28:51
RM-HTL0014-232,HTL0014,232,STD,Standard Room,51.73,1,2019-04-27 01:37:51,2019-04-27 01:37:51
RM-HTL0014-233,HTL0014,233,SUT,Suite Room,254.0,1,2019-05-02 07:36:47,2022-08-26 07:36:44
RM-HTL0014-234,HTL0014,234,STD,Standard Room,47.4,1,2019-05-21 03:30:42,2022-07-24 20:13:21
RM-HTL0014-235,HTL0014,235,SUP,Superior Room,72.43,1,2019-05-13 02:34:04,2022-05-02 16:19:29
RM-HTL0014-236,HTL0014,236,STD,Standard Room,64.02,1,2019-04-29 16:21:06,2024-06-23 11:00:16
RM-HTL0014-237,HTL0014,237,DLX,Deluxe Room,121.88,1,2019-05-11 10:28:39,2019-11-22 19:07:54
RM-HTL0014-238,HTL0014,238,DLX,Deluxe Room,108.79,1,2019-05-22 18:14:28,2021-12-29 01:13:52
RM-HTL0014-239,HTL0014,239,SUP,Superior Room,84.41,0,2019-05-01 00:24:41,2025-07-02 01:22:34
RM-HTL0014-240,HTL0014,240,SUT,Suite Room,256.28,1,2019-05-02 21:25:53,2019-05-02 21:25:53
RM-HTL0014-241,HTL0014,241,STD,Standard Room,54.59,1,2019-05-15 21:21:28,2021-10-16 23:11:50
RM-HTL0014-242,HTL0014,242,SUT,Suite Room,246.95,1,2019-05-08 10:42:43,2025-05-14 03:11:40
RM-HTL0014-243,HTL0014,243,EXE,Executive Suite,406.41,1,2019-05-04 17:37:46,2020-08-15 10:16:00
RM-HTL0014-244,HTL0014,244,EXE,Executive Suite,407.44,1,2019-05-14 10:15:47,2020-02-10 01:47:16
RM-HTL0014-245,HTL0014,245,SUP,Superior Room,84.2,1,2019-05-02 02:12:24,2019-06-12 16:24:20
RM-HTL0014-246,HTL0014,246,STD,Standard Room,63.97,1,2019-04-25 06:45:21,2023-03-18 11:53:54
RM-HTL0014-247,HTL0014,247,STD,Standard Room,64.33,1,2019-04-29 23:52:31,2025-04-01 12:25:04
RM-HTL0014-248,HTL0014,248,DLX,Deluxe Room,107.39,1,2019-04-27 22:47:59,2019-04-27 22:47:59
RM-HTL0014-249,HTL0014,249,DLX,Deluxe Room,118.52,1,2019-05-04 20:53:40,2025-12-05 07:27:59
RM-HTL0014-250,HTL0014,250,SUT,Suite Room,247.83,1,2019-05-07 11:08:53,2024-06-18 12:36:47
RM-HTL0014-251,HTL0014,251,EXE,Executive Suite,399.35,1,2019-05-19 20:14:10,2019-05-19 20:14:10
RM-HTL0014-252,HTL0014,252,STD,Standard Room,61.68,1,2019-05-20 00:28:19,2020-09-20 01:42:58
RM-HTL0014-253,HTL0014,253,SUP,Superior Room,82.24,1,2019-04-30 16:05:01,2019-04-30 16:05:01
RM-HTL0014-254,HTL0014,254,SUT,Suite Room,257.28,1,2019-05-01 05:03:54,2019-05-01 05:03:54
RM-HTL0014-255,HTL0014,255,EXE,Executive Suite,406.74,1,2019-04-29 11:39:52,2020-06-23 08:02:52
RM-HTL0014-256,HTL0014,256,SUT,Suite Room,251.6,1,2019-05-17 15:29:11,2019-05-17 15:29:11
RM-HTL0014-257,HTL0014,257,DLX,Deluxe Room,123.3,1,2019-05-05 18:49:43,2022-12-16 23:10:41
RM-HTL0014-258,HTL0014,258,SUP,Superior Room,76.45,1,2019-05-19 06:07:27,2020-08-28 15:44:10
RM-HTL0014-259,HTL0014,259,STD,Standard Room,74.66,1,2019-05-17 06:21:43,2019-05-17 06:21:43
RM-HTL0014-260,HTL0014,260,SUT,Suite Room,264.77,1,2019-05-14 22:25:08,2023-01-07 17:30:43
RM-HTL0014-261,HTL0014,261,DLX,Deluxe Room,110.4,1,2019-05-17 08:46:01,2019-05-29 14:14:47
RM-HTL0014-262,HTL0014,262,SUT,Suite Room,248.17,1,2019-05-19 04:35:55,2022-07-03 18:54:13
RM-HTL0014-263,HTL0014,263,SUT,Suite Room,249.45,1,2019-05-21 01:37:33,2019-08-28 22:11:13
RM-HTL0014-264,HTL0014,264,DLX,Deluxe Room,117.94,1,2019-05-20 11:10:40,2024-04-23 09:49:32
RM-HTL0014-265,HTL0014,265,SUP,Superior Room,75.5,1,2019-04-29 18:16:32,2025-09-23 08:41:03
RM-HTL0014-266,HTL0014,266,STD,Standard Room,45.2,1,2019-05-21 08:37:52,2024-12-27 17:49:23
RM-HTL0014-267,HTL0014,267,SUP,Superior Room,89.22,1,2019-05-13 02:37:43,2019-05-13 02:37:43
RM-HTL0014-268,HTL0014,268,SUT,Suite Room,249.51,1,2019-05-04 19:12:58,2019-05-04 19:12:58
RM-HTL0014-269,HTL0014,269,SUT,Suite Room,252.96,1,2019-05-04 12:20:11,2026-01-23 05:34:00
RM-HTL0014-270,HTL0014,270,DLX,Deluxe Room,123.13,1,2019-05-03 00:15:54,2022-02-13 19:25:51
RM-HTL0014-271,HTL0014,271,EXE,Executive Suite,411.1,1,2019-05-09 19:41:48,2024-09-26 18:19:50
RM-HTL0014-272,HTL0014,272,STD,Standard Room,63.13,1,2019-05-08 19:58:55,2020-08-28 15:46:58
RM-HTL0014-273,HTL0014,273,SUT,Suite Room,246.41,1,2019-04-29 10:25:43,2022-05-25 01:34:53
RM-HTL0014-274,HTL0014,274,SUT,Suite Room,252.72,1,2019-05-11 23:46:26,2024-11-04 00:01:18
RM-HTL0014-275,HTL0014,275,STD,Standard Room,62.09,1,2019-04-27 13:56:29,2026-01-13 07:24:34
RM-HTL0014-276,HTL0014,276,SUP,Superior Room,87.8,1,2019-05-08 02:31:36,2023-07-19 21:04:08
RM-HTL0014-277,HTL0014,277,SUT,Suite Room,254.67,1,2019-05-10 16:36:26,2022-03-17 16:33:10
RM-HTL0014-278,HTL0014,278,SUP,Superior Room,81.57,1,2019-05-22 20:33:20,2020-03-27 17:29:43
RM-HTL0014-279,HTL0014,279,DLX,Deluxe Room,115.08,1,2019-04-26 02:56:55,2026-03-10 02:34:53
RM-HTL0014-280,HTL0014,280,STD,Standard Room,51.26,1,2019-05-08 13:00:14,2023-01-13 18:48:22
RM-HTL0014-281,HTL0014,281,EXE,Executive Suite,412.38,1,2019-05-23 20:56:53,2025-02-23 09:38:00
RM-HTL0014-282,HTL0014,282,SUT,Suite Room,254.97,1,2019-05-15 15:04:24,2019-09-09 04:52:59
RM-HTL0014-283,HTL0014,283,SUP,Superior Room,78.95,1,2019-04-30 19:38:55,2019-04-30 19:38:55
RM-HTL0014-284,HTL0014,284,DLX,Deluxe Room,114.58,1,2019-05-02 09:28:06,2024-09-20 12:20:58
RM-HTL0014-285,HTL0014,285,SUT,Suite Room,258.83,1,2019-05-13 15:50:33,2019-05-13 15:50:33
RM-HTL0014-286,HTL0014,286,SUP,Superior Room,71.69,1,2019-05-17 07:19:43,2020-10-08 01:37:01
RM-HTL0014-287,HTL0014,287,DLX,Deluxe Room,106.12,1,2019-05-10 03:52:21,2021-06-04 10:29:35
RM-HTL0014-288,HTL0014,288,SUT,Suite Room,253.85,1,2019-04-29 08:16:58,2019-04-29 08:16:58
RM-HTL0014-289,HTL0014,289,DLX,Deluxe Room,115.44,1,2019-05-19 09:09:40,2025-01-21 03:06:01
RM-HTL0014-290,HTL0014,290,DLX,Deluxe Room,122.03,1,2019-04-25 11:08:42,2023-01-17 15:04:57
RM-HTL0014-291,HTL0014,291,STD,Standard Room,50.31,1,2019-05-21 17:57:21,2023-09-29 09:09:45
RM-HTL0014-292,HTL0014,292,SUT,Suite Room,257.06,1,2019-05-08 14:49:08,2022-06-11 07:02:39
RM-HTL0014-293,HTL0014,293,SUP,Superior Room,87.47,1,2019-05-15 16:35:22,2023-09-04 18:47:52
RM-HTL0014-294,HTL0014,294,SUT,Suite Room,250.67,1,2019-05-22 14:11:37,2022-08-19 16:19:58
RM-HTL0014-295,HTL0014,295,DLX,Deluxe Room,113.43,1,2019-05-10 01:30:35,2019-07-27 12:43:54
RM-HTL0014-296,HTL0014,296,SUP,Superior Room,81.43,0,2019-05-15 22:40:09,2019-05-15 22:40:09
RM-HTL0014-297,HTL0014,297,SUT,Suite Room,256.74,1,2019-05-03 12:40:10,2019-05-03 12:40:10
RM-HTL0014-298,HTL0014,298,STD,Standard Room,56.48,1,2019-04-29 03:56:14,2021-07-16 23:16:40
RM-HTL0014-299,HTL0014,299,SUP,Superior Room,71.39,1,2019-05-04 15:07:51,2019-11-14 01:05:24
RM-HTL0014-300,HTL0014,300,SUP,Superior Room,72.68,1,2019-05-03 07:23:53,2019-05-03 07:23:53
RM-HTL0014-301,HTL0014,301,DLX,Deluxe Room,112.54,1,2019-04-28 13:01:55,2022-04-10 10:23:27
RM-HTL0014-302,HTL0014,302,SUT,Suite Room,263.72,1,2019-05-06 08:34:02,2023-03-10 22:28:40
RM-HTL0014-303,HTL0014,303,DLX,Deluxe Room,115.26,1,2019-05-20 12:41:23,2022-03-22 04:49:00
RM-HTL0014-304,HTL0014,304,SUT,Suite Room,263.63,1,2019-05-08 05:10:18,2019-05-08 05:10:18
RM-HTL0014-305,HTL0014,305,DLX,Deluxe Room,119.41,1,2019-05-13 01:32:11,2019-05-13 01:32:11
RM-HTL0014-306,HTL0014,306,SUP,Superior Room,107.59,1,2019-05-04 22:29:40,2019-05-04 22:29:40
RM-HTL0014-307,HTL0014,307,SUP,Superior Room,71.17,0,2019-04-26 23:00:10,2024-05-08 07:04:34
RM-HTL0014-308,HTL0014,308,SUP,Superior Room,88.94,1,2019-05-21 02:11:50,2019-05-21 02:11:50
RM-HTL0014-309,HTL0014,309,SUP,Superior Room,77.89,1,2019-05-15 18:03:38,2024-06-30 06:07:09
RM-HTL0014-310,HTL0014,310,EXE,Executive Suite,396.34,1,2019-05-02 22:07:50,2019-05-02 22:07:50
RM-HTL0014-311,HTL0014,311,EXE,Executive Suite,407.34,1,2019-04-29 12:18:30,2019-11-05 06:34:59
RM-HTL0014-312,HTL0014,312,SUP,Superior Room,82.05,1,2019-05-23 23:57:01,2021-09-15 05:46:00
RM-HTL0014-313,HTL0014,313,STD,Standard Room,61.49,1,2019-05-19 07:29:07,2024-04-09 18:23:13
RM-HTL0014-314,HTL0014,314,EXE,Executive Suite,411.81,1,2019-05-04 12:13:16,2020-05-15 15:36:02
RM-HTL0014-315,HTL0014,315,SUT,Suite Room,253.89,1,2019-04-27 18:04:57,2022-06-21 09:48:47
RM-HTL0014-316,HTL0014,316,STD,Standard Room,61.17,1,2019-05-04 21:59:26,2022-07-25 16:11:04
RM-HTL0014-317,HTL0014,317,STD,Standard Room,62.04,0,2019-05-07 03:21:32,2024-05-20 23:08:56
RM-HTL0014-318,HTL0014,318,SUP,Superior Room,80.62,1,2019-05-03 14:23:24,2019-05-03 14:23:24
RM-HTL0014-319,HTL0014,319,STD,Standard Room,53.06,1,2019-05-03 13:53:26,2021-03-25 17:57:28
RM-HTL0014-320,HTL0014,320,DLX,Deluxe Room,116.08,1,2019-05-15 19:10:30,2019-05-15 19:10:30
RM-HTL0014-321,HTL0014,321,STD,Standard Room,61.31,1,2019-05-01 23:18:04,2022-02-13 13:57:27
RM-HTL0014-322,HTL0014,322,DLX,Deluxe Room,115.13,1,2019-05-20 14:12:08,2024-10-10 16:30:09
RM-HTL0014-323,HTL0014,323,EXE,Executive Suite,413.91,1,2019-05-12 14:44:22,2023-07-14 12:45:40
RM-HTL0014-324,HTL0014,324,EXE,Executive Suite,402.39,1,2019-04-29 11:43:57,2019-04-29 11:43:57
RM-HTL0014-325,HTL0014,325,EXE,Executive Suite,408.93,1,2019-05-08 15:27:24,2020-02-23 04:15:13
RM-HTL0014-326,HTL0014,326,DLX,Deluxe Room,114.0,1,2019-05-20 16:22:35,2023-06-10 00:15:22
RM-HTL0014-327,HTL0014,327,STD,Standard Room,49.14,1,2019-05-23 15:43:07,2019-05-23 15:43:07
RM-HTL0014-328,HTL0014,328,DLX,Deluxe Room,114.89,1,2019-05-12 15:47:29,2019-05-12 15:47:29
RM-HTL0014-329,HTL0014,329,SUP,Superior Room,78.26,1,2019-05-07 00:52:59,2022-10-07 10:05:22
RM-HTL0014-330,HTL0014,330,SUT,Suite Room,258.3,0,2019-04-28 14:56:32,2024-11-20 19:35:19
RM-HTL0014-331,HTL0014,331,DLX,Deluxe Room,105.91,0,2019-05-18 20:14:16,2022-07-16 20:40:35
RM-HTL0014-332,HTL0014,332,SUP,Superior Room,82.43,1,2019-05-05 13:58:15,2019-05-05 13:58:15
RM-HTL0014-333,HTL0014,333,SUT,Suite Room,259.34,1,2019-05-04 02:22:20,2021-11-13 18:37:11
RM-HTL0014-334,HTL0014,334,SUT,Suite Room,259.81,1,2019-05-08 22:24:03,2021-06-25 06:16:36
RM-HTL0014-335,HTL0014,335,DLX,Deluxe Room,120.92,1,2019-04-26 23:46:26,2022-10-30 16:37:03
RM-HTL0014-336,HTL0014,336,EXE,Executive Suite,404.87,1,2019-05-03 12:00:17,2022-10-01 03:59:29
RM-HTL0014-337,HTL0014,337,DLX,Deluxe Room,113.75,1,2019-05-03 08:37:20,2019-05-03 08:37:20
RM-HTL0014-338,HTL0014,338,SUP,Superior Room,74.46,1,2019-05-03 21:57:09,2019-05-03 21:57:09
RM-HTL0014-339,HTL0014,339,SUP,Superior Room,81.02,1,2019-05-14 22:00:37,2024-04-07 11:37:30
RM-HTL0014-340,HTL0014,340,SUT,Suite Room,264.01,1,2019-05-08 13:34:04,2021-12-08 23:56:45
RM-HTL0014-341,HTL0014,341,DLX,Deluxe Room,107.3,1,2019-05-14 03:40:41,2024-01-01 16:26:51
RM-HTL0014-342,HTL0014,342,SUT,Suite Room,264.01,1,2019-05-19 20:12:22,2021-02-13 05:57:00
RM-HTL0014-343,HTL0014,343,SUT,Suite Room,264.04,1,2019-04-25 05:23:14,2019-04-25 05:23:14
RM-HTL0014-344,HTL0014,344,EXE,Executive Suite,409.01,1,2019-05-07 04:58:35,2021-12-02 07:29:28
RM-HTL0014-345,HTL0014,345,SUP,Superior Room,78.99,1,2019-04-29 10:28:09,2022-11-27 23:33:22
RM-HTL0014-346,HTL0014,346,SUT,Suite Room,255.17,1,2019-05-04 21:44:27,2023-03-08 13:58:05
RM-HTL0014-347,HTL0014,347,EXE,Executive Suite,395.8,1,2019-05-15 21:32:01,2021-01-25 15:47:21
RM-HTL0014-348,HTL0014,348,EXE,Executive Suite,397.46,1,2019-05-22 00:04:54,2022-05-04 19:08:55
RM-HTL0014-349,HTL0014,349,STD,Standard Room,63.42,0,2019-05-02 00:45:39,2019-05-02 00:45:39
RM-HTL0014-350,HTL0014,350,EXE,Executive Suite,400.37,1,2019-04-26 12:04:27,2026-02-05 07:49:13
RM-HTL0014-351,HTL0014,351,STD,Standard Room,55.44,1,2019-05-12 17:50:27,2021-11-23 05:01:45
RM-HTL0014-352,HTL0014,352,EXE,Executive Suite,396.99,0,2019-05-02 14:23:51,2019-05-02 14:23:51
RM-HTL0014-353,HTL0014,353,SUT,Suite Room,255.65,1,2019-05-16 13:26:21,2020-06-22 20:18:01
RM-HTL0014-354,HTL0014,354,STD,Standard Room,54.06,1,2019-05-03 11:18:55,2023-07-26 21:11:40
RM-HTL0014-355,HTL0014,355,DLX,Deluxe Room,112.71,1,2019-05-02 18:36:32,2019-05-02 18:36:32
RM-HTL0014-356,HTL0014,356,SUP,Superior Room,72.0,1,2019-05-20 10:46:26,2023-08-10 18:33:34
RM-HTL0014-357,HTL0014,357,EXE,Executive Suite,403.27,1,2019-05-20 22:57:21,2019-05-20 22:57:21
RM-HTL0014-358,HTL0014,358,SUP,Superior Room,84.39,1,2019-04-29 07:48:19,2025-10-15 23:39:15
RM-HTL0014-359,HTL0014,359,DLX,Deluxe Room,123.92,1,2019-04-28 05:31:41,2022-05-14 04:49:03
RM-HTL0014-360,HTL0014,360,SUP,Superior Room,71.07,1,2019-05-10 06:54:28,2020-12-24 07:31:18
RM-HTL0014-361,HTL0014,361,EXE,Executive Suite,400.12,1,2019-05-11 20:42:10,2024-01-02 11:19:25
RM-HTL0014-362,HTL0014,362,DLX,Deluxe Room,106.76,1,2019-05-24 07:25:38,2022-01-23 01:08:56
RM-HTL0014-363,HTL0014,363,EXE,Executive Suite,397.77,1,2019-05-08 00:38:48,2023-02-05 02:14:32
RM-HTL0014-364,HTL0014,364,SUT,Suite Room,253.53,1,2019-05-09 05:36:43,2022-01-25 21:36:46
RM-HTL0014-365,HTL0014,365,SUP,Superior Room,77.23,1,2019-04-29 07:57:04,2020-01-17 12:26:32
RM-HTL0014-366,HTL0014,366,DLX,Deluxe Room,122.5,1,2019-04-26 17:35:28,2019-04-26 17:35:28
RM-HTL0014-367,HTL0014,367,SUP,Superior Room,121.02,1,2019-05-03 04:18:41,2019-05-03 04:18:41
RM-HTL0014-368,HTL0014,368,SUT,Suite Room,249.49,1,2019-05-15 16:10:03,2020-01-22 18:10:20
RM-HTL0014-369,HTL0014,369,DLX,Deluxe Room,112.89,1,2019-05-02 07:41:22,2025-03-28 02:38:50
RM-HTL0014-370,HTL0014,370,EXE,Executive Suite,403.4,0,2019-05-19 03:05:34,2020-03-03 11:35:31
RM-HTL0014-371,HTL0014,371,SUT,Suite Room,246.9,1,2019-05-05 16:11:35,2019-05-05 16:11:35
RM-HTL0014-372,HTL0014,372,DLX,Deluxe Room,123.98,1,2019-04-29 01:35:08,2019-04-29 01:35:08
RM-HTL0014-373,HTL0014,373,SUP,Superior Room,88.26,1,2019-05-10 12:51:13,2024-04-03 12:06:27
RM-HTL0014-374,HTL0014,374,EXE,Executive Suite,401.76,1,2019-04-26 11:13:18,2022-10-05 23:55:26
RM-HTL0014-375,HTL0014,375,SUT,Suite Room,251.23,1,2019-05-24 17:06:51,2019-05-24 17:06:51
RM-HTL0014-376,HTL0014,376,DLX,Deluxe Room,116.53,1,2019-05-01 21:51:24,2019-05-01 21:51:24
RM-HTL0014-377,HTL0014,377,EXE,Executive Suite,409.52,1,2019-05-07 17:43:17,2019-05-07 17:43:17
RM-HTL0014-378,HTL0014,378,SUT,Suite Room,252.31,1,2019-05-22 09:43:50,2022-11-16 12:03:04
RM-HTL0014-379,HTL0014,379,STD,Standard Room,48.12,1,2019-05-08 19:18:49,2019-08-28 19:49:37
RM-HTL0014-380,HTL0014,380,SUT,Suite Room,258.8,1,2019-05-11 04:54:17,2025-08-14 03:15:30
RM-HTL0014-381,HTL0014,381,SUP,Superior Room,80.19,1,2019-05-24 09:46:23,2024-05-09 02:07:53
RM-HTL0014-382,HTL0014,382,EXE,Executive Suite,399.38,1,2019-05-05 01:50:00,2020-06-28 01:01:01
RM-HTL0014-383,HTL0014,383,EXE,Executive Suite,408.67,1,2019-05-25 18:28:47,2019-05-25 18:28:47
RM-HTL0014-384,HTL0014,384,SUP,Superior Room,74.81,1,2019-05-09 17:56:34,2022-07-28 18:06:04
RM-HTL0014-385,HTL0014,385,STD,Standard Room,53.1,1,2019-05-18 08:04:46,2019-05-18 08:04:46
RM-HTL0014-386,HTL0014,386,DLX,Deluxe Room,121.85,1,2019-05-11 14:39:18,2023-11-27 09:20:25
RM-HTL0014-387,HTL0014,387,DLX,Deluxe Room,123.33,1,2019-05-21 00:50:40,2021-01-07 02:43:53
RM-HTL0014-388,HTL0014,388,DLX,Deluxe Room,105.03,1,2019-05-10 13:30:04,2019-11-21 07:32:03
RM-HTL0014-389,HTL0014,389,SUT,Suite Room,248.46,1,2019-05-22 18:58:59,2022-06-26 03:12:31
RM-HTL0014-390,HTL0014,390,STD,Standard Room,47.9,1,2019-05-25 05:06:18,2023-09-06 05:34:41
RM-HTL0014-391,HTL0014,391,SUP,Superior Room,81.13,1,2019-04-25 16:42:32,2019-04-25 16:42:32
RM-HTL0014-392,HTL0014,392,DLX,Deluxe Room,112.81,1,2019-04-26 08:45:40,2021-02-14 20:58:17
RM-HTL0014-393,HTL0014,393,EXE,Executive Suite,399.88,1,2019-04-25 14:30:56,2021-09-25 18:18:51
RM-HTL0014-394,HTL0014,394,DLX,Deluxe Room,105.89,1,2019-04-30 18:21:21,2019-04-30 18:21:21
RM-HTL0014-395,HTL0014,395,EXE,Executive Suite,400.05,1,2019-05-20 03:16:02,2021-05-06 12:58:44
RM-HTL0014-396,HTL0014,396,SUT,Suite Room,263.29,1,2019-05-22 15:42:24,2019-05-22 15:42:24
RM-HTL0014-397,HTL0014,397,SUT,Suite Room,249.1,1,2019-05-06 17:40:21,2021-01-01 16:32:45
RM-HTL0014-398,HTL0014,398,STD,Standard Room,61.67,1,2019-05-05 17:49:15,2021-02-09 12:29:59
RM-HTL0014-399,HTL0014,399,EXE,Executive Suite,410.78,1,2019-05-14 05:52:21,2019-05-14 05:52:21
RM-HTL0014-400,HTL0014,400,STD,Standard Room,64.29,1,2019-05-15 13:16:13,2021-07-15 13:10:56
RM-HTL0014-401,HTL0014,401,EXE,Executive Suite,413.08,1,2019-05-23 11:59:06,2019-05-23 11:59:06
RM-HTL0014-402,HTL0014,402,EXE,Executive Suite,413.52,1,2019-05-01 09:03:54,2019-09-30 12:33:19
RM-HTL0014-403,HTL0014,403,DLX,Deluxe Room,112.11,1,2019-05-05 16:50:47,2023-09-19 05:19:46
RM-HTL0014-404,HTL0014,404,SUT,Suite Room,257.26,1,2019-04-27 03:55:38,2021-12-08 11:34:33
RM-HTL0014-405,HTL0014,405,DLX,Deluxe Room,108.76,1,2019-05-03 20:10:34,2022-06-22 22:32:57
RM-HTL0014-406,HTL0014,406,SUP,Superior Room,84.39,1,2019-05-11 12:01:57,2023-02-05 07:10:35
RM-HTL0014-407,HTL0014,407,STD,Standard Room,51.65,1,2019-04-30 09:12:40,2019-04-30 09:12:40
RM-HTL0014-408,HTL0014,408,STD,Standard Room,62.02,1,2019-05-05 03:56:18,2025-05-23 17:19:12
RM-HTL0014-409,HTL0014,409,SUP,Superior Room,77.59,1,2019-05-04 11:29:07,2025-03-21 04:24:21
RM-HTL0014-410,HTL0014,410,EXE,Executive Suite,409.67,1,2019-05-20 12:36:17,2025-01-19 03:33:56
RM-HTL0014-411,HTL0014,411,DLX,Deluxe Room,116.54,1,2019-05-11 06:50:34,2020-09-11 00:29:53
RM-HTL0014-412,HTL0014,412,DLX,Deluxe Room,124.73,1,2019-05-24 14:24:46,2022-11-21 23:11:21
RM-HTL0014-413,HTL0014,413,EXE,Executive Suite,400.08,1,2019-05-07 22:47:42,2022-12-18 16:07:59
RM-HTL0014-414,HTL0014,414,DLX,Deluxe Room,118.59,1,2019-05-09 16:00:10,2020-04-28 21:27:46
RM-HTL0014-415,HTL0014,415,DLX,Deluxe Room,107.29,1,2019-05-16 03:12:48,2026-04-22 11:00:03
RM-HTL0014-416,HTL0014,416,STD,Standard Room,62.9,1,2019-05-12 08:04:18,2026-01-07 23:21:37
RM-HTL0014-417,HTL0014,417,SUP,Superior Room,87.95,1,2019-05-03 15:50:04,2020-03-11 23:08:28
RM-HTL0014-418,HTL0014,418,EXE,Executive Suite,396.12,1,2019-05-19 11:31:57,2022-06-30 12:34:18
RM-HTL0014-419,HTL0014,419,STD,Standard Room,54.27,0,2019-05-12 05:26:12,2021-07-31 06:15:16
RM-HTL0014-420,HTL0014,420,SUP,Superior Room,79.05,1,2019-05-14 03:25:32,2023-11-15 20:25:05
RM-HTL0014-421,HTL0014,421,SUT,Suite Room,248.76,1,2019-04-26 00:49:01,2026-04-22 09:29:27
RM-HTL0014-422,HTL0014,422,STD,Standard Room,49.85,1,2019-05-16 01:45:09,2021-09-27 13:27:07
RM-HTL0014-423,HTL0014,423,SUP,Superior Room,85.85,1,2019-05-24 01:58:39,2025-10-31 09:11:16
RM-HTL0014-424,HTL0014,424,SUP,Superior Room,80.86,1,2019-05-07 23:45:31,2022-07-14 05:05:15
RM-HTL0014-425,HTL0014,425,EXE,Executive Suite,412.09,1,2019-04-28 06:02:32,2019-04-28 06:02:32
RM-HTL0014-426,HTL0014,426,SUT,Suite Room,248.39,1,2019-04-25 13:05:18,2019-12-07 07:14:50
RM-HTL0014-427,HTL0014,427,SUP,Superior Room,89.39,1,2019-05-07 17:58:58,2019-05-07 17:58:58
RM-HTL0014-428,HTL0014,428,SUT,Suite Room,254.34,1,2019-05-03 02:39:31,2023-01-13 11:46:08
RM-HTL0014-429,HTL0014,429,EXE,Executive Suite,401.11,1,2019-05-24 10:27:13,2020-12-19 15:45:58
RM-HTL0014-430,HTL0014,430,SUP,Superior Room,86.63,1,2019-05-08 22:19:30,2022-07-20 10:52:23
RM-HTL0014-431,HTL0014,431,EXE,Executive Suite,415.0,1,2019-04-29 18:26:09,2023-10-28 11:00:08
RM-HTL0014-432,HTL0014,432,DLX,Deluxe Room,117.9,1,2019-04-30 06:34:25,2019-04-30 06:34:25
RM-HTL0014-433,HTL0014,433,SUP,Superior Room,77.1,1,2019-05-10 23:08:10,2020-02-06 11:56:05
RM-HTL0014-434,HTL0014,434,SUT,Suite Room,249.69,1,2019-04-29 07:48:55,2019-04-29 07:48:55
RM-HTL0014-435,HTL0014,435,EXE,Executive Suite,447.73,1,2019-05-05 11:47:53,2022-10-01 17:04:16
RM-HTL0014-436,HTL0014,436,SUT,Suite Room,257.14,1,2019-05-21 03:14:54,2019-05-21 03:14:54
RM-HTL0014-437,HTL0014,437,SUT,Suite Room,251.08,1,2019-05-23 23:43:42,2019-12-14 00:03:08
RM-HTL0014-438,HTL0014,438,SUT,Suite Room,261.71,1,2019-05-07 04:48:56,2019-05-07 04:48:56
RM-HTL0014-439,HTL0014,439,EXE,Executive Suite,404.35,1,2019-04-29 22:22:38,2021-03-31 16:39:17
RM-HTL0014-440,HTL0014,440,DLX,Deluxe Room,116.63,1,2019-05-04 13:51:54,2024-11-15 05:07:02
RM-HTL0014-441,HTL0014,441,STD,Standard Room,59.49,1,2019-05-07 21:37:59,2019-05-07 21:37:59
RM-HTL0014-442,HTL0014,442,EXE,Executive Suite,397.17,1,2019-05-01 11:56:47,2019-05-01 11:56:47
RM-HTL0014-443,HTL0014,443,STD,Standard Room,64.85,1,2019-05-19 14:12:44,2025-07-24 17:17:53
RM-HTL0014-444,HTL0014,444,EXE,Executive Suite,398.82,1,2019-05-12 22:11:02,2023-12-09 13:38:56
RM-HTL0014-445,HTL0014,445,STD,Standard Room,47.43,1,2019-05-15 23:15:37,2022-11-19 20:43:50
RM-HTL0014-446,HTL0014,446,SUT,Suite Room,262.05,1,2019-04-26 19:08:18,2020-10-05 13:39:03
RM-HTL0014-447,HTL0014,447,SUT,Suite Room,250.56,1,2019-05-11 11:01:23,2022-06-23 09:54:02
RM-HTL0014-448,HTL0014,448,SUT,Suite Room,264.96,1,2019-05-22 01:35:28,2019-05-22 01:35:28
RM-HTL0014-449,HTL0014,449,STD,Standard Room,52.19,1,2019-04-25 08:22:17,2026-03-19 21:05:22
RM-HTL0014-450,HTL0014,450,SUP,Superior Room,82.37,1,2019-05-16 17:23:19,2021-10-14 21:32:53
RM-HTL0015-101,HTL0015,101,SUT,Suite Room,253.22,1,2021-04-28 01:39:28,2021-04-28 01:39:28
RM-HTL0015-102,HTL0015,102,STD,Standard Room,87.26,1,2021-05-15 01:24:11,2026-01-21 17:00:16
RM-HTL0015-103,HTL0015,103,STD,Standard Room,58.72,1,2021-05-01 06:06:25,2023-06-21 06:00:21
RM-HTL0015-104,HTL0015,104,SUP,Superior Room,72.03,1,2021-05-11 11:59:03,2023-03-07 00:41:39
RM-HTL0015-105,HTL0015,105,SUP,Superior Room,88.04,1,2021-04-26 06:58:00,2023-09-12 03:07:10
RM-HTL0015-106,HTL0015,106,SUP,Superior Room,73.69,1,2021-05-06 11:59:04,2021-08-03 03:06:46
RM-HTL0015-107,HTL0015,107,STD,Standard Room,47.68,1,2021-05-01 05:05:01,2025-01-03 06:53:17
RM-HTL0015-108,HTL0015,108,SUT,Suite Room,255.59,1,2021-04-21 11:56:13,2021-12-17 04:26:32
RM-HTL0015-109,HTL0015,109,DLX,Deluxe Room,124.8,1,2021-04-26 07:14:05,2021-04-26 07:14:05
RM-HTL0015-110,HTL0015,110,SUT,Suite Room,250.41,1,2021-04-21 17:06:37,2021-04-21 17:06:37
RM-HTL0015-111,HTL0015,111,SUP,Superior Room,78.68,1,2021-04-27 02:18:18,2022-09-07 10:07:40
RM-HTL0015-112,HTL0015,112,SUT,Suite Room,257.78,1,2021-05-10 20:57:43,2021-05-10 20:57:43
RM-HTL0015-113,HTL0015,113,SUP,Superior Room,71.42,1,2021-05-05 08:57:59,2021-05-05 08:57:59
RM-HTL0015-114,HTL0015,114,SUP,Superior Room,71.89,1,2021-05-08 10:08:12,2021-12-18 17:57:40
RM-HTL0015-115,HTL0015,115,SUP,Superior Room,75.02,1,2021-04-16 05:10:16,2021-04-16 05:10:16
RM-HTL0015-116,HTL0015,116,EXE,Executive Suite,405.34,1,2021-05-05 22:19:01,2025-04-30 07:53:24
RM-HTL0015-117,HTL0015,117,SUP,Superior Room,75.42,1,2021-04-16 19:37:23,2023-04-16 20:37:12
RM-HTL0015-118,HTL0015,118,SUT,Suite Room,245.87,1,2021-05-12 11:10:48,2022-02-07 03:30:10
RM-HTL0015-119,HTL0015,119,DLX,Deluxe Room,105.93,1,2021-05-04 09:09:14,2021-05-04 09:09:14
RM-HTL0015-120,HTL0015,120,EXE,Executive Suite,408.59,1,2021-04-29 08:26:48,2024-01-02 23:00:16
RM-HTL0015-121,HTL0015,121,DLX,Deluxe Room,111.95,1,2021-04-28 05:14:10,2023-01-27 02:35:16
RM-HTL0015-122,HTL0015,122,SUT,Suite Room,259.06,1,2021-05-15 06:42:03,2023-12-24 18:02:28
RM-HTL0015-123,HTL0015,123,STD,Standard Room,56.84,1,2021-04-20 11:29:23,2022-09-04 20:34:33
RM-HTL0015-124,HTL0015,124,EXE,Executive Suite,411.13,1,2021-05-03 06:22:00,2021-05-03 06:22:00
RM-HTL0015-125,HTL0015,125,DLX,Deluxe Room,122.07,1,2021-05-15 04:18:54,2022-09-16 04:11:54
RM-HTL0015-126,HTL0015,126,SUT,Suite Room,259.58,1,2021-05-03 04:45:54,2025-06-23 02:34:34
RM-HTL0015-127,HTL0015,127,STD,Standard Room,59.01,1,2021-05-07 04:50:25,2021-05-07 04:50:25
RM-HTL0015-128,HTL0015,128,STD,Standard Room,55.12,1,2021-05-10 06:51:30,2021-05-10 06:51:30
RM-HTL0015-129,HTL0015,129,DLX,Deluxe Room,115.42,1,2021-05-12 13:02:54,2025-05-07 13:21:10
RM-HTL0015-130,HTL0015,130,STD,Standard Room,45.24,1,2021-04-23 12:20:56,2025-09-05 22:57:28
RM-HTL0015-131,HTL0015,131,SUP,Superior Room,73.25,1,2021-04-30 09:55:19,2024-02-03 07:00:07
RM-HTL0015-132,HTL0015,132,EXE,Executive Suite,407.45,1,2021-05-13 18:25:51,2024-12-23 11:48:20
RM-HTL0015-133,HTL0015,133,STD,Standard Room,64.54,1,2021-04-23 17:52:42,2021-08-26 00:59:33
RM-HTL0015-134,HTL0015,134,EXE,Executive Suite,403.98,1,2021-04-22 09:17:38,2024-06-23 07:53:35
RM-HTL0015-135,HTL0015,135,SUT,Suite Room,256.93,1,2021-04-30 06:18:41,2021-11-23 09:49:18
RM-HTL0015-136,HTL0015,136,DLX,Deluxe Room,118.42,1,2021-04-16 05:04:06,2025-06-01 22:51:09
RM-HTL0015-137,HTL0015,137,STD,Standard Room,47.43,1,2021-05-06 16:43:50,2026-05-18 18:15:02
RM-HTL0015-138,HTL0015,138,EXE,Executive Suite,407.91,1,2021-04-18 21:06:49,2026-02-11 06:01:13
RM-HTL0015-139,HTL0015,139,DLX,Deluxe Room,109.12,1,2021-05-03 07:25:38,2021-06-26 21:09:32
RM-HTL0015-140,HTL0015,140,STD,Standard Room,58.88,1,2021-04-30 16:58:50,2021-04-30 16:58:50
RM-HTL0015-141,HTL0015,141,EXE,Executive Suite,402.5,1,2021-05-07 18:59:20,2024-05-09 15:25:13
RM-HTL0015-142,HTL0015,142,SUP,Superior Room,79.62,1,2021-04-30 04:51:04,2023-06-27 23:36:06
RM-HTL0015-143,HTL0015,143,STD,Standard Room,63.32,1,2021-05-06 02:41:57,2021-05-06 02:41:57
RM-HTL0015-144,HTL0015,144,SUP,Superior Room,75.33,1,2021-04-18 06:43:41,2025-02-25 01:02:52
RM-HTL0015-145,HTL0015,145,STD,Standard Room,48.09,1,2021-05-13 21:54:01,2021-05-13 21:54:01
RM-HTL0015-146,HTL0015,146,SUP,Superior Room,74.13,0,2021-04-25 17:32:49,2022-10-24 11:20:46
RM-HTL0015-147,HTL0015,147,STD,Standard Room,47.29,1,2021-04-18 13:28:29,2025-05-03 00:32:36
RM-HTL0015-148,HTL0015,148,DLX,Deluxe Room,115.35,1,2021-05-10 08:39:32,2023-10-20 21:12:45
RM-HTL0015-149,HTL0015,149,STD,Standard Room,52.78,1,2021-05-06 21:44:33,2021-05-06 21:44:33
RM-HTL0015-150,HTL0015,150,SUT,Suite Room,246.87,1,2021-05-14 16:16:19,2025-11-02 16:24:22
RM-HTL0015-151,HTL0015,151,SUP,Superior Room,85.71,1,2021-04-29 08:43:28,2023-04-04 00:08:02
RM-HTL0015-152,HTL0015,152,DLX,Deluxe Room,112.36,1,2021-05-11 22:17:16,2021-05-11 22:17:16
RM-HTL0015-153,HTL0015,153,SUT,Suite Room,257.08,1,2021-05-05 02:43:21,2024-03-16 11:46:05
RM-HTL0015-154,HTL0015,154,STD,Standard Room,55.24,1,2021-05-08 20:25:04,2021-05-08 20:25:04
RM-HTL0015-155,HTL0015,155,SUP,Superior Room,74.72,1,2021-05-02 03:13:12,2022-10-26 03:44:36
RM-HTL0015-156,HTL0015,156,SUP,Superior Room,76.74,0,2021-05-07 06:27:55,2024-09-07 14:05:30
RM-HTL0015-157,HTL0015,157,DLX,Deluxe Room,117.68,1,2021-05-12 15:40:20,2023-09-18 09:45:31
RM-HTL0015-158,HTL0015,158,SUT,Suite Room,257.92,1,2021-05-01 00:39:32,2021-11-11 20:11:58
RM-HTL0015-159,HTL0015,159,SUT,Suite Room,245.84,1,2021-05-03 09:27:11,2022-01-13 07:10:48
RM-HTL0015-160,HTL0015,160,EXE,Executive Suite,401.52,1,2021-04-27 20:18:51,2022-11-05 17:42:15
RM-HTL0015-161,HTL0015,161,EXE,Executive Suite,405.34,1,2021-05-01 05:00:03,2024-11-14 18:06:55
RM-HTL0015-162,HTL0015,162,SUT,Suite Room,255.91,1,2021-04-27 09:49:03,2024-11-25 10:18:52
RM-HTL0015-163,HTL0015,163,STD,Standard Room,61.89,1,2021-04-18 05:30:20,2021-04-18 05:30:20
RM-HTL0015-164,HTL0015,164,SUT,Suite Room,263.11,1,2021-04-18 09:25:49,2022-08-04 20:10:06
RM-HTL0015-165,HTL0015,165,EXE,Executive Suite,403.63,1,2021-05-06 21:50:11,2023-05-20 16:19:19
RM-HTL0015-166,HTL0015,166,STD,Standard Room,45.19,1,2021-04-24 09:35:58,2025-11-05 02:41:59
RM-HTL0015-167,HTL0015,167,EXE,Executive Suite,399.72,1,2021-05-06 11:09:58,2021-07-18 23:36:26
RM-HTL0015-168,HTL0015,168,STD,Standard Room,63.17,1,2021-05-08 19:41:11,2021-11-12 18:25:21
RM-HTL0015-169,HTL0015,169,EXE,Executive Suite,414.39,1,2021-04-23 16:07:47,2024-07-17 08:29:58
RM-HTL0015-170,HTL0015,170,DLX,Deluxe Room,110.75,1,2021-05-04 16:00:53,2022-06-20 06:53:25
RM-HTL0015-171,HTL0015,171,STD,Standard Room,52.91,1,2021-05-06 21:14:15,2025-01-29 21:55:30
RM-HTL0015-172,HTL0015,172,SUP,Superior Room,87.87,1,2021-05-05 20:15:48,2022-12-28 05:41:06
RM-HTL0015-173,HTL0015,173,SUP,Superior Room,70.22,0,2021-05-16 04:03:53,2021-05-16 04:03:53
RM-HTL0015-174,HTL0015,174,STD,Standard Room,48.31,1,2021-05-05 01:52:48,2024-09-08 17:10:02
RM-HTL0015-175,HTL0015,175,DLX,Deluxe Room,106.54,1,2021-04-28 23:43:49,2021-04-28 23:43:49
RM-HTL0015-176,HTL0015,176,SUT,Suite Room,255.46,1,2021-04-26 19:44:43,2022-07-02 09:19:37
RM-HTL0015-177,HTL0015,177,SUP,Superior Room,71.15,1,2021-04-26 12:56:12,2025-09-27 07:23:38
RM-HTL0015-178,HTL0015,178,DLX,Deluxe Room,124.25,1,2021-04-24 02:15:20,2023-12-28 11:03:43
RM-HTL0015-179,HTL0015,179,SUT,Suite Room,246.77,1,2021-04-20 15:43:12,2021-10-05 06:45:37
RM-HTL0015-180,HTL0015,180,SUT,Suite Room,262.25,1,2021-05-08 19:20:32,2021-05-08 19:20:32
RM-HTL0016-101,HTL0016,101,SUP,Superior Room,78.82,1,2019-12-30 09:39:03,2022-07-01 09:18:11
RM-HTL0016-102,HTL0016,102,EXE,Executive Suite,406.09,1,2020-01-17 15:03:15,2020-01-17 15:03:15
RM-HTL0016-103,HTL0016,103,STD,Standard Room,54.82,1,2020-01-03 01:24:20,2020-01-03 01:24:20
RM-HTL0016-104,HTL0016,104,EXE,Executive Suite,408.5,1,2020-01-15 02:41:01,2023-11-18 00:55:28
RM-HTL0016-105,HTL0016,105,STD,Standard Room,45.93,1,2020-01-22 19:23:03,2020-12-20 11:33:40
RM-HTL0016-106,HTL0016,106,EXE,Executive Suite,402.22,1,2020-01-02 12:20:30,2020-01-02 12:20:30
RM-HTL0016-107,HTL0016,107,DLX,Deluxe Room,122.52,1,2020-01-16 12:57:11,2021-06-18 00:12:11
RM-HTL0016-108,HTL0016,108,DLX,Deluxe Room,123.66,1,2020-01-13 20:24:45,2020-01-13 20:24:45
RM-HTL0016-109,HTL0016,109,DLX,Deluxe Room,113.2,1,2020-01-12 23:30:32,2021-01-02 00:13:48
RM-HTL0016-110,HTL0016,110,STD,Standard Room,49.63,1,2020-01-09 04:07:36,2021-03-26 00:47:17
RM-HTL0016-111,HTL0016,111,SUT,Suite Room,252.59,1,2020-01-09 17:24:11,2026-02-03 23:29:42
RM-HTL0016-112,HTL0016,112,STD,Standard Room,62.33,1,2020-01-10 06:12:06,2020-01-10 06:12:06
RM-HTL0016-113,HTL0016,113,EXE,Executive Suite,405.37,1,2020-01-07 18:55:11,2020-01-07 18:55:11
RM-HTL0016-114,HTL0016,114,STD,Standard Room,50.35,1,2020-01-07 13:34:44,2020-01-07 13:34:44
RM-HTL0016-115,HTL0016,115,SUT,Suite Room,257.82,1,2020-01-20 16:12:32,2023-01-08 02:05:54
RM-HTL0016-116,HTL0016,116,SUT,Suite Room,256.55,1,2019-12-30 13:47:05,2020-04-06 22:04:09
RM-HTL0016-117,HTL0016,117,EXE,Executive Suite,435.1,1,2020-01-23 16:09:32,2025-11-18 18:48:30
RM-HTL0016-118,HTL0016,118,STD,Standard Room,56.49,1,2020-01-11 01:12:52,2020-01-11 01:12:52
RM-HTL0016-119,HTL0016,119,SUP,Superior Room,75.55,1,2020-01-04 03:43:31,2020-01-04 03:43:31
RM-HTL0016-120,HTL0016,120,SUP,Superior Room,89.9,1,2020-01-25 04:51:22,2024-03-31 13:26:27
RM-HTL0016-121,HTL0016,121,SUT,Suite Room,261.12,1,2020-01-21 13:06:06,2020-01-21 13:06:06
RM-HTL0016-122,HTL0016,122,STD,Standard Room,59.21,1,2020-01-10 12:35:17,2024-07-23 20:00:35
RM-HTL0016-123,HTL0016,123,DLX,Deluxe Room,111.93,1,2020-01-13 10:58:52,2023-01-02 00:56:01
RM-HTL0016-124,HTL0016,124,SUT,Suite Room,250.95,1,2020-01-18 17:56:43,2022-08-20 03:09:53
RM-HTL0016-125,HTL0016,125,DLX,Deluxe Room,116.33,1,2020-01-13 18:28:11,2024-10-04 14:24:43
RM-HTL0016-126,HTL0016,126,SUP,Superior Room,89.94,1,2020-01-27 19:12:36,2021-01-26 06:24:56
RM-HTL0016-127,HTL0016,127,SUT,Suite Room,252.37,1,2020-01-25 12:18:14,2021-12-29 07:18:50
RM-HTL0016-128,HTL0016,128,SUT,Suite Room,258.94,1,2020-01-13 21:08:47,2020-02-17 21:58:11
RM-HTL0016-129,HTL0016,129,SUP,Superior Room,89.59,1,2020-01-07 23:37:54,2022-11-13 08:18:30
RM-HTL0016-130,HTL0016,130,SUP,Superior Room,88.93,1,2020-01-26 18:04:27,2022-06-27 14:30:38
RM-HTL0016-131,HTL0016,131,STD,Standard Room,59.43,1,2020-01-08 23:56:30,2020-05-16 03:41:17
RM-HTL0016-132,HTL0016,132,SUP,Superior Room,89.12,1,2020-01-13 05:46:57,2024-05-25 04:40:45
RM-HTL0016-133,HTL0016,133,EXE,Executive Suite,410.34,1,2020-01-21 08:33:41,2021-12-25 19:41:56
RM-HTL0016-134,HTL0016,134,SUP,Superior Room,85.28,1,2020-01-27 16:37:47,2021-02-24 06:18:18
RM-HTL0016-135,HTL0016,135,DLX,Deluxe Room,118.59,1,2020-01-26 19:15:52,2024-01-16 20:39:24
RM-HTL0016-136,HTL0016,136,EXE,Executive Suite,403.27,1,2020-01-04 10:18:25,2024-02-28 20:48:25
RM-HTL0016-137,HTL0016,137,STD,Standard Room,47.58,1,2020-01-16 12:00:54,2026-05-21 20:20:35
RM-HTL0016-138,HTL0016,138,STD,Standard Room,47.75,1,2020-01-04 20:54:47,2020-01-04 20:54:47
RM-HTL0016-139,HTL0016,139,DLX,Deluxe Room,123.45,1,2020-01-23 01:50:54,2020-01-23 01:50:54
RM-HTL0016-140,HTL0016,140,DLX,Deluxe Room,124.6,1,2020-01-17 16:19:23,2020-01-17 16:19:23
RM-HTL0016-141,HTL0016,141,EXE,Executive Suite,411.62,1,2020-01-09 13:48:50,2020-01-09 13:48:50
RM-HTL0016-142,HTL0016,142,SUT,Suite Room,250.07,1,2020-01-11 06:14:15,2020-01-11 06:14:15
RM-HTL0016-143,HTL0016,143,STD,Standard Room,64.51,1,2020-01-16 21:44:56,2020-01-16 21:44:56
RM-HTL0016-144,HTL0016,144,EXE,Executive Suite,399.5,1,2020-01-21 17:11:29,2023-05-01 00:03:13
RM-HTL0016-145,HTL0016,145,EXE,Executive Suite,401.26,1,2020-01-28 18:38:36,2022-08-23 17:08:47
RM-HTL0016-146,HTL0016,146,SUT,Suite Room,252.06,1,2020-01-12 17:59:19,2020-04-11 23:32:08
RM-HTL0016-147,HTL0016,147,DLX,Deluxe Room,111.35,0,2020-01-28 09:43:09,2021-02-27 01:18:10
RM-HTL0016-148,HTL0016,148,DLX,Deluxe Room,118.36,1,2020-01-25 19:13:31,2022-03-12 10:02:08
RM-HTL0016-149,HTL0016,149,SUT,Suite Room,264.16,1,2020-01-02 18:14:31,2020-01-29 16:50:52
RM-HTL0016-150,HTL0016,150,DLX,Deluxe Room,118.08,1,2020-01-01 21:08:03,2020-01-01 21:08:03
RM-HTL0016-151,HTL0016,151,SUT,Suite Room,253.69,1,2020-01-07 22:54:02,2023-12-19 11:45:29
RM-HTL0016-152,HTL0016,152,STD,Standard Room,49.93,1,2020-01-25 16:15:19,2020-01-25 16:15:19
RM-HTL0016-153,HTL0016,153,SUP,Superior Room,80.82,1,2020-01-05 20:25:19,2023-05-19 12:47:53
RM-HTL0016-154,HTL0016,154,SUP,Superior Room,73.54,1,2020-01-12 04:40:49,2020-01-12 04:40:49
RM-HTL0016-155,HTL0016,155,SUP,Superior Room,87.79,1,2020-01-23 16:13:36,2020-06-08 04:28:42
RM-HTL0016-156,HTL0016,156,DLX,Deluxe Room,113.54,1,2020-01-14 15:44:47,2023-05-04 06:59:31
RM-HTL0016-157,HTL0016,157,EXE,Executive Suite,397.18,1,2020-01-14 00:07:36,2020-01-14 00:07:36
RM-HTL0016-158,HTL0016,158,SUP,Superior Room,84.53,1,2020-01-11 05:01:14,2020-01-11 05:01:14
RM-HTL0016-159,HTL0016,159,EXE,Executive Suite,397.55,0,2020-01-18 07:02:25,2022-10-06 10:15:39
RM-HTL0016-160,HTL0016,160,SUP,Superior Room,77.86,1,2020-01-22 14:18:07,2020-01-22 14:18:07
RM-HTL0016-161,HTL0016,161,SUP,Superior Room,79.15,1,2020-01-23 06:44:43,2023-05-15 19:58:26
RM-HTL0016-162,HTL0016,162,SUT,Suite Room,254.58,1,2020-01-21 19:15:22,2025-02-05 02:33:47
RM-HTL0016-163,HTL0016,163,STD,Standard Room,45.11,1,2020-01-27 16:44:29,2020-01-27 16:44:29
RM-HTL0016-164,HTL0016,164,DLX,Deluxe Room,112.28,1,2020-01-29 23:27:52,2020-11-25 10:01:07
RM-HTL0016-165,HTL0016,165,SUT,Suite Room,258.3,1,2020-01-06 12:33:16,2020-01-06 12:33:16
RM-HTL0016-166,HTL0016,166,SUT,Suite Room,252.69,1,2020-01-29 00:42:23,2020-01-29 00:42:23
RM-HTL0016-167,HTL0016,167,STD,Standard Room,55.94,1,2020-01-22 23:39:48,2022-06-02 08:10:39
RM-HTL0016-168,HTL0016,168,SUP,Superior Room,79.41,1,2020-01-01 22:01:21,2023-05-11 14:19:23
RM-HTL0016-169,HTL0016,169,STD,Standard Room,48.33,1,2020-01-22 22:50:29,2025-06-13 02:28:03
RM-HTL0016-170,HTL0016,170,SUT,Suite Room,254.63,1,2020-01-07 22:55:57,2020-01-07 22:55:57
RM-HTL0016-171,HTL0016,171,DLX,Deluxe Room,120.87,1,2020-01-18 08:48:17,2024-06-06 15:56:57
RM-HTL0016-172,HTL0016,172,SUT,Suite Room,252.02,1,2020-01-23 19:12:41,2020-01-23 19:12:41
RM-HTL0016-173,HTL0016,173,SUP,Superior Room,73.33,1,2020-01-07 09:01:01,2020-01-07 09:01:01
RM-HTL0016-174,HTL0016,174,SUP,Superior Room,87.12,1,2020-01-09 23:46:42,2025-06-25 07:24:52
RM-HTL0016-175,HTL0016,175,STD,Standard Room,61.3,1,2020-01-26 14:06:04,2020-01-26 14:06:04
RM-HTL0016-176,HTL0016,176,SUT,Suite Room,254.15,1,2020-01-17 18:54:58,2021-04-17 10:33:21
RM-HTL0016-177,HTL0016,177,STD,Standard Room,51.27,1,2020-01-19 23:20:39,2021-06-03 07:01:37
RM-HTL0016-178,HTL0016,178,SUP,Superior Room,81.23,1,2020-01-06 08:43:48,2025-12-06 09:55:28
RM-HTL0016-179,HTL0016,179,SUT,Suite Room,250.47,1,2020-01-17 13:28:36,2022-04-10 19:10:44
RM-HTL0016-180,HTL0016,180,DLX,Deluxe Room,110.34,1,2020-01-15 11:40:23,2020-01-15 11:40:23
RM-HTL0016-181,HTL0016,181,EXE,Executive Suite,408.92,1,2020-01-20 20:02:11,2022-10-14 19:16:16
RM-HTL0016-182,HTL0016,182,EXE,Executive Suite,411.79,1,2020-01-13 17:25:31,2026-02-26 14:54:26
RM-HTL0016-183,HTL0016,183,SUP,Superior Room,74.43,1,2020-01-24 07:09:20,2020-01-24 07:09:20
RM-HTL0016-184,HTL0016,184,SUP,Superior Room,79.03,1,2020-01-20 03:29:17,2024-01-07 18:48:18
RM-HTL0016-185,HTL0016,185,EXE,Executive Suite,401.12,1,2020-01-24 12:35:33,2020-01-24 12:35:33
RM-HTL0016-186,HTL0016,186,EXE,Executive Suite,409.59,1,2020-01-25 23:22:30,2020-01-25 23:22:30
RM-HTL0016-187,HTL0016,187,DLX,Deluxe Room,113.89,1,2020-01-08 01:44:02,2020-01-08 01:44:02
RM-HTL0016-188,HTL0016,188,SUT,Suite Room,256.84,1,2020-01-14 10:25:45,2024-03-18 05:50:25
RM-HTL0016-189,HTL0016,189,STD,Standard Room,109.21,1,2020-01-04 22:48:42,2021-03-29 19:33:01
RM-HTL0016-190,HTL0016,190,EXE,Executive Suite,401.99,1,2020-01-01 11:04:47,2026-04-12 16:04:30
RM-HTL0016-191,HTL0016,191,EXE,Executive Suite,406.11,1,2020-01-06 09:51:41,2020-01-06 09:51:41
RM-HTL0016-192,HTL0016,192,SUT,Suite Room,264.84,1,2020-01-26 02:50:47,2023-03-02 03:19:30
RM-HTL0016-193,HTL0016,193,SUT,Suite Room,255.47,1,2020-01-04 01:19:57,2022-12-30 22:57:43
RM-HTL0016-194,HTL0016,194,SUP,Superior Room,78.61,1,2020-01-27 06:51:19,2023-02-20 14:55:34
RM-HTL0016-195,HTL0016,195,DLX,Deluxe Room,113.24,1,2020-01-22 22:33:56,2024-10-03 02:50:46
RM-HTL0016-196,HTL0016,196,EXE,Executive Suite,400.03,1,2020-01-29 15:30:17,2025-07-09 14:38:28
RM-HTL0016-197,HTL0016,197,EXE,Executive Suite,405.88,1,2020-01-14 19:37:38,2020-01-14 19:37:38
RM-HTL0016-198,HTL0016,198,DLX,Deluxe Room,112.12,1,2020-01-05 14:31:03,2020-01-05 14:31:03
RM-HTL0016-199,HTL0016,199,STD,Standard Room,63.25,1,2020-01-29 23:57:58,2025-10-11 23:11:46
RM-HTL0016-200,HTL0016,200,EXE,Executive Suite,395.89,1,2020-01-04 00:48:06,2022-11-22 10:36:07
RM-HTL0016-201,HTL0016,201,DLX,Deluxe Room,109.61,1,2020-01-07 21:35:26,2020-01-07 21:35:26
RM-HTL0016-202,HTL0016,202,DLX,Deluxe Room,117.44,1,2020-01-03 16:54:11,2020-01-03 16:54:11
RM-HTL0016-203,HTL0016,203,SUP,Superior Room,83.34,1,2020-01-21 19:40:24,2025-04-08 09:42:30
RM-HTL0016-204,HTL0016,204,EXE,Executive Suite,409.22,1,2020-01-09 00:44:10,2024-09-03 12:09:27
RM-HTL0016-205,HTL0016,205,SUP,Superior Room,75.96,1,2020-01-21 23:14:22,2020-01-21 23:14:22
RM-HTL0016-206,HTL0016,206,SUT,Suite Room,245.37,1,2020-01-14 16:16:59,2025-10-26 06:48:19
RM-HTL0016-207,HTL0016,207,DLX,Deluxe Room,118.16,1,2020-01-17 18:38:40,2024-04-03 12:20:16
RM-HTL0016-208,HTL0016,208,SUP,Superior Room,78.65,1,2019-12-30 23:20:20,2025-06-21 21:33:47
RM-HTL0016-209,HTL0016,209,EXE,Executive Suite,401.38,1,2020-01-26 06:50:45,2025-01-23 11:37:59
RM-HTL0016-210,HTL0016,210,SUP,Superior Room,79.21,1,2020-01-03 07:37:20,2025-03-03 21:33:03
RM-HTL0016-211,HTL0016,211,DLX,Deluxe Room,106.74,1,2020-01-22 01:52:30,2025-06-15 12:13:17
RM-HTL0016-212,HTL0016,212,EXE,Executive Suite,397.71,1,2020-01-19 07:23:04,2020-02-18 09:19:39
RM-HTL0016-213,HTL0016,213,EXE,Executive Suite,414.67,0,2020-01-18 22:37:19,2023-09-30 16:56:23
RM-HTL0016-214,HTL0016,214,EXE,Executive Suite,411.97,1,2020-01-25 17:48:23,2023-03-03 11:34:17
RM-HTL0016-215,HTL0016,215,SUP,Superior Room,88.83,1,2019-12-30 09:57:45,2025-09-30 11:11:02
RM-HTL0016-216,HTL0016,216,EXE,Executive Suite,414.05,1,2020-01-04 19:13:27,2023-06-08 17:24:38
RM-HTL0016-217,HTL0016,217,SUP,Superior Room,89.07,1,2020-01-26 16:13:09,2024-01-04 02:56:14
RM-HTL0016-218,HTL0016,218,STD,Standard Room,64.55,1,2020-01-10 23:28:24,2020-06-21 15:32:24
RM-HTL0016-219,HTL0016,219,SUT,Suite Room,262.96,1,2020-01-28 04:47:45,2020-03-16 12:08:13
RM-HTL0016-220,HTL0016,220,EXE,Executive Suite,397.96,1,2020-01-27 15:39:19,2022-02-05 15:15:09
RM-HTL0017-101,HTL0017,101,SUP,Superior Room,71.56,1,2020-05-16 09:47:24,2020-12-21 15:16:38
RM-HTL0017-102,HTL0017,102,DLX,Deluxe Room,114.4,1,2020-05-24 20:20:48,2021-09-18 18:48:19
RM-HTL0017-103,HTL0017,103,STD,Standard Room,49.37,1,2020-05-01 22:39:00,2021-01-29 10:14:53
RM-HTL0017-104,HTL0017,104,STD,Standard Room,56.71,1,2020-05-11 01:31:58,2020-09-17 06:05:53
RM-HTL0017-105,HTL0017,105,SUT,Suite Room,262.78,1,2020-05-16 12:25:08,2025-01-20 09:34:08
RM-HTL0017-106,HTL0017,106,STD,Standard Room,54.72,1,2020-05-05 17:49:22,2023-12-07 16:59:59
RM-HTL0017-107,HTL0017,107,EXE,Executive Suite,399.26,1,2020-04-30 09:46:25,2020-04-30 09:46:25
RM-HTL0017-108,HTL0017,108,SUP,Superior Room,83.68,1,2020-05-07 13:31:29,2022-02-18 23:34:47
RM-HTL0017-109,HTL0017,109,DLX,Deluxe Room,112.22,1,2020-05-19 15:34:35,2022-11-28 20:38:52
RM-HTL0017-110,HTL0017,110,EXE,Executive Suite,402.36,1,2020-05-21 19:03:55,2024-02-06 15:11:57
RM-HTL0017-111,HTL0017,111,DLX,Deluxe Room,120.45,1,2020-05-19 08:35:49,2023-08-19 11:28:13
RM-HTL0017-112,HTL0017,112,STD,Standard Room,60.31,1,2020-05-09 10:40:51,2025-03-16 09:38:37
RM-HTL0017-113,HTL0017,113,EXE,Executive Suite,399.68,1,2020-05-11 14:54:33,2022-02-28 14:05:17
RM-HTL0017-114,HTL0017,114,SUT,Suite Room,245.68,1,2020-04-26 13:58:42,2024-02-05 10:43:16
RM-HTL0017-115,HTL0017,115,STD,Standard Room,58.74,1,2020-05-20 13:21:15,2020-05-20 13:21:15
RM-HTL0017-116,HTL0017,116,STD,Standard Room,58.47,1,2020-05-02 02:51:41,2024-08-07 11:08:33
RM-HTL0017-117,HTL0017,117,EXE,Executive Suite,399.32,1,2020-05-14 04:07:57,2020-05-14 04:07:57
RM-HTL0017-118,HTL0017,118,SUP,Superior Room,76.12,1,2020-05-07 16:58:29,2020-05-07 16:58:29
RM-HTL0017-119,HTL0017,119,DLX,Deluxe Room,106.61,0,2020-05-06 17:07:38,2023-05-22 06:12:26
RM-HTL0017-120,HTL0017,120,STD,Standard Room,55.79,1,2020-04-24 21:54:21,2020-04-24 21:54:21
RM-HTL0017-121,HTL0017,121,DLX,Deluxe Room,111.73,1,2020-05-02 18:04:05,2021-03-06 00:31:57
RM-HTL0017-122,HTL0017,122,STD,Standard Room,45.98,1,2020-05-22 17:15:50,2021-11-06 17:53:59
RM-HTL0017-123,HTL0017,123,SUT,Suite Room,264.1,1,2020-04-24 10:36:32,2022-08-27 03:36:38
RM-HTL0017-124,HTL0017,124,EXE,Executive Suite,410.22,1,2020-04-25 08:20:02,2020-04-25 08:20:02
RM-HTL0017-125,HTL0017,125,STD,Standard Room,61.3,1,2020-05-11 05:32:00,2023-05-31 22:19:58
RM-HTL0017-126,HTL0017,126,SUT,Suite Room,260.46,1,2020-05-02 20:18:32,2023-05-18 11:46:04
RM-HTL0017-127,HTL0017,127,SUP,Superior Room,82.03,1,2020-05-01 13:06:48,2023-09-27 06:41:19
RM-HTL0017-128,HTL0017,128,STD,Standard Room,54.94,1,2020-05-07 18:15:40,2024-04-05 01:02:48
RM-HTL0017-129,HTL0017,129,SUT,Suite Room,254.91,1,2020-05-15 20:26:15,2026-04-19 08:53:49
RM-HTL0017-130,HTL0017,130,STD,Standard Room,47.49,1,2020-05-09 16:09:13,2020-07-29 16:55:19
RM-HTL0017-131,HTL0017,131,SUP,Superior Room,79.11,1,2020-05-04 20:24:35,2025-01-05 03:48:06
RM-HTL0017-132,HTL0017,132,SUT,Suite Room,262.98,1,2020-05-01 02:06:57,2022-06-27 18:58:53
RM-HTL0017-133,HTL0017,133,EXE,Executive Suite,406.8,1,2020-05-13 14:50:41,2025-10-02 10:50:14
RM-HTL0017-134,HTL0017,134,EXE,Executive Suite,410.72,1,2020-05-23 14:47:54,2021-02-19 16:54:18
RM-HTL0017-135,HTL0017,135,STD,Standard Room,61.55,1,2020-04-25 01:03:16,2022-05-01 08:00:29
RM-HTL0017-136,HTL0017,136,EXE,Executive Suite,406.86,1,2020-05-16 01:30:38,2026-01-26 22:12:23
RM-HTL0017-137,HTL0017,137,SUP,Superior Room,76.2,1,2020-05-20 21:37:22,2022-01-29 04:30:52
RM-HTL0017-138,HTL0017,138,SUP,Superior Room,89.1,1,2020-05-17 16:00:49,2024-01-24 17:21:52
RM-HTL0017-139,HTL0017,139,DLX,Deluxe Room,107.57,1,2020-05-01 02:50:24,2020-05-01 02:50:24
RM-HTL0017-140,HTL0017,140,DLX,Deluxe Room,120.8,1,2020-05-21 15:10:37,2020-11-04 10:03:01
RM-HTL0017-141,HTL0017,141,SUP,Superior Room,89.5,1,2020-05-15 02:45:52,2020-05-15 02:45:52
RM-HTL0017-142,HTL0017,142,EXE,Executive Suite,413.41,1,2020-04-24 02:01:42,2020-04-24 02:01:42
RM-HTL0017-143,HTL0017,143,DLX,Deluxe Room,124.58,1,2020-04-28 00:27:00,2020-05-03 14:31:26
RM-HTL0017-144,HTL0017,144,SUT,Suite Room,250.74,1,2020-05-01 14:54:26,2023-07-22 02:15:58
RM-HTL0017-145,HTL0017,145,EXE,Executive Suite,411.99,1,2020-04-27 22:07:36,2020-04-27 22:07:36
RM-HTL0017-146,HTL0017,146,DLX,Deluxe Room,122.34,1,2020-05-08 18:39:35,2020-05-08 18:39:35
RM-HTL0017-147,HTL0017,147,EXE,Executive Suite,400.08,1,2020-05-21 00:09:32,2021-01-25 03:41:40
RM-HTL0017-148,HTL0017,148,STD,Standard Room,82.29,1,2020-04-24 06:35:16,2021-10-10 14:33:59
RM-HTL0017-149,HTL0017,149,SUP,Superior Room,73.15,1,2020-05-13 04:05:06,2025-05-03 13:36:26
RM-HTL0017-150,HTL0017,150,SUT,Suite Room,257.91,1,2020-04-28 05:10:07,2025-08-02 21:20:53
RM-HTL0017-151,HTL0017,151,SUP,Superior Room,82.82,1,2020-05-08 21:00:17,2022-02-09 00:15:15
RM-HTL0017-152,HTL0017,152,STD,Standard Room,48.44,1,2020-05-14 14:30:00,2021-07-27 04:22:59
RM-HTL0017-153,HTL0017,153,SUT,Suite Room,307.97,1,2020-04-28 17:50:55,2022-03-02 08:51:00
RM-HTL0017-154,HTL0017,154,DLX,Deluxe Room,112.44,1,2020-05-24 10:02:57,2020-05-24 10:02:57
RM-HTL0017-155,HTL0017,155,SUT,Suite Room,260.67,1,2020-05-07 21:24:33,2020-06-19 17:52:29
RM-HTL0017-156,HTL0017,156,SUP,Superior Room,73.94,1,2020-04-30 23:07:01,2025-08-14 12:20:10
RM-HTL0017-157,HTL0017,157,STD,Standard Room,83.21,1,2020-05-16 23:22:06,2021-06-08 01:56:14
RM-HTL0017-158,HTL0017,158,DLX,Deluxe Room,112.61,1,2020-04-25 20:49:11,2025-03-30 14:23:02
RM-HTL0017-159,HTL0017,159,SUT,Suite Room,253.55,1,2020-05-02 06:09:30,2021-02-26 13:27:03
RM-HTL0017-160,HTL0017,160,DLX,Deluxe Room,113.16,1,2020-05-14 17:35:36,2020-05-14 17:35:36
RM-HTL0017-161,HTL0017,161,EXE,Executive Suite,404.14,1,2020-05-21 16:56:51,2020-11-26 23:53:15
RM-HTL0017-162,HTL0017,162,DLX,Deluxe Room,115.8,1,2020-04-24 01:23:24,2020-04-24 01:23:24
RM-HTL0017-163,HTL0017,163,DLX,Deluxe Room,108.22,1,2020-04-29 02:41:37,2020-04-29 02:41:37
RM-HTL0017-164,HTL0017,164,DLX,Deluxe Room,112.65,1,2020-05-16 12:56:50,2026-04-10 01:22:19
RM-HTL0017-165,HTL0017,165,SUP,Superior Room,82.22,1,2020-05-06 01:43:39,2026-03-11 03:24:47
RM-HTL0017-166,HTL0017,166,SUP,Superior Room,70.59,1,2020-04-28 17:45:58,2024-02-24 00:46:40
RM-HTL0017-167,HTL0017,167,SUP,Superior Room,86.99,1,2020-04-25 15:45:14,2021-06-05 13:04:27
RM-HTL0017-168,HTL0017,168,DLX,Deluxe Room,110.05,0,2020-05-20 17:21:35,2020-05-20 17:21:35
RM-HTL0017-169,HTL0017,169,STD,Standard Room,60.86,1,2020-05-17 08:32:09,2021-02-01 15:34:27
RM-HTL0017-170,HTL0017,170,SUT,Suite Room,256.91,1,2020-05-05 16:41:48,2021-06-10 13:32:02
RM-HTL0017-171,HTL0017,171,SUT,Suite Room,247.74,1,2020-05-05 12:54:26,2020-08-18 05:29:17
RM-HTL0017-172,HTL0017,172,EXE,Executive Suite,412.5,1,2020-05-07 19:33:52,2020-05-07 19:33:52
RM-HTL0017-173,HTL0017,173,SUP,Superior Room,79.64,1,2020-05-18 05:30:57,2022-01-01 02:38:49
RM-HTL0017-174,HTL0017,174,STD,Standard Room,47.37,1,2020-04-26 08:39:45,2022-11-13 11:02:00
RM-HTL0017-175,HTL0017,175,STD,Standard Room,57.09,1,2020-05-14 13:11:54,2020-05-14 13:11:54
RM-HTL0017-176,HTL0017,176,STD,Standard Room,50.09,1,2020-05-15 09:51:00,2020-05-15 09:51:00
RM-HTL0017-177,HTL0017,177,DLX,Deluxe Room,123.91,1,2020-05-02 01:36:11,2020-05-22 20:28:05
RM-HTL0017-178,HTL0017,178,STD,Standard Room,53.83,1,2020-05-24 08:22:42,2026-04-01 16:26:03
RM-HTL0017-179,HTL0017,179,SUT,Suite Room,251.76,1,2020-05-07 06:08:00,2026-01-14 20:39:45
RM-HTL0017-180,HTL0017,180,SUP,Superior Room,81.32,1,2020-04-30 19:19:53,2021-06-21 23:03:38
RM-HTL0018-101,HTL0018,101,DLX,Deluxe Room,111.84,1,2020-08-26 06:50:18,2024-12-18 17:43:48
RM-HTL0018-102,HTL0018,102,EXE,Executive Suite,436.52,1,2020-08-17 04:35:36,2020-08-17 04:35:36
RM-HTL0018-103,HTL0018,103,SUT,Suite Room,266.34,1,2020-09-05 14:12:06,2022-04-20 21:23:51
RM-HTL0018-104,HTL0018,104,DLX,Deluxe Room,112.4,1,2020-09-06 07:27:52,2023-08-28 21:02:36
RM-HTL0018-105,HTL0018,105,STD,Standard Room,64.95,1,2020-08-24 13:32:54,2022-05-24 18:35:33
RM-HTL0018-106,HTL0018,106,SUT,Suite Room,258.57,1,2020-09-11 20:47:33,2020-10-01 16:50:49
RM-HTL0018-107,HTL0018,107,EXE,Executive Suite,396.03,1,2020-08-17 05:24:17,2023-02-21 23:42:07
RM-HTL0018-108,HTL0018,108,SUP,Superior Room,72.24,1,2020-08-30 09:45:14,2020-08-30 09:45:14
RM-HTL0018-109,HTL0018,109,EXE,Executive Suite,405.11,1,2020-08-22 20:02:38,2020-09-17 09:47:56
RM-HTL0018-110,HTL0018,110,STD,Standard Room,61.07,1,2020-08-15 19:15:25,2025-03-28 10:41:52
RM-HTL0018-111,HTL0018,111,SUT,Suite Room,245.6,1,2020-08-16 12:14:49,2025-03-24 06:24:49
RM-HTL0018-112,HTL0018,112,STD,Standard Room,46.27,1,2020-09-04 21:19:04,2021-10-31 00:10:50
RM-HTL0018-113,HTL0018,113,EXE,Executive Suite,412.22,1,2020-08-25 04:43:19,2020-09-06 10:42:55
RM-HTL0018-114,HTL0018,114,EXE,Executive Suite,408.55,1,2020-08-26 00:46:34,2020-08-26 00:46:34
RM-HTL0018-115,HTL0018,115,EXE,Executive Suite,410.77,1,2020-09-05 09:54:56,2020-09-05 09:54:56
RM-HTL0018-116,HTL0018,116,DLX,Deluxe Room,148.28,1,2020-09-08 20:23:15,2026-03-09 01:12:12
RM-HTL0018-117,HTL0018,117,STD,Standard Room,64.77,1,2020-09-06 10:44:03,2025-03-16 05:18:47
RM-HTL0018-118,HTL0018,118,EXE,Executive Suite,403.82,1,2020-09-02 03:51:01,2022-07-25 01:23:57
RM-HTL0018-119,HTL0018,119,SUP,Superior Room,85.18,1,2020-08-23 12:30:39,2020-08-23 12:30:39
RM-HTL0018-120,HTL0018,120,SUT,Suite Room,261.36,1,2020-09-04 16:07:47,2020-09-04 16:07:47
RM-HTL0018-121,HTL0018,121,SUP,Superior Room,79.97,1,2020-08-19 09:24:14,2021-01-30 04:33:51
RM-HTL0018-122,HTL0018,122,DLX,Deluxe Room,124.78,1,2020-09-02 05:16:10,2020-09-02 05:16:10
RM-HTL0018-123,HTL0018,123,SUT,Suite Room,245.12,1,2020-09-06 14:17:50,2022-01-19 07:39:41
RM-HTL0018-124,HTL0018,124,EXE,Executive Suite,404.58,1,2020-08-29 03:56:42,2024-01-20 15:38:06
RM-HTL0018-125,HTL0018,125,SUP,Superior Room,83.91,1,2020-08-24 22:06:14,2023-03-21 09:50:22
RM-HTL0018-126,HTL0018,126,STD,Standard Room,49.56,0,2020-09-06 09:06:20,2022-01-21 10:44:03
RM-HTL0018-127,HTL0018,127,DLX,Deluxe Room,111.57,1,2020-09-03 19:07:02,2020-09-03 19:07:02
RM-HTL0018-128,HTL0018,128,STD,Standard Room,53.12,1,2020-09-03 22:54:27,2022-01-09 12:38:37
RM-HTL0018-129,HTL0018,129,SUP,Superior Room,89.39,1,2020-09-10 02:20:47,2020-09-10 02:20:47
RM-HTL0018-130,HTL0018,130,STD,Standard Room,45.62,1,2020-08-17 10:46:59,2026-01-21 17:57:00
RM-HTL0018-131,HTL0018,131,SUP,Superior Room,72.47,1,2020-08-22 11:48:10,2021-08-10 15:00:45
RM-HTL0018-132,HTL0018,132,EXE,Executive Suite,404.15,1,2020-08-12 00:29:14,2020-08-12 00:29:14
RM-HTL0018-133,HTL0018,133,SUP,Superior Room,80.0,1,2020-09-04 04:21:32,2022-12-01 06:07:16
RM-HTL0018-134,HTL0018,134,SUP,Superior Room,70.77,1,2020-09-04 21:01:37,2020-09-04 21:01:37
RM-HTL0018-135,HTL0018,135,SUT,Suite Room,256.47,1,2020-08-20 12:59:15,2025-08-10 21:35:02
RM-HTL0018-136,HTL0018,136,DLX,Deluxe Room,107.96,0,2020-08-20 06:08:47,2026-05-27 18:10:41
RM-HTL0018-137,HTL0018,137,STD,Standard Room,55.2,1,2020-08-28 20:33:03,2020-08-28 20:33:03
RM-HTL0018-138,HTL0018,138,SUP,Superior Room,87.56,1,2020-08-27 11:15:00,2025-02-01 14:33:36
RM-HTL0018-139,HTL0018,139,DLX,Deluxe Room,115.97,1,2020-08-15 12:12:17,2024-11-26 13:11:28
RM-HTL0018-140,HTL0018,140,EXE,Executive Suite,401.35,1,2020-08-25 20:30:47,2020-08-25 20:30:47
RM-HTL0018-141,HTL0018,141,DLX,Deluxe Room,119.9,1,2020-08-17 17:57:59,2020-08-17 17:57:59
RM-HTL0018-142,HTL0018,142,STD,Standard Room,45.29,1,2020-09-03 01:53:27,2020-09-03 01:53:27
RM-HTL0018-143,HTL0018,143,SUP,Superior Room,75.98,1,2020-08-13 14:54:31,2023-10-31 18:00:00
RM-HTL0018-144,HTL0018,144,DLX,Deluxe Room,105.64,1,2020-09-11 17:31:59,2025-04-29 09:41:00
RM-HTL0018-145,HTL0018,145,SUT,Suite Room,253.13,1,2020-08-21 03:59:28,2020-08-21 03:59:28
RM-HTL0018-146,HTL0018,146,DLX,Deluxe Room,116.95,1,2020-09-04 23:57:52,2024-10-10 20:01:34
RM-HTL0018-147,HTL0018,147,EXE,Executive Suite,408.44,1,2020-08-23 08:24:57,2022-04-13 15:13:34
RM-HTL0018-148,HTL0018,148,DLX,Deluxe Room,122.33,1,2020-09-05 04:06:52,2020-09-05 04:06:52
RM-HTL0018-149,HTL0018,149,SUP,Superior Room,78.52,1,2020-09-01 18:57:17,2020-09-01 18:57:17
RM-HTL0018-150,HTL0018,150,EXE,Executive Suite,414.48,1,2020-09-02 14:49:50,2023-11-22 06:38:38
RM-HTL0018-151,HTL0018,151,DLX,Deluxe Room,117.98,1,2020-09-04 16:33:00,2021-09-19 08:42:17
RM-HTL0018-152,HTL0018,152,SUP,Superior Room,71.1,1,2020-08-30 07:32:18,2020-08-30 07:32:18
RM-HTL0018-153,HTL0018,153,STD,Standard Room,108.03,1,2020-08-22 22:09:10,2026-02-21 04:56:48
RM-HTL0018-154,HTL0018,154,SUP,Superior Room,78.48,1,2020-09-02 15:56:52,2025-04-27 20:06:54
RM-HTL0018-155,HTL0018,155,SUT,Suite Room,250.42,1,2020-09-02 05:53:35,2022-06-06 15:19:32
RM-HTL0018-156,HTL0018,156,SUT,Suite Room,252.22,1,2020-09-08 15:56:01,2022-03-02 09:41:31
RM-HTL0018-157,HTL0018,157,DLX,Deluxe Room,108.97,1,2020-08-12 22:15:49,2020-08-12 22:15:49
RM-HTL0018-158,HTL0018,158,SUT,Suite Room,247.35,1,2020-08-15 15:11:22,2021-12-26 14:39:02
RM-HTL0018-159,HTL0018,159,DLX,Deluxe Room,108.89,1,2020-08-24 02:56:27,2023-11-21 23:14:14
RM-HTL0018-160,HTL0018,160,SUP,Superior Room,76.92,1,2020-09-08 19:06:55,2022-05-10 02:29:44
RM-HTL0018-161,HTL0018,161,SUT,Suite Room,261.79,1,2020-08-27 22:39:34,2023-05-17 00:25:54
RM-HTL0018-162,HTL0018,162,EXE,Executive Suite,398.55,1,2020-08-31 07:55:15,2020-08-31 07:55:15
RM-HTL0018-163,HTL0018,163,EXE,Executive Suite,398.93,1,2020-08-23 18:19:03,2022-09-12 15:20:26
RM-HTL0018-164,HTL0018,164,EXE,Executive Suite,407.01,1,2020-08-22 03:40:25,2020-10-01 05:00:39
RM-HTL0018-165,HTL0018,165,STD,Standard Room,48.82,1,2020-08-25 16:57:14,2021-12-08 05:29:47
RM-HTL0018-166,HTL0018,166,STD,Standard Room,50.0,1,2020-09-10 12:27:01,2022-06-27 15:21:10
RM-HTL0018-167,HTL0018,167,DLX,Deluxe Room,117.71,1,2020-09-11 16:39:49,2024-09-13 12:03:44
RM-HTL0018-168,HTL0018,168,STD,Standard Room,45.79,1,2020-09-08 01:48:46,2022-05-12 10:36:51
RM-HTL0018-169,HTL0018,169,STD,Standard Room,57.36,1,2020-08-17 06:12:08,2026-03-01 07:23:11
RM-HTL0018-170,HTL0018,170,SUT,Suite Room,247.48,1,2020-09-07 17:51:20,2020-09-07 17:51:20
RM-HTL0018-171,HTL0018,171,SUP,Superior Room,85.49,1,2020-09-02 20:22:19,2021-03-25 16:41:14
RM-HTL0018-172,HTL0018,172,DLX,Deluxe Room,116.16,1,2020-08-27 19:06:53,2021-05-29 19:58:20
RM-HTL0018-173,HTL0018,173,EXE,Executive Suite,405.0,0,2020-08-28 00:38:57,2021-05-01 12:16:31
RM-HTL0018-174,HTL0018,174,EXE,Executive Suite,397.43,1,2020-08-15 13:10:53,2024-05-09 20:55:34
RM-HTL0018-175,HTL0018,175,DLX,Deluxe Room,115.77,1,2020-09-03 14:28:56,2022-09-19 10:12:54
RM-HTL0018-176,HTL0018,176,SUT,Suite Room,255.82,1,2020-08-22 08:04:14,2024-11-01 18:15:31
RM-HTL0018-177,HTL0018,177,DLX,Deluxe Room,105.35,1,2020-08-29 23:51:49,2022-06-22 05:57:38
RM-HTL0018-178,HTL0018,178,SUP,Superior Room,88.47,1,2020-09-10 03:38:42,2020-09-10 03:38:42
RM-HTL0018-179,HTL0018,179,STD,Standard Room,49.75,1,2020-09-01 16:20:08,2021-02-17 14:04:03
RM-HTL0018-180,HTL0018,180,STD,Standard Room,55.27,1,2020-08-22 04:14:26,2024-07-28 08:38:06
RM-HTL0018-181,HTL0018,181,STD,Standard Room,58.6,1,2020-08-25 18:51:55,2022-09-08 07:27:09
RM-HTL0018-182,HTL0018,182,SUP,Superior Room,72.7,1,2020-08-31 01:12:40,2024-02-09 21:13:03
RM-HTL0018-183,HTL0018,183,EXE,Executive Suite,413.77,1,2020-09-05 02:48:37,2022-06-05 02:29:28
RM-HTL0018-184,HTL0018,184,SUT,Suite Room,257.72,1,2020-09-06 03:44:20,2026-04-23 16:40:04
RM-HTL0018-185,HTL0018,185,EXE,Executive Suite,397.94,1,2020-08-30 13:37:46,2020-08-30 13:37:46
RM-HTL0018-186,HTL0018,186,DLX,Deluxe Room,117.21,1,2020-09-10 13:55:21,2020-09-10 13:55:21
RM-HTL0018-187,HTL0018,187,DLX,Deluxe Room,113.89,1,2020-08-15 13:59:55,2025-08-31 17:18:10
RM-HTL0018-188,HTL0018,188,STD,Standard Room,53.02,0,2020-09-08 07:52:18,2020-09-08 07:52:18
RM-HTL0018-189,HTL0018,189,DLX,Deluxe Room,150.97,1,2020-08-29 14:37:47,2026-05-17 03:54:08
RM-HTL0018-190,HTL0018,190,SUT,Suite Room,249.03,1,2020-08-25 07:09:03,2021-06-14 02:34:09
RM-HTL0018-191,HTL0018,191,STD,Standard Room,57.82,1,2020-08-19 14:24:43,2020-08-19 14:24:43
RM-HTL0018-192,HTL0018,192,EXE,Executive Suite,396.0,1,2020-08-15 07:01:45,2021-03-24 19:08:35
RM-HTL0018-193,HTL0018,193,SUT,Suite Room,260.31,1,2020-08-30 08:45:06,2020-08-30 08:45:06
RM-HTL0018-194,HTL0018,194,SUT,Suite Room,245.13,1,2020-08-15 06:43:51,2020-08-15 06:43:51
RM-HTL0018-195,HTL0018,195,SUT,Suite Room,252.0,1,2020-08-15 08:52:12,2026-03-10 00:16:53
RM-HTL0018-196,HTL0018,196,DLX,Deluxe Room,111.49,1,2020-08-28 01:47:46,2025-07-07 15:29:27
RM-HTL0018-197,HTL0018,197,STD,Standard Room,47.53,1,2020-08-14 02:34:12,2021-08-21 09:33:54
RM-HTL0018-198,HTL0018,198,SUT,Suite Room,264.67,1,2020-08-14 08:58:35,2026-04-23 16:55:16
RM-HTL0018-199,HTL0018,199,SUP,Superior Room,70.69,1,2020-09-01 09:41:09,2021-12-31 05:15:49
RM-HTL0018-200,HTL0018,200,EXE,Executive Suite,412.01,1,2020-09-05 21:32:42,2020-09-10 23:23:40
RM-HTL0018-201,HTL0018,201,STD,Standard Room,58.13,0,2020-08-31 03:51:21,2026-04-27 23:26:13
RM-HTL0018-202,HTL0018,202,SUP,Superior Room,85.63,1,2020-08-21 01:10:25,2020-08-21 01:10:25
RM-HTL0018-203,HTL0018,203,STD,Standard Room,48.05,1,2020-09-03 01:21:14,2021-05-08 20:50:50
RM-HTL0018-204,HTL0018,204,DLX,Deluxe Room,110.71,1,2020-08-29 15:12:11,2020-08-29 15:12:11
RM-HTL0018-205,HTL0018,205,SUP,Superior Room,87.22,1,2020-08-14 17:04:57,2020-08-14 17:04:57
RM-HTL0018-206,HTL0018,206,EXE,Executive Suite,407.8,1,2020-08-21 22:37:02,2020-08-21 22:37:02
RM-HTL0018-207,HTL0018,207,SUP,Superior Room,83.21,1,2020-09-07 07:39:04,2020-09-07 07:39:04
RM-HTL0018-208,HTL0018,208,STD,Standard Room,46.66,1,2020-08-21 01:25:39,2020-08-21 01:25:39
RM-HTL0018-209,HTL0018,209,DLX,Deluxe Room,121.99,1,2020-08-22 08:32:37,2025-03-05 14:24:51
RM-HTL0018-210,HTL0018,210,STD,Standard Room,64.12,0,2020-08-19 20:53:40,2020-08-19 20:53:40
RM-HTL0018-211,HTL0018,211,DLX,Deluxe Room,123.44,1,2020-08-20 07:31:23,2025-04-01 02:56:38
RM-HTL0018-212,HTL0018,212,STD,Standard Room,60.88,1,2020-08-21 18:33:46,2025-08-22 02:43:57
RM-HTL0018-213,HTL0018,213,STD,Standard Room,56.27,1,2020-09-06 22:43:18,2025-07-26 22:53:44
RM-HTL0018-214,HTL0018,214,DLX,Deluxe Room,114.99,1,2020-08-20 23:56:11,2021-12-24 19:20:03
RM-HTL0018-215,HTL0018,215,SUP,Superior Room,70.82,1,2020-09-04 04:16:26,2020-09-04 04:16:26
RM-HTL0018-216,HTL0018,216,SUT,Suite Room,257.63,1,2020-08-27 04:03:19,2025-04-03 18:15:30
RM-HTL0018-217,HTL0018,217,STD,Standard Room,52.06,1,2020-09-07 11:39:02,2021-01-31 19:40:37
RM-HTL0018-218,HTL0018,218,EXE,Executive Suite,406.05,1,2020-08-29 13:41:31,2020-11-10 09:10:55
RM-HTL0018-219,HTL0018,219,STD,Standard Room,85.05,1,2020-08-31 22:27:30,2026-01-28 05:44:35
RM-HTL0018-220,HTL0018,220,STD,Standard Room,58.79,1,2020-08-23 10:23:25,2020-08-23 10:23:25
RM-HTL0019-101,HTL0019,101,SUP,Superior Room,73.75,1,2021-04-01 21:21:13,2021-04-01 21:21:13
RM-HTL0019-102,HTL0019,102,DLX,Deluxe Room,107.99,0,2021-04-18 15:54:47,2022-01-01 03:43:17
RM-HTL0019-103,HTL0019,103,DLX,Deluxe Room,116.36,1,2021-04-19 15:18:23,2021-04-19 15:18:23
RM-HTL0019-104,HTL0019,104,EXE,Executive Suite,414.83,1,2021-04-25 18:48:20,2021-04-25 18:48:20
RM-HTL0019-105,HTL0019,105,SUP,Superior Room,85.46,1,2021-04-12 02:56:05,2025-05-28 14:53:33
RM-HTL0019-106,HTL0019,106,SUP,Superior Room,73.13,1,2021-04-11 20:49:16,2025-09-12 01:04:35
RM-HTL0019-107,HTL0019,107,EXE,Executive Suite,400.16,1,2021-04-02 04:31:04,2022-03-27 19:33:16
RM-HTL0019-108,HTL0019,108,SUT,Suite Room,259.69,1,2021-04-08 01:08:22,2024-03-05 13:12:49
RM-HTL0019-109,HTL0019,109,SUT,Suite Room,254.98,1,2021-04-07 08:47:33,2023-12-27 19:52:44
RM-HTL0019-110,HTL0019,110,EXE,Executive Suite,396.25,1,2021-04-03 02:50:53,2024-01-12 10:46:19
RM-HTL0019-111,HTL0019,111,EXE,Executive Suite,403.03,1,2021-04-09 15:17:36,2025-05-05 23:58:55
RM-HTL0019-112,HTL0019,112,SUT,Suite Room,264.44,1,2021-04-03 18:07:50,2026-05-02 08:53:04
RM-HTL0019-113,HTL0019,113,SUT,Suite Room,260.58,1,2021-04-25 19:46:10,2025-06-19 13:12:14
RM-HTL0019-114,HTL0019,114,SUT,Suite Room,262.79,1,2021-03-31 09:54:52,2025-09-03 11:36:04
RM-HTL0019-115,HTL0019,115,DLX,Deluxe Room,122.88,1,2021-04-27 00:59:42,2022-04-16 14:03:37
RM-HTL0019-116,HTL0019,116,SUT,Suite Room,258.66,1,2021-03-31 05:35:13,2021-03-31 05:35:13
RM-HTL0019-117,HTL0019,117,STD,Standard Room,51.52,1,2021-03-30 17:17:04,2024-08-23 02:19:05
RM-HTL0019-118,HTL0019,118,STD,Standard Room,55.51,1,2021-04-21 16:15:24,2021-08-28 11:48:02
RM-HTL0019-119,HTL0019,119,EXE,Executive Suite,414.03,1,2021-04-16 15:29:20,2024-03-30 21:21:40
RM-HTL0019-120,HTL0019,120,SUP,Superior Room,74.81,1,2021-04-20 12:13:01,2022-10-13 06:56:30
RM-HTL0019-121,HTL0019,121,SUP,Superior Room,78.56,1,2021-04-09 07:33:49,2021-04-09 07:33:49
RM-HTL0019-122,HTL0019,122,STD,Standard Room,46.12,1,2021-03-28 07:16:18,2024-06-30 04:45:58
RM-HTL0019-123,HTL0019,123,SUT,Suite Room,248.47,1,2021-04-02 08:15:38,2021-09-17 19:50:08
RM-HTL0019-124,HTL0019,124,SUT,Suite Room,256.38,1,2021-03-31 07:57:25,2025-05-05 17:06:49
RM-HTL0019-125,HTL0019,125,STD,Standard Room,63.55,1,2021-03-30 03:08:36,2025-05-29 10:11:01
RM-HTL0019-126,HTL0019,126,EXE,Executive Suite,396.74,1,2021-04-26 01:22:11,2021-04-26 01:22:11
RM-HTL0019-127,HTL0019,127,SUP,Superior Room,81.64,1,2021-03-29 16:32:35,2021-03-29 16:32:35
RM-HTL0019-128,HTL0019,128,EXE,Executive Suite,397.23,1,2021-04-23 22:15:54,2024-03-21 19:24:27
RM-HTL0019-129,HTL0019,129,SUT,Suite Room,246.6,1,2021-03-31 16:43:12,2021-03-31 16:43:12
RM-HTL0019-130,HTL0019,130,DLX,Deluxe Room,107.02,1,2021-04-12 21:03:19,2022-11-12 05:12:48
RM-HTL0019-131,HTL0019,131,STD,Standard Room,54.58,1,2021-04-03 19:27:37,2021-04-03 19:27:37
RM-HTL0019-132,HTL0019,132,STD,Standard Room,51.8,1,2021-04-23 22:04:05,2021-05-14 10:06:44
RM-HTL0019-133,HTL0019,133,SUP,Superior Room,89.95,1,2021-04-23 19:30:13,2024-06-28 20:53:42
RM-HTL0019-134,HTL0019,134,EXE,Executive Suite,408.28,1,2021-04-27 14:04:06,2021-04-27 14:04:06
RM-HTL0019-135,HTL0019,135,SUP,Superior Room,79.35,1,2021-04-04 03:23:44,2025-01-02 06:38:41
RM-HTL0019-136,HTL0019,136,DLX,Deluxe Room,112.91,1,2021-04-11 10:44:25,2023-03-05 20:36:51
RM-HTL0019-137,HTL0019,137,SUP,Superior Room,76.54,1,2021-04-11 08:50:34,2026-03-19 12:25:04
RM-HTL0019-138,HTL0019,138,SUT,Suite Room,249.83,1,2021-04-16 07:54:03,2023-08-15 04:56:21
RM-HTL0019-139,HTL0019,139,STD,Standard Room,49.95,1,2021-04-21 09:47:11,2024-02-29 17:12:15
RM-HTL0019-140,HTL0019,140,SUP,Superior Room,74.25,1,2021-04-04 19:38:43,2021-04-04 19:38:43
RM-HTL0019-141,HTL0019,141,DLX,Deluxe Room,106.07,1,2021-04-12 16:33:48,2025-12-29 06:09:21
RM-HTL0019-142,HTL0019,142,DLX,Deluxe Room,118.99,1,2021-03-29 16:53:51,2021-07-14 23:24:27
RM-HTL0019-143,HTL0019,143,SUT,Suite Room,248.12,1,2021-04-20 15:59:22,2023-03-08 05:24:42
RM-HTL0019-144,HTL0019,144,SUT,Suite Room,253.94,1,2021-04-07 16:54:09,2025-06-25 05:23:37
RM-HTL0019-145,HTL0019,145,SUP,Superior Room,74.69,1,2021-04-17 16:08:23,2025-01-26 23:20:42
RM-HTL0019-146,HTL0019,146,STD,Standard Room,47.56,1,2021-04-13 17:07:31,2023-01-03 21:45:21
RM-HTL0019-147,HTL0019,147,SUP,Superior Room,73.31,1,2021-03-28 22:45:33,2021-03-28 22:45:33
RM-HTL0019-148,HTL0019,148,STD,Standard Room,57.7,1,2021-04-01 03:35:53,2023-07-08 01:42:41
RM-HTL0019-149,HTL0019,149,EXE,Executive Suite,405.93,1,2021-04-02 15:09:42,2021-04-22 07:40:31
RM-HTL0019-150,HTL0019,150,EXE,Executive Suite,407.59,1,2021-03-31 23:00:14,2023-04-07 22:08:54
RM-HTL0019-151,HTL0019,151,SUT,Suite Room,258.62,1,2021-04-10 07:57:16,2021-04-10 07:57:16
RM-HTL0019-152,HTL0019,152,DLX,Deluxe Room,121.14,0,2021-03-29 16:35:38,2021-03-29 16:35:38
RM-HTL0019-153,HTL0019,153,DLX,Deluxe Room,118.93,1,2021-03-28 04:05:22,2022-07-06 11:32:29
RM-HTL0019-154,HTL0019,154,DLX,Deluxe Room,109.38,1,2021-03-28 01:51:37,2026-03-22 19:03:05
RM-HTL0019-155,HTL0019,155,SUT,Suite Room,247.56,1,2021-04-25 09:52:50,2026-04-03 21:39:20
RM-HTL0019-156,HTL0019,156,DLX,Deluxe Room,112.26,1,2021-04-15 05:39:54,2023-07-26 01:09:12
RM-HTL0019-157,HTL0019,157,STD,Standard Room,52.94,1,2021-04-26 02:20:35,2021-04-26 02:20:35
RM-HTL0019-158,HTL0019,158,STD,Standard Room,62.57,1,2021-04-04 01:47:14,2022-05-17 12:05:54
RM-HTL0019-159,HTL0019,159,EXE,Executive Suite,402.0,1,2021-03-28 13:31:16,2022-06-29 02:39:53
RM-HTL0019-160,HTL0019,160,DLX,Deluxe Room,122.28,0,2021-04-01 10:33:57,2023-08-02 08:18:20
RM-HTL0019-161,HTL0019,161,SUT,Suite Room,246.03,1,2021-04-17 12:15:10,2024-06-13 20:13:30
RM-HTL0019-162,HTL0019,162,SUT,Suite Room,254.68,0,2021-04-23 02:55:56,2025-02-16 17:51:36
RM-HTL0019-163,HTL0019,163,SUP,Superior Room,78.09,1,2021-04-18 03:18:19,2022-02-10 04:29:06
RM-HTL0019-164,HTL0019,164,SUP,Superior Room,89.62,1,2021-04-22 03:29:24,2022-06-01 13:55:35
RM-HTL0019-165,HTL0019,165,SUP,Superior Room,85.07,1,2021-04-08 00:07:42,2021-04-08 00:07:42
RM-HTL0019-166,HTL0019,166,SUP,Superior Room,79.89,1,2021-04-10 09:38:17,2022-09-17 19:52:49
RM-HTL0019-167,HTL0019,167,EXE,Executive Suite,405.45,1,2021-04-19 09:38:42,2022-05-28 01:46:08
RM-HTL0019-168,HTL0019,168,SUP,Superior Room,85.63,1,2021-03-28 20:52:25,2021-03-28 20:52:25
RM-HTL0019-169,HTL0019,169,SUP,Superior Room,85.04,1,2021-04-14 03:19:21,2021-04-14 03:19:21
RM-HTL0019-170,HTL0019,170,EXE,Executive Suite,406.28,1,2021-04-13 02:10:53,2022-04-29 21:41:29
RM-HTL0019-171,HTL0019,171,SUP,Superior Room,73.26,1,2021-04-27 19:14:43,2021-04-27 19:14:43
RM-HTL0019-172,HTL0019,172,STD,Standard Room,62.66,1,2021-03-29 07:48:29,2021-03-29 07:48:29
RM-HTL0019-173,HTL0019,173,DLX,Deluxe Room,114.95,1,2021-04-08 07:52:38,2021-11-16 00:19:13
RM-HTL0019-174,HTL0019,174,STD,Standard Room,62.26,1,2021-04-07 20:35:22,2021-06-03 03:37:49
RM-HTL0019-175,HTL0019,175,DLX,Deluxe Room,107.76,1,2021-04-10 04:38:31,2023-07-02 12:11:52
RM-HTL0019-176,HTL0019,176,SUT,Suite Room,247.64,1,2021-04-14 10:28:38,2021-07-13 15:58:49
RM-HTL0019-177,HTL0019,177,DLX,Deluxe Room,117.66,1,2021-03-31 00:30:21,2021-03-31 00:30:21
RM-HTL0019-178,HTL0019,178,DLX,Deluxe Room,115.7,1,2021-04-14 21:07:45,2025-07-23 00:26:13
RM-HTL0019-179,HTL0019,179,SUT,Suite Room,245.01,1,2021-04-15 09:55:17,2024-02-27 15:12:50
RM-HTL0019-180,HTL0019,180,DLX,Deluxe Room,123.81,1,2021-04-10 03:28:24,2021-07-14 09:46:25
RM-HTL0019-181,HTL0019,181,EXE,Executive Suite,399.92,1,2021-04-19 18:35:25,2023-06-16 10:01:03
RM-HTL0019-182,HTL0019,182,DLX,Deluxe Room,113.84,1,2021-04-13 17:08:35,2021-04-13 17:08:35
RM-HTL0019-183,HTL0019,183,STD,Standard Room,58.05,1,2021-04-08 04:33:44,2022-01-22 17:47:39
RM-HTL0019-184,HTL0019,184,SUT,Suite Room,247.35,1,2021-04-23 16:18:53,2021-04-23 16:18:53
RM-HTL0019-185,HTL0019,185,EXE,Executive Suite,408.33,1,2021-04-02 02:21:56,2025-09-04 18:23:57
RM-HTL0019-186,HTL0019,186,SUP,Superior Room,86.92,1,2021-03-29 06:43:17,2022-05-01 10:45:44
RM-HTL0019-187,HTL0019,187,SUP,Superior Room,85.94,1,2021-04-22 16:13:57,2021-04-22 16:13:57
RM-HTL0019-188,HTL0019,188,STD,Standard Room,47.16,1,2021-04-09 08:40:13,2025-01-31 16:57:16
RM-HTL0019-189,HTL0019,189,DLX,Deluxe Room,106.24,1,2021-04-03 23:43:31,2025-10-04 20:53:11
RM-HTL0019-190,HTL0019,190,STD,Standard Room,53.98,1,2021-03-30 04:17:09,2023-04-09 11:59:32
RM-HTL0019-191,HTL0019,191,STD,Standard Room,51.81,1,2021-04-21 12:31:59,2022-07-29 20:01:54
RM-HTL0019-192,HTL0019,192,SUT,Suite Room,262.75,1,2021-04-22 21:28:40,2021-08-16 04:54:45
RM-HTL0019-193,HTL0019,193,SUT,Suite Room,247.45,1,2021-04-07 06:58:56,2021-04-07 06:58:56
RM-HTL0019-194,HTL0019,194,SUP,Superior Room,72.89,1,2021-04-04 00:28:50,2021-05-05 21:50:26
RM-HTL0019-195,HTL0019,195,DLX,Deluxe Room,105.62,1,2021-04-08 11:40:51,2021-04-08 11:40:51
RM-HTL0019-196,HTL0019,196,EXE,Executive Suite,395.17,1,2021-04-12 21:03:14,2022-05-19 11:43:36
RM-HTL0019-197,HTL0019,197,SUT,Suite Room,251.87,1,2021-04-04 23:04:34,2022-01-27 15:03:23
RM-HTL0019-198,HTL0019,198,SUT,Suite Room,260.87,1,2021-04-11 09:06:27,2026-03-09 13:03:12
RM-HTL0019-199,HTL0019,199,SUP,Superior Room,73.61,1,2021-04-27 00:23:08,2021-04-27 00:23:08
RM-HTL0019-200,HTL0019,200,STD,Standard Room,45.1,1,2021-04-01 13:38:26,2021-04-01 13:38:26
RM-HTL0019-201,HTL0019,201,SUT,Suite Room,264.44,1,2021-04-26 20:31:08,2025-05-08 21:01:51
RM-HTL0019-202,HTL0019,202,STD,Standard Room,50.84,1,2021-04-06 04:09:19,2025-02-17 03:58:29
RM-HTL0019-203,HTL0019,203,STD,Standard Room,61.46,1,2021-04-25 11:34:37,2025-04-03 22:01:34
RM-HTL0019-204,HTL0019,204,STD,Standard Room,49.43,1,2021-04-19 00:52:44,2025-10-01 06:27:52
RM-HTL0019-205,HTL0019,205,SUP,Superior Room,80.18,1,2021-04-22 13:33:17,2024-01-05 05:01:35
RM-HTL0019-206,HTL0019,206,EXE,Executive Suite,405.15,1,2021-03-30 07:56:11,2022-02-09 21:04:09
RM-HTL0019-207,HTL0019,207,SUT,Suite Room,247.67,1,2021-04-07 07:43:53,2021-07-19 11:14:12
RM-HTL0019-208,HTL0019,208,STD,Standard Room,62.9,1,2021-04-18 08:41:45,2026-01-18 12:38:14
RM-HTL0019-209,HTL0019,209,SUT,Suite Room,257.42,1,2021-04-08 09:35:34,2024-06-18 20:57:38
RM-HTL0019-210,HTL0019,210,EXE,Executive Suite,397.75,1,2021-03-31 12:03:10,2021-09-20 00:53:02
RM-HTL0019-211,HTL0019,211,SUT,Suite Room,253.59,1,2021-04-26 01:45:55,2021-04-26 01:45:55
RM-HTL0019-212,HTL0019,212,DLX,Deluxe Room,113.23,1,2021-04-16 22:28:31,2021-11-14 03:55:03
RM-HTL0019-213,HTL0019,213,SUT,Suite Room,251.4,1,2021-04-26 13:54:02,2022-02-08 16:49:31
RM-HTL0019-214,HTL0019,214,SUP,Superior Room,80.12,1,2021-03-28 12:00:02,2024-05-19 23:58:06
RM-HTL0019-215,HTL0019,215,SUT,Suite Room,249.54,1,2021-04-02 04:52:58,2022-12-08 20:08:31
RM-HTL0019-216,HTL0019,216,STD,Standard Room,46.55,1,2021-04-27 23:50:21,2021-04-27 23:50:21
RM-HTL0019-217,HTL0019,217,EXE,Executive Suite,412.39,1,2021-03-29 00:54:42,2021-05-02 18:29:15
RM-HTL0019-218,HTL0019,218,SUT,Suite Room,256.64,1,2021-03-30 17:30:28,2026-01-15 10:56:42
RM-HTL0019-219,HTL0019,219,EXE,Executive Suite,414.11,1,2021-04-01 23:00:14,2021-04-01 23:00:14
RM-HTL0019-220,HTL0019,220,DLX,Deluxe Room,121.88,1,2021-04-14 02:19:16,2025-10-24 11:03:48
RM-HTL0019-221,HTL0019,221,SUT,Suite Room,260.66,1,2021-04-23 13:52:56,2021-04-23 13:52:56
RM-HTL0019-222,HTL0019,222,STD,Standard Room,48.79,1,2021-04-18 04:03:39,2021-04-18 04:03:39
RM-HTL0019-223,HTL0019,223,SUP,Superior Room,78.41,1,2021-04-27 08:53:42,2021-04-27 08:53:42
RM-HTL0019-224,HTL0019,224,DLX,Deluxe Room,116.82,1,2021-04-16 21:15:42,2025-02-12 05:30:23
RM-HTL0019-225,HTL0019,225,DLX,Deluxe Room,109.52,1,2021-04-03 18:18:19,2022-09-28 14:17:09
RM-HTL0019-226,HTL0019,226,DLX,Deluxe Room,109.9,1,2021-04-05 18:31:32,2023-03-19 15:20:16
RM-HTL0019-227,HTL0019,227,STD,Standard Room,53.48,1,2021-04-22 09:30:03,2025-09-24 13:00:17
RM-HTL0019-228,HTL0019,228,DLX,Deluxe Room,113.88,1,2021-04-12 17:04:38,2025-08-25 17:33:55
RM-HTL0019-229,HTL0019,229,EXE,Executive Suite,403.94,1,2021-04-10 13:40:58,2024-11-21 02:20:31
RM-HTL0019-230,HTL0019,230,SUP,Superior Room,82.61,1,2021-04-08 00:15:06,2021-04-08 00:15:06
RM-HTL0019-231,HTL0019,231,EXE,Executive Suite,398.42,1,2021-04-17 02:36:27,2021-04-17 02:36:27
RM-HTL0019-232,HTL0019,232,STD,Standard Room,79.08,1,2021-04-06 21:13:17,2024-08-11 15:03:46
RM-HTL0019-233,HTL0019,233,SUT,Suite Room,256.43,1,2021-04-25 03:11:53,2022-04-01 06:23:28
RM-HTL0019-234,HTL0019,234,EXE,Executive Suite,400.75,1,2021-03-30 23:43:01,2025-01-16 03:16:45
RM-HTL0019-235,HTL0019,235,STD,Standard Room,54.66,1,2021-04-09 12:59:00,2022-06-09 02:03:48
RM-HTL0019-236,HTL0019,236,EXE,Executive Suite,412.37,1,2021-04-15 04:40:41,2023-10-15 01:58:55
RM-HTL0019-237,HTL0019,237,SUP,Superior Room,78.64,1,2021-04-18 03:17:20,2024-08-04 02:13:02
RM-HTL0019-238,HTL0019,238,SUP,Superior Room,72.37,1,2021-04-24 19:25:03,2021-04-24 19:25:03
RM-HTL0019-239,HTL0019,239,EXE,Executive Suite,396.27,1,2021-04-16 04:47:06,2023-04-30 16:42:37
RM-HTL0019-240,HTL0019,240,SUP,Superior Room,70.37,1,2021-04-27 01:30:25,2024-01-04 02:05:59
RM-HTL0019-241,HTL0019,241,SUP,Superior Room,86.11,1,2021-04-24 20:57:50,2021-04-24 20:57:50
RM-HTL0019-242,HTL0019,242,EXE,Executive Suite,409.97,1,2021-04-01 07:19:10,2021-04-01 07:19:10
RM-HTL0019-243,HTL0019,243,SUP,Superior Room,76.13,1,2021-04-13 02:45:25,2021-04-13 02:45:25
RM-HTL0019-244,HTL0019,244,EXE,Executive Suite,400.62,1,2021-04-20 15:46:45,2023-10-30 09:49:57
RM-HTL0019-245,HTL0019,245,SUP,Superior Room,71.84,1,2021-04-01 08:17:32,2022-04-26 14:01:25
RM-HTL0019-246,HTL0019,246,STD,Standard Room,57.4,1,2021-04-23 18:56:50,2024-07-27 07:49:28
RM-HTL0019-247,HTL0019,247,DLX,Deluxe Room,105.48,1,2021-04-21 18:43:13,2022-05-01 16:47:52
RM-HTL0019-248,HTL0019,248,EXE,Executive Suite,413.62,1,2021-04-15 07:03:38,2021-07-29 17:41:40
RM-HTL0019-249,HTL0019,249,EXE,Executive Suite,405.67,1,2021-04-06 11:06:27,2022-06-06 06:56:56
RM-HTL0019-250,HTL0019,250,EXE,Executive Suite,412.87,1,2021-04-15 21:06:42,2025-01-13 02:33:35
RM-HTL0019-251,HTL0019,251,STD,Standard Room,52.71,1,2021-04-12 13:46:05,2024-05-20 19:59:40
RM-HTL0019-252,HTL0019,252,DLX,Deluxe Room,112.9,1,2021-04-17 19:29:23,2023-04-24 08:46:45
RM-HTL0019-253,HTL0019,253,EXE,Executive Suite,414.77,1,2021-04-10 17:22:47,2021-05-09 23:45:41
RM-HTL0019-254,HTL0019,254,SUP,Superior Room,86.4,1,2021-03-31 01:27:23,2025-09-16 22:23:36
RM-HTL0019-255,HTL0019,255,SUT,Suite Room,248.63,1,2021-04-21 12:04:40,2023-06-02 14:37:58
RM-HTL0019-256,HTL0019,256,SUP,Superior Room,89.86,1,2021-04-04 11:31:52,2024-12-24 00:47:37
RM-HTL0019-257,HTL0019,257,DLX,Deluxe Room,119.05,0,2021-03-28 08:23:45,2021-12-29 16:31:12
RM-HTL0019-258,HTL0019,258,SUT,Suite Room,257.09,1,2021-04-24 01:08:10,2021-04-24 01:08:10
RM-HTL0019-259,HTL0019,259,SUP,Superior Room,81.26,1,2021-04-06 19:11:17,2024-05-03 19:38:13
RM-HTL0019-260,HTL0019,260,STD,Standard Room,46.49,1,2021-04-18 17:32:07,2021-04-18 17:32:07
RM-HTL0019-261,HTL0019,261,EXE,Executive Suite,410.67,1,2021-04-23 07:57:07,2021-12-28 00:11:57
RM-HTL0019-262,HTL0019,262,STD,Standard Room,47.89,1,2021-04-01 15:04:47,2025-08-27 16:57:47
RM-HTL0019-263,HTL0019,263,DLX,Deluxe Room,124.76,1,2021-04-01 14:32:56,2021-04-01 14:32:56
RM-HTL0019-264,HTL0019,264,SUT,Suite Room,257.11,1,2021-04-11 11:47:45,2021-04-15 10:42:50
RM-HTL0019-265,HTL0019,265,SUT,Suite Room,261.04,1,2021-04-03 13:05:48,2022-04-14 13:14:32
RM-HTL0019-266,HTL0019,266,STD,Standard Room,60.02,1,2021-04-19 06:02:53,2025-08-22 12:24:38
RM-HTL0019-267,HTL0019,267,SUP,Superior Room,73.12,1,2021-04-27 23:07:19,2021-04-27 23:07:19
RM-HTL0019-268,HTL0019,268,EXE,Executive Suite,407.04,1,2021-04-02 12:07:45,2024-05-12 09:13:10
RM-HTL0019-269,HTL0019,269,DLX,Deluxe Room,107.04,1,2021-04-23 02:32:06,2024-07-29 06:59:10
RM-HTL0019-270,HTL0019,270,DLX,Deluxe Room,121.12,1,2021-04-09 05:16:20,2025-10-14 00:04:49
RM-HTL0019-271,HTL0019,271,SUT,Suite Room,253.9,1,2021-04-24 06:09:30,2021-04-24 06:09:30
RM-HTL0019-272,HTL0019,272,SUT,Suite Room,259.06,1,2021-03-29 15:37:03,2022-04-25 03:48:03
RM-HTL0019-273,HTL0019,273,DLX,Deluxe Room,123.63,1,2021-04-21 11:33:56,2023-08-25 12:26:32
RM-HTL0019-274,HTL0019,274,DLX,Deluxe Room,113.88,1,2021-04-11 12:51:30,2021-07-02 05:34:55
RM-HTL0019-275,HTL0019,275,DLX,Deluxe Room,121.22,1,2021-04-13 01:18:24,2021-04-13 01:18:24
RM-HTL0019-276,HTL0019,276,EXE,Executive Suite,406.18,1,2021-04-22 00:28:09,2023-10-11 12:26:00
RM-HTL0019-277,HTL0019,277,STD,Standard Room,63.33,1,2021-04-23 15:38:34,2025-09-13 11:17:17
RM-HTL0019-278,HTL0019,278,DLX,Deluxe Room,120.7,1,2021-04-08 12:29:09,2021-04-08 12:29:09
RM-HTL0019-279,HTL0019,279,STD,Standard Room,45.83,1,2021-03-29 10:53:52,2024-05-11 09:47:42
RM-HTL0019-280,HTL0019,280,STD,Standard Room,52.02,1,2021-04-11 09:19:11,2025-08-19 13:12:49
RM-HTL0019-281,HTL0019,281,STD,Standard Room,58.96,1,2021-04-15 10:50:38,2023-05-18 04:10:27
RM-HTL0019-282,HTL0019,282,EXE,Executive Suite,395.04,1,2021-04-18 13:43:20,2023-05-13 21:50:23
RM-HTL0019-283,HTL0019,283,DLX,Deluxe Room,121.35,1,2021-04-10 22:34:56,2021-04-10 22:34:56
RM-HTL0019-284,HTL0019,284,EXE,Executive Suite,411.9,1,2021-04-27 18:01:31,2021-04-27 18:01:31
RM-HTL0019-285,HTL0019,285,SUP,Superior Room,78.8,1,2021-04-17 23:02:35,2022-04-30 19:12:36
RM-HTL0019-286,HTL0019,286,STD,Standard Room,45.5,1,2021-04-05 22:16:47,2022-02-02 15:42:30
RM-HTL0019-287,HTL0019,287,SUP,Superior Room,75.05,0,2021-04-13 18:20:08,2022-03-01 23:35:46
RM-HTL0019-288,HTL0019,288,SUP,Superior Room,87.7,1,2021-04-02 21:12:40,2024-07-29 16:56:58
RM-HTL0019-289,HTL0019,289,SUT,Suite Room,258.87,1,2021-03-28 00:41:37,2025-02-05 18:11:36
RM-HTL0019-290,HTL0019,290,DLX,Deluxe Room,108.56,1,2021-04-14 01:57:03,2023-07-06 19:05:51
RM-HTL0019-291,HTL0019,291,EXE,Executive Suite,412.4,1,2021-04-21 13:51:51,2022-04-01 16:57:44
RM-HTL0019-292,HTL0019,292,SUP,Superior Room,89.28,1,2021-04-07 20:04:11,2022-01-06 14:22:17
RM-HTL0019-293,HTL0019,293,EXE,Executive Suite,410.96,1,2021-04-12 21:04:38,2024-11-20 20:41:49
RM-HTL0019-294,HTL0019,294,STD,Standard Room,74.97,1,2021-03-31 18:51:48,2026-01-14 05:10:34
RM-HTL0019-295,HTL0019,295,EXE,Executive Suite,396.24,1,2021-04-13 20:00:34,2021-04-13 20:00:34
RM-HTL0019-296,HTL0019,296,EXE,Executive Suite,396.44,1,2021-04-08 09:08:55,2021-04-08 09:08:55
RM-HTL0019-297,HTL0019,297,STD,Standard Room,58.78,1,2021-03-31 04:11:42,2021-12-31 10:20:56
RM-HTL0019-298,HTL0019,298,EXE,Executive Suite,412.82,1,2021-04-06 04:20:12,2024-07-31 04:10:26
RM-HTL0019-299,HTL0019,299,STD,Standard Room,45.3,1,2021-04-02 21:22:49,2021-04-02 21:22:49
RM-HTL0019-300,HTL0019,300,SUP,Superior Room,72.97,1,2021-04-03 05:26:33,2021-04-03 05:26:33
RM-HTL0020-101,HTL0020,101,SUT,Suite Room,306.21,1,2021-02-07 05:00:44,2025-07-30 22:42:50
RM-HTL0020-102,HTL0020,102,EXE,Executive Suite,403.77,1,2021-02-09 11:09:22,2024-06-23 18:56:32
RM-HTL0020-103,HTL0020,103,SUT,Suite Room,253.88,1,2021-02-05 12:05:32,2025-08-15 15:20:55
RM-HTL0020-104,HTL0020,104,SUP,Superior Room,76.51,1,2021-02-21 07:55:36,2021-02-21 07:55:36
RM-HTL0020-105,HTL0020,105,SUT,Suite Room,264.74,1,2021-02-04 04:24:01,2025-10-06 14:32:56
RM-HTL0020-106,HTL0020,106,EXE,Executive Suite,410.68,1,2021-02-18 21:21:46,2023-01-11 05:10:04
RM-HTL0020-107,HTL0020,107,DLX,Deluxe Room,122.99,1,2021-02-09 04:52:56,2021-08-24 02:07:17
RM-HTL0020-108,HTL0020,108,EXE,Executive Suite,414.12,1,2021-02-06 16:36:54,2021-02-06 16:36:54
RM-HTL0020-109,HTL0020,109,STD,Standard Room,52.15,1,2021-02-27 14:16:03,2021-07-10 12:07:19
RM-HTL0020-110,HTL0020,110,SUP,Superior Room,83.93,1,2021-02-22 15:41:43,2025-05-23 14:22:54
RM-HTL0020-111,HTL0020,111,EXE,Executive Suite,404.29,1,2021-02-11 07:42:03,2021-02-11 07:42:03
RM-HTL0020-112,HTL0020,112,STD,Standard Room,45.47,1,2021-02-03 12:56:00,2021-02-03 12:56:00
RM-HTL0020-113,HTL0020,113,SUP,Superior Room,71.75,1,2021-02-18 12:31:52,2021-02-18 12:31:52
RM-HTL0020-114,HTL0020,114,EXE,Executive Suite,404.51,1,2021-01-29 19:26:34,2021-01-29 19:26:34
RM-HTL0020-115,HTL0020,115,EXE,Executive Suite,411.32,1,2021-02-01 06:10:34,2025-11-23 11:51:20
RM-HTL0020-116,HTL0020,116,SUT,Suite Room,257.86,1,2021-02-11 21:45:19,2021-02-11 21:45:19
RM-HTL0020-117,HTL0020,117,DLX,Deluxe Room,111.23,1,2021-02-12 09:36:05,2022-08-14 08:47:19
RM-HTL0020-118,HTL0020,118,DLX,Deluxe Room,119.36,1,2021-02-07 13:26:17,2021-02-07 13:26:17
RM-HTL0020-119,HTL0020,119,DLX,Deluxe Room,106.39,1,2021-02-01 17:21:02,2024-10-30 22:57:55
RM-HTL0020-120,HTL0020,120,SUP,Superior Room,84.31,1,2021-02-01 05:20:53,2021-04-20 11:08:38
RM-HTL0020-121,HTL0020,121,STD,Standard Room,63.38,1,2021-02-16 04:55:42,2021-02-16 04:55:42
RM-HTL0020-122,HTL0020,122,SUP,Superior Room,74.33,1,2021-02-27 02:33:28,2025-03-29 06:18:13
RM-HTL0020-123,HTL0020,123,STD,Standard Room,54.2,1,2021-02-28 05:55:26,2025-10-25 03:57:54
RM-HTL0020-124,HTL0020,124,STD,Standard Room,61.66,1,2021-02-16 21:09:49,2021-02-16 21:09:49
RM-HTL0020-125,HTL0020,125,DLX,Deluxe Room,121.19,1,2021-02-05 12:51:46,2024-01-09 01:54:15
RM-HTL0020-126,HTL0020,126,SUT,Suite Room,257.96,1,2021-02-02 13:31:43,2021-09-22 06:22:19
RM-HTL0020-127,HTL0020,127,SUP,Superior Room,79.01,1,2021-02-24 05:29:50,2021-10-15 17:40:27
RM-HTL0020-128,HTL0020,128,EXE,Executive Suite,406.81,1,2021-02-18 08:33:00,2022-05-02 09:13:06
RM-HTL0020-129,HTL0020,129,EXE,Executive Suite,405.27,1,2021-02-08 07:25:52,2025-02-17 10:40:29
RM-HTL0020-130,HTL0020,130,SUT,Suite Room,256.57,1,2021-02-11 20:34:36,2026-05-10 20:31:48
RM-HTL0020-131,HTL0020,131,EXE,Executive Suite,411.63,1,2021-02-14 01:41:44,2025-05-01 20:38:43
RM-HTL0020-132,HTL0020,132,DLX,Deluxe Room,109.2,1,2021-02-06 15:15:32,2023-02-02 15:14:55
RM-HTL0020-133,HTL0020,133,EXE,Executive Suite,405.01,1,2021-02-01 20:45:35,2021-02-01 20:45:35
RM-HTL0020-134,HTL0020,134,SUP,Superior Room,75.1,1,2021-02-19 02:51:26,2023-11-19 01:12:11
RM-HTL0020-135,HTL0020,135,DLX,Deluxe Room,119.54,1,2021-01-31 18:42:35,2022-12-03 00:43:22
RM-HTL0020-136,HTL0020,136,SUT,Suite Room,260.35,1,2021-02-24 16:56:05,2021-02-24 16:56:05
RM-HTL0020-137,HTL0020,137,EXE,Executive Suite,410.99,1,2021-02-05 10:08:13,2025-07-30 07:39:36
RM-HTL0020-138,HTL0020,138,SUT,Suite Room,246.86,1,2021-02-15 16:14:06,2023-04-09 16:44:09
RM-HTL0020-139,HTL0020,139,SUT,Suite Room,259.26,1,2021-02-21 13:36:19,2022-12-23 04:33:26
RM-HTL0020-140,HTL0020,140,SUP,Superior Room,85.48,1,2021-02-03 08:17:59,2025-08-07 14:43:53
RM-HTL0020-141,HTL0020,141,STD,Standard Room,61.99,1,2021-02-06 10:19:36,2021-02-06 10:19:36
RM-HTL0020-142,HTL0020,142,SUP,Superior Room,76.84,1,2021-02-07 19:25:14,2022-11-19 23:01:13
RM-HTL0020-143,HTL0020,143,STD,Standard Room,55.06,1,2021-02-01 07:11:24,2021-02-01 07:11:24
RM-HTL0020-144,HTL0020,144,SUT,Suite Room,251.91,1,2021-02-04 22:24:04,2021-02-04 22:24:04
RM-HTL0020-145,HTL0020,145,SUP,Superior Room,71.32,1,2021-02-15 05:25:51,2025-07-07 20:03:57
RM-HTL0020-146,HTL0020,146,DLX,Deluxe Room,122.98,1,2021-02-18 10:26:57,2023-09-05 13:31:33
RM-HTL0020-147,HTL0020,147,STD,Standard Room,54.44,1,2021-02-06 23:37:09,2022-07-07 06:05:19
RM-HTL0020-148,HTL0020,148,EXE,Executive Suite,403.5,1,2021-02-07 15:00:26,2025-09-21 07:35:30
RM-HTL0020-149,HTL0020,149,STD,Standard Room,52.05,0,2021-02-20 12:35:32,2021-02-20 12:35:32
RM-HTL0020-150,HTL0020,150,DLX,Deluxe Room,108.3,1,2021-02-02 05:32:32,2024-06-22 10:24:19
RM-HTL0020-151,HTL0020,151,SUT,Suite Room,261.88,1,2021-02-13 01:22:22,2024-06-24 04:42:41
RM-HTL0020-152,HTL0020,152,STD,Standard Room,57.64,1,2021-02-23 00:41:14,2021-02-23 00:41:14
RM-HTL0020-153,HTL0020,153,EXE,Executive Suite,398.97,1,2021-01-31 15:55:59,2024-06-29 15:24:16
RM-HTL0020-154,HTL0020,154,SUT,Suite Room,255.96,1,2021-02-13 08:17:12,2026-01-24 16:33:44
RM-HTL0020-155,HTL0020,155,SUT,Suite Room,261.82,1,2021-02-07 07:51:40,2021-02-07 07:51:40
RM-HTL0020-156,HTL0020,156,DLX,Deluxe Room,118.55,1,2021-02-08 00:11:30,2021-02-08 00:11:30
RM-HTL0020-157,HTL0020,157,SUP,Superior Room,85.51,1,2021-02-24 05:06:00,2021-02-24 05:06:00
RM-HTL0020-158,HTL0020,158,DLX,Deluxe Room,124.39,1,2021-02-05 17:19:33,2021-02-05 17:19:33
RM-HTL0020-159,HTL0020,159,SUT,Suite Room,263.33,1,2021-02-20 18:33:51,2021-07-31 20:52:49
RM-HTL0020-160,HTL0020,160,SUT,Suite Room,246.0,1,2021-02-19 10:27:09,2025-01-17 02:30:57
RM-HTL0020-161,HTL0020,161,STD,Standard Room,58.87,0,2021-02-15 20:01:58,2026-03-17 17:23:12
RM-HTL0020-162,HTL0020,162,DLX,Deluxe Room,116.84,1,2021-02-14 11:54:51,2023-09-08 17:06:17
RM-HTL0020-163,HTL0020,163,SUP,Superior Room,85.49,1,2021-02-15 13:16:38,2026-03-26 11:04:58
RM-HTL0020-164,HTL0020,164,EXE,Executive Suite,403.5,1,2021-02-17 12:43:53,2026-01-17 07:31:33
RM-HTL0020-165,HTL0020,165,DLX,Deluxe Room,113.22,1,2021-02-12 11:32:40,2026-03-11 11:48:49
RM-HTL0020-166,HTL0020,166,SUT,Suite Room,256.35,1,2021-02-07 00:50:39,2024-11-11 06:50:09
RM-HTL0020-167,HTL0020,167,DLX,Deluxe Room,109.82,1,2021-02-07 00:06:38,2026-03-23 22:16:28
RM-HTL0020-168,HTL0020,168,STD,Standard Room,56.55,1,2021-02-17 17:11:31,2024-05-09 21:36:33
RM-HTL0020-169,HTL0020,169,SUP,Superior Room,76.44,1,2021-02-27 19:29:40,2026-05-22 22:33:33
RM-HTL0020-170,HTL0020,170,EXE,Executive Suite,404.09,1,2021-02-12 03:10:53,2025-06-04 20:10:54
RM-HTL0020-171,HTL0020,171,SUP,Superior Room,78.66,1,2021-02-08 17:06:33,2023-01-25 16:00:37
RM-HTL0020-172,HTL0020,172,EXE,Executive Suite,413.1,1,2021-02-08 04:38:44,2021-02-08 04:38:44
RM-HTL0020-173,HTL0020,173,SUT,Suite Room,249.26,1,2021-02-19 02:52:36,2024-10-05 02:48:54
RM-HTL0020-174,HTL0020,174,SUT,Suite Room,246.08,1,2021-02-09 02:02:12,2025-06-12 14:17:00
RM-HTL0020-175,HTL0020,175,SUP,Superior Room,88.91,1,2021-02-19 23:29:17,2021-02-19 23:29:17
RM-HTL0020-176,HTL0020,176,STD,Standard Room,48.51,1,2021-02-27 17:43:47,2024-07-21 14:16:26
RM-HTL0020-177,HTL0020,177,SUT,Suite Room,263.11,1,2021-02-10 07:45:41,2021-02-10 07:45:41
RM-HTL0020-178,HTL0020,178,SUP,Superior Room,82.61,1,2021-02-01 01:18:15,2021-02-01 01:18:15
RM-HTL0020-179,HTL0020,179,SUP,Superior Room,79.33,1,2021-02-26 13:08:02,2025-09-10 06:52:08
RM-HTL0020-180,HTL0020,180,SUT,Suite Room,253.05,1,2021-02-02 19:22:37,2025-02-21 23:24:57
RM-HTL0020-181,HTL0020,181,SUT,Suite Room,262.93,1,2021-02-26 02:58:30,2021-04-29 13:52:51
RM-HTL0020-182,HTL0020,182,SUT,Suite Room,255.0,1,2021-02-08 00:24:01,2021-02-08 00:24:01
RM-HTL0020-183,HTL0020,183,DLX,Deluxe Room,122.83,1,2021-01-30 09:33:16,2021-08-11 23:58:35
RM-HTL0020-184,HTL0020,184,SUT,Suite Room,262.69,1,2021-02-03 12:56:58,2021-04-15 23:56:17
RM-HTL0020-185,HTL0020,185,SUT,Suite Room,250.85,1,2021-01-30 00:44:16,2024-02-05 21:49:29
RM-HTL0020-186,HTL0020,186,STD,Standard Room,53.37,1,2021-02-19 18:22:55,2025-01-11 19:38:01
RM-HTL0020-187,HTL0020,187,SUP,Superior Room,89.47,1,2021-02-23 08:36:05,2021-07-29 22:02:47
RM-HTL0020-188,HTL0020,188,SUP,Superior Room,74.67,1,2021-02-11 21:30:15,2023-02-10 13:20:29
RM-HTL0020-189,HTL0020,189,SUT,Suite Room,246.22,1,2021-02-17 11:34:46,2021-02-17 11:34:46
RM-HTL0020-190,HTL0020,190,EXE,Executive Suite,397.62,1,2021-02-23 09:51:34,2025-08-15 21:53:33
RM-HTL0020-191,HTL0020,191,STD,Standard Room,46.14,1,2021-02-09 00:28:37,2024-06-30 13:21:07
RM-HTL0020-192,HTL0020,192,DLX,Deluxe Room,109.65,1,2021-02-02 13:50:14,2023-10-27 08:29:46
RM-HTL0020-193,HTL0020,193,STD,Standard Room,60.75,1,2021-02-05 23:59:14,2021-02-05 23:59:14
RM-HTL0020-194,HTL0020,194,STD,Standard Room,62.55,1,2021-02-23 05:14:02,2021-02-23 05:14:02
RM-HTL0020-195,HTL0020,195,DLX,Deluxe Room,120.31,1,2021-01-30 17:33:58,2022-06-12 06:55:32
RM-HTL0020-196,HTL0020,196,STD,Standard Room,47.48,1,2021-02-11 19:47:43,2021-02-11 19:47:43
RM-HTL0020-197,HTL0020,197,DLX,Deluxe Room,116.98,1,2021-02-13 15:07:21,2023-04-27 06:22:54
RM-HTL0020-198,HTL0020,198,SUT,Suite Room,257.05,1,2021-02-17 04:43:49,2022-08-02 15:14:19
RM-HTL0020-199,HTL0020,199,EXE,Executive Suite,399.55,1,2021-02-11 19:59:02,2021-02-11 19:59:02
RM-HTL0020-200,HTL0020,200,SUP,Superior Room,74.21,1,2021-02-15 07:45:28,2021-02-15 07:45:28
RM-HTL0020-201,HTL0020,201,SUT,Suite Room,254.13,1,2021-02-06 04:22:49,2021-02-06 04:22:49
RM-HTL0020-202,HTL0020,202,SUT,Suite Room,249.92,1,2021-02-01 19:17:30,2022-07-11 23:08:47
RM-HTL0020-203,HTL0020,203,SUT,Suite Room,257.3,1,2021-01-29 13:27:55,2024-09-17 11:03:34
RM-HTL0020-204,HTL0020,204,SUT,Suite Room,255.38,1,2021-02-22 06:04:25,2022-05-17 05:22:26
RM-HTL0020-205,HTL0020,205,SUT,Suite Room,249.16,1,2021-02-02 03:42:28,2021-02-02 03:42:28
RM-HTL0020-206,HTL0020,206,SUT,Suite Room,252.68,1,2021-02-21 14:39:32,2021-02-21 14:39:32
RM-HTL0020-207,HTL0020,207,STD,Standard Room,47.58,1,2021-02-11 11:26:43,2025-03-09 19:24:56
RM-HTL0020-208,HTL0020,208,EXE,Executive Suite,395.89,1,2021-02-28 07:36:01,2025-01-31 07:49:47
RM-HTL0020-209,HTL0020,209,DLX,Deluxe Room,109.1,1,2021-02-15 23:52:00,2022-06-26 20:46:35
RM-HTL0020-210,HTL0020,210,STD,Standard Room,53.37,1,2021-02-20 18:42:40,2025-01-17 05:11:49
RM-HTL0020-211,HTL0020,211,SUT,Suite Room,254.36,1,2021-02-24 14:26:52,2024-02-26 16:24:14
RM-HTL0020-212,HTL0020,212,SUT,Suite Room,261.42,1,2021-02-14 13:16:52,2024-12-18 02:42:21
RM-HTL0020-213,HTL0020,213,EXE,Executive Suite,407.19,1,2021-02-08 02:31:50,2022-07-07 14:10:18
RM-HTL0020-214,HTL0020,214,SUP,Superior Room,86.0,1,2021-02-04 02:19:01,2023-08-06 01:09:24
RM-HTL0020-215,HTL0020,215,SUP,Superior Room,80.99,1,2021-02-28 05:03:51,2025-04-18 11:58:37
RM-HTL0020-216,HTL0020,216,EXE,Executive Suite,433.88,1,2021-02-25 09:05:35,2021-02-25 09:05:35
RM-HTL0020-217,HTL0020,217,STD,Standard Room,64.47,1,2021-02-07 08:24:45,2021-02-07 08:24:45
RM-HTL0020-218,HTL0020,218,DLX,Deluxe Room,111.26,1,2021-02-16 17:20:19,2021-02-16 17:20:19
RM-HTL0020-219,HTL0020,219,SUT,Suite Room,252.23,1,2021-01-30 18:18:19,2026-05-07 09:42:46
RM-HTL0020-220,HTL0020,220,EXE,Executive Suite,404.82,1,2021-02-28 23:16:06,2025-04-22 12:37:28
RM-HTL0021-101,HTL0021,101,DLX,Deluxe Room,115.53,1,2021-07-28 02:02:04,2026-04-30 15:09:36
RM-HTL0021-102,HTL0021,102,EXE,Executive Suite,398.97,1,2021-07-16 16:35:29,2022-10-16 05:45:46
RM-HTL0021-103,HTL0021,103,DLX,Deluxe Room,116.29,1,2021-07-25 00:12:47,2024-05-23 04:56:40
RM-HTL0021-104,HTL0021,104,SUP,Superior Room,77.61,1,2021-07-12 21:15:47,2025-12-02 12:32:09
RM-HTL0021-105,HTL0021,105,STD,Standard Room,58.68,1,2021-07-22 12:50:50,2023-12-11 09:12:14
RM-HTL0021-106,HTL0021,106,SUT,Suite Room,258.72,1,2021-07-15 06:34:59,2025-10-16 01:08:04
RM-HTL0021-107,HTL0021,107,DLX,Deluxe Room,111.26,1,2021-07-15 20:40:43,2021-07-15 20:40:43
RM-HTL0021-108,HTL0021,108,STD,Standard Room,53.74,1,2021-07-13 11:06:02,2021-07-13 11:06:02
RM-HTL0021-109,HTL0021,109,STD,Standard Room,53.07,1,2021-07-02 15:46:25,2025-03-06 02:12:55
RM-HTL0021-110,HTL0021,110,SUT,Suite Room,256.77,1,2021-07-21 09:38:28,2021-07-21 09:38:28
RM-HTL0021-111,HTL0021,111,STD,Standard Room,60.7,1,2021-06-30 11:37:42,2021-06-30 11:37:42
RM-HTL0021-112,HTL0021,112,DLX,Deluxe Room,109.31,1,2021-07-24 15:38:10,2021-07-24 15:38:10
RM-HTL0021-113,HTL0021,113,SUT,Suite Room,263.41,1,2021-07-17 00:20:42,2023-02-15 01:30:55
RM-HTL0021-114,HTL0021,114,SUT,Suite Room,247.21,1,2021-06-30 03:43:45,2025-08-03 12:42:38
RM-HTL0021-115,HTL0021,115,SUP,Superior Room,82.54,1,2021-07-25 07:31:20,2025-07-12 06:53:44
RM-HTL0021-116,HTL0021,116,STD,Standard Room,59.79,1,2021-07-19 12:17:08,2021-07-25 04:51:45
RM-HTL0021-117,HTL0021,117,EXE,Executive Suite,402.29,1,2021-07-12 03:20:28,2022-07-15 04:26:16
RM-HTL0021-118,HTL0021,118,EXE,Executive Suite,401.77,1,2021-07-28 02:03:39,2024-04-30 00:06:11
RM-HTL0021-119,HTL0021,119,SUP,Superior Room,88.84,1,2021-07-23 11:40:39,2023-10-22 07:12:29
RM-HTL0021-120,HTL0021,120,SUP,Superior Room,79.28,1,2021-07-02 12:12:08,2021-07-02 12:12:08
RM-HTL0021-121,HTL0021,121,SUT,Suite Room,246.88,1,2021-07-14 08:30:39,2023-10-30 10:09:43
RM-HTL0021-122,HTL0021,122,SUT,Suite Room,249.27,1,2021-07-20 00:07:37,2024-08-05 06:13:34
RM-HTL0021-123,HTL0021,123,SUP,Superior Room,78.29,1,2021-07-24 16:48:13,2021-07-24 16:48:13
RM-HTL0021-124,HTL0021,124,STD,Standard Room,60.26,1,2021-07-26 03:32:15,2021-07-26 03:32:15
RM-HTL0021-125,HTL0021,125,DLX,Deluxe Room,124.2,1,2021-07-16 14:07:32,2024-08-13 12:34:22
RM-HTL0021-126,HTL0021,126,STD,Standard Room,57.85,1,2021-07-24 11:40:34,2021-07-24 11:40:34
RM-HTL0021-127,HTL0021,127,EXE,Executive Suite,399.56,1,2021-07-02 13:12:36,2021-07-02 13:12:36
RM-HTL0021-128,HTL0021,128,SUT,Suite Room,264.97,0,2021-06-30 09:32:54,2022-12-18 01:56:46
RM-HTL0021-129,HTL0021,129,EXE,Executive Suite,408.29,1,2021-07-20 10:09:26,2023-06-16 00:32:50
RM-HTL0021-130,HTL0021,130,SUP,Superior Room,89.82,1,2021-07-15 21:31:39,2021-07-15 21:31:39
RM-HTL0021-131,HTL0021,131,EXE,Executive Suite,410.53,1,2021-07-27 00:52:17,2021-07-27 00:52:17
RM-HTL0021-132,HTL0021,132,STD,Standard Room,64.56,1,2021-07-15 10:16:17,2021-08-23 21:56:32
RM-HTL0021-133,HTL0021,133,EXE,Executive Suite,398.57,1,2021-07-14 01:05:11,2021-07-14 01:05:11
RM-HTL0021-134,HTL0021,134,STD,Standard Room,46.62,1,2021-07-18 04:07:21,2021-07-18 04:07:21
RM-HTL0021-135,HTL0021,135,SUT,Suite Room,258.65,1,2021-07-07 23:46:46,2025-04-11 01:33:15
RM-HTL0021-136,HTL0021,136,EXE,Executive Suite,397.19,1,2021-07-23 09:14:44,2022-10-21 04:35:24
RM-HTL0021-137,HTL0021,137,SUT,Suite Room,247.15,1,2021-07-08 17:42:31,2021-07-08 17:42:31
RM-HTL0021-138,HTL0021,138,SUT,Suite Room,261.59,1,2021-07-25 12:18:52,2024-02-05 17:01:46
RM-HTL0021-139,HTL0021,139,STD,Standard Room,55.04,1,2021-07-26 20:05:41,2025-11-25 04:59:48
RM-HTL0021-140,HTL0021,140,DLX,Deluxe Room,113.12,1,2021-07-14 01:41:36,2023-08-15 21:21:15
RM-HTL0021-141,HTL0021,141,STD,Standard Room,53.49,1,2021-07-26 19:24:52,2025-02-09 23:37:48
RM-HTL0021-142,HTL0021,142,EXE,Executive Suite,414.44,1,2021-06-30 10:45:20,2021-06-30 10:45:20
RM-HTL0021-143,HTL0021,143,SUT,Suite Room,245.73,1,2021-07-27 01:38:25,2022-11-26 17:51:52
RM-HTL0021-144,HTL0021,144,STD,Standard Room,57.02,1,2021-06-30 12:26:34,2024-10-03 20:53:09
RM-HTL0021-145,HTL0021,145,SUP,Superior Room,79.05,1,2021-07-06 11:27:55,2021-07-06 11:27:55
RM-HTL0021-146,HTL0021,146,SUT,Suite Room,253.01,1,2021-07-07 17:51:52,2022-10-05 15:10:42
RM-HTL0021-147,HTL0021,147,STD,Standard Room,54.32,1,2021-07-11 21:42:48,2025-12-12 19:53:32
RM-HTL0021-148,HTL0021,148,DLX,Deluxe Room,113.81,1,2021-07-17 11:18:35,2025-06-21 18:04:39
RM-HTL0021-149,HTL0021,149,SUP,Superior Room,71.82,1,2021-07-24 14:06:43,2024-06-19 22:21:39
RM-HTL0021-150,HTL0021,150,STD,Standard Room,61.79,1,2021-07-23 02:45:26,2025-12-27 04:55:05
RM-HTL0021-151,HTL0021,151,EXE,Executive Suite,396.6,1,2021-07-07 07:23:38,2021-07-07 07:23:38
RM-HTL0021-152,HTL0021,152,DLX,Deluxe Room,113.11,1,2021-07-06 18:27:13,2021-11-14 08:00:21
RM-HTL0021-153,HTL0021,153,STD,Standard Room,54.8,1,2021-07-07 06:04:57,2021-07-07 06:04:57
RM-HTL0021-154,HTL0021,154,DLX,Deluxe Room,124.63,1,2021-07-12 00:49:42,2023-08-06 18:16:15
RM-HTL0021-155,HTL0021,155,EXE,Executive Suite,404.25,1,2021-07-05 18:22:04,2025-10-27 20:48:16
RM-HTL0021-156,HTL0021,156,SUP,Superior Room,81.67,1,2021-07-04 19:42:09,2021-07-04 19:42:09
RM-HTL0021-157,HTL0021,157,EXE,Executive Suite,403.04,1,2021-07-20 02:53:45,2021-07-20 02:53:45
RM-HTL0021-158,HTL0021,158,DLX,Deluxe Room,109.28,1,2021-07-07 07:24:22,2021-07-07 07:24:22
RM-HTL0021-159,HTL0021,159,DLX,Deluxe Room,116.99,1,2021-07-19 08:06:51,2021-07-19 08:06:51
RM-HTL0021-160,HTL0021,160,SUT,Suite Room,252.98,1,2021-06-29 00:44:27,2021-06-29 00:44:27
RM-HTL0021-161,HTL0021,161,EXE,Executive Suite,413.75,1,2021-07-22 03:13:04,2022-07-05 00:58:01
RM-HTL0021-162,HTL0021,162,STD,Standard Room,53.3,1,2021-07-19 13:16:14,2024-10-24 15:22:27
RM-HTL0021-163,HTL0021,163,SUP,Superior Room,74.21,1,2021-07-02 16:50:51,2022-08-13 06:54:40
RM-HTL0021-164,HTL0021,164,STD,Standard Room,55.65,1,2021-07-18 01:16:19,2021-07-18 01:16:19
RM-HTL0021-165,HTL0021,165,DLX,Deluxe Room,106.85,1,2021-07-15 23:15:24,2024-07-22 04:41:53
RM-HTL0021-166,HTL0021,166,SUT,Suite Room,260.17,1,2021-07-11 02:17:24,2023-09-11 19:18:53
RM-HTL0021-167,HTL0021,167,STD,Standard Room,45.74,1,2021-07-07 02:31:44,2022-02-17 00:29:12
RM-HTL0021-168,HTL0021,168,STD,Standard Room,60.12,1,2021-07-06 13:38:14,2022-10-03 10:13:18
RM-HTL0021-169,HTL0021,169,EXE,Executive Suite,404.27,1,2021-07-18 08:20:59,2021-07-18 08:20:59
RM-HTL0021-170,HTL0021,170,EXE,Executive Suite,413.18,1,2021-07-18 16:41:33,2021-07-18 16:41:33
RM-HTL0021-171,HTL0021,171,SUP,Superior Room,80.86,1,2021-07-15 04:42:49,2023-03-31 16:13:05
RM-HTL0021-172,HTL0021,172,DLX,Deluxe Room,121.91,1,2021-07-21 01:39:08,2023-06-24 03:08:10
RM-HTL0021-173,HTL0021,173,EXE,Executive Suite,398.17,1,2021-07-04 05:01:32,2023-07-24 13:56:56
RM-HTL0021-174,HTL0021,174,EXE,Executive Suite,403.62,1,2021-07-27 15:58:23,2024-03-22 22:25:34
RM-HTL0021-175,HTL0021,175,DLX,Deluxe Room,124.59,1,2021-07-04 23:44:56,2025-12-21 17:55:10
RM-HTL0021-176,HTL0021,176,DLX,Deluxe Room,107.87,1,2021-06-30 20:40:10,2021-06-30 20:40:10
RM-HTL0021-177,HTL0021,177,EXE,Executive Suite,401.0,1,2021-07-27 11:22:22,2021-07-27 11:22:22
RM-HTL0021-178,HTL0021,178,STD,Standard Room,59.47,1,2021-07-17 21:15:47,2022-09-19 11:58:05
RM-HTL0021-179,HTL0021,179,SUP,Superior Room,71.46,1,2021-07-06 17:30:04,2024-02-07 04:00:36
RM-HTL0021-180,HTL0021,180,SUP,Superior Room,74.82,1,2021-07-07 13:45:04,2024-07-21 05:16:23
RM-HTL0022-101,HTL0022,101,STD,Standard Room,46.62,1,2022-11-09 04:07:16,2022-12-26 14:27:07
RM-HTL0022-102,HTL0022,102,EXE,Executive Suite,395.34,1,2022-11-14 06:20:08,2024-07-18 04:45:53
RM-HTL0022-103,HTL0022,103,SUT,Suite Room,261.74,1,2022-12-04 21:12:50,2022-12-04 21:12:50
RM-HTL0022-104,HTL0022,104,STD,Standard Room,59.93,1,2022-11-26 16:19:52,2023-10-29 22:38:13
RM-HTL0022-105,HTL0022,105,EXE,Executive Suite,403.88,1,2022-12-07 17:47:06,2022-12-07 17:47:06
RM-HTL0022-106,HTL0022,106,SUT,Suite Room,250.7,1,2022-11-14 16:03:14,2022-11-14 16:03:14
RM-HTL0022-107,HTL0022,107,STD,Standard Room,62.7,1,2022-11-22 11:32:23,2025-07-08 22:14:34
RM-HTL0022-108,HTL0022,108,SUT,Suite Room,252.26,1,2022-12-02 00:13:16,2025-01-31 00:52:33
RM-HTL0022-109,HTL0022,109,STD,Standard Room,54.5,1,2022-11-15 04:16:52,2022-11-15 04:16:52
RM-HTL0022-110,HTL0022,110,STD,Standard Room,56.95,1,2022-11-14 22:25:54,2022-11-14 22:25:54
RM-HTL0022-111,HTL0022,111,SUP,Superior Room,78.39,1,2022-11-30 08:11:57,2026-02-28 21:59:58
RM-HTL0022-112,HTL0022,112,EXE,Executive Suite,414.21,1,2022-12-01 21:47:16,2023-03-30 07:14:14
RM-HTL0022-113,HTL0022,113,SUT,Suite Room,253.29,1,2022-11-24 11:56:14,2026-02-06 05:42:48
RM-HTL0022-114,HTL0022,114,DLX,Deluxe Room,114.94,1,2022-11-25 05:33:25,2023-10-23 18:59:06
RM-HTL0022-115,HTL0022,115,STD,Standard Room,47.33,1,2022-11-30 19:31:00,2025-05-19 12:39:59
RM-HTL0022-116,HTL0022,116,EXE,Executive Suite,411.0,1,2022-11-17 12:47:44,2026-01-03 16:14:54
RM-HTL0022-117,HTL0022,117,SUT,Suite Room,257.97,1,2022-12-09 05:47:38,2024-10-20 23:03:19
RM-HTL0022-118,HTL0022,118,SUT,Suite Room,262.74,1,2022-11-14 02:24:43,2023-01-29 12:11:03
RM-HTL0022-119,HTL0022,119,STD,Standard Room,49.0,1,2022-11-24 02:05:40,2022-11-24 02:05:40
RM-HTL0022-120,HTL0022,120,EXE,Executive Suite,410.37,1,2022-11-25 12:05:18,2023-07-28 12:24:01
RM-HTL0022-121,HTL0022,121,STD,Standard Room,58.8,1,2022-11-30 21:00:36,2022-11-30 21:00:36
RM-HTL0022-122,HTL0022,122,SUT,Suite Room,261.61,1,2022-11-19 05:38:34,2022-11-19 05:38:34
RM-HTL0022-123,HTL0022,123,DLX,Deluxe Room,115.3,1,2022-11-22 07:29:08,2024-07-04 09:47:38
RM-HTL0022-124,HTL0022,124,STD,Standard Room,55.2,1,2022-12-04 21:54:17,2023-01-19 05:59:07
RM-HTL0022-125,HTL0022,125,EXE,Executive Suite,402.46,1,2022-12-08 11:11:32,2022-12-08 11:11:32
RM-HTL0022-126,HTL0022,126,SUP,Superior Room,83.59,1,2022-12-09 11:18:27,2024-07-01 07:07:54
RM-HTL0022-127,HTL0022,127,SUP,Superior Room,81.97,1,2022-11-26 22:18:30,2022-11-26 22:18:30
RM-HTL0022-128,HTL0022,128,DLX,Deluxe Room,124.81,1,2022-11-16 16:03:52,2022-11-16 16:03:52
RM-HTL0022-129,HTL0022,129,SUT,Suite Room,256.87,1,2022-11-20 04:55:26,2024-03-20 09:31:02
RM-HTL0022-130,HTL0022,130,EXE,Executive Suite,413.98,1,2022-12-04 20:46:19,2025-12-04 23:21:10
RM-HTL0022-131,HTL0022,131,EXE,Executive Suite,399.61,1,2022-11-25 02:51:36,2024-10-15 07:52:19
RM-HTL0022-132,HTL0022,132,SUT,Suite Room,259.66,1,2022-11-28 15:50:45,2024-02-27 16:42:45
RM-HTL0022-133,HTL0022,133,SUP,Superior Room,70.27,1,2022-11-11 05:54:05,2022-11-11 05:54:05
RM-HTL0022-134,HTL0022,134,STD,Standard Room,54.51,1,2022-12-02 20:11:51,2022-12-02 20:11:51
RM-HTL0022-135,HTL0022,135,SUT,Suite Room,246.55,1,2022-11-18 00:01:55,2025-04-19 05:01:34
RM-HTL0022-136,HTL0022,136,STD,Standard Room,47.44,1,2022-11-28 10:31:56,2022-11-28 10:31:56
RM-HTL0022-137,HTL0022,137,SUT,Suite Room,245.21,1,2022-11-28 06:16:10,2022-11-28 06:16:10
RM-HTL0022-138,HTL0022,138,SUP,Superior Room,77.11,1,2022-11-09 00:05:50,2023-09-06 12:49:57
RM-HTL0022-139,HTL0022,139,DLX,Deluxe Room,113.11,1,2022-11-16 08:57:13,2022-11-16 08:57:13
RM-HTL0022-140,HTL0022,140,EXE,Executive Suite,401.12,1,2022-11-20 11:49:24,2022-11-20 11:49:24
RM-HTL0022-141,HTL0022,141,SUT,Suite Room,255.6,1,2022-12-02 11:58:27,2022-12-02 11:58:27
RM-HTL0022-142,HTL0022,142,EXE,Executive Suite,404.83,1,2022-11-09 19:39:31,2024-06-08 07:44:20
RM-HTL0022-143,HTL0022,143,SUT,Suite Room,260.72,1,2022-11-18 01:57:18,2025-12-07 05:15:17
RM-HTL0022-144,HTL0022,144,SUT,Suite Room,255.75,1,2022-12-05 19:23:34,2024-07-15 20:36:43
RM-HTL0022-145,HTL0022,145,DLX,Deluxe Room,107.85,1,2022-11-28 08:18:51,2024-03-24 15:12:03
RM-HTL0022-146,HTL0022,146,SUP,Superior Room,76.97,1,2022-12-05 23:34:53,2022-12-05 23:34:53
RM-HTL0022-147,HTL0022,147,STD,Standard Room,49.96,1,2022-11-18 05:19:21,2023-01-27 09:16:35
RM-HTL0022-148,HTL0022,148,DLX,Deluxe Room,114.26,1,2022-12-07 07:55:31,2022-12-07 07:55:31
RM-HTL0022-149,HTL0022,149,SUP,Superior Room,77.23,1,2022-11-28 11:28:44,2025-05-28 12:06:34
RM-HTL0022-150,HTL0022,150,EXE,Executive Suite,403.95,1,2022-11-30 10:00:53,2026-03-24 04:27:01
RM-HTL0022-151,HTL0022,151,DLX,Deluxe Room,110.99,1,2022-11-22 19:47:17,2026-01-07 03:57:07
RM-HTL0022-152,HTL0022,152,STD,Standard Room,47.79,1,2022-11-20 15:57:51,2026-01-25 18:54:53
RM-HTL0022-153,HTL0022,153,EXE,Executive Suite,396.4,1,2022-12-06 10:38:29,2024-11-26 10:30:09
RM-HTL0022-154,HTL0022,154,EXE,Executive Suite,409.19,1,2022-12-06 21:26:56,2023-09-07 01:28:30
RM-HTL0022-155,HTL0022,155,SUT,Suite Room,264.77,1,2022-11-25 09:45:12,2025-01-15 07:48:36
RM-HTL0022-156,HTL0022,156,EXE,Executive Suite,414.63,1,2022-11-19 18:34:58,2025-01-18 02:36:28
RM-HTL0022-157,HTL0022,157,SUT,Suite Room,262.82,1,2022-12-02 05:17:00,2023-10-05 02:17:09
RM-HTL0022-158,HTL0022,158,EXE,Executive Suite,402.39,1,2022-12-09 00:47:29,2025-04-09 15:22:27
RM-HTL0022-159,HTL0022,159,SUP,Superior Room,87.61,1,2022-11-27 10:55:53,2026-03-22 21:00:04
RM-HTL0022-160,HTL0022,160,DLX,Deluxe Room,122.47,1,2022-11-21 14:58:58,2024-09-16 03:06:07
RM-HTL0022-161,HTL0022,161,EXE,Executive Suite,413.38,1,2022-11-28 00:32:58,2022-11-28 00:32:58
RM-HTL0022-162,HTL0022,162,DLX,Deluxe Room,119.39,1,2022-11-20 07:39:17,2025-11-27 04:20:35
RM-HTL0022-163,HTL0022,163,EXE,Executive Suite,428.25,0,2022-11-30 11:10:11,2023-12-07 09:08:27
RM-HTL0022-164,HTL0022,164,SUT,Suite Room,249.8,1,2022-11-14 09:04:13,2024-06-19 05:47:59
RM-HTL0022-165,HTL0022,165,SUP,Superior Room,73.14,1,2022-11-28 14:00:51,2025-03-25 14:27:17
RM-HTL0022-166,HTL0022,166,SUT,Suite Room,254.81,1,2022-12-03 23:36:03,2024-06-18 00:11:37
RM-HTL0022-167,HTL0022,167,STD,Standard Room,59.39,1,2022-11-19 00:46:59,2024-08-23 14:03:21
RM-HTL0022-168,HTL0022,168,DLX,Deluxe Room,112.62,1,2022-12-03 19:29:08,2024-02-10 05:53:14
RM-HTL0022-169,HTL0022,169,SUP,Superior Room,85.29,1,2022-12-07 13:48:49,2023-02-21 22:46:27
RM-HTL0022-170,HTL0022,170,DLX,Deluxe Room,111.09,1,2022-11-15 09:51:45,2025-09-01 17:31:30
RM-HTL0022-171,HTL0022,171,EXE,Executive Suite,396.56,1,2022-11-13 02:34:08,2023-12-10 10:39:11
RM-HTL0022-172,HTL0022,172,DLX,Deluxe Room,109.03,1,2022-12-05 09:41:36,2023-12-30 19:54:28
RM-HTL0022-173,HTL0022,173,STD,Standard Room,58.12,1,2022-11-17 20:52:38,2023-02-20 17:01:50
RM-HTL0022-174,HTL0022,174,DLX,Deluxe Room,109.54,1,2022-11-28 04:01:29,2022-11-28 04:01:29
RM-HTL0022-175,HTL0022,175,SUP,Superior Room,87.4,1,2022-12-04 11:55:34,2022-12-04 11:55:34
RM-HTL0022-176,HTL0022,176,DLX,Deluxe Room,112.48,1,2022-11-11 08:56:35,2025-07-26 07:13:48
RM-HTL0022-177,HTL0022,177,EXE,Executive Suite,410.19,1,2022-11-17 23:19:14,2023-09-06 07:48:40
RM-HTL0022-178,HTL0022,178,SUT,Suite Room,253.01,1,2022-11-26 01:27:35,2025-07-29 22:19:19
RM-HTL0022-179,HTL0022,179,SUP,Superior Room,78.72,1,2022-12-09 12:19:22,2022-12-09 12:19:22
RM-HTL0022-180,HTL0022,180,STD,Standard Room,57.12,1,2022-11-13 15:29:06,2024-11-12 12:30:28
RM-HTL0023-101,HTL0023,101,DLX,Deluxe Room,121.22,1,2021-06-19 11:44:34,2024-06-19 05:30:26
RM-HTL0023-102,HTL0023,102,SUP,Superior Room,84.08,1,2021-07-15 11:38:48,2021-07-15 11:38:48
RM-HTL0023-103,HTL0023,103,DLX,Deluxe Room,124.84,1,2021-06-21 18:59:11,2025-12-24 12:39:47
RM-HTL0023-104,HTL0023,104,SUT,Suite Room,263.2,1,2021-07-11 23:34:31,2022-09-06 21:00:13
RM-HTL0023-105,HTL0023,105,EXE,Executive Suite,405.78,1,2021-07-09 22:51:08,2021-07-24 03:57:10
RM-HTL0023-106,HTL0023,106,SUT,Suite Room,254.05,1,2021-06-21 11:17:35,2024-12-20 15:14:45
RM-HTL0023-107,HTL0023,107,STD,Standard Room,56.45,1,2021-07-14 20:25:50,2021-07-14 20:25:50
RM-HTL0023-108,HTL0023,108,EXE,Executive Suite,448.73,1,2021-07-06 22:12:32,2021-07-06 22:12:32
RM-HTL0023-109,HTL0023,109,SUP,Superior Room,73.15,1,2021-07-12 10:49:44,2022-05-28 17:13:06
RM-HTL0023-110,HTL0023,110,STD,Standard Room,55.02,1,2021-07-12 20:53:19,2022-06-06 02:31:49
RM-HTL0023-111,HTL0023,111,EXE,Executive Suite,402.66,1,2021-07-11 13:27:29,2024-04-23 11:55:15
RM-HTL0023-112,HTL0023,112,DLX,Deluxe Room,123.71,1,2021-07-15 02:28:36,2021-07-15 02:28:36
RM-HTL0023-113,HTL0023,113,SUT,Suite Room,251.72,1,2021-06-20 09:51:11,2025-09-20 18:15:24
RM-HTL0023-114,HTL0023,114,STD,Standard Room,62.93,1,2021-07-08 08:09:56,2025-06-19 12:25:53
RM-HTL0023-115,HTL0023,115,SUT,Suite Room,246.44,1,2021-07-02 02:35:56,2021-11-28 10:19:57
RM-HTL0023-116,HTL0023,116,STD,Standard Room,56.4,1,2021-07-09 23:59:51,2026-04-08 14:37:42
RM-HTL0023-117,HTL0023,117,DLX,Deluxe Room,121.77,1,2021-06-28 10:50:50,2022-01-27 21:12:22
RM-HTL0023-118,HTL0023,118,STD,Standard Room,50.0,1,2021-06-24 22:01:23,2025-10-08 10:54:33
RM-HTL0023-119,HTL0023,119,SUP,Superior Room,80.64,1,2021-06-22 07:10:39,2021-06-22 07:10:39
RM-HTL0023-120,HTL0023,120,EXE,Executive Suite,413.87,1,2021-06-26 18:08:48,2021-08-04 08:36:38
RM-HTL0023-121,HTL0023,121,STD,Standard Room,45.73,1,2021-07-12 16:43:34,2021-07-12 16:43:34
RM-HTL0023-122,HTL0023,122,EXE,Executive Suite,414.16,1,2021-06-29 15:50:12,2024-06-30 14:08:07
RM-HTL0023-123,HTL0023,123,SUT,Suite Room,261.57,1,2021-07-12 10:51:14,2022-11-26 12:23:11
RM-HTL0023-124,HTL0023,124,STD,Standard Room,52.16,1,2021-06-24 00:53:12,2024-04-20 09:44:57
RM-HTL0023-125,HTL0023,125,EXE,Executive Suite,406.99,1,2021-06-24 03:34:35,2021-06-24 03:34:35
RM-HTL0023-126,HTL0023,126,SUT,Suite Room,260.53,1,2021-07-04 20:29:15,2022-12-16 09:08:26
RM-HTL0023-127,HTL0023,127,DLX,Deluxe Room,111.94,1,2021-07-15 05:02:16,2021-07-15 05:02:16
RM-HTL0023-128,HTL0023,128,SUP,Superior Room,79.98,1,2021-07-11 16:41:22,2026-01-13 10:51:03
RM-HTL0023-129,HTL0023,129,DLX,Deluxe Room,115.87,1,2021-07-11 06:10:34,2025-07-21 15:01:10
RM-HTL0023-130,HTL0023,130,STD,Standard Room,60.77,0,2021-06-22 15:38:21,2024-08-06 02:12:20
RM-HTL0023-131,HTL0023,131,SUP,Superior Room,70.45,1,2021-07-05 21:34:55,2022-10-28 15:33:18
RM-HTL0023-132,HTL0023,132,STD,Standard Room,49.99,1,2021-07-09 08:57:35,2023-12-18 18:41:10
RM-HTL0023-133,HTL0023,133,EXE,Executive Suite,409.57,1,2021-06-24 23:32:54,2022-08-06 23:47:28
RM-HTL0023-134,HTL0023,134,SUP,Superior Room,71.01,1,2021-07-15 20:34:21,2021-07-15 20:34:21
RM-HTL0023-135,HTL0023,135,DLX,Deluxe Room,124.42,1,2021-06-20 00:27:11,2024-02-23 03:24:00
RM-HTL0023-136,HTL0023,136,SUP,Superior Room,87.9,1,2021-06-19 13:10:01,2024-04-18 02:30:07
RM-HTL0023-137,HTL0023,137,SUT,Suite Room,262.73,1,2021-06-25 21:30:13,2022-04-03 22:35:01
RM-HTL0023-138,HTL0023,138,DLX,Deluxe Room,108.49,1,2021-06-18 14:19:14,2021-06-18 14:19:14
RM-HTL0023-139,HTL0023,139,DLX,Deluxe Room,120.73,1,2021-07-11 08:32:43,2021-07-11 08:32:43
RM-HTL0023-140,HTL0023,140,SUT,Suite Room,247.07,1,2021-07-13 06:49:07,2025-02-01 03:44:30
RM-HTL0023-141,HTL0023,141,SUT,Suite Room,260.11,1,2021-06-23 03:15:00,2026-04-07 21:13:26
RM-HTL0023-142,HTL0023,142,SUP,Superior Room,83.42,1,2021-07-08 15:32:52,2025-04-08 23:49:50
RM-HTL0023-143,HTL0023,143,SUT,Suite Room,245.12,1,2021-06-24 14:33:27,2023-02-25 01:46:07
RM-HTL0023-144,HTL0023,144,SUP,Superior Room,80.74,1,2021-07-11 08:41:53,2022-08-30 03:20:59
RM-HTL0023-145,HTL0023,145,DLX,Deluxe Room,123.99,1,2021-06-23 12:44:06,2021-06-23 12:44:06
RM-HTL0023-146,HTL0023,146,EXE,Executive Suite,406.72,1,2021-06-30 21:44:18,2021-06-30 21:44:18
RM-HTL0023-147,HTL0023,147,STD,Standard Room,62.17,1,2021-06-17 01:56:59,2025-03-30 14:38:05
RM-HTL0023-148,HTL0023,148,STD,Standard Room,63.23,1,2021-07-16 22:20:30,2023-07-03 04:32:32
RM-HTL0023-149,HTL0023,149,SUP,Superior Room,74.07,1,2021-06-22 05:02:56,2025-08-02 05:38:39
RM-HTL0023-150,HTL0023,150,STD,Standard Room,56.81,1,2021-07-12 03:33:13,2022-03-28 08:09:28
RM-HTL0023-151,HTL0023,151,STD,Standard Room,61.06,1,2021-06-21 19:59:06,2023-06-04 11:19:31
RM-HTL0023-152,HTL0023,152,DLX,Deluxe Room,110.43,1,2021-07-08 18:29:53,2023-10-01 15:18:04
RM-HTL0023-153,HTL0023,153,EXE,Executive Suite,402.58,1,2021-07-13 10:57:22,2026-03-24 10:46:28
RM-HTL0023-154,HTL0023,154,EXE,Executive Suite,414.43,1,2021-07-03 03:00:21,2021-07-03 03:00:21
RM-HTL0023-155,HTL0023,155,SUT,Suite Room,251.67,1,2021-07-16 18:47:23,2021-07-16 18:47:23
RM-HTL0023-156,HTL0023,156,STD,Standard Room,59.38,1,2021-07-11 11:01:16,2026-02-14 18:38:10
RM-HTL0023-157,HTL0023,157,EXE,Executive Suite,406.79,1,2021-06-21 09:43:26,2021-06-21 09:43:26
RM-HTL0023-158,HTL0023,158,SUP,Superior Room,72.5,1,2021-07-09 13:03:08,2024-08-26 15:38:14
RM-HTL0023-159,HTL0023,159,SUT,Suite Room,258.44,1,2021-07-03 05:11:00,2024-05-15 04:35:14
RM-HTL0023-160,HTL0023,160,DLX,Deluxe Room,122.56,1,2021-07-05 19:15:40,2025-06-29 00:17:09
RM-HTL0023-161,HTL0023,161,DLX,Deluxe Room,108.86,1,2021-06-28 16:28:55,2021-06-28 16:28:55
RM-HTL0023-162,HTL0023,162,STD,Standard Room,58.24,1,2021-06-20 21:28:25,2026-03-15 21:49:08
RM-HTL0023-163,HTL0023,163,SUP,Superior Room,75.4,1,2021-06-23 04:05:08,2025-05-29 10:46:02
RM-HTL0023-164,HTL0023,164,STD,Standard Room,54.73,1,2021-06-30 15:09:12,2022-04-15 14:04:17
RM-HTL0023-165,HTL0023,165,EXE,Executive Suite,403.26,1,2021-06-30 05:31:51,2025-06-27 05:29:44
RM-HTL0023-166,HTL0023,166,STD,Standard Room,49.78,1,2021-07-14 20:16:05,2024-06-30 17:07:08
RM-HTL0023-167,HTL0023,167,SUT,Suite Room,250.2,1,2021-07-16 09:11:17,2021-07-16 09:11:17
RM-HTL0023-168,HTL0023,168,STD,Standard Room,57.69,1,2021-06-18 06:52:37,2022-06-22 13:34:46
RM-HTL0023-169,HTL0023,169,EXE,Executive Suite,404.52,1,2021-07-02 07:09:41,2021-07-02 07:09:41
RM-HTL0023-170,HTL0023,170,DLX,Deluxe Room,115.01,1,2021-07-10 08:02:10,2021-07-10 08:02:10
RM-HTL0023-171,HTL0023,171,DLX,Deluxe Room,110.63,1,2021-06-17 16:56:13,2021-11-16 16:50:50
RM-HTL0023-172,HTL0023,172,EXE,Executive Suite,397.01,1,2021-07-02 14:41:31,2021-07-02 14:41:31
RM-HTL0023-173,HTL0023,173,DLX,Deluxe Room,123.42,1,2021-07-15 00:23:48,2024-10-14 12:50:15
RM-HTL0023-174,HTL0023,174,SUT,Suite Room,290.26,1,2021-06-18 10:36:43,2025-01-01 20:33:40
RM-HTL0023-175,HTL0023,175,SUT,Suite Room,246.3,1,2021-06-27 22:09:51,2025-08-25 09:31:31
RM-HTL0023-176,HTL0023,176,DLX,Deluxe Room,114.27,1,2021-07-05 05:31:40,2021-07-05 05:31:40
RM-HTL0023-177,HTL0023,177,DLX,Deluxe Room,107.78,1,2021-07-05 05:06:22,2021-07-05 05:06:22
RM-HTL0023-178,HTL0023,178,SUP,Superior Room,89.71,1,2021-06-20 00:37:54,2021-06-20 00:37:54
RM-HTL0023-179,HTL0023,179,DLX,Deluxe Room,119.16,1,2021-06-19 14:26:45,2021-07-20 13:02:58
RM-HTL0023-180,HTL0023,180,SUP,Superior Room,84.64,1,2021-07-02 15:29:57,2024-07-11 22:52:42
RM-HTL0023-181,HTL0023,181,SUP,Superior Room,82.42,1,2021-06-18 20:01:41,2021-06-18 20:01:41
RM-HTL0023-182,HTL0023,182,SUT,Suite Room,263.4,1,2021-07-05 17:47:10,2025-07-14 03:21:51
RM-HTL0023-183,HTL0023,183,SUT,Suite Room,247.1,1,2021-06-19 09:09:49,2024-07-12 07:59:54
RM-HTL0023-184,HTL0023,184,DLX,Deluxe Room,120.22,1,2021-07-01 01:15:50,2021-07-01 01:15:50
RM-HTL0023-185,HTL0023,185,DLX,Deluxe Room,111.24,1,2021-07-09 09:47:10,2022-09-25 17:55:15
RM-HTL0023-186,HTL0023,186,SUT,Suite Room,260.32,1,2021-07-07 19:39:17,2021-07-07 19:39:17
RM-HTL0023-187,HTL0023,187,DLX,Deluxe Room,115.53,1,2021-06-23 08:21:42,2024-07-20 18:14:00
RM-HTL0023-188,HTL0023,188,STD,Standard Room,90.84,1,2021-07-09 05:52:05,2023-07-23 22:57:48
RM-HTL0023-189,HTL0023,189,DLX,Deluxe Room,106.32,1,2021-07-12 11:58:08,2021-07-12 11:58:08
RM-HTL0023-190,HTL0023,190,STD,Standard Room,63.12,1,2021-06-27 04:22:29,2022-03-31 23:52:45
RM-HTL0023-191,HTL0023,191,SUP,Superior Room,82.11,1,2021-06-23 06:27:39,2024-02-17 02:55:17
RM-HTL0023-192,HTL0023,192,EXE,Executive Suite,409.98,1,2021-06-30 08:01:20,2024-12-01 02:17:21
RM-HTL0023-193,HTL0023,193,STD,Standard Room,63.66,1,2021-07-03 19:10:03,2022-12-03 22:57:13
RM-HTL0023-194,HTL0023,194,DLX,Deluxe Room,117.71,1,2021-07-07 19:44:34,2022-09-29 11:13:47
RM-HTL0023-195,HTL0023,195,DLX,Deluxe Room,107.51,1,2021-07-12 22:03:39,2022-07-30 13:11:50
RM-HTL0023-196,HTL0023,196,EXE,Executive Suite,406.95,1,2021-07-01 11:08:09,2021-07-01 11:08:09
RM-HTL0023-197,HTL0023,197,SUP,Superior Room,89.96,1,2021-07-01 03:53:42,2025-12-03 06:23:40
RM-HTL0023-198,HTL0023,198,DLX,Deluxe Room,116.96,1,2021-07-12 20:13:19,2021-10-02 11:44:08
RM-HTL0023-199,HTL0023,199,EXE,Executive Suite,403.51,1,2021-07-13 04:08:48,2023-07-22 12:16:46
RM-HTL0023-200,HTL0023,200,DLX,Deluxe Room,114.86,1,2021-06-30 05:28:36,2021-06-30 05:28:36
RM-HTL0023-201,HTL0023,201,SUP,Superior Room,85.3,1,2021-07-01 21:37:54,2021-07-07 07:07:13
RM-HTL0023-202,HTL0023,202,DLX,Deluxe Room,121.25,1,2021-07-07 00:04:31,2022-03-29 21:24:48
RM-HTL0023-203,HTL0023,203,STD,Standard Room,51.87,1,2021-07-16 11:11:20,2023-05-10 21:38:43
RM-HTL0023-204,HTL0023,204,SUP,Superior Room,88.31,1,2021-06-26 19:31:14,2021-06-26 19:31:14
RM-HTL0023-205,HTL0023,205,EXE,Executive Suite,410.34,1,2021-06-17 07:30:01,2022-08-14 20:36:39
RM-HTL0023-206,HTL0023,206,EXE,Executive Suite,395.41,1,2021-06-28 15:51:29,2025-08-26 12:39:38
RM-HTL0023-207,HTL0023,207,STD,Standard Room,62.38,1,2021-07-02 23:30:42,2021-07-02 23:30:42
RM-HTL0023-208,HTL0023,208,EXE,Executive Suite,405.98,1,2021-06-27 10:57:05,2022-09-17 15:35:49
RM-HTL0023-209,HTL0023,209,SUP,Superior Room,70.89,1,2021-06-19 01:26:32,2025-04-04 17:58:57
RM-HTL0023-210,HTL0023,210,DLX,Deluxe Room,115.5,1,2021-06-20 03:56:15,2023-01-28 10:20:55
RM-HTL0023-211,HTL0023,211,SUP,Superior Room,70.0,1,2021-07-13 20:51:43,2025-02-04 14:12:35
RM-HTL0023-212,HTL0023,212,DLX,Deluxe Room,122.6,1,2021-06-29 15:00:39,2023-03-12 08:19:56
RM-HTL0023-213,HTL0023,213,EXE,Executive Suite,408.75,1,2021-07-10 20:30:21,2023-03-22 05:43:57
RM-HTL0023-214,HTL0023,214,EXE,Executive Suite,408.63,1,2021-07-01 19:58:24,2024-09-20 05:58:32
RM-HTL0023-215,HTL0023,215,SUT,Suite Room,263.8,1,2021-07-15 02:26:51,2026-02-28 15:19:44
RM-HTL0023-216,HTL0023,216,DLX,Deluxe Room,118.98,1,2021-06-18 01:54:01,2021-06-18 01:54:01
RM-HTL0023-217,HTL0023,217,DLX,Deluxe Room,109.25,1,2021-06-20 15:29:26,2022-06-30 12:11:42
RM-HTL0023-218,HTL0023,218,EXE,Executive Suite,401.05,1,2021-06-25 12:25:25,2021-06-25 12:25:25
RM-HTL0023-219,HTL0023,219,SUT,Suite Room,261.37,1,2021-07-15 15:42:03,2026-05-24 02:19:13
RM-HTL0023-220,HTL0023,220,DLX,Deluxe Room,122.66,0,2021-07-13 06:35:19,2022-06-03 12:46:22
RM-HTL0023-221,HTL0023,221,SUP,Superior Room,84.36,1,2021-06-20 08:17:53,2021-06-20 08:17:53
RM-HTL0023-222,HTL0023,222,SUP,Superior Room,70.37,1,2021-06-18 19:47:55,2025-11-27 22:48:22
RM-HTL0023-223,HTL0023,223,DLX,Deluxe Room,112.59,1,2021-06-18 23:53:06,2021-06-18 23:53:06
RM-HTL0023-224,HTL0023,224,DLX,Deluxe Room,115.06,1,2021-07-04 23:30:10,2021-07-04 23:30:10
RM-HTL0023-225,HTL0023,225,EXE,Executive Suite,412.81,1,2021-07-07 16:52:33,2021-07-25 15:17:13
RM-HTL0023-226,HTL0023,226,SUP,Superior Room,85.27,1,2021-07-12 19:07:13,2023-08-18 07:07:44
RM-HTL0023-227,HTL0023,227,SUT,Suite Room,256.02,1,2021-07-10 19:10:16,2023-05-17 17:42:04
RM-HTL0023-228,HTL0023,228,EXE,Executive Suite,399.18,1,2021-07-06 17:34:43,2025-02-13 08:05:26
RM-HTL0023-229,HTL0023,229,DLX,Deluxe Room,110.59,1,2021-07-14 13:35:17,2023-04-18 07:33:29
RM-HTL0023-230,HTL0023,230,SUP,Superior Room,75.29,1,2021-06-22 19:49:31,2022-08-04 00:04:55
RM-HTL0023-231,HTL0023,231,STD,Standard Room,46.36,1,2021-07-10 03:53:27,2026-02-06 04:15:12
RM-HTL0023-232,HTL0023,232,SUT,Suite Room,250.16,1,2021-06-23 23:55:29,2021-06-23 23:55:29
RM-HTL0023-233,HTL0023,233,EXE,Executive Suite,401.89,1,2021-07-02 19:24:18,2021-07-02 19:24:18
RM-HTL0023-234,HTL0023,234,STD,Standard Room,47.53,1,2021-06-22 14:13:03,2025-11-04 16:54:26
RM-HTL0023-235,HTL0023,235,STD,Standard Room,55.38,1,2021-06-19 11:38:48,2021-06-19 11:38:48
RM-HTL0023-236,HTL0023,236,EXE,Executive Suite,406.89,1,2021-06-30 11:27:00,2021-06-30 11:27:00
RM-HTL0023-237,HTL0023,237,SUP,Superior Room,80.08,1,2021-06-23 21:04:13,2021-06-23 21:04:13
RM-HTL0023-238,HTL0023,238,DLX,Deluxe Room,115.07,1,2021-06-29 10:26:59,2022-01-28 19:25:09
RM-HTL0023-239,HTL0023,239,SUP,Superior Room,83.91,1,2021-07-15 03:58:30,2023-03-14 22:59:39
RM-HTL0023-240,HTL0023,240,DLX,Deluxe Room,109.42,1,2021-07-12 05:43:38,2021-07-12 05:43:38
RM-HTL0023-241,HTL0023,241,DLX,Deluxe Room,114.91,1,2021-07-14 18:31:57,2023-07-24 08:08:25
RM-HTL0023-242,HTL0023,242,SUT,Suite Room,283.93,1,2021-06-27 11:07:25,2025-06-19 12:01:55
RM-HTL0023-243,HTL0023,243,EXE,Executive Suite,395.75,1,2021-07-13 06:44:52,2021-07-13 06:44:52
RM-HTL0023-244,HTL0023,244,STD,Standard Room,58.71,1,2021-07-03 03:11:15,2022-10-28 02:27:14
RM-HTL0023-245,HTL0023,245,EXE,Executive Suite,397.48,1,2021-07-15 19:08:39,2026-03-23 09:09:05
RM-HTL0023-246,HTL0023,246,DLX,Deluxe Room,112.22,1,2021-07-02 18:22:10,2021-07-02 18:22:10
RM-HTL0023-247,HTL0023,247,SUT,Suite Room,257.44,1,2021-06-19 09:24:12,2021-10-04 00:26:23
RM-HTL0023-248,HTL0023,248,STD,Standard Room,53.07,1,2021-07-14 20:30:00,2026-01-01 09:22:42
RM-HTL0023-249,HTL0023,249,DLX,Deluxe Room,112.7,1,2021-07-10 13:44:19,2021-07-10 13:44:19
RM-HTL0023-250,HTL0023,250,EXE,Executive Suite,395.05,1,2021-07-11 07:32:25,2022-10-01 07:22:22
RM-HTL0023-251,HTL0023,251,SUP,Superior Room,89.73,1,2021-07-16 21:55:09,2026-02-16 01:43:12
RM-HTL0023-252,HTL0023,252,SUT,Suite Room,252.06,0,2021-07-07 16:06:53,2022-08-04 05:14:43
RM-HTL0023-253,HTL0023,253,SUP,Superior Room,89.79,1,2021-06-30 14:24:15,2022-06-01 17:06:17
RM-HTL0023-254,HTL0023,254,STD,Standard Room,46.09,1,2021-07-06 15:19:06,2021-07-06 15:19:06
RM-HTL0023-255,HTL0023,255,DLX,Deluxe Room,108.38,1,2021-06-29 14:33:16,2025-08-03 06:16:40
RM-HTL0023-256,HTL0023,256,SUT,Suite Room,263.97,0,2021-07-06 12:21:24,2022-03-07 11:59:35
RM-HTL0023-257,HTL0023,257,EXE,Executive Suite,408.08,1,2021-06-19 03:32:46,2023-07-17 12:34:32
RM-HTL0023-258,HTL0023,258,STD,Standard Room,61.64,1,2021-07-15 14:39:27,2021-07-15 14:39:27
RM-HTL0023-259,HTL0023,259,STD,Standard Room,48.18,1,2021-07-14 18:50:13,2026-03-14 05:26:09
RM-HTL0023-260,HTL0023,260,EXE,Executive Suite,408.97,1,2021-06-23 17:32:20,2021-06-23 17:32:20
RM-HTL0023-261,HTL0023,261,SUT,Suite Room,253.14,1,2021-06-18 04:16:35,2021-06-18 04:16:35
RM-HTL0023-262,HTL0023,262,STD,Standard Room,49.92,1,2021-06-25 22:28:20,2021-11-25 10:30:32
RM-HTL0023-263,HTL0023,263,EXE,Executive Suite,398.69,1,2021-07-15 21:26:41,2021-07-15 21:26:41
RM-HTL0023-264,HTL0023,264,SUP,Superior Room,77.83,1,2021-06-24 04:45:51,2025-06-07 03:19:47
RM-HTL0023-265,HTL0023,265,EXE,Executive Suite,399.29,1,2021-07-15 13:42:50,2026-01-03 22:13:37
RM-HTL0023-266,HTL0023,266,STD,Standard Room,46.07,1,2021-07-04 05:15:15,2024-11-28 10:02:10
RM-HTL0023-267,HTL0023,267,STD,Standard Room,59.18,1,2021-06-29 13:54:58,2022-03-05 15:07:32
RM-HTL0023-268,HTL0023,268,STD,Standard Room,51.69,1,2021-06-23 06:13:10,2021-06-23 06:13:10
RM-HTL0023-269,HTL0023,269,STD,Standard Room,60.91,1,2021-06-21 23:05:06,2025-05-12 07:26:52
RM-HTL0023-270,HTL0023,270,SUP,Superior Room,74.89,1,2021-06-28 02:09:40,2022-03-28 07:19:29
RM-HTL0023-271,HTL0023,271,DLX,Deluxe Room,116.42,1,2021-07-14 16:23:23,2021-07-14 16:23:23
RM-HTL0023-272,HTL0023,272,SUP,Superior Room,71.43,1,2021-06-22 15:22:57,2021-07-26 07:24:28
RM-HTL0023-273,HTL0023,273,DLX,Deluxe Room,105.12,1,2021-06-16 03:28:20,2022-06-01 00:19:15
RM-HTL0023-274,HTL0023,274,EXE,Executive Suite,402.56,1,2021-06-26 07:26:16,2024-12-01 00:24:25
RM-HTL0023-275,HTL0023,275,EXE,Executive Suite,396.43,1,2021-07-10 09:28:20,2021-07-10 09:28:20
RM-HTL0023-276,HTL0023,276,EXE,Executive Suite,406.05,1,2021-06-22 10:27:15,2021-06-22 10:27:15
RM-HTL0023-277,HTL0023,277,STD,Standard Room,47.54,1,2021-06-29 00:57:39,2021-06-29 00:57:39
RM-HTL0023-278,HTL0023,278,SUT,Suite Room,246.17,1,2021-07-03 01:38:14,2023-05-05 17:41:12
RM-HTL0023-279,HTL0023,279,EXE,Executive Suite,400.18,1,2021-07-04 04:51:34,2021-07-04 04:51:34
RM-HTL0023-280,HTL0023,280,EXE,Executive Suite,412.38,1,2021-06-21 20:36:43,2023-02-18 14:52:50
RM-HTL0023-281,HTL0023,281,SUP,Superior Room,85.47,1,2021-06-26 06:48:20,2021-08-19 08:13:47
RM-HTL0023-282,HTL0023,282,SUP,Superior Room,81.01,1,2021-06-25 10:41:18,2025-02-22 22:47:30
RM-HTL0023-283,HTL0023,283,SUT,Suite Room,262.01,1,2021-07-14 10:04:50,2025-08-15 14:14:07
RM-HTL0023-284,HTL0023,284,DLX,Deluxe Room,118.45,1,2021-07-10 14:31:30,2024-03-27 13:26:47
RM-HTL0023-285,HTL0023,285,DLX,Deluxe Room,109.73,1,2021-07-04 18:44:02,2021-07-04 18:44:02
RM-HTL0023-286,HTL0023,286,DLX,Deluxe Room,124.44,1,2021-07-12 06:41:51,2026-02-27 07:46:13
RM-HTL0023-287,HTL0023,287,SUT,Suite Room,252.56,1,2021-07-12 01:17:00,2025-08-30 12:11:38
RM-HTL0023-288,HTL0023,288,SUP,Superior Room,73.99,1,2021-07-09 21:02:37,2022-12-27 01:48:50
RM-HTL0023-289,HTL0023,289,SUP,Superior Room,85.2,1,2021-07-03 06:06:24,2023-11-08 16:04:42
RM-HTL0023-290,HTL0023,290,EXE,Executive Suite,397.07,1,2021-07-13 05:12:27,2021-07-13 05:12:27
RM-HTL0023-291,HTL0023,291,SUP,Superior Room,88.32,1,2021-07-03 03:49:32,2025-05-31 20:05:28
RM-HTL0023-292,HTL0023,292,SUP,Superior Room,85.03,1,2021-06-17 05:03:14,2021-06-17 05:03:14
RM-HTL0023-293,HTL0023,293,STD,Standard Room,58.59,1,2021-07-14 05:22:08,2024-09-28 08:35:53
RM-HTL0023-294,HTL0023,294,DLX,Deluxe Room,106.68,1,2021-06-20 11:34:27,2023-09-27 21:14:30
RM-HTL0023-295,HTL0023,295,STD,Standard Room,55.77,1,2021-07-04 04:33:06,2023-05-04 02:25:19
RM-HTL0023-296,HTL0023,296,SUP,Superior Room,71.04,1,2021-07-06 09:22:14,2021-07-06 09:22:14
RM-HTL0023-297,HTL0023,297,SUP,Superior Room,74.66,1,2021-07-02 19:52:14,2022-02-03 04:17:51
RM-HTL0023-298,HTL0023,298,STD,Standard Room,58.35,1,2021-06-28 01:35:56,2026-03-19 12:47:52
RM-HTL0023-299,HTL0023,299,EXE,Executive Suite,407.83,1,2021-06-21 12:22:10,2023-02-04 23:53:55
RM-HTL0023-300,HTL0023,300,SUP,Superior Room,76.61,1,2021-07-14 08:29:39,2023-01-20 06:59:11
RM-HTL0024-101,HTL0024,101,SUT,Suite Room,254.21,1,2021-11-21 04:22:20,2022-02-21 11:43:31
RM-HTL0024-102,HTL0024,102,SUP,Superior Room,87.59,1,2021-11-13 18:17:40,2023-02-22 01:38:44
RM-HTL0024-103,HTL0024,103,DLX,Deluxe Room,109.98,1,2021-11-22 17:05:36,2024-12-22 20:37:45
RM-HTL0024-104,HTL0024,104,DLX,Deluxe Room,114.88,1,2021-11-05 14:54:18,2023-03-09 19:27:19
RM-HTL0024-105,HTL0024,105,SUP,Superior Room,72.08,1,2021-10-27 06:21:35,2023-02-20 04:03:44
RM-HTL0024-106,HTL0024,106,SUT,Suite Room,256.06,1,2021-10-27 03:17:35,2021-10-27 03:17:35
RM-HTL0024-107,HTL0024,107,SUP,Superior Room,72.35,1,2021-11-17 19:05:44,2026-05-21 07:16:10
RM-HTL0024-108,HTL0024,108,SUP,Superior Room,76.12,1,2021-11-15 13:39:04,2022-08-13 22:38:55
RM-HTL0024-109,HTL0024,109,DLX,Deluxe Room,119.23,0,2021-11-01 15:28:05,2022-05-25 06:30:06
RM-HTL0024-110,HTL0024,110,SUP,Superior Room,85.67,1,2021-11-04 15:22:30,2025-10-05 06:40:06
RM-HTL0024-111,HTL0024,111,DLX,Deluxe Room,124.4,1,2021-10-30 03:36:17,2021-10-30 03:36:17
RM-HTL0024-112,HTL0024,112,EXE,Executive Suite,400.33,1,2021-11-21 09:49:10,2024-07-07 01:13:30
RM-HTL0024-113,HTL0024,113,SUP,Superior Room,70.28,1,2021-11-03 20:36:38,2021-11-03 20:36:38
RM-HTL0024-114,HTL0024,114,STD,Standard Room,63.0,1,2021-11-07 15:09:37,2022-08-24 11:03:14
RM-HTL0024-115,HTL0024,115,DLX,Deluxe Room,108.71,1,2021-10-28 01:48:49,2024-09-02 19:49:33
RM-HTL0024-116,HTL0024,116,STD,Standard Room,60.19,1,2021-11-12 04:06:46,2022-09-01 11:29:57
RM-HTL0024-117,HTL0024,117,SUP,Superior Room,70.33,1,2021-11-18 04:09:37,2023-11-02 08:18:09
RM-HTL0024-118,HTL0024,118,EXE,Executive Suite,399.84,1,2021-11-08 14:23:15,2022-10-05 16:35:29
RM-HTL0024-119,HTL0024,119,SUT,Suite Room,248.84,1,2021-10-28 21:36:43,2026-02-21 20:10:13
RM-HTL0024-120,HTL0024,120,DLX,Deluxe Room,117.4,1,2021-11-02 07:59:26,2022-07-16 04:34:56
RM-HTL0024-121,HTL0024,121,SUT,Suite Room,259.0,1,2021-11-23 09:04:14,2025-03-03 11:10:21
RM-HTL0024-122,HTL0024,122,SUP,Superior Room,89.31,1,2021-10-28 10:25:21,2021-10-28 10:25:21
RM-HTL0024-123,HTL0024,123,DLX,Deluxe Room,109.81,1,2021-11-20 16:33:08,2021-11-20 16:33:08
RM-HTL0024-124,HTL0024,124,EXE,Executive Suite,411.8,1,2021-11-26 01:59:18,2026-02-06 15:36:44
RM-HTL0024-125,HTL0024,125,DLX,Deluxe Room,118.91,1,2021-11-17 17:45:31,2022-09-12 22:11:10
RM-HTL0024-126,HTL0024,126,SUP,Superior Room,75.02,1,2021-11-03 07:42:24,2021-11-03 07:42:24
RM-HTL0024-127,HTL0024,127,SUP,Superior Room,74.1,1,2021-11-04 14:55:04,2021-11-04 14:55:04
RM-HTL0024-128,HTL0024,128,DLX,Deluxe Room,123.99,1,2021-10-31 04:55:56,2023-02-05 01:51:44
RM-HTL0024-129,HTL0024,129,STD,Standard Room,54.67,1,2021-11-06 13:54:43,2024-03-11 02:33:14
RM-HTL0024-130,HTL0024,130,SUP,Superior Room,80.9,1,2021-11-08 04:25:54,2022-05-03 23:15:02
RM-HTL0024-131,HTL0024,131,SUP,Superior Room,73.87,1,2021-11-22 13:01:04,2022-12-28 13:14:39
RM-HTL0024-132,HTL0024,132,SUT,Suite Room,247.83,1,2021-10-29 21:10:00,2024-10-20 23:15:20
RM-HTL0024-133,HTL0024,133,DLX,Deluxe Room,112.64,1,2021-11-17 13:36:31,2022-08-04 03:09:49
RM-HTL0024-134,HTL0024,134,STD,Standard Room,50.03,1,2021-11-25 18:50:38,2024-04-13 00:36:23
RM-HTL0024-135,HTL0024,135,STD,Standard Room,54.25,1,2021-11-14 20:32:55,2021-11-14 20:32:55
RM-HTL0024-136,HTL0024,136,EXE,Executive Suite,399.68,1,2021-11-09 05:32:23,2023-08-06 22:31:23
RM-HTL0024-137,HTL0024,137,DLX,Deluxe Room,116.92,1,2021-11-24 23:37:40,2025-12-02 01:23:03
RM-HTL0024-138,HTL0024,138,DLX,Deluxe Room,124.94,1,2021-11-06 21:12:01,2021-11-06 21:12:01
RM-HTL0024-139,HTL0024,139,SUT,Suite Room,245.45,1,2021-11-21 11:50:02,2024-04-10 10:42:56
RM-HTL0024-140,HTL0024,140,EXE,Executive Suite,400.38,1,2021-11-14 00:53:09,2023-03-15 22:06:13
RM-HTL0024-141,HTL0024,141,STD,Standard Room,62.41,1,2021-11-12 18:37:54,2026-02-10 05:02:17
RM-HTL0024-142,HTL0024,142,SUP,Superior Room,77.63,1,2021-11-04 08:43:05,2021-11-04 08:43:05
RM-HTL0024-143,HTL0024,143,DLX,Deluxe Room,118.1,1,2021-11-23 19:37:08,2025-06-09 02:33:52
RM-HTL0024-144,HTL0024,144,EXE,Executive Suite,401.13,1,2021-11-14 18:23:54,2025-12-22 15:54:25
RM-HTL0024-145,HTL0024,145,SUT,Suite Room,260.17,1,2021-11-17 10:18:37,2021-11-17 10:18:37
RM-HTL0024-146,HTL0024,146,DLX,Deluxe Room,112.51,1,2021-11-23 13:41:33,2024-07-05 18:04:34
RM-HTL0024-147,HTL0024,147,EXE,Executive Suite,412.59,1,2021-10-28 07:11:31,2023-06-19 02:08:57
RM-HTL0024-148,HTL0024,148,STD,Standard Room,51.28,1,2021-11-21 11:59:20,2021-11-21 11:59:20
RM-HTL0024-149,HTL0024,149,DLX,Deluxe Room,111.53,1,2021-11-22 17:31:06,2025-02-03 08:24:31
RM-HTL0024-150,HTL0024,150,SUT,Suite Room,262.18,1,2021-11-02 15:26:39,2024-07-09 07:30:22
RM-HTL0024-151,HTL0024,151,SUT,Suite Room,253.6,1,2021-11-23 16:09:00,2025-09-01 05:25:14
RM-HTL0024-152,HTL0024,152,STD,Standard Room,45.89,1,2021-11-23 16:17:00,2022-07-24 14:17:07
RM-HTL0024-153,HTL0024,153,EXE,Executive Suite,414.23,1,2021-11-14 13:01:33,2024-06-28 23:11:11
RM-HTL0024-154,HTL0024,154,STD,Standard Room,110.51,1,2021-11-01 11:22:55,2025-08-06 16:32:39
RM-HTL0024-155,HTL0024,155,DLX,Deluxe Room,121.88,1,2021-11-07 11:02:07,2021-11-07 11:02:07
RM-HTL0024-156,HTL0024,156,EXE,Executive Suite,402.25,1,2021-11-20 23:32:20,2023-05-18 20:40:37
RM-HTL0024-157,HTL0024,157,SUT,Suite Room,262.77,1,2021-10-29 12:22:13,2024-09-01 02:27:29
RM-HTL0024-158,HTL0024,158,EXE,Executive Suite,408.22,1,2021-11-10 15:13:47,2024-10-10 05:37:05
RM-HTL0024-159,HTL0024,159,STD,Standard Room,48.69,0,2021-11-12 16:04:56,2021-11-12 16:04:56
RM-HTL0024-160,HTL0024,160,SUT,Suite Room,264.48,1,2021-11-08 02:10:09,2022-07-13 10:40:03
RM-HTL0024-161,HTL0024,161,SUP,Superior Room,74.8,1,2021-11-11 08:10:49,2024-03-17 07:45:30
RM-HTL0024-162,HTL0024,162,SUP,Superior Room,73.62,1,2021-11-09 04:11:44,2022-08-01 06:02:08
RM-HTL0024-163,HTL0024,163,STD,Standard Room,63.28,1,2021-11-20 16:17:52,2025-01-24 11:55:19
RM-HTL0024-164,HTL0024,164,STD,Standard Room,54.79,1,2021-11-25 06:00:36,2022-11-11 13:50:16
RM-HTL0024-165,HTL0024,165,STD,Standard Room,56.18,1,2021-11-17 10:45:11,2023-02-16 16:39:55
RM-HTL0024-166,HTL0024,166,DLX,Deluxe Room,114.36,1,2021-11-05 20:57:24,2022-11-19 21:07:02
RM-HTL0024-167,HTL0024,167,EXE,Executive Suite,405.44,1,2021-10-27 01:05:44,2023-09-08 18:45:33
RM-HTL0024-168,HTL0024,168,EXE,Executive Suite,413.3,1,2021-11-09 05:02:38,2021-11-09 05:02:38
RM-HTL0024-169,HTL0024,169,EXE,Executive Suite,414.32,1,2021-11-02 20:36:27,2024-07-19 20:40:19
RM-HTL0024-170,HTL0024,170,DLX,Deluxe Room,111.01,1,2021-11-13 09:20:06,2022-05-29 18:34:10
RM-HTL0024-171,HTL0024,171,STD,Standard Room,56.38,0,2021-11-01 08:16:45,2023-08-26 16:35:50
RM-HTL0024-172,HTL0024,172,SUT,Suite Room,259.24,1,2021-11-01 04:20:50,2021-11-01 04:20:50
RM-HTL0024-173,HTL0024,173,SUT,Suite Room,248.01,1,2021-11-21 08:48:14,2024-09-21 11:25:33
RM-HTL0024-174,HTL0024,174,STD,Standard Room,56.78,1,2021-11-19 22:26:31,2021-11-19 22:26:31
RM-HTL0024-175,HTL0024,175,SUP,Superior Room,74.51,1,2021-11-21 08:00:33,2021-11-21 08:00:33
RM-HTL0024-176,HTL0024,176,DLX,Deluxe Room,106.34,1,2021-11-17 00:24:04,2021-11-17 00:24:04
RM-HTL0024-177,HTL0024,177,SUP,Superior Room,73.23,1,2021-11-18 00:10:01,2023-02-12 05:22:55
RM-HTL0024-178,HTL0024,178,SUP,Superior Room,79.67,1,2021-10-29 09:35:08,2024-03-03 12:48:15
RM-HTL0024-179,HTL0024,179,SUP,Superior Room,87.56,1,2021-11-22 02:55:38,2021-11-22 02:55:38
RM-HTL0024-180,HTL0024,180,EXE,Executive Suite,414.55,1,2021-11-26 01:45:31,2022-01-29 22:09:46
RM-HTL0024-181,HTL0024,181,DLX,Deluxe Room,107.52,1,2021-11-19 15:08:05,2021-11-19 15:08:05
RM-HTL0024-182,HTL0024,182,SUP,Superior Room,82.47,1,2021-11-05 14:42:50,2022-05-15 13:03:38
RM-HTL0024-183,HTL0024,183,STD,Standard Room,49.79,1,2021-10-30 19:28:42,2021-10-30 19:28:42
RM-HTL0024-184,HTL0024,184,STD,Standard Room,56.63,1,2021-11-12 13:06:38,2022-12-29 21:51:42
RM-HTL0024-185,HTL0024,185,SUT,Suite Room,245.67,1,2021-11-01 14:50:20,2026-05-25 14:51:11
RM-HTL0024-186,HTL0024,186,SUP,Superior Room,72.04,1,2021-11-23 12:40:34,2024-01-31 09:21:35
RM-HTL0024-187,HTL0024,187,DLX,Deluxe Room,114.27,1,2021-11-06 06:36:58,2022-07-10 18:49:20
RM-HTL0024-188,HTL0024,188,STD,Standard Room,63.94,1,2021-11-06 15:49:29,2022-07-08 21:02:10
RM-HTL0024-189,HTL0024,189,SUT,Suite Room,251.19,1,2021-11-26 00:43:40,2023-09-24 11:21:21
RM-HTL0024-190,HTL0024,190,STD,Standard Room,47.25,1,2021-11-11 20:35:51,2022-09-18 06:27:01
RM-HTL0024-191,HTL0024,191,STD,Standard Room,47.25,1,2021-11-26 04:03:23,2021-11-26 04:03:23
RM-HTL0024-192,HTL0024,192,EXE,Executive Suite,407.75,1,2021-11-09 12:15:52,2023-03-11 20:03:20
RM-HTL0024-193,HTL0024,193,SUP,Superior Room,81.65,1,2021-11-12 16:26:12,2026-02-01 18:16:47
RM-HTL0024-194,HTL0024,194,EXE,Executive Suite,405.0,1,2021-11-15 12:02:17,2021-11-15 12:02:17
RM-HTL0024-195,HTL0024,195,DLX,Deluxe Room,108.08,1,2021-11-24 04:32:06,2021-11-24 04:32:06
RM-HTL0024-196,HTL0024,196,SUP,Superior Room,71.52,1,2021-11-20 08:20:54,2024-09-04 08:04:10
RM-HTL0024-197,HTL0024,197,STD,Standard Room,58.34,1,2021-11-02 07:54:27,2021-12-14 08:16:23
RM-HTL0024-198,HTL0024,198,EXE,Executive Suite,402.65,1,2021-11-14 19:10:08,2021-11-14 19:10:08
RM-HTL0024-199,HTL0024,199,DLX,Deluxe Room,121.68,1,2021-11-17 17:31:58,2023-02-05 03:40:02
RM-HTL0024-200,HTL0024,200,EXE,Executive Suite,410.23,1,2021-11-19 11:45:23,2021-11-19 11:45:23
RM-HTL0024-201,HTL0024,201,SUP,Superior Room,74.35,1,2021-11-24 20:14:32,2023-07-10 07:12:56
RM-HTL0024-202,HTL0024,202,EXE,Executive Suite,395.32,1,2021-11-17 01:14:39,2021-11-17 01:14:39
RM-HTL0024-203,HTL0024,203,EXE,Executive Suite,413.73,1,2021-11-07 18:41:52,2026-01-19 05:32:05
RM-HTL0024-204,HTL0024,204,STD,Standard Room,61.43,1,2021-10-30 14:55:34,2022-01-03 11:00:13
RM-HTL0024-205,HTL0024,205,STD,Standard Room,64.86,1,2021-10-27 05:42:26,2024-05-05 22:30:10
RM-HTL0024-206,HTL0024,206,STD,Standard Room,61.53,1,2021-11-11 02:06:51,2023-08-20 16:14:40
RM-HTL0024-207,HTL0024,207,DLX,Deluxe Room,119.69,1,2021-11-14 11:44:27,2021-11-14 11:44:27
RM-HTL0024-208,HTL0024,208,DLX,Deluxe Room,118.6,1,2021-10-27 13:22:22,2024-11-29 02:40:02
RM-HTL0024-209,HTL0024,209,DLX,Deluxe Room,108.13,1,2021-11-02 11:59:34,2021-11-02 11:59:34
RM-HTL0024-210,HTL0024,210,EXE,Executive Suite,414.65,1,2021-11-08 02:37:48,2026-02-12 12:41:16
RM-HTL0024-211,HTL0024,211,EXE,Executive Suite,406.74,0,2021-11-26 12:47:22,2025-12-13 05:40:04
RM-HTL0024-212,HTL0024,212,SUT,Suite Room,261.33,1,2021-11-20 10:46:42,2021-11-20 10:46:42
RM-HTL0024-213,HTL0024,213,DLX,Deluxe Room,113.16,1,2021-11-16 10:28:20,2024-08-02 16:19:51
RM-HTL0024-214,HTL0024,214,SUP,Superior Room,78.52,1,2021-11-05 19:07:33,2024-07-03 22:36:45
RM-HTL0024-215,HTL0024,215,DLX,Deluxe Room,106.78,1,2021-10-30 04:10:58,2023-12-07 14:05:31
RM-HTL0024-216,HTL0024,216,STD,Standard Room,54.62,1,2021-11-23 22:39:36,2024-05-28 15:04:58
RM-HTL0024-217,HTL0024,217,SUP,Superior Room,73.01,1,2021-11-08 17:12:39,2022-10-18 23:08:57
RM-HTL0024-218,HTL0024,218,SUT,Suite Room,252.32,1,2021-11-16 04:52:50,2021-11-16 04:52:50
RM-HTL0024-219,HTL0024,219,EXE,Executive Suite,412.14,1,2021-11-17 08:01:57,2025-09-17 14:50:56
RM-HTL0024-220,HTL0024,220,EXE,Executive Suite,407.87,1,2021-11-03 17:48:47,2024-03-08 06:03:23
RM-HTL0025-101,HTL0025,101,DLX,Deluxe Room,114.38,1,2019-09-20 14:32:29,2021-08-07 12:47:14
RM-HTL0025-102,HTL0025,102,DLX,Deluxe Room,115.62,1,2019-10-15 04:35:19,2021-02-07 02:34:14
RM-HTL0025-103,HTL0025,103,DLX,Deluxe Room,110.43,1,2019-10-12 06:17:42,2025-10-03 05:15:35
RM-HTL0025-104,HTL0025,104,SUT,Suite Room,255.84,1,2019-10-11 03:53:40,2026-03-15 20:15:06
RM-HTL0025-105,HTL0025,105,STD,Standard Room,48.47,1,2019-10-11 13:44:25,2021-06-01 05:06:27
RM-HTL0025-106,HTL0025,106,SUP,Superior Room,84.78,1,2019-09-22 00:31:04,2020-01-15 03:34:36
RM-HTL0025-107,HTL0025,107,STD,Standard Room,52.67,1,2019-10-11 23:50:49,2019-10-11 23:50:49
RM-HTL0025-108,HTL0025,108,SUP,Superior Room,70.8,1,2019-09-29 02:44:41,2022-04-08 03:33:37
RM-HTL0025-109,HTL0025,109,SUT,Suite Room,249.42,1,2019-10-13 16:57:38,2021-08-02 15:10:21
RM-HTL0025-110,HTL0025,110,EXE,Executive Suite,411.65,1,2019-10-13 05:57:34,2022-12-22 15:59:00
RM-HTL0025-111,HTL0025,111,SUT,Suite Room,250.89,1,2019-10-03 19:22:42,2021-05-08 22:18:02
RM-HTL0025-112,HTL0025,112,SUT,Suite Room,256.19,1,2019-10-03 10:38:11,2021-08-02 23:30:14
RM-HTL0025-113,HTL0025,113,EXE,Executive Suite,405.47,1,2019-09-30 18:13:39,2023-03-21 11:59:31
RM-HTL0025-114,HTL0025,114,SUT,Suite Room,245.65,1,2019-10-15 19:58:43,2025-11-18 01:02:01
RM-HTL0025-115,HTL0025,115,EXE,Executive Suite,407.94,1,2019-09-18 21:26:54,2023-11-08 20:26:19
RM-HTL0025-116,HTL0025,116,EXE,Executive Suite,401.5,1,2019-09-20 08:20:06,2025-07-03 18:28:00
RM-HTL0025-117,HTL0025,117,DLX,Deluxe Room,112.48,1,2019-10-06 04:04:16,2024-09-05 23:33:27
RM-HTL0025-118,HTL0025,118,STD,Standard Room,48.36,1,2019-09-27 18:47:12,2020-07-28 04:36:14
RM-HTL0025-119,HTL0025,119,DLX,Deluxe Room,110.75,1,2019-09-29 15:14:22,2021-08-22 16:34:25
RM-HTL0025-120,HTL0025,120,STD,Standard Room,63.07,1,2019-10-06 05:18:38,2019-10-06 05:18:38
RM-HTL0025-121,HTL0025,121,EXE,Executive Suite,395.35,1,2019-10-04 05:37:06,2019-10-04 05:37:06
RM-HTL0025-122,HTL0025,122,DLX,Deluxe Room,105.81,1,2019-09-25 01:53:02,2025-05-13 01:31:48
RM-HTL0025-123,HTL0025,123,SUP,Superior Room,86.02,1,2019-10-10 23:09:07,2021-03-24 15:14:06
RM-HTL0025-124,HTL0025,124,STD,Standard Room,58.0,1,2019-09-29 16:42:48,2023-07-28 11:59:12
RM-HTL0025-125,HTL0025,125,SUT,Suite Room,248.24,1,2019-10-04 22:52:41,2024-06-03 13:12:23
RM-HTL0025-126,HTL0025,126,SUT,Suite Room,246.45,1,2019-10-12 14:30:17,2025-10-19 06:37:28
RM-HTL0025-127,HTL0025,127,EXE,Executive Suite,400.71,1,2019-10-07 03:58:23,2023-03-27 09:41:21
RM-HTL0025-128,HTL0025,128,SUT,Suite Room,254.7,1,2019-10-01 20:31:03,2020-07-30 08:42:00
RM-HTL0025-129,HTL0025,129,SUT,Suite Room,264.48,1,2019-09-20 19:39:59,2024-03-29 11:43:25
RM-HTL0025-130,HTL0025,130,EXE,Executive Suite,409.57,1,2019-10-01 21:23:18,2019-10-01 21:23:18
RM-HTL0025-131,HTL0025,131,SUP,Superior Room,135.7,1,2019-10-13 15:03:32,2022-03-13 04:07:39
RM-HTL0025-132,HTL0025,132,STD,Standard Room,49.84,1,2019-10-10 02:26:15,2022-10-14 22:27:11
RM-HTL0025-133,HTL0025,133,STD,Standard Room,58.6,1,2019-10-07 19:23:55,2026-04-26 22:05:16
RM-HTL0025-134,HTL0025,134,STD,Standard Room,70.05,1,2019-09-22 01:14:15,2024-04-03 20:22:35
RM-HTL0025-135,HTL0025,135,EXE,Executive Suite,412.79,1,2019-10-11 10:12:16,2024-11-12 08:49:03
RM-HTL0025-136,HTL0025,136,STD,Standard Room,60.07,1,2019-10-10 23:52:02,2020-04-25 04:53:40
RM-HTL0025-137,HTL0025,137,EXE,Executive Suite,410.76,1,2019-09-21 01:46:53,2023-09-09 16:35:13
RM-HTL0025-138,HTL0025,138,SUP,Superior Room,77.17,1,2019-10-07 02:14:55,2021-09-09 06:57:45
RM-HTL0025-139,HTL0025,139,SUP,Superior Room,81.18,1,2019-09-24 20:20:51,2020-03-28 18:24:16
RM-HTL0025-140,HTL0025,140,SUT,Suite Room,246.57,1,2019-10-14 12:53:53,2026-03-10 07:37:02
RM-HTL0025-141,HTL0025,141,SUP,Superior Room,89.46,1,2019-10-02 10:41:28,2023-03-17 22:05:50
RM-HTL0025-142,HTL0025,142,STD,Standard Room,46.05,1,2019-09-20 14:59:54,2026-03-31 14:00:03
RM-HTL0025-143,HTL0025,143,STD,Standard Room,49.49,1,2019-10-12 23:49:00,2024-03-24 10:16:31
RM-HTL0025-144,HTL0025,144,SUT,Suite Room,248.53,1,2019-10-03 10:05:21,2021-01-02 15:31:00
RM-HTL0025-145,HTL0025,145,DLX,Deluxe Room,124.29,1,2019-09-18 20:10:26,2019-09-18 20:10:26
RM-HTL0025-146,HTL0025,146,SUP,Superior Room,88.64,1,2019-09-30 17:50:32,2020-02-18 21:37:44
RM-HTL0025-147,HTL0025,147,EXE,Executive Suite,402.25,1,2019-10-02 14:25:16,2019-12-04 07:06:23
RM-HTL0025-148,HTL0025,148,SUP,Superior Room,76.0,1,2019-09-26 12:34:17,2023-09-12 22:45:58
RM-HTL0025-149,HTL0025,149,EXE,Executive Suite,411.66,1,2019-10-04 18:27:13,2024-08-08 11:33:49
RM-HTL0025-150,HTL0025,150,SUT,Suite Room,247.99,1,2019-09-26 00:27:28,2022-10-22 02:16:31
RM-HTL0025-151,HTL0025,151,DLX,Deluxe Room,119.78,1,2019-09-24 00:34:27,2025-07-08 16:19:10
RM-HTL0025-152,HTL0025,152,STD,Standard Room,45.39,1,2019-10-16 11:29:15,2024-06-06 01:21:39
RM-HTL0025-153,HTL0025,153,EXE,Executive Suite,395.77,1,2019-09-18 15:57:20,2024-10-25 08:32:37
RM-HTL0025-154,HTL0025,154,SUT,Suite Room,298.05,1,2019-10-12 12:12:53,2023-01-31 21:06:16
RM-HTL0025-155,HTL0025,155,DLX,Deluxe Room,106.56,0,2019-09-26 15:07:33,2019-09-26 15:07:33
RM-HTL0025-156,HTL0025,156,SUP,Superior Room,88.62,1,2019-09-29 08:37:03,2024-07-04 19:18:57
RM-HTL0025-157,HTL0025,157,SUT,Suite Room,261.16,1,2019-10-13 16:43:13,2020-05-31 02:13:41
RM-HTL0025-158,HTL0025,158,SUP,Superior Room,88.96,1,2019-10-08 20:21:01,2023-04-04 11:56:21
RM-HTL0025-159,HTL0025,159,SUT,Suite Room,264.73,1,2019-09-18 18:03:11,2019-09-18 18:03:11
RM-HTL0025-160,HTL0025,160,SUP,Superior Room,87.05,1,2019-10-10 21:49:22,2019-10-10 21:49:22
RM-HTL0025-161,HTL0025,161,STD,Standard Room,51.26,1,2019-10-09 15:50:24,2025-10-23 03:13:06
RM-HTL0025-162,HTL0025,162,DLX,Deluxe Room,119.86,1,2019-09-27 06:33:35,2022-01-04 01:11:16
RM-HTL0025-163,HTL0025,163,STD,Standard Room,54.88,1,2019-10-09 12:13:40,2021-11-25 16:43:06
RM-HTL0025-164,HTL0025,164,DLX,Deluxe Room,118.82,1,2019-09-23 17:26:26,2022-01-23 09:43:44
RM-HTL0025-165,HTL0025,165,STD,Standard Room,57.14,1,2019-09-29 04:20:07,2020-03-13 20:25:34
RM-HTL0025-166,HTL0025,166,SUT,Suite Room,264.71,1,2019-10-14 12:21:39,2019-10-14 12:21:39
RM-HTL0025-167,HTL0025,167,DLX,Deluxe Room,105.63,1,2019-10-09 22:16:03,2020-09-08 14:48:40
RM-HTL0025-168,HTL0025,168,STD,Standard Room,64.49,1,2019-10-03 13:36:39,2023-11-29 13:20:21
RM-HTL0025-169,HTL0025,169,STD,Standard Room,47.36,1,2019-10-13 00:20:34,2025-06-22 16:12:30
RM-HTL0025-170,HTL0025,170,SUT,Suite Room,252.08,1,2019-10-16 16:51:38,2021-09-22 23:08:03
RM-HTL0025-171,HTL0025,171,SUT,Suite Room,254.23,1,2019-09-21 02:01:55,2019-09-21 02:01:55
RM-HTL0025-172,HTL0025,172,SUP,Superior Room,74.68,1,2019-09-24 08:32:56,2023-09-22 17:32:59
RM-HTL0025-173,HTL0025,173,SUP,Superior Room,73.7,1,2019-10-03 01:07:16,2019-10-03 01:07:16
RM-HTL0025-174,HTL0025,174,EXE,Executive Suite,396.25,1,2019-10-11 22:21:17,2019-10-11 22:21:17
RM-HTL0025-175,HTL0025,175,STD,Standard Room,61.21,1,2019-09-25 12:17:15,2019-09-25 12:17:15
RM-HTL0025-176,HTL0025,176,SUP,Superior Room,73.72,1,2019-10-08 09:23:53,2020-10-06 10:18:49
RM-HTL0025-177,HTL0025,177,STD,Standard Room,47.72,1,2019-10-12 08:46:24,2019-10-12 08:46:24
RM-HTL0025-178,HTL0025,178,SUP,Superior Room,84.3,1,2019-10-14 10:09:43,2025-04-11 21:56:17
RM-HTL0025-179,HTL0025,179,SUP,Superior Room,79.02,1,2019-10-14 15:20:41,2024-06-14 18:43:55
RM-HTL0025-180,HTL0025,180,SUT,Suite Room,264.65,1,2019-10-12 09:53:52,2022-05-27 23:23:06
RM-HTL0025-181,HTL0025,181,SUP,Superior Room,81.48,1,2019-10-10 22:17:42,2022-09-17 04:21:54
RM-HTL0025-182,HTL0025,182,STD,Standard Room,58.63,1,2019-10-06 09:57:24,2019-10-06 09:57:24
RM-HTL0025-183,HTL0025,183,SUP,Superior Room,87.22,1,2019-09-22 12:26:29,2025-07-07 14:41:29
RM-HTL0025-184,HTL0025,184,SUP,Superior Room,75.37,1,2019-10-12 18:44:45,2025-05-09 17:55:40
RM-HTL0025-185,HTL0025,185,EXE,Executive Suite,413.48,1,2019-09-25 04:34:18,2019-09-25 04:34:18
RM-HTL0025-186,HTL0025,186,DLX,Deluxe Room,114.11,1,2019-10-16 01:06:46,2021-10-08 07:15:06
RM-HTL0025-187,HTL0025,187,SUP,Superior Room,85.42,1,2019-10-07 20:27:00,2023-05-15 08:05:09
RM-HTL0025-188,HTL0025,188,STD,Standard Room,60.89,1,2019-10-16 04:51:56,2019-10-16 04:51:56
RM-HTL0025-189,HTL0025,189,STD,Standard Room,60.74,1,2019-09-18 14:20:42,2019-09-18 14:20:42
RM-HTL0025-190,HTL0025,190,DLX,Deluxe Room,115.75,1,2019-10-04 05:51:40,2025-07-16 09:10:23
RM-HTL0025-191,HTL0025,191,STD,Standard Room,51.75,1,2019-10-05 12:58:50,2019-10-05 12:58:50
RM-HTL0025-192,HTL0025,192,SUP,Superior Room,88.42,1,2019-09-27 00:21:50,2025-10-25 22:06:58
RM-HTL0025-193,HTL0025,193,SUT,Suite Room,249.86,1,2019-10-06 10:02:47,2019-10-06 10:02:47
RM-HTL0025-194,HTL0025,194,STD,Standard Room,57.29,1,2019-09-29 23:42:18,2025-10-27 20:10:57
RM-HTL0025-195,HTL0025,195,SUP,Superior Room,85.55,1,2019-09-19 08:53:38,2019-09-19 08:53:38
RM-HTL0025-196,HTL0025,196,EXE,Executive Suite,407.12,1,2019-09-26 15:29:37,2022-03-30 16:46:16
RM-HTL0025-197,HTL0025,197,SUP,Superior Room,81.48,1,2019-10-08 09:25:44,2019-10-08 09:25:44
RM-HTL0025-198,HTL0025,198,SUP,Superior Room,83.24,1,2019-10-01 18:25:07,2023-12-29 21:59:48
RM-HTL0025-199,HTL0025,199,SUT,Suite Room,250.69,1,2019-10-16 20:42:33,2021-08-12 01:49:18
RM-HTL0025-200,HTL0025,200,STD,Standard Room,58.95,1,2019-09-25 16:50:35,2019-09-25 16:50:35
RM-HTL0025-201,HTL0025,201,STD,Standard Room,56.35,1,2019-10-01 15:56:39,2024-07-31 03:24:11
RM-HTL0025-202,HTL0025,202,SUP,Superior Room,77.41,1,2019-10-02 07:21:54,2024-06-10 07:10:48
RM-HTL0025-203,HTL0025,203,SUT,Suite Room,257.67,1,2019-10-03 13:02:53,2021-04-01 16:35:23
RM-HTL0025-204,HTL0025,204,SUP,Superior Room,85.96,1,2019-09-20 08:50:17,2020-11-19 04:26:01
RM-HTL0025-205,HTL0025,205,DLX,Deluxe Room,121.35,1,2019-10-01 00:34:57,2020-01-01 15:51:20
RM-HTL0025-206,HTL0025,206,STD,Standard Room,61.71,1,2019-10-05 00:23:05,2019-10-05 00:23:05
RM-HTL0025-207,HTL0025,207,SUT,Suite Room,258.59,1,2019-09-24 16:28:47,2026-01-05 00:42:26
RM-HTL0025-208,HTL0025,208,STD,Standard Room,45.36,1,2019-09-25 11:50:47,2021-09-01 18:09:24
RM-HTL0025-209,HTL0025,209,SUP,Superior Room,87.15,1,2019-09-29 13:29:45,2020-08-02 06:12:58
RM-HTL0025-210,HTL0025,210,STD,Standard Room,53.74,1,2019-10-06 11:34:45,2020-12-02 10:49:17
RM-HTL0025-211,HTL0025,211,STD,Standard Room,57.6,1,2019-09-22 21:07:18,2023-09-20 01:10:15
RM-HTL0025-212,HTL0025,212,SUP,Superior Room,72.58,1,2019-10-15 02:53:26,2020-10-11 05:57:40
RM-HTL0025-213,HTL0025,213,EXE,Executive Suite,403.93,1,2019-10-09 09:34:57,2024-08-16 01:21:36
RM-HTL0025-214,HTL0025,214,SUT,Suite Room,252.29,1,2019-10-03 06:25:33,2020-12-31 16:04:39
RM-HTL0025-215,HTL0025,215,SUP,Superior Room,80.04,1,2019-10-17 01:31:13,2022-07-11 05:43:10
RM-HTL0025-216,HTL0025,216,SUP,Superior Room,86.95,1,2019-10-12 19:24:19,2021-07-10 00:57:23
RM-HTL0025-217,HTL0025,217,EXE,Executive Suite,397.69,1,2019-10-09 21:09:31,2021-08-12 07:57:55
RM-HTL0025-218,HTL0025,218,DLX,Deluxe Room,108.21,1,2019-10-15 13:01:11,2020-04-14 20:29:21
RM-HTL0025-219,HTL0025,219,EXE,Executive Suite,404.26,1,2019-10-08 03:23:26,2021-06-22 13:38:39
RM-HTL0025-220,HTL0025,220,DLX,Deluxe Room,112.02,1,2019-09-29 20:01:45,2023-03-06 02:18:28
RM-HTL0026-101,HTL0026,101,EXE,Executive Suite,405.03,1,2022-06-25 15:46:37,2025-04-06 04:33:05
RM-HTL0026-102,HTL0026,102,STD,Standard Room,45.22,1,2022-06-30 11:49:42,2022-06-30 11:49:42
RM-HTL0026-103,HTL0026,103,EXE,Executive Suite,398.28,1,2022-06-06 15:37:04,2022-11-09 02:40:11
RM-HTL0026-104,HTL0026,104,SUP,Superior Room,81.15,1,2022-06-12 22:46:54,2023-05-09 15:23:32
RM-HTL0026-105,HTL0026,105,SUT,Suite Room,248.51,1,2022-07-04 06:25:04,2024-10-13 18:58:16
RM-HTL0026-106,HTL0026,106,SUP,Superior Room,79.43,1,2022-06-26 04:27:55,2023-07-28 16:56:32
RM-HTL0026-107,HTL0026,107,SUP,Superior Room,82.47,1,2022-06-06 15:34:20,2023-07-02 17:30:18
RM-HTL0026-108,HTL0026,108,SUP,Superior Room,75.1,1,2022-06-09 15:23:21,2023-06-04 10:59:08
RM-HTL0026-109,HTL0026,109,SUP,Superior Room,84.17,1,2022-06-21 15:40:27,2023-05-01 15:46:15
RM-HTL0026-110,HTL0026,110,SUP,Superior Room,79.2,1,2022-06-14 16:00:16,2023-04-25 10:28:50
RM-HTL0026-111,HTL0026,111,SUP,Superior Room,74.38,1,2022-07-02 08:31:17,2022-07-02 08:31:17
RM-HTL0026-112,HTL0026,112,STD,Standard Room,62.52,1,2022-07-01 07:14:19,2023-02-03 19:49:40
RM-HTL0026-113,HTL0026,113,SUP,Superior Room,73.36,1,2022-06-23 05:17:48,2022-10-20 14:35:51
RM-HTL0026-114,HTL0026,114,SUT,Suite Room,253.29,1,2022-06-29 10:18:21,2025-02-27 08:52:29
RM-HTL0026-115,HTL0026,115,SUP,Superior Room,86.9,1,2022-07-01 08:17:56,2025-06-27 14:01:44
RM-HTL0026-116,HTL0026,116,SUP,Superior Room,80.48,1,2022-06-23 00:20:48,2023-12-27 20:12:15
RM-HTL0026-117,HTL0026,117,EXE,Executive Suite,404.82,1,2022-06-30 13:37:48,2025-11-20 01:23:12
RM-HTL0026-118,HTL0026,118,EXE,Executive Suite,398.12,1,2022-07-01 13:34:55,2022-07-01 13:34:55
RM-HTL0026-119,HTL0026,119,STD,Standard Room,61.32,1,2022-06-09 08:37:07,2022-12-08 22:00:55
RM-HTL0026-120,HTL0026,120,EXE,Executive Suite,412.87,1,2022-06-10 06:11:06,2022-06-10 06:11:06
RM-HTL0026-121,HTL0026,121,SUT,Suite Room,245.33,1,2022-06-13 21:17:55,2025-06-18 18:21:02
RM-HTL0026-122,HTL0026,122,EXE,Executive Suite,405.72,1,2022-06-17 18:42:14,2023-12-10 19:44:41
RM-HTL0026-123,HTL0026,123,STD,Standard Room,46.02,1,2022-06-25 21:00:39,2022-06-25 21:00:39
RM-HTL0026-124,HTL0026,124,SUT,Suite Room,259.76,1,2022-06-16 07:04:40,2024-03-16 23:21:34
RM-HTL0026-125,HTL0026,125,SUT,Suite Room,256.76,1,2022-06-26 02:55:46,2024-10-25 02:09:24
RM-HTL0026-126,HTL0026,126,SUT,Suite Room,263.59,1,2022-06-06 06:10:04,2022-06-06 06:10:04
RM-HTL0026-127,HTL0026,127,EXE,Executive Suite,408.01,1,2022-07-03 03:13:15,2022-07-03 03:13:15
RM-HTL0026-128,HTL0026,128,DLX,Deluxe Room,110.22,1,2022-07-05 23:46:15,2022-09-11 09:07:10
RM-HTL0026-129,HTL0026,129,EXE,Executive Suite,397.65,1,2022-06-24 10:27:25,2024-01-16 01:37:52
RM-HTL0026-130,HTL0026,130,DLX,Deluxe Room,117.72,1,2022-07-01 05:20:38,2026-04-27 15:46:53
RM-HTL0026-131,HTL0026,131,SUP,Superior Room,80.76,1,2022-06-24 20:36:08,2022-08-17 00:21:02
RM-HTL0026-132,HTL0026,132,SUT,Suite Room,248.83,1,2022-06-12 12:12:36,2023-05-04 18:02:00
RM-HTL0026-133,HTL0026,133,DLX,Deluxe Room,119.23,1,2022-06-13 16:31:10,2022-06-13 16:31:10
RM-HTL0026-134,HTL0026,134,STD,Standard Room,52.61,1,2022-06-08 00:02:43,2024-11-25 15:00:17
RM-HTL0026-135,HTL0026,135,STD,Standard Room,52.0,1,2022-07-05 08:58:25,2022-07-05 08:58:25
RM-HTL0026-136,HTL0026,136,STD,Standard Room,57.47,1,2022-07-03 10:31:00,2024-01-07 18:38:40
RM-HTL0026-137,HTL0026,137,SUP,Superior Room,78.83,1,2022-07-01 05:22:32,2022-07-01 05:22:32
RM-HTL0026-138,HTL0026,138,EXE,Executive Suite,405.5,1,2022-06-29 10:14:15,2022-06-29 10:14:15
RM-HTL0026-139,HTL0026,139,SUT,Suite Room,254.16,1,2022-06-28 03:56:26,2023-11-09 04:49:05
RM-HTL0026-140,HTL0026,140,DLX,Deluxe Room,110.77,0,2022-06-12 13:08:34,2022-06-12 13:08:34
RM-HTL0026-141,HTL0026,141,SUP,Superior Room,82.54,1,2022-06-19 12:44:45,2025-05-16 09:58:48
RM-HTL0026-142,HTL0026,142,DLX,Deluxe Room,111.92,1,2022-06-05 20:40:05,2023-03-24 16:31:14
RM-HTL0026-143,HTL0026,143,STD,Standard Room,62.87,1,2022-06-05 06:47:43,2023-01-05 09:58:31
RM-HTL0026-144,HTL0026,144,STD,Standard Room,49.25,1,2022-06-11 01:17:40,2025-06-07 00:39:31
RM-HTL0026-145,HTL0026,145,SUP,Superior Room,71.28,1,2022-07-03 00:10:28,2022-07-03 00:10:28
RM-HTL0026-146,HTL0026,146,EXE,Executive Suite,403.94,1,2022-06-18 13:12:17,2022-06-18 13:12:17
RM-HTL0026-147,HTL0026,147,STD,Standard Room,52.37,1,2022-06-14 09:21:22,2025-11-22 14:03:41
RM-HTL0026-148,HTL0026,148,SUT,Suite Room,260.83,1,2022-07-01 05:47:44,2022-07-01 05:47:44
RM-HTL0026-149,HTL0026,149,STD,Standard Room,58.32,1,2022-06-26 15:49:27,2022-06-26 15:49:27
RM-HTL0026-150,HTL0026,150,SUT,Suite Room,257.47,1,2022-06-13 11:55:22,2022-07-23 12:21:12
RM-HTL0026-151,HTL0026,151,EXE,Executive Suite,400.97,1,2022-06-19 20:31:51,2022-06-19 20:31:51
RM-HTL0026-152,HTL0026,152,STD,Standard Room,57.95,1,2022-06-11 13:32:18,2026-01-15 16:57:37
RM-HTL0026-153,HTL0026,153,SUP,Superior Room,89.33,1,2022-06-30 22:12:53,2022-12-06 06:12:30
RM-HTL0026-154,HTL0026,154,EXE,Executive Suite,411.3,0,2022-06-07 07:17:05,2025-08-02 16:35:20
RM-HTL0026-155,HTL0026,155,STD,Standard Room,51.25,1,2022-07-02 17:27:33,2023-08-06 20:06:57
RM-HTL0026-156,HTL0026,156,EXE,Executive Suite,396.16,1,2022-06-15 13:30:47,2023-06-10 16:46:30
RM-HTL0026-157,HTL0026,157,SUT,Suite Room,250.8,1,2022-07-01 13:31:28,2022-07-01 13:31:28
RM-HTL0026-158,HTL0026,158,EXE,Executive Suite,403.17,1,2022-06-26 09:59:15,2024-07-05 02:43:34
RM-HTL0026-159,HTL0026,159,SUP,Superior Room,73.39,1,2022-06-27 21:42:38,2022-06-27 21:42:38
RM-HTL0026-160,HTL0026,160,DLX,Deluxe Room,113.16,1,2022-06-09 22:00:29,2023-06-28 00:16:39
RM-HTL0026-161,HTL0026,161,EXE,Executive Suite,395.54,1,2022-06-15 20:36:42,2022-06-15 20:36:42
RM-HTL0026-162,HTL0026,162,SUP,Superior Room,88.6,1,2022-06-26 14:49:04,2022-06-26 14:49:04
RM-HTL0026-163,HTL0026,163,EXE,Executive Suite,427.58,1,2022-06-28 01:54:43,2022-10-05 21:29:31
RM-HTL0026-164,HTL0026,164,SUT,Suite Room,257.1,1,2022-06-28 02:11:53,2022-06-28 02:11:53
RM-HTL0026-165,HTL0026,165,DLX,Deluxe Room,114.6,1,2022-06-17 02:43:36,2023-09-08 04:11:57
RM-HTL0026-166,HTL0026,166,DLX,Deluxe Room,119.89,1,2022-06-11 18:28:47,2022-06-11 18:28:47
RM-HTL0026-167,HTL0026,167,DLX,Deluxe Room,116.55,1,2022-06-24 19:09:15,2023-07-12 13:44:05
RM-HTL0026-168,HTL0026,168,SUP,Superior Room,74.17,1,2022-07-02 08:33:35,2022-10-21 11:52:24
RM-HTL0026-169,HTL0026,169,STD,Standard Room,61.21,1,2022-06-05 17:37:50,2023-04-03 02:20:09
RM-HTL0026-170,HTL0026,170,SUT,Suite Room,246.68,1,2022-06-24 08:15:39,2022-07-17 04:42:20
RM-HTL0026-171,HTL0026,171,DLX,Deluxe Room,110.11,1,2022-06-07 05:41:38,2024-04-22 03:11:56
RM-HTL0026-172,HTL0026,172,STD,Standard Room,57.33,1,2022-06-24 14:01:35,2022-06-24 14:01:35
RM-HTL0026-173,HTL0026,173,STD,Standard Room,60.92,0,2022-06-13 18:07:56,2022-07-15 09:57:38
RM-HTL0026-174,HTL0026,174,EXE,Executive Suite,400.45,1,2022-06-05 00:00:00,2022-06-05 00:00:00
RM-HTL0026-175,HTL0026,175,SUP,Superior Room,78.62,1,2022-07-03 10:10:23,2022-07-03 10:10:23
RM-HTL0026-176,HTL0026,176,SUP,Superior Room,75.25,1,2022-06-18 08:31:23,2023-11-17 15:04:15
RM-HTL0026-177,HTL0026,177,DLX,Deluxe Room,111.73,1,2022-06-13 03:01:48,2023-11-05 03:25:35
RM-HTL0026-178,HTL0026,178,SUP,Superior Room,89.49,1,2022-06-09 08:23:48,2023-10-27 01:33:36
RM-HTL0026-179,HTL0026,179,DLX,Deluxe Room,123.79,1,2022-06-08 19:34:04,2025-11-15 18:30:31
RM-HTL0026-180,HTL0026,180,SUT,Suite Room,261.3,1,2022-06-11 23:09:55,2022-10-29 16:39:12
RM-HTL0026-181,HTL0026,181,EXE,Executive Suite,407.8,1,2022-06-20 01:36:19,2022-06-20 01:36:19
RM-HTL0026-182,HTL0026,182,SUP,Superior Room,75.56,1,2022-06-13 23:07:51,2022-06-13 23:07:51
RM-HTL0026-183,HTL0026,183,DLX,Deluxe Room,107.62,1,2022-07-05 12:17:02,2022-07-05 12:17:02
RM-HTL0026-184,HTL0026,184,SUP,Superior Room,70.42,1,2022-06-24 00:22:48,2022-06-24 00:22:48
RM-HTL0026-185,HTL0026,185,SUP,Superior Room,72.09,1,2022-06-22 22:05:52,2022-06-22 22:05:52
RM-HTL0026-186,HTL0026,186,EXE,Executive Suite,395.7,1,2022-06-12 19:49:26,2022-06-12 19:49:26
RM-HTL0026-187,HTL0026,187,DLX,Deluxe Room,120.1,1,2022-06-30 18:59:56,2025-06-04 10:48:06
RM-HTL0026-188,HTL0026,188,SUP,Superior Room,83.8,1,2022-06-29 10:06:32,2024-08-28 10:51:23
RM-HTL0026-189,HTL0026,189,SUP,Superior Room,80.29,1,2022-06-17 16:54:29,2024-07-07 14:39:57
RM-HTL0026-190,HTL0026,190,DLX,Deluxe Room,106.93,1,2022-06-24 13:32:07,2025-03-19 05:40:02
RM-HTL0026-191,HTL0026,191,STD,Standard Room,56.45,1,2022-06-09 19:47:22,2023-11-06 10:48:40
RM-HTL0026-192,HTL0026,192,DLX,Deluxe Room,116.2,1,2022-06-25 12:42:16,2026-01-28 08:23:41
RM-HTL0026-193,HTL0026,193,STD,Standard Room,58.54,1,2022-06-07 06:28:48,2026-03-29 11:15:11
RM-HTL0026-194,HTL0026,194,DLX,Deluxe Room,108.72,1,2022-06-22 09:49:45,2025-10-02 06:56:40
RM-HTL0026-195,HTL0026,195,DLX,Deluxe Room,124.22,1,2022-06-16 11:15:05,2025-01-16 22:05:17
RM-HTL0026-196,HTL0026,196,DLX,Deluxe Room,118.04,1,2022-06-09 13:51:46,2022-06-09 13:51:46
RM-HTL0026-197,HTL0026,197,DLX,Deluxe Room,108.23,1,2022-06-05 12:57:59,2025-06-02 15:52:55
RM-HTL0026-198,HTL0026,198,EXE,Executive Suite,399.63,1,2022-06-16 06:37:50,2023-11-28 02:34:49
RM-HTL0026-199,HTL0026,199,DLX,Deluxe Room,116.71,1,2022-06-12 17:38:13,2023-01-04 23:18:27
RM-HTL0026-200,HTL0026,200,STD,Standard Room,52.86,1,2022-06-11 19:27:48,2025-09-04 18:07:51
RM-HTL0026-201,HTL0026,201,DLX,Deluxe Room,112.49,1,2022-07-05 11:24:11,2022-07-05 11:24:11
RM-HTL0026-202,HTL0026,202,STD,Standard Room,58.07,1,2022-06-21 08:12:35,2022-06-21 08:12:35
RM-HTL0026-203,HTL0026,203,DLX,Deluxe Room,113.67,1,2022-06-24 15:36:31,2025-07-07 23:49:14
RM-HTL0026-204,HTL0026,204,SUT,Suite Room,264.92,1,2022-07-02 03:08:16,2022-07-02 03:08:16
RM-HTL0026-205,HTL0026,205,EXE,Executive Suite,403.7,1,2022-06-30 20:57:02,2024-09-02 01:35:25
RM-HTL0026-206,HTL0026,206,STD,Standard Room,63.43,1,2022-06-29 23:41:19,2023-05-01 00:31:05
RM-HTL0026-207,HTL0026,207,STD,Standard Room,47.1,1,2022-06-14 12:03:18,2022-08-17 09:15:54
RM-HTL0026-208,HTL0026,208,STD,Standard Room,57.01,1,2022-06-28 12:41:31,2022-06-28 12:41:31
RM-HTL0026-209,HTL0026,209,EXE,Executive Suite,407.9,1,2022-06-19 10:06:09,2023-06-16 08:21:22
RM-HTL0026-210,HTL0026,210,SUP,Superior Room,72.43,0,2022-06-23 13:56:56,2025-03-07 03:38:20
RM-HTL0026-211,HTL0026,211,STD,Standard Room,49.4,1,2022-07-02 19:23:27,2024-02-27 22:51:49
RM-HTL0026-212,HTL0026,212,STD,Standard Room,57.75,1,2022-06-09 23:51:23,2024-01-18 13:26:13
RM-HTL0026-213,HTL0026,213,STD,Standard Room,63.17,1,2022-06-28 00:56:25,2022-06-28 00:56:25
RM-HTL0026-214,HTL0026,214,SUT,Suite Room,252.74,1,2022-07-02 20:22:39,2023-03-18 11:49:39
RM-HTL0026-215,HTL0026,215,STD,Standard Room,46.18,1,2022-06-28 00:17:15,2022-06-28 00:17:15
RM-HTL0026-216,HTL0026,216,EXE,Executive Suite,413.78,1,2022-06-27 15:21:27,2025-08-05 02:31:59
RM-HTL0026-217,HTL0026,217,STD,Standard Room,46.77,1,2022-06-17 16:31:09,2025-02-23 12:21:40
RM-HTL0026-218,HTL0026,218,DLX,Deluxe Room,120.81,1,2022-06-28 10:55:05,2024-01-12 11:41:04
RM-HTL0026-219,HTL0026,219,SUT,Suite Room,253.25,1,2022-07-04 06:39:34,2026-04-13 19:05:49
RM-HTL0026-220,HTL0026,220,STD,Standard Room,50.07,1,2022-06-21 11:59:16,2025-06-07 05:42:04
RM-HTL0026-221,HTL0026,221,DLX,Deluxe Room,121.41,1,2022-06-29 10:09:49,2022-10-01 10:05:48
RM-HTL0026-222,HTL0026,222,SUT,Suite Room,260.42,1,2022-06-06 23:52:00,2023-02-01 07:09:05
RM-HTL0026-223,HTL0026,223,SUT,Suite Room,258.87,1,2022-06-24 09:24:47,2022-07-12 10:21:06
RM-HTL0026-224,HTL0026,224,DLX,Deluxe Room,113.19,1,2022-06-29 09:10:47,2024-05-11 22:31:27
RM-HTL0026-225,HTL0026,225,EXE,Executive Suite,409.71,1,2022-06-17 02:46:00,2022-11-05 09:23:19
RM-HTL0026-226,HTL0026,226,SUP,Superior Room,89.38,1,2022-06-12 14:20:54,2025-01-14 19:12:02
RM-HTL0026-227,HTL0026,227,EXE,Executive Suite,414.65,1,2022-06-11 06:48:01,2024-06-29 03:10:36
RM-HTL0026-228,HTL0026,228,SUT,Suite Room,248.64,1,2022-06-22 15:34:17,2022-06-22 15:34:17
RM-HTL0026-229,HTL0026,229,EXE,Executive Suite,411.18,1,2022-06-09 03:53:17,2023-08-03 16:01:35
RM-HTL0026-230,HTL0026,230,EXE,Executive Suite,406.44,1,2022-06-21 04:13:24,2026-01-17 05:43:18
RM-HTL0026-231,HTL0026,231,DLX,Deluxe Room,122.33,1,2022-07-05 00:20:31,2022-12-23 07:53:54
RM-HTL0026-232,HTL0026,232,SUT,Suite Room,253.28,1,2022-06-20 01:13:15,2025-02-20 10:04:08
RM-HTL0026-233,HTL0026,233,EXE,Executive Suite,409.16,1,2022-06-15 16:12:28,2022-06-15 16:12:28
RM-HTL0026-234,HTL0026,234,DLX,Deluxe Room,111.74,1,2022-06-05 10:20:23,2026-03-28 18:59:30
RM-HTL0026-235,HTL0026,235,EXE,Executive Suite,396.18,1,2022-06-08 22:56:17,2022-07-21 20:12:34
RM-HTL0026-236,HTL0026,236,SUP,Superior Room,77.13,1,2022-06-06 17:32:27,2023-01-30 02:38:03
RM-HTL0026-237,HTL0026,237,DLX,Deluxe Room,120.15,1,2022-06-22 23:14:08,2022-08-02 07:09:33
RM-HTL0026-238,HTL0026,238,DLX,Deluxe Room,106.9,1,2022-06-26 16:42:19,2024-07-13 11:50:59
RM-HTL0026-239,HTL0026,239,SUT,Suite Room,258.99,1,2022-06-11 16:41:52,2024-11-28 21:14:47
RM-HTL0026-240,HTL0026,240,STD,Standard Room,53.39,1,2022-06-26 21:36:22,2024-11-01 19:38:16
RM-HTL0026-241,HTL0026,241,SUT,Suite Room,248.64,1,2022-06-20 12:27:20,2025-11-01 07:09:05
RM-HTL0026-242,HTL0026,242,STD,Standard Room,64.02,1,2022-06-24 12:53:33,2022-08-06 21:59:16
RM-HTL0026-243,HTL0026,243,SUT,Suite Room,248.7,1,2022-06-15 05:38:31,2023-08-04 04:22:03
RM-HTL0026-244,HTL0026,244,DLX,Deluxe Room,120.92,1,2022-06-15 16:21:08,2025-12-24 17:13:14
RM-HTL0026-245,HTL0026,245,SUP,Superior Room,82.7,1,2022-06-11 02:41:10,2022-06-11 02:41:10
RM-HTL0026-246,HTL0026,246,EXE,Executive Suite,411.14,1,2022-06-12 15:54:49,2025-01-21 19:47:47
RM-HTL0026-247,HTL0026,247,SUT,Suite Room,247.41,1,2022-06-28 06:57:39,2025-04-28 01:56:57
RM-HTL0026-248,HTL0026,248,EXE,Executive Suite,413.23,1,2022-07-01 01:25:10,2025-09-18 23:40:40
RM-HTL0026-249,HTL0026,249,DLX,Deluxe Room,115.67,1,2022-07-02 12:12:23,2022-11-30 19:41:01
RM-HTL0026-250,HTL0026,250,EXE,Executive Suite,406.02,1,2022-06-23 05:34:41,2022-06-23 05:34:41
RM-HTL0026-251,HTL0026,251,SUT,Suite Room,257.49,1,2022-06-19 04:29:44,2022-07-03 02:34:49
RM-HTL0026-252,HTL0026,252,DLX,Deluxe Room,117.52,1,2022-06-19 13:39:25,2023-05-02 18:04:24
RM-HTL0026-253,HTL0026,253,SUP,Superior Room,72.25,1,2022-06-29 07:35:41,2022-06-29 07:35:41
RM-HTL0026-254,HTL0026,254,DLX,Deluxe Room,122.0,1,2022-06-22 18:36:08,2022-07-02 22:22:24
RM-HTL0026-255,HTL0026,255,SUT,Suite Room,254.97,1,2022-06-28 08:19:29,2022-06-28 08:19:29
RM-HTL0026-256,HTL0026,256,DLX,Deluxe Room,119.83,1,2022-06-19 20:25:08,2022-10-21 15:53:28
RM-HTL0026-257,HTL0026,257,SUT,Suite Room,251.05,1,2022-07-02 04:43:50,2025-06-15 11:33:25
RM-HTL0026-258,HTL0026,258,STD,Standard Room,54.89,1,2022-06-20 20:21:30,2025-10-25 14:04:46
RM-HTL0026-259,HTL0026,259,SUP,Superior Room,82.31,1,2022-06-11 05:21:42,2023-06-07 15:05:06
RM-HTL0026-260,HTL0026,260,SUT,Suite Room,259.39,1,2022-06-19 15:54:41,2026-04-19 21:31:44
RM-HTL0026-261,HTL0026,261,SUT,Suite Room,264.19,0,2022-06-15 07:18:51,2025-11-01 10:46:45
RM-HTL0026-262,HTL0026,262,SUP,Superior Room,78.82,1,2022-07-05 11:11:54,2022-07-05 11:11:54
RM-HTL0026-263,HTL0026,263,EXE,Executive Suite,407.49,1,2022-06-11 14:22:10,2022-06-11 14:22:10
RM-HTL0026-264,HTL0026,264,STD,Standard Room,63.33,1,2022-07-05 20:01:53,2022-07-05 20:01:53
RM-HTL0026-265,HTL0026,265,SUT,Suite Room,250.21,1,2022-06-18 13:47:03,2023-07-29 09:22:43
RM-HTL0026-266,HTL0026,266,STD,Standard Room,62.19,1,2022-06-30 15:43:01,2025-07-21 08:08:04
RM-HTL0026-267,HTL0026,267,SUT,Suite Room,248.59,1,2022-06-23 13:38:59,2025-03-19 01:19:34
RM-HTL0026-268,HTL0026,268,DLX,Deluxe Room,124.45,1,2022-06-16 23:46:49,2026-02-16 17:23:33
RM-HTL0026-269,HTL0026,269,EXE,Executive Suite,407.11,1,2022-06-29 10:25:17,2022-06-29 10:25:17
RM-HTL0026-270,HTL0026,270,SUT,Suite Room,257.98,1,2022-06-14 18:41:19,2022-06-14 18:41:19
RM-HTL0026-271,HTL0026,271,SUP,Superior Room,70.95,1,2022-06-12 12:38:14,2025-07-05 11:58:25
RM-HTL0026-272,HTL0026,272,DLX,Deluxe Room,117.49,1,2022-06-07 20:39:19,2022-06-07 20:39:19
RM-HTL0026-273,HTL0026,273,DLX,Deluxe Room,121.4,1,2022-06-24 21:07:35,2022-06-24 21:07:35
RM-HTL0026-274,HTL0026,274,STD,Standard Room,61.33,1,2022-06-25 16:59:10,2024-01-23 01:42:39
RM-HTL0026-275,HTL0026,275,DLX,Deluxe Room,117.63,1,2022-06-15 06:28:04,2024-08-24 18:52:32
RM-HTL0026-276,HTL0026,276,DLX,Deluxe Room,105.26,1,2022-06-17 11:38:36,2025-08-22 09:36:13
RM-HTL0026-277,HTL0026,277,SUT,Suite Room,264.54,1,2022-06-15 04:29:59,2023-08-17 17:04:22
RM-HTL0026-278,HTL0026,278,DLX,Deluxe Room,123.51,1,2022-06-10 03:10:38,2024-01-07 19:04:28
RM-HTL0026-279,HTL0026,279,DLX,Deluxe Room,112.4,1,2022-06-06 11:02:56,2024-04-24 12:10:50
RM-HTL0026-280,HTL0026,280,SUP,Superior Room,77.98,1,2022-06-29 03:22:39,2025-07-08 17:46:51
RM-HTL0026-281,HTL0026,281,EXE,Executive Suite,408.08,1,2022-06-28 04:08:38,2022-06-28 04:08:38
RM-HTL0026-282,HTL0026,282,SUT,Suite Room,254.25,1,2022-07-01 09:44:16,2025-06-08 18:13:29
RM-HTL0026-283,HTL0026,283,STD,Standard Room,56.7,1,2022-07-03 00:43:04,2023-03-11 13:31:40
RM-HTL0026-284,HTL0026,284,EXE,Executive Suite,395.97,1,2022-06-10 18:39:21,2024-07-26 16:42:50
RM-HTL0026-285,HTL0026,285,SUT,Suite Room,247.61,1,2022-06-16 18:28:05,2024-02-02 01:19:36
RM-HTL0026-286,HTL0026,286,SUP,Superior Room,87.01,1,2022-06-30 09:14:08,2022-06-30 09:14:08
RM-HTL0026-287,HTL0026,287,EXE,Executive Suite,395.71,1,2022-06-19 13:01:22,2025-07-02 18:15:19
RM-HTL0026-288,HTL0026,288,DLX,Deluxe Room,105.87,1,2022-06-22 12:47:04,2025-04-15 11:14:51
RM-HTL0026-289,HTL0026,289,SUT,Suite Room,253.18,1,2022-07-02 15:18:17,2023-03-09 16:15:16
RM-HTL0026-290,HTL0026,290,DLX,Deluxe Room,105.5,1,2022-07-03 05:10:10,2022-07-03 05:10:10
RM-HTL0026-291,HTL0026,291,STD,Standard Room,49.85,1,2022-06-05 02:31:22,2022-06-05 02:31:22
RM-HTL0026-292,HTL0026,292,STD,Standard Room,47.68,1,2022-06-22 16:28:17,2024-03-22 11:39:48
RM-HTL0026-293,HTL0026,293,EXE,Executive Suite,403.25,1,2022-06-20 22:06:29,2025-10-03 17:56:56
RM-HTL0026-294,HTL0026,294,STD,Standard Room,55.64,1,2022-06-21 16:49:10,2024-05-27 09:11:55
RM-HTL0026-295,HTL0026,295,EXE,Executive Suite,396.19,1,2022-06-18 16:10:22,2022-06-18 16:10:22
RM-HTL0026-296,HTL0026,296,DLX,Deluxe Room,112.19,1,2022-06-22 18:22:04,2023-12-10 00:56:14
RM-HTL0026-297,HTL0026,297,SUT,Suite Room,254.39,1,2022-06-18 19:34:09,2026-04-26 13:22:38
RM-HTL0026-298,HTL0026,298,STD,Standard Room,48.67,1,2022-06-28 13:36:20,2023-11-15 01:19:11
RM-HTL0026-299,HTL0026,299,SUT,Suite Room,253.96,1,2022-07-05 22:10:03,2026-05-25 11:04:13
RM-HTL0026-300,HTL0026,300,DLX,Deluxe Room,124.91,1,2022-06-09 12:51:45,2025-07-22 20:03:07
RM-HTL0026-301,HTL0026,301,SUT,Suite Room,264.27,1,2022-06-16 20:23:33,2025-07-28 19:54:27
RM-HTL0026-302,HTL0026,302,STD,Standard Room,54.95,1,2022-06-19 19:05:08,2024-01-25 11:43:10
RM-HTL0026-303,HTL0026,303,STD,Standard Room,63.35,0,2022-07-01 11:07:07,2025-01-08 12:57:39
RM-HTL0026-304,HTL0026,304,EXE,Executive Suite,399.59,1,2022-06-08 09:38:34,2025-09-01 14:56:31
RM-HTL0026-305,HTL0026,305,SUT,Suite Room,252.75,1,2022-06-30 23:15:06,2022-06-30 23:15:06
RM-HTL0026-306,HTL0026,306,STD,Standard Room,64.39,1,2022-06-05 21:48:18,2024-08-28 11:59:17
RM-HTL0026-307,HTL0026,307,SUT,Suite Room,248.92,1,2022-06-18 17:54:35,2022-06-18 17:54:35
RM-HTL0026-308,HTL0026,308,SUP,Superior Room,73.93,1,2022-06-27 17:22:47,2022-11-20 09:55:33
RM-HTL0026-309,HTL0026,309,SUP,Superior Room,79.84,0,2022-06-25 22:59:25,2022-06-25 22:59:25
RM-HTL0026-310,HTL0026,310,SUP,Superior Room,78.03,1,2022-06-11 18:12:46,2022-06-11 18:12:46
RM-HTL0026-311,HTL0026,311,SUT,Suite Room,253.23,1,2022-06-17 19:52:07,2022-06-17 19:52:07
RM-HTL0026-312,HTL0026,312,STD,Standard Room,58.91,1,2022-07-01 20:12:19,2025-02-24 21:45:09
RM-HTL0026-313,HTL0026,313,DLX,Deluxe Room,111.35,1,2022-06-10 00:31:11,2024-02-16 13:18:22
RM-HTL0026-314,HTL0026,314,SUT,Suite Room,263.01,1,2022-07-04 00:23:13,2025-05-21 22:51:40
RM-HTL0026-315,HTL0026,315,SUP,Superior Room,81.16,1,2022-06-25 06:02:13,2023-09-28 11:54:05
RM-HTL0026-316,HTL0026,316,SUP,Superior Room,85.01,1,2022-06-06 16:24:53,2026-03-28 11:29:10
RM-HTL0026-317,HTL0026,317,SUP,Superior Room,71.21,1,2022-07-01 13:18:48,2022-07-01 13:18:48
RM-HTL0026-318,HTL0026,318,STD,Standard Room,58.49,1,2022-06-27 12:01:54,2023-06-10 17:00:23
RM-HTL0026-319,HTL0026,319,SUP,Superior Room,79.13,1,2022-06-08 14:42:33,2022-06-08 14:42:33
RM-HTL0026-320,HTL0026,320,STD,Standard Room,55.07,1,2022-06-05 20:28:53,2022-06-05 20:28:53
RM-HTL0026-321,HTL0026,321,SUP,Superior Room,83.25,1,2022-06-30 23:50:02,2022-06-30 23:50:02
RM-HTL0026-322,HTL0026,322,DLX,Deluxe Room,121.12,1,2022-06-16 21:25:41,2024-01-28 05:51:45
RM-HTL0026-323,HTL0026,323,DLX,Deluxe Room,124.16,1,2022-06-16 21:19:24,2022-06-16 21:19:24
RM-HTL0026-324,HTL0026,324,EXE,Executive Suite,412.3,1,2022-06-13 05:46:57,2023-03-25 14:19:31
RM-HTL0026-325,HTL0026,325,DLX,Deluxe Room,106.44,1,2022-06-30 07:34:18,2022-06-30 07:34:18
RM-HTL0026-326,HTL0026,326,DLX,Deluxe Room,120.08,1,2022-06-22 16:15:03,2023-07-03 22:29:16
RM-HTL0026-327,HTL0026,327,EXE,Executive Suite,396.81,1,2022-07-05 19:15:21,2022-09-20 13:03:33
RM-HTL0026-328,HTL0026,328,EXE,Executive Suite,400.59,1,2022-06-22 20:47:20,2024-05-29 15:33:24
RM-HTL0026-329,HTL0026,329,SUP,Superior Room,77.23,1,2022-06-06 03:23:22,2023-04-26 17:57:21
RM-HTL0026-330,HTL0026,330,STD,Standard Room,50.27,1,2022-06-07 15:22:39,2025-01-23 19:45:44
RM-HTL0026-331,HTL0026,331,DLX,Deluxe Room,106.67,1,2022-06-28 11:25:17,2022-06-28 01:25:23
RM-HTL0026-332,HTL0026,332,EXE,Executive Suite,401.52,1,2022-07-01 01:19:33,2025-06-13 00:07:31
RM-HTL0026-333,HTL0026,333,SUP,Superior Room,76.25,1,2022-06-18 00:09:18,2025-12-12 03:26:45
RM-HTL0026-334,HTL0026,334,SUT,Suite Room,273.41,1,2022-06-15 14:52:02,2022-06-15 14:52:02
RM-HTL0026-335,HTL0026,335,DLX,Deluxe Room,123.43,1,2022-06-12 04:33:31,2025-01-10 08:05:31
RM-HTL0026-336,HTL0026,336,SUP,Superior Room,87.26,1,2022-06-08 22:11:09,2023-10-03 08:01:47
RM-HTL0026-337,HTL0026,337,DLX,Deluxe Room,116.62,1,2022-06-09 08:42:43,2023-04-07 03:42:19
RM-HTL0026-338,HTL0026,338,DLX,Deluxe Room,123.64,1,2022-06-20 17:28:44,2025-12-20 06:40:45
RM-HTL0026-339,HTL0026,339,STD,Standard Room,46.01,1,2022-06-18 06:25:19,2024-02-14 13:25:45
RM-HTL0026-340,HTL0026,340,SUT,Suite Room,248.09,1,2022-06-18 11:11:37,2022-11-23 21:08:19
RM-HTL0026-341,HTL0026,341,SUT,Suite Room,257.93,1,2022-06-15 21:27:40,2023-09-23 15:24:13
RM-HTL0026-342,HTL0026,342,STD,Standard Room,52.37,1,2022-07-04 10:32:38,2025-07-10 19:46:06
RM-HTL0026-343,HTL0026,343,SUT,Suite Room,247.91,1,2022-06-23 06:24:31,2022-06-23 06:24:31
RM-HTL0026-344,HTL0026,344,SUP,Superior Room,72.46,1,2022-06-18 15:39:47,2022-07-22 04:57:48
RM-HTL0026-345,HTL0026,345,SUP,Superior Room,80.12,1,2022-06-16 16:01:44,2022-06-16 16:01:44
RM-HTL0026-346,HTL0026,346,SUP,Superior Room,82.04,1,2022-06-19 13:37:28,2026-03-07 17:26:01
RM-HTL0026-347,HTL0026,347,DLX,Deluxe Room,110.35,1,2022-06-19 05:54:58,2022-06-19 05:54:58
RM-HTL0026-348,HTL0026,348,DLX,Deluxe Room,116.32,1,2022-06-25 23:48:15,2024-04-23 18:34:10
RM-HTL0026-349,HTL0026,349,STD,Standard Room,60.32,1,2022-06-28 22:42:03,2025-11-01 04:12:51
RM-HTL0026-350,HTL0026,350,DLX,Deluxe Room,108.48,1,2022-06-27 12:58:25,2023-02-12 22:11:09
RM-HTL0026-351,HTL0026,351,SUP,Superior Room,78.76,1,2022-06-06 10:49:42,2022-11-04 13:48:30
RM-HTL0026-352,HTL0026,352,EXE,Executive Suite,411.61,1,2022-06-24 03:09:12,2022-07-22 16:38:36
RM-HTL0026-353,HTL0026,353,DLX,Deluxe Room,117.19,1,2022-06-18 17:21:22,2024-12-27 13:19:30
RM-HTL0026-354,HTL0026,354,STD,Standard Room,51.66,1,2022-06-19 18:13:39,2024-10-12 06:36:16
RM-HTL0026-355,HTL0026,355,SUP,Superior Room,74.1,1,2022-06-12 01:02:32,2022-06-12 01:02:32
RM-HTL0026-356,HTL0026,356,SUT,Suite Room,245.24,1,2022-06-23 10:10:09,2022-06-23 10:10:09
RM-HTL0026-357,HTL0026,357,STD,Standard Room,49.5,1,2022-06-30 18:42:54,2022-07-15 22:46:25
RM-HTL0026-358,HTL0026,358,SUP,Superior Room,78.65,1,2022-07-01 15:43:54,2022-11-16 22:57:29
RM-HTL0026-359,HTL0026,359,EXE,Executive Suite,414.56,1,2022-06-07 21:37:43,2022-06-07 21:37:43
RM-HTL0026-360,HTL0026,360,EXE,Executive Suite,395.25,1,2022-06-06 08:41:54,2026-01-14 14:28:24
RM-HTL0026-361,HTL0026,361,STD,Standard Room,57.69,1,2022-06-16 00:45:40,2022-06-16 00:45:40
RM-HTL0026-362,HTL0026,362,SUP,Superior Room,79.18,1,2022-06-15 12:28:26,2022-06-15 12:28:26
RM-HTL0026-363,HTL0026,363,SUT,Suite Room,245.7,1,2022-06-26 10:22:55,2023-01-06 08:57:01
RM-HTL0026-364,HTL0026,364,SUT,Suite Room,248.71,1,2022-07-01 14:06:25,2023-01-27 16:16:34
RM-HTL0026-365,HTL0026,365,SUT,Suite Room,258.56,1,2022-06-16 18:33:56,2022-07-25 12:21:08
RM-HTL0026-366,HTL0026,366,DLX,Deluxe Room,107.78,1,2022-06-11 01:30:50,2022-06-11 01:30:50
RM-HTL0026-367,HTL0026,367,DLX,Deluxe Room,121.95,1,2022-07-01 23:39:38,2024-02-20 07:31:54
RM-HTL0026-368,HTL0026,368,STD,Standard Room,89.99,1,2022-06-12 11:58:14,2022-06-12 11:58:14
RM-HTL0026-369,HTL0026,369,SUT,Suite Room,253.66,1,2022-06-08 02:02:30,2022-10-08 14:00:25
RM-HTL0026-370,HTL0026,370,SUT,Suite Room,263.97,1,2022-06-22 09:02:02,2024-06-06 00:31:19
RM-HTL0026-371,HTL0026,371,DLX,Deluxe Room,123.99,1,2022-06-24 00:05:21,2024-09-06 05:35:45
RM-HTL0026-372,HTL0026,372,SUP,Superior Room,87.43,1,2022-06-20 13:21:21,2022-06-20 13:21:21
RM-HTL0026-373,HTL0026,373,SUT,Suite Room,248.15,1,2022-06-21 19:58:18,2024-03-27 11:13:36
RM-HTL0026-374,HTL0026,374,DLX,Deluxe Room,117.9,1,2022-06-28 18:10:02,2022-09-11 10:44:12
RM-HTL0026-375,HTL0026,375,EXE,Executive Suite,402.48,1,2022-06-27 20:21:14,2026-02-18 06:22:37
RM-HTL0026-376,HTL0026,376,SUT,Suite Room,257.75,1,2022-06-09 04:37:25,2025-03-06 17:10:19
RM-HTL0026-377,HTL0026,377,DLX,Deluxe Room,113.9,1,2022-06-10 04:16:15,2023-08-11 06:53:11
RM-HTL0026-378,HTL0026,378,SUT,Suite Room,254.62,1,2022-06-13 15:40:08,2026-02-07 05:33:03
RM-HTL0026-379,HTL0026,379,STD,Standard Room,59.85,1,2022-06-24 12:16:35,2022-06-24 12:16:35
RM-HTL0026-380,HTL0026,380,STD,Standard Room,47.07,1,2022-06-23 21:47:34,2022-06-23 21:47:34
RM-HTL0026-381,HTL0026,381,SUT,Suite Room,245.11,1,2022-06-06 08:17:18,2022-06-06 08:17:18
RM-HTL0026-382,HTL0026,382,STD,Standard Room,60.52,1,2022-06-07 20:00:05,2022-06-07 20:00:05
RM-HTL0026-383,HTL0026,383,SUT,Suite Room,253.94,1,2022-07-04 02:49:39,2025-01-17 15:11:52
RM-HTL0026-384,HTL0026,384,EXE,Executive Suite,411.0,1,2022-06-27 00:12:55,2024-11-24 08:59:38
RM-HTL0026-385,HTL0026,385,SUP,Superior Room,70.11,1,2022-06-09 07:54:40,2025-01-13 10:03:54
RM-HTL0026-386,HTL0026,386,SUP,Superior Room,83.18,1,2022-07-02 17:56:44,2022-07-02 17:56:44
RM-HTL0026-387,HTL0026,387,DLX,Deluxe Room,113.28,1,2022-07-03 05:37:22,2025-06-28 19:27:01
RM-HTL0026-388,HTL0026,388,SUT,Suite Room,254.24,1,2022-06-16 18:36:54,2025-08-07 17:35:41
RM-HTL0026-389,HTL0026,389,STD,Standard Room,58.94,1,2022-06-13 11:22:43,2022-06-13 11:22:43
RM-HTL0026-390,HTL0026,390,STD,Standard Room,48.33,1,2022-06-17 20:41:57,2025-07-11 22:39:43
RM-HTL0026-391,HTL0026,391,DLX,Deluxe Room,115.79,1,2022-06-09 21:35:45,2025-11-10 10:22:17
RM-HTL0026-392,HTL0026,392,SUP,Superior Room,84.0,1,2022-06-07 03:32:06,2026-04-19 01:43:05
RM-HTL0026-393,HTL0026,393,SUT,Suite Room,262.79,1,2022-06-27 06:31:25,2025-11-07 15:32:17
RM-HTL0026-394,HTL0026,394,SUT,Suite Room,249.49,1,2022-06-06 06:16:30,2026-05-25 17:06:22
RM-HTL0026-395,HTL0026,395,EXE,Executive Suite,398.2,1,2022-06-08 01:35:45,2023-11-08 03:34:45
RM-HTL0026-396,HTL0026,396,SUP,Superior Room,84.74,1,2022-06-15 01:18:24,2022-11-06 02:18:57
RM-HTL0026-397,HTL0026,397,EXE,Executive Suite,412.12,1,2022-06-18 10:47:04,2024-04-19 04:47:27
RM-HTL0026-398,HTL0026,398,STD,Standard Room,59.99,1,2022-06-12 15:13:09,2025-06-24 20:20:07
RM-HTL0026-399,HTL0026,399,STD,Standard Room,48.79,1,2022-06-09 11:37:01,2023-06-20 08:22:42
RM-HTL0026-400,HTL0026,400,STD,Standard Room,60.91,0,2022-06-16 14:08:20,2022-06-16 14:08:20
RM-HTL0026-401,HTL0026,401,STD,Standard Room,64.05,1,2022-06-20 07:52:07,2022-09-23 00:56:48
RM-HTL0026-402,HTL0026,402,SUT,Suite Room,264.59,1,2022-07-03 17:33:07,2025-07-27 07:51:54
RM-HTL0026-403,HTL0026,403,EXE,Executive Suite,399.95,1,2022-06-26 18:15:45,2024-04-06 02:04:08
RM-HTL0026-404,HTL0026,404,STD,Standard Room,62.55,1,2022-06-20 21:31:40,2025-09-22 08:03:22
RM-HTL0026-405,HTL0026,405,DLX,Deluxe Room,113.45,1,2022-06-29 02:10:32,2025-12-27 13:27:47
RM-HTL0026-406,HTL0026,406,STD,Standard Room,62.75,1,2022-06-12 12:42:02,2025-04-08 00:19:46
RM-HTL0026-407,HTL0026,407,SUT,Suite Room,253.04,1,2022-06-21 19:36:20,2025-03-19 13:33:16
RM-HTL0026-408,HTL0026,408,EXE,Executive Suite,404.01,1,2022-06-16 04:20:52,2024-08-29 16:04:31
RM-HTL0026-409,HTL0026,409,DLX,Deluxe Room,159.74,1,2022-06-18 22:38:43,2024-12-13 12:25:59
RM-HTL0026-410,HTL0026,410,SUP,Superior Room,87.29,1,2022-06-26 18:11:07,2022-06-26 18:11:07
RM-HTL0026-411,HTL0026,411,EXE,Executive Suite,397.54,0,2022-06-05 14:27:23,2024-08-14 04:00:26
RM-HTL0026-412,HTL0026,412,SUT,Suite Room,262.61,1,2022-06-19 17:54:44,2025-05-30 20:47:12
RM-HTL0026-413,HTL0026,413,EXE,Executive Suite,396.93,1,2022-07-03 21:10:11,2023-10-22 11:18:10
RM-HTL0026-414,HTL0026,414,STD,Standard Room,54.16,1,2022-06-22 07:20:25,2022-06-22 07:20:25
RM-HTL0026-415,HTL0026,415,EXE,Executive Suite,398.48,1,2022-06-14 15:56:51,2023-08-26 08:52:09
RM-HTL0026-416,HTL0026,416,DLX,Deluxe Room,151.74,1,2022-06-19 20:34:26,2023-09-23 07:47:41
RM-HTL0026-417,HTL0026,417,DLX,Deluxe Room,119.27,1,2022-06-12 02:35:43,2025-07-09 23:19:04
RM-HTL0026-418,HTL0026,418,SUT,Suite Room,258.4,1,2022-07-02 12:27:32,2024-07-06 17:07:05
RM-HTL0026-419,HTL0026,419,DLX,Deluxe Room,107.44,1,2022-06-28 20:40:58,2023-05-02 22:12:27
RM-HTL0026-420,HTL0026,420,SUP,Superior Room,84.61,1,2022-06-17 09:48:27,2022-06-17 09:48:27
RM-HTL0026-421,HTL0026,421,SUP,Superior Room,88.71,1,2022-06-11 12:57:56,2025-04-03 07:16:58
RM-HTL0026-422,HTL0026,422,SUT,Suite Room,260.05,1,2022-06-14 20:45:14,2022-06-14 20:45:14
RM-HTL0026-423,HTL0026,423,SUT,Suite Room,248.46,1,2022-06-06 12:42:02,2022-06-13 08:55:33
RM-HTL0026-424,HTL0026,424,DLX,Deluxe Room,121.19,1,2022-06-16 03:13:05,2025-07-15 08:23:17
RM-HTL0026-425,HTL0026,425,DLX,Deluxe Room,117.12,1,2022-06-18 19:10:37,2023-08-06 00:54:11
RM-HTL0026-426,HTL0026,426,STD,Standard Room,57.99,1,2022-06-23 18:39:04,2022-06-23 18:39:04
RM-HTL0026-427,HTL0026,427,SUT,Suite Room,256.53,1,2022-06-29 23:01:32,2024-03-30 23:52:25
RM-HTL0026-428,HTL0026,428,DLX,Deluxe Room,115.4,1,2022-06-25 11:03:15,2022-06-25 11:03:15
RM-HTL0026-429,HTL0026,429,SUP,Superior Room,86.97,1,2022-06-29 00:04:52,2025-02-19 19:08:15
RM-HTL0026-430,HTL0026,430,STD,Standard Room,55.54,1,2022-06-10 07:46:18,2023-05-12 04:34:20
RM-HTL0026-431,HTL0026,431,SUP,Superior Room,78.87,1,2022-06-13 10:04:48,2025-07-03 17:05:43
RM-HTL0026-432,HTL0026,432,EXE,Executive Suite,400.6,1,2022-06-09 15:41:33,2022-06-09 15:41:33
RM-HTL0026-433,HTL0026,433,EXE,Executive Suite,403.11,1,2022-06-10 14:38:25,2025-07-05 20:25:51
RM-HTL0026-434,HTL0026,434,SUT,Suite Room,256.32,1,2022-06-16 12:46:25,2023-03-26 08:09:13
RM-HTL0026-435,HTL0026,435,DLX,Deluxe Room,118.55,1,2022-06-28 15:15:47,2025-03-31 06:05:03
RM-HTL0026-436,HTL0026,436,EXE,Executive Suite,395.87,1,2022-06-13 07:26:59,2022-10-13 03:38:39
RM-HTL0026-437,HTL0026,437,DLX,Deluxe Room,105.62,1,2022-06-26 18:35:48,2025-08-28 02:17:47
RM-HTL0026-438,HTL0026,438,DLX,Deluxe Room,120.46,1,2022-06-23 09:40:54,2025-01-12 18:05:11
RM-HTL0026-439,HTL0026,439,SUP,Superior Room,74.96,1,2022-06-18 18:05:14,2026-04-24 05:07:45
RM-HTL0026-440,HTL0026,440,STD,Standard Room,48.58,1,2022-06-25 07:00:45,2024-04-11 13:36:50
RM-HTL0026-441,HTL0026,441,STD,Standard Room,46.53,1,2022-06-22 05:13:03,2026-04-29 12:59:23
RM-HTL0026-442,HTL0026,442,EXE,Executive Suite,403.73,1,2022-06-21 23:03:16,2024-08-08 16:11:29
RM-HTL0026-443,HTL0026,443,EXE,Executive Suite,407.67,1,2022-06-15 09:28:55,2022-06-15 09:28:55
RM-HTL0026-444,HTL0026,444,STD,Standard Room,60.97,1,2022-07-03 19:36:18,2022-08-15 15:06:04
RM-HTL0026-445,HTL0026,445,STD,Standard Room,52.99,1,2022-07-01 21:39:19,2023-07-02 21:01:29
RM-HTL0026-446,HTL0026,446,DLX,Deluxe Room,106.44,1,2022-06-06 11:25:25,2025-11-05 05:48:53
RM-HTL0026-447,HTL0026,447,SUP,Superior Room,72.16,1,2022-06-13 09:02:32,2024-12-24 17:49:27
RM-HTL0026-448,HTL0026,448,SUP,Superior Room,80.19,1,2022-06-24 17:56:01,2022-08-12 18:52:35
RM-HTL0026-449,HTL0026,449,DLX,Deluxe Room,120.47,1,2022-06-15 22:32:13,2025-12-03 18:00:07
RM-HTL0026-450,HTL0026,450,SUP,Superior Room,70.55,1,2022-06-09 12:38:42,2026-02-17 09:57:09
RM-HTL0027-101,HTL0027,101,SUP,Superior Room,80.72,1,2021-03-03 02:32:14,2022-11-07 17:39:05
RM-HTL0027-102,HTL0027,102,SUT,Suite Room,246.06,1,2021-03-15 01:19:38,2025-12-08 01:17:32
RM-HTL0027-103,HTL0027,103,SUT,Suite Room,245.77,1,2021-02-27 10:40:54,2021-07-20 22:05:30
RM-HTL0027-104,HTL0027,104,EXE,Executive Suite,395.45,1,2021-03-14 07:59:27,2021-03-14 07:59:27
RM-HTL0027-105,HTL0027,105,DLX,Deluxe Room,118.93,1,2021-02-16 12:24:50,2023-09-14 02:56:41
RM-HTL0027-106,HTL0027,106,DLX,Deluxe Room,124.22,1,2021-02-27 10:58:38,2024-03-10 13:33:28
RM-HTL0027-107,HTL0027,107,DLX,Deluxe Room,108.45,1,2021-02-22 23:14:49,2021-02-22 23:14:49
RM-HTL0027-108,HTL0027,108,SUP,Superior Room,76.92,1,2021-03-02 17:26:46,2022-06-16 00:52:35
RM-HTL0027-109,HTL0027,109,STD,Standard Room,56.16,1,2021-03-12 20:16:20,2026-03-26 22:53:22
RM-HTL0027-110,HTL0027,110,SUT,Suite Room,252.82,1,2021-02-23 16:50:57,2023-12-12 20:29:43
RM-HTL0027-111,HTL0027,111,STD,Standard Room,62.66,1,2021-02-21 17:45:46,2024-03-01 19:25:12
RM-HTL0027-112,HTL0027,112,SUT,Suite Room,262.19,1,2021-03-15 11:38:11,2021-03-15 11:38:11
RM-HTL0027-113,HTL0027,113,SUP,Superior Room,88.88,1,2021-02-18 02:30:54,2021-02-18 02:30:54
RM-HTL0027-114,HTL0027,114,SUP,Superior Room,70.79,0,2021-02-27 17:34:22,2022-04-10 19:27:54
RM-HTL0027-115,HTL0027,115,SUT,Suite Room,263.07,1,2021-03-17 18:57:36,2023-05-23 11:17:44
RM-HTL0027-116,HTL0027,116,EXE,Executive Suite,403.45,1,2021-02-17 01:11:58,2021-02-17 01:11:58
RM-HTL0027-117,HTL0027,117,EXE,Executive Suite,410.93,1,2021-03-12 22:49:41,2023-08-12 17:35:00
RM-HTL0027-118,HTL0027,118,EXE,Executive Suite,404.0,1,2021-02-26 11:50:09,2022-07-03 01:45:04
RM-HTL0027-119,HTL0027,119,EXE,Executive Suite,407.16,1,2021-02-23 23:39:48,2021-03-31 02:24:25
RM-HTL0027-120,HTL0027,120,SUP,Superior Room,76.81,1,2021-03-13 23:23:51,2021-03-13 23:23:51
RM-HTL0027-121,HTL0027,121,STD,Standard Room,54.47,1,2021-02-18 01:12:47,2021-02-18 01:12:47
RM-HTL0027-122,HTL0027,122,STD,Standard Room,47.89,1,2021-03-02 21:20:03,2021-03-02 21:20:03
RM-HTL0027-123,HTL0027,123,STD,Standard Room,63.37,1,2021-03-14 19:13:35,2021-03-14 19:13:35
RM-HTL0027-124,HTL0027,124,SUT,Suite Room,261.49,1,2021-02-16 21:16:11,2022-05-06 09:20:24
RM-HTL0027-125,HTL0027,125,STD,Standard Room,62.82,1,2021-03-06 19:23:39,2025-02-09 23:18:20
RM-HTL0027-126,HTL0027,126,DLX,Deluxe Room,117.02,1,2021-02-22 12:03:37,2024-10-01 12:58:10
RM-HTL0027-127,HTL0027,127,STD,Standard Room,60.17,1,2021-02-19 01:31:42,2021-10-22 13:54:30
RM-HTL0027-128,HTL0027,128,SUP,Superior Room,83.51,1,2021-03-13 01:09:44,2021-03-13 01:09:44
RM-HTL0027-129,HTL0027,129,SUT,Suite Room,251.44,1,2021-03-10 11:15:16,2021-03-10 11:15:16
RM-HTL0027-130,HTL0027,130,DLX,Deluxe Room,117.51,1,2021-02-19 04:47:39,2023-06-06 15:52:09
RM-HTL0027-131,HTL0027,131,STD,Standard Room,48.88,1,2021-03-01 20:09:07,2021-03-01 20:09:07
RM-HTL0027-132,HTL0027,132,EXE,Executive Suite,399.44,1,2021-03-16 21:28:47,2024-10-13 13:34:14
RM-HTL0027-133,HTL0027,133,SUP,Superior Room,86.13,1,2021-03-03 12:14:13,2022-01-01 22:09:16
RM-HTL0027-134,HTL0027,134,SUT,Suite Room,254.03,1,2021-02-16 04:17:12,2021-05-21 12:14:37
RM-HTL0027-135,HTL0027,135,SUT,Suite Room,246.13,1,2021-02-24 15:34:36,2021-02-24 15:34:36
RM-HTL0027-136,HTL0027,136,EXE,Executive Suite,397.47,1,2021-03-07 16:34:02,2026-01-09 08:50:59
RM-HTL0027-137,HTL0027,137,EXE,Executive Suite,405.76,1,2021-03-17 12:13:24,2021-07-04 15:31:18
RM-HTL0027-138,HTL0027,138,SUT,Suite Room,263.42,1,2021-03-05 04:38:44,2025-12-22 05:47:56
RM-HTL0027-139,HTL0027,139,SUP,Superior Room,79.46,1,2021-03-13 06:34:03,2021-03-13 06:34:03
RM-HTL0027-140,HTL0027,140,STD,Standard Room,62.48,1,2021-03-15 23:09:24,2023-02-23 15:19:00
RM-HTL0027-141,HTL0027,141,SUP,Superior Room,78.82,1,2021-02-22 03:24:36,2022-04-29 20:59:23
RM-HTL0027-142,HTL0027,142,SUT,Suite Room,245.78,1,2021-03-15 02:58:32,2021-03-15 02:58:32
RM-HTL0027-143,HTL0027,143,SUT,Suite Room,263.73,1,2021-03-09 06:13:42,2026-03-17 12:06:30
RM-HTL0027-144,HTL0027,144,STD,Standard Room,46.21,1,2021-03-08 19:09:30,2024-05-17 06:48:57
RM-HTL0027-145,HTL0027,145,SUP,Superior Room,75.33,1,2021-03-06 05:16:37,2021-03-06 05:16:37
RM-HTL0027-146,HTL0027,146,EXE,Executive Suite,401.63,1,2021-03-18 13:58:50,2025-01-11 17:33:04
RM-HTL0027-147,HTL0027,147,SUP,Superior Room,82.11,1,2021-03-02 12:36:34,2025-11-03 05:26:47
RM-HTL0027-148,HTL0027,148,STD,Standard Room,53.99,1,2021-03-01 04:00:34,2024-11-10 03:54:36
RM-HTL0027-149,HTL0027,149,EXE,Executive Suite,406.27,1,2021-02-22 09:16:25,2025-11-18 03:24:11
RM-HTL0027-150,HTL0027,150,SUP,Superior Room,79.43,1,2021-03-04 21:22:10,2023-06-28 08:22:06
RM-HTL0028-101,HTL0028,101,DLX,Deluxe Room,109.83,1,2020-09-13 05:44:14,2020-09-13 05:44:14
RM-HTL0028-102,HTL0028,102,SUT,Suite Room,262.03,1,2020-08-27 08:42:42,2024-06-18 01:35:42
RM-HTL0028-103,HTL0028,103,DLX,Deluxe Room,124.69,1,2020-09-22 03:52:21,2026-02-07 18:48:00
RM-HTL0028-104,HTL0028,104,DLX,Deluxe Room,113.88,1,2020-09-15 12:48:09,2020-10-06 03:57:46
RM-HTL0028-105,HTL0028,105,EXE,Executive Suite,395.97,1,2020-09-21 04:32:26,2020-09-21 04:32:26
RM-HTL0028-106,HTL0028,106,DLX,Deluxe Room,113.7,1,2020-09-20 14:34:27,2021-10-28 14:50:32
RM-HTL0028-107,HTL0028,107,STD,Standard Room,62.41,1,2020-09-01 07:22:44,2020-09-01 07:22:44
RM-HTL0028-108,HTL0028,108,SUT,Suite Room,262.48,1,2020-09-18 13:54:25,2022-01-22 18:22:51
RM-HTL0028-109,HTL0028,109,SUT,Suite Room,264.23,1,2020-09-25 18:15:14,2020-09-25 18:15:14
RM-HTL0028-110,HTL0028,110,STD,Standard Room,45.63,1,2020-09-19 13:46:04,2022-03-11 13:35:18
RM-HTL0028-111,HTL0028,111,DLX,Deluxe Room,112.17,1,2020-09-07 15:07:10,2021-04-24 11:55:45
RM-HTL0028-112,HTL0028,112,SUP,Superior Room,85.31,1,2020-08-30 05:10:52,2022-10-18 23:09:17
RM-HTL0028-113,HTL0028,113,DLX,Deluxe Room,134.44,1,2020-09-14 13:23:14,2026-02-05 07:16:13
RM-HTL0028-114,HTL0028,114,SUT,Suite Room,253.86,1,2020-09-16 01:51:29,2021-01-18 15:27:01
RM-HTL0028-115,HTL0028,115,DLX,Deluxe Room,106.48,1,2020-09-02 22:53:42,2020-09-02 22:53:42
RM-HTL0028-116,HTL0028,116,SUP,Superior Room,76.2,1,2020-09-10 15:48:06,2020-11-02 03:48:54
RM-HTL0028-117,HTL0028,117,STD,Standard Room,51.68,1,2020-09-14 03:21:34,2020-11-14 11:33:51
RM-HTL0028-118,HTL0028,118,EXE,Executive Suite,406.19,1,2020-09-26 21:58:21,2022-11-18 23:12:03
RM-HTL0028-119,HTL0028,119,DLX,Deluxe Room,123.42,1,2020-09-25 10:51:35,2025-12-12 00:49:15
RM-HTL0028-120,HTL0028,120,SUP,Superior Room,88.69,1,2020-09-04 00:39:04,2023-10-30 19:07:28
RM-HTL0028-121,HTL0028,121,EXE,Executive Suite,409.88,1,2020-09-13 20:32:50,2022-09-20 00:28:40
RM-HTL0028-122,HTL0028,122,STD,Standard Room,50.35,1,2020-09-02 23:11:29,2026-05-08 12:53:20
RM-HTL0028-123,HTL0028,123,SUP,Superior Room,82.67,1,2020-08-30 21:40:51,2025-04-04 12:44:27
RM-HTL0028-124,HTL0028,124,SUT,Suite Room,260.21,1,2020-09-04 05:27:17,2022-03-03 03:12:09
RM-HTL0028-125,HTL0028,125,DLX,Deluxe Room,116.64,1,2020-09-07 07:53:55,2026-04-13 00:51:36
RM-HTL0028-126,HTL0028,126,STD,Standard Room,61.43,1,2020-09-09 09:15:45,2023-03-27 12:49:11
RM-HTL0028-127,HTL0028,127,SUP,Superior Room,70.24,1,2020-09-24 11:47:38,2020-09-24 11:47:38
RM-HTL0028-128,HTL0028,128,DLX,Deluxe Room,116.36,1,2020-09-23 19:15:43,2022-04-22 16:57:34
RM-HTL0028-129,HTL0028,129,STD,Standard Room,59.86,1,2020-09-09 01:31:30,2020-09-09 01:31:30
RM-HTL0028-130,HTL0028,130,SUT,Suite Room,262.35,1,2020-08-27 21:19:31,2020-11-18 19:25:31
RM-HTL0028-131,HTL0028,131,SUP,Superior Room,77.05,1,2020-09-15 00:48:00,2026-02-03 19:18:28
RM-HTL0028-132,HTL0028,132,EXE,Executive Suite,412.98,1,2020-08-31 16:52:55,2020-08-31 16:52:55
RM-HTL0028-133,HTL0028,133,SUT,Suite Room,260.83,1,2020-09-22 04:24:48,2024-07-14 08:15:27
RM-HTL0028-134,HTL0028,134,EXE,Executive Suite,410.84,1,2020-09-14 18:05:49,2025-12-08 14:06:39
RM-HTL0028-135,HTL0028,135,SUT,Suite Room,250.94,1,2020-09-11 03:43:07,2020-09-11 03:43:07
RM-HTL0028-136,HTL0028,136,EXE,Executive Suite,398.96,1,2020-09-16 23:05:05,2020-09-16 23:05:05
RM-HTL0028-137,HTL0028,137,STD,Standard Room,53.67,1,2020-09-06 12:27:18,2022-06-30 17:37:22
RM-HTL0028-138,HTL0028,138,STD,Standard Room,51.22,1,2020-09-11 06:02:38,2020-09-11 06:02:38
RM-HTL0028-139,HTL0028,139,DLX,Deluxe Room,111.03,1,2020-09-07 03:38:08,2020-09-07 03:38:08
RM-HTL0028-140,HTL0028,140,SUT,Suite Room,262.02,1,2020-08-29 15:19:11,2020-08-29 15:19:11
RM-HTL0028-141,HTL0028,141,STD,Standard Room,55.25,1,2020-09-04 20:54:17,2023-10-24 09:12:32
RM-HTL0028-142,HTL0028,142,SUP,Superior Room,86.51,1,2020-09-03 12:04:14,2020-09-03 12:04:14
RM-HTL0028-143,HTL0028,143,SUT,Suite Room,259.16,1,2020-09-05 00:56:52,2021-07-14 10:14:03
RM-HTL0028-144,HTL0028,144,EXE,Executive Suite,412.83,1,2020-09-19 14:17:56,2023-09-05 05:25:36
RM-HTL0028-145,HTL0028,145,STD,Standard Room,63.68,1,2020-08-28 00:08:52,2026-05-09 14:19:07
RM-HTL0028-146,HTL0028,146,SUT,Suite Room,246.01,1,2020-09-20 06:51:51,2024-09-12 18:59:36
RM-HTL0028-147,HTL0028,147,SUT,Suite Room,262.06,1,2020-09-22 22:09:04,2020-09-22 22:09:04
RM-HTL0028-148,HTL0028,148,EXE,Executive Suite,414.49,1,2020-09-25 11:54:12,2024-02-15 20:04:13
RM-HTL0028-149,HTL0028,149,STD,Standard Room,59.89,1,2020-09-24 19:45:39,2024-04-17 00:14:07
RM-HTL0028-150,HTL0028,150,SUP,Superior Room,85.91,1,2020-09-25 19:20:02,2020-09-25 19:20:02
RM-HTL0028-151,HTL0028,151,SUP,Superior Room,81.13,1,2020-09-08 19:34:11,2024-08-01 16:45:43
RM-HTL0028-152,HTL0028,152,STD,Standard Room,45.89,1,2020-09-11 01:34:11,2023-02-09 17:23:20
RM-HTL0028-153,HTL0028,153,DLX,Deluxe Room,142.85,1,2020-09-22 18:57:53,2021-05-20 03:09:15
RM-HTL0028-154,HTL0028,154,SUP,Superior Room,79.63,1,2020-09-12 06:01:51,2022-09-05 23:43:52
RM-HTL0028-155,HTL0028,155,SUT,Suite Room,257.09,1,2020-09-17 14:16:17,2020-09-17 14:16:17
RM-HTL0028-156,HTL0028,156,EXE,Executive Suite,413.88,1,2020-09-21 13:49:15,2020-09-21 13:49:15
RM-HTL0028-157,HTL0028,157,EXE,Executive Suite,453.02,1,2020-09-19 10:02:18,2025-02-25 14:20:32
RM-HTL0028-158,HTL0028,158,DLX,Deluxe Room,110.71,1,2020-09-18 02:43:51,2022-02-25 22:14:43
RM-HTL0028-159,HTL0028,159,SUP,Superior Room,74.45,1,2020-09-10 13:56:43,2026-01-16 22:41:42
RM-HTL0028-160,HTL0028,160,SUT,Suite Room,252.03,1,2020-09-04 17:15:17,2020-10-11 03:15:08
RM-HTL0028-161,HTL0028,161,SUT,Suite Room,252.59,1,2020-08-28 11:34:10,2020-10-01 02:58:07
RM-HTL0028-162,HTL0028,162,STD,Standard Room,61.64,1,2020-09-19 09:05:43,2021-11-19 09:00:25
RM-HTL0028-163,HTL0028,163,EXE,Executive Suite,413.05,1,2020-08-31 13:38:13,2021-09-13 08:19:37
RM-HTL0028-164,HTL0028,164,SUT,Suite Room,264.24,1,2020-08-30 03:42:31,2020-08-30 03:42:31
RM-HTL0028-165,HTL0028,165,DLX,Deluxe Room,123.96,1,2020-09-08 02:00:00,2020-09-08 02:00:00
RM-HTL0028-166,HTL0028,166,EXE,Executive Suite,399.45,1,2020-09-11 11:52:32,2020-09-11 11:52:32
RM-HTL0028-167,HTL0028,167,SUP,Superior Room,81.78,1,2020-09-19 07:31:46,2020-09-19 07:31:46
RM-HTL0028-168,HTL0028,168,SUT,Suite Room,250.56,0,2020-09-09 08:21:14,2020-09-09 08:21:14
RM-HTL0028-169,HTL0028,169,SUP,Superior Room,77.98,1,2020-09-01 05:26:08,2023-07-26 13:40:30
RM-HTL0028-170,HTL0028,170,SUT,Suite Room,250.07,1,2020-08-30 09:59:30,2023-01-18 14:10:24
RM-HTL0028-171,HTL0028,171,STD,Standard Room,60.76,1,2020-09-24 19:50:47,2020-12-12 11:26:56
RM-HTL0028-172,HTL0028,172,SUT,Suite Room,256.38,1,2020-09-16 15:48:57,2022-03-15 19:06:53
RM-HTL0028-173,HTL0028,173,STD,Standard Room,55.6,1,2020-08-28 22:45:45,2026-03-07 11:36:13
RM-HTL0028-174,HTL0028,174,SUP,Superior Room,77.6,1,2020-09-20 07:00:01,2020-10-22 00:42:25
RM-HTL0028-175,HTL0028,175,SUP,Superior Room,73.18,1,2020-09-10 22:01:30,2026-03-14 14:17:40
RM-HTL0028-176,HTL0028,176,EXE,Executive Suite,398.15,1,2020-09-04 02:31:04,2020-09-04 02:31:04
RM-HTL0028-177,HTL0028,177,EXE,Executive Suite,397.8,1,2020-09-16 05:31:12,2021-05-31 02:27:05
RM-HTL0028-178,HTL0028,178,SUP,Superior Room,78.9,1,2020-09-06 01:00:26,2025-02-21 06:55:15
RM-HTL0028-179,HTL0028,179,EXE,Executive Suite,410.2,1,2020-09-01 13:58:20,2024-01-27 08:32:56
RM-HTL0028-180,HTL0028,180,SUP,Superior Room,89.04,1,2020-09-20 12:46:07,2023-06-20 16:04:43
RM-HTL0029-101,HTL0029,101,EXE,Executive Suite,404.8,1,2021-05-25 03:42:02,2024-11-12 06:43:30
RM-HTL0029-102,HTL0029,102,EXE,Executive Suite,406.29,1,2021-05-08 18:04:25,2022-09-29 11:18:20
RM-HTL0029-103,HTL0029,103,EXE,Executive Suite,400.48,1,2021-05-26 14:27:08,2024-09-04 12:35:22
RM-HTL0029-104,HTL0029,104,EXE,Executive Suite,412.59,1,2021-05-31 08:04:43,2023-02-22 06:58:24
RM-HTL0029-105,HTL0029,105,SUT,Suite Room,246.79,1,2021-05-03 21:35:48,2021-06-29 04:16:25
RM-HTL0029-106,HTL0029,106,STD,Standard Room,57.34,1,2021-05-16 08:20:32,2022-09-20 15:27:26
RM-HTL0029-107,HTL0029,107,DLX,Deluxe Room,117.15,1,2021-05-31 23:10:26,2022-10-09 02:29:20
RM-HTL0029-108,HTL0029,108,DLX,Deluxe Room,121.77,1,2021-05-16 11:05:45,2022-01-28 15:50:03
RM-HTL0029-109,HTL0029,109,EXE,Executive Suite,398.72,1,2021-05-04 13:10:35,2023-04-08 10:09:56
RM-HTL0029-110,HTL0029,110,DLX,Deluxe Room,115.52,1,2021-05-05 18:35:16,2022-05-19 10:30:34
RM-HTL0029-111,HTL0029,111,STD,Standard Room,56.55,1,2021-05-26 21:59:55,2025-03-21 19:04:06
RM-HTL0029-112,HTL0029,112,SUT,Suite Room,264.92,1,2021-06-01 02:22:20,2022-02-26 21:39:30
RM-HTL0029-113,HTL0029,113,STD,Standard Room,57.26,1,2021-05-07 18:23:33,2022-07-06 15:15:30
RM-HTL0029-114,HTL0029,114,EXE,Executive Suite,398.85,1,2021-05-07 00:12:00,2021-05-07 00:12:00
RM-HTL0029-115,HTL0029,115,SUP,Superior Room,84.06,1,2021-05-20 21:32:25,2024-03-16 10:59:15
RM-HTL0029-116,HTL0029,116,SUT,Suite Room,260.53,1,2021-05-10 04:13:49,2025-03-23 10:08:50
RM-HTL0029-117,HTL0029,117,STD,Standard Room,52.02,1,2021-05-19 21:17:20,2021-05-19 21:17:20
RM-HTL0029-118,HTL0029,118,SUT,Suite Room,249.23,1,2021-05-19 12:51:52,2024-01-30 23:10:36
RM-HTL0029-119,HTL0029,119,EXE,Executive Suite,398.64,1,2021-05-12 16:12:08,2024-07-11 08:45:24
RM-HTL0029-120,HTL0029,120,EXE,Executive Suite,410.61,1,2021-05-17 10:06:50,2025-06-07 03:47:02
RM-HTL0029-121,HTL0029,121,SUP,Superior Room,86.31,1,2021-05-22 23:32:21,2022-09-29 04:11:57
RM-HTL0029-122,HTL0029,122,SUT,Suite Room,247.17,1,2021-05-04 14:27:10,2023-06-21 18:20:41
RM-HTL0029-123,HTL0029,123,SUT,Suite Room,262.95,1,2021-05-24 05:34:29,2023-08-13 12:24:18
RM-HTL0029-124,HTL0029,124,STD,Standard Room,47.01,1,2021-05-15 17:10:30,2021-05-15 17:10:30
RM-HTL0029-125,HTL0029,125,STD,Standard Room,50.2,1,2021-05-08 13:59:53,2023-08-04 02:04:48
RM-HTL0029-126,HTL0029,126,DLX,Deluxe Room,110.2,1,2021-06-02 23:15:14,2023-07-20 06:34:25
RM-HTL0029-127,HTL0029,127,STD,Standard Room,62.09,1,2021-05-19 22:12:13,2022-09-01 09:30:54
RM-HTL0029-128,HTL0029,128,STD,Standard Room,100.82,1,2021-05-06 12:55:49,2026-04-08 08:11:19
RM-HTL0029-129,HTL0029,129,STD,Standard Room,49.16,1,2021-05-19 22:34:26,2021-05-19 22:34:26
RM-HTL0029-130,HTL0029,130,EXE,Executive Suite,398.66,1,2021-05-13 18:59:08,2021-05-18 08:52:59
RM-HTL0029-131,HTL0029,131,DLX,Deluxe Room,116.28,1,2021-06-01 05:23:30,2026-04-15 18:22:39
RM-HTL0029-132,HTL0029,132,EXE,Executive Suite,401.98,1,2021-05-19 08:23:04,2023-03-11 00:28:21
RM-HTL0029-133,HTL0029,133,EXE,Executive Suite,408.61,1,2021-05-30 02:44:06,2021-12-11 14:08:27
RM-HTL0029-134,HTL0029,134,DLX,Deluxe Room,111.85,1,2021-05-26 21:02:00,2021-05-26 21:02:00
RM-HTL0029-135,HTL0029,135,EXE,Executive Suite,400.34,1,2021-05-06 17:03:22,2022-08-15 17:14:09
RM-HTL0029-136,HTL0029,136,STD,Standard Room,64.47,1,2021-05-13 20:19:59,2021-05-13 20:19:59
RM-HTL0029-137,HTL0029,137,EXE,Executive Suite,398.8,1,2021-05-21 12:02:35,2024-04-23 06:32:16
RM-HTL0029-138,HTL0029,138,SUP,Superior Room,71.3,1,2021-05-04 18:44:14,2021-05-04 18:44:14
RM-HTL0029-139,HTL0029,139,DLX,Deluxe Room,117.13,1,2021-05-07 17:23:51,2024-05-28 20:27:33
RM-HTL0029-140,HTL0029,140,EXE,Executive Suite,414.07,1,2021-05-20 21:33:18,2022-05-17 01:02:07
RM-HTL0029-141,HTL0029,141,DLX,Deluxe Room,121.15,1,2021-06-02 02:57:11,2025-06-19 15:26:32
RM-HTL0029-142,HTL0029,142,EXE,Executive Suite,395.9,1,2021-05-30 18:21:57,2024-05-15 20:58:25
RM-HTL0029-143,HTL0029,143,SUP,Superior Room,80.32,1,2021-05-24 18:59:27,2022-07-20 10:55:32
RM-HTL0029-144,HTL0029,144,STD,Standard Room,64.42,1,2021-05-25 12:29:55,2021-07-22 01:19:21
RM-HTL0029-145,HTL0029,145,SUT,Suite Room,257.64,1,2021-05-25 05:19:11,2021-12-22 20:29:27
RM-HTL0029-146,HTL0029,146,STD,Standard Room,58.3,1,2021-05-18 21:01:53,2021-05-18 21:01:53
RM-HTL0029-147,HTL0029,147,DLX,Deluxe Room,117.34,1,2021-05-05 15:43:45,2024-09-04 22:43:34
RM-HTL0029-148,HTL0029,148,DLX,Deluxe Room,117.43,1,2021-05-16 06:39:52,2024-06-30 11:33:52
RM-HTL0029-149,HTL0029,149,SUP,Superior Room,72.55,1,2021-06-01 23:38:44,2026-01-02 16:03:14
RM-HTL0029-150,HTL0029,150,SUP,Superior Room,87.66,0,2021-05-09 20:21:54,2021-05-09 20:21:54
RM-HTL0029-151,HTL0029,151,STD,Standard Room,55.34,1,2021-06-01 16:20:19,2024-12-04 15:29:55
RM-HTL0029-152,HTL0029,152,SUP,Superior Room,83.26,1,2021-05-03 15:04:31,2024-01-05 11:10:09
RM-HTL0029-153,HTL0029,153,SUP,Superior Room,88.19,1,2021-05-19 00:36:11,2021-05-19 00:36:11
RM-HTL0029-154,HTL0029,154,STD,Standard Room,53.58,1,2021-05-06 15:28:19,2021-05-06 15:28:19
RM-HTL0029-155,HTL0029,155,SUT,Suite Room,257.28,1,2021-05-07 00:48:00,2021-05-07 00:48:00
RM-HTL0029-156,HTL0029,156,SUT,Suite Room,260.42,1,2021-05-10 03:34:32,2022-08-28 03:05:50
RM-HTL0029-157,HTL0029,157,SUT,Suite Room,247.91,1,2021-05-22 02:37:51,2026-05-16 01:13:45
RM-HTL0029-158,HTL0029,158,EXE,Executive Suite,408.87,1,2021-05-16 05:33:02,2023-05-31 14:02:19
RM-HTL0029-159,HTL0029,159,DLX,Deluxe Room,118.95,1,2021-05-12 12:34:19,2022-09-14 11:51:51
RM-HTL0029-160,HTL0029,160,STD,Standard Room,55.83,1,2021-06-01 11:14:41,2025-04-01 12:18:32
RM-HTL0029-161,HTL0029,161,EXE,Executive Suite,411.56,1,2021-05-28 05:39:38,2025-10-27 16:22:46
RM-HTL0029-162,HTL0029,162,EXE,Executive Suite,407.74,1,2021-05-24 12:18:52,2022-04-05 11:16:41
RM-HTL0029-163,HTL0029,163,STD,Standard Room,63.3,1,2021-05-27 11:02:07,2021-05-27 11:02:07
RM-HTL0029-164,HTL0029,164,EXE,Executive Suite,406.43,1,2021-05-18 05:49:43,2022-10-24 07:07:43
RM-HTL0029-165,HTL0029,165,SUP,Superior Room,83.25,1,2021-05-10 11:57:42,2025-09-18 06:08:54
RM-HTL0029-166,HTL0029,166,SUT,Suite Room,252.17,1,2021-05-29 17:44:51,2023-01-07 11:46:14
RM-HTL0029-167,HTL0029,167,SUP,Superior Room,78.3,1,2021-05-27 17:21:45,2022-03-02 02:22:10
RM-HTL0029-168,HTL0029,168,SUT,Suite Room,259.42,1,2021-05-08 02:13:10,2021-12-12 08:06:19
RM-HTL0029-169,HTL0029,169,EXE,Executive Suite,406.64,1,2021-05-14 18:27:11,2021-05-14 18:27:11
RM-HTL0029-170,HTL0029,170,SUT,Suite Room,262.43,1,2021-06-01 14:37:52,2021-06-01 14:37:52
RM-HTL0029-171,HTL0029,171,STD,Standard Room,50.36,1,2021-05-28 15:00:14,2023-10-06 20:04:16
RM-HTL0029-172,HTL0029,172,EXE,Executive Suite,408.67,1,2021-05-26 18:39:03,2021-05-26 18:39:03
RM-HTL0029-173,HTL0029,173,STD,Standard Room,47.07,1,2021-05-26 02:48:56,2024-04-27 04:08:44
RM-HTL0029-174,HTL0029,174,STD,Standard Room,57.83,1,2021-05-05 22:58:37,2021-05-05 22:58:37
RM-HTL0029-175,HTL0029,175,STD,Standard Room,64.69,1,2021-06-02 03:22:18,2022-07-14 18:52:30
RM-HTL0029-176,HTL0029,176,EXE,Executive Suite,402.62,1,2021-05-09 14:38:41,2021-06-11 18:58:17
RM-HTL0029-177,HTL0029,177,SUT,Suite Room,262.7,1,2021-05-22 17:50:11,2021-05-22 17:50:11
RM-HTL0029-178,HTL0029,178,STD,Standard Room,57.9,1,2021-05-17 00:15:14,2022-02-13 12:38:44
RM-HTL0029-179,HTL0029,179,SUT,Suite Room,256.93,1,2021-05-18 03:43:07,2021-05-18 03:43:07
RM-HTL0029-180,HTL0029,180,SUP,Superior Room,75.38,1,2021-05-21 09:32:31,2025-05-01 14:38:55
RM-HTL0030-101,HTL0030,101,DLX,Deluxe Room,105.51,1,2020-12-15 13:52:26,2022-03-08 18:49:57
RM-HTL0030-102,HTL0030,102,SUP,Superior Room,75.22,1,2020-12-14 00:29:43,2022-07-04 17:47:04
RM-HTL0030-103,HTL0030,103,DLX,Deluxe Room,115.78,1,2020-12-30 22:57:13,2023-05-26 14:06:57
RM-HTL0030-104,HTL0030,104,SUT,Suite Room,248.39,1,2020-12-09 11:25:41,2020-12-09 11:25:41
RM-HTL0030-105,HTL0030,105,SUP,Superior Room,77.84,1,2020-12-30 01:47:12,2020-12-30 01:47:12
RM-HTL0030-106,HTL0030,106,EXE,Executive Suite,397.98,1,2020-12-19 06:28:52,2022-01-22 23:59:40
RM-HTL0030-107,HTL0030,107,DLX,Deluxe Room,107.01,1,2020-12-12 19:17:54,2024-01-25 07:47:35
RM-HTL0030-108,HTL0030,108,SUT,Suite Room,258.75,1,2021-01-07 20:38:30,2022-04-30 20:21:21
RM-HTL0030-109,HTL0030,109,SUT,Suite Room,261.86,1,2020-12-30 22:33:07,2020-12-30 22:33:07
RM-HTL0030-110,HTL0030,110,DLX,Deluxe Room,117.41,1,2020-12-24 09:11:11,2025-09-28 14:00:11
RM-HTL0030-111,HTL0030,111,SUP,Superior Room,73.41,1,2021-01-04 03:57:48,2026-03-04 17:07:46
RM-HTL0030-112,HTL0030,112,SUT,Suite Room,247.33,1,2020-12-20 04:45:06,2020-12-20 04:45:06
RM-HTL0030-113,HTL0030,113,EXE,Executive Suite,407.89,1,2020-12-18 08:16:08,2024-11-12 17:10:02
RM-HTL0030-114,HTL0030,114,STD,Standard Room,50.92,1,2020-12-11 12:44:18,2022-01-14 17:32:27
RM-HTL0030-115,HTL0030,115,SUT,Suite Room,259.48,1,2021-01-05 14:26:21,2024-12-09 16:41:01
RM-HTL0030-116,HTL0030,116,EXE,Executive Suite,409.2,1,2020-12-31 04:27:25,2020-12-31 19:34:37
RM-HTL0030-117,HTL0030,117,EXE,Executive Suite,403.52,1,2020-12-18 00:17:33,2021-02-18 06:44:28
RM-HTL0030-118,HTL0030,118,STD,Standard Room,63.91,1,2020-12-10 20:28:16,2025-04-19 02:37:42
RM-HTL0030-119,HTL0030,119,SUT,Suite Room,246.0,1,2020-12-23 04:54:11,2025-02-14 23:35:38
RM-HTL0030-120,HTL0030,120,SUT,Suite Room,245.19,1,2020-12-08 04:40:44,2020-12-08 04:40:44
RM-HTL0030-121,HTL0030,121,EXE,Executive Suite,414.09,1,2020-12-28 11:01:27,2023-07-17 08:53:41
RM-HTL0030-122,HTL0030,122,EXE,Executive Suite,414.77,1,2021-01-04 17:03:18,2024-01-08 19:00:17
RM-HTL0030-123,HTL0030,123,DLX,Deluxe Room,122.84,1,2020-12-22 14:13:33,2020-12-22 14:13:33
RM-HTL0030-124,HTL0030,124,SUP,Superior Room,87.5,1,2021-01-01 06:25:01,2022-01-26 17:23:58
RM-HTL0030-125,HTL0030,125,DLX,Deluxe Room,106.71,1,2020-12-30 19:46:03,2021-03-21 19:53:11
RM-HTL0030-126,HTL0030,126,SUP,Superior Room,74.15,1,2020-12-13 02:39:57,2025-01-06 15:44:18
RM-HTL0030-127,HTL0030,127,DLX,Deluxe Room,121.61,1,2020-12-20 00:38:04,2025-05-31 21:11:26
RM-HTL0030-128,HTL0030,128,EXE,Executive Suite,400.82,1,2020-12-22 13:40:46,2020-12-22 13:40:46
RM-HTL0030-129,HTL0030,129,SUT,Suite Room,245.48,1,2020-12-24 22:45:32,2026-03-20 14:22:18
RM-HTL0030-130,HTL0030,130,DLX,Deluxe Room,119.46,1,2020-12-14 23:39:43,2022-05-07 08:46:18
RM-HTL0030-131,HTL0030,131,SUT,Suite Room,258.71,1,2020-12-23 05:50:15,2023-10-20 18:28:20
RM-HTL0030-132,HTL0030,132,SUP,Superior Room,73.39,1,2021-01-03 07:50:49,2026-01-25 23:33:46
RM-HTL0030-133,HTL0030,133,EXE,Executive Suite,412.89,1,2020-12-16 19:20:39,2022-04-29 23:36:26
RM-HTL0030-134,HTL0030,134,SUP,Superior Room,79.39,1,2020-12-23 01:54:14,2020-12-23 01:54:14
RM-HTL0030-135,HTL0030,135,EXE,Executive Suite,408.93,1,2021-01-02 22:32:39,2021-12-16 00:24:55
RM-HTL0030-136,HTL0030,136,DLX,Deluxe Room,105.59,1,2021-01-03 07:54:25,2021-01-03 07:54:25
RM-HTL0030-137,HTL0030,137,SUP,Superior Room,85.97,1,2020-12-24 12:15:35,2024-03-06 08:21:13
RM-HTL0030-138,HTL0030,138,DLX,Deluxe Room,121.47,1,2020-12-24 18:17:03,2021-12-12 18:16:33
RM-HTL0030-139,HTL0030,139,DLX,Deluxe Room,116.21,1,2020-12-26 19:47:14,2020-12-26 19:47:14
RM-HTL0030-140,HTL0030,140,SUP,Superior Room,71.83,1,2021-01-07 17:07:05,2022-11-07 12:13:26
RM-HTL0030-141,HTL0030,141,DLX,Deluxe Room,105.11,1,2020-12-08 15:43:20,2020-12-08 15:43:20
RM-HTL0030-142,HTL0030,142,SUP,Superior Room,86.04,1,2020-12-12 04:30:59,2025-01-08 05:34:20
RM-HTL0030-143,HTL0030,143,SUT,Suite Room,249.26,1,2021-01-05 12:15:20,2021-04-02 19:04:21
RM-HTL0030-144,HTL0030,144,SUP,Superior Room,83.84,1,2020-12-22 17:22:22,2020-12-22 17:22:22
RM-HTL0030-145,HTL0030,145,SUP,Superior Room,89.05,1,2020-12-28 07:29:17,2020-12-28 07:29:17
RM-HTL0030-146,HTL0030,146,SUT,Suite Room,248.77,1,2020-12-19 05:37:41,2023-07-09 09:43:38
RM-HTL0030-147,HTL0030,147,SUT,Suite Room,259.39,1,2020-12-15 03:09:52,2022-03-02 20:11:23
RM-HTL0030-148,HTL0030,148,STD,Standard Room,57.22,1,2020-12-25 02:41:21,2026-03-10 12:52:36
RM-HTL0030-149,HTL0030,149,SUT,Suite Room,252.22,1,2020-12-13 06:32:01,2022-05-06 07:31:22
RM-HTL0030-150,HTL0030,150,DLX,Deluxe Room,135.29,1,2020-12-24 12:48:05,2024-05-27 01:57:31
RM-HTL0030-151,HTL0030,151,SUT,Suite Room,262.42,1,2021-01-01 15:45:28,2021-01-01 15:45:28
RM-HTL0030-152,HTL0030,152,STD,Standard Room,59.6,1,2021-01-06 07:12:03,2021-07-25 00:47:53
RM-HTL0030-153,HTL0030,153,SUT,Suite Room,250.66,1,2020-12-21 17:24:00,2020-12-21 17:24:00
RM-HTL0030-154,HTL0030,154,STD,Standard Room,52.62,1,2020-12-28 17:15:07,2023-02-25 03:06:26
RM-HTL0030-155,HTL0030,155,STD,Standard Room,49.35,1,2020-12-19 01:17:24,2021-09-15 17:24:14
RM-HTL0030-156,HTL0030,156,SUP,Superior Room,85.38,1,2021-01-02 08:06:32,2025-08-19 19:04:46
RM-HTL0030-157,HTL0030,157,EXE,Executive Suite,404.1,1,2021-01-01 18:49:23,2023-12-12 10:14:11
RM-HTL0030-158,HTL0030,158,STD,Standard Room,46.21,1,2020-12-29 09:18:49,2021-03-07 15:09:30
RM-HTL0030-159,HTL0030,159,SUT,Suite Room,248.44,1,2020-12-10 13:02:31,2024-05-09 07:28:44
RM-HTL0030-160,HTL0030,160,SUP,Superior Room,73.38,1,2021-01-06 13:37:30,2021-01-06 13:37:30
RM-HTL0030-161,HTL0030,161,DLX,Deluxe Room,108.3,1,2020-12-16 07:05:54,2026-02-20 06:55:19
RM-HTL0030-162,HTL0030,162,STD,Standard Room,102.45,0,2020-12-31 17:30:17,2025-12-02 04:04:37
RM-HTL0030-163,HTL0030,163,EXE,Executive Suite,402.4,1,2021-01-04 02:11:52,2024-05-27 21:50:27
RM-HTL0030-164,HTL0030,164,STD,Standard Room,61.03,1,2020-12-18 06:54:49,2022-09-05 07:18:37
RM-HTL0030-165,HTL0030,165,EXE,Executive Suite,409.84,1,2020-12-16 06:21:14,2020-12-16 06:21:14
RM-HTL0030-166,HTL0030,166,SUP,Superior Room,83.35,0,2020-12-25 00:27:18,2020-12-25 00:27:18
RM-HTL0030-167,HTL0030,167,SUP,Superior Room,74.82,1,2020-12-18 07:39:41,2021-07-04 23:06:55
RM-HTL0030-168,HTL0030,168,EXE,Executive Suite,399.14,1,2020-12-14 02:29:42,2021-05-01 11:33:44
RM-HTL0030-169,HTL0030,169,STD,Standard Room,50.1,1,2020-12-23 00:47:00,2022-04-17 20:54:31
RM-HTL0030-170,HTL0030,170,DLX,Deluxe Room,110.94,1,2021-01-07 16:28:53,2021-01-07 16:28:53
RM-HTL0030-171,HTL0030,171,SUT,Suite Room,264.51,1,2020-12-10 16:18:09,2022-03-19 07:27:08
RM-HTL0030-172,HTL0030,172,SUT,Suite Room,252.37,1,2020-12-29 03:18:38,2020-12-29 03:18:38
RM-HTL0030-173,HTL0030,173,SUT,Suite Room,258.43,1,2021-01-06 02:43:07,2021-02-05 23:24:58
RM-HTL0030-174,HTL0030,174,STD,Standard Room,57.26,1,2020-12-22 22:07:08,2022-03-26 15:13:57
RM-HTL0030-175,HTL0030,175,SUT,Suite Room,257.22,1,2020-12-17 13:46:24,2020-12-17 13:46:24
RM-HTL0030-176,HTL0030,176,SUT,Suite Room,252.19,1,2021-01-05 10:33:50,2021-07-10 01:15:13
RM-HTL0030-177,HTL0030,177,SUT,Suite Room,247.95,1,2020-12-18 17:13:55,2020-12-18 17:13:55
RM-HTL0030-178,HTL0030,178,EXE,Executive Suite,396.29,1,2020-12-23 09:00:28,2022-11-04 10:12:46
RM-HTL0030-179,HTL0030,179,STD,Standard Room,47.83,1,2021-01-04 01:22:30,2024-01-28 10:34:23
RM-HTL0030-180,HTL0030,180,SUP,Superior Room,70.59,1,2020-12-18 10:31:25,2026-05-03 23:55:00
RM-HTL0030-181,HTL0030,181,DLX,Deluxe Room,113.05,1,2020-12-18 13:03:26,2022-11-18 13:30:26
RM-HTL0030-182,HTL0030,182,DLX,Deluxe Room,121.55,1,2020-12-24 18:02:25,2020-12-24 18:02:25
RM-HTL0030-183,HTL0030,183,EXE,Executive Suite,399.73,1,2021-01-01 11:08:37,2024-05-17 14:56:33
RM-HTL0030-184,HTL0030,184,DLX,Deluxe Room,117.87,1,2020-12-24 19:33:12,2026-04-28 02:19:19
RM-HTL0030-185,HTL0030,185,SUT,Suite Room,247.9,1,2020-12-16 23:33:49,2020-12-16 23:33:49
RM-HTL0030-186,HTL0030,186,SUP,Superior Room,86.25,1,2020-12-16 21:20:07,2020-12-16 21:20:07
RM-HTL0030-187,HTL0030,187,STD,Standard Room,51.35,1,2021-01-03 09:30:21,2024-10-16 15:18:02
RM-HTL0030-188,HTL0030,188,SUT,Suite Room,247.29,1,2020-12-24 15:42:29,2020-12-24 15:42:29
RM-HTL0030-189,HTL0030,189,STD,Standard Room,48.39,1,2020-12-30 06:28:19,2021-01-14 00:15:09
RM-HTL0030-190,HTL0030,190,STD,Standard Room,47.67,1,2020-12-29 13:20:34,2025-02-27 13:19:11
RM-HTL0030-191,HTL0030,191,SUP,Superior Room,88.95,1,2020-12-13 14:50:16,2022-08-10 16:27:58
RM-HTL0030-192,HTL0030,192,EXE,Executive Suite,409.33,1,2020-12-26 22:35:20,2020-12-26 22:35:20
RM-HTL0030-193,HTL0030,193,DLX,Deluxe Room,116.2,1,2021-01-04 16:01:49,2021-01-04 16:01:49
RM-HTL0030-194,HTL0030,194,EXE,Executive Suite,405.87,1,2020-12-29 23:41:48,2023-09-03 02:06:13
RM-HTL0030-195,HTL0030,195,SUT,Suite Room,262.48,1,2021-01-06 20:15:38,2021-01-06 20:15:38
RM-HTL0030-196,HTL0030,196,STD,Standard Room,56.98,1,2020-12-23 12:48:34,2021-08-05 01:54:20
RM-HTL0030-197,HTL0030,197,SUP,Superior Room,78.54,1,2020-12-24 08:57:40,2022-09-27 09:04:00
RM-HTL0030-198,HTL0030,198,EXE,Executive Suite,397.38,1,2020-12-31 05:44:26,2025-03-11 23:54:49
RM-HTL0030-199,HTL0030,199,EXE,Executive Suite,396.78,1,2020-12-25 14:40:31,2020-12-25 14:40:31
RM-HTL0030-200,HTL0030,200,EXE,Executive Suite,402.88,1,2020-12-17 12:49:51,2024-06-05 03:05:04
RM-HTL0030-201,HTL0030,201,STD,Standard Room,55.36,1,2021-01-04 12:12:09,2024-08-12 00:01:03
RM-HTL0030-202,HTL0030,202,DLX,Deluxe Room,106.07,1,2020-12-30 05:47:45,2024-04-22 20:55:27
RM-HTL0030-203,HTL0030,203,DLX,Deluxe Room,118.1,1,2020-12-20 05:17:35,2020-12-20 05:17:35
RM-HTL0030-204,HTL0030,204,SUP,Superior Room,81.27,1,2021-01-05 17:40:36,2021-01-05 17:40:36
RM-HTL0030-205,HTL0030,205,DLX,Deluxe Room,112.43,1,2021-01-01 19:39:04,2023-11-27 05:00:54
RM-HTL0030-206,HTL0030,206,EXE,Executive Suite,414.87,1,2020-12-13 13:13:50,2026-02-16 06:08:29
RM-HTL0030-207,HTL0030,207,SUT,Suite Room,261.35,1,2021-01-06 09:38:19,2021-06-04 01:33:23
RM-HTL0030-208,HTL0030,208,DLX,Deluxe Room,115.71,1,2021-01-03 18:14:35,2023-07-09 12:07:37
RM-HTL0030-209,HTL0030,209,SUP,Superior Room,71.15,1,2021-01-02 22:04:07,2021-07-13 07:11:15
RM-HTL0030-210,HTL0030,210,SUP,Superior Room,115.03,1,2020-12-23 12:12:49,2020-12-23 12:12:49
RM-HTL0030-211,HTL0030,211,SUP,Superior Room,87.0,1,2021-01-07 17:15:41,2021-01-07 17:15:41
RM-HTL0030-212,HTL0030,212,EXE,Executive Suite,413.09,1,2020-12-31 00:21:33,2024-06-14 07:44:55
RM-HTL0030-213,HTL0030,213,STD,Standard Room,46.85,1,2020-12-14 08:56:26,2025-06-27 21:21:26
RM-HTL0030-214,HTL0030,214,SUP,Superior Room,87.82,1,2021-01-03 11:53:05,2021-01-03 11:53:05
RM-HTL0030-215,HTL0030,215,SUT,Suite Room,262.83,1,2020-12-08 03:01:39,2025-01-31 17:45:25
RM-HTL0030-216,HTL0030,216,EXE,Executive Suite,395.93,1,2020-12-27 05:05:30,2023-04-04 07:31:18
RM-HTL0030-217,HTL0030,217,DLX,Deluxe Room,118.64,1,2021-01-05 16:06:00,2021-01-05 16:06:00
RM-HTL0030-218,HTL0030,218,SUT,Suite Room,253.87,1,2020-12-29 09:48:59,2020-12-29 09:48:59
RM-HTL0030-219,HTL0030,219,SUP,Superior Room,73.06,1,2020-12-30 20:08:11,2020-12-30 20:08:11
RM-HTL0030-220,HTL0030,220,STD,Standard Room,50.13,1,2020-12-22 05:00:32,2020-12-22 05:00:32
RM-HTL0030-221,HTL0030,221,DLX,Deluxe Room,115.25,1,2020-12-08 16:16:38,2023-03-12 19:44:41
RM-HTL0030-222,HTL0030,222,EXE,Executive Suite,403.5,1,2020-12-12 13:14:23,2020-12-12 13:14:23
RM-HTL0030-223,HTL0030,223,DLX,Deluxe Room,121.95,1,2020-12-16 16:58:49,2026-01-13 04:15:14
RM-HTL0030-224,HTL0030,224,STD,Standard Room,55.68,1,2020-12-15 08:00:52,2020-12-15 08:00:52
RM-HTL0030-225,HTL0030,225,DLX,Deluxe Room,109.76,1,2020-12-29 01:58:06,2020-12-29 01:58:06
RM-HTL0030-226,HTL0030,226,SUP,Superior Room,82.01,1,2021-01-06 15:33:37,2022-05-31 07:45:50
RM-HTL0030-227,HTL0030,227,DLX,Deluxe Room,109.28,1,2020-12-12 01:29:36,2023-11-07 16:56:15
RM-HTL0030-228,HTL0030,228,EXE,Executive Suite,411.58,1,2020-12-14 09:51:56,2022-07-12 18:39:20
RM-HTL0030-229,HTL0030,229,EXE,Executive Suite,397.84,1,2020-12-31 15:36:13,2020-12-31 15:36:13
RM-HTL0030-230,HTL0030,230,EXE,Executive Suite,408.43,1,2020-12-12 18:16:28,2020-12-12 18:16:28
RM-HTL0030-231,HTL0030,231,SUP,Superior Room,87.67,1,2020-12-16 10:05:25,2021-03-12 22:03:10
RM-HTL0030-232,HTL0030,232,SUT,Suite Room,248.87,1,2020-12-29 09:02:05,2026-04-14 06:47:01
RM-HTL0030-233,HTL0030,233,EXE,Executive Suite,412.05,1,2020-12-19 02:29:56,2022-11-25 14:10:05
RM-HTL0030-234,HTL0030,234,STD,Standard Room,51.59,1,2020-12-18 14:27:57,2020-12-18 14:27:57
RM-HTL0030-235,HTL0030,235,STD,Standard Room,52.59,1,2020-12-21 10:42:20,2020-12-21 10:42:20
RM-HTL0030-236,HTL0030,236,STD,Standard Room,61.34,1,2020-12-27 17:11:31,2025-08-22 13:47:18
RM-HTL0030-237,HTL0030,237,EXE,Executive Suite,395.9,1,2020-12-17 17:48:53,2026-01-28 12:29:43
RM-HTL0030-238,HTL0030,238,STD,Standard Room,45.42,1,2021-01-01 23:41:05,2023-02-06 03:16:48
RM-HTL0030-239,HTL0030,239,DLX,Deluxe Room,108.72,1,2020-12-21 21:03:02,2024-02-12 06:41:25
RM-HTL0030-240,HTL0030,240,SUT,Suite Room,262.05,1,2020-12-24 00:54:06,2024-03-04 19:29:12
RM-HTL0030-241,HTL0030,241,STD,Standard Room,58.66,1,2020-12-15 17:45:12,2022-04-15 17:53:17
RM-HTL0030-242,HTL0030,242,SUP,Superior Room,75.5,1,2021-01-03 09:01:32,2026-01-14 03:17:02
RM-HTL0030-243,HTL0030,243,STD,Standard Room,55.02,1,2020-12-27 00:19:29,2021-07-11 12:15:57
RM-HTL0030-244,HTL0030,244,STD,Standard Room,63.15,1,2020-12-27 06:30:42,2020-12-27 06:30:42
RM-HTL0030-245,HTL0030,245,SUT,Suite Room,262.33,1,2021-01-03 11:29:55,2025-12-25 22:39:57
RM-HTL0030-246,HTL0030,246,STD,Standard Room,57.85,1,2020-12-09 08:49:34,2022-01-29 09:27:20
RM-HTL0030-247,HTL0030,247,SUT,Suite Room,252.29,1,2020-12-09 22:26:13,2020-12-09 22:26:13
RM-HTL0030-248,HTL0030,248,DLX,Deluxe Room,106.01,1,2020-12-26 04:50:59,2026-03-23 11:42:44
RM-HTL0030-249,HTL0030,249,STD,Standard Room,58.65,1,2020-12-13 06:30:56,2020-12-13 06:30:56
RM-HTL0030-250,HTL0030,250,SUT,Suite Room,260.31,1,2021-01-05 23:50:03,2021-01-05 23:50:03
RM-HTL0030-251,HTL0030,251,DLX,Deluxe Room,115.18,1,2020-12-27 14:47:44,2024-09-17 06:11:56
RM-HTL0030-252,HTL0030,252,EXE,Executive Suite,411.99,1,2021-01-02 10:44:58,2021-01-02 10:44:58
RM-HTL0030-253,HTL0030,253,SUT,Suite Room,260.25,1,2020-12-17 17:01:00,2024-06-01 15:17:32
RM-HTL0030-254,HTL0030,254,SUT,Suite Room,247.71,1,2021-01-02 00:49:48,2023-07-05 21:06:01
RM-HTL0030-255,HTL0030,255,SUP,Superior Room,86.71,1,2021-01-05 07:17:56,2021-01-05 07:17:56
RM-HTL0030-256,HTL0030,256,STD,Standard Room,48.7,1,2020-12-28 15:24:39,2026-05-12 23:38:53
RM-HTL0030-257,HTL0030,257,SUP,Superior Room,88.5,1,2020-12-11 01:34:22,2026-05-16 17:26:05
RM-HTL0030-258,HTL0030,258,EXE,Executive Suite,434.41,0,2020-12-18 18:12:11,2023-08-19 16:11:50
RM-HTL0030-259,HTL0030,259,SUP,Superior Room,85.61,0,2020-12-17 21:13:02,2020-12-17 21:13:02
RM-HTL0030-260,HTL0030,260,STD,Standard Room,49.4,1,2020-12-25 00:15:20,2020-12-25 00:15:20
RM-HTL0030-261,HTL0030,261,SUP,Superior Room,89.12,1,2021-01-01 23:53:35,2023-04-26 02:41:17
RM-HTL0030-262,HTL0030,262,DLX,Deluxe Room,105.78,1,2020-12-19 17:18:02,2020-12-19 17:18:02
RM-HTL0030-263,HTL0030,263,SUT,Suite Room,247.26,1,2020-12-26 08:09:27,2022-03-06 07:28:00
RM-HTL0030-264,HTL0030,264,SUP,Superior Room,83.45,1,2020-12-30 00:07:37,2020-12-30 00:07:37
RM-HTL0030-265,HTL0030,265,EXE,Executive Suite,399.7,1,2020-12-12 03:10:08,2020-12-12 03:10:08
RM-HTL0030-266,HTL0030,266,DLX,Deluxe Room,121.17,1,2021-01-06 12:46:45,2025-08-29 08:24:40
RM-HTL0030-267,HTL0030,267,EXE,Executive Suite,409.97,1,2020-12-22 14:49:03,2020-12-22 14:49:03
RM-HTL0030-268,HTL0030,268,EXE,Executive Suite,405.46,1,2021-01-01 19:18:44,2021-01-01 19:18:44
RM-HTL0030-269,HTL0030,269,SUT,Suite Room,263.35,1,2020-12-19 12:40:38,2020-12-19 12:40:38
RM-HTL0030-270,HTL0030,270,STD,Standard Room,56.26,1,2020-12-30 23:08:27,2021-08-02 12:22:53
RM-HTL0030-271,HTL0030,271,STD,Standard Room,61.74,1,2021-01-02 16:51:36,2021-01-02 16:51:36
RM-HTL0030-272,HTL0030,272,DLX,Deluxe Room,122.97,1,2020-12-20 21:50:20,2026-02-09 19:23:39
RM-HTL0030-273,HTL0030,273,SUP,Superior Room,89.09,1,2020-12-14 20:30:41,2026-05-21 15:55:27
RM-HTL0030-274,HTL0030,274,SUT,Suite Room,263.39,1,2021-01-01 11:38:46,2024-04-04 15:53:11
RM-HTL0030-275,HTL0030,275,SUT,Suite Room,260.49,1,2020-12-15 01:43:14,2023-12-14 01:54:07
RM-HTL0030-276,HTL0030,276,DLX,Deluxe Room,116.42,1,2020-12-16 22:06:20,2024-01-06 17:25:04
RM-HTL0030-277,HTL0030,277,DLX,Deluxe Room,108.11,1,2020-12-18 11:13:41,2021-09-15 12:00:59
RM-HTL0030-278,HTL0030,278,STD,Standard Room,62.9,1,2021-01-03 11:09:18,2026-04-29 23:04:31
RM-HTL0030-279,HTL0030,279,STD,Standard Room,63.04,1,2020-12-15 22:59:39,2021-12-02 00:00:25
RM-HTL0030-280,HTL0030,280,DLX,Deluxe Room,122.84,1,2020-12-08 07:07:53,2025-04-10 05:23:55
RM-HTL0030-281,HTL0030,281,STD,Standard Room,64.65,1,2020-12-14 15:56:02,2023-08-09 08:30:28
RM-HTL0030-282,HTL0030,282,EXE,Executive Suite,395.76,1,2020-12-09 13:24:17,2020-12-09 13:24:17
RM-HTL0030-283,HTL0030,283,SUT,Suite Room,256.61,1,2021-01-01 16:11:04,2026-03-31 01:39:07
RM-HTL0030-284,HTL0030,284,SUT,Suite Room,245.43,1,2020-12-24 02:30:15,2020-12-24 02:30:15
RM-HTL0030-285,HTL0030,285,EXE,Executive Suite,403.17,1,2020-12-14 14:56:30,2021-08-23 21:33:13
RM-HTL0030-286,HTL0030,286,EXE,Executive Suite,412.54,1,2021-01-01 09:58:44,2021-01-01 09:58:44
RM-HTL0030-287,HTL0030,287,SUT,Suite Room,248.98,1,2021-01-04 17:27:25,2026-04-10 05:44:41
RM-HTL0030-288,HTL0030,288,EXE,Executive Suite,395.63,1,2020-12-16 10:47:13,2024-02-21 23:48:40
RM-HTL0030-289,HTL0030,289,STD,Standard Room,55.81,1,2020-12-23 09:38:12,2022-08-16 12:59:31
RM-HTL0030-290,HTL0030,290,DLX,Deluxe Room,116.13,1,2020-12-31 15:09:35,2020-12-31 15:09:35
RM-HTL0030-291,HTL0030,291,STD,Standard Room,58.01,1,2020-12-13 11:26:32,2020-12-13 11:26:32
RM-HTL0030-292,HTL0030,292,DLX,Deluxe Room,110.02,1,2020-12-30 05:21:03,2020-12-30 05:21:03
RM-HTL0030-293,HTL0030,293,EXE,Executive Suite,404.85,1,2021-01-03 04:53:06,2021-03-16 20:14:27
RM-HTL0030-294,HTL0030,294,DLX,Deluxe Room,118.29,1,2020-12-13 04:12:46,2023-06-01 23:00:54
RM-HTL0030-295,HTL0030,295,EXE,Executive Suite,412.67,1,2020-12-20 19:02:25,2026-02-11 15:53:07
RM-HTL0030-296,HTL0030,296,EXE,Executive Suite,401.34,1,2021-01-05 09:54:20,2023-10-16 23:30:06
RM-HTL0030-297,HTL0030,297,EXE,Executive Suite,410.78,1,2020-12-25 16:55:14,2022-04-12 12:25:42
RM-HTL0030-298,HTL0030,298,STD,Standard Room,52.23,1,2020-12-27 12:16:37,2020-12-27 12:16:37
RM-HTL0030-299,HTL0030,299,DLX,Deluxe Room,117.97,1,2020-12-13 11:31:00,2024-03-10 21:22:41
RM-HTL0030-300,HTL0030,300,SUP,Superior Room,84.52,1,2021-01-03 05:36:53,2025-08-01 17:48:15
RM-HTL0030-301,HTL0030,301,STD,Standard Room,57.62,1,2020-12-10 19:22:21,2020-12-10 19:22:21
RM-HTL0030-302,HTL0030,302,EXE,Executive Suite,399.2,0,2020-12-15 18:50:43,2026-02-04 21:43:35
RM-HTL0030-303,HTL0030,303,SUP,Superior Room,80.64,1,2020-12-13 02:09:09,2024-06-22 05:45:56
RM-HTL0030-304,HTL0030,304,STD,Standard Room,49.96,1,2020-12-18 18:06:47,2026-01-16 22:48:43
RM-HTL0030-305,HTL0030,305,SUP,Superior Room,89.26,1,2020-12-23 17:41:39,2020-12-23 17:41:39
RM-HTL0030-306,HTL0030,306,SUT,Suite Room,260.51,1,2020-12-14 12:29:11,2023-03-01 18:07:30
RM-HTL0030-307,HTL0030,307,SUT,Suite Room,246.02,1,2020-12-22 08:25:36,2025-03-08 06:13:02
RM-HTL0030-308,HTL0030,308,DLX,Deluxe Room,121.07,1,2020-12-26 07:01:41,2020-12-26 07:01:41
RM-HTL0030-309,HTL0030,309,SUP,Superior Room,86.99,1,2020-12-28 16:38:23,2020-12-28 16:38:23
RM-HTL0030-310,HTL0030,310,SUP,Superior Room,76.86,1,2020-12-30 11:25:55,2020-12-30 11:25:55
RM-HTL0030-311,HTL0030,311,STD,Standard Room,57.54,1,2020-12-09 03:22:17,2026-01-01 10:20:14
RM-HTL0030-312,HTL0030,312,DLX,Deluxe Room,107.44,1,2020-12-11 13:38:03,2022-05-21 19:08:18
RM-HTL0030-313,HTL0030,313,SUP,Superior Room,89.53,1,2021-01-01 22:28:12,2024-05-13 03:46:26
RM-HTL0030-314,HTL0030,314,STD,Standard Room,54.81,1,2021-01-05 06:58:01,2025-07-15 21:23:59
RM-HTL0030-315,HTL0030,315,DLX,Deluxe Room,124.81,1,2020-12-11 16:32:21,2025-09-10 01:07:56
RM-HTL0030-316,HTL0030,316,DLX,Deluxe Room,111.09,1,2020-12-27 20:50:42,2021-08-10 04:21:41
RM-HTL0030-317,HTL0030,317,EXE,Executive Suite,413.75,1,2021-01-02 19:46:04,2023-02-07 17:37:44
RM-HTL0030-318,HTL0030,318,DLX,Deluxe Room,107.78,1,2020-12-21 16:34:16,2026-01-12 09:51:10
RM-HTL0030-319,HTL0030,319,SUT,Suite Room,261.51,1,2020-12-29 12:16:52,2020-12-29 12:16:52
RM-HTL0030-320,HTL0030,320,SUT,Suite Room,254.63,1,2021-01-03 20:08:19,2021-11-27 06:08:54
RM-HTL0030-321,HTL0030,321,SUT,Suite Room,256.6,1,2020-12-21 12:38:37,2020-12-21 12:38:37
RM-HTL0030-322,HTL0030,322,DLX,Deluxe Room,105.47,1,2020-12-20 18:52:25,2022-06-18 06:53:40
RM-HTL0030-323,HTL0030,323,EXE,Executive Suite,397.41,1,2020-12-17 09:23:08,2024-07-12 05:23:50
RM-HTL0030-324,HTL0030,324,SUT,Suite Room,261.79,1,2020-12-20 04:36:51,2024-02-07 10:55:24
RM-HTL0030-325,HTL0030,325,STD,Standard Room,55.27,1,2021-01-01 13:29:15,2025-02-01 04:16:01
RM-HTL0030-326,HTL0030,326,DLX,Deluxe Room,115.4,0,2020-12-16 17:09:06,2020-12-16 17:09:06
RM-HTL0030-327,HTL0030,327,DLX,Deluxe Room,120.97,1,2020-12-24 14:23:43,2026-04-30 14:45:25
RM-HTL0030-328,HTL0030,328,STD,Standard Room,46.3,1,2020-12-23 19:23:55,2023-07-20 23:03:31
RM-HTL0030-329,HTL0030,329,SUT,Suite Room,259.28,0,2020-12-26 05:59:24,2020-12-26 05:59:24
RM-HTL0030-330,HTL0030,330,SUP,Superior Room,75.72,1,2020-12-16 11:02:49,2021-10-08 05:47:39
RM-HTL0030-331,HTL0030,331,SUP,Superior Room,85.14,1,2020-12-26 09:53:48,2026-01-20 09:43:23
RM-HTL0030-332,HTL0030,332,SUP,Superior Room,87.09,1,2020-12-08 19:50:03,2020-12-08 19:50:03
RM-HTL0030-333,HTL0030,333,SUP,Superior Room,86.73,1,2020-12-12 17:36:17,2025-04-10 18:07:39
RM-HTL0030-334,HTL0030,334,SUT,Suite Room,256.2,0,2020-12-13 20:46:52,2023-03-22 09:51:13
RM-HTL0030-335,HTL0030,335,SUT,Suite Room,264.84,1,2020-12-13 19:31:00,2024-09-17 04:05:28
RM-HTL0030-336,HTL0030,336,DLX,Deluxe Room,120.84,1,2020-12-17 13:59:02,2025-09-27 04:14:54
RM-HTL0030-337,HTL0030,337,STD,Standard Room,59.41,1,2020-12-30 09:07:24,2020-12-30 09:07:24
RM-HTL0030-338,HTL0030,338,SUP,Superior Room,70.15,1,2020-12-13 01:15:35,2021-12-25 03:51:37
RM-HTL0030-339,HTL0030,339,EXE,Executive Suite,412.66,1,2020-12-23 19:38:44,2023-02-11 20:07:59
RM-HTL0030-340,HTL0030,340,DLX,Deluxe Room,117.5,1,2021-01-01 13:44:19,2023-12-10 16:35:35
RM-HTL0030-341,HTL0030,341,STD,Standard Room,59.22,1,2020-12-10 03:19:05,2026-02-10 08:29:35
RM-HTL0030-342,HTL0030,342,STD,Standard Room,55.9,1,2021-01-04 03:56:22,2025-01-27 05:42:11
RM-HTL0030-343,HTL0030,343,SUT,Suite Room,251.74,1,2020-12-12 20:34:25,2020-12-12 20:34:25
RM-HTL0030-344,HTL0030,344,STD,Standard Room,48.18,1,2020-12-16 22:06:27,2020-12-16 22:06:27
RM-HTL0030-345,HTL0030,345,DLX,Deluxe Room,114.21,1,2020-12-26 05:28:09,2020-12-26 05:28:09
RM-HTL0030-346,HTL0030,346,SUP,Superior Room,77.87,1,2021-01-05 10:33:47,2021-11-15 06:29:29
RM-HTL0030-347,HTL0030,347,STD,Standard Room,60.16,1,2020-12-14 15:51:02,2020-12-14 15:51:02
RM-HTL0030-348,HTL0030,348,SUT,Suite Room,252.29,1,2020-12-13 07:18:29,2022-06-28 19:57:36
RM-HTL0030-349,HTL0030,349,SUP,Superior Room,73.53,1,2021-01-06 04:22:33,2021-01-06 04:22:33
RM-HTL0030-350,HTL0030,350,STD,Standard Room,54.99,1,2020-12-31 10:53:35,2022-04-14 17:23:31
RM-HTL0030-351,HTL0030,351,DLX,Deluxe Room,115.51,1,2021-01-06 22:29:12,2022-10-25 18:12:04
RM-HTL0030-352,HTL0030,352,SUP,Superior Room,84.33,1,2020-12-17 20:16:49,2020-12-17 20:16:49
RM-HTL0030-353,HTL0030,353,EXE,Executive Suite,413.22,1,2020-12-13 02:19:57,2021-07-15 23:23:19
RM-HTL0030-354,HTL0030,354,EXE,Executive Suite,411.84,1,2020-12-13 10:52:56,2022-01-11 07:47:56
RM-HTL0030-355,HTL0030,355,EXE,Executive Suite,402.03,1,2020-12-08 17:07:09,2025-06-14 05:19:16
RM-HTL0030-356,HTL0030,356,DLX,Deluxe Room,116.16,1,2020-12-15 18:46:16,2024-12-06 17:55:57
RM-HTL0030-357,HTL0030,357,SUT,Suite Room,251.81,1,2020-12-19 02:11:07,2025-08-26 19:29:15
RM-HTL0030-358,HTL0030,358,SUT,Suite Room,248.21,1,2020-12-23 12:13:00,2023-10-01 20:09:17
RM-HTL0030-359,HTL0030,359,EXE,Executive Suite,412.53,1,2020-12-29 08:20:55,2024-06-12 20:06:00
RM-HTL0030-360,HTL0030,360,SUP,Superior Room,73.23,1,2020-12-22 03:55:01,2022-03-19 18:59:15
RM-HTL0030-361,HTL0030,361,SUT,Suite Room,249.95,1,2020-12-21 13:47:46,2020-12-21 13:47:46
RM-HTL0030-362,HTL0030,362,STD,Standard Room,63.11,1,2021-01-03 20:09:26,2021-01-03 20:09:26
RM-HTL0030-363,HTL0030,363,STD,Standard Room,57.9,1,2020-12-12 17:05:47,2026-03-09 05:04:53
RM-HTL0030-364,HTL0030,364,EXE,Executive Suite,414.67,1,2020-12-13 08:12:48,2020-12-13 08:12:48
RM-HTL0030-365,HTL0030,365,STD,Standard Room,49.52,1,2020-12-15 09:02:53,2020-12-15 09:02:53
RM-HTL0030-366,HTL0030,366,DLX,Deluxe Room,118.1,1,2020-12-17 05:47:33,2026-04-08 21:04:10
RM-HTL0030-367,HTL0030,367,SUT,Suite Room,262.32,1,2020-12-22 13:37:19,2021-08-03 13:40:54
RM-HTL0030-368,HTL0030,368,SUT,Suite Room,251.36,1,2020-12-25 02:33:07,2020-12-25 02:33:07
RM-HTL0030-369,HTL0030,369,STD,Standard Room,60.59,1,2020-12-29 14:27:14,2022-02-17 08:17:42
RM-HTL0030-370,HTL0030,370,EXE,Executive Suite,401.31,1,2021-01-05 18:45:18,2021-01-05 18:45:18
RM-HTL0030-371,HTL0030,371,STD,Standard Room,57.22,1,2020-12-31 16:49:14,2021-12-27 18:36:06
RM-HTL0030-372,HTL0030,372,SUT,Suite Room,255.83,0,2021-01-03 17:22:34,2021-01-03 17:22:34
RM-HTL0030-373,HTL0030,373,SUP,Superior Room,81.71,1,2020-12-16 10:25:49,2020-12-16 10:25:49
RM-HTL0030-374,HTL0030,374,DLX,Deluxe Room,107.69,1,2020-12-14 19:39:25,2020-12-14 19:39:25
RM-HTL0030-375,HTL0030,375,SUT,Suite Room,255.87,1,2020-12-18 15:57:46,2024-06-10 14:34:08
RM-HTL0030-376,HTL0030,376,DLX,Deluxe Room,113.35,1,2020-12-12 00:54:12,2020-12-12 00:54:12
RM-HTL0030-377,HTL0030,377,EXE,Executive Suite,401.72,1,2020-12-28 01:18:38,2021-05-19 12:52:01
RM-HTL0030-378,HTL0030,378,STD,Standard Room,55.35,1,2020-12-27 01:33:28,2024-11-22 08:31:34
RM-HTL0030-379,HTL0030,379,DLX,Deluxe Room,122.06,1,2021-01-06 20:14:39,2024-07-25 07:53:43
RM-HTL0030-380,HTL0030,380,STD,Standard Room,62.47,1,2020-12-14 21:38:56,2024-09-07 02:28:25
RM-HTL0030-381,HTL0030,381,SUP,Superior Room,88.95,1,2020-12-08 05:41:00,2025-05-23 17:28:50
RM-HTL0030-382,HTL0030,382,SUT,Suite Room,259.48,1,2020-12-08 09:02:12,2022-11-29 12:41:59
RM-HTL0030-383,HTL0030,383,EXE,Executive Suite,410.82,1,2020-12-23 11:39:38,2022-04-21 17:42:37
RM-HTL0030-384,HTL0030,384,STD,Standard Room,51.46,1,2020-12-26 02:14:59,2024-12-31 07:09:51
RM-HTL0030-385,HTL0030,385,STD,Standard Room,63.04,1,2021-01-04 22:52:53,2021-01-04 22:52:53
RM-HTL0030-386,HTL0030,386,SUT,Suite Room,253.11,1,2020-12-24 10:51:21,2020-12-24 10:51:21
RM-HTL0030-387,HTL0030,387,SUP,Superior Room,77.76,1,2020-12-12 17:09:21,2022-08-04 19:40:45
RM-HTL0030-388,HTL0030,388,EXE,Executive Suite,395.8,1,2020-12-30 13:59:17,2020-12-30 13:59:17
RM-HTL0030-389,HTL0030,389,EXE,Executive Suite,409.32,1,2020-12-18 05:50:03,2020-12-18 05:50:03
RM-HTL0030-390,HTL0030,390,EXE,Executive Suite,401.4,1,2021-01-05 18:01:19,2025-02-12 08:51:33
RM-HTL0030-391,HTL0030,391,SUP,Superior Room,88.08,1,2020-12-29 07:59:38,2023-11-17 10:31:26
RM-HTL0030-392,HTL0030,392,SUT,Suite Room,262.71,1,2020-12-23 18:56:21,2025-03-02 04:32:28
RM-HTL0030-393,HTL0030,393,SUT,Suite Room,251.45,1,2020-12-31 20:26:33,2026-01-05 04:31:58
RM-HTL0030-394,HTL0030,394,STD,Standard Room,55.26,1,2021-01-05 09:51:37,2022-02-18 20:34:18
RM-HTL0030-395,HTL0030,395,DLX,Deluxe Room,114.27,1,2020-12-25 10:31:14,2024-11-26 02:30:38
RM-HTL0030-396,HTL0030,396,DLX,Deluxe Room,117.4,1,2020-12-27 23:09:05,2020-12-27 23:09:05
RM-HTL0030-397,HTL0030,397,SUT,Suite Room,263.52,1,2021-01-06 09:58:09,2024-06-04 11:27:43
RM-HTL0030-398,HTL0030,398,SUT,Suite Room,246.17,1,2020-12-16 03:13:02,2021-01-02 23:05:42
RM-HTL0030-399,HTL0030,399,EXE,Executive Suite,414.9,1,2021-01-03 12:20:01,2021-01-03 12:20:01
RM-HTL0030-400,HTL0030,400,DLX,Deluxe Room,105.95,1,2020-12-12 23:16:12,2022-07-09 19:26:06
RM-HTL0030-401,HTL0030,401,SUP,Superior Room,72.68,1,2020-12-25 16:33:46,2020-12-25 16:33:46
RM-HTL0030-402,HTL0030,402,STD,Standard Room,54.2,1,2020-12-13 04:48:05,2022-03-22 11:05:15
RM-HTL0030-403,HTL0030,403,STD,Standard Room,55.61,1,2020-12-18 14:17:50,2026-02-17 16:04:36
RM-HTL0030-404,HTL0030,404,SUP,Superior Room,84.05,1,2021-01-06 04:07:42,2021-04-13 08:35:43
RM-HTL0030-405,HTL0030,405,DLX,Deluxe Room,108.85,1,2020-12-26 12:38:39,2021-01-16 08:55:42
RM-HTL0030-406,HTL0030,406,DLX,Deluxe Room,113.78,1,2020-12-13 13:58:17,2026-01-22 05:03:57
RM-HTL0030-407,HTL0030,407,DLX,Deluxe Room,114.56,0,2020-12-10 23:10:46,2020-12-10 23:10:46
RM-HTL0030-408,HTL0030,408,SUP,Superior Room,85.81,1,2020-12-12 04:18:52,2020-12-12 04:18:52
RM-HTL0030-409,HTL0030,409,STD,Standard Room,63.28,1,2020-12-23 05:00:31,2024-03-16 07:17:10
RM-HTL0030-410,HTL0030,410,STD,Standard Room,54.31,1,2021-01-06 05:13:12,2024-01-28 16:01:02
RM-HTL0030-411,HTL0030,411,DLX,Deluxe Room,163.9,1,2020-12-15 13:09:33,2020-12-15 13:09:33
RM-HTL0030-412,HTL0030,412,STD,Standard Room,52.85,1,2020-12-22 04:01:39,2024-01-19 07:09:24
RM-HTL0030-413,HTL0030,413,SUT,Suite Room,260.33,1,2020-12-27 21:43:44,2020-12-27 21:43:44
RM-HTL0030-414,HTL0030,414,EXE,Executive Suite,408.17,1,2020-12-27 13:27:08,2020-12-27 13:27:08
RM-HTL0030-415,HTL0030,415,SUT,Suite Room,250.99,1,2020-12-28 11:04:29,2021-02-08 04:43:31
RM-HTL0030-416,HTL0030,416,SUP,Superior Room,71.07,1,2020-12-22 19:23:51,2020-12-22 19:23:51
RM-HTL0030-417,HTL0030,417,SUT,Suite Room,252.59,1,2020-12-10 21:50:06,2022-07-17 02:29:01
RM-HTL0030-418,HTL0030,418,SUT,Suite Room,261.95,1,2020-12-19 22:30:34,2026-04-13 21:21:47
RM-HTL0030-419,HTL0030,419,DLX,Deluxe Room,111.26,1,2020-12-09 12:54:08,2022-12-15 09:39:58
RM-HTL0030-420,HTL0030,420,EXE,Executive Suite,395.03,1,2020-12-30 22:59:07,2020-12-30 22:59:07
RM-HTL0030-421,HTL0030,421,STD,Standard Room,50.83,1,2021-01-03 21:01:44,2025-02-09 12:43:28
RM-HTL0030-422,HTL0030,422,SUP,Superior Room,73.3,1,2020-12-09 20:59:28,2023-11-29 13:51:18
RM-HTL0030-423,HTL0030,423,EXE,Executive Suite,407.76,1,2020-12-16 11:22:28,2021-01-17 18:18:09
RM-HTL0030-424,HTL0030,424,EXE,Executive Suite,408.74,1,2021-01-07 06:29:15,2021-01-07 06:29:15
RM-HTL0030-425,HTL0030,425,DLX,Deluxe Room,108.05,1,2020-12-11 18:41:10,2023-02-20 04:25:13
RM-HTL0030-426,HTL0030,426,DLX,Deluxe Room,105.86,1,2020-12-16 21:52:12,2023-11-09 15:18:50
RM-HTL0030-427,HTL0030,427,DLX,Deluxe Room,115.9,1,2021-01-05 12:23:06,2025-08-24 05:37:56
RM-HTL0030-428,HTL0030,428,EXE,Executive Suite,406.46,1,2020-12-28 14:36:40,2022-04-22 17:43:13
RM-HTL0030-429,HTL0030,429,SUP,Superior Room,73.14,1,2020-12-26 09:50:13,2020-12-26 09:50:13
RM-HTL0030-430,HTL0030,430,SUT,Suite Room,248.98,1,2020-12-14 23:42:02,2023-12-18 01:12:34
RM-HTL0030-431,HTL0030,431,SUT,Suite Room,257.45,1,2021-01-07 17:58:03,2025-12-02 19:31:17
RM-HTL0030-432,HTL0030,432,EXE,Executive Suite,403.96,1,2021-01-06 07:51:28,2025-01-15 11:32:07
RM-HTL0030-433,HTL0030,433,STD,Standard Room,47.05,1,2021-01-01 09:00:47,2021-01-01 09:00:47
RM-HTL0030-434,HTL0030,434,STD,Standard Room,54.96,1,2021-01-06 13:33:20,2023-12-30 19:35:52
RM-HTL0030-435,HTL0030,435,SUT,Suite Room,255.56,1,2020-12-20 12:07:25,2020-12-20 12:07:25
RM-HTL0030-436,HTL0030,436,SUP,Superior Room,71.01,1,2020-12-17 04:55:35,2025-06-28 13:45:27
RM-HTL0030-437,HTL0030,437,SUP,Superior Room,83.02,0,2021-01-07 17:20:33,2023-02-14 08:43:38
RM-HTL0030-438,HTL0030,438,SUP,Superior Room,84.18,1,2020-12-19 09:35:06,2020-12-19 09:35:06
RM-HTL0030-439,HTL0030,439,SUP,Superior Room,89.36,1,2020-12-25 02:38:00,2022-04-24 21:03:51
RM-HTL0030-440,HTL0030,440,SUT,Suite Room,260.64,1,2020-12-28 13:55:30,2023-09-29 08:57:29
RM-HTL0030-441,HTL0030,441,EXE,Executive Suite,413.15,1,2020-12-15 13:38:55,2021-06-27 11:39:35
RM-HTL0030-442,HTL0030,442,STD,Standard Room,51.94,0,2020-12-22 04:42:13,2020-12-22 04:42:13
RM-HTL0030-443,HTL0030,443,DLX,Deluxe Room,115.26,1,2021-01-07 10:44:28,2024-03-16 15:26:42
RM-HTL0030-444,HTL0030,444,SUP,Superior Room,88.32,1,2020-12-11 05:49:18,2023-02-19 13:50:14
RM-HTL0030-445,HTL0030,445,SUP,Superior Room,83.8,1,2020-12-26 13:19:47,2022-12-04 22:30:43
RM-HTL0030-446,HTL0030,446,SUT,Suite Room,247.65,1,2021-01-06 14:49:12,2021-06-26 21:31:41
RM-HTL0030-447,HTL0030,447,DLX,Deluxe Room,122.45,1,2020-12-08 12:58:17,2020-12-08 12:58:17
RM-HTL0030-448,HTL0030,448,SUP,Superior Room,80.92,1,2020-12-11 21:05:57,2020-12-11 21:05:57
RM-HTL0030-449,HTL0030,449,DLX,Deluxe Room,109.62,1,2020-12-18 08:18:08,2026-04-03 13:53:57
RM-HTL0030-450,HTL0030,450,DLX,Deluxe Room,106.52,0,2021-01-05 21:10:32,2022-03-17 09:49:15
RM-HTL0031-101,HTL0031,101,EXE,Executive Suite,406.51,1,2019-01-08 15:56:16,2023-10-01 19:28:16
RM-HTL0031-102,HTL0031,102,DLX,Deluxe Room,123.21,1,2019-01-24 14:46:27,2025-06-23 04:33:38
RM-HTL0031-103,HTL0031,103,EXE,Executive Suite,402.21,0,2019-01-15 19:10:37,2019-01-15 19:10:37
RM-HTL0031-104,HTL0031,104,EXE,Executive Suite,448.81,1,2019-01-27 07:47:47,2025-07-28 22:01:59
RM-HTL0031-105,HTL0031,105,SUT,Suite Room,245.83,1,2019-01-16 07:50:10,2019-01-16 07:50:10
RM-HTL0031-106,HTL0031,106,DLX,Deluxe Room,117.15,1,2019-01-13 04:19:57,2025-11-02 02:47:58
RM-HTL0031-107,HTL0031,107,EXE,Executive Suite,395.91,1,2019-01-25 05:59:22,2020-09-08 19:23:47
RM-HTL0031-108,HTL0031,108,SUP,Superior Room,87.56,1,2019-01-06 03:33:05,2025-04-05 07:05:18
RM-HTL0031-109,HTL0031,109,STD,Standard Room,61.75,1,2019-02-01 03:12:45,2023-12-09 01:42:31
RM-HTL0031-110,HTL0031,110,SUP,Superior Room,70.85,1,2019-01-22 06:59:01,2020-12-13 00:02:28
RM-HTL0031-111,HTL0031,111,DLX,Deluxe Room,110.05,1,2019-01-10 05:27:40,2026-03-14 06:26:10
RM-HTL0031-112,HTL0031,112,STD,Standard Room,45.44,1,2019-01-11 00:02:23,2019-01-11 00:02:23
RM-HTL0031-113,HTL0031,113,SUP,Superior Room,71.32,1,2019-01-21 23:17:55,2019-08-14 20:53:53
RM-HTL0031-114,HTL0031,114,EXE,Executive Suite,409.57,1,2019-01-09 22:01:45,2022-06-04 11:51:16
RM-HTL0031-115,HTL0031,115,SUP,Superior Room,87.36,1,2019-01-26 14:42:39,2025-08-20 09:26:35
RM-HTL0031-116,HTL0031,116,DLX,Deluxe Room,120.27,1,2019-01-04 03:12:41,2019-01-04 03:12:41
RM-HTL0031-117,HTL0031,117,STD,Standard Room,101.5,1,2019-01-12 16:57:28,2019-01-12 16:57:28
RM-HTL0031-118,HTL0031,118,SUP,Superior Room,82.92,1,2019-01-10 19:57:57,2023-10-24 17:00:35
RM-HTL0031-119,HTL0031,119,STD,Standard Room,57.58,1,2019-01-31 15:34:33,2019-01-31 15:34:33
RM-HTL0031-120,HTL0031,120,DLX,Deluxe Room,109.5,1,2019-01-31 08:12:29,2019-01-31 08:12:29
RM-HTL0031-121,HTL0031,121,SUP,Superior Room,77.27,1,2019-01-12 01:13:50,2023-08-20 18:48:59
RM-HTL0031-122,HTL0031,122,STD,Standard Room,59.5,1,2019-01-15 21:49:37,2019-09-25 12:48:14
RM-HTL0031-123,HTL0031,123,SUP,Superior Room,82.92,1,2019-01-12 02:42:06,2019-06-09 17:22:31
RM-HTL0031-124,HTL0031,124,EXE,Executive Suite,413.25,1,2019-01-06 13:54:51,2023-11-28 17:20:38
RM-HTL0031-125,HTL0031,125,STD,Standard Room,48.82,1,2019-01-11 23:14:07,2022-09-06 00:54:07
RM-HTL0031-126,HTL0031,126,DLX,Deluxe Room,119.68,1,2019-01-05 04:32:45,2021-09-02 14:02:44
RM-HTL0031-127,HTL0031,127,STD,Standard Room,52.85,1,2019-01-10 06:14:09,2021-10-14 09:56:34
RM-HTL0031-128,HTL0031,128,SUP,Superior Room,79.16,1,2019-01-22 15:43:58,2019-01-22 15:43:58
RM-HTL0031-129,HTL0031,129,SUT,Suite Room,257.45,1,2019-02-01 16:12:27,2019-07-24 00:32:44
RM-HTL0031-130,HTL0031,130,EXE,Executive Suite,401.34,0,2019-01-27 22:24:47,2022-09-08 16:50:42
RM-HTL0031-131,HTL0031,131,SUT,Suite Room,260.02,1,2019-01-18 11:01:56,2020-12-17 03:10:11
RM-HTL0031-132,HTL0031,132,SUP,Superior Room,87.24,1,2019-01-06 22:50:09,2019-01-06 22:50:09
RM-HTL0031-133,HTL0031,133,STD,Standard Room,51.65,1,2019-01-25 20:23:26,2019-01-25 20:23:26
RM-HTL0031-134,HTL0031,134,DLX,Deluxe Room,107.03,1,2019-01-17 16:06:14,2019-01-17 16:06:14
RM-HTL0031-135,HTL0031,135,DLX,Deluxe Room,113.39,1,2019-01-14 07:46:16,2021-12-30 01:09:11
RM-HTL0031-136,HTL0031,136,SUT,Suite Room,253.23,1,2019-01-16 03:23:24,2022-07-12 07:21:09
RM-HTL0031-137,HTL0031,137,DLX,Deluxe Room,111.82,1,2019-01-18 15:25:32,2019-01-18 15:25:32
RM-HTL0031-138,HTL0031,138,SUP,Superior Room,86.15,1,2019-01-13 20:14:22,2019-01-13 20:14:22
RM-HTL0031-139,HTL0031,139,SUT,Suite Room,261.75,1,2019-01-29 15:38:04,2019-01-29 15:38:04
RM-HTL0031-140,HTL0031,140,SUT,Suite Room,258.65,1,2019-01-27 13:41:00,2024-11-07 17:20:20
RM-HTL0031-141,HTL0031,141,SUT,Suite Room,260.7,1,2019-01-04 01:55:10,2024-06-09 21:02:02
RM-HTL0031-142,HTL0031,142,SUT,Suite Room,261.27,1,2019-02-01 23:43:34,2025-03-14 21:16:17
RM-HTL0031-143,HTL0031,143,EXE,Executive Suite,398.22,1,2019-01-31 20:59:32,2019-01-31 20:59:32
RM-HTL0031-144,HTL0031,144,DLX,Deluxe Room,122.53,1,2019-01-07 19:50:23,2024-12-14 16:12:59
RM-HTL0031-145,HTL0031,145,SUP,Superior Room,74.76,1,2019-01-23 12:04:26,2019-12-10 02:01:17
RM-HTL0031-146,HTL0031,146,EXE,Executive Suite,438.91,1,2019-01-15 15:50:07,2025-08-20 19:50:34
RM-HTL0031-147,HTL0031,147,SUP,Superior Room,81.26,1,2019-01-21 21:40:24,2020-08-15 13:27:08
RM-HTL0031-148,HTL0031,148,EXE,Executive Suite,396.45,1,2019-02-01 23:59:41,2019-02-01 23:59:41
RM-HTL0031-149,HTL0031,149,DLX,Deluxe Room,118.19,1,2019-02-02 01:53:28,2022-08-31 16:21:43
RM-HTL0031-150,HTL0031,150,STD,Standard Room,64.2,1,2019-01-30 23:53:42,2019-01-30 23:53:42
RM-HTL0031-151,HTL0031,151,EXE,Executive Suite,414.59,1,2019-01-24 16:03:12,2019-08-09 09:52:27
RM-HTL0031-152,HTL0031,152,EXE,Executive Suite,398.93,1,2019-01-20 17:11:26,2020-11-30 03:24:35
RM-HTL0031-153,HTL0031,153,SUT,Suite Room,257.0,0,2019-01-12 18:55:58,2019-09-29 04:15:51
RM-HTL0031-154,HTL0031,154,SUP,Superior Room,84.72,1,2019-01-29 18:27:22,2020-09-17 23:56:37
RM-HTL0031-155,HTL0031,155,DLX,Deluxe Room,116.05,1,2019-02-02 17:19:36,2022-04-29 17:23:00
RM-HTL0031-156,HTL0031,156,SUP,Superior Room,88.62,1,2019-01-22 23:15:19,2019-01-22 23:15:19
RM-HTL0031-157,HTL0031,157,STD,Standard Room,64.43,1,2019-01-03 15:29:41,2023-04-07 15:05:34
RM-HTL0031-158,HTL0031,158,DLX,Deluxe Room,105.41,0,2019-02-02 11:25:47,2021-04-04 10:29:12
RM-HTL0031-159,HTL0031,159,DLX,Deluxe Room,123.64,1,2019-01-22 07:58:48,2025-12-23 05:05:25
RM-HTL0031-160,HTL0031,160,DLX,Deluxe Room,121.35,1,2019-01-31 18:34:50,2019-01-31 18:34:50
RM-HTL0031-161,HTL0031,161,SUP,Superior Room,73.64,1,2019-01-30 01:29:14,2019-01-30 01:29:14
RM-HTL0031-162,HTL0031,162,SUP,Superior Room,72.38,1,2019-01-12 22:09:36,2019-08-19 19:35:52
RM-HTL0031-163,HTL0031,163,STD,Standard Room,63.02,1,2019-01-22 16:23:23,2020-10-18 16:57:01
RM-HTL0031-164,HTL0031,164,SUT,Suite Room,254.01,1,2019-01-24 23:49:54,2020-10-07 11:55:19
RM-HTL0031-165,HTL0031,165,DLX,Deluxe Room,110.98,1,2019-01-08 16:06:13,2024-01-03 06:23:51
RM-HTL0031-166,HTL0031,166,SUP,Superior Room,85.28,1,2019-01-22 05:24:02,2019-11-10 12:34:26
RM-HTL0031-167,HTL0031,167,SUP,Superior Room,78.65,1,2019-01-21 00:00:18,2019-06-11 21:19:03
RM-HTL0031-168,HTL0031,168,SUP,Superior Room,86.36,1,2019-01-11 17:31:12,2024-01-14 07:27:46
RM-HTL0031-169,HTL0031,169,SUP,Superior Room,80.86,1,2019-01-20 02:23:21,2023-11-21 11:28:20
RM-HTL0031-170,HTL0031,170,DLX,Deluxe Room,120.48,1,2019-02-02 00:27:42,2019-11-12 09:30:26
RM-HTL0031-171,HTL0031,171,SUT,Suite Room,252.66,1,2019-01-15 03:00:40,2023-03-14 22:05:09
RM-HTL0031-172,HTL0031,172,SUT,Suite Room,249.2,1,2019-01-09 20:30:15,2023-01-31 17:18:19
RM-HTL0031-173,HTL0031,173,SUT,Suite Room,264.25,1,2019-01-31 06:28:03,2019-04-22 08:41:46
RM-HTL0031-174,HTL0031,174,DLX,Deluxe Room,123.21,1,2019-01-10 06:47:13,2019-08-02 09:37:51
RM-HTL0031-175,HTL0031,175,STD,Standard Room,63.85,1,2019-01-22 01:42:20,2026-04-13 15:54:50
RM-HTL0031-176,HTL0031,176,DLX,Deluxe Room,110.95,1,2019-02-01 11:01:53,2024-04-21 07:54:17
RM-HTL0031-177,HTL0031,177,DLX,Deluxe Room,106.96,1,2019-01-05 04:49:30,2019-01-05 04:49:30
RM-HTL0031-178,HTL0031,178,SUT,Suite Room,257.44,1,2019-01-07 00:06:44,2026-04-02 11:30:08
RM-HTL0031-179,HTL0031,179,EXE,Executive Suite,407.41,1,2019-02-01 18:34:23,2019-02-01 18:34:23
RM-HTL0031-180,HTL0031,180,SUT,Suite Room,262.86,1,2019-01-17 11:50:47,2020-01-29 13:16:38
RM-HTL0031-181,HTL0031,181,DLX,Deluxe Room,111.17,1,2019-01-28 18:59:37,2019-01-28 18:59:37
RM-HTL0031-182,HTL0031,182,STD,Standard Room,55.14,1,2019-01-24 02:09:41,2022-10-10 10:08:51
RM-HTL0031-183,HTL0031,183,SUT,Suite Room,252.43,1,2019-01-13 17:30:09,2019-01-13 17:30:09
RM-HTL0031-184,HTL0031,184,SUT,Suite Room,255.93,1,2019-02-01 14:12:03,2019-08-04 16:50:45
RM-HTL0031-185,HTL0031,185,EXE,Executive Suite,400.61,1,2019-01-04 04:22:40,2025-12-20 14:14:58
RM-HTL0031-186,HTL0031,186,DLX,Deluxe Room,123.37,1,2019-01-27 04:06:28,2022-11-22 06:54:27
RM-HTL0031-187,HTL0031,187,DLX,Deluxe Room,120.78,1,2019-01-25 22:04:47,2023-10-28 18:05:07
RM-HTL0031-188,HTL0031,188,DLX,Deluxe Room,115.16,1,2019-01-08 11:38:20,2022-02-01 14:02:55
RM-HTL0031-189,HTL0031,189,SUT,Suite Room,248.61,1,2019-01-29 04:06:21,2021-01-03 18:46:53
RM-HTL0031-190,HTL0031,190,EXE,Executive Suite,397.31,1,2019-01-21 15:27:06,2021-05-16 06:14:12
RM-HTL0031-191,HTL0031,191,SUT,Suite Room,247.38,1,2019-02-01 07:14:09,2019-02-01 07:14:09
RM-HTL0031-192,HTL0031,192,SUP,Superior Room,79.24,1,2019-02-01 04:29:57,2019-12-30 15:09:57
RM-HTL0031-193,HTL0031,193,SUT,Suite Room,263.57,1,2019-01-24 03:07:09,2021-10-10 17:49:47
RM-HTL0031-194,HTL0031,194,SUP,Superior Room,72.87,1,2019-01-21 06:31:44,2020-07-01 16:25:56
RM-HTL0031-195,HTL0031,195,SUP,Superior Room,86.9,1,2019-01-16 05:56:35,2023-02-23 22:16:30
RM-HTL0031-196,HTL0031,196,STD,Standard Room,54.94,1,2019-01-25 00:28:56,2019-01-25 00:28:56
RM-HTL0031-197,HTL0031,197,SUP,Superior Room,70.37,1,2019-01-22 13:11:20,2022-05-08 02:52:09
RM-HTL0031-198,HTL0031,198,STD,Standard Room,55.46,1,2019-01-07 01:25:16,2023-11-16 03:22:11
RM-HTL0031-199,HTL0031,199,EXE,Executive Suite,400.05,1,2019-02-01 11:00:56,2019-02-01 11:00:56
RM-HTL0031-200,HTL0031,200,SUP,Superior Room,89.52,1,2019-01-13 09:28:44,2019-01-13 09:28:44
RM-HTL0031-201,HTL0031,201,EXE,Executive Suite,403.89,1,2019-01-19 03:33:08,2025-06-04 15:30:29
RM-HTL0031-202,HTL0031,202,DLX,Deluxe Room,113.2,1,2019-01-24 16:49:47,2023-06-09 12:54:39
RM-HTL0031-203,HTL0031,203,EXE,Executive Suite,401.41,1,2019-01-28 06:09:55,2019-01-28 06:09:55
RM-HTL0031-204,HTL0031,204,SUT,Suite Room,247.21,1,2019-01-10 18:23:00,2020-08-04 13:47:16
RM-HTL0031-205,HTL0031,205,DLX,Deluxe Room,117.6,1,2019-01-15 21:27:43,2019-01-15 21:27:43
RM-HTL0031-206,HTL0031,206,EXE,Executive Suite,403.03,1,2019-01-11 09:42:05,2019-04-01 08:45:47
RM-HTL0031-207,HTL0031,207,DLX,Deluxe Room,116.08,1,2019-01-19 03:33:28,2019-10-24 20:42:31
RM-HTL0031-208,HTL0031,208,EXE,Executive Suite,410.44,1,2019-01-17 00:56:56,2023-10-29 06:18:12
RM-HTL0031-209,HTL0031,209,STD,Standard Room,48.94,1,2019-01-13 16:55:16,2021-09-24 07:20:08
RM-HTL0031-210,HTL0031,210,STD,Standard Room,53.79,1,2019-01-15 02:25:48,2021-01-09 13:44:13
RM-HTL0031-211,HTL0031,211,STD,Standard Room,53.16,1,2019-01-17 19:28:53,2019-01-17 19:28:53
RM-HTL0031-212,HTL0031,212,STD,Standard Room,47.05,1,2019-01-15 16:01:16,2021-02-13 00:34:11
RM-HTL0031-213,HTL0031,213,SUP,Superior Room,83.27,1,2019-01-07 01:34:52,2024-08-20 02:01:58
RM-HTL0031-214,HTL0031,214,SUT,Suite Room,258.18,1,2019-01-31 15:45:27,2020-11-17 14:31:00
RM-HTL0031-215,HTL0031,215,DLX,Deluxe Room,121.87,1,2019-01-10 08:07:42,2023-09-24 00:45:38
RM-HTL0031-216,HTL0031,216,DLX,Deluxe Room,113.27,1,2019-01-22 22:00:14,2022-03-29 02:12:13
RM-HTL0031-217,HTL0031,217,EXE,Executive Suite,401.5,1,2019-01-16 23:45:10,2021-01-13 21:54:26
RM-HTL0031-218,HTL0031,218,DLX,Deluxe Room,109.47,1,2019-02-01 14:18:29,2021-03-03 18:59:24
RM-HTL0031-219,HTL0031,219,SUP,Superior Room,79.55,1,2019-01-15 08:04:51,2024-02-17 09:22:00
RM-HTL0031-220,HTL0031,220,SUT,Suite Room,251.7,1,2019-01-14 17:11:40,2025-12-29 05:43:35
RM-HTL0031-221,HTL0031,221,STD,Standard Room,54.57,1,2019-01-15 12:18:42,2025-02-28 09:20:18
RM-HTL0031-222,HTL0031,222,SUP,Superior Room,86.92,1,2019-01-15 01:45:58,2025-02-06 13:46:07
RM-HTL0031-223,HTL0031,223,STD,Standard Room,51.68,1,2019-01-23 21:44:08,2020-08-15 17:30:50
RM-HTL0031-224,HTL0031,224,SUP,Superior Room,71.99,1,2019-01-13 22:16:32,2021-03-31 04:50:51
RM-HTL0031-225,HTL0031,225,SUT,Suite Room,254.87,1,2019-01-03 06:43:23,2020-09-03 14:28:24
RM-HTL0031-226,HTL0031,226,DLX,Deluxe Room,120.79,1,2019-01-11 06:21:25,2019-01-11 06:21:25
RM-HTL0031-227,HTL0031,227,SUT,Suite Room,255.56,1,2019-01-04 18:33:22,2019-01-04 18:33:22
RM-HTL0031-228,HTL0031,228,SUT,Suite Room,247.36,1,2019-01-05 17:09:48,2021-10-14 09:50:55
RM-HTL0031-229,HTL0031,229,STD,Standard Room,55.62,1,2019-02-02 21:02:41,2022-12-08 08:10:54
RM-HTL0031-230,HTL0031,230,EXE,Executive Suite,413.6,1,2019-01-04 06:03:42,2019-01-04 06:03:42
RM-HTL0031-231,HTL0031,231,SUP,Superior Room,77.55,0,2019-01-15 21:24:09,2019-01-15 21:24:09
RM-HTL0031-232,HTL0031,232,STD,Standard Room,63.25,1,2019-02-02 01:15:25,2026-01-02 22:53:17
RM-HTL0031-233,HTL0031,233,STD,Standard Room,55.2,1,2019-01-12 08:24:12,2020-01-26 20:49:34
RM-HTL0031-234,HTL0031,234,STD,Standard Room,55.17,1,2019-01-13 05:20:04,2019-01-13 05:20:04
RM-HTL0031-235,HTL0031,235,SUP,Superior Room,89.51,1,2019-01-19 12:02:10,2022-12-01 09:23:18
RM-HTL0031-236,HTL0031,236,SUT,Suite Room,255.12,1,2019-01-06 15:39:22,2019-01-06 15:39:22
RM-HTL0031-237,HTL0031,237,STD,Standard Room,47.74,1,2019-01-28 04:47:33,2019-01-28 04:47:33
RM-HTL0031-238,HTL0031,238,DLX,Deluxe Room,122.8,1,2019-01-18 15:17:14,2019-11-14 14:17:52
RM-HTL0031-239,HTL0031,239,SUT,Suite Room,255.46,1,2019-01-21 12:31:58,2024-11-17 01:10:46
RM-HTL0031-240,HTL0031,240,EXE,Executive Suite,412.14,1,2019-01-06 05:03:55,2019-01-06 05:03:55
RM-HTL0031-241,HTL0031,241,SUT,Suite Room,254.32,1,2019-01-13 12:09:05,2019-01-13 12:09:05
RM-HTL0031-242,HTL0031,242,SUP,Superior Room,72.76,1,2019-01-22 21:24:36,2019-01-22 21:24:36
RM-HTL0031-243,HTL0031,243,SUT,Suite Room,248.68,1,2019-01-23 13:52:37,2019-01-23 13:52:37
RM-HTL0031-244,HTL0031,244,DLX,Deluxe Room,119.36,1,2019-01-26 22:43:20,2022-08-07 04:10:11
RM-HTL0031-245,HTL0031,245,SUP,Superior Room,75.57,1,2019-01-07 22:13:25,2021-02-01 12:50:56
RM-HTL0031-246,HTL0031,246,EXE,Executive Suite,413.16,1,2019-01-12 14:00:22,2022-01-22 06:56:41
RM-HTL0031-247,HTL0031,247,SUP,Superior Room,86.23,1,2019-01-25 01:58:27,2024-08-11 05:22:48
RM-HTL0031-248,HTL0031,248,STD,Standard Room,45.16,1,2019-01-18 13:46:49,2019-04-12 11:41:43
RM-HTL0031-249,HTL0031,249,DLX,Deluxe Room,113.02,1,2019-01-23 12:57:15,2022-09-07 23:57:25
RM-HTL0031-250,HTL0031,250,EXE,Executive Suite,395.7,1,2019-01-11 14:12:29,2023-12-12 11:08:24
RM-HTL0031-251,HTL0031,251,EXE,Executive Suite,397.23,1,2019-01-04 16:21:23,2019-01-04 16:21:23
RM-HTL0031-252,HTL0031,252,STD,Standard Room,62.88,1,2019-01-13 18:49:26,2021-05-30 11:11:28
RM-HTL0031-253,HTL0031,253,EXE,Executive Suite,395.25,1,2019-01-20 15:13:05,2026-05-04 11:53:26
RM-HTL0031-254,HTL0031,254,STD,Standard Room,61.12,1,2019-01-13 03:33:16,2021-04-03 02:47:20
RM-HTL0031-255,HTL0031,255,SUP,Superior Room,70.31,1,2019-01-21 16:50:41,2025-02-21 17:13:06
RM-HTL0031-256,HTL0031,256,STD,Standard Room,45.94,1,2019-01-14 12:15:43,2022-10-31 08:24:52
RM-HTL0031-257,HTL0031,257,EXE,Executive Suite,407.56,1,2019-01-19 03:01:38,2021-02-14 19:19:11
RM-HTL0031-258,HTL0031,258,SUT,Suite Room,248.12,1,2019-01-26 13:27:29,2019-01-26 13:27:29
RM-HTL0031-259,HTL0031,259,DLX,Deluxe Room,124.66,1,2019-01-24 04:11:02,2022-12-06 07:37:57
RM-HTL0031-260,HTL0031,260,DLX,Deluxe Room,122.94,1,2019-01-17 05:07:39,2023-05-09 05:47:06
RM-HTL0031-261,HTL0031,261,STD,Standard Room,64.38,1,2019-01-09 01:13:02,2021-02-21 12:08:42
RM-HTL0031-262,HTL0031,262,SUT,Suite Room,264.63,0,2019-01-17 07:12:33,2023-03-09 12:37:03
RM-HTL0031-263,HTL0031,263,SUP,Superior Room,72.27,1,2019-01-11 18:10:56,2024-12-05 04:04:50
RM-HTL0031-264,HTL0031,264,EXE,Executive Suite,413.72,1,2019-01-29 14:33:33,2021-07-20 06:52:58
RM-HTL0031-265,HTL0031,265,SUT,Suite Room,245.46,1,2019-01-16 17:48:56,2022-05-03 12:29:02
RM-HTL0031-266,HTL0031,266,EXE,Executive Suite,400.88,1,2019-01-27 07:54:30,2019-01-27 07:54:30
RM-HTL0031-267,HTL0031,267,STD,Standard Room,63.74,0,2019-01-28 04:11:14,2023-03-18 17:39:53
RM-HTL0031-268,HTL0031,268,EXE,Executive Suite,402.54,1,2019-01-25 08:16:25,2019-01-25 08:16:25
RM-HTL0031-269,HTL0031,269,SUT,Suite Room,263.12,1,2019-01-23 18:58:49,2020-04-23 22:19:35
RM-HTL0031-270,HTL0031,270,DLX,Deluxe Room,118.1,1,2019-01-23 07:56:09,2019-01-23 07:56:09
RM-HTL0031-271,HTL0031,271,SUP,Superior Room,86.83,1,2019-01-04 05:57:07,2025-10-03 08:55:36
RM-HTL0031-272,HTL0031,272,EXE,Executive Suite,400.93,1,2019-01-22 16:20:01,2019-01-22 16:20:01
RM-HTL0031-273,HTL0031,273,STD,Standard Room,48.85,1,2019-01-19 15:26:31,2020-02-05 17:03:47
RM-HTL0031-274,HTL0031,274,EXE,Executive Suite,414.34,1,2019-01-05 09:30:32,2024-08-11 11:29:45
RM-HTL0031-275,HTL0031,275,SUT,Suite Room,260.14,1,2019-01-30 06:40:55,2022-01-06 12:56:40
RM-HTL0031-276,HTL0031,276,SUT,Suite Room,264.13,1,2019-01-19 02:09:18,2019-01-19 02:09:18
RM-HTL0031-277,HTL0031,277,DLX,Deluxe Room,110.66,1,2019-02-02 17:22:02,2021-08-07 14:48:39
RM-HTL0031-278,HTL0031,278,SUT,Suite Room,257.96,1,2019-01-07 11:11:49,2022-09-20 05:06:40
RM-HTL0031-279,HTL0031,279,STD,Standard Room,55.55,1,2019-01-24 07:57:05,2019-01-24 07:57:05
RM-HTL0031-280,HTL0031,280,SUT,Suite Room,245.43,1,2019-01-14 01:00:15,2019-01-14 01:00:15
RM-HTL0031-281,HTL0031,281,SUP,Superior Room,83.33,1,2019-01-05 16:07:55,2019-01-05 16:07:55
RM-HTL0031-282,HTL0031,282,SUT,Suite Room,262.07,1,2019-01-26 02:56:04,2026-01-22 07:09:29
RM-HTL0031-283,HTL0031,283,SUT,Suite Room,260.92,1,2019-01-09 01:32:19,2025-05-29 18:25:50
RM-HTL0031-284,HTL0031,284,EXE,Executive Suite,396.24,1,2019-01-12 07:56:28,2023-07-12 03:11:22
RM-HTL0031-285,HTL0031,285,STD,Standard Room,48.69,1,2019-01-15 07:24:11,2025-05-12 22:55:07
RM-HTL0031-286,HTL0031,286,SUT,Suite Room,248.88,1,2019-01-26 02:36:16,2024-01-07 01:31:23
RM-HTL0031-287,HTL0031,287,STD,Standard Room,51.75,1,2019-01-25 16:31:26,2025-12-01 01:17:32
RM-HTL0031-288,HTL0031,288,EXE,Executive Suite,403.69,1,2019-01-08 06:21:43,2026-01-01 10:47:07
RM-HTL0031-289,HTL0031,289,SUP,Superior Room,79.12,1,2019-01-22 04:22:00,2021-05-06 12:26:30
RM-HTL0031-290,HTL0031,290,SUP,Superior Room,78.32,1,2019-01-08 03:19:56,2019-01-08 03:19:56
RM-HTL0031-291,HTL0031,291,EXE,Executive Suite,398.15,1,2019-01-30 06:57:19,2025-08-29 05:25:02
RM-HTL0031-292,HTL0031,292,SUT,Suite Room,245.61,1,2019-01-10 00:04:39,2019-01-10 00:04:39
RM-HTL0031-293,HTL0031,293,STD,Standard Room,49.63,1,2019-01-14 06:35:55,2025-11-20 11:14:24
RM-HTL0031-294,HTL0031,294,DLX,Deluxe Room,111.08,1,2019-01-22 08:24:33,2023-09-25 15:24:47
RM-HTL0031-295,HTL0031,295,STD,Standard Room,58.06,1,2019-01-09 12:02:25,2019-01-09 12:02:25
RM-HTL0031-296,HTL0031,296,DLX,Deluxe Room,105.02,1,2019-01-22 10:42:05,2026-03-15 02:50:37
RM-HTL0031-297,HTL0031,297,STD,Standard Room,49.63,1,2019-01-13 08:45:22,2024-08-01 12:00:57
RM-HTL0031-298,HTL0031,298,SUP,Superior Room,70.2,1,2019-01-22 16:56:26,2026-02-11 03:54:18
RM-HTL0031-299,HTL0031,299,STD,Standard Room,46.52,1,2019-01-21 15:21:33,2022-01-12 07:00:44
RM-HTL0031-300,HTL0031,300,DLX,Deluxe Room,115.72,1,2019-01-15 01:39:04,2025-10-14 08:40:18
RM-HTL0032-101,HTL0032,101,EXE,Executive Suite,396.8,1,2021-05-06 12:00:04,2023-01-15 22:52:20
RM-HTL0032-102,HTL0032,102,EXE,Executive Suite,402.85,1,2021-05-06 21:24:42,2021-05-06 21:24:42
RM-HTL0032-103,HTL0032,103,DLX,Deluxe Room,118.22,1,2021-05-16 12:46:55,2021-05-16 12:46:55
RM-HTL0032-104,HTL0032,104,DLX,Deluxe Room,123.8,1,2021-05-23 21:08:20,2025-08-08 04:35:37
RM-HTL0032-105,HTL0032,105,SUP,Superior Room,79.79,1,2021-05-24 03:52:39,2026-04-17 09:33:46
RM-HTL0032-106,HTL0032,106,DLX,Deluxe Room,117.61,1,2021-05-17 07:50:43,2021-05-17 07:50:43
RM-HTL0032-107,HTL0032,107,SUP,Superior Room,88.91,1,2021-05-03 03:55:54,2024-09-16 05:00:08
RM-HTL0032-108,HTL0032,108,SUP,Superior Room,89.99,1,2021-05-31 19:26:17,2024-04-02 20:06:01
RM-HTL0032-109,HTL0032,109,DLX,Deluxe Room,107.01,1,2021-05-12 21:50:48,2021-05-12 21:50:48
RM-HTL0032-110,HTL0032,110,EXE,Executive Suite,410.0,1,2021-05-21 11:55:24,2024-01-19 16:48:45
RM-HTL0032-111,HTL0032,111,SUT,Suite Room,252.36,1,2021-05-15 22:29:46,2025-11-06 15:26:47
RM-HTL0032-112,HTL0032,112,EXE,Executive Suite,404.6,1,2021-05-08 17:00:38,2021-08-26 13:29:15
RM-HTL0032-113,HTL0032,113,EXE,Executive Suite,402.5,1,2021-05-18 08:02:41,2025-09-20 05:19:45
RM-HTL0032-114,HTL0032,114,SUT,Suite Room,253.02,1,2021-06-01 14:02:53,2022-03-03 22:32:18
RM-HTL0032-115,HTL0032,115,SUT,Suite Room,252.86,1,2021-05-31 22:30:13,2026-02-08 13:46:08
RM-HTL0032-116,HTL0032,116,EXE,Executive Suite,403.49,1,2021-05-30 14:37:28,2021-05-30 14:37:28
RM-HTL0032-117,HTL0032,117,SUP,Superior Room,84.1,1,2021-05-14 16:04:47,2022-09-22 23:57:47
RM-HTL0032-118,HTL0032,118,STD,Standard Room,63.29,1,2021-06-02 07:20:53,2021-06-02 07:20:53
RM-HTL0032-119,HTL0032,119,DLX,Deluxe Room,111.9,1,2021-05-12 20:53:54,2022-02-04 14:32:22
RM-HTL0032-120,HTL0032,120,STD,Standard Room,45.63,1,2021-05-28 00:41:01,2021-07-26 06:41:59
RM-HTL0032-121,HTL0032,121,SUT,Suite Room,263.48,1,2021-05-04 04:50:23,2021-06-23 03:20:45
RM-HTL0032-122,HTL0032,122,STD,Standard Room,53.66,1,2021-05-20 23:45:46,2021-05-20 23:45:46
RM-HTL0032-123,HTL0032,123,STD,Standard Room,46.65,1,2021-05-06 16:57:19,2024-08-14 21:21:12
RM-HTL0032-124,HTL0032,124,STD,Standard Room,56.34,1,2021-05-07 10:02:55,2021-05-07 10:02:55
RM-HTL0032-125,HTL0032,125,EXE,Executive Suite,399.72,1,2021-05-30 04:15:58,2021-05-30 04:15:58
RM-HTL0032-126,HTL0032,126,DLX,Deluxe Room,121.5,1,2021-05-31 08:59:20,2021-05-31 08:59:20
RM-HTL0032-127,HTL0032,127,SUP,Superior Room,83.5,1,2021-05-15 09:09:49,2026-01-07 02:19:21
RM-HTL0032-128,HTL0032,128,DLX,Deluxe Room,106.8,1,2021-05-23 13:01:28,2021-05-23 13:01:28
RM-HTL0032-129,HTL0032,129,EXE,Executive Suite,405.95,1,2021-05-06 02:34:40,2021-05-06 02:34:40
RM-HTL0032-130,HTL0032,130,STD,Standard Room,57.63,1,2021-05-05 01:04:59,2026-05-25 10:14:40
RM-HTL0032-131,HTL0032,131,SUP,Superior Room,73.01,1,2021-05-04 14:21:36,2021-05-04 14:21:36
RM-HTL0032-132,HTL0032,132,EXE,Executive Suite,412.41,1,2021-05-10 05:06:02,2024-09-14 04:26:31
RM-HTL0032-133,HTL0032,133,SUP,Superior Room,88.57,1,2021-05-10 06:08:22,2024-09-24 20:42:56
RM-HTL0032-134,HTL0032,134,SUT,Suite Room,246.94,1,2021-05-13 05:43:46,2023-06-21 22:37:32
RM-HTL0032-135,HTL0032,135,SUT,Suite Room,250.43,1,2021-05-09 21:28:18,2021-05-09 21:28:18
RM-HTL0032-136,HTL0032,136,SUT,Suite Room,249.28,1,2021-05-18 00:31:07,2022-03-26 14:09:02
RM-HTL0032-137,HTL0032,137,STD,Standard Room,52.08,1,2021-05-30 02:50:13,2024-03-03 07:43:43
RM-HTL0032-138,HTL0032,138,EXE,Executive Suite,400.77,1,2021-05-18 18:17:22,2022-08-03 11:56:52
RM-HTL0032-139,HTL0032,139,SUT,Suite Room,252.72,1,2021-05-06 02:50:41,2021-08-27 08:08:27
RM-HTL0032-140,HTL0032,140,EXE,Executive Suite,414.08,1,2021-05-10 10:16:47,2024-11-28 00:56:08
RM-HTL0032-141,HTL0032,141,STD,Standard Room,49.76,1,2021-05-14 09:38:31,2025-01-25 11:02:46
RM-HTL0032-142,HTL0032,142,STD,Standard Room,46.29,1,2021-05-31 08:10:46,2025-01-06 01:39:01
RM-HTL0032-143,HTL0032,143,EXE,Executive Suite,404.31,1,2021-05-19 20:02:52,2021-05-19 20:02:52
RM-HTL0032-144,HTL0032,144,STD,Standard Room,54.46,1,2021-05-07 22:45:02,2024-06-17 11:11:12
RM-HTL0032-145,HTL0032,145,EXE,Executive Suite,404.69,1,2021-05-11 00:54:42,2022-10-17 00:38:57
RM-HTL0032-146,HTL0032,146,DLX,Deluxe Room,157.72,1,2021-05-16 13:46:03,2024-01-12 20:35:45
RM-HTL0032-147,HTL0032,147,SUP,Superior Room,71.63,1,2021-05-15 17:49:33,2025-08-19 02:27:32
RM-HTL0032-148,HTL0032,148,EXE,Executive Suite,396.57,1,2021-05-15 05:19:56,2021-12-04 04:06:17
RM-HTL0032-149,HTL0032,149,DLX,Deluxe Room,120.72,1,2021-05-10 22:24:53,2021-05-10 22:24:53
RM-HTL0032-150,HTL0032,150,EXE,Executive Suite,403.84,1,2021-05-17 14:27:16,2021-05-17 14:27:16
RM-HTL0032-151,HTL0032,151,DLX,Deluxe Room,120.07,1,2021-05-13 21:02:44,2024-09-21 04:45:26
RM-HTL0032-152,HTL0032,152,DLX,Deluxe Room,109.6,1,2021-05-13 00:38:01,2021-12-01 14:43:19
RM-HTL0032-153,HTL0032,153,SUP,Superior Room,72.94,1,2021-05-19 23:44:57,2022-07-13 04:11:18
RM-HTL0032-154,HTL0032,154,STD,Standard Room,55.4,1,2021-05-06 06:02:07,2021-05-06 06:02:07
RM-HTL0032-155,HTL0032,155,DLX,Deluxe Room,109.2,1,2021-05-08 22:52:47,2022-02-18 23:14:18
RM-HTL0032-156,HTL0032,156,DLX,Deluxe Room,106.2,1,2021-05-12 09:01:02,2021-05-12 09:01:02
RM-HTL0032-157,HTL0032,157,SUP,Superior Room,86.56,1,2021-05-06 01:13:38,2021-05-06 01:13:38
RM-HTL0032-158,HTL0032,158,STD,Standard Room,56.21,1,2021-05-10 07:16:36,2021-05-10 07:16:36
RM-HTL0032-159,HTL0032,159,SUP,Superior Room,71.16,1,2021-05-16 22:41:55,2024-01-24 15:23:49
RM-HTL0032-160,HTL0032,160,DLX,Deluxe Room,121.93,1,2021-06-02 11:49:30,2024-10-01 06:32:18
RM-HTL0032-161,HTL0032,161,STD,Standard Room,47.69,1,2021-05-10 23:01:08,2021-05-10 23:01:08
RM-HTL0032-162,HTL0032,162,SUT,Suite Room,257.39,1,2021-05-04 03:30:48,2025-07-22 15:21:55
RM-HTL0032-163,HTL0032,163,STD,Standard Room,54.07,1,2021-05-04 06:28:38,2025-03-10 19:09:42
RM-HTL0032-164,HTL0032,164,STD,Standard Room,54.84,1,2021-05-31 09:37:33,2021-05-31 09:37:33
RM-HTL0032-165,HTL0032,165,DLX,Deluxe Room,123.07,1,2021-06-02 12:53:07,2025-01-31 16:24:33
RM-HTL0032-166,HTL0032,166,STD,Standard Room,85.33,1,2021-05-08 07:22:58,2022-08-30 04:58:08
RM-HTL0032-167,HTL0032,167,SUP,Superior Room,75.12,1,2021-05-28 22:04:48,2021-05-28 22:04:48
RM-HTL0032-168,HTL0032,168,DLX,Deluxe Room,117.25,1,2021-05-14 10:31:56,2021-05-14 10:31:56
RM-HTL0032-169,HTL0032,169,SUP,Superior Room,84.9,1,2021-05-22 17:10:18,2021-05-22 17:10:18
RM-HTL0032-170,HTL0032,170,EXE,Executive Suite,412.14,1,2021-05-31 12:39:49,2025-10-17 07:33:52
RM-HTL0032-171,HTL0032,171,EXE,Executive Suite,409.24,1,2021-05-31 10:52:17,2025-07-29 02:11:08
RM-HTL0032-172,HTL0032,172,STD,Standard Room,51.83,1,2021-05-06 20:50:06,2026-02-09 17:32:13
RM-HTL0032-173,HTL0032,173,SUT,Suite Room,263.55,1,2021-05-30 10:13:34,2022-05-28 21:18:44
RM-HTL0032-174,HTL0032,174,SUT,Suite Room,260.72,1,2021-05-11 16:08:36,2023-10-10 15:05:25
RM-HTL0032-175,HTL0032,175,STD,Standard Room,63.88,1,2021-05-15 07:20:27,2021-11-13 08:04:36
RM-HTL0032-176,HTL0032,176,SUP,Superior Room,83.04,1,2021-05-11 02:22:25,2022-01-11 03:16:19
RM-HTL0032-177,HTL0032,177,SUT,Suite Room,261.98,1,2021-05-12 14:00:16,2021-05-12 14:00:16
RM-HTL0032-178,HTL0032,178,EXE,Executive Suite,401.14,1,2021-05-14 02:42:02,2023-05-05 16:07:35
RM-HTL0032-179,HTL0032,179,SUP,Superior Room,89.64,1,2021-05-07 06:21:02,2025-09-23 10:38:08
RM-HTL0032-180,HTL0032,180,SUP,Superior Room,78.6,1,2021-05-17 14:14:58,2025-06-29 06:06:47
RM-HTL0032-181,HTL0032,181,EXE,Executive Suite,409.67,1,2021-05-07 07:28:34,2025-12-24 12:07:18
RM-HTL0032-182,HTL0032,182,SUT,Suite Room,260.93,1,2021-05-13 14:04:22,2021-05-13 14:04:22
RM-HTL0032-183,HTL0032,183,DLX,Deluxe Room,118.67,1,2021-05-23 11:07:43,2022-09-29 15:18:18
RM-HTL0032-184,HTL0032,184,SUP,Superior Room,73.66,1,2021-05-30 12:02:40,2025-05-19 19:35:53
RM-HTL0032-185,HTL0032,185,EXE,Executive Suite,404.22,1,2021-05-22 01:33:39,2026-02-27 00:46:24
RM-HTL0032-186,HTL0032,186,EXE,Executive Suite,396.97,1,2021-05-13 09:41:20,2021-10-07 17:29:00
RM-HTL0032-187,HTL0032,187,STD,Standard Room,58.4,1,2021-05-11 22:13:41,2021-05-11 22:13:41
RM-HTL0032-188,HTL0032,188,STD,Standard Room,59.78,1,2021-06-01 18:19:16,2023-10-20 12:58:52
RM-HTL0032-189,HTL0032,189,SUP,Superior Room,85.56,1,2021-05-26 02:38:27,2021-09-10 16:28:33
RM-HTL0032-190,HTL0032,190,SUP,Superior Room,82.93,1,2021-05-26 23:24:42,2023-11-22 15:00:56
RM-HTL0032-191,HTL0032,191,SUT,Suite Room,258.43,1,2021-05-12 23:29:42,2021-10-07 11:52:22
RM-HTL0032-192,HTL0032,192,STD,Standard Room,50.87,1,2021-05-03 21:56:48,2025-12-07 02:01:15
RM-HTL0032-193,HTL0032,193,DLX,Deluxe Room,123.01,1,2021-05-12 18:32:32,2021-05-12 18:32:32
RM-HTL0032-194,HTL0032,194,DLX,Deluxe Room,108.15,1,2021-06-02 09:26:31,2021-09-15 00:23:48
RM-HTL0032-195,HTL0032,195,DLX,Deluxe Room,116.61,1,2021-05-22 03:24:39,2021-05-22 03:24:39
RM-HTL0032-196,HTL0032,196,EXE,Executive Suite,411.21,1,2021-05-14 17:00:11,2023-01-26 19:14:46
RM-HTL0032-197,HTL0032,197,EXE,Executive Suite,413.4,1,2021-05-22 15:20:01,2021-05-22 15:20:01
RM-HTL0032-198,HTL0032,198,DLX,Deluxe Room,120.4,1,2021-05-21 04:04:43,2021-05-21 04:04:43
RM-HTL0032-199,HTL0032,199,DLX,Deluxe Room,106.63,1,2021-05-31 18:45:09,2025-11-20 23:44:32
RM-HTL0032-200,HTL0032,200,SUP,Superior Room,79.07,1,2021-05-28 18:48:01,2022-05-09 20:52:52
RM-HTL0032-201,HTL0032,201,STD,Standard Room,51.47,1,2021-05-21 18:21:45,2022-01-29 00:06:15
RM-HTL0032-202,HTL0032,202,SUT,Suite Room,256.06,1,2021-05-05 11:56:28,2021-05-05 11:56:28
RM-HTL0032-203,HTL0032,203,SUT,Suite Room,253.06,1,2021-05-21 22:41:28,2022-07-15 19:57:51
RM-HTL0032-204,HTL0032,204,DLX,Deluxe Room,109.71,1,2021-05-28 06:41:39,2021-05-28 06:41:39
RM-HTL0032-205,HTL0032,205,EXE,Executive Suite,413.51,1,2021-05-30 22:02:30,2024-07-07 09:51:14
RM-HTL0032-206,HTL0032,206,DLX,Deluxe Room,124.69,1,2021-05-14 16:09:48,2021-09-10 04:30:07
RM-HTL0032-207,HTL0032,207,SUP,Superior Room,72.86,1,2021-05-27 03:15:03,2025-01-11 13:54:36
RM-HTL0032-208,HTL0032,208,DLX,Deluxe Room,150.4,1,2021-05-28 22:09:31,2026-04-27 00:51:50
RM-HTL0032-209,HTL0032,209,STD,Standard Room,49.91,1,2021-05-04 23:16:32,2022-07-14 10:00:37
RM-HTL0032-210,HTL0032,210,EXE,Executive Suite,397.02,1,2021-05-23 06:53:04,2021-11-21 02:19:49
RM-HTL0032-211,HTL0032,211,EXE,Executive Suite,405.39,1,2021-05-25 11:25:21,2021-05-25 11:25:21
RM-HTL0032-212,HTL0032,212,STD,Standard Room,55.3,1,2021-05-04 07:13:58,2025-07-22 03:23:22
RM-HTL0032-213,HTL0032,213,SUP,Superior Room,82.03,1,2021-05-11 05:11:09,2021-05-11 05:11:09
RM-HTL0032-214,HTL0032,214,STD,Standard Room,60.3,1,2021-05-29 04:28:07,2021-05-29 04:28:07
RM-HTL0032-215,HTL0032,215,DLX,Deluxe Room,123.84,1,2021-05-18 15:10:12,2022-07-02 03:45:32
RM-HTL0032-216,HTL0032,216,STD,Standard Room,55.88,1,2021-05-20 15:17:19,2022-07-07 11:53:42
RM-HTL0032-217,HTL0032,217,EXE,Executive Suite,400.95,1,2021-05-20 16:08:25,2021-05-20 16:08:25
RM-HTL0032-218,HTL0032,218,EXE,Executive Suite,403.17,1,2021-06-02 17:59:39,2025-11-04 12:58:20
RM-HTL0032-219,HTL0032,219,SUP,Superior Room,85.67,1,2021-05-26 02:07:40,2022-01-05 15:57:12
RM-HTL0032-220,HTL0032,220,EXE,Executive Suite,398.7,1,2021-05-15 22:43:55,2025-09-06 17:14:41
RM-HTL0032-221,HTL0032,221,SUT,Suite Room,252.79,1,2021-05-19 06:37:38,2022-09-24 20:56:24
RM-HTL0032-222,HTL0032,222,STD,Standard Room,62.8,1,2021-05-26 16:49:25,2023-08-03 02:45:11
RM-HTL0032-223,HTL0032,223,SUT,Suite Room,261.38,1,2021-05-06 01:23:10,2021-05-06 01:23:10
RM-HTL0032-224,HTL0032,224,EXE,Executive Suite,398.33,1,2021-05-31 07:05:02,2022-05-03 04:21:00
RM-HTL0032-225,HTL0032,225,STD,Standard Room,55.8,1,2021-05-26 00:24:47,2024-10-15 08:03:31
RM-HTL0032-226,HTL0032,226,SUT,Suite Room,259.86,1,2021-05-27 14:55:02,2025-04-09 11:03:49
RM-HTL0032-227,HTL0032,227,DLX,Deluxe Room,110.78,1,2021-05-04 08:45:48,2021-05-04 08:45:48
RM-HTL0032-228,HTL0032,228,SUT,Suite Room,259.75,1,2021-05-11 10:33:37,2026-01-19 18:23:19
RM-HTL0032-229,HTL0032,229,SUT,Suite Room,245.77,1,2021-05-27 01:10:06,2021-12-24 06:20:26
RM-HTL0032-230,HTL0032,230,SUP,Superior Room,85.73,1,2021-05-12 12:52:35,2025-12-24 09:30:43
RM-HTL0032-231,HTL0032,231,SUP,Superior Room,81.35,1,2021-05-09 02:23:53,2025-05-26 03:41:41
RM-HTL0032-232,HTL0032,232,SUT,Suite Room,246.38,0,2021-05-25 06:38:00,2021-05-25 06:38:00
RM-HTL0032-233,HTL0032,233,DLX,Deluxe Room,118.21,1,2021-05-18 00:52:59,2024-03-30 08:29:51
RM-HTL0032-234,HTL0032,234,SUT,Suite Room,255.36,1,2021-05-19 17:12:59,2025-11-08 20:23:19
RM-HTL0032-235,HTL0032,235,SUP,Superior Room,74.42,1,2021-05-30 06:23:07,2021-05-30 06:23:07
RM-HTL0032-236,HTL0032,236,SUP,Superior Room,76.88,1,2021-05-14 20:13:24,2021-05-14 20:13:24
RM-HTL0032-237,HTL0032,237,EXE,Executive Suite,398.17,1,2021-05-22 21:46:33,2026-05-09 14:10:51
RM-HTL0032-238,HTL0032,238,EXE,Executive Suite,395.55,1,2021-05-14 06:20:49,2024-05-02 00:35:30
RM-HTL0032-239,HTL0032,239,STD,Standard Room,57.42,1,2021-06-01 06:25:22,2021-11-22 12:56:07
RM-HTL0032-240,HTL0032,240,SUT,Suite Room,245.7,1,2021-05-30 11:03:26,2021-05-30 11:03:26
RM-HTL0032-241,HTL0032,241,EXE,Executive Suite,398.51,1,2021-05-14 12:28:31,2023-11-27 02:45:24
RM-HTL0032-242,HTL0032,242,EXE,Executive Suite,411.41,1,2021-05-27 05:09:43,2021-05-27 05:09:43
RM-HTL0032-243,HTL0032,243,SUT,Suite Room,254.52,1,2021-05-07 08:27:53,2021-05-07 08:27:53
RM-HTL0032-244,HTL0032,244,SUT,Suite Room,245.99,1,2021-05-06 13:43:35,2021-09-04 17:03:28
RM-HTL0032-245,HTL0032,245,SUT,Suite Room,263.38,1,2021-05-09 18:58:31,2024-02-10 20:08:56
RM-HTL0032-246,HTL0032,246,SUT,Suite Room,249.88,1,2021-06-02 05:12:46,2025-02-15 12:20:13
RM-HTL0032-247,HTL0032,247,EXE,Executive Suite,398.14,1,2021-05-15 18:37:40,2021-05-15 18:37:40
RM-HTL0032-248,HTL0032,248,SUT,Suite Room,258.51,0,2021-06-01 12:59:18,2021-06-01 12:59:18
RM-HTL0032-249,HTL0032,249,STD,Standard Room,51.6,1,2021-05-21 22:10:13,2024-09-29 17:08:28
RM-HTL0032-250,HTL0032,250,EXE,Executive Suite,409.77,0,2021-05-12 11:17:28,2021-10-13 10:30:13
RM-HTL0032-251,HTL0032,251,STD,Standard Room,64.06,1,2021-05-29 16:06:31,2021-05-29 16:06:31
RM-HTL0032-252,HTL0032,252,STD,Standard Room,50.92,1,2021-05-19 21:34:31,2021-05-19 21:34:31
RM-HTL0032-253,HTL0032,253,DLX,Deluxe Room,123.59,1,2021-05-21 10:03:04,2022-08-25 18:30:43
RM-HTL0032-254,HTL0032,254,EXE,Executive Suite,397.97,1,2021-05-04 02:38:36,2023-09-09 21:14:28
RM-HTL0032-255,HTL0032,255,SUP,Superior Room,85.89,1,2021-05-18 06:22:07,2025-05-18 18:07:11
RM-HTL0032-256,HTL0032,256,EXE,Executive Suite,401.33,1,2021-05-19 04:23:49,2024-03-08 11:19:55
RM-HTL0032-257,HTL0032,257,SUT,Suite Room,264.7,1,2021-05-10 06:56:18,2023-11-27 22:00:32
RM-HTL0032-258,HTL0032,258,SUP,Superior Room,82.81,1,2021-05-29 17:48:18,2021-05-29 17:48:18
RM-HTL0032-259,HTL0032,259,EXE,Executive Suite,402.2,1,2021-05-08 18:11:43,2022-12-30 20:40:36
RM-HTL0032-260,HTL0032,260,SUT,Suite Room,261.88,1,2021-05-24 11:48:25,2021-05-24 11:48:25
RM-HTL0032-261,HTL0032,261,SUT,Suite Room,249.95,1,2021-05-07 05:30:43,2025-12-09 10:41:32
RM-HTL0032-262,HTL0032,262,SUP,Superior Room,79.77,1,2021-05-10 22:44:37,2021-05-10 22:44:37
RM-HTL0032-263,HTL0032,263,EXE,Executive Suite,396.4,1,2021-05-28 01:06:52,2022-11-10 07:29:51
RM-HTL0032-264,HTL0032,264,SUT,Suite Room,254.69,1,2021-05-10 09:05:45,2025-01-18 07:31:17
RM-HTL0032-265,HTL0032,265,SUT,Suite Room,249.77,1,2021-05-03 10:05:16,2021-05-03 10:05:16
RM-HTL0032-266,HTL0032,266,SUP,Superior Room,82.11,1,2021-06-01 15:14:11,2025-06-23 16:37:51
RM-HTL0032-267,HTL0032,267,EXE,Executive Suite,396.1,1,2021-05-30 05:53:50,2021-05-30 05:53:50
RM-HTL0032-268,HTL0032,268,DLX,Deluxe Room,111.93,0,2021-05-05 19:01:06,2021-08-26 09:12:45
RM-HTL0032-269,HTL0032,269,DLX,Deluxe Room,121.31,1,2021-05-31 04:17:33,2022-12-19 15:31:33
RM-HTL0032-270,HTL0032,270,DLX,Deluxe Room,112.98,1,2021-05-11 15:39:49,2023-03-25 14:12:59
RM-HTL0032-271,HTL0032,271,DLX,Deluxe Room,108.79,1,2021-05-16 08:08:00,2022-04-03 22:49:50
RM-HTL0032-272,HTL0032,272,SUT,Suite Room,250.58,1,2021-05-16 22:20:17,2021-05-16 22:20:17
RM-HTL0032-273,HTL0032,273,SUP,Superior Room,85.38,1,2021-05-12 04:50:26,2022-08-08 11:51:47
RM-HTL0032-274,HTL0032,274,STD,Standard Room,60.18,1,2021-05-18 02:58:30,2021-05-18 02:58:30
RM-HTL0032-275,HTL0032,275,STD,Standard Room,50.51,1,2021-05-12 06:01:42,2021-06-10 15:50:19
RM-HTL0032-276,HTL0032,276,STD,Standard Room,48.97,1,2021-05-06 07:17:14,2024-10-07 22:59:50
RM-HTL0032-277,HTL0032,277,EXE,Executive Suite,403.53,1,2021-05-15 07:41:37,2026-04-15 10:13:05
RM-HTL0032-278,HTL0032,278,STD,Standard Room,52.68,1,2021-05-21 15:55:15,2023-03-31 18:44:08
RM-HTL0032-279,HTL0032,279,EXE,Executive Suite,414.86,1,2021-05-31 23:14:14,2021-05-31 23:14:14
RM-HTL0032-280,HTL0032,280,EXE,Executive Suite,411.87,1,2021-05-29 07:02:59,2021-05-29 07:02:59
RM-HTL0032-281,HTL0032,281,EXE,Executive Suite,407.61,1,2021-05-30 02:20:20,2022-02-06 13:29:49
RM-HTL0032-282,HTL0032,282,DLX,Deluxe Room,107.63,1,2021-05-23 18:20:20,2025-08-16 02:10:24
RM-HTL0032-283,HTL0032,283,STD,Standard Room,63.79,1,2021-05-30 23:44:39,2023-04-03 09:27:00
RM-HTL0032-284,HTL0032,284,SUT,Suite Room,261.32,1,2021-05-17 23:01:54,2025-02-09 22:10:36
RM-HTL0032-285,HTL0032,285,SUT,Suite Room,247.44,1,2021-05-09 00:39:38,2024-08-03 02:19:44
RM-HTL0032-286,HTL0032,286,DLX,Deluxe Room,120.4,1,2021-05-19 19:37:25,2022-03-30 20:51:32
RM-HTL0032-287,HTL0032,287,SUT,Suite Room,264.34,1,2021-05-04 03:50:11,2022-07-15 23:36:56
RM-HTL0032-288,HTL0032,288,EXE,Executive Suite,407.98,1,2021-05-10 12:02:00,2022-09-23 15:04:00
RM-HTL0032-289,HTL0032,289,EXE,Executive Suite,399.28,1,2021-05-07 15:01:10,2023-11-12 16:43:13
RM-HTL0032-290,HTL0032,290,SUT,Suite Room,262.87,1,2021-05-11 03:02:52,2021-09-17 05:32:59
RM-HTL0032-291,HTL0032,291,SUP,Superior Room,73.65,1,2021-05-21 21:27:42,2025-03-16 02:34:07
RM-HTL0032-292,HTL0032,292,SUP,Superior Room,87.46,1,2021-05-23 23:08:22,2023-12-11 19:50:41
RM-HTL0032-293,HTL0032,293,STD,Standard Room,57.75,1,2021-05-21 05:23:25,2024-05-03 12:55:32
RM-HTL0032-294,HTL0032,294,EXE,Executive Suite,402.68,1,2021-06-02 11:07:50,2025-09-15 06:22:14
RM-HTL0032-295,HTL0032,295,SUP,Superior Room,76.12,1,2021-05-15 01:53:26,2026-02-03 07:05:20
RM-HTL0032-296,HTL0032,296,SUT,Suite Room,263.3,1,2021-05-07 16:11:57,2021-09-25 19:13:10
RM-HTL0032-297,HTL0032,297,STD,Standard Room,52.13,1,2021-05-22 19:48:53,2021-05-22 19:48:53
RM-HTL0032-298,HTL0032,298,SUP,Superior Room,80.67,1,2021-06-01 07:54:12,2025-03-15 13:42:51
RM-HTL0032-299,HTL0032,299,DLX,Deluxe Room,112.27,1,2021-05-06 21:58:50,2024-03-22 21:34:39
RM-HTL0032-300,HTL0032,300,DLX,Deluxe Room,109.84,1,2021-05-23 04:47:59,2024-02-09 00:01:30
RM-HTL0032-301,HTL0032,301,STD,Standard Room,55.45,1,2021-05-08 14:39:09,2021-05-08 14:39:09
RM-HTL0032-302,HTL0032,302,SUT,Suite Room,248.35,1,2021-05-10 12:29:57,2025-09-29 05:29:11
RM-HTL0032-303,HTL0032,303,SUT,Suite Room,252.47,1,2021-05-23 20:33:01,2021-05-23 20:33:01
RM-HTL0032-304,HTL0032,304,EXE,Executive Suite,405.38,1,2021-05-13 16:14:12,2023-06-18 23:14:07
RM-HTL0032-305,HTL0032,305,SUT,Suite Room,256.63,1,2021-05-15 07:06:21,2021-05-15 07:06:21
RM-HTL0032-306,HTL0032,306,STD,Standard Room,46.73,1,2021-05-07 00:16:44,2022-05-11 12:13:53
RM-HTL0032-307,HTL0032,307,STD,Standard Room,58.97,1,2021-06-01 05:10:11,2026-04-13 00:57:04
RM-HTL0032-308,HTL0032,308,SUT,Suite Room,247.86,1,2021-05-15 03:58:56,2023-07-04 13:45:47
RM-HTL0032-309,HTL0032,309,EXE,Executive Suite,402.87,1,2021-05-24 14:34:14,2021-05-24 14:34:14
RM-HTL0032-310,HTL0032,310,SUP,Superior Room,75.3,1,2021-05-20 05:46:14,2025-08-14 03:49:30
RM-HTL0032-311,HTL0032,311,STD,Standard Room,60.79,1,2021-05-28 15:59:50,2021-05-28 15:59:50
RM-HTL0032-312,HTL0032,312,SUT,Suite Room,263.78,1,2021-05-18 02:25:16,2021-05-18 02:25:16
RM-HTL0032-313,HTL0032,313,EXE,Executive Suite,395.08,1,2021-05-03 03:26:02,2026-05-07 21:12:36
RM-HTL0032-314,HTL0032,314,EXE,Executive Suite,401.66,1,2021-05-21 20:58:27,2021-07-12 06:00:06
RM-HTL0032-315,HTL0032,315,DLX,Deluxe Room,118.45,1,2021-05-05 00:01:14,2023-05-18 16:21:09
RM-HTL0032-316,HTL0032,316,SUP,Superior Room,74.53,1,2021-05-13 06:54:20,2024-01-16 02:55:28
RM-HTL0032-317,HTL0032,317,DLX,Deluxe Room,119.94,1,2021-05-04 16:09:55,2023-05-24 09:45:31
RM-HTL0032-318,HTL0032,318,DLX,Deluxe Room,111.32,1,2021-05-26 22:51:40,2022-09-18 02:55:50
RM-HTL0032-319,HTL0032,319,EXE,Executive Suite,406.7,1,2021-05-17 11:57:45,2022-09-07 04:23:31
RM-HTL0032-320,HTL0032,320,EXE,Executive Suite,408.53,1,2021-05-18 16:49:37,2021-05-18 16:49:37
RM-HTL0032-321,HTL0032,321,SUT,Suite Room,248.01,0,2021-05-25 14:33:34,2021-05-25 14:33:34
RM-HTL0032-322,HTL0032,322,EXE,Executive Suite,413.36,1,2021-05-06 20:28:53,2025-05-09 11:34:15
RM-HTL0032-323,HTL0032,323,EXE,Executive Suite,408.98,0,2021-05-19 21:34:13,2022-09-24 18:06:22
RM-HTL0032-324,HTL0032,324,EXE,Executive Suite,399.43,1,2021-05-10 13:44:20,2024-05-25 18:40:11
RM-HTL0032-325,HTL0032,325,STD,Standard Room,50.3,1,2021-05-29 12:25:37,2025-08-01 20:52:24
RM-HTL0032-326,HTL0032,326,SUP,Superior Room,77.53,1,2021-05-14 01:37:26,2023-05-22 10:44:19
RM-HTL0032-327,HTL0032,327,SUT,Suite Room,261.87,1,2021-06-01 07:01:21,2021-06-01 07:01:21
RM-HTL0032-328,HTL0032,328,SUT,Suite Room,264.13,1,2021-05-19 20:00:27,2023-08-21 03:14:23
RM-HTL0032-329,HTL0032,329,EXE,Executive Suite,397.9,1,2021-05-23 00:59:18,2021-05-23 00:59:18
RM-HTL0032-330,HTL0032,330,DLX,Deluxe Room,117.77,1,2021-05-22 20:45:47,2021-06-17 13:33:55
RM-HTL0032-331,HTL0032,331,SUT,Suite Room,264.33,1,2021-05-29 22:15:46,2025-09-21 02:36:37
RM-HTL0032-332,HTL0032,332,SUT,Suite Room,258.5,1,2021-05-03 04:12:34,2023-09-28 11:29:26
RM-HTL0032-333,HTL0032,333,STD,Standard Room,60.91,1,2021-06-01 12:33:57,2024-03-09 09:09:46
RM-HTL0032-334,HTL0032,334,DLX,Deluxe Room,121.38,1,2021-05-19 21:19:34,2021-05-19 21:19:34
RM-HTL0032-335,HTL0032,335,SUT,Suite Room,245.78,1,2021-05-04 20:55:54,2026-01-14 02:59:48
RM-HTL0032-336,HTL0032,336,DLX,Deluxe Room,105.37,1,2021-05-13 21:35:18,2023-11-09 05:38:00
RM-HTL0032-337,HTL0032,337,STD,Standard Room,58.09,0,2021-05-22 21:18:25,2022-08-10 11:46:31
RM-HTL0032-338,HTL0032,338,STD,Standard Room,54.38,1,2021-05-04 00:11:40,2021-05-04 00:11:40
RM-HTL0032-339,HTL0032,339,STD,Standard Room,45.91,1,2021-05-12 02:57:05,2021-10-01 23:54:59
RM-HTL0032-340,HTL0032,340,STD,Standard Room,63.12,1,2021-05-24 17:55:41,2022-07-10 13:33:27
RM-HTL0032-341,HTL0032,341,DLX,Deluxe Room,122.26,1,2021-05-22 10:27:37,2023-09-09 05:17:03
RM-HTL0032-342,HTL0032,342,SUT,Suite Room,250.46,1,2021-05-14 23:08:56,2021-05-14 23:08:56
RM-HTL0032-343,HTL0032,343,STD,Standard Room,48.4,1,2021-05-12 17:57:31,2021-09-12 22:00:02
RM-HTL0032-344,HTL0032,344,EXE,Executive Suite,431.42,1,2021-05-07 18:41:07,2023-03-09 07:43:53
RM-HTL0032-345,HTL0032,345,STD,Standard Room,64.29,1,2021-05-21 15:07:22,2024-09-11 22:24:59
RM-HTL0032-346,HTL0032,346,SUT,Suite Room,257.31,1,2021-05-23 13:30:54,2021-11-20 17:44:10
RM-HTL0032-347,HTL0032,347,EXE,Executive Suite,403.56,1,2021-05-18 07:22:07,2024-07-21 22:21:39
RM-HTL0032-348,HTL0032,348,DLX,Deluxe Room,123.5,1,2021-05-29 12:03:13,2023-08-29 06:57:58
RM-HTL0032-349,HTL0032,349,DLX,Deluxe Room,122.28,1,2021-05-30 21:22:20,2023-03-16 16:55:01
RM-HTL0032-350,HTL0032,350,STD,Standard Room,46.22,1,2021-05-13 20:15:20,2021-05-13 20:15:20
RM-HTL0032-351,HTL0032,351,SUT,Suite Room,252.26,1,2021-05-25 06:32:03,2023-06-01 13:56:30
RM-HTL0032-352,HTL0032,352,DLX,Deluxe Room,106.34,1,2021-05-31 12:41:08,2021-05-31 12:41:08
RM-HTL0032-353,HTL0032,353,EXE,Executive Suite,402.62,1,2021-05-15 12:41:42,2021-05-15 12:41:42
RM-HTL0032-354,HTL0032,354,STD,Standard Room,50.62,1,2021-05-09 17:56:18,2026-03-18 13:13:56
RM-HTL0032-355,HTL0032,355,DLX,Deluxe Room,120.56,1,2021-06-01 06:14:43,2025-03-18 01:29:58
RM-HTL0032-356,HTL0032,356,DLX,Deluxe Room,118.54,1,2021-05-20 07:48:01,2021-05-20 07:48:01
RM-HTL0032-357,HTL0032,357,SUP,Superior Room,81.75,1,2021-05-12 05:58:01,2021-05-12 05:58:01
RM-HTL0032-358,HTL0032,358,EXE,Executive Suite,412.52,1,2021-05-23 01:53:28,2021-05-23 01:53:28
RM-HTL0032-359,HTL0032,359,DLX,Deluxe Room,119.01,1,2021-05-30 05:36:26,2025-09-10 19:40:35
RM-HTL0032-360,HTL0032,360,DLX,Deluxe Room,110.67,1,2021-05-20 03:29:12,2021-05-20 03:29:12
RM-HTL0032-361,HTL0032,361,DLX,Deluxe Room,115.21,1,2021-05-27 08:17:15,2023-01-31 13:29:00
RM-HTL0032-362,HTL0032,362,EXE,Executive Suite,408.11,1,2021-05-27 09:57:22,2025-08-02 21:31:59
RM-HTL0032-363,HTL0032,363,EXE,Executive Suite,404.28,1,2021-05-28 06:17:04,2026-01-25 09:08:11
RM-HTL0032-364,HTL0032,364,SUP,Superior Room,87.62,1,2021-05-30 00:16:43,2021-08-30 15:14:17
RM-HTL0032-365,HTL0032,365,STD,Standard Room,61.93,1,2021-05-28 11:20:46,2024-03-12 06:54:58
RM-HTL0032-366,HTL0032,366,DLX,Deluxe Room,123.83,1,2021-05-08 08:14:59,2022-06-20 03:52:45
RM-HTL0032-367,HTL0032,367,EXE,Executive Suite,400.68,1,2021-05-05 05:22:27,2021-05-05 05:22:27
RM-HTL0032-368,HTL0032,368,STD,Standard Room,56.05,1,2021-05-26 02:54:23,2022-02-13 06:01:36
RM-HTL0032-369,HTL0032,369,EXE,Executive Suite,400.23,1,2021-05-12 20:51:21,2021-05-12 20:51:21
RM-HTL0032-370,HTL0032,370,SUP,Superior Room,70.45,1,2021-05-24 12:09:07,2022-04-29 05:24:40
RM-HTL0032-371,HTL0032,371,STD,Standard Room,60.75,1,2021-05-15 18:33:26,2022-01-01 21:42:06
RM-HTL0032-372,HTL0032,372,SUP,Superior Room,88.8,1,2021-05-05 12:51:59,2025-08-02 21:18:13
RM-HTL0032-373,HTL0032,373,SUT,Suite Room,263.08,1,2021-05-06 11:45:54,2025-06-07 03:45:46
RM-HTL0032-374,HTL0032,374,SUP,Superior Room,78.71,1,2021-05-09 18:11:20,2025-07-24 08:49:58
RM-HTL0032-375,HTL0032,375,STD,Standard Room,53.29,1,2021-05-12 02:26:59,2022-04-14 06:28:53
RM-HTL0032-376,HTL0032,376,EXE,Executive Suite,439.39,1,2021-05-30 01:26:34,2024-07-28 00:27:45
RM-HTL0032-377,HTL0032,377,DLX,Deluxe Room,120.94,1,2021-05-03 01:13:39,2021-08-27 13:48:00
RM-HTL0032-378,HTL0032,378,EXE,Executive Suite,402.9,1,2021-05-15 12:55:01,2021-05-15 12:55:01
RM-HTL0032-379,HTL0032,379,DLX,Deluxe Room,117.68,1,2021-06-02 06:08:49,2025-07-27 11:52:33
RM-HTL0032-380,HTL0032,380,STD,Standard Room,50.58,1,2021-05-10 04:29:19,2022-10-03 17:26:31
RM-HTL0032-381,HTL0032,381,SUT,Suite Room,251.9,1,2021-05-27 22:37:53,2024-02-18 00:05:10
RM-HTL0032-382,HTL0032,382,DLX,Deluxe Room,109.94,1,2021-05-25 15:29:14,2024-08-14 00:39:29
RM-HTL0032-383,HTL0032,383,EXE,Executive Suite,413.62,1,2021-05-26 05:19:20,2022-03-03 20:13:08
RM-HTL0032-384,HTL0032,384,SUP,Superior Room,83.43,1,2021-06-01 00:08:51,2021-06-01 00:08:51
RM-HTL0032-385,HTL0032,385,EXE,Executive Suite,407.44,1,2021-05-22 22:29:33,2021-05-22 22:29:33
RM-HTL0032-386,HTL0032,386,STD,Standard Room,64.82,1,2021-05-19 20:45:12,2021-05-19 20:45:12
RM-HTL0032-387,HTL0032,387,EXE,Executive Suite,399.07,1,2021-05-19 20:27:51,2022-06-03 17:11:37
RM-HTL0032-388,HTL0032,388,STD,Standard Room,59.04,1,2021-05-08 23:25:02,2024-03-23 10:10:37
RM-HTL0032-389,HTL0032,389,EXE,Executive Suite,412.56,1,2021-05-10 23:04:51,2021-05-10 23:04:51
RM-HTL0032-390,HTL0032,390,EXE,Executive Suite,395.43,1,2021-05-11 00:39:15,2022-03-03 12:39:28
RM-HTL0032-391,HTL0032,391,EXE,Executive Suite,396.14,1,2021-05-26 04:38:11,2023-12-02 01:17:34
RM-HTL0032-392,HTL0032,392,STD,Standard Room,52.38,1,2021-05-26 13:05:32,2024-01-12 00:14:26
RM-HTL0032-393,HTL0032,393,STD,Standard Room,45.93,1,2021-06-02 22:00:13,2023-02-06 08:14:49
RM-HTL0032-394,HTL0032,394,EXE,Executive Suite,413.04,1,2021-05-27 07:17:18,2024-12-15 08:58:42
RM-HTL0032-395,HTL0032,395,EXE,Executive Suite,399.79,1,2021-05-20 04:03:28,2022-07-16 02:18:17
RM-HTL0032-396,HTL0032,396,EXE,Executive Suite,404.47,1,2021-05-07 19:00:21,2021-05-07 19:00:21
RM-HTL0032-397,HTL0032,397,SUP,Superior Room,72.26,1,2021-05-08 00:09:03,2024-08-14 12:16:58
RM-HTL0032-398,HTL0032,398,SUT,Suite Room,255.08,1,2021-05-19 16:18:18,2026-02-07 15:15:49
RM-HTL0032-399,HTL0032,399,SUT,Suite Room,258.82,1,2021-05-17 15:13:28,2021-05-17 15:13:28
RM-HTL0032-400,HTL0032,400,SUP,Superior Room,70.47,1,2021-05-18 06:09:04,2023-02-16 10:29:15
RM-HTL0032-401,HTL0032,401,SUT,Suite Room,249.83,1,2021-05-22 11:10:12,2022-06-08 08:30:11
RM-HTL0032-402,HTL0032,402,EXE,Executive Suite,408.43,1,2021-06-01 05:17:45,2025-01-10 15:23:21
RM-HTL0032-403,HTL0032,403,SUT,Suite Room,255.94,1,2021-05-20 12:00:16,2026-03-24 09:05:10
RM-HTL0032-404,HTL0032,404,SUP,Superior Room,86.79,1,2021-05-19 06:05:30,2021-06-06 18:13:15
RM-HTL0032-405,HTL0032,405,SUT,Suite Room,260.54,1,2021-05-11 00:11:11,2024-06-10 00:40:45
RM-HTL0032-406,HTL0032,406,EXE,Executive Suite,413.2,1,2021-05-16 22:08:28,2025-01-16 07:45:59
RM-HTL0032-407,HTL0032,407,EXE,Executive Suite,413.51,1,2021-05-05 14:55:09,2021-05-05 14:55:09
RM-HTL0032-408,HTL0032,408,DLX,Deluxe Room,117.46,1,2021-06-01 15:49:25,2022-03-10 08:10:52
RM-HTL0032-409,HTL0032,409,STD,Standard Room,45.82,1,2021-05-08 23:22:38,2024-02-06 20:21:54
RM-HTL0032-410,HTL0032,410,EXE,Executive Suite,403.17,1,2021-05-19 18:25:51,2021-05-19 18:25:51
RM-HTL0032-411,HTL0032,411,SUP,Superior Room,75.92,1,2021-05-30 15:24:22,2021-05-30 15:24:22
RM-HTL0032-412,HTL0032,412,DLX,Deluxe Room,112.38,1,2021-05-21 03:22:05,2021-05-21 03:22:05
RM-HTL0032-413,HTL0032,413,SUP,Superior Room,79.35,1,2021-05-14 14:20:23,2021-05-14 14:20:23
RM-HTL0032-414,HTL0032,414,EXE,Executive Suite,395.91,1,2021-05-26 17:19:52,2025-08-02 04:27:27
RM-HTL0032-415,HTL0032,415,STD,Standard Room,47.99,1,2021-05-10 14:36:56,2025-08-01 06:48:29
RM-HTL0032-416,HTL0032,416,STD,Standard Room,54.65,0,2021-05-12 10:35:15,2025-12-23 19:09:09
RM-HTL0032-417,HTL0032,417,SUT,Suite Room,256.58,1,2021-05-15 12:27:40,2021-05-15 12:27:40
RM-HTL0032-418,HTL0032,418,SUT,Suite Room,246.34,1,2021-05-23 16:39:04,2021-05-23 16:39:04
RM-HTL0032-419,HTL0032,419,DLX,Deluxe Room,106.6,1,2021-05-20 01:50:11,2022-07-28 09:55:25
RM-HTL0032-420,HTL0032,420,EXE,Executive Suite,408.33,1,2021-06-02 13:36:12,2021-06-02 13:36:12
RM-HTL0032-421,HTL0032,421,SUP,Superior Room,89.96,1,2021-05-15 23:31:07,2021-05-15 23:31:07
RM-HTL0032-422,HTL0032,422,SUT,Suite Room,265.0,1,2021-05-04 17:05:55,2024-02-03 23:18:48
RM-HTL0032-423,HTL0032,423,SUT,Suite Room,255.77,1,2021-05-15 06:28:44,2022-10-25 19:27:09
RM-HTL0032-424,HTL0032,424,STD,Standard Room,53.56,1,2021-05-09 17:19:18,2021-05-09 17:19:18
RM-HTL0032-425,HTL0032,425,SUP,Superior Room,74.71,1,2021-05-25 00:52:14,2021-05-25 00:52:14
RM-HTL0032-426,HTL0032,426,DLX,Deluxe Room,108.96,1,2021-05-26 07:49:14,2022-09-15 02:46:49
RM-HTL0032-427,HTL0032,427,EXE,Executive Suite,404.69,1,2021-05-04 03:23:01,2021-05-08 04:04:36
RM-HTL0032-428,HTL0032,428,SUP,Superior Room,77.39,1,2021-05-23 03:14:24,2021-05-23 03:14:24
RM-HTL0032-429,HTL0032,429,SUP,Superior Room,88.3,0,2021-05-29 19:30:27,2021-05-29 19:30:27
RM-HTL0032-430,HTL0032,430,STD,Standard Room,50.68,1,2021-05-05 20:35:22,2026-02-17 18:40:44
RM-HTL0032-431,HTL0032,431,DLX,Deluxe Room,117.54,1,2021-05-13 12:09:56,2021-08-20 17:59:18
RM-HTL0032-432,HTL0032,432,STD,Standard Room,51.46,1,2021-06-02 03:11:06,2021-06-02 03:11:06
RM-HTL0032-433,HTL0032,433,SUP,Superior Room,74.48,1,2021-06-02 23:34:38,2025-11-24 11:45:37
RM-HTL0032-434,HTL0032,434,STD,Standard Room,60.58,1,2021-05-10 21:21:43,2023-01-06 01:07:10
RM-HTL0032-435,HTL0032,435,SUP,Superior Room,74.49,1,2021-05-15 03:25:17,2021-08-22 17:22:07
RM-HTL0032-436,HTL0032,436,SUP,Superior Room,71.05,1,2021-05-29 16:47:57,2025-12-17 02:56:08
RM-HTL0032-437,HTL0032,437,STD,Standard Room,51.06,1,2021-05-12 10:53:22,2024-05-02 10:03:06
RM-HTL0032-438,HTL0032,438,STD,Standard Room,45.08,1,2021-05-07 09:58:41,2021-05-07 09:58:41
RM-HTL0032-439,HTL0032,439,SUT,Suite Room,255.06,1,2021-05-10 15:37:28,2025-12-04 06:09:28
RM-HTL0032-440,HTL0032,440,SUT,Suite Room,264.48,1,2021-05-21 07:54:56,2026-02-17 16:07:33
RM-HTL0032-441,HTL0032,441,STD,Standard Room,49.32,1,2021-05-04 18:38:15,2024-11-22 11:13:48
RM-HTL0032-442,HTL0032,442,SUT,Suite Room,261.57,1,2021-06-02 21:15:31,2021-06-02 21:15:31
RM-HTL0032-443,HTL0032,443,SUP,Superior Room,70.34,1,2021-05-10 07:56:38,2024-11-23 12:47:44
RM-HTL0032-444,HTL0032,444,DLX,Deluxe Room,109.11,1,2021-05-15 10:16:50,2022-04-09 04:46:02
RM-HTL0032-445,HTL0032,445,SUP,Superior Room,88.97,1,2021-05-03 15:06:58,2023-04-28 02:00:08
RM-HTL0032-446,HTL0032,446,SUT,Suite Room,264.82,1,2021-05-06 04:33:26,2022-12-27 04:09:35
RM-HTL0032-447,HTL0032,447,DLX,Deluxe Room,106.0,1,2021-05-08 17:15:21,2021-05-08 17:15:21
RM-HTL0032-448,HTL0032,448,SUP,Superior Room,79.81,1,2021-05-11 20:36:04,2022-09-23 00:50:58
RM-HTL0032-449,HTL0032,449,SUP,Superior Room,75.13,1,2021-05-14 12:41:17,2023-09-18 13:18:39
RM-HTL0032-450,HTL0032,450,STD,Standard Room,59.35,1,2021-05-04 08:15:16,2021-05-04 08:15:16
RM-HTL0033-101,HTL0033,101,STD,Standard Room,92.28,1,2019-03-02 06:22:48,2025-05-08 10:09:05
RM-HTL0033-102,HTL0033,102,DLX,Deluxe Room,124.91,1,2019-02-23 18:16:56,2019-04-03 21:10:04
RM-HTL0033-103,HTL0033,103,SUP,Superior Room,72.35,1,2019-02-23 06:26:30,2019-02-23 06:26:30
RM-HTL0033-104,HTL0033,104,DLX,Deluxe Room,112.75,1,2019-02-20 19:34:16,2024-12-20 00:56:30
RM-HTL0033-105,HTL0033,105,SUT,Suite Room,247.64,1,2019-03-14 17:53:18,2024-11-03 11:02:49
RM-HTL0033-106,HTL0033,106,EXE,Executive Suite,407.78,1,2019-03-10 17:22:32,2025-08-24 20:00:36
RM-HTL0033-107,HTL0033,107,SUT,Suite Room,307.19,1,2019-03-01 05:54:10,2025-10-25 19:57:31
RM-HTL0033-108,HTL0033,108,STD,Standard Room,62.5,1,2019-02-12 23:53:11,2019-02-28 00:36:15
RM-HTL0033-109,HTL0033,109,DLX,Deluxe Room,121.99,0,2019-03-01 19:57:17,2026-03-14 12:37:10
RM-HTL0033-110,HTL0033,110,SUP,Superior Room,76.87,1,2019-02-13 12:12:19,2025-05-21 23:49:24
RM-HTL0033-111,HTL0033,111,SUT,Suite Room,250.55,1,2019-02-13 04:17:40,2024-02-29 03:44:41
RM-HTL0033-112,HTL0033,112,STD,Standard Room,59.34,1,2019-02-16 00:50:35,2026-01-02 10:16:47
RM-HTL0033-113,HTL0033,113,SUT,Suite Room,263.64,1,2019-02-17 14:34:26,2019-02-17 14:34:26
RM-HTL0033-114,HTL0033,114,DLX,Deluxe Room,107.56,1,2019-02-27 20:44:42,2025-07-16 22:53:41
RM-HTL0033-115,HTL0033,115,STD,Standard Room,45.18,1,2019-03-02 11:29:14,2021-07-26 22:37:54
RM-HTL0033-116,HTL0033,116,EXE,Executive Suite,400.13,1,2019-03-14 08:53:22,2020-02-26 15:01:11
RM-HTL0033-117,HTL0033,117,SUT,Suite Room,248.69,1,2019-02-19 06:36:06,2020-09-05 12:17:38
RM-HTL0033-118,HTL0033,118,STD,Standard Room,46.11,1,2019-03-10 22:07:15,2020-12-18 15:49:19
RM-HTL0033-119,HTL0033,119,DLX,Deluxe Room,105.21,0,2019-02-12 16:43:56,2021-10-11 15:23:32
RM-HTL0033-120,HTL0033,120,SUT,Suite Room,250.79,1,2019-02-28 04:47:56,2021-04-24 11:49:53
RM-HTL0033-121,HTL0033,121,STD,Standard Room,57.58,1,2019-03-08 18:42:32,2019-03-08 18:42:32
RM-HTL0033-122,HTL0033,122,SUT,Suite Room,262.04,1,2019-03-08 12:38:53,2019-03-08 12:38:53
RM-HTL0033-123,HTL0033,123,EXE,Executive Suite,403.94,1,2019-03-06 15:07:47,2025-10-15 19:10:57
RM-HTL0033-124,HTL0033,124,SUT,Suite Room,249.24,1,2019-03-12 20:58:20,2019-03-12 20:58:20
RM-HTL0033-125,HTL0033,125,DLX,Deluxe Room,119.48,1,2019-03-06 04:41:46,2019-03-06 04:41:46
RM-HTL0033-126,HTL0033,126,STD,Standard Room,62.94,1,2019-03-11 04:33:36,2019-10-22 22:49:24
RM-HTL0033-127,HTL0033,127,DLX,Deluxe Room,115.6,1,2019-03-06 06:51:28,2019-10-06 09:27:41
RM-HTL0033-128,HTL0033,128,EXE,Executive Suite,409.63,1,2019-02-16 09:14:05,2022-04-16 07:15:36
RM-HTL0033-129,HTL0033,129,STD,Standard Room,58.15,1,2019-03-12 10:18:13,2019-03-12 10:18:13
RM-HTL0033-130,HTL0033,130,STD,Standard Room,53.84,0,2019-02-14 03:29:01,2022-06-01 06:19:06
RM-HTL0033-131,HTL0033,131,SUP,Superior Room,85.26,1,2019-03-10 16:28:01,2019-08-09 00:13:02
RM-HTL0033-132,HTL0033,132,SUP,Superior Room,89.25,1,2019-02-17 10:03:16,2019-02-17 10:03:16
RM-HTL0033-133,HTL0033,133,EXE,Executive Suite,407.14,0,2019-03-10 11:12:30,2025-11-25 18:55:49
RM-HTL0033-134,HTL0033,134,SUP,Superior Room,83.66,1,2019-03-12 03:13:23,2019-03-12 03:13:23
RM-HTL0033-135,HTL0033,135,SUP,Superior Room,84.47,1,2019-02-27 16:39:03,2019-02-27 16:39:03
RM-HTL0033-136,HTL0033,136,STD,Standard Room,46.24,1,2019-03-02 14:33:25,2025-11-15 17:42:33
RM-HTL0033-137,HTL0033,137,SUT,Suite Room,249.31,1,2019-03-07 20:10:13,2019-03-07 20:10:13
RM-HTL0033-138,HTL0033,138,STD,Standard Room,55.95,1,2019-03-04 14:37:47,2023-02-10 07:54:14
RM-HTL0033-139,HTL0033,139,EXE,Executive Suite,408.08,1,2019-03-04 23:18:57,2024-09-28 01:32:00
RM-HTL0033-140,HTL0033,140,SUP,Superior Room,89.8,1,2019-03-06 18:16:05,2021-06-18 14:51:51
RM-HTL0033-141,HTL0033,141,STD,Standard Room,56.25,1,2019-02-25 02:40:46,2020-04-01 19:41:54
RM-HTL0033-142,HTL0033,142,EXE,Executive Suite,398.11,1,2019-03-07 15:24:02,2021-06-20 17:12:14
RM-HTL0033-143,HTL0033,143,SUT,Suite Room,249.32,1,2019-03-05 11:29:24,2019-03-05 11:29:24
RM-HTL0033-144,HTL0033,144,SUP,Superior Room,76.83,1,2019-02-19 11:27:59,2020-02-24 22:31:18
RM-HTL0033-145,HTL0033,145,SUP,Superior Room,82.99,1,2019-03-12 04:48:36,2021-09-28 22:11:41
RM-HTL0033-146,HTL0033,146,DLX,Deluxe Room,118.12,1,2019-02-15 03:59:22,2019-02-15 03:59:22
RM-HTL0033-147,HTL0033,147,SUP,Superior Room,79.49,1,2019-03-07 04:33:59,2019-03-07 04:33:59
RM-HTL0033-148,HTL0033,148,DLX,Deluxe Room,124.31,1,2019-03-08 11:25:01,2026-01-06 09:02:29
RM-HTL0033-149,HTL0033,149,EXE,Executive Suite,400.82,1,2019-02-27 13:24:27,2025-12-15 16:03:06
RM-HTL0033-150,HTL0033,150,SUP,Superior Room,86.93,1,2019-02-25 06:07:36,2019-06-22 09:20:52
RM-HTL0033-151,HTL0033,151,SUT,Suite Room,255.63,1,2019-03-05 11:40:07,2019-10-06 11:32:31
RM-HTL0033-152,HTL0033,152,SUP,Superior Room,75.78,1,2019-03-10 05:33:54,2019-03-10 05:33:54
RM-HTL0033-153,HTL0033,153,STD,Standard Room,48.47,1,2019-03-05 12:25:37,2020-10-29 03:52:34
RM-HTL0033-154,HTL0033,154,SUT,Suite Room,250.07,1,2019-02-26 16:28:06,2022-10-15 17:09:51
RM-HTL0033-155,HTL0033,155,SUP,Superior Room,86.1,1,2019-02-27 09:16:53,2019-10-10 00:30:50
RM-HTL0033-156,HTL0033,156,SUT,Suite Room,247.64,1,2019-02-20 15:14:55,2019-04-08 18:02:29
RM-HTL0033-157,HTL0033,157,EXE,Executive Suite,398.32,1,2019-02-20 09:52:28,2025-01-23 23:16:58
RM-HTL0033-158,HTL0033,158,SUP,Superior Room,77.82,1,2019-03-13 07:54:01,2022-11-21 14:06:09
RM-HTL0033-159,HTL0033,159,STD,Standard Room,45.54,1,2019-03-14 21:40:26,2019-03-14 21:40:26
RM-HTL0033-160,HTL0033,160,SUP,Superior Room,83.17,1,2019-03-03 16:46:50,2020-02-25 04:12:51
RM-HTL0033-161,HTL0033,161,SUT,Suite Room,255.26,1,2019-02-22 09:27:44,2019-02-22 09:27:44
RM-HTL0033-162,HTL0033,162,DLX,Deluxe Room,110.9,1,2019-02-12 06:12:25,2025-09-01 02:25:59
RM-HTL0033-163,HTL0033,163,SUP,Superior Room,89.57,0,2019-02-28 23:17:35,2019-12-27 11:44:54
RM-HTL0033-164,HTL0033,164,SUP,Superior Room,81.87,1,2019-03-08 19:30:00,2019-03-08 19:30:00
RM-HTL0033-165,HTL0033,165,SUP,Superior Room,78.48,1,2019-02-22 00:22:04,2019-02-22 00:22:04
RM-HTL0033-166,HTL0033,166,STD,Standard Room,45.18,1,2019-02-12 22:14:05,2024-04-02 18:40:16
RM-HTL0033-167,HTL0033,167,DLX,Deluxe Room,123.23,1,2019-03-14 15:57:38,2019-03-14 15:57:38
RM-HTL0033-168,HTL0033,168,DLX,Deluxe Room,113.25,1,2019-03-06 10:56:41,2019-03-06 10:56:41
RM-HTL0033-169,HTL0033,169,DLX,Deluxe Room,124.78,1,2019-02-26 10:32:01,2024-09-02 17:32:00
RM-HTL0033-170,HTL0033,170,STD,Standard Room,49.54,1,2019-02-17 00:11:43,2019-02-17 00:11:43
RM-HTL0033-171,HTL0033,171,DLX,Deluxe Room,105.35,1,2019-02-15 16:35:21,2025-11-09 04:47:13
RM-HTL0033-172,HTL0033,172,SUP,Superior Room,89.01,1,2019-03-05 19:35:55,2020-05-27 19:00:33
RM-HTL0033-173,HTL0033,173,EXE,Executive Suite,398.61,1,2019-03-05 09:41:12,2024-03-03 00:10:26
RM-HTL0033-174,HTL0033,174,EXE,Executive Suite,407.31,1,2019-03-06 19:18:48,2019-03-06 19:18:48
RM-HTL0033-175,HTL0033,175,DLX,Deluxe Room,114.45,1,2019-02-19 12:42:45,2023-06-24 08:06:11
RM-HTL0033-176,HTL0033,176,SUT,Suite Room,251.53,1,2019-02-27 07:19:12,2023-09-23 01:04:08
RM-HTL0033-177,HTL0033,177,EXE,Executive Suite,409.74,1,2019-03-05 09:05:05,2019-07-01 08:02:41
RM-HTL0033-178,HTL0033,178,STD,Standard Room,48.09,1,2019-03-06 01:24:05,2019-03-06 01:24:05
RM-HTL0033-179,HTL0033,179,DLX,Deluxe Room,117.06,1,2019-02-18 10:50:32,2024-08-12 01:06:35
RM-HTL0033-180,HTL0033,180,EXE,Executive Suite,412.03,1,2019-02-19 02:36:42,2019-03-01 17:57:19
RM-HTL0033-181,HTL0033,181,SUT,Suite Room,258.92,1,2019-03-01 13:35:01,2026-02-17 19:24:26
RM-HTL0033-182,HTL0033,182,SUP,Superior Room,85.05,1,2019-02-14 06:33:39,2019-02-14 06:33:39
RM-HTL0033-183,HTL0033,183,DLX,Deluxe Room,123.94,1,2019-02-18 17:15:08,2022-07-21 10:57:32
RM-HTL0033-184,HTL0033,184,DLX,Deluxe Room,117.44,1,2019-03-01 15:21:21,2019-10-04 18:41:20
RM-HTL0033-185,HTL0033,185,EXE,Executive Suite,401.32,1,2019-02-28 02:29:48,2019-09-07 16:25:28
RM-HTL0033-186,HTL0033,186,SUT,Suite Room,247.07,1,2019-02-13 22:17:52,2020-05-05 07:26:21
RM-HTL0033-187,HTL0033,187,DLX,Deluxe Room,120.52,1,2019-03-12 12:39:23,2019-03-12 12:39:23
RM-HTL0033-188,HTL0033,188,DLX,Deluxe Room,105.73,1,2019-02-14 07:41:19,2019-03-04 23:50:05
RM-HTL0033-189,HTL0033,189,SUP,Superior Room,72.81,1,2019-03-05 00:39:57,2019-03-05 00:39:57
RM-HTL0033-190,HTL0033,190,SUP,Superior Room,86.35,1,2019-02-23 20:35:35,2019-03-28 16:56:35
RM-HTL0033-191,HTL0033,191,EXE,Executive Suite,410.45,1,2019-03-01 00:36:29,2019-03-01 00:36:29
RM-HTL0033-192,HTL0033,192,SUP,Superior Room,79.48,1,2019-02-12 07:50:48,2020-10-27 03:38:47
RM-HTL0033-193,HTL0033,193,EXE,Executive Suite,395.38,1,2019-03-12 05:28:31,2026-02-21 01:34:58
RM-HTL0033-194,HTL0033,194,STD,Standard Room,51.2,1,2019-02-20 04:11:03,2019-02-20 04:11:03
RM-HTL0033-195,HTL0033,195,DLX,Deluxe Room,116.2,1,2019-03-08 01:31:07,2026-02-07 16:31:01
RM-HTL0033-196,HTL0033,196,DLX,Deluxe Room,105.41,1,2019-03-02 01:52:26,2019-06-11 22:47:35
RM-HTL0033-197,HTL0033,197,SUT,Suite Room,260.24,1,2019-02-23 00:00:12,2019-11-16 12:31:01
RM-HTL0033-198,HTL0033,198,SUP,Superior Room,77.23,1,2019-02-15 15:50:02,2021-04-04 04:48:01
RM-HTL0033-199,HTL0033,199,EXE,Executive Suite,409.6,1,2019-03-08 06:09:53,2021-04-18 13:13:59
RM-HTL0033-200,HTL0033,200,DLX,Deluxe Room,119.88,0,2019-02-22 18:41:41,2024-08-11 23:08:04
RM-HTL0033-201,HTL0033,201,STD,Standard Room,55.25,1,2019-03-10 08:24:25,2019-03-10 08:24:25
RM-HTL0033-202,HTL0033,202,EXE,Executive Suite,414.71,1,2019-03-05 16:13:10,2022-12-11 08:57:16
RM-HTL0033-203,HTL0033,203,DLX,Deluxe Room,106.57,1,2019-03-08 05:49:16,2019-03-08 05:49:16
RM-HTL0033-204,HTL0033,204,DLX,Deluxe Room,123.54,1,2019-03-03 23:45:23,2019-03-03 23:45:23
RM-HTL0033-205,HTL0033,205,SUP,Superior Room,83.01,1,2019-03-14 13:24:46,2025-03-04 03:27:28
RM-HTL0033-206,HTL0033,206,SUT,Suite Room,255.59,1,2019-03-09 03:22:21,2023-02-10 20:40:42
RM-HTL0033-207,HTL0033,207,STD,Standard Room,53.45,1,2019-03-13 18:53:24,2023-04-13 17:12:55
RM-HTL0033-208,HTL0033,208,SUP,Superior Room,87.77,1,2019-02-27 19:26:27,2019-11-10 22:58:03
RM-HTL0033-209,HTL0033,209,STD,Standard Room,59.37,1,2019-02-15 04:39:56,2019-02-15 04:39:56
RM-HTL0033-210,HTL0033,210,SUP,Superior Room,75.15,1,2019-03-08 04:49:04,2026-04-03 18:40:20
RM-HTL0033-211,HTL0033,211,EXE,Executive Suite,398.42,1,2019-03-03 16:38:11,2021-09-09 01:36:33
RM-HTL0033-212,HTL0033,212,SUP,Superior Room,75.85,1,2019-02-14 06:24:55,2021-04-29 06:11:48
RM-HTL0033-213,HTL0033,213,SUT,Suite Room,246.04,1,2019-02-14 21:46:13,2024-04-05 06:00:55
RM-HTL0033-214,HTL0033,214,DLX,Deluxe Room,117.89,1,2019-02-14 16:36:40,2019-02-14 16:36:40
RM-HTL0033-215,HTL0033,215,EXE,Executive Suite,398.13,1,2019-02-27 02:33:15,2023-06-29 22:09:39
RM-HTL0033-216,HTL0033,216,EXE,Executive Suite,412.9,1,2019-02-12 08:25:30,2019-02-12 08:25:30
RM-HTL0033-217,HTL0033,217,DLX,Deluxe Room,119.16,1,2019-02-28 16:48:23,2023-12-23 19:54:42
RM-HTL0033-218,HTL0033,218,DLX,Deluxe Room,115.85,1,2019-02-18 06:46:38,2023-03-27 06:13:05
RM-HTL0033-219,HTL0033,219,DLX,Deluxe Room,114.89,1,2019-03-04 08:22:13,2019-08-30 05:43:09
RM-HTL0033-220,HTL0033,220,STD,Standard Room,56.2,1,2019-03-06 19:04:26,2020-03-26 12:54:39
RM-HTL0033-221,HTL0033,221,DLX,Deluxe Room,116.59,1,2019-03-01 02:00:38,2026-04-15 05:27:50
RM-HTL0033-222,HTL0033,222,SUT,Suite Room,255.13,1,2019-03-10 18:24:05,2024-06-10 01:45:36
RM-HTL0033-223,HTL0033,223,EXE,Executive Suite,396.19,1,2019-02-12 04:58:58,2022-10-25 09:27:37
RM-HTL0033-224,HTL0033,224,SUP,Superior Room,84.59,1,2019-03-13 07:30:54,2019-03-13 07:30:54
RM-HTL0033-225,HTL0033,225,EXE,Executive Suite,413.93,1,2019-02-22 21:56:43,2022-02-10 05:09:34
RM-HTL0033-226,HTL0033,226,EXE,Executive Suite,404.74,1,2019-03-01 21:34:16,2022-10-18 09:23:01
RM-HTL0033-227,HTL0033,227,EXE,Executive Suite,400.66,1,2019-03-10 19:38:30,2020-04-06 21:34:05
RM-HTL0033-228,HTL0033,228,STD,Standard Room,53.57,1,2019-02-20 13:11:36,2020-08-25 05:28:37
RM-HTL0033-229,HTL0033,229,STD,Standard Room,56.48,1,2019-02-23 01:32:28,2021-03-16 12:39:51
RM-HTL0033-230,HTL0033,230,DLX,Deluxe Room,108.8,1,2019-03-02 21:25:34,2019-03-02 21:25:34
RM-HTL0033-231,HTL0033,231,DLX,Deluxe Room,113.79,1,2019-03-04 11:43:16,2019-03-04 11:43:16
RM-HTL0033-232,HTL0033,232,SUT,Suite Room,245.72,1,2019-02-26 15:57:38,2026-04-05 18:05:45
RM-HTL0033-233,HTL0033,233,SUP,Superior Room,89.96,1,2019-02-23 09:47:15,2024-01-29 09:45:54
RM-HTL0033-234,HTL0033,234,SUT,Suite Room,245.18,1,2019-02-28 13:45:31,2019-02-28 13:45:31
RM-HTL0033-235,HTL0033,235,DLX,Deluxe Room,120.09,1,2019-03-09 23:26:04,2023-11-18 19:15:22
RM-HTL0033-236,HTL0033,236,EXE,Executive Suite,408.69,1,2019-03-01 05:44:50,2025-02-28 13:20:49
RM-HTL0033-237,HTL0033,237,SUT,Suite Room,249.48,1,2019-02-17 22:33:28,2024-04-22 21:28:36
RM-HTL0033-238,HTL0033,238,SUP,Superior Room,71.81,1,2019-03-12 08:51:33,2020-12-08 09:07:18
RM-HTL0033-239,HTL0033,239,DLX,Deluxe Room,113.75,1,2019-02-14 00:35:28,2019-02-14 00:35:28
RM-HTL0033-240,HTL0033,240,STD,Standard Room,49.09,1,2019-03-01 23:25:25,2019-03-01 23:25:25
RM-HTL0033-241,HTL0033,241,EXE,Executive Suite,399.06,1,2019-03-06 20:47:43,2021-02-05 23:56:48
RM-HTL0033-242,HTL0033,242,SUT,Suite Room,245.61,1,2019-02-19 13:35:38,2024-07-19 00:01:47
RM-HTL0033-243,HTL0033,243,STD,Standard Room,58.13,1,2019-02-12 02:27:39,2019-02-12 02:27:39
RM-HTL0033-244,HTL0033,244,SUT,Suite Room,246.03,1,2019-03-01 04:02:06,2022-07-28 23:12:34
RM-HTL0033-245,HTL0033,245,EXE,Executive Suite,407.46,1,2019-02-18 11:58:40,2019-02-18 11:58:40
RM-HTL0033-246,HTL0033,246,SUP,Superior Room,85.77,1,2019-02-26 04:42:19,2022-05-24 16:24:30
RM-HTL0033-247,HTL0033,247,EXE,Executive Suite,406.72,1,2019-02-21 23:28:11,2024-11-20 16:02:37
RM-HTL0033-248,HTL0033,248,STD,Standard Room,49.08,1,2019-02-19 13:12:58,2024-03-25 21:16:05
RM-HTL0033-249,HTL0033,249,DLX,Deluxe Room,112.95,1,2019-02-15 17:19:20,2024-01-30 16:08:53
RM-HTL0033-250,HTL0033,250,STD,Standard Room,51.48,1,2019-03-01 03:42:25,2022-01-14 10:12:08
RM-HTL0033-251,HTL0033,251,EXE,Executive Suite,400.48,1,2019-02-26 15:39:09,2019-02-26 15:39:09
RM-HTL0033-252,HTL0033,252,STD,Standard Room,48.07,1,2019-02-22 03:26:45,2022-01-08 00:57:46
RM-HTL0033-253,HTL0033,253,DLX,Deluxe Room,118.72,1,2019-03-12 05:01:04,2019-03-12 05:01:04
RM-HTL0033-254,HTL0033,254,SUP,Superior Room,85.24,1,2019-02-21 18:58:50,2019-02-21 18:58:50
RM-HTL0033-255,HTL0033,255,EXE,Executive Suite,400.71,1,2019-02-16 13:11:18,2023-03-13 22:39:21
RM-HTL0033-256,HTL0033,256,STD,Standard Room,55.67,1,2019-03-07 12:48:51,2019-03-07 12:48:51
RM-HTL0033-257,HTL0033,257,SUT,Suite Room,245.68,1,2019-02-12 01:17:55,2019-02-12 01:17:55
RM-HTL0033-258,HTL0033,258,SUT,Suite Room,256.74,1,2019-02-26 06:32:06,2023-08-31 15:45:46
RM-HTL0033-259,HTL0033,259,DLX,Deluxe Room,119.23,1,2019-03-09 03:48:06,2024-10-09 22:03:35
RM-HTL0033-260,HTL0033,260,EXE,Executive Suite,414.09,1,2019-02-25 08:33:43,2021-08-17 06:18:41
RM-HTL0033-261,HTL0033,261,DLX,Deluxe Room,109.23,1,2019-03-07 14:58:00,2024-04-28 19:24:26
RM-HTL0033-262,HTL0033,262,DLX,Deluxe Room,116.04,1,2019-03-14 02:12:36,2020-07-16 05:56:44
RM-HTL0033-263,HTL0033,263,DLX,Deluxe Room,115.46,1,2019-03-10 18:20:06,2019-03-10 18:20:06
RM-HTL0033-264,HTL0033,264,EXE,Executive Suite,403.44,1,2019-02-28 11:18:35,2025-07-31 21:43:24
RM-HTL0033-265,HTL0033,265,SUP,Superior Room,72.39,1,2019-02-28 04:59:31,2019-02-28 04:59:31
RM-HTL0033-266,HTL0033,266,SUP,Superior Room,71.84,1,2019-02-17 01:25:48,2022-03-23 00:42:13
RM-HTL0033-267,HTL0033,267,SUP,Superior Room,84.79,1,2019-03-01 10:59:51,2026-01-16 18:16:17
RM-HTL0033-268,HTL0033,268,DLX,Deluxe Room,108.68,1,2019-02-16 07:26:46,2022-03-17 19:30:55
RM-HTL0033-269,HTL0033,269,STD,Standard Room,56.11,1,2019-03-14 17:49:05,2024-01-13 19:27:43
RM-HTL0033-270,HTL0033,270,SUT,Suite Room,251.38,1,2019-02-18 03:30:32,2020-12-09 10:50:59
RM-HTL0033-271,HTL0033,271,EXE,Executive Suite,400.31,1,2019-03-02 07:34:24,2019-09-19 06:42:11
RM-HTL0033-272,HTL0033,272,SUT,Suite Room,246.18,1,2019-02-28 09:43:28,2021-03-18 07:44:36
RM-HTL0033-273,HTL0033,273,DLX,Deluxe Room,111.63,1,2019-03-04 13:52:55,2020-01-04 21:20:01
RM-HTL0033-274,HTL0033,274,SUP,Superior Room,86.15,1,2019-02-15 08:32:34,2026-02-05 13:05:47
RM-HTL0033-275,HTL0033,275,STD,Standard Room,50.19,1,2019-02-15 23:40:15,2020-10-27 15:26:58
RM-HTL0033-276,HTL0033,276,DLX,Deluxe Room,112.97,1,2019-03-09 18:24:32,2019-06-06 11:19:55
RM-HTL0033-277,HTL0033,277,DLX,Deluxe Room,108.76,1,2019-02-17 01:09:40,2019-02-17 01:09:40
RM-HTL0033-278,HTL0033,278,SUT,Suite Room,247.93,1,2019-03-08 05:54:04,2019-03-08 05:54:04
RM-HTL0033-279,HTL0033,279,STD,Standard Room,64.69,1,2019-02-24 21:06:59,2019-02-24 21:06:59
RM-HTL0033-280,HTL0033,280,DLX,Deluxe Room,111.59,1,2019-02-21 03:55:08,2019-02-21 03:55:08
RM-HTL0033-281,HTL0033,281,DLX,Deluxe Room,123.81,1,2019-03-10 17:34:52,2023-11-15 20:24:27
RM-HTL0033-282,HTL0033,282,STD,Standard Room,56.7,1,2019-03-10 08:56:18,2026-03-14 04:04:46
RM-HTL0033-283,HTL0033,283,EXE,Executive Suite,400.87,1,2019-02-26 06:35:41,2019-02-26 06:35:41
RM-HTL0033-284,HTL0033,284,DLX,Deluxe Room,113.23,1,2019-03-09 02:35:30,2023-01-21 11:17:18
RM-HTL0033-285,HTL0033,285,SUP,Superior Room,89.79,1,2019-02-19 12:39:50,2023-04-19 22:16:25
RM-HTL0033-286,HTL0033,286,STD,Standard Room,56.62,1,2019-02-20 15:57:12,2019-02-20 15:57:12
RM-HTL0033-287,HTL0033,287,STD,Standard Room,51.11,1,2019-02-19 07:32:01,2019-02-19 07:32:01
RM-HTL0033-288,HTL0033,288,STD,Standard Room,56.07,1,2019-03-11 18:32:26,2023-06-04 12:34:02
RM-HTL0033-289,HTL0033,289,SUP,Superior Room,76.19,1,2019-02-23 07:08:59,2022-05-23 15:31:38
RM-HTL0033-290,HTL0033,290,SUP,Superior Room,73.35,0,2019-03-02 15:39:09,2019-09-12 23:26:54
RM-HTL0033-291,HTL0033,291,DLX,Deluxe Room,118.07,1,2019-03-11 22:27:43,2021-03-31 19:49:08
RM-HTL0033-292,HTL0033,292,STD,Standard Room,60.81,1,2019-02-18 13:12:42,2020-02-16 16:57:47
RM-HTL0033-293,HTL0033,293,STD,Standard Room,48.49,1,2019-02-12 00:48:35,2019-02-12 00:48:35
RM-HTL0033-294,HTL0033,294,SUP,Superior Room,89.84,1,2019-02-19 09:44:10,2019-03-26 18:31:03
RM-HTL0033-295,HTL0033,295,STD,Standard Room,46.54,1,2019-02-22 06:05:53,2023-05-27 12:20:15
RM-HTL0033-296,HTL0033,296,SUT,Suite Room,247.99,1,2019-03-06 06:04:05,2025-03-31 14:38:10
RM-HTL0033-297,HTL0033,297,DLX,Deluxe Room,108.08,0,2019-02-22 02:01:29,2019-02-22 02:01:29
RM-HTL0033-298,HTL0033,298,DLX,Deluxe Room,114.45,1,2019-03-02 15:13:32,2024-03-25 13:38:06
RM-HTL0033-299,HTL0033,299,EXE,Executive Suite,402.94,1,2019-03-03 03:49:43,2022-09-26 03:09:33
RM-HTL0033-300,HTL0033,300,SUP,Superior Room,81.15,1,2019-03-11 04:43:02,2025-02-24 00:35:01
RM-HTL0033-301,HTL0033,301,SUT,Suite Room,299.85,1,2019-03-10 23:57:50,2020-07-03 13:12:14
RM-HTL0033-302,HTL0033,302,DLX,Deluxe Room,117.66,1,2019-02-26 07:37:30,2019-04-06 16:31:19
RM-HTL0033-303,HTL0033,303,SUP,Superior Room,84.92,1,2019-03-04 06:39:14,2025-04-13 12:08:19
RM-HTL0033-304,HTL0033,304,DLX,Deluxe Room,111.85,1,2019-02-12 21:33:07,2023-09-04 22:22:54
RM-HTL0033-305,HTL0033,305,STD,Standard Room,45.18,1,2019-02-26 18:34:14,2019-02-26 18:34:14
RM-HTL0033-306,HTL0033,306,EXE,Executive Suite,407.1,1,2019-02-19 02:12:49,2020-04-06 01:42:23
RM-HTL0033-307,HTL0033,307,STD,Standard Room,51.79,1,2019-02-18 20:56:26,2026-03-30 04:12:41
RM-HTL0033-308,HTL0033,308,EXE,Executive Suite,396.95,1,2019-02-12 05:28:04,2022-04-08 10:15:22
RM-HTL0033-309,HTL0033,309,STD,Standard Room,52.24,1,2019-03-03 10:20:41,2019-03-03 10:20:41
RM-HTL0033-310,HTL0033,310,DLX,Deluxe Room,109.51,1,2019-02-19 21:51:28,2024-06-13 02:06:28
RM-HTL0033-311,HTL0033,311,SUT,Suite Room,257.67,1,2019-02-12 04:38:59,2021-05-21 13:57:14
RM-HTL0033-312,HTL0033,312,SUP,Superior Room,87.67,1,2019-03-04 03:28:54,2019-03-04 03:28:54
RM-HTL0033-313,HTL0033,313,STD,Standard Room,47.25,1,2019-03-11 13:48:47,2021-03-06 02:40:28
RM-HTL0033-314,HTL0033,314,DLX,Deluxe Room,106.3,1,2019-02-16 06:03:10,2019-10-09 18:35:24
RM-HTL0033-315,HTL0033,315,STD,Standard Room,53.95,1,2019-03-08 17:30:33,2019-03-08 17:30:33
RM-HTL0033-316,HTL0033,316,EXE,Executive Suite,399.56,1,2019-02-12 21:17:38,2021-10-29 06:37:50
RM-HTL0033-317,HTL0033,317,EXE,Executive Suite,405.94,1,2019-03-14 11:09:34,2024-02-05 12:30:03
RM-HTL0033-318,HTL0033,318,DLX,Deluxe Room,110.21,1,2019-03-05 11:44:34,2019-03-05 11:44:34
RM-HTL0033-319,HTL0033,319,EXE,Executive Suite,410.64,1,2019-02-16 18:24:50,2023-06-02 12:31:06
RM-HTL0033-320,HTL0033,320,DLX,Deluxe Room,124.89,1,2019-03-10 13:54:59,2019-03-10 13:54:59
RM-HTL0033-321,HTL0033,321,STD,Standard Room,52.04,1,2019-03-14 19:18:30,2020-08-02 18:00:50
RM-HTL0033-322,HTL0033,322,STD,Standard Room,56.58,1,2019-03-05 21:55:14,2019-08-10 04:52:51
RM-HTL0033-323,HTL0033,323,STD,Standard Room,63.29,1,2019-02-20 22:38:43,2019-02-20 22:38:43
RM-HTL0033-324,HTL0033,324,EXE,Executive Suite,414.5,1,2019-02-28 00:13:03,2019-02-28 00:13:03
RM-HTL0033-325,HTL0033,325,SUP,Superior Room,88.2,1,2019-03-04 04:03:26,2019-03-04 04:03:26
RM-HTL0033-326,HTL0033,326,STD,Standard Room,50.45,1,2019-02-13 14:24:31,2019-02-13 14:24:31
RM-HTL0033-327,HTL0033,327,DLX,Deluxe Room,120.32,1,2019-02-27 04:02:53,2023-05-09 20:23:35
RM-HTL0033-328,HTL0033,328,DLX,Deluxe Room,105.94,1,2019-03-10 23:15:57,2019-03-10 23:15:57
RM-HTL0033-329,HTL0033,329,SUP,Superior Room,83.39,1,2019-03-06 13:21:53,2024-09-07 05:06:36
RM-HTL0033-330,HTL0033,330,SUT,Suite Room,250.14,1,2019-03-13 09:00:08,2019-03-13 09:00:08
RM-HTL0033-331,HTL0033,331,SUT,Suite Room,252.93,1,2019-03-02 13:25:52,2020-08-26 20:20:43
RM-HTL0033-332,HTL0033,332,DLX,Deluxe Room,118.31,1,2019-02-21 18:12:21,2019-02-21 18:12:21
RM-HTL0033-333,HTL0033,333,STD,Standard Room,53.84,1,2019-03-02 06:07:02,2023-07-03 05:06:39
RM-HTL0033-334,HTL0033,334,DLX,Deluxe Room,113.82,1,2019-02-23 00:39:53,2025-07-08 16:09:08
RM-HTL0033-335,HTL0033,335,SUP,Superior Room,75.45,1,2019-02-28 00:38:02,2019-02-28 00:38:02
RM-HTL0033-336,HTL0033,336,DLX,Deluxe Room,110.73,1,2019-03-05 19:21:56,2022-02-07 08:12:16
RM-HTL0033-337,HTL0033,337,STD,Standard Room,62.16,1,2019-03-11 15:45:33,2019-11-01 21:06:28
RM-HTL0033-338,HTL0033,338,DLX,Deluxe Room,109.29,1,2019-03-05 17:29:42,2019-03-05 17:29:42
RM-HTL0033-339,HTL0033,339,STD,Standard Room,49.8,1,2019-02-12 18:52:06,2024-02-18 23:12:34
RM-HTL0033-340,HTL0033,340,DLX,Deluxe Room,119.14,1,2019-02-19 16:20:32,2019-02-19 16:20:32
RM-HTL0033-341,HTL0033,341,DLX,Deluxe Room,111.77,1,2019-03-13 08:14:54,2020-11-11 20:31:00
RM-HTL0033-342,HTL0033,342,DLX,Deluxe Room,109.28,1,2019-02-21 02:15:11,2019-02-21 02:15:11
RM-HTL0033-343,HTL0033,343,SUP,Superior Room,83.39,1,2019-03-04 08:08:19,2021-08-26 18:22:22
RM-HTL0033-344,HTL0033,344,SUP,Superior Room,73.37,1,2019-03-01 08:57:44,2019-03-01 08:57:44
RM-HTL0033-345,HTL0033,345,STD,Standard Room,57.38,1,2019-03-09 17:09:15,2019-03-09 17:09:15
RM-HTL0033-346,HTL0033,346,SUT,Suite Room,282.23,1,2019-02-25 09:21:12,2023-10-19 02:56:10
RM-HTL0033-347,HTL0033,347,DLX,Deluxe Room,116.23,1,2019-02-25 04:56:16,2021-10-16 06:24:20
RM-HTL0033-348,HTL0033,348,STD,Standard Room,63.27,1,2019-03-08 16:43:07,2023-03-07 14:26:24
RM-HTL0033-349,HTL0033,349,STD,Standard Room,61.71,1,2019-02-15 06:11:02,2019-02-15 06:11:02
RM-HTL0033-350,HTL0033,350,SUT,Suite Room,249.86,1,2019-02-14 06:03:39,2019-02-14 06:03:39
RM-HTL0033-351,HTL0033,351,EXE,Executive Suite,408.27,1,2019-02-19 20:49:11,2023-09-21 06:39:56
RM-HTL0033-352,HTL0033,352,DLX,Deluxe Room,113.52,1,2019-02-12 08:42:17,2022-11-09 00:40:57
RM-HTL0033-353,HTL0033,353,SUP,Superior Room,80.7,1,2019-03-10 09:29:03,2023-09-14 21:06:33
RM-HTL0033-354,HTL0033,354,SUT,Suite Room,261.29,1,2019-03-11 08:25:46,2020-07-08 11:49:31
RM-HTL0033-355,HTL0033,355,SUT,Suite Room,256.18,1,2019-02-15 18:21:31,2019-02-15 18:21:31
RM-HTL0033-356,HTL0033,356,EXE,Executive Suite,405.46,1,2019-03-14 18:15:26,2021-04-12 23:20:47
RM-HTL0033-357,HTL0033,357,STD,Standard Room,52.3,1,2019-03-01 08:25:43,2019-03-01 08:25:43
RM-HTL0033-358,HTL0033,358,DLX,Deluxe Room,105.74,1,2019-02-12 01:08:02,2024-04-17 14:35:59
RM-HTL0033-359,HTL0033,359,EXE,Executive Suite,395.02,1,2019-02-19 21:55:07,2019-08-05 15:44:52
RM-HTL0033-360,HTL0033,360,SUP,Superior Room,71.0,1,2019-02-24 23:39:41,2023-02-25 05:17:16
RM-HTL0033-361,HTL0033,361,SUT,Suite Room,259.18,1,2019-02-16 08:01:47,2025-04-07 02:58:38
RM-HTL0033-362,HTL0033,362,STD,Standard Room,52.76,1,2019-02-16 18:23:03,2021-04-08 07:13:34
RM-HTL0033-363,HTL0033,363,SUP,Superior Room,85.86,1,2019-02-13 09:01:12,2020-04-22 15:16:32
RM-HTL0033-364,HTL0033,364,SUP,Superior Room,83.31,1,2019-03-11 08:27:07,2019-03-11 08:27:07
RM-HTL0033-365,HTL0033,365,SUT,Suite Room,245.67,1,2019-02-14 00:56:53,2021-07-11 08:50:07
RM-HTL0033-366,HTL0033,366,STD,Standard Room,64.29,1,2019-03-06 11:21:18,2019-03-20 19:17:11
RM-HTL0033-367,HTL0033,367,EXE,Executive Suite,404.3,1,2019-03-10 09:23:36,2019-03-10 09:23:36
RM-HTL0033-368,HTL0033,368,STD,Standard Room,64.22,1,2019-03-05 13:56:02,2019-03-05 13:56:02
RM-HTL0033-369,HTL0033,369,SUP,Superior Room,70.61,1,2019-03-08 03:26:56,2021-10-03 05:17:31
RM-HTL0033-370,HTL0033,370,SUT,Suite Room,257.5,1,2019-03-02 17:57:07,2024-03-13 20:30:04
RM-HTL0033-371,HTL0033,371,EXE,Executive Suite,396.12,1,2019-02-17 19:10:22,2019-07-22 12:26:06
RM-HTL0033-372,HTL0033,372,STD,Standard Room,56.37,1,2019-02-19 07:01:24,2019-02-19 07:01:24
RM-HTL0033-373,HTL0033,373,DLX,Deluxe Room,107.09,1,2019-02-19 18:09:44,2020-09-06 07:55:05
RM-HTL0033-374,HTL0033,374,STD,Standard Room,55.96,1,2019-02-18 04:47:14,2021-10-10 00:29:10
RM-HTL0033-375,HTL0033,375,SUT,Suite Room,256.54,1,2019-03-04 01:08:27,2023-09-23 21:33:47
RM-HTL0033-376,HTL0033,376,SUT,Suite Room,263.21,1,2019-02-24 12:18:27,2022-01-14 09:54:17
RM-HTL0033-377,HTL0033,377,DLX,Deluxe Room,113.0,0,2019-02-25 07:23:05,2022-06-17 14:09:27
RM-HTL0033-378,HTL0033,378,EXE,Executive Suite,413.73,1,2019-02-17 12:40:57,2023-10-07 11:58:18
RM-HTL0033-379,HTL0033,379,DLX,Deluxe Room,123.97,1,2019-02-28 01:26:05,2021-06-19 08:19:41
RM-HTL0033-380,HTL0033,380,EXE,Executive Suite,401.07,1,2019-03-01 14:10:45,2020-07-03 20:45:04
RM-HTL0033-381,HTL0033,381,SUT,Suite Room,246.8,1,2019-03-01 22:48:31,2019-03-01 22:48:31
RM-HTL0033-382,HTL0033,382,SUT,Suite Room,256.3,1,2019-03-07 14:11:23,2021-04-24 01:32:30
RM-HTL0033-383,HTL0033,383,SUT,Suite Room,259.89,1,2019-02-13 08:24:01,2019-02-13 08:24:01
RM-HTL0033-384,HTL0033,384,EXE,Executive Suite,397.33,1,2019-03-07 14:16:57,2021-11-28 21:31:07
RM-HTL0033-385,HTL0033,385,DLX,Deluxe Room,109.55,1,2019-03-04 06:28:24,2020-10-05 06:08:12
RM-HTL0033-386,HTL0033,386,STD,Standard Room,62.31,1,2019-02-13 02:37:37,2019-02-13 02:37:37
RM-HTL0033-387,HTL0033,387,STD,Standard Room,56.48,1,2019-03-03 07:57:50,2019-06-11 09:51:40
RM-HTL0033-388,HTL0033,388,EXE,Executive Suite,395.19,1,2019-03-08 07:20:51,2020-08-16 21:13:58
RM-HTL0033-389,HTL0033,389,STD,Standard Room,49.45,1,2019-02-13 00:35:55,2021-04-28 07:43:05
RM-HTL0033-390,HTL0033,390,SUP,Superior Room,83.1,1,2019-03-14 10:01:38,2019-03-14 10:01:38
RM-HTL0033-391,HTL0033,391,SUP,Superior Room,80.84,1,2019-02-18 00:25:35,2019-08-02 11:13:59
RM-HTL0033-392,HTL0033,392,SUP,Superior Room,82.24,1,2019-03-03 00:23:33,2022-01-14 14:40:54
RM-HTL0033-393,HTL0033,393,EXE,Executive Suite,406.66,1,2019-03-02 06:17:50,2022-04-19 16:28:55
RM-HTL0033-394,HTL0033,394,DLX,Deluxe Room,118.29,1,2019-03-14 16:12:32,2019-03-14 16:12:32
RM-HTL0033-395,HTL0033,395,STD,Standard Room,48.65,1,2019-02-20 22:12:29,2019-02-20 22:12:29
RM-HTL0033-396,HTL0033,396,EXE,Executive Suite,396.44,1,2019-02-14 14:15:45,2025-07-04 01:31:22
RM-HTL0033-397,HTL0033,397,SUT,Suite Room,245.2,1,2019-03-10 12:00:39,2025-09-21 10:02:51
RM-HTL0033-398,HTL0033,398,EXE,Executive Suite,407.87,1,2019-02-28 17:17:26,2026-04-09 11:48:52
RM-HTL0033-399,HTL0033,399,EXE,Executive Suite,404.89,1,2019-02-21 04:43:30,2020-05-10 03:49:31
RM-HTL0033-400,HTL0033,400,STD,Standard Room,63.47,1,2019-03-12 13:21:28,2020-03-06 07:58:38
RM-HTL0033-401,HTL0033,401,SUP,Superior Room,75.85,1,2019-02-15 07:10:19,2019-05-20 09:29:32
RM-HTL0033-402,HTL0033,402,STD,Standard Room,58.8,1,2019-02-25 09:14:03,2021-09-16 03:57:36
RM-HTL0033-403,HTL0033,403,EXE,Executive Suite,401.87,1,2019-03-08 02:33:07,2022-02-24 01:04:16
RM-HTL0033-404,HTL0033,404,EXE,Executive Suite,398.36,1,2019-03-09 09:40:36,2022-04-25 08:12:08
RM-HTL0033-405,HTL0033,405,STD,Standard Room,64.04,1,2019-02-14 09:25:07,2025-10-07 16:54:53
RM-HTL0033-406,HTL0033,406,SUP,Superior Room,77.7,1,2019-03-02 05:11:17,2019-03-02 05:11:17
RM-HTL0033-407,HTL0033,407,SUT,Suite Room,254.99,1,2019-03-10 01:52:02,2024-02-12 19:15:52
RM-HTL0033-408,HTL0033,408,SUT,Suite Room,247.27,1,2019-02-17 21:31:19,2019-12-29 09:11:59
RM-HTL0033-409,HTL0033,409,SUT,Suite Room,264.63,1,2019-02-15 10:21:59,2019-02-15 10:21:59
RM-HTL0033-410,HTL0033,410,SUP,Superior Room,78.7,1,2019-02-13 09:25:23,2019-02-13 09:25:23
RM-HTL0033-411,HTL0033,411,SUT,Suite Room,251.31,1,2019-03-07 06:19:47,2019-03-07 06:19:47
RM-HTL0033-412,HTL0033,412,STD,Standard Room,64.77,1,2019-03-13 13:37:36,2019-03-13 13:37:36
RM-HTL0033-413,HTL0033,413,STD,Standard Room,45.53,1,2019-02-23 00:57:36,2019-02-23 00:57:36
RM-HTL0033-414,HTL0033,414,SUT,Suite Room,256.54,1,2019-02-16 08:40:08,2024-07-22 02:20:05
RM-HTL0033-415,HTL0033,415,EXE,Executive Suite,412.73,1,2019-03-03 09:15:13,2020-10-29 05:19:01
RM-HTL0033-416,HTL0033,416,STD,Standard Room,60.13,1,2019-02-20 17:24:05,2019-02-20 17:24:05
RM-HTL0033-417,HTL0033,417,STD,Standard Room,45.8,1,2019-02-27 16:09:17,2024-10-30 00:39:12
RM-HTL0033-418,HTL0033,418,SUT,Suite Room,259.52,1,2019-02-13 05:37:54,2025-08-01 13:21:38
RM-HTL0033-419,HTL0033,419,SUT,Suite Room,254.52,1,2019-03-10 10:57:31,2019-04-28 16:28:09
RM-HTL0033-420,HTL0033,420,EXE,Executive Suite,407.4,1,2019-02-28 03:27:56,2022-07-10 01:03:28
RM-HTL0033-421,HTL0033,421,SUT,Suite Room,247.82,1,2019-03-02 00:12:45,2022-02-17 10:14:18
RM-HTL0033-422,HTL0033,422,DLX,Deluxe Room,110.12,1,2019-02-19 22:55:49,2019-09-03 04:36:42
RM-HTL0033-423,HTL0033,423,DLX,Deluxe Room,124.87,0,2019-03-06 02:06:42,2025-05-22 23:06:35
RM-HTL0033-424,HTL0033,424,SUP,Superior Room,86.96,1,2019-03-01 03:28:47,2025-12-13 19:35:32
RM-HTL0033-425,HTL0033,425,EXE,Executive Suite,406.55,1,2019-02-14 10:54:43,2019-02-14 10:54:43
RM-HTL0033-426,HTL0033,426,SUP,Superior Room,70.26,1,2019-03-10 15:21:25,2023-07-03 06:11:00
RM-HTL0033-427,HTL0033,427,SUP,Superior Room,83.45,1,2019-02-18 12:50:29,2025-05-04 21:49:48
RM-HTL0033-428,HTL0033,428,SUP,Superior Room,84.5,1,2019-03-02 19:56:50,2025-10-03 12:19:49
RM-HTL0033-429,HTL0033,429,STD,Standard Room,54.54,1,2019-03-14 17:28:54,2019-11-15 11:18:38
RM-HTL0033-430,HTL0033,430,STD,Standard Room,47.86,1,2019-02-19 21:05:12,2024-05-14 19:03:41
RM-HTL0033-431,HTL0033,431,SUP,Superior Room,85.2,1,2019-02-28 07:21:52,2019-02-28 07:21:52
RM-HTL0033-432,HTL0033,432,DLX,Deluxe Room,109.23,1,2019-03-13 13:35:34,2019-03-13 13:35:34
RM-HTL0033-433,HTL0033,433,EXE,Executive Suite,397.55,1,2019-02-12 06:29:45,2024-05-16 10:21:57
RM-HTL0033-434,HTL0033,434,SUP,Superior Room,76.7,1,2019-03-13 18:55:11,2023-01-18 19:23:30
RM-HTL0033-435,HTL0033,435,SUT,Suite Room,264.37,1,2019-03-07 06:20:46,2019-03-07 06:20:46
RM-HTL0033-436,HTL0033,436,SUT,Suite Room,262.01,1,2019-02-20 18:28:41,2019-03-29 16:11:34
RM-HTL0033-437,HTL0033,437,DLX,Deluxe Room,109.8,1,2019-03-05 14:56:56,2026-04-24 11:26:11
RM-HTL0033-438,HTL0033,438,STD,Standard Room,49.62,1,2019-03-13 11:36:18,2019-03-13 11:36:18
RM-HTL0033-439,HTL0033,439,SUP,Superior Room,82.85,1,2019-03-12 20:31:00,2021-01-03 06:44:45
RM-HTL0033-440,HTL0033,440,SUT,Suite Room,253.98,1,2019-02-24 10:52:27,2022-05-15 03:38:02
RM-HTL0033-441,HTL0033,441,SUP,Superior Room,123.42,1,2019-02-19 07:42:24,2025-01-05 17:02:02
RM-HTL0033-442,HTL0033,442,SUT,Suite Room,262.54,1,2019-02-22 12:32:54,2021-12-25 22:22:49
RM-HTL0033-443,HTL0033,443,SUT,Suite Room,254.41,1,2019-03-12 07:44:25,2019-03-12 07:44:25
RM-HTL0033-444,HTL0033,444,SUP,Superior Room,73.15,1,2019-02-19 22:34:22,2025-10-10 07:59:09
RM-HTL0033-445,HTL0033,445,SUT,Suite Room,261.36,1,2019-02-17 02:36:43,2022-12-01 14:39:19
RM-HTL0033-446,HTL0033,446,EXE,Executive Suite,401.04,1,2019-02-21 23:12:58,2022-03-28 03:30:11
RM-HTL0033-447,HTL0033,447,STD,Standard Room,49.45,1,2019-02-23 06:26:04,2019-02-23 06:26:04
RM-HTL0033-448,HTL0033,448,SUT,Suite Room,246.98,1,2019-02-27 14:11:52,2019-02-27 14:11:52
RM-HTL0033-449,HTL0033,449,SUP,Superior Room,83.16,1,2019-02-26 14:40:10,2019-02-26 14:40:10
RM-HTL0033-450,HTL0033,450,DLX,Deluxe Room,114.03,1,2019-02-27 04:54:36,2023-05-12 02:14:48
RM-HTL0034-101,HTL0034,101,EXE,Executive Suite,397.67,1,2021-06-02 21:14:05,2021-06-02 21:14:05
RM-HTL0034-102,HTL0034,102,SUP,Superior Room,77.98,1,2021-05-24 15:52:07,2023-02-23 16:41:04
RM-HTL0034-103,HTL0034,103,SUP,Superior Room,82.42,1,2021-05-14 09:26:43,2022-10-20 15:58:34
RM-HTL0034-104,HTL0034,104,DLX,Deluxe Room,106.94,0,2021-06-02 20:53:07,2021-06-02 20:53:07
RM-HTL0034-105,HTL0034,105,SUT,Suite Room,253.25,1,2021-05-25 20:48:36,2023-05-30 13:02:33
RM-HTL0034-106,HTL0034,106,DLX,Deluxe Room,123.89,1,2021-05-13 02:10:14,2021-05-13 02:10:14
RM-HTL0034-107,HTL0034,107,DLX,Deluxe Room,124.54,1,2021-05-29 21:10:15,2024-04-20 19:43:07
RM-HTL0034-108,HTL0034,108,SUP,Superior Room,125.2,1,2021-05-06 15:06:05,2021-12-05 02:57:30
RM-HTL0034-109,HTL0034,109,STD,Standard Room,60.86,1,2021-05-16 18:01:59,2023-03-09 04:43:41
RM-HTL0034-110,HTL0034,110,EXE,Executive Suite,410.35,1,2021-05-24 02:23:18,2021-05-24 02:23:18
RM-HTL0034-111,HTL0034,111,EXE,Executive Suite,407.78,1,2021-05-15 05:59:40,2021-05-15 05:59:40
RM-HTL0034-112,HTL0034,112,EXE,Executive Suite,413.38,1,2021-05-31 18:40:32,2021-05-31 18:40:32
RM-HTL0034-113,HTL0034,113,DLX,Deluxe Room,118.64,1,2021-05-27 01:28:05,2025-07-13 05:07:56
RM-HTL0034-114,HTL0034,114,STD,Standard Room,63.29,1,2021-06-01 02:32:45,2025-02-03 11:01:16
RM-HTL0034-115,HTL0034,115,DLX,Deluxe Room,111.79,1,2021-05-15 10:56:16,2024-04-08 16:05:49
RM-HTL0034-116,HTL0034,116,SUT,Suite Room,260.83,1,2021-05-10 00:42:08,2025-06-05 22:00:57
RM-HTL0034-117,HTL0034,117,STD,Standard Room,50.28,1,2021-05-12 23:20:20,2023-10-16 13:36:06
RM-HTL0034-118,HTL0034,118,SUP,Superior Room,74.86,1,2021-05-18 17:44:05,2025-01-09 08:03:15
RM-HTL0034-119,HTL0034,119,DLX,Deluxe Room,117.0,1,2021-05-10 22:08:46,2023-11-05 12:54:21
RM-HTL0034-120,HTL0034,120,SUP,Superior Room,117.18,1,2021-05-25 01:43:20,2023-08-10 22:55:17
RM-HTL0034-121,HTL0034,121,SUT,Suite Room,252.19,1,2021-05-09 17:40:04,2022-04-26 14:32:23
RM-HTL0034-122,HTL0034,122,STD,Standard Room,48.11,1,2021-05-04 18:36:18,2025-03-18 09:19:45
RM-HTL0034-123,HTL0034,123,EXE,Executive Suite,398.15,1,2021-05-28 17:38:41,2023-12-23 13:10:21
RM-HTL0034-124,HTL0034,124,SUP,Superior Room,76.04,1,2021-05-31 04:45:25,2021-05-31 04:45:25
RM-HTL0034-125,HTL0034,125,DLX,Deluxe Room,122.76,1,2021-05-30 18:11:37,2021-05-30 18:11:37
RM-HTL0034-126,HTL0034,126,EXE,Executive Suite,395.61,1,2021-05-03 01:40:20,2023-01-26 10:03:21
RM-HTL0034-127,HTL0034,127,EXE,Executive Suite,404.46,1,2021-05-28 21:17:56,2026-01-08 03:15:45
RM-HTL0034-128,HTL0034,128,EXE,Executive Suite,408.84,0,2021-05-13 14:57:41,2021-05-13 14:57:41
RM-HTL0034-129,HTL0034,129,DLX,Deluxe Room,113.17,1,2021-05-23 19:19:01,2021-07-19 13:30:34
RM-HTL0034-130,HTL0034,130,SUP,Superior Room,77.92,1,2021-05-09 23:36:21,2026-05-16 10:26:48
RM-HTL0034-131,HTL0034,131,DLX,Deluxe Room,119.42,1,2021-05-24 16:36:54,2021-05-24 16:36:54
RM-HTL0034-132,HTL0034,132,EXE,Executive Suite,407.07,1,2021-05-17 05:18:15,2024-06-11 21:10:24
RM-HTL0034-133,HTL0034,133,SUT,Suite Room,260.09,1,2021-05-27 12:29:58,2021-05-27 12:29:58
RM-HTL0034-134,HTL0034,134,DLX,Deluxe Room,112.93,1,2021-05-26 01:35:03,2021-07-22 04:58:06
RM-HTL0034-135,HTL0034,135,SUP,Superior Room,71.98,1,2021-05-22 15:10:08,2024-07-23 19:36:33
RM-HTL0034-136,HTL0034,136,SUT,Suite Room,254.26,1,2021-05-31 15:16:06,2021-08-14 13:05:16
RM-HTL0034-137,HTL0034,137,SUT,Suite Room,248.08,1,2021-05-10 18:26:55,2021-07-26 22:32:51
RM-HTL0034-138,HTL0034,138,DLX,Deluxe Room,114.7,1,2021-05-06 23:45:10,2021-05-06 23:45:10
RM-HTL0034-139,HTL0034,139,STD,Standard Room,54.46,1,2021-05-29 15:48:55,2023-12-29 04:05:52
RM-HTL0034-140,HTL0034,140,EXE,Executive Suite,395.58,1,2021-05-09 05:54:08,2023-12-26 04:55:01
RM-HTL0034-141,HTL0034,141,EXE,Executive Suite,400.64,1,2021-05-03 04:15:20,2021-05-03 04:15:20
RM-HTL0034-142,HTL0034,142,DLX,Deluxe Room,115.15,1,2021-05-06 09:22:15,2021-05-06 09:22:15
RM-HTL0034-143,HTL0034,143,STD,Standard Room,62.55,1,2021-05-15 18:27:11,2022-12-12 00:39:16
RM-HTL0034-144,HTL0034,144,SUP,Superior Room,80.09,1,2021-06-02 09:50:14,2023-11-30 10:43:40
RM-HTL0034-145,HTL0034,145,DLX,Deluxe Room,115.97,1,2021-05-10 04:37:37,2025-07-23 16:28:13
RM-HTL0034-146,HTL0034,146,SUP,Superior Room,79.44,1,2021-05-10 16:27:45,2022-04-30 14:35:36
RM-HTL0034-147,HTL0034,147,SUT,Suite Room,262.16,1,2021-05-25 02:58:30,2021-10-08 01:16:02
RM-HTL0034-148,HTL0034,148,SUP,Superior Room,74.72,1,2021-05-08 16:04:36,2024-05-20 11:37:26
RM-HTL0034-149,HTL0034,149,DLX,Deluxe Room,112.6,1,2021-05-17 04:48:59,2024-11-22 23:54:43
RM-HTL0034-150,HTL0034,150,STD,Standard Room,48.76,1,2021-05-16 23:14:35,2021-05-19 15:54:09
RM-HTL0034-151,HTL0034,151,SUT,Suite Room,263.84,1,2021-05-08 07:15:03,2021-11-25 18:34:08
RM-HTL0034-152,HTL0034,152,SUT,Suite Room,261.76,1,2021-05-07 12:11:38,2021-05-17 08:53:47
RM-HTL0034-153,HTL0034,153,STD,Standard Room,88.64,1,2021-06-01 15:35:17,2023-08-09 09:31:27
RM-HTL0034-154,HTL0034,154,DLX,Deluxe Room,105.21,1,2021-05-08 20:17:11,2024-12-16 04:19:45
RM-HTL0034-155,HTL0034,155,SUP,Superior Room,74.53,1,2021-05-06 18:23:36,2021-05-06 18:23:36
RM-HTL0034-156,HTL0034,156,STD,Standard Room,58.71,1,2021-05-08 20:54:17,2025-02-15 13:39:28
RM-HTL0034-157,HTL0034,157,SUP,Superior Room,73.06,1,2021-05-16 03:33:35,2021-05-16 03:33:35
RM-HTL0034-158,HTL0034,158,DLX,Deluxe Room,122.46,1,2021-05-18 18:57:20,2023-01-11 10:46:17
RM-HTL0034-159,HTL0034,159,STD,Standard Room,52.61,1,2021-05-08 06:40:04,2025-10-13 12:32:43
RM-HTL0034-160,HTL0034,160,STD,Standard Room,55.8,1,2021-05-16 23:22:11,2025-04-25 17:09:48
RM-HTL0034-161,HTL0034,161,EXE,Executive Suite,410.01,1,2021-05-15 22:51:47,2023-11-17 11:30:16
RM-HTL0034-162,HTL0034,162,SUT,Suite Room,260.03,1,2021-05-26 11:18:01,2023-06-19 15:44:15
RM-HTL0034-163,HTL0034,163,SUP,Superior Room,72.5,1,2021-06-02 01:38:08,2021-09-24 06:27:13
RM-HTL0034-164,HTL0034,164,SUP,Superior Room,89.48,1,2021-06-02 12:50:16,2021-06-02 12:50:16
RM-HTL0034-165,HTL0034,165,DLX,Deluxe Room,109.05,1,2021-05-28 18:26:30,2024-02-23 08:15:24
RM-HTL0034-166,HTL0034,166,SUP,Superior Room,84.6,0,2021-06-01 17:55:40,2022-09-15 20:16:55
RM-HTL0034-167,HTL0034,167,DLX,Deluxe Room,117.25,1,2021-05-22 14:31:40,2022-03-22 02:30:57
RM-HTL0034-168,HTL0034,168,SUT,Suite Room,259.25,1,2021-05-25 11:31:40,2021-08-29 18:07:44
RM-HTL0034-169,HTL0034,169,EXE,Executive Suite,404.12,1,2021-05-07 01:47:49,2026-04-25 22:52:26
RM-HTL0034-170,HTL0034,170,SUP,Superior Room,73.69,1,2021-05-09 11:30:13,2024-05-01 16:59:51
RM-HTL0034-171,HTL0034,171,DLX,Deluxe Room,121.59,1,2021-05-24 21:53:38,2021-05-24 21:53:38
RM-HTL0034-172,HTL0034,172,SUP,Superior Room,83.12,1,2021-05-17 13:21:05,2024-08-20 19:59:28
RM-HTL0034-173,HTL0034,173,STD,Standard Room,50.09,1,2021-05-14 04:07:58,2024-11-17 01:40:19
RM-HTL0034-174,HTL0034,174,DLX,Deluxe Room,113.54,1,2021-05-15 07:36:27,2021-05-15 07:36:27
RM-HTL0034-175,HTL0034,175,EXE,Executive Suite,408.67,1,2021-05-30 02:22:09,2021-05-30 02:22:09
RM-HTL0034-176,HTL0034,176,DLX,Deluxe Room,108.02,1,2021-05-26 04:19:42,2023-03-30 17:45:35
RM-HTL0034-177,HTL0034,177,EXE,Executive Suite,402.73,1,2021-05-21 18:56:09,2024-04-16 12:21:46
RM-HTL0034-178,HTL0034,178,STD,Standard Room,56.06,1,2021-05-16 06:14:57,2021-11-03 22:12:56
RM-HTL0034-179,HTL0034,179,EXE,Executive Suite,400.44,1,2021-05-25 19:28:38,2024-11-20 02:30:44
RM-HTL0034-180,HTL0034,180,SUT,Suite Room,257.98,1,2021-06-02 06:45:37,2024-06-06 17:03:49
RM-HTL0035-101,HTL0035,101,EXE,Executive Suite,402.88,1,2021-03-22 04:56:55,2021-09-17 23:26:35
RM-HTL0035-102,HTL0035,102,EXE,Executive Suite,401.09,1,2021-03-31 15:58:47,2024-06-12 23:14:35
RM-HTL0035-103,HTL0035,103,STD,Standard Room,48.95,1,2021-03-24 18:15:45,2023-11-06 14:44:50
RM-HTL0035-104,HTL0035,104,STD,Standard Room,54.7,1,2021-04-01 15:52:43,2021-04-01 15:52:43
RM-HTL0035-105,HTL0035,105,SUP,Superior Room,71.26,1,2021-03-27 12:33:22,2022-08-06 22:55:21
RM-HTL0035-106,HTL0035,106,STD,Standard Room,55.77,1,2021-03-19 02:52:27,2023-06-14 18:39:25
RM-HTL0035-107,HTL0035,107,STD,Standard Room,62.39,1,2021-04-06 22:16:37,2021-04-06 22:16:37
RM-HTL0035-108,HTL0035,108,STD,Standard Room,45.53,1,2021-04-11 17:31:06,2022-03-14 21:03:50
RM-HTL0035-109,HTL0035,109,STD,Standard Room,55.87,1,2021-03-23 22:48:25,2024-05-27 20:30:13
RM-HTL0035-110,HTL0035,110,STD,Standard Room,57.54,1,2021-04-12 20:07:16,2025-12-31 08:44:01
RM-HTL0035-111,HTL0035,111,SUT,Suite Room,252.82,1,2021-03-24 08:02:10,2022-09-22 07:28:32
RM-HTL0035-112,HTL0035,112,STD,Standard Room,58.94,1,2021-04-01 02:04:56,2022-06-12 02:54:12
RM-HTL0035-113,HTL0035,113,STD,Standard Room,56.03,1,2021-04-15 17:38:49,2021-04-15 17:38:49
RM-HTL0035-114,HTL0035,114,DLX,Deluxe Room,110.8,1,2021-03-28 04:54:45,2021-03-28 04:54:45
RM-HTL0035-115,HTL0035,115,SUP,Superior Room,77.35,1,2021-04-10 02:54:07,2023-01-30 01:31:21
RM-HTL0035-116,HTL0035,116,SUT,Suite Room,260.0,1,2021-04-10 23:20:05,2021-08-11 23:04:20
RM-HTL0035-117,HTL0035,117,EXE,Executive Suite,399.59,1,2021-04-09 18:26:15,2021-04-09 18:26:15
RM-HTL0035-118,HTL0035,118,DLX,Deluxe Room,124.74,1,2021-03-21 10:51:31,2023-11-18 04:42:54
RM-HTL0035-119,HTL0035,119,DLX,Deluxe Room,111.55,1,2021-04-03 07:41:39,2026-02-27 21:10:09
RM-HTL0035-120,HTL0035,120,SUT,Suite Room,247.17,1,2021-03-31 04:30:28,2021-03-31 04:30:28
RM-HTL0035-121,HTL0035,121,SUT,Suite Room,253.61,1,2021-04-03 00:32:42,2021-04-03 00:32:42
RM-HTL0035-122,HTL0035,122,DLX,Deluxe Room,116.97,1,2021-03-28 09:29:54,2021-03-28 09:29:54
RM-HTL0035-123,HTL0035,123,EXE,Executive Suite,402.16,1,2021-03-25 14:08:36,2021-03-25 14:08:36
RM-HTL0035-124,HTL0035,124,DLX,Deluxe Room,115.07,1,2021-04-09 15:12:04,2024-08-10 04:55:59
RM-HTL0035-125,HTL0035,125,STD,Standard Room,76.64,1,2021-03-29 01:14:58,2024-08-02 19:43:49
RM-HTL0035-126,HTL0035,126,SUT,Suite Room,256.44,1,2021-04-08 08:48:21,2023-05-28 02:29:03
RM-HTL0035-127,HTL0035,127,SUT,Suite Room,247.32,1,2021-03-28 07:33:59,2022-02-08 15:20:38
RM-HTL0035-128,HTL0035,128,EXE,Executive Suite,397.32,1,2021-04-05 12:55:10,2022-11-22 00:25:59
RM-HTL0035-129,HTL0035,129,DLX,Deluxe Room,105.5,1,2021-04-01 02:30:32,2021-04-01 02:30:32
RM-HTL0035-130,HTL0035,130,SUT,Suite Room,248.56,1,2021-03-30 02:13:12,2021-03-30 02:13:12
RM-HTL0035-131,HTL0035,131,DLX,Deluxe Room,113.99,1,2021-04-11 02:46:45,2025-08-28 06:06:04
RM-HTL0035-132,HTL0035,132,SUP,Superior Room,84.56,1,2021-04-07 00:48:35,2024-10-06 19:22:35
RM-HTL0035-133,HTL0035,133,SUT,Suite Room,246.75,1,2021-04-06 10:22:31,2025-06-28 19:52:48
RM-HTL0035-134,HTL0035,134,SUP,Superior Room,81.5,1,2021-04-05 18:12:30,2021-04-05 18:12:30
RM-HTL0035-135,HTL0035,135,DLX,Deluxe Room,107.74,1,2021-04-18 16:03:38,2022-06-14 13:12:39
RM-HTL0035-136,HTL0035,136,SUP,Superior Room,86.31,1,2021-04-04 04:42:42,2025-10-31 22:34:53
RM-HTL0035-137,HTL0035,137,DLX,Deluxe Room,162.24,1,2021-04-16 10:00:50,2024-08-28 14:12:18
RM-HTL0035-138,HTL0035,138,SUP,Superior Room,78.94,1,2021-04-12 22:29:56,2021-04-12 22:29:56
RM-HTL0035-139,HTL0035,139,EXE,Executive Suite,408.21,1,2021-04-01 02:40:33,2022-11-29 19:23:11
RM-HTL0035-140,HTL0035,140,EXE,Executive Suite,414.88,1,2021-04-07 05:29:33,2021-04-07 05:29:33
RM-HTL0035-141,HTL0035,141,DLX,Deluxe Room,107.73,1,2021-03-19 06:26:12,2026-03-11 21:40:27
RM-HTL0035-142,HTL0035,142,DLX,Deluxe Room,109.09,1,2021-04-03 21:34:20,2025-04-01 16:16:56
RM-HTL0035-143,HTL0035,143,EXE,Executive Suite,412.06,1,2021-04-11 19:02:57,2025-04-17 19:43:29
RM-HTL0035-144,HTL0035,144,STD,Standard Room,60.76,1,2021-03-31 06:31:49,2025-05-21 08:32:56
RM-HTL0035-145,HTL0035,145,EXE,Executive Suite,402.32,1,2021-03-21 02:35:57,2023-08-01 07:55:23
RM-HTL0035-146,HTL0035,146,DLX,Deluxe Room,107.17,1,2021-04-02 06:14:06,2023-12-26 04:25:42
RM-HTL0035-147,HTL0035,147,DLX,Deluxe Room,114.12,1,2021-04-13 11:41:51,2021-12-03 11:44:29
RM-HTL0035-148,HTL0035,148,EXE,Executive Suite,410.69,1,2021-04-03 06:26:53,2024-08-02 20:38:28
RM-HTL0035-149,HTL0035,149,DLX,Deluxe Room,115.48,1,2021-03-25 05:58:45,2025-02-24 17:10:45
RM-HTL0035-150,HTL0035,150,SUT,Suite Room,252.76,1,2021-04-12 13:35:20,2022-06-29 05:25:24
RM-HTL0035-151,HTL0035,151,EXE,Executive Suite,411.47,1,2021-03-25 06:27:03,2023-11-08 16:58:51
RM-HTL0035-152,HTL0035,152,EXE,Executive Suite,411.91,1,2021-03-19 08:16:24,2021-03-19 08:16:24
RM-HTL0035-153,HTL0035,153,STD,Standard Room,54.25,1,2021-03-23 15:56:27,2021-04-05 11:49:57
RM-HTL0035-154,HTL0035,154,STD,Standard Room,51.75,1,2021-04-13 10:02:19,2023-08-05 06:15:25
RM-HTL0035-155,HTL0035,155,STD,Standard Room,52.07,1,2021-03-29 18:15:03,2021-07-12 12:43:11
RM-HTL0035-156,HTL0035,156,DLX,Deluxe Room,118.14,1,2021-03-21 12:19:00,2024-06-29 04:36:30
RM-HTL0035-157,HTL0035,157,DLX,Deluxe Room,118.09,1,2021-03-25 04:18:58,2021-03-25 04:18:58
RM-HTL0035-158,HTL0035,158,SUP,Superior Room,81.43,1,2021-04-09 05:24:47,2021-04-09 05:24:47
RM-HTL0035-159,HTL0035,159,DLX,Deluxe Room,120.49,1,2021-04-03 22:10:23,2021-05-23 22:56:58
RM-HTL0035-160,HTL0035,160,DLX,Deluxe Room,118.82,1,2021-03-22 11:05:49,2023-04-16 15:45:53
RM-HTL0035-161,HTL0035,161,SUP,Superior Room,85.77,1,2021-04-08 13:46:03,2024-09-04 05:10:16
RM-HTL0035-162,HTL0035,162,DLX,Deluxe Room,114.72,1,2021-04-07 23:38:41,2023-04-30 08:43:15
RM-HTL0035-163,HTL0035,163,STD,Standard Room,51.65,1,2021-04-06 10:39:09,2021-04-06 10:39:09
RM-HTL0035-164,HTL0035,164,SUT,Suite Room,260.24,1,2021-04-16 09:45:55,2022-05-23 12:13:45
RM-HTL0035-165,HTL0035,165,SUP,Superior Room,86.03,1,2021-03-30 21:10:58,2023-08-24 18:29:21
RM-HTL0035-166,HTL0035,166,STD,Standard Room,45.81,1,2021-03-30 17:44:20,2022-06-17 20:16:24
RM-HTL0035-167,HTL0035,167,DLX,Deluxe Room,107.07,1,2021-04-03 23:24:01,2021-04-03 23:24:01
RM-HTL0035-168,HTL0035,168,SUT,Suite Room,260.28,1,2021-03-23 20:33:38,2021-03-23 20:33:38
RM-HTL0035-169,HTL0035,169,STD,Standard Room,47.56,1,2021-04-02 09:13:48,2023-04-12 14:52:26
RM-HTL0035-170,HTL0035,170,STD,Standard Room,63.44,1,2021-03-28 19:25:07,2026-05-21 22:07:02
RM-HTL0035-171,HTL0035,171,SUP,Superior Room,102.54,1,2021-04-13 04:26:56,2025-06-01 18:03:31
RM-HTL0035-172,HTL0035,172,EXE,Executive Suite,410.83,1,2021-04-16 11:54:32,2024-04-11 03:44:45
RM-HTL0035-173,HTL0035,173,SUP,Superior Room,71.02,1,2021-04-03 02:39:54,2025-10-04 20:18:27
RM-HTL0035-174,HTL0035,174,STD,Standard Room,53.2,1,2021-04-15 14:52:30,2021-07-27 04:53:38
RM-HTL0035-175,HTL0035,175,EXE,Executive Suite,410.32,1,2021-03-31 04:38:46,2021-03-31 04:38:46
RM-HTL0035-176,HTL0035,176,EXE,Executive Suite,408.1,1,2021-04-06 22:48:10,2021-04-06 22:48:10
RM-HTL0035-177,HTL0035,177,EXE,Executive Suite,400.33,1,2021-03-23 19:06:55,2021-03-23 19:06:55
RM-HTL0035-178,HTL0035,178,DLX,Deluxe Room,117.39,1,2021-04-12 03:21:04,2024-03-18 10:15:29
RM-HTL0035-179,HTL0035,179,STD,Standard Room,52.82,1,2021-04-16 11:02:55,2021-04-16 11:02:55
RM-HTL0035-180,HTL0035,180,STD,Standard Room,46.95,1,2021-04-04 15:13:56,2022-05-15 08:16:07
RM-HTL0035-181,HTL0035,181,STD,Standard Room,58.54,1,2021-04-03 02:02:17,2023-07-12 16:28:05
RM-HTL0035-182,HTL0035,182,SUT,Suite Room,261.8,1,2021-03-19 04:05:51,2024-12-03 14:23:30
RM-HTL0035-183,HTL0035,183,EXE,Executive Suite,408.87,1,2021-04-13 15:05:48,2021-11-26 11:48:39
RM-HTL0035-184,HTL0035,184,EXE,Executive Suite,395.65,1,2021-03-25 08:43:38,2021-03-25 08:43:38
RM-HTL0035-185,HTL0035,185,EXE,Executive Suite,406.57,1,2021-04-12 19:24:57,2021-06-24 05:41:13
RM-HTL0035-186,HTL0035,186,SUT,Suite Room,245.29,1,2021-03-31 17:04:30,2022-03-27 16:31:03
RM-HTL0035-187,HTL0035,187,SUP,Superior Room,84.17,1,2021-04-09 19:35:22,2022-01-02 05:31:23
RM-HTL0035-188,HTL0035,188,DLX,Deluxe Room,117.56,1,2021-03-30 03:31:07,2021-03-30 03:31:07
RM-HTL0035-189,HTL0035,189,SUT,Suite Room,255.77,0,2021-04-03 22:44:30,2023-06-06 20:48:13
RM-HTL0035-190,HTL0035,190,EXE,Executive Suite,398.27,1,2021-04-10 01:11:08,2022-12-21 13:40:29
RM-HTL0035-191,HTL0035,191,DLX,Deluxe Room,116.0,1,2021-03-27 22:41:18,2025-07-08 23:01:21
RM-HTL0035-192,HTL0035,192,STD,Standard Room,57.28,1,2021-04-12 19:07:19,2025-06-16 07:07:12
RM-HTL0035-193,HTL0035,193,SUP,Superior Room,79.37,1,2021-03-27 06:36:05,2025-01-08 09:11:29
RM-HTL0035-194,HTL0035,194,STD,Standard Room,60.75,1,2021-03-31 21:50:53,2021-12-16 08:21:42
RM-HTL0035-195,HTL0035,195,SUP,Superior Room,70.67,1,2021-03-21 13:25:57,2022-01-10 11:27:43
RM-HTL0035-196,HTL0035,196,SUP,Superior Room,81.82,1,2021-04-15 08:12:03,2021-04-15 08:12:03
RM-HTL0035-197,HTL0035,197,DLX,Deluxe Room,118.1,1,2021-03-21 05:02:15,2023-07-11 13:05:18
RM-HTL0035-198,HTL0035,198,STD,Standard Room,47.15,1,2021-03-31 01:12:01,2021-03-31 01:12:01
RM-HTL0035-199,HTL0035,199,SUT,Suite Room,253.38,1,2021-03-23 23:34:20,2021-03-23 23:34:20
RM-HTL0035-200,HTL0035,200,DLX,Deluxe Room,110.59,1,2021-04-02 16:24:56,2021-09-14 07:33:35
RM-HTL0035-201,HTL0035,201,SUT,Suite Room,245.97,1,2021-04-11 21:23:29,2025-12-24 20:21:48
RM-HTL0035-202,HTL0035,202,SUT,Suite Room,252.3,1,2021-03-25 04:13:12,2022-06-02 12:52:08
RM-HTL0035-203,HTL0035,203,EXE,Executive Suite,409.95,1,2021-03-26 18:49:48,2025-08-06 19:51:45
RM-HTL0035-204,HTL0035,204,STD,Standard Room,52.39,1,2021-03-21 00:10:05,2022-03-17 19:38:11
RM-HTL0035-205,HTL0035,205,STD,Standard Room,51.96,1,2021-03-26 23:31:15,2021-03-26 23:31:15
RM-HTL0035-206,HTL0035,206,SUP,Superior Room,70.3,1,2021-04-08 07:35:26,2021-04-08 07:35:26
RM-HTL0035-207,HTL0035,207,DLX,Deluxe Room,115.95,1,2021-04-11 03:32:41,2024-10-25 15:07:33
RM-HTL0035-208,HTL0035,208,SUT,Suite Room,291.95,1,2021-04-16 02:34:40,2021-04-16 02:34:40
RM-HTL0035-209,HTL0035,209,STD,Standard Room,50.54,1,2021-03-31 02:21:01,2022-10-01 02:17:38
RM-HTL0035-210,HTL0035,210,DLX,Deluxe Room,107.5,1,2021-03-19 05:53:17,2021-03-19 05:53:17
RM-HTL0035-211,HTL0035,211,EXE,Executive Suite,411.47,1,2021-04-13 22:16:38,2025-07-11 14:37:51
RM-HTL0035-212,HTL0035,212,STD,Standard Room,64.83,1,2021-04-18 14:22:29,2021-04-18 14:22:29
RM-HTL0035-213,HTL0035,213,SUP,Superior Room,81.31,1,2021-04-17 04:11:38,2021-04-17 04:11:38
RM-HTL0035-214,HTL0035,214,SUT,Suite Room,280.09,1,2021-04-15 12:27:04,2023-05-21 07:55:07
RM-HTL0035-215,HTL0035,215,SUT,Suite Room,247.63,1,2021-03-27 18:07:29,2021-08-01 11:19:35
RM-HTL0035-216,HTL0035,216,STD,Standard Room,54.55,1,2021-03-31 11:33:30,2021-03-31 11:33:30
RM-HTL0035-217,HTL0035,217,DLX,Deluxe Room,120.46,1,2021-04-10 00:29:21,2021-04-10 00:29:21
RM-HTL0035-218,HTL0035,218,SUT,Suite Room,249.31,1,2021-03-22 06:36:53,2023-08-04 06:52:27
RM-HTL0035-219,HTL0035,219,DLX,Deluxe Room,121.4,1,2021-04-16 13:02:32,2021-04-16 13:02:32
RM-HTL0035-220,HTL0035,220,SUP,Superior Room,82.77,1,2021-04-11 17:14:40,2022-01-29 20:54:13
RM-HTL0035-221,HTL0035,221,SUT,Suite Room,248.73,1,2021-04-09 13:25:39,2022-12-22 17:59:41
RM-HTL0035-222,HTL0035,222,SUP,Superior Room,82.71,1,2021-04-15 09:20:46,2026-02-16 01:01:03
RM-HTL0035-223,HTL0035,223,STD,Standard Room,53.45,1,2021-04-14 21:43:22,2025-11-25 02:55:27
RM-HTL0035-224,HTL0035,224,SUT,Suite Room,264.89,1,2021-04-17 02:11:46,2023-09-08 02:14:56
RM-HTL0035-225,HTL0035,225,STD,Standard Room,57.67,1,2021-03-31 23:40:45,2021-03-31 23:40:45
RM-HTL0035-226,HTL0035,226,DLX,Deluxe Room,123.89,1,2021-04-08 00:47:16,2024-08-06 03:37:10
RM-HTL0035-227,HTL0035,227,STD,Standard Room,50.49,1,2021-04-08 13:00:24,2023-11-30 07:34:01
RM-HTL0035-228,HTL0035,228,DLX,Deluxe Room,116.67,1,2021-03-25 04:06:23,2023-08-26 18:55:06
RM-HTL0035-229,HTL0035,229,SUT,Suite Room,262.87,1,2021-03-24 15:00:29,2021-03-24 15:00:29
RM-HTL0035-230,HTL0035,230,STD,Standard Room,50.85,1,2021-03-21 10:10:44,2021-03-21 10:10:44
RM-HTL0035-231,HTL0035,231,SUP,Superior Room,71.92,1,2021-04-06 08:01:29,2025-09-01 12:31:26
RM-HTL0035-232,HTL0035,232,EXE,Executive Suite,396.98,1,2021-04-11 17:10:13,2021-12-08 20:12:02
RM-HTL0035-233,HTL0035,233,SUP,Superior Room,84.05,1,2021-04-07 23:03:29,2025-03-18 01:49:29
RM-HTL0035-234,HTL0035,234,STD,Standard Room,47.29,1,2021-03-24 19:28:53,2021-03-24 19:28:53
RM-HTL0035-235,HTL0035,235,EXE,Executive Suite,409.24,1,2021-04-04 06:21:47,2023-08-23 22:38:59
RM-HTL0035-236,HTL0035,236,DLX,Deluxe Room,164.69,1,2021-04-06 07:56:40,2022-11-07 20:15:34
RM-HTL0035-237,HTL0035,237,DLX,Deluxe Room,115.52,1,2021-03-24 05:44:44,2021-12-15 21:05:04
RM-HTL0035-238,HTL0035,238,DLX,Deluxe Room,117.67,1,2021-03-28 16:57:49,2026-04-21 00:06:38
RM-HTL0035-239,HTL0035,239,DLX,Deluxe Room,120.1,1,2021-03-22 13:41:22,2021-08-09 08:56:59
RM-HTL0035-240,HTL0035,240,SUT,Suite Room,257.28,1,2021-04-13 16:34:17,2026-02-24 16:10:31
RM-HTL0035-241,HTL0035,241,STD,Standard Room,58.38,1,2021-04-09 15:16:48,2021-07-02 15:20:50
RM-HTL0035-242,HTL0035,242,STD,Standard Room,53.44,1,2021-04-09 14:30:56,2025-01-26 22:25:26
RM-HTL0035-243,HTL0035,243,EXE,Executive Suite,413.21,1,2021-03-22 01:23:43,2023-01-27 20:38:51
RM-HTL0035-244,HTL0035,244,SUT,Suite Room,247.54,1,2021-03-19 10:32:45,2026-05-15 00:51:02
RM-HTL0035-245,HTL0035,245,SUT,Suite Room,260.84,1,2021-03-22 11:19:01,2023-12-28 14:07:49
RM-HTL0035-246,HTL0035,246,EXE,Executive Suite,410.38,1,2021-04-08 21:40:05,2022-11-30 08:02:25
RM-HTL0035-247,HTL0035,247,EXE,Executive Suite,400.78,1,2021-03-26 02:57:18,2021-03-26 02:57:18
RM-HTL0035-248,HTL0035,248,STD,Standard Room,61.65,1,2021-04-16 09:34:10,2022-01-06 13:27:53
RM-HTL0035-249,HTL0035,249,DLX,Deluxe Room,115.4,1,2021-03-31 16:09:53,2022-08-07 04:11:04
RM-HTL0035-250,HTL0035,250,DLX,Deluxe Room,120.76,1,2021-03-31 13:10:09,2024-08-29 09:48:03
RM-HTL0035-251,HTL0035,251,STD,Standard Room,45.66,1,2021-04-07 04:58:57,2026-04-04 06:22:00
RM-HTL0035-252,HTL0035,252,DLX,Deluxe Room,124.87,1,2021-04-18 04:43:21,2021-09-25 18:06:53
RM-HTL0035-253,HTL0035,253,STD,Standard Room,48.31,1,2021-04-13 13:34:07,2021-04-13 13:34:07
RM-HTL0035-254,HTL0035,254,SUP,Superior Room,75.15,1,2021-04-06 12:16:08,2022-02-17 18:38:21
RM-HTL0035-255,HTL0035,255,SUP,Superior Room,84.95,1,2021-04-10 01:10:36,2024-10-07 08:16:55
RM-HTL0035-256,HTL0035,256,SUP,Superior Room,75.64,1,2021-03-20 14:31:44,2021-03-20 14:31:44
RM-HTL0035-257,HTL0035,257,EXE,Executive Suite,414.39,0,2021-03-29 21:22:19,2021-03-29 21:22:19
RM-HTL0035-258,HTL0035,258,SUT,Suite Room,259.7,1,2021-04-04 12:21:27,2023-10-30 14:30:49
RM-HTL0035-259,HTL0035,259,EXE,Executive Suite,412.47,1,2021-04-01 02:38:15,2021-10-30 16:37:20
RM-HTL0035-260,HTL0035,260,DLX,Deluxe Room,108.0,1,2021-04-18 04:34:25,2021-04-18 04:34:25
RM-HTL0035-261,HTL0035,261,DLX,Deluxe Room,121.39,1,2021-03-25 14:59:29,2025-12-11 16:59:25
RM-HTL0035-262,HTL0035,262,SUP,Superior Room,73.69,1,2021-04-15 09:35:39,2023-06-10 11:28:10
RM-HTL0035-263,HTL0035,263,SUP,Superior Room,78.2,1,2021-03-19 13:49:18,2021-10-28 03:39:44
RM-HTL0035-264,HTL0035,264,STD,Standard Room,57.47,1,2021-04-12 07:53:43,2026-01-14 09:51:11
RM-HTL0035-265,HTL0035,265,DLX,Deluxe Room,124.51,1,2021-04-08 21:28:01,2022-03-21 00:14:22
RM-HTL0035-266,HTL0035,266,EXE,Executive Suite,395.33,1,2021-04-15 08:34:11,2025-08-15 17:29:30
RM-HTL0035-267,HTL0035,267,SUT,Suite Room,253.2,1,2021-04-08 19:20:55,2023-10-15 07:42:08
RM-HTL0035-268,HTL0035,268,STD,Standard Room,49.67,1,2021-04-12 03:38:08,2026-03-31 14:53:33
RM-HTL0035-269,HTL0035,269,SUP,Superior Room,72.11,1,2021-03-31 16:28:40,2021-03-31 16:28:40
RM-HTL0035-270,HTL0035,270,STD,Standard Room,80.74,1,2021-03-27 09:03:56,2021-03-27 09:03:56
RM-HTL0035-271,HTL0035,271,STD,Standard Room,57.62,1,2021-04-04 09:25:25,2024-05-09 18:55:16
RM-HTL0035-272,HTL0035,272,EXE,Executive Suite,401.47,1,2021-04-10 18:23:57,2021-04-10 18:23:57
RM-HTL0035-273,HTL0035,273,STD,Standard Room,63.47,1,2021-04-11 00:26:49,2024-04-19 14:14:30
RM-HTL0035-274,HTL0035,274,DLX,Deluxe Room,114.34,1,2021-04-03 02:47:23,2021-04-03 02:47:23
RM-HTL0035-275,HTL0035,275,SUT,Suite Room,251.17,1,2021-04-12 04:04:19,2021-04-12 04:04:19
RM-HTL0035-276,HTL0035,276,STD,Standard Room,50.52,1,2021-04-02 01:49:27,2021-09-22 05:24:12
RM-HTL0035-277,HTL0035,277,SUP,Superior Room,88.03,1,2021-04-17 17:40:26,2021-04-17 17:40:26
RM-HTL0035-278,HTL0035,278,SUP,Superior Room,88.97,1,2021-04-15 09:26:15,2023-03-15 10:51:35
RM-HTL0035-279,HTL0035,279,DLX,Deluxe Room,121.23,1,2021-04-05 10:12:18,2021-07-19 01:41:30
RM-HTL0035-280,HTL0035,280,EXE,Executive Suite,405.76,1,2021-04-09 06:57:21,2021-04-09 06:57:21
RM-HTL0035-281,HTL0035,281,DLX,Deluxe Room,112.03,1,2021-03-23 10:30:55,2022-12-11 12:57:12
RM-HTL0035-282,HTL0035,282,SUP,Superior Room,85.46,1,2021-03-23 17:04:26,2021-09-06 22:37:21
RM-HTL0035-283,HTL0035,283,DLX,Deluxe Room,123.36,1,2021-03-27 20:23:52,2023-06-01 17:18:34
RM-HTL0035-284,HTL0035,284,STD,Standard Room,48.19,1,2021-03-22 07:00:09,2021-03-22 07:00:09
RM-HTL0035-285,HTL0035,285,STD,Standard Room,61.32,1,2021-04-06 17:16:46,2021-04-06 17:16:46
RM-HTL0035-286,HTL0035,286,SUP,Superior Room,80.67,1,2021-03-28 18:43:08,2023-02-04 04:20:12
RM-HTL0035-287,HTL0035,287,SUP,Superior Room,74.99,1,2021-03-27 00:55:07,2021-03-27 00:55:07
RM-HTL0035-288,HTL0035,288,SUP,Superior Room,75.9,1,2021-03-26 11:32:17,2025-01-23 20:21:47
RM-HTL0035-289,HTL0035,289,SUP,Superior Room,77.84,1,2021-03-24 04:11:38,2021-10-25 15:39:01
RM-HTL0035-290,HTL0035,290,DLX,Deluxe Room,121.99,1,2021-04-07 23:01:56,2023-07-29 05:05:44
RM-HTL0035-291,HTL0035,291,DLX,Deluxe Room,119.06,1,2021-04-03 13:51:50,2024-01-16 01:29:39
RM-HTL0035-292,HTL0035,292,STD,Standard Room,52.5,0,2021-03-31 22:53:42,2024-07-15 18:56:25
RM-HTL0035-293,HTL0035,293,SUT,Suite Room,250.55,1,2021-04-02 04:51:02,2021-04-02 04:51:02
RM-HTL0035-294,HTL0035,294,STD,Standard Room,61.33,1,2021-04-06 01:05:01,2021-04-06 01:05:01
RM-HTL0035-295,HTL0035,295,DLX,Deluxe Room,124.55,1,2021-03-23 19:27:06,2021-03-23 19:27:06
RM-HTL0035-296,HTL0035,296,EXE,Executive Suite,399.59,0,2021-04-13 10:14:07,2021-04-13 10:14:07
RM-HTL0035-297,HTL0035,297,STD,Standard Room,60.37,1,2021-03-19 22:05:09,2023-07-31 19:26:21
RM-HTL0035-298,HTL0035,298,STD,Standard Room,49.16,1,2021-03-30 03:24:51,2021-05-09 03:31:22
RM-HTL0035-299,HTL0035,299,SUT,Suite Room,252.41,1,2021-03-19 13:41:29,2021-03-19 13:41:29
RM-HTL0035-300,HTL0035,300,EXE,Executive Suite,405.95,1,2021-04-18 03:16:52,2025-11-20 22:06:21
RM-HTL0036-101,HTL0036,101,SUT,Suite Room,264.89,1,2019-10-06 13:21:13,2022-06-30 01:41:16
RM-HTL0036-102,HTL0036,102,SUT,Suite Room,264.35,1,2019-10-17 12:35:11,2019-10-17 12:35:11
RM-HTL0036-103,HTL0036,103,SUT,Suite Room,258.89,1,2019-10-18 02:41:53,2019-10-18 02:41:53
RM-HTL0036-104,HTL0036,104,STD,Standard Room,50.51,1,2019-10-06 17:04:13,2020-02-20 09:40:25
RM-HTL0036-105,HTL0036,105,STD,Standard Room,45.68,1,2019-10-22 10:10:31,2019-10-22 10:10:31
RM-HTL0036-106,HTL0036,106,STD,Standard Room,56.18,1,2019-10-05 22:12:26,2019-10-05 22:12:26
RM-HTL0036-107,HTL0036,107,SUT,Suite Room,250.91,1,2019-09-26 22:01:50,2019-09-26 22:01:50
RM-HTL0036-108,HTL0036,108,STD,Standard Room,57.32,1,2019-10-21 20:12:23,2025-03-09 03:59:45
RM-HTL0036-109,HTL0036,109,SUT,Suite Room,257.19,1,2019-10-24 09:28:21,2020-04-15 00:39:12
RM-HTL0036-110,HTL0036,110,DLX,Deluxe Room,107.81,1,2019-10-25 14:30:33,2022-12-31 10:07:39
RM-HTL0036-111,HTL0036,111,SUT,Suite Room,254.63,1,2019-09-25 19:52:39,2019-09-25 19:52:39
RM-HTL0036-112,HTL0036,112,EXE,Executive Suite,407.86,1,2019-10-24 06:20:16,2025-12-30 10:27:55
RM-HTL0036-113,HTL0036,113,EXE,Executive Suite,414.46,1,2019-10-10 19:53:45,2025-07-31 06:32:40
RM-HTL0036-114,HTL0036,114,SUT,Suite Room,247.26,1,2019-10-10 13:55:13,2019-10-10 13:55:13
RM-HTL0036-115,HTL0036,115,DLX,Deluxe Room,121.12,1,2019-10-04 10:04:28,2024-12-14 01:52:02
RM-HTL0036-116,HTL0036,116,STD,Standard Room,62.13,1,2019-10-24 13:07:17,2021-08-18 22:51:29
RM-HTL0036-117,HTL0036,117,EXE,Executive Suite,414.7,0,2019-10-14 12:16:25,2023-03-28 18:16:25
RM-HTL0036-118,HTL0036,118,SUT,Suite Room,264.6,1,2019-10-11 09:06:34,2020-10-26 21:38:11
RM-HTL0036-119,HTL0036,119,DLX,Deluxe Room,123.45,1,2019-10-15 00:33:06,2019-10-15 00:33:06
RM-HTL0036-120,HTL0036,120,SUT,Suite Room,251.19,1,2019-10-21 21:28:38,2024-09-29 18:32:54
RM-HTL0036-121,HTL0036,121,STD,Standard Room,91.08,1,2019-10-24 03:23:20,2019-10-24 03:23:20
RM-HTL0036-122,HTL0036,122,SUT,Suite Room,253.04,1,2019-09-30 12:09:59,2024-01-12 13:43:56
RM-HTL0036-123,HTL0036,123,SUT,Suite Room,251.47,1,2019-10-10 23:15:07,2020-10-14 05:04:34
RM-HTL0036-124,HTL0036,124,SUT,Suite Room,258.3,1,2019-09-28 19:50:08,2026-02-27 19:53:45
RM-HTL0036-125,HTL0036,125,EXE,Executive Suite,414.34,1,2019-10-20 00:48:01,2025-08-21 18:36:47
RM-HTL0036-126,HTL0036,126,EXE,Executive Suite,395.5,1,2019-10-23 22:08:31,2019-10-23 22:08:31
RM-HTL0036-127,HTL0036,127,STD,Standard Room,55.14,1,2019-10-17 18:32:38,2019-10-17 18:32:38
RM-HTL0036-128,HTL0036,128,STD,Standard Room,53.96,1,2019-10-14 01:21:24,2022-12-15 00:50:25
RM-HTL0036-129,HTL0036,129,STD,Standard Room,56.17,1,2019-10-21 06:52:20,2022-09-01 18:10:49
RM-HTL0036-130,HTL0036,130,DLX,Deluxe Room,113.07,1,2019-09-30 23:17:10,2024-09-07 16:26:23
RM-HTL0036-131,HTL0036,131,DLX,Deluxe Room,107.07,1,2019-10-02 23:12:47,2026-03-10 03:06:05
RM-HTL0036-132,HTL0036,132,SUP,Superior Room,70.24,1,2019-10-25 13:29:17,2021-07-23 19:18:58
RM-HTL0036-133,HTL0036,133,EXE,Executive Suite,412.56,1,2019-10-20 06:52:19,2021-06-16 18:23:53
RM-HTL0036-134,HTL0036,134,STD,Standard Room,62.58,1,2019-10-23 21:08:52,2022-05-10 18:02:27
RM-HTL0036-135,HTL0036,135,SUP,Superior Room,80.5,1,2019-10-25 12:37:39,2021-11-30 05:50:08
RM-HTL0036-136,HTL0036,136,DLX,Deluxe Room,105.53,1,2019-10-04 05:59:37,2024-05-22 09:30:32
RM-HTL0036-137,HTL0036,137,STD,Standard Room,54.97,1,2019-10-09 19:58:30,2021-08-15 16:20:48
RM-HTL0036-138,HTL0036,138,DLX,Deluxe Room,112.4,1,2019-10-23 19:25:49,2019-10-23 19:25:49
RM-HTL0036-139,HTL0036,139,DLX,Deluxe Room,113.05,1,2019-10-13 07:20:59,2019-10-13 07:20:59
RM-HTL0036-140,HTL0036,140,EXE,Executive Suite,401.5,0,2019-09-26 18:14:30,2020-07-14 01:47:15
RM-HTL0036-141,HTL0036,141,EXE,Executive Suite,398.39,1,2019-10-15 14:52:22,2019-10-15 14:52:22
RM-HTL0036-142,HTL0036,142,STD,Standard Room,58.29,1,2019-10-08 16:35:42,2022-10-23 20:07:22
RM-HTL0036-143,HTL0036,143,STD,Standard Room,64.31,0,2019-10-23 02:09:01,2019-10-23 02:09:01
RM-HTL0036-144,HTL0036,144,SUT,Suite Room,259.82,1,2019-10-17 23:14:21,2025-07-05 17:06:59
RM-HTL0036-145,HTL0036,145,DLX,Deluxe Room,119.06,1,2019-10-09 09:03:21,2022-05-20 16:04:34
RM-HTL0036-146,HTL0036,146,STD,Standard Room,60.71,1,2019-09-26 02:39:56,2025-12-05 08:08:07
RM-HTL0036-147,HTL0036,147,STD,Standard Room,56.48,1,2019-10-12 09:25:23,2024-07-10 02:32:16
RM-HTL0036-148,HTL0036,148,SUT,Suite Room,248.2,0,2019-10-13 05:11:33,2025-01-12 01:01:00
RM-HTL0036-149,HTL0036,149,DLX,Deluxe Room,112.24,1,2019-10-08 07:24:01,2020-09-17 10:59:55
RM-HTL0036-150,HTL0036,150,DLX,Deluxe Room,108.35,1,2019-10-08 20:00:22,2026-04-25 06:16:14
RM-HTL0036-151,HTL0036,151,SUP,Superior Room,83.75,1,2019-10-18 12:49:50,2026-03-03 03:04:41
RM-HTL0036-152,HTL0036,152,EXE,Executive Suite,413.68,1,2019-10-23 22:21:31,2019-10-23 22:21:31
RM-HTL0036-153,HTL0036,153,STD,Standard Room,59.4,1,2019-09-30 08:02:35,2022-05-19 22:19:29
RM-HTL0036-154,HTL0036,154,SUT,Suite Room,254.17,1,2019-09-30 20:29:01,2019-09-30 20:29:01
RM-HTL0036-155,HTL0036,155,SUP,Superior Room,82.83,1,2019-09-25 22:24:01,2026-04-01 21:05:17
RM-HTL0036-156,HTL0036,156,SUP,Superior Room,88.22,1,2019-10-23 23:21:46,2019-10-23 23:21:46
RM-HTL0036-157,HTL0036,157,STD,Standard Room,46.66,1,2019-09-26 21:32:11,2025-03-04 23:13:27
RM-HTL0036-158,HTL0036,158,EXE,Executive Suite,398.86,1,2019-10-19 23:58:22,2023-06-23 23:01:32
RM-HTL0036-159,HTL0036,159,SUT,Suite Room,250.52,1,2019-10-07 12:18:49,2022-01-28 10:41:42
RM-HTL0036-160,HTL0036,160,SUT,Suite Room,245.49,1,2019-10-01 11:36:09,2023-03-14 01:45:14
RM-HTL0036-161,HTL0036,161,STD,Standard Room,64.43,1,2019-10-18 22:49:11,2019-10-18 22:49:11
RM-HTL0036-162,HTL0036,162,STD,Standard Room,51.97,1,2019-10-01 15:19:48,2019-10-01 15:19:48
RM-HTL0036-163,HTL0036,163,DLX,Deluxe Room,120.39,1,2019-10-15 05:58:38,2024-03-04 06:57:57
RM-HTL0036-164,HTL0036,164,SUP,Superior Room,82.55,1,2019-10-25 16:54:14,2019-10-25 16:54:14
RM-HTL0036-165,HTL0036,165,SUT,Suite Room,256.69,1,2019-10-20 03:37:07,2019-10-20 03:37:07
RM-HTL0036-166,HTL0036,166,SUT,Suite Room,248.58,1,2019-10-09 16:16:54,2021-05-06 01:50:48
RM-HTL0036-167,HTL0036,167,EXE,Executive Suite,405.68,1,2019-09-30 11:34:03,2021-11-07 18:12:01
RM-HTL0036-168,HTL0036,168,DLX,Deluxe Room,116.42,1,2019-09-30 05:32:21,2022-10-01 03:50:26
RM-HTL0036-169,HTL0036,169,SUP,Superior Room,84.73,1,2019-10-02 04:31:06,2019-10-02 04:31:06
RM-HTL0036-170,HTL0036,170,SUT,Suite Room,248.75,1,2019-10-07 02:21:06,2022-05-14 15:12:12
RM-HTL0036-171,HTL0036,171,STD,Standard Room,53.67,1,2019-09-27 20:50:07,2019-09-27 20:50:07
RM-HTL0036-172,HTL0036,172,STD,Standard Room,45.14,1,2019-10-04 06:39:18,2019-10-04 06:39:18
RM-HTL0036-173,HTL0036,173,STD,Standard Room,57.71,1,2019-10-04 21:50:45,2019-10-04 21:50:45
RM-HTL0036-174,HTL0036,174,EXE,Executive Suite,408.76,1,2019-10-06 13:53:11,2019-10-06 13:53:11
RM-HTL0036-175,HTL0036,175,SUP,Superior Room,84.94,1,2019-09-27 21:57:54,2019-09-27 21:57:54
RM-HTL0036-176,HTL0036,176,EXE,Executive Suite,414.07,1,2019-10-22 11:27:37,2020-09-14 15:04:06
RM-HTL0036-177,HTL0036,177,EXE,Executive Suite,402.65,1,2019-10-11 16:05:38,2019-10-11 16:05:38
RM-HTL0036-178,HTL0036,178,STD,Standard Room,55.11,1,2019-10-04 22:36:05,2019-10-04 22:36:05
RM-HTL0036-179,HTL0036,179,SUT,Suite Room,254.87,1,2019-10-01 09:12:11,2025-12-27 12:32:04
RM-HTL0036-180,HTL0036,180,EXE,Executive Suite,407.4,1,2019-10-17 17:57:13,2021-06-26 03:11:43
RM-HTL0036-181,HTL0036,181,SUT,Suite Room,262.68,1,2019-10-02 16:33:05,2019-10-02 16:33:05
RM-HTL0036-182,HTL0036,182,SUT,Suite Room,252.14,1,2019-10-09 02:42:39,2021-06-11 19:41:21
RM-HTL0036-183,HTL0036,183,STD,Standard Room,46.76,1,2019-10-08 13:09:00,2022-02-08 17:57:01
RM-HTL0036-184,HTL0036,184,DLX,Deluxe Room,124.79,1,2019-10-16 20:13:24,2023-02-12 05:51:15
RM-HTL0036-185,HTL0036,185,SUT,Suite Room,254.94,1,2019-09-25 22:42:04,2019-09-25 22:42:04
RM-HTL0036-186,HTL0036,186,SUT,Suite Room,260.98,1,2019-09-26 10:35:39,2021-03-31 12:43:12
RM-HTL0036-187,HTL0036,187,SUP,Superior Room,74.48,1,2019-10-16 04:28:41,2024-01-08 09:29:37
RM-HTL0036-188,HTL0036,188,EXE,Executive Suite,406.13,1,2019-10-20 05:03:43,2022-08-10 06:48:38
RM-HTL0036-189,HTL0036,189,STD,Standard Room,54.86,1,2019-10-06 06:52:31,2024-07-02 04:42:06
RM-HTL0036-190,HTL0036,190,SUP,Superior Room,79.43,1,2019-10-07 02:16:08,2019-10-07 02:16:08
RM-HTL0036-191,HTL0036,191,SUT,Suite Room,259.42,1,2019-10-14 15:51:20,2019-10-14 15:51:20
RM-HTL0036-192,HTL0036,192,STD,Standard Room,50.66,1,2019-10-04 03:08:09,2020-08-29 22:18:14
RM-HTL0036-193,HTL0036,193,DLX,Deluxe Room,123.8,1,2019-10-20 12:51:46,2019-10-20 12:51:46
RM-HTL0036-194,HTL0036,194,STD,Standard Room,64.03,1,2019-10-22 09:34:10,2024-04-13 22:14:24
RM-HTL0036-195,HTL0036,195,EXE,Executive Suite,413.27,1,2019-10-13 09:17:19,2024-01-26 20:13:54
RM-HTL0036-196,HTL0036,196,SUP,Superior Room,75.72,0,2019-10-01 21:06:11,2025-05-20 05:53:10
RM-HTL0036-197,HTL0036,197,DLX,Deluxe Room,121.09,1,2019-10-07 14:47:19,2019-10-07 14:47:19
RM-HTL0036-198,HTL0036,198,DLX,Deluxe Room,123.8,1,2019-10-03 02:51:08,2021-11-11 05:45:28
RM-HTL0036-199,HTL0036,199,SUP,Superior Room,85.36,1,2019-10-22 07:14:46,2024-08-11 02:34:58
RM-HTL0036-200,HTL0036,200,EXE,Executive Suite,406.34,1,2019-10-09 03:52:37,2022-05-29 12:43:34
RM-HTL0036-201,HTL0036,201,STD,Standard Room,46.93,1,2019-10-03 23:45:17,2024-02-04 15:59:15
RM-HTL0036-202,HTL0036,202,SUP,Superior Room,72.27,1,2019-10-16 10:37:06,2019-10-16 10:37:06
RM-HTL0036-203,HTL0036,203,SUT,Suite Room,260.23,1,2019-10-17 20:30:23,2022-01-12 18:46:20
RM-HTL0036-204,HTL0036,204,STD,Standard Room,62.89,1,2019-10-21 21:48:16,2020-01-27 01:48:16
RM-HTL0036-205,HTL0036,205,SUT,Suite Room,264.97,1,2019-10-20 04:12:51,2025-11-13 12:37:36
RM-HTL0036-206,HTL0036,206,STD,Standard Room,59.31,1,2019-10-01 11:30:10,2019-10-01 11:30:10
RM-HTL0036-207,HTL0036,207,STD,Standard Room,53.38,1,2019-10-05 08:40:23,2023-06-16 08:50:25
RM-HTL0036-208,HTL0036,208,STD,Standard Room,59.68,1,2019-09-26 21:41:57,2024-11-30 07:54:02
RM-HTL0036-209,HTL0036,209,SUP,Superior Room,81.9,1,2019-10-20 06:53:55,2019-10-20 06:53:55
RM-HTL0036-210,HTL0036,210,STD,Standard Room,54.26,1,2019-10-20 00:47:48,2019-10-26 17:05:36
RM-HTL0036-211,HTL0036,211,DLX,Deluxe Room,112.68,1,2019-10-22 08:48:16,2023-12-07 06:42:07
RM-HTL0036-212,HTL0036,212,STD,Standard Room,51.14,1,2019-10-07 06:39:03,2020-01-05 23:26:01
RM-HTL0036-213,HTL0036,213,DLX,Deluxe Room,119.12,1,2019-10-19 19:15:50,2019-12-20 06:01:51
RM-HTL0036-214,HTL0036,214,SUP,Superior Room,70.76,1,2019-10-17 12:29:03,2019-10-17 12:29:03
RM-HTL0036-215,HTL0036,215,STD,Standard Room,62.73,1,2019-10-04 04:04:05,2019-10-04 04:04:05
RM-HTL0036-216,HTL0036,216,EXE,Executive Suite,404.23,1,2019-10-15 18:15:08,2019-10-15 18:15:08
RM-HTL0036-217,HTL0036,217,DLX,Deluxe Room,113.05,1,2019-09-28 11:13:17,2019-09-28 11:13:17
RM-HTL0036-218,HTL0036,218,STD,Standard Room,60.71,1,2019-10-05 00:48:17,2024-07-03 20:44:34
RM-HTL0036-219,HTL0036,219,SUP,Superior Room,81.95,1,2019-10-06 06:56:56,2023-05-26 19:26:39
RM-HTL0036-220,HTL0036,220,SUT,Suite Room,249.5,1,2019-10-12 09:34:09,2024-10-31 19:17:43
RM-HTL0036-221,HTL0036,221,SUT,Suite Room,260.12,1,2019-10-19 04:34:03,2023-07-18 05:04:53
RM-HTL0036-222,HTL0036,222,SUP,Superior Room,86.92,1,2019-10-18 08:09:12,2026-04-16 23:30:34
RM-HTL0036-223,HTL0036,223,EXE,Executive Suite,400.72,1,2019-10-12 08:12:22,2022-08-11 20:12:58
RM-HTL0036-224,HTL0036,224,SUP,Superior Room,75.81,1,2019-09-27 01:00:31,2019-09-27 01:00:31
RM-HTL0036-225,HTL0036,225,STD,Standard Room,48.74,1,2019-09-30 13:41:39,2025-05-22 16:42:54
RM-HTL0036-226,HTL0036,226,SUP,Superior Room,80.03,1,2019-10-17 20:16:00,2022-08-04 03:27:14
RM-HTL0036-227,HTL0036,227,SUP,Superior Room,76.87,1,2019-10-19 12:50:41,2019-10-19 12:50:41
RM-HTL0036-228,HTL0036,228,EXE,Executive Suite,412.28,1,2019-10-06 17:23:11,2024-06-15 07:15:10
RM-HTL0036-229,HTL0036,229,DLX,Deluxe Room,122.4,1,2019-10-25 20:26:39,2021-08-27 19:02:55
RM-HTL0036-230,HTL0036,230,STD,Standard Room,63.85,0,2019-10-08 00:31:21,2019-10-08 00:31:21
RM-HTL0036-231,HTL0036,231,DLX,Deluxe Room,105.04,1,2019-10-21 02:00:57,2022-02-20 03:14:14
RM-HTL0036-232,HTL0036,232,DLX,Deluxe Room,106.68,1,2019-10-14 09:29:32,2022-12-23 15:16:38
RM-HTL0036-233,HTL0036,233,STD,Standard Room,59.65,1,2019-10-04 13:15:54,2023-10-13 16:34:56
RM-HTL0036-234,HTL0036,234,DLX,Deluxe Room,108.55,1,2019-10-23 03:16:29,2019-10-23 03:16:29
RM-HTL0036-235,HTL0036,235,STD,Standard Room,54.22,1,2019-10-11 01:18:02,2021-01-25 08:06:14
RM-HTL0036-236,HTL0036,236,STD,Standard Room,60.86,1,2019-10-17 11:07:52,2025-05-27 18:22:56
RM-HTL0036-237,HTL0036,237,STD,Standard Room,53.97,1,2019-10-21 01:34:03,2019-10-21 01:34:03
RM-HTL0036-238,HTL0036,238,DLX,Deluxe Room,109.24,1,2019-10-14 07:14:44,2023-06-15 14:14:52
RM-HTL0036-239,HTL0036,239,STD,Standard Room,55.43,1,2019-10-14 17:28:59,2020-08-05 20:04:44
RM-HTL0036-240,HTL0036,240,EXE,Executive Suite,404.29,1,2019-09-30 02:19:26,2022-09-30 03:23:22
RM-HTL0036-241,HTL0036,241,SUP,Superior Room,80.26,1,2019-10-16 17:56:04,2020-02-14 05:08:28
RM-HTL0036-242,HTL0036,242,SUP,Superior Room,84.91,1,2019-10-01 16:47:20,2024-11-23 03:58:45
RM-HTL0036-243,HTL0036,243,STD,Standard Room,60.9,1,2019-09-26 15:09:23,2019-09-26 15:09:23
RM-HTL0036-244,HTL0036,244,EXE,Executive Suite,402.56,1,2019-10-01 16:40:30,2019-10-01 16:40:30
RM-HTL0036-245,HTL0036,245,EXE,Executive Suite,398.17,1,2019-10-12 15:52:08,2025-04-10 14:08:32
RM-HTL0036-246,HTL0036,246,STD,Standard Room,61.47,1,2019-10-12 00:24:48,2020-09-11 06:44:39
RM-HTL0036-247,HTL0036,247,STD,Standard Room,48.98,1,2019-10-16 07:49:30,2025-10-05 03:35:35
RM-HTL0036-248,HTL0036,248,SUT,Suite Room,257.27,1,2019-10-24 09:22:37,2024-04-12 13:46:51
RM-HTL0036-249,HTL0036,249,SUT,Suite Room,245.13,1,2019-10-18 10:43:05,2019-10-18 10:43:05
RM-HTL0036-250,HTL0036,250,STD,Standard Room,46.35,1,2019-09-28 16:26:56,2019-09-28 16:26:56
RM-HTL0036-251,HTL0036,251,STD,Standard Room,56.96,1,2019-10-16 00:54:53,2022-09-14 08:06:48
RM-HTL0036-252,HTL0036,252,SUT,Suite Room,264.34,1,2019-10-18 02:30:33,2019-10-18 02:30:33
RM-HTL0036-253,HTL0036,253,SUP,Superior Room,87.16,1,2019-10-21 23:25:45,2019-10-21 23:25:45
RM-HTL0036-254,HTL0036,254,DLX,Deluxe Room,117.53,1,2019-10-02 20:06:56,2023-09-11 14:47:09
RM-HTL0036-255,HTL0036,255,DLX,Deluxe Room,113.3,1,2019-10-03 18:18:18,2019-10-03 18:18:18
RM-HTL0036-256,HTL0036,256,STD,Standard Room,62.52,1,2019-09-26 04:19:03,2024-07-10 22:12:15
RM-HTL0036-257,HTL0036,257,EXE,Executive Suite,396.81,1,2019-10-14 21:30:42,2025-11-21 11:45:31
RM-HTL0036-258,HTL0036,258,SUT,Suite Room,262.13,1,2019-10-06 08:41:22,2019-10-06 08:41:22
RM-HTL0036-259,HTL0036,259,SUT,Suite Room,264.1,1,2019-10-21 10:09:01,2019-10-21 10:09:01
RM-HTL0036-260,HTL0036,260,DLX,Deluxe Room,117.39,1,2019-10-20 11:32:05,2019-10-20 11:32:05
RM-HTL0036-261,HTL0036,261,SUP,Superior Room,80.88,1,2019-10-18 04:04:45,2025-01-14 20:53:24
RM-HTL0036-262,HTL0036,262,EXE,Executive Suite,411.39,1,2019-10-10 12:15:27,2024-07-29 18:40:06
RM-HTL0036-263,HTL0036,263,SUT,Suite Room,252.34,1,2019-09-29 01:41:18,2025-09-07 08:48:35
RM-HTL0036-264,HTL0036,264,EXE,Executive Suite,407.1,1,2019-10-23 11:32:20,2023-03-05 00:38:57
RM-HTL0036-265,HTL0036,265,SUT,Suite Room,251.34,1,2019-10-11 15:10:27,2019-10-11 15:10:27
RM-HTL0036-266,HTL0036,266,DLX,Deluxe Room,111.53,1,2019-10-14 13:50:42,2022-12-14 21:57:34
RM-HTL0036-267,HTL0036,267,SUT,Suite Room,257.14,1,2019-10-17 11:49:38,2021-08-06 17:14:02
RM-HTL0036-268,HTL0036,268,SUT,Suite Room,259.5,1,2019-10-22 07:41:17,2021-10-03 18:39:53
RM-HTL0036-269,HTL0036,269,EXE,Executive Suite,413.68,1,2019-10-05 10:23:45,2022-06-13 21:50:41
RM-HTL0036-270,HTL0036,270,SUP,Superior Room,84.31,1,2019-09-25 13:26:16,2019-10-09 18:32:18
RM-HTL0036-271,HTL0036,271,STD,Standard Room,61.74,1,2019-10-25 22:02:28,2025-01-28 22:38:51
RM-HTL0036-272,HTL0036,272,SUP,Superior Room,80.02,1,2019-10-06 12:31:08,2025-10-13 09:41:26
RM-HTL0036-273,HTL0036,273,SUP,Superior Room,74.74,1,2019-10-25 03:28:29,2024-03-05 11:08:12
RM-HTL0036-274,HTL0036,274,SUT,Suite Room,261.48,1,2019-10-14 11:38:25,2022-10-16 17:58:19
RM-HTL0036-275,HTL0036,275,SUP,Superior Room,74.77,1,2019-10-22 04:02:09,2019-10-22 04:02:09
RM-HTL0036-276,HTL0036,276,DLX,Deluxe Room,110.65,1,2019-09-30 05:49:01,2023-03-05 20:30:38
RM-HTL0036-277,HTL0036,277,SUP,Superior Room,75.99,1,2019-10-02 00:37:43,2019-10-02 00:37:43
RM-HTL0036-278,HTL0036,278,STD,Standard Room,48.43,1,2019-09-26 10:13:30,2022-01-23 00:43:09
RM-HTL0036-279,HTL0036,279,SUT,Suite Room,250.96,0,2019-09-26 20:32:37,2019-09-26 20:32:37
RM-HTL0036-280,HTL0036,280,DLX,Deluxe Room,123.8,1,2019-10-15 19:59:11,2022-05-23 21:30:42
RM-HTL0036-281,HTL0036,281,SUT,Suite Room,248.75,1,2019-10-06 13:42:07,2022-08-25 21:38:49
RM-HTL0036-282,HTL0036,282,DLX,Deluxe Room,107.67,1,2019-10-17 23:44:30,2021-07-10 23:49:16
RM-HTL0036-283,HTL0036,283,DLX,Deluxe Room,123.23,1,2019-10-21 10:13:37,2025-06-04 12:16:32
RM-HTL0036-284,HTL0036,284,SUT,Suite Room,255.83,1,2019-10-24 07:12:11,2022-02-26 07:39:29
RM-HTL0036-285,HTL0036,285,STD,Standard Room,50.25,1,2019-10-18 03:31:26,2019-10-18 03:31:26
RM-HTL0036-286,HTL0036,286,SUP,Superior Room,81.86,1,2019-10-21 20:21:47,2019-10-21 20:21:47
RM-HTL0036-287,HTL0036,287,EXE,Executive Suite,402.29,1,2019-10-01 11:37:23,2020-01-07 14:56:14
RM-HTL0036-288,HTL0036,288,DLX,Deluxe Room,121.06,1,2019-09-26 15:24:18,2024-04-22 02:37:32
RM-HTL0036-289,HTL0036,289,EXE,Executive Suite,410.32,1,2019-10-20 21:15:20,2019-10-20 21:15:20
RM-HTL0036-290,HTL0036,290,DLX,Deluxe Room,107.2,1,2019-10-08 10:17:44,2019-10-08 10:17:44
RM-HTL0036-291,HTL0036,291,EXE,Executive Suite,395.59,1,2019-10-21 03:54:23,2024-03-20 10:55:43
RM-HTL0036-292,HTL0036,292,DLX,Deluxe Room,124.18,1,2019-09-28 11:05:40,2021-03-29 06:24:29
RM-HTL0036-293,HTL0036,293,STD,Standard Room,59.95,1,2019-09-26 08:49:39,2019-11-22 11:01:35
RM-HTL0036-294,HTL0036,294,EXE,Executive Suite,403.46,1,2019-10-22 08:01:30,2019-10-22 08:01:30
RM-HTL0036-295,HTL0036,295,SUP,Superior Room,83.35,1,2019-10-20 04:39:38,2022-04-20 09:56:04
RM-HTL0036-296,HTL0036,296,EXE,Executive Suite,402.59,1,2019-10-11 13:56:49,2019-10-11 13:56:49
RM-HTL0036-297,HTL0036,297,SUT,Suite Room,252.01,1,2019-09-27 20:10:49,2023-08-05 19:10:05
RM-HTL0036-298,HTL0036,298,STD,Standard Room,47.58,1,2019-10-24 00:36:38,2021-04-20 16:51:35
RM-HTL0036-299,HTL0036,299,EXE,Executive Suite,408.06,1,2019-09-28 16:59:06,2021-12-06 17:33:36
RM-HTL0036-300,HTL0036,300,DLX,Deluxe Room,106.95,1,2019-10-24 21:19:18,2019-10-24 21:19:18
RM-HTL0036-301,HTL0036,301,EXE,Executive Suite,397.77,1,2019-10-19 06:38:33,2024-09-05 06:25:59
RM-HTL0036-302,HTL0036,302,EXE,Executive Suite,395.21,1,2019-10-07 19:59:03,2019-10-07 19:59:03
RM-HTL0036-303,HTL0036,303,SUP,Superior Room,78.53,1,2019-10-11 19:18:09,2024-06-21 18:23:15
RM-HTL0036-304,HTL0036,304,SUP,Superior Room,81.06,1,2019-09-29 04:20:32,2022-04-14 10:11:31
RM-HTL0036-305,HTL0036,305,SUT,Suite Room,262.19,1,2019-10-25 19:16:43,2019-10-25 19:16:43
RM-HTL0036-306,HTL0036,306,STD,Standard Room,47.08,1,2019-09-29 01:28:24,2025-07-28 05:46:52
RM-HTL0036-307,HTL0036,307,SUP,Superior Room,74.23,1,2019-10-22 06:14:36,2025-08-15 16:05:42
RM-HTL0036-308,HTL0036,308,EXE,Executive Suite,409.05,1,2019-10-16 23:19:28,2024-03-15 22:00:57
RM-HTL0036-309,HTL0036,309,DLX,Deluxe Room,122.77,1,2019-10-17 00:53:42,2023-12-09 21:36:06
RM-HTL0036-310,HTL0036,310,STD,Standard Room,53.42,1,2019-10-15 00:55:09,2025-03-20 01:11:47
RM-HTL0036-311,HTL0036,311,SUT,Suite Room,246.72,1,2019-10-08 10:30:29,2019-11-27 16:21:40
RM-HTL0036-312,HTL0036,312,EXE,Executive Suite,411.34,0,2019-09-26 15:15:35,2025-03-22 02:13:07
RM-HTL0036-313,HTL0036,313,SUP,Superior Room,123.1,1,2019-10-12 14:19:23,2022-12-30 16:46:05
RM-HTL0036-314,HTL0036,314,EXE,Executive Suite,411.7,1,2019-09-27 23:00:25,2021-07-20 23:17:17
RM-HTL0036-315,HTL0036,315,SUP,Superior Room,81.22,1,2019-09-30 16:00:03,2023-05-25 21:58:27
RM-HTL0036-316,HTL0036,316,EXE,Executive Suite,408.33,1,2019-10-11 05:16:58,2024-07-25 15:10:46
RM-HTL0036-317,HTL0036,317,EXE,Executive Suite,397.79,1,2019-10-15 17:33:23,2024-12-03 19:25:18
RM-HTL0036-318,HTL0036,318,STD,Standard Room,57.19,1,2019-09-25 02:18:15,2021-12-02 10:38:20
RM-HTL0036-319,HTL0036,319,DLX,Deluxe Room,120.5,1,2019-10-17 13:26:02,2019-10-17 13:26:02
RM-HTL0036-320,HTL0036,320,STD,Standard Room,51.92,1,2019-09-29 11:47:07,2025-03-13 18:51:59
RM-HTL0036-321,HTL0036,321,DLX,Deluxe Room,122.36,1,2019-10-05 01:06:54,2020-10-21 18:27:09
RM-HTL0036-322,HTL0036,322,STD,Standard Room,49.63,1,2019-10-21 09:14:06,2021-07-10 19:23:19
RM-HTL0036-323,HTL0036,323,EXE,Executive Suite,411.53,1,2019-09-25 16:48:42,2019-09-25 16:48:42
RM-HTL0036-324,HTL0036,324,SUT,Suite Room,250.03,1,2019-10-08 09:09:07,2024-11-10 07:07:31
RM-HTL0036-325,HTL0036,325,SUP,Superior Room,81.83,1,2019-09-28 07:16:45,2025-12-11 00:00:21
RM-HTL0036-326,HTL0036,326,STD,Standard Room,45.18,1,2019-10-05 03:58:40,2023-01-17 18:37:09
RM-HTL0036-327,HTL0036,327,DLX,Deluxe Room,109.23,1,2019-10-06 15:02:44,2019-10-06 15:02:44
RM-HTL0036-328,HTL0036,328,SUP,Superior Room,89.35,1,2019-10-13 18:39:22,2020-04-29 18:26:27
RM-HTL0036-329,HTL0036,329,STD,Standard Room,63.74,1,2019-10-05 19:22:39,2022-08-11 16:48:10
RM-HTL0036-330,HTL0036,330,SUP,Superior Room,74.29,1,2019-10-24 09:55:46,2020-12-11 07:34:25
RM-HTL0036-331,HTL0036,331,SUP,Superior Room,86.63,1,2019-09-27 07:08:02,2024-05-17 08:57:52
RM-HTL0036-332,HTL0036,332,EXE,Executive Suite,407.73,1,2019-10-14 22:41:32,2019-10-14 22:41:32
RM-HTL0036-333,HTL0036,333,SUT,Suite Room,251.31,1,2019-10-24 07:15:51,2021-06-09 23:14:58
RM-HTL0036-334,HTL0036,334,EXE,Executive Suite,405.67,1,2019-10-15 06:43:11,2019-12-08 20:11:46
RM-HTL0036-335,HTL0036,335,SUT,Suite Room,253.92,1,2019-10-03 13:50:59,2021-08-11 22:06:56
RM-HTL0036-336,HTL0036,336,DLX,Deluxe Room,114.95,1,2019-10-09 08:25:28,2020-09-11 02:47:53
RM-HTL0036-337,HTL0036,337,STD,Standard Room,53.9,1,2019-10-10 16:12:45,2019-11-25 02:17:39
RM-HTL0036-338,HTL0036,338,STD,Standard Room,45.35,1,2019-10-14 11:17:54,2022-05-24 22:22:37
RM-HTL0036-339,HTL0036,339,DLX,Deluxe Room,106.21,1,2019-09-28 15:38:47,2024-09-18 22:29:19
RM-HTL0036-340,HTL0036,340,DLX,Deluxe Room,115.59,1,2019-10-23 23:14:02,2020-05-05 16:09:11
RM-HTL0036-341,HTL0036,341,DLX,Deluxe Room,122.92,1,2019-09-28 08:22:26,2023-11-18 17:09:30
RM-HTL0036-342,HTL0036,342,SUT,Suite Room,263.12,1,2019-09-25 22:41:34,2019-09-25 22:41:34
RM-HTL0036-343,HTL0036,343,SUT,Suite Room,256.35,1,2019-10-08 21:45:50,2019-10-08 21:45:50
RM-HTL0036-344,HTL0036,344,SUP,Superior Room,85.83,1,2019-10-12 02:56:37,2019-10-12 02:56:37
RM-HTL0036-345,HTL0036,345,EXE,Executive Suite,395.23,1,2019-09-26 11:53:45,2025-10-08 22:53:25
RM-HTL0036-346,HTL0036,346,DLX,Deluxe Room,114.31,1,2019-09-26 09:44:24,2021-10-15 14:25:40
RM-HTL0036-347,HTL0036,347,SUP,Superior Room,88.36,1,2019-10-20 04:50:30,2021-05-25 17:17:13
RM-HTL0036-348,HTL0036,348,EXE,Executive Suite,406.12,1,2019-09-27 19:16:32,2022-10-20 05:29:55
RM-HTL0036-349,HTL0036,349,DLX,Deluxe Room,105.69,1,2019-10-14 07:54:12,2022-02-25 11:39:56
RM-HTL0036-350,HTL0036,350,SUP,Superior Room,82.61,1,2019-10-15 00:52:09,2022-11-30 16:35:50
RM-HTL0036-351,HTL0036,351,DLX,Deluxe Room,122.6,1,2019-10-21 19:58:06,2022-07-08 12:04:11
RM-HTL0036-352,HTL0036,352,SUP,Superior Room,124.15,1,2019-10-14 10:41:34,2022-03-10 06:01:31
RM-HTL0036-353,HTL0036,353,DLX,Deluxe Room,115.54,1,2019-10-06 14:23:23,2019-10-06 14:23:23
RM-HTL0036-354,HTL0036,354,DLX,Deluxe Room,106.97,1,2019-09-28 23:02:00,2025-06-24 22:08:56
RM-HTL0036-355,HTL0036,355,EXE,Executive Suite,397.58,1,2019-10-10 18:17:20,2019-10-10 18:17:20
RM-HTL0036-356,HTL0036,356,EXE,Executive Suite,404.02,1,2019-10-16 23:15:48,2023-05-23 04:10:52
RM-HTL0036-357,HTL0036,357,STD,Standard Room,57.39,1,2019-10-12 08:59:57,2021-07-12 21:24:56
RM-HTL0036-358,HTL0036,358,SUT,Suite Room,263.98,1,2019-10-06 16:51:40,2019-10-06 16:51:40
RM-HTL0036-359,HTL0036,359,EXE,Executive Suite,403.31,1,2019-10-22 09:26:13,2023-10-14 06:05:12
RM-HTL0036-360,HTL0036,360,SUT,Suite Room,256.59,1,2019-10-23 22:39:57,2019-10-23 22:39:57
RM-HTL0036-361,HTL0036,361,EXE,Executive Suite,406.01,1,2019-10-11 07:01:07,2021-08-22 11:04:46
RM-HTL0036-362,HTL0036,362,SUP,Superior Room,74.15,1,2019-10-13 05:25:42,2023-05-13 23:52:26
RM-HTL0036-363,HTL0036,363,DLX,Deluxe Room,110.68,1,2019-10-24 16:51:09,2021-08-21 16:25:46
RM-HTL0036-364,HTL0036,364,DLX,Deluxe Room,122.04,1,2019-10-16 21:12:14,2024-03-30 14:17:13
RM-HTL0036-365,HTL0036,365,SUP,Superior Room,118.69,1,2019-10-19 09:55:19,2025-02-18 12:23:24
RM-HTL0036-366,HTL0036,366,STD,Standard Room,55.35,1,2019-10-20 10:03:31,2019-10-20 10:03:31
RM-HTL0036-367,HTL0036,367,SUP,Superior Room,74.83,1,2019-09-26 15:05:45,2023-01-12 00:58:08
RM-HTL0036-368,HTL0036,368,EXE,Executive Suite,402.31,1,2019-10-07 11:27:07,2024-07-31 00:01:54
RM-HTL0036-369,HTL0036,369,DLX,Deluxe Room,115.09,1,2019-10-20 21:57:07,2025-07-20 09:37:03
RM-HTL0036-370,HTL0036,370,SUP,Superior Room,75.14,1,2019-10-14 06:41:22,2019-10-14 06:41:22
RM-HTL0036-371,HTL0036,371,DLX,Deluxe Room,111.48,1,2019-10-22 02:32:38,2025-10-16 10:12:47
RM-HTL0036-372,HTL0036,372,DLX,Deluxe Room,124.71,0,2019-09-26 10:17:23,2019-09-26 10:17:23
RM-HTL0036-373,HTL0036,373,SUP,Superior Room,73.38,1,2019-09-29 12:17:32,2019-10-17 02:16:05
RM-HTL0036-374,HTL0036,374,SUP,Superior Room,76.35,1,2019-10-08 18:18:13,2024-12-22 06:48:41
RM-HTL0036-375,HTL0036,375,STD,Standard Room,64.74,1,2019-10-08 09:18:05,2023-11-18 08:20:56
RM-HTL0036-376,HTL0036,376,SUT,Suite Room,258.83,1,2019-10-08 04:37:27,2019-10-08 04:37:27
RM-HTL0036-377,HTL0036,377,STD,Standard Room,60.6,1,2019-10-19 19:41:26,2022-01-01 03:26:30
RM-HTL0036-378,HTL0036,378,STD,Standard Room,58.34,1,2019-09-30 14:27:12,2020-11-17 12:42:43
RM-HTL0036-379,HTL0036,379,DLX,Deluxe Room,106.13,1,2019-09-30 12:44:23,2022-12-03 06:35:07
RM-HTL0036-380,HTL0036,380,DLX,Deluxe Room,109.4,1,2019-10-20 08:44:12,2026-02-02 11:31:53
RM-HTL0036-381,HTL0036,381,STD,Standard Room,45.24,1,2019-10-23 18:41:08,2025-03-24 13:25:43
RM-HTL0036-382,HTL0036,382,DLX,Deluxe Room,151.93,1,2019-09-28 08:59:52,2022-06-02 02:12:39
RM-HTL0036-383,HTL0036,383,STD,Standard Room,50.48,1,2019-10-04 03:49:00,2024-07-07 12:07:37
RM-HTL0036-384,HTL0036,384,STD,Standard Room,45.75,0,2019-10-03 12:56:21,2026-02-17 22:33:46
RM-HTL0036-385,HTL0036,385,EXE,Executive Suite,396.73,1,2019-10-01 10:42:56,2020-03-14 04:20:46
RM-HTL0036-386,HTL0036,386,SUP,Superior Room,70.94,1,2019-10-20 04:03:14,2021-07-12 05:32:40
RM-HTL0036-387,HTL0036,387,STD,Standard Room,48.59,1,2019-09-28 06:32:00,2019-09-28 06:32:00
RM-HTL0036-388,HTL0036,388,SUT,Suite Room,247.13,1,2019-09-27 04:14:24,2021-07-04 05:09:28
RM-HTL0036-389,HTL0036,389,DLX,Deluxe Room,121.97,1,2019-10-09 07:42:32,2019-10-09 07:42:32
RM-HTL0036-390,HTL0036,390,STD,Standard Room,61.45,1,2019-10-22 14:36:27,2021-10-21 13:59:40
RM-HTL0036-391,HTL0036,391,STD,Standard Room,59.37,1,2019-10-11 17:00:04,2019-10-28 00:06:56
RM-HTL0036-392,HTL0036,392,DLX,Deluxe Room,122.87,1,2019-09-25 02:57:13,2019-09-25 02:57:13
RM-HTL0036-393,HTL0036,393,STD,Standard Room,58.39,1,2019-10-24 13:29:00,2019-11-29 09:13:26
RM-HTL0036-394,HTL0036,394,STD,Standard Room,51.66,1,2019-10-23 22:27:36,2025-12-08 21:59:08
RM-HTL0036-395,HTL0036,395,DLX,Deluxe Room,112.45,1,2019-10-11 10:36:17,2024-07-15 15:11:02
RM-HTL0036-396,HTL0036,396,EXE,Executive Suite,403.57,1,2019-10-04 00:53:45,2023-01-28 05:50:07
RM-HTL0036-397,HTL0036,397,EXE,Executive Suite,400.37,1,2019-09-28 14:34:25,2025-03-19 06:15:25
RM-HTL0036-398,HTL0036,398,STD,Standard Room,58.55,1,2019-10-24 18:25:39,2020-08-30 13:04:32
RM-HTL0036-399,HTL0036,399,EXE,Executive Suite,414.61,1,2019-10-09 13:43:47,2025-01-13 12:40:51
RM-HTL0036-400,HTL0036,400,DLX,Deluxe Room,112.89,1,2019-10-01 15:33:31,2019-10-03 04:37:43
RM-HTL0036-401,HTL0036,401,STD,Standard Room,64.5,1,2019-09-25 02:41:01,2025-11-01 01:55:08
RM-HTL0036-402,HTL0036,402,DLX,Deluxe Room,118.27,1,2019-10-16 15:29:31,2019-10-16 15:29:31
RM-HTL0036-403,HTL0036,403,EXE,Executive Suite,405.45,1,2019-10-20 20:51:20,2022-10-27 19:08:11
RM-HTL0036-404,HTL0036,404,EXE,Executive Suite,409.37,1,2019-10-17 17:22:53,2022-01-02 14:13:00
RM-HTL0036-405,HTL0036,405,DLX,Deluxe Room,114.16,1,2019-10-14 16:00:37,2023-05-06 14:46:41
RM-HTL0036-406,HTL0036,406,SUP,Superior Room,72.79,1,2019-10-20 08:39:20,2020-11-20 09:47:40
RM-HTL0036-407,HTL0036,407,STD,Standard Room,55.85,1,2019-10-13 13:47:55,2019-10-13 13:47:55
RM-HTL0036-408,HTL0036,408,DLX,Deluxe Room,123.04,1,2019-09-28 15:58:36,2023-07-15 11:59:39
RM-HTL0036-409,HTL0036,409,EXE,Executive Suite,408.58,1,2019-10-09 11:06:23,2019-10-25 00:11:47
RM-HTL0036-410,HTL0036,410,SUT,Suite Room,259.15,1,2019-09-27 01:39:01,2023-12-07 09:41:47
RM-HTL0036-411,HTL0036,411,SUP,Superior Room,88.24,1,2019-10-24 02:16:31,2019-10-24 02:16:31
RM-HTL0036-412,HTL0036,412,DLX,Deluxe Room,111.8,1,2019-10-17 10:44:21,2022-01-25 14:30:31
RM-HTL0036-413,HTL0036,413,SUP,Superior Room,79.62,1,2019-10-12 21:57:57,2023-09-10 16:09:00
RM-HTL0036-414,HTL0036,414,STD,Standard Room,52.01,1,2019-10-20 05:30:58,2025-04-22 17:34:14
RM-HTL0036-415,HTL0036,415,STD,Standard Room,51.26,1,2019-09-27 06:48:24,2022-06-22 17:02:15
RM-HTL0036-416,HTL0036,416,DLX,Deluxe Room,113.13,1,2019-10-06 12:30:26,2025-02-14 13:07:16
RM-HTL0036-417,HTL0036,417,SUP,Superior Room,82.12,0,2019-10-17 05:30:06,2019-10-17 05:30:06
RM-HTL0036-418,HTL0036,418,SUP,Superior Room,81.22,1,2019-10-05 21:42:35,2026-03-26 00:51:54
RM-HTL0036-419,HTL0036,419,EXE,Executive Suite,410.22,1,2019-10-05 16:38:47,2019-10-05 16:38:47
RM-HTL0036-420,HTL0036,420,STD,Standard Room,61.77,1,2019-10-15 08:37:59,2019-10-15 08:37:59
RM-HTL0036-421,HTL0036,421,EXE,Executive Suite,395.24,1,2019-10-17 06:44:10,2020-04-09 00:15:15
RM-HTL0036-422,HTL0036,422,STD,Standard Room,49.75,1,2019-10-13 23:58:26,2019-10-13 23:58:26
RM-HTL0036-423,HTL0036,423,DLX,Deluxe Room,116.9,1,2019-10-11 20:56:33,2019-10-11 20:56:33
RM-HTL0036-424,HTL0036,424,STD,Standard Room,49.09,1,2019-10-23 22:15:00,2022-06-20 15:07:19
RM-HTL0036-425,HTL0036,425,EXE,Executive Suite,407.25,1,2019-10-16 21:37:52,2023-03-27 22:36:26
RM-HTL0036-426,HTL0036,426,EXE,Executive Suite,396.79,1,2019-10-19 10:14:06,2019-10-19 10:14:06
RM-HTL0036-427,HTL0036,427,STD,Standard Room,64.37,1,2019-10-22 04:23:51,2019-10-22 04:23:51
RM-HTL0036-428,HTL0036,428,DLX,Deluxe Room,119.67,1,2019-10-22 07:01:39,2019-10-22 07:01:39
RM-HTL0036-429,HTL0036,429,SUP,Superior Room,89.16,1,2019-10-18 15:32:39,2021-01-24 06:43:25
RM-HTL0036-430,HTL0036,430,EXE,Executive Suite,397.08,1,2019-10-09 14:40:00,2026-04-02 09:36:57
RM-HTL0036-431,HTL0036,431,STD,Standard Room,49.4,1,2019-10-10 23:20:27,2024-05-18 20:31:05
RM-HTL0036-432,HTL0036,432,SUT,Suite Room,257.2,1,2019-09-27 11:29:16,2022-01-10 01:51:26
RM-HTL0036-433,HTL0036,433,SUT,Suite Room,251.7,1,2019-10-15 23:47:38,2019-10-15 23:47:38
RM-HTL0036-434,HTL0036,434,STD,Standard Room,50.74,1,2019-10-17 11:04:59,2019-10-17 11:04:59
RM-HTL0036-435,HTL0036,435,STD,Standard Room,61.58,1,2019-10-05 16:54:19,2022-08-13 10:06:12
RM-HTL0036-436,HTL0036,436,DLX,Deluxe Room,121.21,1,2019-10-20 22:40:33,2019-10-20 22:40:33
RM-HTL0036-437,HTL0036,437,DLX,Deluxe Room,121.35,1,2019-10-21 22:06:09,2021-07-13 18:11:09
RM-HTL0036-438,HTL0036,438,SUT,Suite Room,258.13,1,2019-10-11 05:07:39,2022-02-08 12:40:28
RM-HTL0036-439,HTL0036,439,DLX,Deluxe Room,108.77,1,2019-10-23 17:11:38,2020-07-17 15:52:05
RM-HTL0036-440,HTL0036,440,DLX,Deluxe Room,116.49,1,2019-10-13 20:56:51,2025-05-19 21:12:24
RM-HTL0036-441,HTL0036,441,EXE,Executive Suite,398.05,1,2019-10-09 05:32:25,2026-02-26 10:30:04
RM-HTL0036-442,HTL0036,442,EXE,Executive Suite,400.66,1,2019-10-15 23:22:23,2019-11-30 19:48:02
RM-HTL0036-443,HTL0036,443,STD,Standard Room,54.66,1,2019-10-10 22:41:21,2019-10-10 22:41:21
RM-HTL0036-444,HTL0036,444,SUT,Suite Room,254.85,1,2019-10-05 02:04:53,2025-10-22 14:46:27
RM-HTL0036-445,HTL0036,445,SUT,Suite Room,252.33,1,2019-10-13 13:25:08,2020-10-31 06:39:37
RM-HTL0036-446,HTL0036,446,STD,Standard Room,54.68,1,2019-10-06 02:26:59,2022-11-28 14:59:45
RM-HTL0036-447,HTL0036,447,DLX,Deluxe Room,124.63,1,2019-10-11 20:42:57,2021-11-18 16:58:13
RM-HTL0036-448,HTL0036,448,SUP,Superior Room,81.87,1,2019-10-06 19:48:25,2026-04-03 02:07:16
RM-HTL0036-449,HTL0036,449,STD,Standard Room,62.45,1,2019-10-09 13:58:10,2019-10-09 13:58:10
RM-HTL0036-450,HTL0036,450,SUP,Superior Room,78.82,1,2019-10-08 15:01:56,2019-10-08 15:01:56
RM-HTL0037-101,HTL0037,101,DLX,Deluxe Room,120.43,1,2020-05-30 03:09:46,2025-10-05 16:38:27
RM-HTL0037-102,HTL0037,102,SUP,Superior Room,72.59,1,2020-06-08 04:48:40,2022-09-26 13:34:55
RM-HTL0037-103,HTL0037,103,EXE,Executive Suite,414.67,1,2020-06-02 02:49:32,2025-01-28 08:33:31
RM-HTL0037-104,HTL0037,104,DLX,Deluxe Room,116.82,1,2020-06-22 05:52:57,2020-06-22 05:52:57
RM-HTL0037-105,HTL0037,105,DLX,Deluxe Room,124.39,1,2020-06-25 23:31:27,2021-08-31 21:26:26
RM-HTL0037-106,HTL0037,106,SUT,Suite Room,256.7,1,2020-06-26 21:44:22,2022-10-19 07:23:53
RM-HTL0037-107,HTL0037,107,SUP,Superior Room,79.66,1,2020-06-10 14:58:55,2020-06-10 14:58:55
RM-HTL0037-108,HTL0037,108,STD,Standard Room,50.04,1,2020-06-20 02:49:43,2022-11-24 23:25:53
RM-HTL0037-109,HTL0037,109,SUT,Suite Room,259.77,1,2020-06-26 15:35:37,2020-12-24 11:27:29
RM-HTL0037-110,HTL0037,110,STD,Standard Room,46.21,1,2020-06-17 04:36:11,2020-12-09 20:27:29
RM-HTL0037-111,HTL0037,111,SUP,Superior Room,77.69,1,2020-06-26 08:57:51,2022-05-13 13:17:04
RM-HTL0037-112,HTL0037,112,DLX,Deluxe Room,123.46,1,2020-06-20 10:03:13,2026-05-04 02:18:14
RM-HTL0037-113,HTL0037,113,SUT,Suite Room,272.86,1,2020-06-07 12:21:09,2023-02-23 01:16:33
RM-HTL0037-114,HTL0037,114,SUT,Suite Room,260.18,1,2020-06-01 20:06:14,2020-12-04 01:27:58
RM-HTL0037-115,HTL0037,115,SUT,Suite Room,252.69,1,2020-06-06 20:57:39,2024-06-13 16:42:18
RM-HTL0037-116,HTL0037,116,DLX,Deluxe Room,123.0,1,2020-06-14 04:39:29,2020-06-14 04:39:29
RM-HTL0037-117,HTL0037,117,SUT,Suite Room,248.81,1,2020-06-01 11:39:17,2022-03-10 07:21:57
RM-HTL0037-118,HTL0037,118,SUP,Superior Room,72.89,1,2020-06-10 08:25:22,2020-06-10 08:25:22
RM-HTL0037-119,HTL0037,119,EXE,Executive Suite,412.74,1,2020-06-04 01:27:01,2020-06-04 01:27:01
RM-HTL0037-120,HTL0037,120,DLX,Deluxe Room,106.87,1,2020-06-13 06:40:59,2022-05-04 04:11:38
RM-HTL0037-121,HTL0037,121,EXE,Executive Suite,406.0,1,2020-06-22 14:12:02,2024-04-01 16:26:10
RM-HTL0037-122,HTL0037,122,EXE,Executive Suite,404.07,1,2020-06-26 20:27:15,2021-08-05 17:38:54
RM-HTL0037-123,HTL0037,123,EXE,Executive Suite,412.09,1,2020-06-04 13:15:40,2025-06-02 09:49:24
RM-HTL0037-124,HTL0037,124,DLX,Deluxe Room,110.55,0,2020-05-29 15:34:10,2020-12-07 02:47:17
RM-HTL0037-125,HTL0037,125,STD,Standard Room,58.59,1,2020-06-08 09:51:49,2024-02-09 02:00:42
RM-HTL0037-126,HTL0037,126,DLX,Deluxe Room,109.29,1,2020-06-01 04:05:52,2023-04-10 01:35:55
RM-HTL0037-127,HTL0037,127,EXE,Executive Suite,413.54,1,2020-06-12 04:08:52,2020-06-12 04:08:52
RM-HTL0037-128,HTL0037,128,SUP,Superior Room,86.33,1,2020-06-18 22:15:53,2025-02-14 14:47:32
RM-HTL0037-129,HTL0037,129,SUT,Suite Room,260.38,1,2020-05-27 18:28:38,2023-06-30 00:44:35
RM-HTL0037-130,HTL0037,130,SUT,Suite Room,254.68,1,2020-06-20 21:30:32,2023-01-27 06:14:44
RM-HTL0037-131,HTL0037,131,DLX,Deluxe Room,105.23,1,2020-06-12 21:03:40,2023-03-23 13:33:09
RM-HTL0037-132,HTL0037,132,EXE,Executive Suite,401.85,1,2020-06-23 17:47:39,2026-03-17 05:43:05
RM-HTL0037-133,HTL0037,133,SUT,Suite Room,264.33,1,2020-06-08 20:00:41,2023-06-06 13:02:41
RM-HTL0037-134,HTL0037,134,SUT,Suite Room,245.73,1,2020-06-02 09:12:49,2020-06-02 09:12:49
RM-HTL0037-135,HTL0037,135,SUT,Suite Room,264.8,1,2020-06-23 09:37:12,2026-02-01 09:22:32
RM-HTL0037-136,HTL0037,136,SUT,Suite Room,251.67,0,2020-06-03 10:54:47,2025-03-02 20:16:53
RM-HTL0037-137,HTL0037,137,STD,Standard Room,45.21,1,2020-06-02 22:25:12,2020-06-02 22:25:12
RM-HTL0037-138,HTL0037,138,DLX,Deluxe Room,113.85,1,2020-06-14 21:52:30,2021-02-16 02:04:42
RM-HTL0037-139,HTL0037,139,SUP,Superior Room,73.57,1,2020-06-18 11:44:53,2020-06-18 11:44:53
RM-HTL0037-140,HTL0037,140,EXE,Executive Suite,395.88,1,2020-06-13 21:24:23,2020-06-13 21:24:23
RM-HTL0037-141,HTL0037,141,SUP,Superior Room,79.49,1,2020-06-21 06:00:45,2020-06-21 06:00:45
RM-HTL0037-142,HTL0037,142,STD,Standard Room,62.42,1,2020-06-03 20:07:38,2022-04-30 13:25:07
RM-HTL0037-143,HTL0037,143,EXE,Executive Suite,399.22,1,2020-06-13 11:17:42,2020-06-13 11:17:42
RM-HTL0037-144,HTL0037,144,SUT,Suite Room,251.67,1,2020-05-30 11:34:45,2021-03-31 16:43:29
RM-HTL0037-145,HTL0037,145,SUT,Suite Room,262.06,1,2020-06-12 01:31:14,2025-07-11 18:14:51
RM-HTL0037-146,HTL0037,146,SUP,Superior Room,83.38,1,2020-06-14 23:19:08,2024-03-24 02:57:33
RM-HTL0037-147,HTL0037,147,SUT,Suite Room,253.76,1,2020-06-15 17:38:55,2020-06-15 17:38:55
RM-HTL0037-148,HTL0037,148,STD,Standard Room,46.7,1,2020-06-09 02:46:29,2024-11-24 06:54:07
RM-HTL0037-149,HTL0037,149,SUT,Suite Room,247.86,1,2020-06-08 11:14:32,2020-06-08 11:14:32
RM-HTL0037-150,HTL0037,150,SUT,Suite Room,247.69,1,2020-06-09 18:39:21,2022-12-15 16:52:28
RM-HTL0037-151,HTL0037,151,DLX,Deluxe Room,105.81,1,2020-05-29 18:26:59,2025-05-26 17:24:14
RM-HTL0037-152,HTL0037,152,STD,Standard Room,57.59,1,2020-06-09 05:03:34,2022-10-24 09:00:26
RM-HTL0037-153,HTL0037,153,DLX,Deluxe Room,116.27,1,2020-05-28 19:23:43,2026-01-09 16:00:24
RM-HTL0037-154,HTL0037,154,EXE,Executive Suite,402.06,1,2020-06-11 22:44:10,2021-11-19 00:03:38
RM-HTL0037-155,HTL0037,155,SUT,Suite Room,252.81,1,2020-05-31 16:10:24,2023-07-14 11:05:13
RM-HTL0037-156,HTL0037,156,SUT,Suite Room,258.87,1,2020-06-09 17:11:49,2024-01-23 07:14:58
RM-HTL0037-157,HTL0037,157,STD,Standard Room,56.96,1,2020-06-21 10:40:04,2023-04-28 09:26:26
RM-HTL0037-158,HTL0037,158,SUT,Suite Room,248.87,1,2020-05-29 20:41:50,2020-05-29 20:41:50
RM-HTL0037-159,HTL0037,159,DLX,Deluxe Room,108.42,1,2020-05-28 01:15:17,2024-08-16 17:17:29
RM-HTL0037-160,HTL0037,160,DLX,Deluxe Room,109.34,1,2020-06-08 18:45:43,2025-06-04 03:51:26
RM-HTL0037-161,HTL0037,161,SUT,Suite Room,261.96,1,2020-06-18 20:00:08,2020-06-18 20:00:08
RM-HTL0037-162,HTL0037,162,STD,Standard Room,53.21,1,2020-06-11 16:11:54,2022-03-01 14:45:03
RM-HTL0037-163,HTL0037,163,SUT,Suite Room,255.43,1,2020-06-03 02:56:16,2020-06-03 02:56:16
RM-HTL0037-164,HTL0037,164,STD,Standard Room,49.25,1,2020-06-23 04:12:10,2021-06-01 04:00:52
RM-HTL0037-165,HTL0037,165,EXE,Executive Suite,407.21,1,2020-06-22 21:24:39,2020-06-22 21:24:39
RM-HTL0037-166,HTL0037,166,EXE,Executive Suite,398.93,1,2020-06-20 18:28:18,2022-09-04 06:39:50
RM-HTL0037-167,HTL0037,167,DLX,Deluxe Room,124.63,1,2020-06-15 23:13:00,2025-11-27 14:50:38
RM-HTL0037-168,HTL0037,168,SUT,Suite Room,250.46,1,2020-06-24 14:06:58,2021-09-29 03:33:05
RM-HTL0037-169,HTL0037,169,STD,Standard Room,57.25,1,2020-05-27 21:08:57,2020-05-27 21:08:57
RM-HTL0037-170,HTL0037,170,SUT,Suite Room,247.93,1,2020-06-08 10:04:01,2020-06-08 10:04:01
RM-HTL0037-171,HTL0037,171,SUT,Suite Room,262.37,1,2020-05-31 01:04:56,2020-05-31 01:04:56
RM-HTL0037-172,HTL0037,172,SUP,Superior Room,86.01,1,2020-06-17 20:37:36,2020-06-17 20:37:36
RM-HTL0037-173,HTL0037,173,SUP,Superior Room,76.86,1,2020-06-20 06:31:29,2020-06-20 06:31:29
RM-HTL0037-174,HTL0037,174,STD,Standard Room,65.0,1,2020-05-28 06:52:58,2022-05-08 15:20:49
RM-HTL0037-175,HTL0037,175,SUT,Suite Room,252.02,1,2020-06-05 04:52:28,2023-09-12 19:19:39
RM-HTL0037-176,HTL0037,176,STD,Standard Room,62.29,1,2020-06-03 00:45:18,2020-06-03 00:45:18
RM-HTL0037-177,HTL0037,177,DLX,Deluxe Room,105.53,1,2020-05-31 10:06:37,2026-01-25 20:25:37
RM-HTL0037-178,HTL0037,178,STD,Standard Room,51.79,1,2020-06-07 06:28:09,2024-12-30 16:04:48
RM-HTL0037-179,HTL0037,179,DLX,Deluxe Room,106.97,1,2020-06-14 16:44:03,2022-07-03 16:12:31
RM-HTL0037-180,HTL0037,180,EXE,Executive Suite,399.45,1,2020-06-08 15:12:38,2025-01-15 23:28:29
RM-HTL0037-181,HTL0037,181,SUP,Superior Room,87.83,1,2020-06-20 01:16:03,2020-06-20 01:16:03
RM-HTL0037-182,HTL0037,182,DLX,Deluxe Room,116.37,1,2020-05-28 21:38:48,2021-10-12 16:44:44
RM-HTL0037-183,HTL0037,183,STD,Standard Room,47.73,1,2020-06-13 21:10:10,2020-06-13 21:10:10
RM-HTL0037-184,HTL0037,184,SUP,Superior Room,78.25,1,2020-05-28 05:45:13,2022-08-05 07:35:40
RM-HTL0037-185,HTL0037,185,SUP,Superior Room,89.78,1,2020-06-18 10:56:39,2021-04-29 12:54:21
RM-HTL0037-186,HTL0037,186,STD,Standard Room,50.72,1,2020-05-27 12:26:40,2020-12-15 07:45:42
RM-HTL0037-187,HTL0037,187,SUP,Superior Room,87.47,1,2020-06-20 06:07:45,2020-08-15 07:18:07
RM-HTL0037-188,HTL0037,188,SUP,Superior Room,87.15,1,2020-06-14 20:47:59,2023-07-01 21:16:54
RM-HTL0037-189,HTL0037,189,EXE,Executive Suite,398.2,1,2020-06-01 18:26:41,2020-09-13 03:37:37
RM-HTL0037-190,HTL0037,190,STD,Standard Room,56.61,1,2020-06-03 00:47:12,2020-06-03 00:47:12
RM-HTL0037-191,HTL0037,191,STD,Standard Room,46.14,1,2020-06-23 13:34:01,2026-05-24 09:07:11
RM-HTL0037-192,HTL0037,192,EXE,Executive Suite,407.47,1,2020-06-01 04:42:21,2023-11-13 21:27:28
RM-HTL0037-193,HTL0037,193,SUT,Suite Room,263.72,1,2020-05-28 15:47:47,2023-06-29 18:26:31
RM-HTL0037-194,HTL0037,194,SUT,Suite Room,249.99,1,2020-05-31 17:38:38,2023-12-03 01:40:44
RM-HTL0037-195,HTL0037,195,DLX,Deluxe Room,119.85,1,2020-06-16 03:01:09,2020-06-16 03:01:09
RM-HTL0037-196,HTL0037,196,EXE,Executive Suite,414.29,1,2020-06-12 17:30:14,2020-06-12 17:30:14
RM-HTL0037-197,HTL0037,197,SUT,Suite Room,259.12,0,2020-06-10 12:19:17,2023-01-01 14:08:49
RM-HTL0037-198,HTL0037,198,EXE,Executive Suite,396.62,1,2020-06-15 01:32:54,2024-10-08 12:54:34
RM-HTL0037-199,HTL0037,199,DLX,Deluxe Room,112.21,1,2020-06-11 08:14:28,2025-09-23 11:44:36
RM-HTL0037-200,HTL0037,200,SUP,Superior Room,81.91,1,2020-06-22 06:04:27,2024-11-08 22:11:13
RM-HTL0037-201,HTL0037,201,DLX,Deluxe Room,109.94,1,2020-06-25 22:10:22,2022-02-11 18:18:08
RM-HTL0037-202,HTL0037,202,SUP,Superior Room,80.67,1,2020-06-24 06:38:57,2021-04-24 17:05:26
RM-HTL0037-203,HTL0037,203,SUT,Suite Room,252.29,1,2020-05-29 21:52:17,2020-05-29 21:52:17
RM-HTL0037-204,HTL0037,204,DLX,Deluxe Room,107.8,1,2020-05-28 06:55:45,2023-05-26 09:07:14
RM-HTL0037-205,HTL0037,205,STD,Standard Room,55.57,1,2020-06-10 21:11:10,2022-01-11 09:27:46
RM-HTL0037-206,HTL0037,206,EXE,Executive Suite,399.94,1,2020-06-03 21:16:31,2021-07-24 20:01:33
RM-HTL0037-207,HTL0037,207,DLX,Deluxe Room,106.93,1,2020-06-13 11:33:00,2025-03-03 18:39:07
RM-HTL0037-208,HTL0037,208,DLX,Deluxe Room,108.21,1,2020-06-10 15:37:15,2020-09-17 17:30:33
RM-HTL0037-209,HTL0037,209,DLX,Deluxe Room,116.98,1,2020-06-12 12:44:13,2020-06-12 12:44:13
RM-HTL0037-210,HTL0037,210,SUP,Superior Room,80.07,1,2020-06-24 21:54:06,2020-06-24 21:54:06
RM-HTL0037-211,HTL0037,211,STD,Standard Room,53.7,1,2020-06-13 13:19:16,2025-03-24 16:01:28
RM-HTL0037-212,HTL0037,212,STD,Standard Room,55.8,1,2020-05-29 17:47:18,2023-03-28 21:48:21
RM-HTL0037-213,HTL0037,213,SUP,Superior Room,87.32,1,2020-06-03 06:34:41,2025-02-13 11:32:02
RM-HTL0037-214,HTL0037,214,EXE,Executive Suite,402.98,1,2020-06-02 03:58:00,2026-04-01 03:38:37
RM-HTL0037-215,HTL0037,215,SUT,Suite Room,260.08,1,2020-06-02 13:16:10,2026-04-09 00:26:28
RM-HTL0037-216,HTL0037,216,EXE,Executive Suite,396.68,1,2020-06-18 01:42:31,2023-06-23 09:50:05
RM-HTL0037-217,HTL0037,217,SUP,Superior Room,76.3,1,2020-06-17 04:54:27,2020-09-22 19:43:05
RM-HTL0037-218,HTL0037,218,EXE,Executive Suite,401.18,1,2020-05-30 05:53:32,2020-05-30 05:53:32
RM-HTL0037-219,HTL0037,219,STD,Standard Room,47.5,1,2020-06-19 10:17:25,2026-01-08 12:52:28
RM-HTL0037-220,HTL0037,220,SUP,Superior Room,72.65,1,2020-05-31 03:17:23,2020-06-09 00:11:05
RM-HTL0037-221,HTL0037,221,EXE,Executive Suite,400.98,1,2020-06-26 10:23:08,2023-07-15 09:12:39
RM-HTL0037-222,HTL0037,222,DLX,Deluxe Room,114.16,1,2020-06-09 04:16:43,2025-07-16 11:04:47
RM-HTL0037-223,HTL0037,223,STD,Standard Room,55.51,1,2020-06-10 13:03:10,2020-06-10 13:03:10
RM-HTL0037-224,HTL0037,224,DLX,Deluxe Room,111.17,1,2020-06-05 18:24:52,2026-01-30 03:28:58
RM-HTL0037-225,HTL0037,225,EXE,Executive Suite,403.92,1,2020-06-04 08:13:28,2020-06-04 08:13:28
RM-HTL0037-226,HTL0037,226,SUP,Superior Room,70.01,1,2020-06-24 03:54:28,2020-06-24 03:54:28
RM-HTL0037-227,HTL0037,227,SUP,Superior Room,72.21,1,2020-05-30 19:59:01,2020-10-18 03:49:19
RM-HTL0037-228,HTL0037,228,DLX,Deluxe Room,113.96,1,2020-06-03 06:28:59,2020-06-03 06:28:59
RM-HTL0037-229,HTL0037,229,EXE,Executive Suite,397.04,1,2020-06-26 17:05:17,2021-07-03 18:57:54
RM-HTL0037-230,HTL0037,230,STD,Standard Room,62.56,1,2020-06-18 06:55:44,2022-07-13 02:28:24
RM-HTL0037-231,HTL0037,231,SUT,Suite Room,247.97,1,2020-06-25 22:13:17,2021-08-02 21:45:25
RM-HTL0037-232,HTL0037,232,EXE,Executive Suite,405.44,1,2020-06-21 23:48:21,2024-07-09 03:31:54
RM-HTL0037-233,HTL0037,233,SUP,Superior Room,87.74,1,2020-06-14 15:12:14,2020-06-14 15:12:14
RM-HTL0037-234,HTL0037,234,EXE,Executive Suite,401.54,1,2020-06-13 10:38:27,2026-01-19 17:16:50
RM-HTL0037-235,HTL0037,235,STD,Standard Room,64.33,1,2020-06-24 16:10:36,2020-11-19 23:52:13
RM-HTL0037-236,HTL0037,236,DLX,Deluxe Room,119.28,1,2020-06-22 06:22:34,2022-06-07 21:02:16
RM-HTL0037-237,HTL0037,237,SUT,Suite Room,247.96,1,2020-06-10 06:15:21,2024-12-29 09:33:13
RM-HTL0037-238,HTL0037,238,DLX,Deluxe Room,109.04,1,2020-05-28 21:05:02,2024-02-10 18:16:22
RM-HTL0037-239,HTL0037,239,SUP,Superior Room,80.32,1,2020-06-02 00:21:24,2024-10-12 09:54:11
RM-HTL0037-240,HTL0037,240,SUT,Suite Room,250.17,1,2020-06-02 06:00:54,2020-11-25 09:08:59
RM-HTL0037-241,HTL0037,241,SUT,Suite Room,252.85,1,2020-06-21 16:17:00,2026-04-03 23:21:30
RM-HTL0037-242,HTL0037,242,STD,Standard Room,49.27,1,2020-05-30 10:15:28,2020-05-30 10:15:28
RM-HTL0037-243,HTL0037,243,EXE,Executive Suite,399.87,1,2020-06-08 08:05:39,2021-11-17 07:47:44
RM-HTL0037-244,HTL0037,244,SUT,Suite Room,248.25,1,2020-06-05 02:59:23,2022-05-09 05:42:04
RM-HTL0037-245,HTL0037,245,SUT,Suite Room,263.3,1,2020-06-18 16:29:54,2020-08-11 09:13:12
RM-HTL0037-246,HTL0037,246,EXE,Executive Suite,404.68,1,2020-06-22 02:02:42,2022-09-28 00:26:48
RM-HTL0037-247,HTL0037,247,DLX,Deluxe Room,106.15,1,2020-06-14 07:35:40,2022-12-04 15:00:47
RM-HTL0037-248,HTL0037,248,DLX,Deluxe Room,123.5,1,2020-06-17 03:13:40,2025-06-13 19:29:53
RM-HTL0037-249,HTL0037,249,SUP,Superior Room,80.98,1,2020-06-17 17:26:42,2020-06-17 17:26:42
RM-HTL0037-250,HTL0037,250,DLX,Deluxe Room,105.47,1,2020-06-19 21:49:38,2025-03-12 07:12:35
RM-HTL0037-251,HTL0037,251,EXE,Executive Suite,411.26,1,2020-06-13 12:01:59,2022-05-25 19:44:25
RM-HTL0037-252,HTL0037,252,SUP,Superior Room,71.66,1,2020-05-27 18:29:08,2020-05-27 18:29:08
RM-HTL0037-253,HTL0037,253,SUP,Superior Room,76.63,1,2020-05-27 20:08:32,2020-10-24 12:36:17
RM-HTL0037-254,HTL0037,254,SUT,Suite Room,264.48,1,2020-06-23 07:33:29,2020-06-23 07:33:29
RM-HTL0037-255,HTL0037,255,EXE,Executive Suite,410.0,1,2020-06-21 17:43:07,2020-12-12 11:51:39
RM-HTL0037-256,HTL0037,256,SUP,Superior Room,71.87,1,2020-05-30 00:25:13,2024-11-22 21:36:01
RM-HTL0037-257,HTL0037,257,SUT,Suite Room,249.98,1,2020-05-27 00:50:13,2025-08-09 07:07:00
RM-HTL0037-258,HTL0037,258,EXE,Executive Suite,408.14,1,2020-06-09 15:32:22,2021-09-13 03:28:37
RM-HTL0037-259,HTL0037,259,DLX,Deluxe Room,105.67,1,2020-06-11 13:42:33,2020-10-21 02:10:32
RM-HTL0037-260,HTL0037,260,SUT,Suite Room,246.62,1,2020-06-18 10:49:42,2020-06-18 10:49:42
RM-HTL0037-261,HTL0037,261,SUT,Suite Room,263.3,1,2020-06-08 20:28:56,2025-08-31 22:40:42
RM-HTL0037-262,HTL0037,262,DLX,Deluxe Room,106.01,1,2020-06-15 16:40:28,2020-06-15 16:40:28
RM-HTL0037-263,HTL0037,263,SUT,Suite Room,263.62,1,2020-06-01 18:24:43,2024-09-21 17:12:23
RM-HTL0037-264,HTL0037,264,DLX,Deluxe Room,121.66,1,2020-05-27 03:38:31,2023-11-07 15:12:13
RM-HTL0037-265,HTL0037,265,SUP,Superior Room,85.02,1,2020-06-05 18:15:43,2023-10-05 21:36:21
RM-HTL0037-266,HTL0037,266,DLX,Deluxe Room,115.02,1,2020-06-06 02:37:36,2023-10-21 08:15:19
RM-HTL0037-267,HTL0037,267,SUP,Superior Room,83.27,1,2020-06-02 04:52:34,2020-06-02 04:52:34
RM-HTL0037-268,HTL0037,268,STD,Standard Room,57.78,1,2020-05-31 17:33:38,2021-10-30 00:35:07
RM-HTL0037-269,HTL0037,269,SUT,Suite Room,310.64,1,2020-06-26 23:42:48,2021-05-21 01:08:44
RM-HTL0037-270,HTL0037,270,STD,Standard Room,57.73,1,2020-06-15 04:21:48,2020-09-20 12:41:56
RM-HTL0037-271,HTL0037,271,SUP,Superior Room,82.22,1,2020-06-07 23:04:07,2020-06-07 23:04:07
RM-HTL0037-272,HTL0037,272,STD,Standard Room,63.45,1,2020-06-21 00:49:13,2020-06-21 00:49:13
RM-HTL0037-273,HTL0037,273,DLX,Deluxe Room,106.34,1,2020-06-06 19:55:23,2020-06-06 19:55:23
RM-HTL0037-274,HTL0037,274,EXE,Executive Suite,396.32,1,2020-06-05 13:10:21,2020-06-05 13:10:21
RM-HTL0037-275,HTL0037,275,STD,Standard Room,49.64,1,2020-05-27 18:24:03,2022-09-16 17:00:36
RM-HTL0037-276,HTL0037,276,EXE,Executive Suite,401.83,1,2020-05-29 18:57:07,2021-02-26 03:10:32
RM-HTL0037-277,HTL0037,277,SUT,Suite Room,258.1,1,2020-06-24 03:21:22,2020-06-24 03:21:22
RM-HTL0037-278,HTL0037,278,SUT,Suite Room,248.94,1,2020-06-09 03:40:18,2024-07-03 10:46:38
RM-HTL0037-279,HTL0037,279,EXE,Executive Suite,407.3,1,2020-06-25 10:52:00,2020-06-25 10:52:00
RM-HTL0037-280,HTL0037,280,SUP,Superior Room,84.79,1,2020-06-02 06:01:57,2020-06-02 06:01:57
RM-HTL0037-281,HTL0037,281,DLX,Deluxe Room,118.35,1,2020-06-05 15:55:07,2024-08-18 19:55:17
RM-HTL0037-282,HTL0037,282,STD,Standard Room,63.3,1,2020-06-15 16:04:51,2024-04-12 16:52:03
RM-HTL0037-283,HTL0037,283,SUP,Superior Room,85.76,1,2020-06-06 22:47:48,2022-08-17 18:41:35
RM-HTL0037-284,HTL0037,284,STD,Standard Room,54.38,1,2020-06-13 19:02:15,2022-07-17 03:10:51
RM-HTL0037-285,HTL0037,285,SUP,Superior Room,76.95,1,2020-06-18 02:58:58,2021-10-08 23:09:57
RM-HTL0037-286,HTL0037,286,DLX,Deluxe Room,114.72,1,2020-06-16 08:04:35,2020-11-19 17:37:11
RM-HTL0037-287,HTL0037,287,SUT,Suite Room,263.26,1,2020-05-27 22:45:26,2021-05-12 17:07:34
RM-HTL0037-288,HTL0037,288,DLX,Deluxe Room,113.04,1,2020-05-30 21:09:18,2020-05-30 21:09:18
RM-HTL0037-289,HTL0037,289,SUT,Suite Room,250.98,1,2020-06-23 21:10:13,2026-05-02 11:49:49
RM-HTL0037-290,HTL0037,290,DLX,Deluxe Room,124.95,1,2020-06-01 12:18:10,2023-02-04 01:13:23
RM-HTL0037-291,HTL0037,291,STD,Standard Room,97.65,1,2020-06-18 12:28:37,2020-06-18 12:28:37
RM-HTL0037-292,HTL0037,292,STD,Standard Room,54.09,1,2020-06-18 21:54:13,2020-06-18 21:54:13
RM-HTL0037-293,HTL0037,293,SUT,Suite Room,264.39,1,2020-06-02 05:08:06,2021-01-10 19:27:21
RM-HTL0037-294,HTL0037,294,SUT,Suite Room,260.34,1,2020-06-21 23:22:22,2026-03-24 05:12:24
RM-HTL0037-295,HTL0037,295,EXE,Executive Suite,396.57,1,2020-06-19 06:44:59,2021-09-04 09:23:03
RM-HTL0037-296,HTL0037,296,STD,Standard Room,48.84,1,2020-06-03 01:40:38,2024-10-06 19:38:19
RM-HTL0037-297,HTL0037,297,SUP,Superior Room,83.61,1,2020-06-23 04:06:36,2020-06-23 04:06:36
RM-HTL0037-298,HTL0037,298,DLX,Deluxe Room,112.51,1,2020-06-11 03:34:19,2024-10-07 20:06:23
RM-HTL0037-299,HTL0037,299,DLX,Deluxe Room,107.25,1,2020-06-21 18:34:17,2025-04-03 08:44:39
RM-HTL0037-300,HTL0037,300,DLX,Deluxe Room,124.35,1,2020-06-06 13:32:32,2020-08-27 05:12:22
RM-HTL0037-301,HTL0037,301,STD,Standard Room,64.98,1,2020-05-31 06:33:30,2022-11-02 20:23:14
RM-HTL0037-302,HTL0037,302,SUP,Superior Room,75.06,1,2020-06-03 09:56:57,2020-06-03 09:56:57
RM-HTL0037-303,HTL0037,303,EXE,Executive Suite,410.88,1,2020-06-11 16:57:15,2020-06-11 16:57:15
RM-HTL0037-304,HTL0037,304,SUP,Superior Room,89.04,1,2020-06-01 14:07:57,2021-10-31 11:30:51
RM-HTL0037-305,HTL0037,305,DLX,Deluxe Room,106.01,1,2020-06-19 12:28:19,2023-01-25 14:07:49
RM-HTL0037-306,HTL0037,306,EXE,Executive Suite,405.05,0,2020-06-08 22:15:33,2021-07-06 22:05:34
RM-HTL0037-307,HTL0037,307,SUP,Superior Room,76.28,1,2020-05-27 03:14:56,2025-08-09 03:26:19
RM-HTL0037-308,HTL0037,308,STD,Standard Room,64.77,1,2020-06-11 05:15:32,2022-11-27 06:52:38
RM-HTL0037-309,HTL0037,309,STD,Standard Room,64.41,1,2020-06-25 10:56:27,2020-07-10 07:41:43
RM-HTL0037-310,HTL0037,310,DLX,Deluxe Room,110.0,1,2020-06-24 21:40:08,2021-12-31 19:14:25
RM-HTL0037-311,HTL0037,311,STD,Standard Room,46.24,1,2020-06-08 12:07:22,2022-03-09 21:40:08
RM-HTL0037-312,HTL0037,312,DLX,Deluxe Room,113.22,1,2020-06-02 10:29:07,2022-02-09 20:19:12
RM-HTL0037-313,HTL0037,313,STD,Standard Room,45.27,1,2020-06-13 21:08:22,2022-09-05 00:26:10
RM-HTL0037-314,HTL0037,314,DLX,Deluxe Room,142.06,1,2020-06-12 23:49:11,2020-06-12 23:49:11
RM-HTL0037-315,HTL0037,315,SUT,Suite Room,245.41,1,2020-06-12 06:15:29,2025-11-03 06:39:22
RM-HTL0037-316,HTL0037,316,SUP,Superior Room,84.13,1,2020-06-12 05:24:26,2026-01-30 10:49:36
RM-HTL0037-317,HTL0037,317,DLX,Deluxe Room,117.92,1,2020-06-16 06:20:32,2024-01-22 13:32:33
RM-HTL0037-318,HTL0037,318,EXE,Executive Suite,413.37,1,2020-06-22 15:44:40,2025-11-06 06:02:32
RM-HTL0037-319,HTL0037,319,DLX,Deluxe Room,114.88,1,2020-06-24 04:49:35,2023-08-14 07:08:49
RM-HTL0037-320,HTL0037,320,STD,Standard Room,62.23,1,2020-06-18 17:57:28,2024-07-13 08:27:33
RM-HTL0037-321,HTL0037,321,SUT,Suite Room,250.5,1,2020-06-21 17:18:28,2025-04-08 18:06:56
RM-HTL0037-322,HTL0037,322,DLX,Deluxe Room,111.16,1,2020-06-02 21:03:15,2020-06-02 21:03:15
RM-HTL0037-323,HTL0037,323,SUP,Superior Room,89.87,1,2020-06-18 14:09:11,2020-06-18 14:09:11
RM-HTL0037-324,HTL0037,324,EXE,Executive Suite,414.27,1,2020-06-26 12:36:34,2020-06-27 19:00:03
RM-HTL0037-325,HTL0037,325,SUT,Suite Room,262.96,1,2020-05-29 10:45:20,2020-05-29 10:45:20
RM-HTL0037-326,HTL0037,326,DLX,Deluxe Room,110.77,1,2020-06-04 23:21:47,2026-05-16 04:41:58
RM-HTL0037-327,HTL0037,327,EXE,Executive Suite,407.05,1,2020-06-16 08:36:55,2022-11-17 01:03:19
RM-HTL0037-328,HTL0037,328,EXE,Executive Suite,410.1,1,2020-06-20 14:02:23,2022-08-26 10:46:21
RM-HTL0037-329,HTL0037,329,SUP,Superior Room,89.68,1,2020-06-02 13:05:15,2024-11-30 12:36:36
RM-HTL0037-330,HTL0037,330,EXE,Executive Suite,404.34,1,2020-06-01 18:55:53,2024-12-02 05:06:41
RM-HTL0037-331,HTL0037,331,SUT,Suite Room,260.98,1,2020-05-31 03:24:48,2020-05-31 03:24:48
RM-HTL0037-332,HTL0037,332,DLX,Deluxe Room,112.02,1,2020-06-10 21:09:07,2020-06-10 21:09:07
RM-HTL0037-333,HTL0037,333,EXE,Executive Suite,403.66,1,2020-05-30 18:35:55,2021-02-27 07:31:12
RM-HTL0037-334,HTL0037,334,EXE,Executive Suite,400.77,1,2020-06-09 15:02:21,2024-06-04 16:35:53
RM-HTL0037-335,HTL0037,335,SUP,Superior Room,88.77,1,2020-05-27 12:04:08,2023-10-31 18:24:06
RM-HTL0037-336,HTL0037,336,SUT,Suite Room,263.06,1,2020-06-06 12:26:26,2022-09-20 00:58:35
RM-HTL0037-337,HTL0037,337,SUT,Suite Room,245.88,1,2020-06-22 03:21:19,2026-02-01 13:20:46
RM-HTL0037-338,HTL0037,338,SUP,Superior Room,71.11,1,2020-06-06 08:15:13,2020-06-06 08:15:13
RM-HTL0037-339,HTL0037,339,STD,Standard Room,60.22,1,2020-05-27 21:07:49,2020-05-27 21:07:49
RM-HTL0037-340,HTL0037,340,EXE,Executive Suite,400.9,1,2020-06-25 00:41:22,2020-06-25 00:41:22
RM-HTL0037-341,HTL0037,341,STD,Standard Room,48.46,1,2020-06-08 17:56:45,2023-01-28 08:55:27
RM-HTL0037-342,HTL0037,342,STD,Standard Room,53.04,1,2020-06-23 15:14:57,2023-01-31 16:15:30
RM-HTL0037-343,HTL0037,343,SUT,Suite Room,256.6,1,2020-06-05 19:48:42,2023-03-26 18:23:02
RM-HTL0037-344,HTL0037,344,SUT,Suite Room,250.22,1,2020-06-18 20:15:34,2020-06-18 20:15:34
RM-HTL0037-345,HTL0037,345,DLX,Deluxe Room,115.91,1,2020-06-22 16:01:20,2025-08-23 08:38:51
RM-HTL0037-346,HTL0037,346,SUP,Superior Room,86.82,1,2020-06-11 23:14:32,2022-09-10 03:28:49
RM-HTL0037-347,HTL0037,347,SUP,Superior Room,87.25,1,2020-06-14 06:48:15,2025-06-12 12:48:29
RM-HTL0037-348,HTL0037,348,STD,Standard Room,48.18,1,2020-06-26 08:19:34,2022-06-02 02:32:15
RM-HTL0037-349,HTL0037,349,STD,Standard Room,50.8,1,2020-06-01 02:19:04,2020-06-01 02:19:04
RM-HTL0037-350,HTL0037,350,STD,Standard Room,49.38,1,2020-06-06 08:00:17,2020-06-06 08:00:17
RM-HTL0037-351,HTL0037,351,DLX,Deluxe Room,106.7,1,2020-05-30 14:51:45,2022-04-23 05:16:36
RM-HTL0037-352,HTL0037,352,DLX,Deluxe Room,113.79,1,2020-06-23 01:40:59,2020-06-23 01:40:59
RM-HTL0037-353,HTL0037,353,DLX,Deluxe Room,122.24,1,2020-05-30 00:06:03,2024-08-23 10:38:43
RM-HTL0037-354,HTL0037,354,SUP,Superior Room,76.41,1,2020-06-22 19:38:53,2020-06-22 19:38:53
RM-HTL0037-355,HTL0037,355,SUP,Superior Room,88.02,1,2020-06-20 10:31:50,2023-02-11 09:41:47
RM-HTL0037-356,HTL0037,356,SUT,Suite Room,248.84,1,2020-06-18 07:53:21,2025-12-13 05:21:32
RM-HTL0037-357,HTL0037,357,DLX,Deluxe Room,106.71,1,2020-06-12 19:35:39,2020-06-12 19:35:39
RM-HTL0037-358,HTL0037,358,SUP,Superior Room,72.9,1,2020-06-11 00:30:12,2025-06-29 23:04:01
RM-HTL0037-359,HTL0037,359,STD,Standard Room,49.22,0,2020-05-27 16:25:54,2020-05-27 16:25:54
RM-HTL0037-360,HTL0037,360,STD,Standard Room,51.43,1,2020-06-01 07:01:01,2025-04-03 04:57:58
RM-HTL0037-361,HTL0037,361,EXE,Executive Suite,413.52,1,2020-05-29 00:21:13,2020-05-29 00:21:13
RM-HTL0037-362,HTL0037,362,DLX,Deluxe Room,105.6,1,2020-06-18 16:13:07,2023-02-16 08:17:15
RM-HTL0037-363,HTL0037,363,DLX,Deluxe Room,114.53,1,2020-06-19 19:52:51,2021-10-22 02:37:04
RM-HTL0037-364,HTL0037,364,STD,Standard Room,51.64,1,2020-06-16 04:42:38,2025-03-28 16:23:14
RM-HTL0037-365,HTL0037,365,SUP,Superior Room,89.79,1,2020-06-24 22:47:24,2020-06-24 22:47:24
RM-HTL0037-366,HTL0037,366,DLX,Deluxe Room,117.72,1,2020-06-15 06:34:42,2020-06-15 06:34:42
RM-HTL0037-367,HTL0037,367,SUT,Suite Room,253.81,1,2020-06-03 22:38:17,2020-06-03 22:38:17
RM-HTL0037-368,HTL0037,368,STD,Standard Room,52.08,1,2020-06-21 12:31:35,2020-07-02 05:10:04
RM-HTL0037-369,HTL0037,369,STD,Standard Room,86.18,1,2020-06-11 09:51:22,2025-05-11 20:15:58
RM-HTL0037-370,HTL0037,370,STD,Standard Room,53.11,1,2020-06-25 06:19:06,2021-05-13 10:12:22
RM-HTL0037-371,HTL0037,371,STD,Standard Room,53.0,1,2020-06-26 07:40:13,2020-11-21 13:40:43
RM-HTL0037-372,HTL0037,372,EXE,Executive Suite,403.71,1,2020-06-11 08:21:06,2020-06-11 08:21:06
RM-HTL0037-373,HTL0037,373,SUT,Suite Room,264.55,1,2020-06-02 10:45:58,2020-08-24 05:32:23
RM-HTL0037-374,HTL0037,374,DLX,Deluxe Room,113.21,1,2020-06-12 22:13:27,2024-06-11 17:06:32
RM-HTL0037-375,HTL0037,375,STD,Standard Room,45.63,1,2020-05-31 15:58:22,2024-05-10 01:07:04
RM-HTL0037-376,HTL0037,376,SUT,Suite Room,259.8,1,2020-06-14 03:04:24,2023-02-11 21:17:56
RM-HTL0037-377,HTL0037,377,STD,Standard Room,47.2,1,2020-05-31 03:54:05,2020-09-03 22:19:31
RM-HTL0037-378,HTL0037,378,EXE,Executive Suite,413.57,1,2020-06-10 01:02:18,2020-06-10 01:02:18
RM-HTL0037-379,HTL0037,379,SUT,Suite Room,247.53,1,2020-06-15 07:21:48,2020-06-15 07:21:48
RM-HTL0037-380,HTL0037,380,SUT,Suite Room,253.07,1,2020-05-30 16:25:43,2023-01-13 21:03:24
RM-HTL0037-381,HTL0037,381,SUT,Suite Room,264.64,1,2020-06-21 23:11:34,2020-06-21 23:11:34
RM-HTL0037-382,HTL0037,382,SUP,Superior Room,75.73,1,2020-06-20 17:04:24,2025-11-18 02:36:27
RM-HTL0037-383,HTL0037,383,SUP,Superior Room,85.79,1,2020-06-23 09:01:37,2022-01-02 08:29:54
RM-HTL0037-384,HTL0037,384,EXE,Executive Suite,409.94,1,2020-05-31 05:01:29,2026-04-28 14:00:47
RM-HTL0037-385,HTL0037,385,DLX,Deluxe Room,113.65,1,2020-06-23 12:20:41,2021-06-20 15:12:00
RM-HTL0037-386,HTL0037,386,EXE,Executive Suite,406.71,1,2020-06-17 05:42:17,2022-03-20 20:23:06
RM-HTL0037-387,HTL0037,387,EXE,Executive Suite,412.27,1,2020-06-03 01:41:23,2021-01-10 09:41:55
RM-HTL0037-388,HTL0037,388,STD,Standard Room,58.21,1,2020-06-09 15:45:28,2020-06-09 15:45:28
RM-HTL0037-389,HTL0037,389,DLX,Deluxe Room,116.73,1,2020-06-17 05:23:53,2025-01-04 17:45:11
RM-HTL0037-390,HTL0037,390,SUP,Superior Room,82.29,1,2020-06-10 22:53:35,2025-05-22 12:27:29
RM-HTL0037-391,HTL0037,391,SUP,Superior Room,71.46,1,2020-06-23 00:06:33,2024-01-05 05:52:22
RM-HTL0037-392,HTL0037,392,EXE,Executive Suite,397.94,1,2020-06-02 14:51:34,2023-12-04 02:14:17
RM-HTL0037-393,HTL0037,393,SUP,Superior Room,82.9,1,2020-06-21 10:05:57,2023-12-30 15:19:40
RM-HTL0037-394,HTL0037,394,SUP,Superior Room,75.36,1,2020-06-19 14:04:25,2023-07-25 08:28:20
RM-HTL0037-395,HTL0037,395,DLX,Deluxe Room,118.91,1,2020-05-31 03:37:15,2022-01-09 09:58:10
RM-HTL0037-396,HTL0037,396,SUT,Suite Room,261.63,1,2020-05-31 04:15:09,2020-05-31 04:15:09
RM-HTL0037-397,HTL0037,397,STD,Standard Room,56.98,1,2020-06-07 00:50:41,2024-02-29 04:59:54
RM-HTL0037-398,HTL0037,398,STD,Standard Room,46.21,1,2020-06-11 09:37:22,2020-06-11 09:37:22
RM-HTL0037-399,HTL0037,399,STD,Standard Room,48.15,1,2020-06-16 17:44:32,2020-08-19 02:27:01
RM-HTL0037-400,HTL0037,400,SUP,Superior Room,76.07,1,2020-06-13 03:38:40,2022-10-18 11:29:14
RM-HTL0037-401,HTL0037,401,SUT,Suite Room,246.71,1,2020-05-31 04:51:01,2020-05-31 04:51:01
RM-HTL0037-402,HTL0037,402,SUT,Suite Room,250.78,1,2020-05-28 01:47:49,2026-02-18 10:32:46
RM-HTL0037-403,HTL0037,403,EXE,Executive Suite,401.43,1,2020-06-03 09:21:51,2022-04-30 04:08:03
RM-HTL0037-404,HTL0037,404,SUT,Suite Room,258.17,1,2020-06-12 20:33:12,2023-10-17 18:27:49
RM-HTL0037-405,HTL0037,405,EXE,Executive Suite,408.47,1,2020-06-18 01:49:45,2026-01-07 17:05:36
RM-HTL0037-406,HTL0037,406,STD,Standard Room,50.65,1,2020-05-29 18:14:10,2020-05-29 18:14:10
RM-HTL0037-407,HTL0037,407,DLX,Deluxe Room,120.45,1,2020-06-20 20:40:05,2020-06-20 20:40:05
RM-HTL0037-408,HTL0037,408,SUT,Suite Room,249.24,1,2020-06-03 11:17:48,2020-06-03 11:17:48
RM-HTL0037-409,HTL0037,409,EXE,Executive Suite,414.14,0,2020-06-04 13:06:01,2024-05-01 05:05:32
RM-HTL0037-410,HTL0037,410,SUT,Suite Room,260.21,1,2020-06-07 19:04:28,2020-11-10 18:22:28
RM-HTL0037-411,HTL0037,411,EXE,Executive Suite,396.21,1,2020-06-05 10:27:35,2020-06-05 10:27:35
RM-HTL0037-412,HTL0037,412,STD,Standard Room,53.81,1,2020-06-15 16:51:03,2020-06-15 16:51:03
RM-HTL0037-413,HTL0037,413,EXE,Executive Suite,401.89,1,2020-06-04 11:32:47,2023-02-20 03:03:14
RM-HTL0037-414,HTL0037,414,STD,Standard Room,49.82,1,2020-06-25 03:47:15,2020-06-25 03:47:15
RM-HTL0037-415,HTL0037,415,STD,Standard Room,52.29,1,2020-05-30 21:00:41,2020-05-30 21:00:41
RM-HTL0037-416,HTL0037,416,SUT,Suite Room,252.12,1,2020-06-04 11:36:17,2022-06-17 21:17:35
RM-HTL0037-417,HTL0037,417,EXE,Executive Suite,409.28,1,2020-06-06 18:33:06,2020-06-06 18:33:06
RM-HTL0037-418,HTL0037,418,SUT,Suite Room,260.96,1,2020-05-29 11:25:15,2020-05-29 11:25:15
RM-HTL0037-419,HTL0037,419,STD,Standard Room,50.18,1,2020-06-24 09:21:04,2020-10-09 13:10:36
RM-HTL0037-420,HTL0037,420,EXE,Executive Suite,406.49,1,2020-06-16 20:23:00,2023-12-08 22:05:11
RM-HTL0037-421,HTL0037,421,EXE,Executive Suite,397.19,1,2020-06-19 18:03:01,2023-06-14 22:59:10
RM-HTL0037-422,HTL0037,422,STD,Standard Room,45.6,1,2020-06-02 01:49:25,2020-06-02 01:49:25
RM-HTL0037-423,HTL0037,423,EXE,Executive Suite,406.5,1,2020-06-17 14:40:45,2023-07-16 02:57:36
RM-HTL0037-424,HTL0037,424,EXE,Executive Suite,412.31,1,2020-06-05 14:42:50,2020-10-01 05:37:30
RM-HTL0037-425,HTL0037,425,DLX,Deluxe Room,110.09,1,2020-06-02 08:18:30,2020-06-02 08:18:30
RM-HTL0037-426,HTL0037,426,STD,Standard Room,56.17,1,2020-05-30 08:23:32,2025-01-05 08:18:35
RM-HTL0037-427,HTL0037,427,STD,Standard Room,56.87,1,2020-06-13 05:17:12,2021-10-11 04:37:21
RM-HTL0037-428,HTL0037,428,STD,Standard Room,62.48,1,2020-06-12 15:23:04,2025-08-11 20:47:55
RM-HTL0037-429,HTL0037,429,SUT,Suite Room,248.72,1,2020-06-10 11:53:40,2020-06-10 11:53:40
RM-HTL0037-430,HTL0037,430,DLX,Deluxe Room,119.45,1,2020-05-28 21:06:10,2023-03-31 04:30:44
RM-HTL0037-431,HTL0037,431,STD,Standard Room,47.93,1,2020-06-19 12:49:14,2024-12-07 08:27:10
RM-HTL0037-432,HTL0037,432,SUP,Superior Room,88.11,1,2020-05-30 20:40:00,2020-05-30 20:40:00
RM-HTL0037-433,HTL0037,433,EXE,Executive Suite,402.42,1,2020-06-26 18:25:36,2022-12-15 13:11:02
RM-HTL0037-434,HTL0037,434,SUP,Superior Room,76.61,1,2020-06-05 06:03:21,2024-07-05 13:31:10
RM-HTL0037-435,HTL0037,435,DLX,Deluxe Room,111.4,1,2020-06-26 00:37:13,2020-07-17 06:51:07
RM-HTL0037-436,HTL0037,436,STD,Standard Room,50.59,1,2020-06-25 23:39:57,2020-06-25 23:39:57
RM-HTL0037-437,HTL0037,437,EXE,Executive Suite,413.95,0,2020-06-24 22:41:47,2023-05-04 12:03:52
RM-HTL0037-438,HTL0037,438,SUT,Suite Room,251.83,1,2020-06-17 10:34:46,2025-02-28 06:21:33
RM-HTL0037-439,HTL0037,439,EXE,Executive Suite,401.4,1,2020-05-31 01:30:35,2021-11-05 06:41:16
RM-HTL0037-440,HTL0037,440,STD,Standard Room,61.88,1,2020-06-25 14:33:59,2020-07-22 13:11:23
RM-HTL0037-441,HTL0037,441,STD,Standard Room,48.82,1,2020-06-25 22:02:32,2023-05-05 23:42:15
RM-HTL0037-442,HTL0037,442,EXE,Executive Suite,414.18,1,2020-06-02 17:41:26,2020-09-24 17:53:11
RM-HTL0037-443,HTL0037,443,DLX,Deluxe Room,108.53,1,2020-06-10 03:44:30,2020-10-09 12:50:14
RM-HTL0037-444,HTL0037,444,EXE,Executive Suite,406.72,1,2020-06-26 23:47:22,2024-05-27 06:44:58
RM-HTL0037-445,HTL0037,445,STD,Standard Room,48.26,1,2020-05-30 13:32:44,2023-05-05 15:46:06
RM-HTL0037-446,HTL0037,446,SUT,Suite Room,256.57,1,2020-06-03 08:31:00,2022-07-23 23:54:37
RM-HTL0037-447,HTL0037,447,EXE,Executive Suite,404.28,1,2020-06-08 04:21:28,2025-01-29 22:23:14
RM-HTL0037-448,HTL0037,448,DLX,Deluxe Room,109.45,1,2020-06-07 17:10:20,2023-04-22 14:19:43
RM-HTL0037-449,HTL0037,449,STD,Standard Room,58.54,0,2020-05-28 06:00:51,2020-05-28 06:00:51
RM-HTL0037-450,HTL0037,450,SUT,Suite Room,253.91,1,2020-06-08 05:44:04,2020-06-08 05:44:04
RM-HTL0038-101,HTL0038,101,STD,Standard Room,55.02,1,2021-10-05 11:40:15,2021-10-05 11:40:15
RM-HTL0038-102,HTL0038,102,SUP,Superior Room,72.12,1,2021-10-04 15:51:47,2021-10-04 15:51:47
RM-HTL0038-103,HTL0038,103,DLX,Deluxe Room,119.57,1,2021-09-20 09:57:21,2021-10-18 15:14:41
RM-HTL0038-104,HTL0038,104,SUP,Superior Room,81.67,1,2021-09-29 07:03:01,2021-09-29 07:03:01
RM-HTL0038-105,HTL0038,105,DLX,Deluxe Room,112.53,1,2021-09-13 11:43:17,2021-09-13 11:43:17
RM-HTL0038-106,HTL0038,106,SUT,Suite Room,258.31,1,2021-10-02 22:26:57,2021-10-02 22:26:57
RM-HTL0038-107,HTL0038,107,DLX,Deluxe Room,110.98,1,2021-09-20 19:04:45,2021-12-10 12:48:26
RM-HTL0038-108,HTL0038,108,SUT,Suite Room,254.21,1,2021-09-22 20:24:01,2024-01-06 22:43:57
RM-HTL0038-109,HTL0038,109,SUT,Suite Room,254.75,1,2021-10-02 22:47:03,2026-02-11 12:13:48
RM-HTL0038-110,HTL0038,110,DLX,Deluxe Room,123.31,1,2021-10-08 08:22:56,2022-01-06 21:51:26
RM-HTL0038-111,HTL0038,111,DLX,Deluxe Room,111.85,1,2021-09-10 21:40:47,2024-09-12 22:20:15
RM-HTL0038-112,HTL0038,112,STD,Standard Room,58.6,1,2021-09-21 12:11:40,2021-12-23 14:09:46
RM-HTL0038-113,HTL0038,113,STD,Standard Room,47.49,1,2021-10-07 02:52:48,2024-08-01 18:16:16
RM-HTL0038-114,HTL0038,114,DLX,Deluxe Room,121.93,1,2021-09-30 23:35:32,2024-01-17 22:30:48
RM-HTL0038-115,HTL0038,115,DLX,Deluxe Room,106.02,1,2021-10-07 15:50:59,2026-04-27 02:45:27
RM-HTL0038-116,HTL0038,116,EXE,Executive Suite,408.7,1,2021-10-02 03:46:16,2025-03-07 21:08:01
RM-HTL0038-117,HTL0038,117,DLX,Deluxe Room,122.22,1,2021-09-15 15:42:35,2025-03-14 22:55:51
RM-HTL0038-118,HTL0038,118,STD,Standard Room,55.5,1,2021-09-22 18:54:52,2024-07-21 15:56:22
RM-HTL0038-119,HTL0038,119,STD,Standard Room,47.79,1,2021-09-30 04:04:27,2024-09-13 03:57:23
RM-HTL0038-120,HTL0038,120,STD,Standard Room,59.85,1,2021-09-16 10:44:51,2021-11-21 00:09:52
RM-HTL0038-121,HTL0038,121,SUT,Suite Room,260.5,1,2021-09-23 03:16:24,2024-03-11 10:31:18
RM-HTL0038-122,HTL0038,122,SUT,Suite Room,263.65,1,2021-10-08 01:43:07,2022-04-30 14:47:17
RM-HTL0038-123,HTL0038,123,SUP,Superior Room,71.18,1,2021-09-28 09:48:23,2026-01-25 00:09:22
RM-HTL0038-124,HTL0038,124,SUT,Suite Room,247.42,1,2021-09-26 01:01:45,2023-10-28 01:03:09
RM-HTL0038-125,HTL0038,125,SUT,Suite Room,249.51,1,2021-09-30 08:34:17,2021-09-30 08:34:17
RM-HTL0038-126,HTL0038,126,SUT,Suite Room,262.37,1,2021-10-02 13:25:18,2025-11-16 08:00:04
RM-HTL0038-127,HTL0038,127,SUP,Superior Room,72.44,1,2021-09-28 09:19:30,2022-04-23 04:16:58
RM-HTL0038-128,HTL0038,128,DLX,Deluxe Room,112.64,1,2021-09-12 06:35:57,2023-04-16 01:29:57
RM-HTL0038-129,HTL0038,129,STD,Standard Room,47.86,1,2021-09-21 12:42:53,2022-01-18 21:16:53
RM-HTL0038-130,HTL0038,130,STD,Standard Room,45.06,1,2021-09-28 02:45:07,2021-09-28 02:45:07
RM-HTL0038-131,HTL0038,131,EXE,Executive Suite,410.09,1,2021-10-02 20:29:24,2021-10-19 14:19:38
RM-HTL0038-132,HTL0038,132,DLX,Deluxe Room,116.9,1,2021-09-15 00:09:27,2021-10-16 16:32:49
RM-HTL0038-133,HTL0038,133,EXE,Executive Suite,404.54,1,2021-09-09 12:55:00,2025-04-07 22:36:58
RM-HTL0038-134,HTL0038,134,SUP,Superior Room,87.07,1,2021-09-14 13:03:32,2023-09-30 21:16:21
RM-HTL0038-135,HTL0038,135,STD,Standard Room,61.78,1,2021-10-06 09:29:47,2024-07-19 18:02:36
RM-HTL0038-136,HTL0038,136,SUP,Superior Room,71.4,1,2021-09-22 04:35:01,2022-11-11 21:04:57
RM-HTL0038-137,HTL0038,137,EXE,Executive Suite,404.58,1,2021-10-01 22:51:37,2025-02-11 23:57:19
RM-HTL0038-138,HTL0038,138,SUP,Superior Room,82.45,1,2021-09-16 09:52:20,2022-08-11 14:01:55
RM-HTL0038-139,HTL0038,139,SUP,Superior Room,74.27,1,2021-09-23 20:35:16,2025-11-27 10:47:05
RM-HTL0038-140,HTL0038,140,DLX,Deluxe Room,111.92,1,2021-09-15 12:23:43,2022-11-17 06:57:48
RM-HTL0038-141,HTL0038,141,EXE,Executive Suite,398.35,1,2021-09-16 03:27:28,2021-09-16 03:27:28
RM-HTL0038-142,HTL0038,142,SUT,Suite Room,254.81,1,2021-09-25 18:41:13,2025-06-15 15:26:26
RM-HTL0038-143,HTL0038,143,EXE,Executive Suite,395.42,1,2021-09-08 22:43:32,2025-07-09 18:45:45
RM-HTL0038-144,HTL0038,144,SUT,Suite Room,258.86,1,2021-09-17 11:48:46,2021-09-17 11:48:46
RM-HTL0038-145,HTL0038,145,DLX,Deluxe Room,112.46,1,2021-09-21 14:01:06,2021-09-21 14:01:06
RM-HTL0038-146,HTL0038,146,DLX,Deluxe Room,119.0,1,2021-10-07 04:25:17,2023-05-23 15:32:42
RM-HTL0038-147,HTL0038,147,SUT,Suite Room,248.64,1,2021-09-18 05:03:18,2023-04-02 12:28:54
RM-HTL0038-148,HTL0038,148,DLX,Deluxe Room,121.01,1,2021-09-23 08:27:03,2022-03-04 15:02:09
RM-HTL0038-149,HTL0038,149,SUP,Superior Room,82.76,1,2021-10-02 17:11:14,2023-09-10 04:51:47
RM-HTL0038-150,HTL0038,150,STD,Standard Room,62.89,1,2021-09-17 21:08:34,2021-10-22 19:56:06
RM-HTL0038-151,HTL0038,151,DLX,Deluxe Room,118.17,1,2021-09-23 02:12:55,2021-09-23 02:12:55
RM-HTL0038-152,HTL0038,152,SUT,Suite Room,256.35,0,2021-09-28 07:43:32,2021-09-28 07:43:32
RM-HTL0038-153,HTL0038,153,STD,Standard Room,45.21,1,2021-10-07 08:56:23,2021-10-07 08:56:23
RM-HTL0038-154,HTL0038,154,SUP,Superior Room,80.75,1,2021-09-19 06:33:17,2026-03-10 03:42:48
RM-HTL0038-155,HTL0038,155,SUP,Superior Room,81.06,1,2021-09-19 22:39:16,2021-11-10 06:16:19
RM-HTL0038-156,HTL0038,156,EXE,Executive Suite,402.1,1,2021-09-12 16:06:16,2023-12-22 23:17:53
RM-HTL0038-157,HTL0038,157,STD,Standard Room,50.78,1,2021-09-26 23:32:23,2025-04-26 16:45:37
RM-HTL0038-158,HTL0038,158,SUP,Superior Room,77.66,1,2021-09-27 12:41:08,2025-04-13 02:11:02
RM-HTL0038-159,HTL0038,159,STD,Standard Room,50.96,1,2021-09-15 17:09:00,2024-11-22 17:41:46
RM-HTL0038-160,HTL0038,160,STD,Standard Room,60.95,0,2021-09-22 02:43:36,2022-07-29 08:44:56
RM-HTL0038-161,HTL0038,161,DLX,Deluxe Room,118.02,1,2021-10-03 02:33:07,2023-05-20 08:44:06
RM-HTL0038-162,HTL0038,162,EXE,Executive Suite,398.62,1,2021-10-03 21:40:05,2024-08-07 10:42:26
RM-HTL0038-163,HTL0038,163,STD,Standard Room,45.46,1,2021-09-22 12:18:25,2023-05-08 03:10:35
RM-HTL0038-164,HTL0038,164,STD,Standard Room,57.21,1,2021-10-03 22:09:06,2024-09-01 03:48:03
RM-HTL0038-165,HTL0038,165,SUT,Suite Room,259.61,1,2021-09-21 15:57:45,2022-03-14 03:06:13
RM-HTL0038-166,HTL0038,166,SUT,Suite Room,258.71,1,2021-09-08 11:16:45,2024-01-03 23:26:53
RM-HTL0038-167,HTL0038,167,SUT,Suite Room,264.48,1,2021-09-19 08:07:19,2023-06-27 16:34:19
RM-HTL0038-168,HTL0038,168,DLX,Deluxe Room,120.96,1,2021-10-07 05:02:49,2023-02-24 10:31:56
RM-HTL0038-169,HTL0038,169,EXE,Executive Suite,401.09,1,2021-09-26 12:04:28,2023-09-17 09:34:58
RM-HTL0038-170,HTL0038,170,SUP,Superior Room,89.06,1,2021-09-11 13:33:07,2022-01-20 20:40:31
RM-HTL0038-171,HTL0038,171,EXE,Executive Suite,405.66,1,2021-09-25 13:54:41,2021-09-25 13:54:41
RM-HTL0038-172,HTL0038,172,DLX,Deluxe Room,108.79,1,2021-09-12 18:35:05,2021-09-12 18:35:05
RM-HTL0038-173,HTL0038,173,STD,Standard Room,49.52,1,2021-09-24 16:12:40,2022-06-03 21:40:02
RM-HTL0038-174,HTL0038,174,EXE,Executive Suite,400.69,1,2021-10-07 03:17:31,2023-02-17 03:49:40
RM-HTL0038-175,HTL0038,175,SUP,Superior Room,73.59,1,2021-09-13 00:07:44,2023-01-24 22:53:32
RM-HTL0038-176,HTL0038,176,SUT,Suite Room,262.49,1,2021-09-20 17:01:16,2024-11-15 04:21:20
RM-HTL0038-177,HTL0038,177,STD,Standard Room,58.66,1,2021-09-24 09:05:03,2021-09-24 09:05:03
RM-HTL0038-178,HTL0038,178,DLX,Deluxe Room,112.3,1,2021-10-04 02:57:38,2025-05-25 04:14:59
RM-HTL0038-179,HTL0038,179,SUT,Suite Room,255.82,1,2021-09-12 22:22:07,2024-02-13 13:10:04
RM-HTL0038-180,HTL0038,180,SUT,Suite Room,261.11,1,2021-10-04 10:59:13,2025-08-12 23:22:10
RM-HTL0039-101,HTL0039,101,SUT,Suite Room,254.5,1,2020-05-15 02:31:46,2021-12-19 20:12:46
RM-HTL0039-102,HTL0039,102,EXE,Executive Suite,406.17,1,2020-05-20 18:26:50,2025-07-25 08:43:43
RM-HTL0039-103,HTL0039,103,STD,Standard Room,63.75,1,2020-05-17 06:08:20,2026-03-17 20:36:32
RM-HTL0039-104,HTL0039,104,SUP,Superior Room,72.02,1,2020-05-25 23:09:32,2025-07-14 02:56:23
RM-HTL0039-105,HTL0039,105,DLX,Deluxe Room,119.48,1,2020-05-16 13:18:46,2020-05-16 13:18:46
RM-HTL0039-106,HTL0039,106,EXE,Executive Suite,399.37,1,2020-05-10 07:38:13,2020-05-10 07:38:13
RM-HTL0039-107,HTL0039,107,EXE,Executive Suite,406.03,1,2020-05-10 00:34:36,2021-11-13 22:24:58
RM-HTL0039-108,HTL0039,108,SUP,Superior Room,84.78,1,2020-05-24 22:50:12,2022-05-14 13:19:36
RM-HTL0039-109,HTL0039,109,DLX,Deluxe Room,106.07,1,2020-06-03 09:41:44,2020-06-03 09:41:44
RM-HTL0039-110,HTL0039,110,EXE,Executive Suite,410.21,1,2020-06-01 06:24:09,2020-06-01 06:24:09
RM-HTL0039-111,HTL0039,111,DLX,Deluxe Room,119.41,1,2020-05-23 11:25:05,2020-11-20 05:06:59
RM-HTL0039-112,HTL0039,112,EXE,Executive Suite,409.17,1,2020-05-22 15:46:53,2020-05-22 15:46:53
RM-HTL0039-113,HTL0039,113,SUP,Superior Room,75.35,1,2020-05-06 14:22:58,2020-12-04 22:04:39
RM-HTL0039-114,HTL0039,114,STD,Standard Room,51.49,1,2020-06-02 23:15:17,2021-06-25 07:51:47
RM-HTL0039-115,HTL0039,115,EXE,Executive Suite,404.99,1,2020-05-28 11:16:19,2025-09-12 19:10:04
RM-HTL0039-116,HTL0039,116,SUP,Superior Room,88.73,1,2020-05-13 13:05:33,2025-09-13 16:38:04
RM-HTL0039-117,HTL0039,117,EXE,Executive Suite,400.62,1,2020-05-31 07:22:15,2021-10-15 02:12:10
RM-HTL0039-118,HTL0039,118,STD,Standard Room,45.08,1,2020-05-14 05:07:05,2022-11-24 02:48:29
RM-HTL0039-119,HTL0039,119,EXE,Executive Suite,410.2,1,2020-05-22 09:09:22,2020-05-22 09:09:22
RM-HTL0039-120,HTL0039,120,DLX,Deluxe Room,118.4,1,2020-05-30 19:27:49,2026-03-01 17:06:45
RM-HTL0039-121,HTL0039,121,EXE,Executive Suite,402.99,1,2020-05-09 08:32:16,2025-11-27 15:30:50
RM-HTL0039-122,HTL0039,122,SUP,Superior Room,81.4,1,2020-05-19 21:52:09,2021-12-12 16:58:14
RM-HTL0039-123,HTL0039,123,SUP,Superior Room,89.54,1,2020-05-15 18:28:12,2020-05-15 18:28:12
RM-HTL0039-124,HTL0039,124,STD,Standard Room,59.21,1,2020-05-22 00:16:09,2021-04-23 19:35:49
RM-HTL0039-125,HTL0039,125,SUP,Superior Room,70.8,1,2020-05-11 05:02:57,2020-05-11 05:02:57
RM-HTL0039-126,HTL0039,126,SUT,Suite Room,247.99,1,2020-05-13 15:10:40,2024-11-17 11:19:19
RM-HTL0039-127,HTL0039,127,EXE,Executive Suite,400.99,1,2020-05-15 03:30:21,2020-05-15 03:30:21
RM-HTL0039-128,HTL0039,128,DLX,Deluxe Room,111.72,1,2020-05-28 16:04:18,2021-10-19 05:59:39
RM-HTL0039-129,HTL0039,129,STD,Standard Room,59.4,1,2020-05-24 11:29:42,2026-04-27 08:14:01
RM-HTL0039-130,HTL0039,130,DLX,Deluxe Room,122.47,1,2020-05-31 10:23:45,2023-06-17 22:45:22
RM-HTL0039-131,HTL0039,131,SUP,Superior Room,74.51,1,2020-05-30 16:28:10,2020-05-30 16:28:10
RM-HTL0039-132,HTL0039,132,STD,Standard Room,50.53,1,2020-05-13 12:39:35,2024-11-21 09:02:17
RM-HTL0039-133,HTL0039,133,SUT,Suite Room,257.56,1,2020-06-03 10:58:45,2021-03-25 05:03:20
RM-HTL0039-134,HTL0039,134,EXE,Executive Suite,407.15,1,2020-05-07 12:07:00,2020-05-07 12:07:00
RM-HTL0039-135,HTL0039,135,DLX,Deluxe Room,124.91,0,2020-05-21 08:44:33,2021-08-15 08:41:42
RM-HTL0039-136,HTL0039,136,SUP,Superior Room,87.41,1,2020-05-16 16:33:31,2023-05-27 22:54:11
RM-HTL0039-137,HTL0039,137,SUP,Superior Room,79.13,1,2020-05-12 11:19:11,2022-02-09 19:10:02
RM-HTL0039-138,HTL0039,138,DLX,Deluxe Room,113.1,1,2020-05-08 04:01:02,2020-09-19 06:41:51
RM-HTL0039-139,HTL0039,139,DLX,Deluxe Room,113.51,1,2020-06-03 04:21:21,2021-02-18 03:05:11
RM-HTL0039-140,HTL0039,140,EXE,Executive Suite,400.08,1,2020-05-28 20:28:56,2025-07-09 22:05:54
RM-HTL0039-141,HTL0039,141,STD,Standard Room,100.32,1,2020-05-31 21:36:18,2020-11-08 11:52:49
RM-HTL0039-142,HTL0039,142,STD,Standard Room,45.29,1,2020-05-16 08:33:50,2025-02-10 09:11:52
RM-HTL0039-143,HTL0039,143,SUT,Suite Room,255.06,1,2020-05-18 07:29:50,2023-08-06 16:42:43
RM-HTL0039-144,HTL0039,144,DLX,Deluxe Room,117.08,1,2020-05-16 22:06:03,2020-05-16 22:06:03
RM-HTL0039-145,HTL0039,145,DLX,Deluxe Room,121.61,1,2020-05-06 18:23:02,2020-05-06 18:23:02
RM-HTL0039-146,HTL0039,146,EXE,Executive Suite,397.4,1,2020-05-16 12:06:51,2020-05-16 12:06:51
RM-HTL0039-147,HTL0039,147,EXE,Executive Suite,402.9,1,2020-05-11 22:08:41,2022-03-19 07:27:47
RM-HTL0039-148,HTL0039,148,DLX,Deluxe Room,124.16,1,2020-05-24 21:01:50,2021-10-03 13:34:04
RM-HTL0039-149,HTL0039,149,SUT,Suite Room,262.06,1,2020-05-25 15:38:27,2026-01-01 09:14:45
RM-HTL0039-150,HTL0039,150,SUT,Suite Room,246.11,1,2020-05-21 08:58:44,2020-05-21 08:58:44
RM-HTL0040-101,HTL0040,101,DLX,Deluxe Room,123.13,1,2021-10-24 14:10:37,2024-10-22 00:20:57
RM-HTL0040-102,HTL0040,102,SUT,Suite Room,258.33,1,2021-10-20 02:55:03,2022-03-20 05:47:07
RM-HTL0040-103,HTL0040,103,SUT,Suite Room,253.54,0,2021-10-24 22:41:00,2024-05-06 18:57:54
RM-HTL0040-104,HTL0040,104,DLX,Deluxe Room,122.98,1,2021-10-08 00:39:53,2025-01-12 18:31:07
RM-HTL0040-105,HTL0040,105,EXE,Executive Suite,409.94,1,2021-10-19 11:20:36,2024-02-20 02:13:08
RM-HTL0040-106,HTL0040,106,STD,Standard Room,51.63,1,2021-10-29 23:57:11,2026-03-02 06:02:26
RM-HTL0040-107,HTL0040,107,SUP,Superior Room,74.96,1,2021-10-16 18:01:15,2021-10-16 18:01:15
RM-HTL0040-108,HTL0040,108,EXE,Executive Suite,407.52,1,2021-11-06 22:49:40,2025-12-10 11:27:17
RM-HTL0040-109,HTL0040,109,SUT,Suite Room,254.24,1,2021-10-28 00:59:59,2023-04-13 14:50:59
RM-HTL0040-110,HTL0040,110,SUT,Suite Room,262.77,1,2021-10-15 05:50:08,2022-08-17 22:05:53
RM-HTL0040-111,HTL0040,111,STD,Standard Room,60.01,1,2021-10-11 10:43:56,2021-10-11 10:43:56
RM-HTL0040-112,HTL0040,112,SUP,Superior Room,87.9,1,2021-10-09 10:37:11,2024-06-28 10:34:31
RM-HTL0040-113,HTL0040,113,EXE,Executive Suite,399.91,1,2021-10-14 14:58:49,2023-05-08 17:25:51
RM-HTL0040-114,HTL0040,114,SUT,Suite Room,260.46,1,2021-10-20 12:45:55,2023-03-18 09:19:03
RM-HTL0040-115,HTL0040,115,EXE,Executive Suite,396.82,1,2021-10-15 09:33:52,2024-02-18 11:14:03
RM-HTL0040-116,HTL0040,116,EXE,Executive Suite,402.62,1,2021-10-22 03:48:54,2023-05-03 09:22:58
RM-HTL0040-117,HTL0040,117,SUP,Superior Room,86.74,1,2021-10-09 07:20:36,2022-03-08 02:14:23
RM-HTL0040-118,HTL0040,118,SUT,Suite Room,249.89,1,2021-10-29 13:20:56,2026-05-25 07:11:34
RM-HTL0040-119,HTL0040,119,DLX,Deluxe Room,116.52,1,2021-10-08 12:49:14,2021-10-08 12:49:14
RM-HTL0040-120,HTL0040,120,SUT,Suite Room,252.53,1,2021-10-09 03:27:51,2022-02-16 10:20:12
RM-HTL0040-121,HTL0040,121,SUP,Superior Room,73.5,1,2021-10-17 07:27:36,2021-12-24 23:14:28
RM-HTL0040-122,HTL0040,122,SUP,Superior Room,70.97,1,2021-10-18 11:21:30,2026-03-31 19:41:32
RM-HTL0040-123,HTL0040,123,SUT,Suite Room,256.65,1,2021-11-02 11:45:01,2021-11-02 11:45:01
RM-HTL0040-124,HTL0040,124,STD,Standard Room,55.45,1,2021-10-09 14:57:16,2021-10-09 14:57:16
RM-HTL0040-125,HTL0040,125,DLX,Deluxe Room,118.04,1,2021-10-24 14:29:11,2023-11-26 17:19:23
RM-HTL0040-126,HTL0040,126,DLX,Deluxe Room,120.07,1,2021-10-20 22:28:05,2025-05-13 15:04:28
RM-HTL0040-127,HTL0040,127,DLX,Deluxe Room,118.09,1,2021-11-04 01:50:28,2021-11-04 01:50:28
RM-HTL0040-128,HTL0040,128,EXE,Executive Suite,398.87,1,2021-10-21 10:45:25,2021-11-10 21:10:46
RM-HTL0040-129,HTL0040,129,DLX,Deluxe Room,114.87,1,2021-10-30 19:47:39,2021-10-30 19:47:39
RM-HTL0040-130,HTL0040,130,DLX,Deluxe Room,115.57,1,2021-10-11 02:03:56,2023-03-23 06:44:26
RM-HTL0040-131,HTL0040,131,STD,Standard Room,45.83,1,2021-10-27 19:53:17,2021-11-13 20:04:56
RM-HTL0040-132,HTL0040,132,STD,Standard Room,61.07,1,2021-11-07 14:10:45,2025-01-08 01:17:04
RM-HTL0040-133,HTL0040,133,SUT,Suite Room,248.54,1,2021-10-29 18:12:11,2021-10-29 18:12:11
RM-HTL0040-134,HTL0040,134,DLX,Deluxe Room,124.4,1,2021-11-05 17:29:14,2022-05-31 00:03:47
RM-HTL0040-135,HTL0040,135,STD,Standard Room,46.81,0,2021-10-12 14:05:42,2025-06-27 22:38:54
RM-HTL0040-136,HTL0040,136,EXE,Executive Suite,396.05,1,2021-10-16 08:51:47,2021-10-16 08:51:47
RM-HTL0040-137,HTL0040,137,STD,Standard Room,60.61,1,2021-10-21 23:32:08,2021-10-21 23:32:08
RM-HTL0040-138,HTL0040,138,DLX,Deluxe Room,105.34,1,2021-11-04 23:41:47,2021-11-04 23:41:47
RM-HTL0040-139,HTL0040,139,STD,Standard Room,58.32,1,2021-11-02 20:47:11,2023-03-23 17:52:40
RM-HTL0040-140,HTL0040,140,EXE,Executive Suite,413.96,1,2021-10-24 00:46:22,2021-10-24 00:46:22
RM-HTL0040-141,HTL0040,141,SUP,Superior Room,73.59,1,2021-10-10 18:44:15,2021-10-10 18:44:15
RM-HTL0040-142,HTL0040,142,SUT,Suite Room,263.13,1,2021-10-31 02:54:50,2021-10-31 02:54:50
RM-HTL0040-143,HTL0040,143,STD,Standard Room,45.08,1,2021-10-13 13:01:20,2023-11-20 05:01:24
RM-HTL0040-144,HTL0040,144,STD,Standard Room,48.33,1,2021-10-19 12:58:14,2024-09-06 06:39:34
RM-HTL0040-145,HTL0040,145,DLX,Deluxe Room,106.45,1,2021-11-01 04:15:46,2021-12-24 17:18:04
RM-HTL0040-146,HTL0040,146,DLX,Deluxe Room,106.63,1,2021-10-29 06:24:23,2023-03-30 18:50:43
RM-HTL0040-147,HTL0040,147,SUT,Suite Room,255.3,1,2021-10-28 16:48:53,2021-10-28 16:48:53
RM-HTL0040-148,HTL0040,148,STD,Standard Room,50.79,1,2021-10-09 10:14:16,2023-09-29 20:04:56
RM-HTL0040-149,HTL0040,149,STD,Standard Room,54.74,1,2021-10-30 21:22:41,2025-03-28 04:09:59
RM-HTL0040-150,HTL0040,150,SUP,Superior Room,85.78,1,2021-11-01 13:12:34,2025-03-20 08:52:21
RM-HTL0041-101,HTL0041,101,STD,Standard Room,46.32,1,2022-08-11 06:29:35,2022-08-11 06:29:35
RM-HTL0041-102,HTL0041,102,EXE,Executive Suite,397.87,1,2022-07-23 17:22:34,2025-08-22 01:22:53
RM-HTL0041-103,HTL0041,103,DLX,Deluxe Room,116.84,1,2022-07-22 01:07:09,2024-08-21 18:00:50
RM-HTL0041-104,HTL0041,104,EXE,Executive Suite,408.71,0,2022-07-23 17:50:59,2022-07-23 17:50:59
RM-HTL0041-105,HTL0041,105,DLX,Deluxe Room,114.95,1,2022-08-04 00:14:49,2024-03-18 14:26:10
RM-HTL0041-106,HTL0041,106,EXE,Executive Suite,406.13,1,2022-07-26 21:02:25,2026-04-02 01:51:33
RM-HTL0041-107,HTL0041,107,EXE,Executive Suite,397.38,1,2022-07-24 12:31:40,2024-06-13 05:20:59
RM-HTL0041-108,HTL0041,108,DLX,Deluxe Room,119.23,1,2022-08-01 05:46:11,2022-11-13 22:34:34
RM-HTL0041-109,HTL0041,109,DLX,Deluxe Room,122.37,1,2022-08-12 16:18:51,2023-10-30 01:45:33
RM-HTL0041-110,HTL0041,110,STD,Standard Room,57.62,1,2022-08-16 12:24:06,2025-01-22 03:31:21
RM-HTL0041-111,HTL0041,111,SUP,Superior Room,85.78,1,2022-07-30 08:22:31,2024-09-13 19:15:02
RM-HTL0041-112,HTL0041,112,EXE,Executive Suite,413.96,1,2022-08-10 21:24:25,2023-03-18 15:34:12
RM-HTL0041-113,HTL0041,113,EXE,Executive Suite,411.49,1,2022-08-17 22:27:14,2024-08-27 09:13:42
RM-HTL0041-114,HTL0041,114,DLX,Deluxe Room,105.83,1,2022-08-16 17:32:14,2022-08-16 17:32:14
RM-HTL0041-115,HTL0041,115,SUT,Suite Room,246.94,0,2022-08-19 03:06:40,2024-09-24 18:59:40
RM-HTL0041-116,HTL0041,116,EXE,Executive Suite,408.06,1,2022-08-01 12:16:12,2025-05-10 20:19:08
RM-HTL0041-117,HTL0041,117,SUP,Superior Room,78.89,1,2022-08-09 00:38:25,2024-01-28 00:37:12
RM-HTL0041-118,HTL0041,118,STD,Standard Room,57.63,0,2022-08-02 01:52:04,2024-12-13 06:02:16
RM-HTL0041-119,HTL0041,119,SUP,Superior Room,70.59,1,2022-08-09 03:29:45,2023-01-04 08:37:28
RM-HTL0041-120,HTL0041,120,SUP,Superior Room,83.21,1,2022-07-26 02:28:38,2025-07-31 01:30:29
RM-HTL0041-121,HTL0041,121,DLX,Deluxe Room,114.29,1,2022-08-02 05:07:29,2022-08-02 05:07:29
RM-HTL0041-122,HTL0041,122,SUP,Superior Room,81.19,1,2022-08-20 17:31:55,2022-08-20 17:31:55
RM-HTL0041-123,HTL0041,123,STD,Standard Room,55.72,1,2022-07-22 04:55:21,2024-02-15 09:09:40
RM-HTL0041-124,HTL0041,124,SUT,Suite Room,253.14,1,2022-07-28 07:24:55,2022-07-28 07:24:55
RM-HTL0041-125,HTL0041,125,DLX,Deluxe Room,161.67,1,2022-07-27 08:17:25,2023-11-07 12:55:32
RM-HTL0041-126,HTL0041,126,STD,Standard Room,54.97,1,2022-08-18 07:53:51,2024-04-28 22:39:40
RM-HTL0041-127,HTL0041,127,DLX,Deluxe Room,118.17,1,2022-07-26 14:19:12,2025-04-19 10:01:33
RM-HTL0041-128,HTL0041,128,EXE,Executive Suite,408.82,1,2022-07-21 07:18:43,2024-03-11 23:35:25
RM-HTL0041-129,HTL0041,129,EXE,Executive Suite,414.96,1,2022-08-12 23:46:30,2024-01-02 00:19:25
RM-HTL0041-130,HTL0041,130,SUP,Superior Room,78.02,1,2022-07-27 19:10:35,2023-09-17 04:16:49
RM-HTL0041-131,HTL0041,131,STD,Standard Room,47.89,1,2022-07-25 20:40:51,2026-01-28 03:56:09
RM-HTL0041-132,HTL0041,132,STD,Standard Room,59.47,1,2022-08-18 18:36:22,2023-03-24 08:16:22
RM-HTL0041-133,HTL0041,133,SUP,Superior Room,82.98,1,2022-08-04 08:01:21,2022-08-04 08:01:21
RM-HTL0041-134,HTL0041,134,EXE,Executive Suite,399.79,1,2022-07-27 03:05:28,2026-03-20 05:45:02
RM-HTL0041-135,HTL0041,135,SUP,Superior Room,83.07,1,2022-08-12 23:52:03,2024-11-24 06:32:17
RM-HTL0041-136,HTL0041,136,SUP,Superior Room,70.42,1,2022-08-09 08:12:09,2025-07-22 20:17:23
RM-HTL0041-137,HTL0041,137,DLX,Deluxe Room,121.44,1,2022-07-31 19:26:37,2022-07-31 19:26:37
RM-HTL0041-138,HTL0041,138,SUP,Superior Room,80.63,1,2022-08-05 14:38:12,2022-08-05 14:38:12
RM-HTL0041-139,HTL0041,139,SUP,Superior Room,72.21,1,2022-07-24 09:54:53,2022-12-05 09:15:39
RM-HTL0041-140,HTL0041,140,SUP,Superior Room,84.4,1,2022-08-18 07:17:22,2024-04-25 20:32:40
RM-HTL0041-141,HTL0041,141,EXE,Executive Suite,396.64,1,2022-08-09 03:07:46,2023-04-23 20:31:47
RM-HTL0041-142,HTL0041,142,STD,Standard Room,60.12,1,2022-07-22 15:36:30,2023-01-17 01:08:24
RM-HTL0041-143,HTL0041,143,DLX,Deluxe Room,110.94,1,2022-08-11 17:34:58,2023-03-14 13:13:07
RM-HTL0041-144,HTL0041,144,EXE,Executive Suite,399.78,1,2022-07-27 02:15:43,2024-12-18 17:51:58
RM-HTL0041-145,HTL0041,145,STD,Standard Room,52.33,1,2022-08-02 21:59:25,2023-08-01 19:59:51
RM-HTL0041-146,HTL0041,146,SUT,Suite Room,247.43,1,2022-08-17 18:32:01,2023-07-03 14:52:37
RM-HTL0041-147,HTL0041,147,SUT,Suite Room,248.68,1,2022-08-11 11:02:14,2024-07-28 15:36:32
RM-HTL0041-148,HTL0041,148,EXE,Executive Suite,400.21,1,2022-07-27 05:12:51,2022-08-28 21:12:20
RM-HTL0041-149,HTL0041,149,EXE,Executive Suite,413.66,0,2022-08-15 07:32:14,2026-04-16 05:42:27
RM-HTL0041-150,HTL0041,150,SUT,Suite Room,261.61,1,2022-08-04 17:36:00,2025-10-31 10:16:33
RM-HTL0041-151,HTL0041,151,DLX,Deluxe Room,109.61,1,2022-08-15 12:50:24,2022-08-15 12:50:24
RM-HTL0041-152,HTL0041,152,STD,Standard Room,57.54,1,2022-08-17 03:50:48,2026-04-25 05:44:40
RM-HTL0041-153,HTL0041,153,DLX,Deluxe Room,123.08,1,2022-08-11 01:46:51,2025-07-28 13:41:14
RM-HTL0041-154,HTL0041,154,DLX,Deluxe Room,108.46,1,2022-08-12 22:35:14,2025-11-08 02:18:06
RM-HTL0041-155,HTL0041,155,STD,Standard Room,55.88,1,2022-07-28 05:29:50,2024-06-07 10:34:58
RM-HTL0041-156,HTL0041,156,STD,Standard Room,61.5,1,2022-08-19 20:44:34,2022-08-19 20:44:34
RM-HTL0041-157,HTL0041,157,SUP,Superior Room,76.26,1,2022-08-07 00:23:51,2022-08-07 00:23:51
RM-HTL0041-158,HTL0041,158,SUT,Suite Room,251.82,1,2022-07-28 18:28:52,2025-01-03 22:33:31
RM-HTL0041-159,HTL0041,159,STD,Standard Room,48.54,1,2022-08-16 13:45:56,2022-08-16 13:45:56
RM-HTL0041-160,HTL0041,160,SUT,Suite Room,245.65,1,2022-08-09 02:31:17,2024-11-03 15:31:26
RM-HTL0041-161,HTL0041,161,SUT,Suite Room,255.65,1,2022-07-31 14:52:36,2024-05-22 17:41:47
RM-HTL0041-162,HTL0041,162,SUP,Superior Room,81.59,1,2022-08-11 19:54:10,2024-08-08 10:05:14
RM-HTL0041-163,HTL0041,163,SUT,Suite Room,254.23,1,2022-08-20 14:14:50,2024-06-27 21:44:41
RM-HTL0041-164,HTL0041,164,SUT,Suite Room,251.12,1,2022-08-04 02:18:37,2025-11-30 19:30:20
RM-HTL0041-165,HTL0041,165,SUP,Superior Room,89.01,1,2022-08-09 00:03:25,2023-09-22 11:32:10
RM-HTL0041-166,HTL0041,166,SUT,Suite Room,249.71,1,2022-07-23 01:15:42,2026-02-25 16:03:38
RM-HTL0041-167,HTL0041,167,EXE,Executive Suite,403.43,1,2022-07-21 21:25:58,2022-07-21 21:25:58
RM-HTL0041-168,HTL0041,168,SUT,Suite Room,250.5,1,2022-08-14 13:26:40,2025-06-10 01:16:55
RM-HTL0041-169,HTL0041,169,DLX,Deluxe Room,109.27,1,2022-08-15 03:21:08,2023-09-26 03:00:48
RM-HTL0041-170,HTL0041,170,SUT,Suite Room,245.71,1,2022-07-26 04:56:22,2024-10-05 04:06:28
RM-HTL0041-171,HTL0041,171,SUP,Superior Room,87.93,1,2022-08-18 16:13:43,2022-10-06 06:07:05
RM-HTL0041-172,HTL0041,172,SUT,Suite Room,247.69,1,2022-08-18 05:54:32,2026-01-11 04:10:49
RM-HTL0041-173,HTL0041,173,STD,Standard Room,59.13,1,2022-08-13 06:33:47,2022-12-20 11:38:47
RM-HTL0041-174,HTL0041,174,SUT,Suite Room,263.49,1,2022-07-24 02:53:10,2023-09-13 21:08:43
RM-HTL0041-175,HTL0041,175,SUT,Suite Room,255.19,1,2022-08-06 21:47:03,2024-09-26 13:34:23
RM-HTL0041-176,HTL0041,176,SUT,Suite Room,259.24,1,2022-07-29 11:56:54,2026-05-08 13:46:09
RM-HTL0041-177,HTL0041,177,SUT,Suite Room,250.53,1,2022-08-09 17:40:11,2025-06-16 01:26:26
RM-HTL0041-178,HTL0041,178,EXE,Executive Suite,396.41,1,2022-07-27 01:25:29,2024-01-12 20:33:47
RM-HTL0041-179,HTL0041,179,DLX,Deluxe Room,153.73,1,2022-07-21 00:50:19,2023-03-06 14:40:29
RM-HTL0041-180,HTL0041,180,SUT,Suite Room,248.89,1,2022-08-19 16:34:51,2024-12-23 15:09:40
RM-HTL0041-181,HTL0041,181,DLX,Deluxe Room,108.71,1,2022-08-08 17:24:44,2025-10-07 01:28:08
RM-HTL0041-182,HTL0041,182,DLX,Deluxe Room,120.36,1,2022-07-21 01:50:33,2024-09-19 13:11:54
RM-HTL0041-183,HTL0041,183,EXE,Executive Suite,401.97,1,2022-07-29 20:35:21,2022-09-02 09:42:56
RM-HTL0041-184,HTL0041,184,SUT,Suite Room,247.57,1,2022-08-11 12:03:31,2022-08-11 12:03:31
RM-HTL0041-185,HTL0041,185,EXE,Executive Suite,405.7,1,2022-07-24 01:54:28,2022-07-24 01:54:28
RM-HTL0041-186,HTL0041,186,SUP,Superior Room,79.11,1,2022-08-03 10:20:26,2022-08-03 10:20:26
RM-HTL0041-187,HTL0041,187,SUT,Suite Room,260.78,1,2022-07-31 19:44:26,2022-07-31 19:44:26
RM-HTL0041-188,HTL0041,188,STD,Standard Room,56.2,1,2022-07-23 13:29:56,2024-03-16 07:05:52
RM-HTL0041-189,HTL0041,189,EXE,Executive Suite,401.28,1,2022-08-05 17:26:03,2026-02-12 16:27:07
RM-HTL0041-190,HTL0041,190,SUT,Suite Room,253.09,1,2022-07-26 12:00:07,2023-07-14 01:00:53
RM-HTL0041-191,HTL0041,191,SUT,Suite Room,245.58,1,2022-08-12 19:51:23,2025-11-12 15:11:18
RM-HTL0041-192,HTL0041,192,DLX,Deluxe Room,109.14,1,2022-08-12 05:31:48,2023-03-20 00:40:03
RM-HTL0041-193,HTL0041,193,STD,Standard Room,52.67,1,2022-08-18 11:25:19,2025-08-18 09:48:54
RM-HTL0041-194,HTL0041,194,SUP,Superior Room,81.62,1,2022-08-16 23:22:28,2023-12-28 19:53:01
RM-HTL0041-195,HTL0041,195,STD,Standard Room,53.43,1,2022-08-07 04:35:54,2022-08-07 04:35:54
RM-HTL0041-196,HTL0041,196,EXE,Executive Suite,448.14,1,2022-08-15 17:09:05,2022-08-15 17:09:05
RM-HTL0041-197,HTL0041,197,DLX,Deluxe Room,107.39,1,2022-07-24 13:14:32,2022-07-24 13:14:32
RM-HTL0041-198,HTL0041,198,STD,Standard Room,65.0,1,2022-08-17 18:40:38,2023-10-23 08:38:51
RM-HTL0041-199,HTL0041,199,DLX,Deluxe Room,108.61,1,2022-08-05 20:44:28,2022-08-05 20:44:28
RM-HTL0041-200,HTL0041,200,SUT,Suite Room,261.86,1,2022-07-31 07:23:01,2025-07-19 14:26:35
RM-HTL0041-201,HTL0041,201,DLX,Deluxe Room,119.62,1,2022-07-21 22:31:08,2025-09-09 03:33:18
RM-HTL0041-202,HTL0041,202,STD,Standard Room,55.9,1,2022-08-15 03:48:55,2022-08-15 03:48:55
RM-HTL0041-203,HTL0041,203,DLX,Deluxe Room,114.06,1,2022-08-17 02:28:14,2025-04-20 09:40:17
RM-HTL0041-204,HTL0041,204,EXE,Executive Suite,395.27,1,2022-07-30 12:59:08,2022-07-30 12:59:08
RM-HTL0041-205,HTL0041,205,SUP,Superior Room,88.02,1,2022-08-08 02:22:10,2022-08-08 02:22:10
RM-HTL0041-206,HTL0041,206,DLX,Deluxe Room,121.39,1,2022-08-04 13:10:49,2022-08-04 13:10:49
RM-HTL0041-207,HTL0041,207,DLX,Deluxe Room,110.99,1,2022-08-02 20:34:14,2022-08-02 20:34:14
RM-HTL0041-208,HTL0041,208,STD,Standard Room,54.99,1,2022-08-18 00:04:23,2025-08-29 15:54:13
RM-HTL0041-209,HTL0041,209,SUP,Superior Room,78.14,1,2022-08-18 11:35:40,2022-08-18 11:35:40
RM-HTL0041-210,HTL0041,210,DLX,Deluxe Room,123.31,1,2022-08-06 18:38:38,2023-10-10 04:46:04
RM-HTL0041-211,HTL0041,211,SUT,Suite Room,263.43,1,2022-08-07 18:55:10,2023-12-07 13:47:06
RM-HTL0041-212,HTL0041,212,DLX,Deluxe Room,111.51,1,2022-07-29 04:23:20,2024-10-21 20:05:54
RM-HTL0041-213,HTL0041,213,STD,Standard Room,60.46,1,2022-08-08 17:24:42,2022-08-08 17:24:42
RM-HTL0041-214,HTL0041,214,DLX,Deluxe Room,116.79,1,2022-08-10 18:47:04,2026-05-11 00:16:32
RM-HTL0041-215,HTL0041,215,STD,Standard Room,50.7,1,2022-08-05 11:57:36,2024-01-28 08:16:17
RM-HTL0041-216,HTL0041,216,STD,Standard Room,50.67,1,2022-08-09 09:43:53,2022-09-30 18:46:17
RM-HTL0041-217,HTL0041,217,SUP,Superior Room,72.05,1,2022-08-14 02:29:07,2023-11-14 06:33:04
RM-HTL0041-218,HTL0041,218,STD,Standard Room,47.88,1,2022-07-29 19:52:29,2022-07-29 19:52:29
RM-HTL0041-219,HTL0041,219,DLX,Deluxe Room,121.92,1,2022-07-21 15:34:46,2022-07-21 15:34:46
RM-HTL0041-220,HTL0041,220,DLX,Deluxe Room,105.91,1,2022-08-20 07:03:38,2023-02-07 13:15:52
RM-HTL0041-221,HTL0041,221,SUP,Superior Room,86.77,0,2022-08-03 12:37:03,2022-08-03 12:37:03
RM-HTL0041-222,HTL0041,222,EXE,Executive Suite,408.71,1,2022-08-02 09:04:56,2022-08-02 09:04:56
RM-HTL0041-223,HTL0041,223,STD,Standard Room,46.05,1,2022-07-26 11:14:00,2024-05-13 12:47:39
RM-HTL0041-224,HTL0041,224,DLX,Deluxe Room,107.42,1,2022-07-23 11:45:16,2022-07-23 11:45:16
RM-HTL0041-225,HTL0041,225,STD,Standard Room,49.54,1,2022-08-18 09:56:05,2022-12-01 10:47:01
RM-HTL0041-226,HTL0041,226,STD,Standard Room,57.13,1,2022-07-28 17:57:32,2022-08-22 17:02:58
RM-HTL0041-227,HTL0041,227,STD,Standard Room,49.34,1,2022-08-20 11:43:55,2022-08-20 11:43:55
RM-HTL0041-228,HTL0041,228,SUT,Suite Room,246.86,1,2022-08-14 12:04:53,2026-05-18 15:32:52
RM-HTL0041-229,HTL0041,229,DLX,Deluxe Room,120.71,1,2022-07-23 01:48:42,2024-01-20 19:57:18
RM-HTL0041-230,HTL0041,230,STD,Standard Room,62.58,1,2022-07-25 04:18:46,2025-01-15 08:42:19
RM-HTL0041-231,HTL0041,231,DLX,Deluxe Room,107.13,1,2022-07-25 23:39:56,2024-02-13 04:18:12
RM-HTL0041-232,HTL0041,232,EXE,Executive Suite,414.03,1,2022-08-16 09:00:08,2022-11-27 22:44:35
RM-HTL0041-233,HTL0041,233,SUP,Superior Room,80.69,1,2022-08-08 10:18:02,2022-08-08 10:18:02
RM-HTL0041-234,HTL0041,234,STD,Standard Room,63.26,0,2022-08-12 04:06:40,2023-02-19 20:01:59
RM-HTL0041-235,HTL0041,235,DLX,Deluxe Room,114.42,1,2022-08-13 19:07:54,2024-09-27 22:47:07
RM-HTL0041-236,HTL0041,236,DLX,Deluxe Room,107.92,1,2022-08-04 22:25:29,2024-11-28 12:15:45
RM-HTL0041-237,HTL0041,237,SUP,Superior Room,79.83,1,2022-08-13 00:30:59,2025-09-12 20:39:32
RM-HTL0041-238,HTL0041,238,SUT,Suite Room,249.36,1,2022-08-12 13:21:46,2022-08-12 13:21:46
RM-HTL0041-239,HTL0041,239,EXE,Executive Suite,407.57,1,2022-07-25 20:50:32,2022-10-26 23:43:27
RM-HTL0041-240,HTL0041,240,SUT,Suite Room,257.87,1,2022-08-16 01:22:22,2023-04-06 15:37:13
RM-HTL0041-241,HTL0041,241,EXE,Executive Suite,420.2,1,2022-08-07 13:18:00,2025-09-22 00:48:17
RM-HTL0041-242,HTL0041,242,SUP,Superior Room,79.13,1,2022-08-20 16:30:16,2022-08-20 16:30:16
RM-HTL0041-243,HTL0041,243,DLX,Deluxe Room,105.64,1,2022-08-14 13:41:38,2025-01-24 06:41:00
RM-HTL0041-244,HTL0041,244,SUP,Superior Room,77.97,1,2022-08-11 07:25:41,2022-08-11 07:25:41
RM-HTL0041-245,HTL0041,245,SUP,Superior Room,71.58,1,2022-07-26 15:05:57,2025-08-07 00:02:15
RM-HTL0041-246,HTL0041,246,SUP,Superior Room,82.68,1,2022-07-24 12:28:30,2022-07-24 12:28:30
RM-HTL0041-247,HTL0041,247,STD,Standard Room,49.66,1,2022-07-27 09:47:59,2024-04-25 00:17:53
RM-HTL0041-248,HTL0041,248,EXE,Executive Suite,409.09,1,2022-08-10 23:02:49,2025-11-24 01:07:48
RM-HTL0041-249,HTL0041,249,EXE,Executive Suite,407.88,1,2022-08-14 01:59:24,2022-08-14 01:59:24
RM-HTL0041-250,HTL0041,250,SUT,Suite Room,260.44,1,2022-08-15 05:45:28,2025-09-06 13:07:43
RM-HTL0041-251,HTL0041,251,SUP,Superior Room,74.75,1,2022-07-30 23:53:00,2025-09-22 06:36:09
RM-HTL0041-252,HTL0041,252,STD,Standard Room,59.78,1,2022-08-01 14:31:35,2026-02-01 11:29:18
RM-HTL0041-253,HTL0041,253,SUT,Suite Room,248.31,1,2022-07-24 04:53:57,2022-07-24 04:53:57
RM-HTL0041-254,HTL0041,254,SUT,Suite Room,264.63,1,2022-07-26 20:53:00,2023-06-20 11:10:16
RM-HTL0041-255,HTL0041,255,SUT,Suite Room,256.57,1,2022-08-09 01:36:30,2023-12-16 13:42:28
RM-HTL0041-256,HTL0041,256,SUT,Suite Room,264.25,1,2022-07-25 23:02:38,2023-01-18 19:29:53
RM-HTL0041-257,HTL0041,257,SUP,Superior Room,70.27,0,2022-08-20 04:46:52,2026-05-26 07:17:38
RM-HTL0041-258,HTL0041,258,EXE,Executive Suite,401.49,1,2022-07-24 12:09:15,2022-07-24 12:09:15
RM-HTL0041-259,HTL0041,259,SUP,Superior Room,84.63,1,2022-07-30 04:30:29,2024-05-23 19:32:29
RM-HTL0041-260,HTL0041,260,DLX,Deluxe Room,119.3,1,2022-08-19 02:54:18,2022-08-19 02:54:18
RM-HTL0041-261,HTL0041,261,SUP,Superior Room,72.28,1,2022-08-04 08:59:06,2025-06-13 15:34:24
RM-HTL0041-262,HTL0041,262,DLX,Deluxe Room,113.41,1,2022-07-21 17:54:11,2022-07-21 17:54:11
RM-HTL0041-263,HTL0041,263,STD,Standard Room,46.66,1,2022-08-13 19:28:42,2026-01-08 10:15:52
RM-HTL0041-264,HTL0041,264,SUT,Suite Room,247.56,1,2022-08-06 07:39:15,2022-08-06 07:39:15
RM-HTL0041-265,HTL0041,265,SUP,Superior Room,72.7,1,2022-08-05 00:12:46,2023-04-05 02:13:06
RM-HTL0041-266,HTL0041,266,STD,Standard Room,59.91,1,2022-08-06 13:53:14,2024-10-21 08:01:28
RM-HTL0041-267,HTL0041,267,SUP,Superior Room,84.83,1,2022-07-25 20:18:11,2023-04-18 16:12:52
RM-HTL0041-268,HTL0041,268,EXE,Executive Suite,413.57,1,2022-08-20 06:22:10,2022-08-20 06:22:10
RM-HTL0041-269,HTL0041,269,DLX,Deluxe Room,118.14,1,2022-08-20 23:07:24,2026-02-26 10:46:59
RM-HTL0041-270,HTL0041,270,SUP,Superior Room,75.83,1,2022-08-03 10:14:09,2023-07-17 19:57:03
RM-HTL0041-271,HTL0041,271,STD,Standard Room,45.58,1,2022-08-10 10:05:31,2023-08-15 18:49:26
RM-HTL0041-272,HTL0041,272,DLX,Deluxe Room,116.48,1,2022-08-06 14:56:01,2025-09-18 22:22:03
RM-HTL0041-273,HTL0041,273,STD,Standard Room,64.15,1,2022-08-20 09:46:36,2023-03-03 02:58:01
RM-HTL0041-274,HTL0041,274,SUT,Suite Room,263.2,1,2022-07-21 17:05:40,2024-01-06 05:52:00
RM-HTL0041-275,HTL0041,275,DLX,Deluxe Room,106.88,1,2022-08-15 06:27:37,2022-08-15 06:27:37
RM-HTL0041-276,HTL0041,276,EXE,Executive Suite,399.71,1,2022-07-27 07:09:57,2025-09-26 12:35:22
RM-HTL0041-277,HTL0041,277,SUT,Suite Room,264.38,1,2022-08-06 13:05:12,2025-09-04 09:24:07
RM-HTL0041-278,HTL0041,278,EXE,Executive Suite,396.02,1,2022-07-28 13:33:09,2024-10-11 05:29:27
RM-HTL0041-279,HTL0041,279,SUP,Superior Room,87.16,1,2022-08-03 10:38:14,2023-08-03 02:24:21
RM-HTL0041-280,HTL0041,280,SUT,Suite Room,264.17,1,2022-07-29 04:13:11,2025-09-05 00:38:44
RM-HTL0041-281,HTL0041,281,DLX,Deluxe Room,121.2,1,2022-07-21 01:26:53,2025-12-29 23:48:28
RM-HTL0041-282,HTL0041,282,SUT,Suite Room,258.1,1,2022-07-27 11:21:44,2022-09-02 09:56:07
RM-HTL0041-283,HTL0041,283,SUP,Superior Room,77.47,1,2022-07-30 20:02:17,2025-03-28 06:44:10
RM-HTL0041-284,HTL0041,284,SUT,Suite Room,257.44,1,2022-07-27 21:05:03,2022-07-27 21:05:03
RM-HTL0041-285,HTL0041,285,EXE,Executive Suite,409.75,1,2022-08-20 08:43:39,2022-08-20 08:43:39
RM-HTL0041-286,HTL0041,286,STD,Standard Room,49.93,1,2022-07-27 05:41:21,2023-02-09 00:04:15
RM-HTL0041-287,HTL0041,287,SUT,Suite Room,254.02,1,2022-07-27 00:45:48,2025-01-24 05:22:20
RM-HTL0041-288,HTL0041,288,SUT,Suite Room,252.59,1,2022-07-29 00:16:22,2025-08-18 08:01:20
RM-HTL0041-289,HTL0041,289,DLX,Deluxe Room,107.49,1,2022-07-28 11:24:50,2022-07-28 11:24:50
RM-HTL0041-290,HTL0041,290,SUT,Suite Room,256.41,1,2022-07-29 16:47:17,2022-12-10 23:17:46
RM-HTL0041-291,HTL0041,291,DLX,Deluxe Room,116.82,1,2022-08-06 21:37:54,2022-08-06 21:37:54
RM-HTL0041-292,HTL0041,292,DLX,Deluxe Room,117.7,1,2022-07-27 17:32:19,2023-03-10 16:23:00
RM-HTL0041-293,HTL0041,293,EXE,Executive Suite,407.19,1,2022-07-23 16:43:55,2024-12-18 01:04:07
RM-HTL0041-294,HTL0041,294,STD,Standard Room,54.52,1,2022-08-19 02:43:02,2022-08-19 02:43:02
RM-HTL0041-295,HTL0041,295,DLX,Deluxe Room,111.56,1,2022-08-03 09:20:48,2025-09-20 02:40:43
RM-HTL0041-296,HTL0041,296,STD,Standard Room,54.85,1,2022-08-15 22:16:25,2025-10-05 22:08:17
RM-HTL0041-297,HTL0041,297,EXE,Executive Suite,402.31,1,2022-07-31 03:49:16,2025-07-06 15:58:01
RM-HTL0041-298,HTL0041,298,EXE,Executive Suite,400.16,1,2022-08-06 13:58:54,2022-08-15 00:39:52
RM-HTL0041-299,HTL0041,299,STD,Standard Room,58.6,1,2022-07-30 19:29:16,2022-07-30 19:29:16
RM-HTL0041-300,HTL0041,300,SUT,Suite Room,258.75,1,2022-08-12 04:16:17,2022-10-31 03:41:59
RM-HTL0042-101,HTL0042,101,EXE,Executive Suite,411.87,1,2019-10-09 19:47:24,2021-09-05 11:19:11
RM-HTL0042-102,HTL0042,102,SUT,Suite Room,247.78,1,2019-10-10 09:06:04,2023-04-22 16:18:00
RM-HTL0042-103,HTL0042,103,EXE,Executive Suite,414.62,1,2019-10-24 03:51:51,2020-01-09 10:31:59
RM-HTL0042-104,HTL0042,104,SUP,Superior Room,73.67,1,2019-10-08 12:53:07,2025-11-07 07:29:26
RM-HTL0042-105,HTL0042,105,DLX,Deluxe Room,112.22,1,2019-10-10 20:59:35,2023-11-10 07:34:43
RM-HTL0042-106,HTL0042,106,STD,Standard Room,56.04,1,2019-10-30 13:47:04,2022-06-19 12:14:41
RM-HTL0042-107,HTL0042,107,EXE,Executive Suite,414.45,1,2019-10-18 22:10:02,2022-08-22 08:20:14
RM-HTL0042-108,HTL0042,108,EXE,Executive Suite,414.02,1,2019-10-09 13:06:01,2020-01-10 15:18:33
RM-HTL0042-109,HTL0042,109,STD,Standard Room,51.0,1,2019-11-01 11:04:28,2024-12-02 04:38:40
RM-HTL0042-110,HTL0042,110,STD,Standard Room,48.04,1,2019-11-01 12:26:54,2021-01-25 04:22:07
RM-HTL0042-111,HTL0042,111,DLX,Deluxe Room,120.71,1,2019-10-28 22:36:50,2025-01-12 05:16:58
RM-HTL0042-112,HTL0042,112,STD,Standard Room,59.92,1,2019-10-26 12:08:35,2020-06-19 19:08:48
RM-HTL0042-113,HTL0042,113,SUT,Suite Room,252.64,1,2019-10-16 14:02:03,2023-06-18 09:51:49
RM-HTL0042-114,HTL0042,114,DLX,Deluxe Room,117.98,1,2019-10-06 09:42:43,2019-10-06 09:42:43
RM-HTL0042-115,HTL0042,115,STD,Standard Room,55.63,1,2019-10-21 19:21:37,2019-10-21 19:21:37
RM-HTL0042-116,HTL0042,116,SUT,Suite Room,273.8,1,2019-10-16 16:01:54,2025-04-06 03:54:13
RM-HTL0042-117,HTL0042,117,DLX,Deluxe Room,116.39,1,2019-10-24 08:07:15,2026-02-08 04:28:01
RM-HTL0042-118,HTL0042,118,DLX,Deluxe Room,117.94,1,2019-10-09 11:05:46,2025-05-06 10:31:52
RM-HTL0042-119,HTL0042,119,SUT,Suite Room,257.76,1,2019-10-28 09:21:53,2019-10-28 09:21:53
RM-HTL0042-120,HTL0042,120,SUT,Suite Room,257.45,1,2019-10-17 06:00:04,2024-06-04 20:51:19
RM-HTL0042-121,HTL0042,121,SUP,Superior Room,87.17,1,2019-10-22 00:30:19,2022-12-29 18:17:02
RM-HTL0042-122,HTL0042,122,DLX,Deluxe Room,115.13,1,2019-10-25 15:33:42,2024-04-21 21:57:32
RM-HTL0042-123,HTL0042,123,EXE,Executive Suite,402.64,1,2019-11-02 19:28:01,2024-09-29 02:55:01
RM-HTL0042-124,HTL0042,124,SUT,Suite Room,260.51,1,2019-10-31 09:10:46,2019-10-31 09:10:46
RM-HTL0042-125,HTL0042,125,SUT,Suite Room,254.91,1,2019-11-03 04:32:20,2021-11-15 09:18:15
RM-HTL0042-126,HTL0042,126,SUT,Suite Room,261.46,1,2019-10-07 21:06:18,2025-08-22 06:14:37
RM-HTL0042-127,HTL0042,127,DLX,Deluxe Room,124.3,1,2019-10-30 20:42:09,2026-03-01 23:33:15
RM-HTL0042-128,HTL0042,128,SUP,Superior Room,78.4,0,2019-10-24 09:22:37,2026-02-08 05:16:53
RM-HTL0042-129,HTL0042,129,DLX,Deluxe Room,113.94,1,2019-10-21 06:15:55,2023-05-12 02:33:48
RM-HTL0042-130,HTL0042,130,SUP,Superior Room,85.27,1,2019-11-02 22:56:25,2023-08-07 20:26:49
RM-HTL0042-131,HTL0042,131,STD,Standard Room,58.7,1,2019-11-01 08:44:10,2026-03-24 17:50:56
RM-HTL0042-132,HTL0042,132,SUP,Superior Room,76.05,1,2019-10-22 04:22:14,2019-10-22 04:22:14
RM-HTL0042-133,HTL0042,133,SUT,Suite Room,256.7,1,2019-10-27 03:11:06,2019-10-27 03:11:06
RM-HTL0042-134,HTL0042,134,SUP,Superior Room,85.9,1,2019-10-25 04:07:47,2021-07-17 06:55:46
RM-HTL0042-135,HTL0042,135,DLX,Deluxe Room,114.12,1,2019-10-29 09:37:40,2019-10-29 09:37:40
RM-HTL0042-136,HTL0042,136,EXE,Executive Suite,402.27,1,2019-10-26 08:55:30,2026-01-19 08:19:15
RM-HTL0042-137,HTL0042,137,SUT,Suite Room,264.57,1,2019-11-03 03:38:33,2025-03-30 07:42:45
RM-HTL0042-138,HTL0042,138,SUP,Superior Room,107.03,1,2019-10-11 13:56:43,2024-09-28 03:20:25
RM-HTL0042-139,HTL0042,139,STD,Standard Room,46.52,1,2019-10-26 01:52:00,2019-10-26 01:52:00
RM-HTL0042-140,HTL0042,140,DLX,Deluxe Room,107.2,1,2019-10-28 03:48:35,2019-10-28 03:48:35
RM-HTL0042-141,HTL0042,141,SUP,Superior Room,83.81,1,2019-10-23 10:12:29,2025-11-05 01:33:11
RM-HTL0042-142,HTL0042,142,STD,Standard Room,47.17,1,2019-10-15 08:27:28,2019-10-15 08:27:28
RM-HTL0042-143,HTL0042,143,SUT,Suite Room,249.69,1,2019-11-04 08:02:30,2019-11-04 08:02:30
RM-HTL0042-144,HTL0042,144,SUT,Suite Room,255.51,1,2019-10-30 12:08:21,2026-04-27 23:10:33
RM-HTL0042-145,HTL0042,145,DLX,Deluxe Room,107.67,1,2019-10-25 23:35:30,2019-10-25 23:35:30
RM-HTL0042-146,HTL0042,146,DLX,Deluxe Room,124.53,1,2019-11-01 21:38:56,2019-11-01 21:38:56
RM-HTL0042-147,HTL0042,147,EXE,Executive Suite,411.24,1,2019-10-23 21:49:14,2023-07-27 18:57:21
RM-HTL0042-148,HTL0042,148,SUT,Suite Room,252.78,1,2019-10-09 03:26:31,2019-10-09 03:26:31
RM-HTL0042-149,HTL0042,149,EXE,Executive Suite,406.95,1,2019-10-29 13:37:43,2019-10-29 13:37:43
RM-HTL0042-150,HTL0042,150,EXE,Executive Suite,412.15,1,2019-10-07 09:09:12,2020-08-25 12:44:10
RM-HTL0043-101,HTL0043,101,DLX,Deluxe Room,105.82,1,2021-11-17 08:37:40,2025-07-21 05:42:40
RM-HTL0043-102,HTL0043,102,EXE,Executive Suite,407.3,1,2021-11-19 13:12:46,2023-06-10 20:40:56
RM-HTL0043-103,HTL0043,103,STD,Standard Room,62.52,1,2021-11-16 08:14:27,2021-11-16 08:14:27
RM-HTL0043-104,HTL0043,104,EXE,Executive Suite,403.22,1,2021-11-25 21:47:53,2022-03-05 01:23:20
RM-HTL0043-105,HTL0043,105,SUT,Suite Room,256.26,1,2021-11-13 18:59:33,2021-11-13 18:59:33
RM-HTL0043-106,HTL0043,106,SUP,Superior Room,80.65,1,2021-12-11 01:02:30,2024-05-15 05:58:34
RM-HTL0043-107,HTL0043,107,SUT,Suite Room,249.14,1,2021-11-30 11:50:32,2021-11-30 11:50:32
RM-HTL0043-108,HTL0043,108,SUT,Suite Room,257.31,1,2021-12-06 19:34:04,2021-12-06 19:34:04
RM-HTL0043-109,HTL0043,109,SUP,Superior Room,79.2,1,2021-11-29 03:27:30,2021-11-29 03:27:30
RM-HTL0043-110,HTL0043,110,DLX,Deluxe Room,109.21,1,2021-11-27 05:57:18,2021-11-27 05:57:18
RM-HTL0043-111,HTL0043,111,STD,Standard Room,60.65,1,2021-11-20 12:42:14,2025-11-15 13:18:10
RM-HTL0043-112,HTL0043,112,STD,Standard Room,52.08,1,2021-11-26 02:32:36,2021-11-26 02:32:36
RM-HTL0043-113,HTL0043,113,SUP,Superior Room,82.65,1,2021-11-28 21:00:54,2021-11-28 21:00:54
RM-HTL0043-114,HTL0043,114,DLX,Deluxe Room,123.66,1,2021-12-11 10:17:50,2024-12-28 13:16:15
RM-HTL0043-115,HTL0043,115,SUT,Suite Room,245.97,1,2021-11-21 19:49:29,2023-04-01 06:29:28
RM-HTL0043-116,HTL0043,116,SUT,Suite Room,258.82,1,2021-11-23 16:56:58,2021-11-23 16:56:58
RM-HTL0043-117,HTL0043,117,SUP,Superior Room,70.96,1,2021-12-12 06:04:06,2021-12-12 06:04:06
RM-HTL0043-118,HTL0043,118,SUT,Suite Room,260.72,1,2021-12-02 13:58:38,2024-03-21 16:18:07
RM-HTL0043-119,HTL0043,119,STD,Standard Room,47.96,1,2021-12-11 22:00:29,2022-04-02 09:41:26
RM-HTL0043-120,HTL0043,120,EXE,Executive Suite,407.21,1,2021-12-08 15:09:31,2021-12-08 15:09:31
RM-HTL0043-121,HTL0043,121,DLX,Deluxe Room,110.74,1,2021-12-08 14:59:40,2025-01-02 10:39:14
RM-HTL0043-122,HTL0043,122,DLX,Deluxe Room,121.69,1,2021-11-16 20:17:02,2024-06-10 18:09:58
RM-HTL0043-123,HTL0043,123,SUT,Suite Room,257.91,1,2021-11-19 18:00:28,2024-09-22 13:16:23
RM-HTL0043-124,HTL0043,124,SUP,Superior Room,75.9,1,2021-11-18 04:16:11,2021-11-18 04:16:11
RM-HTL0043-125,HTL0043,125,STD,Standard Room,64.08,1,2021-11-24 23:36:29,2024-11-19 10:01:59
RM-HTL0043-126,HTL0043,126,SUP,Superior Room,73.39,1,2021-12-03 19:53:35,2025-06-03 15:28:48
RM-HTL0043-127,HTL0043,127,STD,Standard Room,60.46,1,2021-11-29 15:39:06,2022-07-06 10:00:28
RM-HTL0043-128,HTL0043,128,EXE,Executive Suite,412.81,1,2021-12-07 16:28:20,2025-06-08 01:31:41
RM-HTL0043-129,HTL0043,129,SUT,Suite Room,248.1,1,2021-12-09 07:32:54,2023-10-05 12:46:45
RM-HTL0043-130,HTL0043,130,SUT,Suite Room,263.48,1,2021-12-10 08:34:41,2021-12-10 08:34:41
RM-HTL0043-131,HTL0043,131,EXE,Executive Suite,405.45,1,2021-12-03 14:51:39,2026-05-26 06:36:21
RM-HTL0043-132,HTL0043,132,STD,Standard Room,52.04,1,2021-11-27 15:39:07,2022-07-01 23:35:47
RM-HTL0043-133,HTL0043,133,EXE,Executive Suite,406.01,1,2021-11-18 21:41:50,2025-07-21 05:41:36
RM-HTL0043-134,HTL0043,134,EXE,Executive Suite,403.72,1,2021-11-30 23:23:48,2025-01-16 16:50:28
RM-HTL0043-135,HTL0043,135,SUT,Suite Room,245.92,1,2021-11-25 06:15:33,2022-06-12 11:01:38
RM-HTL0043-136,HTL0043,136,SUP,Superior Room,74.11,1,2021-11-13 18:38:08,2021-11-13 18:38:08
RM-HTL0043-137,HTL0043,137,SUT,Suite Room,250.09,1,2021-11-23 08:58:36,2021-12-13 19:43:03
RM-HTL0043-138,HTL0043,138,EXE,Executive Suite,405.12,1,2021-11-29 10:17:58,2023-09-14 15:36:57
RM-HTL0043-139,HTL0043,139,DLX,Deluxe Room,112.73,1,2021-11-19 00:38:14,2021-11-19 00:38:14
RM-HTL0043-140,HTL0043,140,EXE,Executive Suite,413.18,1,2021-11-22 02:01:20,2021-11-22 02:01:20
RM-HTL0043-141,HTL0043,141,SUT,Suite Room,261.33,1,2021-12-13 14:19:29,2025-06-28 01:51:24
RM-HTL0043-142,HTL0043,142,SUT,Suite Room,252.23,1,2021-11-15 07:13:59,2026-03-01 19:25:53
RM-HTL0043-143,HTL0043,143,STD,Standard Room,54.15,1,2021-11-26 10:00:08,2021-11-26 10:00:08
RM-HTL0043-144,HTL0043,144,EXE,Executive Suite,399.77,1,2021-12-08 06:36:35,2022-10-16 21:46:32
RM-HTL0043-145,HTL0043,145,EXE,Executive Suite,413.17,1,2021-11-16 18:31:23,2023-08-02 13:47:57
RM-HTL0043-146,HTL0043,146,STD,Standard Room,47.58,1,2021-11-29 19:41:14,2021-11-29 19:41:14
RM-HTL0043-147,HTL0043,147,SUT,Suite Room,249.8,1,2021-11-15 16:35:29,2021-11-15 16:35:29
RM-HTL0043-148,HTL0043,148,DLX,Deluxe Room,106.01,1,2021-11-19 19:13:09,2025-09-26 15:51:39
RM-HTL0043-149,HTL0043,149,STD,Standard Room,49.68,1,2021-12-03 06:22:09,2021-12-03 06:22:09
RM-HTL0043-150,HTL0043,150,STD,Standard Room,56.45,1,2021-12-10 02:18:35,2024-09-07 00:29:42
RM-HTL0043-151,HTL0043,151,SUP,Superior Room,70.54,1,2021-12-03 19:17:23,2023-01-24 11:28:30
RM-HTL0043-152,HTL0043,152,SUT,Suite Room,259.48,1,2021-11-29 21:59:14,2022-05-25 07:36:49
RM-HTL0043-153,HTL0043,153,DLX,Deluxe Room,109.27,1,2021-11-23 18:27:49,2021-11-23 18:27:49
RM-HTL0043-154,HTL0043,154,SUP,Superior Room,76.44,1,2021-12-02 14:41:38,2021-12-02 14:41:38
RM-HTL0043-155,HTL0043,155,STD,Standard Room,52.62,1,2021-11-27 23:31:17,2024-06-09 07:05:30
RM-HTL0043-156,HTL0043,156,DLX,Deluxe Room,107.55,1,2021-12-01 18:15:59,2025-12-30 02:09:18
RM-HTL0043-157,HTL0043,157,SUT,Suite Room,251.05,1,2021-11-17 22:55:23,2025-03-10 20:19:02
RM-HTL0043-158,HTL0043,158,DLX,Deluxe Room,154.55,1,2021-12-06 10:03:08,2021-12-06 10:03:08
RM-HTL0043-159,HTL0043,159,SUT,Suite Room,262.04,1,2021-12-01 19:00:05,2024-04-25 03:36:04
RM-HTL0043-160,HTL0043,160,DLX,Deluxe Room,110.2,1,2021-11-15 12:24:48,2022-06-05 02:26:45
RM-HTL0043-161,HTL0043,161,EXE,Executive Suite,414.09,1,2021-11-15 18:16:35,2024-08-07 11:39:24
RM-HTL0043-162,HTL0043,162,SUT,Suite Room,262.49,1,2021-11-25 02:55:50,2021-11-25 02:55:50
RM-HTL0043-163,HTL0043,163,STD,Standard Room,57.87,1,2021-11-21 16:33:49,2025-03-23 07:18:52
RM-HTL0043-164,HTL0043,164,EXE,Executive Suite,401.79,1,2021-12-01 17:06:08,2023-06-05 21:30:27
RM-HTL0043-165,HTL0043,165,SUP,Superior Room,74.59,1,2021-11-15 18:37:56,2021-11-15 18:37:56
RM-HTL0043-166,HTL0043,166,DLX,Deluxe Room,115.48,1,2021-11-27 13:30:25,2022-04-28 06:01:26
RM-HTL0043-167,HTL0043,167,SUP,Superior Room,71.23,1,2021-12-08 09:15:42,2025-06-06 06:35:53
RM-HTL0043-168,HTL0043,168,DLX,Deluxe Room,107.81,1,2021-11-20 04:17:46,2026-01-15 04:26:49
RM-HTL0043-169,HTL0043,169,SUP,Superior Room,88.56,1,2021-11-24 01:10:55,2021-11-24 01:10:55
RM-HTL0043-170,HTL0043,170,DLX,Deluxe Room,120.22,1,2021-12-03 17:20:13,2021-12-30 09:47:47
RM-HTL0043-171,HTL0043,171,SUT,Suite Room,264.61,1,2021-12-10 17:50:38,2021-12-10 17:50:38
RM-HTL0043-172,HTL0043,172,SUT,Suite Room,258.71,1,2021-12-13 23:21:44,2021-12-13 23:21:44
RM-HTL0043-173,HTL0043,173,STD,Standard Room,87.13,1,2021-11-15 05:18:01,2024-07-10 03:38:07
RM-HTL0043-174,HTL0043,174,STD,Standard Room,50.35,0,2021-11-16 20:06:35,2021-11-16 20:06:35
RM-HTL0043-175,HTL0043,175,SUT,Suite Room,258.25,1,2021-11-25 02:41:04,2021-11-25 02:41:04
RM-HTL0043-176,HTL0043,176,STD,Standard Room,64.09,1,2021-12-11 19:47:32,2021-12-11 19:47:32
RM-HTL0043-177,HTL0043,177,EXE,Executive Suite,409.82,1,2021-12-02 00:16:02,2022-12-06 06:33:37
RM-HTL0043-178,HTL0043,178,EXE,Executive Suite,401.77,1,2021-12-02 14:28:45,2025-01-22 06:33:06
RM-HTL0043-179,HTL0043,179,SUP,Superior Room,76.26,1,2021-12-03 01:00:55,2025-09-19 23:13:29
RM-HTL0043-180,HTL0043,180,EXE,Executive Suite,407.89,1,2021-11-18 20:42:10,2022-11-12 19:03:06
RM-HTL0044-101,HTL0044,101,STD,Standard Room,47.02,1,2022-12-16 06:20:50,2022-12-16 06:20:50
RM-HTL0044-102,HTL0044,102,EXE,Executive Suite,412.48,1,2022-12-02 20:23:31,2022-12-02 20:23:31
RM-HTL0044-103,HTL0044,103,EXE,Executive Suite,400.62,0,2022-12-15 12:07:59,2022-12-15 12:07:59
RM-HTL0044-104,HTL0044,104,SUP,Superior Room,80.76,1,2022-12-09 22:23:25,2022-12-09 22:23:25
RM-HTL0044-105,HTL0044,105,STD,Standard Room,45.13,1,2022-12-03 23:12:56,2026-05-07 13:11:45
RM-HTL0044-106,HTL0044,106,SUT,Suite Room,259.77,1,2022-12-05 19:25:39,2023-04-12 16:02:03
RM-HTL0044-107,HTL0044,107,SUP,Superior Room,77.17,1,2022-12-15 06:59:49,2025-11-16 10:08:35
RM-HTL0044-108,HTL0044,108,DLX,Deluxe Room,109.21,1,2022-12-17 15:30:01,2023-12-27 22:51:33
RM-HTL0044-109,HTL0044,109,SUP,Superior Room,84.98,1,2022-12-09 07:18:11,2024-02-13 21:12:51
RM-HTL0044-110,HTL0044,110,DLX,Deluxe Room,115.61,1,2022-11-29 10:03:04,2026-02-23 21:04:16
RM-HTL0044-111,HTL0044,111,SUP,Superior Room,86.44,1,2022-12-11 08:41:11,2023-06-17 10:23:54
RM-HTL0044-112,HTL0044,112,EXE,Executive Suite,404.63,1,2022-12-05 02:28:11,2025-11-24 20:35:48
RM-HTL0044-113,HTL0044,113,STD,Standard Room,60.7,1,2022-11-26 02:58:35,2024-05-05 18:02:03
RM-HTL0044-114,HTL0044,114,DLX,Deluxe Room,116.88,1,2022-12-03 05:19:03,2022-12-03 05:19:03
RM-HTL0044-115,HTL0044,115,DLX,Deluxe Room,120.43,0,2022-11-30 06:49:04,2025-09-20 06:31:15
RM-HTL0044-116,HTL0044,116,SUP,Superior Room,74.79,1,2022-12-22 05:18:42,2024-09-23 23:11:00
RM-HTL0044-117,HTL0044,117,STD,Standard Room,63.91,1,2022-12-19 19:06:15,2025-11-15 20:50:45
RM-HTL0044-118,HTL0044,118,STD,Standard Room,61.84,1,2022-12-20 05:55:57,2023-01-20 02:41:25
RM-HTL0044-119,HTL0044,119,SUT,Suite Room,260.33,1,2022-11-27 13:35:33,2022-11-27 13:35:33
RM-HTL0044-120,HTL0044,120,DLX,Deluxe Room,115.74,1,2022-12-16 23:27:10,2024-07-23 00:11:59
RM-HTL0044-121,HTL0044,121,SUT,Suite Room,248.03,1,2022-12-10 04:35:40,2024-12-07 13:22:05
RM-HTL0044-122,HTL0044,122,STD,Standard Room,64.14,1,2022-12-04 20:11:27,2022-12-04 20:11:27
RM-HTL0044-123,HTL0044,123,EXE,Executive Suite,398.6,1,2022-12-12 00:47:43,2025-08-03 23:46:52
RM-HTL0044-124,HTL0044,124,SUP,Superior Room,74.97,1,2022-12-07 19:14:01,2022-12-07 19:14:01
RM-HTL0044-125,HTL0044,125,STD,Standard Room,47.52,1,2022-11-26 05:49:05,2025-11-09 06:43:09
RM-HTL0044-126,HTL0044,126,SUP,Superior Room,75.03,1,2022-11-26 16:59:11,2024-05-20 09:48:17
RM-HTL0044-127,HTL0044,127,STD,Standard Room,49.23,1,2022-12-13 00:55:29,2022-12-13 00:55:29
RM-HTL0044-128,HTL0044,128,SUP,Superior Room,85.63,1,2022-12-20 03:47:29,2024-03-27 12:03:40
RM-HTL0044-129,HTL0044,129,EXE,Executive Suite,401.41,1,2022-12-08 07:21:25,2022-12-08 07:21:25
RM-HTL0044-130,HTL0044,130,DLX,Deluxe Room,119.83,1,2022-12-02 18:39:32,2025-04-15 08:41:54
RM-HTL0044-131,HTL0044,131,DLX,Deluxe Room,107.86,1,2022-12-16 19:19:19,2022-12-16 19:19:19
RM-HTL0044-132,HTL0044,132,DLX,Deluxe Room,109.5,1,2022-11-29 02:23:20,2022-11-29 02:23:20
RM-HTL0044-133,HTL0044,133,SUP,Superior Room,78.39,1,2022-12-10 12:01:34,2022-12-10 12:01:34
RM-HTL0044-134,HTL0044,134,DLX,Deluxe Room,123.06,1,2022-12-09 06:34:34,2022-12-09 06:34:34
RM-HTL0044-135,HTL0044,135,SUT,Suite Room,258.52,0,2022-12-25 00:29:56,2023-07-30 05:07:28
RM-HTL0044-136,HTL0044,136,SUT,Suite Room,248.16,1,2022-11-27 03:08:41,2025-12-30 02:53:51
RM-HTL0044-137,HTL0044,137,DLX,Deluxe Room,120.62,1,2022-12-07 07:10:47,2024-02-09 00:03:59
RM-HTL0044-138,HTL0044,138,SUP,Superior Room,88.21,1,2022-12-11 21:54:05,2024-11-29 13:53:26
RM-HTL0044-139,HTL0044,139,SUP,Superior Room,77.64,1,2022-12-23 03:37:44,2023-04-05 07:12:36
RM-HTL0044-140,HTL0044,140,SUP,Superior Room,85.97,1,2022-12-03 18:58:46,2026-05-22 21:02:08
RM-HTL0044-141,HTL0044,141,EXE,Executive Suite,414.88,1,2022-12-12 09:50:15,2023-10-27 09:50:15
RM-HTL0044-142,HTL0044,142,SUT,Suite Room,261.62,1,2022-12-20 06:43:07,2022-12-20 06:43:07
RM-HTL0044-143,HTL0044,143,SUT,Suite Room,260.39,1,2022-11-28 14:25:17,2023-02-16 07:31:21
RM-HTL0044-144,HTL0044,144,EXE,Executive Suite,409.9,1,2022-12-05 00:20:06,2025-10-20 03:32:15
RM-HTL0044-145,HTL0044,145,SUT,Suite Room,262.48,1,2022-12-07 07:40:21,2024-06-28 23:04:57
RM-HTL0044-146,HTL0044,146,DLX,Deluxe Room,124.91,1,2022-12-03 02:26:14,2024-06-28 07:35:19
RM-HTL0044-147,HTL0044,147,DLX,Deluxe Room,110.76,1,2022-12-02 16:36:52,2025-08-24 06:19:23
RM-HTL0044-148,HTL0044,148,SUT,Suite Room,259.59,1,2022-11-28 13:52:03,2022-11-28 13:52:03
RM-HTL0044-149,HTL0044,149,EXE,Executive Suite,398.17,1,2022-11-29 16:34:14,2025-05-17 12:50:09
RM-HTL0044-150,HTL0044,150,SUT,Suite Room,258.63,1,2022-12-19 07:23:01,2023-01-22 06:05:57
RM-HTL0045-101,HTL0045,101,SUP,Superior Room,82.22,1,2020-07-17 15:23:40,2021-02-27 10:19:56
RM-HTL0045-102,HTL0045,102,STD,Standard Room,48.79,1,2020-08-09 14:37:35,2020-08-09 14:37:35
RM-HTL0045-103,HTL0045,103,EXE,Executive Suite,403.33,1,2020-07-12 05:14:19,2022-11-27 09:14:04
RM-HTL0045-104,HTL0045,104,DLX,Deluxe Room,105.98,1,2020-08-08 20:32:15,2024-12-15 05:40:27
RM-HTL0045-105,HTL0045,105,SUP,Superior Room,81.39,1,2020-07-30 02:03:35,2020-07-30 02:03:35
RM-HTL0045-106,HTL0045,106,STD,Standard Room,50.17,1,2020-08-10 18:42:58,2020-08-10 18:42:58
RM-HTL0045-107,HTL0045,107,STD,Standard Room,47.77,1,2020-08-01 23:45:21,2022-05-20 06:57:29
RM-HTL0045-108,HTL0045,108,SUT,Suite Room,259.73,1,2020-08-01 09:22:30,2026-03-11 07:12:09
RM-HTL0045-109,HTL0045,109,SUT,Suite Room,254.24,1,2020-08-06 20:06:00,2020-08-06 20:06:00
RM-HTL0045-110,HTL0045,110,DLX,Deluxe Room,111.98,1,2020-08-11 16:52:16,2026-02-16 23:25:48
RM-HTL0045-111,HTL0045,111,STD,Standard Room,60.68,1,2020-08-05 07:43:00,2020-08-05 07:43:00
RM-HTL0045-112,HTL0045,112,EXE,Executive Suite,410.68,1,2020-08-03 03:41:11,2024-02-12 00:04:25
RM-HTL0045-113,HTL0045,113,SUP,Superior Room,87.44,1,2020-07-21 10:35:40,2021-04-07 07:01:41
RM-HTL0045-114,HTL0045,114,SUP,Superior Room,87.82,1,2020-07-16 03:35:50,2021-06-02 07:03:54
RM-HTL0045-115,HTL0045,115,STD,Standard Room,49.45,1,2020-07-16 06:58:32,2024-03-28 17:11:51
RM-HTL0045-116,HTL0045,116,EXE,Executive Suite,403.13,1,2020-07-24 08:56:43,2021-09-19 11:41:10
RM-HTL0045-117,HTL0045,117,SUP,Superior Room,75.22,1,2020-08-10 15:43:50,2024-05-21 18:19:10
RM-HTL0045-118,HTL0045,118,SUP,Superior Room,71.62,1,2020-08-01 17:47:26,2021-07-14 03:44:45
RM-HTL0045-119,HTL0045,119,SUT,Suite Room,264.17,1,2020-08-04 11:52:29,2023-06-18 21:35:49
RM-HTL0045-120,HTL0045,120,EXE,Executive Suite,399.79,1,2020-08-05 05:11:08,2021-05-19 00:51:52
RM-HTL0045-121,HTL0045,121,SUT,Suite Room,259.42,1,2020-07-24 17:23:52,2022-12-29 19:10:38
RM-HTL0045-122,HTL0045,122,DLX,Deluxe Room,154.01,1,2020-07-30 23:01:33,2020-07-30 23:01:33
RM-HTL0045-123,HTL0045,123,EXE,Executive Suite,402.65,1,2020-07-12 03:26:53,2020-12-23 20:09:36
RM-HTL0045-124,HTL0045,124,SUP,Superior Room,74.19,1,2020-08-07 05:22:05,2022-01-16 14:28:06
RM-HTL0045-125,HTL0045,125,DLX,Deluxe Room,115.12,1,2020-07-14 10:42:07,2024-05-25 12:05:21
RM-HTL0045-126,HTL0045,126,STD,Standard Room,51.29,1,2020-07-24 14:15:15,2025-04-16 07:16:29
RM-HTL0045-127,HTL0045,127,SUT,Suite Room,255.18,1,2020-08-01 10:41:44,2020-08-01 10:41:44
RM-HTL0045-128,HTL0045,128,SUP,Superior Room,80.96,1,2020-07-30 16:18:03,2026-05-05 08:16:27
RM-HTL0045-129,HTL0045,129,DLX,Deluxe Room,112.26,1,2020-08-09 03:51:58,2024-04-11 09:36:49
RM-HTL0045-130,HTL0045,130,EXE,Executive Suite,397.67,1,2020-07-25 23:02:58,2022-12-02 18:23:59
RM-HTL0045-131,HTL0045,131,SUP,Superior Room,84.12,1,2020-07-28 09:08:00,2026-03-17 15:15:41
RM-HTL0045-132,HTL0045,132,SUP,Superior Room,80.85,1,2020-08-06 14:51:16,2020-08-06 14:51:16
RM-HTL0045-133,HTL0045,133,SUP,Superior Room,85.57,1,2020-07-19 15:31:36,2021-04-22 07:40:49
RM-HTL0045-134,HTL0045,134,STD,Standard Room,47.22,1,2020-07-27 22:10:23,2025-09-16 11:21:06
RM-HTL0045-135,HTL0045,135,SUT,Suite Room,260.16,1,2020-07-21 12:10:58,2020-07-21 12:10:58
RM-HTL0045-136,HTL0045,136,SUT,Suite Room,247.51,1,2020-07-27 15:03:34,2024-08-07 03:25:28
RM-HTL0045-137,HTL0045,137,STD,Standard Room,48.35,1,2020-07-30 17:30:13,2023-04-04 08:27:59
RM-HTL0045-138,HTL0045,138,STD,Standard Room,48.73,1,2020-08-08 02:57:09,2020-08-08 02:57:09
RM-HTL0045-139,HTL0045,139,STD,Standard Room,45.74,1,2020-08-11 15:41:13,2025-03-11 20:49:42
RM-HTL0045-140,HTL0045,140,STD,Standard Room,45.67,1,2020-07-12 06:10:24,2024-06-21 07:18:07
RM-HTL0045-141,HTL0045,141,SUT,Suite Room,255.43,1,2020-08-04 15:07:14,2025-06-05 19:34:52
RM-HTL0045-142,HTL0045,142,EXE,Executive Suite,405.49,1,2020-07-28 08:58:44,2025-05-06 08:58:02
RM-HTL0045-143,HTL0045,143,STD,Standard Room,57.88,1,2020-07-30 22:54:33,2023-06-24 06:02:03
RM-HTL0045-144,HTL0045,144,EXE,Executive Suite,400.41,1,2020-07-28 04:24:01,2025-12-19 13:45:09
RM-HTL0045-145,HTL0045,145,DLX,Deluxe Room,109.08,1,2020-07-30 22:12:10,2025-11-20 11:19:33
RM-HTL0045-146,HTL0045,146,STD,Standard Room,49.98,1,2020-08-01 23:53:13,2020-10-14 03:37:21
RM-HTL0045-147,HTL0045,147,DLX,Deluxe Room,118.57,1,2020-07-13 20:13:08,2021-08-17 19:36:50
RM-HTL0045-148,HTL0045,148,DLX,Deluxe Room,119.16,1,2020-07-28 13:20:33,2023-03-20 14:13:40
RM-HTL0045-149,HTL0045,149,STD,Standard Room,60.75,1,2020-07-31 11:37:37,2024-11-09 15:23:58
RM-HTL0045-150,HTL0045,150,SUP,Superior Room,77.75,0,2020-07-13 00:00:49,2020-07-13 00:00:49
RM-HTL0046-101,HTL0046,101,SUT,Suite Room,263.55,1,2020-02-26 01:21:33,2021-12-31 08:41:18
RM-HTL0046-102,HTL0046,102,SUT,Suite Room,264.8,1,2020-03-10 06:47:46,2020-07-12 08:53:39
RM-HTL0046-103,HTL0046,103,SUT,Suite Room,247.42,1,2020-02-10 17:08:44,2021-03-20 06:56:48
RM-HTL0046-104,HTL0046,104,DLX,Deluxe Room,111.79,1,2020-02-18 20:37:54,2026-05-20 05:37:35
RM-HTL0046-105,HTL0046,105,STD,Standard Room,52.85,1,2020-02-23 08:19:12,2020-02-23 08:19:12
RM-HTL0046-106,HTL0046,106,SUT,Suite Room,276.99,1,2020-02-16 06:42:29,2024-05-05 03:51:49
RM-HTL0046-107,HTL0046,107,SUP,Superior Room,83.1,1,2020-02-29 17:10:35,2021-03-09 15:03:53
RM-HTL0046-108,HTL0046,108,DLX,Deluxe Room,111.04,1,2020-02-10 07:14:38,2025-02-10 19:15:59
RM-HTL0046-109,HTL0046,109,SUT,Suite Room,259.39,1,2020-02-17 15:12:23,2020-02-17 15:12:23
RM-HTL0046-110,HTL0046,110,SUT,Suite Room,251.27,1,2020-02-19 13:05:29,2024-08-30 20:00:27
RM-HTL0046-111,HTL0046,111,DLX,Deluxe Room,122.85,1,2020-02-29 17:27:38,2020-02-29 17:27:38
RM-HTL0046-112,HTL0046,112,DLX,Deluxe Room,120.47,1,2020-03-10 01:00:44,2026-01-25 08:55:57
RM-HTL0046-113,HTL0046,113,STD,Standard Room,64.62,1,2020-02-24 01:05:22,2024-10-26 21:54:26
RM-HTL0046-114,HTL0046,114,EXE,Executive Suite,408.03,1,2020-02-17 20:49:00,2024-11-10 07:54:54
RM-HTL0046-115,HTL0046,115,EXE,Executive Suite,397.77,1,2020-02-14 11:56:19,2020-02-14 11:56:19
RM-HTL0046-116,HTL0046,116,STD,Standard Room,59.75,1,2020-02-16 10:48:09,2020-09-05 13:52:32
RM-HTL0046-117,HTL0046,117,SUT,Suite Room,257.18,1,2020-03-01 12:57:40,2020-03-01 12:57:40
RM-HTL0046-118,HTL0046,118,STD,Standard Room,46.86,1,2020-02-19 09:56:28,2022-01-29 15:50:34
RM-HTL0046-119,HTL0046,119,STD,Standard Room,45.39,1,2020-03-10 11:28:04,2024-03-17 04:07:38
RM-HTL0046-120,HTL0046,120,SUP,Superior Room,80.39,1,2020-02-13 21:32:38,2022-04-17 15:38:42
RM-HTL0046-121,HTL0046,121,SUP,Superior Room,75.68,1,2020-02-20 18:22:32,2025-06-16 21:43:49
RM-HTL0046-122,HTL0046,122,EXE,Executive Suite,409.71,1,2020-02-21 16:18:39,2025-01-22 18:37:49
RM-HTL0046-123,HTL0046,123,STD,Standard Room,53.69,1,2020-02-28 14:46:22,2025-07-12 18:02:20
RM-HTL0046-124,HTL0046,124,EXE,Executive Suite,403.55,1,2020-03-05 17:04:14,2020-06-16 14:23:43
RM-HTL0046-125,HTL0046,125,STD,Standard Room,61.36,1,2020-03-10 13:50:46,2020-12-30 05:49:49
RM-HTL0046-126,HTL0046,126,DLX,Deluxe Room,116.54,1,2020-02-11 06:59:32,2024-03-17 07:58:38
RM-HTL0046-127,HTL0046,127,STD,Standard Room,88.06,1,2020-02-23 01:40:23,2020-02-23 01:40:23
RM-HTL0046-128,HTL0046,128,EXE,Executive Suite,396.24,1,2020-02-23 20:56:15,2020-02-23 20:56:15
RM-HTL0046-129,HTL0046,129,EXE,Executive Suite,412.01,1,2020-02-13 18:17:13,2021-02-21 11:02:47
RM-HTL0046-130,HTL0046,130,SUP,Superior Room,80.17,1,2020-02-22 12:07:46,2025-06-25 12:18:33
RM-HTL0046-131,HTL0046,131,DLX,Deluxe Room,121.38,1,2020-03-08 07:28:47,2023-02-03 00:27:11
RM-HTL0046-132,HTL0046,132,EXE,Executive Suite,401.81,1,2020-03-04 13:31:08,2020-03-04 13:31:08
RM-HTL0046-133,HTL0046,133,EXE,Executive Suite,398.57,1,2020-03-05 06:29:11,2025-05-06 21:23:26
RM-HTL0046-134,HTL0046,134,SUP,Superior Room,79.39,1,2020-02-14 10:33:56,2020-02-14 10:33:56
RM-HTL0046-135,HTL0046,135,EXE,Executive Suite,402.46,1,2020-02-24 03:11:37,2023-12-31 10:45:41
RM-HTL0046-136,HTL0046,136,EXE,Executive Suite,409.09,1,2020-02-16 11:16:56,2024-10-28 12:15:59
RM-HTL0046-137,HTL0046,137,SUT,Suite Room,247.54,1,2020-02-22 13:18:59,2020-11-11 19:58:37
RM-HTL0046-138,HTL0046,138,SUT,Suite Room,249.54,1,2020-03-08 22:25:00,2020-03-08 22:25:00
RM-HTL0046-139,HTL0046,139,EXE,Executive Suite,410.58,1,2020-03-05 04:50:07,2020-03-05 04:50:07
RM-HTL0046-140,HTL0046,140,EXE,Executive Suite,412.14,1,2020-02-11 12:55:54,2024-02-25 06:27:16
RM-HTL0046-141,HTL0046,141,SUP,Superior Room,70.87,1,2020-02-24 04:29:45,2025-12-21 16:53:12
RM-HTL0046-142,HTL0046,142,STD,Standard Room,56.82,1,2020-02-13 13:37:22,2025-07-06 06:21:07
RM-HTL0046-143,HTL0046,143,SUT,Suite Room,255.1,1,2020-02-28 17:07:05,2020-02-28 22:54:29
RM-HTL0046-144,HTL0046,144,EXE,Executive Suite,396.69,1,2020-02-13 04:50:52,2023-06-12 00:25:40
RM-HTL0046-145,HTL0046,145,STD,Standard Room,45.89,1,2020-03-07 22:04:57,2021-09-23 18:30:57
RM-HTL0046-146,HTL0046,146,SUT,Suite Room,252.66,1,2020-03-01 17:16:13,2020-03-01 17:16:13
RM-HTL0046-147,HTL0046,147,SUP,Superior Room,79.79,1,2020-03-11 03:06:14,2020-03-11 03:06:14
RM-HTL0046-148,HTL0046,148,STD,Standard Room,48.24,1,2020-03-03 15:18:36,2024-02-17 13:46:52
RM-HTL0046-149,HTL0046,149,STD,Standard Room,54.9,1,2020-02-15 02:37:00,2024-08-06 22:16:10
RM-HTL0046-150,HTL0046,150,DLX,Deluxe Room,121.68,1,2020-02-14 01:38:24,2023-06-17 18:01:18
RM-HTL0046-151,HTL0046,151,EXE,Executive Suite,396.92,1,2020-03-02 12:54:59,2020-03-02 12:54:59
RM-HTL0046-152,HTL0046,152,DLX,Deluxe Room,122.6,1,2020-02-12 23:20:08,2020-02-12 23:20:08
RM-HTL0046-153,HTL0046,153,SUT,Suite Room,254.56,1,2020-02-13 12:58:55,2021-10-09 05:49:31
RM-HTL0046-154,HTL0046,154,STD,Standard Room,60.38,1,2020-03-09 04:54:58,2025-12-27 17:58:31
RM-HTL0046-155,HTL0046,155,STD,Standard Room,60.24,1,2020-02-11 19:13:38,2022-06-25 02:17:34
RM-HTL0046-156,HTL0046,156,STD,Standard Room,49.51,1,2020-02-15 18:07:50,2020-02-15 18:07:50
RM-HTL0046-157,HTL0046,157,DLX,Deluxe Room,113.85,1,2020-03-11 15:52:11,2020-07-01 11:18:11
RM-HTL0046-158,HTL0046,158,SUT,Suite Room,247.65,1,2020-02-20 19:39:39,2020-02-20 19:39:39
RM-HTL0046-159,HTL0046,159,SUT,Suite Room,262.14,1,2020-03-06 03:23:13,2020-08-15 06:11:10
RM-HTL0046-160,HTL0046,160,EXE,Executive Suite,406.41,1,2020-03-04 14:39:04,2020-03-04 14:39:04
RM-HTL0046-161,HTL0046,161,DLX,Deluxe Room,121.47,1,2020-03-05 10:09:05,2025-11-26 01:42:05
RM-HTL0046-162,HTL0046,162,DLX,Deluxe Room,123.09,1,2020-02-16 01:07:26,2024-05-18 16:01:45
RM-HTL0046-163,HTL0046,163,STD,Standard Room,50.79,1,2020-03-05 13:54:22,2021-09-19 06:10:01
RM-HTL0046-164,HTL0046,164,EXE,Executive Suite,399.39,1,2020-03-01 07:09:43,2025-09-30 07:34:41
RM-HTL0046-165,HTL0046,165,SUP,Superior Room,84.5,1,2020-03-11 16:18:47,2020-03-11 16:18:47
RM-HTL0046-166,HTL0046,166,STD,Standard Room,46.5,0,2020-02-11 13:55:18,2023-04-04 08:41:25
RM-HTL0046-167,HTL0046,167,EXE,Executive Suite,414.9,1,2020-03-08 09:04:14,2020-03-08 09:04:14
RM-HTL0046-168,HTL0046,168,DLX,Deluxe Room,119.83,1,2020-03-10 20:33:06,2025-04-19 15:49:09
RM-HTL0046-169,HTL0046,169,STD,Standard Room,60.91,1,2020-02-25 07:25:21,2020-07-28 22:45:43
RM-HTL0046-170,HTL0046,170,SUT,Suite Room,255.23,1,2020-02-26 06:38:07,2025-05-02 03:23:14
RM-HTL0046-171,HTL0046,171,STD,Standard Room,61.44,1,2020-03-05 22:16:42,2023-04-24 19:44:09
RM-HTL0046-172,HTL0046,172,EXE,Executive Suite,414.07,1,2020-03-07 16:16:33,2020-03-07 16:16:33
RM-HTL0046-173,HTL0046,173,EXE,Executive Suite,399.05,1,2020-03-06 15:53:35,2024-04-29 20:10:37
RM-HTL0046-174,HTL0046,174,SUT,Suite Room,261.62,1,2020-02-18 03:52:35,2020-02-18 03:52:35
RM-HTL0046-175,HTL0046,175,SUT,Suite Room,259.35,1,2020-02-11 10:53:17,2025-11-25 23:59:41
RM-HTL0046-176,HTL0046,176,STD,Standard Room,50.08,1,2020-02-18 23:12:27,2026-04-11 13:31:36
RM-HTL0046-177,HTL0046,177,DLX,Deluxe Room,120.17,1,2020-02-29 14:33:14,2025-07-26 03:30:39
RM-HTL0046-178,HTL0046,178,EXE,Executive Suite,404.68,1,2020-03-01 12:00:13,2024-09-02 14:39:30
RM-HTL0046-179,HTL0046,179,STD,Standard Room,63.3,1,2020-02-10 22:41:08,2023-07-24 14:13:56
RM-HTL0046-180,HTL0046,180,STD,Standard Room,55.07,1,2020-02-27 17:25:35,2025-11-05 14:26:29
RM-HTL0046-181,HTL0046,181,SUT,Suite Room,263.49,1,2020-02-16 01:00:27,2021-02-14 01:21:31
RM-HTL0046-182,HTL0046,182,SUP,Superior Room,77.69,1,2020-02-12 20:02:32,2020-02-12 20:02:32
RM-HTL0046-183,HTL0046,183,STD,Standard Room,52.84,1,2020-02-16 04:17:43,2024-07-15 02:27:39
RM-HTL0046-184,HTL0046,184,DLX,Deluxe Room,115.07,1,2020-03-06 16:49:22,2020-03-06 16:49:22
RM-HTL0046-185,HTL0046,185,SUP,Superior Room,78.92,1,2020-03-10 10:26:35,2020-12-23 02:02:03
RM-HTL0046-186,HTL0046,186,STD,Standard Room,53.93,1,2020-03-02 04:21:48,2020-03-02 04:21:48
RM-HTL0046-187,HTL0046,187,DLX,Deluxe Room,119.1,1,2020-02-29 14:14:36,2020-02-29 14:14:36
RM-HTL0046-188,HTL0046,188,SUT,Suite Room,264.4,1,2020-03-08 05:55:19,2025-05-09 16:17:14
RM-HTL0046-189,HTL0046,189,STD,Standard Room,57.19,1,2020-03-07 14:00:21,2021-08-08 14:01:43
RM-HTL0046-190,HTL0046,190,EXE,Executive Suite,404.19,1,2020-03-05 20:59:45,2022-01-10 06:40:45
RM-HTL0046-191,HTL0046,191,STD,Standard Room,58.08,1,2020-02-14 19:09:17,2020-05-08 22:02:36
RM-HTL0046-192,HTL0046,192,SUP,Superior Room,88.47,1,2020-02-29 13:56:53,2026-05-12 08:37:53
RM-HTL0046-193,HTL0046,193,SUP,Superior Room,77.87,1,2020-03-08 03:38:54,2020-03-08 03:38:54
RM-HTL0046-194,HTL0046,194,DLX,Deluxe Room,124.95,1,2020-02-19 04:13:25,2024-06-15 05:03:05
RM-HTL0046-195,HTL0046,195,EXE,Executive Suite,407.2,1,2020-02-19 04:48:18,2025-10-11 07:03:37
RM-HTL0046-196,HTL0046,196,DLX,Deluxe Room,108.41,1,2020-02-24 14:44:19,2020-02-24 14:44:19
RM-HTL0046-197,HTL0046,197,DLX,Deluxe Room,106.8,1,2020-02-12 19:16:02,2026-01-29 13:20:06
RM-HTL0046-198,HTL0046,198,SUT,Suite Room,253.95,1,2020-03-03 10:38:57,2020-03-03 10:38:57
RM-HTL0046-199,HTL0046,199,SUP,Superior Room,79.7,1,2020-02-18 02:07:58,2022-01-13 10:01:50
RM-HTL0046-200,HTL0046,200,STD,Standard Room,50.8,1,2020-03-07 07:35:04,2020-03-07 07:35:04
RM-HTL0046-201,HTL0046,201,STD,Standard Room,55.87,1,2020-02-26 17:13:41,2021-12-06 00:16:49
RM-HTL0046-202,HTL0046,202,EXE,Executive Suite,397.17,1,2020-02-19 13:20:20,2022-07-17 21:21:26
RM-HTL0046-203,HTL0046,203,SUT,Suite Room,255.43,1,2020-03-02 07:37:21,2025-02-02 14:37:07
RM-HTL0046-204,HTL0046,204,DLX,Deluxe Room,115.81,1,2020-02-16 13:18:51,2020-04-01 11:42:27
RM-HTL0046-205,HTL0046,205,DLX,Deluxe Room,108.99,1,2020-03-09 16:27:52,2021-06-03 19:07:22
RM-HTL0046-206,HTL0046,206,EXE,Executive Suite,396.14,1,2020-02-21 08:23:13,2022-05-13 13:09:56
RM-HTL0046-207,HTL0046,207,SUP,Superior Room,86.74,1,2020-03-11 06:14:26,2023-04-19 18:16:17
RM-HTL0046-208,HTL0046,208,SUP,Superior Room,83.72,0,2020-02-15 00:56:23,2024-07-13 08:47:56
RM-HTL0046-209,HTL0046,209,EXE,Executive Suite,405.56,1,2020-02-13 14:48:15,2020-02-13 14:48:15
RM-HTL0046-210,HTL0046,210,EXE,Executive Suite,405.62,1,2020-03-09 12:35:48,2020-06-12 12:16:45
RM-HTL0046-211,HTL0046,211,DLX,Deluxe Room,109.16,1,2020-02-25 15:57:57,2024-04-20 00:23:38
RM-HTL0046-212,HTL0046,212,SUP,Superior Room,74.96,1,2020-03-10 05:02:07,2025-11-06 17:44:56
RM-HTL0046-213,HTL0046,213,SUT,Suite Room,245.4,1,2020-02-25 22:41:09,2020-02-25 22:41:09
RM-HTL0046-214,HTL0046,214,STD,Standard Room,62.07,1,2020-02-11 12:51:56,2022-05-03 10:20:07
RM-HTL0046-215,HTL0046,215,EXE,Executive Suite,407.48,1,2020-02-27 02:01:38,2020-02-27 02:01:38
RM-HTL0046-216,HTL0046,216,STD,Standard Room,48.42,1,2020-03-02 17:59:12,2021-11-30 10:01:22
RM-HTL0046-217,HTL0046,217,DLX,Deluxe Room,105.83,1,2020-03-05 22:50:55,2023-04-09 02:33:04
RM-HTL0046-218,HTL0046,218,STD,Standard Room,64.36,1,2020-03-06 00:59:20,2020-03-06 00:59:20
RM-HTL0046-219,HTL0046,219,SUP,Superior Room,79.1,1,2020-02-16 04:29:12,2024-02-03 11:29:01
RM-HTL0046-220,HTL0046,220,DLX,Deluxe Room,121.67,1,2020-02-13 15:09:44,2020-02-13 15:09:44
RM-HTL0047-101,HTL0047,101,DLX,Deluxe Room,106.19,1,2022-11-17 14:22:19,2024-05-30 21:08:07
RM-HTL0047-102,HTL0047,102,STD,Standard Room,53.15,1,2022-11-19 22:36:14,2022-12-29 05:43:53
RM-HTL0047-103,HTL0047,103,SUP,Superior Room,86.86,1,2022-11-02 03:20:31,2024-12-11 20:41:33
RM-HTL0047-104,HTL0047,104,DLX,Deluxe Room,118.32,1,2022-10-20 13:21:44,2022-10-20 13:21:44
RM-HTL0047-105,HTL0047,105,STD,Standard Room,48.0,1,2022-11-18 22:53:13,2022-11-18 22:53:13
RM-HTL0047-106,HTL0047,106,SUT,Suite Room,252.8,1,2022-10-30 04:30:55,2022-12-08 01:01:45
RM-HTL0047-107,HTL0047,107,SUT,Suite Room,249.0,1,2022-11-04 11:16:11,2026-02-23 18:53:31
RM-HTL0047-108,HTL0047,108,SUT,Suite Room,254.74,1,2022-10-31 15:10:18,2025-09-02 04:48:37
RM-HTL0047-109,HTL0047,109,DLX,Deluxe Room,123.47,1,2022-11-08 15:54:56,2023-01-12 03:52:18
RM-HTL0047-110,HTL0047,110,STD,Standard Room,54.43,1,2022-10-21 03:57:37,2025-12-02 18:55:13
RM-HTL0047-111,HTL0047,111,SUP,Superior Room,75.03,1,2022-11-09 04:54:12,2025-08-13 10:30:49
RM-HTL0047-112,HTL0047,112,DLX,Deluxe Room,105.74,1,2022-11-17 21:45:05,2022-11-17 21:45:05
RM-HTL0047-113,HTL0047,113,STD,Standard Room,64.09,1,2022-10-30 21:12:13,2026-02-24 06:27:36
RM-HTL0047-114,HTL0047,114,DLX,Deluxe Room,115.43,1,2022-10-20 00:05:11,2022-10-20 00:05:11
RM-HTL0047-115,HTL0047,115,SUT,Suite Room,264.85,1,2022-10-21 18:57:26,2025-12-11 02:18:42
RM-HTL0047-116,HTL0047,116,SUT,Suite Room,260.82,1,2022-11-04 21:49:49,2022-11-04 21:49:49
RM-HTL0047-117,HTL0047,117,STD,Standard Room,46.58,1,2022-10-27 08:54:59,2025-12-15 04:30:09
RM-HTL0047-118,HTL0047,118,EXE,Executive Suite,397.89,1,2022-11-11 12:31:03,2023-09-10 15:54:07
RM-HTL0047-119,HTL0047,119,SUP,Superior Room,76.06,1,2022-10-28 02:25:55,2022-10-28 02:25:55
RM-HTL0047-120,HTL0047,120,SUP,Superior Room,77.74,1,2022-11-12 08:00:38,2025-12-26 20:51:56
RM-HTL0047-121,HTL0047,121,SUT,Suite Room,246.24,1,2022-11-12 21:39:15,2025-10-11 02:04:24
RM-HTL0047-122,HTL0047,122,SUT,Suite Room,245.37,1,2022-11-17 01:58:29,2024-04-15 14:23:36
RM-HTL0047-123,HTL0047,123,DLX,Deluxe Room,116.08,1,2022-11-12 21:08:15,2022-12-13 19:30:01
RM-HTL0047-124,HTL0047,124,SUP,Superior Room,72.73,1,2022-10-24 07:11:13,2026-05-08 04:58:42
RM-HTL0047-125,HTL0047,125,SUT,Suite Room,264.84,1,2022-11-16 12:02:20,2026-03-08 11:22:16
RM-HTL0047-126,HTL0047,126,SUP,Superior Room,84.03,1,2022-10-30 03:06:41,2022-10-30 03:06:41
RM-HTL0047-127,HTL0047,127,EXE,Executive Suite,408.33,1,2022-11-08 23:14:12,2022-12-11 03:57:06
RM-HTL0047-128,HTL0047,128,EXE,Executive Suite,398.55,1,2022-11-05 08:18:32,2024-05-04 02:00:17
RM-HTL0047-129,HTL0047,129,SUP,Superior Room,78.29,1,2022-10-30 14:45:27,2023-02-11 10:45:48
RM-HTL0047-130,HTL0047,130,STD,Standard Room,48.29,1,2022-11-16 22:59:17,2023-06-04 23:08:01
RM-HTL0047-131,HTL0047,131,SUP,Superior Room,83.91,1,2022-11-02 12:20:08,2025-01-16 00:40:14
RM-HTL0047-132,HTL0047,132,STD,Standard Room,59.92,1,2022-11-09 12:39:07,2022-11-26 02:13:52
RM-HTL0047-133,HTL0047,133,DLX,Deluxe Room,108.11,1,2022-11-19 18:44:46,2023-10-30 14:53:13
RM-HTL0047-134,HTL0047,134,SUT,Suite Room,275.64,1,2022-10-23 11:07:42,2024-11-12 18:10:39
RM-HTL0047-135,HTL0047,135,EXE,Executive Suite,410.51,1,2022-10-27 02:48:06,2022-10-27 02:48:06
RM-HTL0047-136,HTL0047,136,STD,Standard Room,53.52,1,2022-10-26 20:36:37,2022-10-26 20:36:37
RM-HTL0047-137,HTL0047,137,DLX,Deluxe Room,109.31,1,2022-10-24 16:15:25,2022-11-16 08:40:11
RM-HTL0047-138,HTL0047,138,DLX,Deluxe Room,105.51,1,2022-11-11 01:01:39,2025-06-14 14:21:32
RM-HTL0047-139,HTL0047,139,STD,Standard Room,55.39,1,2022-11-16 17:08:11,2025-03-09 11:05:56
RM-HTL0047-140,HTL0047,140,STD,Standard Room,46.75,1,2022-11-17 10:56:13,2024-02-07 10:26:12
RM-HTL0047-141,HTL0047,141,SUT,Suite Room,246.05,1,2022-11-19 19:04:22,2022-11-19 19:04:22
RM-HTL0047-142,HTL0047,142,STD,Standard Room,58.8,1,2022-10-31 09:53:44,2024-08-05 21:40:39
RM-HTL0047-143,HTL0047,143,SUT,Suite Room,248.5,1,2022-11-18 03:56:51,2026-02-10 19:29:33
RM-HTL0047-144,HTL0047,144,DLX,Deluxe Room,117.39,1,2022-11-02 09:45:15,2026-03-31 11:08:39
RM-HTL0047-145,HTL0047,145,DLX,Deluxe Room,105.81,1,2022-11-19 16:41:28,2022-11-19 16:41:28
RM-HTL0047-146,HTL0047,146,DLX,Deluxe Room,120.06,1,2022-11-14 21:30:50,2022-11-14 21:30:50
RM-HTL0047-147,HTL0047,147,STD,Standard Room,60.04,1,2022-10-31 03:35:21,2025-09-26 15:52:25
RM-HTL0047-148,HTL0047,148,STD,Standard Room,49.74,1,2022-11-16 15:13:21,2024-12-02 01:43:28
RM-HTL0047-149,HTL0047,149,DLX,Deluxe Room,121.28,1,2022-11-06 09:13:44,2024-02-22 15:43:34
RM-HTL0047-150,HTL0047,150,EXE,Executive Suite,395.51,1,2022-10-29 06:10:06,2025-05-01 15:55:50
RM-HTL0047-151,HTL0047,151,SUT,Suite Room,246.67,1,2022-10-28 07:50:03,2023-01-26 23:02:37
RM-HTL0047-152,HTL0047,152,DLX,Deluxe Room,123.61,1,2022-10-26 21:34:22,2022-10-26 21:34:22
RM-HTL0047-153,HTL0047,153,DLX,Deluxe Room,106.63,1,2022-11-12 11:48:07,2023-08-26 01:17:13
RM-HTL0047-154,HTL0047,154,SUT,Suite Room,264.34,1,2022-10-31 23:39:20,2022-10-31 23:39:20
RM-HTL0047-155,HTL0047,155,STD,Standard Room,54.56,1,2022-10-31 06:42:59,2022-10-31 06:42:59
RM-HTL0047-156,HTL0047,156,STD,Standard Room,48.76,1,2022-11-06 11:13:03,2023-09-15 20:25:30
RM-HTL0047-157,HTL0047,157,SUP,Superior Room,86.85,1,2022-11-07 10:21:30,2023-08-12 02:21:24
RM-HTL0047-158,HTL0047,158,STD,Standard Room,61.35,1,2022-11-01 04:09:15,2022-11-01 04:09:15
RM-HTL0047-159,HTL0047,159,STD,Standard Room,47.64,1,2022-10-27 07:29:31,2024-09-03 01:38:29
RM-HTL0047-160,HTL0047,160,STD,Standard Room,64.59,0,2022-10-22 06:05:14,2026-05-20 18:38:06
RM-HTL0047-161,HTL0047,161,DLX,Deluxe Room,116.51,1,2022-11-08 03:04:36,2026-03-13 14:28:02
RM-HTL0047-162,HTL0047,162,EXE,Executive Suite,413.64,1,2022-10-26 22:41:12,2023-11-23 16:35:27
RM-HTL0047-163,HTL0047,163,EXE,Executive Suite,400.26,1,2022-10-27 12:26:12,2024-04-29 21:51:44
RM-HTL0047-164,HTL0047,164,STD,Standard Room,48.59,1,2022-11-13 08:40:18,2022-11-13 08:40:18
RM-HTL0047-165,HTL0047,165,EXE,Executive Suite,409.19,1,2022-11-17 07:45:54,2023-06-16 14:05:13
RM-HTL0047-166,HTL0047,166,SUT,Suite Room,252.45,1,2022-11-17 21:33:49,2023-05-07 10:15:27
RM-HTL0047-167,HTL0047,167,STD,Standard Room,48.82,1,2022-11-18 19:54:16,2024-02-11 17:24:57
RM-HTL0047-168,HTL0047,168,DLX,Deluxe Room,120.85,1,2022-10-29 17:16:42,2024-03-28 14:46:22
RM-HTL0047-169,HTL0047,169,EXE,Executive Suite,405.77,1,2022-10-26 05:37:19,2024-09-26 22:36:41
RM-HTL0047-170,HTL0047,170,SUP,Superior Room,86.65,1,2022-10-24 10:51:33,2023-10-19 04:50:37
RM-HTL0047-171,HTL0047,171,SUT,Suite Room,263.05,1,2022-10-21 11:29:14,2023-10-08 20:26:33
RM-HTL0047-172,HTL0047,172,STD,Standard Room,61.45,1,2022-11-18 04:17:03,2024-09-05 07:23:30
RM-HTL0047-173,HTL0047,173,SUT,Suite Room,251.11,1,2022-10-27 19:18:44,2025-07-24 07:09:06
RM-HTL0047-174,HTL0047,174,SUT,Suite Room,257.61,1,2022-11-10 16:35:51,2023-05-19 10:13:39
RM-HTL0047-175,HTL0047,175,STD,Standard Room,51.74,1,2022-10-30 09:39:42,2022-10-30 09:39:42
RM-HTL0047-176,HTL0047,176,DLX,Deluxe Room,111.77,1,2022-10-31 16:03:24,2024-01-16 19:32:03
RM-HTL0047-177,HTL0047,177,DLX,Deluxe Room,122.54,1,2022-11-10 11:16:35,2022-11-10 11:16:35
RM-HTL0047-178,HTL0047,178,DLX,Deluxe Room,122.36,1,2022-11-06 09:32:12,2024-05-17 14:22:21
RM-HTL0047-179,HTL0047,179,SUP,Superior Room,128.81,1,2022-10-31 01:22:36,2024-05-03 04:25:20
RM-HTL0047-180,HTL0047,180,SUT,Suite Room,249.01,1,2022-10-24 11:29:17,2022-10-24 11:29:17
RM-HTL0048-101,HTL0048,101,SUP,Superior Room,70.97,1,2019-06-27 16:10:23,2019-06-27 16:10:23
RM-HTL0048-102,HTL0048,102,SUT,Suite Room,256.0,1,2019-06-29 05:12:38,2025-07-26 05:52:09
RM-HTL0048-103,HTL0048,103,DLX,Deluxe Room,109.78,1,2019-07-09 05:57:00,2022-03-05 15:27:34
RM-HTL0048-104,HTL0048,104,STD,Standard Room,46.79,1,2019-07-24 10:11:46,2020-01-19 22:24:00
RM-HTL0048-105,HTL0048,105,DLX,Deluxe Room,121.84,1,2019-07-05 11:36:40,2024-08-12 16:17:52
RM-HTL0048-106,HTL0048,106,SUT,Suite Room,253.2,1,2019-07-02 13:02:52,2020-05-15 11:21:42
RM-HTL0048-107,HTL0048,107,SUT,Suite Room,260.94,1,2019-06-30 12:30:56,2019-06-30 12:30:56
RM-HTL0048-108,HTL0048,108,DLX,Deluxe Room,107.59,1,2019-07-27 04:18:53,2019-07-27 04:18:53
RM-HTL0048-109,HTL0048,109,SUT,Suite Room,247.6,1,2019-06-29 21:59:24,2022-03-30 04:47:27
RM-HTL0048-110,HTL0048,110,STD,Standard Room,50.11,1,2019-07-27 03:15:20,2020-10-03 23:08:13
RM-HTL0048-111,HTL0048,111,SUT,Suite Room,256.61,1,2019-07-02 16:10:36,2019-07-02 16:10:36
RM-HTL0048-112,HTL0048,112,STD,Standard Room,51.11,1,2019-07-17 06:43:38,2021-10-23 22:50:40
RM-HTL0048-113,HTL0048,113,DLX,Deluxe Room,114.74,1,2019-07-03 11:01:48,2025-09-21 21:14:34
RM-HTL0048-114,HTL0048,114,SUT,Suite Room,252.82,1,2019-07-24 10:55:10,2020-06-05 11:00:19
RM-HTL0048-115,HTL0048,115,EXE,Executive Suite,401.72,1,2019-07-08 16:30:18,2021-09-18 11:39:51
RM-HTL0048-116,HTL0048,116,DLX,Deluxe Room,158.07,1,2019-07-19 16:39:02,2022-03-30 06:46:43
RM-HTL0048-117,HTL0048,117,SUP,Superior Room,79.82,1,2019-07-03 16:06:18,2019-07-03 16:06:18
RM-HTL0048-118,HTL0048,118,SUP,Superior Room,78.24,1,2019-07-04 09:17:31,2022-06-02 03:30:40
RM-HTL0048-119,HTL0048,119,EXE,Executive Suite,396.74,1,2019-07-25 07:27:30,2019-07-25 07:27:30
RM-HTL0048-120,HTL0048,120,STD,Standard Room,53.94,1,2019-07-15 04:21:20,2019-08-28 04:07:19
RM-HTL0048-121,HTL0048,121,SUP,Superior Room,84.57,1,2019-07-06 17:17:12,2019-07-06 17:17:12
RM-HTL0048-122,HTL0048,122,SUT,Suite Room,254.75,1,2019-07-09 19:52:28,2025-02-27 18:13:53
RM-HTL0048-123,HTL0048,123,SUP,Superior Room,71.02,1,2019-07-02 15:20:17,2019-07-02 15:20:17
RM-HTL0048-124,HTL0048,124,DLX,Deluxe Room,121.95,1,2019-07-20 22:47:00,2020-01-10 19:48:28
RM-HTL0048-125,HTL0048,125,EXE,Executive Suite,395.97,1,2019-07-03 03:55:03,2021-09-30 00:33:11
RM-HTL0048-126,HTL0048,126,SUT,Suite Room,258.6,1,2019-07-27 23:11:56,2024-09-08 23:03:54
RM-HTL0048-127,HTL0048,127,DLX,Deluxe Room,119.72,1,2019-07-05 00:48:39,2019-07-05 00:48:39
RM-HTL0048-128,HTL0048,128,STD,Standard Room,53.73,1,2019-07-12 03:26:36,2024-08-25 11:54:50
RM-HTL0048-129,HTL0048,129,STD,Standard Room,50.35,1,2019-07-24 13:22:41,2023-08-21 13:30:56
RM-HTL0048-130,HTL0048,130,EXE,Executive Suite,406.73,1,2019-07-15 19:21:13,2019-07-15 19:21:13
RM-HTL0048-131,HTL0048,131,DLX,Deluxe Room,117.54,1,2019-07-18 10:43:14,2024-05-30 15:15:07
RM-HTL0048-132,HTL0048,132,EXE,Executive Suite,414.9,1,2019-07-07 16:00:37,2025-08-10 15:03:34
RM-HTL0048-133,HTL0048,133,SUP,Superior Room,82.14,1,2019-07-12 04:13:09,2022-04-17 03:23:51
RM-HTL0048-134,HTL0048,134,STD,Standard Room,56.83,1,2019-07-23 10:56:40,2022-09-19 18:05:58
RM-HTL0048-135,HTL0048,135,EXE,Executive Suite,413.79,1,2019-07-27 14:24:14,2023-09-20 04:12:23
RM-HTL0048-136,HTL0048,136,SUT,Suite Room,262.66,1,2019-07-15 01:08:33,2025-07-06 08:02:23
RM-HTL0048-137,HTL0048,137,SUT,Suite Room,250.08,1,2019-07-04 17:33:39,2023-06-21 01:00:08
RM-HTL0048-138,HTL0048,138,EXE,Executive Suite,396.85,1,2019-07-15 07:34:27,2021-10-13 08:25:41
RM-HTL0048-139,HTL0048,139,SUT,Suite Room,250.84,1,2019-07-20 01:36:33,2022-05-07 09:56:01
RM-HTL0048-140,HTL0048,140,DLX,Deluxe Room,119.16,1,2019-07-23 18:59:00,2024-08-31 16:39:47
RM-HTL0048-141,HTL0048,141,DLX,Deluxe Room,107.81,1,2019-07-17 04:29:55,2024-03-02 02:11:08
RM-HTL0048-142,HTL0048,142,STD,Standard Room,61.82,1,2019-07-15 12:27:56,2022-05-20 19:48:15
RM-HTL0048-143,HTL0048,143,DLX,Deluxe Room,120.84,1,2019-06-28 13:16:15,2019-06-28 13:16:15
RM-HTL0048-144,HTL0048,144,EXE,Executive Suite,404.51,1,2019-07-16 09:42:11,2024-03-12 13:42:30
RM-HTL0048-145,HTL0048,145,SUT,Suite Room,245.49,1,2019-07-26 07:57:26,2019-07-26 07:57:26
RM-HTL0048-146,HTL0048,146,STD,Standard Room,47.55,1,2019-07-02 07:14:31,2022-02-02 18:25:13
RM-HTL0048-147,HTL0048,147,EXE,Executive Suite,398.98,1,2019-07-15 04:03:21,2020-12-01 04:13:21
RM-HTL0048-148,HTL0048,148,SUT,Suite Room,254.8,1,2019-07-09 12:32:31,2021-12-21 22:03:04
RM-HTL0048-149,HTL0048,149,DLX,Deluxe Room,105.79,1,2019-07-08 12:39:43,2023-03-11 04:34:23
RM-HTL0048-150,HTL0048,150,EXE,Executive Suite,399.33,1,2019-07-02 07:37:00,2025-01-03 19:07:51
RM-HTL0048-151,HTL0048,151,SUT,Suite Room,248.51,1,2019-07-27 08:57:22,2019-07-27 08:57:22
RM-HTL0048-152,HTL0048,152,DLX,Deluxe Room,122.78,1,2019-07-11 13:10:17,2021-07-27 05:07:59
RM-HTL0048-153,HTL0048,153,SUP,Superior Room,84.56,1,2019-07-16 15:38:59,2020-12-01 04:55:33
RM-HTL0048-154,HTL0048,154,SUT,Suite Room,256.15,1,2019-07-14 04:27:24,2026-05-27 20:55:25
RM-HTL0048-155,HTL0048,155,SUT,Suite Room,247.21,1,2019-07-07 16:13:39,2020-03-09 00:08:52
RM-HTL0048-156,HTL0048,156,STD,Standard Room,63.56,1,2019-07-07 15:37:22,2019-09-13 09:45:14
RM-HTL0048-157,HTL0048,157,STD,Standard Room,64.57,1,2019-07-15 16:50:09,2020-10-06 05:15:30
RM-HTL0048-158,HTL0048,158,SUT,Suite Room,253.54,1,2019-07-17 03:06:21,2024-12-21 20:11:48
RM-HTL0048-159,HTL0048,159,SUT,Suite Room,260.43,1,2019-07-25 13:07:17,2025-02-03 18:29:29
RM-HTL0048-160,HTL0048,160,SUT,Suite Room,247.4,1,2019-07-22 15:04:45,2021-11-17 10:17:07
RM-HTL0048-161,HTL0048,161,STD,Standard Room,62.98,1,2019-07-16 04:55:35,2019-07-25 10:42:11
RM-HTL0048-162,HTL0048,162,SUP,Superior Room,71.03,1,2019-07-10 17:56:41,2024-12-10 02:15:19
RM-HTL0048-163,HTL0048,163,SUP,Superior Room,76.87,1,2019-07-02 06:10:31,2019-07-02 06:10:31
RM-HTL0048-164,HTL0048,164,DLX,Deluxe Room,111.41,1,2019-06-29 21:11:00,2019-06-29 21:11:00
RM-HTL0048-165,HTL0048,165,STD,Standard Room,52.13,1,2019-07-25 16:49:03,2019-07-25 16:49:03
RM-HTL0048-166,HTL0048,166,STD,Standard Room,53.73,1,2019-07-14 01:21:35,2020-03-13 12:58:07
RM-HTL0048-167,HTL0048,167,SUP,Superior Room,86.16,1,2019-07-08 14:05:12,2022-06-21 18:03:32
RM-HTL0048-168,HTL0048,168,DLX,Deluxe Room,118.96,1,2019-07-03 12:27:31,2021-02-20 13:16:07
RM-HTL0048-169,HTL0048,169,EXE,Executive Suite,409.7,1,2019-07-13 06:56:43,2019-07-13 06:56:43
RM-HTL0048-170,HTL0048,170,STD,Standard Room,46.58,1,2019-07-18 11:26:22,2024-08-16 08:22:13
RM-HTL0048-171,HTL0048,171,EXE,Executive Suite,403.47,1,2019-06-28 01:49:31,2021-07-13 15:29:05
RM-HTL0048-172,HTL0048,172,EXE,Executive Suite,412.31,1,2019-07-05 19:49:06,2025-09-28 02:18:36
RM-HTL0048-173,HTL0048,173,SUT,Suite Room,258.34,1,2019-07-10 06:48:05,2020-07-30 09:34:37
RM-HTL0048-174,HTL0048,174,SUT,Suite Room,272.1,1,2019-06-28 13:21:44,2019-06-28 13:21:44
RM-HTL0048-175,HTL0048,175,SUT,Suite Room,258.06,1,2019-07-25 17:32:01,2019-07-25 17:32:01
RM-HTL0048-176,HTL0048,176,DLX,Deluxe Room,119.35,0,2019-07-09 17:25:02,2023-01-18 13:19:28
RM-HTL0048-177,HTL0048,177,SUT,Suite Room,245.52,1,2019-06-29 00:49:33,2019-06-29 00:49:33
RM-HTL0048-178,HTL0048,178,EXE,Executive Suite,401.81,1,2019-07-08 03:36:24,2024-09-06 06:03:24
RM-HTL0048-179,HTL0048,179,STD,Standard Room,63.83,1,2019-07-09 20:24:41,2019-07-09 20:24:41
RM-HTL0048-180,HTL0048,180,SUT,Suite Room,263.39,1,2019-07-17 12:55:33,2019-12-05 00:05:24
RM-HTL0049-101,HTL0049,101,DLX,Deluxe Room,105.8,1,2020-05-10 19:31:41,2022-07-10 18:07:06
RM-HTL0049-102,HTL0049,102,SUP,Superior Room,89.64,1,2020-04-24 10:57:24,2024-12-24 06:37:04
RM-HTL0049-103,HTL0049,103,SUP,Superior Room,84.39,1,2020-05-06 22:29:35,2026-04-10 08:46:35
RM-HTL0049-104,HTL0049,104,SUT,Suite Room,255.5,1,2020-05-02 09:57:44,2023-10-31 11:18:42
RM-HTL0049-105,HTL0049,105,DLX,Deluxe Room,121.93,1,2020-04-29 12:04:33,2022-11-06 02:51:45
RM-HTL0049-106,HTL0049,106,EXE,Executive Suite,412.66,1,2020-05-12 11:44:47,2020-05-12 11:44:47
RM-HTL0049-107,HTL0049,107,SUP,Superior Room,78.84,1,2020-05-04 09:06:57,2023-01-07 13:14:02
RM-HTL0049-108,HTL0049,108,STD,Standard Room,61.72,1,2020-05-05 08:43:23,2020-05-05 08:43:23
RM-HTL0049-109,HTL0049,109,STD,Standard Room,61.88,1,2020-05-13 04:43:21,2021-01-20 00:40:20
RM-HTL0049-110,HTL0049,110,SUP,Superior Room,85.28,1,2020-04-30 10:59:03,2020-04-30 10:59:03
RM-HTL0049-111,HTL0049,111,STD,Standard Room,55.28,1,2020-04-28 09:24:07,2021-10-05 02:32:13
RM-HTL0049-112,HTL0049,112,DLX,Deluxe Room,123.05,1,2020-04-30 21:07:03,2021-04-03 04:33:27
RM-HTL0049-113,HTL0049,113,SUP,Superior Room,86.69,1,2020-04-26 08:33:38,2023-07-26 16:43:20
RM-HTL0049-114,HTL0049,114,DLX,Deluxe Room,110.89,1,2020-05-05 10:03:31,2023-02-05 14:57:01
RM-HTL0049-115,HTL0049,115,STD,Standard Room,58.03,1,2020-05-14 10:05:39,2025-07-31 00:06:41
RM-HTL0049-116,HTL0049,116,EXE,Executive Suite,401.59,1,2020-05-18 08:15:39,2021-03-04 08:18:56
RM-HTL0049-117,HTL0049,117,EXE,Executive Suite,406.04,1,2020-04-22 16:26:38,2021-01-06 07:04:34
RM-HTL0049-118,HTL0049,118,DLX,Deluxe Room,115.64,1,2020-04-25 20:40:53,2021-11-26 06:20:40
RM-HTL0049-119,HTL0049,119,EXE,Executive Suite,431.27,1,2020-05-13 03:41:26,2026-01-27 17:42:58
RM-HTL0049-120,HTL0049,120,EXE,Executive Suite,414.19,1,2020-05-01 18:59:05,2023-07-10 17:08:02
RM-HTL0049-121,HTL0049,121,DLX,Deluxe Room,108.02,1,2020-05-11 18:48:37,2025-04-04 10:44:54
RM-HTL0049-122,HTL0049,122,DLX,Deluxe Room,109.41,1,2020-05-08 19:55:04,2022-06-01 04:42:16
RM-HTL0049-123,HTL0049,123,SUP,Superior Room,74.08,1,2020-05-19 19:10:51,2026-04-18 04:01:24
RM-HTL0049-124,HTL0049,124,DLX,Deluxe Room,119.26,1,2020-04-20 23:27:54,2025-01-07 10:29:10
RM-HTL0049-125,HTL0049,125,EXE,Executive Suite,403.71,1,2020-04-24 11:49:01,2022-06-15 10:55:00
RM-HTL0049-126,HTL0049,126,STD,Standard Room,57.12,1,2020-05-19 10:05:42,2022-06-11 17:21:33
RM-HTL0049-127,HTL0049,127,SUP,Superior Room,73.89,1,2020-04-19 00:39:43,2025-07-13 16:34:15
RM-HTL0049-128,HTL0049,128,EXE,Executive Suite,405.17,1,2020-05-13 08:17:39,2023-05-02 13:04:57
RM-HTL0049-129,HTL0049,129,SUT,Suite Room,249.71,1,2020-05-11 09:38:04,2023-11-04 14:29:48
RM-HTL0049-130,HTL0049,130,SUP,Superior Room,78.84,1,2020-05-01 11:13:08,2021-11-19 23:19:57
RM-HTL0049-131,HTL0049,131,STD,Standard Room,50.43,1,2020-04-25 05:05:59,2020-04-25 05:05:59
RM-HTL0049-132,HTL0049,132,SUP,Superior Room,75.93,1,2020-05-04 23:55:58,2024-04-13 09:42:03
RM-HTL0049-133,HTL0049,133,STD,Standard Room,50.41,1,2020-04-27 18:19:00,2023-12-09 02:11:40
RM-HTL0049-134,HTL0049,134,SUP,Superior Room,70.08,1,2020-05-06 22:30:23,2020-05-06 22:30:23
RM-HTL0049-135,HTL0049,135,EXE,Executive Suite,395.06,1,2020-05-07 14:13:49,2024-06-02 21:28:11
RM-HTL0049-136,HTL0049,136,DLX,Deluxe Room,114.31,1,2020-05-14 15:50:01,2022-10-14 09:24:23
RM-HTL0049-137,HTL0049,137,DLX,Deluxe Room,105.78,1,2020-05-11 20:57:46,2020-05-11 20:57:46
RM-HTL0049-138,HTL0049,138,DLX,Deluxe Room,115.09,1,2020-05-12 03:36:08,2023-12-03 07:05:30
RM-HTL0049-139,HTL0049,139,DLX,Deluxe Room,108.55,1,2020-04-27 18:59:25,2020-04-27 18:59:25
RM-HTL0049-140,HTL0049,140,STD,Standard Room,46.84,1,2020-04-28 15:52:56,2022-03-27 14:28:38
RM-HTL0049-141,HTL0049,141,DLX,Deluxe Room,124.51,1,2020-04-29 03:24:00,2021-05-09 22:23:33
RM-HTL0049-142,HTL0049,142,SUP,Superior Room,72.1,1,2020-05-07 01:52:16,2023-10-03 10:24:09
RM-HTL0049-143,HTL0049,143,EXE,Executive Suite,397.25,1,2020-05-12 12:42:37,2023-02-04 15:31:34
RM-HTL0049-144,HTL0049,144,SUT,Suite Room,245.23,1,2020-05-17 17:28:11,2020-10-14 00:31:24
RM-HTL0049-145,HTL0049,145,STD,Standard Room,47.24,1,2020-04-26 04:22:50,2023-10-01 03:20:05
RM-HTL0049-146,HTL0049,146,STD,Standard Room,61.36,1,2020-05-10 16:08:34,2025-12-31 17:25:47
RM-HTL0049-147,HTL0049,147,STD,Standard Room,50.61,1,2020-04-29 20:55:54,2021-12-04 19:42:14
RM-HTL0049-148,HTL0049,148,EXE,Executive Suite,411.27,1,2020-05-01 07:12:15,2023-07-20 17:25:27
RM-HTL0049-149,HTL0049,149,EXE,Executive Suite,403.75,1,2020-04-28 02:38:50,2022-07-26 19:58:21
RM-HTL0049-150,HTL0049,150,DLX,Deluxe Room,120.23,1,2020-04-30 15:44:39,2025-05-29 19:08:59
RM-HTL0050-101,HTL0050,101,STD,Standard Room,54.52,1,2022-07-21 12:58:55,2023-11-10 02:38:32
RM-HTL0050-102,HTL0050,102,SUP,Superior Room,88.03,1,2022-07-30 21:24:29,2022-07-30 21:24:29
RM-HTL0050-103,HTL0050,103,SUT,Suite Room,251.79,1,2022-07-14 13:17:29,2026-03-07 06:14:00
RM-HTL0050-104,HTL0050,104,STD,Standard Room,55.29,1,2022-07-11 13:58:16,2022-07-11 13:58:16
RM-HTL0050-105,HTL0050,105,SUT,Suite Room,258.29,1,2022-07-26 03:20:22,2025-03-14 09:15:13
RM-HTL0050-106,HTL0050,106,STD,Standard Room,54.66,1,2022-08-03 03:44:45,2025-03-02 14:10:17
RM-HTL0050-107,HTL0050,107,SUT,Suite Room,255.05,1,2022-07-04 22:03:21,2025-03-22 22:37:59
RM-HTL0050-108,HTL0050,108,STD,Standard Room,56.78,1,2022-07-05 16:07:53,2022-11-28 18:13:31
RM-HTL0050-109,HTL0050,109,STD,Standard Room,50.49,1,2022-07-15 10:42:00,2022-07-15 10:42:00
RM-HTL0050-110,HTL0050,110,SUT,Suite Room,247.28,1,2022-07-21 21:47:56,2023-09-14 23:02:01
RM-HTL0050-111,HTL0050,111,SUT,Suite Room,251.18,1,2022-07-06 15:24:36,2026-01-18 22:43:59
RM-HTL0050-112,HTL0050,112,SUT,Suite Room,258.63,1,2022-07-13 05:01:50,2024-07-14 21:48:36
RM-HTL0050-113,HTL0050,113,DLX,Deluxe Room,117.72,1,2022-08-02 12:56:40,2022-08-02 12:56:40
RM-HTL0050-114,HTL0050,114,EXE,Executive Suite,397.87,1,2022-07-07 12:55:14,2022-07-07 12:55:14
RM-HTL0050-115,HTL0050,115,SUP,Superior Room,81.64,1,2022-07-30 04:50:52,2025-06-09 00:16:37
RM-HTL0050-116,HTL0050,116,SUP,Superior Room,86.01,1,2022-07-14 23:53:03,2026-02-28 13:17:17
RM-HTL0050-117,HTL0050,117,STD,Standard Room,50.88,1,2022-07-18 23:58:35,2025-05-17 16:17:42
RM-HTL0050-118,HTL0050,118,EXE,Executive Suite,410.64,1,2022-07-15 18:03:17,2024-08-26 04:47:04
RM-HTL0050-119,HTL0050,119,STD,Standard Room,53.14,1,2022-07-09 00:50:31,2022-07-09 00:50:31
RM-HTL0050-120,HTL0050,120,DLX,Deluxe Room,112.71,1,2022-07-13 12:30:35,2023-01-12 12:13:08
RM-HTL0050-121,HTL0050,121,STD,Standard Room,59.39,1,2022-08-01 03:22:46,2023-06-05 03:31:33
RM-HTL0050-122,HTL0050,122,SUT,Suite Room,262.41,1,2022-07-31 01:24:52,2025-07-24 19:27:07
RM-HTL0050-123,HTL0050,123,SUT,Suite Room,260.2,1,2022-08-03 01:07:05,2022-08-03 01:07:05
RM-HTL0050-124,HTL0050,124,STD,Standard Room,54.94,1,2022-07-19 07:55:01,2025-04-15 20:13:27
RM-HTL0050-125,HTL0050,125,SUT,Suite Room,249.18,1,2022-08-01 15:05:33,2022-08-01 15:05:33
RM-HTL0050-126,HTL0050,126,SUP,Superior Room,76.28,1,2022-07-15 13:45:37,2026-02-14 15:56:10
RM-HTL0050-127,HTL0050,127,DLX,Deluxe Room,124.66,1,2022-07-28 07:26:12,2024-12-14 18:10:20
RM-HTL0050-128,HTL0050,128,SUP,Superior Room,88.23,1,2022-07-05 17:22:23,2022-07-05 17:22:23
RM-HTL0050-129,HTL0050,129,EXE,Executive Suite,413.03,1,2022-07-14 14:24:20,2024-04-24 01:19:04
RM-HTL0050-130,HTL0050,130,EXE,Executive Suite,402.22,1,2022-07-22 21:37:43,2024-09-21 06:57:44
RM-HTL0050-131,HTL0050,131,STD,Standard Room,93.8,1,2022-07-19 11:44:03,2024-05-29 08:40:34
RM-HTL0050-132,HTL0050,132,SUP,Superior Room,87.98,1,2022-08-01 03:29:44,2025-11-30 18:34:35
RM-HTL0050-133,HTL0050,133,SUP,Superior Room,75.87,1,2022-07-14 03:03:02,2022-07-14 03:03:02
RM-HTL0050-134,HTL0050,134,STD,Standard Room,45.49,1,2022-07-19 08:54:47,2025-01-27 02:22:13
RM-HTL0050-135,HTL0050,135,EXE,Executive Suite,407.26,1,2022-07-15 12:20:31,2023-03-03 20:21:08
RM-HTL0050-136,HTL0050,136,SUT,Suite Room,255.1,1,2022-08-03 16:47:26,2022-08-03 16:47:26
RM-HTL0050-137,HTL0050,137,SUT,Suite Room,256.05,1,2022-07-20 21:14:45,2023-09-16 07:03:39
RM-HTL0050-138,HTL0050,138,DLX,Deluxe Room,118.78,1,2022-07-29 05:14:08,2024-06-24 15:07:42
RM-HTL0050-139,HTL0050,139,DLX,Deluxe Room,122.71,1,2022-07-28 00:02:30,2024-09-08 13:09:42
RM-HTL0050-140,HTL0050,140,SUP,Superior Room,76.51,1,2022-07-17 19:55:22,2023-01-09 17:21:51
RM-HTL0050-141,HTL0050,141,SUP,Superior Room,76.74,1,2022-07-12 02:22:16,2022-07-12 02:22:16
RM-HTL0050-142,HTL0050,142,DLX,Deluxe Room,113.28,1,2022-07-31 12:43:56,2022-07-31 12:43:56
RM-HTL0050-143,HTL0050,143,DLX,Deluxe Room,114.78,1,2022-08-03 21:35:27,2022-08-03 21:35:27
RM-HTL0050-144,HTL0050,144,STD,Standard Room,51.15,1,2022-07-05 16:13:10,2025-01-24 14:39:34
RM-HTL0050-145,HTL0050,145,EXE,Executive Suite,411.32,1,2022-07-31 12:53:26,2024-01-02 07:32:04
RM-HTL0050-146,HTL0050,146,STD,Standard Room,46.73,1,2022-07-30 06:52:52,2023-10-21 06:25:42
RM-HTL0050-147,HTL0050,147,DLX,Deluxe Room,107.78,1,2022-07-24 18:50:00,2023-11-14 01:25:57
RM-HTL0050-148,HTL0050,148,SUT,Suite Room,258.77,1,2022-08-01 20:16:45,2024-05-07 01:34:53
RM-HTL0050-149,HTL0050,149,SUT,Suite Room,254.27,1,2022-07-04 18:04:10,2025-08-16 21:10:32
RM-HTL0050-150,HTL0050,150,DLX,Deluxe Room,121.13,1,2022-07-09 21:20:03,2026-05-10 23:27:19
